# Blender 5.1.2
# www.blender.org
mtllib cookie and milk 1.mtl
o Milk_&_Cookies
v 0.410998 -0.236601 -0.064526
v 0.414323 -0.267374 -0.037687
v 0.437997 -0.268792 -0.090863
v 0.449256 -0.315380 -0.459009
v 0.461678 -0.316975 -0.409887
v 0.460504 -0.327617 -0.444342
v 0.510833 -0.281235 -0.114110
v 0.527463 -0.281676 -0.158384
v 0.523968 -0.271793 -0.126771
v 0.560465 -0.312664 -0.375211
v 0.553085 -0.305753 -0.332883
v 0.563454 -0.324854 -0.356086
v 0.260543 -0.300665 -0.479631
v 0.276782 -0.309487 -0.459711
v 0.258631 -0.311906 -0.486458
v 0.346638 -0.323905 -0.546563
v 0.340019 -0.317355 -0.506315
v 0.349292 -0.336324 -0.528241
v 0.229888 -0.251582 -0.121008
v 0.247405 -0.249386 -0.164710
v 0.252571 -0.265792 -0.150861
v 0.248671 -0.264678 -0.184815
v 0.143937 -0.241467 -0.048067
v 0.135654 -0.249374 -0.091024
v 0.146841 -0.265674 -0.073570
v 0.349292 -0.336324 -0.528241
v 0.319676 -0.331037 -0.565101
v 0.346638 -0.323905 -0.546563
v 0.110701 -0.270487 -0.271661
v 0.128301 -0.271379 -0.224514
v 0.123051 -0.285050 -0.257703
v 0.263397 -0.278485 -0.074474
v 0.291489 -0.286084 -0.015537
v 0.300700 -0.254091 -0.050518
v 0.298219 -0.254637 -0.004944
v 0.146841 -0.265674 -0.073570
v 0.123578 -0.271066 -0.035749
v 0.143937 -0.241467 -0.048067
v 0.433573 -0.300677 -0.419496
v 0.449256 -0.315380 -0.459009
v 0.409401 -0.307391 -0.445451
v 0.461678 -0.316975 -0.409887
v 0.239721 -0.286613 -0.376732
v 0.195423 -0.280285 -0.321397
v 0.246619 -0.256870 -0.315494
v 0.225668 -0.265452 -0.260303
v 0.289302 -0.266879 -0.342712
v 0.275932 -0.257267 -0.267877
v 0.295150 -0.275417 -0.310828
v 0.530852 -0.319721 -0.394711
v 0.505401 -0.308241 -0.364142
v 0.536135 -0.295722 -0.361102
v 0.523562 -0.304116 -0.329109
v 0.560465 -0.312664 -0.375211
v 0.553085 -0.305753 -0.332883
v 0.527463 -0.281676 -0.158384
v 0.489898 -0.275952 -0.164781
v 0.499856 -0.261495 -0.140684
v 0.468850 -0.270048 -0.134383
v 0.523968 -0.271793 -0.126771
v 0.485272 -0.267222 -0.113047
v 0.226103 -0.293231 -0.462726
v 0.264656 -0.296135 -0.433526
v 0.260543 -0.300665 -0.479631
v 0.276782 -0.309487 -0.459711
v 0.210016 -0.297746 -0.433020
v 0.247468 -0.302110 -0.423282
v 0.216943 -0.307716 -0.476118
v 0.319676 -0.331037 -0.565101
v 0.296661 -0.319904 -0.536109
v 0.324661 -0.307123 -0.533292
v 0.313216 -0.315930 -0.502763
v 0.346638 -0.323905 -0.546563
v 0.340019 -0.317355 -0.506315
v 0.208999 -0.242752 -0.161832
v 0.229888 -0.251582 -0.121008
v 0.247405 -0.249386 -0.164710
v 0.180881 -0.255680 -0.153273
v 0.206776 -0.261762 -0.195077
v 0.248671 -0.264678 -0.184815
v 0.100967 -0.266718 -0.097519
v 0.087285 -0.256960 -0.058720
v 0.116321 -0.231709 -0.068532
v 0.135654 -0.249374 -0.091024
v 0.117258 -0.246568 -0.032775
v 0.143937 -0.241467 -0.048067
v 0.135654 -0.249374 -0.091024
v 0.198879 -0.257734 -0.035428
v 0.240146 -0.250437 0.012376
v 0.257598 -0.227430 -0.031633
v 0.298219 -0.254637 -0.004944
v 0.238406 -0.250361 -0.073867
v 0.300700 -0.254091 -0.050518
v 0.411853 -0.266539 -0.271980
v 0.423889 -0.284210 -0.317847
v 0.381095 -0.282179 -0.295998
v 0.445396 -0.273766 -0.266776
v 0.439201 -0.290101 -0.304123
v 0.392000 -0.301355 -0.316230
v 0.400158 -0.282324 -0.254958
v 0.099990 -0.251669 -0.231859
v 0.110701 -0.270487 -0.271661
v 0.073094 -0.260230 -0.254352
v 0.128301 -0.271379 -0.224514
v 0.410998 -0.236601 -0.064526
v 0.370870 -0.253906 -0.110642
v 0.361537 -0.238946 -0.053032
v 0.437997 -0.268792 -0.090863
v 0.123578 -0.271066 -0.035749
v 0.117258 -0.246568 -0.032775
v 0.087285 -0.256960 -0.058720
v 0.291489 -0.286084 -0.015537
v 0.298219 -0.254637 -0.004944
v 0.240146 -0.250437 0.012376
v 0.236305 -0.290625 -0.011655
v 0.410998 -0.236601 -0.064526
v 0.414323 -0.267374 -0.037687
v 0.361537 -0.238946 -0.053032
v 0.358716 -0.263940 -0.038206
v 0.529002 -0.322570 -0.330672
v 0.553085 -0.305753 -0.332883
v 0.523562 -0.304116 -0.329109
v 0.523968 -0.271793 -0.126771
v 0.485272 -0.267222 -0.113047
v 0.510833 -0.281235 -0.114110
v 0.229888 -0.251582 -0.121008
v 0.180881 -0.255680 -0.153273
v 0.209737 -0.262899 -0.129989
v 0.349292 -0.336324 -0.528241
v 0.318035 -0.334465 -0.504089
v 0.340019 -0.317355 -0.506315
v 0.313216 -0.315930 -0.502763
v 0.099990 -0.251669 -0.231859
v 0.088165 -0.272975 -0.215645
v 0.128301 -0.271379 -0.224514
v 0.411853 -0.266539 -0.271980
v 0.400158 -0.282324 -0.254958
v 0.445396 -0.273766 -0.266776
v 0.236305 -0.281934 -0.265293
v 0.275932 -0.257267 -0.267877
v 0.225668 -0.265452 -0.260303
v 0.123578 -0.271066 -0.035749
v 0.143937 -0.241467 -0.048067
v 0.117258 -0.246568 -0.032775
v 0.433573 -0.300677 -0.419496
v 0.420579 -0.318602 -0.405629
v 0.461678 -0.316975 -0.409887
v 0.123578 -0.271066 -0.035749
v 0.087285 -0.256960 -0.058720
v 0.102942 -0.286322 -0.063741
v 0.236305 -0.290625 -0.011655
v 0.240146 -0.250437 0.012376
v 0.198879 -0.257734 -0.035428
v 0.073094 -0.260230 -0.254352
v 0.065162 -0.278418 -0.247166
v 0.088165 -0.272975 -0.215645
v 0.099990 -0.251669 -0.231859
v 0.102942 -0.286322 -0.063741
v 0.087285 -0.256960 -0.058720
v 0.100967 -0.266718 -0.097519
v 0.409401 -0.307391 -0.445451
v 0.420707 -0.327823 -0.461950
v 0.401208 -0.322556 -0.440028
v 0.474401 -0.284222 -0.129039
v 0.485272 -0.267222 -0.113047
v 0.468850 -0.270048 -0.134383
v 0.226103 -0.293231 -0.462726
v 0.210016 -0.297746 -0.433020
v 0.216943 -0.307716 -0.476118
v 0.100967 -0.266718 -0.097519
v 0.087285 -0.256960 -0.058720
v 0.116321 -0.231709 -0.068532
v 0.309462 -0.343479 -0.536103
v 0.296661 -0.319904 -0.536109
v 0.319676 -0.331037 -0.565101
v 0.318035 -0.334465 -0.504089
v 0.313216 -0.315930 -0.502763
v 0.381095 -0.282179 -0.295998
v 0.392000 -0.301355 -0.316230
v 0.373362 -0.296207 -0.288933
v 0.400158 -0.282324 -0.254958
v 0.373362 -0.296207 -0.288933
v 0.073094 -0.260230 -0.254352
v 0.081844 -0.285429 -0.270626
v 0.065162 -0.278418 -0.247166
v 0.370870 -0.253906 -0.110642
v 0.361537 -0.238946 -0.053032
v 0.344611 -0.270128 -0.077133
v 0.358716 -0.263940 -0.038206
v 0.489898 -0.275952 -0.164781
v 0.474401 -0.284222 -0.129039
v 0.468850 -0.270048 -0.134383
v 0.433573 -0.300677 -0.419496
v 0.420579 -0.318602 -0.405629
v 0.409401 -0.307391 -0.445451
v 0.401208 -0.322556 -0.440028
v 0.519663 -0.331746 -0.364359
v 0.505401 -0.308241 -0.364142
v 0.530852 -0.319721 -0.394711
v 0.529002 -0.322570 -0.330672
v 0.523562 -0.304116 -0.329109
v 0.519663 -0.331746 -0.364359
v 0.563454 -0.324854 -0.356086
v 0.529002 -0.322570 -0.330672
v 0.530852 -0.319721 -0.394711
v 0.553085 -0.305753 -0.332883
v 0.498784 -0.292974 -0.151425
v 0.510833 -0.281235 -0.114110
v 0.474401 -0.284222 -0.129039
v 0.527463 -0.281676 -0.158384
v 0.485272 -0.267222 -0.113047
v 0.461678 -0.316975 -0.409887
v 0.420579 -0.318602 -0.405629
v 0.432177 -0.336075 -0.430975
v 0.401208 -0.322556 -0.440028
v 0.460504 -0.327617 -0.444342
v 0.420707 -0.327823 -0.461950
v 0.445396 -0.273766 -0.266776
v 0.400158 -0.282324 -0.254958
v 0.409913 -0.300515 -0.284787
v 0.373362 -0.296207 -0.288933
v 0.439201 -0.290101 -0.304123
v 0.392000 -0.301355 -0.316230
v 0.309462 -0.343479 -0.536103
v 0.349292 -0.336324 -0.528241
v 0.318035 -0.334465 -0.504089
v 0.319676 -0.331037 -0.565101
v 0.180881 -0.255680 -0.153273
v 0.206776 -0.261762 -0.195077
v 0.218988 -0.274699 -0.171720
v 0.248671 -0.264678 -0.184815
v 0.209737 -0.262899 -0.129989
v 0.252571 -0.265792 -0.150861
v 0.229888 -0.251582 -0.121008
v 0.128301 -0.271379 -0.224514
v 0.088165 -0.272975 -0.215645
v 0.096318 -0.294794 -0.240856
v 0.065162 -0.278418 -0.247166
v 0.123051 -0.285050 -0.257703
v 0.081844 -0.285429 -0.270626
v 0.437997 -0.268792 -0.090863
v 0.414323 -0.267374 -0.037687
v 0.387701 -0.291815 -0.068608
v 0.358716 -0.263940 -0.038206
v 0.393277 -0.278508 -0.113136
v 0.344611 -0.270128 -0.077133
v 0.210016 -0.297746 -0.433020
v 0.216943 -0.307716 -0.476118
v 0.242063 -0.314102 -0.454211
v 0.258631 -0.311906 -0.486458
v 0.247468 -0.302110 -0.423282
v 0.276782 -0.309487 -0.459711
v 0.264656 -0.296135 -0.433526
v 0.221404 -0.298499 -0.324859
v 0.295150 -0.275417 -0.310828
v 0.236305 -0.281934 -0.265293
v 0.239721 -0.286613 -0.376732
v 0.289302 -0.266879 -0.342712
v 0.275932 -0.257267 -0.267877
v 0.195423 -0.280285 -0.321397
v 0.225668 -0.265452 -0.260303
v 0.239721 -0.286613 -0.376732
v 0.236305 -0.290625 -0.011655
v 0.263397 -0.278485 -0.074474
v 0.291489 -0.286084 -0.015537
v 0.198879 -0.257734 -0.035428
v 0.102942 -0.286322 -0.063741
v 0.146841 -0.265674 -0.073570
v 0.123578 -0.271066 -0.035749
v 0.100967 -0.266718 -0.097519
v 0.498784 -0.292974 -0.151425
v 0.489898 -0.275952 -0.164781
v 0.474401 -0.284222 -0.129039
v 0.563454 -0.324854 -0.356086
v 0.530852 -0.319721 -0.394711
v 0.560465 -0.312664 -0.375211
v 0.449256 -0.315380 -0.459009
v 0.409401 -0.307391 -0.445451
v 0.420707 -0.327823 -0.461950
v 0.460504 -0.327617 -0.444342
v 0.420707 -0.327823 -0.461950
v 0.449256 -0.315380 -0.459009
v 0.260543 -0.300665 -0.479631
v 0.216943 -0.307716 -0.476118
v 0.258631 -0.311906 -0.486458
v 0.439201 -0.290101 -0.304123
v 0.392000 -0.301355 -0.316230
v 0.423889 -0.284210 -0.317847
v 0.238406 -0.250361 -0.073867
v 0.300700 -0.254091 -0.050518
v 0.263397 -0.278485 -0.074474
v 0.123051 -0.285050 -0.257703
v 0.081844 -0.285429 -0.270626
v 0.110701 -0.270487 -0.271661
v 0.393277 -0.278508 -0.113136
v 0.344611 -0.270128 -0.077133
v 0.370870 -0.253906 -0.110642
v 0.110701 -0.270487 -0.271661
v 0.073094 -0.260230 -0.254352
v 0.081844 -0.285429 -0.270626
v 0.370870 -0.253906 -0.110642
v 0.437997 -0.268792 -0.090863
v 0.393277 -0.278508 -0.113136
v 0.263397 -0.278485 -0.074474
v 0.198879 -0.257734 -0.035428
v 0.238406 -0.250361 -0.073867
v 0.146841 -0.265674 -0.073570
v 0.100967 -0.266718 -0.097519
v 0.135654 -0.249374 -0.091024
v 0.498784 -0.292974 -0.151425
v 0.489898 -0.275952 -0.164781
v 0.527463 -0.281676 -0.158384
v 0.549784 -0.278280 -0.049117
v 0.560384 -0.295590 -0.035602
v 0.563349 -0.313470 -0.029090
v 0.654971 -0.355765 -0.271655
v 0.563396 -0.346748 -0.498319
v 0.573014 -0.367354 -0.507123
v 0.575637 -0.386389 -0.508428
v 0.650947 -0.337223 -0.274217
v 0.636884 -0.317995 -0.276440
v 0.303302 -0.342979 -0.582443
v 0.503647 -0.334473 -0.440166
v 0.563396 -0.346748 -0.498319
v 0.636884 -0.317995 -0.276440
v 0.312637 -0.295680 -0.427660
v 0.078027 -0.313613 -0.481871
v 0.437350 -0.321752 -0.381790
v 0.315417 -0.272022 -0.269095
v 0.545445 -0.284960 -0.277299
v 0.491290 -0.275158 -0.104346
v 0.549784 -0.278280 -0.049117
v 0.327810 -0.249235 0.050703
v 0.432797 -0.272037 -0.159575
v 0.321756 -0.258098 -0.110089
v 0.097449 -0.248364 -0.040189
v 0.155038 -0.269422 -0.263265
v -0.005773 -0.274219 -0.255301
v 0.327810 -0.249235 0.050703
v 0.097449 -0.248364 -0.040189
v 0.327361 -0.265073 0.069358
v 0.549784 -0.278280 -0.049117
v 0.085533 -0.264136 -0.025912
v 0.560384 -0.295590 -0.035602
v 0.326458 -0.282434 0.077699
v 0.080613 -0.281478 -0.019132
v 0.563349 -0.313470 -0.029090
v 0.097449 -0.248364 -0.040189
v 0.085533 -0.264136 -0.025912
v 0.080613 -0.281478 -0.019132
v -0.029559 -0.309098 -0.248884
v -0.022837 -0.291301 -0.251887
v -0.005773 -0.274219 -0.255301
v 0.078027 -0.313613 -0.481871
v 0.065130 -0.332682 -0.489912
v 0.059865 -0.351179 -0.490949
v 0.059865 -0.351179 -0.490949
v 0.080613 -0.281478 -0.019132
v -0.029559 -0.309098 -0.248884
v 0.298954 -0.382429 -0.598238
v 0.563349 -0.313470 -0.029090
v 0.326458 -0.282434 0.077699
v 0.654971 -0.355765 -0.271655
v 0.575637 -0.386389 -0.508428
v 0.078027 -0.313613 -0.481871
v 0.065130 -0.332682 -0.489912
v 0.059865 -0.351179 -0.490949
v 0.298954 -0.382429 -0.598238
v 0.300749 -0.363451 -0.595463
v 0.303302 -0.342979 -0.582443
v 0.563396 -0.346748 -0.498319
v 0.573014 -0.367354 -0.507123
v 0.575637 -0.386389 -0.508428
v -0.052710 -0.323651 0.092668
v -0.059879 -0.341650 0.077860
v -0.063157 -0.359903 0.072667
v -0.238609 -0.348733 0.231101
v -0.217491 -0.313299 0.483066
v -0.233439 -0.330747 0.489057
v -0.239791 -0.348807 0.491149
v -0.232426 -0.330664 0.233619
v -0.216814 -0.313202 0.240427
v -0.049208 -0.324201 0.656331
v -0.143390 -0.318288 0.452946
v -0.217491 -0.313299 0.483066
v -0.216814 -0.313202 0.240427
v 0.013742 -0.303835 0.508328
v 0.163541 -0.337851 0.644544
v -0.128123 -0.291831 0.279159
v -0.069289 -0.323276 0.422824
v -0.052710 -0.323651 0.092668
v 0.080531 -0.308069 0.362597
v -0.020190 -0.318125 0.162264
v 0.201146 -0.339935 0.073141
v 0.014590 -0.312741 0.226502
v 0.139187 -0.321253 0.222185
v 0.362777 -0.350425 0.272118
v 0.221199 -0.325451 0.426788
v 0.368739 -0.350933 0.489078
v 0.201146 -0.339935 0.073141
v 0.362777 -0.350425 0.272118
v 0.206695 -0.358750 0.057188
v -0.052710 -0.323651 0.092668
v 0.376364 -0.369762 0.266106
v -0.059879 -0.341650 0.077860
v 0.207987 -0.377296 0.051318
v 0.380355 -0.388484 0.263994
v -0.063157 -0.359903 0.072667
v 0.362777 -0.350425 0.272118
v 0.376364 -0.369762 0.266106
v 0.380355 -0.388484 0.263994
v 0.387827 -0.389098 0.496912
v 0.383274 -0.370338 0.494944
v 0.368739 -0.350933 0.489078
v 0.163541 -0.337851 0.644544
v 0.168349 -0.356636 0.659331
v 0.169266 -0.375165 0.664504
v 0.169266 -0.375165 0.664504
v 0.380355 -0.388484 0.263994
v 0.387827 -0.389098 0.496912
v -0.063157 -0.359903 0.072667
v 0.207987 -0.377296 0.051318
v -0.239791 -0.348807 0.491149
v -0.238609 -0.348733 0.231101
v -0.058760 -0.360535 0.676672
v 0.163541 -0.337851 0.644544
v 0.168349 -0.356636 0.659331
v 0.169266 -0.375165 0.664504
v -0.058760 -0.360535 0.676672
v -0.055837 -0.342252 0.671349
v -0.049208 -0.324201 0.656331
v -0.217491 -0.313299 0.483066
v -0.233439 -0.330747 0.489057
v -0.239791 -0.348807 0.491149
v -0.033227 -0.320787 0.140902
v -0.066166 -0.311498 0.173548
v -0.048404 -0.307772 0.145621
v -0.189355 -0.300008 0.357276
v -0.164310 -0.301522 0.321718
v -0.186498 -0.314897 0.340145
v 0.039067 -0.306126 0.578152
v 0.030996 -0.316269 0.554271
v 0.035958 -0.316151 0.586303
v 0.220992 -0.324375 0.264258
v 0.187973 -0.312503 0.295727
v 0.185971 -0.330331 0.282851
v 0.175890 -0.323790 0.314865
v -0.069437 -0.306818 0.603818
v -0.045983 -0.308230 0.569839
v -0.066647 -0.321832 0.587576
v -0.047406 -0.294978 0.366333
v -0.043889 -0.295227 0.293196
v -0.057482 -0.307275 0.343558
v -0.066647 -0.321832 0.587576
v -0.054115 -0.313797 0.632766
v -0.069437 -0.306818 0.603818
v 0.263153 -0.330908 0.452511
v 0.266360 -0.337886 0.402767
v 0.255098 -0.346090 0.436260
v 0.204952 -0.354754 0.211042
v 0.202322 -0.369081 0.146946
v 0.185718 -0.330607 0.170950
v 0.206333 -0.339385 0.131182
v -0.172035 -0.307064 0.388214
v -0.134743 -0.304235 0.370457
v -0.158748 -0.288836 0.353220
v -0.136040 -0.304129 0.330803
v -0.189355 -0.300008 0.357276
v -0.164310 -0.301522 0.321718
v -0.066166 -0.311498 0.173548
v -0.034074 -0.309305 0.194765
v -0.030576 -0.298180 0.167327
v -0.001813 -0.311365 0.175875
v -0.048404 -0.307772 0.145621
v -0.007347 -0.310350 0.149394
v 0.078127 -0.305948 0.576940
v 0.054917 -0.309244 0.534538
v 0.039067 -0.306126 0.578152
v 0.030996 -0.316269 0.554271
v 0.103763 -0.317474 0.557664
v 0.073377 -0.318935 0.533352
v 0.078252 -0.318871 0.594435
v 0.224747 -0.311137 0.308885
v 0.220992 -0.324375 0.264258
v 0.187973 -0.312503 0.295727
v 0.251041 -0.328645 0.314640
v 0.209779 -0.324186 0.341706
v 0.175890 -0.323790 0.314865
v -0.054115 -0.313797 0.632766
v -0.019707 -0.310738 0.615418
v -0.041307 -0.295372 0.599524
v -0.020277 -0.310680 0.577981
v -0.069437 -0.306818 0.603818
v -0.045983 -0.308230 0.569839
v -0.007705 -0.280879 0.315907
v -0.047406 -0.294978 0.366333
v 0.014935 -0.291968 0.364328
v -0.043889 -0.295227 0.293196
v -0.008954 -0.313368 0.386279
v 0.015805 -0.303264 0.306672
v 0.282364 -0.349038 0.201421
v 0.266135 -0.345282 0.140069
v 0.236848 -0.313024 0.169607
v 0.206333 -0.339385 0.131182
v 0.232714 -0.330378 0.218183
v 0.185718 -0.330607 0.170950
v 0.292331 -0.320745 0.419367
v 0.263153 -0.330908 0.452511
v 0.305728 -0.328423 0.451990
v 0.266360 -0.337886 0.402767
v 0.202322 -0.369081 0.146946
v 0.206333 -0.339385 0.131182
v 0.266135 -0.345282 0.140069
v 0.252488 -0.380829 0.167591
v -0.144914 -0.321238 0.331857
v -0.164310 -0.301522 0.321718
v -0.136040 -0.304129 0.330803
v -0.048404 -0.307772 0.145621
v -0.007347 -0.310350 0.149394
v -0.033227 -0.320787 0.140902
v 0.292331 -0.320745 0.419367
v 0.305610 -0.345816 0.412174
v 0.266360 -0.337886 0.402767
v 0.220992 -0.324375 0.264258
v 0.251041 -0.328645 0.314640
v 0.233328 -0.336291 0.282162
v -0.007705 -0.280879 0.315907
v 0.015805 -0.303264 0.306672
v -0.043889 -0.295227 0.293196
v -0.066647 -0.321832 0.587576
v -0.028515 -0.327983 0.579096
v -0.045983 -0.308230 0.569839
v -0.020277 -0.310680 0.577981
v 0.252488 -0.380829 0.167591
v 0.266135 -0.345282 0.140069
v 0.282364 -0.349038 0.201421
v 0.305728 -0.328423 0.451990
v 0.312428 -0.348405 0.450893
v 0.305610 -0.345816 0.412174
v 0.292331 -0.320745 0.419367
v -0.007204 -0.325482 0.170224
v -0.007347 -0.310350 0.149394
v -0.001813 -0.311365 0.175875
v 0.078127 -0.305948 0.576940
v 0.103763 -0.317474 0.557664
v 0.078252 -0.318871 0.594435
v 0.014935 -0.291968 0.364328
v -0.008954 -0.313368 0.386279
v 0.028168 -0.310447 0.363919
v 0.015805 -0.303264 0.306672
v 0.028168 -0.310447 0.363919
v -0.035472 -0.332240 0.612460
v -0.019707 -0.310738 0.615418
v -0.054115 -0.313797 0.632766
v -0.028515 -0.327983 0.579096
v -0.020277 -0.310680 0.577981
v 0.305728 -0.328423 0.451990
v 0.286690 -0.349161 0.465549
v 0.312428 -0.348405 0.450893
v -0.034074 -0.309305 0.194765
v -0.007204 -0.325482 0.170224
v -0.001813 -0.311365 0.175875
v -0.151895 -0.325454 0.367067
v -0.134743 -0.304235 0.370457
v -0.172035 -0.307064 0.388214
v -0.144914 -0.321238 0.331857
v -0.136040 -0.304129 0.330803
v -0.151895 -0.325454 0.367067
v -0.186498 -0.314897 0.340145
v -0.144914 -0.321238 0.331857
v -0.172035 -0.307064 0.388214
v -0.164310 -0.301522 0.321718
v -0.039720 -0.327202 0.180804
v -0.033227 -0.320787 0.140902
v -0.007204 -0.325482 0.170224
v -0.066166 -0.311498 0.173548
v -0.007347 -0.310350 0.149394
v -0.035472 -0.332240 0.612460
v -0.066647 -0.321832 0.587576
v -0.028515 -0.327983 0.579096
v -0.054115 -0.313797 0.632766
v -0.043889 -0.295227 0.293196
v 0.015805 -0.303264 0.306672
v -0.012171 -0.321207 0.340049
v 0.028168 -0.310447 0.363919
v -0.057482 -0.307275 0.343558
v -0.008954 -0.313368 0.386279
v 0.266360 -0.337886 0.402767
v 0.305610 -0.345816 0.412174
v 0.284097 -0.361764 0.433644
v 0.312428 -0.348405 0.450893
v 0.255098 -0.346090 0.436260
v 0.286690 -0.349161 0.465549
v 0.251041 -0.328645 0.314640
v 0.209779 -0.324186 0.341706
v 0.205957 -0.339436 0.316908
v 0.175890 -0.323790 0.314865
v 0.233328 -0.336291 0.282162
v 0.185971 -0.330331 0.282851
v 0.220992 -0.324375 0.264258
v 0.103763 -0.317474 0.557664
v 0.078252 -0.318871 0.594435
v 0.063478 -0.325912 0.564704
v 0.035958 -0.316151 0.586303
v 0.073377 -0.318935 0.533352
v 0.030996 -0.316269 0.554271
v 0.054917 -0.309244 0.534538
v 0.252488 -0.380829 0.167591
v 0.204952 -0.354754 0.211042
v 0.202322 -0.369081 0.146946
v 0.282364 -0.349038 0.201421
v -0.039720 -0.327202 0.180804
v -0.034074 -0.309305 0.194765
v -0.007204 -0.325482 0.170224
v -0.186498 -0.314897 0.340145
v -0.172035 -0.307064 0.388214
v -0.189355 -0.300008 0.357276
v 0.039067 -0.306126 0.578152
v 0.078252 -0.318871 0.594435
v 0.035958 -0.316151 0.586303
v 0.232714 -0.330378 0.218183
v 0.185718 -0.330607 0.170950
v 0.204952 -0.354754 0.211042
v -0.057482 -0.307275 0.343558
v -0.008954 -0.313368 0.386279
v -0.047406 -0.294978 0.366333
v 0.255098 -0.346090 0.436260
v 0.286690 -0.349161 0.465549
v 0.263153 -0.330908 0.452511
v 0.263153 -0.330908 0.452511
v 0.305728 -0.328423 0.451990
v 0.286690 -0.349161 0.465549
v 0.204952 -0.354754 0.211042
v 0.282364 -0.349038 0.201421
v 0.232714 -0.330378 0.218183
v -0.039720 -0.327202 0.180804
v -0.034074 -0.309305 0.194765
v -0.066166 -0.311498 0.173548
v -0.536413 -0.346394 -0.004499
v -0.552681 -0.363799 -0.009703
v -0.559161 -0.381843 -0.011525
v -0.555336 -0.382089 0.225107
v -0.351134 -0.358519 0.376546
v -0.357531 -0.376569 0.391643
v -0.360553 -0.394839 0.396930
v -0.548959 -0.364038 0.222978
v -0.533157 -0.346603 0.216548
v -0.110227 -0.374293 0.363355
v -0.325085 -0.360475 0.300778
v -0.351134 -0.358519 0.376546
v -0.533157 -0.346603 0.216548
v -0.179599 -0.345430 0.219700
v 0.020744 -0.382872 0.194950
v -0.445120 -0.325280 0.176328
v -0.299038 -0.362432 0.225010
v -0.536413 -0.346394 -0.004499
v -0.245293 -0.341162 0.073472
v -0.462527 -0.343578 0.017056
v -0.384243 -0.356362 -0.209034
v -0.391184 -0.340594 0.033382
v -0.312548 -0.346262 -0.063570
v -0.128373 -0.373116 -0.200302
v -0.104752 -0.358682 0.009041
v 0.038703 -0.384054 -0.062195
v -0.384243 -0.356362 -0.209034
v -0.128373 -0.373116 -0.200302
v -0.393014 -0.374258 -0.224595
v -0.536413 -0.346394 -0.004499
v -0.124384 -0.391847 -0.215398
v -0.552681 -0.363799 -0.009703
v -0.396998 -0.392466 -0.230313
v -0.123770 -0.410356 -0.220684
v -0.559161 -0.381843 -0.011525
v -0.128373 -0.373116 -0.200302
v -0.124384 -0.391847 -0.215398
v -0.123770 -0.410356 -0.220684
v 0.056299 -0.422144 -0.073229
v 0.052248 -0.403410 -0.070200
v 0.038703 -0.384054 -0.062195
v 0.020744 -0.382872 0.194950
v 0.034603 -0.402249 0.200154
v 0.038676 -0.420984 0.201977
v 0.038676 -0.420984 0.201977
v -0.123770 -0.410356 -0.220684
v 0.056299 -0.422144 -0.073229
v -0.559161 -0.381843 -0.011525
v -0.396998 -0.392466 -0.230313
v -0.360553 -0.394839 0.396930
v -0.555336 -0.382089 0.225107
v -0.102049 -0.411766 0.382170
v 0.020744 -0.382872 0.194950
v 0.034603 -0.402249 0.200154
v 0.038676 -0.420984 0.201977
v -0.102049 -0.411766 0.382170
v -0.103711 -0.393189 0.377348
v -0.110227 -0.374293 0.363355
v -0.351134 -0.358519 0.376546
v -0.357531 -0.376569 0.391643
v -0.360553 -0.394839 0.396930
v -0.045389 -0.351405 -0.133895
v -0.053311 -0.386650 -0.114569
v -0.007070 -0.378958 -0.149104
v 0.181723 -0.357681 -0.468061
v 0.169236 -0.368575 -0.420153
v 0.185360 -0.372697 -0.452165
v 0.068653 -0.388916 -0.136169
v 0.104406 -0.381701 -0.166278
v 0.085599 -0.377678 -0.139087
v 0.238931 -0.373376 -0.342054
v 0.211793 -0.374129 -0.308041
v 0.233199 -0.388936 -0.326296
v 0.025301 -0.334304 -0.574081
v 0.030579 -0.347061 -0.550677
v 0.027615 -0.344050 -0.582815
v 0.134211 -0.347241 -0.594167
v 0.108757 -0.347988 -0.561637
v 0.128585 -0.362871 -0.579300
v -0.176094 -0.350858 -0.272211
v -0.140008 -0.341180 -0.300945
v -0.141039 -0.359978 -0.289403
v -0.128303 -0.352564 -0.320260
v -0.286901 -0.351923 -0.249168
v -0.273120 -0.351607 -0.291434
v -0.270605 -0.371124 -0.273877
v 0.128585 -0.362871 -0.579300
v 0.119911 -0.350123 -0.624311
v 0.134211 -0.347241 -0.594167
v -0.207298 -0.338621 -0.462305
v -0.214352 -0.348605 -0.413479
v -0.202207 -0.355823 -0.446891
v -0.167234 -0.386724 -0.220761
v -0.170295 -0.405742 -0.157916
v -0.147579 -0.368152 -0.177992
v -0.171495 -0.376960 -0.140125
v -0.270605 -0.371124 -0.273877
v -0.308708 -0.382710 -0.253516
v -0.286901 -0.351923 -0.249168
v 0.148151 -0.350035 -0.439114
v 0.181723 -0.357681 -0.468061
v 0.139812 -0.351225 -0.474215
v 0.169236 -0.368575 -0.420153
v -0.043018 -0.338757 -0.493261
v -0.108677 -0.341457 -0.465948
v -0.068162 -0.320922 -0.432170
v -0.112333 -0.338884 -0.396326
v -0.017116 -0.326940 -0.436742
v -0.065210 -0.330824 -0.377216
v -0.026676 -0.341324 -0.408012
v 0.222763 -0.375936 -0.374287
v 0.185116 -0.369555 -0.358286
v 0.209778 -0.358646 -0.338708
v 0.184019 -0.372406 -0.318728
v 0.238931 -0.373376 -0.342054
v 0.211793 -0.374129 -0.308041
v 0.104406 -0.381701 -0.166278
v 0.074183 -0.373882 -0.188867
v 0.070458 -0.364355 -0.160864
v 0.040837 -0.373068 -0.171860
v 0.085599 -0.377678 -0.139087
v 0.044845 -0.374643 -0.145133
v -0.013430 -0.329154 -0.574848
v 0.006580 -0.338401 -0.531702
v 0.025301 -0.334304 -0.574081
v 0.030579 -0.347061 -0.550677
v -0.041426 -0.338588 -0.557853
v -0.012986 -0.345679 -0.532211
v -0.014118 -0.340689 -0.593275
v 0.119911 -0.350123 -0.624311
v 0.085174 -0.343860 -0.608552
v 0.107531 -0.332578 -0.590436
v 0.083486 -0.346508 -0.571242
v 0.134211 -0.347241 -0.594167
v 0.108757 -0.347988 -0.561637
v -0.175458 -0.334140 -0.315812
v -0.176094 -0.350858 -0.272211
v -0.140008 -0.341180 -0.300945
v -0.203344 -0.347646 -0.324236
v -0.160291 -0.346678 -0.348740
v -0.128303 -0.352564 -0.320260
v -0.299282 -0.366518 -0.316720
v -0.330439 -0.363656 -0.288280
v -0.301947 -0.337836 -0.278355
v -0.273120 -0.351607 -0.291434
v -0.317251 -0.359007 -0.249758
v -0.286901 -0.351923 -0.249168
v -0.273120 -0.351607 -0.291434
v -0.243756 -0.371719 -0.214678
v -0.230918 -0.374420 -0.152474
v -0.196088 -0.344232 -0.177896
v -0.171495 -0.376960 -0.140125
v -0.191237 -0.358516 -0.227396
v -0.147579 -0.368152 -0.177992
v 0.056426 -0.342888 -0.316912
v 0.090030 -0.352189 -0.353588
v 0.041969 -0.353025 -0.355066
v 0.083793 -0.351856 -0.297545
v 0.097268 -0.360907 -0.335446
v 0.062430 -0.368465 -0.370523
v 0.039068 -0.361197 -0.310653
v -0.236919 -0.327119 -0.430003
v -0.207298 -0.338621 -0.462305
v -0.249179 -0.330684 -0.463761
v -0.214352 -0.348605 -0.413479
v -0.045389 -0.351405 -0.133895
v -0.057389 -0.358880 -0.195834
v -0.094061 -0.354466 -0.148238
v -0.007070 -0.378958 -0.149104
v -0.308708 -0.382710 -0.253516
v -0.317251 -0.359007 -0.249758
v -0.330439 -0.363656 -0.288280
v -0.170295 -0.405742 -0.157916
v -0.171495 -0.376960 -0.140125
v -0.230918 -0.374420 -0.152474
v -0.220200 -0.409412 -0.181936
v -0.045389 -0.351405 -0.133895
v -0.053311 -0.386650 -0.114569
v -0.094061 -0.354466 -0.148238
v -0.102000 -0.381664 -0.141190
v 0.190725 -0.390404 -0.320651
v 0.211793 -0.374129 -0.308041
v 0.184019 -0.372406 -0.318728
v 0.085599 -0.377678 -0.139087
v 0.044845 -0.374643 -0.145133
v 0.068653 -0.388916 -0.136169
v -0.176094 -0.350858 -0.272211
v -0.203344 -0.347646 -0.324236
v -0.188724 -0.359787 -0.291590
v 0.128585 -0.362871 -0.579300
v 0.089541 -0.364612 -0.573274
v 0.108757 -0.347988 -0.561637
v 0.083486 -0.346508 -0.571242
v -0.236919 -0.327119 -0.430003
v -0.253648 -0.350702 -0.425458
v -0.214352 -0.348605 -0.413479
v 0.056426 -0.342888 -0.316912
v 0.039068 -0.361197 -0.310653
v 0.083793 -0.351856 -0.297545
v -0.099564 -0.354458 -0.398349
v -0.065210 -0.330824 -0.377216
v -0.112333 -0.338884 -0.396326
v -0.308708 -0.382710 -0.253516
v -0.286901 -0.351923 -0.249168
v -0.317251 -0.359007 -0.249758
v 0.148151 -0.350035 -0.439114
v 0.131302 -0.369834 -0.436563
v 0.169236 -0.368575 -0.420153
v -0.308708 -0.382710 -0.253516
v -0.330439 -0.363656 -0.288280
v -0.312424 -0.392018 -0.290146
v -0.220200 -0.409412 -0.181936
v -0.230918 -0.374420 -0.152474
v -0.243756 -0.371719 -0.214678
v -0.249179 -0.330684 -0.463761
v -0.258385 -0.349657 -0.464558
v -0.253648 -0.350702 -0.425458
v -0.236919 -0.327119 -0.430003
v -0.312424 -0.392018 -0.290146
v -0.330439 -0.363656 -0.288280
v -0.299282 -0.366518 -0.316720
v 0.139812 -0.351225 -0.474215
v 0.158922 -0.368592 -0.486488
v 0.131024 -0.366897 -0.476129
v 0.044063 -0.388127 -0.167052
v 0.044845 -0.374643 -0.145133
v 0.040837 -0.373068 -0.171860
v -0.013430 -0.329154 -0.574848
v -0.041426 -0.338588 -0.557853
v -0.014118 -0.340689 -0.593275
v -0.299282 -0.366518 -0.316720
v -0.330439 -0.363656 -0.288280
v -0.301947 -0.337836 -0.278355
v 0.097911 -0.367378 -0.606469
v 0.085174 -0.343860 -0.608552
v 0.119911 -0.350123 -0.624311
v 0.089541 -0.364612 -0.573274
v 0.083486 -0.346508 -0.571242
v 0.041969 -0.353025 -0.355066
v 0.062430 -0.368465 -0.370523
v 0.032725 -0.367893 -0.355150
v 0.039068 -0.361197 -0.310653
v 0.032725 -0.367893 -0.355150
v -0.249179 -0.330684 -0.463761
v -0.232107 -0.352708 -0.477899
v -0.258385 -0.349657 -0.464558
v -0.057389 -0.358880 -0.195834
v -0.094061 -0.354466 -0.148238
v -0.095356 -0.380239 -0.182498
v -0.102000 -0.381664 -0.141190
v 0.074183 -0.373882 -0.188867
v 0.044063 -0.388127 -0.167052
v 0.040837 -0.373068 -0.171860
v 0.148151 -0.350035 -0.439114
v 0.131302 -0.369834 -0.436563
v 0.139812 -0.351225 -0.474215
v 0.131024 -0.366897 -0.476129
v 0.199235 -0.393002 -0.355681
v 0.185116 -0.369555 -0.358286
v 0.222763 -0.375936 -0.374287
v 0.190725 -0.390404 -0.320651
v 0.184019 -0.372406 -0.318728
v 0.199235 -0.393002 -0.355681
v 0.233199 -0.388936 -0.326296
v 0.190725 -0.390404 -0.320651
v 0.222763 -0.375936 -0.374287
v 0.211793 -0.374129 -0.308041
v 0.076686 -0.393296 -0.176064
v 0.068653 -0.388916 -0.136169
v 0.044063 -0.388127 -0.167052
v 0.104406 -0.381701 -0.166278
v 0.044845 -0.374643 -0.145133
v 0.169236 -0.368575 -0.420153
v 0.131302 -0.369834 -0.436563
v 0.154704 -0.382683 -0.455784
v 0.131024 -0.366897 -0.476129
v 0.185360 -0.372697 -0.452165
v 0.158922 -0.368592 -0.486488
v 0.083793 -0.351856 -0.297545
v 0.039068 -0.361197 -0.310653
v 0.063044 -0.373881 -0.334738
v 0.032725 -0.367893 -0.355150
v 0.097268 -0.360907 -0.335446
v 0.062430 -0.368465 -0.370523
v 0.097911 -0.367378 -0.606469
v 0.128585 -0.362871 -0.579300
v 0.089541 -0.364612 -0.573274
v 0.119911 -0.350123 -0.624311
v -0.203344 -0.347646 -0.324236
v -0.160291 -0.346678 -0.348740
v -0.159916 -0.363999 -0.325036
v -0.128303 -0.352564 -0.320260
v -0.188724 -0.359787 -0.291590
v -0.141039 -0.359978 -0.289403
v -0.176094 -0.350858 -0.272211
v -0.214352 -0.348605 -0.413479
v -0.253648 -0.350702 -0.425458
v -0.233047 -0.367753 -0.446976
v -0.258385 -0.349657 -0.464558
v -0.202207 -0.355823 -0.446891
v -0.232107 -0.352708 -0.477899
v -0.007070 -0.378958 -0.149104
v -0.053311 -0.386650 -0.114569
v -0.060277 -0.404285 -0.158188
v -0.102000 -0.381664 -0.141190
v -0.034976 -0.383211 -0.191454
v -0.095356 -0.380239 -0.182498
v -0.041426 -0.338588 -0.557853
v -0.014118 -0.340689 -0.593275
v -0.002166 -0.351657 -0.563466
v 0.027615 -0.344050 -0.582815
v -0.012986 -0.345679 -0.532211
v 0.030579 -0.347061 -0.550677
v 0.006580 -0.338401 -0.531702
v -0.083084 -0.359431 -0.459572
v -0.026676 -0.341324 -0.408012
v -0.099564 -0.354458 -0.398349
v -0.043018 -0.338757 -0.493261
v -0.017116 -0.326940 -0.436742
v -0.065210 -0.330824 -0.377216
v -0.108677 -0.341457 -0.465948
v -0.112333 -0.338884 -0.396326
v -0.043018 -0.338757 -0.493261
v -0.220200 -0.409412 -0.181936
v -0.167234 -0.386724 -0.220761
v -0.170295 -0.405742 -0.157916
v -0.243756 -0.371719 -0.214678
v -0.312424 -0.392018 -0.290146
v -0.270605 -0.371124 -0.273877
v -0.308708 -0.382710 -0.253516
v -0.299282 -0.366518 -0.316720
v 0.076686 -0.393296 -0.176064
v 0.074183 -0.373882 -0.188867
v 0.044063 -0.388127 -0.167052
v 0.233199 -0.388936 -0.326296
v 0.222763 -0.375936 -0.374287
v 0.238931 -0.373376 -0.342054
v 0.181723 -0.357681 -0.468061
v 0.139812 -0.351225 -0.474215
v 0.158922 -0.368592 -0.486488
v 0.185360 -0.372697 -0.452165
v 0.158922 -0.368592 -0.486488
v 0.181723 -0.357681 -0.468061
v 0.025301 -0.334304 -0.574081
v -0.014118 -0.340689 -0.593275
v 0.027615 -0.344050 -0.582815
v 0.097268 -0.360907 -0.335446
v 0.062430 -0.368465 -0.370523
v 0.090030 -0.352189 -0.353588
v -0.191237 -0.358516 -0.227396
v -0.147579 -0.368152 -0.177992
v -0.167234 -0.386724 -0.220761
v -0.202207 -0.355823 -0.446891
v -0.232107 -0.352708 -0.477899
v -0.207298 -0.338621 -0.462305
v -0.034976 -0.383211 -0.191454
v -0.095356 -0.380239 -0.182498
v -0.057389 -0.358880 -0.195834
v -0.207298 -0.338621 -0.462305
v -0.249179 -0.330684 -0.463761
v -0.232107 -0.352708 -0.477899
v -0.057389 -0.358880 -0.195834
v -0.007070 -0.378958 -0.149104
v -0.034976 -0.383211 -0.191454
v -0.167234 -0.386724 -0.220761
v -0.243756 -0.371719 -0.214678
v -0.191237 -0.358516 -0.227396
v -0.270605 -0.371124 -0.273877
v -0.299282 -0.366518 -0.316720
v -0.273120 -0.351607 -0.291434
v 0.076686 -0.393296 -0.176064
v 0.074183 -0.373882 -0.188867
v 0.104406 -0.381701 -0.166278
v -0.486979 -0.344971 0.012746
v -0.483914 -0.337977 0.059422
v -0.493131 -0.332524 0.027885
v -0.426633 -0.338035 0.273390
v -0.436911 -0.337290 0.231108
v -0.437973 -0.352009 0.259268
v -0.110197 -0.350082 0.246495
v -0.133704 -0.359219 0.236381
v -0.106344 -0.360555 0.253711
v -0.226829 -0.349205 -0.097534
v -0.224645 -0.339575 -0.051446
v -0.236051 -0.356794 -0.059258
v -0.218468 -0.352032 -0.030320
v -0.162387 -0.354306 0.344936
v -0.172523 -0.353569 0.304894
v -0.173105 -0.368449 0.331443
v -0.326201 -0.330465 0.172827
v -0.378891 -0.327081 0.122095
v -0.350246 -0.341848 0.164846
v -0.173105 -0.368449 0.331443
v -0.130683 -0.362361 0.352107
v -0.162387 -0.354306 0.344936
v -0.057633 -0.364000 -0.005810
v -0.093088 -0.368481 -0.041255
v -0.075505 -0.378540 -0.011161
v -0.278107 -0.377289 -0.121905
v -0.328367 -0.388533 -0.162745
v -0.320377 -0.351631 -0.132638
v -0.336904 -0.358029 -0.174702
v -0.392119 -0.346221 0.280363
v -0.380842 -0.341748 0.240780
v -0.409267 -0.326037 0.248240
v -0.411515 -0.339740 0.215694
v -0.426633 -0.338035 0.273390
v -0.436911 -0.337290 0.231108
v -0.483914 -0.337977 0.059422
v -0.446769 -0.336144 0.049338
v -0.464845 -0.323626 0.029204
v -0.439770 -0.336603 0.012559
v -0.493131 -0.332524 0.027885
v -0.463306 -0.334418 -0.000637
v -0.085375 -0.349023 0.216330
v -0.132626 -0.350740 0.205756
v -0.110197 -0.350082 0.246495
v -0.133704 -0.359219 0.236381
v -0.083246 -0.359055 0.183827
v -0.121579 -0.359971 0.190629
v -0.072430 -0.362776 0.227118
v -0.190494 -0.338078 -0.070389
v -0.226829 -0.349205 -0.097534
v -0.224645 -0.339575 -0.051446
v -0.169243 -0.355288 -0.087220
v -0.175968 -0.353020 -0.038182
v -0.218468 -0.352032 -0.030320
v -0.130683 -0.362361 0.352107
v -0.120994 -0.357737 0.314973
v -0.146826 -0.342075 0.321505
v -0.149521 -0.355870 0.290796
v -0.162387 -0.354306 0.344936
v -0.172523 -0.353569 0.304894
v -0.337649 -0.313096 0.110498
v -0.326201 -0.330465 0.172827
v -0.286574 -0.326049 0.124768
v -0.378891 -0.327081 0.122095
v -0.286290 -0.348990 0.156140
v -0.329617 -0.334506 0.085674
v -0.234218 -0.369485 -0.186176
v -0.290961 -0.363090 -0.214119
v -0.287306 -0.332931 -0.171132
v -0.336904 -0.358029 -0.174702
v -0.253893 -0.352711 -0.136923
v -0.320377 -0.351631 -0.132638
v -0.063106 -0.351625 -0.049054
v -0.057633 -0.364000 -0.005810
v -0.029923 -0.360597 -0.038054
v -0.093088 -0.368481 -0.041255
v -0.328367 -0.388533 -0.162745
v -0.336904 -0.358029 -0.174702
v -0.290961 -0.363090 -0.214119
v -0.280063 -0.400214 -0.187467
v -0.416958 -0.357063 0.222242
v -0.436911 -0.337290 0.231108
v -0.411515 -0.339740 0.215694
v -0.493131 -0.332524 0.027885
v -0.463306 -0.334418 -0.000637
v -0.486979 -0.344971 0.012746
v -0.063106 -0.351625 -0.049054
v -0.060339 -0.376031 -0.064970
v -0.093088 -0.368481 -0.041255
v -0.226829 -0.349205 -0.097534
v -0.169243 -0.355288 -0.087220
v -0.205510 -0.361716 -0.095612
v -0.337649 -0.313096 0.110498
v -0.329617 -0.334506 0.085674
v -0.378891 -0.327081 0.122095
v -0.173105 -0.368449 0.331443
v -0.154503 -0.373377 0.296896
v -0.172523 -0.353569 0.304894
v -0.149521 -0.355870 0.290796
v -0.280063 -0.400214 -0.187467
v -0.290961 -0.363090 -0.214119
v -0.234218 -0.369485 -0.186176
v -0.029923 -0.360597 -0.038054
v -0.026789 -0.380356 -0.044769
v -0.060339 -0.376031 -0.064970
v -0.063106 -0.351625 -0.049054
v -0.447892 -0.350539 0.012223
v -0.463306 -0.334418 -0.000637
v -0.439770 -0.336603 0.012559
v -0.085375 -0.349023 0.216330
v -0.083246 -0.359055 0.183827
v -0.072430 -0.362776 0.227118
v -0.286574 -0.326049 0.124768
v -0.286290 -0.348990 0.156140
v -0.278585 -0.344204 0.113663
v -0.329617 -0.334506 0.085674
v -0.278585 -0.344204 0.113663
v -0.134093 -0.379398 0.323856
v -0.120994 -0.357737 0.314973
v -0.130683 -0.362361 0.352107
v -0.154503 -0.373377 0.296896
v -0.149521 -0.355870 0.290796
v -0.029923 -0.360597 -0.038054
v -0.032739 -0.382366 -0.015815
v -0.026789 -0.380356 -0.044769
v -0.446769 -0.336144 0.049338
v -0.447892 -0.350539 0.012223
v -0.439770 -0.336603 0.012559
v -0.395173 -0.363133 0.250435
v -0.380842 -0.341748 0.240780
v -0.392119 -0.346221 0.280363
v -0.416958 -0.357063 0.222242
v -0.411515 -0.339740 0.215694
v -0.395173 -0.363133 0.250435
v -0.437973 -0.352009 0.259268
v -0.416958 -0.357063 0.222242
v -0.392119 -0.346221 0.280363
v -0.436911 -0.337290 0.231108
v -0.461394 -0.353455 0.043550
v -0.486979 -0.344971 0.012746
v -0.447892 -0.350539 0.012223
v -0.483914 -0.337977 0.059422
v -0.463306 -0.334418 -0.000637
v -0.134093 -0.379398 0.323856
v -0.173105 -0.368449 0.331443
v -0.154503 -0.373377 0.296896
v -0.130683 -0.362361 0.352107
v -0.378891 -0.327081 0.122095
v -0.329617 -0.334506 0.085674
v -0.323353 -0.354637 0.127795
v -0.278585 -0.344204 0.113663
v -0.350246 -0.341848 0.164846
v -0.286290 -0.348990 0.156140
v -0.093088 -0.368481 -0.041255
v -0.060339 -0.376031 -0.064970
v -0.058727 -0.393454 -0.035441
v -0.026789 -0.380356 -0.044769
v -0.075505 -0.378540 -0.011161
v -0.032739 -0.382366 -0.015815
v -0.169243 -0.355288 -0.087220
v -0.175968 -0.353020 -0.038182
v -0.197482 -0.367122 -0.052339
v -0.218468 -0.352032 -0.030320
v -0.205510 -0.361716 -0.095612
v -0.236051 -0.356794 -0.059258
v -0.226829 -0.349205 -0.097534
v -0.083246 -0.359055 0.183827
v -0.072430 -0.362776 0.227118
v -0.104680 -0.368672 0.218349
v -0.106344 -0.360555 0.253711
v -0.121579 -0.359971 0.190629
v -0.133704 -0.359219 0.236381
v -0.132626 -0.350740 0.205756
v -0.280063 -0.400214 -0.187467
v -0.278107 -0.377289 -0.121905
v -0.328367 -0.388533 -0.162745
v -0.234218 -0.369485 -0.186176
v -0.461394 -0.353455 0.043550
v -0.446769 -0.336144 0.049338
v -0.447892 -0.350539 0.012223
v -0.437973 -0.352009 0.259268
v -0.392119 -0.346221 0.280363
v -0.426633 -0.338035 0.273390
v -0.110197 -0.350082 0.246495
v -0.072430 -0.362776 0.227118
v -0.106344 -0.360555 0.253711
v -0.253893 -0.352711 -0.136923
v -0.320377 -0.351631 -0.132638
v -0.278107 -0.377289 -0.121905
v -0.350246 -0.341848 0.164846
v -0.286290 -0.348990 0.156140
v -0.326201 -0.330465 0.172827
v -0.075505 -0.378540 -0.011161
v -0.032739 -0.382366 -0.015815
v -0.057633 -0.364000 -0.005810
v -0.057633 -0.364000 -0.005810
v -0.029923 -0.360597 -0.038054
v -0.032739 -0.382366 -0.015815
v -0.278107 -0.377289 -0.121905
v -0.234218 -0.369485 -0.186176
v -0.253893 -0.352711 -0.136923
v -0.461394 -0.353455 0.043550
v -0.446769 -0.336144 0.049338
v -0.483914 -0.337977 0.059422
v 0.222622 -0.303822 0.178404
v 0.228262 -0.301844 0.131487
v 0.232647 -0.293831 0.163515
v 0.208009 -0.320211 -0.088322
v 0.211079 -0.315752 -0.045141
v 0.215096 -0.333573 -0.071160
v -0.107644 -0.297488 -0.117422
v -0.087406 -0.307733 -0.102461
v -0.111443 -0.308267 -0.124202
v -0.050975 -0.269632 0.240310
v -0.044262 -0.265070 0.193881
v -0.036436 -0.282355 0.205177
v -0.048240 -0.279141 0.173245
v -0.040578 -0.317934 -0.204118
v -0.037274 -0.313721 -0.163156
v -0.034014 -0.331472 -0.187668
v 0.093763 -0.291399 -0.008483
v 0.137241 -0.287619 0.050311
v 0.114619 -0.304158 0.004693
v -0.034014 -0.331472 -0.187668
v -0.071360 -0.323535 -0.216059
v -0.040578 -0.317934 -0.204118
v -0.202975 -0.277658 0.121605
v -0.174733 -0.281648 0.163076
v -0.188092 -0.293216 0.131395
v -0.008176 -0.299782 0.275965
v 0.032856 -0.311332 0.325999
v 0.034428 -0.277433 0.291642
v 0.042807 -0.280684 0.336393
v 0.174428 -0.325640 -0.100559
v 0.157291 -0.315644 -0.064221
v 0.188216 -0.303789 -0.067911
v 0.183351 -0.313906 -0.034354
v 0.208009 -0.320211 -0.088322
v 0.211079 -0.315752 -0.045141
v 0.228262 -0.301844 0.131487
v 0.190432 -0.295188 0.134553
v 0.206231 -0.282357 0.156338
v 0.177370 -0.290811 0.169368
v 0.232647 -0.293831 0.163515
v 0.198456 -0.289520 0.186296
v -0.136866 -0.290573 -0.092412
v -0.092588 -0.295803 -0.073448
v -0.107644 -0.297488 -0.117422
v -0.087406 -0.307733 -0.102461
v -0.145574 -0.296628 -0.060022
v -0.107022 -0.302127 -0.059747
v -0.149352 -0.304088 -0.104010
v -0.080684 -0.258050 0.206191
v -0.050975 -0.269632 0.240310
v -0.044262 -0.265070 0.193881
v -0.106331 -0.271051 0.220481
v -0.091272 -0.274989 0.173442
v -0.048240 -0.279141 0.173245
v -0.071360 -0.323535 -0.216059
v -0.086515 -0.313826 -0.181850
v -0.058290 -0.301656 -0.185091
v -0.062420 -0.312114 -0.153244
v -0.040578 -0.317934 -0.204118
v -0.037274 -0.313721 -0.163156
v 0.096582 -0.268370 0.052994
v 0.093763 -0.291399 -0.008483
v 0.047451 -0.277676 0.031094
v 0.137241 -0.287619 0.050311
v 0.049719 -0.303851 0.002454
v 0.082039 -0.285946 0.077868
v -0.060975 -0.280463 0.330344
v -0.009358 -0.276671 0.367260
v -0.002182 -0.251318 0.321692
v 0.042807 -0.280684 0.336393
v -0.031492 -0.271377 0.284056
v 0.034428 -0.277433 0.291642
v -0.203398 -0.261113 0.163785
v -0.202975 -0.277658 0.121605
v -0.235094 -0.267903 0.147915
v -0.174733 -0.281648 0.163076
v 0.032856 -0.311332 0.325999
v 0.042807 -0.280684 0.336393
v -0.009358 -0.276671 0.367260
v -0.019941 -0.315278 0.342667
v 0.187732 -0.332311 -0.038181
v 0.211079 -0.315752 -0.045141
v 0.183351 -0.313906 -0.034354
v 0.232647 -0.293831 0.163515
v 0.198456 -0.289520 0.186296
v 0.222622 -0.303822 0.178404
v -0.203398 -0.261113 0.163785
v -0.211649 -0.283178 0.181154
v -0.174733 -0.281648 0.163076
v -0.050975 -0.269632 0.240310
v -0.106331 -0.271051 0.220481
v -0.072997 -0.280086 0.235784
v 0.096582 -0.268370 0.052994
v 0.082039 -0.285946 0.077868
v 0.137241 -0.287619 0.050311
v -0.034014 -0.331472 -0.187668
v -0.058586 -0.330605 -0.156697
v -0.037274 -0.313721 -0.163156
v -0.062420 -0.312114 -0.153244
v -0.019941 -0.315278 0.342667
v -0.009358 -0.276671 0.367260
v -0.060975 -0.280463 0.330344
v -0.235094 -0.267903 0.147915
v -0.241617 -0.286371 0.155775
v -0.211649 -0.283178 0.181154
v -0.203398 -0.261113 0.163785
v 0.183620 -0.305363 0.172448
v 0.198456 -0.289520 0.186296
v 0.177370 -0.290811 0.169368
v -0.136866 -0.290573 -0.092412
v -0.145574 -0.296628 -0.060022
v -0.149352 -0.304088 -0.104010
v 0.047451 -0.277676 0.031094
v 0.049719 -0.303851 0.002454
v 0.035630 -0.293579 0.042236
v 0.082039 -0.285946 0.077868
v 0.035630 -0.293579 0.042236
v -0.074761 -0.337546 -0.186190
v -0.086515 -0.313826 -0.181850
v -0.071360 -0.323535 -0.216059
v -0.058586 -0.330605 -0.156697
v -0.062420 -0.312114 -0.153244
v -0.235094 -0.267903 0.147915
v -0.231182 -0.292204 0.128666
v -0.241617 -0.286371 0.155775
v 0.190432 -0.295188 0.134553
v 0.183620 -0.305363 0.172448
v 0.177370 -0.290811 0.169368
v 0.170413 -0.339302 -0.069123
v 0.157291 -0.315644 -0.064221
v 0.174428 -0.325640 -0.100559
v 0.187732 -0.332311 -0.038181
v 0.183351 -0.313906 -0.034354
v 0.170413 -0.339302 -0.069123
v 0.215096 -0.333573 -0.071160
v 0.187732 -0.332311 -0.038181
v 0.174428 -0.325640 -0.100559
v 0.211079 -0.315752 -0.045141
v 0.201737 -0.313114 0.144450
v 0.222622 -0.303822 0.178404
v 0.183620 -0.305363 0.172448
v 0.228262 -0.301844 0.131487
v 0.198456 -0.289520 0.186296
v -0.074761 -0.337546 -0.186190
v -0.034014 -0.331472 -0.187668
v -0.058586 -0.330605 -0.156697
v -0.071360 -0.323535 -0.216059
v 0.137241 -0.287619 0.050311
v 0.082039 -0.285946 0.077868
v 0.080585 -0.309953 0.037369
v 0.035630 -0.293579 0.042236
v 0.114619 -0.304158 0.004693
v 0.049719 -0.303851 0.002454
v -0.174733 -0.281648 0.163076
v -0.211649 -0.283178 0.181154
v -0.210338 -0.303558 0.153568
v -0.241617 -0.286371 0.155775
v -0.188092 -0.293216 0.131395
v -0.231182 -0.292204 0.128666
v -0.106331 -0.271051 0.220481
v -0.091272 -0.274989 0.173442
v -0.074248 -0.289490 0.192467
v -0.048240 -0.279141 0.173245
v -0.072997 -0.280086 0.235784
v -0.036436 -0.282355 0.205177
v -0.050975 -0.269632 0.240310
v -0.145574 -0.296628 -0.060022
v -0.149352 -0.304088 -0.104010
v -0.119949 -0.312154 -0.089107
v -0.111443 -0.308267 -0.124202
v -0.107022 -0.302127 -0.059747
v -0.087406 -0.307733 -0.102461
v -0.092588 -0.295803 -0.073448
v -0.019941 -0.315278 0.342667
v -0.008176 -0.299782 0.275965
v 0.032856 -0.311332 0.325999
v -0.060975 -0.280463 0.330344
v 0.201737 -0.313114 0.144450
v 0.190432 -0.295188 0.134553
v 0.183620 -0.305363 0.172448
v 0.215096 -0.333573 -0.071160
v 0.174428 -0.325640 -0.100559
v 0.208009 -0.320211 -0.088322
v -0.107644 -0.297488 -0.117422
v -0.149352 -0.304088 -0.104010
v -0.111443 -0.308267 -0.124202
v -0.031492 -0.271377 0.284056
v 0.034428 -0.277433 0.291642
v -0.008176 -0.299782 0.275965
v 0.114619 -0.304158 0.004693
v 0.049719 -0.303851 0.002454
v 0.093763 -0.291399 -0.008483
v -0.188092 -0.293216 0.131395
v -0.231182 -0.292204 0.128666
v -0.202975 -0.277658 0.121605
v -0.202975 -0.277658 0.121605
v -0.235094 -0.267903 0.147915
v -0.231182 -0.292204 0.128666
v -0.008176 -0.299782 0.275965
v -0.060975 -0.280463 0.330344
v -0.031492 -0.271377 0.284056
v 0.201737 -0.313114 0.144450
v 0.190432 -0.295188 0.134553
v 0.228262 -0.301844 0.131487
v 0.267928 -0.307908 0.204137
v 0.280927 -0.326155 0.213764
v 0.284836 -0.344437 0.218389
v 0.320680 -0.370876 -0.014045
v 0.148937 -0.344183 -0.201074
v 0.155597 -0.364363 -0.213035
v 0.157286 -0.383322 -0.215970
v 0.316210 -0.352154 -0.014782
v 0.301722 -0.332617 -0.012934
v -0.090933 -0.334229 -0.229747
v 0.110525 -0.335005 -0.131336
v 0.148937 -0.344183 -0.201074
v 0.301722 -0.332617 -0.012934
v -0.043678 -0.296489 -0.079331
v -0.248334 -0.310712 -0.087411
v 0.211332 -0.298223 0.008736
v 0.072114 -0.325827 -0.061597
v 0.267928 -0.307908 0.204137
v -0.003352 -0.282409 0.075239
v 0.199548 -0.300163 0.169554
v 0.083565 -0.279587 0.378200
v 0.132802 -0.291920 0.140533
v 0.038933 -0.278778 0.221966
v -0.167396 -0.271569 0.325471
v -0.153768 -0.278452 0.114858
v -0.309100 -0.281203 0.161353
v 0.083565 -0.279587 0.378200
v -0.167396 -0.271569 0.325471
v 0.087435 -0.296408 0.396677
v 0.267928 -0.307908 0.204137
v -0.176037 -0.287993 0.341289
v 0.280927 -0.326155 0.213764
v 0.088230 -0.314164 0.404687
v -0.179706 -0.305637 0.348082
v 0.284836 -0.344437 0.218389
v -0.167396 -0.271569 0.325471
v -0.176037 -0.287993 0.341289
v -0.179706 -0.305637 0.348082
v -0.332663 -0.315863 0.172565
v -0.325981 -0.298087 0.168576
v -0.309100 -0.281203 0.161353
v -0.248334 -0.310712 -0.087411
v -0.263313 -0.329068 -0.093180
v -0.269203 -0.347389 -0.093948
v -0.269203 -0.347389 -0.093948
v -0.179706 -0.305637 0.348082
v -0.332663 -0.315863 0.172565
v 0.284836 -0.344437 0.218389
v 0.088230 -0.314164 0.404687
v 0.157286 -0.383322 -0.215970
v 0.320680 -0.370876 -0.014045
v -0.100207 -0.372573 -0.246144
v -0.248334 -0.310712 -0.087411
v -0.263313 -0.329068 -0.093180
v -0.269203 -0.347389 -0.093948
v -0.100207 -0.372573 -0.246144
v -0.097197 -0.353831 -0.242856
v -0.090933 -0.334229 -0.229747
v 0.148937 -0.344183 -0.201074
v 0.155597 -0.364363 -0.213035
v 0.157286 -0.383322 -0.215970
v 0.516854 -0.378856 0.704843
v 0.516854 -0.418221 0.704843
v 0.522640 -0.398539 0.714865
v 0.807016 -0.418221 0.414681
v 0.807016 -0.378856 0.414681
v 0.817038 -0.398539 0.420467
v 0.924795 -0.398539 0.018311
v 0.913223 -0.418221 0.018311
v 0.913223 -0.378856 0.018311
v 0.807016 -0.418221 -0.378059
v 0.807016 -0.378856 -0.378059
v 0.817038 -0.398539 -0.383845
v 0.516854 -0.418221 -0.668222
v 0.516854 -0.378856 -0.668222
v 0.522640 -0.398539 -0.678243
v 0.120484 -0.378855 -0.774429
v 0.120484 -0.398379 -0.415633
v 0.516854 -0.378856 -0.668222
v -0.275886 -0.378856 -0.668222
v 0.337456 -0.398379 -0.357495
v -0.096488 -0.398379 -0.357495
v 0.807016 -0.378856 -0.378059
v -0.255322 -0.398379 -0.198661
v 0.496290 -0.398379 -0.198661
v -0.566049 -0.378856 -0.378059
v 0.913223 -0.378856 0.018311
v -0.313460 -0.398379 0.018311
v 0.554427 -0.398379 0.018311
v -0.672255 -0.378856 0.018311
v 0.496290 -0.398379 0.235283
v -0.566049 -0.378856 0.414681
v 0.807016 -0.378856 0.414681
v -0.255322 -0.398379 0.235283
v 0.337456 -0.398379 0.394117
v -0.275886 -0.378856 0.704843
v 0.516854 -0.378856 0.704843
v -0.096488 -0.398379 0.394117
v 0.120484 -0.378856 0.811050
v 0.120484 -0.398379 0.452254
v 0.554427 -0.398379 0.018311
v 0.449692 -0.414463 0.208379
v 0.496290 -0.398379 0.235283
v 0.500621 -0.414463 0.018311
v 0.310552 -0.414463 0.347519
v 0.496290 -0.398379 -0.198661
v 0.337456 -0.398379 0.394117
v 0.449692 -0.414463 -0.171758
v 0.120484 -0.398379 0.452254
v 0.337456 -0.398379 -0.357495
v 0.120484 -0.414463 0.398448
v 0.310552 -0.414463 -0.310897
v -0.069584 -0.414463 0.347519
v 0.120484 -0.398379 -0.415633
v -0.096488 -0.398379 0.394117
v 0.120484 -0.414463 -0.361826
v -0.208724 -0.414463 0.208379
v -0.069584 -0.414463 -0.310897
v -0.255322 -0.398379 0.235283
v -0.096488 -0.398379 -0.357495
v -0.313460 -0.398379 0.018311
v -0.208724 -0.414463 -0.171758
v -0.259653 -0.414463 0.018311
v -0.255322 -0.398379 -0.198661
v -0.069584 -0.414463 -0.310897
v -0.208724 -0.414463 0.208379
v -0.069584 -0.414463 0.347519
v -0.208724 -0.414463 -0.171758
v -0.259653 -0.414463 0.018311
v 0.310552 -0.414463 -0.310897
v 0.120484 -0.414463 -0.361826
v 0.449692 -0.414463 0.208379
v 0.449692 -0.414463 -0.171758
v 0.500621 -0.414463 0.018311
v 0.310552 -0.414463 0.347519
v 0.120484 -0.414463 0.398448
v 0.120484 -0.378856 0.811050
v -0.275886 -0.378856 0.704843
v 0.120484 -0.398539 0.822622
v 0.516854 -0.378856 0.704843
v -0.281672 -0.398539 0.714865
v -0.566049 -0.378856 0.414681
v -0.566049 -0.418221 0.414681
v -0.275886 -0.418221 0.704843
v 0.120484 -0.418221 0.811050
v 0.516854 -0.418221 0.704843
v 0.522640 -0.398539 0.714865
v -0.281672 -0.398539 0.714865
v -0.566049 -0.378856 0.414681
v -0.576070 -0.398539 0.420467
v -0.566049 -0.418221 0.414681
v -0.683828 -0.398539 0.018311
v -0.672255 -0.378856 0.018311
v -0.672255 -0.418221 0.018311
v -0.566049 -0.378856 -0.378059
v -0.566049 -0.418221 -0.378059
v -0.576070 -0.398539 -0.383845
v -0.275886 -0.418221 -0.668222
v -0.281672 -0.398539 -0.678243
v -0.201924 -0.456350 0.204453
v 0.306626 -0.456350 -0.304097
v 0.442892 -0.456350 0.204453
v 0.492769 -0.456350 0.018311
v 0.442892 -0.456350 -0.167832
v 0.306626 -0.456350 0.340719
v 0.120484 -0.456350 0.390596
v -0.065659 -0.456350 0.340719
v -0.065659 -0.456350 -0.304097
v 0.120484 -0.456350 -0.353974
v -0.201924 -0.456350 -0.167832
v -0.251801 -0.456350 0.018311
v -0.144832 -0.436485 -0.441229
v -0.339056 -0.436485 -0.247005
v -0.566049 -0.418221 -0.378059
v -0.275886 -0.418221 -0.668222
v -0.672255 -0.418221 0.018311
v 0.120484 -0.436485 -0.512320
v 0.120484 -0.418220 -0.774429
v 0.120484 -0.456350 -0.353974
v 0.385799 -0.436485 -0.441229
v -0.065659 -0.456350 -0.304097
v 0.306626 -0.456350 -0.304097
v -0.201924 -0.456350 -0.167832
v -0.251801 -0.456350 0.018311
v 0.516854 -0.418221 -0.668222
v 0.442892 -0.456350 -0.167832
v 0.580024 -0.436485 -0.247005
v 0.807016 -0.418221 -0.378059
v 0.492769 -0.456350 0.018311
v 0.913223 -0.418221 0.018311
v 0.651115 -0.436485 0.018311
v 0.580024 -0.436485 0.283626
v 0.442892 -0.456350 0.204453
v 0.807016 -0.418221 0.414681
v 0.306626 -0.456350 0.340719
v 0.385799 -0.436485 0.477851
v 0.516854 -0.418221 0.704843
v 0.120484 -0.456350 0.390596
v 0.120484 -0.418221 0.811050
v 0.120484 -0.436485 0.548942
v -0.144832 -0.436485 0.477851
v -0.275886 -0.418221 0.704843
v -0.065659 -0.456350 0.340719
v -0.566049 -0.418221 0.414681
v -0.339056 -0.436485 0.283626
v -0.201924 -0.456350 0.204453
v -0.410147 -0.436485 0.018311
v -0.566049 -0.378856 -0.378059
v -0.566049 -0.418221 -0.378059
v -0.576070 -0.398539 -0.383845
v -0.275886 -0.418221 -0.668222
v -0.281672 -0.398539 -0.678243
v -0.275886 -0.378856 -0.668222
v 0.516854 -0.418221 -0.668222
v 0.516854 -0.378856 -0.668222
v 0.522640 -0.398539 -0.678243
v 0.120484 -0.398539 -0.786001
v 0.120484 -0.418220 -0.774429
v 0.120484 -0.378855 -0.774429
v 0.345214 -0.339029 -0.083515
v 0.335987 -0.374244 -0.102307
v 0.331345 -0.366684 -0.044763
v 0.445974 -0.346028 0.307746
v 0.418279 -0.356869 0.266694
v 0.431658 -0.361046 0.299940
v 0.271613 -0.376823 0.003504
v 0.270579 -0.369711 0.050251
v 0.262592 -0.365629 0.018176
v 0.313613 -0.361805 0.267389
v 0.306017 -0.362474 0.224543
v 0.305593 -0.377343 0.252641
v 0.628880 -0.322316 0.260444
v 0.607842 -0.335074 0.248913
v 0.633919 -0.332071 0.267931
v 0.572008 -0.335532 0.355434
v 0.564412 -0.336200 0.314833
v 0.564587 -0.351140 0.341354
v 0.535398 -0.338225 -0.090223
v 0.533108 -0.328650 -0.044130
v 0.525150 -0.347440 -0.052571
v 0.539885 -0.340072 -0.022606
v 0.591322 -0.339004 -0.188622
v 0.613939 -0.338743 -0.150349
v 0.599124 -0.358257 -0.160105
v 0.564587 -0.351140 0.341354
v 0.604087 -0.338393 0.364612
v 0.572008 -0.335532 0.355434
v 0.698683 -0.326002 0.011991
v 0.666708 -0.335945 -0.025588
v 0.683771 -0.343209 0.005590
v 0.490971 -0.374088 -0.117647
v 0.445848 -0.393068 -0.161513
v 0.445859 -0.355544 -0.131115
v 0.433250 -0.364275 -0.174107
v 0.599124 -0.358257 -0.160105
v 0.609034 -0.369739 -0.202183
v 0.591322 -0.339004 -0.188622
v 0.446420 -0.338285 0.263437
v 0.445974 -0.346028 0.307746
v 0.478278 -0.339471 0.280369
v 0.418279 -0.356869 0.266694
v 0.613367 -0.326560 0.155751
v 0.636255 -0.329084 0.088415
v 0.584104 -0.308633 0.096551
v 0.586410 -0.326468 0.039673
v 0.553814 -0.314780 0.137873
v 0.540918 -0.318516 0.062433
v 0.538585 -0.329127 0.111682
v 0.348494 -0.364340 0.276547
v 0.361352 -0.357858 0.237731
v 0.330347 -0.347000 0.243329
v 0.332388 -0.360687 0.210762
v 0.313613 -0.361805 0.267389
v 0.306017 -0.362474 0.224543
v 0.270579 -0.369711 0.050251
v 0.307494 -0.361828 0.042509
v 0.288925 -0.352279 0.021230
v 0.316762 -0.360924 0.006244
v 0.262592 -0.365629 0.018176
v 0.294055 -0.362496 -0.008411
v 0.655041 -0.317069 0.231891
v 0.609447 -0.326346 0.218381
v 0.628880 -0.322316 0.260444
v 0.607842 -0.335074 0.248913
v 0.660796 -0.326426 0.199627
v 0.622767 -0.333575 0.204015
v 0.669342 -0.328611 0.243526
v 0.604087 -0.338393 0.364612
v 0.615203 -0.332036 0.328141
v 0.586818 -0.320801 0.332976
v 0.588318 -0.334662 0.302215
v 0.572008 -0.335532 0.355434
v 0.564412 -0.336200 0.314833
v 0.567682 -0.321530 -0.060899
v 0.535398 -0.338225 -0.090223
v 0.533108 -0.328650 -0.044130
v 0.592449 -0.334970 -0.076293
v 0.582392 -0.334121 -0.027784
v 0.539885 -0.340072 -0.022606
v 0.650225 -0.353601 -0.153310
v 0.649462 -0.350648 -0.195481
v 0.623153 -0.324894 -0.180598
v 0.613939 -0.338743 -0.150349
v 0.611827 -0.346014 -0.211027
v 0.591322 -0.339004 -0.188622
v 0.613939 -0.338743 -0.150349
v 0.536950 -0.358891 -0.179071
v 0.481781 -0.361593 -0.210543
v 0.477809 -0.331504 -0.167536
v 0.433250 -0.364275 -0.174107
v 0.511776 -0.345824 -0.131218
v 0.445859 -0.355544 -0.131115
v 0.415297 -0.330853 0.113857
v 0.420632 -0.340254 0.163294
v 0.453501 -0.340971 0.128195
v 0.382688 -0.339879 0.121581
v 0.402244 -0.348981 0.156720
v 0.451602 -0.356470 0.153732
v 0.422092 -0.349115 0.096653
v 0.693995 -0.314411 -0.031561
v 0.698683 -0.326002 0.011991
v 0.727439 -0.317962 -0.018464
v 0.666708 -0.335945 -0.025588
v 0.345214 -0.339029 -0.083515
v 0.399644 -0.346504 -0.051610
v 0.388145 -0.341977 -0.110576
v 0.331345 -0.366684 -0.044763
v 0.609034 -0.369739 -0.202183
v 0.611827 -0.346014 -0.211027
v 0.649462 -0.350648 -0.195481
v 0.445848 -0.393068 -0.161513
v 0.433250 -0.364275 -0.174107
v 0.481781 -0.361593 -0.210543
v 0.496857 -0.396626 -0.183107
v 0.345214 -0.339029 -0.083515
v 0.335987 -0.374244 -0.102307
v 0.388145 -0.341977 -0.110576
v 0.388135 -0.369151 -0.121251
v 0.329423 -0.378703 0.217027
v 0.306017 -0.362474 0.224543
v 0.332388 -0.360687 0.210762
v 0.262592 -0.365629 0.018176
v 0.294055 -0.362496 -0.008411
v 0.271613 -0.376823 0.003504
v 0.535398 -0.338225 -0.090223
v 0.592449 -0.334970 -0.076293
v 0.558300 -0.347132 -0.086918
v 0.564587 -0.351140 0.341354
v 0.585865 -0.352781 0.308062
v 0.564412 -0.336200 0.314833
v 0.588318 -0.334662 0.302215
v 0.693995 -0.314411 -0.031561
v 0.701668 -0.337950 -0.047172
v 0.666708 -0.335945 -0.025588
v 0.415297 -0.330853 0.113857
v 0.422092 -0.349115 0.096653
v 0.382688 -0.339879 0.121581
v 0.579511 -0.342075 0.050560
v 0.540918 -0.318516 0.062433
v 0.586410 -0.326468 0.039673
v 0.609034 -0.369739 -0.202183
v 0.591322 -0.339004 -0.188622
v 0.611827 -0.346014 -0.211027
v 0.446420 -0.338285 0.263437
v 0.455664 -0.358041 0.249061
v 0.418279 -0.356869 0.266694
v 0.609034 -0.369739 -0.202183
v 0.649462 -0.350648 -0.195481
v 0.638994 -0.379055 -0.180789
v 0.496857 -0.396626 -0.183107
v 0.481781 -0.361593 -0.210543
v 0.536950 -0.358891 -0.179071
v 0.727439 -0.317962 -0.018464
v 0.734145 -0.336912 -0.024889
v 0.701668 -0.337950 -0.047172
v 0.693995 -0.314411 -0.031561
v 0.638994 -0.379055 -0.180789
v 0.649462 -0.350648 -0.195481
v 0.650225 -0.353601 -0.153310
v 0.478278 -0.339471 0.280369
v 0.474885 -0.356892 0.302785
v 0.485541 -0.355123 0.275003
v 0.311041 -0.375988 0.005456
v 0.294055 -0.362496 -0.008411
v 0.316762 -0.360924 0.006244
v 0.655041 -0.317069 0.231891
v 0.660796 -0.326426 0.199627
v 0.669342 -0.328611 0.243526
v 0.650225 -0.353601 -0.153310
v 0.649462 -0.350648 -0.195481
v 0.623153 -0.324894 -0.180598
v 0.605254 -0.355584 0.336273
v 0.615203 -0.332036 0.328141
v 0.604087 -0.338393 0.364612
v 0.585865 -0.352781 0.308062
v 0.588318 -0.334662 0.302215
v 0.453501 -0.340971 0.128195
v 0.451602 -0.356470 0.153732
v 0.459691 -0.355817 0.121280
v 0.422092 -0.349115 0.096653
v 0.459691 -0.355817 0.121280
v 0.727439 -0.317962 -0.018464
v 0.726799 -0.340035 0.003643
v 0.734145 -0.336912 -0.024889
v 0.399644 -0.346504 -0.051610
v 0.388145 -0.341977 -0.110576
v 0.414748 -0.367762 -0.088966
v 0.388135 -0.369151 -0.121251
v 0.307494 -0.361828 0.042509
v 0.311041 -0.375988 0.005456
v 0.316762 -0.360924 0.006244
v 0.446420 -0.338285 0.263437
v 0.455664 -0.358041 0.249061
v 0.478278 -0.339471 0.280369
v 0.485541 -0.355123 0.275003
v 0.350097 -0.381339 0.246556
v 0.361352 -0.357858 0.237731
v 0.348494 -0.364340 0.276547
v 0.329423 -0.378703 0.217027
v 0.332388 -0.360687 0.210762
v 0.350097 -0.381339 0.246556
v 0.305593 -0.377343 0.252641
v 0.329423 -0.378703 0.217027
v 0.348494 -0.364340 0.276547
v 0.306017 -0.362474 0.224543
v 0.296256 -0.381243 0.035887
v 0.271613 -0.376823 0.003504
v 0.311041 -0.375988 0.005456
v 0.270579 -0.369711 0.050251
v 0.294055 -0.362496 -0.008411
v 0.418279 -0.356869 0.266694
v 0.455664 -0.358041 0.249061
v 0.454644 -0.370958 0.279299
v 0.485541 -0.355123 0.275003
v 0.431658 -0.361046 0.299940
v 0.474885 -0.356892 0.302785
v 0.382688 -0.339879 0.121581
v 0.422092 -0.349115 0.096653
v 0.424344 -0.361871 0.130536
v 0.459691 -0.355817 0.121280
v 0.402244 -0.348981 0.156720
v 0.451602 -0.356470 0.153732
v 0.605254 -0.355584 0.336273
v 0.564587 -0.351140 0.341354
v 0.585865 -0.352781 0.308062
v 0.604087 -0.338393 0.364612
v 0.592449 -0.334970 -0.076293
v 0.582392 -0.334121 -0.027784
v 0.564375 -0.351432 -0.043203
v 0.539885 -0.340072 -0.022606
v 0.558300 -0.347132 -0.086918
v 0.525150 -0.347440 -0.052571
v 0.535398 -0.338225 -0.090223
v 0.666708 -0.335945 -0.025588
v 0.701668 -0.337950 -0.047172
v 0.704228 -0.355063 -0.017528
v 0.734145 -0.336912 -0.024889
v 0.683771 -0.343209 0.005590
v 0.726799 -0.340035 0.003643
v 0.331345 -0.366684 -0.044763
v 0.335987 -0.374244 -0.102307
v 0.373354 -0.391883 -0.078753
v 0.388135 -0.369151 -0.121251
v 0.381577 -0.370888 -0.037734
v 0.414748 -0.367762 -0.088966
v 0.660796 -0.326426 0.199627
v 0.669342 -0.328611 0.243526
v 0.639084 -0.339595 0.232776
v 0.633919 -0.332071 0.267931
v 0.622767 -0.333575 0.204015
v 0.607842 -0.335074 0.248913
v 0.609447 -0.326346 0.218381
v 0.614581 -0.347118 0.103373
v 0.538585 -0.329127 0.111682
v 0.579511 -0.342075 0.050560
v 0.613367 -0.326560 0.155751
v 0.553814 -0.314780 0.137873
v 0.540918 -0.318516 0.062433
v 0.636255 -0.329084 0.088415
v 0.586410 -0.326468 0.039673
v 0.613367 -0.326560 0.155751
v 0.496857 -0.396626 -0.183107
v 0.490971 -0.374088 -0.117647
v 0.445848 -0.393068 -0.161513
v 0.536950 -0.358891 -0.179071
v 0.638994 -0.379055 -0.180789
v 0.599124 -0.358257 -0.160105
v 0.609034 -0.369739 -0.202183
v 0.650225 -0.353601 -0.153310
v 0.296256 -0.381243 0.035887
v 0.307494 -0.361828 0.042509
v 0.311041 -0.375988 0.005456
v 0.305593 -0.377343 0.252641
v 0.348494 -0.364340 0.276547
v 0.313613 -0.361805 0.267389
v 0.445974 -0.346028 0.307746
v 0.478278 -0.339471 0.280369
v 0.474885 -0.356892 0.302785
v 0.431658 -0.361046 0.299940
v 0.474885 -0.356892 0.302785
v 0.445974 -0.346028 0.307746
v 0.628880 -0.322316 0.260444
v 0.669342 -0.328611 0.243526
v 0.633919 -0.332071 0.267931
v 0.402244 -0.348981 0.156720
v 0.451602 -0.356470 0.153732
v 0.420632 -0.340254 0.163294
v 0.511776 -0.345824 -0.131218
v 0.445859 -0.355544 -0.131115
v 0.490971 -0.374088 -0.117647
v 0.683771 -0.343209 0.005590
v 0.726799 -0.340035 0.003643
v 0.698683 -0.326002 0.011991
v 0.381577 -0.370888 -0.037734
v 0.414748 -0.367762 -0.088966
v 0.399644 -0.346504 -0.051610
v 0.698683 -0.326002 0.011991
v 0.727439 -0.317962 -0.018464
v 0.726799 -0.340035 0.003643
v 0.399644 -0.346504 -0.051610
v 0.331345 -0.366684 -0.044763
v 0.381577 -0.370888 -0.037734
v 0.490971 -0.374088 -0.117647
v 0.536950 -0.358891 -0.179071
v 0.511776 -0.345824 -0.131218
v 0.599124 -0.358257 -0.160105
v 0.650225 -0.353601 -0.153310
v 0.613939 -0.338743 -0.150349
v 0.296256 -0.381243 0.035887
v 0.307494 -0.361828 0.042509
v 0.270579 -0.369711 0.050251
v 0.212915 -0.386700 -0.043990
v 0.200038 -0.406476 -0.050131
v 0.196692 -0.425320 -0.052283
v 0.194080 -0.425569 0.210423
v 0.353931 -0.372918 0.387960
v 0.349609 -0.391857 0.402699
v 0.349260 -0.410408 0.407862
v 0.197063 -0.406761 0.208448
v 0.209312 -0.387047 0.202640
v 0.625805 -0.346363 0.377046
v 0.389892 -0.369657 0.311812
v 0.353931 -0.372918 0.387960
v 0.209312 -0.387047 0.202640
v 0.561928 -0.328218 0.229152
v 0.801927 -0.329165 0.202658
v 0.431897 -0.365806 0.233162
v 0.505064 -0.333806 0.079334
v 0.292637 -0.351750 0.167087
v 0.285800 -0.371906 -0.013159
v 0.212915 -0.386700 -0.043990
v 0.386209 -0.369778 -0.216509
v 0.358683 -0.357113 0.017672
v 0.445572 -0.349146 -0.068119
v 0.632612 -0.345711 -0.210593
v 0.653704 -0.327627 0.019082
v 0.802703 -0.329094 -0.042103
v 0.386209 -0.369778 -0.216509
v 0.632612 -0.345711 -0.210593
v 0.381899 -0.388717 -0.231402
v 0.212915 -0.386700 -0.043990
v 0.640516 -0.363457 -0.225331
v 0.200038 -0.406476 -0.050131
v 0.381542 -0.407269 -0.236645
v 0.644449 -0.381590 -0.230493
v 0.196692 -0.425320 -0.052283
v 0.632612 -0.345711 -0.210593
v 0.640516 -0.363457 -0.225331
v 0.644449 -0.381590 -0.230493
v 0.826047 -0.363848 -0.050510
v 0.819138 -0.346007 -0.048309
v 0.802703 -0.329094 -0.042103
v 0.801927 -0.329165 0.202658
v 0.818386 -0.346074 0.208801
v 0.825316 -0.363914 0.210953
v 0.825316 -0.363914 0.210953
v 0.644449 -0.381590 -0.230493
v 0.826047 -0.363848 -0.050510
v 0.638584 -0.382149 0.396559
v 0.196692 -0.425320 -0.052283
v 0.381542 -0.407269 -0.236645
v 0.194080 -0.425569 0.210423
v 0.349260 -0.410408 0.407862
v 0.801927 -0.329165 0.202658
v 0.818386 -0.346074 0.208801
v 0.825316 -0.363914 0.210953
v 0.638584 -0.382149 0.396559
v 0.634302 -0.364051 0.391541
v 0.625805 -0.346363 0.377046
v 0.353931 -0.372918 0.387960
v 0.349609 -0.391857 0.402699
v 0.349260 -0.410408 0.407862
v 0.071903 -0.399290 -0.060932
v 0.075851 -0.419063 -0.047218
v 0.076494 -0.437907 -0.043294
v 0.275404 -0.437581 -0.214922
v 0.302905 -0.384747 -0.452190
v 0.316870 -0.403649 -0.458695
v 0.321022 -0.422188 -0.461853
v 0.271903 -0.418781 -0.215847
v 0.259401 -0.399095 -0.221194
v 0.115000 -0.358563 -0.649031
v 0.221979 -0.381698 -0.428864
v 0.302905 -0.384747 -0.452190
v 0.259401 -0.399095 -0.221194
v 0.046157 -0.340658 -0.503353
v -0.132312 -0.341969 -0.665986
v 0.135181 -0.378072 -0.408421
v -0.028707 -0.346501 -0.361679
v 0.177569 -0.363982 -0.260227
v 0.046847 -0.384522 -0.136004
v 0.071903 -0.399290 -0.060932
v -0.172136 -0.382965 -0.077000
v 0.021793 -0.369755 -0.211074
v -0.100034 -0.362086 -0.219599
v -0.330572 -0.359199 -0.265844
v -0.172163 -0.340642 -0.433430
v -0.316539 -0.342432 -0.504838
v -0.172136 -0.382965 -0.077000
v -0.330572 -0.359199 -0.265844
v -0.180420 -0.401931 -0.063933
v 0.071903 -0.399290 -0.060932
v -0.346812 -0.376987 -0.262048
v 0.075851 -0.419063 -0.047218
v -0.184073 -0.420493 -0.060210
v -0.353241 -0.395136 -0.261597
v 0.076494 -0.437907 -0.043294
v -0.330572 -0.359199 -0.265844
v -0.346812 -0.376987 -0.262048
v -0.353241 -0.395136 -0.261597
v -0.338187 -0.377235 -0.516822
v -0.332014 -0.359380 -0.513081
v -0.316539 -0.342432 -0.504838
v -0.132312 -0.341969 -0.665986
v -0.138535 -0.358886 -0.682409
v -0.141454 -0.376730 -0.689041
v -0.141454 -0.376730 -0.689041
v -0.353241 -0.395136 -0.261597
v -0.338187 -0.377235 -0.516822
v 0.121291 -0.394323 -0.671533
v 0.076494 -0.437907 -0.043294
v -0.184073 -0.420493 -0.060210
v 0.275404 -0.437581 -0.214922
v 0.321022 -0.422188 -0.461853
v -0.132312 -0.341969 -0.665986
v -0.138535 -0.358886 -0.682409
v -0.141454 -0.376730 -0.689041
v 0.121291 -0.394323 -0.671533
v 0.120309 -0.376230 -0.664995
v 0.115000 -0.358563 -0.649031
v 0.302905 -0.384747 -0.452190
v 0.316870 -0.403649 -0.458695
v 0.321022 -0.422188 -0.461853
v -0.558967 -0.376330 -0.272420
v -0.558964 -0.376331 -0.483683
v -0.537282 -0.394523 -0.378051
v -0.558964 -0.376331 -0.483683
v 0.048691 0.111846 -0.378046
v -0.537282 -0.394523 -0.378051
v -0.558967 -0.376330 -0.272420
vn 0.5264 0.5893 0.6129
vn 0.4489 0.5828 0.6773
vn 0.8389 0.4077 0.3606
vn 0.3387 0.8431 -0.4176
vn 0.6220 0.7715 -0.1339
vn 0.8278 0.5282 -0.1892
vn 0.1964 -0.8801 0.4322
vn 0.4942 -0.8470 0.1961
vn 0.7253 -0.6307 0.2759
vn 0.9203 0.3776 0.1023
vn 0.5601 0.7811 -0.2762
vn 0.4640 0.8731 0.1494
vn 0.3858 0.7088 -0.5906
vn 0.6616 0.7167 -0.2205
vn 0.8033 0.2048 -0.5592
vn 0.9338 0.3453 0.0942
vn 0.5904 0.7557 -0.2835
vn 0.4809 0.8595 0.1734
vn 0.6291 0.7628 -0.1494
vn 0.0630 0.9064 0.4177
vn 0.8753 0.4416 0.1972
vn 0.9699 0.2208 -0.1025
vn 0.9009 0.3635 -0.2371
vn 0.7321 0.6297 -0.2598
vn 0.4466 0.8935 0.0470
vn 0.3923 -0.9182 0.0550
vn 0.3294 -0.8625 -0.3843
vn 0.5347 -0.6606 -0.5269
vn 0.3376 0.7697 -0.5419
vn 0.6857 0.6856 -0.2443
vn 0.8511 0.4256 -0.3074
vn 0.6511 -0.7373 -0.1804
vn -0.0631 -0.8830 -0.4651
vn 0.8129 -0.5209 -0.2606
vn 0.9726 -0.2275 0.0471
vn 0.6562 -0.5375 0.5296
vn 0.6092 -0.7754 -0.1663
vn 0.7387 -0.2436 0.6285
vn 0.3377 0.9188 -0.2042
vn 0.3388 0.8431 -0.4175
vn -0.3541 0.6372 -0.6845
vn 0.6219 0.7716 -0.1338
vn -0.2121 0.8877 -0.4085
vn -0.3859 0.8976 -0.2131
vn -0.1492 0.9736 -0.1727
vn -0.2755 0.9602 0.0472
vn 0.1811 0.9527 -0.2441
vn 0.0948 0.9950 0.0316
vn 0.7370 0.6743 0.0470
vn -0.0315 0.8181 -0.5742
vn -0.3452 0.9021 -0.2589
vn 0.0550 0.9820 -0.1807
vn -0.1262 0.9706 0.2052
vn 0.4640 0.8731 0.1495
vn 0.3630 0.8442 -0.3945
vn -0.0314 0.8639 -0.5027
vn 0.0865 0.9825 -0.1651
vn -0.2920 0.9470 -0.1342
vn 0.4092 0.8892 0.2045
vn 0.0157 0.9517 0.3067
vn -0.2608 0.9249 -0.2766
vn 0.1805 0.9805 0.0784
vn 0.3859 0.7087 -0.5906
vn 0.6615 0.7168 -0.2205
vn -0.2209 0.9707 0.0948
vn -0.0236 0.8812 0.4721
vn -0.3850 0.7230 -0.5737
vn -0.0393 0.8012 -0.5971
vn -0.3776 0.8889 -0.2595
vn 0.0550 0.9820 -0.1806
vn -0.1421 0.9630 0.2289
vn 0.5903 0.7558 -0.2834
vn 0.4809 0.8595 0.1735
vn -0.1656 0.9781 -0.1262
vn -0.4734 0.8758 0.0946
vn -0.0791 0.8541 -0.5141
vn 0.1970 0.7881 -0.5832
vn -0.2047 0.6762 -0.7077
vn -0.4716 0.6761 -0.5661
vn -0.1889 0.9680 -0.1652
vn -0.6686 0.7394 -0.0786
vn -0.2668 0.8871 0.3767
vn -0.1888 0.9680 -0.1652
vn 0.4466 0.8935 0.0471
vn 0.7320 0.6298 -0.2598
vn -0.4567 0.8896 -0.0079
vn -0.1576 0.8985 0.4098
vn 0.0316 0.9994 -0.0156
vn 0.4088 0.8726 0.2673
vn -0.0158 0.8018 -0.5973
vn 0.4499 0.7972 -0.4025
vn -0.1260 0.9768 0.1732
vn 0.0708 0.8656 -0.4957
vn -0.6764 0.6765 -0.2911
vn 0.3322 0.8857 -0.3242
vn 0.6200 0.6749 -0.4002
vn -0.4817 0.4898 -0.7267
vn -0.4318 0.7693 0.4709
vn 0.3701 0.8740 -0.3150
vn 0.3377 0.7697 -0.5418
vn -0.3948 0.5921 -0.7026
vn 0.6856 0.6857 -0.2443
vn 0.1413 0.8791 -0.4552
vn -0.0709 0.8202 -0.5677
vn -0.6769 0.7319 -0.0787
vn 0.3455 0.6597 -0.6674
vn -0.5938 -0.3246 0.7363
vn -0.5842 -0.2448 0.7738
vn -0.5976 -0.3617 0.7156
vn 0.1882 -0.4235 0.8861
vn 0.2435 -0.3534 0.9032
vn 0.1495 -0.4641 0.8731
vn 0.1022 -0.5187 0.8488
vn 0.0710 0.5678 0.8201
vn 0.4489 0.5828 0.6774
vn 0.0236 0.5120 0.8586
vn 0.2431 -0.6118 0.7528
vn 0.3789 -0.4421 0.8130
vn 0.1258 -0.0472 0.9909
vn 0.3383 0.5507 0.7631
vn 0.0157 0.9517 0.3066
vn 0.0631 0.9064 0.4177
vn -0.4733 0.8758 0.0946
vn -0.5348 0.3461 0.7708
vn 0.2679 -0.6066 0.7485
vn 0.3924 -0.9182 0.0548
vn 0.3938 -0.4016 0.8268
vn 0.1259 -0.0393 0.9913
vn 0.1579 0.5368 0.8288
vn -0.1261 0.9768 0.1732
vn -0.4317 0.7693 0.4710
vn 0.0473 0.7180 0.6944
vn -0.0627 -0.7213 0.6898
vn 0.4414 -0.6385 0.6305
vn 0.1732 -0.1810 0.9681
vn 0.6562 -0.5376 0.5296
vn 0.7386 -0.2436 0.6286
vn 0.4968 0.0236 0.8675
vn -0.2907 0.7072 0.6444
vn -0.4017 0.6931 0.5986
vn 0.0629 0.5823 0.8105
vn -0.5971 -0.4323 0.6757
vn -0.5938 -0.3247 0.7362
vn -0.6925 -0.3226 0.6453
vn -0.6823 0.5724 0.4548
vn -0.7390 0.5031 0.4481
vn -0.6448 0.6134 0.4560
vn -0.5911 0.6699 0.4492
vn -0.8801 -0.4322 -0.1965
vn -0.3540 0.6373 -0.6845
vn -0.3372 0.4705 -0.8155
vn -0.7223 0.1492 -0.6753
vn -0.4726 -0.5909 0.6538
vn -0.4402 -0.4481 0.7781
vn -0.7861 -0.0786 0.6131
vn -0.2609 0.9249 -0.2767
vn -0.3851 0.7230 -0.5736
vn -0.4718 0.6761 -0.5660
vn -0.6686 0.7394 -0.0787
vn -0.8754 -0.4811 -0.0473
vn -0.8965 -0.4405 0.0471
vn -0.7807 -0.4258 -0.4574
vn -0.8476 -0.3297 0.4159
vn -0.8524 -0.2526 0.4578
vn -0.6765 0.6765 -0.2910
vn -0.4818 0.4897 -0.7267
vn -0.8040 0.1497 -0.5754
vn -0.6765 0.6765 -0.2911
vn -0.7375 0.5805 0.3451
vn -0.3947 0.5921 -0.7026
vn -0.4635 0.3614 -0.8091
vn -0.7942 0.1102 -0.5976
vn -0.6769 0.7319 -0.0786
vn -0.0709 0.8201 -0.5678
vn -0.8396 0.5336 -0.1020
vn -0.9156 0.2763 0.2921
vn -0.7223 -0.5339 -0.4396
vn -0.7662 -0.4661 -0.4424
vn -0.4156 -0.6587 -0.6273
vn -0.2908 0.7073 0.6444
vn -0.7023 0.6076 0.3709
vn -0.4018 0.6931 0.5985
vn -0.7568 0.5439 0.3626
vn -0.8520 -0.5206 -0.0552
vn -0.8754 -0.4811 0.0473
vn -0.7608 -0.4550 -0.4627
vn -0.8286 -0.3630 0.4262
vn -0.8376 -0.2845 0.4663
vn 0.1655 -0.9842 -0.0629
vn 0.3626 -0.9303 0.0553
vn 0.2922 -0.8847 -0.3633
vn 0.2041 -0.9502 0.2356
vn 0.4940 -0.8470 0.1961
vn -0.4401 -0.4481 0.7782
vn 0.2517 -0.8656 0.4329
vn -0.1737 -0.8452 0.5055
vn -0.0394 -0.9841 0.1732
vn -0.4258 -0.8990 0.1025
vn 0.3317 -0.9242 -0.1895
vn -0.0628 -0.9420 -0.3296
vn 0.3951 -0.8136 0.4265
vn 0.1022 -0.8337 0.5426
vn 0.1572 -0.9507 0.2672
vn -0.1414 -0.9510 0.2751
vn 0.4175 -0.9059 -0.0708
vn 0.0942 -0.9895 -0.1099
vn 0.1896 -0.9793 -0.0712
vn 0.3923 -0.9182 0.0549
vn 0.3293 -0.8625 -0.3842
vn -0.4311 -0.9014 0.0392
vn -0.2746 -0.8945 -0.3529
vn -0.1028 -0.9885 -0.1108
vn 0.2133 -0.9478 -0.2370
vn -0.0551 -0.9365 0.3463
vn 0.1898 -0.9565 0.2213
vn 0.2128 -0.8118 0.5438
vn 0.3389 -0.8040 0.4887
vn -0.1338 -0.7715 0.6220
vn -0.0315 -0.9750 0.2202
vn -0.4881 -0.8503 0.1969
vn 0.3541 -0.9049 -0.2360
vn -0.1257 -0.9270 -0.3534
vn 0.4156 -0.9096 -0.0000
vn 0.2526 -0.8524 0.4578
vn -0.0314 -0.9895 0.1413
vn -0.2915 -0.8271 0.4805
vn -0.1499 -0.8921 -0.4262
vn -0.5208 -0.8443 -0.1262
vn -0.2828 -0.9190 0.2749
vn -0.2592 -0.9657 0.0158
vn -0.0790 -0.9843 0.1576
vn 0.0157 -0.9979 -0.0628
vn 0.0865 -0.8973 0.4328
vn 0.2204 -0.9520 0.2125
vn 0.5506 -0.6133 0.5664
vn -0.2203 -0.9753 -0.0157
vn 0.4104 -0.9077 0.0868
vn -0.0628 -0.7213 0.6898
vn 0.3686 -0.9176 -0.1490
vn 0.5262 -0.7932 -0.3064
vn -0.5893 -0.8014 0.1021
vn -0.6687 -0.5743 0.4721
vn -0.5651 -0.7379 -0.3689
vn -0.2437 -0.9276 -0.2830
vn 0.6511 -0.7372 -0.1804
vn -0.5112 -0.7235 -0.4639
vn 0.3765 -0.9019 -0.2117
vn 0.6092 -0.7754 -0.1662
vn 0.6561 -0.5375 0.5297
vn 0.3242 -0.7433 -0.5851
vn -0.3070 -0.6847 -0.6610
vn -0.7222 -0.5339 -0.4396
vn -0.4156 -0.6587 -0.6272
vn 0.3626 -0.9303 0.0552
vn 0.2923 -0.8846 -0.3634
vn 0.5029 -0.6915 -0.5186
vn -0.3540 0.6373 -0.6846
vn 0.3389 0.8431 -0.4175
vn -0.3371 0.4705 -0.8155
vn 0.3311 -0.5839 -0.7413
vn 0.3318 -0.9241 -0.1895
vn 0.3859 0.7087 -0.5905
vn -0.1492 0.5339 -0.8323
vn -0.3850 0.7229 -0.5737
vn 0.3298 -0.6753 -0.6597
vn 0.3476 0.3319 -0.8769
vn 0.4499 0.7972 -0.4024
vn 0.2520 -0.5512 -0.7954
vn -0.5755 -0.4573 -0.6780
vn -0.5207 -0.8444 -0.1262
vn -0.3947 0.5920 -0.7027
vn 0.3378 0.7697 -0.5418
vn -0.4634 0.3614 -0.8091
vn -0.0710 0.8202 -0.5677
vn 0.3455 0.6595 -0.6675
vn 0.3397 0.3952 -0.8535
vn -0.0630 -0.8830 -0.4651
vn -0.5112 -0.7234 -0.4640
vn -0.5594 -0.4885 -0.6697
vn 0.6092 -0.7754 -0.1661
vn 0.3242 -0.7432 -0.5852
vn 0.4018 -0.5277 -0.7484
vn -0.3069 -0.6847 -0.6611
vn 0.0474 -0.6006 -0.7981
vn 0.9770 0.2127 -0.0158
vn 0.6775 0.5041 0.5356
vn 0.7181 0.3393 0.6076
vn 0.6471 0.3315 -0.6866
vn 0.6872 0.1501 -0.7108
vn 0.5741 0.5425 -0.6133
vn 0.9185 0.3925 -0.0471
vn 0.8105 0.5824 -0.0629
vn 0.5980 0.6845 0.4169
vn 0.0553 0.9718 -0.2291
vn 0.1415 0.9595 -0.2438
vn 0.1581 0.9566 -0.2450
vn 0.2195 0.9642 -0.1489
vn 0.0868 0.9781 -0.1893
vn -0.0158 0.9786 -0.2052
vn 0.1258 0.9673 -0.2202
vn 0.0471 0.9888 -0.1413
vn 0.1417 0.9760 -0.1653
vn 0.1413 0.9889 -0.0471
vn 0.1731 0.9838 -0.0472
vn 0.0632 0.9960 -0.0632
vn 0.0790 0.9949 -0.0632
vn 0.0554 0.9959 -0.0712
vn 0.0078 0.9962 -0.0863
vn -0.0157 0.9898 -0.1414
vn 0.0632 0.7588 0.6482
vn -0.4733 0.7574 0.4498
vn 0.0552 0.5914 0.8045
vn 0.5979 0.6845 0.4171
vn -0.5666 0.5981 0.5667
vn 0.6774 0.5042 0.5357
vn 0.0473 0.4341 0.8996
vn -0.6295 0.4328 0.6453
vn 0.7180 0.3393 0.6077
vn -0.5667 0.5982 0.5666
vn -0.9353 0.3537 -0.0078
vn -0.6296 0.4328 0.6452
vn -0.4735 0.7574 0.4496
vn -0.8526 0.5211 -0.0395
vn -0.7093 0.7013 -0.0709
vn -0.5126 0.6072 -0.6071
vn -0.6193 0.4154 -0.6662
vn -0.6833 0.2356 -0.6911
vn -0.0632 -0.9867 0.1500
vn -0.0631 -0.9867 0.1499
vn -0.6192 0.4154 -0.6663
vn -0.0471 0.1413 -0.9889
vn -0.6832 0.2356 -0.6912
vn -0.5125 0.6071 -0.6072
vn -0.0236 0.3303 -0.9436
vn -0.0001 0.5364 -0.8440
vn 0.5739 0.5425 -0.6134
vn 0.6471 0.3314 -0.6866
vn 0.6871 0.1500 -0.7109
vn -0.8512 0.3468 -0.3940
vn -0.3146 0.4953 -0.8098
vn -0.3540 0.3146 -0.8808
vn -0.7909 0.5141 0.3321
vn -0.8679 0.3392 0.3629
vn -0.6621 0.6936 0.2837
vn -0.7729 0.5205 -0.3628
vn -0.6449 0.7000 -0.3067
vn -0.2605 0.6708 -0.6944
vn 0.0392 0.9961 0.0785
vn -0.0554 0.9970 0.0539
vn -0.0710 0.9959 0.0553
vn -0.0790 0.9949 -0.0632
vn 0.0236 0.9992 0.0315
vn 0.1177 0.9886 0.0941
vn -0.0158 0.9998 -0.0157
vn -0.0315 0.9987 0.0393
vn -0.0000 0.9888 -0.1491
vn 0.0785 0.9969 -0.0000
vn 0.0315 0.9915 -0.1259
vn 0.0945 0.9924 -0.0788
vn 0.0866 0.9918 -0.0944
vn 0.1023 0.9922 -0.0708
vn 0.1490 0.9883 -0.0314
vn 0.1336 0.9905 0.0314
vn 0.3316 0.6632 -0.6710
vn 0.7464 0.6129 -0.2594
vn 0.3758 0.4698 -0.7988
vn -0.2603 0.6708 -0.6945
vn -0.3144 0.4953 -0.8098
vn 0.3930 0.2908 -0.8724
vn 0.9095 0.2431 -0.3372
vn -0.3538 0.3146 -0.8808
vn 0.8512 0.4256 -0.3073
vn 0.8808 0.2516 0.4011
vn 0.9096 0.2431 -0.3371
vn 0.7465 0.6129 -0.2592
vn 0.8185 0.4329 0.3778
vn 0.7017 0.6308 0.3312
vn 0.2993 0.6300 0.7166
vn 0.3377 0.4397 0.8322
vn 0.3546 0.2600 0.8981
vn -0.0628 -0.9980 -0.0000
vn -0.0631 -0.9980 -0.0001
vn -0.0629 -0.9980 -0.0000
vn 0.3376 0.4397 0.8323
vn -0.3236 0.3157 0.8920
vn 0.3545 0.2600 0.8982
vn 0.2992 0.6300 0.7167
vn -0.2923 0.4897 0.8215
vn -0.2356 0.6753 0.6989
vn -0.6621 0.6936 0.2838
vn -0.7908 0.5140 0.3322
vn -0.8678 0.3392 0.3630
vn -0.1650 -0.9114 -0.3771
vn -0.5198 -0.8031 -0.2914
vn -0.6519 -0.5812 -0.4870
vn -0.7168 0.4647 -0.5198
vn -0.4740 0.8770 -0.0789
vn -0.1895 0.8845 -0.4264
vn -0.4559 0.8412 0.2908
vn -0.5513 0.8193 -0.1576
vn -0.9078 0.3947 0.1421
vn -0.4798 0.8493 -0.2202
vn 0.2749 0.8245 -0.4947
vn -0.6223 0.5042 -0.5987
vn -0.8723 0.3458 -0.3458
vn -0.7315 0.4326 -0.5270
vn -0.5047 0.8597 -0.0788
vn -0.2053 0.8690 -0.4503
vn -0.2923 0.9244 0.2450
vn -0.4503 0.8926 -0.0237
vn -0.7372 0.6745 -0.0392
vn -0.4968 -0.8597 -0.1184
vn -0.6084 -0.7347 0.3002
vn -0.8130 -0.4893 0.3157
vn -0.3842 0.8862 0.2588
vn -0.5896 0.7938 -0.1494
vn -0.8086 0.5730 -0.1334
vn -0.7879 -0.6145 -0.0394
vn -0.2985 -0.7855 0.5421
vn -0.9303 -0.3627 -0.0552
vn -0.8905 -0.1103 -0.4413
vn -0.0550 0.8962 0.4403
vn 0.3684 0.8858 0.2821
vn 0.0550 0.9980 0.0314
vn 0.3778 0.8973 -0.2283
vn -0.1894 0.8845 -0.4264
vn -0.3308 0.9372 0.1102
vn -0.0236 0.9288 0.3699
vn 0.0393 0.9992 0.0079
vn 0.3785 0.9147 0.1419
vn -0.1181 0.8818 -0.4565
vn 0.2825 0.8789 -0.3844
vn 0.2911 0.9208 0.2596
vn 0.0472 0.9667 -0.2515
vn -0.4560 0.8412 0.2908
vn 0.4101 0.9071 -0.0947
vn 0.3712 0.7738 -0.5132
vn 0.2439 0.7634 0.5981
vn 0.2749 0.9583 0.0785
vn 0.2748 0.8245 -0.4946
vn -0.4797 0.8493 -0.2202
vn 0.6197 0.7845 0.0236
vn 0.0156 0.9153 0.4024
vn -0.2673 0.8963 0.3538
vn -0.0631 0.8830 0.4651
vn 0.3938 0.8664 0.3071
vn 0.0551 0.9980 0.0315
vn 0.3951 0.8854 -0.2449
vn -0.2053 0.8690 -0.4502
vn 0.1729 0.9434 -0.2829
vn -0.2923 0.9244 0.2449
vn 0.4802 0.7716 0.4172
vn -0.4502 0.8926 -0.0237
vn 0.1102 0.6456 0.7557
vn 0.5891 0.7148 -0.3769
vn 0.5658 0.8172 0.1100
vn 0.4729 0.7881 -0.3941
vn 0.1493 0.9826 -0.1100
vn -0.0941 0.8551 -0.5099
vn -0.0868 0.8847 0.4581
vn -0.4234 0.9018 0.0862
vn -0.2994 0.9536 0.0314
vn -0.3842 0.8862 0.2587
vn 0.1738 0.6557 0.7348
vn -0.5894 0.7939 -0.1493
vn 0.1107 -0.5458 -0.8306
vn 0.0868 -0.4737 -0.8764
vn 0.1337 -0.5819 -0.8022
vn 0.1574 -0.6453 -0.7476
vn -0.0236 -0.6991 -0.7147
vn -0.0940 -0.5248 -0.8460
vn 0.2834 -0.2047 -0.9369
vn 0.1100 0.4476 -0.8874
vn -0.1182 0.8818 -0.4566
vn 0.2918 0.4023 -0.8678
vn 0.2918 0.4023 -0.8677
vn 0.2748 0.8245 -0.4947
vn 0.8580 0.1338 -0.4959
vn 0.5890 0.7148 -0.3770
vn 0.2523 0.5833 -0.7721
vn -0.0473 -0.6943 -0.7181
vn -0.4969 -0.8597 -0.1182
vn -0.0945 -0.4888 -0.8672
vn 0.2766 -0.1975 -0.9405
vn 0.8231 -0.5095 -0.2509
vn 0.9018 0.3955 -0.1740
vn 0.9359 0.3224 -0.1417
vn 0.8753 0.4416 -0.1971
vn 0.8350 0.5041 -0.2206
vn 0.5831 -0.7487 -0.3152
vn 0.6292 -0.6292 -0.4562
vn 0.9390 -0.2762 -0.2051
vn 0.2911 0.9207 0.2597
vn 0.2440 0.7634 0.5981
vn 0.1102 0.6455 0.7558
vn 0.4729 0.3231 0.8197
vn 0.4802 0.7715 0.4174
vn 0.8079 0.5804 -0.1020
vn 0.5891 0.7147 -0.3769
vn 0.6761 -0.5660 0.4717
vn 0.7409 -0.5438 0.3941
vn 0.4405 -0.4327 0.7866
vn 0.8675 -0.4968 0.0236
vn 0.9021 -0.4313 -0.0155
vn 0.1738 0.6558 0.7347
vn 0.1500 0.4422 0.8843
vn 0.4876 0.1179 0.8650
vn 0.3710 -0.5367 0.7578
vn 0.4253 -0.4726 0.7719
vn -0.0000 -0.5835 0.8121
vn 0.6462 -0.5990 0.4729
vn 0.7181 -0.5839 0.3787
vn 0.4103 -0.4577 0.7888
vn 0.8497 -0.5272 0.0079
vn 0.8860 -0.4626 -0.0313
vn -0.3550 -0.9308 0.0868
vn -0.4729 -0.8751 -0.1025
vn -0.0236 -0.6990 -0.7147
vn -0.5738 -0.7626 0.2987
vn -0.0941 -0.5249 -0.8460
vn -0.2600 -0.9453 -0.1969
vn -0.1649 -0.9114 -0.3771
vn -0.5196 -0.8032 -0.2913
vn 0.6292 -0.6293 -0.4562
vn -0.3781 -0.9217 0.0866
vn -0.4968 -0.8598 -0.1182
vn -0.6082 -0.7348 0.3002
vn -0.1651 -0.9045 -0.3932
vn 0.1571 -0.9191 -0.3613
vn -0.0158 -0.9919 -0.1259
vn 0.2591 -0.9658 -0.0000
vn -0.3952 -0.9169 0.0553
vn -0.1180 -0.9605 0.2519
vn -0.2529 -0.8296 -0.4978
vn 0.2295 -0.8783 -0.4195
vn -0.0553 -0.9953 -0.0790
vn 0.3633 -0.9241 0.1185
vn -0.5806 -0.8004 0.1490
vn -0.2045 -0.8576 0.4720
vn 0.2370 -0.9401 0.2448
vn -0.0632 -0.8459 0.5296
vn -0.1334 -0.9586 0.2515
vn -0.4643 -0.8578 0.2204
vn 0.0158 -0.9834 -0.1810
vn -0.2588 -0.9490 -0.1803
vn -0.1183 -0.8597 -0.4969
vn 0.1976 -0.9800 -0.0237
vn 0.0632 -0.9783 0.1973
vn -0.0472 -0.9989 -0.0000
vn -0.2209 -0.9625 0.1578
vn -0.0630 -0.9444 -0.3227
vn -0.2847 -0.9412 -0.1819
vn -0.3783 -0.6305 -0.6778
vn -0.0629 -0.8879 0.4558
vn -0.2984 -0.7856 0.5420
vn -0.7879 -0.6145 -0.0395
vn 0.1415 -0.6842 0.7155
vn -0.1176 -0.5883 0.8000
vn 0.3709 -0.5368 0.7578
vn 0.0001 -0.5835 0.8121
vn -0.5739 -0.7625 0.2987
vn -0.7896 -0.5212 0.3237
vn -0.4560 0.8411 0.2908
vn -0.1026 0.6461 0.7563
vn 0.2439 0.7634 0.5982
vn -0.6048 0.5183 0.6047
vn -0.4234 0.9019 0.0862
vn -0.5773 -0.5852 0.5694
vn -0.3952 -0.9169 0.0552
vn -0.6549 -0.3630 0.6628
vn 0.1737 0.6557 0.7348
vn -0.3844 0.8862 0.2588
vn 0.1499 0.4422 0.8843
vn -0.2985 -0.7856 0.5419
vn 0.1415 -0.6840 0.7156
vn 0.1413 -0.4238 0.8947
vn -0.1177 -0.5883 0.8000
vn -0.4722 -0.4407 0.7634
vn -0.8485 0.3457 0.4007
vn -0.8052 0.5289 -0.2683
vn -0.8889 0.3539 -0.2909
vn -0.2606 0.4816 0.8368
vn -0.2915 0.3072 0.9059
vn -0.2056 0.6638 0.7191
vn -0.7707 0.5191 0.3696
vn -0.6387 0.7018 0.3154
vn -0.6766 0.7002 -0.2280
vn 0.1101 0.9914 0.0708
vn 0.0315 0.9915 0.1259
vn 0.0157 0.9898 0.1413
vn -0.0790 0.9949 0.0632
vn 0.0628 0.9969 0.0471
vn 0.1733 0.9846 0.0236
vn -0.0000 0.9989 0.0472
vn 0.0316 0.9950 0.0948
vn -0.0869 0.9951 -0.0474
vn 0.0785 0.9968 -0.0157
vn -0.0471 0.9969 -0.0628
vn 0.0314 0.9964 -0.0785
vn 0.0078 0.9969 -0.0785
vn 0.0314 0.9964 -0.0784
vn 0.0945 0.9918 -0.0866
vn 0.1336 0.9905 -0.0314
vn 0.1337 0.9905 -0.0315
vn -0.2677 0.7007 -0.6613
vn 0.3153 0.6387 -0.7019
vn -0.3461 0.5114 -0.7866
vn -0.6765 0.7002 -0.2282
vn 0.3395 0.4581 -0.8215
vn -0.8051 0.5289 -0.2685
vn -0.3874 0.3478 -0.8538
vn 0.3555 0.2765 -0.8929
vn -0.8888 0.3540 -0.2911
vn 0.3397 0.4581 -0.8214
vn 0.8880 0.2514 -0.3850
vn 0.3556 0.2765 -0.8928
vn 0.3155 0.6387 -0.7018
vn 0.8329 0.4322 -0.3457
vn 0.7237 0.6293 -0.2832
vn 0.7539 0.5968 0.2748
vn 0.8568 0.4087 0.3143
vn 0.9129 0.2282 0.3383
vn 0.8567 0.4087 0.3145
vn 0.4652 0.2681 0.8436
vn 0.9129 0.2283 0.3385
vn 0.7538 0.5968 0.2749
vn 0.4417 0.4417 0.7809
vn 0.3851 0.6367 0.6681
vn -0.2054 0.6638 0.7191
vn -0.2604 0.4815 0.8368
vn -0.2914 0.3072 0.9059
vn 0.1336 0.4557 0.8800
vn 0.0315 0.4407 0.8971
vn 0.5352 0.3069 0.7870
vn 0.4404 0.8966 -0.0472
vn 0.5557 0.7669 0.3209
vn 0.7801 0.5358 0.3231
vn 0.0235 -0.9492 0.3138
vn 0.3937 -0.8817 0.2599
vn 0.5417 -0.6909 0.4789
vn 0.7344 0.3316 0.5923
vn 0.5732 0.8010 0.1726
vn 0.2755 0.8188 0.5037
vn 0.5734 0.7934 -0.2042
vn 0.6393 0.7263 0.2526
vn 0.9572 0.2825 -0.0627
vn 0.7506 0.2924 0.5926
vn 0.6055 0.7785 0.1650
vn 0.2901 0.7999 0.5253
vn 0.5672 0.7641 0.3072
vn -0.1978 0.8144 0.5456
vn 0.6432 0.3764 0.6667
vn 0.8863 0.2039 0.4157
vn 0.8795 0.3768 0.2905
vn 0.7254 0.6464 0.2365
vn 0.3072 0.8589 0.4097
vn 0.3783 -0.9223 0.0789
vn 0.5270 -0.7863 -0.3225
vn 0.7642 -0.5672 -0.3072
vn 0.5061 0.8463 -0.1661
vn 0.6698 0.7012 0.2442
vn 0.8660 0.4488 0.2204
vn 0.7028 -0.7106 0.0316
vn 0.2283 -0.7798 -0.5829
vn 0.8704 -0.4861 0.0784
vn 0.8423 -0.2597 0.4723
vn 0.3542 -0.6453 0.6769
vn 0.6623 -0.7491 0.0157
vn 0.3628 -0.3785 0.8515
vn 0.3389 0.9301 0.1419
vn 0.4404 0.8966 -0.0471
vn -0.0158 0.7635 -0.6456
vn 0.5556 0.7670 0.3209
vn -0.0473 0.9530 -0.2992
vn -0.2923 0.9322 -0.2133
vn -0.1180 0.9915 -0.0551
vn -0.3223 0.9434 0.0786
vn 0.2201 0.9747 0.0393
vn 0.0078 0.9697 0.2443
vn 0.5803 0.6352 0.5097
vn 0.1973 0.9075 -0.3709
vn -0.2361 0.9445 -0.2282
vn 0.0706 0.9967 0.0392
vn -0.2749 0.9190 0.2827
vn 0.5732 0.8010 0.1727
vn 0.2755 0.8187 0.5038
vn 0.4566 0.8895 -0.0157
vn 0.1581 0.9406 -0.3004
vn 0.0868 0.9937 0.0710
vn -0.2526 0.9629 -0.0947
vn 0.2044 0.8252 0.5265
vn -0.1965 0.8802 0.4321
vn -0.1571 0.9663 -0.2042
vn 0.0630 0.9444 0.3227
vn -0.2988 0.9437 0.1416
vn -0.2991 0.7791 0.5509
vn -0.1102 0.8270 -0.5513
vn 0.1969 0.8979 -0.3938
vn -0.2607 0.9318 -0.2527
vn 0.0707 0.9967 0.0393
vn -0.2908 0.9115 0.2908
vn 0.6055 0.7786 0.1651
vn 0.2901 0.7999 0.5254
vn -0.1491 0.9885 -0.0235
vn -0.1977 0.8145 0.5455
vn -0.5121 0.8589 0.0078
vn 0.1256 0.9355 -0.3303
vn 0.4022 0.8754 -0.2681
vn 0.1184 0.7972 -0.5920
vn -0.1888 0.7790 -0.5980
vn -0.1423 0.9878 -0.0632
vn -0.5993 0.7570 -0.2602
vn -0.4721 0.8106 0.3464
vn -0.1422 0.9878 -0.0631
vn 0.7253 0.6466 0.2365
vn -0.4552 0.8869 -0.0785
vn -0.3936 0.8110 0.4329
vn -0.0315 0.9844 0.1733
vn 0.1731 0.7945 0.5821
vn 0.2200 0.8962 -0.3851
vn 0.5363 0.8440 0.0080
vn -0.2526 0.9318 0.2605
vn 0.2447 0.9382 -0.2447
vn -0.4983 0.7357 -0.4588
vn 0.3860 0.9217 0.0394
vn 0.6854 0.7247 0.0709
vn -0.1100 0.6286 -0.7699
vn -0.6569 0.6806 0.3244
vn 0.4177 0.9064 0.0630
vn 0.5061 0.8463 -0.1660
vn -0.0471 0.7218 -0.6905
vn 0.6697 0.7013 0.2443
vn 0.2831 0.9434 -0.1729
vn 0.1573 0.9125 -0.3775
vn -0.5981 0.7554 -0.2676
vn 0.5738 0.7626 -0.2987
vn -0.8493 -0.4404 0.2910
vn -0.8654 -0.3697 0.3383
vn -0.8406 -0.4713 0.2671
vn -0.2359 -0.5818 0.7784
vn -0.1976 -0.5217 0.8300
vn -0.2522 -0.6226 0.7408
vn -0.2823 -0.6665 0.6899
vn 0.1335 0.4558 0.8800
vn -0.3698 0.4092 0.8341
vn 0.0314 0.4407 0.8971
vn -0.4241 0.3376 0.8403
vn -0.1103 -0.7485 0.6539
vn -0.0316 -0.5921 0.8052
vn -0.3616 -0.2280 0.9040
vn -0.1024 0.3938 0.9135
vn -0.1964 0.8802 0.4321
vn -0.1976 0.8144 0.5456
vn -0.8593 0.2128 0.4651
vn -0.0787 -0.7394 0.6687
vn 0.3784 -0.9223 0.0787
vn -0.0237 -0.5600 0.8282
vn -0.3554 -0.2211 0.9082
vn -0.2905 0.3769 0.8795
vn -0.2527 0.9318 0.2605
vn -0.6568 0.6806 0.3245
vn -0.3378 0.5735 0.7463
vn -0.3376 -0.8323 0.4396
vn 0.1264 -0.7582 0.6397
vn -0.2994 -0.3625 0.8826
vn 0.3542 -0.6454 0.6768
vn 0.3627 -0.3785 0.8516
vn 0.0157 -0.1491 0.9887
vn -0.6082 0.5845 0.5372
vn -0.6797 0.5849 0.4426
vn -0.3699 0.4249 0.8262
vn -0.8165 -0.5338 0.2198
vn -0.8493 -0.4405 0.2909
vn -0.8405 -0.4714 0.2671
vn -0.8944 -0.4158 0.1648
vn -0.8529 0.4975 0.1580
vn -0.8944 0.4315 0.1177
vn -0.8218 0.5373 0.1896
vn -0.7745 0.5927 0.2212
vn -0.6451 -0.3698 -0.6687
vn -0.0157 0.7637 -0.6454
vn 0.0630 0.6225 -0.7801
vn -0.3143 0.2907 -0.9037
vn -0.6882 -0.6883 0.2294
vn -0.7251 -0.5754 0.3783
vn -0.9771 -0.1655 0.1340
vn -0.1571 0.9662 -0.2043
vn -0.1103 0.8270 -0.5513
vn -0.2988 0.9437 0.1417
vn -0.1889 0.7789 -0.5980
vn -0.5993 0.7570 -0.2603
vn -0.7148 -0.4320 -0.5499
vn -0.7776 -0.4164 -0.4712
vn -0.4402 -0.3144 -0.8411
vn -0.9196 -0.3773 -0.1100
vn -0.9491 -0.3085 -0.0633
vn -0.4983 0.7357 -0.4587
vn -0.1100 0.6285 -0.7700
vn -0.4394 0.2746 -0.8553
vn -0.4983 0.7356 -0.4589
vn -0.8491 0.5268 0.0394
vn -0.0470 0.7219 -0.6904
vn -0.0392 0.5176 -0.8547
vn -0.4186 0.2370 -0.8767
vn -0.5981 0.7554 -0.2675
vn 0.1574 0.9125 -0.3776
vn -0.7179 0.5680 -0.4024
vn -0.9583 0.2435 -0.1493
vn -0.3925 -0.4238 -0.8163
vn -0.4338 -0.3549 -0.8282
vn -0.0237 -0.5213 -0.8531
vn -0.6082 0.5845 0.5370
vn -0.8314 0.5490 0.0862
vn -0.6798 0.5849 0.4425
vn -0.8724 0.4873 0.0393
vn -0.6891 -0.4755 -0.5469
vn -0.7575 -0.4577 -0.4656
vn -0.4165 -0.3458 -0.8408
vn -0.9071 -0.4102 -0.0947
vn -0.9365 -0.3463 -0.0551
vn 0.2364 -0.9612 -0.1418
vn 0.3529 -0.9335 0.0628
vn 0.4880 -0.8109 -0.3228
vn -0.0315 -0.5921 0.8052
vn 0.1336 -0.9820 0.1336
vn -0.6882 -0.6883 0.2295
vn 0.3936 -0.8818 0.2598
vn -0.7251 -0.5754 0.3784
vn 0.0708 -0.9356 0.3459
vn -0.3377 -0.9188 0.2042
vn -0.0550 -0.9974 -0.0471
vn -0.3632 -0.8922 -0.2685
vn 0.4410 -0.8822 -0.1653
vn 0.1646 -0.8626 -0.4783
vn 0.1966 -0.8878 0.4161
vn -0.1181 -0.9214 0.3701
vn 0.0712 -0.9873 0.1422
vn -0.1961 -0.9806 -0.0000
vn 0.4565 -0.8896 -0.0157
vn 0.1973 -0.9551 -0.2210
vn 0.2677 -0.9530 -0.1418
vn 0.3783 -0.9223 0.0788
vn 0.5268 -0.7864 -0.3224
vn -0.3383 -0.8811 -0.3304
vn -0.0158 -0.8055 -0.5923
vn 0.0238 -0.9484 -0.3162
vn 0.3614 -0.8956 -0.2592
vn -0.1494 -0.9826 0.1100
vn 0.1260 -0.9850 0.1182
vn -0.0234 -0.9021 0.4309
vn 0.1181 -0.8897 0.4409
vn -0.3629 -0.8679 0.3393
vn -0.0707 -0.9975 0.0079
vn -0.4652 -0.8593 -0.2128
vn 0.4796 -0.8570 -0.1886
vn 0.1179 -0.8417 -0.5270
vn 0.4247 -0.9045 0.0394
vn 0.0630 -0.9298 0.3625
vn -0.0314 -0.9975 -0.0628
vn -0.4340 -0.8920 0.1262
vn 0.1256 -0.7928 -0.5964
vn -0.3384 -0.7949 -0.5036
vn -0.3227 -0.9444 -0.0630
vn -0.1734 -0.9455 -0.2758
vn -0.0790 -0.9943 -0.0711
vn 0.1025 -0.9699 -0.2208
vn -0.0712 -0.9648 0.2531
vn 0.1579 -0.9793 0.1264
vn 0.2527 -0.7188 0.6477
vn -0.1180 -0.9518 -0.2832
vn 0.3701 -0.9214 0.1181
vn 0.4570 -0.8826 -0.1103
vn 0.6627 -0.7337 -0.1499
vn -0.5127 -0.7887 -0.3391
vn -0.7746 -0.6323 -0.0158
vn -0.2761 -0.6390 -0.7179
vn -0.0158 -0.8532 -0.5214
vn 0.2283 -0.7799 -0.5828
vn -0.1815 -0.6076 -0.7732
vn 0.4883 -0.8584 -0.1574
vn 0.6622 -0.7491 0.0157
vn 0.3541 -0.6453 0.6768
vn 0.6127 -0.6285 -0.4792
vn 0.0866 -0.5435 -0.8349
vn -0.3924 -0.4239 -0.8163
vn -0.0238 -0.5213 -0.8530
vn 0.4882 -0.8108 -0.3228
vn 0.7328 -0.5989 -0.3231
vn -0.0156 0.7636 -0.6455
vn 0.4404 0.8965 -0.0471
vn 0.0631 0.6225 -0.7801
vn 0.6846 -0.4486 -0.5745
vn 0.4411 -0.8821 -0.1653
vn 0.5735 0.7934 -0.2042
vn 0.2294 0.6802 -0.6962
vn 0.6460 -0.5514 -0.5278
vn 0.4566 -0.8896 -0.0156
vn 0.7036 0.4742 -0.5293
vn 0.2201 0.8962 -0.3852
vn 0.5363 0.8440 0.0079
vn 0.6393 -0.4025 -0.6551
vn -0.1573 -0.3146 -0.9361
vn 0.1256 -0.7928 -0.5965
vn -0.3385 -0.7949 -0.5036
vn -0.0470 0.7218 -0.6905
vn 0.5063 0.8462 -0.1660
vn -0.0391 0.5176 -0.8547
vn 0.1572 0.9125 -0.3775
vn 0.5739 0.7625 -0.2988
vn 0.6774 0.5356 -0.5042
vn 0.2284 -0.7798 -0.5828
vn -0.1815 -0.6075 -0.7733
vn -0.1419 -0.3389 -0.9301
vn 0.6622 -0.7491 0.0158
vn 0.6128 -0.6284 -0.4792
vn 0.7444 -0.3918 -0.5407
vn 0.0867 -0.5435 -0.8349
vn -0.0237 -0.5213 -0.8530
vn 0.4555 -0.4476 -0.7695
vn -0.4087 -0.8961 -0.1730
vn -0.5837 -0.7965 0.1577
vn -0.8113 -0.5671 0.1418
vn -0.8540 0.4744 0.2135
vn -0.3550 0.8680 0.3473
vn -0.4261 0.8997 -0.0947
vn -0.0628 0.8169 0.5733
vn -0.4661 0.8136 0.3475
vn -0.4863 0.3686 0.7922
vn -0.4630 0.8476 0.2590
vn -0.1732 0.8507 -0.4962
vn -0.8488 0.5187 0.1021
vn -0.8247 0.3456 0.4477
vn -0.8676 0.4416 0.2287
vn -0.3705 0.8516 0.3707
vn -0.4574 0.8834 -0.1025
vn 0.0158 0.9051 0.4250
vn -0.2995 0.8825 0.3625
vn -0.4970 0.6627 0.5601
vn -0.4328 -0.8656 0.2517
vn -0.1884 -0.7614 0.6203
vn -0.3147 -0.5192 0.7946
vn -0.0394 0.8671 0.4966
vn -0.4819 0.7899 0.3792
vn -0.6211 0.5581 0.5503
vn -0.5660 -0.6209 0.5423
vn 0.1973 -0.8205 0.5364
vn -0.6624 -0.3785 0.6465
vn -0.9195 -0.1100 0.3773
vn 0.3140 0.8714 0.3768
vn 0.4717 0.8805 -0.0472
vn 0.0862 0.9960 0.0236
vn 0.0946 0.9142 -0.3940
vn -0.3550 0.8680 0.3472
vn -0.1185 0.9241 0.3633
vn 0.2915 0.9059 0.3072
vn 0.0550 0.9982 0.0236
vn 0.3785 0.9147 -0.1419
vn -0.4026 0.9002 -0.1657
vn -0.0862 0.9018 -0.4234
vn 0.4090 0.9125 -0.0000
vn -0.1341 0.9783 -0.1578
vn -0.0628 0.8169 0.5734
vn -0.4660 0.8137 0.3475
vn 0.2202 0.9206 -0.3226
vn -0.1260 0.8030 -0.5826
vn 0.6273 0.7372 0.2510
vn 0.2668 0.9575 -0.1099
vn -0.1732 0.8508 -0.4962
vn -0.4631 0.8476 0.2590
vn 0.4422 0.7975 -0.4105
vn 0.3300 0.8956 0.2985
vn 0.1106 0.8692 0.4820
vn 0.3305 0.8579 0.3935
vn 0.5056 0.8610 -0.0553
vn 0.0863 0.9960 0.0235
vn 0.0944 0.9041 -0.4167
vn -0.3705 0.8517 0.3706
vn -0.4573 0.8834 -0.1026
vn -0.0785 0.9583 -0.2748
vn 0.6448 0.7629 -0.0471
vn -0.2994 0.8826 0.3624
vn 0.6539 0.6146 0.4413
vn 0.1259 0.7471 -0.6527
vn 0.4742 0.8217 -0.3161
vn 0.0315 0.8181 -0.5742
vn 0.0393 0.9903 -0.1336
vn -0.4267 0.8769 -0.2213
vn 0.3073 0.8589 0.4096
vn -0.1964 0.8878 0.4163
vn -0.1497 0.9449 0.2913
vn -0.0395 0.8671 0.4965
vn 0.6833 0.6204 0.3849
vn -0.4818 0.7900 0.3791
vn -0.5608 -0.5055 -0.6557
vn -0.6135 -0.4326 -0.6607
vn -0.5272 -0.5436 -0.6531
vn -0.4729 -0.5990 -0.6463
vn -0.5677 -0.6624 -0.4888
vn -0.7078 -0.4876 -0.5112
vn -0.5225 -0.1504 -0.8392
vn -0.5820 0.4954 -0.6449
vn -0.4027 0.9002 -0.1657
vn -0.4554 0.4476 -0.7696
vn -0.1733 0.8507 -0.4962
vn 0.4421 0.7975 -0.4105
vn 0.1884 0.1805 -0.9654
vn -0.0785 0.9583 -0.2749
vn -0.4023 0.6232 -0.6706
vn -0.5909 -0.6538 -0.4727
vn -0.4328 -0.8656 0.2519
vn -0.7258 -0.4496 -0.5207
vn -0.5289 -0.1421 -0.8367
vn 0.3451 -0.4782 -0.8076
vn 0.4725 0.4253 -0.7719
vn 0.5202 0.3468 -0.7804
vn 0.4407 0.4722 -0.7634
vn 0.3934 0.5351 -0.7476
vn 0.1260 -0.7248 -0.6774
vn 0.0552 -0.5915 -0.8044
vn 0.4556 -0.2435 -0.8562
vn 0.4091 0.9125 -0.0000
vn 0.6274 0.7372 0.2509
vn 0.6448 0.7629 -0.0472
vn 0.6539 0.6146 0.4412
vn 0.9348 0.2906 0.2042
vn 0.6449 0.7628 -0.0471
vn 0.4729 0.5990 -0.6463
vn 0.7864 -0.5741 -0.2281
vn 0.7703 -0.5502 -0.3224
vn 0.8729 -0.4562 0.1730
vn 0.5805 -0.4784 -0.6589
vn 0.5746 -0.4095 -0.7086
vn 0.6832 0.6205 0.3849
vn 0.7736 0.4026 0.4894
vn 0.9750 0.0865 0.2045
vn 0.8046 -0.5600 0.1972
vn 0.8518 -0.4969 0.1657
vn 0.5987 -0.6224 0.5042
vn 0.7665 -0.6085 -0.2055
vn 0.7452 -0.5884 -0.3138
vn 0.8516 -0.4889 0.1892
vn 0.5532 -0.5136 -0.6559
vn 0.5510 -0.4409 -0.7085
vn -0.1881 -0.9407 0.2822
vn -0.4084 -0.8797 0.2434
vn -0.1733 -0.7879 0.5909
vn -0.7078 -0.4876 -0.5111
vn -0.3398 -0.9402 0.0237
vn -0.5836 -0.7966 0.1577
vn 0.0551 -0.5915 -0.8044
vn -0.2052 -0.9316 0.3000
vn -0.4327 -0.8656 0.2518
vn -0.1884 -0.7615 0.6201
vn -0.4241 -0.8874 -0.1806
vn -0.1963 -0.8951 -0.4004
vn -0.1261 -0.9850 -0.1182
vn 0.1492 -0.9583 -0.2435
vn -0.2358 -0.9273 0.2907
vn 0.0865 -0.9751 0.2043
vn -0.5590 -0.8109 -0.1732
vn -0.1892 -0.8516 -0.4889
vn -0.1258 -0.9905 -0.0550
vn 0.3073 -0.9218 -0.2364
vn -0.2839 -0.8202 0.4967
vn 0.2054 -0.8847 0.4185
vn 0.3156 -0.9468 -0.0631
vn 0.3379 -0.8722 0.3536
vn 0.0790 -0.9720 0.2213
vn -0.1572 -0.8801 0.4479
vn -0.1495 -0.9719 -0.1818
vn -0.3232 -0.9458 0.0315
vn -0.4642 -0.8418 -0.2754
vn 0.0864 -0.9735 -0.2120
vn 0.1733 -0.9844 0.0315
vn -0.0549 -0.9984 -0.0157
vn -0.0472 -0.9744 0.2200
vn -0.3067 -0.9278 -0.2123
vn -0.3464 -0.9369 0.0472
vn -0.7710 -0.6057 -0.1966
vn 0.2842 -0.9080 0.3079
vn 0.1972 -0.8206 0.5364
vn 0.6141 -0.7166 0.3307
vn 0.5123 -0.6305 0.5831
vn 0.8046 -0.5601 0.1972
vn 0.5988 -0.6224 0.5041
vn -0.1734 -0.7878 0.5910
vn -0.2919 -0.5522 0.7810
vn -0.0629 0.8169 0.5734
vn 0.5125 0.6072 0.6072
vn 0.6274 0.7372 0.2510
vn 0.0629 0.4713 0.8797
vn 0.0394 -0.6232 0.7810
vn 0.0628 -0.4083 0.9107
vn -0.2840 -0.8201 0.4967
vn 0.2054 -0.8847 0.4186
vn -0.0395 0.8671 0.4966
vn 0.7735 0.4026 0.4895
vn 0.1972 -0.8206 0.5365
vn 0.6142 -0.7165 0.3308
vn 0.7575 -0.4655 0.4578
vn 0.5122 -0.6305 0.5832
vn 0.2521 -0.4886 0.8353
vn 0.2682 -0.9074 0.3235
vn 0.5028 -0.8641 0.0236
vn 0.7477 -0.6611 0.0630
vn 0.9269 0.3613 -0.1021
vn 0.5040 0.7876 -0.3545
vn 0.5102 0.8557 0.0864
vn 0.2524 0.7336 -0.6310
vn 0.6092 0.7200 -0.3323
vn 0.6522 0.2279 -0.7230
vn 0.5969 0.7619 -0.2513
vn 0.1888 0.8815 0.4329
vn 0.9082 0.4185 0.0079
vn 0.9221 0.2128 -0.3231
vn 0.9397 0.3237 -0.1105
vn 0.5263 0.7621 -0.3771
vn 0.5339 0.8403 0.0942
vn 0.1650 0.8485 -0.5028
vn 0.4562 0.8021 -0.3854
vn 0.6633 0.5370 -0.5212
vn 0.3684 -0.9249 -0.0940
vn 0.2042 -0.8401 -0.5026
vn 0.3764 -0.6352 -0.6744
vn 0.2211 0.7978 -0.5609
vn 0.6274 0.6900 -0.3608
vn 0.7632 0.4327 -0.4799
vn 0.5685 -0.7342 -0.3711
vn -0.1969 -0.8502 -0.4882
vn 0.7131 -0.5151 -0.4755
vn 0.9499 -0.2434 -0.1963
vn -0.1419 0.8516 -0.5047
vn -0.3702 0.9214 -0.1181
vn 0.0396 0.9903 -0.1334
vn -0.0471 0.9580 0.2827
vn 0.5040 0.7876 -0.3544
vn 0.2838 0.8592 -0.4257
vn -0.1262 0.8919 -0.4342
vn 0.0707 0.9896 -0.1256
vn -0.2830 0.9591 -0.0079
vn 0.4734 0.8680 0.1498
vn 0.1182 0.9304 0.3469
vn -0.2909 0.9437 -0.1573
vn 0.2211 0.9714 0.0869
vn -0.1649 0.9665 0.1965
vn 0.1182 0.8508 0.5121
vn -0.4875 0.7628 -0.4247
vn -0.1656 0.9857 -0.0316
vn 0.1888 0.8815 0.4328
vn 0.5969 0.7619 -0.2514
vn -0.4105 0.8762 0.2525
vn -0.1737 0.8840 -0.4341
vn 0.0785 0.8160 -0.5728
vn -0.1575 0.8347 -0.5276
vn -0.4025 0.9077 -0.1184
vn 0.0395 0.9902 -0.1336
vn -0.0550 0.9504 0.3063
vn 0.5339 0.8403 0.0943
vn 0.1422 0.9715 0.1895
vn 0.1649 0.8485 -0.5028
vn -0.5491 0.8238 -0.1413
vn 0.4561 0.8022 -0.3853
vn -0.4958 0.6219 -0.6061
vn -0.1413 0.8237 0.5491
vn -0.4233 0.8937 0.1489
vn -0.0316 0.8760 0.4813
vn 0.4865 0.8476 0.2119
vn -0.1338 0.8342 -0.5350
vn 0.3627 0.8121 -0.4572
vn 0.3062 0.8871 -0.3454
vn 0.2212 0.7979 -0.5608
vn -0.5282 0.6385 -0.5598
vn 0.6273 0.6902 -0.3607
vn 0.3792 -0.4819 0.7900
vn 0.4407 -0.4171 0.7949
vn 0.3378 -0.5185 0.7855
vn 0.2839 -0.5677 0.7727
vn 0.3938 -0.6617 0.6380
vn 0.5488 -0.4940 0.6743
vn 0.3542 -0.1102 0.9287
vn 0.5186 0.5029 0.6915
vn 0.1183 0.9304 0.3468
vn 0.3685 0.4863 0.7923
vn 0.1890 0.8814 0.4329
vn -0.4104 0.8762 0.2525
vn -0.3292 0.3057 0.8934
vn 0.1421 0.9715 0.1895
vn -0.1412 0.8237 0.5491
vn 0.3541 0.6534 0.6690
vn 0.4178 -0.6541 0.6306
vn 0.3684 -0.9249 -0.0942
vn 0.5672 -0.4569 0.6853
vn 0.3616 -0.0943 0.9276
vn -0.5292 -0.3476 0.7741
vn -0.5292 -0.3475 0.7741
vn -0.5417 0.5496 0.6360
vn -0.5967 0.4790 0.6438
vn -0.5017 0.5958 0.6272
vn -0.4475 0.6516 0.6125
vn -0.3239 -0.6242 0.7110
vn -0.2595 -0.4876 0.8336
vn -0.6204 -0.1021 0.7776
vn -0.2910 0.9437 -0.1573
vn -0.4876 0.7628 -0.4246
vn -0.1649 0.9666 0.1964
vn -0.5491 0.8238 -0.1412
vn -0.4959 0.6218 -0.6061
vn -0.8488 0.3536 -0.3930
vn -0.5492 0.8237 -0.1413
vn -0.4947 0.7145 0.4947
vn -0.8782 -0.4590 0.1346
vn -0.8709 -0.4315 0.2353
vn -0.8789 -0.3845 -0.2825
vn -0.7324 -0.3387 0.5906
vn -0.7305 -0.2671 0.6285
vn -0.5281 0.6386 -0.5597
vn -0.6306 0.4177 -0.6541
vn -0.9098 0.1569 -0.3843
vn -0.8201 -0.4968 -0.2839
vn -0.8650 -0.4246 -0.2674
vn -0.5740 -0.6133 -0.5426
vn -0.8555 -0.5023 0.1256
vn -0.8510 -0.4728 0.2286
vn -0.8602 -0.4182 -0.2919
vn -0.7147 -0.3770 0.5891
vn -0.7092 -0.2994 0.6383
vn 0.1177 -0.9806 -0.1569
vn 0.3385 -0.9370 -0.0865
vn 0.3939 -0.6617 0.6380
vn 0.1729 -0.8647 -0.4716
vn 0.5489 -0.4940 0.6743
vn 0.2276 -0.9656 0.1256
vn -0.3239 -0.6241 0.7110
vn 0.5027 -0.8642 0.0236
vn -0.2594 -0.4876 0.8336
vn 0.1415 -0.9747 -0.1729
vn 0.3683 -0.9249 -0.0941
vn 0.2041 -0.8402 -0.5025
vn 0.2769 -0.9016 0.3322
vn 0.0158 -0.8588 0.5121
vn -0.0079 -0.9737 0.2277
vn -0.2994 -0.9060 0.2994
vn 0.1739 -0.9720 -0.1580
vn -0.1657 -0.9781 -0.1261
vn 0.4257 -0.8357 0.3469
vn -0.0000 -0.8056 0.5924
vn -0.0079 -0.9848 0.1733
vn -0.4506 -0.8537 0.2609
vn 0.2666 -0.8938 -0.3606
vn -0.2280 -0.9040 -0.3615
vn -0.4327 -0.8966 0.0943
vn -0.3784 -0.8673 -0.3233
vn -0.1576 -0.9773 -0.1419
vn 0.1258 -0.9355 -0.3302
vn -0.0000 -0.9563 0.2925
vn 0.2129 -0.9699 0.1183
vn 0.3155 -0.8440 0.4338
vn -0.2363 -0.9294 0.2835
vn -0.2756 -0.9607 0.0315
vn -0.0707 -0.9905 0.1179
vn -0.0315 -0.9925 -0.1181
vn 0.1579 -0.9243 0.3476
vn 0.2431 -0.9646 0.1020
vn 0.6525 -0.6525 0.3852
vn -0.3305 -0.9051 -0.2676
vn -0.1969 -0.8503 -0.4880
vn 0.5686 -0.7342 -0.3711
vn -0.6289 -0.6841 -0.3695
vn -0.4792 -0.6362 -0.6047
vn -0.8201 -0.4969 -0.2839
vn -0.5741 -0.6133 -0.5425
vn 0.1730 -0.8646 -0.4717
vn 0.3473 -0.6631 -0.6631
vn 0.2525 0.7335 -0.6310
vn -0.3313 0.5836 -0.7414
vn -0.4876 0.7628 -0.4248
vn 0.1419 0.3785 -0.9147
vn -0.1339 0.8341 -0.5351
vn 0.0236 -0.7029 -0.7109
vn 0.0393 -0.5025 -0.8637
vn -0.2280 -0.9041 -0.3615
vn -0.5281 0.6385 -0.5598
vn 0.2213 0.7978 -0.5608
vn -0.6305 0.4178 -0.6542
vn -0.1968 -0.8503 -0.4881
vn -0.6290 -0.6839 -0.3696
vn -0.7179 -0.4340 -0.5443
vn -0.4790 -0.6362 -0.6048
vn -0.1652 -0.5507 -0.8182
vn 0.9394 0.2131 -0.2684
vn 0.8034 0.4726 0.3622
vn 0.8602 0.2919 0.4182
vn 0.4494 0.3548 -0.8199
vn 0.4717 0.1730 -0.8646
vn 0.3997 0.5563 -0.7286
vn 0.8763 0.3946 -0.2763
vn 0.7639 0.5907 -0.2599
vn 0.7053 0.6504 0.2820
vn 0.0236 0.9832 -0.1809
vn 0.1103 0.9691 -0.2206
vn 0.1265 0.9651 -0.2293
vn 0.2047 0.9685 -0.1417
vn 0.0632 0.9867 -0.1500
vn -0.0475 0.9887 -0.1424
vn 0.1257 0.9819 -0.1414
vn 0.1024 0.9766 -0.1890
vn 0.1960 0.9801 -0.0314
vn 0.0395 0.9947 -0.0947
vn 0.1579 0.9872 -0.0237
vn 0.0785 0.9966 -0.0236
vn 0.0948 0.9954 -0.0158
vn 0.0707 0.9972 -0.0235
vn 0.0079 0.9997 -0.0237
vn -0.0237 0.9959 -0.0870
vn -0.0235 0.9960 -0.0863
vn 0.2362 0.7400 0.6298
vn -0.3467 0.7408 0.5754
vn 0.2676 0.5667 0.7792
vn 0.7052 0.6504 0.2822
vn -0.4181 0.5761 0.7024
vn 0.8033 0.4726 0.3624
vn 0.2754 0.4014 0.8735
vn -0.4637 0.4087 0.7861
vn 0.8601 0.2920 0.4183
vn -0.4183 0.5760 0.7023
vn -0.9021 0.3843 0.1961
vn -0.4639 0.4087 0.7860
vn -0.3469 0.7408 0.5753
vn -0.8202 0.5521 0.1498
vn -0.6845 0.7238 0.0865
vn -0.6214 0.6371 -0.4561
vn -0.7393 0.4561 -0.4954
vn -0.8095 0.2751 -0.5186
vn -0.0552 -0.9932 0.1025
vn -0.0551 -0.9932 0.1026
vn -0.0551 -0.9932 0.1025
vn -0.7392 0.4561 -0.4955
vn -0.2830 0.2123 -0.9353
vn -0.8094 0.2751 -0.5188
vn -0.6213 0.6371 -0.4562
vn -0.2450 0.3952 -0.8853
vn -0.1897 0.5929 -0.7826
vn 0.3995 0.5563 -0.7287
vn 0.4493 0.3547 -0.8199
vn 0.4716 0.1729 -0.8647
vn 0.4329 -0.5037 0.7476
vn 0.7476 -0.5037 0.4328
vn 0.4971 -0.0000 0.8677
vn 0.7476 0.5037 0.4328
vn 0.4329 0.5037 0.7476
vn 0.8677 -0.0000 0.4970
vn 1.0000 -0.0000 -0.0000
vn 0.8622 -0.5065 -0.0000
vn 0.8621 0.5068 -0.0000
vn 0.7476 -0.5037 -0.4328
vn 0.7476 0.5037 -0.4328
vn 0.8677 -0.0000 -0.4970
vn 0.4329 -0.5037 -0.7476
vn 0.4329 0.5037 -0.7476
vn 0.4971 -0.0000 -0.8677
vn -0.0000 0.9985 0.0550
vn -0.0000 0.9985 0.0548
vn -0.0236 0.9986 0.0472
vn 0.0236 0.9986 0.0472
vn -0.0472 0.9986 0.0236
vn 0.0472 0.9986 0.0236
vn -0.0547 0.9985 -0.0000
vn 0.0547 0.9985 -0.0000
vn -0.0550 0.9985 -0.0000
vn 0.0548 0.9985 -0.0000
vn -0.0472 0.9986 -0.0236
vn 0.0472 0.9986 -0.0236
vn -0.0236 0.9986 -0.0472
vn 0.0236 0.9986 -0.0472
vn -0.0000 0.9985 -0.0550
vn -0.2831 0.9591 -0.0000
vn -0.2438 0.9594 -0.1416
vn -0.1416 0.9594 -0.2438
vn -0.2438 0.9594 0.1416
vn -0.0000 0.9591 -0.2830
vn -0.1416 0.9594 0.2438
vn -0.0000 0.9591 -0.2831
vn 0.1416 0.9594 -0.2438
vn -0.0000 0.9591 0.2830
vn -0.0000 0.9591 0.2831
vn 0.2438 0.9594 -0.1416
vn 0.1416 0.9594 0.2438
vn 0.2831 0.9591 -0.0000
vn 0.2439 0.9594 0.1416
vn 0.2438 0.9594 0.1416
vn -0.0000 1.0000 -0.0000
vn -0.0000 0.5064 0.8623
vn -0.4328 0.5037 0.7476
vn -0.0000 -0.0000 1.0000
vn 0.4328 0.5037 0.7477
vn -0.4969 -0.0000 0.8678
vn -0.7476 0.5037 0.4329
vn -0.7476 -0.5037 0.4329
vn -0.4328 -0.5037 0.7476
vn -0.0000 -0.5064 0.8623
vn 0.4328 -0.5037 0.7477
vn 0.4969 -0.0000 0.8678
vn -0.8677 -0.0000 0.4970
vn -0.4971 -0.0000 0.8677
vn -0.7476 0.5037 0.4328
vn -0.7476 -0.5037 0.4328
vn -1.0000 -0.0000 -0.0000
vn -0.8620 0.5069 -0.0000
vn -0.8620 -0.5069 -0.0000
vn -0.7476 0.5037 -0.4328
vn -0.7477 -0.5037 -0.4328
vn -0.8678 0.0001 -0.4969
vn -0.4970 -0.0000 -0.8677
vn -0.4329 -0.5037 -0.7476
vn -0.0000 -1.0000 -0.0000
vn -0.0471 -0.9958 -0.0784
vn -0.0785 -0.9958 -0.0470
vn -0.0628 -0.9975 -0.0314
vn -0.0706 -0.9975 -0.0000
vn -0.0000 -0.9963 -0.0863
vn -0.0000 -0.9975 -0.0706
vn -0.0000 -0.9920 -0.1259
vn 0.0470 -0.9958 -0.0786
vn -0.0630 -0.9919 -0.1102
vn 0.0630 -0.9919 -0.1102
vn -0.1102 -0.9919 -0.0630
vn -0.1260 -0.9920 -0.0000
vn 0.0314 -0.9975 -0.0628
vn 0.1102 -0.9919 -0.0630
vn 0.0786 -0.9958 -0.0470
vn 0.0628 -0.9975 -0.0314
vn 0.1260 -0.9920 -0.0000
vn 0.0706 -0.9975 -0.0000
vn 0.0863 -0.9963 -0.0000
vn 0.0785 -0.9958 0.0470
vn 0.1102 -0.9919 0.0630
vn 0.0628 -0.9975 0.0315
vn 0.0630 -0.9919 0.1102
vn 0.0470 -0.9958 0.0785
vn 0.0314 -0.9975 0.0628
vn -0.0000 -0.9920 0.1259
vn -0.0000 -0.9975 0.0706
vn -0.0000 -0.9963 0.0863
vn -0.0470 -0.9958 0.0786
vn -0.0314 -0.9975 0.0628
vn -0.0630 -0.9919 0.1102
vn -0.0628 -0.9975 0.0314
vn -0.0786 -0.9958 0.0470
vn -0.1102 -0.9919 0.0630
vn -0.0863 -0.9963 -0.0000
vn -0.8678 -0.0000 -0.4970
vn -0.7476 -0.5037 -0.4329
vn -0.4970 0.0001 -0.8678
vn -0.7476 0.5037 -0.4329
vn -0.4328 0.5037 -0.7476
vn 0.4328 -0.5037 -0.7477
vn -0.0000 -0.0000 -1.0000
vn 0.4969 -0.0000 -0.8678
vn 0.4328 0.5037 -0.7477
vn -0.0000 -0.5069 -0.8620
vn -0.0000 0.5068 -0.8621
vn -0.4328 -0.5037 -0.7477
vn -0.7485 0.4570 -0.4806
vn -0.6912 0.4398 -0.5734
vn -0.9444 0.3069 -0.1180
vn -0.2592 0.8957 0.3614
vn -0.6085 0.7665 0.2055
vn -0.7643 0.5279 0.3703
vn -0.2511 -0.9495 -0.1883
vn -0.4563 -0.8809 0.1258
vn -0.7162 -0.6925 0.0866
vn -0.9303 0.3311 0.1577
vn -0.5089 0.7987 0.3211
vn -0.5592 0.8194 -0.1260
vn -0.2276 0.7929 0.5652
vn -0.6138 0.7240 0.3147
vn -0.5818 0.2830 0.7625
vn -0.9404 0.2924 0.1738
vn -0.5259 0.7772 0.3454
vn -0.5908 0.7957 -0.1340
vn -0.6053 0.7626 0.2280
vn -0.2743 0.8155 -0.5097
vn -0.9283 0.3697 0.0393
vn -0.8965 0.2045 0.3931
vn -0.8011 0.3691 0.4712
vn -0.6604 0.6446 0.3852
vn -0.5118 0.8585 -0.0315
vn -0.3079 -0.9235 0.2288
vn -0.1025 -0.7881 0.6069
vn -0.2766 -0.5690 0.7744
vn -0.2124 0.8421 0.4957
vn -0.6227 0.7014 0.3468
vn -0.7354 0.4506 0.5061
vn -0.4896 -0.7106 0.5053
vn 0.2919 -0.7810 0.5521
vn -0.6291 -0.4875 0.6055
vn -0.9107 -0.2591 0.3218
vn -0.7447 -0.6427 -0.1802
vn -0.4489 -0.7482 0.4884
vn -0.8795 -0.3770 -0.2905
vn -0.3312 0.9303 0.1578
vn -0.2593 0.8957 0.3613
vn 0.4982 0.7590 0.4191
vn -0.6084 0.7666 0.2054
vn 0.2522 0.9534 0.1654
vn 0.3552 0.9314 -0.0789
vn 0.1181 0.9919 -0.0472
vn 0.1572 0.9437 -0.2909
vn -0.1730 0.9747 0.1415
vn -0.1891 0.9692 -0.1576
vn -0.7706 0.6291 0.1022
vn 0.1498 0.9067 0.3942
vn 0.3303 0.9436 -0.0236
vn -0.0785 0.9966 0.0235
vn -0.0315 0.9219 -0.3861
vn -0.5089 0.7987 0.3210
vn -0.5593 0.8194 -0.1261
vn -0.2910 0.8888 0.3540
vn 0.1183 0.9388 0.3235
vn -0.1105 0.9936 0.0239
vn 0.2351 0.9639 -0.1254
vn -0.5274 0.8266 -0.1967
vn -0.2039 0.8788 -0.4315
vn 0.2590 0.9658 0.0157
vn -0.2834 0.9446 -0.1654
vn -0.2277 0.7929 0.5652
vn 0.0865 0.9451 -0.3151
vn -0.2124 0.7789 -0.5901
vn 0.4876 0.8259 0.2832
vn 0.1653 0.8973 0.4093
vn 0.3631 0.9314 -0.0237
vn -0.0785 0.9966 0.0236
vn -0.0236 0.9123 -0.4089
vn -0.5907 0.7957 -0.1340
vn 0.1177 0.9886 -0.0941
vn -0.2744 0.8155 -0.5096
vn -0.6054 0.7626 0.2280
vn 0.3316 0.8605 -0.3868
vn 0.1646 0.9349 0.3143
vn -0.0630 0.8746 0.4807
vn 0.3701 0.7952 0.4803
vn 0.5743 0.7789 0.2518
vn 0.1422 0.9878 -0.0633
vn 0.5882 0.7607 -0.2745
vn 0.0473 0.8112 -0.5828
vn -0.5119 0.8585 -0.0316
vn -0.6603 0.6447 0.3852
vn 0.3540 0.8888 -0.2910
vn -0.0633 0.8143 -0.5770
vn -0.1103 0.9848 -0.1339
vn -0.5512 0.7954 -0.2520
vn 0.1413 0.8947 0.4237
vn -0.3618 0.8416 0.4010
vn -0.0236 0.9351 -0.3535
vn 0.0236 0.9377 0.3467
vn 0.6690 0.7399 -0.0708
vn -0.2834 0.9209 0.2676
vn -0.5122 0.7171 0.4728
vn 0.6452 0.6296 0.4328
vn 0.1884 0.6826 -0.7061
vn -0.3228 0.9055 0.2756
vn -0.2125 0.8421 0.4957
vn 0.5432 0.7241 0.4251
vn -0.6226 0.7015 0.3467
vn -0.0628 0.9420 0.3297
vn 0.1807 0.9116 0.3693
vn 0.5969 0.7538 -0.2749
vn -0.1581 0.7586 0.6321
vn 0.3457 -0.4322 -0.8329
vn 0.3159 -0.3633 -0.8765
vn 0.3532 -0.4708 -0.8085
vn -0.4315 -0.5807 -0.6904
vn -0.4970 -0.5207 -0.6942
vn -0.3934 -0.6138 -0.6845
vn -0.3298 -0.6675 -0.6675
vn -0.7484 0.4570 -0.4807
vn -0.3858 0.4094 -0.8267
vn -0.6911 0.4399 -0.5734
vn -0.3458 0.3458 -0.8723
vn -0.4165 -0.7467 -0.5187
vn -0.5824 -0.5903 -0.5588
vn -0.4416 -0.2287 -0.8676
vn -0.6137 0.3934 -0.6845
vn -0.5274 0.8265 -0.1967
vn -0.2040 0.8788 -0.4314
vn -0.2745 0.8154 -0.5096
vn 0.3315 0.8605 -0.3868
vn 0.2203 0.2131 -0.9519
vn -0.4418 -0.7415 -0.5049
vn -0.3078 -0.9235 0.2290
vn -0.6058 -0.5586 -0.5665
vn -0.4424 -0.2212 -0.8691
vn -0.4728 0.3782 -0.7959
vn -0.0235 0.9351 -0.3536
vn 0.1883 0.6826 -0.7061
vn -0.3378 0.5735 -0.7463
vn -0.1022 -0.8337 -0.5426
vn -0.5664 -0.7551 -0.3302
vn -0.4648 -0.3545 -0.8114
vn -0.7446 -0.6428 -0.1802
vn -0.8795 -0.3769 -0.2906
vn -0.7557 -0.1496 -0.6376
vn -0.0001 0.5886 -0.8084
vn 0.1182 0.5831 -0.8038
vn -0.3766 0.4237 -0.8238
vn 0.3793 -0.5296 -0.7587
vn 0.3532 -0.4709 -0.8084
vn 0.4666 -0.4113 -0.7830
vn 0.4409 0.4961 -0.7480
vn 0.5037 0.4328 -0.7477
vn 0.4008 0.5421 -0.7386
vn 0.3460 0.5976 -0.7234
vn 0.9310 -0.3629 -0.0395
vn 0.9310 -0.3629 -0.0394
vn 0.4981 0.7592 0.4190
vn 0.5424 0.6210 0.5659
vn 0.8863 0.2902 0.3608
vn 0.2838 -0.6859 -0.6701
vn 0.1976 -0.5690 -0.7982
vn 0.5417 -0.1649 -0.8243
vn 0.2591 0.9657 0.0157
vn 0.4876 0.8259 0.2831
vn 0.0865 0.9451 -0.3150
vn 0.5744 0.7789 0.2517
vn 0.5882 0.7607 -0.2744
vn 0.8840 -0.4341 -0.1736
vn 0.8660 -0.4172 -0.2755
vn 0.9212 -0.3149 0.2283
vn 0.6895 -0.3760 -0.6190
vn 0.6769 -0.3070 -0.6690
vn 0.6453 0.6295 0.4328
vn 0.9314 0.2763 0.2368
vn 0.6690 0.7399 -0.0707
vn 0.5288 0.5295 -0.6633
vn 0.5431 0.7242 0.4250
vn 0.6677 0.5185 0.5342
vn 0.9345 0.2356 0.2670
vn 0.1807 0.9115 0.3694
vn 0.7744 0.5690 -0.2766
vn 0.7423 0.2448 -0.6237
vn 0.8722 -0.4243 0.2436
vn 0.9082 -0.3554 0.2212
vn 0.6561 -0.5217 0.5454
vn 0.0001 0.5887 -0.8084
vn 0.4880 0.5509 -0.6770
vn 0.1183 0.5831 -0.8037
vn 0.5426 0.4875 -0.6841
vn 0.8669 -0.4729 -0.1576
vn 0.8489 -0.4559 -0.2673
vn 0.9058 -0.3464 0.2441
vn 0.6685 -0.4089 -0.6212
vn 0.6614 -0.3386 -0.6693
vn -0.0472 -0.9601 0.2755
vn -0.2752 -0.9358 0.2201
vn -0.4165 -0.7467 -0.5186
vn -0.0786 -0.8097 0.5816
vn -0.5825 -0.5904 -0.5588
vn -0.1885 -0.9820 0.0078
vn -0.2510 -0.9495 -0.1884
vn -0.4561 -0.8810 0.1259
vn 0.1975 -0.5691 -0.7982
vn -0.2992 -0.9369 -0.1810
vn 0.0705 -0.9173 -0.3920
vn 0.0707 -0.9974 -0.0157
vn 0.4420 -0.8920 -0.0947
vn -0.1654 -0.8822 0.4410
vn 0.2518 -0.8656 0.4327
vn -0.4405 -0.8889 -0.1259
vn -0.1972 -0.9227 -0.3312
vn -0.1579 -0.9867 -0.0395
vn 0.1265 -0.9805 -0.1502
vn -0.2911 -0.8888 0.3539
vn 0.0395 -0.9556 0.2921
vn -0.0709 -0.9539 0.2917
vn -0.3077 -0.9235 0.2289
vn -0.1024 -0.7882 0.6068
vn 0.4719 -0.8808 -0.0393
vn 0.4546 -0.8073 0.3762
vn 0.2212 -0.9479 0.2291
vn -0.0394 -0.8968 0.4406
vn 0.0235 -0.9818 -0.1885
vn -0.1657 -0.9861 0.0158
vn -0.3058 -0.9017 -0.3057
vn -0.4085 -0.8878 -0.2121
vn -0.0157 -0.8676 -0.4970
vn 0.0470 -0.9969 -0.0628
vn 0.4651 -0.8593 -0.2128
vn -0.1811 -0.8583 0.4802
vn 0.3155 -0.8440 0.4337
vn -0.3072 -0.9059 0.2914
vn -0.3148 -0.9286 -0.1967
vn 0.0707 -0.9974 0.0158
vn 0.1970 -0.8906 -0.4098
vn 0.3618 -0.7945 0.4877
vn 0.6044 -0.7928 0.0784
vn 0.2598 -0.9437 -0.2048
vn 0.3230 -0.9452 0.0473
vn 0.1103 -0.9938 -0.0156
vn 0.0947 -0.9707 0.2210
vn -0.1421 -0.9630 -0.2289
vn -0.1975 -0.9798 0.0316
vn -0.6498 -0.7203 -0.2427
vn 0.2983 -0.9498 0.0942
vn -0.3307 -0.9213 0.2047
vn -0.1021 -0.8337 -0.5426
vn -0.2129 -0.8832 0.4179
vn -0.3227 -0.7399 0.5903
vn -0.5663 -0.7551 -0.3303
vn 0.5968 -0.7853 -0.1649
vn 0.5261 -0.6282 -0.5732
vn 0.7194 -0.6404 0.2688
vn 0.4028 -0.8530 0.3317
vn 0.7023 -0.6077 0.3708
vn -0.2053 -0.8607 0.4659
vn -0.4489 -0.7484 0.4883
vn -0.7446 -0.6427 -0.1803
vn -0.0474 -0.6317 0.7738
vn 0.5660 -0.5424 0.6209
vn 0.8721 -0.4244 0.2436
vn 0.6561 -0.5217 0.5453
vn -0.2753 -0.9358 0.2201
vn -0.0786 -0.8096 0.5817
vn -0.2440 -0.5981 0.7634
vn 0.4981 0.7591 0.4192
vn -0.2594 0.8956 0.3614
vn 0.5423 0.6210 0.5660
vn -0.0158 -0.4501 0.8928
vn -0.1654 -0.8821 0.4410
vn 0.2518 -0.8657 0.4327
vn 0.3697 0.6764 0.6371
vn 0.4876 0.8258 0.2832
vn -0.0315 -0.5508 0.8341
vn -0.2910 -0.8889 0.3539
vn -0.0706 0.4711 0.8793
vn 0.0709 -0.4012 0.9132
vn -0.1812 -0.8582 0.4802
vn 0.8039 -0.3152 0.5044
vn 0.5431 0.7241 0.4251
vn -0.2126 0.8420 0.4958
vn 0.1808 0.9116 0.3693
vn -0.1580 0.7585 0.6322
vn -0.0708 0.5350 0.8419
vn 0.2918 -0.7810 0.5521
vn 0.7023 -0.6076 0.3709
vn 0.7917 -0.3371 0.5095
vn -0.4490 -0.7483 0.4883
vn -0.0474 -0.6316 0.7739
vn -0.0868 -0.3944 0.9148
vn 0.5659 -0.5424 0.6210
vn 0.2754 -0.4487 0.8502
vn -0.9314 0.1815 0.3156
vn -0.8559 0.3848 -0.3454
vn -0.9075 0.1973 -0.3708
vn -0.4094 0.4330 0.8030
vn -0.4264 0.2526 0.8685
vn -0.3851 0.6286 0.6757
vn -0.8821 0.3701 0.2914
vn -0.7870 0.5667 0.2440
vn -0.7558 0.5826 -0.2991
vn -0.0632 0.9955 0.0711
vn -0.1338 0.9839 0.1181
vn -0.1579 0.9793 0.1263
vn -0.2440 0.9682 0.0551
vn -0.1025 0.9936 0.0473
vn 0.0001 0.9995 0.0315
vn -0.1265 0.9882 0.0869
vn -0.0863 0.9962 -0.0079
vn -0.1655 0.9851 0.0473
vn -0.2048 0.9768 -0.0630
vn -0.2366 0.9700 -0.0552
vn -0.1256 0.9890 -0.0785
vn -0.1421 0.9867 -0.0789
vn -0.1178 0.9899 -0.0786
vn -0.0632 0.9949 -0.0790
vn -0.0236 0.9992 -0.0315
vn -0.3381 0.6291 -0.6999
vn 0.2293 0.6803 -0.6961
vn -0.3710 0.4341 -0.8210
vn -0.7557 0.5825 -0.2992
vn 0.3001 0.4977 -0.8138
vn -0.8559 0.3848 -0.3456
vn -0.3776 0.2596 -0.8889
vn 0.3461 0.3225 -0.8810
vn -0.9075 0.1973 -0.3709
vn 0.3003 0.4977 -0.8137
vn 0.8491 0.3774 -0.3695
vn 0.3462 0.3225 -0.8810
vn 0.2295 0.6803 -0.6961
vn 0.7664 0.5451 -0.3398
vn 0.6315 0.7183 -0.2920
vn 0.6280 0.7221 0.2903
vn 0.7664 0.5452 0.3397
vn 0.8492 0.3774 0.3695
vn 0.0948 -0.9955 -0.0000
vn 0.0949 -0.9955 -0.0000
vn 0.7664 0.5452 0.3398
vn 0.3555 0.3239 0.8768
vn 0.8491 0.3774 0.3696
vn 0.6279 0.7221 0.2905
vn 0.3074 0.4965 0.8118
vn 0.2356 0.6753 0.6989
vn -0.3849 0.6286 0.6758
vn -0.4093 0.4330 0.8031
vn -0.4263 0.2527 0.8686
vn 0.8516 0.1892 0.4889
vn 0.3061 0.3845 0.8709
vn 0.3219 0.1963 0.9262
vn 0.8740 0.4331 -0.2204
vn 0.9337 0.2532 -0.2532
vn 0.7619 0.6283 -0.1570
vn 0.8011 0.3691 0.4712
vn 0.7008 0.5669 0.4331
vn 0.2758 0.5830 0.7642
vn 0.0948 0.9955 -0.0000
vn 0.1809 0.9832 0.0236
vn 0.1960 0.9801 0.0314
vn 0.1972 0.9700 0.1420
vn 0.1025 0.9936 0.0473
vn 0.0157 0.9998 -0.0157
vn 0.1502 0.9879 0.0395
vn 0.0471 0.9964 0.0706
vn 0.1419 0.9853 0.0946
vn 0.0866 0.9766 0.1969
vn 0.1105 0.9708 0.2131
vn 0.0235 0.9885 0.1491
vn 0.0316 0.9869 0.1579
vn 0.0236 0.9897 0.1414
vn -0.0236 0.9944 0.1026
vn -0.0079 0.9992 0.0393
vn -0.2992 0.6300 0.7166
vn -0.6780 0.6780 0.2839
vn -0.3710 0.4341 0.8209
vn 0.2757 0.5830 0.7643
vn -0.8098 0.4953 0.3146
vn 0.3059 0.3845 0.8710
vn -0.4161 0.2590 0.8716
vn -0.8897 0.3228 0.3229
vn 0.3217 0.1962 0.9263
vn -0.8098 0.4953 0.3144
vn -0.8418 0.3697 -0.3933
vn -0.8897 0.3228 0.3227
vn -0.6781 0.6780 0.2838
vn -0.7643 0.5437 -0.3467
vn -0.6377 0.7163 -0.2834
vn -0.1968 0.7241 -0.6611
vn -0.2532 0.5457 -0.7988
vn -0.2834 0.3778 -0.8815
vn -0.0632 -0.9955 -0.0711
vn -0.0632 -0.9955 -0.0712
vn -0.2530 0.5458 -0.7988
vn 0.4263 0.3237 -0.8447
vn -0.2832 0.3778 -0.8815
vn -0.1967 0.7240 -0.6611
vn 0.4100 0.4968 -0.7649
vn 0.3697 0.6764 -0.6371
vn 0.7619 0.6284 -0.1572
vn 0.8740 0.4331 -0.2205
vn -0.6456 -0.7637 -0.0000
vn 0.5518 -0.6700 -0.4965
vn 0.6538 -0.7566 -0.0000
vn 0.5518 -0.6700 0.4965
vt 51.777000 -48.967499
vt 51.754902 -49.001598
vt 51.806599 -48.993698
vt 52.176800 -48.984200
vt 52.127899 -48.992298
vt 52.163601 -48.997799
vt 51.828201 -48.997898
vt 51.871300 -48.990799
vt 51.838799 -48.985901
vt 52.071499 -49.001801
vt 52.088699 -48.987099
vt 52.046200 -48.987000
vt 52.203201 -48.978401
vt 52.184101 -48.989101
vt 52.211700 -48.988602
vt 52.252602 -49.000900
vt 52.269001 -48.986099
vt 52.228500 -48.986000
vt 51.884998 -48.975399
vt 51.842899 -48.985199
vt 51.873501 -48.993301
vt 51.907101 -48.987400
vt 51.801701 -49.011299
vt 51.817101 -48.993301
vt 51.773102 -48.991402
vt 52.289501 -48.992001
vt 51.999802 -48.988899
vt 51.952499 -48.995701
vt 51.987499 -49.004601
vt 51.741001 -49.030998
vt 51.799400 -49.016499
vt 51.770500 -48.993698
vt 51.725700 -49.001202
vt 51.766102 -49.023701
vt 51.877201 -49.136200
vt 51.859200 -49.176800
vt 51.899899 -49.163898
vt 51.848400 -49.127899
vt 52.072899 -49.100300
vt 52.119301 -49.046700
vt 52.070099 -49.035198
vt 52.092201 -48.982800
vt 52.025902 -49.061699
vt 52.042400 -48.986900
vt 52.020599 -49.031200
vt 51.779701 -49.110298
vt 51.806900 -49.079498
vt 51.777199 -49.073299
vt 51.790298 -49.043499
vt 51.751301 -49.088699
vt 51.760601 -49.046200
vt 51.793701 -48.871300
vt 51.831299 -48.878399
vt 51.823200 -48.852100
vt 51.853699 -48.848400
vt 51.798901 -48.838799
vt 51.838200 -48.826199
vt 52.083099 -49.186901
vt 52.045399 -49.156799
vt 52.047699 -49.203201
vt 52.031502 -49.184101
vt 52.099800 -49.158901
vt 52.062500 -49.148300
vt 52.090801 -49.202599
vt 51.983700 -49.289501
vt 52.008400 -49.260201
vt 51.981499 -49.254398
vt 51.993301 -49.226002
vt 51.958000 -49.269001
vt 51.966400 -49.228500
vt 52.113701 -48.882900
vt 52.093700 -48.842899
vt 52.074902 -48.884998
vt 52.141201 -48.877499
vt 52.113499 -48.918598
vt 52.071899 -48.907101
vt 52.188801 -48.817101
vt 52.222000 -48.827499
vt 52.210098 -48.793098
vt 52.237598 -48.788300
vt 52.209301 -48.759899
vt 52.182499 -48.773102
vt 52.127102 -48.760601
vt 52.088001 -48.710499
vt 52.070702 -48.749901
vt 52.029301 -48.725700
vt 52.086899 -48.795799
vt 52.025299 -48.770500
vt 51.906101 -48.986401
vt 51.891399 -49.033798
vt 51.934898 -49.013802
vt 51.872398 -48.980900
vt 51.876202 -49.020401
vt 51.922100 -49.036098
vt 51.917301 -48.972401
vt 52.219501 -48.958099
vt 52.206200 -48.999802
vt 52.244900 -48.982800
vt 52.190102 -48.952499
vt 51.916000 -48.777000
vt 51.953300 -48.826900
vt 51.965599 -48.768200
vt 51.886002 -48.806599
vt 51.798801 -49.023701
vt 51.790699 -49.000301
vt 51.762402 -49.008598
vt 51.966499 -49.030998
vt 51.970699 -49.001202
vt 51.911999 -49.003201
vt 51.911701 -49.039501
vt 52.084000 -48.967499
vt 52.034401 -48.974602
vt 52.088501 -49.001598
vt 52.032799 -49.001598
vt 52.216499 -49.005402
vt 52.239399 -48.987000
vt 52.209702 -48.987801
vt 52.188202 -48.997898
vt 52.201099 -48.985901
vt 52.161800 -48.985901
vt 51.906300 -48.985199
vt 51.858799 -48.987499
vt 51.887299 -48.996300
vt 52.012798 -49.004601
vt 52.044899 -49.000900
vt 52.033600 -48.986000
vt 52.006699 -48.986801
vt 51.780499 -48.976898
vt 51.769699 -49.001099
vt 51.809898 -48.995701
vt 52.093899 -48.966202
vt 52.082699 -48.985001
vt 52.127602 -48.972000
vt 51.919701 -48.993301
vt 51.957600 -48.966099
vt 51.907799 -48.978401
vt 51.817501 -48.991402
vt 52.122799 -48.976601
vt 52.110600 -48.997101
vt 52.151600 -48.992298
vt 52.203098 -49.035900
vt 52.233898 -49.023701
vt 52.211700 -49.008598
vt 52.259701 -49.039501
vt 52.289501 -49.003201
vt 52.239399 -49.005901
vt 52.017200 -48.983700
vt 52.021301 -49.003201
vt 52.054298 -49.001099
vt 52.041901 -48.976898
vt 52.172501 -49.011600
vt 51.836102 -48.980900
vt 51.817299 -48.997898
vt 51.838902 -48.997101
vt 52.154999 -49.000900
vt 52.173801 -48.985901
vt 52.151600 -48.986500
vt 51.813099 -48.975700
vt 51.797401 -48.988602
vt 51.841099 -48.985600
vt 52.206902 -48.980400
vt 51.736900 -49.009201
vt 51.739799 -48.986801
vt 51.710499 -48.992001
vt 51.770199 -49.004601
vt 51.773998 -48.986801
vt 51.986198 -48.979900
vt 51.963902 -48.995201
vt 51.990799 -48.995300
vt 52.027599 -48.985001
vt 51.997799 -49.005600
vt 52.231800 -48.974602
vt 52.173100 -48.980202
vt 52.202702 -49.002800
vt 52.242699 -49.001598
vt 52.121601 -48.986500
vt 51.863800 -48.976601
vt 51.874298 -48.997101
vt 51.917500 -49.010101
vt 51.920502 -48.987801
vt 51.889702 -48.993000
vt 51.952499 -49.005402
vt 51.956501 -48.987801
vt 52.208900 -49.082500
vt 52.251801 -49.071499
vt 52.216499 -49.047501
vt 52.220299 -49.110298
vt 52.239399 -49.046200
vt 52.178299 -48.867298
vt 52.188202 -48.828201
vt 52.152599 -48.845001
vt 52.206299 -48.871300
vt 52.161800 -48.826199
vt 52.151600 -49.127899
vt 52.110600 -49.125702
vt 52.124199 -49.152802
vt 52.092800 -49.161098
vt 52.152401 -49.163601
vt 52.113300 -49.182701
vt 52.127602 -48.980900
vt 52.082699 -48.972401
vt 52.094700 -49.004101
vt 52.058102 -49.009201
vt 52.123798 -49.020401
vt 52.077900 -49.036098
vt 52.005901 -49.263100
vt 52.044899 -49.252602
vt 52.012798 -49.229801
vt 52.016300 -49.289501
vt 51.858799 -48.877499
vt 51.886501 -48.918598
vt 51.898701 -48.896900
vt 51.928101 -48.907101
vt 51.887299 -48.854301
vt 51.930901 -48.873501
vt 51.906300 -48.842899
vt 51.809898 -48.952499
vt 51.769699 -48.945702
vt 51.780102 -48.973499
vt 51.748199 -48.978699
vt 51.806702 -48.987499
vt 51.766102 -49.002201
vt 52.113998 -48.806599
vt 52.088501 -48.754902
vt 52.064602 -48.790100
vt 52.032799 -48.757301
vt 52.070801 -48.832001
vt 52.020500 -48.797298
vt 51.900200 -49.158901
vt 51.909199 -49.202599
vt 51.933998 -49.180801
vt 51.951401 -49.211700
vt 51.937500 -49.148300
vt 51.968498 -49.184101
vt 51.954601 -49.156799
vt 51.907902 -49.051601
vt 51.979401 -49.031200
vt 51.919701 -48.989700
vt 51.927101 -49.100300
vt 51.974098 -49.061699
vt 51.957600 -48.986900
vt 51.880699 -49.046700
vt 51.907799 -48.982800
vt 51.911701 -48.740299
vt 51.939999 -48.799400
vt 51.966499 -48.741001
vt 51.872898 -48.760601
vt 51.780201 -48.796902
vt 51.822899 -48.801701
vt 51.798801 -48.766102
vt 51.778000 -48.827499
vt 52.168701 -48.878399
vt 51.748199 -49.001801
vt 51.779701 -48.993000
vt 51.751301 -48.987099
vt 51.899899 -48.980900
vt 51.859200 -48.984200
vt 51.886700 -48.997898
vt 51.847599 -48.997799
vt 52.047699 -48.978401
vt 52.048599 -48.988602
vt 52.090801 -48.988602
vt 51.891399 -48.976002
vt 51.876202 -48.982899
vt 51.922100 -48.995201
vt 52.060001 -49.016499
vt 52.086899 -48.990398
vt 52.025299 -48.993698
vt 52.206200 -48.988899
vt 52.193298 -49.004601
vt 52.233898 -49.005600
vt 51.953300 -48.980202
vt 51.929199 -49.002701
vt 51.979500 -49.002800
vt 52.244900 -48.983700
vt 51.886002 -48.993698
vt 52.127102 -49.005901
vt 52.177101 -49.011299
vt 52.222000 -49.011600
vt 52.188801 -48.993301
vt 51.821701 -49.004700
vt 51.831299 -48.986500
vt 51.793701 -48.990799
vt 51.999802 -17.031900
vt 51.761799 -17.013500
vt 51.757900 -17.031900
vt 52.237801 -17.013500
vt 52.241699 -17.031900
vt 52.226501 -16.995100
vt 51.999802 -17.013500
vt 51.999802 -16.995100
vt 51.773102 -16.995100
vt 51.997799 -17.320400
vt 51.803398 -17.169800
vt 51.741001 -17.226500
vt 51.677200 -16.999800
vt 51.996899 -17.160101
vt 52.227798 -17.226500
vt 51.872299 -17.113100
vt 52.001099 -16.999800
vt 51.770599 -16.999800
vt 51.831100 -16.829800
vt 51.774399 -16.773100
vt 52.001099 -16.679899
vt 51.887798 -16.886400
vt 52.001099 -16.840300
vt 52.227798 -16.779600
vt 52.161400 -17.000601
vt 52.321701 -17.000401
vt 51.998901 -16.995100
vt 51.772202 -16.995100
vt 51.998901 -17.013500
vt 52.225601 -16.995100
vt 51.760899 -17.013500
vt 52.236900 -17.013500
vt 51.998901 -17.031900
vt 51.757000 -17.031900
vt 52.240799 -17.031900
vt 52.231701 -17.013500
vt 52.235699 -17.031900
vt 52.220402 -16.995100
vt 51.999699 -17.013500
vt 51.999599 -16.995100
vt 51.773499 -16.995100
vt 51.762199 -17.013500
vt 51.758301 -17.031900
vt 51.757000 -17.241699
vt 51.757000 -16.764299
vt 51.656799 -17.000200
vt 52.001099 -17.341900
vt 52.240799 -16.757900
vt 51.998901 -16.658100
vt 52.343300 -16.999800
vt 52.274200 -17.241699
vt 52.239101 -17.013500
vt 52.243000 -17.031900
vt 52.227798 -16.995100
vt 51.998501 -17.013500
vt 51.997799 -16.995100
vt 51.741001 -16.995100
vt 51.729698 -17.013500
vt 51.725800 -17.031900
vt 9.999860 -35.031898
vt 9.789410 -35.013500
vt 9.785460 -35.031898
vt 10.235900 -35.013500
vt 10.239800 -35.031898
vt 10.224600 -34.995098
vt 10.000200 -35.013500
vt 10.000800 -34.995098
vt 9.800700 -34.995098
vt 9.997410 -35.318501
vt 9.831280 -35.167900
vt 9.774610 -35.224602
vt 9.680710 -35.000801
vt 9.996420 -35.158199
vt 10.189200 -35.224602
vt 9.776050 -35.002602
vt 9.887950 -35.111198
vt 9.774610 -34.800701
vt 10.001300 -34.997898
vt 9.831280 -34.852299
vt 10.001300 -34.683601
vt 9.887950 -34.898102
vt 10.001300 -34.845501
vt 10.228000 -34.803799
vt 10.156600 -35.001900
vt 10.318000 -35.001301
vt 9.998710 -34.995098
vt 9.772030 -34.995098
vt 9.998710 -35.013500
vt 10.225400 -34.995098
vt 9.760740 -35.013500
vt 10.236700 -35.013500
vt 9.998710 -35.031898
vt 9.756780 -35.031898
vt 10.240600 -35.031898
vt 10.207500 -35.013500
vt 9.999840 -35.031898
vt 10.211400 -35.031898
vt 10.196200 -34.995098
vt 9.999420 -35.013500
vt 9.998700 -34.995098
vt 9.775420 -34.995098
vt 9.764130 -35.013500
vt 9.760170 -35.031898
vt 9.795580 -35.239799
vt 9.756780 -34.788601
vt 9.659150 -35.000198
vt 10.240600 -34.785500
vt 9.998710 -34.660000
vt 10.240600 -35.239799
vt 10.340800 -34.999901
vt 10.001300 -35.340000
vt 10.200500 -35.013500
vt 10.204400 -35.031898
vt 10.189200 -34.995098
vt 9.998240 -35.013500
vt 9.997410 -34.995098
vt 9.774610 -34.995098
vt 9.763320 -35.013500
vt 9.759360 -35.031898
vt 33.828201 -6.999980
vt 33.871300 -6.992800
vt 33.838799 -6.987960
vt 34.071499 -7.003810
vt 34.088699 -6.989120
vt 34.046200 -6.989050
vt 34.203201 -6.980470
vt 34.184101 -6.991120
vt 34.211700 -6.990670
vt 33.884998 -6.977450
vt 33.842899 -6.987210
vt 33.873501 -6.995380
vt 33.907101 -6.989480
vt 34.252602 -7.002910
vt 34.269001 -6.988090
vt 34.228500 -6.988020
vt 34.042000 -6.975000
vt 33.973301 -6.975070
vt 34.024601 -6.987930
vt 34.289501 -6.994060
vt 33.999802 -6.990920
vt 33.952499 -6.997700
vt 33.987499 -7.006590
vt 33.741001 -7.033080
vt 33.799400 -7.018580
vt 33.770500 -6.995740
vt 33.725700 -7.003200
vt 33.779701 -7.110290
vt 33.806900 -7.079510
vt 33.777199 -7.073340
vt 33.790298 -7.043490
vt 33.751301 -7.088700
vt 33.760601 -7.046180
vt 33.793701 -6.871320
vt 33.831299 -6.878440
vt 33.823200 -6.852080
vt 33.853699 -6.848450
vt 33.798901 -6.838780
vt 33.838200 -6.826230
vt 34.083099 -7.186890
vt 34.045399 -7.156780
vt 34.047699 -7.203190
vt 34.031502 -7.184080
vt 34.099800 -7.158890
vt 34.062500 -7.148270
vt 34.090801 -7.202640
vt 34.113701 -6.882880
vt 34.093700 -6.842920
vt 34.074902 -6.885030
vt 34.141201 -6.877530
vt 34.113499 -6.918610
vt 34.071899 -6.907070
vt 33.983700 -7.289520
vt 34.008400 -7.260250
vt 33.981499 -7.254380
vt 33.993301 -7.225990
vt 33.958000 -7.268990
vt 33.966400 -7.228540
vt 33.901001 -6.980450
vt 33.884998 -7.041990
vt 33.941399 -7.015980
vt 33.859798 -6.973250
vt 33.929199 -7.044960
vt 33.920399 -6.962260
vt 34.127102 -6.760580
vt 34.088001 -6.710480
vt 34.070702 -6.749850
vt 34.029301 -6.725680
vt 34.086899 -6.795780
vt 34.025299 -6.770540
vt 34.219501 -6.958130
vt 34.206200 -6.999750
vt 34.244900 -6.982780
vt 34.190102 -6.952520
vt 33.966499 -7.033080
vt 33.970699 -7.003200
vt 33.911999 -7.005250
vt 33.911701 -7.041580
vt 34.216499 -7.007480
vt 34.239399 -6.989050
vt 34.209702 -6.989830
vt 34.188202 -6.999980
vt 34.201099 -6.987960
vt 34.161800 -6.987900
vt 33.780499 -6.978920
vt 33.769699 -7.003100
vt 33.809898 -6.997700
vt 33.906300 -6.987210
vt 33.858799 -6.989510
vt 33.887299 -6.998300
vt 34.098999 -6.958420
vt 34.079601 -6.979260
vt 34.140202 -6.975070
vt 34.012798 -7.006610
vt 34.044899 -7.002910
vt 34.033600 -6.988020
vt 34.006699 -6.988810
vt 34.259701 -7.041580
vt 34.289501 -7.005250
vt 34.239399 -7.007920
vt 34.017200 -6.985710
vt 34.021301 -7.005220
vt 34.054298 -7.003100
vt 34.041901 -6.978920
vt 34.154999 -7.002980
vt 34.173801 -6.987900
vt 34.151600 -6.988550
vt 33.813099 -6.977790
vt 33.797401 -6.990670
vt 33.841099 -6.987660
vt 33.984001 -6.968010
vt 33.955002 -6.990880
vt 33.990002 -6.985600
vt 34.037701 -6.979260
vt 33.736900 -7.011280
vt 33.739799 -6.988810
vt 33.710499 -6.994060
vt 33.770199 -7.006610
vt 33.773998 -6.988810
vt 33.997799 -7.007620
vt 34.121601 -6.988550
vt 33.917500 -7.012110
vt 33.920502 -6.989830
vt 33.889702 -6.995040
vt 33.952499 -7.007480
vt 33.956501 -6.989830
vt 34.208900 -7.082540
vt 34.251801 -7.071450
vt 34.216499 -7.047500
vt 34.220299 -7.110290
vt 34.239399 -7.046180
vt 34.178299 -6.867330
vt 34.188202 -6.828220
vt 34.152599 -6.844990
vt 34.206299 -6.871320
vt 34.161800 -6.826230
vt 34.005901 -7.263120
vt 34.044899 -7.252580
vt 34.012798 -7.229800
vt 34.016300 -7.289520
vt 34.140202 -6.973250
vt 34.079601 -6.962260
vt 34.091301 -7.003440
vt 34.045502 -7.010010
vt 34.132401 -7.024630
vt 34.070801 -7.044960
vt 33.809898 -6.952520
vt 33.769699 -6.945730
vt 33.780102 -6.973480
vt 33.748199 -6.978680
vt 33.806702 -6.987540
vt 33.766102 -7.002160
vt 33.858799 -6.877530
vt 33.886501 -6.918610
vt 33.898701 -6.896880
vt 33.928101 -6.907070
vt 33.887299 -6.854320
vt 33.930901 -6.873510
vt 33.906300 -6.842920
vt 33.900200 -7.158890
vt 33.909199 -7.202640
vt 33.933998 -7.180830
vt 33.951401 -7.211660
vt 33.937500 -7.148270
vt 33.968498 -7.184080
vt 33.954601 -7.156780
vt 33.911701 -6.740260
vt 33.939999 -6.799400
vt 33.966499 -6.741040
vt 33.872898 -6.760580
vt 34.168701 -6.878440
vt 33.748199 -7.003810
vt 33.779701 -6.995040
vt 33.751301 -6.989120
vt 34.047699 -6.980470
vt 34.048599 -6.990670
vt 34.090801 -6.990670
vt 34.060001 -7.018580
vt 34.086899 -6.992470
vt 34.025299 -6.995740
vt 33.884998 -6.975000
vt 33.867599 -6.987930
vt 33.929199 -6.990880
vt 34.206200 -6.990920
vt 34.193298 -7.006590
vt 34.233898 -7.007620
vt 34.244900 -6.985710
vt 34.127102 -7.007920
vt 33.821701 -7.006780
vt 33.831299 -6.988550
vt 33.793701 -6.992800
vt 1.999860 -15.031900
vt 1.789410 -15.013500
vt 1.785460 -15.031900
vt 2.235870 -15.013500
vt 2.239830 -15.031900
vt 2.224580 -14.995100
vt 2.000220 -15.013500
vt 2.000840 -14.995100
vt 1.800700 -14.995100
vt 1.997410 -15.318500
vt 1.831280 -15.167900
vt 1.774610 -15.224600
vt 1.680710 -15.000800
vt 1.996420 -15.158200
vt 2.189170 -15.224600
vt 1.776050 -15.002600
vt 1.887950 -15.111200
vt 1.774610 -14.800700
vt 2.001290 -14.997900
vt 1.831280 -14.852300
vt 2.001290 -14.683600
vt 1.887950 -14.898100
vt 2.001290 -14.845500
vt 2.227970 -14.803800
vt 2.156610 -15.001900
vt 2.317990 -15.001300
vt 1.998710 -14.995100
vt 1.772030 -14.995100
vt 1.998710 -15.013500
vt 2.225390 -14.995100
vt 1.760740 -15.013500
vt 2.236680 -15.013500
vt 1.998710 -15.031900
vt 1.756780 -15.031900
vt 2.240640 -15.031900
vt 2.207480 -15.013500
vt 1.999840 -15.031900
vt 2.211440 -15.031900
vt 2.196190 -14.995100
vt 1.999420 -15.013500
vt 1.998700 -14.995100
vt 1.775420 -14.995100
vt 1.764130 -15.013500
vt 1.760170 -15.031900
vt 1.795580 -15.239800
vt 1.756780 -14.788600
vt 1.659150 -15.000200
vt 2.240640 -14.785500
vt 1.998710 -14.660000
vt 2.240640 -15.239800
vt 2.340850 -14.999900
vt 2.001290 -15.340000
vt 2.200460 -15.013500
vt 2.204420 -15.031900
vt 2.189170 -14.995100
vt 1.998240 -15.013500
vt 1.997410 -14.995100
vt 1.774610 -14.995100
vt 1.763320 -15.013500
vt 1.759360 -15.031900
vt 41.777000 -34.967499
vt 41.754902 -35.001598
vt 41.806599 -34.993698
vt 42.176800 -34.984200
vt 42.127899 -34.992298
vt 42.163601 -34.997799
vt 41.828201 -34.997898
vt 41.871300 -34.990799
vt 41.838799 -34.985901
vt 42.071499 -35.001801
vt 42.088699 -34.987099
vt 42.046200 -34.987000
vt 42.203201 -34.978401
vt 42.184101 -34.989101
vt 42.211700 -34.988602
vt 42.252602 -35.000900
vt 42.269001 -34.986099
vt 42.228500 -34.986000
vt 41.884998 -34.975399
vt 41.842899 -34.985199
vt 41.873501 -34.993301
vt 41.907101 -34.987400
vt 41.801701 -35.011299
vt 41.817101 -34.993301
vt 41.773102 -34.991402
vt 42.289501 -34.992001
vt 41.999802 -34.988899
vt 41.952499 -34.995701
vt 41.987499 -35.004601
vt 41.741001 -35.030998
vt 41.799400 -35.016499
vt 41.770500 -34.993698
vt 41.725700 -35.001202
vt 41.766102 -35.023701
vt 41.877201 -35.136200
vt 41.859200 -35.176800
vt 41.899899 -35.163898
vt 41.848400 -35.127899
vt 42.072899 -35.100300
vt 42.119301 -35.046700
vt 42.070099 -35.035198
vt 42.092201 -34.982800
vt 42.025902 -35.061699
vt 42.042400 -34.986900
vt 42.020599 -35.031200
vt 41.779701 -35.110298
vt 41.806900 -35.079498
vt 41.777199 -35.073299
vt 41.790298 -35.043499
vt 41.751301 -35.088699
vt 41.760601 -35.046200
vt 41.793701 -34.871300
vt 41.831299 -34.878399
vt 41.823200 -34.852100
vt 41.853699 -34.848400
vt 41.798901 -34.838799
vt 41.838200 -34.826199
vt 42.083099 -35.186901
vt 42.045399 -35.156799
vt 42.047699 -35.203201
vt 42.031502 -35.184101
vt 42.099800 -35.158901
vt 42.062500 -35.148300
vt 42.090801 -35.202599
vt 41.983700 -35.289501
vt 42.008400 -35.260201
vt 41.981499 -35.254398
vt 41.993301 -35.226002
vt 41.958000 -35.269001
vt 41.966400 -35.228500
vt 42.113701 -34.882900
vt 42.093700 -34.842899
vt 42.074902 -34.884998
vt 42.141201 -34.877499
vt 42.113499 -34.918598
vt 42.071899 -34.907101
vt 42.188801 -34.817101
vt 42.222000 -34.827499
vt 42.210098 -34.793098
vt 42.237598 -34.788300
vt 42.209301 -34.759899
vt 42.182499 -34.773102
vt 42.127102 -34.760601
vt 42.088001 -34.710499
vt 42.070702 -34.749901
vt 42.029301 -34.725700
vt 42.086899 -34.795799
vt 42.025299 -34.770500
vt 41.906101 -34.986401
vt 41.891399 -35.033798
vt 41.934898 -35.013802
vt 41.872398 -34.980900
vt 41.876202 -35.020401
vt 41.922100 -35.036098
vt 41.917301 -34.972401
vt 42.219501 -34.958099
vt 42.206200 -34.999802
vt 42.244900 -34.982800
vt 42.190102 -34.952499
vt 41.916000 -34.777000
vt 41.953300 -34.826900
vt 41.965599 -34.768200
vt 41.886002 -34.806599
vt 41.798801 -35.023701
vt 41.790699 -35.000301
vt 41.762402 -35.008598
vt 41.966499 -35.030998
vt 41.970699 -35.001202
vt 41.911999 -35.003201
vt 41.911701 -35.039501
vt 42.084000 -34.967499
vt 42.034401 -34.974602
vt 42.088501 -35.001598
vt 42.032799 -35.001598
vt 42.216499 -35.005402
vt 42.239399 -34.987000
vt 42.209702 -34.987801
vt 42.188202 -34.997898
vt 42.201099 -34.985901
vt 42.161800 -34.985901
vt 41.906300 -34.985199
vt 41.858799 -34.987499
vt 41.887299 -34.996300
vt 42.012798 -35.004601
vt 42.044899 -35.000900
vt 42.033600 -34.986000
vt 42.006699 -34.986801
vt 41.780499 -34.976898
vt 41.769699 -35.001099
vt 41.809898 -34.995701
vt 42.093899 -34.966202
vt 42.082699 -34.985001
vt 42.127602 -34.972000
vt 41.919701 -34.993301
vt 41.957600 -34.966099
vt 41.907799 -34.978401
vt 41.817501 -34.991402
vt 42.122799 -34.976601
vt 42.110600 -34.997101
vt 42.151600 -34.992298
vt 42.203098 -35.035900
vt 42.233898 -35.023701
vt 42.211700 -35.008598
vt 42.259701 -35.039501
vt 42.289501 -35.003201
vt 42.239399 -35.005901
vt 42.017200 -34.983700
vt 42.021301 -35.003201
vt 42.054298 -35.001099
vt 42.041901 -34.976898
vt 42.172501 -35.011600
vt 41.836102 -34.980900
vt 41.817299 -34.997898
vt 41.838902 -34.997101
vt 42.154999 -35.000900
vt 42.173801 -34.985901
vt 42.151600 -34.986500
vt 41.813099 -34.975700
vt 41.797401 -34.988602
vt 41.841099 -34.985600
vt 42.206902 -34.980400
vt 41.736900 -35.009201
vt 41.739799 -34.986801
vt 41.710499 -34.992001
vt 41.770199 -35.004601
vt 41.773998 -34.986801
vt 41.986198 -34.979900
vt 41.963902 -34.995201
vt 41.990799 -34.995300
vt 42.027599 -34.985001
vt 41.997799 -35.005600
vt 42.231800 -34.974602
vt 42.173100 -34.980202
vt 42.202702 -35.002800
vt 42.242699 -35.001598
vt 42.121601 -34.986500
vt 41.863800 -34.976601
vt 41.874298 -34.997101
vt 41.917500 -35.010101
vt 41.920502 -34.987801
vt 41.889702 -34.993000
vt 41.952499 -35.005402
vt 41.956501 -34.987801
vt 42.208900 -35.082500
vt 42.251801 -35.071499
vt 42.216499 -35.047501
vt 42.220299 -35.110298
vt 42.239399 -35.046200
vt 42.178299 -34.867298
vt 42.188202 -34.828201
vt 42.152599 -34.845001
vt 42.206299 -34.871300
vt 42.161800 -34.826199
vt 42.151600 -35.127899
vt 42.110600 -35.125702
vt 42.124199 -35.152802
vt 42.092800 -35.161098
vt 42.152401 -35.163601
vt 42.113300 -35.182701
vt 42.127602 -34.980900
vt 42.082699 -34.972401
vt 42.094700 -35.004101
vt 42.058102 -35.009201
vt 42.123798 -35.020401
vt 42.077900 -35.036098
vt 42.005901 -35.263100
vt 42.044899 -35.252602
vt 42.012798 -35.229801
vt 42.016300 -35.289501
vt 41.858799 -34.877499
vt 41.886501 -34.918598
vt 41.898701 -34.896900
vt 41.928101 -34.907101
vt 41.887299 -34.854301
vt 41.930901 -34.873501
vt 41.906300 -34.842899
vt 41.809898 -34.952499
vt 41.769699 -34.945702
vt 41.780102 -34.973499
vt 41.748199 -34.978699
vt 41.806702 -34.987499
vt 41.766102 -35.002201
vt 42.113998 -34.806599
vt 42.088501 -34.754902
vt 42.064602 -34.790100
vt 42.032799 -34.757301
vt 42.070801 -34.832001
vt 42.020500 -34.797298
vt 41.900200 -35.158901
vt 41.909199 -35.202599
vt 41.933998 -35.180801
vt 41.951401 -35.211700
vt 41.937500 -35.148300
vt 41.968498 -35.184101
vt 41.954601 -35.156799
vt 41.907902 -35.051601
vt 41.979401 -35.031200
vt 41.919701 -34.989700
vt 41.927101 -35.100300
vt 41.974098 -35.061699
vt 41.957600 -34.986900
vt 41.880699 -35.046700
vt 41.907799 -34.982800
vt 41.911701 -34.740299
vt 41.939999 -34.799400
vt 41.966499 -34.741001
vt 41.872898 -34.760601
vt 41.780201 -34.796902
vt 41.822899 -34.801701
vt 41.798801 -34.766102
vt 41.778000 -34.827499
vt 42.168701 -34.878399
vt 41.748199 -35.001801
vt 41.779701 -34.993000
vt 41.751301 -34.987099
vt 41.899899 -34.980900
vt 41.859200 -34.984200
vt 41.886700 -34.997898
vt 41.847599 -34.997799
vt 42.047699 -34.978401
vt 42.048599 -34.988602
vt 42.090801 -34.988602
vt 41.891399 -34.976002
vt 41.876202 -34.982899
vt 41.922100 -34.995201
vt 42.060001 -35.016499
vt 42.086899 -34.990398
vt 42.025299 -34.993698
vt 42.206200 -34.988899
vt 42.193298 -35.004601
vt 42.233898 -35.005600
vt 41.953300 -34.980202
vt 41.929199 -35.002701
vt 41.979500 -35.002800
vt 42.244900 -34.983700
vt 41.886002 -34.993698
vt 42.127102 -35.005901
vt 42.177101 -35.011299
vt 42.222000 -35.011600
vt 42.188801 -34.993301
vt 41.821701 -35.004700
vt 41.831299 -34.986500
vt 41.793701 -34.990799
vt 13.828200 -27.000000
vt 13.871300 -26.992800
vt 13.838800 -26.988001
vt 14.071500 -27.003799
vt 14.088700 -26.989100
vt 14.046200 -26.989000
vt 14.203200 -26.980499
vt 14.184100 -26.991100
vt 14.211700 -26.990700
vt 13.885000 -26.977501
vt 13.842900 -26.987200
vt 13.873500 -26.995399
vt 13.907100 -26.989500
vt 14.252600 -27.002899
vt 14.269000 -26.988100
vt 14.228500 -26.988001
vt 14.042000 -26.975000
vt 13.973300 -26.975100
vt 14.024600 -26.987900
vt 14.289500 -26.994101
vt 13.999800 -26.990900
vt 13.952500 -26.997700
vt 13.987500 -27.006599
vt 13.741000 -27.033100
vt 13.799400 -27.018600
vt 13.770500 -26.995701
vt 13.725700 -27.003201
vt 13.779700 -27.110300
vt 13.806900 -27.079500
vt 13.777200 -27.073299
vt 13.790300 -27.043501
vt 13.751300 -27.088699
vt 13.760600 -27.046200
vt 13.793700 -26.871300
vt 13.831300 -26.878401
vt 13.823200 -26.852100
vt 13.853700 -26.848400
vt 13.798900 -26.838800
vt 13.838200 -26.826200
vt 14.083100 -27.186899
vt 14.045400 -27.156799
vt 14.047700 -27.203199
vt 14.031500 -27.184099
vt 14.099800 -27.158899
vt 14.062500 -27.148300
vt 14.090800 -27.202600
vt 14.113700 -26.882900
vt 14.093700 -26.842899
vt 14.074900 -26.885000
vt 14.141200 -26.877501
vt 14.113500 -26.918600
vt 14.071900 -26.907101
vt 13.983700 -27.289499
vt 14.008400 -27.260201
vt 13.981500 -27.254400
vt 13.993300 -27.226000
vt 13.958000 -27.268999
vt 13.966400 -27.228500
vt 13.901000 -26.980499
vt 13.885000 -27.042000
vt 13.941400 -27.016001
vt 13.859800 -26.973301
vt 13.929200 -27.045000
vt 13.920400 -26.962299
vt 14.127100 -26.760599
vt 14.088000 -26.710501
vt 14.070700 -26.749901
vt 14.029300 -26.725700
vt 14.086900 -26.795799
vt 14.025300 -26.770500
vt 14.219500 -26.958099
vt 14.206200 -26.999800
vt 14.244900 -26.982800
vt 14.190100 -26.952499
vt 13.966500 -27.033100
vt 13.970700 -27.003201
vt 13.912000 -27.005199
vt 13.911700 -27.041599
vt 14.216500 -27.007500
vt 14.239400 -26.989000
vt 14.209700 -26.989799
vt 14.188200 -27.000000
vt 14.201100 -26.988001
vt 14.161800 -26.987900
vt 13.780500 -26.978901
vt 13.769700 -27.003099
vt 13.809900 -26.997700
vt 13.906300 -26.987200
vt 13.858800 -26.989500
vt 13.887300 -26.998301
vt 14.099000 -26.958401
vt 14.079600 -26.979300
vt 14.140200 -26.975100
vt 14.012800 -27.006599
vt 14.044900 -27.002899
vt 14.033600 -26.988001
vt 14.006700 -26.988800
vt 14.259700 -27.041599
vt 14.289500 -27.005199
vt 14.239400 -27.007900
vt 14.017200 -26.985701
vt 14.021300 -27.005199
vt 14.054300 -27.003099
vt 14.041900 -26.978901
vt 14.155000 -27.003000
vt 14.173800 -26.987900
vt 14.151600 -26.988501
vt 13.813100 -26.977800
vt 13.797400 -26.990700
vt 13.841100 -26.987700
vt 13.984000 -26.968000
vt 13.955000 -26.990900
vt 13.990000 -26.985600
vt 14.037700 -26.979300
vt 13.736900 -27.011299
vt 13.739800 -26.988800
vt 13.710500 -26.994101
vt 13.770200 -27.006599
vt 13.774000 -26.988800
vt 13.997800 -27.007601
vt 14.121600 -26.988501
vt 13.917500 -27.012100
vt 13.920500 -26.989799
vt 13.889700 -26.995001
vt 13.952500 -27.007500
vt 13.956500 -26.989799
vt 14.208900 -27.082500
vt 14.251800 -27.071501
vt 14.216500 -27.047501
vt 14.220300 -27.110300
vt 14.239400 -27.046200
vt 14.178300 -26.867300
vt 14.188200 -26.828199
vt 14.152600 -26.844999
vt 14.206300 -26.871300
vt 14.161800 -26.826200
vt 14.005900 -27.263100
vt 14.044900 -27.252600
vt 14.012800 -27.229799
vt 14.016300 -27.289499
vt 14.140200 -26.973301
vt 14.079600 -26.962299
vt 14.091300 -27.003401
vt 14.045500 -27.010000
vt 14.132400 -27.024599
vt 14.070800 -27.045000
vt 13.809900 -26.952499
vt 13.769700 -26.945700
vt 13.780100 -26.973499
vt 13.748200 -26.978701
vt 13.806700 -26.987499
vt 13.766100 -27.002199
vt 13.858800 -26.877501
vt 13.886500 -26.918600
vt 13.898700 -26.896900
vt 13.928100 -26.907101
vt 13.887300 -26.854300
vt 13.930900 -26.873501
vt 13.906300 -26.842899
vt 13.900200 -27.158899
vt 13.909200 -27.202600
vt 13.934000 -27.180799
vt 13.951400 -27.211700
vt 13.937500 -27.148300
vt 13.968500 -27.184099
vt 13.954600 -27.156799
vt 13.911700 -26.740299
vt 13.940000 -26.799400
vt 13.966500 -26.740999
vt 13.872900 -26.760599
vt 14.168700 -26.878401
vt 13.748200 -27.003799
vt 13.779700 -26.995001
vt 13.751300 -26.989100
vt 14.047700 -26.980499
vt 14.048600 -26.990700
vt 14.090800 -26.990700
vt 14.060000 -27.018600
vt 14.086900 -26.992500
vt 14.025300 -26.995701
vt 13.885000 -26.975000
vt 13.867600 -26.987900
vt 13.929200 -26.990900
vt 14.206200 -26.990900
vt 14.193300 -27.006599
vt 14.233900 -27.007601
vt 14.244900 -26.985701
vt 14.127100 -27.007900
vt 13.821700 -27.006800
vt 13.831300 -26.988501
vt 13.793700 -26.992800
vt 23.828199 -53.000000
vt 23.871300 -52.992802
vt 23.838800 -52.987999
vt 24.071501 -53.003799
vt 24.088699 -52.989101
vt 24.046200 -52.988998
vt 24.203199 -52.980499
vt 24.184099 -52.991100
vt 24.211700 -52.990700
vt 23.885000 -52.977501
vt 23.842899 -52.987202
vt 23.873501 -52.995399
vt 23.907101 -52.989498
vt 24.252600 -53.002899
vt 24.268999 -52.988098
vt 24.228500 -52.987999
vt 24.042000 -52.974998
vt 23.973301 -52.975101
vt 24.024599 -52.987900
vt 24.289499 -52.994099
vt 23.999800 -52.990898
vt 23.952499 -52.997700
vt 23.987499 -53.006599
vt 23.740999 -53.033100
vt 23.799400 -53.018600
vt 23.770500 -52.995701
vt 23.725700 -53.003201
vt 23.779699 -53.110298
vt 23.806900 -53.079498
vt 23.777201 -53.073299
vt 23.790300 -53.043499
vt 23.751301 -53.088699
vt 23.760599 -53.046200
vt 23.793699 -52.871300
vt 23.831301 -52.878399
vt 23.823200 -52.852100
vt 23.853701 -52.848400
vt 23.798901 -52.838799
vt 23.838200 -52.826199
vt 24.083099 -53.186901
vt 24.045401 -53.156799
vt 24.047701 -53.203201
vt 24.031500 -53.184101
vt 24.099800 -53.158901
vt 24.062500 -53.148300
vt 24.090799 -53.202599
vt 24.113701 -52.882900
vt 24.093700 -52.842899
vt 24.074900 -52.884998
vt 24.141199 -52.877499
vt 24.113501 -52.918598
vt 24.071899 -52.907101
vt 23.983700 -53.289501
vt 24.008400 -53.260201
vt 23.981501 -53.254398
vt 23.993299 -53.226002
vt 23.958000 -53.269001
vt 23.966400 -53.228500
vt 23.900999 -52.980499
vt 23.885000 -53.042000
vt 23.941401 -53.015999
vt 23.859800 -52.973301
vt 23.929199 -53.044998
vt 23.920401 -52.962299
vt 24.127100 -52.760601
vt 24.087999 -52.710499
vt 24.070700 -52.749901
vt 24.029301 -52.725700
vt 24.086901 -52.795799
vt 24.025299 -52.770500
vt 24.219500 -52.958099
vt 24.206200 -52.999802
vt 24.244900 -52.982800
vt 24.190100 -52.952499
vt 23.966499 -53.033100
vt 23.970699 -53.003201
vt 23.912001 -53.005199
vt 23.911699 -53.041599
vt 24.216499 -53.007500
vt 24.239401 -52.988998
vt 24.209700 -52.989799
vt 24.188200 -53.000000
vt 24.201099 -52.987999
vt 24.161800 -52.987900
vt 23.780500 -52.978901
vt 23.769699 -53.003101
vt 23.809900 -52.997700
vt 23.906300 -52.987202
vt 23.858801 -52.989498
vt 23.887300 -52.998299
vt 24.099001 -52.958401
vt 24.079599 -52.979301
vt 24.140200 -52.975101
vt 24.012800 -53.006599
vt 24.044901 -53.002899
vt 24.033600 -52.987999
vt 24.006701 -52.988800
vt 24.259701 -53.041599
vt 24.289499 -53.005199
vt 24.239401 -53.007900
vt 24.017200 -52.985699
vt 24.021299 -53.005199
vt 24.054300 -53.003101
vt 24.041901 -52.978901
vt 24.155001 -53.002998
vt 24.173800 -52.987900
vt 24.151600 -52.988499
vt 23.813101 -52.977798
vt 23.797400 -52.990700
vt 23.841101 -52.987701
vt 23.983999 -52.967999
vt 23.955000 -52.990898
vt 23.990000 -52.985600
vt 24.037701 -52.979301
vt 23.736900 -53.011299
vt 23.739799 -52.988800
vt 23.710501 -52.994099
vt 23.770201 -53.006599
vt 23.774000 -52.988800
vt 23.997801 -53.007599
vt 24.121599 -52.988499
vt 23.917500 -53.012100
vt 23.920500 -52.989799
vt 23.889700 -52.994999
vt 23.952499 -53.007500
vt 23.956499 -52.989799
vt 24.208900 -53.082500
vt 24.251801 -53.071499
vt 24.216499 -53.047501
vt 24.220301 -53.110298
vt 24.239401 -53.046200
vt 24.178301 -52.867298
vt 24.188200 -52.828201
vt 24.152599 -52.845001
vt 24.206301 -52.871300
vt 24.161800 -52.826199
vt 24.005899 -53.263100
vt 24.044901 -53.252602
vt 24.012800 -53.229801
vt 24.016300 -53.289501
vt 24.140200 -52.973301
vt 24.079599 -52.962299
vt 24.091299 -53.003399
vt 24.045500 -53.009998
vt 24.132401 -53.024601
vt 24.070801 -53.044998
vt 23.809900 -52.952499
vt 23.769699 -52.945702
vt 23.780100 -52.973499
vt 23.748199 -52.978699
vt 23.806700 -52.987499
vt 23.766100 -53.002201
vt 23.858801 -52.877499
vt 23.886499 -52.918598
vt 23.898701 -52.896900
vt 23.928101 -52.907101
vt 23.887300 -52.854301
vt 23.930901 -52.873501
vt 23.906300 -52.842899
vt 23.900200 -53.158901
vt 23.909201 -53.202599
vt 23.934000 -53.180801
vt 23.951401 -53.211700
vt 23.937500 -53.148300
vt 23.968500 -53.184101
vt 23.954599 -53.156799
vt 23.911699 -52.740299
vt 23.940001 -52.799400
vt 23.966499 -52.741001
vt 23.872900 -52.760601
vt 24.168699 -52.878399
vt 23.748199 -53.003799
vt 23.779699 -52.994999
vt 23.751301 -52.989101
vt 24.047701 -52.980499
vt 24.048599 -52.990700
vt 24.090799 -52.990700
vt 24.059999 -53.018600
vt 24.086901 -52.992500
vt 24.025299 -52.995701
vt 23.885000 -52.974998
vt 23.867599 -52.987900
vt 23.929199 -52.990898
vt 24.206200 -52.990898
vt 24.193300 -53.006599
vt 24.233900 -53.007599
vt 24.244900 -52.985699
vt 24.127100 -53.007900
vt 23.821699 -53.006802
vt 23.831301 -52.988499
vt 23.793699 -52.992802
vt 7.999860 -43.031898
vt 7.789410 -43.013500
vt 7.785460 -43.031898
vt 8.235870 -43.013500
vt 8.239830 -43.031898
vt 8.224580 -42.995098
vt 8.000220 -43.013500
vt 8.000840 -42.995098
vt 7.800700 -42.995098
vt 7.997410 -43.318501
vt 7.831280 -43.167900
vt 7.774610 -43.224602
vt 7.680710 -43.000801
vt 7.996420 -43.158199
vt 8.189170 -43.224602
vt 7.776050 -43.002602
vt 7.887950 -43.111198
vt 7.774610 -42.800701
vt 8.001290 -42.997898
vt 7.831280 -42.852299
vt 8.001290 -42.683601
vt 7.887950 -42.898102
vt 8.001290 -42.845501
vt 8.227970 -42.803799
vt 8.156610 -43.001900
vt 8.317990 -43.001301
vt 7.998710 -42.995098
vt 7.772030 -42.995098
vt 7.998710 -43.013500
vt 8.225390 -42.995098
vt 7.760740 -43.013500
vt 8.236680 -43.013500
vt 7.998710 -43.031898
vt 7.756780 -43.031898
vt 8.240640 -43.031898
vt 8.207480 -43.013500
vt 7.999840 -43.031898
vt 8.211440 -43.031898
vt 8.196190 -42.995098
vt 7.999420 -43.013500
vt 7.998700 -42.995098
vt 7.775420 -42.995098
vt 7.764130 -43.013500
vt 7.760170 -43.031898
vt 7.795580 -43.239799
vt 7.756780 -42.788601
vt 7.659150 -43.000198
vt 8.240640 -42.785500
vt 7.998710 -42.660000
vt 8.240640 -43.239799
vt 8.340850 -42.999901
vt 8.001290 -43.340000
vt 8.200460 -43.013500
vt 8.204420 -43.031898
vt 8.189170 -42.995098
vt 7.998240 -43.013500
vt 7.997410 -42.995098
vt 7.774610 -42.995098
vt 7.763320 -43.013500
vt 7.759360 -43.031898
vt 17.313499 -21.000601
vt 17.603600 -21.000601
vt 17.303400 -20.980900
vt 17.603600 -20.961300
vt 17.313499 -20.961300
vt 17.597799 -20.980900
vt 18.000000 -20.980900
vt 18.000000 -21.000601
vt 18.000000 -20.961300
vt 18.396400 -21.000601
vt 18.396400 -20.961300
vt 18.402201 -20.980900
vt 18.686501 -21.000601
vt 18.686501 -20.961300
vt 18.696600 -20.980900
vt 18.000000 -21.792700
vt 18.000000 -21.433901
vt 17.603600 -21.686501
vt 18.396400 -21.686501
vt 17.783001 -21.375799
vt 18.216999 -21.375799
vt 17.313499 -21.396400
vt 18.375799 -21.216999
vt 17.624201 -21.216999
vt 18.686501 -21.396400
vt 17.207300 -21.000000
vt 18.433901 -21.000000
vt 17.566099 -21.000000
vt 18.792700 -21.000000
vt 17.624201 -20.783001
vt 18.686501 -20.603600
vt 17.313499 -20.603600
vt 18.375799 -20.783001
vt 17.783001 -20.624201
vt 18.396400 -20.313499
vt 17.603600 -20.313499
vt 18.216999 -20.624201
vt 18.000000 -20.207300
vt 18.000000 -20.566099
vt 17.670799 -20.809900
vt 17.619900 -21.000000
vt 17.809900 -20.670799
vt 17.670799 -21.190100
vt 18.000000 -20.619900
vt 17.809900 -21.329201
vt 18.190100 -20.670799
vt 18.000000 -21.380100
vt 18.329201 -20.809900
vt 18.190100 -21.329201
vt 18.329201 -21.190100
vt 18.380100 -21.000000
vt 17.677601 -20.813900
vt 18.186100 -21.322399
vt 18.322399 -20.813900
vt 18.372299 -21.000000
vt 18.322399 -21.186100
vt 18.186100 -20.677601
vt 18.000000 -20.627701
vt 17.813900 -20.677601
vt 17.813900 -21.322399
vt 18.000000 -21.372299
vt 17.677601 -21.186100
vt 17.627701 -21.000000
vt 17.734699 -21.459499
vt 17.540501 -21.265301
vt 18.000000 -21.530600
vt 18.265301 -21.459499
vt 18.459499 -21.265301
vt 18.530600 -21.000000
vt 18.459499 -20.734699
vt 18.265301 -20.540501
vt 18.000000 -20.469400
vt 17.734699 -20.540501
vt 17.540501 -20.734699
vt 17.469400 -21.000000
vt 45.777000 -38.967499
vt 45.754902 -39.001598
vt 45.806599 -38.993698
vt 46.176800 -38.984200
vt 46.127899 -38.992298
vt 46.163601 -38.997799
vt 45.828201 -38.997898
vt 45.871300 -38.990799
vt 45.838799 -38.985901
vt 46.071499 -39.001801
vt 46.088699 -38.987099
vt 46.046200 -38.987000
vt 46.203201 -38.978401
vt 46.184101 -38.989101
vt 46.211700 -38.988602
vt 46.252602 -39.000900
vt 46.269001 -38.986099
vt 46.228500 -38.986000
vt 45.884998 -38.975399
vt 45.842899 -38.985199
vt 45.873501 -38.993301
vt 45.907101 -38.987400
vt 45.801701 -39.011299
vt 45.817101 -38.993301
vt 45.773102 -38.991402
vt 46.289501 -38.992001
vt 45.999802 -38.988899
vt 45.952499 -38.995701
vt 45.987499 -39.004601
vt 45.741001 -39.030998
vt 45.799400 -39.016499
vt 45.770500 -38.993698
vt 45.725700 -39.001202
vt 45.766102 -39.023701
vt 45.877201 -39.136200
vt 45.859200 -39.176800
vt 45.899899 -39.163898
vt 45.848400 -39.127899
vt 46.072899 -39.100300
vt 46.119301 -39.046700
vt 46.070099 -39.035198
vt 46.092201 -38.982800
vt 46.025902 -39.061699
vt 46.042400 -38.986900
vt 46.020599 -39.031200
vt 45.779701 -39.110298
vt 45.806900 -39.079498
vt 45.777199 -39.073299
vt 45.790298 -39.043499
vt 45.751301 -39.088699
vt 45.760601 -39.046200
vt 45.793701 -38.871300
vt 45.831299 -38.878399
vt 45.823200 -38.852100
vt 45.853699 -38.848400
vt 45.798901 -38.838799
vt 45.838200 -38.826199
vt 46.083099 -39.186901
vt 46.045399 -39.156799
vt 46.047699 -39.203201
vt 46.031502 -39.184101
vt 46.099800 -39.158901
vt 46.062500 -39.148300
vt 46.090801 -39.202599
vt 45.983700 -39.289501
vt 46.008400 -39.260201
vt 45.981499 -39.254398
vt 45.993301 -39.226002
vt 45.958000 -39.269001
vt 45.966400 -39.228500
vt 46.113701 -38.882900
vt 46.093700 -38.842899
vt 46.074902 -38.884998
vt 46.141201 -38.877499
vt 46.113499 -38.918598
vt 46.071899 -38.907101
vt 46.188801 -38.817101
vt 46.222000 -38.827499
vt 46.210098 -38.793098
vt 46.237598 -38.788300
vt 46.209301 -38.759899
vt 46.182499 -38.773102
vt 46.127102 -38.760601
vt 46.088001 -38.710499
vt 46.070702 -38.749901
vt 46.029301 -38.725700
vt 46.086899 -38.795799
vt 46.025299 -38.770500
vt 45.906101 -38.986401
vt 45.891399 -39.033798
vt 45.934898 -39.013802
vt 45.872398 -38.980900
vt 45.876202 -39.020401
vt 45.922100 -39.036098
vt 45.917301 -38.972401
vt 46.219501 -38.958099
vt 46.206200 -38.999802
vt 46.244900 -38.982800
vt 46.190102 -38.952499
vt 45.916000 -38.777000
vt 45.953300 -38.826900
vt 45.965599 -38.768200
vt 45.886002 -38.806599
vt 45.798801 -39.023701
vt 45.790699 -39.000301
vt 45.762402 -39.008598
vt 45.966499 -39.030998
vt 45.970699 -39.001202
vt 45.911999 -39.003201
vt 45.911701 -39.039501
vt 46.084000 -38.967499
vt 46.034401 -38.974602
vt 46.088501 -39.001598
vt 46.032799 -39.001598
vt 46.216499 -39.005402
vt 46.239399 -38.987000
vt 46.209702 -38.987801
vt 46.188202 -38.997898
vt 46.201099 -38.985901
vt 46.161800 -38.985901
vt 45.906300 -38.985199
vt 45.858799 -38.987499
vt 45.887299 -38.996300
vt 46.012798 -39.004601
vt 46.044899 -39.000900
vt 46.033600 -38.986000
vt 46.006699 -38.986801
vt 45.780499 -38.976898
vt 45.769699 -39.001099
vt 45.809898 -38.995701
vt 46.093899 -38.966202
vt 46.082699 -38.985001
vt 46.127602 -38.972000
vt 45.919701 -38.993301
vt 45.957600 -38.966099
vt 45.907799 -38.978401
vt 45.817501 -38.991402
vt 46.122799 -38.976601
vt 46.110600 -38.997101
vt 46.151600 -38.992298
vt 46.203098 -39.035900
vt 46.233898 -39.023701
vt 46.211700 -39.008598
vt 46.259701 -39.039501
vt 46.289501 -39.003201
vt 46.239399 -39.005901
vt 46.017200 -38.983700
vt 46.021301 -39.003201
vt 46.054298 -39.001099
vt 46.041901 -38.976898
vt 46.172501 -39.011600
vt 45.836102 -38.980900
vt 45.817299 -38.997898
vt 45.838902 -38.997101
vt 46.154999 -39.000900
vt 46.173801 -38.985901
vt 46.151600 -38.986500
vt 45.813099 -38.975700
vt 45.797401 -38.988602
vt 45.841099 -38.985600
vt 46.206902 -38.980400
vt 45.736900 -39.009201
vt 45.739799 -38.986801
vt 45.710499 -38.992001
vt 45.770199 -39.004601
vt 45.773998 -38.986801
vt 45.986198 -38.979900
vt 45.963902 -38.995201
vt 45.990799 -38.995300
vt 46.027599 -38.985001
vt 45.997799 -39.005600
vt 46.231800 -38.974602
vt 46.173100 -38.980202
vt 46.202702 -39.002800
vt 46.242699 -39.001598
vt 46.121601 -38.986500
vt 45.863800 -38.976601
vt 45.874298 -38.997101
vt 45.917500 -39.010101
vt 45.920502 -38.987801
vt 45.889702 -38.993000
vt 45.952499 -39.005402
vt 45.956501 -38.987801
vt 46.208900 -39.082500
vt 46.251801 -39.071499
vt 46.216499 -39.047501
vt 46.220299 -39.110298
vt 46.239399 -39.046200
vt 46.178299 -38.867298
vt 46.188202 -38.828201
vt 46.152599 -38.845001
vt 46.206299 -38.871300
vt 46.161800 -38.826199
vt 46.151600 -39.127899
vt 46.110600 -39.125702
vt 46.124199 -39.152802
vt 46.092800 -39.161098
vt 46.152401 -39.163601
vt 46.113300 -39.182701
vt 46.127602 -38.980900
vt 46.082699 -38.972401
vt 46.094700 -39.004101
vt 46.058102 -39.009201
vt 46.123798 -39.020401
vt 46.077900 -39.036098
vt 46.005901 -39.263100
vt 46.044899 -39.252602
vt 46.012798 -39.229801
vt 46.016300 -39.289501
vt 45.858799 -38.877499
vt 45.886501 -38.918598
vt 45.898701 -38.896900
vt 45.928101 -38.907101
vt 45.887299 -38.854301
vt 45.930901 -38.873501
vt 45.906300 -38.842899
vt 45.809898 -38.952499
vt 45.769699 -38.945702
vt 45.780102 -38.973499
vt 45.748199 -38.978699
vt 45.806702 -38.987499
vt 45.766102 -39.002201
vt 46.113998 -38.806599
vt 46.088501 -38.754902
vt 46.064602 -38.790100
vt 46.032799 -38.757301
vt 46.070801 -38.832001
vt 46.020500 -38.797298
vt 45.900200 -39.158901
vt 45.909199 -39.202599
vt 45.933998 -39.180801
vt 45.951401 -39.211700
vt 45.937500 -39.148300
vt 45.968498 -39.184101
vt 45.954601 -39.156799
vt 45.907902 -39.051601
vt 45.979401 -39.031200
vt 45.919701 -38.989700
vt 45.927101 -39.100300
vt 45.974098 -39.061699
vt 45.957600 -38.986900
vt 45.880699 -39.046700
vt 45.907799 -38.982800
vt 45.911701 -38.740299
vt 45.939999 -38.799400
vt 45.966499 -38.741001
vt 45.872898 -38.760601
vt 45.780201 -38.796902
vt 45.822899 -38.801701
vt 45.798801 -38.766102
vt 45.778000 -38.827499
vt 46.168701 -38.878399
vt 45.748199 -39.001801
vt 45.779701 -38.993000
vt 45.751301 -38.987099
vt 45.899899 -38.980900
vt 45.859200 -38.984200
vt 45.886700 -38.997898
vt 45.847599 -38.997799
vt 46.047699 -38.978401
vt 46.048599 -38.988602
vt 46.090801 -38.988602
vt 45.891399 -38.976002
vt 45.876202 -38.982899
vt 45.922100 -38.995201
vt 46.060001 -39.016499
vt 46.086899 -38.990398
vt 46.025299 -38.993698
vt 46.206200 -38.988899
vt 46.193298 -39.004601
vt 46.233898 -39.005600
vt 45.953300 -38.980202
vt 45.929199 -39.002701
vt 45.979500 -39.002800
vt 46.244900 -38.983700
vt 45.886002 -38.993698
vt 46.127102 -39.005901
vt 46.177101 -39.011299
vt 46.222000 -39.011600
vt 46.188801 -38.993301
vt 45.821701 -39.004700
vt 45.831299 -38.986500
vt 45.793701 -38.990799
vt 27.999800 -5.031950
vt 27.761801 -5.013520
vt 27.757900 -5.031950
vt 28.237801 -5.013520
vt 28.241699 -5.031950
vt 28.226500 -4.995090
vt 27.999800 -5.013520
vt 27.999800 -4.995090
vt 27.773100 -4.995090
vt 27.997801 -5.320360
vt 27.803400 -5.169800
vt 27.740999 -5.226470
vt 27.677200 -4.999780
vt 27.996901 -5.160070
vt 28.227800 -5.226470
vt 27.872299 -5.113130
vt 28.001101 -4.999780
vt 27.770599 -4.999780
vt 27.831100 -4.829770
vt 27.774401 -4.773100
vt 28.001101 -4.679850
vt 27.887800 -4.886440
vt 28.001101 -4.840330
vt 28.227800 -4.779570
vt 28.161400 -5.000610
vt 28.321699 -5.000430
vt 27.998899 -4.995090
vt 27.772200 -4.995090
vt 27.998899 -5.013520
vt 28.225599 -4.995090
vt 27.760900 -5.013520
vt 28.236900 -5.013520
vt 27.998899 -5.031950
vt 27.757000 -5.031950
vt 28.240801 -5.031950
vt 28.231701 -5.013520
vt 28.235701 -5.031950
vt 28.220400 -4.995090
vt 27.999701 -5.013520
vt 27.999599 -4.995090
vt 27.773500 -4.995090
vt 27.762199 -5.013520
vt 27.758301 -5.031950
vt 27.757000 -5.241710
vt 27.757000 -4.764320
vt 27.656799 -5.000220
vt 28.001101 -5.341920
vt 28.240801 -4.757860
vt 27.998899 -4.658080
vt 28.343201 -4.999780
vt 28.274200 -5.241710
vt 28.239100 -5.013520
vt 28.243000 -5.031950
vt 28.227800 -4.995090
vt 27.998501 -5.013520
vt 27.997801 -4.995090
vt 27.740999 -4.995090
vt 27.729700 -5.013520
vt 27.725800 -5.031950
vt 27.999800 -53.031898
vt 27.761801 -53.013500
vt 27.757900 -53.031898
vt 28.237801 -53.013500
vt 28.241699 -53.031898
vt 28.226500 -52.995098
vt 27.999800 -53.013500
vt 27.999800 -52.995098
vt 27.773100 -52.995098
vt 27.997801 -53.320400
vt 27.803400 -53.169800
vt 27.740999 -53.226501
vt 27.677200 -52.999802
vt 27.996901 -53.160099
vt 28.227800 -53.226501
vt 27.872299 -53.113098
vt 28.001101 -52.999802
vt 27.770599 -52.999802
vt 27.831100 -52.829800
vt 27.774401 -52.773102
vt 28.001101 -52.679901
vt 27.887800 -52.886398
vt 28.001101 -52.840302
vt 28.227800 -52.779598
vt 28.161400 -53.000599
vt 28.321699 -53.000401
vt 27.998899 -52.995098
vt 27.772200 -52.995098
vt 27.998899 -53.013500
vt 28.225599 -52.995098
vt 27.760900 -53.013500
vt 28.236900 -53.013500
vt 27.998899 -53.031898
vt 27.757000 -53.031898
vt 28.240801 -53.031898
vt 28.231701 -53.013500
vt 28.235701 -53.031898
vt 28.220400 -52.995098
vt 27.999701 -53.013500
vt 27.999599 -52.995098
vt 27.773500 -52.995098
vt 27.762199 -53.013500
vt 27.758301 -53.031898
vt 27.757000 -53.241699
vt 27.757000 -52.764301
vt 27.656799 -53.000198
vt 28.001101 -53.341900
vt 28.240801 -52.757900
vt 27.998899 -52.658100
vt 28.343201 -52.999802
vt 28.274200 -53.241699
vt 28.239100 -53.013500
vt 28.243000 -53.031898
vt 28.227800 -52.995098
vt 27.998501 -53.013500
vt 27.997801 -52.995098
vt 27.740999 -52.995098
vt 27.729700 -53.013500
vt 27.725800 -53.031898
vt 40.105598 -47.182999
vt 39.894402 -47.182999
vt 40.000000 -47.211300
vt 40.105598 -47.382301
vt 40.000000 -46.617699
vt 40.000000 -47.382301
vt 39.894402 -47.382301
s 1
usemtl Meshpart1Mtl
f 1/1/1 2/2/2 3/3/3
f 4/4/4 5/5/5 6/6/6
f 7/7/7 8/8/8 9/9/9
f 12/10/10 10/11/11 11/12/12
f 13/13/13 14/14/14 15/15/15
f 18/16/16 16/17/17 17/18/18
f 20/19/19 19/20/20 21/21/21
f 20/19/19 21/21/21 22/22/22
f 25/23/23 24/24/24 23/25/25
f 26/16/26 27/26/27 28/17/28
f 29/27/29 30/28/30 31/29/31
f 33/30/32 32/31/33 34/32/34
f 33/30/32 34/32/34 35/33/35
f 37/34/36 36/23/37 38/25/38
f 39/35/39 40/36/40 41/37/41
f 39/35/39 42/38/42 40/36/40
f 43/39/43 44/40/44 45/41/45
f 44/40/44 46/42/46 45/41/45
f 47/43/47 43/39/43 45/41/45
f 46/42/46 48/44/48 45/41/45
f 48/44/48 47/43/47 45/41/45
f 49/45/49 47/43/47 48/44/48
f 50/46/50 51/47/51 52/48/52
f 51/47/51 53/49/53 52/48/52
f 54/50/11 50/46/50 52/48/52
f 53/49/53 55/51/54 52/48/52
f 55/51/54 54/50/11 52/48/52
f 56/52/55 57/53/56 58/54/57
f 57/53/56 59/55/58 58/54/57
f 60/56/59 56/52/55 58/54/57
f 59/55/58 61/57/60 58/54/57
f 61/57/60 60/56/59 58/54/57
f 62/58/61 63/59/62 64/60/63
f 64/60/63 63/59/62 65/61/64
f 62/58/61 66/62/65 63/59/62
f 63/59/62 66/62/65 67/63/66
f 62/58/61 64/60/63 68/64/67
f 69/65/68 70/66/69 71/67/70
f 70/66/69 72/68/71 71/67/70
f 73/69/72 69/65/68 71/67/70
f 72/68/71 74/70/73 71/67/70
f 74/70/73 73/69/72 71/67/70
f 75/71/74 76/72/20 77/73/19
f 75/71/74 78/74/75 76/72/20
f 75/71/74 79/75/76 78/74/75
f 75/71/74 77/73/19 79/75/76
f 77/73/19 80/76/77 79/75/76
f 84/77/78 81/78/79 83/79/80
f 82/80/81 85/81/82 83/79/83
f 85/81/82 86/82/84 83/79/83
f 86/82/84 87/77/85 83/79/83
f 88/83/86 89/84/87 90/85/88
f 89/84/87 91/86/89 90/85/88
f 92/87/90 88/83/86 90/85/88
f 91/86/89 93/88/91 90/85/88
f 93/88/91 92/87/90 90/85/88
f 94/89/92 95/90/93 96/91/94
f 94/89/92 97/92/95 95/90/93
f 95/90/93 97/92/95 98/93/96
f 96/91/94 95/90/93 99/94/97
f 94/89/92 96/91/94 100/95/98
f 101/96/99 102/97/100 103/98/101
f 101/96/99 104/99/102 102/97/100
f 105/100/103 106/101/104 107/102/105
f 105/100/103 108/103/106 106/101/104
f 109/104/107 110/105/108 111/106/109
f 112/107/110 113/108/111 114/109/112
f 115/110/113 112/107/110 114/109/112
f 116/111/1 118/112/114 117/113/115
f 118/112/114 119/114/116 117/113/115
f 120/115/117 121/116/118 122/117/119
f 125/118/120 123/119/59 124/120/121
f 126/121/122 127/122/123 128/123/124
f 130/124/125 129/125/126 131/126/127
f 130/124/125 131/126/127 132/127/128
f 133/128/129 134/129/129 135/130/129
f 136/131/130 137/132/131 138/133/132
f 139/134/133 140/135/134 141/136/135
f 142/104/136 143/137/137 144/105/138
f 145/138/139 146/139/140 147/140/141
f 150/141/142 148/142/143 149/143/109
f 151/144/144 152/145/144 153/146/144
f 154/147/145 155/148/146 156/149/147
f 157/150/148 154/147/145 156/149/147
f 158/141/149 159/143/149 160/151/149
f 161/152/150 162/153/151 163/154/152
f 164/155/153 165/156/154 166/157/155
f 167/158/156 169/159/157 168/160/65
f 170/151/158 171/143/159 172/161/83
f 173/162/160 174/163/161 175/164/162
f 173/162/160 176/165/163 174/163/161
f 176/165/163 177/166/164 174/163/161
f 178/167/165 179/168/166 180/169/167
f 178/167/168 182/169/169 181/170/98
f 183/147/170 184/171/171 185/148/172
f 187/172/173 186/173/174 188/174/175
f 187/172/173 188/174/175 189/175/176
f 191/155/177 192/157/178 190/176/179
f 193/177/180 195/152/181 194/178/182
f 195/152/181 196/154/183 194/178/182
f 197/179/184 198/180/185 199/181/186
f 197/179/184 200/182/187 198/180/185
f 200/182/187 201/183/188 198/180/185
f 202/184/189 203/185/190 204/186/117
f 202/184/189 205/187/191 203/185/190
f 204/186/117 203/185/190 206/188/118
f 207/189/192 208/190/7 209/191/153
f 207/189/192 210/192/193 208/190/7
f 209/191/153 208/190/7 211/193/194
f 212/194/195 213/195/196 214/196/197
f 213/195/196 215/197/198 214/196/197
f 216/198/199 212/194/195 214/196/197
f 215/197/198 217/199/200 214/196/197
f 217/199/200 216/198/199 214/196/197
f 218/200/201 219/201/202 220/202/203
f 219/201/202 221/203/204 220/202/203
f 222/204/205 218/200/201 220/202/203
f 221/203/204 223/205/206 220/202/203
f 223/205/206 222/204/205 220/202/203
f 224/206/207 225/207/208 226/208/125
f 224/206/207 227/209/209 225/207/208
f 228/210/210 229/211/211 230/212/212
f 229/211/211 231/213/213 230/212/212
f 232/214/214 228/210/210 230/212/212
f 231/213/213 233/215/215 230/212/212
f 233/215/215 232/214/214 230/212/212
f 234/216/216 232/214/214 233/215/215
f 235/217/217 236/218/218 237/219/219
f 236/218/218 238/220/220 237/219/219
f 239/221/221 235/217/217 237/219/219
f 238/220/220 240/222/222 237/219/219
f 240/222/222 239/221/221 237/219/219
f 241/223/223 242/224/224 243/225/225
f 242/224/224 244/226/226 243/225/225
f 245/227/227 241/223/223 243/225/225
f 244/226/226 246/228/228 243/225/225
f 246/228/228 245/227/227 243/225/225
f 247/229/229 248/230/230 249/231/231
f 248/230/230 250/232/232 249/231/231
f 251/233/233 247/229/229 249/231/231
f 250/232/232 252/234/234 249/231/231
f 252/234/234 251/233/233 249/231/231
f 253/235/235 251/233/233 252/234/234
f 254/236/236 255/237/237 256/238/238
f 254/236/236 257/239/239 255/237/237
f 255/237/237 257/239/239 258/240/240
f 256/238/238 255/237/237 259/241/134
f 254/236/236 256/238/238 260/242/241
f 256/238/238 261/243/242 260/242/241
f 254/236/236 260/242/241 262/239/243
f 263/244/244 264/245/33 265/246/245
f 263/244/244 266/247/246 264/245/33
f 267/248/247 268/249/248 269/250/249
f 267/248/247 270/251/250 268/249/248
f 271/189/251 273/191/252 272/252/253
f 274/253/254 275/254/255 276/255/256
f 278/256/257 277/257/258 279/258/259
f 282/257/260 280/259/261 281/258/200
f 283/260/262 285/261/263 284/262/264
f 288/263/265 286/264/205 287/265/206
f 291/266/266 289/267/90 290/268/267
f 294/269/268 292/270/221 293/271/222
f 297/272/269 295/273/227 296/274/270
f 299/275/271 298/269/272 300/271/273
f 301/272/274 302/276/275 303/273/276
f 304/266/277 305/277/278 306/267/279
f 307/278/280 308/279/281 309/280/282
f 310/281/283 311/282/179 312/283/284
f 435/403/393 436/404/394 437/405/395
f 440/406/396 438/407/397 439/408/398
f 441/409/399 442/410/400 443/411/401
f 445/412/402 444/413/403 446/414/404
f 445/412/402 446/414/404 447/415/405
f 450/416/406 448/417/407 449/418/408
f 451/419/409 452/420/410 453/421/411
f 454/416/412 455/422/413 456/417/414
f 457/423/415 458/424/416 459/425/417
f 461/426/418 460/427/419 462/428/420
f 461/426/418 462/428/420 463/429/421
f 464/430/422 465/431/423 466/432/424
f 465/431/423 467/433/425 466/432/424
f 468/434/397 464/430/422 466/432/424
f 467/433/425 469/435/426 466/432/424
f 469/435/426 468/434/397 466/432/424
f 470/436/427 471/437/428 472/438/429
f 471/437/428 473/439/430 472/438/429
f 474/440/431 470/436/427 472/438/429
f 473/439/430 475/441/432 472/438/429
f 475/441/432 474/440/431 472/438/429
f 476/442/433 477/443/434 478/444/435
f 478/444/435 477/443/434 479/445/400
f 476/442/433 480/446/436 477/443/434
f 477/443/434 480/446/436 481/447/437
f 476/442/433 478/444/435 482/448/438
f 483/449/439 484/450/440 485/451/441
f 483/449/439 486/452/442 484/450/440
f 483/449/439 487/453/443 486/452/442
f 483/449/439 485/451/441 487/453/443
f 485/451/441 488/454/444 487/453/443
f 489/455/445 490/456/446 491/457/447
f 490/456/446 492/458/448 491/457/447
f 493/459/407 489/455/445 491/457/447
f 492/458/448 494/460/449 491/457/447
f 494/460/449 493/459/407 491/457/447
f 495/461/450 496/462/451 497/463/452
f 495/461/450 498/464/453 496/462/451
f 497/463/452 496/462/451 499/465/454
f 495/461/450 497/463/452 500/466/455
f 501/467/456 502/468/457 503/469/458
f 502/468/457 504/470/459 503/469/458
f 505/471/460 501/467/456 503/469/458
f 504/470/459 506/472/461 503/469/458
f 506/472/461 505/471/460 503/469/458
f 507/473/462 508/474/463 509/475/464
f 507/473/462 510/476/465 508/474/463
f 511/477/466 512/478/467 513/479/468
f 514/480/469 511/477/466 513/479/468
f 515/481/470 516/482/471 517/483/472
f 520/484/473 518/485/474 519/486/432
f 521/487/475 522/488/476 523/489/475
f 524/490/477 525/491/442 526/492/478
f 527/493/450 528/494/479 529/495/480
f 531/496/481 530/497/482 532/498/483
f 531/496/481 532/498/483 533/499/484
f 534/500/485 535/501/485 536/502/485
f 537/503/486 538/504/487 539/505/488
f 540/506/489 537/503/486 539/505/488
f 541/507/490 542/508/491 543/509/492
f 544/510/493 546/511/494 545/512/436
f 547/513/452 548/514/495 549/515/496
f 547/513/497 551/515/498 550/516/499
f 552/517/500 553/518/501 554/519/502
f 552/517/500 555/520/503 553/518/501
f 555/520/503 556/521/504 553/518/501
f 557/503/505 558/522/506 559/504/507
f 561/507/508 562/509/509 560/523/510
f 563/524/511 564/525/512 565/526/513
f 563/524/511 566/527/514 564/525/512
f 566/527/514 567/528/515 564/525/512
f 568/529/516 569/530/517 570/531/518
f 568/529/516 571/532/519 569/530/517
f 570/531/518 569/530/517 572/533/520
f 573/534/521 574/535/522 575/536/490
f 573/534/521 576/537/523 574/535/522
f 575/536/490 574/535/522 577/538/524
f 578/539/525 579/540/526 580/541/481
f 578/539/525 581/542/527 579/540/526
f 582/543/528 583/544/529 584/545/530
f 583/544/529 585/546/531 584/545/530
f 586/547/532 582/543/528 584/545/530
f 585/546/531 587/548/533 584/545/530
f 587/548/533 586/547/532 584/545/530
f 588/549/534 589/550/535 590/551/536
f 589/550/535 591/552/537 590/551/536
f 592/553/538 588/549/534 590/551/536
f 591/552/537 593/554/539 590/551/536
f 593/554/539 592/553/538 590/551/536
f 594/555/540 595/556/541 596/557/542
f 595/556/541 597/558/543 596/557/542
f 598/559/544 594/555/540 596/557/542
f 597/558/543 599/560/545 596/557/542
f 599/560/545 598/559/544 596/557/542
f 600/561/546 598/559/544 599/560/545
f 601/562/547 602/563/548 603/564/549
f 602/563/548 604/565/550 603/564/549
f 605/566/551 601/562/547 603/564/549
f 604/565/550 606/567/552 603/564/549
f 606/567/552 605/566/551 603/564/549
f 607/568/553 605/566/551 606/567/552
f 608/569/554 609/570/555 610/571/556
f 608/569/554 611/572/557 609/570/555
f 612/534/558 614/536/559 613/573/560
f 615/574/517 616/575/561 617/576/562
f 618/577/563 620/578/564 619/579/565
f 623/580/566 621/581/460 622/582/567
f 626/583/568 624/584/569 625/585/533
f 629/586/570 627/587/538 628/588/539
f 631/589/571 630/586/572 632/588/573
f 633/580/574 634/590/575 635/581/576
f 636/591/577 637/592/510 638/593/578
f 1012/937/920 1013/938/921 1014/939/922
f 1017/940/923 1015/941/924 1016/942/925
f 1018/943/926 1019/944/927 1020/945/928
f 1022/946/929 1021/947/930 1023/948/931
f 1022/946/929 1023/948/931 1024/949/932
f 1027/950/933 1025/951/934 1026/952/935
f 1028/953/936 1029/954/937 1030/955/938
f 1031/950/939 1032/956/940 1033/951/941
f 1034/957/942 1035/958/943 1036/959/944
f 1038/960/945 1037/961/946 1039/962/947
f 1038/960/945 1039/962/947 1040/963/948
f 1041/964/949 1042/965/950 1043/966/951
f 1042/965/950 1044/967/952 1043/966/951
f 1045/968/953 1041/964/949 1043/966/951
f 1044/967/952 1046/969/925 1043/966/951
f 1046/969/925 1045/968/953 1043/966/951
f 1047/970/954 1048/971/955 1049/972/956
f 1048/971/955 1050/973/957 1049/972/956
f 1051/974/958 1047/970/954 1049/972/956
f 1050/973/957 1052/975/959 1049/972/956
f 1052/975/959 1051/974/958 1049/972/956
f 1053/976/960 1054/977/961 1055/978/962
f 1055/978/962 1054/977/961 1056/979/963
f 1053/976/960 1057/980/964 1054/977/961
f 1054/977/961 1057/980/964 1058/981/965
f 1053/976/960 1055/978/962 1059/982/966
f 1060/983/967 1061/984/968 1062/985/969
f 1060/983/967 1063/986/970 1061/984/968
f 1060/983/967 1064/987/971 1063/986/970
f 1060/983/967 1062/985/969 1064/987/971
f 1062/985/969 1065/988/972 1064/987/971
f 1066/989/973 1067/990/974 1068/991/975
f 1067/990/974 1069/992/976 1068/991/975
f 1070/993/977 1066/989/973 1068/991/975
f 1069/992/976 1071/994/978 1068/991/975
f 1071/994/978 1070/993/977 1068/991/975
f 1072/995/979 1073/996/936 1074/997/980
f 1072/995/979 1075/998/981 1073/996/936
f 1074/997/980 1073/996/936 1076/999/982
f 1072/995/979 1074/997/980 1077/1000/983
f 1078/1001/984 1079/1002/985 1080/1003/986
f 1079/1002/985 1081/1004/987 1080/1003/986
f 1082/1005/988 1078/1001/984 1080/1003/986
f 1081/1004/987 1083/1006/989 1080/1003/986
f 1083/1006/989 1082/1005/988 1080/1003/986
f 1084/1007/990 1085/1008/991 1086/1009/992
f 1084/1007/990 1087/1010/993 1085/1008/991
f 1088/1011/994 1089/1012/995 1090/1013/996
f 1091/1014/997 1088/1011/994 1090/1013/996
f 1092/1015/998 1093/1016/999 1094/1017/1000
f 1097/1018/1001 1095/1019/1002 1096/1020/959
f 1098/1021/1003 1099/1022/1003 1100/1023/1003
f 1101/1024/1004 1102/1025/1005 1103/1026/1006
f 1104/1027/1007 1105/1028/983 1106/1029/1008
f 1108/1030/1009 1107/1031/1010 1109/1032/1011
f 1108/1030/1009 1109/1032/1011 1110/1033/1012
f 1111/1034/1013 1112/1035/1013 1113/1036/1013
f 1114/1037/1014 1115/1038/1015 1116/1039/1016
f 1117/1040/1017 1114/1037/1014 1116/1039/1016
f 1118/1041/1018 1119/1042/1019 1120/1043/1020
f 1121/1044/1021 1123/1045/1022 1122/1046/964
f 1124/1047/1023 1125/1048/1024 1126/1049/1025
f 1124/1047/1026 1128/1049/1027 1127/1050/983
f 1129/1051/1028 1130/1052/1029 1131/1053/1030
f 1129/1051/1028 1132/1054/1031 1130/1052/1029
f 1132/1054/1031 1133/1055/1032 1130/1052/1029
f 1134/1037/1033 1135/1056/1034 1136/1038/1035
f 1138/1041/1036 1139/1043/1037 1137/1057/1038
f 1140/1058/1039 1141/1059/1040 1142/1060/1041
f 1140/1058/1039 1143/1061/1042 1141/1059/1040
f 1143/1061/1042 1144/1062/1043 1141/1059/1040
f 1145/1063/1044 1146/1064/1045 1147/1065/998
f 1145/1063/1044 1148/1066/1046 1146/1064/1045
f 1147/1065/998 1146/1064/1045 1149/1067/1047
f 1150/1068/1048 1151/1069/920 1152/1070/1018
f 1150/1068/1048 1153/1071/1049 1151/1069/920
f 1152/1070/1018 1151/1069/920 1154/1072/1050
f 1155/1073/1051 1156/1074/1052 1157/1075/1009
f 1155/1073/1051 1158/1076/1053 1156/1074/1052
f 1159/1077/1054 1160/1078/1055 1161/1079/1056
f 1160/1078/1055 1162/1080/1057 1161/1079/1056
f 1163/1081/1058 1159/1077/1054 1161/1079/1056
f 1162/1080/1057 1164/1082/1059 1161/1079/1056
f 1164/1082/1059 1163/1081/1058 1161/1079/1056
f 1165/1083/1060 1166/1084/1061 1167/1085/1062
f 1166/1084/1061 1168/1086/1063 1167/1085/1062
f 1169/1087/1064 1165/1083/1060 1167/1085/1062
f 1168/1086/1063 1170/1088/1065 1167/1085/1062
f 1170/1088/1065 1169/1087/1064 1167/1085/1062
f 1171/1089/1066 1172/1090/1067 1173/1091/1068
f 1172/1090/1067 1174/1092/1069 1173/1091/1068
f 1175/1093/1070 1171/1089/1066 1173/1091/1068
f 1174/1092/1069 1176/1094/1071 1173/1091/1068
f 1176/1094/1071 1175/1093/1070 1173/1091/1068
f 1177/1095/1072 1175/1093/1070 1176/1094/1071
f 1178/1096/1073 1179/1097/1074 1180/1098/1075
f 1179/1097/1074 1181/1099/1076 1180/1098/1075
f 1182/1100/1077 1178/1096/1073 1180/1098/1075
f 1181/1099/1076 1183/1101/1078 1180/1098/1075
f 1183/1101/1078 1182/1100/1077 1180/1098/1075
f 1184/1102/1079 1182/1100/1077 1183/1101/1078
f 1185/1103/1080 1186/1104/1081 1187/1105/945
f 1185/1103/1080 1188/1106/1082 1186/1104/1081
f 1189/1068/1083 1191/1070/1084 1190/1107/1085
f 1192/1108/1045 1193/1109/1086 1194/1110/1087
f 1195/1111/1088 1197/1112/1089 1196/1113/1090
f 1200/1114/1091 1198/1115/988 1199/1116/989
f 1203/1117/1092 1201/1118/1058 1202/1119/1059
f 1206/1120/1093 1204/1121/1094 1205/1122/1095
f 1208/1123/992 1207/1120/1096 1209/1122/1097
f 1210/1114/1098 1211/1124/1099 1212/1115/1100
f 1213/1125/1101 1214/1126/1038 1215/1127/1102
usemtl Meshpart2Mtl
f 316/284/285 314/285/286 315/286/287
f 318/287/288 316/284/285 319/288/289
f 317/289/290 320/290/291 318/287/288
f 316/284/285 318/287/288 320/290/291
f 320/290/291 317/289/290 321/291/292
f 314/285/286 316/284/285 320/290/291
f 313/292/293 320/290/291 321/291/292
f 314/285/286 320/290/291 313/292/293
f 322/293/294 323/294/295 324/295/296
f 325/296/297 324/295/296 323/294/295
f 323/294/295 322/293/294 326/297/298
f 322/293/294 327/298/299 326/297/298
f 323/294/295 326/297/298 328/299/300
f 326/297/298 327/298/299 329/300/301
f 328/299/300 326/297/298 329/300/301
f 330/301/302 323/294/295 328/299/300
f 325/296/297 323/294/295 330/301/302
f 330/301/302 328/299/300 329/300/301
f 331/302/303 325/296/297 330/301/302
f 325/296/297 331/302/303 332/303/304
f 333/304/305 332/303/304 331/302/303
f 331/302/303 330/301/302 334/305/306
f 330/301/302 329/300/301 334/305/306
f 331/302/303 335/306/307 333/304/305
f 335/306/307 331/302/303 334/305/306
f 334/305/306 329/300/301 335/306/307
f 335/306/307 336/307/308 333/304/305
f 329/300/301 336/307/308 335/306/307
f 337/308/309 336/307/308 329/300/301
f 327/298/299 337/308/309 329/300/301
f 336/307/308 337/308/309 338/309/309
f 327/298/299 338/309/309 337/308/309
f 339/310/310 340/311/311 341/312/312
f 341/312/312 342/313/313 339/310/310
f 343/314/314 341/312/312 340/311/311
f 342/313/313 341/312/312 344/315/315
f 341/312/312 343/314/314 345/316/316
f 345/316/316 344/315/315 341/312/312
f 346/317/317 345/316/316 343/314/314
f 344/315/315 345/316/316 347/318/318
f 349/319/319 351/284/320 350/320/321
f 348/321/322 352/322/323 349/319/319
f 351/284/320 349/319/319 352/322/323
f 352/322/323 348/321/322 353/323/324
f 354/324/325 352/322/323 353/323/324
f 355/325/326 351/284/320 352/322/323
f 355/325/326 352/322/323 354/324/325
f 356/326/327 351/284/320 355/325/326
f 357/327/328 358/328/329 359/329/328
f 360/330/329 358/328/329 357/327/328
f 360/330/329 361/331/328 358/328/329
f 358/328/329 361/331/328 362/332/329
f 361/331/328 360/330/329 363/333/329
f 363/333/329 360/330/329 364/334/329
f 366/335/330 368/316/331 367/336/332
f 365/337/333 369/338/334 366/335/330
f 368/316/331 366/335/330 369/338/334
f 369/338/334 365/337/333 370/339/335
f 371/340/336 369/338/334 370/339/335
f 372/341/337 368/316/331 369/338/334
f 369/338/334 371/340/336 372/341/337
f 368/316/331 372/341/337 373/342/338
f 642/594/579 640/595/580 641/596/581
f 644/597/582 642/594/579 645/598/583
f 643/599/584 646/600/585 644/597/582
f 642/594/579 644/597/582 646/600/585
f 646/600/585 643/599/584 647/601/586
f 646/600/585 640/595/580 642/594/579
f 647/601/586 639/602/587 646/600/585
f 640/595/580 646/600/585 639/602/587
f 648/603/588 649/604/589 650/605/590
f 651/606/591 650/605/590 649/604/589
f 649/604/589 648/603/588 652/607/592
f 648/603/588 653/608/593 652/607/592
f 651/606/591 649/604/589 654/609/594
f 649/604/589 652/607/592 655/610/595
f 654/609/594 649/604/589 655/610/595
f 654/609/594 656/611/596 651/606/591
f 655/610/595 652/607/592 657/612/597
f 654/609/594 655/610/595 657/612/597
f 652/607/592 653/608/593 657/612/597
f 656/611/596 654/609/594 658/613/598
f 659/614/599 656/611/596 658/613/598
f 654/609/594 660/615/600 658/613/598
f 660/615/600 654/609/594 657/612/597
f 658/613/598 661/616/601 659/614/599
f 661/616/601 658/613/598 660/615/600
f 660/615/600 657/612/597 661/616/601
f 661/616/601 662/617/602 659/614/599
f 657/612/597 662/617/602 661/616/601
f 653/608/593 663/618/603 657/612/597
f 663/618/603 662/617/602 657/612/597
f 653/608/593 664/619/604 663/618/603
f 662/617/602 663/618/603 664/619/604
f 665/620/605 666/621/606 667/622/607
f 667/622/607 668/623/608 665/620/605
f 669/624/609 667/622/607 666/621/606
f 668/623/608 667/622/607 670/625/610
f 667/622/607 669/624/609 671/626/611
f 671/626/611 670/625/610 667/622/607
f 672/627/612 671/626/611 669/624/609
f 670/625/610 671/626/611 673/628/613
f 675/629/614 677/630/615 676/631/616
f 674/632/617 678/633/618 675/629/614
f 677/630/615 675/629/614 678/633/618
f 678/633/618 674/632/617 679/634/619
f 680/635/620 678/633/618 679/634/619
f 681/636/621 677/630/615 678/633/618
f 681/636/621 678/633/618 680/635/620
f 682/637/622 677/630/615 681/636/621
f 683/638/383 684/639/383 685/640/383
f 683/638/383 686/641/381 684/639/383
f 684/639/383 686/641/381 687/642/383
f 688/643/383 686/641/381 683/638/383
f 686/641/381 688/643/383 689/644/383
f 688/643/383 683/638/383 690/645/383
f 692/646/623 694/626/624 693/647/625
f 691/648/626 695/649/627 692/646/623
f 694/626/624 692/646/623 695/649/627
f 695/649/627 691/648/626 696/650/628
f 697/651/629 695/649/627 696/650/628
f 698/652/630 694/626/624 695/649/627
f 695/649/627 697/651/629 698/652/630
f 694/626/624 698/652/630 699/653/631
usemtl Meshpart3Mtl
f 377/343/339 375/344/340 376/345/341
f 379/346/342 377/343/339 380/347/343
f 378/348/344 381/349/345 379/346/342
f 377/343/339 379/346/342 381/349/345
f 381/349/345 378/348/344 382/350/346
f 381/349/345 375/344/340 377/343/339
f 382/350/346 374/351/347 381/349/345
f 375/344/340 381/349/345 374/351/347
f 383/352/348 384/353/349 385/354/350
f 386/355/351 385/354/350 384/353/349
f 384/353/349 383/352/348 387/356/352
f 383/352/348 388/357/353 387/356/352
f 386/355/351 384/353/349 389/358/354
f 384/353/349 387/356/352 390/359/355
f 389/358/354 384/353/349 390/359/355
f 389/358/354 391/360/356 386/355/351
f 390/359/355 387/356/352 392/361/357
f 389/358/354 390/359/355 392/361/357
f 387/356/352 388/357/353 392/361/357
f 391/360/356 389/358/354 393/362/358
f 394/363/359 391/360/356 393/362/358
f 389/358/354 395/364/360 393/362/358
f 395/364/360 389/358/354 392/361/357
f 393/362/358 396/365/361 394/363/359
f 396/365/361 393/362/358 395/364/360
f 395/364/360 392/361/357 396/365/361
f 396/365/361 397/366/362 394/363/359
f 392/361/357 397/366/362 396/365/361
f 388/357/353 398/367/363 392/361/357
f 398/367/363 397/366/362 392/361/357
f 388/357/353 399/368/363 398/367/363
f 397/366/362 398/367/363 399/368/363
f 400/369/364 401/370/365 402/371/366
f 402/371/366 403/372/367 400/369/364
f 404/373/31 402/371/366 401/370/365
f 403/372/367 402/371/366 405/374/368
f 402/371/366 404/373/31 406/375/369
f 406/375/369 405/374/368 402/371/366
f 407/376/370 406/375/369 404/373/31
f 405/374/368 406/375/369 408/377/371
f 410/378/372 412/379/373 411/380/374
f 409/381/375 413/382/376 410/378/372
f 412/379/373 410/378/372 413/382/376
f 413/382/376 409/381/375 414/383/377
f 415/384/378 413/382/376 414/383/377
f 416/385/379 412/379/373 413/382/376
f 416/385/379 413/382/376 415/384/378
f 417/386/380 412/379/373 416/385/379
f 418/387/381 419/388/382 420/389/383
f 418/387/381 421/390/383 419/388/382
f 419/388/382 421/390/383 422/391/383
f 423/392/383 421/390/383 418/387/381
f 421/390/383 423/392/383 424/393/381
f 423/392/383 418/387/381 425/394/383
f 427/395/384 429/375/385 428/396/386
f 426/397/387 430/398/388 427/395/384
f 429/375/385 427/395/384 430/398/388
f 430/398/388 426/397/387 431/399/389
f 432/400/390 430/398/388 431/399/389
f 433/401/391 429/375/385 430/398/388
f 430/398/388 432/400/390 433/401/391
f 429/375/385 433/401/391 434/402/392
f 2015/1796/1805 2013/1797/1806 2014/1798/1807
f 2017/1799/1808 2015/1796/1805 2018/1800/1809
f 2016/1801/1810 2019/1802/1811 2017/1799/1808
f 2015/1796/1805 2017/1799/1808 2019/1802/1811
f 2019/1802/1811 2016/1801/1810 2020/1803/1812
f 2013/1797/1806 2015/1796/1805 2019/1802/1811
f 2012/1804/1813 2019/1802/1811 2020/1803/1812
f 2013/1797/1806 2019/1802/1811 2012/1804/1813
f 2021/1805/1814 2022/1806/1815 2023/1807/1816
f 2024/1808/1817 2023/1807/1816 2022/1806/1815
f 2022/1806/1815 2021/1805/1814 2025/1809/1818
f 2021/1805/1814 2026/1810/1819 2025/1809/1818
f 2022/1806/1815 2025/1809/1818 2027/1811/1820
f 2025/1809/1818 2026/1810/1819 2028/1812/1821
f 2027/1811/1820 2025/1809/1818 2028/1812/1821
f 2029/1813/1822 2022/1806/1815 2027/1811/1820
f 2024/1808/1817 2022/1806/1815 2029/1813/1822
f 2029/1813/1822 2027/1811/1820 2028/1812/1821
f 2030/1814/1823 2024/1808/1817 2029/1813/1822
f 2024/1808/1817 2030/1814/1823 2031/1815/1824
f 2032/1816/1825 2031/1815/1824 2030/1814/1823
f 2030/1814/1823 2029/1813/1822 2033/1817/1826
f 2029/1813/1822 2028/1812/1821 2033/1817/1826
f 2030/1814/1823 2034/1818/1827 2032/1816/1825
f 2034/1818/1827 2030/1814/1823 2033/1817/1826
f 2033/1817/1826 2028/1812/1821 2034/1818/1827
f 2034/1818/1827 2035/1819/1828 2032/1816/1825
f 2028/1812/1821 2035/1819/1828 2034/1818/1827
f 2036/1820/1829 2035/1819/1828 2028/1812/1821
f 2026/1810/1819 2036/1820/1829 2028/1812/1821
f 2035/1819/1828 2036/1820/1829 2037/1821/1829
f 2026/1810/1819 2037/1821/1829 2036/1820/1829
f 2038/1822/1830 2039/1823/1831 2040/1824/1832
f 2040/1824/1832 2041/1825/1833 2038/1822/1830
f 2042/1826/1834 2040/1824/1832 2039/1823/1831
f 2041/1825/1833 2040/1824/1832 2043/1827/1835
f 2040/1824/1832 2042/1826/1834 2044/1828/1836
f 2044/1828/1836 2043/1827/1835 2040/1824/1832
f 2045/1829/1837 2044/1828/1836 2042/1826/1834
f 2043/1827/1835 2044/1828/1836 2046/1830/1838
f 2048/1831/1839 2050/1796/1840 2049/1832/1841
f 2047/1833/1842 2051/1834/1843 2048/1831/1839
f 2050/1796/1840 2048/1831/1839 2051/1834/1843
f 2051/1834/1843 2047/1833/1842 2052/1835/1844
f 2053/1836/1845 2051/1834/1843 2052/1835/1844
f 2054/1837/1846 2050/1796/1840 2051/1834/1843
f 2054/1837/1846 2051/1834/1843 2053/1836/1845
f 2055/1838/1847 2050/1796/1840 2054/1837/1846
f 2056/1839/1848 2057/1840/1848 2058/1841/1848
f 2059/1842/1848 2057/1840/1848 2056/1839/1848
f 2059/1842/1848 2060/1843/1849 2057/1840/1848
f 2057/1840/1848 2060/1843/1849 2061/1844/1848
f 2060/1843/1849 2059/1842/1848 2062/1845/1848
f 2062/1845/1848 2059/1842/1848 2063/1846/1848
f 2065/1847/1850 2067/1828/1851 2066/1848/1852
f 2064/1849/1853 2068/1850/1854 2065/1847/1850
f 2067/1828/1851 2065/1847/1850 2068/1850/1854
f 2068/1850/1854 2064/1849/1853 2069/1851/1855
f 2070/1852/1856 2068/1850/1854 2069/1851/1855
f 2071/1853/1857 2067/1828/1851 2068/1850/1854
f 2068/1850/1854 2070/1852/1856 2071/1853/1857
f 2067/1828/1851 2071/1853/1857 2072/1854/1809
usemtl Meshpart6Mtl
f 700/654/632 701/655/633 702/656/634
f 703/657/635 704/658/636 705/659/637
f 706/660/638 707/661/639 708/662/640
f 711/663/641 709/664/642 710/665/643
f 712/666/644 713/667/645 714/668/646
f 717/669/647 715/670/648 716/671/649
f 719/672/650 718/673/651 720/674/652
f 719/672/650 720/674/652 721/675/653
f 724/676/654 723/677/655 722/678/656
f 725/669/657 726/679/658 727/670/659
f 728/680/660 729/681/661 730/682/662
f 732/683/663 731/684/664 733/685/665
f 732/683/663 733/685/665 734/686/666
f 736/687/667 735/676/668 737/678/669
f 738/688/670 739/689/671 740/690/672
f 738/688/670 741/691/673 739/689/671
f 742/692/674 743/693/675 744/694/676
f 743/693/675 745/695/677 744/694/676
f 746/696/678 742/692/674 744/694/676
f 745/695/677 747/697/679 744/694/676
f 747/697/679 746/696/678 744/694/676
f 748/698/680 746/696/678 747/697/679
f 749/699/681 750/700/682 751/701/683
f 750/700/682 752/702/684 751/701/683
f 753/703/685 749/699/681 751/701/683
f 752/702/684 754/704/686 751/701/683
f 754/704/686 753/703/685 751/701/683
f 755/705/687 756/706/688 757/707/689
f 756/706/688 758/708/690 757/707/689
f 759/709/691 755/705/687 757/707/689
f 758/708/690 760/710/692 757/707/689
f 760/710/692 759/709/691 757/707/689
f 761/711/693 762/712/694 763/713/644
f 763/713/644 762/712/694 764/714/645
f 761/711/693 765/715/695 762/712/694
f 762/712/694 765/715/695 766/716/696
f 761/711/693 763/713/644 767/717/697
f 768/718/698 769/719/699 770/720/700
f 769/719/699 771/721/701 770/720/700
f 772/722/702 768/718/698 770/720/700
f 771/721/701 773/723/703 770/720/700
f 773/723/703 772/722/702 770/720/700
f 774/724/704 775/725/705 776/726/650
f 774/724/704 777/727/706 775/725/705
f 774/724/704 778/728/707 777/727/706
f 774/724/704 776/726/650 778/728/707
f 776/726/650 779/729/708 778/728/707
f 783/730/709 780/731/710 782/732/711
f 781/733/712 784/734/713 782/732/714
f 784/734/713 785/735/656 782/732/714
f 785/735/656 786/730/715 782/732/714
f 787/736/716 788/737/717 789/738/718
f 788/737/717 790/739/719 789/738/718
f 791/740/720 787/736/716 789/738/718
f 790/739/719 792/741/721 789/738/718
f 792/741/721 791/740/720 789/738/718
f 793/742/722 794/743/723 795/744/724
f 793/742/722 796/745/725 794/743/723
f 794/743/723 796/745/725 797/746/726
f 795/744/724 794/743/723 798/747/727
f 793/742/722 795/744/724 799/748/728
f 800/749/729 801/750/730 802/751/731
f 800/749/729 803/752/732 801/750/730
f 804/753/733 805/754/734 806/755/735
f 804/753/733 807/756/736 805/754/734
f 808/757/737 809/758/738 810/759/739
f 811/760/740 812/761/741 813/762/742
f 814/763/743 811/760/740 813/762/742
f 815/764/744 817/765/745 816/766/746
f 817/765/745 818/767/747 816/766/746
f 819/768/748 820/769/749 821/770/750
f 824/771/751 822/772/691 823/773/752
f 825/774/753 826/775/706 827/776/754
f 829/777/755 828/778/756 830/779/757
f 829/777/755 830/779/757 831/780/758
f 832/781/759 833/782/759 834/783/759
f 835/784/760 836/785/761 837/786/762
f 838/787/763 839/788/764 840/789/765
f 841/757/766 842/790/767 843/758/768
f 844/791/769 845/792/770 846/793/771
f 849/794/772 847/795/773 848/796/774
f 850/797/775 851/798/775 852/799/775
f 853/800/776 854/801/777 855/802/778
f 856/803/779 853/800/776 855/802/778
f 857/794/780 858/796/780 859/804/780
f 860/805/781 861/806/782 862/807/783
f 863/808/784 864/809/785 865/810/786
f 866/811/787 868/812/788 867/813/789
f 869/804/790 870/796/791 871/814/714
f 872/815/792 873/816/793 874/817/794
f 872/815/792 875/818/795 873/816/793
f 875/818/795 876/819/796 873/816/793
f 877/820/797 878/821/798 879/822/799
f 877/820/800 881/822/801 880/823/728
f 882/800/802 883/824/803 884/801/804
f 886/825/805 885/826/806 887/827/807
f 886/825/805 887/827/807 888/828/808
f 890/808/809 891/810/810 889/829/811
f 892/830/812 894/805/813 893/831/814
f 894/805/813 895/807/815 893/831/814
f 896/832/816 897/833/817 898/834/818
f 896/832/816 899/835/819 897/833/817
f 899/835/819 900/836/820 897/833/817
f 901/837/821 902/838/822 903/839/748
f 901/837/821 904/840/823 902/838/822
f 903/839/748 902/838/822 905/841/824
f 906/842/825 907/843/638 908/844/826
f 906/842/825 909/845/827 907/843/638
f 908/844/826 907/843/638 910/846/828
f 911/847/829 912/848/830 913/849/831
f 912/848/830 914/850/832 913/849/831
f 915/851/833 911/847/829 913/849/831
f 914/850/832 916/852/834 913/849/831
f 916/852/834 915/851/833 913/849/831
f 917/853/835 918/854/836 919/855/837
f 918/854/836 920/856/838 919/855/837
f 921/857/839 917/853/835 919/855/837
f 920/856/838 922/858/840 919/855/837
f 922/858/840 921/857/839 919/855/837
f 923/859/841 924/860/842 925/861/755
f 923/859/841 926/862/843 924/860/842
f 927/863/844 928/864/845 929/865/846
f 928/864/845 930/866/847 929/865/846
f 931/867/848 927/863/844 929/865/846
f 930/866/847 932/868/849 929/865/846
f 932/868/849 931/867/848 929/865/846
f 933/869/850 931/867/848 932/868/849
f 934/870/851 935/871/852 936/872/853
f 935/871/852 937/873/854 936/872/853
f 938/874/855 934/870/851 936/872/853
f 937/873/854 939/875/856 936/872/853
f 939/875/856 938/874/855 936/872/853
f 940/876/857 941/877/858 942/878/859
f 941/877/858 943/879/860 942/878/859
f 944/880/861 940/876/857 942/878/859
f 943/879/860 945/881/862 942/878/859
f 945/881/862 944/880/861 942/878/859
f 946/882/863 947/883/864 948/884/865
f 947/883/864 949/885/866 948/884/865
f 950/886/867 946/882/863 948/884/865
f 949/885/866 951/887/868 948/884/865
f 951/887/868 950/886/867 948/884/865
f 952/888/869 950/886/867 951/887/868
f 953/889/870 954/890/871 955/891/763
f 953/889/870 956/892/872 954/890/871
f 954/890/871 956/892/872 957/893/873
f 955/891/763 954/890/871 958/894/764
f 953/889/870 955/891/763 959/895/874
f 955/891/763 960/896/875 959/895/874
f 953/889/870 959/895/874 961/892/876
f 962/897/877 963/898/878 964/899/663
f 962/897/877 965/900/879 963/898/878
f 966/901/880 967/902/881 968/903/882
f 966/901/880 969/904/883 967/902/881
f 970/842/884 972/844/885 971/905/886
f 973/906/822 974/907/887 975/908/888
f 977/909/889 976/910/890 978/911/891
f 981/910/892 979/912/893 980/911/834
f 982/913/894 984/914/895 983/915/697
f 987/916/896 985/917/897 986/918/840
f 990/919/898 988/920/899 989/921/900
f 993/922/901 991/923/855 992/924/856
f 996/925/902 994/926/903 995/927/904
f 998/928/905 997/922/906 999/924/907
f 1000/925/908 1001/929/909 1002/926/910
f 1003/919/911 1004/930/912 1005/920/913
f 1006/931/914 1007/932/915 1008/933/916
f 1009/934/917 1010/935/918 1011/936/919
f 1216/1128/1103 1217/1129/1104 1218/1130/1105
f 1221/1131/1106 1219/1132/1107 1220/1133/1108
f 1222/1134/1109 1223/1135/1110 1224/1136/1111
f 1226/1137/1112 1225/1138/1113 1227/1139/1114
f 1226/1137/1112 1227/1139/1114 1228/1140/1115
f 1231/1141/1116 1229/1142/1117 1230/1143/1118
f 1232/1144/1119 1233/1145/1120 1234/1146/1121
f 1235/1141/1122 1236/1147/1123 1237/1142/1124
f 1238/1148/1125 1239/1149/1126 1240/1150/1127
f 1242/1151/1128 1241/1152/1129 1243/1153/1130
f 1242/1151/1128 1243/1153/1130 1244/1154/1131
f 1245/1155/1132 1246/1156/1133 1247/1157/1134
f 1246/1156/1133 1248/1158/1135 1247/1157/1134
f 1249/1159/1136 1245/1155/1132 1247/1157/1134
f 1248/1158/1135 1250/1160/1108 1247/1157/1134
f 1250/1160/1108 1249/1159/1136 1247/1157/1134
f 1251/1161/1137 1252/1162/1138 1253/1163/1139
f 1252/1162/1138 1254/1164/1140 1253/1163/1139
f 1255/1165/1141 1251/1161/1137 1253/1163/1139
f 1254/1164/1140 1256/1166/1142 1253/1163/1139
f 1256/1166/1142 1255/1165/1141 1253/1163/1139
f 1257/1167/1143 1258/1168/1144 1259/1169/1109
f 1259/1169/1109 1258/1168/1144 1260/1170/1110
f 1257/1167/1143 1261/1171/1145 1258/1168/1144
f 1258/1168/1144 1261/1171/1145 1262/1172/1146
f 1257/1167/1143 1259/1169/1109 1263/1173/1147
f 1264/1174/1148 1265/1175/1149 1266/1176/1150
f 1264/1174/1148 1267/1177/1151 1265/1175/1149
f 1264/1174/1148 1268/1178/1152 1267/1177/1151
f 1264/1174/1148 1266/1176/1150 1268/1178/1152
f 1266/1176/1150 1269/1179/1153 1268/1178/1152
f 1270/1180/1154 1271/1181/1155 1272/1182/1156
f 1271/1181/1155 1273/1183/1157 1272/1182/1156
f 1274/1184/1117 1270/1180/1154 1272/1182/1156
f 1273/1183/1157 1275/1185/1158 1272/1182/1156
f 1275/1185/1158 1274/1184/1117 1272/1182/1156
f 1276/1186/1159 1277/1187/1160 1278/1188/1161
f 1276/1186/1159 1279/1189/1162 1277/1187/1160
f 1278/1188/1161 1277/1187/1160 1280/1190/1163
f 1276/1186/1159 1278/1188/1161 1281/1191/1164
f 1282/1192/1165 1283/1193/1166 1284/1194/424
f 1283/1193/1166 1285/1195/1167 1284/1194/424
f 1286/1196/1168 1282/1192/1165 1284/1194/424
f 1285/1195/1167 1287/1197/1169 1284/1194/424
f 1287/1197/1169 1286/1196/1168 1284/1194/424
f 1288/1198/1170 1289/1199/1171 1290/1200/1172
f 1288/1198/1170 1291/1201/1173 1289/1199/1171
f 1292/1202/1174 1293/1203/1175 1294/1204/1176
f 1295/1205/1177 1292/1202/1174 1294/1204/1176
f 1296/1206/1178 1297/1207/1179 1298/1208/1180
f 1301/1209/1181 1299/1210/1141 1300/1211/1182
f 1302/1212/1183 1303/1213/1183 1304/1214/1183
f 1305/1215/1184 1306/1216/1185 1307/1217/1186
f 1308/1218/1187 1309/1219/1188 1310/1220/1189
f 1312/1221/1190 1311/1222/1191 1313/1223/1192
f 1312/1221/1190 1313/1223/1192 1314/1224/1193
f 1315/1225/1194 1316/1226/1194 1317/1227/1195
f 1318/1228/1196 1319/1229/1197 1320/1230/1198
f 1321/1231/1199 1318/1228/1196 1320/1230/1198
f 1322/1232/1200 1323/1233/1201 1324/1234/1202
f 1325/1235/1203 1327/1236/1204 1326/1237/1205
f 1328/1238/1206 1329/1239/1207 1330/1240/1208
f 1328/1238/1209 1332/1240/1210 1331/1241/1164
f 1333/1242/1211 1334/1243/1212 1335/1244/1213
f 1333/1242/1211 1336/1245/1214 1334/1243/1212
f 1336/1245/1214 1337/1246/1215 1334/1243/1212
f 1338/1228/1216 1339/1247/1217 1340/1229/1218
f 1342/1232/1219 1343/1234/1220 1341/1248/1221
f 1344/1249/1222 1345/1250/1223 1346/1251/1224
f 1344/1249/1222 1347/1252/1225 1345/1250/1223
f 1347/1252/1225 1348/1253/1226 1345/1250/1223
f 1349/1254/1227 1350/1255/1228 1351/1256/1229
f 1349/1254/1227 1352/1257/1230 1350/1255/1228
f 1351/1256/1229 1350/1255/1228 1353/1258/1231
f 1354/1259/1232 1355/1260/1103 1356/1261/1233
f 1354/1259/1232 1357/1262/1234 1355/1260/1103
f 1356/1261/1233 1355/1260/1103 1358/1263/1235
f 1359/1264/1236 1360/1265/1237 1361/1266/1190
f 1359/1264/1236 1362/1267/1238 1360/1265/1237
f 1363/1268/1239 1364/1269/1240 1365/1270/1241
f 1364/1269/1240 1366/1271/1242 1365/1270/1241
f 1367/1272/1243 1363/1268/1239 1365/1270/1241
f 1366/1271/1242 1368/1273/1244 1365/1270/1241
f 1368/1273/1244 1367/1272/1243 1365/1270/1241
f 1369/1274/1245 1370/1275/1246 1371/1276/1247
f 1370/1275/1246 1372/1277/1248 1371/1276/1247
f 1373/1278/1249 1369/1274/1245 1371/1276/1247
f 1372/1277/1248 1374/1279/1250 1371/1276/1247
f 1374/1279/1250 1373/1278/1249 1371/1276/1247
f 1375/1280/1251 1376/1281/1252 1377/1282/1253
f 1376/1281/1252 1378/1283/1254 1377/1282/1253
f 1379/1284/1255 1375/1280/1251 1377/1282/1253
f 1378/1283/1254 1380/1285/1256 1377/1282/1253
f 1380/1285/1256 1379/1284/1255 1377/1282/1253
f 1381/1286/1257 1379/1284/1255 1380/1285/1256
f 1382/1287/1258 1383/1288/1259 1384/1289/1260
f 1383/1288/1259 1385/1290/1261 1384/1289/1260
f 1386/1291/1262 1382/1287/1258 1384/1289/1260
f 1385/1290/1261 1387/1292/1263 1384/1289/1260
f 1387/1292/1263 1386/1291/1262 1384/1289/1260
f 1388/1293/1264 1386/1291/1262 1387/1292/1263
f 1389/1294/1265 1390/1295/1266 1391/1296/1267
f 1389/1294/1265 1392/1297/1268 1390/1295/1266
f 1393/1259/1269 1395/1261/1270 1394/1298/1271
f 1396/1299/1228 1397/1300/1272 1398/1301/1273
f 1399/1302/1274 1401/1303/1275 1400/1304/1276
f 1404/1305/1277 1402/1306/1278 1403/1307/1169
f 1407/1308/1279 1405/1309/1243 1406/1310/1244
f 1410/1311/1280 1408/1312/1249 1409/1313/1281
f 1412/1314/1282 1411/1311/1283 1413/1313/1284
f 1414/1305/1285 1415/1315/1286 1416/1306/1287
f 1417/1316/1288 1418/1317/1221 1419/1318/1289
f 1639/1454/1463 1640/1455/1464 1641/1456/1465
f 1642/1457/1466 1643/1458/1467 1644/1459/1468
f 1645/1460/1469 1646/1461/1470 1647/1462/1471
f 1650/1463/1472 1648/1464/1473 1649/1465/1474
f 1651/1466/1475 1652/1467/1476 1653/1468/1477
f 1656/1469/1478 1654/1470/1479 1655/1471/1480
f 1658/1472/1481 1657/1473/1482 1659/1474/1483
f 1658/1472/1481 1659/1474/1483 1660/1475/1484
f 1663/1476/1485 1662/1477/1486 1661/1478/1487
f 1664/1469/1488 1665/1479/1489 1666/1470/1490
f 1667/1480/1491 1668/1481/1492 1669/1482/1493
f 1671/1483/1494 1670/1484/1495 1672/1485/1496
f 1671/1483/1494 1672/1485/1496 1673/1486/1497
f 1675/1487/1498 1674/1476/1499 1676/1478/1500
f 1677/1488/1501 1678/1489/1502 1679/1490/1503
f 1677/1488/1501 1680/1491/1504 1678/1489/1502
f 1681/1492/1505 1682/1493/1506 1683/1494/1507
f 1682/1493/1506 1684/1495/1508 1683/1494/1507
f 1685/1496/1509 1681/1492/1505 1683/1494/1507
f 1684/1495/1508 1686/1497/1510 1683/1494/1507
f 1686/1497/1510 1685/1496/1509 1683/1494/1507
f 1687/1498/1511 1685/1496/1509 1686/1497/1510
f 1688/1499/1512 1689/1500/1513 1690/1501/1514
f 1689/1500/1513 1691/1502/1515 1690/1501/1514
f 1692/1503/1516 1688/1499/1512 1690/1501/1514
f 1691/1502/1515 1693/1504/1517 1690/1501/1514
f 1693/1504/1517 1692/1503/1516 1690/1501/1514
f 1694/1505/1518 1695/1506/1519 1696/1507/1520
f 1695/1506/1519 1697/1508/1521 1696/1507/1520
f 1698/1509/1522 1694/1505/1518 1696/1507/1520
f 1697/1508/1521 1699/1510/1523 1696/1507/1520
f 1699/1510/1523 1698/1509/1522 1696/1507/1520
f 1700/1511/1524 1701/1512/1525 1702/1513/1526
f 1702/1513/1526 1701/1512/1525 1703/1514/1476
f 1700/1511/1524 1704/1515/1527 1701/1512/1525
f 1701/1512/1525 1704/1515/1527 1705/1516/1528
f 1700/1511/1524 1702/1513/1526 1706/1517/1529
f 1707/1518/1530 1708/1519/1531 1709/1520/1532
f 1708/1519/1531 1710/1521/1533 1709/1520/1532
f 1711/1522/1479 1707/1518/1530 1709/1520/1532
f 1710/1521/1533 1712/1523/1534 1709/1520/1532
f 1712/1523/1534 1711/1522/1479 1709/1520/1532
f 1713/1524/1535 1714/1525/1536 1715/1526/1537
f 1713/1524/1535 1716/1527/1538 1714/1525/1536
f 1713/1524/1535 1717/1528/1539 1716/1527/1538
f 1713/1524/1535 1715/1526/1537 1717/1528/1539
f 1715/1526/1537 1718/1529/1540 1717/1528/1539
f 1722/1530/1541 1719/1531/1542 1721/1532/1543
f 1720/1533/1544 1723/1534/1545 1721/1532/1543
f 1723/1534/1545 1724/1535/1546 1721/1532/1543
f 1724/1535/1546 1725/1530/1547 1721/1532/1543
f 1726/1536/1548 1727/1537/1549 1728/1538/1550
f 1727/1537/1549 1729/1539/1551 1728/1538/1550
f 1730/1540/1552 1726/1536/1548 1728/1538/1550
f 1729/1539/1551 1731/1541/1553 1728/1538/1550
f 1731/1541/1553 1730/1540/1552 1728/1538/1550
f 1732/1542/1554 1733/1543/1555 1734/1544/1556
f 1732/1542/1554 1735/1545/1557 1733/1543/1555
f 1733/1543/1555 1735/1545/1557 1736/1546/1558
f 1734/1544/1556 1733/1543/1555 1737/1547/1559
f 1732/1542/1554 1734/1544/1556 1738/1548/1560
f 1739/1549/1561 1740/1550/1562 1741/1551/1563
f 1739/1549/1561 1742/1552/1564 1740/1550/1562
f 1743/1553/1565 1744/1554/1566 1745/1555/1567
f 1743/1553/1565 1746/1556/1568 1744/1554/1566
f 1747/1557/1569 1748/1558/1570 1749/1559/1571
f 1750/1560/1572 1751/1561/1573 1752/1562/1574
f 1753/1563/1575 1750/1560/1572 1752/1562/1574
f 1754/1564/1576 1756/1565/1577 1755/1566/1578
f 1756/1565/1577 1757/1567/1579 1755/1566/1578
f 1758/1568/1580 1759/1569/1581 1760/1570/1582
f 1763/1571/1583 1761/1572/1584 1762/1573/1585
f 1764/1574/1586 1765/1575/1587 1766/1576/1588
f 1768/1577/1589 1767/1578/1590 1769/1579/1591
f 1768/1577/1589 1769/1579/1591 1770/1580/1592
f 1771/1581/1593 1772/1582/1593 1773/1583/1593
f 1774/1584/1594 1775/1585/1595 1776/1586/1596
f 1777/1587/1597 1778/1588/1598 1779/1589/1599
f 1780/1557/1600 1781/1590/1601 1782/1558/1602
f 1783/1591/1603 1784/1592/1604 1785/1593/1605
f 1788/1594/1606 1786/1595/1569 1787/1596/1607
f 1789/1597/1608 1790/1598/1608 1791/1599/1608
f 1792/1600/1609 1793/1601/1610 1794/1602/1611
f 1795/1603/1612 1792/1600/1609 1794/1602/1611
f 1796/1594/1613 1797/1596/1614 1798/1604/1614
f 1799/1605/1615 1800/1606/1616 1801/1607/1617
f 1802/1608/1618 1803/1609/1619 1804/1610/1620
f 1805/1611/1621 1807/1612/1622 1806/1613/1623
f 1808/1604/1624 1809/1596/1625 1810/1614/1543
f 1811/1615/1626 1812/1616/1627 1813/1617/1628
f 1811/1615/1626 1814/1618/1629 1812/1616/1627
f 1814/1618/1629 1815/1619/1630 1812/1616/1627
f 1816/1620/1556 1817/1621/1631 1818/1622/1632
f 1816/1620/1633 1820/1622/1634 1819/1623/1560
f 1821/1600/1635 1822/1624/1636 1823/1601/1637
f 1825/1625/1567 1824/1626/1638 1826/1627/1639
f 1825/1625/1567 1826/1627/1639 1827/1628/1640
f 1829/1608/1641 1830/1610/1642 1828/1629/1643
f 1831/1630/1644 1833/1605/1645 1832/1631/1646
f 1833/1605/1645 1834/1607/1647 1832/1631/1646
f 1835/1632/1648 1836/1633/1649 1837/1634/1650
f 1835/1632/1648 1838/1635/1651 1836/1633/1649
f 1838/1635/1651 1839/1636/1652 1836/1633/1649
f 1840/1637/1653 1841/1638/1654 1842/1639/1655
f 1840/1637/1653 1843/1640/1656 1841/1638/1654
f 1842/1639/1655 1841/1638/1654 1844/1641/1657
f 1845/1642/1658 1846/1643/1659 1847/1644/1618
f 1845/1642/1658 1848/1645/1660 1846/1643/1659
f 1847/1644/1618 1846/1643/1659 1849/1646/1661
f 1850/1647/1662 1851/1648/1663 1852/1649/1664
f 1851/1648/1663 1853/1650/1665 1852/1649/1664
f 1854/1651/1666 1850/1647/1662 1852/1649/1664
f 1853/1650/1665 1855/1652/1667 1852/1649/1664
f 1855/1652/1667 1854/1651/1666 1852/1649/1664
f 1856/1653/1668 1857/1654/1669 1858/1655/1670
f 1857/1654/1669 1859/1656/1671 1858/1655/1670
f 1860/1657/1672 1856/1653/1668 1858/1655/1670
f 1859/1656/1671 1861/1658/1673 1858/1655/1670
f 1861/1658/1673 1860/1657/1672 1858/1655/1670
f 1862/1659/1674 1863/1660/1675 1864/1661/1589
f 1862/1659/1674 1865/1662/1676 1863/1660/1675
f 1866/1663/1677 1867/1664/1678 1868/1665/1679
f 1867/1664/1678 1869/1666/1680 1868/1665/1679
f 1870/1667/1681 1866/1663/1677 1868/1665/1679
f 1869/1666/1680 1871/1668/1682 1868/1665/1679
f 1871/1668/1682 1870/1667/1681 1868/1665/1679
f 1872/1669/1683 1870/1667/1681 1871/1668/1682
f 1873/1670/1684 1874/1671/1685 1875/1672/1686
f 1874/1671/1685 1876/1673/1687 1875/1672/1686
f 1877/1674/1688 1873/1670/1684 1875/1672/1686
f 1876/1673/1687 1878/1675/1689 1875/1672/1686
f 1878/1675/1689 1877/1674/1688 1875/1672/1686
f 1879/1676/1690 1880/1677/1691 1881/1678/1692
f 1880/1677/1691 1882/1679/1693 1881/1678/1692
f 1883/1680/1694 1879/1676/1690 1881/1678/1692
f 1882/1679/1693 1884/1681/1695 1881/1678/1692
f 1884/1681/1695 1883/1680/1694 1881/1678/1692
f 1885/1682/1696 1886/1683/1697 1887/1684/1698
f 1886/1683/1697 1888/1685/1699 1887/1684/1698
f 1889/1686/1700 1885/1682/1696 1887/1684/1698
f 1888/1685/1699 1890/1687/1701 1887/1684/1698
f 1890/1687/1701 1889/1686/1700 1887/1684/1698
f 1891/1688/1702 1889/1686/1700 1890/1687/1701
f 1892/1689/1703 1893/1690/1704 1894/1691/1705
f 1892/1689/1703 1895/1692/1706 1893/1690/1704
f 1893/1690/1704 1895/1692/1706 1896/1693/1707
f 1894/1691/1705 1893/1690/1704 1897/1694/1708
f 1892/1689/1703 1894/1691/1705 1898/1695/1709
f 1894/1691/1705 1899/1696/1710 1898/1695/1709
f 1892/1689/1703 1898/1695/1709 1900/1692/1711
f 1901/1697/1712 1902/1698/1495 1903/1699/1494
f 1901/1697/1712 1904/1700/1713 1902/1698/1495
f 1905/1701/1714 1906/1702/1715 1907/1703/1716
f 1905/1701/1714 1908/1704/1717 1906/1702/1715
f 1909/1642/1718 1911/1644/1719 1910/1705/1720
f 1912/1706/1721 1913/1707/1722 1914/1708/1723
f 1916/1709/1724 1915/1710/1725 1917/1711/1726
f 1920/1710/1727 1918/1712/1728 1919/1711/1729
f 1921/1713/1526 1923/1714/1730 1922/1715/1731
f 1926/1716/1732 1924/1717/1733 1925/1718/1673
f 1929/1719/1734 1927/1720/1552 1928/1721/1553
f 1932/1722/1735 1930/1723/1736 1931/1724/1689
f 1935/1725/1737 1933/1726/1694 1934/1727/1695
f 1937/1728/1738 1936/1722/1739 1938/1724/1636
f 1939/1725/1740 1940/1729/1741 1941/1726/1742
f 1942/1719/1743 1943/1730/1744 1944/1720/1745
f 1945/1731/1746 1946/1732/1747 1947/1733/1748
f 1948/1734/1749 1949/1735/1643 1950/1736/1750
usemtl Meshpart9Mtl
f 1423/1319/1290 1421/1320/1291 1422/1321/1292
f 1425/1322/1293 1423/1319/1290 1426/1323/1294
f 1424/1324/1295 1427/1325/1296 1425/1322/1293
f 1423/1319/1290 1425/1322/1293 1427/1325/1296
f 1427/1325/1296 1424/1324/1295 1428/1326/1297
f 1427/1325/1296 1421/1320/1291 1423/1319/1290
f 1428/1326/1297 1420/1327/1298 1427/1325/1296
f 1421/1320/1291 1427/1325/1296 1420/1327/1298
f 1429/1328/1299 1430/1329/1300 1431/1330/1301
f 1432/1331/1302 1431/1330/1301 1430/1329/1300
f 1430/1329/1300 1429/1328/1299 1433/1332/1303
f 1429/1328/1299 1434/1333/1304 1433/1332/1303
f 1432/1331/1302 1430/1329/1300 1435/1334/1305
f 1430/1329/1300 1433/1332/1303 1436/1335/1306
f 1435/1334/1305 1430/1329/1300 1436/1335/1306
f 1435/1334/1305 1437/1336/1307 1432/1331/1302
f 1436/1335/1306 1433/1332/1303 1438/1337/1308
f 1435/1334/1305 1436/1335/1306 1438/1337/1308
f 1433/1332/1303 1434/1333/1304 1438/1337/1308
f 1437/1336/1307 1435/1334/1305 1439/1338/1309
f 1440/1339/1310 1437/1336/1307 1439/1338/1309
f 1435/1334/1305 1441/1340/1311 1439/1338/1309
f 1441/1340/1311 1435/1334/1305 1438/1337/1308
f 1439/1338/1309 1442/1341/1312 1440/1339/1310
f 1442/1341/1312 1439/1338/1309 1441/1340/1311
f 1441/1340/1311 1438/1337/1308 1442/1341/1312
f 1442/1341/1312 1443/1342/1313 1440/1339/1310
f 1438/1337/1308 1443/1342/1313 1442/1341/1312
f 1434/1333/1304 1444/1343/1314 1438/1337/1308
f 1444/1343/1314 1443/1342/1313 1438/1337/1308
f 1434/1333/1304 1445/1344/1315 1444/1343/1314
f 1443/1342/1313 1444/1343/1314 1445/1344/1315
f 1446/1345/1316 1447/1346/1317 1448/1347/1318
f 1448/1347/1318 1449/1348/1319 1446/1345/1316
f 1450/1349/1320 1448/1347/1318 1447/1346/1317
f 1449/1348/1319 1448/1347/1318 1451/1350/1321
f 1448/1347/1318 1450/1349/1320 1452/1351/1322
f 1452/1351/1322 1451/1350/1321 1448/1347/1318
f 1453/1352/1323 1452/1351/1322 1450/1349/1320
f 1451/1350/1321 1452/1351/1322 1454/1353/1324
f 1456/1354/1325 1458/1355/1326 1457/1356/1327
f 1455/1357/1328 1459/1358/1329 1456/1354/1325
f 1458/1355/1326 1456/1354/1325 1459/1358/1329
f 1459/1358/1329 1455/1357/1328 1460/1359/1330
f 1461/1360/1331 1459/1358/1329 1460/1359/1330
f 1462/1361/1332 1458/1355/1326 1459/1358/1329
f 1462/1361/1332 1459/1358/1329 1461/1360/1331
f 1463/1362/1333 1458/1355/1326 1462/1361/1332
f 1464/1363/1334 1465/1364/1335 1466/1365/1336
f 1464/1363/1334 1467/1366/1336 1465/1364/1335
f 1465/1364/1335 1467/1366/1336 1468/1367/1334
f 1469/1368/1336 1467/1366/1336 1464/1363/1334
f 1467/1366/1336 1469/1368/1336 1470/1369/1336
f 1469/1368/1336 1464/1363/1334 1471/1370/1334
f 1473/1371/1337 1475/1351/1338 1474/1372/1339
f 1472/1373/1340 1476/1374/1341 1473/1371/1337
f 1475/1351/1338 1473/1371/1337 1476/1374/1341
f 1476/1374/1341 1472/1373/1340 1477/1375/1342
f 1478/1376/1343 1476/1374/1341 1477/1375/1342
f 1479/1377/1344 1475/1351/1338 1476/1374/1341
f 1476/1374/1341 1478/1376/1343 1479/1377/1344
f 1475/1351/1338 1479/1377/1344 1480/1378/1345
f 1954/1737/1751 1952/1738/1752 1953/1739/1753
f 1956/1740/1754 1954/1737/1751 1957/1741/1755
f 1955/1742/1756 1958/1743/1757 1956/1740/1754
f 1954/1737/1751 1956/1740/1754 1958/1743/1757
f 1958/1743/1757 1955/1742/1756 1959/1744/1758
f 1952/1738/1752 1954/1737/1751 1958/1743/1757
f 1951/1745/1759 1958/1743/1757 1959/1744/1758
f 1952/1738/1752 1958/1743/1757 1951/1745/1759
f 1960/1746/1760 1961/1747/1761 1962/1748/1762
f 1963/1749/1763 1962/1748/1762 1961/1747/1761
f 1961/1747/1761 1960/1746/1760 1964/1750/1764
f 1960/1746/1760 1965/1751/1765 1964/1750/1764
f 1961/1747/1761 1964/1750/1764 1966/1752/1766
f 1964/1750/1764 1965/1751/1765 1967/1753/1767
f 1966/1752/1766 1964/1750/1764 1967/1753/1767
f 1968/1754/1768 1961/1747/1761 1966/1752/1766
f 1963/1749/1763 1961/1747/1761 1968/1754/1768
f 1968/1754/1768 1966/1752/1766 1967/1753/1767
f 1969/1755/1769 1963/1749/1763 1968/1754/1768
f 1963/1749/1763 1969/1755/1769 1970/1756/1770
f 1971/1757/1771 1970/1756/1770 1969/1755/1769
f 1969/1755/1769 1968/1754/1768 1972/1758/1772
f 1968/1754/1768 1967/1753/1767 1972/1758/1772
f 1969/1755/1769 1973/1759/1773 1971/1757/1771
f 1973/1759/1773 1969/1755/1769 1972/1758/1772
f 1972/1758/1772 1967/1753/1767 1973/1759/1773
f 1973/1759/1773 1974/1760/1774 1971/1757/1771
f 1967/1753/1767 1974/1760/1774 1973/1759/1773
f 1975/1761/1775 1974/1760/1774 1967/1753/1767
f 1965/1751/1765 1975/1761/1775 1967/1753/1767
f 1974/1760/1774 1975/1761/1775 1976/1762/1775
f 1965/1751/1765 1976/1762/1775 1975/1761/1775
f 1977/1763/1776 1978/1764/1777 1979/1765/1778
f 1979/1765/1778 1980/1766/1779 1977/1763/1776
f 1981/1767/1780 1979/1765/1778 1978/1764/1777
f 1980/1766/1779 1979/1765/1778 1982/1768/1781
f 1979/1765/1778 1981/1767/1780 1983/1769/1782
f 1983/1769/1782 1982/1768/1781 1979/1765/1778
f 1984/1770/1783 1983/1769/1782 1981/1767/1780
f 1982/1768/1781 1983/1769/1782 1985/1771/1784
f 1987/1772/1785 1989/1737/1786 1988/1773/1787
f 1986/1774/1788 1990/1775/1789 1987/1772/1785
f 1989/1737/1786 1987/1772/1785 1990/1775/1789
f 1990/1775/1789 1986/1774/1788 1991/1776/1790
f 1992/1777/1791 1990/1775/1789 1991/1776/1790
f 1993/1778/1792 1989/1737/1786 1990/1775/1789
f 1993/1778/1792 1990/1775/1789 1992/1777/1791
f 1994/1779/1793 1989/1737/1786 1993/1778/1792
f 1995/1780/1794 1996/1781/1794 1997/1782/1794
f 1998/1783/1795 1996/1781/1794 1995/1780/1794
f 1998/1783/1795 1999/1784/1794 1996/1781/1794
f 1996/1781/1794 1999/1784/1794 2000/1785/1795
f 1999/1784/1794 1998/1783/1795 2001/1786/1795
f 2001/1786/1795 1998/1783/1795 2002/1787/1794
f 2004/1788/1796 2006/1769/1797 2005/1789/1798
f 2003/1790/1799 2007/1791/1800 2004/1788/1796
f 2006/1769/1797 2004/1788/1796 2007/1791/1800
f 2007/1791/1800 2003/1790/1799 2008/1792/1801
f 2009/1793/1802 2007/1791/1800 2008/1792/1801
f 2010/1794/1803 2006/1769/1797 2007/1791/1800
f 2007/1791/1800 2009/1793/1802 2010/1794/1803
f 2006/1769/1797 2010/1794/1803 2011/1795/1804
usemtl Meshpart10Mtl
f 1482/1379/1346 1484/1380/1347 1483/1381/1348
f 1483/1381/1348 1485/1382/1349 1481/1383/1350
f 1486/1384/1351 1483/1381/1348 1484/1380/1347
f 1485/1382/1349 1483/1381/1348 1486/1384/1351
f 1484/1380/1347 1487/1385/1352 1486/1384/1351
f 1486/1384/1351 1487/1385/1352 1485/1382/1349
f 1487/1385/1352 1484/1380/1347 1488/1386/1353
f 1485/1382/1349 1487/1385/1352 1489/1387/1354
f 1490/1388/1355 1487/1385/1352 1488/1386/1353
f 1487/1385/1352 1491/1389/1356 1489/1387/1354
f 1492/1390/1357 1487/1385/1352 1490/1388/1355
f 1491/1389/1356 1487/1385/1352 1492/1390/1357
f 1493/1391/1358 1492/1390/1357 1490/1388/1355
f 1492/1390/1357 1494/1392/1359 1491/1389/1356
f 1495/1393/1360 1492/1390/1357 1493/1391/1358
f 1494/1392/1359 1492/1390/1357 1495/1393/1360
f 1496/1394/1361 1497/1395/1362 1498/1396/1363
f 1499/1397/1364 1497/1395/1362 1496/1394/1361
f 1498/1396/1363 1497/1395/1362 1500/1398/1363
f 1497/1395/1362 1499/1397/1364 1501/1399/1364
f 1502/1400/1365 1498/1396/1363 1500/1398/1363
f 1499/1397/1364 1503/1401/1366 1501/1399/1364
f 1504/1402/1365 1502/1400/1365 1500/1398/1363
f 1503/1401/1366 1499/1397/1364 1505/1403/1366
f 1504/1402/1365 1506/1404/1367 1502/1400/1365
f 1503/1401/1366 1505/1403/1366 1507/1405/1368
f 1506/1404/1367 1504/1402/1365 1508/1406/1369
f 1505/1403/1366 1509/1407/1370 1507/1405/1368
f 1510/1408/1371 1506/1404/1367 1508/1406/1369
f 1511/1409/1372 1507/1405/1368 1509/1407/1370
f 1506/1404/1367 1510/1408/1371 1512/1410/1371
f 1507/1405/1368 1511/1409/1372 1513/1411/1372
f 1514/1412/1373 1512/1410/1371 1510/1408/1371
f 1515/1413/1374 1513/1411/1372 1511/1409/1372
f 1512/1410/1371 1514/1412/1373 1516/1414/1373
f 1513/1411/1372 1515/1413/1374 1517/1415/1374
f 1518/1416/1375 1516/1414/1373 1514/1412/1373
f 1518/1416/1375 1517/1415/1374 1515/1413/1374
f 1519/1417/1375 1518/1416/1375 1514/1412/1373
f 1517/1415/1374 1518/1416/1375 1519/1417/1375
f 1520/1406/1376 1521/1418/1377 1522/1408/1377
f 1521/1418/1377 1520/1406/1376 1523/1419/1376
f 1524/1420/1378 1522/1408/1377 1521/1418/1377
f 1525/1402/1379 1523/1419/1376 1520/1406/1376
f 1522/1408/1377 1524/1420/1378 1526/1412/1378
f 1523/1419/1376 1525/1402/1379 1527/1421/1379
f 1528/1417/1380 1526/1412/1378 1524/1420/1378
f 1529/1398/1381 1527/1421/1379 1525/1402/1379
f 1524/1420/1378 1530/1422/1382 1528/1417/1380
f 1527/1421/1379 1529/1398/1381 1531/1423/1381
f 1532/1424/1383 1528/1417/1380 1530/1422/1382
f 1533/1395/1384 1531/1423/1381 1529/1398/1381
f 1528/1417/1380 1532/1424/1383 1534/1415/1383
f 1531/1423/1381 1533/1395/1384 1535/1425/1385
f 1536/1426/1386 1534/1415/1383 1532/1424/1383
f 1533/1395/1384 1537/1427/1387 1535/1425/1385
f 1534/1415/1383 1536/1426/1386 1538/1411/1386
f 1537/1427/1387 1533/1395/1384 1539/1399/1387
f 1540/1405/1388 1538/1411/1386 1536/1426/1386
f 1539/1399/1387 1541/1428/1389 1537/1427/1387
f 1540/1405/1388 1536/1426/1386 1542/1429/1388
f 1541/1428/1389 1539/1399/1387 1543/1401/1390
f 1543/1401/1390 1540/1405/1388 1542/1429/1388
f 1542/1429/1388 1541/1428/1389 1543/1401/1390
f 1544/1427/1391 1545/1426/1391 1546/1424/1391
f 1547/1428/1391 1545/1426/1391 1544/1427/1391
f 1545/1426/1391 1547/1428/1391 1548/1429/1391
f 1544/1427/1391 1546/1424/1391 1549/1423/1391
f 1544/1427/1391 1549/1423/1391 1550/1425/1391
f 1551/1418/1391 1549/1423/1391 1546/1424/1391
f 1549/1423/1391 1551/1418/1391 1552/1421/1391
f 1552/1421/1391 1551/1418/1391 1553/1419/1391
f 1551/1418/1391 1546/1424/1391 1554/1420/1391
f 1554/1420/1391 1546/1424/1391 1555/1422/1391
f 1556/1387/1392 1557/1382/1393 1558/1385/1394
f 1558/1385/1394 1559/1389/1395 1556/1387/1392
f 1560/1384/1396 1558/1385/1394 1557/1382/1393
f 1557/1382/1393 1561/1383/1397 1560/1384/1396
f 1560/1384/1396 1562/1379/1398 1563/1380/1399
f 1563/1380/1399 1558/1385/1394 1560/1384/1396
f 1558/1385/1394 1563/1380/1399 1564/1386/1400
f 1564/1386/1400 1565/1388/1401 1558/1385/1394
f 1566/1390/1402 1558/1385/1394 1565/1388/1401
f 1559/1389/1395 1558/1385/1394 1566/1390/1402
f 1569/1390/1403 1567/1393/1404 1568/1389/1405
f 1570/1388/1406 1567/1393/1404 1569/1390/1403
f 1568/1389/1405 1571/1385/1407 1569/1390/1403
f 1571/1385/1407 1570/1388/1406 1569/1390/1403
f 1571/1385/1407 1568/1389/1405 1572/1387/1408
f 1573/1386/1409 1570/1388/1406 1571/1385/1407
f 1574/1382/1410 1571/1385/1407 1572/1387/1408
f 1571/1385/1407 1575/1380/1411 1573/1386/1409
f 1575/1380/1411 1571/1385/1407 1576/1384/1412
f 1576/1384/1412 1571/1385/1407 1574/1382/1410
f 1574/1382/1410 1578/1381/1413 1576/1384/1412
f 1577/1379/1414 1576/1384/1412 1578/1381/1413
f 1579/1430/1415 1580/1431/1415 1581/1432/1415
f 1580/1431/1415 1582/1433/1415 1581/1432/1415
f 1582/1433/1415 1580/1431/1415 1583/1434/1415
f 1584/1435/1415 1579/1430/1415 1581/1432/1415
f 1579/1430/1415 1584/1435/1415 1585/1436/1415
f 1579/1430/1415 1585/1436/1415 1586/1437/1415
f 1587/1438/1415 1580/1431/1415 1579/1430/1415
f 1580/1431/1415 1587/1438/1415 1588/1439/1415
f 1579/1430/1415 1589/1440/1415 1587/1438/1415
f 1589/1440/1415 1579/1430/1415 1590/1441/1415
f 1591/1442/1416 1592/1443/1417 1593/1400/1418
f 1593/1400/1418 1594/1396/859 1591/1442/1416
f 1592/1443/1417 1595/1404/1419 1593/1400/1418
f 1594/1396/859 1596/1444/1420 1591/1442/1416
f 1594/1396/859 1597/1394/1421 1596/1444/1420
f 1591/1442/1416 1596/1444/1420 1598/1439/1422
f 1597/1394/1421 1599/1445/1423 1596/1444/1420
f 1599/1445/1423 1598/1439/1422 1596/1444/1420
f 1591/1442/1416 1598/1439/1422 1600/1438/1424
f 1592/1443/1417 1591/1442/1416 1600/1438/1424
f 1598/1439/1422 1599/1445/1423 1601/1431/1425
f 1600/1438/1424 1602/1440/1426 1592/1443/1417
f 1603/1441/1427 1592/1443/1417 1602/1440/1426
f 1599/1445/1423 1597/1394/1421 1604/1397/1428
f 1599/1445/1423 1605/1434/1429 1601/1431/1425
f 1604/1397/1428 1606/1446/1430 1599/1445/1423
f 1605/1434/1429 1599/1445/1423 1606/1446/1430
f 1606/1446/1430 1604/1397/1428 1607/1403/1431
f 1608/1433/1432 1605/1434/1429 1606/1446/1430
f 1609/1407/1433 1606/1446/1430 1607/1403/1431
f 1606/1446/1430 1610/1447/1434 1608/1433/1432
f 1606/1446/1430 1609/1407/1433 1610/1447/1434
f 1611/1448/1435 1608/1433/1432 1610/1447/1434
f 1609/1407/1433 1611/1448/1435 1610/1447/1434
f 1608/1433/1432 1611/1448/1435 1612/1432/1436
f 1609/1407/1433 1613/1409/1437 1611/1448/1435
f 1611/1448/1435 1614/1435/1438 1612/1432/1436
f 1613/1409/1437 1615/1449/1439 1611/1448/1435
f 1614/1435/1438 1611/1448/1435 1615/1449/1439
f 1615/1449/1439 1613/1409/1437 1616/1413/1440
f 1615/1449/1439 1617/1436/1441 1614/1435/1438
f 1618/1416/1442 1615/1449/1439 1616/1413/1440
f 1617/1436/1441 1615/1449/1439 1619/1450/1443
f 1615/1449/1439 1618/1416/1442 1619/1450/1443
f 1620/1451/1444 1617/1436/1441 1619/1450/1443
f 1620/1451/1444 1619/1450/1443 1618/1416/1442
f 1618/1416/1442 1621/1414/1445 1620/1451/1444
f 1617/1436/1441 1620/1451/1444 1622/1437/1446
f 1623/1410/1447 1620/1451/1444 1621/1414/1445
f 1624/1452/1448 1622/1437/1446 1620/1451/1444
f 1620/1451/1444 1623/1410/1447 1624/1452/1448
f 1622/1437/1446 1624/1452/1448 1625/1430/1449
f 1595/1404/1419 1624/1452/1448 1623/1410/1447
f 1624/1452/1448 1603/1441/1427 1625/1430/1449
f 1624/1452/1448 1595/1404/1419 1626/1453/1450
f 1603/1441/1427 1624/1452/1448 1626/1453/1450
f 1595/1404/1419 1592/1443/1417 1626/1453/1450
f 1592/1443/1417 1603/1441/1427 1626/1453/1450
f 1629/1393/1451 1630/1388/1414 1628/1391/1452
f 1631/1390/1453 1627/1392/1454 1632/1389/1455
f 1633/1380/1456 1636/1385/1457 1635/1384/1458
f 1636/1385/1457 1634/1382/1459 1635/1384/1458
f 1636/1385/1457 1633/1380/1456 1637/1386/1460
f 1634/1382/1459 1636/1385/1457 1638/1387/1461
f 1630/1388/1462 1636/1385/1457 1637/1386/1460
f 1636/1385/1457 1630/1388/1462 1631/1390/1453
f 1636/1385/1457 1632/1389/1455 1638/1387/1461
f 1632/1389/1455 1636/1385/1457 1631/1390/1453
usemtl Meshpart15Mtl
f 2073/1855/1858 2074/1856/1858 2075/1857/1858
f 2076/1858/1859 2077/1859/1860 2078/1860/1860
f 2077/1859/1860 2079/1861/1861 2078/1860/1860
o Milk_&_Cookies.001
v -0.525905 -0.404503 -0.378059
v -0.525905 -0.404503 -0.378059
v -0.535926 -0.424186 -0.383845
v -0.525905 -0.404503 -0.378059
v -0.535926 -0.424186 -0.383845
v -0.722455 -0.207876 -0.208621
v -0.530865 0.217482 -0.248792
v -0.777472 -0.161715 -0.280439
v -0.458101 0.156431 -0.153807
v -0.358704 0.073034 -0.119039
v -0.647301 -0.270932 -0.182333
v -0.572147 -0.333989 -0.208619
v -0.259307 -0.010364 -0.153804
v -0.186541 -0.071416 -0.248787
v -0.517128 -0.380151 -0.280435
v -0.159906 -0.093762 -0.378536
v -0.358699 0.073032 -0.638039
v -0.557497 0.239828 -0.378542
v -0.530862 0.217481 -0.508291
v -0.458096 0.156429 -0.603274
v -0.186538 -0.071417 -0.508286
v -0.259302 -0.010365 -0.603272
v -0.358704 0.073034 -0.119039
v -0.530865 0.217482 -0.248792
v -0.458101 0.156431 -0.153807
v -0.259307 -0.010364 -0.153804
v -0.186541 -0.071416 -0.248787
v -0.530865 0.217482 -0.248792
v -0.777472 -0.161715 -0.280439
v -0.557497 0.239828 -0.378542
v -0.797608 -0.144819 -0.378543
v -0.530862 0.217481 -0.508291
v -0.777469 -0.161716 -0.476646
v -0.557497 0.239828 -0.378542
v -0.797608 -0.144819 -0.378543
v -0.517126 -0.380151 -0.476643
v -0.186538 -0.071417 -0.508286
v -0.572143 -0.333990 -0.548461
v -0.259302 -0.010365 -0.603272
v -0.358699 0.073032 -0.638039
v -0.647297 -0.270934 -0.574749
v -0.722451 -0.207877 -0.548463
v -0.458096 0.156429 -0.603274
v -0.530862 0.217481 -0.508291
v -0.777469 -0.161716 -0.476646
v -0.572143 -0.333990 -0.548461
v -0.722451 -0.207877 -0.548463
v -0.647297 -0.270934 -0.574749
v -0.517126 -0.380151 -0.476643
v -0.777472 -0.161715 -0.280439
v -0.777469 -0.161716 -0.476646
v -0.797608 -0.144819 -0.378543
v -0.722455 -0.207876 -0.208621
v -0.572147 -0.333989 -0.208619
v -0.647301 -0.270932 -0.182333
v -0.517128 -0.380151 -0.280435
v -0.496990 -0.397047 -0.378539
v -0.186541 -0.071416 -0.248787
v -0.517128 -0.380151 -0.280435
v -0.159906 -0.093762 -0.378536
v -0.496990 -0.397047 -0.378539
v -0.517126 -0.380151 -0.476643
v -0.186538 -0.071417 -0.508286
v -0.778037 -0.162157 -0.476069
v -0.367399 0.468994 -0.528663
v -0.723069 -0.208276 -0.547820
v -0.282935 0.398127 -0.638916
v -0.167557 0.301321 -0.679270
v -0.517932 -0.380392 -0.476065
v -0.647983 -0.271275 -0.574081
v 0.032282 0.133650 -0.528657
v -0.572898 -0.334273 -0.547818
v -0.052180 0.204516 -0.638912
v -0.799143 -0.166780 -0.272424
v -0.389607 0.487625 -0.210709
v -0.739905 -0.216483 -0.195095
v -0.295761 0.408885 -0.088203
v -0.167564 0.301324 -0.043361
v -0.658984 -0.284378 -0.166789
v -0.578062 -0.352274 -0.195093
v -0.039366 0.193762 -0.088199
v 0.054482 0.115021 -0.210702
v -0.518823 -0.401977 -0.272420
v -0.167564 0.301324 -0.076830
v -0.295761 0.408885 -0.088203
v -0.167564 0.301324 -0.043361
v -0.039366 0.193762 -0.088199
v -0.282941 0.398129 -0.117188
v -0.052185 0.204518 -0.117185
v -0.367402 0.468995 -0.227443
v 0.054482 0.115021 -0.210702
v -0.389607 0.487625 -0.210709
v 0.032278 0.133651 -0.227437
v -0.398316 0.494933 -0.378054
v 0.063195 0.107712 -0.378047
v -0.423956 0.516446 -0.378054
v 0.088835 0.086199 -0.378046
v -0.389603 0.487624 -0.545398
v 0.054486 0.115020 -0.545391
v -0.367399 0.468994 -0.528663
v 0.032282 0.133650 -0.528657
v -0.282935 0.398127 -0.638916
v -0.039359 0.193760 -0.667897
v -0.295755 0.408883 -0.667901
v -0.052180 0.204516 -0.638912
v -0.167557 0.301321 -0.679270
v -0.167557 0.301321 -0.712739
v -0.723069 -0.208276 -0.547820
v -0.517935 -0.380391 -0.280038
v -0.572898 -0.334273 -0.547818
v -0.647983 -0.271275 -0.574081
v -0.517932 -0.380392 -0.476065
v -0.497814 -0.397272 -0.378051
v -0.778037 -0.162157 -0.476069
v -0.778039 -0.162156 -0.280042
v -0.798157 -0.145276 -0.378055
v -0.572902 -0.334272 -0.208287
v -0.723073 -0.208274 -0.208289
v -0.647988 -0.271273 -0.182025
v 0.032278 0.133651 -0.227437
v -0.517935 -0.380391 -0.280038
v 0.063195 0.107712 -0.378047
v -0.497814 -0.397272 -0.378051
v -0.517932 -0.380392 -0.476065
v 0.032282 0.133650 -0.528657
v -0.799140 -0.166781 -0.483687
v -0.423956 0.516446 -0.378054
v -0.389603 0.487624 -0.545398
v -0.820825 -0.148588 -0.378056
v -0.799143 -0.166780 -0.272424
v -0.389607 0.487625 -0.210709
v -0.282941 0.398129 -0.117188
v -0.723073 -0.208274 -0.208289
v -0.367402 0.468995 -0.227443
v -0.167564 0.301324 -0.076830
v -0.647988 -0.271273 -0.182025
v -0.572902 -0.334272 -0.208287
v -0.052185 0.204518 -0.117185
v 0.032278 0.133651 -0.227437
v -0.517935 -0.380391 -0.280038
v -0.799140 -0.166781 -0.483687
v -0.389603 0.487624 -0.545398
v -0.739901 -0.216485 -0.561014
v -0.295755 0.408883 -0.667901
v -0.167557 0.301321 -0.712739
v -0.658979 -0.284380 -0.589317
v -0.578058 -0.352275 -0.561012
v -0.039359 0.193760 -0.667897
v 0.054486 0.115020 -0.545391
v -0.518820 -0.401978 -0.483683
v -0.739905 -0.216483 -0.195095
v -0.518823 -0.401977 -0.272420
v -0.578062 -0.352274 -0.195093
v -0.658984 -0.284378 -0.166789
v -0.518820 -0.401978 -0.483683
v -0.799140 -0.166781 -0.483687
v -0.799143 -0.166780 -0.272424
v -0.820825 -0.148588 -0.378056
v -0.739901 -0.216485 -0.561014
v -0.578058 -0.352275 -0.561012
v -0.658979 -0.284380 -0.589317
v -0.723073 -0.208274 -0.208289
v -0.367402 0.468995 -0.227443
v -0.778039 -0.162156 -0.280042
v -0.398316 0.494933 -0.378054
v -0.798157 -0.145276 -0.378055
v -0.778037 -0.162157 -0.476069
v -0.367399 0.468994 -0.528663
v 0.054486 0.115020 -0.545391
v -0.518820 -0.401978 -0.483683
v 0.088835 0.086199 -0.378046
v 0.054482 0.115021 -0.210702
v -0.518823 -0.401977 -0.272420
vn -0.4713 0.2121 0.8561
vn -0.7480 0.4409 0.4961
vn -0.0864 -0.1100 0.9902
vn -0.0865 -0.1100 0.9902
vn 0.2910 -0.4247 0.8573
vn 0.5655 -0.6598 0.4949
vn 0.6456 0.7637 -0.0000
vn 0.6455 0.7637 -0.0000
vn -0.8498 0.5272 0.0001
vn -0.7480 0.4410 0.4959
vn -0.7480 0.4410 0.4960
vn -0.7480 0.4410 -0.4960
vn -0.8498 0.5272 -0.0001
vn 0.5655 -0.6598 -0.4949
vn 0.2909 -0.4247 -0.8573
vn -0.0864 -0.1100 -0.9902
vn -0.0865 -0.1100 -0.9902
vn -0.4712 0.2121 -0.8561
vn -0.4712 0.2120 -0.8562
vn -0.7480 0.4409 -0.4961
vn -0.6456 -0.7637 -0.0000
vn -0.6455 -0.7637 -0.0000
vn 0.5656 -0.6598 0.4948
vn 0.6707 -0.7418 -0.0000
vn 0.6707 -0.7417 -0.0000
vn 0.5656 -0.6598 -0.4947
vn 0.4712 -0.2121 0.8561
vn 0.7480 -0.4409 0.4961
vn 0.4713 -0.2121 0.8561
vn 0.0865 0.1100 0.9902
vn -0.2909 0.4247 0.8573
vn -0.5655 0.6598 0.4949
vn -0.2910 0.4247 0.8573
vn -0.7565 0.4255 0.4966
vn -0.4789 0.1962 0.8557
vn -0.1027 -0.1186 0.9876
vn -0.1027 -0.1185 0.9876
vn 0.2747 -0.4394 0.8553
vn 0.2746 -0.4394 0.8553
vn 0.5517 -0.6700 0.4967
vn -0.6707 0.7417 -0.0000
vn -0.5656 0.6598 -0.4948
vn -0.6707 0.7418 -0.0000
vn -0.5656 0.6598 0.4947
vn -0.7566 0.4256 -0.4964
vn -0.8587 0.5125 -0.0000
vn -0.7566 0.4256 0.4964
vn 0.4713 -0.2121 -0.8561
vn 0.4712 -0.2120 -0.8562
vn 0.7480 -0.4409 -0.4961
vn 0.0864 0.1100 -0.9902
vn 0.0865 0.1100 -0.9902
vn -0.2909 0.4247 -0.8573
vn -0.5655 0.6598 -0.4949
vn -0.5655 0.6597 -0.4949
vn -0.7565 0.4255 -0.4966
vn -0.4789 0.1962 -0.8557
vn -0.1026 -0.1263 -0.9867
vn 0.2747 -0.4394 -0.8553
vn 0.2746 -0.4394 -0.8553
vn 0.5517 -0.6700 -0.4967
vn 0.5518 -0.6700 -0.4967
vn 0.7480 -0.4410 -0.4960
vn 0.7480 -0.4409 -0.4960
vn 0.8498 -0.5271 -0.0000
vn 0.8497 -0.5272 -0.0000
vn 0.7480 -0.4410 0.4960
vn 0.6538 -0.7566 -0.0000
vn 0.5518 -0.6701 -0.4965
vn 0.5518 -0.6700 -0.4965
vn 0.5518 -0.6701 0.4965
vn 0.5518 -0.6700 0.4965
vt 33.901901 -47.224499
vt 33.775299 -46.775501
vt 33.830101 -47.224499
vt 33.870300 -46.775501
vt 34.000000 -46.775501
vt 34.000000 -47.224499
vt 34.098099 -47.224499
vt 34.129700 -46.775501
vt 34.224701 -46.775501
vt 34.169899 -47.224499
vt 34.000000 -47.259499
vt 34.259499 -47.000000
vt 34.000000 -46.740501
vt 34.129700 -46.775299
vt 34.224701 -46.870300
vt 34.129700 -47.224701
vt 34.224701 -47.129700
vt 33.740501 -47.000000
vt 33.870300 -46.775299
vt 33.775299 -46.870300
vt 33.775299 -47.129700
vt 33.870300 -47.224701
vt 33.830101 -47.098099
vt 33.830101 -46.901901
vt 33.803799 -47.000000
vt 33.901901 -47.169899
vt 34.098099 -46.830101
vt 33.901901 -46.830101
vt 34.000000 -46.803799
vt 34.169899 -46.901901
vt 34.169899 -47.098099
vt 34.196201 -47.000000
vt 34.098099 -47.169899
vt 34.000000 -47.196201
vt 39.902000 -47.365200
vt 39.739101 -46.617699
vt 39.830200 -47.365200
vt 39.849400 -46.617699
vt 40.000000 -46.617699
vt 40.000000 -47.365200
vt 40.098000 -47.365200
vt 40.169800 -47.365200
vt 40.260899 -46.617699
vt 40.150600 -46.617699
vt 39.710201 -46.617699
vt 39.817001 -47.382301
vt 39.894402 -47.382301
vt 39.832699 -46.617699
vt 40.000000 -47.382301
vt 40.105598 -47.382301
vt 40.167301 -46.617699
vt 40.289799 -46.617699
vt 40.182999 -47.382301
vt 39.698799 -47.000000
vt 39.710201 -46.832699
vt 39.665298 -47.000000
vt 39.710201 -47.167301
vt 39.739101 -46.849400
vt 39.739101 -47.150600
vt 39.849400 -46.739101
vt 39.832699 -47.289799
vt 39.832699 -46.710201
vt 39.849400 -47.260899
vt 40.000000 -46.698799
vt 40.000000 -47.301201
vt 40.000000 -46.665298
vt 40.000000 -47.334702
vt 40.167301 -46.710201
vt 40.167301 -47.289799
vt 40.150600 -46.739101
vt 40.150600 -47.260899
vt 40.260899 -46.849400
vt 40.289799 -47.167301
vt 40.289799 -46.832699
vt 40.260899 -47.150600
vt 40.301201 -47.000000
vt 40.334702 -47.000000
vt 40.169800 -46.902000
vt 39.902000 -47.169800
vt 40.169800 -47.098000
vt 40.195999 -47.000000
vt 40.098000 -47.169800
vt 40.000000 -47.195999
vt 40.098000 -46.830200
vt 39.902000 -46.830200
vt 40.000000 -46.804001
vt 39.830200 -47.098000
vt 39.830200 -46.902000
vt 39.804001 -47.000000
vt 40.182999 -46.894402
vt 40.105598 -47.182999
vt 40.182999 -47.105598
vt 40.211300 -47.000000
vt 39.894402 -47.182999
vt 39.894402 -46.817001
vt 40.105598 -46.817001
vt 40.000000 -46.788700
vt 39.817001 -46.894402
vt 39.817001 -47.105598
vt 39.788700 -47.000000
s 1
usemtl Meshpart12Mtl
f 2085/1862/1862 2086/1863/1863 2087/1864/1863
f 2086/1863/1863 2085/1862/1862 2088/1865/1862
f 2085/1862/1862 2089/1866/1864 2088/1865/1862
f 2089/1866/1864 2085/1862/1862 2090/1867/1865
f 2091/1868/1866 2089/1866/1864 2090/1867/1865
f 2091/1868/1866 2092/1869/1866 2089/1866/1864
f 2091/1868/1866 2093/1870/1867 2092/1869/1866
f 2093/1870/1867 2091/1868/1866 2094/1871/1867
f 2095/1872/1868 2096/1873/1868 2097/1874/1868
f 2096/1873/1868 2098/1875/1868 2097/1874/1868
f 2098/1875/1868 2096/1873/1868 2099/1876/1869
f 2100/1877/1869 2096/1873/1868 2095/1872/1868
f 2096/1873/1868 2100/1877/1869 2101/1878/1868
f 2095/1872/1868 2097/1874/1868 2102/1879/1868
f 2103/1880/1868 2102/1879/1868 2097/1874/1868
f 2102/1879/1868 2103/1880/1868 2104/1881/1868
f 2105/1882/1868 2095/1872/1868 2102/1879/1868
f 2095/1872/1868 2105/1882/1868 2106/1883/1868
f 2109/1866/1870 2108/1868/1871 2107/1869/1872
f 2108/1868/1871 2109/1866/1870 2110/1867/1870
f 2112/1862/1873 2113/1866/1874 2111/1865/1873
f 2113/1866/1874 2112/1862/1873 2114/1867/1874
f 2116/1863/1875 2115/1864/1875 2117/1862/1876
f 2117/1862/1876 2118/1865/1876 2116/1863/1875
f 2117/1862/1876 2119/1866/1877 2118/1865/1876
f 2119/1866/1877 2117/1862/1876 2120/1867/1878
f 2119/1866/1877 2120/1867/1878 2121/1868/1879
f 2119/1866/1877 2121/1868/1879 2122/1869/1880
f 2121/1868/1879 2123/1870/1881 2122/1869/1880
f 2123/1870/1881 2121/1868/1879 2124/1871/1881
f 2125/1884/1882 2126/1885/1882 2127/1886/1882
f 2128/1887/1883 2126/1885/1882 2125/1884/1882
f 2126/1885/1882 2128/1887/1883 2129/1888/1882
f 2126/1885/1882 2129/1888/1882 2130/1889/1882
f 2130/1889/1882 2129/1888/1882 2131/1890/1882
f 2128/1887/1883 2132/1891/1883 2129/1888/1882
f 2132/1891/1883 2128/1887/1883 2133/1892/1882
f 2132/1891/1883 2133/1892/1882 2134/1893/1882
f 2133/1892/1882 2128/1887/1883 2135/1894/1882
f 2135/1894/1882 2128/1887/1883 2136/1895/1882
f 2138/1862/1884 2139/1866/1885 2137/1865/1884
f 2139/1866/1885 2138/1862/1884 2140/1867/1886
f 2139/1866/1885 2140/1867/1886 2141/1868/1887
f 2141/1868/1887 2142/1869/1887 2139/1866/1885
usemtl Meshpart15Mtl
f 2145/1896/1888 2144/1897/1889 2143/1898/1889
f 2144/1897/1889 2145/1896/1888 2146/1899/1890
f 2146/1899/1890 2145/1896/1888 2147/1900/1891
f 2149/1901/1891 2147/1900/1891 2145/1896/1888
f 2151/1902/1892 2147/1900/1891 2149/1901/1891
f 2148/1903/1893 2150/1904/1893 2151/1902/1892
f 2147/1900/1891 2151/1902/1892 2152/1905/1894
f 2150/1904/1893 2152/1905/1894 2151/1902/1892
f 2154/1906/1895 2153/1907/1895 2155/1908/1896
f 2155/1908/1896 2156/1909/1896 2154/1906/1895
f 2155/1908/1896 2157/1900/1897 2156/1909/1896
f 2157/1900/1897 2155/1908/1896 2158/1910/1898
f 2159/1911/1899 2157/1900/1897 2158/1910/1898
f 2159/1911/1899 2160/1912/1900 2157/1900/1897
f 2159/1911/1899 2161/1913/1901 2160/1912/1900
f 2161/1913/1901 2159/1911/1899 2162/1914/1901
f 2163/1915/1868 2164/1916/1868 2165/1917/1869
f 2166/1918/1868 2163/1915/1868 2165/1917/1869
f 2164/1916/1868 2163/1915/1868 2167/1919/1868
f 2163/1915/1868 2166/1918/1868 2168/1920/1869
f 2169/1921/1868 2164/1916/1868 2167/1919/1868
f 2170/1922/1868 2168/1920/1869 2166/1918/1868
f 2164/1916/1868 2169/1921/1868 2171/1923/1868
f 2168/1920/1869 2170/1922/1868 2172/1924/1869
f 2173/1925/1868 2171/1923/1868 2169/1921/1868
f 2174/1926/1868 2172/1924/1869 2170/1922/1868
f 2171/1923/1868 2173/1925/1868 2175/1927/1868
f 2170/1922/1868 2176/1928/1868 2174/1926/1868
f 2173/1925/1868 2177/1929/1868 2175/1927/1868
f 2178/1930/1868 2174/1926/1868 2176/1928/1868
f 2177/1929/1868 2173/1925/1868 2179/1931/1868
f 2174/1926/1868 2178/1930/1868 2180/1932/1869
f 2181/1933/1868 2177/1929/1868 2179/1931/1868
f 2182/1934/1868 2180/1932/1869 2178/1930/1868
f 2177/1929/1868 2181/1933/1868 2183/1935/1868
f 2180/1932/1869 2182/1934/1868 2184/1936/1868
f 2185/1937/1868 2183/1935/1868 2181/1933/1868
f 2185/1937/1868 2184/1936/1868 2182/1934/1868
f 2183/1935/1868 2185/1937/1868 2186/1938/1869
f 2182/1934/1868 2186/1938/1869 2185/1937/1868
f 2187/1939/1868 2188/1940/1868 2189/1941/1868
f 2187/1939/1868 2189/1941/1868 2190/1942/1868
f 2189/1941/1868 2188/1940/1868 2191/1943/1868
f 2191/1943/1868 2188/1940/1868 2192/1944/1868
f 2188/1940/1868 2187/1939/1868 2193/1945/1869
f 2194/1946/1868 2188/1940/1868 2193/1945/1869
f 2194/1946/1868 2193/1945/1869 2195/1947/1869
f 2188/1940/1868 2194/1946/1868 2196/1948/1868
f 2196/1948/1868 2194/1946/1868 2197/1949/1868
f 2196/1948/1868 2197/1949/1868 2198/1950/1868
f 2201/1900/1902 2200/1902/1903 2199/1905/1903
f 2200/1902/1903 2201/1900/1902 2202/1901/1904
f 2202/1901/1904 2201/1900/1902 2203/1896/1905
f 2201/1900/1902 2204/1899/1905 2203/1896/1905
f 2205/1908/1906 2206/1900/1907 2207/1909/1906
f 2206/1900/1907 2205/1908/1906 2208/1910/1907
f 2206/1900/1907 2208/1910/1907 2209/1911/1908
f 2209/1911/1908 2210/1912/1908 2206/1900/1907
f 2211/1905/1909 2212/1902/1910 2213/1904/1911
f 2214/1900/1912 2212/1902/1910 2211/1905/1909
f 2212/1902/1910 2214/1900/1912 2215/1901/1913
f 2214/1900/1912 2216/1896/1914 2215/1901/1913
f 2216/1896/1914 2214/1900/1912 2217/1899/1914
f 2218/1897/1915 2216/1896/1914 2217/1899/1914
f 2216/1896/1914 2218/1897/1915 2219/1898/1916
f 2221/1913/1917 2222/1911/1918 2220/1914/1917
f 2222/1911/1918 2221/1913/1917 2223/1912/1918
f 2224/1900/1919 2222/1911/1918 2223/1912/1918
f 2224/1900/1919 2225/1910/1919 2222/1911/1918
f 2224/1900/1919 2226/1908/1920 2225/1910/1919
f 2226/1908/1920 2224/1900/1919 2227/1909/1921
f 2228/1906/1922 2226/1908/1920 2227/1909/1921
f 2226/1908/1920 2228/1906/1922 2229/1907/1923
f 2230/1951/1882 2231/1952/1882 2232/1953/1882
f 2230/1951/1882 2232/1953/1882 2233/1954/1882
f 2234/1955/1883 2231/1952/1882 2230/1951/1882
f 2230/1951/1882 2235/1956/1882 2234/1955/1883
f 2236/1957/1882 2235/1956/1882 2230/1951/1882
f 2235/1956/1882 2236/1957/1882 2237/1958/1882
f 2234/1955/1883 2235/1956/1882 2238/1959/1882
f 2238/1959/1882 2239/1960/1882 2234/1955/1883
f 2239/1960/1882 2238/1959/1882 2240/1961/1882
f 2242/1899/1924 2241/1898/1909 2243/1896/1925
f 2243/1896/1925 2244/1900/1926 2242/1899/1924
f 2244/1900/1926 2243/1896/1925 2245/1901/1927
f 2246/1902/1928 2244/1900/1926 2245/1901/1927
f 2244/1900/1926 2246/1902/1928 2247/1905/1928
f 2250/1900/1929 2249/1911/1930 2248/1912/1931
f 2252/1908/1932 2250/1900/1929 2251/1909/1933
l 2081 2082
