# Blender 5.1.2
# www.blender.org
mtllib Festive Buzzsaw 2.mtl
o Festive_Buzzsaw
v 1.504607 0.042738 0.017514
v 1.504812 0.065801 0.004968
v 1.491095 0.065381 0.029488
v 1.503645 0.042814 0.042464
v 1.502887 0.065950 0.054870
v 1.503092 0.089013 0.042324
v 1.504056 0.088938 0.017373
v 2.584048 -0.835107 0.041826
v 2.575002 -0.815167 0.037666
v 2.589653 -0.747594 0.046288
v 2.589042 -0.747868 0.064930
v 2.583239 -0.835462 0.066780
v 2.573919 -0.815645 0.070915
v 2.561894 1.049257 0.072345
v 2.562648 1.049419 0.047387
v 2.568677 0.962136 0.068868
v 2.569230 0.962254 0.050223
v 2.552819 1.028740 0.076120
v 2.553809 1.028952 0.042866
v 1.821138 0.715098 0.027362
v 1.820415 0.715341 0.052319
v 1.830473 0.739697 0.039915
v 1.840318 0.732048 0.015275
v 1.838842 0.732529 0.065189
v 1.831826 0.695728 0.023670
v 1.830838 0.696047 0.056924
v 3.269242 0.730412 0.067116
v 3.268666 0.730367 0.085761
v 3.313600 0.788711 0.061234
v 3.312549 0.788630 0.094487
v 1.849857 -0.578037 0.036654
v 1.859767 -0.569755 0.012061
v 1.857786 -0.570108 0.061960
v 1.840088 -0.554243 0.023970
v 1.839097 -0.554420 0.048920
v 1.850327 -0.534084 0.020295
v 1.849005 -0.534318 0.053538
v 3.317579 -0.518097 0.091133
v 3.318388 -0.518187 0.057873
v 3.274256 -0.462419 0.063982
v 3.273792 -0.462369 0.082629
v 1.605502 0.087041 0.023984
v 1.604784 0.087097 0.042624
v 1.526358 0.097617 0.047244
v 1.503092 0.089013 0.042324
v 1.527640 0.097516 0.013999
v 1.504056 0.088938 0.017373
v 2.615621 1.050803 0.073872
v 2.588381 1.049950 0.085587
v 2.561894 1.049257 0.072345
v 2.589149 1.061087 0.060694
v 2.562648 1.049419 0.047387
v 2.616375 1.050963 0.048914
v 2.589889 1.050271 0.035672
v 3.694910 0.172617 0.098262
v 3.695640 0.172582 0.073304
v 3.593464 0.163848 0.092294
v 3.594002 0.163822 0.073648
v 3.671277 0.179628 0.101751
v 3.672235 0.179581 0.068495
v 1.830473 0.739697 0.039915
v 1.840318 0.732048 0.015275
v 1.838842 0.732529 0.065189
v 1.858745 0.749236 0.028144
v 1.858007 0.749478 0.053101
v 1.881922 0.741215 0.024713
v 1.880948 0.741536 0.057967
v 3.364040 0.790433 0.079355
v 3.354209 0.782351 0.104029
v 3.355787 0.782471 0.054115
v 3.313600 0.788711 0.061234
v 3.312549 0.788630 0.094487
v 3.335641 0.798177 0.091032
v 3.336422 0.798236 0.066075
v 1.915824 -0.493703 0.030114
v 1.915089 -0.493834 0.048753
v 1.850327 -0.534084 0.020295
v 1.849005 -0.534318 0.053538
v 3.302679 -0.437185 0.064635
v 3.302215 -0.437136 0.083283
v 3.369073 -0.473184 0.059037
v 3.368264 -0.473094 0.092297
v 1.504607 0.042738 0.017514
v 1.528650 0.066688 -0.002531
v 1.528375 0.035959 0.014185
v 1.504812 0.065801 0.004968
v 1.605916 0.052526 0.024088
v 1.606069 0.069756 0.014716
v 1.605502 0.087041 0.023984
v 1.527640 0.097516 0.013999
v 1.504056 0.088938 0.017373
v 2.611327 -0.813538 0.022114
v 2.637773 -0.833020 0.043437
v 2.611306 -0.833874 0.030155
v 2.584048 -0.835107 0.041826
v 2.575002 -0.815167 0.037666
v 2.646585 -0.812387 0.039812
v 2.589653 -0.747594 0.046288
v 2.610013 -0.746681 0.037568
v 2.629791 -0.746039 0.047490
v 2.562648 1.049419 0.047387
v 2.616375 1.050963 0.048914
v 2.589889 1.050271 0.035672
v 2.590115 1.030088 0.027256
v 2.625400 1.031010 0.044901
v 2.609368 0.963408 0.051364
v 2.589591 0.962892 0.041470
v 2.569230 0.962254 0.050223
v 2.553809 1.028952 0.042866
v 3.695640 0.172582 0.073304
v 3.695573 0.126362 0.073346
v 3.695964 0.149454 0.060845
v 3.672675 0.148765 0.051895
v 3.672157 0.117997 0.068552
v 3.593963 0.129291 0.073681
v 3.594260 0.146544 0.064340
v 3.594002 0.163822 0.073648
v 3.672235 0.179581 0.068495
v 1.821138 0.715098 0.027362
v 1.840318 0.732048 0.015275
v 1.857361 0.718310 0.007564
v 1.831826 0.695728 0.023670
v 1.858745 0.749236 0.028144
v 1.898320 0.660499 0.033148
v 1.912648 0.673164 0.024119
v 1.926421 0.686007 0.033734
v 1.881922 0.741215 0.024713
v 3.374369 0.766647 0.067113
v 3.355787 0.782471 0.054115
v 3.364143 0.746616 0.062616
v 3.297601 0.706811 0.067891
v 3.339396 0.767703 0.045298
v 3.283710 0.718632 0.058180
v 3.269242 0.730412 0.067116
v 3.313600 0.788711 0.061234
v 3.336422 0.798236 0.066075
v 1.878472 -0.585441 0.025102
v 1.859767 -0.569755 0.012061
v 1.876563 -0.554748 0.004426
v 1.901471 -0.575650 0.021801
v 1.840088 -0.554243 0.023970
v 1.944501 -0.517009 0.030958
v 1.930530 -0.505291 0.021216
v 1.915824 -0.493703 0.030114
v 1.850327 -0.534084 0.020295
v 3.341224 -0.526393 0.062605
v 3.360552 -0.509538 0.050561
v 3.318388 -0.518187 0.057873
v 3.274256 -0.462419 0.063982
v 3.344135 -0.495729 0.041825
v 3.288684 -0.449827 0.054983
v 3.302679 -0.437185 0.064635
v 3.369073 -0.473184 0.059037
v 3.379270 -0.492616 0.063479
v 2.637773 -0.833020 0.043437
v 2.636966 -0.833389 0.068391
v 2.646585 -0.812387 0.039812
v 2.629791 -0.746039 0.047490
v 2.629180 -0.746313 0.066134
v 2.645504 -0.812878 0.073062
v 2.615621 1.050803 0.073872
v 2.616375 1.050963 0.048914
v 2.625400 1.031010 0.044901
v 2.624395 1.030797 0.078155
v 2.608816 0.963289 0.070009
v 2.609368 0.963408 0.051364
v 3.694843 0.126396 0.098305
v 3.694504 0.149522 0.110763
v 3.694910 0.172617 0.098262
v 3.707995 0.149855 0.086158
v 3.695640 0.172582 0.073304
v 3.695573 0.126362 0.073346
v 3.695964 0.149454 0.060845
v 1.926421 0.686007 0.033734
v 1.925865 0.686185 0.052379
v 1.881922 0.741215 0.024713
v 1.880948 0.741536 0.057967
v 3.373574 0.766586 0.092069
v 3.374369 0.766647 0.067113
v 3.364040 0.790433 0.079355
v 3.354209 0.782351 0.104029
v 3.355787 0.782471 0.054115
v 3.363107 0.746540 0.095870
v 3.364143 0.746616 0.062616
v 1.901471 -0.575650 0.021801
v 1.900146 -0.575885 0.055046
v 1.944501 -0.517009 0.030958
v 1.943766 -0.517141 0.049599
v 3.368953 -0.516973 0.075761
v 3.359330 -0.509404 0.100485
v 3.360552 -0.509538 0.050561
v 3.369073 -0.473184 0.059037
v 3.368264 -0.473094 0.092297
v 3.378659 -0.492548 0.088441
v 3.379270 -0.492616 0.063479
v 1.504607 0.042738 0.017514
v 1.528375 0.035959 0.014185
v 1.503645 0.042814 0.042464
v 1.527095 0.036059 0.047432
v 1.605196 0.052581 0.042729
v 1.605916 0.052526 0.024088
v 2.637773 -0.833020 0.043437
v 2.611306 -0.833874 0.030155
v 2.610639 -0.845216 0.054971
v 2.584048 -0.835107 0.041826
v 2.636966 -0.833389 0.068391
v 2.609691 -0.834610 0.080062
v 2.583239 -0.835462 0.066780
v 3.694843 0.126396 0.098305
v 3.695573 0.126362 0.073346
v 3.672157 0.117997 0.068552
v 3.671184 0.118042 0.101808
v 3.593410 0.129317 0.092326
v 3.593963 0.129291 0.073681
v 1.831826 0.695728 0.023670
v 1.830838 0.696047 0.056924
v 1.898320 0.660499 0.033148
v 1.897779 0.660680 0.051795
v 3.363107 0.746540 0.095870
v 3.364143 0.746616 0.062616
v 3.297601 0.706811 0.067891
v 3.297009 0.706766 0.086536
v 1.878472 -0.585441 0.025102
v 1.877474 -0.585617 0.050051
v 1.849857 -0.578037 0.036654
v 1.859767 -0.569755 0.012061
v 1.857786 -0.570108 0.061960
v 1.901471 -0.575650 0.021801
v 1.900146 -0.575885 0.055046
v 3.340613 -0.526326 0.087567
v 3.341224 -0.526393 0.062605
v 3.368953 -0.516973 0.075761
v 3.359330 -0.509404 0.100485
v 3.360552 -0.509538 0.050561
v 3.317579 -0.518097 0.091133
v 3.318388 -0.518187 0.057873
v 1.503645 0.042814 0.042464
v 1.527095 0.036059 0.047432
v 1.605196 0.052581 0.042729
v 1.526085 0.066888 0.063961
v 1.604631 0.069867 0.051997
v 1.604784 0.087097 0.042624
v 1.502887 0.065950 0.054870
v 1.526358 0.097617 0.047244
v 1.503092 0.089013 0.042324
v 2.636966 -0.833389 0.068391
v 2.609691 -0.834610 0.080062
v 2.629180 -0.746313 0.066134
v 2.645504 -0.812878 0.073062
v 2.609179 -0.814507 0.088613
v 2.608820 -0.747226 0.074854
v 2.589042 -0.747868 0.064930
v 2.583239 -0.835462 0.066780
v 2.573919 -0.815645 0.070915
v 2.588105 1.029660 0.093765
v 2.615621 1.050803 0.073872
v 2.588381 1.049950 0.085587
v 2.561894 1.049257 0.072345
v 2.624395 1.030797 0.078155
v 2.608816 0.963289 0.070009
v 2.588455 0.962651 0.078762
v 2.568677 0.962136 0.068868
v 2.552819 1.028740 0.076120
v 3.670744 0.148858 0.118408
v 3.694843 0.126396 0.098305
v 3.694504 0.149522 0.110763
v 3.694910 0.172617 0.098262
v 3.671184 0.118042 0.101808
v 3.593410 0.129317 0.092326
v 3.593168 0.146595 0.101634
v 3.593464 0.163848 0.092294
v 3.671277 0.179628 0.101751
v 1.820415 0.715341 0.052319
v 1.838842 0.732529 0.065189
v 1.858007 0.749478 0.053101
v 1.855399 0.718950 0.074072
v 1.830838 0.696047 0.056924
v 1.897779 0.660680 0.051795
v 1.911552 0.673523 0.061410
v 1.925865 0.686185 0.052379
v 1.880948 0.741536 0.057967
v 3.373574 0.766586 0.092069
v 3.354209 0.782351 0.104029
v 3.337295 0.767544 0.111806
v 3.363107 0.746540 0.095870
v 3.297009 0.706766 0.086536
v 3.282542 0.718544 0.095472
v 3.268666 0.730367 0.085761
v 3.312549 0.788630 0.094487
v 3.335641 0.798177 0.091032
v 1.877474 -0.585617 0.050051
v 1.857786 -0.570108 0.061960
v 1.839097 -0.554420 0.048920
v 1.873913 -0.555219 0.070914
v 1.900146 -0.575885 0.055046
v 1.943766 -0.517141 0.049599
v 1.929059 -0.505553 0.058496
v 1.915089 -0.493834 0.048753
v 1.849005 -0.534318 0.053538
v 3.340613 -0.526326 0.087567
v 3.359330 -0.509404 0.100485
v 3.342517 -0.495550 0.108345
v 3.317579 -0.518097 0.091133
v 3.273792 -0.462369 0.082629
v 3.287787 -0.449726 0.092281
v 3.302215 -0.437136 0.083283
v 3.368264 -0.473094 0.092297
v 3.378659 -0.492548 0.088441
v 1.793197 0.476256 0.016075
v 1.791955 0.476115 0.065616
v 1.673661 0.073592 0.011933
v 1.672419 0.073451 0.061473
v 1.802123 -0.319632 0.014036
v 1.800881 -0.319772 0.063577
v 2.144171 -0.598050 0.021821
v 2.142929 -0.598191 0.071362
v 3.053045 0.815560 0.098202
v 2.590311 0.904713 0.037281
v 2.589068 0.904572 0.086821
v 2.128720 0.780467 0.025353
v 3.054287 0.815700 0.048662
v 2.127477 0.780326 0.074894
v 1.793197 0.476256 0.016075
v 1.791955 0.476115 0.065616
v 2.590311 0.904713 0.037281
v 1.793197 0.476256 0.016075
v 2.128720 0.780467 0.025353
v 3.054287 0.815700 0.048662
v 3.524797 0.144058 0.058550
v 3.396342 0.537283 0.056447
v 3.405261 -0.258605 0.054408
v 2.608147 -0.687063 0.033202
v 3.069739 -0.562817 0.045130
v 1.673661 0.073592 0.011933
v 2.144171 -0.598050 0.021821
v 1.802123 -0.319632 0.014036
v 3.053045 0.815560 0.098202
v 3.054287 0.815700 0.048662
v 3.395100 0.537142 0.105988
v 3.396342 0.537283 0.056447
v 3.523554 0.143917 0.108091
v 3.524797 0.144058 0.058550
v 3.404018 -0.258746 0.103948
v 3.405261 -0.258605 0.054408
v 3.404018 -0.258746 0.103948
v 3.405261 -0.258605 0.054408
v 3.068496 -0.562958 0.094670
v 2.144171 -0.598050 0.021821
v 3.069739 -0.562817 0.045130
v 2.142929 -0.598191 0.071362
v 2.606905 -0.687204 0.082743
v 2.608147 -0.687063 0.033202
v 1.791955 0.476115 0.065616
v 3.053045 0.815560 0.098202
v 2.589068 0.904572 0.086821
v 2.127477 0.780326 0.074894
v 3.523554 0.143917 0.108091
v 3.395100 0.537142 0.105988
v 3.404018 -0.258746 0.103948
v 2.606905 -0.687204 0.082743
v 3.068496 -0.562958 0.094670
v 1.672419 0.073451 0.061473
v 2.142929 -0.598191 0.071362
v 1.800881 -0.319772 0.063577
v 1.730626 -0.339263 0.044592
v 1.751395 -0.368868 0.045225
v 1.740628 -0.354100 0.054386
v 1.752162 -0.368798 0.026269
v 1.731390 -0.339193 0.025637
v 1.742160 -0.353960 0.016476
v 1.602161 0.086909 0.042582
v 1.602581 0.051810 0.042689
v 1.602006 0.069389 0.052114
v 1.602892 0.086852 0.023627
v 1.603313 0.051754 0.023733
v 1.603468 0.069274 0.014202
v 1.740851 0.518676 0.047287
v 1.720809 0.487491 0.046893
v 1.730518 0.503161 0.056570
v 1.741489 0.518523 0.028329
v 1.721438 0.487336 0.027933
v 1.731774 0.502853 0.018652
v 2.113627 -0.649105 0.020114
v 2.092546 -0.645453 0.033822
v 2.090822 -0.639052 0.031378
v 2.089906 -0.639295 0.055215
v 2.110692 -0.653446 0.024865
v 2.091825 -0.645644 0.052777
v 2.111810 -0.649590 0.067787
v 2.109235 -0.653831 0.062776
v 1.747190 -0.351339 0.011773
v 1.731390 -0.339193 0.025637
v 1.733649 -0.332769 0.023292
v 1.742160 -0.353960 0.016476
v 1.730626 -0.339263 0.044592
v 1.732685 -0.332857 0.047129
v 1.745264 -0.351516 0.059443
v 1.740628 -0.354100 0.054386
v 1.603468 0.069274 0.014202
v 1.608547 0.091581 0.021362
v 1.609271 0.069477 0.009511
v 1.602892 0.086852 0.023627
v 1.603313 0.051754 0.023733
v 1.607628 0.091652 0.045200
v 1.609074 0.047444 0.021497
v 1.602161 0.086909 0.042582
v 1.602581 0.051810 0.042689
v 1.602006 0.069389 0.052114
v 1.608156 0.047517 0.045334
v 1.607433 0.069621 0.057185
v 2.584348 -0.745203 0.043451
v 2.589581 -0.749866 0.045989
v 2.583582 -0.745552 0.067292
v 2.588977 -0.750142 0.064946
v 1.736828 0.500587 0.013935
v 1.731774 0.502853 0.018652
v 1.721438 0.487336 0.027933
v 1.735250 0.500975 0.061616
v 1.723829 0.481076 0.025607
v 1.730518 0.503161 0.056570
v 1.720809 0.487491 0.046893
v 1.723040 0.481270 0.049448
v 2.074886 0.821235 0.037745
v 2.073273 0.814701 0.035318
v 2.074397 0.821432 0.056708
v 2.072671 0.814946 0.059163
v 1.666810 0.307632 0.044831
v 1.656650 0.273320 0.044675
v 1.661386 0.290531 0.054232
v 1.667495 0.307520 0.025874
v 1.657338 0.273210 0.025717
v 1.662760 0.290310 0.016317
v 1.914686 0.671015 0.018880
v 1.896371 0.654823 0.030427
v 1.895960 0.661445 0.032804
v 1.895663 0.655051 0.054270
v 1.910529 0.674323 0.023622
v 1.895411 0.661630 0.051766
v 1.913284 0.671474 0.066565
v 1.909402 0.674687 0.061543
v 1.657338 0.273210 0.025717
v 1.662760 0.290310 0.016317
v 1.668377 0.289241 0.011618
v 1.661557 0.267737 0.023439
v 1.656650 0.273320 0.044675
v 1.660694 0.267878 0.047277
v 1.666649 0.289520 0.059295
v 1.661386 0.290531 0.054232
v 1.662968 -0.125739 0.043502
v 1.673938 -0.159233 0.043878
v 1.668075 -0.142489 0.053168
v 1.674697 -0.159227 0.024923
v 1.663726 -0.125735 0.024548
v 1.669590 -0.142479 0.015258
v 1.913221 -0.495536 0.048726
v 1.942373 -0.519237 0.049586
v 1.927426 -0.507453 0.058634
v 1.943132 -0.519103 0.030630
v 1.913965 -0.495404 0.029771
v 1.928927 -0.507185 0.020724
v 1.675195 -0.141017 0.010565
v 1.669590 -0.142479 0.015258
v 1.663726 -0.125735 0.024548
v 1.667821 -0.119961 0.022247
v 1.673287 -0.141029 0.058237
v 1.662968 -0.125739 0.043502
v 1.668075 -0.142489 0.053168
v 1.666867 -0.119968 0.046084
v 2.345694 -0.700877 0.040012
v 2.342078 -0.695151 0.037518
v 2.341230 -0.695456 0.061357
v 2.345024 -0.701116 0.058969
v 1.933053 -0.503581 0.016000
v 1.928927 -0.507185 0.020724
v 1.913965 -0.495404 0.029771
v 1.931157 -0.503919 0.063671
v 1.914242 -0.488765 0.027377
v 1.927426 -0.507453 0.058634
v 1.913221 -0.495536 0.048726
v 1.913301 -0.488933 0.051214
v 2.329532 0.897382 0.063048
v 2.325828 0.891421 0.065349
v 2.330075 0.897521 0.044087
v 2.326520 0.891598 0.041506
v 3.368469 0.524017 0.080048
v 3.499909 0.144435 0.059928
v 3.492570 0.144112 0.082079
v 3.377082 -0.244911 0.078077
v 3.374853 0.527213 0.057881
v 3.038013 0.793004 0.072526
v 3.041891 0.798236 0.050302
v 3.383541 -0.247533 0.055896
v 3.498790 0.144309 0.104571
v 3.373733 0.527086 0.102523
v 3.368469 0.524017 0.080048
v 3.492570 0.144112 0.082079
v 3.038013 0.793004 0.072526
v 3.377082 -0.244911 0.078077
v 3.040771 0.798110 0.094945
v 3.382422 -0.247660 0.100538
v 2.132139 -0.612857 0.081398
v 2.133923 -0.612655 0.010275
v 2.116512 -0.638420 0.045350
v 1.754325 -0.343608 0.037106
v 1.782375 -0.328154 0.073438
v 1.784158 -0.327952 0.002314
v 1.618299 0.072766 0.034879
v 1.651012 0.073945 0.071287
v 1.652796 0.074148 0.000163
v 1.773252 0.485697 0.075523
v 1.775035 0.485899 0.004399
v 1.744885 0.499139 0.039266
v 3.250061 -0.439913 0.064668
v 3.267844 -0.464434 0.061422
v 3.267262 -0.464371 0.085269
v 3.249671 -0.439868 0.081052
v 2.342697 0.866323 0.045513
v 2.326520 0.891598 0.041506
v 2.325828 0.891421 0.065349
v 2.342233 0.866203 0.061897
v 2.357370 -0.669071 0.058429
v 2.341230 -0.695456 0.061357
v 2.357962 -0.668861 0.042051
v 2.342078 -0.695151 0.037518
v 2.823527 0.892075 0.057643
v 2.824490 0.921412 0.054077
v 2.823013 0.891990 0.074025
v 2.823745 0.921286 0.077919
v 3.245455 0.705937 0.067693
v 3.263327 0.731476 0.064541
v 3.244936 0.705898 0.084076
v 3.262589 0.731420 0.088383
v 2.838325 -0.659198 0.070517
v 2.839378 -0.688505 0.073868
v 2.838788 -0.658940 0.054136
v 2.840064 -0.688128 0.050025
v 3.054060 0.846971 0.079691
v 3.063581 0.875348 0.083802
v 3.064330 0.875441 0.059960
v 3.054576 0.847034 0.063308
v 2.571343 0.930995 0.067826
v 2.563235 0.959217 0.071495
v 2.571824 0.931098 0.051442
v 2.563946 0.959368 0.047652
v 3.425152 -0.285087 0.085892
v 3.449677 -0.304589 0.090297
v 3.450290 -0.304653 0.066451
v 3.425573 -0.285132 0.069507
v 3.071834 -0.594890 0.076152
v 3.081302 -0.622722 0.080155
v 3.072193 -0.594930 0.059766
v 3.081837 -0.622779 0.056308
v 2.591902 -0.716487 0.047782
v 2.584348 -0.745203 0.043451
v 2.583582 -0.745552 0.067292
v 2.591375 -0.716726 0.064161
v 2.096942 0.794453 0.039836
v 2.073273 0.814701 0.035318
v 2.096522 0.794623 0.056219
v 2.072671 0.814946 0.059163
v 2.109548 0.840349 0.057447
v 2.074397 0.821432 0.056708
v 2.091736 0.830988 0.066559
v 2.074886 0.821235 0.037745
v 2.110021 0.840154 0.038485
v 2.092697 0.830598 0.028634
v 2.609384 0.965388 0.070392
v 2.569131 0.964335 0.050271
v 2.568571 0.964215 0.069232
v 2.588682 0.964739 0.079291
v 2.609958 0.965511 0.051432
v 2.589832 0.964984 0.041371
v 3.106343 0.860952 0.082556
v 3.071604 0.877565 0.062624
v 3.071023 0.877495 0.081584
v 3.088385 0.869187 0.091549
v 3.106939 0.861027 0.063597
v 3.089577 0.869332 0.053630
v 1.608547 0.091581 0.021362
v 1.602892 0.086852 0.023627
v 1.607628 0.091652 0.045200
v 1.602161 0.086909 0.042582
v 1.736828 0.500587 0.013935
v 1.741489 0.518523 0.028329
v 1.749035 0.520291 0.026104
v 1.748239 0.520485 0.049945
v 1.731774 0.502853 0.018652
v 1.740851 0.518676 0.047287
v 1.735250 0.500975 0.061616
v 1.730518 0.503161 0.056570
v 2.095686 0.826473 0.023860
v 2.110021 0.840154 0.038485
v 2.117465 0.838490 0.036247
v 2.092697 0.830598 0.028634
v 2.109548 0.840349 0.057447
v 2.116862 0.838737 0.060093
v 2.094465 0.826965 0.071550
v 2.091736 0.830988 0.066559
v 2.568571 0.964215 0.069232
v 2.588541 0.959877 0.084146
v 2.588682 0.964739 0.079291
v 2.614557 0.960692 0.072954
v 2.563235 0.959217 0.071495
v 2.609384 0.965388 0.070392
v 2.569131 0.964335 0.050271
v 2.615269 0.960843 0.049111
v 2.563946 0.959368 0.047652
v 2.609958 0.965511 0.051432
v 2.589978 0.960184 0.036460
v 2.589832 0.964984 0.041371
v 3.071023 0.877495 0.081584
v 3.085412 0.864903 0.096335
v 3.088385 0.869187 0.091549
v 3.063581 0.875348 0.083802
v 3.071604 0.877565 0.062624
v 3.064330 0.875441 0.059960
v 3.086910 0.865085 0.048650
v 3.089577 0.869332 0.053630
v 3.447053 0.584533 0.090180
v 3.439484 0.585814 0.092405
v 3.447640 0.584552 0.071220
v 3.440225 0.585838 0.068563
v 1.923971 0.687565 0.052359
v 1.895411 0.661630 0.051766
v 1.909402 0.674687 0.061543
v 1.895960 0.661445 0.032804
v 1.924535 0.687383 0.033399
v 1.910529 0.674323 0.023622
v 2.869769 0.917029 0.076784
v 2.830943 0.925083 0.056725
v 2.830350 0.924984 0.075684
v 2.849762 0.920958 0.085713
v 2.870362 0.917129 0.057824
v 2.850949 0.921156 0.047794
v 1.914686 0.671015 0.018880
v 1.910529 0.674323 0.023622
v 1.924535 0.687383 0.033399
v 1.913284 0.671474 0.066565
v 1.932292 0.687436 0.031174
v 1.909402 0.674687 0.061543
v 1.923971 0.687565 0.052359
v 1.931583 0.687666 0.055018
v 1.667495 0.307520 0.025874
v 1.674332 0.310883 0.023635
v 1.673468 0.311024 0.047475
v 1.666810 0.307632 0.044831
v 3.280338 0.716303 0.100801
v 3.284456 0.719843 0.096041
v 3.270346 0.731866 0.086168
v 3.262589 0.731420 0.088383
v 3.270946 0.731912 0.067208
v 3.263327 0.731476 0.064541
v 3.281828 0.716414 0.053115
v 3.285655 0.719935 0.058122
v 2.848162 0.916224 0.090532
v 2.849762 0.920958 0.085713
v 2.830350 0.924984 0.075684
v 2.849637 0.916471 0.042847
v 2.823745 0.921286 0.077919
v 2.850949 0.921156 0.047794
v 2.830943 0.925083 0.056725
v 2.824490 0.921412 0.054077
v 2.368966 0.907602 0.064199
v 2.369508 0.907742 0.045239
v 2.329532 0.897382 0.063048
v 2.348977 0.902423 0.073103
v 2.330075 0.897521 0.044087
v 2.350078 0.902703 0.035182
v 3.528251 0.374083 0.091618
v 3.521388 0.377003 0.093865
v 3.528826 0.374077 0.072657
v 3.522117 0.376996 0.070022
v 2.368966 0.907602 0.064199
v 2.350274 0.897760 0.077995
v 2.375414 0.904274 0.066797
v 2.348977 0.902423 0.073103
v 2.369508 0.907742 0.045239
v 2.376107 0.904452 0.042954
v 2.351661 0.898114 0.030308
v 2.350078 0.902703 0.035182
v 3.377082 -0.244911 0.078077
v 3.383541 -0.247533 0.055896
v 3.056940 -0.543664 0.046864
v 3.052934 -0.538816 0.069114
v 2.158727 -0.572855 0.046595
v 2.155953 -0.577961 0.024175
v 2.607610 -0.664608 0.035253
v 2.606975 -0.658853 0.057590
v 3.377082 -0.244911 0.078077
v 3.382422 -0.247660 0.100538
v 3.055821 -0.543791 0.091507
v 3.052934 -0.538816 0.069114
v 2.606491 -0.664735 0.079896
v 2.606975 -0.658853 0.057590
v 2.158727 -0.572855 0.046595
v 2.154833 -0.578088 0.068817
v 1.773252 0.485697 0.075523
v 1.775035 0.485899 0.004399
v 1.744885 0.499139 0.039266
v 2.100143 0.821260 0.049090
v 2.116342 0.796773 0.085010
v 2.118126 0.796975 0.013887
v 2.588911 0.952821 0.061720
v 2.588345 0.923823 0.097207
v 2.590128 0.924025 0.026083
v 3.062801 0.832802 0.108845
v 3.064585 0.833004 0.037721
v 3.080212 0.858568 0.073771
v 3.275034 -0.417744 0.065240
v 3.304185 -0.432168 0.062257
v 3.274643 -0.417698 0.081626
v 3.303603 -0.432104 0.086103
v 3.502819 -0.048876 0.072001
v 3.536974 -0.048600 0.069185
v 3.502368 -0.048840 0.088385
v 3.536317 -0.048548 0.093029
v 1.942333 -0.472538 0.048581
v 1.913301 -0.488933 0.051214
v 1.942982 -0.472423 0.032204
v 1.914242 -0.488765 0.027377
v 1.701051 -0.117951 0.043539
v 1.666867 -0.119968 0.046084
v 1.701704 -0.117947 0.027162
v 1.667821 -0.119961 0.022247
v 3.492079 0.362093 0.072900
v 3.522117 0.376996 0.070022
v 3.521388 0.377003 0.093865
v 3.491586 0.362099 0.089283
v 1.703660 0.298123 0.044787
v 1.673468 0.311024 0.047475
v 1.704253 0.298028 0.028409
v 1.674332 0.310883 0.023635
v 3.414915 0.564888 0.087937
v 3.439484 0.585814 0.092405
v 3.415421 0.564903 0.071554
v 3.440225 0.585838 0.068563
v 3.557213 0.160328 0.090355
v 3.590211 0.168193 0.094997
v 3.557693 0.160304 0.073971
v 3.590912 0.168160 0.071153
v 3.442823 -0.258307 0.086296
v 3.475389 -0.265613 0.090884
v 3.476017 -0.265674 0.067039
v 3.443244 -0.258350 0.069911
v 2.113917 -0.616984 0.036079
v 2.090822 -0.639052 0.031378
v 2.089906 -0.639295 0.055215
v 2.113289 -0.617150 0.052456
v 1.766069 -0.323265 0.028192
v 1.733649 -0.332769 0.023292
v 1.765408 -0.323327 0.044569
v 1.732685 -0.332857 0.047129
v 1.641579 0.085969 0.026234
v 1.608547 0.091581 0.021362
v 1.607628 0.091652 0.045200
v 1.640948 0.086019 0.042612
v 1.747190 -0.351339 0.011773
v 1.742160 -0.353960 0.016476
v 1.752162 -0.368798 0.026269
v 1.759767 -0.369998 0.024088
v 3.124519 -0.605910 0.059733
v 3.126321 -0.599423 0.057321
v 3.104355 -0.611129 0.044890
v 3.107046 -0.615220 0.049847
v 2.095686 0.826473 0.023860
v 2.092697 0.830598 0.028634
v 2.074886 0.821235 0.037745
v 2.073273 0.814701 0.035318
v 3.447640 0.584552 0.071220
v 3.440225 0.585838 0.068563
v 3.453395 0.567098 0.056993
v 3.458115 0.569649 0.062019
v 1.662760 0.290310 0.016317
v 1.668377 0.289241 0.011618
v 1.667495 0.307520 0.025874
v 1.674332 0.310883 0.023635
v 2.885880 -0.680798 0.053810
v 2.866495 -0.685955 0.043725
v 2.865118 -0.681269 0.038866
v 2.889501 -0.674786 0.051549
v 2.874040 0.911407 0.055459
v 2.870362 0.917129 0.057824
v 2.849637 0.916471 0.042847
v 2.850949 0.921156 0.047794
v 1.674697 -0.159227 0.024923
v 1.675195 -0.141017 0.010565
v 1.681615 -0.162079 0.022720
v 1.669590 -0.142479 0.015258
v 3.529088 0.355858 0.058290
v 3.528826 0.374077 0.072657
v 3.534368 0.357266 0.063327
v 3.522117 0.376996 0.070022
v 2.365792 -0.704534 0.031117
v 2.367370 -0.699750 0.026333
v 2.345694 -0.700877 0.040012
v 2.342078 -0.695151 0.037518
v 3.523620 -0.091634 0.068896
v 3.530345 -0.088318 0.071514
v 3.530634 -0.070144 0.057117
v 3.535920 -0.071227 0.062148
v 2.351661 0.898114 0.030308
v 2.330075 0.897521 0.044087
v 2.350078 0.902703 0.035182
v 2.326520 0.891598 0.041506
v 3.499909 0.144435 0.059928
v 3.374853 0.527213 0.057881
v 3.414346 0.548301 0.045682
v 3.545713 0.146203 0.047833
v 3.041891 0.798236 0.050302
v 3.064585 0.833004 0.037721
v 2.590128 0.924025 0.026083
v 3.383541 -0.247533 0.055896
v 3.423472 -0.265548 0.043597
v 3.056940 -0.543664 0.046864
v 3.080382 -0.576626 0.034109
v 2.590233 0.884884 0.039223
v 2.118126 0.796975 0.013887
v 2.140903 0.763938 0.027613
v 1.775035 0.485899 0.004399
v 1.814302 0.467809 0.018581
v 1.652796 0.074148 0.000163
v 1.697939 0.075840 0.014549
v 1.784158 -0.327952 0.002314
v 1.822989 -0.306938 0.016596
v 2.155953 -0.577961 0.024175
v 2.133923 -0.612655 0.010275
v 2.607610 -0.664608 0.035253
v 2.608380 -0.703674 0.021913
v 3.286306 -0.448334 0.049916
v 3.250061 -0.439913 0.064668
v 3.262743 -0.428851 0.056761
v 3.275034 -0.417744 0.065240
v 3.267844 -0.464434 0.061422
v 3.304185 -0.432168 0.062257
v 3.493641 -0.078443 0.071802
v 3.530634 -0.070144 0.057117
v 3.523620 -0.091634 0.068896
v 3.498463 -0.063676 0.063710
v 3.502819 -0.048876 0.072001
v 3.536974 -0.048600 0.069185
v 2.376770 0.875153 0.046508
v 2.351661 0.898114 0.030308
v 2.376107 0.904452 0.042954
v 2.359981 0.870798 0.037820
v 2.342697 0.866323 0.045513
v 2.326520 0.891598 0.041506
v 1.968172 -0.492900 0.032947
v 1.950909 -0.518569 0.028459
v 1.933053 -0.503581 0.016000
v 1.942982 -0.472423 0.032204
v 1.955902 -0.482604 0.024387
v 1.914242 -0.488765 0.027377
v 2.392115 -0.675391 0.043059
v 2.391799 -0.704654 0.038985
v 2.367370 -0.699750 0.026333
v 2.357962 -0.668861 0.042051
v 2.375327 -0.672022 0.034365
v 2.342078 -0.695151 0.037518
v 1.681615 -0.162079 0.022720
v 1.701704 -0.117947 0.027162
v 1.711184 -0.146884 0.027487
v 1.667821 -0.119961 0.022247
v 1.675195 -0.141017 0.010565
v 1.706773 -0.132413 0.019136
v 3.501164 0.333052 0.073162
v 3.529088 0.355858 0.058290
v 3.535329 0.334727 0.070401
v 3.496869 0.347570 0.064839
v 3.492079 0.362093 0.072900
v 3.522117 0.376996 0.070022
v 2.849637 0.916471 0.042847
v 2.857567 0.885201 0.058592
v 2.840796 0.888679 0.049927
v 2.823527 0.892075 0.057643
v 2.874040 0.911407 0.055459
v 2.824490 0.921412 0.054077
v 1.695476 0.268383 0.028274
v 1.704253 0.298028 0.028409
v 1.661557 0.267737 0.023439
v 1.674332 0.310883 0.023635
v 1.668377 0.289241 0.011618
v 1.700161 0.283157 0.020151
v 3.281828 0.716414 0.053115
v 3.270353 0.685200 0.068374
v 3.258164 0.695588 0.059843
v 3.245455 0.705937 0.067693
v 3.299577 0.701296 0.065532
v 3.263327 0.731476 0.064541
v 2.889501 -0.674786 0.051549
v 2.838788 -0.658940 0.054136
v 2.872745 -0.649773 0.055183
v 2.840064 -0.688128 0.050025
v 2.865118 -0.681269 0.038866
v 2.855998 -0.654227 0.046469
v 1.925520 0.640742 0.035101
v 1.896371 0.654823 0.030427
v 1.914686 0.671015 0.018880
v 1.950206 0.663150 0.035614
v 1.938103 0.651867 0.027166
v 1.932292 0.687436 0.031174
v 3.108740 0.854639 0.061183
v 3.085092 0.832742 0.064148
v 3.086910 0.865085 0.048650
v 3.070100 0.839920 0.055538
v 3.064330 0.875441 0.059960
v 3.054576 0.847034 0.063308
v 3.433020 0.539136 0.072038
v 3.415421 0.564903 0.071554
v 3.465824 0.548335 0.069266
v 3.440225 0.585838 0.068563
v 3.453395 0.567098 0.056993
v 3.424481 0.552028 0.063605
v 3.590842 0.124005 0.071194
v 3.557693 0.160304 0.073971
v 3.557641 0.129965 0.073999
v 3.590912 0.168160 0.071153
v 3.591228 0.146067 0.059252
v 3.557900 0.145123 0.065794
v 2.615269 0.960843 0.049111
v 2.607090 0.932113 0.052445
v 2.589978 0.960184 0.036460
v 2.589705 0.931658 0.043753
v 2.571824 0.931098 0.051442
v 2.563946 0.959368 0.047652
v 3.450290 -0.304653 0.066451
v 3.425573 -0.285132 0.069507
v 3.463468 -0.285195 0.054822
v 3.434627 -0.271762 0.061517
v 3.476017 -0.265674 0.067039
v 3.443244 -0.258350 0.069911
v 3.072193 -0.594930 0.059766
v 3.081837 -0.622779 0.056308
v 3.104355 -0.611129 0.044890
v 3.102763 -0.578882 0.060462
v 3.087666 -0.586926 0.051921
v 3.126321 -0.599423 0.057321
v 2.610401 -0.744035 0.032301
v 2.627174 -0.715120 0.048840
v 2.635672 -0.743217 0.044990
v 2.609802 -0.715684 0.040121
v 2.591902 -0.716487 0.047782
v 2.584348 -0.745203 0.043451
v 2.095686 0.826473 0.023860
v 2.112329 0.802542 0.031963
v 2.096942 0.794453 0.039836
v 2.127311 0.810800 0.040475
v 2.073273 0.814701 0.035318
v 2.117465 0.838490 0.036247
v 2.113627 -0.649105 0.020114
v 2.129586 -0.623891 0.028340
v 2.144642 -0.630963 0.036979
v 2.113917 -0.616984 0.036079
v 2.135532 -0.659400 0.032688
v 2.090822 -0.639052 0.031378
v 1.775373 -0.336026 0.020277
v 1.784017 -0.348845 0.028739
v 1.747190 -0.351339 0.011773
v 1.766069 -0.323265 0.028192
v 1.759767 -0.369998 0.024088
v 1.733649 -0.332769 0.023292
v 1.609074 0.047444 0.021497
v 1.609271 0.069477 0.009511
v 1.641943 0.055645 0.026327
v 1.642077 0.070782 0.018091
v 1.641579 0.085969 0.026234
v 1.608547 0.091581 0.021362
v 1.736828 0.500587 0.013935
v 1.756484 0.474122 0.030389
v 1.723829 0.481076 0.025607
v 1.765412 0.487527 0.022369
v 1.773800 0.501066 0.030730
v 1.749035 0.520291 0.026104
v 3.595852 0.128717 0.092749
v 3.596446 0.163804 0.073755
v 3.595901 0.163832 0.092716
v 3.595603 0.146287 0.102212
v 3.596397 0.128691 0.073788
v 3.596695 0.146233 0.064290
v 3.457231 -0.302881 0.088046
v 3.478186 -0.271934 0.069550
v 3.477684 -0.271885 0.088513
v 3.467206 -0.287359 0.097760
v 3.457719 -0.302932 0.069083
v 3.468196 -0.287459 0.059835
v 3.467417 0.554710 0.090740
v 3.468003 0.554729 0.071779
v 3.447053 0.584533 0.090180
v 3.456926 0.569612 0.099939
v 3.447640 0.584552 0.071220
v 3.458115 0.569649 0.062019
v 3.124094 -0.605866 0.078697
v 3.125786 -0.599365 0.081169
v 3.124519 -0.605910 0.059733
v 3.126321 -0.599423 0.057321
v 2.614557 0.960692 0.072954
v 2.609384 0.965388 0.070392
v 2.615269 0.960843 0.049111
v 2.609958 0.965511 0.051432
v 3.085412 0.864903 0.096335
v 3.088385 0.869187 0.091549
v 3.106343 0.860952 0.082556
v 3.107991 0.854548 0.085025
v 3.108740 0.854639 0.061183
v 3.106939 0.861027 0.063597
v 3.086910 0.865085 0.048650
v 3.089577 0.869332 0.053630
v 3.451912 0.567052 0.104678
v 3.456926 0.569612 0.099939
v 3.467417 0.554710 0.090740
v 3.465083 0.548311 0.093108
v 3.453395 0.567098 0.056993
v 3.468003 0.554729 0.071779
v 3.458115 0.569649 0.062019
v 3.465824 0.548335 0.069266
v 3.595901 0.163832 0.092716
v 3.589840 0.146133 0.106940
v 3.595603 0.146287 0.102212
v 3.590156 0.124038 0.095038
v 3.590211 0.168193 0.094997
v 3.595852 0.128717 0.092749
v 3.596446 0.163804 0.073755
v 3.590842 0.124005 0.071194
v 3.590912 0.168160 0.071153
v 3.596397 0.128691 0.073788
v 3.591228 0.146067 0.059252
v 3.596695 0.146233 0.064290
v 3.477684 -0.271885 0.088513
v 3.462227 -0.285070 0.102514
v 3.467206 -0.287359 0.097760
v 3.475389 -0.265613 0.090884
v 3.478186 -0.271934 0.069550
v 3.476017 -0.265674 0.067039
v 3.463468 -0.285195 0.054822
v 3.468196 -0.287459 0.059835
v 3.299165 0.707866 0.086956
v 3.299764 0.707912 0.067996
v 3.270346 0.731866 0.086168
v 3.284456 0.719843 0.096041
v 3.270946 0.731912 0.067208
v 3.285655 0.719935 0.058122
v 2.885880 -0.680798 0.053810
v 2.889501 -0.674786 0.051549
v 2.885340 -0.681098 0.072770
v 2.888815 -0.675163 0.075391
v 3.538761 0.340469 0.091919
v 3.539336 0.340463 0.072959
v 3.528251 0.374083 0.091618
v 3.533219 0.357279 0.101248
v 3.528826 0.374077 0.072657
v 3.534368 0.357266 0.063327
v 3.280338 0.716303 0.100801
v 3.299165 0.707866 0.086956
v 3.284456 0.719843 0.096041
v 3.298840 0.701242 0.089375
v 3.299764 0.707912 0.067996
v 3.299577 0.701296 0.065532
v 3.281828 0.716414 0.053115
v 3.285655 0.719935 0.058122
v 2.873309 0.911285 0.079302
v 2.869769 0.917029 0.076784
v 2.874040 0.911407 0.055459
v 2.870362 0.917129 0.057824
v 3.529828 -0.088275 0.090476
v 3.540963 -0.054096 0.071744
v 3.540446 -0.054055 0.090706
v 3.534871 -0.071144 0.100071
v 3.530345 -0.088318 0.071514
v 3.535920 -0.071227 0.062148
v 3.538761 0.340469 0.091919
v 3.527645 0.355874 0.105977
v 3.534615 0.334734 0.094245
v 3.533219 0.357279 0.101248
v 3.539336 0.340463 0.072959
v 3.535329 0.334727 0.070401
v 3.529088 0.355858 0.058290
v 3.534368 0.357266 0.063327
v 3.534871 -0.071144 0.100071
v 3.529303 -0.070040 0.104807
v 3.540446 -0.054055 0.090706
v 3.536317 -0.048548 0.093029
v 3.540963 -0.054096 0.071744
v 3.536974 -0.048600 0.069185
v 3.530634 -0.070144 0.057117
v 3.535920 -0.071227 0.062148
v 3.285156 -0.448203 0.097610
v 3.289237 -0.451520 0.092831
v 3.303922 -0.438716 0.083681
v 3.303603 -0.432104 0.086103
v 3.304379 -0.438767 0.064718
v 3.304185 -0.432168 0.062257
v 3.286306 -0.448334 0.049916
v 3.290151 -0.451623 0.054904
v 1.819642 0.465058 0.041044
v 1.814302 0.467809 0.018581
v 1.697939 0.075840 0.014549
v 1.704149 0.076035 0.037041
v 1.828255 -0.303869 0.039073
v 1.822989 -0.306938 0.016596
v 2.158727 -0.572855 0.046595
v 2.155953 -0.577961 0.024175
v 1.819642 0.465058 0.041044
v 2.158727 -0.572855 0.046595
v 1.813183 0.467682 0.063224
v 2.154833 -0.578088 0.068817
v 1.696819 0.075713 0.059192
v 1.821870 -0.307065 0.061239
v 1.704149 0.076035 0.037041
v 1.828255 -0.303869 0.039073
v 3.412563 0.548099 0.116806
v 3.543930 0.146001 0.118956
v 3.578432 0.147382 0.084242
v 3.421689 -0.265750 0.114721
v 3.451838 -0.278991 0.079855
v 3.423472 -0.265548 0.043597
v 3.545713 0.146203 0.047833
v 3.414346 0.548301 0.045682
v 3.062801 0.832802 0.108845
v 3.064585 0.833004 0.037721
v 3.080212 0.858568 0.073771
v 3.442402 0.563757 0.082015
v 2.376770 0.875153 0.046508
v 2.376107 0.904452 0.042954
v 2.376307 0.875032 0.062891
v 2.375414 0.904274 0.066797
v 1.967523 -0.493015 0.049324
v 1.949969 -0.518736 0.052294
v 1.968172 -0.492900 0.032947
v 1.950909 -0.518569 0.028459
v 2.391523 -0.675600 0.059436
v 2.390952 -0.704957 0.062822
v 2.392115 -0.675391 0.043059
v 2.391799 -0.704654 0.038985
v 2.857567 0.885201 0.058592
v 2.874040 0.911407 0.055459
v 2.857068 0.885116 0.074975
v 2.873309 0.911285 0.079302
v 2.872281 -0.650032 0.071564
v 2.888815 -0.675163 0.075391
v 2.889501 -0.674786 0.051549
v 2.872745 -0.649773 0.055183
v 1.949726 0.663309 0.051996
v 1.931583 0.687666 0.055018
v 1.950206 0.663150 0.035614
v 1.932292 0.687436 0.031174
v 2.606595 0.932006 0.068828
v 2.614557 0.960692 0.072954
v 2.615269 0.960843 0.049111
v 2.607090 0.932113 0.052445
v 3.102389 -0.578844 0.076849
v 3.125786 -0.599365 0.081169
v 3.102763 -0.578882 0.060462
v 3.126321 -0.599423 0.057321
v 2.627174 -0.715120 0.048840
v 2.635672 -0.743217 0.044990
v 2.626647 -0.715360 0.065219
v 2.634906 -0.743566 0.068830
v 2.127311 0.810800 0.040475
v 2.117465 0.838490 0.036247
v 2.126891 0.810969 0.056858
v 2.116862 0.838737 0.060093
v 2.144642 -0.630963 0.036979
v 2.135532 -0.659400 0.032688
v 2.134616 -0.659642 0.056524
v 2.144014 -0.631130 0.053356
v 1.773800 0.501066 0.030730
v 1.749035 0.520291 0.026104
v 1.748239 0.520485 0.049945
v 1.773261 0.501200 0.047110
v 2.091825 -0.645644 0.052777
v 2.127380 -0.661825 0.053819
v 2.109235 -0.653831 0.062776
v 2.092546 -0.645453 0.033822
v 2.128101 -0.661633 0.034863
v 2.110692 -0.653446 0.024865
v 2.588977 -0.750142 0.064946
v 2.629788 -0.748563 0.066170
v 2.609072 -0.749492 0.075038
v 2.589581 -0.749866 0.045989
v 2.630407 -0.748284 0.047212
v 2.610296 -0.748937 0.037121
v 3.088706 -0.624440 0.077891
v 3.089147 -0.624485 0.058927
v 3.124094 -0.605866 0.078697
v 3.106180 -0.615131 0.087775
v 3.124519 -0.605910 0.059733
v 3.107046 -0.615220 0.049847
v 2.113627 -0.649105 0.020114
v 2.110692 -0.653446 0.024865
v 2.128101 -0.661633 0.034863
v 2.111810 -0.649590 0.067787
v 2.135532 -0.659400 0.032688
v 2.109235 -0.653831 0.062776
v 2.127380 -0.661825 0.053819
v 2.134616 -0.659642 0.056524
v 1.752162 -0.368798 0.026269
v 1.759767 -0.369998 0.024088
v 1.751395 -0.368868 0.045225
v 1.758806 -0.370085 0.047924
v 2.610296 -0.748937 0.037121
v 2.584348 -0.745203 0.043451
v 2.610401 -0.744035 0.032301
v 2.589581 -0.749866 0.045989
v 2.630407 -0.748284 0.047212
v 2.583582 -0.745552 0.067292
v 2.635672 -0.743217 0.044990
v 2.588977 -0.750142 0.064946
v 2.629788 -0.748563 0.066170
v 2.609072 -0.749492 0.075038
v 2.634906 -0.743566 0.068830
v 2.608854 -0.744734 0.079980
v 3.103269 -0.611015 0.092587
v 3.106180 -0.615131 0.087775
v 3.088706 -0.624440 0.077891
v 3.081302 -0.622722 0.080155
v 3.104355 -0.611129 0.044890
v 3.089147 -0.624485 0.058927
v 3.107046 -0.615220 0.049847
v 3.081837 -0.622779 0.056308
v 3.590156 0.124038 0.095038
v 3.595852 0.128717 0.092749
v 3.590842 0.124005 0.071194
v 3.596397 0.128691 0.073788
v 3.462227 -0.285070 0.102514
v 3.467206 -0.287359 0.097760
v 3.457231 -0.302881 0.088046
v 3.449677 -0.304589 0.090297
v 3.450290 -0.304653 0.066451
v 3.457719 -0.302932 0.069083
v 3.463468 -0.285195 0.054822
v 3.468196 -0.287459 0.059835
v 2.846030 -0.691707 0.071558
v 2.885340 -0.681098 0.072770
v 2.865415 -0.686551 0.081644
v 2.885880 -0.680798 0.053810
v 2.846570 -0.691410 0.052599
v 2.866495 -0.685955 0.043725
v 2.866495 -0.685955 0.043725
v 2.865118 -0.681269 0.038866
v 2.846570 -0.691410 0.052599
v 2.840064 -0.688128 0.050025
v 2.846030 -0.691707 0.071558
v 2.839378 -0.688505 0.073868
v 2.863761 -0.682020 0.086550
v 2.865415 -0.686551 0.081644
v 2.345024 -0.701116 0.058969
v 2.384551 -0.708676 0.060135
v 2.364453 -0.705017 0.069030
v 2.345694 -0.700877 0.040012
v 2.385220 -0.708434 0.041177
v 2.365792 -0.704534 0.031117
v 3.275009 -0.464375 0.083017
v 3.275481 -0.464425 0.064054
v 3.303922 -0.438716 0.083681
v 3.289237 -0.451520 0.092831
v 3.304379 -0.438767 0.064718
v 3.290151 -0.451623 0.054904
v 1.674697 -0.159227 0.024923
v 1.681615 -0.162079 0.022720
v 1.673938 -0.159233 0.043878
v 1.680661 -0.162085 0.046556
v 2.385220 -0.708434 0.041177
v 2.365792 -0.704534 0.031117
v 2.367370 -0.699750 0.026333
v 2.391799 -0.704654 0.038985
v 2.384551 -0.708676 0.060135
v 2.390952 -0.704957 0.062822
v 2.365674 -0.700357 0.074008
v 2.364453 -0.705017 0.069030
v 3.529828 -0.088275 0.090476
v 3.522963 -0.091584 0.092740
v 3.523620 -0.091634 0.068896
v 3.530345 -0.088318 0.071514
v 1.933053 -0.503581 0.016000
v 1.950909 -0.518569 0.028459
v 1.943132 -0.519103 0.030630
v 1.949969 -0.518736 0.052294
v 1.928927 -0.507185 0.020724
v 1.942373 -0.519237 0.049586
v 1.931157 -0.503919 0.063671
v 1.927426 -0.507453 0.058634
v 3.285156 -0.448203 0.097610
v 3.275009 -0.464375 0.083017
v 3.289237 -0.451520 0.092831
v 3.267262 -0.464371 0.085269
v 3.275481 -0.464425 0.064054
v 3.267844 -0.464434 0.061422
v 3.286306 -0.448334 0.049916
v 3.290151 -0.451623 0.054904
v 3.038013 0.793004 0.072526
v 3.041891 0.798236 0.050302
v 2.590233 0.884884 0.039223
v 2.589750 0.879001 0.061531
v 2.143790 0.758964 0.050007
v 2.140903 0.763938 0.027613
v 1.819642 0.465058 0.041044
v 1.814302 0.467809 0.018581
v 3.038013 0.793004 0.072526
v 3.040771 0.798110 0.094945
v 2.589114 0.884757 0.083866
v 2.589750 0.879001 0.061531
v 2.143790 0.758964 0.050007
v 2.139784 0.763811 0.072255
v 1.819642 0.465058 0.041044
v 1.813183 0.467682 0.063224
v 3.421689 -0.265750 0.114721
v 3.451838 -0.278991 0.079855
v 3.096581 -0.601112 0.070031
v 3.078599 -0.576828 0.105233
v 3.423472 -0.265548 0.043597
v 3.080382 -0.576626 0.034109
v 2.607814 -0.732672 0.057401
v 2.606596 -0.703876 0.093037
v 2.608380 -0.703674 0.021913
v 2.132139 -0.612857 0.081398
v 2.133923 -0.612655 0.010275
v 2.116512 -0.638420 0.045350
v 3.493641 -0.078443 0.071802
v 3.523620 -0.091634 0.068896
v 3.493190 -0.078407 0.088186
v 3.522963 -0.091584 0.092740
v 1.710528 -0.146888 0.043864
v 1.680661 -0.162085 0.046556
v 1.681615 -0.162079 0.022720
v 1.711184 -0.146884 0.027487
v 3.501164 0.333052 0.073162
v 3.535329 0.334727 0.070401
v 3.500671 0.333057 0.089544
v 3.534615 0.334734 0.094245
v 1.694883 0.268479 0.044652
v 1.660694 0.267878 0.047277
v 1.695476 0.268383 0.028274
v 1.661557 0.267737 0.023439
v 3.270353 0.685200 0.068374
v 3.299577 0.701296 0.065532
v 3.298840 0.701242 0.089375
v 3.269849 0.685163 0.084757
v 1.925040 0.640899 0.051482
v 1.895663 0.655051 0.054270
v 1.925520 0.640742 0.035101
v 1.896371 0.654823 0.030427
v 3.084576 0.832679 0.080531
v 3.107991 0.854548 0.085025
v 3.108740 0.854639 0.061183
v 3.085092 0.832742 0.064148
v 3.432513 0.539121 0.088420
v 3.465083 0.548311 0.093108
v 3.433020 0.539136 0.072038
v 3.465824 0.548335 0.069266
v 3.557161 0.129988 0.090383
v 3.590156 0.124038 0.095038
v 3.590842 0.124005 0.071194
v 3.557641 0.129965 0.073999
v 1.784017 -0.348845 0.028739
v 1.759767 -0.369998 0.024088
v 1.783354 -0.348906 0.045115
v 1.758806 -0.370085 0.047924
v 1.609074 0.047444 0.021497
v 1.641943 0.055645 0.026327
v 1.641311 0.055693 0.042704
v 1.608156 0.047517 0.045334
v 1.756484 0.474122 0.030389
v 1.723829 0.481076 0.025607
v 1.723040 0.481270 0.049448
v 1.755945 0.474256 0.046769
v 1.745264 -0.351516 0.059443
v 1.751395 -0.368868 0.045225
v 1.740628 -0.354100 0.054386
v 1.758806 -0.370085 0.047924
v 3.103269 -0.611015 0.092587
v 3.124094 -0.605866 0.078697
v 3.125786 -0.599365 0.081169
v 3.106180 -0.615131 0.087775
v 2.094465 0.826965 0.071550
v 2.074397 0.821432 0.056708
v 2.091736 0.830988 0.066559
v 2.072671 0.814946 0.059163
v 3.451912 0.567052 0.104678
v 3.447053 0.584533 0.090180
v 3.439484 0.585814 0.092405
v 3.456926 0.569612 0.099939
v 1.673468 0.311024 0.047475
v 1.666810 0.307632 0.044831
v 1.666649 0.289520 0.059295
v 1.661386 0.290531 0.054232
v 2.885340 -0.681098 0.072770
v 2.888815 -0.675163 0.075391
v 2.863761 -0.682020 0.086550
v 2.865415 -0.686551 0.081644
v 2.848162 0.916224 0.090532
v 2.873309 0.911285 0.079302
v 2.869769 0.917029 0.076784
v 2.849762 0.920958 0.085713
v 1.673938 -0.159233 0.043878
v 1.680661 -0.162085 0.046556
v 1.673287 -0.141029 0.058237
v 1.668075 -0.142489 0.053168
v 3.527645 0.355874 0.105977
v 3.533219 0.357279 0.101248
v 3.528251 0.374083 0.091618
v 3.521388 0.377003 0.093865
v 2.341230 -0.695456 0.061357
v 2.345024 -0.701116 0.058969
v 2.365674 -0.700357 0.074008
v 2.364453 -0.705017 0.069030
v 3.529828 -0.088275 0.090476
v 3.534871 -0.071144 0.100071
v 3.529303 -0.070040 0.104807
v 3.522963 -0.091584 0.092740
v 2.350274 0.897760 0.077995
v 2.348977 0.902423 0.073103
v 2.329532 0.897382 0.063048
v 2.325828 0.891421 0.065349
v 3.498790 0.144309 0.104571
v 3.412563 0.548099 0.116806
v 3.373733 0.527086 0.102523
v 3.040771 0.798110 0.094945
v 3.543930 0.146001 0.118956
v 3.062801 0.832802 0.108845
v 3.382422 -0.247660 0.100538
v 2.588345 0.923823 0.097207
v 3.421689 -0.265750 0.114721
v 2.589114 0.884757 0.083866
v 3.055821 -0.543791 0.091507
v 2.116342 0.796773 0.085010
v 3.078599 -0.576828 0.105233
v 2.139784 0.763811 0.072255
v 2.606491 -0.664735 0.079896
v 1.773252 0.485697 0.075523
v 2.606596 -0.703876 0.093037
v 1.813183 0.467682 0.063224
v 2.132139 -0.612857 0.081398
v 1.651012 0.073945 0.071287
v 2.154833 -0.578088 0.068817
v 1.696819 0.075713 0.059192
v 1.782375 -0.328154 0.073438
v 1.821870 -0.307065 0.061239
v 3.267262 -0.464371 0.085269
v 3.274643 -0.417698 0.081626
v 3.249671 -0.439868 0.081052
v 3.303603 -0.432104 0.086103
v 3.285156 -0.448203 0.097610
v 3.261946 -0.428763 0.089531
v 3.493190 -0.078407 0.088186
v 3.522963 -0.091584 0.092740
v 3.529303 -0.070040 0.104807
v 3.502368 -0.048840 0.088385
v 3.497546 -0.063606 0.096477
v 3.536317 -0.048548 0.093029
v 2.376307 0.875032 0.062891
v 2.375414 0.904274 0.066797
v 2.350274 0.897760 0.077995
v 2.325828 0.891421 0.065349
v 2.359023 0.870555 0.070585
v 2.342233 0.866203 0.061897
v 1.967523 -0.493015 0.049324
v 1.931157 -0.503919 0.063671
v 1.949969 -0.518736 0.052294
v 1.954603 -0.482834 0.057141
v 1.942333 -0.472538 0.048581
v 1.913301 -0.488933 0.051214
v 2.391523 -0.675600 0.059436
v 2.365674 -0.700357 0.074008
v 2.390952 -0.704957 0.062822
v 2.374158 -0.672439 0.067122
v 2.357370 -0.669071 0.058429
v 2.341230 -0.695456 0.061357
v 1.673287 -0.141029 0.058237
v 1.710528 -0.146888 0.043864
v 1.705463 -0.132422 0.051890
v 1.701051 -0.117951 0.043539
v 1.680661 -0.162085 0.046556
v 1.666867 -0.119968 0.046084
v 3.500671 0.333057 0.089544
v 3.534615 0.334734 0.094245
v 3.527645 0.355874 0.105977
v 3.521388 0.377003 0.093865
v 3.495881 0.347581 0.097604
v 3.491586 0.362099 0.089283
v 2.857068 0.885116 0.074975
v 2.823013 0.891990 0.074025
v 2.873309 0.911285 0.079302
v 2.823745 0.921286 0.077919
v 2.848162 0.916224 0.090532
v 2.839783 0.888509 0.082691
v 1.666649 0.289520 0.059295
v 1.694883 0.268479 0.044652
v 1.698975 0.283350 0.052910
v 1.703660 0.298123 0.044787
v 1.660694 0.267878 0.047277
v 1.673468 0.311024 0.047475
v 3.298840 0.701242 0.089375
v 3.244936 0.705898 0.084076
v 3.269849 0.685163 0.084757
v 3.262589 0.731420 0.088383
v 3.280338 0.716303 0.100801
v 3.257140 0.695511 0.092607
v 2.863761 -0.682020 0.086550
v 2.872281 -0.650032 0.071564
v 2.855071 -0.654742 0.079231
v 2.838325 -0.659198 0.070517
v 2.888815 -0.675163 0.075391
v 2.839378 -0.688505 0.073868
v 1.925040 0.640899 0.051482
v 1.913284 0.671474 0.066565
v 1.895663 0.655051 0.054270
v 1.937143 0.652184 0.059930
v 1.949726 0.663309 0.051996
v 1.931583 0.687666 0.055018
v 3.084576 0.832679 0.080531
v 3.107991 0.854548 0.085025
v 3.085412 0.864903 0.096335
v 3.069067 0.839794 0.088301
v 3.054060 0.846971 0.079691
v 3.063581 0.875348 0.083802
v 3.451912 0.567052 0.104678
v 3.423453 0.551996 0.096369
v 3.432513 0.539121 0.088420
v 3.414915 0.564888 0.087937
v 3.465083 0.548311 0.093108
v 3.439484 0.585814 0.092405
v 3.589840 0.146133 0.106940
v 3.556954 0.145170 0.098560
v 3.557161 0.129988 0.090383
v 3.557213 0.160328 0.090355
v 3.590156 0.124038 0.095038
v 3.590211 0.168193 0.094997
v 2.588541 0.959877 0.084146
v 2.606595 0.932006 0.068828
v 2.614557 0.960692 0.072954
v 2.588728 0.931449 0.076518
v 2.571343 0.930995 0.067826
v 2.563235 0.959217 0.071495
v 3.462227 -0.285070 0.102514
v 3.425152 -0.285087 0.085892
v 3.449677 -0.304589 0.090297
v 3.433769 -0.271676 0.094286
v 3.442823 -0.258307 0.086296
v 3.475389 -0.265613 0.090884
v 3.071834 -0.594890 0.076152
v 3.081302 -0.622722 0.080155
v 3.103269 -0.611015 0.092587
v 3.086916 -0.586849 0.084693
v 3.102389 -0.578844 0.076849
v 3.125786 -0.599365 0.081169
v 2.626647 -0.715360 0.065219
v 2.634906 -0.743566 0.068830
v 2.608854 -0.744734 0.079980
v 2.583582 -0.745552 0.067292
v 2.608747 -0.716163 0.072880
v 2.591375 -0.716726 0.064161
v 2.096522 0.794623 0.056219
v 2.126891 0.810969 0.056858
v 2.072671 0.814946 0.059163
v 2.116862 0.838737 0.060093
v 2.094465 0.826965 0.071550
v 2.111504 0.802881 0.064731
v 2.134616 -0.659642 0.056524
v 2.089906 -0.639295 0.055215
v 2.144014 -0.631130 0.053356
v 2.113289 -0.617150 0.052456
v 2.111810 -0.649590 0.067787
v 2.128330 -0.624223 0.061095
v 1.783354 -0.348906 0.045115
v 1.765408 -0.323327 0.044569
v 1.758806 -0.370085 0.047924
v 1.732685 -0.332857 0.047129
v 1.745264 -0.351516 0.059443
v 1.774051 -0.336145 0.053031
v 1.641311 0.055693 0.042704
v 1.608156 0.047517 0.045334
v 1.607433 0.069621 0.057185
v 1.607628 0.091652 0.045200
v 1.640814 0.070881 0.050847
v 1.640948 0.086019 0.042612
v 1.723040 0.481270 0.049448
v 1.755945 0.474256 0.046769
v 1.735250 0.500975 0.061616
v 1.764334 0.487794 0.055130
v 1.748239 0.520485 0.049945
v 1.773261 0.501200 0.047110
v 1.670498 -0.418944 0.020361
v 1.657332 -0.399411 0.007469
v 1.643158 -0.379973 0.019528
v 1.645345 -0.405418 0.032017
v 1.642150 -0.380065 0.044477
v 1.669491 -0.419035 0.045309
v 1.655317 -0.399596 0.057368
v 1.657680 -0.362700 0.049228
v 1.659023 -0.362579 0.015985
v 2.019601 0.890333 0.032837
v 2.035921 0.912166 0.045557
v 2.018969 0.890589 0.057796
v 2.023147 0.869432 0.062240
v 2.024000 0.869091 0.028982
v 2.076566 0.820073 0.056731
v 2.077030 0.819880 0.038083
v 3.113455 -0.686246 0.085536
v 3.114201 -0.686326 0.052275
v 3.088746 -0.622161 0.058876
v 3.088329 -0.622118 0.077525
v 1.560345 0.286537 0.019604
v 1.559441 0.286684 0.044557
v 1.554225 0.311553 0.031771
v 1.567484 0.309044 0.007231
v 1.565675 0.309337 0.057136
v 1.573719 0.331700 0.019810
v 1.572814 0.331846 0.044763
v 2.830012 0.923029 0.075310
v 2.830582 0.923126 0.056665
v 2.849731 1.009455 0.079449
v 2.834868 0.991453 0.083086
v 2.835908 0.991627 0.049833
v 2.850503 1.009586 0.054492
v 2.337325 -0.798474 0.048250
v 2.314909 -0.782622 0.035227
v 2.314035 -0.782940 0.060179
v 2.346610 -0.698584 0.040333
v 2.345948 -0.698823 0.058974
v 2.312268 -0.761143 0.031232
v 2.311072 -0.761568 0.064478
v 1.733102 -0.337926 0.044633
v 1.733853 -0.337858 0.025994
v 1.657680 -0.362700 0.049228
v 1.659023 -0.362579 0.015985
v 2.019601 0.890333 0.032837
v 2.043057 0.902656 0.020843
v 2.065865 0.915234 0.033810
v 2.035921 0.912166 0.045557
v 2.065232 0.915493 0.058769
v 2.018969 0.890589 0.057796
v 2.041777 0.903169 0.070763
v 2.084783 0.902613 0.063536
v 2.085620 0.902270 0.030279
v 3.554501 0.620892 0.083649
v 3.529657 0.634702 0.095433
v 3.530426 0.634726 0.070475
v 3.505721 0.630551 0.065602
v 3.504681 0.630518 0.098855
v 3.445740 0.583561 0.071124
v 3.445161 0.583543 0.089769
v 1.554225 0.311553 0.031771
v 1.573719 0.331700 0.019810
v 1.572814 0.331846 0.044763
v 1.670228 0.307216 0.026233
v 1.669553 0.307325 0.044874
v 1.598870 0.334828 0.016460
v 1.597666 0.335023 0.049707
v 2.901608 0.998985 0.080896
v 2.902396 0.999115 0.055939
v 2.879376 1.014983 0.067841
v 2.876844 1.004417 0.042737
v 2.875283 1.004154 0.092651
v 2.849731 1.009455 0.079449
v 2.850503 1.009586 0.054492
v 3.538290 -0.053400 0.090293
v 3.538799 -0.053442 0.071646
v 3.638008 -0.067482 0.096153
v 3.617505 -0.055402 0.099734
v 3.618420 -0.055474 0.066477
v 3.638694 -0.067536 0.071193
v 1.677910 -0.388478 -0.000083
v 1.670498 -0.418944 0.020361
v 1.657332 -0.399411 0.007469
v 1.643158 -0.379973 0.019528
v 1.695454 -0.414502 0.017094
v 1.754281 -0.366970 0.026615
v 1.744444 -0.352381 0.016985
v 1.733853 -0.337858 0.025994
v 1.659023 -0.362579 0.015985
v 2.055229 0.885508 0.013001
v 2.019601 0.890333 0.032837
v 2.043057 0.902656 0.020843
v 2.065865 0.915234 0.033810
v 2.024000 0.869091 0.028982
v 2.077030 0.819880 0.038083
v 2.094548 0.829085 0.029123
v 2.111586 0.838485 0.038810
v 2.085620 0.902270 0.030279
v 3.133582 -0.699441 0.056906
v 3.114201 -0.686326 0.052275
v 3.088746 -0.622161 0.058876
v 3.145602 -0.670078 0.036351
v 3.106351 -0.613050 0.049947
v 3.123539 -0.603896 0.059669
v 3.157158 -0.687245 0.044956
v 3.180156 -0.674990 0.057968
v 3.176256 -0.653749 0.053689
v 3.557238 0.595470 0.071211
v 3.530426 0.634726 0.070475
v 3.544217 0.615109 0.058364
v 3.524092 0.604413 0.049465
v 3.505721 0.630551 0.065602
v 3.445740 0.583561 0.071124
v 3.456045 0.568906 0.062076
v 3.465755 0.554231 0.071674
v 3.541436 0.578245 0.066583
v 1.560345 0.286537 0.019604
v 1.567484 0.309044 0.007231
v 1.590564 0.304642 -0.000302
v 1.581052 0.274652 0.016185
v 1.573719 0.331700 0.019810
v 1.660238 0.273474 0.026078
v 1.665570 0.290290 0.016835
v 1.670228 0.307216 0.026233
v 1.598870 0.334828 0.016460
v 2.902396 0.999115 0.055939
v 2.876844 1.004417 0.042737
v 2.870987 0.984736 0.034170
v 2.905026 0.977675 0.051761
v 2.869340 0.915303 0.057746
v 2.850254 0.919264 0.047882
v 2.830582 0.923126 0.056665
v 2.835908 0.991627 0.049833
v 2.850503 1.009586 0.054492
v 2.366956 -0.792571 0.036762
v 2.341378 -0.787438 0.023518
v 2.347522 -0.767560 0.015630
v 2.381596 -0.774400 0.033275
v 2.314909 -0.782622 0.035227
v 2.385492 -0.706015 0.041479
v 2.366375 -0.702183 0.031585
v 2.346610 -0.698584 0.040333
v 2.312268 -0.761143 0.031232
v 3.624722 -0.112581 0.070890
v 3.632051 -0.090087 0.058562
v 3.609565 -0.085520 0.049647
v 3.599796 -0.115495 0.066074
v 3.528363 -0.087096 0.071420
v 3.533844 -0.070288 0.062209
v 3.538799 -0.053442 0.071646
v 3.618420 -0.055474 0.066477
v 3.638694 -0.067536 0.071193
v 2.111121 0.838677 0.057457
v 2.111586 0.838485 0.038810
v 2.084783 0.902613 0.063536
v 2.085620 0.902270 0.030279
v 3.162954 -0.696508 0.070085
v 3.123122 -0.603850 0.078318
v 3.123539 -0.603896 0.059669
v 3.180156 -0.674990 0.057968
v 3.176256 -0.653749 0.053689
v 3.179592 -0.674930 0.082931
v 3.175495 -0.653673 0.086950
v 3.556453 0.595446 0.096168
v 3.542663 0.615061 0.108279
v 3.554501 0.620892 0.083649
v 3.529657 0.634702 0.095433
v 3.557238 0.595470 0.071211
v 3.530426 0.634726 0.070475
v 3.544217 0.615109 0.058364
v 3.541436 0.578245 0.066583
v 3.540395 0.578212 0.099837
v 2.901608 0.998985 0.080896
v 2.902396 0.999115 0.055939
v 2.879376 1.014983 0.067841
v 2.905026 0.977675 0.051761
v 2.904001 0.977502 0.085015
v 2.868770 0.915207 0.076390
v 2.869340 0.915303 0.057746
v 2.366956 -0.792571 0.036762
v 2.366066 -0.792890 0.061713
v 2.381596 -0.774400 0.033275
v 2.380415 -0.774822 0.066523
v 2.385492 -0.706015 0.041479
v 2.384830 -0.706252 0.060121
v 3.624035 -0.112528 0.095850
v 3.624722 -0.112581 0.070890
v 3.643682 -0.092519 0.083856
v 3.632051 -0.090087 0.058562
v 3.630679 -0.089977 0.108481
v 3.638008 -0.067482 0.096153
v 3.638694 -0.067536 0.071193
v 1.670498 -0.418944 0.020361
v 1.645345 -0.405418 0.032017
v 1.669491 -0.419035 0.045309
v 1.694111 -0.414624 0.050338
v 1.695454 -0.414502 0.017094
v 1.753528 -0.367041 0.045255
v 1.754281 -0.366970 0.026615
v 3.133018 -0.699381 0.081869
v 3.113455 -0.686246 0.085536
v 3.156031 -0.687125 0.094882
v 3.162954 -0.696508 0.070085
v 3.133582 -0.699441 0.056906
v 3.114201 -0.686326 0.052275
v 3.157158 -0.687245 0.044956
v 3.180156 -0.674990 0.057968
v 3.179592 -0.674930 0.082931
v 3.465755 0.554231 0.071674
v 3.465176 0.554214 0.090319
v 3.541436 0.578245 0.066583
v 3.540395 0.578212 0.099837
v 1.560345 0.286537 0.019604
v 1.559441 0.286684 0.044557
v 1.581052 0.274652 0.016185
v 1.579849 0.274847 0.049433
v 1.660238 0.273474 0.026078
v 1.659563 0.273583 0.044721
v 2.366956 -0.792571 0.036762
v 2.366066 -0.792890 0.061713
v 2.337325 -0.798474 0.048250
v 2.341378 -0.787438 0.023518
v 2.339598 -0.788076 0.073422
v 2.314909 -0.782622 0.035227
v 2.314035 -0.782940 0.060179
v 3.624035 -0.112528 0.095850
v 3.624722 -0.112581 0.070890
v 3.643682 -0.092519 0.083856
v 3.599796 -0.115495 0.066074
v 3.598881 -0.115423 0.099331
v 3.527854 -0.087053 0.090067
v 3.528363 -0.087096 0.071420
v 1.642150 -0.380065 0.044477
v 1.669491 -0.419035 0.045309
v 1.655317 -0.399596 0.057368
v 1.675225 -0.388724 0.066405
v 1.694111 -0.414624 0.050338
v 1.753528 -0.367041 0.045255
v 1.742939 -0.352517 0.054264
v 1.733102 -0.337926 0.044633
v 1.657680 -0.362700 0.049228
v 2.065232 0.915493 0.058769
v 2.018969 0.890589 0.057796
v 2.041777 0.903169 0.070763
v 2.053539 0.886193 0.079516
v 2.023147 0.869432 0.062240
v 2.076566 0.820073 0.056731
v 2.093604 0.829470 0.066418
v 2.111121 0.838677 0.057457
v 2.084783 0.902613 0.063536
v 3.133018 -0.699381 0.081869
v 3.144094 -0.669918 0.102874
v 3.113455 -0.686246 0.085536
v 3.156031 -0.687125 0.094882
v 3.088329 -0.622118 0.077525
v 3.105517 -0.612961 0.087247
v 3.123122 -0.603850 0.078318
v 3.179592 -0.674930 0.082931
v 3.175495 -0.653673 0.086950
v 3.522025 0.604349 0.115974
v 3.556453 0.595446 0.096168
v 3.542663 0.615061 0.108279
v 3.529657 0.634702 0.095433
v 3.504681 0.630518 0.098855
v 3.445161 0.583543 0.089769
v 3.454886 0.568871 0.099368
v 3.465176 0.554214 0.090319
v 3.540395 0.578212 0.099837
v 1.559441 0.286684 0.044557
v 1.565675 0.309337 0.057136
v 1.572814 0.331846 0.044763
v 1.588156 0.305031 0.066194
v 1.579849 0.274847 0.049433
v 1.659563 0.273583 0.044721
v 1.664220 0.290508 0.054119
v 1.669553 0.307325 0.044874
v 1.597666 0.335023 0.049707
v 2.901608 0.998985 0.080896
v 2.875283 1.004154 0.092651
v 2.904001 0.977502 0.085015
v 2.868770 0.915207 0.076390
v 2.868922 0.984389 0.100678
v 2.849098 0.919069 0.085173
v 2.830012 0.923029 0.075310
v 2.849731 1.009455 0.079449
v 2.834868 0.991453 0.083086
v 2.366066 -0.792890 0.061713
v 2.339598 -0.788076 0.073422
v 2.314035 -0.782940 0.060179
v 2.345145 -0.768408 0.082123
v 2.380415 -0.774822 0.066523
v 2.384830 -0.706252 0.060121
v 2.365051 -0.702656 0.068868
v 2.345948 -0.698823 0.058974
v 2.311072 -0.761568 0.064478
v 3.624035 -0.112528 0.095850
v 3.630679 -0.089977 0.108481
v 3.598881 -0.115423 0.099331
v 3.527854 -0.087053 0.090067
v 3.607736 -0.085375 0.116162
v 3.532810 -0.070208 0.099504
v 3.538290 -0.053400 0.090293
v 3.638008 -0.067482 0.096153
v 3.617505 -0.055402 0.099734
v 1.632371 0.521857 0.022079
v 1.645978 0.542280 0.009862
v 1.634038 0.547540 0.034443
v 1.631544 0.522059 0.047034
v 1.644324 0.542684 0.059772
v 1.648611 0.505675 0.018535
v 1.647512 0.505946 0.051787
v 2.062115 -0.728901 0.016682
v 2.054902 -0.738901 0.041338
v 2.038243 -0.718377 0.028472
v 2.037284 -0.718632 0.053422
v 2.060213 -0.729408 0.066583
v 2.040889 -0.697161 0.057886
v 2.042156 -0.696824 0.024642
v 3.069838 0.875555 0.081188
v 3.070426 0.875627 0.062544
v 3.096122 0.941260 0.056215
v 3.095076 0.941133 0.089468
v 3.514889 -0.344892 0.096573
v 3.515759 -0.344979 0.063314
v 3.455454 -0.301361 0.087642
v 3.455933 -0.301410 0.068995
v 2.845427 -0.689642 0.071524
v 2.845959 -0.689347 0.052881
v 2.866119 -0.774751 0.074045
v 2.851072 -0.757837 0.078029
v 2.852012 -0.757322 0.044777
v 2.866832 -0.774367 0.049090
v 1.581201 -0.190002 0.018772
v 1.580203 -0.190008 0.043722
v 1.561196 -0.171279 0.030572
v 1.574481 -0.167956 0.006050
v 1.572486 -0.167969 0.055950
v 1.566764 -0.145914 0.018278
v 1.565765 -0.145921 0.043227
v 2.330271 0.895285 0.062700
v 2.330806 0.895425 0.044054
v 2.297443 0.977168 0.065509
v 2.294752 0.955530 0.069441
v 2.295723 0.955775 0.036186
v 2.298164 0.977352 0.040550
v 1.645978 0.542280 0.009862
v 1.634038 0.547540 0.034443
v 1.658758 0.562905 0.022600
v 1.657930 0.563108 0.047554
v 1.644324 0.542684 0.059772
v 1.682669 0.560642 0.052480
v 1.683770 0.560372 0.019230
v 2.093859 -0.643535 0.034152
v 2.093146 -0.643726 0.052792
v 2.040889 -0.697161 0.057886
v 2.042156 -0.696824 0.024642
v 3.137569 0.944457 0.099058
v 3.139138 0.944648 0.049144
v 3.144747 0.954244 0.074322
v 3.115505 0.955489 0.060983
v 3.096122 0.941260 0.056215
v 3.114713 0.955392 0.085940
v 3.095076 0.941133 0.089468
v 3.475565 -0.270880 0.088102
v 3.476060 -0.270928 0.069455
v 3.551626 -0.290618 0.064134
v 3.550771 -0.290527 0.097392
v 1.665482 -0.125100 0.043543
v 1.666227 -0.125096 0.024903
v 1.585851 -0.132478 0.048082
v 1.587180 -0.132470 0.014838
v 1.566764 -0.145914 0.018278
v 1.565765 -0.145921 0.043227
v 3.622897 0.404440 0.072139
v 3.622139 0.404449 0.097097
v 3.525875 0.373427 0.091195
v 3.526442 0.373420 0.072550
v 3.596983 0.405913 0.100531
v 3.597983 0.405903 0.067277
v 2.349359 0.990624 0.067024
v 2.350080 0.990807 0.042066
v 2.320478 0.994496 0.053768
v 2.324482 0.984174 0.028829
v 2.323041 0.983804 0.078746
v 2.297443 0.977168 0.065509
v 2.298164 0.977352 0.040550
v 1.666742 0.532888 0.002257
v 1.632371 0.521857 0.022079
v 1.645978 0.542280 0.009862
v 1.658758 0.562905 0.022600
v 1.648611 0.505675 0.018535
v 1.724034 0.486833 0.028284
v 1.734203 0.502091 0.019158
v 1.743749 0.517502 0.028674
v 1.683770 0.560372 0.019230
v 2.073969 -0.710846 0.008932
v 2.085044 -0.739675 0.029843
v 2.062115 -0.728901 0.016682
v 2.038243 -0.718377 0.028472
v 2.104529 -0.725201 0.026468
v 2.128829 -0.659448 0.035175
v 2.111693 -0.651398 0.025344
v 2.093859 -0.643535 0.034152
v 2.042156 -0.696824 0.024642
v 3.158077 0.912250 0.057920
v 3.105162 0.859358 0.063500
v 3.161993 0.933716 0.062262
v 3.127615 0.926818 0.040440
v 3.088089 0.867528 0.053698
v 3.070426 0.875627 0.062544
v 3.139138 0.944648 0.049144
v 3.115505 0.955489 0.060983
v 3.096122 0.941260 0.056215
v 3.540481 -0.347720 0.068109
v 3.567401 -0.306919 0.068725
v 3.554262 -0.327354 0.055936
v 3.534120 -0.317842 0.047094
v 3.515759 -0.344979 0.063314
v 3.455933 -0.301410 0.068995
v 3.466236 -0.286194 0.059900
v 3.476060 -0.270928 0.069455
v 3.551626 -0.290618 0.064134
v 2.918580 -0.760395 0.050685
v 2.893063 -0.767189 0.037409
v 2.886961 -0.747759 0.029212
v 2.920970 -0.738710 0.046901
v 2.884614 -0.678914 0.054071
v 2.865553 -0.683982 0.044154
v 2.845959 -0.689347 0.052881
v 2.852012 -0.757322 0.044777
v 2.866832 -0.774367 0.049090
v 1.581201 -0.190002 0.018772
v 1.574481 -0.167956 0.006050
v 1.597464 -0.161837 -0.001455
v 1.606419 -0.191212 0.015496
v 1.677016 -0.158034 0.025272
v 1.671994 -0.141562 0.015768
v 1.666227 -0.125096 0.024903
v 1.587180 -0.132470 0.014838
v 1.566764 -0.145914 0.018278
v 3.636732 0.360195 0.072536
v 3.630193 0.382315 0.059858
v 3.607709 0.376421 0.050914
v 3.622897 0.404440 0.072139
v 3.616421 0.346946 0.067806
v 3.536781 0.340364 0.072847
v 3.531902 0.356890 0.063375
v 3.526442 0.373420 0.072550
v 3.597983 0.405903 0.067277
v 2.350080 0.990807 0.042066
v 2.324482 0.984174 0.028829
v 2.330788 0.964862 0.020568
v 2.364884 0.973703 0.038206
v 2.369597 0.905475 0.045187
v 2.350477 0.900520 0.035297
v 2.330806 0.895425 0.044054
v 2.295723 0.955775 0.036186
v 2.298164 0.977352 0.040550
v 1.743749 0.517502 0.028674
v 1.743135 0.517653 0.047317
v 1.682669 0.560642 0.052480
v 1.683770 0.560372 0.019230
v 2.104529 -0.725201 0.026468
v 2.103262 -0.725538 0.059713
v 2.128829 -0.659448 0.035175
v 2.128116 -0.659637 0.053816
v 3.161216 0.933621 0.087219
v 3.157032 0.912124 0.091173
v 3.158077 0.912250 0.057920
v 3.161993 0.933716 0.062262
v 3.137569 0.944457 0.099058
v 3.139138 0.944648 0.049144
v 3.144747 0.954244 0.074322
v 3.552963 -0.327221 0.105858
v 3.564658 -0.332458 0.081193
v 3.566759 -0.306853 0.093686
v 3.567401 -0.306919 0.068725
v 3.554262 -0.327354 0.055936
v 3.551626 -0.290618 0.064134
v 3.550771 -0.290527 0.097392
v 2.918580 -0.760395 0.050685
v 2.917868 -0.760792 0.075641
v 2.920970 -0.738710 0.046901
v 2.920015 -0.739227 0.080154
v 2.884081 -0.679206 0.072716
v 2.884614 -0.678914 0.054071
v 3.635974 0.360202 0.097494
v 3.636732 0.360195 0.072536
v 3.641754 0.385515 0.085167
v 3.630193 0.382315 0.059858
v 3.628678 0.382329 0.109774
v 3.622897 0.404440 0.072139
v 3.622139 0.404449 0.097097
v 2.349359 0.990624 0.067024
v 2.350080 0.990807 0.042066
v 2.364884 0.973703 0.038206
v 2.363929 0.973456 0.071461
v 2.369047 0.905336 0.063832
v 2.369597 0.905475 0.045187
v 1.648611 0.505675 0.018535
v 1.647512 0.505946 0.051787
v 1.724034 0.486833 0.028284
v 1.723416 0.486984 0.046929
v 2.085044 -0.739675 0.029843
v 2.062115 -0.728901 0.016682
v 2.054902 -0.738901 0.041338
v 2.084085 -0.739930 0.054793
v 2.060213 -0.729408 0.066583
v 2.104529 -0.725201 0.026468
v 2.103262 -0.725538 0.059713
v 3.157032 0.912124 0.091173
v 3.104573 0.859289 0.082144
v 3.158077 0.912250 0.057920
v 3.105162 0.859358 0.063500
v 3.539839 -0.347654 0.093070
v 3.552963 -0.327221 0.105858
v 3.564658 -0.332458 0.081193
v 3.540481 -0.347720 0.068109
v 3.554262 -0.327354 0.055936
v 3.514889 -0.344892 0.096573
v 3.515759 -0.344979 0.063314
v 2.918580 -0.760395 0.050685
v 2.917868 -0.760792 0.075641
v 2.895783 -0.778041 0.062312
v 2.893063 -0.767189 0.037409
v 2.891637 -0.767970 0.087321
v 2.866119 -0.774751 0.074045
v 2.866832 -0.774367 0.049090
v 1.581201 -0.190002 0.018772
v 1.580203 -0.190008 0.043722
v 1.606419 -0.191212 0.015496
v 1.605091 -0.191221 0.048741
v 1.676270 -0.158038 0.043912
v 1.677016 -0.158034 0.025272
v 3.635974 0.360202 0.097494
v 3.636732 0.360195 0.072536
v 3.616421 0.346946 0.067806
v 3.615422 0.346959 0.101061
v 3.536230 0.340371 0.091492
v 3.536781 0.340364 0.072847
v 1.631544 0.522059 0.047034
v 1.657930 0.563108 0.047554
v 1.644324 0.542684 0.059772
v 1.664540 0.533429 0.068759
v 1.647512 0.505946 0.051787
v 1.723416 0.486984 0.046929
v 1.732964 0.502394 0.056445
v 1.743135 0.517653 0.047317
v 1.682669 0.560642 0.052480
v 2.084085 -0.739930 0.054793
v 2.037284 -0.718632 0.053422
v 2.060213 -0.729408 0.066583
v 2.071434 -0.711520 0.075422
v 2.103262 -0.725538 0.059713
v 2.128116 -0.659637 0.053816
v 2.110266 -0.651777 0.062624
v 2.093146 -0.643726 0.052792
v 2.040889 -0.697161 0.057886
v 3.161216 0.933621 0.087219
v 3.125524 0.926563 0.106948
v 3.157032 0.912124 0.091173
v 3.104573 0.859289 0.082144
v 3.086912 0.867384 0.090990
v 3.069838 0.875555 0.081188
v 3.137569 0.944457 0.099058
v 3.114713 0.955392 0.085940
v 3.095076 0.941133 0.089468
v 3.532395 -0.317667 0.113612
v 3.539839 -0.347654 0.093070
v 3.552963 -0.327221 0.105858
v 3.566759 -0.306853 0.093686
v 3.514889 -0.344892 0.096573
v 3.455454 -0.301361 0.087642
v 3.465277 -0.286095 0.097197
v 3.475565 -0.270880 0.088102
v 3.550771 -0.290527 0.097392
v 2.917868 -0.760792 0.075641
v 2.891637 -0.767970 0.087321
v 2.920015 -0.739227 0.080154
v 2.884081 -0.679206 0.072716
v 2.885067 -0.748803 0.095718
v 2.864488 -0.684571 0.081443
v 2.845427 -0.689642 0.071524
v 2.866119 -0.774751 0.074045
v 2.851072 -0.757837 0.078029
v 1.580203 -0.190008 0.043722
v 1.572486 -0.167969 0.055950
v 1.605091 -0.191221 0.048741
v 1.676270 -0.158038 0.043912
v 1.594807 -0.161854 0.065033
v 1.670503 -0.141571 0.053048
v 1.665482 -0.125100 0.043543
v 1.585851 -0.132478 0.048082
v 1.565765 -0.145921 0.043227
v 3.635974 0.360202 0.097494
v 3.628678 0.382329 0.109774
v 3.622139 0.404449 0.097097
v 3.615422 0.346959 0.101061
v 3.605695 0.376440 0.117424
v 3.536230 0.340371 0.091492
v 3.530769 0.356903 0.100668
v 3.525875 0.373427 0.091195
v 3.596983 0.405913 0.100531
v 2.349359 0.990624 0.067024
v 2.323041 0.983804 0.078746
v 2.363929 0.973456 0.071461
v 2.369047 0.905336 0.063832
v 2.328862 0.964369 0.087079
v 2.349392 0.900242 0.072590
v 2.330271 0.895285 0.062700
v 2.297443 0.977168 0.065509
v 2.294752 0.955530 0.069441
v -0.184874 0.213935 -0.444870
v -0.214215 0.121590 -0.372946
v -0.186551 0.213745 -0.378000
v -0.212237 0.121814 -0.451829
v -0.232392 0.021636 -0.373686
v -0.230414 0.021860 -0.452569
v -0.236967 -0.072522 -0.446991
v -0.238643 -0.072712 -0.380120
v -0.069033 0.201345 -0.375088
v -0.067357 0.201535 -0.441958
v -0.186551 0.213745 -0.378000
v -0.184874 0.213935 -0.444870
v -0.075586 0.106963 -0.369511
v -0.073608 0.107188 -0.448394
v -0.043590 0.087181 -0.434705
v -0.044917 0.087031 -0.381792
v 0.074498 0.074432 -0.378833
v 0.075825 0.074582 -0.431746
v -0.184874 0.213935 -0.444870
v -0.067357 0.201535 -0.441958
v -0.212237 0.121814 -0.451829
v -0.073608 0.107188 -0.448394
v -0.091785 0.007233 -0.449134
v -0.230414 0.021860 -0.452569
v -0.236967 -0.072522 -0.446991
v -0.119449 -0.084922 -0.444079
v -0.055784 0.020132 -0.435201
v -0.043590 0.087181 -0.434705
v 0.063633 0.007533 -0.432243
v 0.075825 0.074582 -0.431746
v 0.074498 0.074432 -0.378833
v 0.062306 0.007383 -0.379329
v 0.063633 0.007533 -0.432243
v 0.075825 0.074582 -0.431746
v -0.093763 0.007009 -0.370251
v -0.121126 -0.085112 -0.377209
v -0.119449 -0.084922 -0.444079
v -0.091785 0.007233 -0.449134
v -0.075586 0.106963 -0.369511
v -0.067357 0.201535 -0.441958
v -0.069033 0.201345 -0.375088
v -0.073608 0.107188 -0.448394
v -0.236967 -0.072522 -0.446991
v -0.121126 -0.085112 -0.377209
v -0.238643 -0.072712 -0.380120
v -0.119449 -0.084922 -0.444079
v -0.093763 0.007009 -0.370251
v -0.091785 0.007233 -0.449134
v -0.055784 0.020132 -0.435201
v -0.057111 0.019982 -0.382288
v 0.063633 0.007533 -0.432243
v 0.062306 0.007383 -0.379329
v -0.069033 0.201345 -0.375088
v -0.214215 0.121590 -0.372946
v -0.075586 0.106963 -0.369511
v -0.186551 0.213745 -0.378000
v -0.093763 0.007009 -0.370251
v -0.232392 0.021636 -0.373686
v -0.238643 -0.072712 -0.380120
v -0.121126 -0.085112 -0.377209
v -0.057111 0.019982 -0.382288
v -0.044917 0.087031 -0.381792
v 0.062306 0.007383 -0.379329
v 0.074498 0.074432 -0.378833
v 0.427150 0.406949 0.492269
v 0.443350 0.386052 0.517892
v 0.435399 0.410232 0.511385
v 0.437743 0.374730 0.500940
v 0.455464 0.369189 0.439480
v 0.449525 0.387253 0.434618
v 0.879737 -0.351643 -0.413044
v 0.864075 -0.355034 -0.380720
v 0.869565 -0.333449 -0.406190
v 0.875616 -0.367843 -0.393928
v 0.876416 -0.285789 -0.361036
v 0.873337 -0.297893 -0.346756
v -0.610922 -0.019016 -0.228140
v -0.618715 -0.039588 -0.231835
v -0.614817 -0.064807 -0.220201
v -0.635352 -0.045079 -0.211896
v -0.625439 -0.062233 -0.195257
v -0.619881 -0.049189 -0.179403
v -0.573374 0.003334 -0.160480
v -0.633088 -0.026332 -0.201573
v -0.580779 0.016149 -0.172911
v 0.180771 0.203920 -0.597222
v 0.180961 0.178604 -0.590669
v 0.179152 0.204794 -0.513767
v 0.170015 0.212893 -0.581059
v 0.179010 0.223709 -0.518663
v 0.170269 0.179161 -0.572326
v 0.938009 0.585434 0.230507
v 0.947182 0.591036 0.207673
v 0.931910 0.564194 0.228949
v 0.958310 0.585663 0.249066
v 0.944132 0.571659 0.198523
v 0.968274 0.507791 0.199503
v 0.961422 0.503605 0.216563
v 0.976588 0.503776 0.230428
v 0.958958 0.564499 0.253677
v 1.491288 0.133494 -0.216899
v 1.496330 0.108058 -0.213016
v 1.481211 0.139279 -0.199195
v 1.487928 0.105385 -0.194020
v 1.499849 0.125709 -0.133974
v 1.496083 0.144714 -0.136875
v -0.366275 -0.205656 0.126521
v -0.361368 -0.199885 0.160881
v -0.364525 -0.188397 0.138936
v -0.335013 -0.187310 0.113583
v -0.341064 -0.174628 0.129226
v -0.327149 -0.259045 0.105997
v -0.324788 -0.267629 0.122391
v -0.362069 -0.220965 0.155760
v 0.427150 0.406949 0.492269
v 0.435399 0.410232 0.511385
v 0.456915 0.429194 0.508277
v 0.455819 0.432214 0.488129
v 0.486381 0.423976 0.511677
v 0.449525 0.387253 0.434618
v 0.465600 0.401419 0.432296
v 0.487614 0.397521 0.434836
v 0.495080 0.425260 0.492658
v 0.869565 -0.333449 -0.406190
v 0.907091 -0.321870 -0.413957
v 0.897457 -0.279297 -0.365392
v 0.876416 -0.285789 -0.361036
v -0.610922 -0.019016 -0.228140
v -0.568350 0.020251 -0.187807
v -0.633088 -0.026332 -0.201573
v -0.580779 0.016149 -0.172911
v 0.240282 0.216720 -0.575902
v 0.233506 0.206792 -0.593353
v 0.207044 0.218014 -0.598565
v 0.205022 0.231673 -0.582847
v 0.180771 0.203920 -0.597222
v 0.218410 0.225855 -0.515772
v 0.198640 0.234238 -0.519665
v 0.170015 0.212893 -0.581059
v 0.179010 0.223709 -0.518663
v 0.938009 0.585434 0.230507
v 0.947182 0.591036 0.207673
v 0.958310 0.585663 0.249066
v 0.965477 0.601734 0.227848
v 0.987783 0.591494 0.244789
v 0.976655 0.596867 0.203396
v 0.996956 0.597096 0.221954
v 1.491288 0.133494 -0.216899
v 1.481211 0.139279 -0.199195
v 1.496083 0.144714 -0.136875
v 1.512617 0.162321 -0.201519
v 1.513693 0.157633 -0.138178
v 1.535070 0.151548 -0.136580
v 1.514860 0.150788 -0.218645
v 1.550744 0.151466 -0.198670
v 1.543474 0.142642 -0.216505
v -0.361368 -0.199885 0.160881
v -0.364525 -0.188397 0.138936
v -0.341758 -0.177167 0.155700
v -0.335013 -0.187310 0.113583
v -0.341064 -0.174628 0.129226
v -0.299544 -0.184275 0.129883
v -0.311287 -0.183840 0.163405
v -0.314444 -0.172349 0.141461
v 0.879737 -0.351643 -0.413044
v 0.869565 -0.333449 -0.406190
v 0.904961 -0.367667 -0.405871
v 0.907899 -0.342953 -0.418873
v 0.907091 -0.321870 -0.413957
v 0.939128 -0.331876 -0.396253
v 0.931944 -0.350463 -0.405586
v -0.610922 -0.019016 -0.228140
v -0.592167 -0.051251 -0.235134
v -0.618715 -0.039588 -0.231835
v -0.614817 -0.064807 -0.220201
v -0.582254 -0.068404 -0.218496
v -0.562339 -0.057412 -0.210367
v -0.575548 -0.034557 -0.232537
v -0.548515 0.011537 -0.190272
v -0.568350 0.020251 -0.187807
v 0.233696 0.181477 -0.586798
v 0.233506 0.206792 -0.593353
v 0.208296 0.189855 -0.601718
v 0.207044 0.218014 -0.598565
v 0.207424 0.167383 -0.585458
v 0.180771 0.203920 -0.597222
v 0.180961 0.178604 -0.590669
v 0.947182 0.591036 0.207673
v 0.976655 0.596867 0.203396
v 0.983403 0.579429 0.192824
v 0.944132 0.571659 0.198523
v 0.968274 0.507791 0.199503
v 0.990295 0.512147 0.196308
v 1.491288 0.133494 -0.216899
v 1.496330 0.108058 -0.213016
v 1.524943 0.099913 -0.210877
v 1.514860 0.150788 -0.218645
v 1.520208 0.123680 -0.224751
v 1.543474 0.142642 -0.216505
v 1.548514 0.117205 -0.212622
v -0.366275 -0.205656 0.126521
v -0.335013 -0.187310 0.113583
v -0.309618 -0.248759 0.098742
v -0.327149 -0.259045 0.105997
v -0.299544 -0.184275 0.129883
v -0.289731 -0.247058 0.107882
v 0.486381 0.423976 0.511677
v 0.494331 0.399796 0.518183
v 0.487614 0.397521 0.434836
v 0.505673 0.393042 0.501328
v 0.493553 0.379455 0.439697
v 0.495080 0.425260 0.492658
v 0.907091 -0.321870 -0.413957
v 0.897457 -0.279297 -0.365392
v 0.939128 -0.331876 -0.396253
v 0.915420 -0.284907 -0.355465
v 0.931944 -0.350463 -0.405586
v 0.912342 -0.297009 -0.341182
v 0.933638 -0.353461 -0.370781
v 0.927822 -0.366663 -0.386470
v -0.562339 -0.057412 -0.210367
v -0.584505 -0.064729 -0.183800
v -0.575548 -0.034557 -0.232537
v -0.541109 -0.001277 -0.177842
v -0.553537 -0.005380 -0.162944
v -0.548515 0.011537 -0.190272
v 0.240282 0.216720 -0.575902
v 0.233696 0.181477 -0.586798
v 0.233506 0.206792 -0.593353
v 0.240536 0.182990 -0.567171
v 0.218551 0.206941 -0.510876
v 0.218410 0.225855 -0.515772
v 0.987783 0.591494 0.244789
v 0.976655 0.596867 0.203396
v 0.996956 0.597096 0.221954
v 1.010451 0.579733 0.217552
v 0.983403 0.579429 0.192824
v 0.990295 0.512147 0.196308
v 1.005461 0.512319 0.210174
v 0.998607 0.508132 0.227234
v 0.998229 0.572269 0.247979
v 1.538838 0.132544 -0.133678
v 1.535070 0.151548 -0.136580
v 1.550744 0.151466 -0.198670
v 1.543474 0.142642 -0.216505
v 1.548514 0.117205 -0.212622
v 1.557461 0.117573 -0.193494
v -0.299544 -0.184275 0.129883
v -0.289731 -0.247058 0.107882
v -0.287371 -0.255642 0.124277
v -0.295336 -0.199585 0.159123
v -0.311287 -0.183840 0.163405
v -0.314444 -0.172349 0.141461
v 0.443350 0.386052 0.517892
v 0.472815 0.380834 0.521291
v 0.494331 0.399796 0.518183
v 0.477005 0.367777 0.505469
v 0.437743 0.374730 0.500940
v 0.455464 0.369189 0.439480
v 0.477478 0.365290 0.442019
v 0.505673 0.393042 0.501328
v 0.493553 0.379455 0.439697
v 0.879737 -0.351643 -0.413044
v 0.864075 -0.355034 -0.380720
v 0.875616 -0.367843 -0.393928
v 0.904961 -0.367667 -0.405871
v 0.931944 -0.350463 -0.405586
v 0.933638 -0.353461 -0.370781
v 0.896111 -0.365040 -0.363015
v 0.899660 -0.375353 -0.380641
v 0.927822 -0.366663 -0.386470
v -0.592167 -0.051251 -0.235134
v -0.614817 -0.064807 -0.220201
v -0.582254 -0.068404 -0.218496
v -0.625439 -0.062233 -0.195257
v -0.598891 -0.073895 -0.198556
v -0.562339 -0.057412 -0.210367
v -0.619881 -0.049189 -0.179403
v -0.584505 -0.064729 -0.183800
v 0.233696 0.181477 -0.586798
v 0.240536 0.182990 -0.567171
v 0.207424 0.167383 -0.585458
v 0.180961 0.178604 -0.590669
v 0.205528 0.164209 -0.565382
v 0.218551 0.206941 -0.510876
v 0.198924 0.196411 -0.509874
v 0.179152 0.204794 -0.513767
v 0.170269 0.179161 -0.572326
v 1.496330 0.108058 -0.213016
v 1.487928 0.105385 -0.194020
v 1.499849 0.125709 -0.133974
v 1.526054 0.094532 -0.191171
v 1.521228 0.119624 -0.132377
v 1.538838 0.132544 -0.133678
v 1.524943 0.099913 -0.210877
v 1.548514 0.117205 -0.212622
v 1.557461 0.117573 -0.193494
v -0.324788 -0.267629 0.122391
v -0.362069 -0.220965 0.155760
v -0.304902 -0.265927 0.131531
v -0.326600 -0.217931 0.172062
v 0.443350 0.386052 0.517892
v 0.435399 0.410232 0.511385
v 0.464026 0.407735 0.524540
v 0.456915 0.429194 0.508277
v 0.472815 0.380834 0.521291
v 0.486381 0.423976 0.511677
v 0.494331 0.399796 0.518183
v 0.864075 -0.355034 -0.380720
v 0.873337 -0.297893 -0.346756
v 0.912342 -0.297009 -0.341182
v 0.891300 -0.303503 -0.336828
v 0.933638 -0.353461 -0.370781
v 0.896111 -0.365040 -0.363015
v -0.619881 -0.049189 -0.179403
v -0.584505 -0.064729 -0.183800
v -0.553537 -0.005380 -0.162944
v -0.573374 0.003334 -0.160480
v 0.958310 0.585663 0.249066
v 0.987783 0.591494 0.244789
v 0.976588 0.503776 0.230428
v 0.998607 0.508132 0.227234
v 0.958958 0.564499 0.253677
v 0.998229 0.572269 0.247979
v -0.361368 -0.199885 0.160881
v -0.341758 -0.177167 0.155700
v -0.287371 -0.255642 0.124277
v -0.362069 -0.220965 0.155760
v -0.304902 -0.265927 0.131531
v -0.334750 -0.197608 0.173114
v -0.326600 -0.217931 0.172062
v -0.295336 -0.199585 0.159123
v -0.311287 -0.183840 0.163405
v 0.020281 0.400936 -0.466484
v 0.021433 0.504919 -0.536824
v 0.012707 0.402706 -0.536977
v -0.004586 0.362344 -0.537911
v -0.025312 0.318059 -0.526677
v -0.039798 0.287067 -0.496520
v 0.015225 0.461243 -0.429054
v 0.018689 0.506111 -0.430916
v -0.014875 0.584745 -0.431539
v -0.012220 0.585091 -0.538529
v 0.003920 0.406670 -0.412603
v -0.005794 0.344252 -0.414174
v -0.045538 0.274737 -0.452663
v 0.003260 0.383929 -0.363939
v -0.045932 0.273912 -0.415380
v -0.049453 0.273513 -0.274947
v -0.001089 0.382457 -0.273425
v -0.087234 0.744954 -0.429454
v -0.083934 0.735837 -0.539829
v -0.134580 0.854424 -0.483019
v -0.104011 0.776400 -0.408017
v -0.117992 0.798749 -0.364024
v -0.161268 0.908368 -0.358070
v -0.130283 0.797928 -0.005707
v -0.170650 0.908746 -0.006404
v -0.179292 0.906324 0.360738
v -0.136354 0.796667 0.368231
v -0.158891 0.851667 0.486559
v -0.124591 0.774068 0.412742
v -0.108906 0.742497 0.434813
v -0.111139 0.732752 0.545162
v -0.036719 0.582268 0.439611
v -0.039428 0.582006 0.546600
v -0.005722 0.501839 0.546128
v -0.003155 0.503634 0.440224
v -0.006514 0.458778 0.437936
v -0.003331 0.398258 0.475229
v -0.014430 0.399629 0.545264
v -0.031743 0.359266 0.545100
v -0.051873 0.315047 0.532589
v -0.016973 0.404300 0.420629
v -0.064825 0.284229 0.501568
v -0.026745 0.341877 0.421357
v -0.068358 0.272150 0.457410
v -0.015190 0.381837 0.371865
v -0.066883 0.271537 0.420150
v -0.063361 0.271936 0.279717
v -0.014997 0.380880 0.281240
v 1.016675 0.001252 -0.472818
v 1.119913 -0.073293 -0.470441
v 1.006418 -0.009120 -0.429070
v 1.108543 -0.082861 -0.426718
v 1.005700 -0.010069 -0.391795
v 1.106600 -0.082926 -0.389472
v 1.103078 -0.083325 -0.249038
v 1.002179 -0.010469 -0.251361
v 0.991649 -0.001586 0.525270
v 1.094886 -0.076130 0.527647
v 0.983598 -0.011707 0.481004
v 1.085723 -0.085449 0.483355
v 0.984749 -0.012445 0.443736
v 1.085649 -0.085302 0.446059
v 1.089170 -0.084902 0.305625
v 0.988271 -0.012046 0.303303
v -0.032798 -0.355954 -0.377329
v -0.051250 -0.358047 0.358551
v -0.041057 -0.379513 -0.377604
v -0.059509 -0.381606 0.358277
v -0.027733 -0.400624 -0.377329
v -0.046185 -0.402717 0.358551
v 0.674171 0.404175 -0.357441
v 0.655719 0.402082 0.378439
v 0.665911 0.380615 -0.357715
v 0.647460 0.378523 0.378165
v 0.679235 0.359504 -0.357441
v 0.660785 0.357412 0.378439
v 0.736909 -0.313920 0.378439
v 0.750296 -0.267157 -0.357441
v 0.755361 -0.311828 -0.357441
v 0.731843 -0.269249 0.378439
v 0.723584 -0.292808 0.378165
v 0.742036 -0.290715 -0.357715
v 1.181688 0.332116 -0.404230
v 1.183916 0.682989 -0.399733
v 1.184356 0.673990 -0.510180
v 1.184364 0.332468 -0.511219
v 1.171559 0.800561 -0.452397
v 1.163492 0.210488 -0.405027
v 1.177319 0.717263 -0.378033
v 1.165635 0.209342 -0.510950
v 1.170653 0.741916 -0.333849
v 1.162222 0.858389 -0.327002
v 1.158567 0.741826 0.024415
v 1.153280 0.858858 0.024616
v 1.144198 0.856345 0.391805
v 1.152292 0.739834 0.398406
v 1.147247 0.797804 0.517180
v 1.156739 0.714929 0.442726
v 1.162245 0.680531 0.464534
v 1.157151 0.670905 0.574811
v 1.159846 0.329639 0.466920
v 1.157155 0.329383 0.573909
v 1.141649 0.208011 0.466113
v 1.138481 0.206263 0.572002
v 1.115200 0.147820 0.463202
v 1.094065 0.089016 0.499890
v 1.084264 0.093061 0.569966
v 1.083846 0.099191 0.445388
v 1.049958 0.042664 0.445527
v 1.076602 0.077657 0.396400
v 1.117679 0.091694 -0.441823
v 1.111401 0.096138 -0.512277
v 1.136940 0.150285 -0.403788
v 1.104739 0.101560 -0.387844
v 1.070909 0.045039 -0.390003
v 1.095052 0.079750 -0.339404
v -0.121906 0.268660 0.342555
v -0.126972 0.313331 0.342555
v -0.122309 0.268615 0.358551
v -0.127374 0.313285 0.358551
v -0.135633 0.289726 0.358277
v -0.135232 0.289771 0.342281
v 2.426726 0.297119 0.170978
v 2.427995 0.297263 0.120359
v 2.367771 0.128942 0.169021
v 2.369040 0.129086 0.118402
v 2.462885 -0.021765 0.170978
v 2.464154 -0.021621 0.120359
v 2.431258 0.297633 -0.009749
v 2.432527 0.297777 -0.060368
v 2.372303 0.129456 -0.011705
v 2.373572 0.129600 -0.062324
v 2.467417 -0.021251 -0.009749
v 2.468686 -0.021107 -0.060368
v -0.004110 0.896744 -0.476294
v -0.134580 0.854424 -0.483019
v -0.030796 0.946734 -0.355088
v -0.161268 0.908368 -0.358070
v -0.040423 0.947345 -0.003029
v -0.170650 0.908746 -0.006404
v -0.179292 0.906324 0.360738
v -0.048839 0.944688 0.364517
v -0.158891 0.851667 0.486559
v -0.028255 0.894006 0.486622
v 2.768166 0.321591 0.129709
v 2.768953 0.321680 0.098349
v 2.601871 0.365840 0.094285
v 2.601084 0.365751 0.125645
v 0.638626 0.143222 0.044424
v 0.637840 0.143133 0.075784
v 2.770679 0.321876 0.029495
v 2.771466 0.321965 -0.001900
v 2.604384 0.366125 -0.005964
v 2.603597 0.366036 0.025431
v 0.641140 0.143508 -0.055825
v 0.640353 0.143418 -0.024430
v 1.309146 0.812719 -0.445580
v 1.171559 0.800561 -0.452397
v 1.162222 0.858389 -0.327002
v 1.298624 0.866712 -0.323957
v 1.289518 0.867461 0.028056
v 1.153280 0.858858 0.024616
v 1.144198 0.856345 0.391805
v 1.280580 0.864666 0.395648
v 1.285001 0.809981 0.517336
v 1.147247 0.797804 0.517180
v -0.007793 -0.343748 -0.376668
v -0.026245 -0.345841 0.359213
v 0.000857 -0.352138 0.359874
v -0.032798 -0.355954 -0.377329
v 0.019309 -0.350046 -0.376006
v -0.051250 -0.358047 0.358551
v 0.699175 0.416379 -0.356779
v 0.680723 0.414287 0.379101
v 0.707825 0.407991 0.379763
v 0.674171 0.404175 -0.357441
v 0.726277 0.410083 -0.356118
v 0.655719 0.402082 0.378439
v 0.802401 -0.261249 -0.356118
v 0.783949 -0.263341 0.379763
v 0.775299 -0.254951 -0.356779
v 0.756847 -0.257044 0.379101
v 0.750296 -0.267157 -0.357441
v 0.731843 -0.269249 0.378439
v 1.094065 0.089016 0.499890
v 1.084264 0.093061 0.569966
v 1.052152 0.059751 0.569450
v 1.015900 0.023694 0.556558
v 0.991649 -0.001586 0.525270
v 0.983598 -0.011707 0.481004
v 1.049958 0.042664 0.445527
v 1.076602 0.077657 0.396400
v 0.984749 -0.012445 0.443736
v 0.988271 -0.012046 0.303303
v 1.076463 0.077372 0.305768
v 1.117679 0.091694 -0.441823
v 1.111401 0.096138 -0.512277
v 1.079307 0.062830 -0.513561
v 1.042460 0.026705 -0.502707
v 1.016675 0.001252 -0.472818
v 1.006418 -0.009120 -0.429070
v 1.070909 0.045039 -0.390003
v 1.005700 -0.010069 -0.391795
v 1.095052 0.079750 -0.339404
v 1.002179 -0.010469 -0.251361
v 1.090371 0.078949 -0.248895
v -0.075267 0.319193 0.359874
v -0.074866 0.319239 0.343878
v -0.101969 0.325537 0.343217
v -0.102371 0.325491 0.359213
v -0.126972 0.313331 0.342555
v -0.127374 0.313285 0.358551
v 0.003920 0.406670 -0.412603
v 0.132220 0.363539 -0.406386
v 0.125602 0.346454 -0.360485
v 0.003260 0.383929 -0.363939
v 0.123890 0.344576 -0.270399
v -0.001089 0.382457 -0.273425
v -0.016973 0.404300 0.420629
v 0.111483 0.361188 0.420605
v 0.107177 0.344365 0.374333
v -0.015190 0.381837 0.371865
v 0.109982 0.342999 0.284266
v -0.014997 0.380880 0.281240
v 2.605221 0.384251 0.175701
v 2.798693 0.339297 0.180425
v 2.799963 0.339441 0.129806
v 2.606490 0.384395 0.125082
v 2.426726 0.297119 0.170978
v 2.427995 0.297263 0.120359
v 2.609753 0.384765 -0.005025
v 2.803225 0.339811 -0.000302
v 2.804494 0.339955 -0.050921
v 2.611022 0.384908 -0.055644
v 2.431258 0.297633 -0.009749
v 2.432527 0.297777 -0.060368
v 0.047933 0.771661 -0.536209
v 0.116882 0.620524 -0.536030
v -0.012220 0.585091 -0.538529
v 0.021433 0.504919 -0.536824
v -0.083934 0.735837 -0.539829
v 0.154701 0.522933 -0.535390
v -0.004110 0.896744 -0.476294
v 0.012707 0.402706 -0.536977
v -0.134580 0.854424 -0.483019
v 0.136183 0.359587 -0.535611
v -0.004586 0.362344 -0.537911
v 0.121909 0.324004 -0.534848
v 0.102563 0.279299 -0.523580
v -0.025312 0.318059 -0.526677
v -0.039798 0.287067 -0.496520
v 0.088076 0.248309 -0.493423
v 0.024374 -0.394715 -0.376006
v 0.019309 -0.350046 -0.376006
v 0.032633 -0.371157 -0.375732
v -0.007793 -0.343748 -0.376668
v -0.027733 -0.400624 -0.377329
v -0.000631 -0.406922 -0.376668
v -0.032798 -0.355954 -0.377329
v -0.041057 -0.379513 -0.377604
v 0.731342 0.365413 -0.356118
v 0.699175 0.416379 -0.356779
v 0.739602 0.388971 -0.355844
v 0.726277 0.410083 -0.356118
v 0.706339 0.353207 -0.356779
v 0.679235 0.359504 -0.357441
v 0.674171 0.404175 -0.357441
v 0.665911 0.380615 -0.357715
v 0.782463 -0.318124 -0.356779
v 0.742036 -0.290715 -0.357715
v 0.750296 -0.267157 -0.357441
v 0.755361 -0.311828 -0.357441
v 0.802401 -0.261249 -0.356118
v 0.775299 -0.254951 -0.356779
v 0.815726 -0.282360 -0.355844
v 0.807468 -0.305919 -0.356118
v 2.899608 0.189248 -0.048964
v 2.373572 0.129600 -0.062324
v 2.611022 0.384908 -0.055644
v 2.432527 0.297777 -0.060368
v 2.804494 0.339955 -0.050921
v 2.662158 -0.066060 -0.055644
v 2.468686 -0.021107 -0.060368
v 2.840653 0.021071 -0.050921
v 2.804436 0.031210 -0.001900
v 2.771466 0.321965 -0.001900
v 2.857170 0.184436 -0.000142
v 2.651484 -0.049240 -0.005964
v 2.604384 0.366125 -0.005964
v 0.641140 0.143508 -0.055825
v 0.688239 -0.271857 -0.055825
v 1.321327 0.679521 -0.506517
v 1.318241 0.328164 -0.508714
v 1.184364 0.332468 -0.511219
v 1.165635 0.209342 -0.510950
v 1.184356 0.673990 -0.510180
v 1.296452 0.187243 -0.509692
v 1.309146 0.812719 -0.445580
v 1.111401 0.096138 -0.512277
v 1.171559 0.800561 -0.452397
v 1.208826 0.018751 -0.511660
v 1.079307 0.062830 -0.513561
v 1.181432 -0.010912 -0.511210
v 1.042460 0.026705 -0.502707
v 1.145698 -0.047840 -0.500331
v 1.016675 0.001252 -0.472818
v 1.119913 -0.073293 -0.470441
v 2.801922 0.030925 0.098349
v 2.768953 0.321680 0.098349
v 2.854656 0.184151 0.100107
v 2.648970 -0.049525 0.094285
v 2.601871 0.365840 0.094285
v 0.685726 -0.272142 0.044424
v 0.638626 0.143222 0.044424
v 2.369040 0.129086 0.118402
v 2.895076 0.188735 0.131762
v 2.657627 -0.066574 0.125082
v 2.836122 0.020558 0.129806
v 2.464154 -0.021621 0.120359
v 2.606490 0.384395 0.125082
v 2.427995 0.297263 0.120359
v 2.799963 0.339441 0.129806
v 1.156739 0.714929 0.442726
v 1.286975 0.726404 0.442989
v 1.162245 0.680531 0.464534
v 1.292433 0.684766 0.468853
v 1.159846 0.329639 0.466920
v 1.293686 0.325335 0.469403
v 1.141649 0.208011 0.466113
v 1.272447 0.185867 0.467568
v 1.115200 0.147820 0.463202
v 1.209089 0.066356 0.464209
v 1.083846 0.099191 0.445388
v 1.185894 0.020356 0.444600
v -0.121906 0.268660 0.342555
v -0.069801 0.274569 0.343878
v -0.094804 0.262363 0.343217
v -0.061541 0.298127 0.344152
v -0.126972 0.313331 0.342555
v -0.135232 0.289771 0.342281
v -0.074866 0.319239 0.343878
v -0.101969 0.325537 0.343217
v -0.124591 0.774068 0.412742
v -0.001074 0.814061 0.412918
v -0.108906 0.742497 0.434813
v 0.016738 0.775573 0.439098
v -0.036719 0.582268 0.439611
v 0.092348 0.617692 0.442087
v -0.003155 0.503634 0.440224
v 0.130113 0.521601 0.441854
v -0.006514 0.458778 0.437936
v 0.115219 0.410838 0.439736
v -0.016973 0.404300 0.420629
v 0.111483 0.361188 0.420605
v 2.801136 0.030835 0.129709
v 2.801922 0.030925 0.098349
v 2.853869 0.184062 0.131467
v 2.854656 0.184151 0.100107
v 2.768166 0.321591 0.129709
v 2.768953 0.321680 0.098349
v 2.804436 0.031210 -0.001900
v 2.803649 0.031120 0.029495
v 2.856382 0.184347 0.031253
v 2.857170 0.184436 -0.000142
v 2.770679 0.321876 0.029495
v 2.771466 0.321965 -0.001900
v 1.294201 0.188333 -0.400050
v 1.230773 0.068815 -0.400551
v 1.296452 0.187243 -0.509692
v 1.200712 0.021945 -0.439949
v 1.208826 0.018751 -0.511660
v 1.181432 -0.010912 -0.511210
v 1.145698 -0.047840 -0.500331
v 1.119913 -0.073293 -0.470441
v 1.206631 0.022707 -0.382391
v 1.108543 -0.082861 -0.426718
v 1.157804 -0.019999 -0.388009
v 1.193666 0.008053 -0.336641
v 1.106600 -0.082926 -0.389472
v 1.315487 0.327807 -0.400027
v 1.321327 0.679521 -0.506517
v 1.314156 0.687229 -0.397496
v 1.318241 0.328164 -0.508714
v 1.309146 0.812719 -0.445580
v 1.307403 0.728720 -0.371704
v 1.301316 0.750426 -0.331619
v 1.298624 0.866712 -0.323957
v 1.294804 0.750430 0.027856
v 1.289518 0.867461 0.028056
v 1.280580 0.864666 0.395648
v 1.282902 0.748338 0.402774
v 1.285001 0.809981 0.517336
v 1.286975 0.726404 0.442989
v 1.292433 0.684766 0.468853
v 1.294132 0.676437 0.578049
v 1.293686 0.325335 0.469403
v 1.290989 0.325074 0.578092
v 1.272447 0.185867 0.467568
v 1.269200 0.184153 0.577176
v 1.209089 0.066356 0.464209
v 1.177098 0.019267 0.501785
v 1.181609 0.015665 0.573792
v 1.154275 -0.013991 0.571801
v 1.119137 -0.050852 0.558935
v 1.094886 -0.076130 0.527647
v 1.185894 0.020356 0.444600
v 1.085723 -0.085449 0.483355
v 1.136855 -0.022375 0.447521
v 1.175241 0.005964 0.398176
v 1.085649 -0.085302 0.446059
v 0.000857 -0.352138 0.359874
v 0.019309 -0.350046 -0.376006
v 0.014181 -0.373249 0.360148
v 0.032633 -0.371157 -0.375732
v 0.024374 -0.394715 -0.376006
v 0.005922 -0.396809 0.359874
v 0.707825 0.407991 0.379763
v 0.726277 0.410083 -0.356118
v 0.721150 0.386879 0.380037
v 0.739602 0.388971 -0.355844
v 0.712891 0.363320 0.379763
v 0.731342 0.365413 -0.356118
v 0.815726 -0.282360 -0.355844
v 0.797274 -0.284452 0.380037
v 0.789015 -0.308012 0.379763
v 0.802401 -0.261249 -0.356118
v 0.807468 -0.305919 -0.356118
v 0.783949 -0.263341 0.379763
v 1.104739 0.101560 -0.387844
v 1.206631 0.022707 -0.382391
v 1.095052 0.079750 -0.339404
v 1.193666 0.008053 -0.336641
v 1.090371 0.078949 -0.248895
v 1.191270 0.006092 -0.246572
v 1.083846 0.099191 0.445388
v 1.185894 0.020356 0.444600
v 1.076602 0.077657 0.396400
v 1.175241 0.005964 0.398176
v 1.076463 0.077372 0.305768
v 1.177362 0.004515 0.308091
v -0.061943 0.298082 0.360148
v -0.070202 0.274523 0.359874
v -0.061541 0.298127 0.344152
v -0.075267 0.319193 0.359874
v -0.069801 0.274569 0.343878
v -0.074866 0.319239 0.343878
v 0.114149 0.620164 -0.427342
v 0.047933 0.771661 -0.536209
v 0.038461 0.778036 -0.427249
v 0.116882 0.620524 -0.536030
v -0.004110 0.896744 -0.476294
v 0.151868 0.524068 -0.425762
v 0.019354 0.816377 -0.401776
v 0.154701 0.522933 -0.535390
v 0.006830 0.836012 -0.361858
v 0.136902 0.413297 -0.425023
v -0.030796 0.946734 -0.355088
v -0.000056 0.836528 -0.002332
v -0.040423 0.947345 -0.003029
v -0.048839 0.944688 0.364517
v -0.011585 0.833924 0.372535
v -0.028255 0.894006 0.486622
v -0.001074 0.814061 0.412918
v 0.016738 0.775573 0.439098
v 0.020739 0.768578 0.548358
v 0.092348 0.617692 0.442087
v 0.089631 0.617434 0.550776
v 0.130113 0.521601 0.441854
v 0.127448 0.519843 0.551478
v 0.115219 0.410838 0.439736
v 0.108966 0.356501 0.549842
v 0.103410 0.357999 0.477802
v 0.094753 0.320924 0.548163
v 0.076002 0.276287 0.535685
v 0.111483 0.361188 0.420605
v 0.063050 0.245471 0.504665
v 0.081801 0.307126 0.423980
v 0.058137 0.233809 0.460473
v 0.107177 0.344365 0.374333
v 0.058096 0.233656 0.423176
v 0.061617 0.234055 0.282743
v 0.109982 0.342999 0.284266
v 0.136183 0.359587 -0.535611
v 0.127024 0.360677 -0.463932
v 0.121909 0.324004 -0.534848
v 0.102563 0.279299 -0.523580
v 0.132220 0.363539 -0.406386
v 0.088076 0.248309 -0.493423
v 0.102751 0.309501 -0.411551
v 0.080957 0.236397 -0.449601
v 0.125602 0.346454 -0.360485
v 0.079047 0.236031 -0.412354
v 0.075525 0.235632 -0.271921
v 0.123890 0.344576 -0.270399
v 2.798693 0.339297 0.180425
v 2.799963 0.339441 0.129806
v 2.893807 0.188591 0.182381
v 2.895076 0.188735 0.131762
v 2.834852 0.020414 0.180425
v 2.836122 0.020558 0.129806
v 2.803225 0.339811 -0.000302
v 2.804494 0.339955 -0.050921
v 2.898339 0.189104 0.001655
v 2.899608 0.189248 -0.048964
v 2.839384 0.020928 -0.000302
v 2.840653 0.021071 -0.050921
v -0.039798 0.287067 -0.496520
v 0.088076 0.248309 -0.493423
v 0.080957 0.236397 -0.449601
v -0.045538 0.274737 -0.452663
v 0.079047 0.236031 -0.412354
v -0.045932 0.273912 -0.415380
v 0.075525 0.235632 -0.271921
v -0.049453 0.273513 -0.274947
v -0.064825 0.284229 0.501568
v 0.063050 0.245471 0.504665
v 0.058137 0.233809 0.460473
v -0.068358 0.272150 0.457410
v 0.058096 0.233656 0.423176
v -0.066883 0.271537 0.420150
v 0.061617 0.234055 0.282743
v -0.063361 0.271936 0.279717
v 2.648184 -0.049614 0.125645
v 0.684939 -0.272232 0.075784
v 0.685726 -0.272142 0.044424
v 2.648970 -0.049525 0.094285
v 2.801136 0.030835 0.129709
v 2.801922 0.030925 0.098349
v 0.688239 -0.271857 -0.055825
v 2.651484 -0.049240 -0.005964
v 0.687452 -0.271947 -0.024430
v 2.650697 -0.049329 0.025431
v 2.804436 0.031210 -0.001900
v 2.803649 0.031120 0.029495
v 1.200712 0.021945 -0.439949
v 1.206631 0.022707 -0.382391
v 1.157804 -0.019999 -0.388009
v 1.193666 0.008053 -0.336641
v 1.106600 -0.082926 -0.389472
v 1.103078 -0.083325 -0.249038
v 1.191270 0.006092 -0.246572
v 1.177098 0.019267 0.501785
v 1.185894 0.020356 0.444600
v 1.136855 -0.022375 0.447521
v 1.175241 0.005964 0.398176
v 1.085649 -0.085302 0.446059
v 1.089170 -0.084902 0.305625
v 1.177362 0.004515 0.308091
v 0.024374 -0.394715 -0.376006
v -0.027733 -0.400624 -0.377329
v 0.005922 -0.396809 0.359874
v -0.046185 -0.402717 0.358551
v -0.019083 -0.409015 0.359213
v -0.000631 -0.406922 -0.376668
v 0.712891 0.363320 0.379763
v 0.679235 0.359504 -0.357441
v 0.731342 0.365413 -0.356118
v 0.660785 0.357412 0.378439
v 0.687887 0.351114 0.379101
v 0.706339 0.353207 -0.356779
v 0.789015 -0.308012 0.379763
v 0.807468 -0.305919 -0.356118
v 0.782463 -0.318124 -0.356779
v 0.764011 -0.320216 0.379101
v 0.736909 -0.313920 0.378439
v 0.755361 -0.311828 -0.357441
v 1.307403 0.728720 -0.371704
v 1.177319 0.717263 -0.378033
v 1.301316 0.750426 -0.331619
v 1.170653 0.741916 -0.333849
v 1.294804 0.750430 0.027856
v 1.158567 0.741826 0.024415
v 1.152292 0.739834 0.398406
v 1.282902 0.748338 0.402774
v 1.156739 0.714929 0.442726
v 1.286975 0.726404 0.442989
v -0.070202 0.274523 0.359874
v -0.069801 0.274569 0.343878
v -0.095206 0.262317 0.359213
v -0.094804 0.262363 0.343217
v -0.121906 0.268660 0.342555
v -0.122309 0.268615 0.358551
v 0.019354 0.816377 -0.401776
v -0.104011 0.776400 -0.408017
v 0.006830 0.836012 -0.361858
v -0.117992 0.798749 -0.364024
v -0.000056 0.836528 -0.002332
v -0.130283 0.797928 -0.005707
v -0.136354 0.796667 0.368231
v -0.011585 0.833924 0.372535
v -0.124591 0.774068 0.412742
v -0.001074 0.814061 0.412918
v 2.834852 0.020414 0.180425
v 2.836122 0.020558 0.129806
v 2.656358 -0.066718 0.175701
v 2.657627 -0.066574 0.125082
v 2.462885 -0.021765 0.170978
v 2.464154 -0.021621 0.120359
v 2.839384 0.020928 -0.000302
v 2.840653 0.021071 -0.050921
v 2.660889 -0.066204 -0.005025
v 2.662158 -0.066060 -0.055644
v 2.467417 -0.021251 -0.009749
v 2.468686 -0.021107 -0.060368
v -0.158891 0.851667 0.486559
v -0.028255 0.894006 0.486622
v -0.111139 0.732752 0.545162
v 0.020739 0.768578 0.548358
v -0.039428 0.582006 0.546600
v 0.089631 0.617434 0.550776
v -0.005722 0.501839 0.546128
v 0.127448 0.519843 0.551478
v -0.014430 0.399629 0.545264
v 0.108966 0.356501 0.549842
v -0.031743 0.359266 0.545100
v 0.094753 0.320924 0.548163
v -0.051873 0.315047 0.532589
v 0.076002 0.276287 0.535685
v -0.064825 0.284229 0.501568
v 0.063050 0.245471 0.504665
v -0.059509 -0.381606 0.358277
v -0.026245 -0.345841 0.359213
v -0.051250 -0.358047 0.358551
v -0.019083 -0.409015 0.359213
v -0.046185 -0.402717 0.358551
v 0.014181 -0.373249 0.360148
v 0.000857 -0.352138 0.359874
v 0.005922 -0.396809 0.359874
v 0.647460 0.378523 0.378165
v 0.680723 0.414287 0.379101
v 0.655719 0.402082 0.378439
v 0.660785 0.357412 0.378439
v 0.712891 0.363320 0.379763
v 0.687887 0.351114 0.379101
v 0.721150 0.386879 0.380037
v 0.707825 0.407991 0.379763
v -0.095206 0.262317 0.359213
v -0.075267 0.319193 0.359874
v -0.122309 0.268615 0.358551
v -0.135633 0.289726 0.358277
v -0.070202 0.274523 0.359874
v -0.061943 0.298082 0.360148
v -0.127374 0.313285 0.358551
v -0.102371 0.325491 0.359213
v 0.764011 -0.320216 0.379101
v 0.723584 -0.292808 0.378165
v 0.736909 -0.313920 0.378439
v 0.731843 -0.269249 0.378439
v 0.783949 -0.263341 0.379763
v 0.756847 -0.257044 0.379101
v 0.797274 -0.284452 0.380037
v 0.789015 -0.308012 0.379763
v 2.893807 0.188591 0.182381
v 2.656358 -0.066718 0.175701
v 2.834852 0.020414 0.180425
v 2.367771 0.128942 0.169021
v 2.462885 -0.021765 0.170978
v 2.605221 0.384251 0.175701
v 2.426726 0.297119 0.170978
v 2.798693 0.339297 0.180425
v 0.684939 -0.272232 0.075784
v 2.601084 0.365751 0.125645
v 0.637840 0.143133 0.075784
v 2.648184 -0.049614 0.125645
v 2.768166 0.321591 0.129709
v 2.801136 0.030835 0.129709
v 2.853869 0.184062 0.131467
v 1.285001 0.809981 0.517336
v 1.147247 0.797804 0.517180
v 1.157151 0.670905 0.574811
v 1.294132 0.676437 0.578049
v 1.157155 0.329383 0.573909
v 1.290989 0.325074 0.578092
v 1.138481 0.206263 0.572002
v 1.269200 0.184153 0.577176
v 1.084264 0.093061 0.569966
v 1.181609 0.015665 0.573792
v 1.052152 0.059751 0.569450
v 1.154275 -0.013991 0.571801
v 1.015900 0.023694 0.556558
v 1.119137 -0.050852 0.558935
v 0.991649 -0.001586 0.525270
v 1.094886 -0.076130 0.527647
v 2.770679 0.321876 0.029495
v 2.803649 0.031120 0.029495
v 2.856382 0.184347 0.031253
v 2.650697 -0.049329 0.025431
v 2.603597 0.366036 0.025431
v 0.640353 0.143418 -0.024430
v 0.687452 -0.271947 -0.024430
v 1.314156 0.687229 -0.397496
v 1.181688 0.332116 -0.404230
v 1.315487 0.327807 -0.400027
v 1.163492 0.210488 -0.405027
v 1.183916 0.682989 -0.399733
v 1.294201 0.188333 -0.400050
v 1.307403 0.728720 -0.371704
v 1.136940 0.150285 -0.403788
v 1.177319 0.717263 -0.378033
v 1.230773 0.068815 -0.400551
v 1.104739 0.101560 -0.387844
v 1.206631 0.022707 -0.382391
v 2.898339 0.189104 0.001655
v 2.372303 0.129456 -0.011705
v 2.660889 -0.066204 -0.005025
v 2.467417 -0.021251 -0.009749
v 2.839384 0.020928 -0.000302
v 2.609753 0.384765 -0.005025
v 2.431258 0.297633 -0.009749
v 2.803225 0.339811 -0.000302
v -0.014875 0.584745 -0.431539
v 0.038461 0.778036 -0.427249
v -0.087234 0.744954 -0.429454
v 0.019354 0.816377 -0.401776
v 0.114149 0.620164 -0.427342
v -0.104011 0.776400 -0.408017
v 0.018689 0.506111 -0.430916
v 0.151868 0.524068 -0.425762
v 0.015225 0.461243 -0.429054
v 0.136902 0.413297 -0.425023
v 0.003920 0.406670 -0.412603
v 0.132220 0.363539 -0.406386
v 0.100574 0.003375 -0.451430
v 0.106431 -0.055569 -0.418883
v 0.099758 0.003283 -0.418883
v 0.107247 -0.055476 -0.451430
v 0.153356 -0.088137 -0.450367
v 0.159214 -0.147082 -0.417820
v 0.152540 -0.088230 -0.417820
v 0.160030 -0.146989 -0.450367
v 0.137474 0.044636 -0.417820
v 0.130801 0.103488 -0.417820
v 0.138290 0.044729 -0.450367
v 0.131617 0.103580 -0.450367
v 0.249133 -0.181655 -0.448231
v 0.254990 -0.240599 -0.415684
v 0.248317 -0.181747 -0.415684
v 0.255806 -0.240507 -0.448231
v 0.209880 0.157224 -0.415684
v 0.203207 0.216076 -0.415684
v 0.210696 0.157316 -0.448231
v 0.204023 0.216168 -0.448231
v 2.545841 0.221439 -0.083590
v 2.538747 0.220634 0.199353
v 2.519430 0.146096 -0.084466
v 2.512336 0.145291 0.198477
v 2.562041 0.078579 -0.083590
v 2.554946 0.077774 0.199353
v 0.988423 0.062925 -0.342354
v 0.970339 0.060875 0.378833
v 0.955406 -0.031253 -0.343450
v 0.937323 -0.033304 0.377738
v 1.008672 -0.115648 -0.342354
v 0.990588 -0.117699 0.378833
v 0.470231 0.246354 -0.441470
v 0.204023 0.216168 -0.448231
v 0.469415 0.246262 -0.408923
v 0.203207 0.216076 -0.415684
v 0.566009 0.152837 -0.439334
v 0.131617 0.103580 -0.450367
v 0.565193 0.152745 -0.406787
v 0.130801 0.103488 -0.417820
v 0.099758 0.003283 -0.418883
v 0.617884 0.062035 -0.405724
v 0.618700 0.062127 -0.438271
v 0.100574 0.003375 -0.451430
v 2.705396 0.239531 0.203586
v 2.625819 0.260475 -0.081474
v 2.618724 0.259670 0.201470
v 2.545841 0.221439 -0.083590
v 2.712490 0.240336 -0.079358
v 2.538747 0.220634 0.199353
v 1.178641 0.084495 0.384123
v 1.088380 0.111719 -0.339709
v 1.070296 0.109669 0.381478
v 0.988423 0.062925 -0.342354
v 1.196725 0.086545 -0.337064
v 0.970339 0.060875 0.378833
v 0.152540 -0.088230 -0.417820
v 0.586933 -0.038973 -0.406787
v 0.587749 -0.038880 -0.439334
v 0.153356 -0.088137 -0.450367
v 0.248317 -0.181747 -0.415684
v 0.514525 -0.151561 -0.408923
v 0.515342 -0.151469 -0.441470
v 0.249133 -0.181655 -0.448231
v 0.100574 0.003375 -0.451430
v 0.618700 0.062127 -0.438271
v 0.107247 -0.055476 -0.451430
v 0.625373 0.003275 -0.438271
v 0.153356 -0.088137 -0.450367
v 0.587749 -0.038880 -0.439334
v 0.160030 -0.146989 -0.450367
v 0.594422 -0.097732 -0.439334
v 0.249133 -0.181655 -0.448231
v 0.515342 -0.151469 -0.441470
v 0.255806 -0.240507 -0.448231
v 0.522015 -0.210321 -0.441470
v 0.572683 0.093985 -0.439334
v 0.138290 0.044729 -0.450367
v 0.131617 0.103580 -0.450367
v 0.566009 0.152837 -0.439334
v 0.476905 0.187502 -0.441470
v 0.210696 0.157316 -0.448231
v 0.204023 0.216168 -0.448231
v 0.470231 0.246354 -0.441470
v 1.216974 -0.092028 -0.337064
v 1.196725 0.086545 -0.337064
v 1.249990 0.002150 -0.335968
v 1.008672 -0.115648 -0.342354
v 1.117016 -0.140822 -0.339709
v 0.988423 0.062925 -0.342354
v 1.088380 0.111719 -0.339709
v 0.955406 -0.031253 -0.343450
v 2.755100 0.172819 -0.078481
v 2.519430 0.146096 -0.084466
v 2.625819 0.260475 -0.081474
v 2.545841 0.221439 -0.083590
v 2.712490 0.240336 -0.079358
v 2.648728 0.058441 -0.081474
v 2.728690 0.097475 -0.079358
v 2.562041 0.078579 -0.083590
v 2.705396 0.239531 0.203586
v 2.712490 0.240336 -0.079358
v 2.748006 0.172014 0.204462
v 2.755100 0.172819 -0.078481
v 2.721595 0.096671 0.203586
v 2.728690 0.097475 -0.079358
v 1.178641 0.084495 0.384123
v 1.196725 0.086545 -0.337064
v 1.231907 0.000100 0.385219
v 1.249990 0.002150 -0.335968
v 1.198890 -0.094079 0.384123
v 1.216974 -0.092028 -0.337064
v 0.617884 0.062035 -0.405724
v 0.624557 0.003183 -0.405724
v 0.625373 0.003275 -0.438271
v 0.618700 0.062127 -0.438271
v 0.586933 -0.038973 -0.406787
v 0.593606 -0.097825 -0.406787
v 0.594422 -0.097732 -0.439334
v 0.587749 -0.038880 -0.439334
v 0.571867 0.093893 -0.406787
v 0.566009 0.152837 -0.439334
v 0.565193 0.152745 -0.406787
v 0.572683 0.093985 -0.439334
v 0.514525 -0.151561 -0.408923
v 0.521199 -0.210413 -0.408923
v 0.522015 -0.210321 -0.441470
v 0.515342 -0.151469 -0.441470
v 0.476089 0.187410 -0.408923
v 0.470231 0.246354 -0.441470
v 0.469415 0.246262 -0.408923
v 0.476905 0.187502 -0.441470
v 0.521199 -0.210413 -0.408923
v 0.254990 -0.240599 -0.415684
v 0.255806 -0.240507 -0.448231
v 0.522015 -0.210321 -0.441470
v 0.593606 -0.097825 -0.406787
v 0.159214 -0.147082 -0.417820
v 0.160030 -0.146989 -0.450367
v 0.594422 -0.097732 -0.439334
v 2.721595 0.096671 0.203586
v 2.562041 0.078579 -0.083590
v 2.728690 0.097475 -0.079358
v 2.554946 0.077774 0.199353
v 2.641633 0.057637 0.201470
v 2.648728 0.058441 -0.081474
v 1.198890 -0.094079 0.384123
v 1.008672 -0.115648 -0.342354
v 1.216974 -0.092028 -0.337064
v 0.990588 -0.117699 0.378833
v 1.098933 -0.142873 0.381478
v 1.117016 -0.140822 -0.339709
v 0.107247 -0.055476 -0.451430
v 0.624557 0.003183 -0.405724
v 0.106431 -0.055569 -0.418883
v 0.625373 0.003275 -0.438271
v 0.138290 0.044729 -0.450367
v 0.572683 0.093985 -0.439334
v 0.137474 0.044636 -0.417820
v 0.571867 0.093893 -0.406787
v 0.210696 0.157316 -0.448231
v 0.476905 0.187502 -0.441470
v 0.209880 0.157224 -0.415684
v 0.476089 0.187410 -0.408923
v 0.990588 -0.117699 0.378833
v 1.178641 0.084495 0.384123
v 0.970339 0.060875 0.378833
v 1.070296 0.109669 0.381478
v 0.937323 -0.033304 0.377738
v 1.198890 -0.094079 0.384123
v 1.231907 0.000100 0.385219
v 1.098933 -0.142873 0.381478
v 2.512336 0.145291 0.198477
v 2.618724 0.259670 0.201470
v 2.538747 0.220634 0.199353
v 2.748006 0.172014 0.204462
v 2.705396 0.239531 0.203586
v 2.641633 0.057637 0.201470
v 2.554946 0.077774 0.199353
v 2.721595 0.096671 0.203586
v 0.099758 0.003283 -0.418883
v 0.624557 0.003183 -0.405724
v 0.617884 0.062035 -0.405724
v 0.106431 -0.055569 -0.418883
v 0.152540 -0.088230 -0.417820
v 0.593606 -0.097825 -0.406787
v 0.586933 -0.038973 -0.406787
v 0.159214 -0.147082 -0.417820
v 0.248317 -0.181747 -0.415684
v 0.521199 -0.210413 -0.408923
v 0.514525 -0.151561 -0.408923
v 0.254990 -0.240599 -0.415684
v 0.565193 0.152745 -0.406787
v 0.130801 0.103488 -0.417820
v 0.137474 0.044636 -0.417820
v 0.571867 0.093893 -0.406787
v 0.209880 0.157224 -0.415684
v 0.469415 0.246262 -0.408923
v 0.203207 0.216076 -0.415684
v 0.476089 0.187410 -0.408923
v -0.974614 -0.250313 0.125159
v -0.969054 -0.228117 0.119157
v -0.988706 -0.262096 0.107407
v -0.976586 -0.228896 0.082718
v -0.989691 -0.251387 0.086187
v -0.981045 -0.228973 0.088165
v -0.991467 -0.246857 0.090923
v -0.969837 -0.219603 0.102282
v -0.990681 -0.255373 0.107798
v -0.979476 -0.246003 0.121915
v 1.415416 0.045823 0.416943
v 1.397491 0.030605 0.389840
v 1.405986 0.021871 0.414914
v 1.403971 0.047062 0.391235
v 1.421576 0.005557 0.402871
v 1.408204 0.019396 0.381566
v 0.929904 0.491334 -0.349887
v 0.912218 0.483038 -0.320614
v 0.917549 0.507326 -0.335190
v 0.920706 0.472052 -0.330712
v 0.931697 0.514832 -0.315604
v 0.921938 0.488197 -0.307157
v -0.101234 -0.556777 -0.008456
v -0.104868 -0.522688 0.000995
v -0.124405 -0.547036 0.001784
v -0.104453 -0.519326 0.016835
v -0.103163 -0.560165 -0.002922
v -0.121589 -0.552416 0.005222
v -0.121111 -0.548526 0.023553
v -0.123802 -0.542142 0.024837
v 1.029378 0.440878 0.270337
v 1.024096 0.486753 0.279191
v 1.092414 0.408306 0.341887
v 1.013438 0.460833 0.281315
v 1.087870 0.449134 0.364531
v 1.075472 0.424509 0.357162
v 1.155114 0.291758 0.409087
v 1.295839 0.164209 0.408838
v 1.153807 0.286031 0.384389
v 1.292676 0.161269 0.383228
v 1.438184 -0.016879 0.318824
v 1.359669 0.051412 0.375726
v 1.480058 -0.143413 0.189561
v 1.424448 -0.041779 0.323116
v 1.365384 0.046441 0.400609
v 1.437408 -0.058583 0.340542
v 1.460867 -0.162046 0.201260
v 1.473580 -0.180942 0.216722
v 1.470755 -0.227309 0.047441
v 1.451198 -0.249591 0.049899
v 1.471064 -0.213201 -0.030126
v 1.463554 -0.274137 0.055020
v 1.451416 -0.230950 -0.042930
v 1.463712 -0.249762 -0.058579
v 1.462335 -0.124584 -0.079651
v 1.441428 -0.130098 -0.098897
v 1.452181 -0.134003 -0.122833
v 1.497528 0.087415 -0.120654
v 1.507236 0.075445 -0.078118
v 0.020106 -0.411830 -0.420104
v -0.001559 -0.401094 -0.446830
v 0.017472 -0.395498 -0.424607
v 0.002275 -0.424865 -0.440275
v 0.004827 -0.423706 -0.446392
v 0.001779 -0.404803 -0.451604
v 0.239310 0.562124 -0.312041
v 0.229486 0.588423 -0.319911
v 0.240211 0.565171 -0.296153
v 0.230797 0.592860 -0.296788
v 0.256954 0.567466 0.182786
v 0.246052 0.592929 0.191853
v 0.241079 0.596653 0.168947
v 0.253537 0.570027 0.167048
v 0.249938 0.598746 0.189720
v 0.245983 0.601709 0.171504
v 0.443683 0.387248 0.431679
v 0.459886 0.362754 0.411657
v 0.451277 0.364148 0.437896
v 0.454668 0.378626 0.407384
v 0.449079 0.387425 0.436638
v 0.455118 0.369055 0.441582
v 0.867247 -0.297753 -0.344138
v 0.875307 -0.262430 -0.342568
v 0.871184 -0.282276 -0.362402
v 0.872602 -0.273064 -0.330019
v 0.876407 -0.287493 -0.362493
v 0.873277 -0.299801 -0.347971
v -0.568400 0.025639 -0.190220
v -0.584291 0.020393 -0.171171
v -0.569110 0.018734 -0.189168
v -0.574823 0.004007 -0.155276
v -0.574215 0.001530 -0.161379
v -0.581747 0.014562 -0.174020
v -0.475111 0.287490 -0.024361
v -0.487989 0.313417 -0.019055
v -0.497785 0.310992 -0.041185
v -0.481842 0.285824 -0.039567
v -0.469295 0.288493 -0.051862
v -0.485467 0.318819 -0.022770
v -0.479525 0.314878 -0.059081
v -0.493256 0.316890 -0.040368
v -0.478734 0.319980 -0.054599
v 0.179204 0.213799 -0.486207
v 0.174106 0.202209 -0.510990
v 0.179079 0.230415 -0.490507
v 0.173924 0.226393 -0.517250
v 0.179712 0.203714 -0.515525
v 0.179568 0.222946 -0.520503
v 0.898927 0.094141 -0.373767
v 0.900549 0.111372 -0.373161
v 0.891388 0.091510 -0.400312
v 0.893748 0.116588 -0.399430
v 0.898786 0.113976 -0.403843
v 0.896909 0.094034 -0.404545
v 0.882731 -0.366219 0.118469
v 0.888224 -0.337419 0.120812
v 0.891861 -0.334053 0.105267
v 0.888024 -0.361322 0.095846
v 0.893073 -0.366055 0.098248
v 0.888863 -0.369949 0.116238
v 0.676607 -0.065510 0.435166
v 0.693402 -0.089937 0.415410
v 0.684019 -0.088632 0.441473
v 0.688310 -0.074052 0.411076
v 0.681855 -0.065350 0.440226
v 0.687748 -0.083737 0.445242
v 0.955762 0.499588 0.217204
v 0.975797 0.477848 0.196743
v 0.969777 0.474170 0.211731
v 0.983101 0.474321 0.223913
v 0.975157 0.499807 0.234933
v 0.964526 0.504941 0.195389
v 0.967613 0.509594 0.199731
v 0.960645 0.505338 0.217079
v 1.466329 -0.242815 0.096554
v 1.460325 -0.277865 0.090654
v 1.460674 -0.266652 0.111694
v 1.466088 -0.250518 0.082098
v 1.466174 -0.271642 0.111395
v 1.465896 -0.280559 0.094664
v -0.111691 -0.507843 0.099511
v -0.209966 -0.388072 0.166977
v -0.110929 -0.485807 0.084975
v -0.086409 -0.514244 0.113128
v -0.196588 -0.375394 0.146787
v -0.197816 -0.383789 0.190715
v -0.284573 -0.304702 0.139631
v -0.274878 -0.321921 0.122065
v -0.422825 -0.260053 0.022363
v -0.432993 -0.285902 0.016878
v -0.544361 -0.303599 -0.092747
v -0.535115 -0.325454 -0.079161
v -0.888619 -0.486046 -0.103816
v -0.898614 -0.462213 -0.119645
v -0.985076 -0.299048 0.049820
v -0.984697 -0.318380 0.073959
v -0.951170 -0.231090 0.123041
v -0.943350 -0.216756 0.101831
v -0.635059 -0.066005 -0.005881
v -0.631579 -0.039741 0.006670
v -0.612711 -0.087256 -0.001582
v -0.587601 0.010066 -0.086153
v -0.576940 -0.030473 -0.107551
v -0.597814 -0.011643 -0.100348
v -0.525901 0.036403 -0.189288
v -0.557336 0.062504 -0.155701
v -0.554292 0.052004 -0.182282
v -0.513266 0.122126 -0.153665
v -0.526218 0.136620 -0.172860
v -0.508952 0.142546 -0.193892
v -0.457573 0.218707 -0.166620
v -0.468419 0.206482 -0.119430
v -0.480291 0.214514 -0.145246
v -0.475059 0.252761 -0.103416
v -0.482976 0.276839 -0.113592
v -0.476643 0.310323 0.020865
v -0.485942 0.258100 0.013457
v -0.498811 0.286072 0.017338
v -0.475538 0.230460 0.082350
v -0.485428 0.237645 0.105689
v -0.464712 0.247998 0.122956
v -0.463117 0.168454 0.104512
v -0.468808 0.159883 0.121038
v -0.452416 0.157274 0.134253
v -0.446522 0.141205 0.124397
v -0.450822 0.145698 0.112444
v -0.453109 0.142253 0.119086
v 1.490054 0.146712 -0.134844
v 1.501122 0.131911 -0.105740
v 1.497812 0.148608 -0.108290
v 1.494871 0.122411 -0.131135
v 1.499617 0.125059 -0.135873
v 1.495787 0.144386 -0.138823
v 1.484769 0.182307 -0.120743
v 1.497081 0.179060 -0.077254
v 1.472769 0.289490 -0.047993
v 1.475289 0.178607 -0.096375
v 1.486639 0.082104 -0.096897
v 1.463930 0.268080 -0.033073
v 1.468450 0.306096 0.024752
v 1.486005 0.250712 -0.024714
v 1.460497 0.279184 0.024472
v 1.483498 0.260733 0.024957
v 1.483011 0.252857 0.083622
v 1.461004 0.264449 0.098343
v 1.468973 0.287115 0.112081
v 1.474645 0.225415 0.146524
v 1.536902 0.060737 0.145019
v 1.465190 0.214991 0.123683
v 1.487008 0.209871 0.105782
v 1.526686 0.061793 0.120462
v 1.547142 0.069752 0.101975
v 1.559296 0.019767 0.117913
v 1.552195 0.017004 0.124330
v 1.555741 0.016638 0.132855
v 1.497988 0.190502 0.128746
v 1.486070 0.184634 0.160310
v 1.486589 0.206708 0.149127
v 1.497632 0.175334 0.136429
v 1.491066 0.207014 0.154642
v 1.490654 0.189460 0.163535
v -0.311671 -0.292138 0.108875
v -0.328677 -0.273030 0.123527
v -0.331692 -0.262052 0.102562
v -0.313743 -0.284596 0.094471
v -0.325782 -0.266396 0.123621
v -0.328181 -0.257667 0.106950
v -0.686375 -0.355505 -0.168465
v -0.667234 -0.365458 -0.140236
v -0.674224 -0.340182 -0.152206
v -0.675583 -0.375986 -0.151407
v -0.663988 -0.384198 -0.161771
v -0.669500 -0.367457 -0.183548
v 0.401539 0.498630 0.383634
v 0.463816 0.353296 0.417431
v 0.407825 0.513460 0.403951
v 0.294254 0.562212 0.310078
v 0.311208 0.586057 0.312242
v 0.420999 0.499685 0.364375
v 0.214967 0.575426 0.071316
v 0.301290 0.544297 0.291466
v 0.199707 0.550909 0.069903
v 0.167197 0.549518 -0.137436
v 0.213562 0.530975 0.060658
v 0.185156 0.527259 -0.139287
v 0.269033 0.541383 -0.355242
v 0.180889 0.574721 -0.140002
v 0.266670 0.578223 -0.383492
v 0.251858 0.559981 -0.367908
v 0.224681 0.423453 -0.470574
v 0.240035 0.412822 -0.450584
v 0.240653 0.429853 -0.491835
v 0.172350 0.246434 -0.482398
v 0.186943 0.245391 -0.459291
v 0.188507 0.240152 -0.503663
v 0.075808 -0.029988 -0.485406
v 0.090377 -0.031211 -0.462300
v 0.091854 -0.036457 -0.506674
v 0.043101 -0.287681 -0.476725
v 0.062418 -0.295989 -0.494991
v 0.054753 -0.282303 -0.453356
v -0.012245 -0.463013 -0.394653
v 0.004076 -0.484858 -0.402140
v -0.000037 -0.446308 -0.376158
v -0.095272 -0.526748 -0.205376
v -0.106412 -0.501315 -0.206086
v -0.103079 -0.534177 -0.013831
v -0.109802 -0.508105 -0.015762
v -0.086123 -0.479505 -0.203536
v 0.448638 0.348520 0.394896
v 0.533402 0.116947 0.430788
v 0.516604 0.109774 0.409673
v 0.685583 -0.065584 0.423394
v 0.529079 0.114554 0.386469
v 0.463810 0.354072 0.372764
v 0.683856 -0.080504 0.380935
v 0.671780 -0.081188 0.404771
v 0.787801 -0.214074 0.399715
v 0.789037 -0.218604 0.424463
v 0.865187 -0.300981 0.373310
v 0.857808 -0.268406 0.341363
v 0.848651 -0.292063 0.352862
v 0.892998 -0.308426 0.219784
v 0.894266 -0.335206 0.223207
v 0.864521 -0.336776 0.006636
v 0.857038 -0.310217 0.004754
v 0.871778 -0.355103 -0.184957
v 0.863585 -0.328908 -0.181591
v 0.861491 -0.278116 -0.313902
v 0.874592 -0.143415 -0.380607
v 0.867624 -0.287004 -0.337762
v 0.882852 -0.148801 -0.404873
v 0.921686 -0.014707 -0.344932
v 0.901582 -0.009117 -0.364405
v 0.913332 -0.002997 -0.387717
v 0.898576 0.142529 -0.334640
v 0.878749 0.143749 -0.355065
v 0.890840 0.144945 -0.378864
v 0.929922 0.297676 -0.366354
v 0.934072 0.285706 -0.323243
v 0.934195 0.426686 -0.329145
v 0.917084 0.296041 -0.342826
v 0.915884 0.430745 -0.350087
v 0.929404 0.440144 -0.371814
v 0.904607 0.510115 -0.298944
v 0.909353 0.464353 -0.287296
v 0.891132 0.486251 -0.290871
v 0.874775 0.477138 -0.048607
v 0.859565 0.452385 -0.048936
v 0.876521 0.429538 -0.050788
v 0.950510 0.442317 0.183099
v 0.949593 0.489966 0.185260
v 0.935842 0.465212 0.190183
v -0.962495 -0.217115 0.100471
v -0.961507 -0.227823 0.121691
v -0.969054 -0.228117 0.119157
v -0.976586 -0.228896 0.082718
v -0.981045 -0.228973 0.088165
v -0.969837 -0.219603 0.102282
v 1.415416 0.045823 0.416943
v 1.403971 0.047062 0.391235
v 1.421162 0.052308 0.384355
v 1.440437 0.053460 0.406931
v 1.456026 0.037145 0.394888
v 1.431873 0.041099 0.376081
v 0.917549 0.507326 -0.335190
v 0.931697 0.514832 -0.315604
v 0.936539 0.515229 -0.320827
v 0.958198 0.506348 -0.310715
v 0.957613 0.508481 -0.316939
v 0.967438 0.495765 -0.328626
v 0.956188 0.489794 -0.344201
v 0.935113 0.496542 -0.348089
v 0.925288 0.509258 -0.336402
v 0.977626 0.491845 0.173430
v 1.024096 0.486753 0.279191
v 1.050330 0.492680 0.266289
v 1.087870 0.449134 0.364531
v 1.116809 0.457477 0.356765
v 1.438184 -0.016879 0.318824
v 1.464505 -0.008849 0.331763
v 1.511529 -0.143628 0.193253
v 1.502235 -0.229493 0.050070
v 1.480058 -0.143413 0.189561
v 1.470755 -0.227309 0.047441
v 1.451198 -0.249591 0.049899
v 1.471064 -0.213201 -0.030126
v 1.502577 -0.214222 -0.032894
v 1.451416 -0.230950 -0.042930
v 0.045540 -0.398721 -0.461183
v 0.049831 -0.393868 -0.434469
v 0.032335 -0.386517 -0.431791
v 0.020073 -0.388022 -0.457283
v -0.001559 -0.401094 -0.446830
v 0.017472 -0.395498 -0.424607
v 0.281238 0.596292 -0.298510
v 0.274604 0.596628 -0.319858
v 0.229486 0.588423 -0.319911
v 0.234492 0.593899 -0.318487
v 0.275647 0.600157 -0.301469
v 0.254026 0.593500 -0.328366
v 0.256112 0.600557 -0.291590
v 0.235534 0.597428 -0.300098
v 0.230797 0.592860 -0.296788
v 0.256673 0.596794 -0.286088
v 0.241079 0.596653 0.168947
v 0.295499 0.600824 0.186286
v 0.249938 0.598746 0.189720
v 0.289259 0.605025 0.185293
v 0.245983 0.601709 0.171504
v 0.271576 0.600405 0.196615
v 0.263665 0.606329 0.160184
v 0.285303 0.607987 0.167078
v 0.290526 0.604548 0.163380
v 0.263315 0.602463 0.154711
v 0.443683 0.387248 0.431679
v 0.454668 0.378626 0.407384
v 0.464238 0.405361 0.428709
v 0.468791 0.391071 0.405346
v 0.488132 0.387647 0.407576
v 0.449079 0.387425 0.436638
v 0.465424 0.401831 0.434277
v 0.492388 0.400377 0.431957
v 0.487809 0.397866 0.436860
v 0.875307 -0.262430 -0.342568
v 0.871184 -0.282276 -0.362402
v 0.893793 -0.256726 -0.346393
v 0.898090 -0.273974 -0.367970
v 0.921059 -0.281147 -0.355276
v 0.909574 -0.261656 -0.337672
v -0.549832 0.041435 -0.172262
v -0.568400 0.025639 -0.190220
v -0.584291 0.020393 -0.171171
v -0.560752 0.037831 -0.159176
v -0.459932 0.319731 -0.014818
v -0.485467 0.318819 -0.022770
v -0.463154 0.323840 -0.019400
v -0.448633 0.326931 -0.033632
v -0.493256 0.316890 -0.040368
v -0.478734 0.319980 -0.054599
v -0.456424 0.325000 -0.051231
v -0.451469 0.321190 -0.054846
v -0.441673 0.323616 -0.032714
v 0.224304 0.229138 -0.513554
v 0.213694 0.232302 -0.487967
v 0.196324 0.239667 -0.491388
v 0.199023 0.239857 -0.518531
v 0.179079 0.230415 -0.490507
v 0.173924 0.226393 -0.517250
v 0.900549 0.111372 -0.373161
v 0.893748 0.116588 -0.399430
v 0.920122 0.128104 -0.398378
v 0.918670 0.119284 -0.372438
v 0.935167 0.109966 -0.372322
v 0.898786 0.113976 -0.403843
v 0.919760 0.123134 -0.403007
v 0.944133 0.114543 -0.398209
v 0.676607 -0.065510 0.435166
v 0.688310 -0.074052 0.411076
v 0.697250 -0.047387 0.432629
v 0.702492 -0.061599 0.409334
v 0.721767 -0.065032 0.411925
v 0.681855 -0.065350 0.440226
v 0.698271 -0.050937 0.438208
v 0.725304 -0.052383 0.436401
v 0.720580 -0.054909 0.441208
v 0.964526 0.504941 0.195389
v 0.967613 0.509594 0.199731
v 0.992682 0.510511 0.191303
v 0.990005 0.514024 0.196482
v 0.960645 0.505338 0.217079
v 1.012076 0.510730 0.209032
v 0.976068 0.505512 0.231178
v 1.005428 0.514198 0.210581
v 1.003313 0.505377 0.230848
v 0.998458 0.509941 0.227929
v -0.110929 -0.485807 0.084975
v -0.084976 -0.470093 0.083957
v -0.171245 -0.358534 0.150077
v -0.059658 -0.476316 0.097560
v -0.172256 -0.366634 0.194012
v -0.159079 -0.354048 0.173539
v -0.241336 -0.276416 0.131592
v -0.267763 -0.281837 0.144446
v -0.231854 -0.293784 0.114133
v -0.396132 -0.249689 0.011380
v -0.422825 -0.260053 0.022363
v -0.379863 -0.265314 -0.004876
v -0.544361 -0.303599 -0.092747
v -0.506402 -0.312070 -0.123421
v -0.529919 -0.297038 -0.114814
v -0.674099 -0.365829 -0.130924
v -0.672460 -0.361366 -0.155958
v -0.836864 -0.427756 -0.140442
v -0.827497 -0.431635 -0.115967
v -0.879640 -0.435707 -0.118258
v -0.985076 -0.299048 0.049820
v -0.951170 -0.231090 0.123041
v -0.850988 -0.433308 -0.100992
v -0.953069 -0.285766 0.039670
v -0.920778 -0.291787 0.053596
v -0.922081 -0.226307 0.085517
v -0.943350 -0.216756 0.101831
v -0.796977 -0.124680 0.118101
v -0.712258 -0.086680 0.102218
v -0.797618 -0.130949 0.093161
v -0.728199 -0.068928 0.089284
v -0.739399 -0.076394 0.068152
v -0.631579 -0.039741 0.006670
v -0.606067 -0.034554 0.023496
v -0.556956 0.012942 -0.079226
v -0.587601 0.010066 -0.086153
v -0.532193 0.057346 -0.136359
v -0.557336 0.062504 -0.155701
v -0.482976 0.276839 -0.113592
v -0.461179 0.297172 -0.115698
v -0.431312 0.293746 -0.107574
v -0.476643 0.310323 0.020865
v -0.441427 0.306906 0.020689
v -0.498811 0.286072 0.017338
v -0.433907 0.251176 0.117165
v -0.464712 0.247998 0.122956
v 1.490054 0.146712 -0.134844
v 1.497812 0.148608 -0.108290
v 1.532066 0.154611 -0.108030
v 1.539908 0.155452 -0.134468
v 1.512573 0.163233 -0.136511
v 1.513284 0.159957 -0.109435
v 1.503621 0.293327 -0.054298
v 1.472769 0.289490 -0.047993
v 1.499331 0.314230 0.025608
v 1.468450 0.306096 0.024752
v 1.498909 0.297860 0.111002
v 1.468973 0.287115 0.112081
v 1.486589 0.206708 0.149127
v 1.515426 0.199159 0.126540
v 1.511970 0.219307 0.145918
v 1.532509 0.192650 0.132018
v 1.491066 0.207014 0.154642
v 1.536831 0.209834 0.153891
v 1.511249 0.217034 0.152089
v 1.531020 0.209500 0.158429
v -0.331692 -0.262052 0.102562
v -0.325782 -0.266396 0.123621
v -0.309278 -0.248900 0.093287
v -0.280831 -0.257700 0.125938
v -0.283847 -0.246724 0.104974
v -0.328181 -0.257667 0.106950
v -0.310355 -0.247208 0.099573
v -0.290132 -0.245477 0.108866
v -0.287734 -0.254206 0.125538
v -0.305559 -0.264666 0.132916
v -0.686375 -0.355505 -0.168465
v -0.674224 -0.340182 -0.152206
v -0.645200 -0.336810 -0.151032
v -0.628327 -0.348762 -0.166115
v -0.647978 -0.336294 -0.157193
v -0.644221 -0.357984 -0.182117
v -0.634560 -0.345798 -0.169189
v -0.667304 -0.360665 -0.183050
v -0.671059 -0.338974 -0.158127
v -0.680722 -0.351161 -0.171056
v 0.433406 0.529141 0.404950
v 0.311208 0.586057 0.312242
v 0.452640 0.530129 0.385820
v 0.334885 0.591940 0.296047
v 0.214967 0.575426 0.071316
v 0.243689 0.579987 0.063609
v 0.180889 0.574721 -0.140002
v 0.212099 0.577671 -0.144347
v 0.266670 0.578223 -0.383492
v 0.298214 0.577918 -0.386390
v -0.012245 -0.463013 -0.394653
v 0.028312 -0.451714 -0.365303
v -0.000037 -0.446308 -0.376158
v -0.106412 -0.501315 -0.206086
v -0.109802 -0.508105 -0.015762
v -0.086123 -0.479505 -0.203536
v -0.054774 -0.483426 -0.200289
v -0.086641 -0.489215 -0.016191
v -0.056723 -0.496521 -0.014638
v 0.899555 -0.263038 0.370889
v 0.947316 -0.304864 0.222310
v 0.883339 -0.253895 0.350520
v 0.857808 -0.268406 0.341363
v 0.892998 -0.308426 0.219784
v 0.857038 -0.310217 0.004754
v 0.863585 -0.328908 -0.181591
v 0.880455 -0.290816 0.002591
v 0.919694 -0.293286 0.219396
v 0.910983 -0.297961 0.002225
v 0.886517 -0.309142 -0.178667
v 0.917274 -0.315546 -0.179203
v 0.885503 -0.267764 -0.299102
v 0.915270 -0.266248 -0.308143
v 0.861491 -0.278116 -0.313902
v 0.960787 0.445436 -0.372627
v 0.929404 0.440144 -0.371814
v 0.935861 0.512102 -0.303378
v 0.904607 0.510115 -0.298944
v 0.906498 0.479065 -0.050095
v 0.874775 0.477138 -0.048607
v 0.949593 0.489966 0.185260
v -0.962495 -0.217115 0.100471
v -0.939127 -0.236635 0.095067
v -0.948809 -0.244730 0.082870
v -0.976586 -0.228896 0.082718
v -0.989691 -0.251387 0.086187
v -0.957815 -0.260182 0.085253
v 1.425395 0.024643 0.374687
v 1.456026 0.037145 0.394888
v 1.431873 0.041099 0.376081
v 1.446595 0.013193 0.392858
v 0.929904 0.491334 -0.349887
v 0.917549 0.507326 -0.335190
v 0.920706 0.472052 -0.330712
v 0.938915 0.466223 -0.327352
v 0.956405 0.482850 -0.344996
v 0.956188 0.489794 -0.344201
v 0.935113 0.496542 -0.348089
v 0.925288 0.509258 -0.336402
v -0.077463 -0.561627 0.004356
v -0.072614 -0.532714 0.002763
v -0.101234 -0.556777 -0.008456
v -0.088947 -0.529382 -0.006040
v -0.104868 -0.522688 0.000995
v -0.124405 -0.547036 0.001784
v 1.133541 0.441542 0.341581
v 1.092414 0.408306 0.341887
v 1.153807 0.286031 0.384389
v 1.175762 0.296553 0.369083
v 1.292676 0.161269 0.383228
v 1.121523 0.416980 0.334084
v 1.198799 0.312530 0.378436
v 1.312039 0.175964 0.367605
v 1.334365 0.193307 0.377534
v 1.407641 0.076106 0.373397
v 1.380952 0.066325 0.362194
v 1.438184 -0.016879 0.318824
v 1.464505 -0.008849 0.331763
v 1.359669 0.051412 0.375726
v 1.424448 -0.041779 0.323116
v 1.463712 -0.249762 -0.058579
v 1.495526 -0.250528 -0.061304
v 1.483729 -0.132243 -0.127249
v 1.452181 -0.134003 -0.122833
v 1.497528 0.087415 -0.120654
v 0.045540 -0.398721 -0.461183
v 0.049373 -0.422493 -0.454628
v 0.020073 -0.388022 -0.457283
v 0.039234 -0.402916 -0.463020
v -0.001559 -0.401094 -0.446830
v 0.042282 -0.421819 -0.457807
v 0.025079 -0.432213 -0.449494
v 0.004827 -0.423706 -0.446392
v 0.018981 -0.394407 -0.459919
v 0.001779 -0.404803 -0.451604
v 0.273968 0.564480 -0.313225
v 0.279927 0.591854 -0.321634
v 0.254050 0.587919 -0.332333
v 0.256188 0.561778 -0.320577
v 0.239310 0.562124 -0.312041
v 0.274604 0.596628 -0.319858
v 0.229486 0.588423 -0.319911
v 0.234492 0.593899 -0.318487
v 0.254026 0.593500 -0.328366
v 0.241079 0.596653 0.168947
v 0.253537 0.570027 0.167048
v 0.287511 0.575451 0.163223
v 0.290526 0.604548 0.163380
v 0.263315 0.602463 0.154711
v 0.268815 0.574018 0.157266
v 0.871184 -0.282276 -0.362402
v 0.898090 -0.273974 -0.367970
v 0.921059 -0.281147 -0.355276
v 0.876407 -0.287493 -0.362493
v 0.897803 -0.280892 -0.366921
v 0.916070 -0.286597 -0.356827
v -0.549832 0.041435 -0.172262
v -0.543036 0.014496 -0.193373
v -0.568400 0.025639 -0.190220
v -0.532405 0.033781 -0.174427
v -0.569110 0.018734 -0.189168
v -0.548939 0.009872 -0.191675
v -0.541409 -0.003160 -0.179033
v -0.533566 -0.001890 -0.177476
v -0.469295 0.288493 -0.051862
v -0.479525 0.314878 -0.059081
v -0.450019 0.292831 -0.048952
v -0.478734 0.319980 -0.054599
v -0.456424 0.325000 -0.051231
v -0.451469 0.321190 -0.054846
v 0.224304 0.229138 -0.513554
v 0.219778 0.205896 -0.512585
v 0.199023 0.239857 -0.518531
v 0.173924 0.226393 -0.517250
v 0.179712 0.203714 -0.515525
v 0.199527 0.233654 -0.521523
v 0.219632 0.225129 -0.517564
v 0.179568 0.222946 -0.520503
v 0.199817 0.195188 -0.511566
v 0.891388 0.091510 -0.400312
v 0.920122 0.128104 -0.398378
v 0.898786 0.113976 -0.403843
v 0.919760 0.123134 -0.403007
v 0.896909 0.094034 -0.404545
v 0.944133 0.114543 -0.398209
v 0.916003 0.083249 -0.404410
v 0.938854 0.112350 -0.402872
v 0.936977 0.092406 -0.403575
v 0.941773 0.089464 -0.399092
v 0.915399 0.077949 -0.400144
v 0.891861 -0.334053 0.105267
v 0.888024 -0.361322 0.095846
v 0.915419 -0.356838 0.088736
v 0.910683 -0.330974 0.100382
v 0.925868 -0.331261 0.111041
v 0.893073 -0.366055 0.098248
v 0.937520 -0.357254 0.104249
v 0.932432 -0.362821 0.104929
v 0.914858 -0.362490 0.092594
v 0.975797 0.477848 0.196743
v 0.964526 0.504941 0.195389
v 0.992682 0.510511 0.191303
v 0.995144 0.481676 0.193936
v 1.460325 -0.277865 0.090654
v 1.466088 -0.250518 0.082098
v 1.483298 -0.253038 0.074459
v 1.485373 -0.281532 0.079535
v 1.500748 -0.247853 0.081275
v 1.510770 -0.273986 0.089455
v -0.110929 -0.485807 0.084975
v -0.196588 -0.375394 0.146787
v -0.084976 -0.470093 0.083957
v -0.171245 -0.358534 0.150077
v -0.274878 -0.321921 0.122065
v -0.248579 -0.316419 0.109419
v -0.231854 -0.293784 0.114133
v -0.379863 -0.265314 -0.004876
v -0.390094 -0.290954 -0.010094
v -0.506402 -0.312070 -0.123421
v -0.529919 -0.297038 -0.114814
v -0.496952 -0.333716 -0.110055
v -0.659747 -0.379720 -0.171084
v -0.648549 -0.402496 -0.161147
v -0.809275 -0.466204 -0.152512
v -0.672460 -0.361366 -0.155958
v -0.827752 -0.445168 -0.158825
v -0.888619 -0.486046 -0.103816
v -0.836864 -0.427756 -0.140442
v -0.879640 -0.435707 -0.118258
v -0.898614 -0.462213 -0.119645
v -0.985076 -0.299048 0.049820
v -0.953069 -0.285766 0.039670
v -0.920778 -0.291787 0.053596
v -0.908569 -0.250140 0.090057
v -0.779471 -0.174185 0.102414
v -0.922081 -0.226307 0.085517
v -0.788992 -0.155573 0.085335
v -0.719165 -0.119394 0.072446
v -0.943350 -0.216756 0.101831
v -0.796977 -0.124680 0.118101
v -0.797618 -0.130949 0.093161
v -0.734985 -0.101496 0.059779
v -0.739399 -0.076394 0.068152
v -0.635059 -0.066005 -0.005881
v -0.631579 -0.039741 0.006670
v -0.612711 -0.087256 -0.001582
v -0.525901 0.036403 -0.189288
v -0.500851 0.031432 -0.169749
v -0.466322 0.119575 -0.176169
v -0.478881 0.133984 -0.195431
v -0.554292 0.052004 -0.182282
v -0.508952 0.142546 -0.193892
v -0.457573 0.218707 -0.166620
v -0.482976 0.276839 -0.113592
v -0.461179 0.297172 -0.115698
v -0.422950 0.214985 -0.162135
v -0.431312 0.293746 -0.107574
v -0.444546 0.233678 0.076262
v -0.423605 0.244051 0.093796
v -0.475538 0.230460 0.082350
v -0.440755 0.174465 0.101198
v -0.463117 0.168454 0.104512
v -0.424181 0.171735 0.114557
v -0.441835 0.148113 0.111112
v -0.435173 0.147017 0.116481
v -0.450822 0.145698 0.112444
v 1.490054 0.146712 -0.134844
v 1.499617 0.125059 -0.135873
v 1.495787 0.144386 -0.138823
v 1.513695 0.157522 -0.140149
v 1.521356 0.118872 -0.134249
v 1.539263 0.132008 -0.135573
v 1.535433 0.151334 -0.138523
v 1.539908 0.155452 -0.134468
v 1.512573 0.163233 -0.136511
v 1.528923 0.086097 -0.125321
v 1.515936 0.186518 -0.125682
v 1.484769 0.182307 -0.120743
v 1.503621 0.293327 -0.054298
v 1.472769 0.289490 -0.047993
v 1.512584 0.263751 0.082619
v 1.483011 0.252857 0.083622
v 1.517861 0.215098 0.110611
v 1.487008 0.209871 0.105782
v 1.547142 0.069752 0.101975
v 1.577400 0.076582 0.107920
v 1.559296 0.019767 0.117913
v 1.569800 0.022137 0.119976
v 1.497988 0.190502 0.128746
v 1.486589 0.206708 0.149127
v 1.515426 0.199159 0.126540
v 1.511970 0.219307 0.145918
v -0.331692 -0.262052 0.102562
v -0.313743 -0.284596 0.094471
v -0.298342 -0.275558 0.088098
v -0.309278 -0.248900 0.093287
v -0.280869 -0.274063 0.096129
v -0.283847 -0.246724 0.104974
v -0.686375 -0.355505 -0.168465
v -0.628327 -0.348762 -0.166115
v -0.640476 -0.364086 -0.182374
v -0.669500 -0.367457 -0.183548
v -0.644221 -0.357984 -0.182117
v -0.634560 -0.345798 -0.169189
v -0.667304 -0.360665 -0.183050
v -0.680722 -0.351161 -0.171056
v 0.493957 0.364435 0.373445
v 0.446519 0.515501 0.365557
v 0.420999 0.499685 0.364375
v 0.341794 0.574310 0.277572
v 0.325137 0.550495 0.275174
v 0.266670 0.578223 -0.383492
v 0.298214 0.577918 -0.386390
v 0.271551 0.425708 -0.493124
v 0.240653 0.429853 -0.491835
v 0.188507 0.240152 -0.503663
v 0.218838 0.232936 -0.501890
v 0.091854 -0.036457 -0.506674
v 0.122051 -0.044037 -0.504906
v 0.062418 -0.295989 -0.494991
v 0.092970 -0.298881 -0.490002
v 0.032224 -0.489956 -0.391317
v 0.004076 -0.484858 -0.402140
v 0.529079 0.114554 0.386469
v 0.463810 0.354072 0.372764
v 0.683856 -0.080504 0.380935
v 0.558173 0.126550 0.384661
v 0.787801 -0.214074 0.399715
v 0.808678 -0.197045 0.389280
v 0.830562 -0.184707 0.403604
v 0.723008 -0.048725 0.394725
v 0.883339 -0.253895 0.350520
v 0.709536 -0.064135 0.375988
v 0.857808 -0.268406 0.341363
v 0.921259 -0.274942 -0.331770
v 0.867624 -0.287004 -0.337762
v 0.897658 -0.285345 -0.346573
v 0.882852 -0.148801 -0.404873
v 0.913404 -0.152549 -0.410517
v 0.935659 -0.151015 -0.392158
v 0.964645 -0.008082 -0.372346
v 0.913332 -0.002997 -0.387717
v 0.944741 -0.002453 -0.391541
v 0.922310 0.144934 -0.382234
v 0.890840 0.144945 -0.378864
v 0.929922 0.297676 -0.366354
v 0.959338 0.289119 -0.370285
v 0.960787 0.445436 -0.372627
v 0.929404 0.440144 -0.371814
v -0.962495 -0.217115 0.100471
v -0.939127 -0.236635 0.095067
v -0.938451 -0.243992 0.109648
v -0.961507 -0.227823 0.121691
v 1.440437 0.053460 0.406931
v 1.456026 0.037145 0.394888
v 1.441275 0.047479 0.410238
v 1.446595 0.013193 0.392858
v 1.453672 0.034505 0.400661
v 1.446173 0.015458 0.399046
v 0.958198 0.506348 -0.310715
v 0.970553 0.490357 -0.325411
v 0.957613 0.508481 -0.316939
v 0.956405 0.482850 -0.344996
v 0.967438 0.495765 -0.328626
v 0.956188 0.489794 -0.344201
v -0.072200 -0.529351 0.018602
v -0.076860 -0.556734 0.027409
v -0.077463 -0.561627 0.004356
v -0.072614 -0.532714 0.002763
v 0.978717 0.444462 0.171084
v 1.055737 0.447104 0.257280
v 1.066049 0.472999 0.255335
v 0.992102 0.469244 0.166317
v 0.977626 0.491845 0.173430
v 1.050330 0.492680 0.266289
v 1.133541 0.441542 0.341581
v 1.116809 0.457477 0.356765
v 1.200120 0.318074 0.402870
v 1.121523 0.416980 0.334084
v 1.198799 0.312530 0.378436
v 1.334365 0.193307 0.377534
v 1.337537 0.196099 0.402855
v 1.407641 0.076106 0.373397
v 1.413352 0.071098 0.397969
v 1.464505 -0.008849 0.331763
v 1.477428 -0.025470 0.348920
v 1.511529 -0.143628 0.193253
v 1.464034 -0.050313 0.353405
v 1.524156 -0.162357 0.208445
v 1.502235 -0.229493 0.050070
v 1.505367 -0.181034 0.220222
v 1.514506 -0.253754 0.055028
v 1.495351 -0.276118 0.057528
v 1.502577 -0.214222 -0.032894
v 1.514772 -0.232725 -0.048433
v 1.495526 -0.250528 -0.061304
v 1.493570 -0.122998 -0.084230
v 1.504241 -0.126740 -0.107894
v 1.483729 -0.132243 -0.127249
v 1.549127 0.079440 -0.106431
v 0.045540 -0.398721 -0.461183
v 0.049831 -0.393868 -0.434469
v 0.052466 -0.410201 -0.429965
v 0.049373 -0.422493 -0.454628
v 0.281238 0.596292 -0.298510
v 0.274867 0.567529 -0.297337
v 0.273968 0.564480 -0.313225
v 0.279927 0.591854 -0.321634
v 0.274604 0.596628 -0.319858
v 0.275647 0.600157 -0.301469
v 0.290928 0.572892 0.178960
v 0.295499 0.600824 0.186286
v 0.287511 0.575451 0.163223
v 0.290526 0.604548 0.163380
v 0.488132 0.387647 0.407576
v 0.499982 0.377277 0.438175
v 0.493350 0.371776 0.411849
v 0.492388 0.400377 0.431957
v 0.487809 0.397866 0.436860
v 0.493849 0.379496 0.441804
v 0.921059 -0.281147 -0.355276
v 0.909574 -0.261656 -0.337672
v 0.906870 -0.272288 -0.325125
v 0.917123 -0.296624 -0.337014
v 0.912939 -0.298904 -0.342305
v 0.916070 -0.286597 -0.356827
v -0.543036 0.014496 -0.193373
v -0.532405 0.033781 -0.174427
v -0.525899 0.022521 -0.163506
v -0.549459 -0.007137 -0.158427
v -0.536819 0.018917 -0.150419
v -0.533566 -0.001890 -0.177476
v -0.459932 0.319731 -0.014818
v -0.455833 0.291826 -0.021450
v -0.450019 0.292831 -0.048952
v -0.451469 0.321190 -0.054846
v -0.441673 0.323616 -0.032714
v -0.443288 0.294498 -0.033746
v 0.224304 0.229138 -0.513554
v 0.213694 0.232302 -0.487967
v 0.213819 0.215685 -0.483665
v 0.224486 0.204953 -0.507293
v 0.219778 0.205896 -0.512585
v 0.219632 0.225129 -0.517564
v 0.935167 0.109966 -0.372322
v 0.944133 0.114543 -0.398209
v 0.938854 0.112350 -0.402872
v 0.933545 0.092735 -0.372929
v 0.936977 0.092406 -0.403575
v 0.941773 0.089464 -0.399092
v 0.925868 -0.331261 0.111041
v 0.937520 -0.357254 0.104249
v 0.922231 -0.334625 0.126584
v 0.932432 -0.362821 0.104929
v 0.928224 -0.366715 0.122921
v 0.932226 -0.362151 0.126872
v 0.721767 -0.065032 0.411925
v 0.732713 -0.075503 0.442710
v 0.726859 -0.080917 0.416259
v 0.725304 -0.052383 0.436401
v 0.720580 -0.054909 0.441208
v 0.726473 -0.073296 0.446225
v 1.002447 0.478149 0.221106
v 0.992682 0.510511 0.191303
v 0.995144 0.481676 0.193936
v 1.012076 0.510730 0.209032
v 1.008468 0.481825 0.206117
v 1.003313 0.505377 0.230848
v 1.500989 -0.240150 0.095730
v 1.511121 -0.262774 0.110495
v 1.500748 -0.247853 0.081275
v 1.510770 -0.273986 0.089455
v 1.506012 -0.277475 0.093710
v 1.506290 -0.268559 0.110441
v -0.171245 -0.358534 0.150077
v -0.059658 -0.476316 0.097560
v -0.060314 -0.498449 0.112203
v -0.172256 -0.366634 0.194012
v -0.159079 -0.354048 0.173539
v -0.241336 -0.276416 0.131592
v -0.231854 -0.293784 0.114133
v -0.379863 -0.265314 -0.004876
v -0.390094 -0.290954 -0.010094
v -0.506402 -0.312070 -0.123421
v -0.496952 -0.333716 -0.110055
v -0.809285 -0.452627 -0.109911
v -0.860039 -0.483306 -0.086734
v -0.841407 -0.457049 -0.085307
v -0.850988 -0.433308 -0.100992
v -0.953069 -0.285766 0.039670
v -0.920381 -0.310959 0.077651
v -0.920778 -0.291787 0.053596
v -0.908569 -0.250140 0.090057
v -0.916107 -0.264643 0.111084
v -0.922081 -0.226307 0.085517
v -0.586842 -0.081966 0.015341
v -0.606067 -0.034554 0.023496
v -0.583643 -0.055519 0.027876
v -0.536260 -0.005586 -0.086412
v -0.556956 0.012942 -0.079226
v -0.546063 -0.027303 -0.100543
v -0.504103 0.041878 -0.143391
v -0.525901 0.036403 -0.189288
v -0.500851 0.031432 -0.169749
v -0.532193 0.057346 -0.136359
v -0.483474 0.113646 -0.155442
v -0.466322 0.119575 -0.176169
v -0.478881 0.133984 -0.195431
v -0.411079 0.206939 -0.136266
v -0.433864 0.202635 -0.114947
v -0.444975 0.249038 -0.095254
v -0.422950 0.214985 -0.162135
v -0.431312 0.293746 -0.107574
v -0.422992 0.269676 -0.097307
v -0.441427 0.306906 0.020689
v -0.428091 0.278949 0.016814
v -0.450473 0.254402 0.013123
v -0.444546 0.233678 0.076262
v -0.423605 0.244051 0.093796
v -0.433907 0.251176 0.117165
v -0.440755 0.174465 0.101198
v -0.424181 0.171735 0.114557
v -0.430173 0.163100 0.131089
v -0.435173 0.147017 0.116481
v -0.437581 0.143545 0.123126
v 1.535374 0.137914 -0.105482
v 1.544725 0.131150 -0.130758
v 1.532066 0.154611 -0.108030
v 1.539263 0.132008 -0.135573
v 1.535433 0.151334 -0.138523
v 1.539908 0.155452 -0.134468
v 1.538296 0.074090 -0.082988
v 1.527932 0.183141 -0.082386
v 1.528923 0.086097 -0.125321
v 1.537339 0.186914 -0.106447
v 1.515936 0.186518 -0.125682
v 1.525315 0.275864 -0.045829
v 1.516506 0.254652 -0.031170
v 1.521951 0.295622 0.026083
v 1.503621 0.293327 -0.054298
v 1.499331 0.314230 0.025608
v 1.514040 0.269034 0.025700
v 1.512584 0.263751 0.082619
v 1.520547 0.286088 0.096264
v 1.517861 0.215098 0.110611
v 1.498909 0.297860 0.111002
v 1.527268 0.225297 0.133212
v 1.505837 0.230503 0.151220
v 1.577400 0.076582 0.107920
v 1.569800 0.022137 0.119976
v 1.587580 0.075446 0.132166
v 1.573333 0.021744 0.128392
v 1.566365 0.019007 0.134854
v 1.567505 0.067565 0.150778
v 1.532509 0.192650 0.132018
v 1.536831 0.209834 0.153891
v 1.532153 0.177483 0.139701
v 1.536312 0.187758 0.165073
v 1.530608 0.191945 0.167322
v 1.531020 0.209500 0.158429
v -0.278797 -0.281604 0.110532
v -0.280831 -0.257700 0.125938
v -0.280869 -0.274063 0.096129
v -0.283847 -0.246724 0.104974
v -0.647292 -0.363142 -0.139428
v -0.645200 -0.336810 -0.151032
v -0.628327 -0.348762 -0.166115
v -0.635699 -0.371353 -0.149793
v -0.644047 -0.381881 -0.160964
v -0.640476 -0.364086 -0.182374
v 0.493751 0.363472 0.417875
v 0.562280 0.128729 0.428769
v 0.574600 0.133573 0.405851
v 0.508745 0.369078 0.396025
v 0.493957 0.364435 0.373445
v 0.433406 0.529141 0.404950
v 0.446519 0.515501 0.365557
v 0.452640 0.530129 0.385820
v 0.334885 0.591940 0.296047
v 0.341794 0.574310 0.277572
v 0.243689 0.579987 0.063609
v 0.325137 0.550495 0.275174
v 0.257385 0.560338 0.054376
v 0.242496 0.535831 0.052851
v 0.216587 0.530476 -0.143778
v 0.212099 0.577671 -0.144347
v 0.229867 0.555695 -0.146288
v 0.300818 0.541194 -0.358394
v 0.315216 0.559483 -0.373971
v 0.271175 0.408625 -0.452136
v 0.298214 0.577918 -0.386390
v 0.271551 0.425708 -0.493124
v 0.286746 0.415099 -0.473426
v 0.217503 0.237978 -0.457723
v 0.218838 0.232936 -0.501890
v 0.233267 0.231785 -0.479061
v 0.122051 -0.044037 -0.504906
v 0.120798 -0.038991 -0.460736
v 0.136454 -0.045369 -0.482077
v 0.092970 -0.298881 -0.490002
v 0.085580 -0.285397 -0.448511
v 0.104509 -0.293683 -0.466889
v 0.032224 -0.489956 -0.391317
v 0.028312 -0.451714 -0.365303
v 0.044272 -0.473536 -0.372959
v -0.044004 -0.508988 -0.199619
v -0.054774 -0.483426 -0.200289
v -0.056723 -0.496521 -0.014638
v -0.050124 -0.522722 -0.012702
v 0.558173 0.126550 0.384661
v 0.811031 -0.206215 0.438575
v 0.831678 -0.189349 0.428159
v 0.711114 -0.049515 0.418296
v 0.899555 -0.263038 0.370889
v 0.830562 -0.184707 0.403604
v 0.890541 -0.286483 0.382161
v 0.948521 -0.331351 0.225587
v 0.947316 -0.304864 0.222310
v 0.723008 -0.048725 0.394725
v 0.883339 -0.253895 0.350520
v 0.918321 -0.324232 0.003983
v 0.910983 -0.297961 0.002225
v 0.917274 -0.315546 -0.179203
v 0.925322 -0.341435 -0.182635
v 0.915270 -0.266248 -0.308143
v 0.921259 -0.274942 -0.331770
v 0.927658 -0.145734 -0.368025
v 0.913404 -0.152549 -0.410517
v 0.935659 -0.151015 -0.392158
v 0.964645 -0.008082 -0.372346
v 0.953312 -0.014207 -0.349036
v 0.930270 0.142419 -0.338274
v 0.944741 -0.002453 -0.391541
v 0.941944 0.143617 -0.362078
v 0.922310 0.144934 -0.382234
v 0.976120 0.278793 -0.350980
v 0.959338 0.289119 -0.370285
v 0.963669 0.277033 -0.327453
v 0.965840 0.431985 -0.330217
v 0.978945 0.441331 -0.351980
v 0.960787 0.445436 -0.372627
v 0.953890 0.490453 -0.299957
v 0.935861 0.512102 -0.303378
v 0.906498 0.479065 -0.050095
v 0.940828 0.466564 -0.291930
v 0.923293 0.456516 -0.052032
v 0.908496 0.431734 -0.052384
v -0.974614 -0.250313 0.125159
v -0.947454 -0.259444 0.112030
v -0.957138 -0.267539 0.099834
v -0.988706 -0.262096 0.107407
v -0.989691 -0.251387 0.086187
v -0.957815 -0.260182 0.085253
v 1.421576 0.005557 0.402871
v 1.408204 0.019396 0.381566
v 1.425395 0.024643 0.374687
v 1.446595 0.013193 0.392858
v 1.446173 0.015458 0.399046
v 1.426277 0.009384 0.407010
v 0.938915 0.466223 -0.327352
v 0.970553 0.490357 -0.325411
v 0.948635 0.471380 -0.313895
v 0.956405 0.482850 -0.344996
v -0.076860 -0.556734 0.027409
v -0.077463 -0.561627 0.004356
v -0.101234 -0.556777 -0.008456
v -0.084259 -0.564020 0.007266
v -0.103163 -0.560165 -0.002922
v -0.121589 -0.552416 0.005222
v -0.121111 -0.548526 0.023553
v -0.083780 -0.560129 0.025599
v -0.102206 -0.552382 0.033742
v 1.029378 0.440878 0.270337
v 0.978717 0.444462 0.171084
v 1.055737 0.447104 0.257280
v 1.092414 0.408306 0.341887
v 1.121523 0.416980 0.334084
v 1.464034 -0.050313 0.353405
v 1.437408 -0.058583 0.340542
v 1.505367 -0.181034 0.220222
v 1.473580 -0.180942 0.216722
v 1.495351 -0.276118 0.057528
v 1.463554 -0.274137 0.055020
v 1.514772 -0.232725 -0.048433
v 1.463712 -0.249762 -0.058579
v 1.495526 -0.250528 -0.061304
v 0.052466 -0.410201 -0.429965
v 0.049373 -0.422493 -0.454628
v 0.027741 -0.435563 -0.444173
v 0.037602 -0.419181 -0.422782
v 0.020106 -0.411830 -0.420104
v 0.042282 -0.421819 -0.457807
v 0.025079 -0.432213 -0.449494
v 0.002275 -0.424865 -0.440275
v 0.004827 -0.423706 -0.446392
v 0.459886 0.362754 0.411657
v 0.451277 0.364148 0.437896
v 0.479227 0.359329 0.413887
v 0.479427 0.359162 0.441142
v 0.499982 0.377277 0.438175
v 0.493350 0.371776 0.411849
v 0.867247 -0.297753 -0.344138
v 0.890217 -0.304926 -0.331446
v 0.876407 -0.287493 -0.362493
v 0.917123 -0.296624 -0.337014
v 0.873277 -0.299801 -0.347971
v 0.891543 -0.305506 -0.337876
v 0.912939 -0.298904 -0.342305
v 0.897803 -0.280892 -0.366921
v 0.916070 -0.286597 -0.356827
v -0.569110 0.018734 -0.189168
v -0.574823 0.004007 -0.155276
v -0.574215 0.001530 -0.161379
v -0.581747 0.014562 -0.174020
v -0.554047 -0.007330 -0.163886
v -0.548939 0.009872 -0.191675
v -0.549459 -0.007137 -0.158427
v -0.541409 -0.003160 -0.179033
v -0.533566 -0.001890 -0.177476
v 0.213819 0.215685 -0.483665
v 0.224486 0.204953 -0.507293
v 0.199387 0.191488 -0.506011
v 0.196574 0.206433 -0.482784
v 0.179204 0.213799 -0.486207
v 0.219778 0.205896 -0.512585
v 0.174106 0.202209 -0.510990
v 0.179712 0.203714 -0.515525
v 0.199817 0.195188 -0.511566
v 0.898927 0.094141 -0.373767
v 0.891388 0.091510 -0.400312
v 0.933545 0.092735 -0.372929
v 0.941773 0.089464 -0.399092
v 0.915399 0.077949 -0.400144
v 0.915425 0.084823 -0.373653
v 0.882731 -0.366219 0.118469
v 0.893073 -0.366055 0.098248
v 0.932432 -0.362821 0.104929
v 0.888863 -0.369949 0.116238
v 0.914858 -0.362490 0.092594
v 0.906438 -0.370279 0.128575
v 0.928224 -0.366715 0.122921
v 0.932226 -0.362151 0.126872
v 0.904833 -0.366633 0.133983
v 0.693402 -0.089937 0.415410
v 0.684019 -0.088632 0.441473
v 0.712676 -0.093371 0.418002
v 0.712072 -0.093628 0.445245
v 0.732713 -0.075503 0.442710
v 0.726859 -0.080917 0.416259
v 1.460325 -0.277865 0.090654
v 1.466174 -0.271642 0.111395
v 1.485373 -0.281532 0.079535
v 1.465896 -0.280559 0.094664
v 1.485815 -0.283475 0.085821
v 1.510770 -0.273986 0.089455
v 1.486371 -0.265643 0.119283
v 1.506012 -0.277475 0.093710
v 1.506290 -0.268559 0.110441
v -0.111691 -0.507843 0.099511
v -0.209966 -0.388072 0.166977
v -0.086409 -0.514244 0.113128
v -0.196588 -0.375394 0.146787
v -0.060314 -0.498449 0.112203
v -0.284573 -0.304702 0.139631
v -0.274878 -0.321921 0.122065
v -0.248579 -0.316419 0.109419
v -0.432993 -0.285902 0.016878
v -0.390094 -0.290954 -0.010094
v -0.416544 -0.301199 0.000659
v -0.511228 -0.340568 -0.087850
v -0.535115 -0.325454 -0.079161
v -0.496952 -0.333716 -0.110055
v -0.650201 -0.406949 -0.136063
v -0.648549 -0.402496 -0.161147
v -0.800145 -0.469795 -0.128066
v -0.809275 -0.466204 -0.152512
v -0.888619 -0.486046 -0.103816
v -0.860039 -0.483306 -0.086734
v -0.984697 -0.318380 0.073959
v -0.952268 -0.324281 0.087862
v -0.908569 -0.250140 0.090057
v -0.916107 -0.264643 0.111084
v -0.778606 -0.168046 0.127610
v -0.779471 -0.174185 0.102414
v -0.707662 -0.112049 0.093737
v -0.719165 -0.119394 0.072446
v -0.734985 -0.101496 0.059779
v -0.635059 -0.066005 -0.005881
v -0.586842 -0.081966 0.015341
v -0.546063 -0.027303 -0.100543
v -0.612711 -0.087256 -0.001582
v -0.576940 -0.030473 -0.107551
v -0.525901 0.036403 -0.189288
v -0.500851 0.031432 -0.169749
v -0.483474 0.113646 -0.155442
v -0.411079 0.206939 -0.136266
v -0.433864 0.202635 -0.114947
v -0.444975 0.249038 -0.095254
v -0.475059 0.252761 -0.103416
v -0.422992 0.269676 -0.097307
v -0.428091 0.278949 0.016814
v -0.450473 0.254402 0.013123
v -0.485942 0.258100 0.013457
v -0.444546 0.233678 0.076262
v -0.423605 0.244051 0.093796
v -0.475538 0.230460 0.082350
v -0.441835 0.148113 0.111112
v -0.435173 0.147017 0.116481
v -0.437581 0.143545 0.123126
v -0.446522 0.141205 0.124397
v -0.450822 0.145698 0.112444
v -0.453109 0.142253 0.119086
v 1.501122 0.131911 -0.105740
v 1.494871 0.122411 -0.131135
v 1.522206 0.114630 -0.129091
v 1.519902 0.126563 -0.104337
v 1.535374 0.137914 -0.105482
v 1.499617 0.125059 -0.135873
v 1.544725 0.131150 -0.130758
v 1.521356 0.118872 -0.134249
v 1.539263 0.132008 -0.135573
v 1.516506 0.254652 -0.031170
v 1.486005 0.250712 -0.024714
v 1.460497 0.279184 0.024472
v 1.514040 0.269034 0.025700
v 1.483498 0.260733 0.024957
v 1.512584 0.263751 0.082619
v 1.483011 0.252857 0.083622
v 1.461004 0.264449 0.098343
v 1.559296 0.019767 0.117913
v 1.552195 0.017004 0.124330
v 1.569800 0.022137 0.119976
v 1.555741 0.016638 0.132855
v 1.573333 0.021744 0.128392
v 1.566365 0.019007 0.134854
v 1.486070 0.184634 0.160310
v 1.497632 0.175334 0.136429
v 1.514713 0.168827 0.141907
v 1.510932 0.175159 0.168283
v 1.532153 0.177483 0.139701
v 1.536312 0.187758 0.165073
v -0.311671 -0.292138 0.108875
v -0.328677 -0.273030 0.123527
v -0.294197 -0.290643 0.116905
v -0.303245 -0.270854 0.135214
v -0.663988 -0.384198 -0.161771
v -0.644047 -0.381881 -0.160964
v -0.640476 -0.364086 -0.182374
v -0.669500 -0.367457 -0.183548
v 0.401539 0.498630 0.383634
v 0.420999 0.499685 0.364375
v 0.325137 0.550495 0.275174
v 0.301290 0.544297 0.291466
v 0.213562 0.530975 0.060658
v 0.242496 0.535831 0.052851
v 0.185156 0.527259 -0.139287
v 0.216587 0.530476 -0.143778
v 0.269033 0.541383 -0.355242
v 0.300818 0.541194 -0.358394
v 0.032224 -0.489956 -0.391317
v 0.004076 -0.484858 -0.402140
v 0.044272 -0.473536 -0.372959
v -0.064217 -0.530483 -0.202155
v -0.095272 -0.526748 -0.205376
v -0.044004 -0.508988 -0.199619
v -0.103079 -0.534177 -0.013831
v -0.073332 -0.541471 -0.012321
v -0.050124 -0.522722 -0.012702
v 0.865187 -0.300981 0.373310
v 0.890541 -0.286483 0.382161
v 0.922197 -0.346544 0.226108
v 0.948521 -0.331351 0.225587
v 0.918321 -0.324232 0.003983
v 0.848651 -0.292063 0.352862
v 0.894266 -0.335206 0.223207
v 0.895306 -0.343631 0.006240
v 0.864521 -0.336776 0.006636
v 0.871778 -0.355103 -0.184957
v 0.902785 -0.361213 -0.185451
v 0.925322 -0.341435 -0.182635
v 0.921259 -0.274942 -0.331770
v 0.867624 -0.287004 -0.337762
v 0.897658 -0.285345 -0.346573
v 0.965840 0.431985 -0.330217
v 0.934195 0.426686 -0.329145
v 0.940828 0.466564 -0.291930
v 0.909353 0.464353 -0.287296
v 0.908496 0.431734 -0.052384
v 0.876521 0.429538 -0.050788
v 0.950510 0.442317 0.183099
v -0.938451 -0.243992 0.109648
v -0.961507 -0.227823 0.121691
v -0.974614 -0.250313 0.125159
v -0.947454 -0.259444 0.112030
v -0.969054 -0.228117 0.119157
v -0.979476 -0.246003 0.121915
v 1.415416 0.045823 0.416943
v 1.405986 0.021871 0.414914
v 1.421576 0.005557 0.402871
v 1.421377 0.041405 0.418200
v 1.440437 0.053460 0.406931
v 1.441275 0.047479 0.410238
v 1.453672 0.034505 0.400661
v 1.446173 0.015458 0.399046
v 1.426277 0.009384 0.407010
v 1.413879 0.022359 0.416586
v 0.931697 0.514832 -0.315604
v 0.921938 0.488197 -0.307157
v 0.940147 0.482367 -0.303797
v 0.958198 0.506348 -0.310715
v 0.970553 0.490357 -0.325411
v 0.948635 0.471380 -0.313895
v -0.072200 -0.529351 0.018602
v -0.076860 -0.556734 0.027409
v -0.104453 -0.519326 0.016835
v -0.121111 -0.548526 0.023553
v -0.123802 -0.542142 0.024837
v -0.100030 -0.546991 0.037648
v -0.088119 -0.522657 0.025637
v -0.083780 -0.560129 0.025599
v -0.102206 -0.552382 0.033742
v 1.087870 0.449134 0.364531
v 1.116809 0.457477 0.356765
v 1.075472 0.424509 0.357162
v 1.178405 0.307845 0.418203
v 1.200120 0.318074 0.402870
v 1.155114 0.291758 0.409087
v 1.318385 0.181718 0.418524
v 1.295839 0.164209 0.408838
v 1.392370 0.056357 0.411641
v 1.337537 0.196099 0.402855
v 1.413352 0.071098 0.397969
v 1.477428 -0.025470 0.348920
v 1.464034 -0.050313 0.353405
v 1.365384 0.046441 0.400609
v 1.437408 -0.058583 0.340542
v 1.471064 -0.213201 -0.030126
v 1.502577 -0.214222 -0.032894
v 1.493570 -0.122998 -0.084230
v 1.462335 -0.124584 -0.079651
v 1.441428 -0.130098 -0.098897
v 1.507236 0.075445 -0.078118
v 0.281238 0.596292 -0.298510
v 0.274867 0.567529 -0.297337
v 0.240211 0.565171 -0.296153
v 0.230797 0.592860 -0.296788
v 0.256673 0.596794 -0.286088
v 0.257991 0.567875 -0.288801
v 0.256954 0.567466 0.182786
v 0.246052 0.592929 0.191853
v 0.273263 0.595013 0.200522
v 0.275650 0.568900 0.188743
v 0.290928 0.572892 0.178960
v 0.295499 0.600824 0.186286
v 0.249938 0.598746 0.189720
v 0.289259 0.605025 0.185293
v 0.271576 0.600405 0.196615
v 0.451277 0.364148 0.437896
v 0.479427 0.359162 0.441142
v 0.449079 0.387425 0.436638
v 0.455118 0.369055 0.441582
v 0.477503 0.365091 0.444165
v 0.499982 0.377277 0.438175
v 0.465424 0.401831 0.434277
v 0.487809 0.397866 0.436860
v 0.493849 0.379496 0.441804
v 0.867247 -0.297753 -0.344138
v 0.872602 -0.273064 -0.330019
v 0.888384 -0.277994 -0.321298
v 0.890217 -0.304926 -0.331446
v 0.906870 -0.272288 -0.325125
v 0.917123 -0.296624 -0.337014
v -0.584291 0.020393 -0.171171
v -0.560752 0.037831 -0.159176
v -0.554244 0.026572 -0.148253
v -0.574823 0.004007 -0.155276
v -0.549459 -0.007137 -0.158427
v -0.536819 0.018917 -0.150419
v -0.459932 0.319731 -0.014818
v -0.475111 0.287490 -0.024361
v -0.455833 0.291826 -0.021450
v -0.487989 0.313417 -0.019055
v -0.485467 0.318819 -0.022770
v -0.463154 0.323840 -0.019400
v 0.882731 -0.366219 0.118469
v 0.888224 -0.337419 0.120812
v 0.922231 -0.334625 0.126584
v 0.932226 -0.362151 0.126872
v 0.904833 -0.366633 0.133983
v 0.903410 -0.337705 0.131470
v 0.684019 -0.088632 0.441473
v 0.712072 -0.093628 0.445245
v 0.681855 -0.065350 0.440226
v 0.687748 -0.083737 0.445242
v 0.710058 -0.087710 0.448241
v 0.732713 -0.075503 0.442710
v 0.698271 -0.050937 0.438208
v 0.720580 -0.054909 0.441208
v 0.726473 -0.073296 0.446225
v 0.955762 0.499588 0.217204
v 0.983101 0.474321 0.223913
v 0.975157 0.499807 0.234933
v 1.002447 0.478149 0.221106
v 0.960645 0.505338 0.217079
v 0.976068 0.505512 0.231178
v 1.003313 0.505377 0.230848
v 0.998458 0.509941 0.227929
v 1.466329 -0.242815 0.096554
v 1.460674 -0.266652 0.111694
v 1.486073 -0.259107 0.121614
v 1.483779 -0.237630 0.103370
v 1.500989 -0.240150 0.095730
v 1.466174 -0.271642 0.111395
v 1.511121 -0.262774 0.110495
v 1.486371 -0.265643 0.119283
v 1.506290 -0.268559 0.110441
v -0.086409 -0.514244 0.113128
v -0.060314 -0.498449 0.112203
v -0.197816 -0.383789 0.190715
v -0.172256 -0.366634 0.194012
v -0.284573 -0.304702 0.139631
v -0.241336 -0.276416 0.131592
v -0.267763 -0.281837 0.144446
v -0.422825 -0.260053 0.022363
v -0.432993 -0.285902 0.016878
v -0.544361 -0.303599 -0.092747
v -0.511228 -0.340568 -0.087850
v -0.535115 -0.325454 -0.079161
v -0.674099 -0.365829 -0.130924
v -0.650201 -0.406949 -0.136063
v -0.663047 -0.388613 -0.120982
v -0.800145 -0.469795 -0.128066
v -0.809285 -0.452627 -0.109911
v -0.860039 -0.483306 -0.086734
v -0.827497 -0.431635 -0.115967
v -0.841407 -0.457049 -0.085307
v -0.984697 -0.318380 0.073959
v -0.952268 -0.324281 0.087862
v -0.951170 -0.231090 0.123041
v -0.850988 -0.433308 -0.100992
v -0.937429 -0.255155 0.127727
v -0.920381 -0.310959 0.077651
v -0.916107 -0.264643 0.111084
v -0.778606 -0.168046 0.127610
v -0.787469 -0.143161 0.135496
v -0.707662 -0.112049 0.093737
v -0.796977 -0.124680 0.118101
v -0.712258 -0.086680 0.102218
v -0.728199 -0.068928 0.089284
v -0.586842 -0.081966 0.015341
v -0.606067 -0.034554 0.023496
v -0.583643 -0.055519 0.027876
v -0.504103 0.041878 -0.143391
v -0.532193 0.057346 -0.136359
v -0.483474 0.113646 -0.155442
v -0.557336 0.062504 -0.155701
v -0.513266 0.122126 -0.153665
v -0.526218 0.136620 -0.172860
v -0.468419 0.206482 -0.119430
v -0.411079 0.206939 -0.136266
v -0.433864 0.202635 -0.114947
v -0.444975 0.249038 -0.095254
v -0.475059 0.252761 -0.103416
v -0.422992 0.269676 -0.097307
v -0.485428 0.237645 0.105689
v -0.433907 0.251176 0.117165
v -0.464712 0.247998 0.122956
v -0.468808 0.159883 0.121038
v -0.430173 0.163100 0.131089
v -0.452416 0.157274 0.134253
v -0.437581 0.143545 0.123126
v -0.446522 0.141205 0.124397
v 1.538296 0.074090 -0.082988
v 1.527932 0.183141 -0.082386
v 1.516506 0.254652 -0.031170
v 1.497081 0.179060 -0.077254
v 1.486639 0.082104 -0.096897
v 1.486005 0.250712 -0.024714
v 1.498909 0.297860 0.111002
v 1.468973 0.287115 0.112081
v 1.505837 0.230503 0.151220
v 1.474645 0.225415 0.146524
v 1.536902 0.060737 0.145019
v 1.555741 0.016638 0.132855
v 1.566365 0.019007 0.134854
v 1.567505 0.067565 0.150778
v 1.486070 0.184634 0.160310
v 1.491066 0.207014 0.154642
v 1.510932 0.175159 0.168283
v 1.490654 0.189460 0.163535
v 1.510424 0.181925 0.169875
v 1.536312 0.187758 0.165073
v 1.511249 0.217034 0.152089
v 1.530608 0.191945 0.167322
v 1.531020 0.209500 0.158429
v -0.328677 -0.273030 0.123527
v -0.294197 -0.290643 0.116905
v -0.303245 -0.270854 0.135214
v -0.278797 -0.281604 0.110532
v -0.325782 -0.266396 0.123621
v -0.280831 -0.257700 0.125938
v -0.287734 -0.254206 0.125538
v -0.305559 -0.264666 0.132916
v -0.667234 -0.365458 -0.140236
v -0.674224 -0.340182 -0.152206
v -0.647292 -0.363142 -0.139428
v -0.645200 -0.336810 -0.151032
v 0.463816 0.353296 0.417431
v 0.407825 0.513460 0.403951
v 0.493751 0.363472 0.417875
v 0.562280 0.128729 0.428769
v 0.433406 0.529141 0.404950
v 0.294254 0.562212 0.310078
v 0.311208 0.586057 0.312242
v 0.269033 0.541383 -0.355242
v 0.300818 0.541194 -0.358394
v 0.271175 0.408625 -0.452136
v 0.240035 0.412822 -0.450584
v 0.217503 0.237978 -0.457723
v 0.186943 0.245391 -0.459291
v 0.090377 -0.031211 -0.462300
v 0.120798 -0.038991 -0.460736
v 0.054753 -0.282303 -0.453356
v 0.085580 -0.285397 -0.448511
v 0.028312 -0.451714 -0.365303
v -0.000037 -0.446308 -0.376158
v 0.533402 0.116947 0.430788
v 0.516604 0.109774 0.409673
v 0.685583 -0.065584 0.423394
v 0.671780 -0.081188 0.404771
v 0.811031 -0.206215 0.438575
v 0.789037 -0.218604 0.424463
v 0.865187 -0.300981 0.373310
v 0.831678 -0.189349 0.428159
v 0.711114 -0.049515 0.418296
v 0.899555 -0.263038 0.370889
v 0.890541 -0.286483 0.382161
v 0.885503 -0.267764 -0.299102
v 0.915270 -0.266248 -0.308143
v 0.861491 -0.278116 -0.313902
v 0.927658 -0.145734 -0.368025
v 0.874592 -0.143415 -0.380607
v 0.897143 -0.141885 -0.362130
v 0.921686 -0.014707 -0.344932
v 0.953312 -0.014207 -0.349036
v 0.930270 0.142419 -0.338274
v 0.898576 0.142529 -0.334640
v 0.963669 0.277033 -0.327453
v 0.934072 0.285706 -0.323243
v 0.965840 0.431985 -0.330217
v 0.934195 0.426686 -0.329145
v -0.130553 0.331427 -0.369014
v -0.148608 0.329380 0.351015
v -0.270330 -0.067285 -0.373653
v -0.288384 -0.069333 0.346377
v -0.044828 -0.424576 -0.369014
v -0.062883 -0.426624 0.351015
v 0.051007 0.210238 -0.445266
v 0.045431 0.209606 -0.222887
v -0.037052 -0.040952 -0.448188
v -0.042628 -0.041584 -0.225809
v 0.105014 -0.266046 -0.445266
v 0.099438 -0.266678 -0.222887
v 0.834831 -0.173546 -0.054874
v 0.831379 -0.173938 0.082789
v 0.773292 -0.128978 0.351432
v 0.951843 -0.288062 0.355457
v 0.958608 -0.287295 0.085656
v 0.962060 -0.286903 -0.052006
v 0.968825 -0.286136 -0.321808
v 0.790274 -0.127052 -0.325832
v 0.774224 0.205940 0.352408
v 0.791206 0.207866 -0.324857
v 0.752899 0.340068 0.352255
v 0.769881 0.341994 -0.325010
v 0.726146 0.396006 0.351743
v 0.743128 0.397932 -0.325522
v 0.733254 0.429377 0.373412
v 0.292623 0.537998 -0.357816
v 0.274569 0.535951 0.362213
v -0.130553 0.331427 -0.369014
v 0.751308 0.431424 -0.346617
v -0.148608 0.329380 0.351015
v 0.601002 0.272603 -0.208777
v 0.317608 0.340378 -0.438211
v 0.312032 0.339745 -0.215832
v 0.051007 0.210238 -0.445266
v 0.606578 0.273236 -0.431156
v 0.045431 0.209606 -0.222887
v 1.115475 0.393153 0.361497
v 1.132457 0.395079 -0.315768
v 1.004291 0.440241 -0.318853
v 0.987308 0.438316 0.358412
v 0.743128 0.397932 -0.325522
v 0.726146 0.396006 0.351743
v 0.393985 -0.333188 -0.438211
v -0.037052 -0.040952 -0.448188
v 0.748644 0.048140 -0.428234
v 0.105014 -0.266046 -0.445266
v 0.660585 -0.203048 -0.431156
v 0.317608 0.340378 -0.438211
v 0.051007 0.210238 -0.445266
v 0.606578 0.273236 -0.431156
v 0.837033 -0.324580 -0.346617
v 0.292623 0.537998 -0.357816
v 0.976810 0.074131 -0.341979
v 0.751308 0.431424 -0.346617
v -0.044828 -0.424576 -0.369014
v 0.413857 -0.531152 -0.357816
v -0.270330 -0.067285 -0.373653
v -0.130553 0.331427 -0.369014
v 1.004291 0.440241 -0.318853
v 0.769881 0.341994 -0.325010
v 0.743128 0.397932 -0.325522
v 0.791206 0.207866 -0.324857
v 1.173577 0.342566 -0.314886
v 1.132457 0.395079 -0.315768
v 0.790274 -0.127052 -0.325832
v 1.430238 0.098392 -0.309144
v 1.421348 -0.126723 -0.310007
v 1.230224 -0.286000 -0.315253
v 0.968825 -0.286136 -0.321808
v 0.795373 0.248070 0.083086
v 1.163360 0.341407 0.092578
v 0.827951 0.043181 0.083320
v 1.141084 0.369856 0.092100
v 1.420021 0.097233 0.098320
v 1.411131 -0.127881 0.097457
v 1.220007 -0.287158 0.092211
v 0.831379 -0.173938 0.082789
v 0.958608 -0.287295 0.085656
v 0.733254 0.429377 0.373412
v 0.751308 0.431424 -0.346617
v 0.958755 0.072084 0.378050
v 0.976810 0.074131 -0.341979
v 0.818979 -0.326627 0.373412
v 0.837033 -0.324580 -0.346617
v 0.601002 0.272603 -0.208777
v 0.606578 0.273236 -0.431156
v 0.743068 0.047508 -0.205855
v 0.748644 0.048140 -0.428234
v 0.655009 -0.203680 -0.208777
v 0.660585 -0.203048 -0.431156
v 0.795373 0.248070 0.083086
v 0.827951 0.043181 0.083320
v 0.831402 0.043572 -0.054343
v 0.798825 0.248462 -0.054577
v 0.834831 -0.173546 -0.054874
v 0.831379 -0.173938 0.082789
v 1.404366 -0.128648 0.367257
v 1.411131 -0.127881 0.097457
v 1.413256 0.096466 0.368120
v 1.420021 0.097233 0.098320
v 1.156595 0.340640 0.362379
v 1.163360 0.341407 0.092578
v 1.141084 0.369856 0.092100
v 1.115475 0.393153 0.361497
v 1.144536 0.370248 -0.045562
v 1.132457 0.395079 -0.315768
v 1.173577 0.342566 -0.314886
v 1.166812 0.341798 -0.045085
v 1.430238 0.098392 -0.309144
v 1.423473 0.097624 -0.039343
v 1.414583 -0.127490 -0.040206
v 1.421348 -0.126723 -0.310007
v 0.818979 -0.326627 0.373412
v -0.044828 -0.424576 -0.369014
v 0.837033 -0.324580 -0.346617
v -0.062883 -0.426624 0.351015
v 0.395803 -0.533200 0.362213
v 0.413857 -0.531152 -0.357816
v 0.655009 -0.203680 -0.208777
v 0.105014 -0.266046 -0.445266
v 0.660585 -0.203048 -0.431156
v 0.099438 -0.266678 -0.222887
v 0.388409 -0.333820 -0.215832
v 0.393985 -0.333188 -0.438211
v 0.951843 -0.288062 0.355457
v 0.958608 -0.287295 0.085656
v 1.213242 -0.287925 0.362012
v 1.220007 -0.287158 0.092211
v 1.404366 -0.128648 0.367257
v 1.411131 -0.127881 0.097457
v 1.414583 -0.127490 -0.040206
v 1.421348 -0.126723 -0.310007
v 1.223459 -0.286767 -0.045451
v 1.230224 -0.286000 -0.315253
v 0.962060 -0.286903 -0.052006
v 0.968825 -0.286136 -0.321808
v 1.141084 0.369856 0.092100
v 0.795373 0.248070 0.083086
v 0.798825 0.248462 -0.054577
v 1.144536 0.370248 -0.045562
v -0.288384 -0.069333 0.346377
v 0.274569 0.535951 0.362213
v -0.148608 0.329380 0.351015
v -0.062883 -0.426624 0.351015
v 0.818979 -0.326627 0.373412
v 0.395803 -0.533200 0.362213
v 0.958755 0.072084 0.378050
v 0.733254 0.429377 0.373412
v 1.213242 -0.287925 0.362012
v 0.773292 -0.128978 0.351432
v 0.951843 -0.288062 0.355457
v 1.404366 -0.128648 0.367257
v 1.413256 0.096466 0.368120
v 1.156595 0.340640 0.362379
v 0.774224 0.205940 0.352408
v 0.987308 0.438316 0.358412
v 1.115475 0.393153 0.361497
v 0.752899 0.340068 0.352255
v 0.726146 0.396006 0.351743
v 0.798825 0.248462 -0.054577
v 1.166812 0.341798 -0.045085
v 1.144536 0.370248 -0.045562
v 0.831402 0.043572 -0.054343
v 1.423473 0.097624 -0.039343
v 1.414583 -0.127490 -0.040206
v 1.223459 -0.286767 -0.045451
v 0.834831 -0.173546 -0.054874
v 0.962060 -0.286903 -0.052006
v -0.912106 0.067038 0.072578
v -0.907489 0.067561 -0.111558
v -0.930842 -0.113001 -0.111646
v -0.935408 -0.113519 0.070470
v -0.900216 -0.291918 -0.111377
v -0.904782 -0.292436 0.070721
v -0.816926 -0.460722 -0.110775
v -0.821543 -0.461246 0.073335
v -0.200279 0.892432 -0.445581
v -0.222168 0.889950 0.427344
v -0.194611 0.801163 -0.445698
v -0.216499 0.798681 0.427227
v -0.115437 0.742312 -0.443880
v -0.137326 0.739830 0.429044
v 1.120916 0.842097 -0.401257
v 1.099622 0.839682 0.447975
v 1.098880 0.751857 -0.402066
v 1.077585 0.749442 0.447165
v 1.156939 0.676837 -0.400823
v 1.135644 0.674422 0.448408
v 0.050553 0.289007 0.095601
v -0.058159 0.328737 -0.088684
v -0.062734 0.328218 0.093784
v 0.055083 0.289520 -0.085043
v -0.197695 0.328833 -0.092220
v -0.202272 0.328314 0.090323
v -0.912106 0.067038 0.072578
v -0.907489 0.067561 -0.111558
v -0.044710 0.968212 0.432016
v -0.129121 0.962654 -0.443597
v -0.151010 0.960172 0.429328
v -0.200279 0.892432 -0.445581
v -0.022821 0.970694 -0.440909
v -0.222168 0.889950 0.427344
v -0.671357 -0.341613 0.074251
v -0.666900 -0.341108 -0.103485
v -0.251664 -0.334408 0.085749
v -0.247160 -0.333897 -0.093894
v -0.086697 -0.256725 0.091348
v -0.082130 -0.256207 -0.090777
v 1.292992 0.876424 0.452928
v 1.210140 0.894694 -0.398870
v 1.188846 0.892280 0.450361
v 1.120916 0.842097 -0.401257
v 1.314286 0.878839 -0.396304
v 1.099622 0.839682 0.447975
v -0.115437 0.742312 -0.443880
v 0.062020 0.820575 -0.439208
v -0.009137 0.750352 -0.441192
v 0.056351 0.911844 -0.439091
v -0.194611 0.801163 -0.445698
v -0.129121 0.962654 -0.443597
v -0.200279 0.892432 -0.445581
v -0.022821 0.970694 -0.440909
v 1.350309 0.713579 -0.395870
v 1.314286 0.878839 -0.396304
v 1.372346 0.803821 -0.395061
v 1.120916 0.842097 -0.401257
v 1.210140 0.894694 -0.398870
v 1.156939 0.676837 -0.400823
v 1.261085 0.660981 -0.398257
v 1.098880 0.751857 -0.402066
v -0.907489 0.067561 -0.111558
v -0.197695 0.328833 -0.092220
v -0.725441 -0.000780 -0.103938
v -0.930842 -0.113001 -0.111646
v -0.178160 0.143918 -0.091225
v -0.767538 -0.121633 -0.106467
v -0.091015 0.146004 -0.088497
v -0.900216 -0.291918 -0.111377
v -0.058159 0.328737 -0.088684
v 0.055083 0.289520 -0.085043
v -0.006785 0.106671 -0.088334
v -0.748052 -0.234713 -0.106329
v -0.666900 -0.341108 -0.103485
v -0.816926 -0.460722 -0.110775
v -0.242964 -0.494514 -0.095592
v -0.247160 -0.333897 -0.093894
v -0.000087 -0.437857 -0.089287
v -0.082130 -0.256207 -0.090777
v -0.044710 0.968212 0.432016
v -0.022821 0.970694 -0.440909
v 0.034463 0.909362 0.433834
v 0.056351 0.911844 -0.439091
v 0.040131 0.818093 0.433717
v 0.062020 0.820575 -0.439208
v -0.725441 -0.000780 -0.103938
v -0.729895 -0.001285 0.073703
v -0.772049 -0.122145 0.073433
v -0.767538 -0.121633 -0.106467
v -0.748052 -0.234713 -0.106329
v -0.752564 -0.235224 0.073629
v -0.671357 -0.341613 0.074251
v -0.666900 -0.341108 -0.103485
v 1.292992 0.876424 0.452928
v 1.314286 0.878839 -0.396304
v 1.372346 0.803821 -0.395061
v 1.351052 0.801405 0.454170
v 1.350309 0.713579 -0.395870
v 1.329014 0.711165 0.453361
v -0.816926 -0.460722 -0.110775
v -0.821543 -0.461246 0.073335
v -0.247536 -0.495033 0.086742
v -0.242964 -0.494514 -0.095592
v -0.000087 -0.437857 -0.089287
v -0.004657 -0.438375 0.092940
v 0.040131 0.818093 0.433717
v -0.115437 0.742312 -0.443880
v 0.062020 0.820575 -0.439208
v -0.137326 0.739830 0.429044
v -0.031026 0.747870 0.431733
v -0.009137 0.750352 -0.441192
v -0.725441 -0.000780 -0.103938
v -0.182685 0.143405 0.089256
v -0.729895 -0.001285 0.073703
v -0.178160 0.143918 -0.091225
v -0.091015 0.146004 -0.088497
v -0.095514 0.145494 0.090912
v -0.006785 0.106671 -0.088334
v -0.011376 0.106151 0.094747
v 1.350309 0.713579 -0.395870
v 1.156939 0.676837 -0.400823
v 1.329014 0.711165 0.453361
v 1.135644 0.674422 0.448408
v 1.239791 0.658567 0.450974
v 1.261085 0.660981 -0.398257
v -0.151010 0.960172 0.429328
v 0.034463 0.909362 0.433834
v -0.044710 0.968212 0.432016
v -0.216499 0.798681 0.427227
v -0.222168 0.889950 0.427344
v -0.137326 0.739830 0.429044
v 0.040131 0.818093 0.433717
v -0.031026 0.747870 0.431733
v 1.099622 0.839682 0.447975
v 1.329014 0.711165 0.453361
v 1.292992 0.876424 0.452928
v 1.351052 0.801405 0.454170
v 1.188846 0.892280 0.450361
v 1.135644 0.674422 0.448408
v 1.077585 0.749442 0.447165
v 1.239791 0.658567 0.450974
v -0.202272 0.328314 0.090323
v -0.729895 -0.001285 0.073703
v -0.182685 0.143405 0.089256
v -0.095514 0.145494 0.090912
v -0.912106 0.067038 0.072578
v -0.062734 0.328218 0.093784
v 0.050553 0.289007 0.095601
v -0.011376 0.106151 0.094747
v -0.935408 -0.113519 0.070470
v -0.772049 -0.122145 0.073433
v -0.904782 -0.292436 0.070721
v -0.752564 -0.235224 0.073629
v -0.671357 -0.341613 0.074251
v -0.821543 -0.461246 0.073335
v -0.247536 -0.495033 0.086742
v -0.251664 -0.334408 0.085749
v -0.004657 -0.438375 0.092940
v -0.086697 -0.256725 0.091348
v 0.940474 0.563700 -0.369017
v 0.960205 0.574170 -0.341700
v 0.924605 0.507528 -0.335279
v 0.935668 0.513400 -0.319962
v 0.957703 0.541397 -0.389514
v 0.934267 0.495023 -0.346772
v 0.232510 0.679086 0.206909
v 0.220636 0.662874 0.176637
v 0.227573 0.657680 0.208586
v 0.250488 0.596959 0.188994
v 0.246598 0.599871 0.171081
v 0.227303 0.682985 0.182932
v 0.005301 -0.422565 -0.444688
v -0.039366 -0.418495 -0.502666
v 0.002301 -0.403974 -0.449814
v -0.034020 -0.451650 -0.493523
v -0.038365 -0.428573 -0.520682
v -0.015971 -0.443221 -0.533798
v -0.034352 -0.453456 -0.513820
v -0.511939 0.399130 -0.019434
v -0.513202 0.378489 -0.012998
v -0.485134 0.316909 -0.023269
v -0.526865 0.375105 -0.043865
v -0.492796 0.315011 -0.040577
v -0.478516 0.318051 -0.054571
v -0.522194 0.396591 -0.042600
v -0.503079 0.400660 -0.061332
v -0.501398 0.380526 -0.068824
v 1.456132 -0.326166 0.144769
v 1.455645 -0.341803 0.115425
v 1.466401 -0.345197 0.149185
v 1.466035 -0.356932 0.127163
v 1.466334 -0.269536 0.110482
v 1.466060 -0.278303 0.094029
v 0.879414 -0.434956 0.110287
v 0.896676 -0.447738 0.080887
v 0.891136 -0.452865 0.104567
v 0.888942 -0.367652 0.116692
v 0.893082 -0.363821 0.099001
v 0.886796 -0.428126 0.078733
v -0.702134 -0.304091 -0.210007
v -0.680531 -0.271574 -0.204440
v -0.693249 -0.287613 -0.221458
v -0.675587 -0.300124 -0.237247
v -0.678600 -0.320759 -0.231044
v -0.685188 -0.282718 -0.187331
v -0.667127 -0.362119 -0.181756
v -0.680322 -0.352771 -0.169959
v -0.670820 -0.340788 -0.157245
v 0.940474 0.563700 -0.369017
v 0.959376 0.576119 -0.376586
v 0.974186 0.583978 -0.356086
v 0.992370 0.575577 -0.376498
v 1.001926 0.575096 -0.350967
v 0.997167 0.562337 -0.334881
v 0.960205 0.574170 -0.341700
v 0.232510 0.679086 0.206909
v 0.227303 0.682985 0.182932
v 0.260991 0.681269 0.215983
v 0.250578 0.689067 0.168029
v 0.254265 0.695682 0.193785
v 0.284267 0.687351 0.201082
v 0.279061 0.691250 0.177104
v 0.026323 -0.415185 -0.522685
v 0.039134 -0.402119 -0.461040
v 0.019218 -0.393753 -0.457990
v -0.009195 -0.400263 -0.517246
v -0.039366 -0.418495 -0.502666
v 0.002301 -0.403974 -0.449814
v -0.015721 -0.414890 -0.531624
v -0.038365 -0.428573 -0.520682
v -0.511939 0.399130 -0.019434
v -0.522194 0.396591 -0.042600
v -0.482571 0.405739 -0.014999
v -0.495586 0.413662 -0.038278
v -0.463458 0.409807 -0.033733
v -0.473711 0.407268 -0.056898
v -0.503079 0.400660 -0.061332
v -0.680531 -0.271574 -0.204440
v -0.693249 -0.287613 -0.221458
v -0.663529 -0.275783 -0.226661
v -0.650151 -0.268043 -0.203210
v -0.685188 -0.282718 -0.187331
v -0.632488 -0.280554 -0.218999
v -0.644708 -0.278016 -0.185692
v 0.972309 0.559381 -0.391969
v 0.940474 0.563700 -0.369017
v 0.959376 0.576119 -0.376586
v 0.992370 0.575577 -0.376498
v 1.000051 0.550500 -0.386851
v 0.957703 0.541397 -0.389514
v 0.934267 0.495023 -0.346772
v 0.954992 0.488388 -0.342948
v 0.994667 0.529564 -0.382695
v 0.220636 0.662874 0.176637
v 0.246598 0.599871 0.171081
v 0.263988 0.604414 0.159948
v 0.251649 0.670978 0.156782
v 0.285267 0.606044 0.166727
v 0.227303 0.682985 0.182932
v 0.250578 0.689067 0.168029
v 0.279061 0.691250 0.177104
v 0.289600 0.673886 0.168872
v 0.026323 -0.415185 -0.522685
v 0.010936 -0.426090 -0.535705
v -0.009195 -0.400263 -0.517246
v -0.015721 -0.414890 -0.531624
v -0.038365 -0.428573 -0.520682
v -0.015971 -0.443221 -0.533798
v -0.034352 -0.453456 -0.513820
v -0.007695 -0.464654 -0.517901
v 0.014949 -0.450973 -0.528843
v -0.478516 0.318051 -0.054571
v -0.456573 0.322987 -0.051259
v -0.473711 0.407268 -0.056898
v -0.503079 0.400660 -0.061332
v -0.462266 0.389331 -0.062916
v -0.501398 0.380526 -0.068824
v 1.455645 -0.341803 0.115425
v 1.466060 -0.278303 0.094029
v 1.485648 -0.281171 0.085332
v 1.505509 -0.275270 0.093090
v 1.490581 -0.346917 0.099916
v 1.526003 -0.336394 0.113753
v 0.896676 -0.447738 0.080887
v 0.925349 -0.443046 0.073444
v 0.893082 -0.363821 0.099001
v 0.886796 -0.428126 0.078733
v 0.925004 -0.421873 0.068817
v 0.914504 -0.360317 0.093439
v 0.931788 -0.360640 0.105571
v 0.948484 -0.443482 0.089682
v 0.955828 -0.422454 0.090452
v -0.693249 -0.287613 -0.221458
v -0.663529 -0.275783 -0.226661
v -0.675587 -0.300124 -0.237247
v -0.678600 -0.320759 -0.231044
v -0.632488 -0.280554 -0.218999
v -0.645205 -0.296594 -0.236018
v -0.638118 -0.316056 -0.229407
v 0.992370 0.575577 -0.376498
v 1.000051 0.550500 -0.386851
v 1.001926 0.575096 -0.350967
v 1.014858 0.558358 -0.366351
v 0.997167 0.562337 -0.334881
v 0.956394 0.506764 -0.316139
v 1.014398 0.540034 -0.355378
v 0.966056 0.494259 -0.327632
v 0.994667 0.529564 -0.382695
v 0.289157 0.603132 0.184641
v 0.285267 0.606044 0.166727
v 0.284267 0.687351 0.201082
v 0.279061 0.691250 0.177104
v 0.289600 0.673886 0.168872
v 0.296538 0.668691 0.200821
v 0.026323 -0.415185 -0.522685
v 0.031670 -0.448340 -0.513543
v 0.010936 -0.426090 -0.535705
v 0.042133 -0.420709 -0.455913
v 0.039134 -0.402119 -0.461040
v 0.014949 -0.450973 -0.528843
v -0.474072 0.387294 -0.007088
v -0.463194 0.321845 -0.019957
v -0.448602 0.392715 -0.032048
v -0.448913 0.324885 -0.033952
v -0.482571 0.405739 -0.014999
v -0.463458 0.409807 -0.033733
v -0.456573 0.322987 -0.051259
v -0.473711 0.407268 -0.056898
v -0.462266 0.389331 -0.062916
v 1.519203 -0.341138 0.147931
v 1.518839 -0.352873 0.125908
v 1.526490 -0.320756 0.143096
v 1.505783 -0.266503 0.109543
v 1.505509 -0.275270 0.093090
v 1.526003 -0.336394 0.113753
v 0.942944 -0.448609 0.113362
v 0.948445 -0.429284 0.122006
v 0.927648 -0.364472 0.123264
v 0.931788 -0.360640 0.105571
v 0.948484 -0.443482 0.089682
v 0.955828 -0.422454 0.090452
v -0.650151 -0.268043 -0.203210
v -0.632488 -0.280554 -0.218999
v -0.648124 -0.338151 -0.156327
v -0.644708 -0.278016 -0.185692
v -0.621173 -0.294684 -0.206731
v -0.634927 -0.347497 -0.168121
v -0.644429 -0.359482 -0.180837
v -0.645205 -0.296594 -0.236018
v -0.638118 -0.316056 -0.229407
v 0.954992 0.488388 -0.342948
v 1.014398 0.540034 -0.355378
v 0.966056 0.494259 -0.327632
v 0.994667 0.529564 -0.382695
v 0.031670 -0.448340 -0.513543
v 0.042133 -0.420709 -0.455913
v 0.001499 -0.466571 -0.498961
v 0.025215 -0.430932 -0.447738
v 0.005301 -0.422565 -0.444688
v -0.034020 -0.451650 -0.493523
v -0.034352 -0.453456 -0.513820
v -0.007695 -0.464654 -0.517901
v 0.014949 -0.450973 -0.528843
v 1.455645 -0.341803 0.115425
v 1.466401 -0.345197 0.149185
v 1.466035 -0.356932 0.127163
v 1.493461 -0.358665 0.142041
v 1.492253 -0.360771 0.115524
v 1.519203 -0.341138 0.147931
v 1.518839 -0.352873 0.125908
v 1.490581 -0.346917 0.099916
v 1.526003 -0.336394 0.113753
v 0.896676 -0.447738 0.080887
v 0.891136 -0.452865 0.104567
v 0.914269 -0.453300 0.120805
v 0.920996 -0.458734 0.095364
v 0.942944 -0.448609 0.113362
v 0.925349 -0.443046 0.073444
v 0.948484 -0.443482 0.089682
v -0.678600 -0.320759 -0.231044
v -0.667127 -0.362119 -0.181756
v -0.644429 -0.359482 -0.180837
v -0.638118 -0.316056 -0.229407
v 0.997167 0.562337 -0.334881
v 0.960205 0.574170 -0.341700
v 0.935668 0.513400 -0.319962
v 0.956394 0.506764 -0.316139
v 0.232510 0.679086 0.206909
v 0.227573 0.657680 0.208586
v 0.250488 0.596959 0.188994
v 0.265524 0.660587 0.220677
v 0.271767 0.598589 0.195775
v 0.289157 0.603132 0.184641
v 0.260991 0.681269 0.215983
v 0.284267 0.687351 0.201082
v 0.296538 0.668691 0.200821
v -0.474072 0.387294 -0.007088
v -0.511939 0.399130 -0.019434
v -0.513202 0.378489 -0.012998
v -0.485134 0.316909 -0.023269
v -0.463194 0.321845 -0.019957
v -0.482571 0.405739 -0.014999
v 1.456132 -0.326166 0.144769
v 1.466401 -0.345197 0.149185
v 1.492985 -0.337299 0.159568
v 1.493461 -0.358665 0.142041
v 1.519203 -0.341138 0.147931
v 1.526490 -0.320756 0.143096
v 1.491555 -0.315643 0.158604
v 1.466334 -0.269536 0.110482
v 1.486195 -0.263635 0.118240
v 1.505783 -0.266503 0.109543
v 0.879414 -0.434956 0.110287
v 0.891136 -0.452865 0.104567
v 0.910239 -0.435537 0.131922
v 0.914269 -0.453300 0.120805
v 0.942944 -0.448609 0.113362
v 0.948445 -0.429284 0.122006
v 0.927648 -0.364472 0.123264
v 0.906225 -0.367977 0.128823
v 0.888942 -0.367652 0.116692
v -0.685188 -0.282718 -0.187331
v -0.670820 -0.340788 -0.157245
v -0.648124 -0.338151 -0.156327
v -0.644708 -0.278016 -0.185692
v -1.063792 -0.188838 0.102526
v -1.062897 -0.225349 0.095366
v -1.077511 -0.212379 0.106155
v -1.061522 -0.240284 0.124964
v -1.076480 -0.223588 0.128367
v -1.073347 -0.195236 0.127238
v -1.061728 -0.211255 0.146950
v 1.436044 0.003667 0.472502
v 1.449196 0.037072 0.475333
v 1.412909 0.023297 0.414667
v 1.420284 0.042027 0.416254
v 1.457786 -0.019088 0.455706
v 1.425102 0.010537 0.405249
v 0.223503 0.680144 -0.310317
v 0.216183 0.660755 -0.302779
v 0.235303 0.595574 -0.299735
v 0.234278 0.592104 -0.317819
v 0.222131 0.675499 -0.334521
v 0.214354 0.654568 -0.335031
v 0.882661 0.089428 -0.464920
v 0.894816 0.120377 -0.482260
v 0.892345 0.094126 -0.483185
v 0.885954 0.124404 -0.463690
v 0.898987 0.113801 -0.401811
v 0.897140 0.094190 -0.402502
v -0.163796 -0.623107 0.040332
v -0.144207 -0.643274 0.031461
v 0.658266 -0.045962 0.495564
v 0.673707 -0.066944 0.521437
v 0.665950 -0.042741 0.514834
v 0.668602 -0.078208 0.504363
v 0.688140 -0.083545 0.443263
v 0.682343 -0.065464 0.438330
v -0.120557 -0.546358 0.022908
v -0.164101 -0.608162 0.008333
v -0.121028 -0.550186 0.004879
v -0.163262 -0.601337 0.040486
v -0.164427 -0.628229 0.016201
v 1.473944 0.249410 0.221030
v 1.467865 0.243297 0.201998
v 1.467141 0.212510 0.217595
v 1.491627 0.206291 0.152976
v 1.491220 0.189028 0.161721
v 1.473401 0.226303 0.232736
v -1.024963 -0.177549 0.115290
v -1.044618 -0.193981 0.090530
v -1.049042 -0.176505 0.121106
v -1.063792 -0.188838 0.102526
v -1.073347 -0.195236 0.127238
v -1.048009 -0.187714 0.143320
v -1.023587 -0.192484 0.144886
v 1.466220 0.026887 0.486735
v 1.449196 0.037072 0.475333
v 1.420284 0.042027 0.416254
v 1.439852 0.048000 0.408425
v 1.492411 0.034881 0.476254
v 1.484093 0.047723 0.461369
v 1.505837 0.024969 0.444573
v 1.452043 0.035240 0.399007
v 0.274928 0.679090 -0.336325
v 0.276301 0.683736 -0.312120
v 0.250588 0.684263 -0.299116
v 0.248549 0.690229 -0.325065
v 0.223503 0.680144 -0.310317
v 0.247843 0.674973 -0.347525
v 0.222131 0.675499 -0.334521
v 0.894816 0.120377 -0.482260
v 0.885954 0.124404 -0.463690
v 0.898987 0.113801 -0.401811
v 0.922738 0.140465 -0.462222
v 0.919610 0.122807 -0.400990
v 0.938389 0.112201 -0.400857
v 0.956226 0.121550 -0.461988
v 0.947556 0.118235 -0.480983
v 0.922423 0.132430 -0.481159
v 0.658266 -0.045962 0.495564
v 0.665950 -0.042741 0.514834
v 0.687557 -0.023769 0.512179
v 0.687056 -0.020682 0.492028
v 0.716922 -0.028999 0.516128
v 0.682343 -0.065464 0.438330
v 0.698486 -0.051290 0.436347
v 0.720424 -0.055196 0.439296
v 0.726182 -0.027650 0.497289
v 1.473944 0.249410 0.221030
v 1.467865 0.243297 0.201998
v 1.491627 0.206291 0.152976
v 1.503264 0.260872 0.197521
v 1.511474 0.216145 0.150466
v 1.530917 0.208735 0.156700
v 1.500510 0.262598 0.217670
v 1.537938 0.247657 0.208641
v 1.526534 0.252681 0.226016
v 1.498573 0.244596 0.238193
v -1.024963 -0.177549 0.115290
v -1.044618 -0.193981 0.090530
v -1.063792 -0.188838 0.102526
v -0.979289 -0.229954 0.088243
v -0.968269 -0.220739 0.102125
v -1.062897 -0.225349 0.095366
v -0.989539 -0.247541 0.090955
v -1.077511 -0.212379 0.106155
v 1.444668 0.016510 0.397418
v 1.492684 -0.008437 0.441742
v 1.505837 0.024969 0.444573
v 1.452043 0.035240 0.399007
v 0.274928 0.679090 -0.336325
v 0.247843 0.674973 -0.347525
v 0.273723 0.594787 -0.319166
v 0.284703 0.659353 -0.337435
v 0.248615 0.653865 -0.352358
v 0.253488 0.591711 -0.327534
v 0.234278 0.592104 -0.317819
v 0.222131 0.675499 -0.334521
v 0.214354 0.654568 -0.335031
v 0.894816 0.120377 -0.482260
v 0.892345 0.094126 -0.483185
v 0.917479 0.079930 -0.483008
v 0.945085 0.091984 -0.481907
v 0.920226 0.106556 -0.492188
v 0.947556 0.118235 -0.480983
v 0.922423 0.132430 -0.481159
v -0.115289 -0.643503 0.018894
v -0.098630 -0.628513 0.011921
v -0.084317 -0.561598 0.006890
v -0.102908 -0.557805 -0.003129
v -0.131785 -0.621750 -0.005949
v -0.164101 -0.608162 0.008333
v -0.121028 -0.550186 0.004879
v -0.140173 -0.638427 0.005482
v -0.164427 -0.628229 0.016201
v -1.024963 -0.177549 0.115290
v -0.968269 -0.220739 0.102125
v -0.967496 -0.229114 0.118721
v -1.023587 -0.192484 0.144886
v 1.488832 0.007364 0.482586
v 1.498858 -0.007269 0.461523
v 1.492411 0.034881 0.476254
v 1.492684 -0.008437 0.441742
v 1.508729 0.017803 0.463648
v 1.484093 0.047723 0.461369
v 1.505837 0.024969 0.444573
v 0.286532 0.665542 -0.305183
v 0.274928 0.679090 -0.336325
v 0.276301 0.683736 -0.312120
v 0.274748 0.598259 -0.301083
v 0.273723 0.594787 -0.319166
v 0.284703 0.659353 -0.337435
v 0.938389 0.112201 -0.400857
v 0.936542 0.092589 -0.401547
v 0.952933 0.086574 -0.463219
v 0.956226 0.121550 -0.461988
v 0.945085 0.091984 -0.481907
v 0.947556 0.118235 -0.480983
v 0.716922 -0.028999 0.516128
v 0.724679 -0.053202 0.522731
v 0.720424 -0.055196 0.439296
v 0.736518 -0.059898 0.506087
v 0.726221 -0.073278 0.444229
v 0.726182 -0.027650 0.497289
v -0.097790 -0.621689 0.044072
v -0.083847 -0.557770 0.024918
v -0.098630 -0.628513 0.011921
v -0.084317 -0.561598 0.006890
v 1.530917 0.208735 0.156700
v 1.537938 0.247657 0.208641
v 1.530511 0.191473 0.165446
v 1.526534 0.252681 0.226016
v 1.537214 0.216870 0.224239
v 1.525991 0.229575 0.237721
v -1.062897 -0.225349 0.095366
v -0.989539 -0.247541 0.090955
v -0.988768 -0.255916 0.107549
v -1.061522 -0.240284 0.124964
v -1.041867 -0.223851 0.149723
v -0.977746 -0.246702 0.121432
v 1.436044 0.003667 0.472502
v 1.456349 0.001815 0.484609
v 1.457786 -0.019088 0.455706
v 1.425102 0.010537 0.405249
v 1.472669 -0.015262 0.472004
v 1.444668 0.016510 0.397418
v 1.488832 0.007364 0.482586
v 1.498858 -0.007269 0.461523
v 1.492684 -0.008437 0.441742
v 0.882661 0.089428 -0.464920
v 0.892345 0.094126 -0.483185
v 0.897140 0.094190 -0.402502
v 0.916151 0.070513 -0.464686
v 0.915918 0.083584 -0.402370
v 0.936542 0.092589 -0.401547
v 0.917479 0.079930 -0.483008
v 0.952933 0.086574 -0.463219
v 0.945085 0.091984 -0.481907
v -0.114659 -0.638379 0.043023
v -0.138913 -0.628182 0.053742
v -0.163796 -0.623107 0.040332
v -0.144207 -0.643274 0.031461
v 0.673707 -0.066944 0.521437
v 0.703071 -0.072173 0.525386
v 0.724679 -0.053202 0.522731
v 0.707729 -0.085177 0.509624
v 0.668602 -0.078208 0.504363
v 0.688140 -0.083545 0.443263
v 0.710077 -0.087452 0.446213
v 0.736518 -0.059898 0.506087
v 0.726221 -0.073278 0.444229
v -0.115289 -0.643503 0.018894
v -0.097790 -0.621689 0.044072
v -0.098630 -0.628513 0.011921
v -0.140173 -0.638427 0.005482
v -0.164427 -0.628229 0.016201
v 1.467141 0.212510 0.217595
v 1.491220 0.189028 0.161721
v 1.510663 0.181619 0.167956
v 1.530511 0.191473 0.165446
v 1.537214 0.216870 0.224239
v 1.501815 0.199295 0.228716
v -0.967496 -0.229114 0.118721
v -1.061522 -0.240284 0.124964
v -1.041867 -0.223851 0.149723
v -0.977746 -0.246702 0.121432
v -1.076480 -0.223588 0.128367
v -1.073347 -0.195236 0.127238
v -1.061728 -0.211255 0.146950
v -1.048009 -0.187714 0.143320
v -1.023587 -0.192484 0.144886
v 1.436044 0.003667 0.472502
v 1.466220 0.026887 0.486735
v 1.449196 0.037072 0.475333
v 1.456349 0.001815 0.484609
v 1.472669 -0.015262 0.472004
v 1.488832 0.007364 0.482586
v 1.492411 0.034881 0.476254
v 0.286532 0.665542 -0.305183
v 0.276301 0.683736 -0.312120
v 0.252271 0.666244 -0.287857
v 0.250588 0.684263 -0.299116
v 0.223503 0.680144 -0.310317
v 0.216183 0.660755 -0.302779
v 0.235303 0.595574 -0.299735
v 0.255538 0.598651 -0.291368
v 0.274748 0.598259 -0.301083
v -0.114659 -0.638379 0.043023
v -0.130107 -0.608100 0.058355
v -0.138913 -0.628182 0.053742
v -0.163796 -0.623107 0.040332
v 0.673707 -0.066944 0.521437
v 0.665950 -0.042741 0.514834
v 0.694187 -0.045282 0.528522
v 0.687557 -0.023769 0.512179
v 0.703071 -0.072173 0.525386
v 0.716922 -0.028999 0.516128
v 0.724679 -0.053202 0.522731
v -0.097790 -0.621689 0.044072
v -0.083847 -0.557770 0.024918
v -0.101966 -0.550151 0.032926
v -0.120557 -0.546358 0.022908
v -0.163262 -0.601337 0.040486
v 1.473944 0.249410 0.221030
v 1.467141 0.212510 0.217595
v 1.526534 0.252681 0.226016
v 1.473401 0.226303 0.232736
v 1.537214 0.216870 0.224239
v 1.501815 0.199295 0.228716
v 1.499425 0.216386 0.241081
v 1.525991 0.229575 0.237721
v 1.498573 0.244596 0.238193
vn -0.5468 -0.0053 -0.8373
vn -0.5613 -0.6971 -0.4460
vn -0.9993 -0.0121 -0.0349
vn -0.5893 -0.6998 0.4038
vn -0.6016 -0.0036 0.7988
vn -0.6309 0.6714 0.3888
vn -0.6015 0.6657 -0.4416
vn -0.8237 -0.1106 0.5562
vn -0.5505 -0.7014 -0.4527
vn -0.5787 -0.7140 0.3942
vn -0.8132 0.2259 0.5364
vn -0.7758 0.2457 -0.5812
vn -0.7887 -0.0981 -0.6068
vn -0.8254 0.0881 0.5577
vn -0.7690 -0.2435 -0.5910
vn -0.8041 -0.2474 0.5405
vn -0.5864 0.6868 -0.4295
vn -0.6101 0.6805 0.4059
vn -0.7917 0.0993 -0.6028
vn -0.8798 -0.0107 -0.4752
vn -0.9063 -0.0045 0.4225
vn -0.6738 0.7385 -0.0237
vn -0.3920 0.4476 -0.8037
vn -0.4328 0.4580 0.7764
vn -0.5691 -0.5898 -0.5730
vn -0.5977 -0.5843 0.5489
vn -0.7166 0.4612 0.5232
vn -0.4830 0.6767 -0.5557
vn -0.6821 0.4650 -0.5643
vn -0.5157 0.6780 0.5238
vn -0.8758 -0.0106 -0.4826
vn -0.3521 -0.4653 -0.8121
vn -0.6278 -0.7779 -0.0271
vn -0.4057 -0.4718 0.7828
vn -0.9107 -0.0229 0.4124
vn -0.5978 0.5637 -0.5700
vn -0.6358 0.5630 0.5280
vn -0.4843 -0.6864 0.5425
vn -0.6728 -0.4698 -0.5715
vn -0.4556 -0.6911 -0.5611
vn -0.7005 -0.4637 0.5425
vn -0.1225 0.8469 0.5174
vn 0.1414 0.8446 0.5164
vn 0.1812 0.8402 -0.5112
vn -0.0891 0.8449 -0.5274
vn -0.6101 0.6805 0.4060
vn -0.0387 0.6284 0.7769
vn -0.0315 0.9995 0.0021
vn 0.5613 0.6972 0.4460
vn 0.5893 0.6998 -0.4038
vn 0.0056 0.6418 -0.7669
vn 0.0313 0.8496 0.5265
vn -0.2020 0.8312 -0.5179
vn -0.2280 0.8341 0.5023
vn 0.5956 0.6900 -0.4113
vn 0.5697 0.6900 0.4464
vn 0.0575 0.8489 -0.5255
vn -0.0262 0.9139 -0.4052
vn -0.3919 0.4477 -0.8037
vn -0.6737 0.7386 -0.0237
vn -0.4328 0.4581 0.7764
vn -0.0536 0.9215 0.3847
vn 0.4758 0.6927 -0.5420
vn 0.4494 0.7007 0.5541
vn -0.0332 0.9152 0.4015
vn -0.4829 0.6767 -0.5557
vn 0.3598 0.4585 0.8126
vn 0.6367 0.7709 0.0181
vn -0.0131 0.9175 -0.3975
vn 0.4079 0.4655 -0.7854
vn -0.6359 0.5630 0.5279
vn -0.4243 0.7458 0.5135
vn -0.3849 0.7567 -0.5285
vn 0.3476 0.7722 0.5318
vn 0.6012 0.5786 -0.5512
vn 0.3697 0.7698 -0.5203
vn 0.5768 0.5822 0.5730
vn -0.5614 -0.6971 -0.4460
vn -0.0314 -0.0036 -0.9995
vn -0.0171 -0.8517 -0.5237
vn -0.5467 -0.0054 -0.8373
vn 0.2408 -0.8312 -0.5012
vn 0.2181 0.0021 -0.9759
vn 0.1812 0.8401 -0.5112
vn 0.0325 -0.0630 -0.9975
vn 0.6222 -0.6699 -0.4050
vn 0.0445 -0.6233 -0.7807
vn -0.5505 -0.7015 -0.4527
vn -0.7888 -0.0981 -0.6068
vn 0.8281 -0.0784 -0.5551
vn -0.7758 0.2456 -0.5812
vn 0.0183 0.2263 -0.9739
vn 0.7999 0.2638 -0.5390
vn 0.0284 0.0847 -0.9960
vn 0.0056 0.6417 -0.7669
vn 0.8233 0.0933 -0.5598
vn 0.8079 -0.2437 -0.5366
vn 0.0353 -0.2044 -0.9783
vn 0.6168 -0.6797 -0.3970
vn 0.0956 -0.0040 -0.9954
vn 0.6022 -0.0044 -0.7983
vn 0.5956 0.6900 -0.4112
vn 0.1092 -0.8464 -0.5213
vn -0.1561 -0.8408 -0.5183
vn -0.1542 -0.0025 -0.9880
vn 0.0575 0.8489 -0.5254
vn -0.0247 0.0491 -0.9985
vn -0.8798 -0.0107 -0.4753
vn -0.3919 0.4476 -0.8038
vn -0.5690 -0.5898 -0.5730
vn -0.0262 0.9138 -0.4052
vn -0.3332 -0.7788 -0.5315
vn 0.1649 -0.1610 -0.9731
vn 0.6973 0.4706 -0.5407
vn 0.4758 0.6927 -0.5419
vn 0.0756 0.0604 -0.9953
vn 0.9063 0.0045 -0.4225
vn 0.6262 -0.5685 -0.5336
vn 0.4080 0.4655 -0.7854
vn 0.4126 -0.7571 -0.5066
vn -0.0992 -0.1456 -0.9844
vn -0.0131 -0.0533 -0.9985
vn 0.0465 -0.9146 -0.4016
vn 0.5230 -0.6713 -0.5251
vn 0.7249 -0.4458 -0.5252
vn 0.1608 0.1607 -0.9738
vn 0.0763 -0.0580 -0.9954
vn 0.0398 -0.9180 -0.3946
vn 0.4272 -0.4599 -0.7785
vn -0.6728 -0.4697 -0.5715
vn -0.1073 0.1518 -0.9826
vn 0.9029 -0.0043 -0.4298
vn 0.5962 -0.6820 0.4236
vn 0.6222 -0.6699 -0.4051
vn 0.7627 0.2504 0.5963
vn 0.7919 -0.0909 0.6038
vn 0.8234 0.0934 -0.5598
vn 0.7898 0.0896 0.6068
vn 0.7758 -0.2457 0.5812
vn 0.5521 -0.0018 0.8337
vn 0.9997 0.0022 0.0251
vn 0.5965 -0.6755 0.4334
vn 0.5957 0.6900 -0.4113
vn 0.6627 0.4852 0.5705
vn 0.6973 0.4705 -0.5407
vn 0.8801 0.0019 0.4749
vn 0.9064 0.0045 -0.4225
vn 0.6368 0.7708 0.0182
vn 0.5910 -0.5718 0.5690
vn 0.6262 -0.5684 -0.5336
vn 0.4884 -0.6740 0.5543
vn 0.5231 -0.6713 -0.5252
vn 0.6807 -0.4565 0.5729
vn 0.8803 -0.0069 0.4744
vn 0.3857 -0.4554 0.8024
vn 0.6661 -0.7457 0.0146
vn 0.9029 -0.0043 -0.4297
vn 0.4272 -0.4599 -0.7784
vn -0.0575 -0.8489 0.5255
vn 0.2074 -0.8263 0.5237
vn 0.0390 -0.9992 -0.0102
vn -0.5505 -0.7015 -0.4526
vn 0.0009 -0.6412 0.7673
vn 0.1092 -0.8464 -0.5212
vn 0.0825 -0.8457 0.5272
vn -0.1812 -0.8402 0.5112
vn -0.3332 -0.7787 -0.5315
vn -0.5977 -0.5844 0.5489
vn -0.3682 -0.7663 0.5265
vn 0.4125 -0.7571 -0.5066
vn 0.3790 -0.7590 0.5294
vn 0.0201 -0.9202 0.3908
vn -0.3520 -0.4653 -0.8121
vn 0.5230 -0.6713 -0.5252
vn 0.0198 -0.9172 0.3978
vn 0.0398 -0.9180 -0.3945
vn 0.6661 -0.7458 0.0146
vn 0.3856 -0.4554 0.8024
vn 0.4273 -0.4599 -0.7784
vn -0.4555 -0.6911 -0.5611
vn -0.1024 0.0033 0.9947
vn -0.5893 -0.6997 0.4039
vn 0.1481 0.0018 0.9890
vn 0.7919 -0.0910 0.6038
vn -0.0275 -0.0926 0.9953
vn 0.0009 -0.6412 0.7674
vn -0.0345 0.1973 0.9797
vn -0.8237 -0.1107 0.5562
vn -0.0333 0.0703 0.9970
vn -0.0192 -0.2176 0.9758
vn -0.8041 -0.2474 0.5406
vn 0.0377 0.0043 0.9993
vn 0.5966 -0.6755 0.4333
vn 0.5521 -0.0018 0.8338
vn -0.2105 -0.0015 0.9776
vn -0.2279 0.8341 0.5023
vn -0.0775 0.0658 0.9948
vn -0.4328 0.4580 0.7765
vn -0.5977 -0.5844 0.5488
vn 0.1059 -0.1375 0.9848
vn 0.6627 0.4851 0.5705
vn 0.4494 0.7007 0.5540
vn 0.0193 0.0540 0.9984
vn 0.8800 0.0020 0.4749
vn 0.3597 0.4585 0.8127
vn -0.1546 -0.1518 0.9762
vn 0.0201 -0.9202 0.3909
vn -0.0822 -0.0616 0.9947
vn -0.9107 -0.0230 0.4124
vn 0.6807 -0.4566 0.5729
vn 0.0868 0.1444 0.9857
vn 0.0255 -0.0564 0.9981
vn 0.0198 -0.9172 0.3979
vn -0.7005 -0.4636 0.5425
vn -0.1571 0.1534 0.9756
vn 0.3477 0.7722 0.5318
vn 0.8803 -0.0069 0.4745
vn -0.9996 -0.0120 -0.0251
vn -0.8399 0.5424 -0.0195
vn -0.8170 -0.5763 -0.0221
vn -0.8170 -0.5762 -0.0221
vn -0.4155 -0.9095 -0.0130
vn 0.4154 0.9095 0.0130
vn -0.0388 0.9992 0.0019
vn -0.0387 0.9992 0.0019
vn -0.4754 0.8797 -0.0094
vn -0.8398 0.5425 -0.0195
vn 0.0251 0.0028 -0.9997
vn 0.8170 0.5762 0.0221
vn 0.4155 0.9095 0.0130
vn 0.9996 0.0121 0.0251
vn 0.9996 0.0120 0.0251
vn 0.8399 -0.5424 0.0195
vn 0.4753 -0.8798 0.0094
vn 0.8398 -0.5425 0.0195
vn 0.0388 -0.9992 -0.0019
vn -0.4154 -0.9095 -0.0130
vn -0.0251 -0.0028 0.9997
vn -0.8167 -0.5762 -0.0316
vn -0.8167 -0.5762 -0.0317
vn -0.9993 -0.0121 -0.0348
vn -0.8396 0.5424 -0.0288
vn -0.8396 0.5425 -0.0287
vn -0.8396 0.5425 -0.0288
vn -0.2608 -0.6272 -0.7339
vn -0.8099 -0.3838 -0.4436
vn -0.8389 -0.3966 0.3728
vn -0.8388 -0.3967 0.3728
vn -0.3100 -0.6422 0.7010
vn -0.5164 -0.3843 -0.7653
vn -0.8842 0.1472 -0.4434
vn -0.5164 -0.3842 -0.7653
vn -0.9165 0.1447 0.3729
vn -0.5771 -0.3840 0.7208
vn -0.6294 -0.0136 -0.7770
vn -0.6756 0.6096 -0.4146
vn -0.6411 -0.6448 -0.4163
vn -0.6710 -0.6415 0.3719
vn -0.6849 -0.0032 0.7286
vn -0.7031 0.6150 0.3570
vn -0.6710 -0.6414 0.3719
vn -0.5123 -0.7818 0.3554
vn -0.4869 -0.7706 -0.4113
vn -0.4869 -0.7705 -0.4113
vn -0.8816 -0.1715 -0.4398
vn -0.5469 0.3575 -0.7570
vn -0.5470 0.3575 -0.7570
vn -0.9073 -0.1658 0.3864
vn -0.5937 0.3692 0.7149
vn -0.9073 -0.1657 0.3864
vn -0.8299 0.3594 -0.4267
vn -0.8509 0.3656 0.3772
vn -0.8509 0.3656 0.3773
vn -0.9588 0.2822 -0.0328
vn -0.9588 0.2823 -0.0329
vn -0.4456 0.5036 -0.7402
vn -0.8933 0.1034 -0.4373
vn -0.8933 0.1034 -0.4374
vn -0.9168 0.1101 0.3840
vn -0.4456 0.5037 -0.7401
vn -0.4851 0.5169 0.7053
vn -0.7917 -0.4327 -0.4313
vn -0.6115 0.1842 -0.7695
vn -0.7917 -0.4326 -0.4312
vn -0.8185 -0.4292 0.3819
vn -0.8185 -0.4292 0.3818
vn -0.6606 0.1962 0.7247
vn -0.9501 -0.3102 -0.0345
vn -0.9500 -0.3102 -0.0345
vn -0.9501 -0.3102 -0.0344
vn -0.8069 0.4023 -0.4325
vn -0.5981 -0.2075 -0.7741
vn -0.5981 -0.2075 -0.7740
vn -0.8070 0.4023 -0.4324
vn -0.8388 0.4013 0.3680
vn -0.6539 -0.2064 0.7279
vn -0.8362 0.4081 0.3664
vn -0.6971 -0.6162 0.3666
vn -0.6697 -0.6073 -0.4274
vn -0.6697 -0.6073 -0.4275
vn -0.8847 -0.1271 -0.4485
vn -0.4016 -0.5257 -0.7499
vn -0.8847 -0.1271 -0.4484
vn -0.9173 -0.1309 0.3761
vn -0.4544 -0.5345 0.7127
vn -0.9173 -0.1309 0.3760
vn -0.6988 0.5935 -0.3993
vn -0.7180 0.5913 0.3671
vn -0.7796 -0.5484 -0.3025
vn -0.6043 -0.0030 -0.7968
vn -0.9497 -0.0077 -0.3130
vn -0.8002 0.5229 -0.2935
vn -0.5004 -0.3641 -0.7855
vn -0.3950 -0.8767 -0.2744
vn -0.2555 -0.6016 -0.7568
vn -0.5220 0.3500 -0.7778
vn -0.9642 -0.0094 0.2650
vn -0.7936 -0.5500 0.2600
vn -0.7937 -0.5500 0.2600
vn -0.9642 -0.0093 0.2650
vn -0.4082 -0.8782 0.2493
vn -0.8140 0.5213 0.2560
vn -0.8140 0.5214 0.2560
vn -0.3316 -0.6957 0.6372
vn -0.2991 -0.6921 -0.6569
vn -0.6206 -0.4259 0.6584
vn -0.5867 -0.4221 -0.6911
vn -0.9996 -0.0121 -0.0251
vn -0.7441 -0.0087 0.6680
vn -0.7097 -0.0049 -0.7045
vn -0.6434 0.4009 0.6522
vn -0.6100 0.4047 -0.6813
vn -0.7297 -0.4257 0.5351
vn -0.6989 -0.4298 -0.5717
vn -0.6989 -0.4297 -0.5717
vn -0.6457 -0.5043 -0.5734
vn -0.6766 -0.5100 0.5311
vn -0.6981 0.4883 0.5236
vn -0.6982 0.4882 0.5236
vn -0.6648 0.5002 -0.5548
vn -0.8381 -0.0514 0.5431
vn -0.8053 -0.0479 -0.5909
vn -0.7387 0.4208 0.5266
vn -0.7040 0.4246 -0.5692
vn -0.8415 0.0344 0.5391
vn -0.8416 0.0345 0.5391
vn -0.8111 0.0473 -0.5830
vn -0.8111 0.0472 -0.5830
vn -0.8193 0.2001 0.5374
vn -0.7871 0.2022 -0.5827
vn -0.7883 -0.2970 0.5389
vn -0.7532 -0.2931 -0.5888
vn -0.7532 -0.2932 -0.5888
vn -0.5872 -0.6174 0.5234
vn -0.5602 -0.6144 -0.5557
vn -0.8154 -0.1973 0.5442
vn -0.7879 -0.2022 -0.5816
vn -0.7880 -0.2021 -0.5816
vn -0.7993 0.2767 0.5334
vn -0.7671 0.2898 -0.5723
vn -0.5106 -0.6780 0.5288
vn -0.4866 -0.6886 -0.5376
vn -0.5107 -0.6779 0.5288
vn -0.4751 0.8797 -0.0180
vn -0.0315 0.9995 0.0020
vn 0.4249 0.9052 0.0132
vn 0.4248 0.9052 0.0133
vn 0.4248 0.9052 0.0132
vn -0.7031 0.6151 0.3569
vn -0.6756 0.6097 -0.4146
vn -0.7031 0.6150 0.3569
vn -0.3131 0.8687 -0.3839
vn -0.3393 0.8742 0.3474
vn -0.5937 0.3693 0.7149
vn -0.3180 0.6107 -0.7252
vn 0.0936 0.9240 -0.3708
vn 0.0747 0.9315 0.3559
vn -0.3490 0.6295 0.6942
vn -0.3491 0.6294 0.6942
vn -0.5494 0.7538 0.3605
vn -0.0390 0.7067 0.7065
vn -0.0391 0.7067 0.7065
vn 0.4977 0.7671 0.4048
vn 0.4976 0.7671 0.4048
vn -0.5307 0.7559 -0.3833
vn -0.0039 0.7147 -0.6994
vn 0.5212 0.7757 -0.3559
vn -0.1607 0.9198 0.3580
vn 0.2728 0.6258 0.7307
vn -0.1361 0.9229 -0.3603
vn -0.1360 0.9229 -0.3603
vn 0.3165 0.6329 -0.7066
vn 0.2827 0.8894 -0.3591
vn 0.2615 0.8892 0.3753
vn 0.2615 0.8892 0.3754
vn 0.2827 0.8894 -0.3592
vn -0.6738 0.7386 -0.0237
vn 0.1990 0.9800 0.0078
vn 0.1991 0.9800 0.0077
vn 0.1991 0.9800 0.0078
vn -0.1150 0.9201 -0.3744
vn -0.4455 0.5037 -0.7401
vn -0.4455 0.5037 -0.7402
vn -0.1150 0.9201 -0.3745
vn -0.1342 0.9274 0.3491
vn -0.4851 0.5170 0.7053
vn -0.5298 0.7716 0.3520
vn -0.5060 0.7663 -0.3958
vn 0.0479 0.9301 0.3642
vn 0.4148 0.5179 0.7481
vn 0.0725 0.9318 -0.3555
vn 0.4543 0.5253 -0.7195
vn -0.3601 0.8616 0.3576
vn 0.1161 0.6860 0.7183
vn -0.3602 0.8616 0.3576
vn -0.3403 0.8654 -0.3677
vn 0.1589 0.6938 -0.7024
vn -0.2531 0.9674 -0.0036
vn 0.4880 0.7935 -0.3636
vn 0.4691 0.7913 0.3922
vn 0.4880 0.7935 -0.3637
vn 0.2931 0.8742 0.3871
vn -0.2002 0.6819 0.7035
vn 0.3188 0.8775 -0.3584
vn 0.3187 0.8775 -0.3583
vn -0.1595 0.6911 -0.7050
vn -0.1595 0.6910 -0.7050
vn -0.3011 0.5940 -0.7460
vn -0.8002 0.5230 -0.2935
vn -0.4497 0.8528 -0.2656
vn 0.4081 0.8782 -0.2493
vn -0.0062 0.6825 -0.7309
vn 0.2931 0.6059 -0.7396
vn -0.0290 0.9680 -0.2492
vn -0.4626 0.8513 0.2475
vn -0.0416 0.9666 0.2529
vn 0.3950 0.8768 0.2744
vn -0.6434 0.4010 0.6521
vn -0.6099 0.4048 -0.6813
vn -0.3809 0.6761 0.6308
vn -0.3489 0.6797 -0.6452
vn -0.0444 0.7743 0.6312
vn -0.0128 0.7779 -0.6282
vn 0.2991 0.6921 0.6569
vn 0.3315 0.6958 -0.6372
vn 0.3099 0.7898 0.5293
vn 0.3376 0.7860 -0.5179
vn 0.3100 0.7898 0.5293
vn -0.0767 0.8590 0.5062
vn -0.0510 0.8583 -0.5106
vn -0.0768 0.8590 0.5062
vn -0.3916 0.7700 0.5038
vn -0.3916 0.7699 0.5038
vn -0.3539 0.7774 -0.5201
vn -0.3539 0.7774 -0.5200
vn -0.0106 0.8627 0.5056
vn 0.0222 0.8638 -0.5034
vn -0.4172 0.7382 -0.5300
vn -0.4450 0.7385 0.5065
vn -0.4172 0.7383 -0.5300
vn -0.4451 0.7385 0.5064
vn 0.3737 0.7566 0.5365
vn 0.4088 0.7542 -0.5139
vn -0.6082 0.6028 0.5164
vn -0.5788 0.6031 -0.5489
vn -0.5788 0.6031 -0.5490
vn -0.2670 0.8227 0.5018
vn -0.2411 0.8198 -0.5194
vn -0.2671 0.8227 0.5018
vn -0.2412 0.8198 -0.5194
vn 0.1203 0.8487 0.5150
vn 0.1454 0.8480 -0.5097
vn -0.5600 0.6507 0.5128
vn -0.5211 0.6637 -0.5365
vn -0.1701 0.8436 -0.5093
vn -0.2081 0.8403 0.5006
vn -0.1702 0.8436 -0.5093
vn 0.1836 0.8352 0.5184
vn 0.2177 0.8347 -0.5059
vn 0.2177 0.8347 -0.5058
vn -0.2482 -0.8892 -0.3843
vn 0.3422 -0.6231 -0.7033
vn 0.8460 -0.3758 -0.3782
vn -0.8299 0.3594 -0.4268
vn -0.3181 0.6107 -0.7252
vn 0.5714 0.3753 -0.7298
vn -0.5061 0.7663 -0.3959
vn -0.6115 0.1843 -0.7695
vn -0.6114 0.1843 -0.7695
vn -0.5060 0.7663 -0.3959
vn 0.7256 -0.5756 -0.3770
vn 0.2068 -0.6767 -0.7066
vn 0.1590 0.6938 -0.7024
vn 0.7023 0.6057 -0.3740
vn -0.4532 -0.7966 -0.4000
vn -0.5981 -0.2076 -0.7741
vn -0.5981 -0.2076 -0.7740
vn 0.4880 0.7934 -0.3637
vn 0.6475 0.1973 -0.7361
vn -0.1098 -0.6861 -0.7192
vn -0.1098 -0.6861 -0.7191
vn -0.6696 -0.6073 -0.4275
vn 0.6524 -0.1966 -0.7319
vn 0.5205 -0.7750 -0.3584
vn 0.5204 -0.7750 -0.3584
vn -0.1596 0.6910 -0.7050
vn -0.1596 0.6911 -0.7050
vn -0.2112 -0.1607 -0.9641
vn -0.2561 0.0014 -0.9666
vn -0.1061 -0.2760 -0.9553
vn 0.0345 -0.3188 -0.9472
vn -0.2216 0.1643 -0.9612
vn -0.3010 0.5940 -0.7460
vn -0.1237 0.2795 -0.9521
vn 0.0429 -0.6783 -0.7335
vn 0.1713 -0.2741 -0.9463
vn 0.3381 -0.5898 -0.7334
vn 0.2695 -0.1588 -0.9498
vn 0.5604 -0.3456 -0.7527
vn 0.3042 0.0041 -0.9526
vn 0.6434 0.0074 -0.7655
vn 0.2593 0.1661 -0.9514
vn 0.5391 0.3685 -0.7574
vn 0.1538 0.2815 -0.9472
vn 0.0130 0.3242 -0.9459
vn -0.1372 0.1796 -0.9741
vn -0.3824 -0.7512 -0.5380
vn -0.1890 0.0616 -0.9801
vn -0.1889 0.0615 -0.9801
vn -0.0509 0.8583 -0.5106
vn 0.8393 -0.0441 -0.5419
vn 0.0900 -0.2370 -0.9673
vn 0.7477 -0.4133 -0.5197
vn 0.7477 -0.4134 -0.5197
vn 0.1835 0.1858 -0.9653
vn -0.3539 0.7773 -0.5201
vn 0.0788 0.2554 -0.9636
vn 0.8429 0.0694 -0.5335
vn -0.6648 0.5002 -0.5549
vn 0.4581 -0.7367 -0.4975
vn 0.2431 0.0652 -0.9678
vn 0.0222 0.8637 -0.5035
vn 0.0222 0.8637 -0.5034
vn 0.0032 -0.8609 -0.5088
vn -0.1812 -0.0658 -0.9812
vn -0.1811 -0.0658 -0.9813
vn -0.4172 0.7382 -0.5301
vn -0.0186 -0.2418 -0.9702
vn 0.6919 -0.4971 -0.5237
vn 0.6918 -0.4971 -0.5237
vn 0.2452 -0.0699 -0.9669
vn 0.0905 -0.8633 -0.4965
vn 0.0904 -0.8633 -0.4965
vn -0.1225 -0.1793 -0.9761
vn 0.3781 -0.7773 -0.5029
vn -0.1224 -0.1793 -0.9762
vn -0.7040 0.4246 -0.5693
vn -0.7040 0.4247 -0.5692
vn -0.0366 0.2571 -0.9657
vn 0.6728 0.5254 -0.5208
vn 0.6729 0.5254 -0.5208
vn -0.8111 0.0472 -0.5831
vn 0.1870 -0.1883 -0.9641
vn -0.3028 -0.7979 -0.5212
vn -0.3028 -0.7979 -0.5213
vn 0.7233 0.4345 -0.5367
vn 0.5452 -0.6649 -0.5105
vn -0.0728 -0.2183 -0.9732
vn 0.5453 -0.6649 -0.5105
vn 0.1951 -0.8428 -0.5016
vn -0.1613 -0.1238 -0.9791
vn 0.1952 -0.8428 -0.5015
vn -0.5788 0.6030 -0.5490
vn -0.1920 -0.8318 -0.5209
vn -0.1950 0.0005 -0.9808
vn -0.1920 -0.8318 -0.5208
vn 0.7949 -0.2867 -0.5348
vn 0.0337 -0.2505 -0.9675
vn 0.7949 -0.2866 -0.5348
vn -0.1699 0.1237 -0.9777
vn -0.1699 0.1238 -0.9777
vn 0.1455 0.8480 -0.5097
vn -0.0904 0.2220 -0.9708
vn -0.7880 -0.2022 -0.5816
vn 0.5155 0.6760 -0.5265
vn 0.0202 0.2635 -0.9644
vn 0.7872 0.3145 -0.5305
vn 0.0202 0.2636 -0.9644
vn -0.7671 0.2897 -0.5723
vn 0.1402 -0.2304 -0.9629
vn 0.8137 0.2058 -0.5437
vn 0.8137 0.2057 -0.5437
vn 0.1328 0.2320 -0.9636
vn 0.1328 0.2319 -0.9636
vn 0.8279 -0.1830 -0.5303
vn -0.5212 0.6637 -0.5365
vn 0.8278 -0.1830 -0.5303
vn 0.2223 0.1304 -0.9662
vn 0.6201 -0.5996 -0.5059
vn 0.2806 -0.8228 -0.4942
vn 0.2508 -0.0017 -0.9681
vn 0.2508 -0.0017 -0.9680
vn 0.2178 0.8347 -0.5059
vn 0.2259 -0.1319 -0.9652
vn -0.1064 -0.8556 -0.5067
vn 0.5828 0.6195 -0.5260
vn 0.5828 0.6194 -0.5260
vn 0.9997 0.0022 0.0250
vn 0.8336 -0.5520 0.0193
vn 0.8279 0.5604 0.0224
vn 0.8280 0.5603 0.0223
vn 0.8460 -0.3758 -0.3781
vn 0.8286 -0.3750 0.4157
vn 0.5212 0.7757 -0.3558
vn 0.8185 0.3760 0.4343
vn 0.8452 0.3811 -0.3748
vn 0.8452 0.3811 -0.3747
vn 0.3166 0.6329 -0.7066
vn 0.3166 0.6328 -0.7066
vn 0.5282 0.3757 0.7615
vn 0.8869 -0.1562 0.4348
vn 0.8869 -0.1561 0.4348
vn 0.9098 -0.1628 -0.3819
vn 0.6555 0.6338 0.4107
vn 0.6347 -0.0019 0.7728
vn 0.6711 -0.6200 0.4064
vn 0.6555 0.6337 0.4107
vn 0.6752 0.6360 -0.3737
vn 0.6751 0.6360 -0.3737
vn 0.6768 0.0025 -0.7361
vn 0.6960 -0.6232 -0.3566
vn 0.6768 0.0024 -0.7361
vn 0.8868 0.1634 0.4323
vn 0.5451 -0.3709 0.7519
vn 0.8868 0.1635 0.4323
vn 0.9088 0.1570 -0.3865
vn 0.9088 0.1569 -0.3865
vn 0.5845 -0.3757 -0.7192
vn 0.7057 -0.5849 0.3998
vn 0.7056 -0.5850 0.3998
vn 0.9531 0.3016 0.0248
vn 0.9531 0.3017 0.0248
vn 0.9531 0.3017 0.0247
vn 0.4149 0.5178 0.7482
vn 0.8908 0.1100 0.4409
vn 0.4149 0.5179 0.7481
vn 0.9196 0.1132 -0.3762
vn 0.9196 0.1133 -0.3762
vn 0.4544 0.5253 -0.7194
vn 0.4544 0.5253 -0.7195
vn 0.7024 0.6057 -0.3739
vn 0.6799 0.6013 0.4197
vn 0.6800 0.6013 0.4196
vn 0.9543 -0.2981 0.0231
vn 0.8077 -0.4106 0.4231
vn 0.6040 0.1996 0.7716
vn 0.8282 -0.4166 -0.3749
vn 0.6475 0.1972 -0.7361
vn 0.8016 0.4194 0.4261
vn 0.6111 -0.1919 0.7679
vn 0.8241 0.4198 -0.3803
vn 0.6524 -0.1965 -0.7319
vn 0.8964 -0.1124 0.4288
vn 0.4380 -0.5169 0.7355
vn 0.9160 -0.1186 -0.3833
vn 0.9160 -0.1187 -0.3833
vn 0.4770 -0.5159 -0.7115
vn 0.8140 -0.5213 -0.2560
vn 0.6434 0.0075 -0.7655
vn 0.9642 0.0093 -0.2650
vn 0.7936 0.5500 -0.2600
vn 0.2930 0.6059 -0.7396
vn 0.9497 0.0077 0.3130
vn 0.8002 -0.5229 0.2936
vn 0.8003 -0.5229 0.2935
vn 0.7795 0.5485 0.3026
vn 0.3950 0.8767 0.2744
vn 0.7795 0.5484 0.3026
vn 0.5867 0.4221 0.6911
vn 0.7097 0.0048 0.7045
vn 0.6100 -0.4047 0.6813
vn 0.6434 -0.4009 -0.6521
vn 0.7441 0.0087 -0.6680
vn 0.6206 0.4259 -0.6585
vn 0.2992 0.6921 0.6569
vn 0.3316 0.6957 -0.6372
vn 0.8110 -0.0558 0.5823
vn 0.8393 -0.0440 -0.5419
vn 0.7097 -0.4153 0.5691
vn 0.7097 -0.4153 0.5690
vn 0.7477 -0.4134 -0.5196
vn 0.8047 0.0565 0.5911
vn 0.8430 0.0694 -0.5335
vn 0.8046 0.0565 0.5911
vn 0.6648 -0.5002 0.5548
vn 0.6418 0.5061 0.5762
vn 0.6894 0.4456 0.5712
vn 0.6893 0.4455 0.5712
vn 0.7234 0.4344 -0.5366
vn 0.7234 0.4345 -0.5366
vn 0.7656 -0.2973 0.5705
vn 0.4909 0.6761 0.5494
vn 0.5156 0.6760 -0.5265
vn 0.7532 0.2931 0.5888
vn 0.7872 0.3144 -0.5305
vn 0.7533 0.2931 0.5888
vn 0.7844 0.2189 0.5804
vn 0.7844 0.2188 0.5804
vn 0.8279 -0.1830 -0.5302
vn 0.7881 -0.1942 0.5842
vn 0.7880 -0.1942 0.5842
vn 0.5441 0.6291 0.5552
vn 0.5828 0.6194 -0.5259
vn 0.5440 0.6291 0.5552
vn -0.4152 -0.9095 -0.0218
vn -0.4153 -0.9094 -0.0218
vn 0.0390 -0.9992 -0.0103
vn 0.4614 -0.8871 0.0090
vn 0.4614 -0.8871 0.0091
vn 0.1670 -0.9159 -0.3650
vn -0.2608 -0.6273 -0.7338
vn 0.1427 -0.9218 0.3604
vn -0.3099 -0.6422 0.7011
vn -0.2481 -0.8893 -0.3842
vn -0.2737 -0.8928 0.3578
vn -0.2482 -0.8893 -0.3842
vn -0.2738 -0.8928 0.3578
vn 0.0515 -0.7019 -0.7104
vn -0.4869 -0.7705 -0.4114
vn 0.5608 -0.7419 -0.3676
vn 0.5360 -0.7528 0.3822
vn 0.0050 -0.7225 0.6914
vn -0.5123 -0.7818 0.3555
vn 0.3106 -0.6217 0.7190
vn -0.1003 -0.9264 0.3629
vn -0.0889 -0.9267 -0.3652
vn 0.3421 -0.6231 -0.7034
vn 0.6712 -0.6200 0.4063
vn 0.6711 -0.6201 0.4064
vn 0.6960 -0.6233 -0.3566
vn 0.5450 -0.3709 0.7519
vn 0.3068 -0.8751 0.3744
vn 0.3268 -0.8783 -0.3489
vn 0.3268 -0.8784 -0.3488
vn 0.5844 -0.3757 -0.7193
vn 0.2598 -0.9657 -0.0047
vn -0.2859 -0.8729 -0.3953
vn -0.3105 -0.8839 0.3497
vn -0.3045 -0.8855 0.3508
vn 0.1671 -0.6976 0.6967
vn -0.1860 -0.9824 -0.0160
vn -0.4532 -0.7967 -0.3999
vn -0.4791 -0.7992 0.3631
vn 0.3714 -0.8545 -0.3633
vn -0.1097 -0.6862 -0.7191
vn 0.3714 -0.8545 -0.3632
vn 0.3480 -0.8615 0.3698
vn -0.1579 -0.7019 0.6946
vn -0.1579 -0.7018 0.6946
vn 0.5204 -0.7751 -0.3584
vn 0.5001 -0.7747 0.3869
vn -0.4016 -0.5258 -0.7499
vn -0.0409 -0.9275 -0.3717
vn -0.0659 -0.9321 0.3561
vn -0.0659 -0.9321 0.3560
vn -0.4543 -0.5345 0.7127
vn 0.4379 -0.5169 0.7355
vn 0.1023 -0.9246 0.3670
vn 0.1210 -0.9291 -0.3495
vn 0.1210 -0.9291 -0.3496
vn 0.4770 -0.5160 -0.7115
vn -0.3949 -0.8768 -0.2744
vn 0.0416 -0.9666 -0.2529
vn 0.4626 -0.8513 -0.2476
vn 0.3382 -0.5898 -0.7333
vn 0.8140 -0.5214 -0.2560
vn 0.0290 -0.9680 0.2492
vn -0.4081 -0.8782 0.2493
vn 0.4497 -0.8528 0.2656
vn 0.8002 -0.5230 0.2935
vn 0.8002 -0.5230 0.2936
vn 0.6099 -0.4048 0.6813
vn 0.3489 -0.6797 0.6452
vn 0.6434 -0.4010 -0.6522
vn 0.3809 -0.6761 -0.6308
vn 0.0128 -0.7779 0.6282
vn 0.0443 -0.7744 -0.6312
vn -0.3315 -0.6958 0.6372
vn -0.4088 -0.7542 0.5139
vn 0.4188 -0.7349 0.5333
vn 0.4581 -0.7367 -0.4974
vn 0.0031 -0.8609 -0.5088
vn -0.0288 -0.8639 0.5029
vn 0.0576 -0.8577 0.5109
vn 0.0904 -0.8633 -0.4964
vn 0.3465 -0.7824 0.5175
vn 0.3781 -0.7773 -0.5028
vn -0.3289 -0.7906 0.5165
vn -0.3288 -0.7907 0.5164
vn 0.5191 -0.6679 0.5334
vn 0.1636 -0.8448 0.5094
vn 0.1952 -0.8428 -0.5016
vn -0.2240 -0.8338 0.5047
vn -0.2240 -0.8337 0.5047
vn 0.5809 -0.5982 0.5519
vn 0.2412 -0.8198 0.5194
vn 0.2411 -0.8198 0.5194
vn -0.1064 -0.8555 -0.5067
vn -0.1390 -0.8485 0.5106
vn -0.2738 -0.8927 0.3578
vn -0.5770 -0.3840 0.7208
vn -0.5770 -0.3841 0.7208
vn 0.8286 -0.3750 0.4158
vn -0.8508 0.3656 0.3773
vn -0.8508 0.3656 0.3774
vn 0.5282 0.3758 0.7615
vn -0.5298 0.7716 0.3521
vn -0.6606 0.1963 0.7246
vn -0.6606 0.1963 0.7247
vn 0.7056 -0.5850 0.3999
vn 0.1162 0.6860 0.7183
vn -0.4791 -0.7991 0.3631
vn -0.1580 -0.7018 0.6946
vn -0.6970 -0.6162 0.3667
vn 0.5001 -0.7747 0.3870
vn 0.6111 -0.1920 0.7679
vn -0.7180 0.5913 0.3672
vn -0.2003 0.6819 0.7035
vn -0.3042 -0.0041 0.9526
vn -0.2593 -0.1661 0.9514
vn -0.1538 -0.2814 0.9472
vn -0.2695 0.1589 0.9498
vn -0.0130 -0.3242 0.9459
vn -0.2695 0.1588 0.9498
vn -0.1713 0.2741 0.9463
vn 0.1237 -0.2795 0.9521
vn -0.0345 0.3188 0.9472
vn 0.2216 -0.1643 0.9612
vn 0.1061 0.2760 0.9553
vn 0.2561 -0.0014 0.9666
vn 0.2112 0.1607 0.9641
vn -0.1865 0.1812 0.9656
vn -0.2392 0.0708 0.9684
vn -0.2392 0.0707 0.9684
vn 0.0359 -0.2502 0.9675
vn 0.8110 -0.0557 0.5823
vn 0.0358 -0.2501 0.9676
vn -0.6767 -0.5100 0.5311
vn 0.1151 0.1773 0.9774
vn -0.3915 0.7700 0.5038
vn 0.0191 0.2330 0.9723
vn -0.6981 0.4883 0.5237
vn 0.1735 0.0647 0.9827
vn 0.4189 -0.7349 0.5333
vn 0.1734 0.0647 0.9827
vn -0.2371 -0.0646 0.9693
vn -0.4451 0.7385 0.5065
vn 0.6648 -0.5002 0.5549
vn -0.0797 -0.2485 0.9653
vn -0.8381 -0.0514 0.5432
vn 0.1812 -0.0619 0.9815
vn 0.1812 -0.0618 0.9815
vn 0.3737 0.7566 0.5366
vn -0.1773 -0.1853 0.9665
vn -0.7387 0.4207 0.5266
vn -0.1774 -0.1853 0.9665
vn -0.0888 0.2282 0.9696
vn -0.8415 0.0345 0.5391
vn -0.3288 -0.7907 0.5165
vn 0.1353 -0.1711 0.9759
vn -0.3289 -0.7906 0.5164
vn 0.6894 0.4455 0.5712
vn 0.5191 -0.6678 0.5334
vn -0.1339 -0.2249 0.9651
vn -0.8193 0.2000 0.5374
vn -0.2163 -0.1299 0.9677
vn -0.2447 0.0024 0.9696
vn -0.2240 -0.8338 0.5046
vn -0.0211 -0.2567 0.9663
vn 0.7656 -0.2972 0.5705
vn -0.7883 -0.2969 0.5389
vn -0.2199 0.1328 0.9665
vn -0.8154 -0.1974 0.5442
vn -0.1396 0.2235 0.9647
vn 0.4910 0.6761 0.5494
vn 0.4909 0.6762 0.5494
vn -0.0391 0.2410 0.9697
vn 0.0944 -0.2055 0.9741
vn 0.0667 0.2090 0.9756
vn 0.0667 0.2091 0.9756
vn 0.5810 -0.5982 0.5519
vn 0.1466 0.1289 0.9807
vn 0.1864 0.0061 0.9825
vn 0.1616 -0.1164 0.9800
vn -0.8438 0.2467 -0.4766
vn -0.4536 -0.3386 -0.8244
vn -0.1616 -0.8963 -0.4129
vn -0.8788 0.2449 0.4095
vn -0.1888 -0.9008 0.3911
vn -0.5095 -0.3376 0.7915
vn -0.4826 0.7028 0.5226
vn -0.4425 0.7078 -0.5506
vn -0.8460 0.2557 -0.4679
vn -0.8701 0.2621 0.4175
vn -0.4752 0.8797 -0.0180
vn -0.7310 -0.3902 0.5599
vn -0.7030 -0.3964 -0.5905
vn -0.5417 -0.6475 0.5360
vn -0.5160 -0.6556 -0.5513
vn -0.6384 -0.5350 0.5533
vn -0.7760 -0.2442 -0.5816
vn -0.6172 -0.5327 -0.5790
vn -0.7976 -0.2468 0.5504
vn -0.7236 -0.5146 -0.4600
vn -0.7522 -0.5125 0.4142
vn -0.5339 0.1641 -0.8295
vn -0.5831 0.1668 0.7951
vn -0.4231 0.8006 -0.4243
vn -0.4515 0.8064 0.3819
vn -0.8409 0.0003 0.5412
vn -0.7376 0.3293 -0.5895
vn -0.8058 0.0043 -0.5921
vn -0.7699 0.3277 0.5475
vn -0.4094 0.8135 -0.4132
vn -0.4317 0.8087 0.3995
vn -0.7474 -0.5278 0.4036
vn -0.7173 -0.5147 -0.4697
vn -0.8240 0.1403 0.5489
vn -0.7179 0.4465 0.5342
vn -0.6843 0.4588 -0.5668
vn -0.7833 0.1519 -0.6028
vn -0.2407 0.8254 0.5107
vn 0.1751 0.8964 -0.4071
vn -0.2796 0.5461 -0.7897
vn 0.1611 0.9041 0.3958
vn -0.3136 0.5570 0.7690
vn 0.6097 0.5496 0.5711
vn 0.6384 0.5350 -0.5534
vn 0.1947 0.8968 -0.3973
vn 0.1744 0.8945 0.4116
vn 0.8279 0.5604 0.0223
vn -0.3110 0.7826 -0.5393
vn -0.3452 0.7811 0.5204
vn -0.5454 0.6363 -0.5456
vn -0.5795 0.6332 0.5130
vn 0.0725 0.8501 0.5216
vn 0.3343 0.7718 0.5408
vn 0.1060 0.8432 -0.5271
vn 0.7522 0.5125 -0.4142
vn 0.1463 0.6233 -0.7682
vn 0.1017 0.6103 0.7856
vn 0.7272 0.5079 0.4617
vn -0.4317 0.8088 0.3994
vn -0.4094 0.8134 -0.4132
vn -0.0370 0.8617 0.5061
vn 0.2558 0.8080 -0.5308
vn -0.0106 0.8590 -0.5119
vn 0.2215 0.8125 0.5392
vn 0.7560 0.5016 -0.4206
vn 0.7309 0.5012 0.4633
vn -0.0210 -0.0394 -0.9990
vn -0.1616 -0.8964 -0.4129
vn -0.4535 -0.3386 -0.8244
vn 0.3513 -0.7790 -0.5194
vn 0.5867 -0.6258 -0.5139
vn 0.1924 0.1120 -0.9749
vn -0.4425 0.7079 -0.5506
vn -0.0130 0.0578 -0.9982
vn -0.2796 0.5460 -0.7897
vn -0.7030 -0.3963 -0.5905
vn 0.1238 -0.1953 -0.9729
vn 0.7976 0.2468 -0.5504
vn 0.6384 0.5350 -0.5533
vn 0.0583 -0.0674 -0.9960
vn -0.6173 -0.5327 -0.5790
vn -0.1667 -0.9002 -0.4024
vn -0.0727 0.1853 -0.9800
vn 0.5523 0.6435 -0.5299
vn 0.3075 -0.5585 -0.7704
vn 0.8650 -0.2688 -0.4237
vn 0.7338 0.3827 -0.5613
vn 0.0844 0.0392 -0.9957
vn 0.5115 0.3303 -0.7933
vn 0.8721 -0.2596 -0.4147
vn -0.5455 0.6363 -0.5456
vn -0.1297 -0.1044 -0.9860
vn 0.2280 -0.8341 -0.5024
vn 0.4696 -0.7116 -0.5226
vn -0.0331 0.0111 -0.9994
vn -0.5339 0.1640 -0.8295
vn -0.2130 -0.8163 -0.5369
vn -0.4232 0.8006 -0.4243
vn 0.0502 -0.8609 -0.5062
vn 0.2119 -0.0586 -0.9755
vn 0.1463 0.6232 -0.7682
vn 0.0418 0.0788 -0.9960
vn 0.8185 -0.1560 -0.5529
vn 0.7129 -0.4641 -0.5258
vn -0.0159 -0.2026 -0.9791
vn 0.0199 -0.0644 -0.9977
vn 0.4432 -0.8036 -0.3973
vn -0.0953 -0.6102 -0.7865
vn 0.7765 -0.3107 -0.5482
vn -0.7173 -0.5146 -0.4698
vn 0.8402 0.0169 -0.5420
vn 0.0705 0.2175 -0.9735
vn -0.6842 0.4587 -0.5669
vn 0.0910 -0.0193 -0.9957
vn 0.5829 -0.1744 -0.7936
vn 0.4388 -0.8089 -0.3913
vn -0.0785 -0.8461 -0.5271
vn -0.3506 -0.7687 -0.5349
vn -0.1544 0.0572 -0.9864
vn 0.7691 0.2614 0.5832
vn 0.7976 0.2468 -0.5503
vn 0.8427 -0.2713 0.4649
vn 0.7059 0.3889 0.5920
vn 0.5242 0.6486 0.5518
vn 0.4606 0.3311 0.8235
vn 0.8444 -0.2635 0.4664
vn 0.8280 0.5603 0.0224
vn 0.1744 0.8945 0.4117
vn 0.5115 0.3304 -0.7932
vn 0.4425 -0.7078 0.5506
vn 0.4696 -0.7116 -0.5225
vn 0.8185 -0.1559 -0.5529
vn 0.7826 -0.1601 0.6016
vn 0.6822 -0.4650 0.5643
vn 0.7128 -0.4641 -0.5258
vn 0.4187 -0.8112 0.4081
vn 0.4432 -0.8035 -0.3973
vn 0.7392 -0.3221 0.5915
vn 0.8010 0.0042 0.5987
vn 0.9543 -0.2980 0.0231
vn 0.5338 -0.1716 0.8280
vn 0.4171 -0.8085 0.4152
vn 0.7308 0.5012 0.4633
vn -0.1887 -0.9008 0.3911
vn 0.3171 -0.7806 0.5386
vn 0.5498 -0.6260 0.5530
vn 0.2732 -0.5528 0.7872
vn -0.1883 -0.8978 0.3982
vn 0.4614 -0.8872 0.0090
vn -0.6384 -0.5350 0.5534
vn -0.1668 -0.9002 -0.4024
vn 0.3075 -0.5586 -0.7703
vn 0.8427 -0.2713 0.4650
vn 0.2020 -0.8312 0.5179
vn 0.2280 -0.8341 -0.5023
vn -0.2472 -0.8119 0.5289
vn 0.0170 -0.8550 0.5184
vn 0.4187 -0.8112 0.4082
vn -0.1385 -0.6280 0.7658
vn -0.7172 -0.5146 -0.4698
vn -0.7473 -0.5278 0.4036
vn 0.4388 -0.8090 -0.3912
vn -0.1125 -0.8428 0.5263
vn -0.3753 -0.7683 0.5185
vn -0.0911 -0.0402 0.9950
vn -0.5094 -0.3375 0.7915
vn -0.8788 0.2449 0.4096
vn 0.3172 -0.7806 0.5386
vn 0.1235 0.1038 0.9869
vn -0.2407 0.8254 0.5106
vn -0.0594 0.0753 0.9954
vn 0.1610 0.9041 0.3959
vn -0.7310 -0.3902 0.5598
vn -0.5417 -0.6475 0.5361
vn 0.0720 -0.1782 0.9814
vn 0.7691 0.2613 0.5832
vn -0.1883 -0.8977 0.3983
vn 0.0138 -0.0651 0.9978
vn 0.2731 -0.5528 0.7873
vn -0.1224 0.1868 0.9747
vn 0.7058 0.3889 0.5920
vn 0.0273 0.0401 0.9988
vn 0.8444 -0.2635 0.4665
vn 0.4606 0.3311 0.8236
vn -0.3452 0.7810 0.5204
vn -0.1850 -0.1105 0.9765
vn -0.0986 0.0262 0.9948
vn -0.4516 0.8064 0.3819
vn 0.1475 -0.0506 0.9878
vn 0.3343 0.7718 0.5409
vn 0.0725 0.8501 0.5215
vn 0.7272 0.5080 0.4617
vn -0.0144 0.0724 0.9973
vn 0.7826 -0.1601 0.6015
vn 0.1017 0.6102 0.7857
vn -0.0712 -0.2088 0.9754
vn -0.7700 0.3277 0.5475
vn -0.0473 -0.0874 0.9950
vn -0.7474 -0.5278 0.4035
vn 0.0105 0.1949 0.9808
vn 0.0401 -0.0177 0.9990
vn -0.1125 -0.8429 0.5262
vn -0.2044 0.0590 0.9771
vn -0.4778 0.3187 -0.8186
vn -0.8382 -0.2722 -0.4726
vn -0.8665 -0.2675 0.4215
vn -0.5253 0.3282 0.7851
vn -0.3988 -0.7292 -0.5561
vn -0.4329 -0.7231 0.5382
vn -0.8300 -0.2803 -0.4822
vn -0.2302 -0.5551 -0.7993
vn -0.8651 -0.2854 0.4125
vn -0.2815 -0.5677 0.7736
vn -0.7578 0.3701 0.5373
vn -0.7152 0.3748 -0.5899
vn -0.8079 0.2438 0.5366
vn -0.6290 0.5275 -0.5710
vn -0.6599 0.5269 0.5357
vn -0.5523 -0.6435 0.5299
vn -0.2717 -0.7957 -0.5414
vn -0.2999 -0.7920 0.5317
vn -0.5242 -0.6486 -0.5518
vn -0.7573 -0.3441 0.5551
vn -0.8361 -0.0169 0.5484
vn -0.8055 -0.0043 -0.5926
vn -0.7269 -0.3313 -0.6015
vn -0.3637 -0.8237 -0.4350
vn -0.3850 -0.8377 0.3873
vn -0.3653 -0.8267 -0.4279
vn -0.3986 -0.8281 0.3941
vn -0.5191 -0.1800 -0.8356
vn -0.5793 -0.1783 0.7954
vn -0.7437 0.4857 -0.4593
vn -0.7774 0.4857 0.3997
vn -0.8136 -0.1616 0.5585
vn -0.6693 -0.4673 -0.5777
vn -0.7006 -0.4729 0.5344
vn -0.7816 -0.1490 -0.6058
vn -0.7380 0.5030 -0.4498
vn -0.7597 0.5005 0.4152
vn -0.2314 0.8808 -0.4131
vn -0.2593 0.8873 0.3815
vn 0.2631 0.8000 0.5393
vn 0.2939 0.7932 -0.5333
vn -0.7579 0.3701 0.5373
vn -0.5868 0.6258 0.5139
vn -0.5526 0.6289 -0.5470
vn 0.2835 0.5624 -0.7768
vn -0.2122 0.8899 -0.4038
vn -0.2388 0.8861 0.3972
vn 0.2363 0.5547 0.7978
vn 0.1561 0.8408 0.5183
vn 0.4329 0.7231 -0.5383
vn 0.4075 0.7234 0.5574
vn -0.3057 0.7980 0.5194
vn -0.0502 0.8573 0.5124
vn -0.0173 0.8586 -0.5124
vn -0.2717 0.7993 -0.5360
vn -0.7437 0.4857 -0.4594
vn -0.1618 0.8392 0.5192
vn -0.4125 0.7571 0.5066
vn 0.4008 0.8223 -0.4039
vn 0.3799 0.8200 0.4281
vn -0.1284 0.8396 -0.5278
vn 0.3709 0.8248 0.4267
vn 0.3929 0.8301 -0.3956
vn -0.1360 0.6199 -0.7728
vn -0.1801 0.6060 0.7748
vn -0.7597 0.5005 0.4151
vn -0.7380 0.5030 -0.4499
vn -0.0293 0.0337 -0.9990
vn -0.8381 -0.2722 -0.4727
vn -0.4778 0.3187 -0.8187
vn -0.1414 -0.8446 -0.5164
vn 0.1921 -0.1134 -0.9748
vn 0.5441 0.6506 -0.5298
vn 0.2939 0.7933 -0.5332
vn 0.0004 -0.0593 -0.9982
vn 0.2452 -0.8846 -0.3967
vn 0.6687 -0.5127 -0.5385
vn 0.8132 -0.2259 -0.5364
vn 0.1184 0.1933 -0.9740
vn -0.5526 0.6288 -0.5470
vn -0.7152 0.3749 -0.5899
vn 0.5795 -0.6332 -0.5130
vn 0.0614 0.0736 -0.9954
vn 0.7490 -0.3778 -0.5443
vn 0.8641 0.2759 -0.4209
vn -0.0571 -0.1780 -0.9824
vn 0.2835 0.5623 -0.7768
vn 0.0872 -0.0420 -0.9953
vn 0.5202 -0.3300 -0.7877
vn 0.2459 -0.8875 -0.3897
vn 0.8653 0.2581 -0.4298
vn -0.1341 0.1043 -0.9855
vn 0.4329 0.7231 -0.5382
vn 0.0450 -0.0616 -0.9971
vn 0.7659 -0.4912 -0.4149
vn 0.1864 -0.6001 -0.7779
vn 0.8122 0.1701 -0.5581
vn 0.6940 0.4865 -0.5308
vn -0.0259 0.2213 -0.9749
vn -0.0298 -0.0182 -0.9994
vn 0.1683 -0.8382 -0.5188
vn 0.4242 -0.7523 -0.5041
vn 0.2121 0.0541 -0.9757
vn 0.7686 -0.4932 -0.4074
vn 0.0931 0.0180 -0.9955
vn 0.5761 0.1704 -0.7994
vn 0.2984 -0.8024 -0.5169
vn 0.0370 -0.8617 -0.5061
vn -0.1484 -0.0541 -0.9875
vn 0.0096 0.0825 -0.9965
vn 0.7628 0.3352 -0.5529
vn 0.8409 -0.0002 -0.5412
vn 0.0793 -0.1993 -0.9767
vn -0.6692 -0.4674 -0.5777
vn 0.2631 0.7999 0.5393
vn 0.5133 0.6525 0.5574
vn 0.6311 -0.5219 0.5738
vn 0.7728 -0.2367 0.5889
vn 0.7134 -0.3817 0.5877
vn 0.8381 0.2722 0.4727
vn 0.7490 -0.3777 -0.5443
vn 0.8404 0.2639 0.4734
vn 0.4773 -0.3255 0.8162
vn 0.4074 0.7234 0.5574
vn 0.8121 0.1701 -0.5581
vn 0.7446 -0.5015 0.4405
vn 0.7775 0.1576 0.6088
vn 0.6619 0.4666 0.5866
vn 0.7442 -0.4937 0.4500
vn 0.7686 -0.4932 -0.4075
vn 0.5253 0.1723 0.8333
vn 0.4008 0.8224 -0.4039
vn 0.3710 0.8248 0.4267
vn 0.7294 0.3235 0.6028
vn 0.8058 -0.0043 0.5921
vn -0.1743 -0.8372 0.5184
vn 0.2453 -0.8846 -0.3967
vn 0.2196 -0.8913 0.3966
vn -0.2814 -0.5677 0.7736
vn 0.5454 -0.6363 0.5456
vn 0.7490 -0.3778 -0.5444
vn 0.5795 -0.6333 -0.5130
vn 0.2252 -0.8869 0.4034
vn 0.8336 -0.5521 0.0193
vn 0.2459 -0.8876 -0.3896
vn -0.2999 -0.7920 0.5318
vn 0.7658 -0.4913 -0.4149
vn 0.7446 -0.5016 0.4405
vn 0.1864 -0.6002 -0.7778
vn 0.1426 -0.6234 0.7688
vn 0.1684 -0.8381 -0.5188
vn 0.1349 -0.8386 0.5278
vn 0.3845 -0.7502 0.5379
vn 0.7686 -0.4931 -0.4074
vn 0.2654 -0.8011 0.5365
vn 0.0107 -0.8590 0.5119
vn -0.0885 0.0497 0.9948
vn -0.8664 -0.2676 0.4216
vn -0.2594 0.8872 0.3815
vn 0.1334 -0.0970 0.9863
vn -0.0680 -0.0748 0.9949
vn 0.0509 0.1774 0.9828
vn -0.5867 0.6258 0.5139
vn 0.0051 0.0672 0.9977
vn -0.1125 -0.1841 0.9764
vn -0.8078 0.2437 0.5366
vn 0.2363 0.5546 0.7978
vn -0.6599 0.5269 0.5356
vn 0.0364 -0.0403 0.9985
vn 0.2252 -0.8869 0.4035
vn 0.4772 -0.3255 0.8163
vn 0.8404 0.2638 0.4734
vn -0.1840 0.1060 0.9772
vn 0.7775 0.1576 0.6089
vn -0.0087 -0.0905 0.9959
vn 0.1425 -0.6234 0.7688
vn -0.0786 0.1922 0.9782
vn -0.8361 -0.0168 0.5484
vn -0.0999 -0.0188 0.9948
vn -0.3985 -0.8282 0.3941
vn 0.3845 -0.7503 0.5379
vn 0.1422 0.0535 0.9884
vn 0.0360 0.0189 0.9992
vn 0.7442 -0.4937 0.4499
vn 0.5252 0.1723 0.8333
vn 0.2654 -0.8010 0.5365
vn -0.2046 -0.0531 0.9774
vn -0.4126 0.7571 0.5066
vn -0.0457 0.0688 0.9966
vn 0.8058 -0.0043 0.5922
vn -0.1801 0.6059 0.7749
vn 0.0248 -0.2126 0.9768
vn -0.9567 0.2902 -0.0232
vn -0.9714 0.2361 -0.0237
vn -0.9916 0.1267 -0.0245
vn -0.9971 0.0716 -0.0248
vn 0.1062 0.9943 0.0055
vn 0.9143 0.4044 0.0241
vn 0.3575 0.9338 0.0116
vn 0.9143 0.4044 0.0240
vn 0.0309 0.0629 -0.9975
vn 0.0309 0.0628 -0.9975
vn 0.0280 0.0329 -0.9991
vn 0.1203 0.0062 -0.9927
vn 0.1189 -0.0386 -0.9921
vn 0.0221 -0.0272 -0.9994
vn 0.0191 -0.0571 -0.9982
vn 0.2279 -0.0342 -0.9731
vn 0.2280 -0.0342 -0.9731
vn 0.9832 -0.1809 0.0241
vn 0.9832 -0.1808 0.0241
vn 0.7468 -0.6649 0.0168
vn 0.9567 -0.2902 0.0232
vn 0.9143 0.4043 0.0240
vn 0.9971 -0.0716 0.0248
vn 0.9143 0.4043 0.0241
vn -0.1062 -0.9943 -0.0055
vn 0.7468 -0.6649 0.0169
vn 0.1461 -0.9893 0.0008
vn 0.1461 -0.9893 0.0009
vn -0.0191 0.0572 0.9982
vn -0.0222 0.0271 0.9994
vn 0.0704 0.0005 0.9975
vn -0.0191 0.0571 0.9982
vn 0.0691 -0.0443 0.9966
vn -0.0280 -0.0328 0.9991
vn -0.0309 -0.0628 0.9975
vn 0.1789 -0.0397 0.9831
vn -0.9556 0.2902 -0.0520
vn -0.4933 -0.3597 0.7920
vn -0.7130 0.3606 0.6013
vn -0.6403 -0.7274 0.2469
vn -0.5975 -0.7958 -0.0990
vn -0.8930 0.1913 -0.4073
vn -0.4407 -0.2872 -0.8504
vn -0.8788 -0.4152 0.2350
vn -0.7083 0.2624 -0.6553
vn -0.5499 -0.7998 -0.2408
vn -0.7386 0.5185 -0.4308
vn -0.8854 -0.1270 0.4471
vn -0.9531 -0.1445 -0.2659
vn -0.3137 0.5857 -0.7474
vn -0.4729 0.0173 -0.8810
vn -0.3967 -0.7439 -0.5378
vn -0.6585 -0.6737 0.3355
vn -0.5014 -0.2549 0.8268
vn -0.3569 -0.0175 0.9340
vn -0.8813 0.4572 0.1199
vn -0.6940 0.6602 0.2872
vn -0.8302 0.5568 0.0268
vn -0.8058 -0.5918 -0.0219
vn -0.8104 -0.4809 0.3346
vn -0.8176 0.4706 -0.3317
vn -0.5114 0.1734 -0.8417
vn -0.5014 -0.5729 -0.6483
vn -0.7929 0.5395 0.2834
vn -0.5497 0.6676 -0.5021
vn -0.9620 -0.1182 0.2462
vn -0.2977 0.4716 0.8301
vn -0.5912 0.0959 -0.8008
vn -0.5219 -0.2124 -0.8261
vn -0.8707 -0.4588 0.1773
vn -0.2055 -0.4045 0.8911
vn -0.2649 -0.1134 0.9576
vn -0.6081 0.1599 -0.7776
vn -0.4775 -0.5943 -0.6472
vn -0.9090 0.3698 -0.1921
vn -0.7056 -0.7086 -0.0012
vn -0.6930 -0.6318 0.3474
vn -0.8939 0.4123 0.1760
vn -0.8460 0.0181 -0.5328
vn -0.7169 0.1855 0.6720
vn -0.8239 0.5605 -0.0838
vn -0.1108 0.4862 -0.8668
vn -0.2591 0.8800 -0.3981
vn -0.7057 -0.2589 -0.6595
vn -0.6043 -0.7232 0.3344
vn -0.7270 -0.4607 0.5091
vn -0.2527 0.9489 -0.1891
vn -0.7130 0.3605 0.6014
vn -0.2367 0.8539 0.4634
vn -0.9556 0.2902 -0.0519
vn 0.4016 0.7063 0.5830
vn -0.2230 0.8360 -0.5014
vn 0.6287 0.6680 -0.3982
vn 0.6280 0.7756 -0.0640
vn 0.0763 0.7603 -0.6451
vn 0.1118 0.5200 -0.8468
vn -0.7386 0.5184 -0.4308
vn -0.1959 0.7960 -0.5728
vn -0.0224 0.9311 -0.3640
vn 0.6280 0.2107 -0.7491
vn 0.0333 0.5267 -0.8494
vn 0.8232 0.5396 -0.1766
vn -0.5114 0.1734 -0.8416
vn -0.0509 0.9975 -0.0487
vn 0.7661 0.6169 0.1802
vn -0.8177 0.4706 -0.3316
vn -0.8302 0.5568 0.0267
vn -0.7928 0.5396 0.2834
vn -0.2977 0.4715 0.8301
vn -0.1687 0.9701 0.1747
vn 0.3104 0.6280 0.7136
vn 0.0808 0.7787 -0.6222
vn 0.5476 0.8359 -0.0380
vn -0.8939 0.4123 0.1759
vn -0.1627 0.9537 -0.2528
vn -0.9090 0.3698 -0.1920
vn -0.1745 0.9818 0.0743
vn 0.6824 0.7117 0.1666
vn -0.1006 0.6042 -0.7905
vn 0.7133 0.6738 -0.1929
vn 0.5135 0.3795 -0.7696
vn -0.7170 0.1854 0.6720
vn -0.2878 0.8301 0.4775
vn 0.6722 0.6100 -0.4196
vn -0.1109 0.4862 -0.8668
vn 0.3650 0.5994 0.7124
vn 0.3032 0.9529 -0.0069
vn -0.7083 0.2625 -0.6553
vn 0.1408 -0.0588 -0.9883
vn -0.4407 -0.2872 -0.8505
vn 0.1097 -0.7683 -0.6306
vn 0.1118 0.5199 -0.8468
vn 0.8959 0.2633 -0.3579
vn 0.6916 -0.3113 -0.6518
vn 0.0922 -0.3189 -0.9433
vn -0.4728 0.0173 -0.8810
vn 0.7861 -0.5814 -0.2098
vn 0.3158 -0.8327 -0.4549
vn 0.4279 0.1262 -0.8950
vn -0.1959 0.7959 -0.5728
vn 0.5564 0.3553 -0.7511
vn 0.6533 -0.5353 -0.5354
vn 0.0850 -0.2515 -0.9641
vn 0.0333 0.5266 -0.8494
vn 0.0851 -0.8849 -0.4580
vn 0.2338 0.2692 -0.9343
vn 0.2788 -0.0211 -0.9601
vn -0.6080 0.1599 -0.7776
vn 0.0352 -0.1453 -0.9888
vn -0.1006 0.6041 -0.7905
vn 0.1467 -0.8157 -0.5596
vn 0.6579 -0.3696 -0.6562
vn -0.0205 0.2290 -0.9732
vn -0.8460 0.0181 -0.5329
vn 0.6721 0.6100 -0.4196
vn 0.7573 0.3173 -0.5708
vn 0.9386 -0.2356 0.2519
vn 0.5962 -0.0059 0.8028
vn 0.9395 -0.3241 -0.1105
vn 0.8352 0.5345 -0.1298
vn 0.6680 -0.1326 0.7322
vn 0.7336 -0.4060 0.5449
vn 0.6088 -0.7933 0.0042
vn 0.9418 -0.3343 -0.0346
vn 0.2571 -0.7096 0.6560
vn 0.3673 -0.4726 0.8011
vn 0.5564 0.3553 -0.7512
vn 0.8232 0.5396 -0.1765
vn 0.6533 -0.5354 -0.5354
vn 0.8379 -0.5275 0.1404
vn 0.7731 -0.4154 0.4793
vn 0.9294 0.3054 -0.2072
vn 0.0807 0.7787 -0.6222
vn 0.5477 0.8358 -0.0380
vn 0.3105 0.6280 0.7136
vn 0.2337 0.2692 -0.9343
vn 0.2788 -0.0212 -0.9601
vn 0.9631 -0.0454 -0.2653
vn 0.6036 -0.2420 0.7596
vn 0.5584 0.0714 0.8265
vn 0.9182 -0.3961 -0.0066
vn 0.6824 0.7118 0.1666
vn 0.8732 -0.3320 0.3568
vn 0.8825 -0.1490 0.4462
vn 0.7802 0.1406 0.6095
vn 0.3649 0.5994 0.7124
vn 0.2421 -0.8991 0.3646
vn 0.1330 -0.5067 0.8518
vn -0.6403 -0.7274 0.2468
vn 0.2586 -0.9653 0.0375
vn -0.5975 -0.7958 -0.0989
vn 0.9386 -0.2356 0.2520
vn 0.9395 -0.3241 -0.1106
vn -0.5499 -0.7998 -0.2407
vn 0.1098 -0.7683 -0.6306
vn -0.0894 -0.6537 0.7514
vn -0.8788 -0.4153 0.2349
vn -0.0090 -0.9802 0.1979
vn 0.6916 -0.3113 -0.6517
vn -0.3966 -0.7440 -0.5378
vn -0.0367 -0.9795 0.1981
vn -0.6584 -0.6737 0.3355
vn 0.2571 -0.7097 0.6559
vn 0.0380 -0.9791 0.2000
vn -0.5014 -0.5729 -0.6484
vn 0.0117 -0.8645 0.5024
vn -0.6929 -0.6318 0.3474
vn 0.1708 -0.9823 0.0774
vn -0.4774 -0.5943 -0.6472
vn 0.1529 -0.9030 0.4016
vn 0.1467 -0.8157 -0.5595
vn 0.6579 -0.3695 -0.6562
vn 0.9182 -0.3962 -0.0065
vn -0.7271 -0.4606 0.5091
vn 0.1523 -0.5949 0.7892
vn 0.0672 -0.3504 0.9342
vn -0.4934 -0.3597 0.7920
vn -0.0706 0.2374 0.9688
vn -0.2367 0.8539 0.4635
vn -0.8788 -0.4153 0.2350
vn -0.1203 -0.3989 0.9091
vn -0.8854 -0.1269 0.4471
vn 0.7336 -0.4060 0.5450
vn -0.0894 -0.6537 0.7515
vn 0.2572 -0.7096 0.6560
vn 0.3672 -0.4726 0.8011
vn -0.5015 -0.2549 0.8268
vn 0.6036 -0.2421 0.7597
vn -0.1188 0.2103 0.9704
vn -0.7169 0.1854 0.6720
vn -0.2878 0.8301 0.4776
vn 0.0672 -0.3505 0.9342
vn 0.1523 -0.5949 0.7893
vn 0.8825 -0.1490 0.4461
vn 0.3649 0.5993 0.7125
vn -0.9716 0.2361 -0.0141
vn -0.9827 -0.1852 -0.0056
vn -0.9667 0.2548 0.0248
vn -0.8878 0.4569 0.0541
vn -0.8879 0.4569 0.0541
vn -0.9947 0.0717 -0.0737
vn -0.9843 -0.1762 -0.0056
vn -0.9145 -0.4044 -0.0144
vn -0.9145 -0.4043 -0.0144
vn -0.9726 0.1360 -0.1885
vn -0.9370 0.3424 -0.0701
vn -0.9253 0.3710 -0.0793
vn -0.8973 0.4414 -0.0024
vn -0.9042 0.4243 -0.0499
vn -0.9100 -0.4144 -0.0143
vn -0.9178 -0.3964 -0.0242
vn -0.9209 -0.3884 -0.0339
vn -0.9280 -0.3701 -0.0437
vn -0.9315 -0.3621 -0.0342
vn -0.9350 -0.3539 -0.0245
vn -0.9320 -0.3621 -0.0147
vn -0.9289 -0.3703 -0.0050
vn -0.9178 -0.3964 -0.0241
vn -0.9214 -0.3884 -0.0145
vn -0.9095 -0.4143 -0.0337
vn -0.9140 -0.4043 -0.0337
vn -0.9817 -0.1851 -0.0447
vn -0.9834 -0.1761 -0.0447
vn -0.9972 0.0714 0.0241
vn -0.9712 0.2361 -0.0333
vn -0.9643 0.2551 -0.0718
vn -0.8841 0.4574 -0.0960
vn -0.9809 0.1351 0.1403
vn -0.9393 0.3421 0.0250
vn -0.9281 0.3706 0.0349
vn -0.8964 0.4415 -0.0401
vn -0.9056 0.4241 0.0069
vn -0.4663 -0.6606 -0.5883
vn -0.5763 -0.7973 -0.1792
vn -0.4664 -0.6606 -0.5883
vn -0.5833 -0.8118 -0.0260
vn -0.5836 -0.8119 -0.0169
vn -0.5845 -0.7983 0.1455
vn -0.4952 -0.6639 0.5604
vn -0.5838 -0.8119 -0.0079
vn -0.7320 0.6811 -0.0164
vn -0.7320 0.6812 -0.0164
vn -0.9933 -0.1126 -0.0252
vn -0.5609 -0.8278 -0.0164
vn -0.9933 -0.1127 -0.0252
vn -0.5609 -0.8277 -0.0164
vn -0.9966 0.0806 -0.0150
vn -0.9976 -0.0669 -0.0154
vn -0.9991 -0.0395 -0.0154
vn -0.9943 -0.1035 -0.0252
vn -0.9625 0.2713 -0.0042
vn -0.9949 -0.0944 -0.0350
vn -0.9961 -0.0760 -0.0448
vn -0.9971 -0.0669 -0.0350
vn -0.9980 -0.0577 -0.0252
vn -0.9976 -0.0670 -0.0153
vn -0.9971 -0.0761 -0.0056
vn -0.9954 -0.0944 -0.0154
vn -0.9986 -0.0395 -0.0350
vn -0.9961 0.0806 -0.0345
vn -0.9615 0.2714 -0.0425
vn -0.9023 0.4307 0.0163
vn -0.8168 0.5762 -0.0280
vn -0.8078 0.5848 -0.0738
vn -0.8559 0.4985 0.1378
vn -0.7509 0.6598 0.0285
vn -0.7360 0.6759 0.0377
vn -0.8173 0.5762 -0.0097
vn -0.8106 0.5844 0.0365
vn -0.9004 0.4310 -0.0591
vn -0.8480 0.4994 -0.1777
vn -0.7486 0.6600 -0.0623
vn -0.7333 0.6762 -0.0707
vn -0.5609 -0.8278 -0.0165
vn -0.5608 -0.8278 -0.0164
vn -0.7319 0.6812 -0.0164
vn -0.7320 0.6811 -0.0165
vn -0.7320 0.6811 -0.0163
vn -0.5609 -0.8277 -0.0166
vn -0.1640 0.6276 -0.7610
vn -0.2698 0.9349 -0.2307
vn -0.1653 0.6404 -0.7500
vn -0.2768 0.9348 -0.2226
vn -0.2866 0.9581 -0.0045
vn -0.2865 0.9581 -0.0045
vn -0.2815 0.9353 0.2145
vn -0.2811 0.9336 0.2222
vn -0.2020 0.6233 0.7554
vn -0.2028 0.6362 0.7444
vn 0.0714 0.9974 0.0046
vn 0.5789 0.8152 0.0168
vn 0.5789 0.8152 0.0169
vn -0.1127 0.9936 -0.0000
vn -0.0575 0.9745 -0.2168
vn -0.0170 0.6651 -0.7465
vn -0.0159 0.6569 -0.7538
vn -0.0572 0.9727 -0.2248
vn -0.0590 0.9983 0.0014
vn -0.0589 0.9983 0.0014
vn -0.0685 0.9733 0.2192
vn -0.0685 0.9714 0.2272
vn -0.0545 0.6609 0.7485
vn -0.0538 0.6526 0.7558
vn 0.5608 0.8278 0.0164
vn -0.8168 0.5763 -0.0281
vn -0.6705 0.7369 -0.0858
vn -0.7509 0.6598 0.0284
vn -0.6892 0.7239 -0.0331
vn -0.7359 0.6760 0.0378
vn -0.6979 0.7161 0.0114
vn -0.6980 0.7161 0.0114
vn -0.6741 0.7365 0.0563
vn -0.8172 0.5763 -0.0096
vn -0.8106 0.5845 0.0365
vn -0.7486 0.6601 -0.0623
vn -0.6901 0.7238 0.0027
vn -0.7332 0.6763 -0.0707
vn -0.6966 0.7162 -0.0423
vn 0.5608 0.8278 0.0165
vn 0.1533 0.5450 0.8243
vn 0.2854 0.9336 0.2165
vn 0.1754 0.6239 0.7616
vn 0.2847 0.9319 0.2247
vn 0.2903 0.9565 0.0273
vn 0.2902 0.9566 0.0273
vn 0.2958 0.9348 -0.1966
vn 0.1943 0.5496 -0.8125
vn 0.2133 0.6281 -0.7483
vn 0.2954 0.9332 -0.2048
vn 0.2911 0.9567 -0.0073
vn -0.0279 0.1837 -0.9826
vn 0.0188 0.0021 -0.9998
vn 0.0133 -0.0059 -0.9999
vn -0.0303 0.2048 -0.9783
vn -0.1653 0.6404 -0.7501
vn 0.0125 0.0014 -0.9999
vn -0.1640 0.6276 -0.7611
vn 0.0133 -0.0060 -0.9999
vn -0.0129 -0.1129 -0.9935
vn -0.1044 -0.4200 -0.9015
vn -0.2285 -0.7945 -0.5626
vn 0.0155 0.1958 -0.9805
vn 0.0146 0.2029 -0.9791
vn -0.0170 0.6651 -0.7466
vn -0.0159 0.6568 -0.7539
vn -0.0477 -0.0872 -0.9950
vn -0.2264 -0.3387 -0.9133
vn -0.2263 -0.3386 -0.9133
vn -0.4663 -0.6606 -0.5884
vn 0.0579 -0.6972 -0.7145
vn 0.0384 -0.2341 -0.9715
vn 0.0171 0.0168 -0.9997
vn 0.0172 0.0169 -0.9997
vn 0.0895 0.1068 -0.9903
vn 0.1349 0.1573 -0.9783
vn 0.3510 0.4447 -0.8240
vn 0.3961 0.5125 -0.7619
vn 0.2124 -0.6675 -0.7137
vn 0.0980 -0.2570 -0.9614
vn 0.0881 -0.2212 -0.9712
vn 0.0196 -0.0052 -0.9998
vn 0.0547 0.1323 -0.9897
vn 0.0794 0.1953 -0.9775
vn 0.9933 0.1126 0.0252
vn 0.7468 -0.6648 0.0168
vn 0.7468 -0.6648 0.0170
vn 0.5790 0.8152 0.0168
vn 0.5790 0.8152 0.0169
vn 0.7468 -0.6648 0.0169
vn 0.9454 -0.3243 0.0323
vn 0.8239 -0.5666 -0.0086
vn 0.8032 -0.5946 0.0369
vn 0.8187 -0.5705 0.0652
vn 0.7474 -0.6595 0.0804
vn 0.7474 -0.6595 0.0803
vn 0.7353 -0.6746 -0.0648
vn 0.7360 -0.6769 -0.0016
vn 0.7388 -0.6730 0.0346
vn 0.7248 -0.6883 -0.0287
vn 0.9961 -0.0806 0.0345
vn 0.9983 0.0212 0.0544
vn 0.9972 0.0394 0.0642
vn 0.9961 -0.0806 0.0346
vn 0.9948 0.0575 0.0837
vn 0.9953 0.0484 0.0837
vn 0.9975 0.0302 0.0641
vn 0.9985 0.0303 0.0447
vn 0.9992 0.0304 0.0251
vn 0.9995 0.0304 0.0056
vn 0.9994 0.0305 -0.0139
vn 0.9978 0.0578 -0.0335
vn 0.9983 0.0487 -0.0334
vn 0.9991 0.0396 -0.0139
vn 0.9998 0.0213 -0.0042
vn 0.9966 -0.0806 0.0150
vn 0.9459 -0.3243 0.0133
vn 0.8225 -0.5668 0.0466
vn 0.8041 -0.5945 0.0001
vn 0.8210 -0.5702 -0.0273
vn 0.7506 -0.6591 -0.0466
vn 0.7506 -0.6591 -0.0465
vn 0.7313 -0.6751 0.0977
vn 0.7351 -0.6770 0.0347
vn 0.7397 -0.6729 -0.0014
vn 0.7226 -0.6886 0.0611
vn 0.5609 0.8278 0.0164
vn 0.7320 -0.6812 0.0164
vn 0.7320 -0.6811 0.0164
vn 0.5609 0.8277 0.0164
vn 0.9933 0.1127 0.0252
vn 0.3573 0.5082 0.7836
vn 0.3092 0.4400 0.8431
vn 0.5678 0.7869 0.2418
vn 0.5691 0.7885 0.2333
vn 0.5873 0.8086 0.0351
vn 0.3510 0.4448 -0.8240
vn 0.3961 0.5125 -0.7618
vn 0.5790 0.7882 -0.2086
vn 0.5800 0.7897 -0.2000
vn 0.5882 0.8087 -0.0011
vn 0.5883 0.8087 -0.0010
vn 0.9175 0.3963 0.0338
vn 0.9132 0.4041 0.0530
vn 0.9195 0.3880 0.0630
vn 0.9175 0.3964 0.0338
vn 0.9319 0.3531 0.0827
vn 0.9930 0.1126 0.0350
vn 0.9350 0.3448 0.0829
vn 0.9401 0.3351 0.0633
vn 0.9717 -0.2360 0.0044
vn 0.9440 0.3270 0.0440
vn 0.9417 0.3355 0.0246
vn 0.9450 0.3271 0.0052
vn 0.9420 0.3353 -0.0142
vn 0.9349 0.3534 -0.0339
vn 0.9379 0.3451 -0.0339
vn 0.9214 0.3882 -0.0146
vn 0.9146 0.4043 -0.0049
vn 0.9180 0.3964 0.0145
vn 0.9935 0.1127 0.0154
vn 0.9935 0.1126 0.0154
vn 0.9708 -0.2361 0.0430
vn 0.9695 -0.2439 -0.0245
vn 0.9625 -0.2713 0.0041
vn 0.9376 -0.3449 -0.0444
vn 0.9376 -0.3449 -0.0445
vn 0.9227 -0.3703 0.1076
vn 0.9276 -0.3714 0.0413
vn 0.9186 -0.3890 0.0695
vn 0.9299 -0.3679 0.0034
vn 0.9198 -0.3892 0.0505
vn 0.9671 -0.2442 0.0717
vn 0.9615 -0.2714 0.0426
vn 0.9342 -0.3452 0.0894
vn 0.9342 -0.3453 0.0894
vn 0.9269 -0.3698 -0.0633
vn 0.9285 -0.3713 0.0032
vn 0.9210 -0.3887 -0.0256
vn 0.9289 -0.3680 0.0412
vn 0.9212 -0.3891 -0.0065
vn -0.2864 -0.9438 -0.1652
vn -0.2285 -0.7946 -0.5625
vn -0.2905 -0.9567 -0.0186
vn -0.2907 -0.9568 -0.0100
vn -0.2563 -0.7977 0.5459
vn -0.2941 -0.9447 0.1452
vn -0.2909 -0.9567 -0.0014
vn -0.2909 -0.9568 -0.0014
vn -0.2907 -0.9567 -0.0100
vn 0.2929 -0.9561 0.0046
vn 0.1127 -0.9936 -0.0000
vn 0.2930 -0.9561 0.0046
vn 0.7467 -0.6649 0.0168
vn 0.7467 -0.6649 0.0169
vn 0.8031 -0.5947 0.0368
vn 0.7353 -0.6747 -0.0648
vn 0.7360 -0.6770 -0.0016
vn 0.7248 -0.6888 -0.0107
vn 0.7312 -0.6751 0.0977
vn 0.7351 -0.6771 0.0346
vn 0.7235 -0.6890 0.0431
vn 0.7226 -0.6886 0.0610
vn 0.7319 -0.6812 0.0164
vn 0.0618 -0.9619 0.2661
vn 0.0221 -0.7014 0.7124
vn 0.0192 -0.7017 0.7122
vn 0.0554 -0.9645 0.2581
vn 0.0657 -0.9978 -0.0012
vn 0.0685 -0.9631 -0.2605
vn 0.0752 -0.9604 -0.2682
vn 0.0579 -0.6973 -0.7144
vn 0.2682 -0.9236 0.2739
vn 0.1765 -0.6716 0.7196
vn 0.2742 -0.9247 0.2639
vn 0.2866 -0.9581 0.0045
vn 0.2866 -0.9580 0.0045
vn 0.2872 -0.9233 -0.2551
vn 0.2817 -0.9221 -0.2653
vn 0.2124 -0.6676 -0.7136
vn 0.2124 -0.6675 -0.7136
vn -0.0793 0.1993 0.9767
vn -0.2027 0.6361 0.7445
vn -0.0771 0.1780 0.9810
vn -0.0313 -0.0036 0.9995
vn -0.0313 -0.0035 0.9995
vn -0.0368 -0.0116 0.9993
vn -0.0376 -0.0043 0.9993
vn -0.0627 -0.1186 0.9910
vn -0.1494 -0.4251 0.8927
vn -0.0545 0.6608 0.7485
vn -0.0538 0.6525 0.7559
vn -0.0337 0.1903 0.9812
vn -0.0314 -0.0036 0.9995
vn -0.0376 -0.0042 0.9993
vn -0.0975 -0.0928 0.9909
vn -0.0975 -0.0929 0.9909
vn -0.2718 -0.3438 0.8988
vn -0.2718 -0.3438 0.8989
vn -0.4951 -0.6638 0.5605
vn -0.0103 -0.2396 0.9708
vn -0.0330 0.0111 0.9994
vn -0.0148 -0.2560 0.9666
vn -0.0329 0.0114 0.9994
vn 0.0221 -0.7013 0.7125
vn 0.0397 0.1011 0.9941
vn 0.0859 0.1517 0.9847
vn 0.3573 0.5081 0.7837
vn -0.0305 -0.0109 0.9995
vn 0.0394 -0.2268 0.9732
vn 0.0500 -0.2624 0.9637
vn 0.1764 -0.6716 0.7196
vn 0.0050 0.1267 0.9919
vn 0.0302 0.1898 0.9814
vn 0.1532 0.5449 0.8244
vn -0.1126 0.9936 -0.0000
vn -0.5608 -0.8278 -0.0163
vn -0.2000 0.5109 -0.8361
vn -0.5794 -0.3380 -0.7417
vn -0.9580 0.2454 -0.1485
vn -0.7198 0.6600 -0.2150
vn -0.5626 -0.7925 0.2352
vn -0.5049 0.8461 0.1710
vn -0.4756 0.6300 0.6139
vn -0.9339 0.0197 0.3571
vn -0.1331 -0.2848 0.9493
vn -0.6661 0.2296 0.7097
vn -0.3627 0.5779 0.7311
vn -0.9447 -0.2260 0.2375
vn -0.6380 -0.3366 0.6926
vn -0.6055 0.7368 0.3007
vn -0.1383 -0.9819 0.1293
vn -0.3640 -0.8697 -0.3334
vn -0.2997 -0.0952 -0.9493
vn -0.9824 0.1722 -0.0726
vn -0.7327 0.5785 -0.3585
vn -0.4918 -0.4872 -0.7217
vn -0.2921 0.8041 0.5177
vn -0.4644 0.4184 0.7805
vn -0.8283 0.0025 -0.5602
vn -0.6155 0.6706 0.4140
vn -0.6180 0.4746 -0.6267
vn -0.2700 -0.9118 -0.3094
vn -0.0685 -0.3841 -0.9207
vn -0.6333 -0.7686 -0.0911
vn -0.6220 -0.6577 0.4248
vn -0.8087 0.1999 0.5532
vn -0.2977 -0.9537 0.0416
vn -0.5133 -0.7700 -0.3791
vn -0.7864 -0.1493 0.5994
vn -0.2577 0.5354 0.8043
vn -0.4198 0.7643 0.4896
vn -0.7543 -0.2052 0.6237
vn -0.6404 -0.4051 0.6526
vn -0.6556 -0.6156 -0.4373
vn -0.5371 -0.4680 0.7018
vn -0.6953 -0.5536 -0.4584
vn -0.2311 0.4876 -0.8420
vn -0.3319 0.7349 -0.5914
vn -0.9228 -0.1774 -0.3420
vn -0.5525 -0.5381 0.6366
vn -0.8102 -0.3931 -0.4348
vn -0.4750 -0.6815 0.5567
vn -0.9935 0.0163 -0.1127
vn -0.4720 -0.7264 0.4995
vn -0.4091 0.9024 -0.1356
vn -0.9996 0.0250 0.0141
vn -0.3960 0.7383 0.5459
vn -0.4796 -0.8668 0.1365
vn -0.9983 -0.0396 0.0431
vn -0.4537 -0.7248 -0.5185
vn -0.3476 0.2591 0.9011
vn -0.3960 0.7384 0.5459
vn -0.9893 0.0808 0.1216
vn -0.5412 -0.1828 -0.8208
vn -0.5352 0.0113 -0.8446
vn -0.2318 0.0112 0.9727
vn -0.9090 0.4138 -0.0500
vn -0.5413 -0.4007 0.7392
vn -0.6971 0.5477 0.4626
vn -0.7439 -0.6119 0.2686
vn -0.5571 -0.5191 -0.6482
vn -0.6163 -0.0617 -0.7851
vn -0.7283 -0.2346 0.6438
vn -0.8217 0.1246 -0.5562
vn -0.7826 -0.4311 -0.4491
vn -0.7781 0.3034 0.5500
vn -0.6245 -0.4874 0.6103
vn -0.6989 0.0289 0.7147
vn -0.9051 0.2083 -0.3706
vn -0.8110 -0.3478 -0.4705
vn -0.4210 0.7736 0.4736
vn -0.4976 0.8673 -0.0100
vn -0.9375 0.3232 0.1293
vn -0.5883 -0.7940 -0.1531
vn -0.6284 -0.6579 0.4151
vn -0.8739 0.1755 -0.4534
vn -0.3202 -0.0895 0.9431
vn -0.4378 0.3235 0.8389
vn -0.8318 -0.5419 0.1200
vn -0.7350 0.5518 -0.3941
vn -0.6638 0.1238 -0.7376
vn -0.8759 -0.0816 0.4755
vn -0.2102 -0.5434 -0.8127
vn -0.2635 -0.8480 -0.4598
vn -0.9447 0.3270 0.0252
vn -0.3651 0.4638 -0.8072
vn -0.4841 -0.3438 -0.8046
vn -0.6040 -0.7945 -0.0627
vn -0.5622 -0.3642 0.7425
vn -0.7667 -0.4749 -0.4320
vn -0.5842 0.1028 0.8051
vn -0.9778 0.0173 -0.2089
vn -0.4644 -0.3932 0.7935
vn -0.8245 -0.5319 -0.1930
vn -0.1999 -0.3264 -0.9239
vn -0.4450 0.8141 0.3732
vn -0.3072 0.1413 -0.9411
vn -0.5911 0.8004 -0.1002
vn -0.3188 0.8251 -0.4665
vn -0.8260 0.5589 0.0731
vn -0.7605 -0.6179 -0.1994
vn -0.8023 -0.4605 0.3798
vn -0.7688 0.4100 -0.4907
vn -0.2596 -0.0219 -0.9655
vn -0.2444 -0.4519 -0.8580
vn -0.8362 -0.4707 0.2814
vn -0.7574 0.5764 0.3068
vn -0.8267 -0.4595 -0.3247
vn -0.7486 0.6055 -0.2701
vn -0.2965 0.2793 -0.9133
vn -0.3136 -0.1584 -0.9362
vn -0.8503 -0.4185 0.3190
vn -0.8978 0.1369 0.4185
vn -0.6851 0.3227 -0.6531
vn -0.6266 -0.1953 -0.7545
vn -0.1982 -0.8499 -0.4883
vn -0.2754 -0.9613 -0.0096
vn -0.9404 0.3245 0.1012
vn -0.5819 -0.7950 -0.1715
vn -0.6389 -0.6629 0.3904
vn -0.8604 0.1753 -0.4785
vn -0.3398 -0.0918 0.9360
vn -0.4600 0.3232 0.8270
vn -0.9627 0.0543 0.2649
vn -0.5041 -0.2509 -0.8264
vn -0.8504 -0.5017 0.1587
vn -0.1945 -0.4417 0.8758
vn -0.2795 0.0286 0.9597
vn -0.6030 0.2495 -0.7577
vn -0.4112 0.8844 -0.2206
vn -0.5441 0.8016 0.2477
vn -0.8034 0.4411 0.3999
vn -0.7728 -0.5299 -0.3492
vn -0.7537 -0.0430 0.6558
vn -0.8001 -0.0214 -0.5995
vn -0.2677 -0.7090 0.6524
vn -0.2735 -0.9359 0.2218
vn -0.6774 -0.7259 0.1186
vn -0.7184 -0.6955 0.0079
vn -0.8112 0.2191 -0.5421
vn -0.2539 -0.2654 -0.9301
vn -0.7185 -0.6955 0.0079
vn 0.0646 -0.8154 0.5753
vn -0.3388 -0.3632 0.8679
vn -0.6109 -0.1911 0.7683
vn -0.4047 -0.9127 -0.0566
vn -0.5177 0.6881 0.5084
vn -0.5372 0.7171 0.4440
vn -0.6129 -0.3231 0.7211
vn -0.3900 -0.2770 0.8781
vn -0.4450 -0.8821 -0.1547
vn -0.8620 0.3071 -0.4033
vn -0.6874 -0.1368 -0.7133
vn -0.8306 -0.3583 0.4263
vn -0.5640 0.2075 0.7993
vn -0.5813 0.7994 -0.1521
vn -0.6549 0.7379 0.1633
vn -0.6908 -0.2137 -0.6907
vn -0.1724 -0.7823 -0.5986
vn -0.0147 -0.9072 -0.4204
vn -0.8647 -0.1336 -0.4842
vn 0.0490 -0.4611 -0.8860
vn -0.8162 0.5480 0.1830
vn -0.6464 -0.0153 -0.7628
vn -0.8937 0.4473 0.0351
vn -0.3979 0.3373 -0.8532
vn -0.1718 0.4979 -0.8501
vn -0.3684 0.1423 0.9187
vn -0.5114 -0.2491 0.8224
vn -0.9195 0.3612 -0.1549
vn -0.7443 -0.5635 0.3585
vn -0.8937 0.2901 -0.3423
vn -0.9645 0.2537 0.0728
vn -0.5855 -0.7994 -0.1345
vn -0.6015 -0.6204 -0.5033
vn -0.9315 0.1015 0.3493
vn -0.3352 0.9194 0.2057
vn -0.2762 0.4635 0.8420
vn -0.4974 -0.4136 -0.7626
vn -0.8837 -0.3987 0.2452
vn -0.0211 -0.9140 0.4052
vn -0.2153 -0.2591 0.9415
vn -0.1974 -0.7010 -0.6853
vn -0.3973 -0.9131 -0.0914
vn -0.8682 0.3339 -0.3670
vn -0.6843 -0.6098 0.3998
vn -0.8822 0.4103 0.2310
vn -0.6764 -0.7128 -0.1853
vn -0.2546 -0.4142 -0.8738
vn -0.3327 0.0159 -0.9429
vn -0.5559 0.1774 -0.8121
vn -0.9851 -0.1302 0.1120
vn -0.5918 0.6503 -0.4764
vn -0.9684 0.0445 0.2453
vn -0.2447 -0.3475 0.9052
vn -0.9843 -0.1762 0.0139
vn -0.6371 0.7702 -0.0315
vn -0.2388 -0.8292 0.5054
vn -0.9661 -0.2570 -0.0249
vn -0.1934 -0.9808 0.0265
vn -0.2445 -0.7931 -0.5579
vn -0.9899 -0.1307 -0.0546
vn -0.6056 0.6000 0.5227
vn -0.5670 0.0959 0.8181
vn -0.9578 -0.2645 -0.1123
vn -0.2444 -0.7931 -0.5579
vn -0.5038 -0.3119 0.8055
vn -0.2860 -0.2936 -0.9122
vn -0.8647 -0.4226 -0.2714
vn -0.1670 -0.1842 -0.9686
vn -0.0222 -0.6860 -0.7273
vn -0.4380 -0.8655 -0.2430
vn -0.2450 -0.8412 0.4820
vn -0.7264 0.2812 -0.6271
vn -0.8227 -0.3848 0.4185
vn -0.8183 0.5579 -0.1385
vn -0.7501 -0.6514 -0.1145
vn -0.4443 0.6052 0.6606
vn -0.4314 0.1998 0.8798
vn -0.5833 -0.7522 0.3066
vn -0.7597 -0.3094 0.5719
vn -0.8852 0.1580 -0.4375
vn -0.6798 -0.2964 -0.6709
vn -0.5659 0.5239 0.6366
vn -0.6309 0.7502 0.1976
vn -0.9686 0.1002 -0.2274
vn -0.4756 0.2679 0.8379
vn -0.5252 0.6744 0.5190
vn -0.9231 -0.3502 0.1591
vn -0.3100 -0.7898 -0.5293
vn -0.3342 -0.3879 -0.8590
vn -0.7733 -0.6274 0.0915
vn -0.4213 -0.0711 0.9041
vn -0.4813 0.0237 0.8763
vn -0.8064 0.0203 0.5910
vn -0.3474 0.8059 0.4795
vn -0.5449 0.8274 0.1358
vn -0.4428 -0.8876 0.1271
vn -0.9587 -0.0723 0.2750
vn -0.9911 -0.1031 -0.0839
vn -0.3312 -0.9371 0.1104
vn -0.3800 -0.9227 -0.0645
vn -0.4343 -0.8488 0.3014
vn -0.5590 0.8273 -0.0554
vn -0.9795 0.1083 -0.1696
vn -0.3750 0.8172 -0.4376
vn -0.9708 0.2362 -0.0430
vn -0.4501 -0.2001 0.8702
vn -0.3737 0.3766 -0.8476
vn -0.9502 0.3089 -0.0422
vn -0.4343 0.1135 0.8936
vn -0.3617 0.1434 -0.9212
vn -0.9676 0.2272 -0.1105
vn -0.5018 0.1318 0.8549
vn -0.3598 0.0669 -0.9306
vn -0.9485 0.1196 -0.2932
vn -0.2549 -0.1970 -0.9467
vn -0.5617 0.3118 0.7663
vn -0.8972 0.0499 -0.4387
vn -0.3042 -0.6375 -0.7078
vn -0.5204 0.7750 0.3584
vn -0.5780 -0.7819 -0.2337
vn -0.9560 0.1993 -0.2154
vn -0.9492 0.3087 -0.0613
vn -0.6506 -0.7589 0.0275
vn -0.3470 0.9378 0.0110
vn -0.9590 -0.2831 -0.0151
vn -0.3451 -0.1691 0.9232
vn -0.8783 -0.4601 0.1296
vn -0.2081 -0.1440 0.9675
vn -0.4698 -0.2611 -0.8433
vn -0.3712 -0.1585 -0.9149
vn -0.4577 -0.3970 -0.7956
vn -0.7558 -0.6019 0.2577
vn -0.6978 -0.4829 -0.5290
vn -0.5380 -0.6412 0.5472
vn -0.1634 -0.8715 0.4624
vn -0.8059 -0.5565 -0.2020
vn -0.5865 0.4550 -0.6701
vn -0.8591 0.4919 -0.1414
vn -0.7437 -0.6684 0.0076
vn -0.0584 -0.4908 -0.8693
vn -0.7089 -0.7005 0.0821
vn -0.9249 0.3777 0.0442
vn -0.9697 0.2440 0.0149
vn -0.5802 -0.8016 -0.1439
vn -0.9751 0.1538 0.1596
vn -0.5984 -0.5724 -0.5606
vn -0.9688 0.1813 0.1691
vn -0.5748 -0.0407 -0.8173
vn -0.9740 -0.0011 0.2267
vn -0.2463 -0.0880 0.9652
vn -0.5209 0.0844 -0.8495
vn -0.3454 -0.0468 0.9373
vn -0.9863 0.0432 0.1592
vn -0.5559 0.0823 -0.8271
vn -0.4889 0.0714 -0.8694
vn -0.2933 0.0273 0.9556
vn -0.9786 0.1169 0.1691
vn -0.3486 -0.4135 0.8411
vn -0.9869 -0.0749 -0.1426
vn -0.4382 0.2783 -0.8547
vn -0.4943 0.8117 -0.3110
vn -0.4122 -0.8980 0.1537
vn -0.9814 -0.0191 -0.1909
vn -0.5388 0.8382 0.0843
vn -0.9929 -0.0848 0.0829
vn -0.4102 -0.9120 -0.0041
vn -0.3679 -0.9047 0.2148
vn -0.4963 0.8267 0.2648
vn -0.8679 -0.0631 0.4928
vn 0.1814 0.9788 -0.0951
vn 0.2026 0.5401 0.8169
vn -0.7198 0.6600 -0.2151
vn -0.2001 0.5108 -0.8361
vn 0.1254 0.9799 -0.1549
vn 0.3551 0.8832 0.3065
vn 0.9306 0.2418 -0.2749
vn 0.6121 0.3400 -0.7140
vn -0.7327 0.5784 -0.3585
vn -0.2922 0.8041 0.5177
vn 0.1255 0.9772 -0.1713
vn 0.4764 0.4581 0.7504
vn 0.5195 0.8512 -0.0740
vn 0.7270 0.5497 -0.4115
vn 0.4841 0.3742 -0.7910
vn -0.0594 0.8261 -0.5604
vn 0.1124 0.5235 -0.8445
vn 0.2811 0.9427 -0.1800
vn 0.2824 0.9587 -0.0333
vn -0.2577 0.5355 0.8043
vn 0.4302 0.8010 0.4163
vn 0.5804 0.6552 -0.4836
vn 0.5568 0.6899 -0.4626
vn -0.2311 0.4875 -0.8419
vn 0.5787 0.7988 -0.1641
vn -0.3961 0.7383 0.5459
vn 0.6093 0.6580 0.4425
vn -0.9983 -0.0397 0.0431
vn 0.5589 0.4231 -0.7131
vn -0.0581 0.9978 -0.0322
vn 0.7490 0.6209 -0.2311
vn -0.1962 0.8383 -0.5086
vn 0.2720 0.8589 -0.4340
vn -0.0546 0.9463 0.3185
vn 0.2893 0.9557 0.0533
vn 0.7945 0.3976 0.4589
vn -0.0716 0.7727 -0.6308
vn -0.4078 0.9073 0.1028
vn -0.4137 0.8265 -0.3818
vn -0.7781 0.3033 0.5500
vn 0.0038 0.3829 0.9238
vn -0.1856 0.9321 -0.3111
vn -0.4975 0.8674 -0.0100
vn -0.4211 0.7736 0.4736
vn -0.9051 0.2082 -0.3706
vn -0.0509 0.7779 0.6263
vn 0.1815 0.9738 -0.1371
vn 0.2468 0.9038 0.3495
vn 0.8276 0.3158 0.4641
vn 0.6374 0.4566 -0.6207
vn -0.1608 0.3670 -0.9162
vn -0.2588 0.9655 -0.0291
vn -0.8739 0.1754 -0.4534
vn -0.9375 0.3232 0.1292
vn -0.2189 0.8115 -0.5419
vn 0.6214 0.6473 -0.4414
vn -0.4378 0.3234 0.8389
vn -0.1755 0.6285 0.7577
vn 0.5967 0.7951 0.1080
vn 0.1965 0.5312 0.8241
vn 0.0731 0.7857 -0.6142
vn 0.1208 0.3897 -0.9130
vn 0.8813 0.1176 -0.4578
vn 0.8190 0.5664 -0.0915
vn -0.9447 0.3269 0.0253
vn -0.1734 0.8235 -0.5402
vn -0.3652 0.4637 -0.8072
vn -0.6641 0.6833 0.3035
vn 0.1841 0.9800 0.0758
vn -0.4449 0.8141 0.3731
vn -0.0655 0.8914 0.4484
vn 0.2094 0.2969 0.9317
vn -0.5910 0.8004 -0.1001
vn 0.0541 0.9228 -0.3815
vn 0.4749 0.3627 -0.8018
vn 0.8429 0.5015 0.1948
vn 0.8079 0.4793 -0.3428
vn -0.0523 0.9986 0.0015
vn 0.7467 0.6221 0.2354
vn -0.0107 0.8590 -0.5119
vn -0.7689 0.4099 -0.4907
vn 0.0449 0.9755 -0.2154
vn 0.0339 0.9459 0.3226
vn 0.8173 0.4487 0.3615
vn -0.2964 0.2794 -0.9133
vn 0.0409 0.4644 -0.8847
vn 0.8424 0.4807 -0.2435
vn -0.2586 0.9653 -0.0375
vn -0.8604 0.1753 -0.4784
vn -0.2060 0.8143 -0.5426
vn 0.6342 0.6478 -0.4222
vn -0.4600 0.3233 0.8270
vn -0.1892 0.6302 0.7531
vn 0.5901 0.7959 0.1353
vn 0.1827 0.5281 0.8293
vn -0.0257 0.9513 -0.3073
vn -0.4112 0.8845 -0.2206
vn 0.2041 0.4108 -0.8886
vn -0.5440 0.8017 0.2478
vn 0.8667 0.4694 -0.1688
vn -0.2613 0.7572 0.5986
vn 0.2342 0.9703 0.0600
vn 0.5155 0.2201 0.8282
vn 0.1073 0.8497 0.5162
vn 0.4580 0.4572 -0.7624
vn 0.8371 0.5437 0.0607
vn 0.0629 0.8583 -0.5093
vn 0.3869 0.9080 0.1607
vn 0.2280 0.1852 0.9559
vn 0.6733 0.6741 0.3036
vn 0.3868 0.9081 0.1606
vn 0.0690 0.9890 -0.1308
vn -0.2137 0.6124 0.7611
vn 0.6471 0.3475 -0.6786
vn 0.5564 0.4300 -0.7110
vn -0.5372 0.7171 0.4441
vn 0.3813 0.2913 -0.8774
vn -0.1298 0.8877 -0.4417
vn -0.3729 0.7204 0.5847
vn -0.2990 0.8333 -0.4649
vn -0.3944 0.8128 -0.4286
vn -0.0088 0.8417 0.5399
vn -0.3004 0.7176 -0.6283
vn 0.4730 0.8750 0.1032
vn -0.0884 0.6572 -0.7485
vn 0.8161 0.4184 -0.3987
vn -0.6738 0.7385 -0.0236
vn -0.1688 0.5224 -0.8358
vn -0.4598 0.8090 0.3663
vn -0.5218 0.5103 -0.6836
vn -0.1688 0.5223 -0.8359
vn -0.2238 0.8620 0.4548
vn -0.5941 0.6731 -0.4405
vn -0.5813 0.7993 -0.1521
vn 0.3019 0.2726 0.9135
vn 0.1340 0.8511 0.5076
vn 0.1853 0.7916 0.5823
vn -0.6549 0.7379 0.1632
vn 0.0141 0.5469 0.8371
vn -0.8163 0.5480 0.1829
vn -0.8936 0.2902 -0.3424
vn -0.2399 0.8163 -0.5254
vn 0.5396 0.7543 -0.3740
vn 0.4816 0.8529 0.2017
vn 0.4901 0.5121 0.7054
vn -0.2763 0.4634 0.8420
vn 0.6709 0.7079 0.2207
vn 0.6887 0.6274 -0.3633
vn -0.1522 0.9000 -0.4086
vn -0.8822 0.4103 0.2309
vn -0.1749 0.9767 0.1242
vn -0.5918 0.6502 -0.4764
vn 0.1716 0.9850 -0.0185
vn 0.1862 0.7969 -0.5747
vn -0.6371 0.7701 -0.0315
vn 0.1636 0.8139 0.5575
vn -0.0342 0.9609 -0.2748
vn 0.8190 0.3646 -0.4432
vn 0.0251 0.6967 -0.7169
vn -0.8183 0.5578 -0.1385
vn 0.7680 0.6357 0.0774
vn -0.1062 0.8068 0.5812
vn 0.2311 0.6270 0.7439
vn -0.3055 0.9521 -0.0134
vn -0.1537 0.6035 -0.7824
vn -0.6309 0.7503 0.1976
vn 0.6017 0.7298 -0.3246
vn 0.6960 0.2659 0.6670
vn 0.0403 0.9722 0.2309
vn 0.0775 0.7530 0.6535
vn -0.2105 0.5177 0.8293
vn 0.3133 0.7691 0.5571
vn 0.0961 0.9594 -0.2653
vn 0.9354 0.3247 -0.1399
vn 0.3360 0.7333 -0.5911
vn 0.1749 0.4382 -0.8817
vn -0.1976 0.3950 -0.8972
vn -0.2940 0.9129 -0.2831
vn -0.9687 0.1002 -0.2273
vn -0.4454 0.6413 -0.6248
vn 0.7146 0.6853 0.1406
vn -0.3473 0.8059 0.4795
vn 0.1287 0.5270 0.8401
vn 0.2978 0.9528 -0.0588
vn 0.2917 0.9501 -0.1104
vn -0.5591 0.8273 -0.0554
vn 0.3055 0.9518 0.0277
vn 0.4258 0.7919 -0.4377
vn -0.5204 0.7751 0.3584
vn -0.3469 0.9378 0.0109
vn 0.5319 0.8122 0.2396
vn 0.4537 0.5709 0.6843
vn -0.2238 0.9721 -0.0700
vn -0.9492 0.3088 -0.0613
vn 0.7023 0.7118 -0.0083
vn 0.8592 0.3580 0.3656
vn 0.8430 0.5375 0.0227
vn 0.2847 0.8708 -0.4008
vn -0.9249 0.3776 0.0442
vn -0.2054 0.9780 -0.0361
vn -0.0142 0.9932 -0.1157
vn 0.6716 0.7373 -0.0733
vn -0.2488 0.9607 0.1233
vn 0.6753 0.7291 0.1112
vn -0.2676 0.7557 0.5978
vn 0.7113 0.4967 0.4973
vn -0.4382 0.2782 -0.8547
vn 0.2844 0.9112 -0.2981
vn 0.3222 0.3834 -0.8656
vn -0.4943 0.8117 -0.3111
vn 0.3519 0.9360 0.0028
vn -0.5388 0.8382 0.0842
vn 0.5881 0.7711 -0.2441
vn 0.1601 0.2729 -0.9486
vn -0.5795 -0.3379 -0.7416
vn -0.1747 -0.5428 -0.8215
vn 0.9306 0.2419 -0.2748
vn 0.3406 -0.5626 -0.7533
vn 0.6122 0.3399 -0.7139
vn 0.5928 -0.7317 -0.3365
vn -0.4918 -0.4873 -0.7216
vn 0.4529 -0.4495 -0.7700
vn 0.1124 0.5235 -0.8446
vn -0.7327 0.5785 -0.3584
vn -0.0686 -0.3841 -0.9207
vn 0.8151 -0.1658 -0.5551
vn 0.6334 -0.6432 -0.4304
vn 0.0702 0.0524 -0.9962
vn -0.8283 0.0026 -0.5602
vn -0.5133 -0.7699 -0.3791
vn -0.0240 -0.1892 -0.9817
vn -0.6952 -0.5536 -0.4584
vn 0.3221 -0.3984 -0.8588
vn 0.8419 0.3518 -0.4091
vn 0.6494 0.4252 -0.6304
vn -0.0554 -0.0212 -0.9982
vn 0.5737 0.5014 -0.6477
vn 0.6209 0.5393 -0.5689
vn -0.1428 0.1716 -0.9748
vn -0.2311 0.4875 -0.8420
vn 0.2451 -0.2367 -0.9402
vn 0.3342 -0.7392 -0.5847
vn -0.5412 -0.1827 -0.8208
vn 0.7195 -0.5470 -0.4279
vn 0.0426 -0.0397 -0.9983
vn 0.5589 0.4232 -0.7131
vn -0.1962 0.8384 -0.5086
vn 0.0999 -0.4553 -0.8847
vn -0.1773 -0.6987 -0.6930
vn -0.5571 -0.5190 -0.6483
vn -0.2939 0.1569 -0.9429
vn -0.9090 0.4138 -0.0499
vn -0.6163 -0.0616 -0.7851
vn 0.7719 -0.3366 -0.5394
vn -0.0393 0.0627 -0.9973
vn 0.7403 0.1937 -0.6438
vn -0.0017 -0.4076 -0.9132
vn -0.8217 0.1246 -0.5561
vn -0.4137 0.8264 -0.3819
vn -0.0716 0.7726 -0.6309
vn 0.6961 -0.0707 -0.7145
vn -0.0966 -0.1077 -0.9895
vn -0.2103 -0.5434 -0.8127
vn -0.6638 0.1239 -0.7376
vn 0.1391 -0.3978 -0.9069
vn 0.8813 0.1177 -0.4577
vn 0.4582 -0.5606 -0.6897
vn 0.3494 0.0091 -0.9369
vn 0.5746 0.3911 -0.7189
vn -0.1208 -0.5415 -0.8320
vn 0.0093 -0.8513 -0.5246
vn 0.6866 -0.6681 -0.2869
vn -0.3072 0.1412 -0.9411
vn 0.5882 -0.1347 -0.7974
vn -0.1999 -0.3264 -0.9238
vn 0.4749 0.3628 -0.8018
vn 0.0605 0.1935 -0.9792
vn -0.7689 0.4100 -0.4907
vn 0.4010 -0.0009 -0.9161
vn 0.4187 -0.4377 -0.7957
vn -0.2596 -0.0218 -0.9655
vn 0.0931 -0.6529 -0.7517
vn -0.2443 -0.4519 -0.8580
vn 0.0048 -0.4041 -0.9147
vn -0.3136 -0.1584 -0.9363
vn 0.0409 0.4643 -0.8847
vn 0.3675 0.2187 -0.9040
vn 0.0449 0.9755 -0.2153
vn 0.8424 0.4807 -0.2434
vn 0.3422 -0.2203 -0.9134
vn 0.7616 -0.5881 -0.2722
vn -0.0339 -0.9565 -0.2898
vn -0.6850 0.3227 -0.6531
vn 0.1710 -0.0477 -0.9841
vn -0.6266 -0.1954 -0.7545
vn 0.1163 0.4267 -0.8969
vn 0.8368 0.4520 -0.3091
vn 0.9059 -0.1017 -0.4111
vn 0.4804 -0.8153 -0.3233
vn 0.1689 -0.7639 -0.6228
vn -0.6030 0.2496 -0.7577
vn 0.2041 0.4109 -0.8885
vn 0.2849 -0.0661 -0.9563
vn -0.0127 -0.1722 -0.9850
vn -0.7729 -0.5299 -0.3491
vn 0.0315 -0.6204 -0.7837
vn 0.8083 -0.4149 -0.4178
vn 0.7430 0.0757 -0.6650
vn -0.8113 0.2192 -0.5420
vn -0.2539 -0.2655 -0.9301
vn 0.2716 -0.5362 -0.7992
vn -0.4047 -0.9127 -0.0565
vn 0.5564 0.4300 -0.7111
vn 0.5487 -0.6098 -0.5718
vn 0.0540 0.1406 -0.9886
vn 0.5935 -0.6030 -0.5330
vn 0.3593 -0.6552 -0.6645
vn 0.0691 -0.7540 -0.6532
vn -0.2896 -0.0099 -0.9571
vn -0.8620 0.3071 -0.4034
vn 0.6335 -0.1652 -0.7559
vn 0.8160 0.4185 -0.3987
vn 0.5383 -0.8196 -0.1963
vn 0.0400 -0.3091 -0.9502
vn -0.1688 0.5225 -0.8358
vn 0.2430 -0.8576 -0.4532
vn -0.4598 0.8090 0.3662
vn -0.5219 0.5103 -0.6836
vn -0.3926 -0.1693 -0.9040
vn -0.5941 0.6731 -0.4404
vn -0.6908 -0.2137 -0.6908
vn 0.2431 -0.8576 -0.4532
vn -0.6907 -0.2137 -0.6908
vn 0.8606 -0.4541 -0.2304
vn 0.7164 -0.6127 -0.3338
vn -0.6464 -0.0154 -0.7629
vn 0.3290 -0.0463 -0.9432
vn -0.1718 0.4979 -0.8500
vn -0.2399 0.8163 -0.5255
vn 0.5986 0.2301 -0.7673
vn 0.5396 0.7543 -0.3739
vn 0.2889 -0.3392 -0.8953
vn 0.3744 -0.6705 -0.6405
vn -0.4975 -0.4136 -0.7626
vn 0.9955 0.0208 -0.0922
vn 0.9468 -0.1985 -0.2535
vn 0.2509 -0.5866 -0.7700
vn 0.6384 -0.6639 -0.3895
vn -0.0414 0.2953 -0.9545
vn -0.2546 -0.4142 -0.8739
vn -0.3326 0.0160 -0.9429
vn -0.8682 0.3340 -0.3670
vn 0.1039 -0.5592 -0.8225
vn 0.3139 0.1500 -0.9375
vn 0.3919 -0.2871 -0.8741
vn 0.6887 0.6275 -0.3633
vn -0.1522 0.8999 -0.4086
vn 0.3109 -0.0027 -0.9504
vn 0.2178 0.2894 -0.9321
vn -0.5559 0.1773 -0.8121
vn 0.6037 -0.0282 -0.7967
vn 0.7546 -0.5423 -0.3695
vn -0.2860 -0.2936 -0.9121
vn 0.6004 0.0196 -0.7995
vn -0.0223 -0.6860 -0.7273
vn 0.5257 -0.6084 -0.5945
vn -0.8183 0.5579 -0.1384
vn 0.0251 0.6968 -0.7168
vn -0.7263 0.2812 -0.6272
vn -0.0341 0.9609 -0.2749
vn -0.8852 0.1581 -0.4375
vn -0.0089 0.1859 -0.9825
vn 0.7610 0.2745 -0.5878
vn 0.9354 0.3248 -0.1399
vn 0.4857 -0.2984 -0.8216
vn -0.1977 0.3950 -0.8972
vn -0.9686 0.1002 -0.2273
vn -0.4454 0.6412 -0.6249
vn 0.6317 0.1699 -0.7564
vn 0.4386 0.0886 -0.8943
vn -0.0585 -0.4908 -0.8693
vn 0.8136 0.1617 -0.5585
vn 0.3987 -0.8337 -0.3821
vn 0.3992 0.2168 -0.8909
vn -0.3750 0.8173 -0.4376
vn 0.4427 -0.1134 -0.8895
vn 0.4571 -0.1271 -0.8803
vn 0.5227 -0.3192 -0.7905
vn 0.4245 -0.8085 -0.4076
vn -0.3043 -0.6375 -0.7078
vn 0.2885 0.1312 -0.9485
vn -0.0582 0.2244 -0.9728
vn 0.7476 0.5999 -0.2851
vn 0.6369 0.6704 -0.3808
vn 0.2102 0.1293 -0.9691
vn -0.5985 -0.5724 -0.5605
vn -0.5748 -0.0408 -0.8173
vn 0.1925 -0.6631 -0.7234
vn 0.2073 -0.1942 -0.9588
vn 0.8832 -0.3771 -0.2788
vn 0.9002 -0.2084 -0.3825
vn 0.9800 0.0010 -0.1991
vn 0.3283 0.0907 -0.9402
vn 0.2706 0.0533 -0.9612
vn -0.4888 0.0714 -0.8694
vn 0.3592 -0.0052 -0.9332
vn 0.3222 0.3835 -0.8655
vn 0.1813 0.9788 -0.0951
vn 0.6068 0.3177 0.7286
vn 0.5881 0.7711 -0.2440
vn 0.2025 0.5400 0.8169
vn 0.9305 0.2419 -0.2749
vn 0.5031 0.2172 0.8365
vn 0.7772 -0.1011 0.6211
vn 0.6267 -0.5465 0.5555
vn 0.5928 -0.7317 -0.3366
vn 0.9738 -0.2083 0.0915
vn 0.5196 0.8512 -0.0739
vn 0.4764 0.4582 0.7504
vn 0.7270 0.5497 -0.4114
vn 0.8332 0.0330 0.5519
vn 0.6366 -0.4481 0.6277
vn 0.6333 -0.6431 -0.4304
vn 0.7829 0.2612 -0.5647
vn 0.4502 -0.8625 -0.2312
vn 0.8702 0.0986 -0.4827
vn 0.2811 0.9427 -0.1799
vn 0.4697 -0.7116 -0.5225
vn 0.8420 0.3518 -0.4091
vn 0.4301 0.8011 0.4163
vn 0.5789 0.6022 0.5497
vn 0.6495 0.4252 -0.6304
vn 0.6925 0.5788 0.4306
vn 0.7694 0.3309 0.5464
vn 0.8794 0.1621 0.4477
vn 0.9845 -0.0714 0.1603
vn 0.3056 -0.4956 0.8130
vn 0.5787 0.7989 -0.1640
vn 0.3703 -0.7152 0.5927
vn 0.9646 -0.2633 0.0138
vn 0.3349 -0.9302 0.1500
vn 0.6093 0.6580 0.4426
vn 0.9582 -0.2076 -0.1970
vn 0.5844 0.1643 0.7947
vn 0.9397 -0.1447 -0.3099
vn 0.9745 -0.0539 -0.2179
vn 0.7490 0.6209 -0.2310
vn 0.9111 -0.4028 0.0876
vn 0.7945 0.3976 0.4590
vn 0.8165 -0.1596 0.5548
vn 0.7403 0.1937 -0.6437
vn 0.2894 0.9557 0.0533
vn 0.9034 -0.2445 0.3521
vn 0.6373 0.4567 -0.6207
vn 0.8891 -0.1844 0.4188
vn 0.9286 -0.3316 -0.1668
vn 0.5968 0.7951 0.1079
vn 0.3060 0.1116 0.9455
vn 0.6512 -0.0917 0.7534
vn 0.8812 0.1177 -0.4578
vn 0.8190 0.5664 -0.0916
vn 0.7323 -0.5276 0.4306
vn 0.4149 -0.8533 -0.3159
vn 0.4582 -0.5607 -0.6897
vn 0.9546 -0.2979 -0.0056
vn 0.3495 0.0091 -0.9369
vn 0.1903 -0.8037 0.5638
vn 0.3761 -0.4333 0.8190
vn 0.8430 0.5015 0.1947
vn 0.3118 -0.1791 0.9331
vn 0.2094 0.2970 0.9316
vn 0.9778 -0.0635 0.1995
vn 0.7468 0.6221 0.2353
vn 0.7534 -0.3991 0.5226
vn 0.8300 -0.5565 -0.0360
vn 0.7402 -0.5985 0.3064
vn 0.3676 0.2186 -0.9039
vn 0.7616 -0.5881 -0.2723
vn 0.6141 0.2352 0.7534
vn 0.4010 -0.9019 0.1608
vn 0.6897 -0.2896 0.6636
vn 0.6342 0.6477 -0.4223
vn 0.8765 -0.1844 0.4447
vn 0.9325 -0.3334 -0.1391
vn 0.1827 0.5280 0.8293
vn 0.2919 0.1097 0.9501
vn 0.8667 0.4694 -0.1689
vn 0.9574 -0.0908 -0.2742
vn 0.6083 -0.2821 0.7419
vn 0.5155 0.2202 0.8282
vn 0.7430 0.0758 -0.6650
vn 0.7631 0.5555 0.3303
vn 0.8083 -0.4148 -0.4178
vn 0.4208 -0.8876 0.1876
vn 0.4070 -0.6682 0.6227
vn 0.2279 0.1852 0.9559
vn 0.7302 -0.3301 0.5982
vn 0.6734 0.6741 0.3036
vn 0.3868 0.9080 0.1607
vn 0.5487 -0.6098 -0.5719
vn 0.1803 -0.8654 0.4676
vn 0.3776 -0.0736 0.9230
vn 0.7091 -0.1213 0.6946
vn 0.7091 -0.1213 0.6945
vn 0.4729 0.8750 0.1032
vn 0.7835 -0.3244 0.5300
vn 0.6334 -0.1651 -0.7560
vn 0.6514 -0.6529 0.3865
vn 0.7079 0.1396 0.6923
vn 0.8815 0.0732 0.4665
vn 0.6347 -0.7363 0.2347
vn 0.1853 0.7916 0.5822
vn 0.6220 -0.7555 -0.2056
vn 0.7808 -0.0579 0.6221
vn 0.0141 0.5468 0.8371
vn 0.4809 -0.2940 0.8260
vn 0.8606 -0.4541 -0.2305
vn 0.0489 -0.4611 -0.8860
vn 0.9597 -0.2543 0.1196
vn 0.2905 -0.7427 0.6033
vn 0.2986 -0.4485 0.8425
vn 0.5985 0.2301 -0.7673
vn 0.9944 -0.0253 0.1029
vn 0.4816 0.8529 0.2016
vn 0.9951 -0.0984 0.0052
vn 0.2905 -0.7427 0.6034
vn 0.9951 -0.0983 0.0052
vn 0.3357 -0.9304 -0.1470
vn 0.4901 0.5122 0.7053
vn 0.2889 -0.3392 -0.8952
vn 0.9467 -0.1985 -0.2535
vn 0.6164 -0.1672 0.7695
vn 0.5029 -0.8188 0.2769
vn 0.8924 -0.4115 -0.1850
vn 0.8578 -0.3174 0.4042
vn 0.3140 0.1500 -0.9375
vn 0.5942 -0.0470 0.8030
vn 0.6589 -0.1570 0.7357
vn 0.9213 0.2313 -0.3125
vn 0.9098 0.3655 -0.1968
vn 0.6969 -0.5419 0.4697
vn 0.9288 0.3703 0.0146
vn 0.6915 -0.7191 0.0687
vn 0.7546 -0.5422 -0.3695
vn 0.8958 0.4026 0.1881
vn 0.9006 0.3021 0.3126
vn 0.1895 0.2940 0.9368
vn 0.9777 0.0650 0.1997
vn 0.5257 -0.6084 -0.5946
vn 0.7474 -0.6594 0.0803
vn 0.3081 -0.1024 0.9458
vn 0.3224 -0.7192 0.6155
vn 0.7680 0.6357 0.0773
vn 0.8167 -0.5696 0.0928
vn 0.8190 0.3646 -0.4431
vn 0.7381 -0.3058 0.6014
vn 0.2242 0.2229 0.9487
vn 0.2311 0.6270 0.7440
vn 0.8879 -0.1927 0.4178
vn 0.7610 0.2744 -0.5878
vn 0.6959 0.2658 0.6671
vn 0.3303 0.3559 0.8742
vn 0.3132 0.7691 0.5571
vn 0.9585 -0.1276 0.2550
vn 0.5249 -0.6952 -0.4911
vn 0.4856 -0.2984 -0.8217
vn 0.8811 0.4619 -0.1013
vn 0.3828 0.1753 0.9070
vn 0.3964 0.2175 0.8920
vn 0.8136 0.1617 -0.5584
vn 0.2916 0.9501 -0.1105
vn 0.9694 0.0643 -0.2370
vn 0.3988 -0.8336 -0.3821
vn 0.5196 -0.8493 -0.0935
vn 0.4749 -0.8797 0.0266
vn 0.3055 0.9518 0.0278
vn 0.9838 0.1208 0.1322
vn 0.5918 -0.6639 0.4572
vn 0.9834 0.1761 0.0447
vn 0.4778 -0.3812 0.7915
vn 0.4257 0.7919 -0.4377
vn 0.9707 -0.1618 -0.1779
vn 0.3848 -0.1496 0.9108
vn 0.9518 -0.3059 0.0230
vn 0.3315 -0.0695 0.9409
vn 0.9703 -0.2276 0.0817
vn 0.3350 0.1694 0.9269
vn 0.9765 -0.1716 0.1303
vn 0.4245 -0.8084 -0.4077
vn 0.4537 0.5708 0.6843
vn 0.9136 -0.3061 0.2676
vn 0.9380 -0.2725 0.2141
vn 0.9171 -0.3886 0.0884
vn 0.4745 0.4010 0.7836
vn 0.6199 0.3882 0.6819
vn 0.0554 -0.2018 0.9779
vn 0.5021 -0.4718 0.7248
vn 0.8473 -0.5068 0.1587
vn 0.8430 0.5374 0.0227
vn 0.9323 -0.3600 -0.0346
vn 0.2885 0.1312 -0.9484
vn 0.6715 0.7373 -0.0733
vn 0.6753 0.7291 0.1113
vn 0.9226 -0.3804 -0.0637
vn 0.7113 0.4967 0.4972
vn 0.6721 0.0096 0.7404
vn 0.9800 0.0011 -0.1991
vn 0.5740 -0.1049 0.8121
vn 0.4984 -0.0864 0.8626
vn 0.2073 -0.1943 -0.9588
vn 0.9814 -0.0351 -0.1889
vn 0.9832 -0.1266 -0.1312
vn 0.5253 -0.1005 0.8449
vn 0.6022 -0.1999 0.7729
vn 0.9632 0.2288 -0.1410
vn 0.9357 0.3450 0.0732
vn 0.5910 -0.6916 0.4151
vn 0.9950 0.0390 -0.0924
vn 0.4502 -0.8888 -0.0857
vn -0.1510 -0.9847 0.0866
vn 0.2220 -0.5192 0.8253
vn -0.5794 -0.3379 -0.7417
vn -0.1384 -0.9819 0.1292
vn 0.2593 -0.6361 0.7268
vn 0.7104 -0.5958 0.3747
vn 0.4529 -0.4494 -0.7700
vn 0.6366 -0.4480 0.6277
vn 0.0600 -0.9973 -0.0432
vn 0.6334 -0.6431 -0.4304
vn -0.2699 -0.9118 -0.3094
vn -0.6332 -0.7686 -0.0910
vn -0.6220 -0.6578 0.4248
vn 0.0639 -0.8971 0.4372
vn -0.2593 -0.7138 0.6505
vn -0.2977 -0.9538 0.0417
vn -0.4749 -0.6816 0.5567
vn 0.3349 -0.9303 0.1500
vn -0.4538 -0.7248 -0.5185
vn 0.9111 -0.4027 0.0875
vn 0.0705 -0.9953 0.0659
vn 0.2068 -0.8204 0.5331
vn -0.1773 -0.6988 -0.6930
vn -0.5571 -0.5191 -0.6483
vn -0.6284 -0.6579 0.4152
vn 0.2225 -0.8303 0.5110
vn 0.8891 -0.1844 0.4189
vn 0.9285 -0.3316 -0.1668
vn 0.0483 -0.9814 -0.1858
vn -0.0765 -0.7643 0.6403
vn 0.4148 -0.8533 -0.3159
vn 0.1390 -0.3979 -0.9068
vn -0.2118 -0.9677 -0.1364
vn -0.6039 -0.7946 -0.0627
vn -0.5622 -0.3641 0.7425
vn 0.1903 -0.8036 0.5639
vn 0.7534 -0.3991 0.5225
vn 0.0514 -0.9982 0.0320
vn 0.0080 -0.8399 0.5427
vn -0.7605 -0.6179 -0.1993
vn 0.0931 -0.6530 -0.7516
vn -0.0466 -0.9674 0.2491
vn -0.8362 -0.4708 0.2814
vn -0.8267 -0.4594 -0.3248
vn -0.1981 -0.8499 -0.4883
vn 0.0260 -0.9513 0.3071
vn -0.8504 -0.4185 0.3190
vn 0.6897 -0.2896 0.6637
vn -0.6390 -0.6628 0.3904
vn 0.2085 -0.8298 0.5176
vn 0.8764 -0.1844 0.4448
vn -0.7728 -0.5299 -0.3493
vn 0.0795 -0.9967 -0.0176
vn -0.2676 -0.7090 0.6524
vn 0.0626 -0.5639 0.8235
vn 0.4207 -0.8876 0.1876
vn 0.4070 -0.6683 0.6227
vn 0.0645 -0.8154 0.5754
vn -0.6775 -0.7259 0.1186
vn -0.4046 -0.9127 -0.0565
vn -0.7185 -0.6955 0.0080
vn 0.5488 -0.6098 -0.5718
vn -0.0370 -0.9761 0.2142
vn 0.1905 -0.9225 0.3358
vn 0.3363 -0.8769 0.3434
vn 0.3563 -0.9021 0.2435
vn -0.4450 -0.8821 -0.1548
vn -0.0438 -0.6004 0.7985
vn 0.6335 -0.1651 -0.7559
vn 0.6514 -0.6528 0.3866
vn 0.4321 -0.4706 0.7693
vn 0.5919 -0.5796 0.5601
vn -0.3926 -0.1694 -0.9040
vn 0.6347 -0.7362 0.2347
vn -0.1725 -0.7823 -0.5986
vn 0.2986 -0.4485 0.8424
vn 0.2906 -0.7426 0.6034
vn 0.9955 0.0208 -0.0923
vn 0.2509 -0.5867 -0.7700
vn 0.6384 -0.6639 -0.3894
vn 0.5030 -0.8187 0.2769
vn -0.0212 -0.9140 0.4053
vn -0.1973 -0.7010 -0.6853
vn -0.3974 -0.9131 -0.0914
vn 0.1746 -0.9812 -0.0827
vn 0.1496 -0.8846 0.4418
vn 0.8578 -0.3175 0.4042
vn 0.6915 -0.7191 0.0688
vn 0.6970 -0.5419 0.4697
vn -0.4381 -0.8655 -0.2430
vn -0.2451 -0.8412 0.4820
vn -0.8227 -0.3847 0.4185
vn 0.0360 -0.9697 0.2416
vn -0.0220 -0.7204 0.6932
vn -0.7598 -0.3094 0.5719
vn 0.1640 -0.6277 0.7610
vn 0.0188 -0.2149 0.9764
vn -0.3343 -0.3879 -0.8590
vn 0.3988 -0.8337 -0.3821
vn -0.7733 -0.6274 0.0914
vn 0.5195 -0.8493 -0.0935
vn 0.2541 -0.9656 -0.0554
vn 0.2097 -0.9732 0.0948
vn 0.9172 -0.3886 0.0883
vn 0.1213 -0.9823 0.1427
vn 0.8474 -0.5067 0.1588
vn 0.1784 -0.9833 0.0352
vn -0.5803 -0.8016 -0.1438
vn 0.2418 -0.9562 -0.1649
vn -0.5985 -0.5723 -0.5606
vn 0.1925 -0.6631 -0.7233
vn -0.3486 -0.4135 0.8412
vn -0.4122 -0.8980 0.1536
vn 0.2025 0.5401 0.8169
vn -0.6661 0.2295 0.7097
vn -0.6380 -0.3367 0.6925
vn 0.1522 0.0849 0.9847
vn -0.3627 0.5780 0.7310
vn 0.3551 0.8832 0.3064
vn 0.5030 0.2171 0.8366
vn 0.0448 -0.3243 0.9449
vn 0.2593 -0.6360 0.7268
vn 0.2812 0.0623 0.9576
vn -0.4644 0.4185 0.7805
vn 0.9738 -0.2083 0.0914
vn -0.8087 0.1999 0.5533
vn -0.0602 -0.0291 0.9978
vn 0.0795 0.4096 0.9088
vn 0.8332 0.0330 0.5520
vn -0.2578 0.5354 0.8043
vn -0.0493 0.1582 0.9862
vn -0.7542 -0.2051 0.6237
vn 0.5790 0.6022 0.5497
vn 0.1206 0.0658 0.9905
vn 0.1379 -0.1868 0.9727
vn 0.6925 0.5789 0.4306
vn 0.8793 0.1621 0.4477
vn -0.4749 -0.6815 0.5567
vn 0.6093 0.6581 0.4424
vn 0.8165 -0.1595 0.5548
vn 0.7945 0.3977 0.4590
vn 0.0425 -0.0919 0.9949
vn 0.1002 0.0786 0.9919
vn -0.6988 0.0289 0.7147
vn 0.1633 -0.3888 0.9067
vn 0.2468 0.9038 0.3496
vn 0.0475 -0.1885 0.9809
vn 0.2224 -0.8304 0.5109
vn -0.3201 -0.0895 0.9431
vn 0.8892 -0.1845 0.4188
vn -0.1755 0.6285 0.7578
vn -0.8318 -0.5419 0.1199
vn -0.1241 -0.3586 0.9252
vn -0.8759 -0.0816 0.4756
vn 0.7324 -0.5275 0.4305
vn 0.6512 -0.0917 0.7533
vn -0.9447 0.3269 0.0251
vn -0.3321 0.0156 0.9431
vn -0.6640 0.6833 0.3036
vn -0.4449 0.8141 0.3732
vn -0.0655 0.8914 0.4485
vn 0.6897 -0.2897 0.6636
vn -0.1751 0.0776 0.9815
vn 0.0287 -0.1907 0.9812
vn -0.1891 0.6302 0.7531
vn -0.4599 0.3233 0.8270
vn 0.1827 0.5280 0.8294
vn 0.2918 0.1097 0.9502
vn 0.6083 -0.2822 0.7419
vn -0.1946 -0.4417 0.8758
vn -0.2614 0.7571 0.5987
vn 0.5155 0.2201 0.8281
vn 0.0088 0.2090 0.9779
vn -0.0336 0.6458 0.7628
vn 0.7630 0.5555 0.3304
vn 0.4070 -0.6682 0.6228
vn -0.3389 -0.3632 0.8679
vn -0.3729 0.7205 0.5847
vn -0.3900 -0.2770 0.8782
vn -0.0441 -0.1687 0.9847
vn 0.3776 -0.0736 0.9231
vn -0.0438 -0.6003 0.7986
vn 0.1803 -0.8654 0.4675
vn -0.0338 -0.4178 0.9079
vn 0.4320 -0.4706 0.7693
vn 0.0074 0.2844 0.9587
vn -0.2237 0.8620 0.4548
vn 0.7078 0.1396 0.6924
vn 0.7808 -0.0580 0.6221
vn -0.3683 0.1424 0.9187
vn -0.7443 -0.5636 0.3584
vn 0.9597 -0.2543 0.1195
vn -0.9315 0.1015 0.3494
vn 0.6164 -0.1673 0.7695
vn 0.4901 0.5121 0.7053
vn -0.2152 -0.2592 0.9415
vn 0.5030 -0.8188 0.2768
vn -0.0212 -0.9140 0.4052
vn 0.6589 -0.1569 0.7357
vn -0.6056 0.6001 0.5226
vn -0.5670 0.0958 0.8181
vn -0.2450 -0.8412 0.4819
vn 0.3080 -0.1024 0.9458
vn -0.8227 -0.3848 0.4184
vn -0.0978 0.0188 0.9950
vn -0.4314 0.1997 0.8798
vn -0.0219 -0.7204 0.6932
vn 0.7382 -0.3058 0.6013
vn 0.2241 0.2229 0.9487
vn 0.0189 -0.2150 0.9764
vn 0.1639 -0.6276 0.7611
vn 0.8879 -0.1928 0.4177
vn -0.7597 -0.3095 0.5719
vn 0.6960 0.2658 0.6670
vn 0.0774 0.7529 0.6535
vn -0.2105 0.5176 0.8293
vn 0.3303 0.3560 0.8742
vn -0.5253 0.6743 0.5190
vn 0.3133 0.7691 0.5570
vn 0.3828 0.1754 0.9070
vn -0.4214 -0.0711 0.9041
vn 0.3963 0.2175 0.8920
vn -0.3473 0.8059 0.4794
vn -0.8064 0.0204 0.5910
vn -0.4344 -0.8488 0.3014
vn 0.5918 -0.6639 0.4571
vn -0.4502 -0.2001 0.8702
vn -0.5205 0.7750 0.3584
vn -0.2081 -0.1440 0.9674
vn -0.8783 -0.4601 0.1295
vn 0.8591 0.3581 0.3656
vn -0.2677 0.7556 0.5978
vn 0.7114 0.4968 0.4972
vn -0.9688 0.1813 0.1692
vn -0.9751 0.1538 0.1597
vn -0.2656 0.1958 0.9440
vn 0.5740 -0.1048 0.8121
vn 0.5253 -0.1006 0.8449
vn -0.3486 -0.4136 0.8411
vn -0.9062 -0.4222 -0.0239
vn 0.3527 -0.9357 0.0062
vn -0.3365 -0.9416 -0.0113
vn -0.3365 -0.9416 -0.0111
vn -0.9968 -0.0761 -0.0252
vn -0.9531 -0.3016 -0.0248
vn -0.9531 -0.3017 -0.0248
vn -0.9025 -0.4300 -0.0239
vn 0.5745 0.8184 0.0167
vn 0.0847 0.9964 0.0050
vn -0.1594 0.9872 -0.0012
vn -0.1593 0.9872 -0.0012
vn 0.9871 0.1580 0.0252
vn 0.9960 0.0854 0.0252
vn 0.9960 0.0853 0.0252
vn 0.3528 -0.9357 0.0062
vn 0.3528 -0.9357 0.0061
vn 0.9212 0.3883 0.0242
vn 0.8885 -0.4584 0.0210
vn 0.9212 0.3884 0.0242
vn 0.7386 0.6739 0.0204
vn 0.7870 0.6166 0.0215
vn 0.5745 0.8183 0.0167
vn 0.7872 0.6163 0.0215
vn 0.7386 0.6738 0.0204
vn 0.3324 -0.9431 0.0057
vn 0.3321 -0.9432 0.0056
vn 0.8885 -0.4585 0.0210
vn 0.3325 -0.9431 0.0057
vn -0.7541 0.6566 -0.0170
vn -0.7541 0.6566 -0.0171
vn -0.9995 -0.0213 -0.0251
vn -0.9995 -0.0212 -0.0251
vn -0.9504 -0.3101 -0.0247
vn -0.5194 -0.8544 -0.0155
vn -0.5194 -0.8544 -0.0154
vn -0.8715 -0.4899 -0.0232
vn -0.9253 0.3786 -0.0221
vn -0.2664 -0.9638 -0.0094
vn -0.9770 -0.2120 -0.0251
vn -0.7863 0.6176 -0.0180
vn -0.7863 0.6176 -0.0179
vn -0.9769 -0.2121 -0.0251
vn -0.4915 -0.8707 -0.0148
vn 0.3269 0.9450 0.0109
vn 0.1623 0.9867 0.0069
vn -0.1727 0.9850 -0.0015
vn 0.2663 0.9638 0.0094
vn -0.4015 0.9158 -0.0075
vn -0.9252 0.3787 -0.0221
vn -0.9252 0.3787 -0.0223
vn -0.2258 0.9742 -0.0029
vn 0.4100 0.9120 0.0129
vn 0.4099 0.9120 0.0144
vn -0.2260 0.9741 -0.0029
vn -0.4275 0.9040 -0.0081
vn 0.4915 0.8708 0.0148
vn -0.1860 0.9826 -0.0019
vn 0.0322 -0.0038 -0.9995
vn 0.0259 -0.0045 -0.9997
vn 0.0314 0.0036 -0.9995
vn 0.0313 0.0035 -0.9995
vn 0.0313 0.0036 -0.9995
vn 0.0305 0.0109 -0.9995
vn 0.0242 0.0102 -0.9997
vn 0.0243 0.0102 -0.9997
vn 0.8715 0.4899 0.0232
vn 0.8715 0.4898 0.0232
vn 0.9253 -0.3786 0.0221
vn 0.9957 -0.0895 0.0247
vn 0.6537 -0.7566 0.0142
vn 0.6536 -0.7566 0.0195
vn 0.4099 0.9120 0.0129
vn 0.4101 0.9120 0.0080
vn 0.4916 0.8707 0.0148
vn 0.9769 0.2121 0.0251
vn 0.7863 -0.6176 0.0180
vn 0.7863 -0.6176 0.0179
vn 0.0858 -0.9963 -0.0007
vn 0.2260 -0.9741 0.0029
vn 0.4015 -0.9158 0.0075
vn 0.9253 -0.3787 0.0221
vn 0.9253 -0.3787 0.0220
vn -0.2663 -0.9638 -0.0094
vn 0.6538 -0.7566 0.0125
vn 0.1395 -0.9902 0.0007
vn -0.1990 -0.9800 -0.0078
vn -0.1991 -0.9800 -0.0078
vn -0.4249 -0.9052 -0.0132
vn -0.4248 -0.9052 -0.0132
vn 0.1859 -0.9826 0.0019
vn 0.1860 -0.9825 0.0019
vn -0.4915 -0.8708 -0.0148
vn -0.0242 -0.0102 0.9997
vn -0.0179 -0.0095 0.9998
vn -0.0180 -0.0095 0.9998
vn -0.0251 -0.0029 0.9997
vn -0.0314 -0.0035 0.9995
vn -0.0188 -0.0021 0.9998
vn -0.0196 0.0052 0.9998
vn -0.0259 0.0045 0.9997
vn -0.9711 0.2166 -0.1007
vn -0.3569 0.7028 0.6153
vn -0.8348 0.4744 -0.2795
vn -0.4466 0.4573 0.7690
vn -0.3652 -0.2121 -0.9064
vn -0.4764 -0.4582 -0.7504
vn -0.5935 0.4998 0.6308
vn -0.9099 0.0404 -0.4130
vn -0.6960 -0.1289 0.7064
vn -0.6398 -0.4404 0.6299
vn -0.8347 -0.2982 -0.4630
vn -0.7402 0.6481 -0.1792
vn -0.8725 0.4737 0.1196
vn -0.5669 -0.4249 0.7058
vn -0.7222 0.5491 0.4206
vn -0.7013 -0.5624 0.4380
vn -0.8339 0.1582 -0.5288
vn -0.7175 -0.6336 -0.2894
vn -0.2647 -0.2981 -0.9171
vn -0.4770 -0.3558 0.8037
vn -0.5636 -0.0479 0.8247
vn -0.9652 -0.1556 -0.2104
vn -0.5613 0.5486 0.6196
vn -0.8487 -0.4918 -0.1943
vn -0.2107 -0.2900 -0.9335
vn -0.8354 0.5262 -0.1586
vn -0.3449 0.5667 -0.7483
vn -0.2821 -0.0016 -0.9594
vn -0.7959 0.1062 0.5961
vn -0.5213 -0.4643 0.7160
vn -0.5334 -0.8457 -0.0157
vn -0.8077 0.4064 0.4271
vn -0.8039 -0.0651 -0.5912
vn -0.8981 -0.2548 0.3584
vn -0.4207 -0.6243 -0.6582
vn -0.5671 -0.8122 0.1367
vn -0.9065 0.0930 0.4119
vn -0.6866 0.2806 -0.6706
vn -0.6694 -0.0426 -0.7417
vn -0.9928 -0.0385 -0.1134
vn -0.4363 0.8965 0.0773
vn -0.7277 0.4586 -0.5101
vn -0.2820 0.0592 -0.9576
vn -0.3337 -0.5279 -0.7810
vn -0.5243 0.5624 0.6394
vn -0.3116 -0.7654 -0.5630
vn -0.9394 -0.3168 0.1307
vn -0.4852 0.3053 0.8193
vn -0.0683 0.9861 0.1516
vn -0.3677 0.7762 -0.5122
vn 0.3451 0.7672 -0.5406
vn 0.5602 0.7593 0.3311
vn 0.4294 0.3421 0.8358
vn -0.3569 0.7029 0.6153
vn -0.5936 0.4998 0.6308
vn -0.1354 0.9736 0.1840
vn 0.0186 0.5035 0.8638
vn -0.1936 0.7424 -0.6414
vn 0.5388 0.7227 0.4330
vn 0.4155 0.8269 -0.3789
vn 0.6351 0.4912 -0.5961
vn -0.0703 0.9948 -0.0743
vn 0.7403 0.6085 -0.2857
vn -0.1611 0.9130 -0.3749
vn -0.8725 0.4738 0.1196
vn -0.7221 0.5492 0.4206
vn -0.2734 0.5001 -0.8217
vn -0.5614 0.5486 0.6196
vn -0.2192 0.9756 -0.0111
vn 0.0626 0.6867 0.7242
vn 0.4981 0.8558 0.1398
vn 0.2633 0.7401 -0.6189
vn -0.4363 0.8965 0.0774
vn -0.0614 0.7479 -0.6610
vn 0.2134 0.9716 0.1025
vn 0.6389 0.6239 -0.4500
vn 0.3310 0.6579 0.6765
vn -0.0702 0.2688 -0.9606
vn 0.3451 0.7672 -0.5407
vn 0.5144 0.0109 -0.8575
vn 0.2984 -0.7963 -0.5263
vn 0.4118 -0.5785 -0.7041
vn -0.9099 0.0405 -0.4129
vn -0.1020 -0.0639 -0.9927
vn -0.1422 0.2236 -0.9642
vn 0.6985 -0.0207 -0.7153
vn -0.7402 0.6481 -0.1791
vn -0.1937 0.7424 -0.6414
vn 0.6763 0.3018 -0.6719
vn 0.2782 0.1602 -0.9471
vn -0.2646 -0.2981 -0.9171
vn -0.0767 -0.9133 -0.4000
vn -0.7174 -0.6337 -0.2894
vn 0.3870 -0.5330 -0.7524
vn -0.2821 -0.0015 -0.9594
vn -0.3449 0.5667 -0.7482
vn 0.5228 0.2188 -0.8239
vn 0.5840 -0.0950 -0.8062
vn -0.2107 -0.2901 -0.9335
vn -0.0082 -0.2178 -0.9760
vn 0.0200 -0.4971 -0.8675
vn 0.8176 -0.2685 -0.5093
vn 0.7575 0.0352 -0.6519
vn 0.1614 0.1008 -0.9817
vn -0.6694 -0.0426 -0.7416
vn -0.6866 0.2807 -0.6707
vn 0.1867 -0.4795 -0.8575
vn 0.1220 0.3834 -0.9155
vn 0.8555 0.4089 -0.3176
vn 0.7239 -0.5663 -0.3942
vn 0.9162 0.0680 -0.3948
vn -0.0614 0.7478 -0.6610
vn 0.3369 0.1300 -0.9325
vn 0.5101 -0.4268 -0.7467
vn 0.9404 0.2528 -0.2275
vn 0.5145 0.0110 -0.8574
vn 0.2997 0.0952 0.9493
vn 0.9204 -0.3449 0.1841
vn 0.7419 -0.5714 0.3510
vn 0.8822 0.1446 0.4482
vn 0.4154 0.8269 -0.3789
vn 0.5388 0.7226 0.4330
vn 0.6763 0.3019 -0.6720
vn 0.9080 -0.1917 0.3726
vn 0.8034 -0.5194 -0.2914
vn 0.2782 0.1601 -0.9471
vn 0.9063 -0.4208 0.0403
vn 0.7403 0.6086 -0.2857
vn 0.3068 -0.1339 0.9423
vn 0.9169 0.3409 0.2075
vn 0.2444 0.1568 0.9569
vn 0.9779 -0.0083 0.2091
vn 0.2633 0.7401 -0.6188
vn 0.8186 0.2155 0.5324
vn 0.6277 -0.3979 0.6691
vn 0.6451 -0.7596 -0.0831
vn 0.7575 0.0353 -0.6519
vn 0.7767 0.5191 0.3568
vn 0.9162 0.0680 -0.3949
vn 0.5759 -0.7058 0.4126
vn 0.7239 -0.5662 -0.3942
vn 0.6281 0.1873 0.7552
vn 0.6846 -0.1314 0.7170
vn 0.9809 0.1941 -0.0139
vn 0.2135 0.9716 0.1025
vn 0.3350 0.3973 0.8543
vn 0.9694 -0.0914 0.2278
vn 0.5252 -0.6672 -0.5282
vn 0.7419 -0.5713 0.3510
vn 0.9063 -0.4208 0.0404
vn 0.1179 -0.9687 0.2185
vn 0.8034 -0.5194 -0.2913
vn 0.1967 -0.8439 0.4991
vn -0.7175 -0.6337 -0.2894
vn -0.5334 -0.8457 -0.0158
vn 0.0810 -0.8788 0.4703
vn 0.0598 -0.9138 -0.4016
vn 0.0200 -0.4972 -0.8674
vn -0.0480 -0.7704 0.6357
vn 0.1086 -0.9768 -0.1847
vn 0.5759 -0.7058 0.4125
vn 0.1867 -0.4795 -0.8574
vn 0.7238 -0.5663 -0.3942
vn -0.3116 -0.7655 -0.5630
vn -0.3570 0.7028 0.6153
vn -0.4466 0.4573 0.7691
vn 0.4295 0.3421 0.8358
vn 0.1228 -0.0681 0.9901
vn -0.6959 -0.1289 0.7065
vn 0.1586 -0.3515 0.9226
vn 0.0187 0.5034 0.8638
vn -0.4769 -0.3558 0.8037
vn 0.3067 -0.1339 0.9423
vn 0.0409 -0.2405 0.9698
vn -0.7959 0.1061 0.5961
vn 0.6277 -0.3978 0.6691
vn 0.8186 0.2155 0.5323
vn -0.0059 0.3508 0.9364
vn -0.8078 0.4064 0.4270
vn -0.0308 0.6118 0.7904
vn -0.1428 -0.2557 0.9561
vn 0.6846 -0.1313 0.7170
vn 0.6281 0.1873 0.7553
vn -0.1695 0.0330 0.9850
vn -0.9065 0.0931 0.4119
vn 0.3350 0.3973 0.8544
vn -0.4852 0.3054 0.8194
vn -0.4617 -0.4126 -0.7852
vn -0.4416 -0.8750 0.1985
vn -0.8790 -0.0284 -0.4759
vn -0.8551 -0.3926 0.3385
vn -0.5253 0.6463 -0.5534
vn -0.8045 0.5120 0.3011
vn -0.4558 -0.0127 0.8900
vn -0.4480 0.6448 0.6193
vn -0.9255 -0.2405 0.2924
vn -0.7505 -0.3165 0.5802
vn -0.5896 0.7271 0.3519
vn -0.2140 -0.9767 -0.0167
vn -0.3471 -0.8895 -0.2973
vn -0.8391 -0.0425 -0.5423
vn -0.6211 0.7155 0.3198
vn -0.6431 0.5818 -0.4979
vn -0.7419 -0.1856 0.6443
vn -0.7971 -0.3807 -0.4688
vn -0.7911 0.1405 0.5953
vn -0.8656 -0.4784 -0.1478
vn -0.5366 0.4538 -0.7114
vn -0.5780 -0.3115 -0.7543
vn -0.7816 0.6158 -0.0998
vn -0.7667 0.5859 0.2624
vn -0.8461 -0.4795 0.2327
vn -0.9537 0.2899 -0.0806
vn -0.5097 -0.3636 0.7797
vn -0.7240 0.3621 0.5871
vn -0.6467 -0.7278 0.2283
vn -0.5960 -0.7944 -0.1170
vn -0.8807 0.1913 -0.4333
vn -0.7827 0.1601 -0.6015
vn -0.6406 0.6354 0.4311
vn -0.6426 0.4391 -0.6278
vn -0.7734 0.3614 0.5208
vn -0.8087 -0.4843 -0.3339
vn -0.7872 -0.3144 0.5305
vn -0.3046 -0.9301 0.2055
vn -0.6681 0.6486 0.3647
vn -0.8213 0.4881 -0.2952
vn -0.8327 -0.4878 0.2621
vn -0.7422 0.3074 -0.5955
vn -0.7686 -0.6361 -0.0680
vn -0.6531 -0.0413 0.7561
vn 0.3093 0.9398 -0.1451
vn -0.0925 0.4434 -0.8915
vn -0.2140 0.9752 0.0563
vn -0.5253 0.6464 -0.5534
vn -0.1828 0.6313 0.7537
vn 0.3288 0.4854 0.8101
vn 0.1449 0.9821 -0.1205
vn -0.5896 0.7271 0.3518
vn 0.2924 0.9420 0.1649
vn -0.0732 0.3212 0.9442
vn 0.4855 0.5606 0.6708
vn 0.8531 0.2829 -0.4384
vn 0.6458 0.3379 -0.6847
vn -0.0300 0.7609 0.6481
vn 0.5529 0.7946 0.2508
vn -0.0726 0.9803 -0.1836
vn 0.5187 0.6321 -0.5757
vn -0.0662 0.4925 -0.8678
vn -0.6431 0.5819 -0.4979
vn 0.0449 0.9975 -0.0550
vn -0.5367 0.4538 -0.7114
vn 0.0331 0.9594 0.2800
vn 0.8293 0.4608 0.3162
vn 0.8704 0.4882 -0.0632
vn 0.6148 0.3590 -0.7023
vn 0.0437 0.7517 -0.6580
vn -0.2521 0.9474 -0.1972
vn -0.7240 0.3620 0.5872
vn -0.2431 0.8524 0.4629
vn -0.9537 0.2899 -0.0807
vn 0.3887 0.7051 0.5931
vn -0.8807 0.1914 -0.4333
vn -0.2102 0.8390 -0.5020
vn 0.6369 0.6703 -0.3808
vn 0.6285 0.7770 -0.0368
vn -0.0182 0.9066 -0.4216
vn -0.8213 0.4882 -0.2952
vn 0.0209 0.7281 -0.6851
vn 0.8249 0.3924 -0.4069
vn -0.0819 0.9705 0.2269
vn 0.8124 0.5758 -0.0920
vn 0.4989 0.6960 0.5164
vn -0.1126 0.4537 0.8840
vn 0.1258 0.2912 -0.9484
vn -0.0925 0.4434 -0.8916
vn 0.5537 0.7989 -0.2351
vn -0.2104 -0.5343 -0.8187
vn -0.8790 -0.0283 -0.4759
vn 0.3647 -0.5815 -0.7272
vn 0.8531 0.2830 -0.4384
vn 0.5270 -0.6982 -0.4847
vn 0.7735 0.0365 -0.6327
vn -0.0288 -0.0852 -0.9960
vn 0.7774 -0.2868 -0.5598
vn -0.0663 0.4924 -0.8678
vn -0.0053 -0.3675 -0.9300
vn -0.7970 -0.3807 -0.4688
vn -0.0144 -0.7018 -0.7122
vn 0.5686 -0.4106 -0.7128
vn 0.6148 0.3590 -0.7022
vn 0.7098 -0.5144 -0.4812
vn 0.0619 0.0145 -0.9980
vn 0.8104 -0.2169 -0.5442
vn -0.0240 -0.2493 -0.9681
vn 0.3343 -0.9160 -0.2218
vn -0.7826 0.1601 -0.6016
vn -0.6426 0.4391 -0.6279
vn -0.1960 -0.7362 -0.6477
vn 0.3094 0.9398 -0.1452
vn 0.5689 0.3439 0.7471
vn 0.5537 0.7989 -0.2350
vn 0.3288 0.4855 0.8101
vn 0.6881 -0.7040 0.1758
vn 0.9621 0.0541 0.2674
vn 0.4217 -0.2420 0.8739
vn 0.4856 0.5605 0.6708
vn 0.5269 -0.6982 -0.4846
vn 0.2925 0.9420 0.1649
vn 0.8291 0.2350 0.5073
vn 0.5186 0.6321 -0.5757
vn 0.8250 -0.1063 0.5550
vn 0.7774 -0.2869 -0.5598
vn 0.8704 0.4883 -0.0632
vn 0.8293 0.4608 0.3161
vn 0.7505 -0.6068 0.2617
vn 0.7874 -0.6081 -0.1007
vn 0.9303 -0.2366 0.2804
vn 0.3887 0.7051 0.5930
vn 0.5789 -0.0075 0.8154
vn 0.9413 -0.3250 -0.0917
vn 0.8242 -0.0112 0.5662
vn 0.7139 -0.3154 0.6252
vn 0.8124 0.5758 -0.0919
vn 0.8207 -0.5517 0.1483
vn 0.8249 0.3924 -0.4070
vn 0.7907 -0.3991 0.4642
vn 0.4796 0.0068 0.8775
vn 0.4989 0.6960 0.5165
vn -0.1878 -0.9776 0.0948
vn -0.4617 -0.4126 -0.7853
vn -0.4415 -0.8750 0.1985
vn -0.0275 -0.3640 0.9310
vn 0.1922 -0.5032 0.8425
vn -0.7504 -0.3165 0.5802
vn 0.0971 -0.8535 0.5120
vn -0.2569 -0.3570 0.8981
vn 0.4216 -0.2421 0.8738
vn 0.5270 -0.6981 -0.4847
vn -0.8656 -0.4784 -0.1479
vn -0.0345 -0.9909 -0.1303
vn -0.0435 -0.9776 0.2058
vn 0.7505 -0.6068 0.2616
vn -0.0145 -0.7018 -0.7122
vn 0.7875 -0.6081 -0.1006
vn 0.3295 -0.7608 0.5591
vn -0.1810 -0.4384 0.8804
vn -0.3045 -0.9301 0.2055
vn -0.7872 -0.3145 0.5305
vn 0.2347 -0.8980 0.3721
vn 0.1141 -0.5097 0.8528
vn 0.5789 -0.0074 0.8154
vn -0.6467 -0.7278 0.2282
vn 0.2583 -0.9650 0.0459
vn -0.5960 -0.7944 -0.1169
vn 0.9303 -0.2365 0.2804
vn 0.9413 -0.3250 -0.0918
vn 0.3344 -0.9160 -0.2217
vn -0.1960 -0.7363 -0.6477
vn 0.0339 -0.9587 0.2825
vn -0.0020 -0.8178 0.5755
vn -0.0275 -0.3639 0.9310
vn -0.8551 -0.3927 0.3385
vn -0.7504 -0.3166 0.5802
vn -0.0733 0.3212 0.9442
vn -0.2568 -0.3569 0.8981
vn 0.4216 -0.2420 0.8739
vn 0.4856 0.5605 0.6709
vn 0.0186 0.2418 0.9702
vn -0.0299 0.7609 0.6482
vn -0.6212 0.7155 0.3198
vn 0.0377 -0.0480 0.9981
vn 0.8251 -0.1063 0.5550
vn 0.3295 -0.7608 0.5592
vn -0.0185 0.1095 0.9938
vn -0.1811 -0.4383 0.8804
vn -0.7240 0.3620 0.5871
vn -0.5097 -0.3635 0.7797
vn -0.0895 0.2351 0.9678
vn 0.1140 -0.5097 0.8528
vn 0.3888 0.7051 0.5930
vn 0.7140 -0.3154 0.6251
vn 0.0633 0.3773 0.9239
vn -0.6406 0.6354 0.4310
vn -0.0699 -0.3296 0.9415
vn -0.8327 -0.4877 0.2621
vn -0.0020 -0.8177 0.5756
vn -0.6681 0.6485 0.3647
vt 33.979301 -44.937698
vt 33.989601 -44.955200
vt 33.999599 -44.936901
vt 34.009899 -44.955101
vt 34.020000 -44.937500
vt 34.009701 -44.919998
vt 33.989399 -44.920101
vt 34.013199 -45.698601
vt 33.989399 -45.714298
vt 34.009701 -45.714500
vt 34.007900 -45.648499
vt 33.992699 -45.648399
vt 33.986099 -45.698399
vt 34.013599 -44.297199
vt 33.992401 -44.348999
vt 34.007599 -44.349098
vt 33.990002 -44.282299
vt 34.010300 -44.282398
vt 33.986500 -44.297100
vt 33.989601 -44.472198
vt 34.009899 -44.472000
vt 33.999599 -44.454399
vt 33.979301 -44.460999
vt 34.020000 -44.460499
vt 33.986401 -44.487900
vt 34.013500 -44.487499
vt 34.007599 -44.585201
vt 33.986500 -44.544800
vt 33.992401 -44.585201
vt 34.013599 -44.544800
vt 33.989399 -45.437099
vt 33.979301 -45.450600
vt 33.999599 -45.456001
vt 34.020000 -45.450699
vt 34.009701 -45.437199
vt 33.986099 -45.422699
vt 34.013199 -45.422798
vt 34.013802 -45.536800
vt 33.992500 -45.490898
vt 33.986698 -45.536999
vt 34.007702 -45.490799
vt 33.301399 -45.013199
vt 33.351501 -45.007900
vt 33.351601 -44.992699
vt 33.301601 -44.986099
vt 33.285702 -44.989399
vt 33.285500 -45.009701
vt 34.045200 -45.010300
vt 34.062698 -45.020599
vt 34.063599 -45.000301
vt 34.080200 -45.010502
vt 34.045300 -44.990002
vt 34.080299 -44.990101
vt 34.062801 -44.979900
vt 34.702801 -45.013599
vt 34.651001 -44.992401
vt 34.650902 -45.007599
vt 34.717701 -44.990002
vt 34.717602 -45.010300
vt 34.702900 -44.986500
vt 33.565201 -44.989399
vt 33.551701 -44.979301
vt 33.546299 -44.999599
vt 33.551601 -45.020000
vt 33.565102 -45.009701
vt 33.579601 -44.986099
vt 33.579498 -45.013199
vt 34.529999 -45.010300
vt 34.514500 -44.986500
vt 34.514400 -45.013599
vt 34.541199 -45.020599
vt 34.547699 -45.000301
vt 34.530102 -44.990002
vt 34.541401 -44.979900
vt 33.464600 -45.013199
vt 33.510502 -45.007900
vt 33.510700 -44.992699
vt 33.465000 -44.986099
vt 34.417099 -45.007599
vt 34.457500 -44.986500
vt 34.417099 -44.992401
vt 34.457500 -45.013599
vt 34.717300 -44.955200
vt 34.700298 -44.939098
vt 34.702400 -44.962399
vt 34.715698 -44.937698
vt 34.650600 -44.956501
vt 34.649399 -44.943501
vt 34.648399 -44.930302
vt 34.698399 -44.915600
vt 34.714298 -44.920101
vt 34.060799 -45.700298
vt 34.044701 -45.717300
vt 34.062199 -45.715698
vt 34.079800 -45.714298
vt 34.084301 -45.698399
vt 34.037498 -45.702400
vt 34.069698 -45.648399
vt 34.056499 -45.649399
vt 34.043400 -45.650600
vt 33.938599 -44.299400
vt 33.937199 -44.284000
vt 33.919701 -44.285801
vt 33.954700 -44.282299
vt 33.915298 -44.301701
vt 33.930599 -44.351601
vt 33.943699 -44.350300
vt 33.956799 -44.348999
vt 33.962101 -44.297100
vt 33.285801 -45.080299
vt 33.299400 -45.061298
vt 33.284000 -45.062801
vt 33.282299 -45.045200
vt 33.301701 -45.084599
vt 33.351601 -45.069302
vt 33.350300 -45.056301
vt 33.348999 -45.043098
vt 33.297100 -45.037899
vt 34.438301 -44.472900
vt 34.461800 -44.472198
vt 34.448299 -44.460999
vt 34.456299 -44.487900
vt 34.434799 -44.449600
vt 34.415501 -44.520302
vt 34.405499 -44.511902
vt 34.395401 -44.503399
vt 34.420399 -44.457600
vt 33.470501 -44.563000
vt 33.447498 -44.566799
vt 33.455700 -44.581100
vt 33.458599 -44.553200
vt 33.501801 -44.605598
vt 33.510101 -44.595402
vt 33.518501 -44.585201
vt 33.485500 -44.544800
vt 33.469898 -44.539501
vt 34.519798 -45.440601
vt 34.520401 -45.464100
vt 34.531700 -45.450600
vt 34.504799 -45.458698
vt 34.543098 -45.437099
vt 34.472401 -45.417900
vt 34.480701 -45.407799
vt 34.489300 -45.397701
vt 34.535000 -45.422699
vt 33.578800 -45.536999
vt 33.560600 -45.522099
vt 33.564499 -45.545200
vt 33.550900 -45.534000
vt 33.603298 -45.490898
vt 33.593102 -45.482498
vt 33.582901 -45.474098
vt 33.542500 -45.507198
vt 33.537201 -45.522800
vt 34.013599 -45.702400
vt 33.990101 -45.717499
vt 34.010399 -45.717300
vt 33.991901 -45.650799
vt 34.007099 -45.650600
vt 33.986500 -45.702702
vt 33.989498 -44.285801
vt 34.013302 -44.301701
vt 34.009899 -44.285801
vt 33.986198 -44.301800
vt 33.992298 -44.351700
vt 34.007500 -44.351601
vt 33.989700 -45.045101
vt 33.979401 -45.062599
vt 33.999699 -45.063499
vt 33.989498 -45.080200
vt 34.009998 -45.045200
vt 34.009899 -45.080299
vt 34.020100 -45.062801
vt 33.986801 -44.457298
vt 33.992100 -44.503201
vt 34.007301 -44.503399
vt 34.013901 -44.457600
vt 33.989498 -44.566700
vt 34.009899 -44.566799
vt 33.999699 -44.547798
vt 33.979401 -44.553101
vt 34.020100 -44.553200
vt 33.986198 -44.581100
vt 34.013302 -44.581100
vt 34.007099 -45.417900
vt 33.986500 -45.458698
vt 34.013599 -45.458698
vt 33.991901 -45.417900
vt 33.989700 -45.522701
vt 34.013500 -45.507198
vt 33.986401 -45.507000
vt 33.979401 -45.533798
vt 33.999699 -45.540401
vt 34.009998 -45.522800
vt 34.020100 -45.534000
vt 34.702400 -44.986401
vt 34.717499 -45.009899
vt 34.717300 -44.989601
vt 34.702702 -45.013500
vt 34.650799 -45.008099
vt 34.650600 -44.992901
vt 34.062199 -44.979301
vt 34.044701 -44.989601
vt 34.063099 -44.999599
vt 34.079800 -44.989399
vt 34.044899 -45.009899
vt 34.062500 -45.020000
vt 34.080002 -45.009701
vt 33.285801 -45.010502
vt 33.301701 -44.986698
vt 33.285801 -44.990101
vt 33.301800 -45.013802
vt 33.351700 -45.007702
vt 33.351601 -44.992500
vt 34.415501 -44.992901
vt 34.456402 -45.013500
vt 34.456299 -44.986401
vt 34.415600 -45.008099
vt 33.455799 -45.013802
vt 33.501801 -44.992500
vt 33.455700 -44.986698
vt 33.501900 -45.007702
vt 34.520401 -44.989601
vt 34.520699 -45.009899
vt 34.538300 -44.999599
vt 34.531700 -44.979301
vt 34.532101 -45.020000
vt 34.504799 -44.986401
vt 34.505100 -45.013500
vt 33.564400 -45.010502
vt 33.564499 -44.990101
vt 33.545502 -45.000301
vt 33.550800 -45.020599
vt 33.550900 -44.979900
vt 33.578800 -45.013802
vt 33.578800 -44.986698
vt 33.349201 -44.956402
vt 33.299198 -44.938702
vt 33.297298 -44.962200
vt 33.282501 -44.955101
vt 33.350300 -44.943199
vt 33.351501 -44.930199
vt 33.283901 -44.937500
vt 33.301399 -44.915501
vt 33.285500 -44.919998
vt 33.962299 -45.702702
vt 33.938801 -45.700802
vt 33.955101 -45.717499
vt 33.956501 -45.650799
vt 33.937500 -45.716099
vt 33.943298 -45.649700
vt 33.930199 -45.648499
vt 33.919998 -45.714500
vt 33.915501 -45.698601
vt 34.061100 -44.299500
vt 34.080200 -44.285801
vt 34.062698 -44.284100
vt 34.045200 -44.282398
vt 34.084599 -44.301800
vt 34.069302 -44.351700
vt 34.056198 -44.350399
vt 34.043098 -44.349098
vt 34.037800 -44.297199
vt 34.700500 -45.061100
vt 34.714199 -45.080200
vt 34.715900 -45.062599
vt 34.717602 -45.045101
vt 34.698200 -45.084499
vt 34.648300 -45.069302
vt 34.649601 -45.056099
vt 34.650902 -45.043098
vt 34.702801 -45.037800
vt 33.561501 -44.472301
vt 33.551601 -44.460499
vt 33.538200 -44.472000
vt 33.565102 -44.449299
vt 33.543598 -44.487499
vt 33.584400 -44.520100
vt 33.594501 -44.511600
vt 33.604599 -44.503201
vt 33.579498 -44.457298
vt 34.529202 -44.562901
vt 34.552399 -44.566700
vt 34.541199 -44.553101
vt 34.544201 -44.581100
vt 34.498100 -44.605598
vt 34.489700 -44.595402
vt 34.481400 -44.585201
vt 34.514400 -44.544800
vt 34.529999 -44.539501
vt 33.479301 -45.464100
vt 33.479599 -45.440800
vt 33.467899 -45.450699
vt 33.456600 -45.437199
vt 33.494900 -45.458698
vt 33.527401 -45.417900
vt 33.518902 -45.407799
vt 33.510502 -45.397701
vt 33.464600 -45.422798
vt 34.439400 -45.521900
vt 34.435600 -45.545101
vt 34.449200 -45.533798
vt 34.421200 -45.536800
vt 34.396801 -45.490799
vt 34.406898 -45.482399
vt 34.417099 -45.474098
vt 34.457500 -45.507000
vt 34.462799 -45.522701
vt 15.979800 -60.947102
vt 16.020201 -60.651798
vt 15.979800 -60.651798
vt 16.020201 -60.947102
vt 15.979800 -61.256500
vt 16.020201 -61.256500
vt 15.979800 -61.497299
vt 16.020201 -61.497299
vt 16.348200 -61.020199
vt 16.052900 -60.979801
vt 16.052900 -61.020199
vt 15.743400 -60.979801
vt 16.348200 -60.979801
vt 15.743400 -61.020199
vt 15.502700 -60.979801
vt 15.502700 -61.020199
vt 15.947100 -60.395302
vt 16.497299 -60.651798
vt 16.256599 -60.449799
vt 15.651800 -60.502701
vt 15.395300 -61.052898
vt 15.449800 -60.743500
vt 15.502700 -61.348202
vt 16.052900 -61.604698
vt 15.743400 -61.550201
vt 16.604700 -60.947102
vt 16.348200 -61.497299
vt 16.550200 -61.256500
vt 15.979800 -60.743500
vt 16.020201 -60.502701
vt 15.979800 -60.502701
vt 16.020201 -60.743500
vt 15.979800 -61.052898
vt 16.020201 -61.052898
vt 15.979800 -61.348202
vt 16.020201 -61.348202
vt 15.502700 -60.651798
vt 16.348200 -60.502701
vt 16.052900 -60.395302
vt 15.743400 -60.449799
vt 16.604700 -61.052898
vt 16.550200 -60.743500
vt 16.497299 -61.348202
vt 15.947100 -61.604698
vt 16.256599 -61.550201
vt 15.395300 -60.947102
vt 15.651800 -61.497299
vt 15.449800 -61.256500
vt 32.006599 -47.264599
vt 32.006699 -47.288799
vt 32.014400 -47.276699
vt 31.991301 -47.288799
vt 31.991100 -47.264599
vt 31.983500 -47.276699
vt 32.006599 -46.930099
vt 32.006699 -46.956799
vt 32.014400 -46.943401
vt 31.991100 -46.930199
vt 31.991301 -46.956902
vt 31.983500 -46.943600
vt 32.006599 -46.614399
vt 32.006699 -46.636299
vt 32.014400 -46.625301
vt 31.991100 -46.614601
vt 31.991301 -46.636501
vt 31.983500 -46.625599
vt 31.979500 -47.532600
vt 31.991100 -47.528099
vt 31.989100 -47.523102
vt 32.008598 -47.523201
vt 31.983500 -47.535702
vt 32.006599 -47.528099
vt 32.018398 -47.532902
vt 32.014400 -47.535900
vt 31.979500 -47.275200
vt 31.989100 -47.259899
vt 32.008598 -47.259899
vt 32.018398 -47.275101
vt 31.989100 -46.927101
vt 31.979500 -46.943901
vt 31.989300 -46.960602
vt 32.008598 -46.926998
vt 32.008801 -46.960499
vt 32.018398 -46.943699
vt 32.008598 -47.646301
vt 31.989100 -47.646099
vt 31.991100 -47.650101
vt 32.006599 -47.650200
vt 31.979500 -46.627800
vt 31.989300 -46.641399
vt 32.018398 -46.627300
vt 32.008801 -46.641201
vt 31.989300 -46.418301
vt 32.006699 -46.413300
vt 31.991301 -46.413502
vt 32.008801 -46.418098
vt 32.006599 -46.768200
vt 32.006699 -46.793301
vt 32.014400 -46.780701
vt 31.991100 -46.768299
vt 31.991301 -46.793499
vt 31.983500 -46.780998
vt 31.979500 -46.513699
vt 31.989300 -46.524399
vt 31.991301 -46.519402
vt 32.008801 -46.524200
vt 31.983500 -46.510899
vt 32.006699 -46.519199
vt 32.018398 -46.513302
vt 32.014400 -46.510502
vt 31.979500 -46.782299
vt 31.989300 -46.798000
vt 32.008801 -46.797798
vt 32.018398 -46.781898
vt 32.006599 -47.096699
vt 32.006699 -47.123100
vt 32.014400 -47.109901
vt 31.991301 -47.123100
vt 31.991100 -47.096802
vt 31.983500 -47.110001
vt 32.006599 -47.398899
vt 32.006699 -47.419399
vt 32.014400 -47.409100
vt 31.991301 -47.419300
vt 31.991100 -47.398800
vt 31.983500 -47.409100
vt 31.979500 -47.109402
vt 31.989100 -47.092701
vt 32.018398 -47.109200
vt 32.008598 -47.092701
vt 32.008598 -47.587399
vt 31.989100 -47.587200
vt 31.991100 -47.591900
vt 32.006599 -47.591999
vt 31.979500 -47.406700
vt 31.989100 -47.393799
vt 32.018398 -47.406799
vt 32.008598 -47.393902
vt 31.991100 -46.377602
vt 32.008499 -46.381901
vt 32.006500 -46.377701
vt 31.989000 -46.381802
vt 32.000000 -46.750401
vt 31.981800 -47.049702
vt 32.000000 -47.049400
vt 32.000000 -47.334599
vt 31.981800 -46.748501
vt 32.000000 -46.517799
vt 31.981800 -46.514198
vt 31.981800 -47.337200
vt 32.018200 -47.049702
vt 32.018200 -46.748501
vt 32.018200 -46.514198
vt 32.018200 -47.337200
vt 32.000000 -47.269901
vt 32.000000 -47.524799
vt 32.028999 -47.506699
vt 31.971001 -47.506699
vt 32.028999 -47.260601
vt 31.971001 -47.260601
vt 32.000000 -46.942200
vt 32.028999 -46.944099
vt 31.971001 -46.944099
vt 32.028999 -46.642200
vt 31.971001 -46.642200
vt 32.000000 -46.629601
vt 32.008598 -47.491699
vt 31.992100 -47.471699
vt 31.989201 -47.491798
vt 32.005501 -47.471600
vt 31.992001 -46.402401
vt 32.005402 -46.402401
vt 32.005798 -47.568802
vt 31.992500 -47.568699
vt 32.005402 -46.424198
vt 31.989000 -46.402000
vt 31.992001 -46.424198
vt 32.008499 -46.402000
vt 32.005402 -46.601700
vt 31.989000 -46.583900
vt 31.992001 -46.601700
vt 32.008499 -46.583900
vt 32.008598 -47.625000
vt 32.005798 -47.602699
vt 31.992500 -47.602501
vt 31.989100 -47.624802
vt 32.008499 -46.457500
vt 31.989000 -46.457500
vt 32.005402 -46.478199
vt 31.992001 -46.478199
vt 32.008499 -46.350800
vt 31.992001 -46.372898
vt 32.005402 -46.372898
vt 31.989000 -46.350800
vt 32.005501 -47.369301
vt 31.989201 -47.386299
vt 32.008598 -47.386200
vt 31.992100 -47.369301
vt 32.008598 -47.595901
vt 32.005501 -47.574001
vt 31.992100 -47.574001
vt 31.989201 -47.596001
vt 31.992500 -47.624901
vt 32.005798 -47.625099
vt 32.005901 -46.435600
vt 31.992599 -46.435699
vt 31.735399 -47.006599
vt 31.711201 -47.006699
vt 31.723301 -47.014400
vt 31.711201 -46.991299
vt 31.735399 -46.991100
vt 31.723301 -46.983501
vt 32.069801 -47.006599
vt 32.043301 -46.991100
vt 32.043201 -47.006500
vt 32.056499 -47.014301
vt 32.069901 -46.991199
vt 32.056599 -46.983398
vt 32.385399 -47.006599
vt 32.363800 -46.991100
vt 32.363701 -47.006500
vt 32.374500 -47.014301
vt 32.385502 -46.991199
vt 32.374699 -46.983398
vt 31.353701 -47.008598
vt 31.353901 -46.989101
vt 31.349899 -46.991100
vt 31.349800 -47.006599
vt 31.467400 -46.979500
vt 31.471901 -46.991100
vt 31.476900 -46.989101
vt 31.476801 -47.008598
vt 31.464300 -46.983501
vt 31.471901 -47.006599
vt 31.467100 -47.018398
vt 31.464100 -47.014400
vt 31.724800 -46.979500
vt 31.740101 -46.989101
vt 31.740101 -47.008598
vt 31.724899 -47.018398
vt 32.056099 -47.018299
vt 32.072899 -47.008598
vt 32.039398 -47.008499
vt 32.039501 -46.988998
vt 32.056301 -46.979401
vt 32.073002 -46.989201
vt 32.372299 -47.018299
vt 32.358700 -47.008499
vt 32.358799 -46.988998
vt 32.372601 -46.979401
vt 32.586800 -46.991100
vt 32.581902 -47.008499
vt 32.586700 -47.006500
vt 32.582001 -46.988998
vt 31.603399 -47.006599
vt 31.582899 -47.006699
vt 31.593201 -47.014400
vt 31.583000 -46.991299
vt 31.603500 -46.991100
vt 31.593201 -46.983501
vt 32.235699 -47.006599
vt 32.210701 -46.991100
vt 32.210602 -47.006500
vt 32.223099 -47.014301
vt 32.235699 -46.991199
vt 32.223301 -46.983398
vt 31.595600 -46.979500
vt 31.608500 -46.989101
vt 31.595501 -47.018398
vt 31.608400 -47.008598
vt 31.412701 -47.008598
vt 31.412901 -46.989101
vt 31.408199 -46.991100
vt 31.408100 -47.006599
vt 32.482601 -47.006500
vt 32.488201 -47.018299
vt 32.491100 -47.014301
vt 32.477600 -47.008499
vt 32.482700 -46.991100
vt 32.477699 -46.988998
vt 32.488400 -46.979401
vt 32.491199 -46.983398
vt 32.221802 -47.018299
vt 32.206100 -47.008499
vt 32.222000 -46.979401
vt 32.206200 -46.988998
vt 31.909201 -47.006599
vt 31.909201 -46.991199
vt 31.882799 -47.006500
vt 31.895901 -47.014301
vt 31.882799 -46.991100
vt 31.896000 -46.983398
vt 32.624100 -46.991100
vt 32.619801 -47.008499
vt 32.624001 -47.006500
vt 32.619900 -46.988998
vt 31.896500 -47.018299
vt 31.913200 -47.008598
vt 31.913200 -46.989201
vt 31.896700 -46.979401
vt 32.249199 -46.981800
vt 32.479900 -47.000000
vt 32.483501 -46.981800
vt 32.247299 -47.000000
vt 31.663000 -47.000000
vt 31.947901 -46.981800
vt 31.660500 -46.981800
vt 31.948299 -47.000000
vt 32.249199 -47.018200
vt 32.483501 -47.018200
vt 31.947901 -47.018200
vt 31.660500 -47.018200
vt 31.727800 -47.000000
vt 31.472900 -47.000000
vt 31.490999 -47.028999
vt 31.490999 -46.971001
vt 31.737101 -47.028999
vt 31.737101 -46.971001
vt 32.055500 -47.000000
vt 32.053501 -47.028999
vt 32.053501 -46.971001
vt 32.355499 -47.028999
vt 32.355499 -46.971001
vt 32.368099 -47.000000
vt 32.400600 -47.005402
vt 32.418400 -46.988998
vt 32.400600 -46.992001
vt 32.418400 -47.008499
vt 32.575901 -47.005402
vt 32.598099 -46.988998
vt 32.576000 -46.992001
vt 32.598099 -47.008499
vt 31.509701 -47.008598
vt 31.529800 -47.005798
vt 31.530001 -46.992500
vt 31.510000 -46.989101
vt 31.376600 -47.008598
vt 31.399000 -47.005798
vt 31.399099 -46.992500
vt 31.376900 -46.989101
vt 32.599300 -46.992001
vt 32.599201 -47.005402
vt 31.431400 -47.005798
vt 31.431499 -46.992500
vt 32.564400 -46.992001
vt 32.564301 -47.005402
vt 32.649200 -47.008499
vt 32.627102 -46.992001
vt 32.627102 -47.005402
vt 32.649200 -46.988998
vt 32.542500 -47.008499
vt 32.542500 -46.988998
vt 32.521702 -47.005402
vt 32.521801 -46.992001
vt 31.613600 -47.008598
vt 31.630501 -46.992500
vt 31.613800 -46.989101
vt 31.630301 -47.005798
vt 31.403999 -46.989101
vt 31.425699 -47.005798
vt 31.425900 -46.992500
vt 31.403799 -47.008598
vt 31.375099 -46.992500
vt 31.374901 -47.005798
vt 32.588799 -47.275200
vt 32.586601 -47.288799
vt 32.592098 -47.276699
vt 32.581699 -47.290401
vt 31.725000 -47.589100
vt 31.709600 -47.582100
vt 31.711300 -47.586899
vt 31.723499 -47.592400
vt 32.288799 -46.413502
vt 32.276699 -46.408001
vt 32.275200 -46.411301
vt 32.290401 -46.418301
vt 31.410999 -46.724998
vt 31.417999 -46.709599
vt 31.413200 -46.711300
vt 31.407700 -46.723499
vt 32.591801 -46.768299
vt 32.592800 -46.782299
vt 32.596298 -46.780998
vt 32.587101 -46.766300
vt 31.872000 -47.623199
vt 31.885201 -47.625401
vt 31.885799 -47.621700
vt 31.869301 -47.618900
vt 31.778000 -46.407902
vt 31.764299 -46.409199
vt 31.762300 -46.413898
vt 31.776699 -46.404499
vt 32.621498 -47.123100
vt 32.620098 -47.109402
vt 32.617298 -47.125900
vt 32.623798 -47.110001
vt 31.375900 -46.877998
vt 31.373699 -46.891201
vt 31.377399 -46.891800
vt 31.380100 -46.875198
vt 32.224899 -47.591900
vt 32.210999 -47.592899
vt 32.212299 -47.596401
vt 32.226898 -47.587200
vt 31.407801 -47.215199
vt 31.409100 -47.229000
vt 31.413700 -47.230900
vt 31.404301 -47.216499
vt 32.103298 -46.379002
vt 32.117199 -46.377602
vt 32.104000 -46.375401
vt 32.119999 -46.381802
vt 31.438000 -46.735901
vt 31.411900 -47.049702
vt 31.465000 -46.748501
vt 31.382200 -47.052299
vt 31.661600 -46.514198
vt 31.644501 -46.489799
vt 31.946501 -46.379902
vt 31.516500 -47.337200
vt 31.492100 -47.354301
vt 31.750799 -47.533798
vt 31.738199 -47.560799
vt 31.949100 -46.409599
vt 32.262901 -46.435699
vt 32.250301 -46.462700
vt 32.508999 -46.642200
vt 32.484600 -46.659302
vt 32.618900 -46.944099
vt 32.589199 -46.946701
vt 32.563202 -47.260601
vt 32.536098 -47.248001
vt 32.339500 -47.482300
vt 32.356602 -47.506699
vt 32.052101 -47.586899
vt 32.054699 -47.616600
vt 31.594601 -47.481201
vt 31.617300 -47.471699
vt 31.608400 -47.464401
vt 31.599400 -47.457001
vt 31.607599 -47.491798
vt 31.581600 -47.470501
vt 31.432199 -47.218300
vt 31.428101 -47.207600
vt 31.424000 -47.196701
vt 31.401899 -47.199402
vt 32.088402 -46.398602
vt 32.086800 -46.376301
vt 32.099800 -46.400398
vt 32.111301 -46.402401
vt 32.455200 -47.401600
vt 32.468399 -47.419601
vt 32.479099 -47.406700
vt 32.462502 -47.392700
vt 32.470001 -47.383900
vt 32.490002 -47.393799
vt 32.192799 -47.576599
vt 32.195301 -47.598701
vt 32.203602 -47.572601
vt 32.214600 -47.568699
vt 32.596802 -47.116901
vt 32.600899 -47.094101
vt 32.623100 -47.092701
vt 32.598801 -47.105499
vt 31.396900 -46.906700
vt 31.374599 -46.908401
vt 31.398800 -46.895302
vt 31.400700 -46.883900
vt 31.774900 -46.432301
vt 31.785700 -46.428200
vt 31.796600 -46.424198
vt 31.793800 -46.402000
vt 32.576401 -46.800400
vt 32.598598 -46.798000
vt 32.568501 -46.778702
vt 32.572399 -46.789600
vt 31.511600 -46.596901
vt 31.521099 -46.619598
vt 31.528400 -46.610699
vt 31.535801 -46.601700
vt 31.500999 -46.609901
vt 31.522301 -46.583900
vt 31.878300 -47.598499
vt 31.900999 -47.602501
vt 31.902399 -47.624802
vt 31.889601 -47.600399
vt 32.404400 -46.513699
vt 32.399300 -46.537601
vt 32.417301 -46.524399
vt 32.390400 -46.530300
vt 32.381599 -46.522800
vt 32.391499 -46.502800
vt 31.630800 -46.491699
vt 31.627399 -46.467300
vt 31.613800 -46.477100
vt 31.640100 -46.485001
vt 31.649599 -46.478199
vt 31.641199 -46.457500
vt 31.426100 -46.744499
vt 31.404100 -46.740299
vt 31.435600 -46.723400
vt 31.430799 -46.733898
vt 31.375200 -47.065701
vt 31.352400 -47.056400
vt 31.354099 -47.073101
vt 31.372900 -47.042702
vt 31.350800 -47.039600
vt 31.374001 -47.054199
vt 31.934401 -46.375198
vt 31.943701 -46.352402
vt 31.927000 -46.354099
vt 31.945900 -46.374001
vt 31.957399 -46.372898
vt 31.960501 -46.350800
vt 31.491699 -47.369301
vt 31.467300 -47.372601
vt 31.477100 -47.386299
vt 31.485001 -47.360001
vt 31.478201 -47.350498
vt 31.457500 -47.358898
vt 31.744499 -47.574001
vt 31.740299 -47.596001
vt 31.733900 -47.569302
vt 31.723400 -47.564499
vt 32.056198 -47.647400
vt 32.042801 -47.626900
vt 32.039398 -47.648998
vt 32.054298 -47.625900
vt 32.065899 -47.624901
vt 32.073002 -47.646099
vt 32.265999 -46.430901
vt 32.276402 -46.435699
vt 32.255501 -46.425999
vt 32.259899 -46.404099
vt 32.372299 -47.532600
vt 32.360001 -47.514900
vt 32.350601 -47.521599
vt 32.369499 -47.508301
vt 32.358601 -47.542301
vt 32.386200 -47.523102
vt 32.569199 -47.265999
vt 32.564301 -47.276402
vt 32.574100 -47.255501
vt 32.596001 -47.259899
vt 32.648998 -46.960602
vt 32.647400 -46.943901
vt 32.626900 -46.957199
vt 32.625900 -46.945801
vt 32.624901 -46.934200
vt 32.646099 -46.927101
vt 32.532600 -46.627800
vt 32.521500 -46.649502
vt 32.542301 -46.641399
vt 32.514900 -46.640099
vt 32.508301 -46.630600
vt 32.523102 -46.613899
vt 31.993401 -47.069901
vt 32.008900 -47.043400
vt 31.993500 -47.043301
vt 31.985701 -47.056599
vt 32.008801 -47.070000
vt 32.016602 -47.056702
vt 31.993401 -47.385502
vt 32.008900 -47.363800
vt 31.993500 -47.363800
vt 31.985701 -47.374599
vt 32.008801 -47.385601
vt 32.016602 -47.374802
vt 31.993401 -46.735600
vt 32.008801 -46.735600
vt 31.993500 -46.711201
vt 31.985701 -46.723400
vt 32.008900 -46.711300
vt 32.016602 -46.723499
vt 32.008900 -47.586899
vt 31.991501 -47.582001
vt 31.993500 -47.586800
vt 32.011002 -47.582100
vt 32.010799 -46.354099
vt 31.993401 -46.350101
vt 31.991400 -46.354099
vt 32.008801 -46.350101
vt 31.981701 -46.467300
vt 31.993401 -46.472099
vt 31.985701 -46.464298
vt 31.991400 -46.477100
vt 32.010799 -46.477100
vt 32.008801 -46.472099
vt 32.020599 -46.467300
vt 32.016602 -46.464298
vt 31.981701 -46.724899
vt 31.991400 -46.740299
vt 32.020599 -46.724998
vt 32.010799 -46.740299
vt 31.981701 -47.056198
vt 31.991400 -47.073002
vt 31.991501 -47.039501
vt 32.011002 -47.039600
vt 32.020599 -47.056400
vt 32.010799 -47.073101
vt 31.981701 -47.372398
vt 31.991501 -47.358799
vt 32.011002 -47.358898
vt 32.020599 -47.372601
vt 31.993401 -46.604900
vt 32.008801 -46.604900
vt 31.993500 -46.584202
vt 31.985701 -46.594601
vt 32.008900 -46.584202
vt 32.016602 -46.594601
vt 32.010700 -47.618900
vt 31.993299 -47.623299
vt 32.008701 -47.623199
vt 31.991199 -47.619099
vt 31.993401 -46.904301
vt 32.008801 -46.904400
vt 31.993500 -46.877899
vt 31.985701 -46.891102
vt 32.008900 -46.877998
vt 32.016602 -46.891201
vt 31.981701 -46.596901
vt 31.991400 -46.609901
vt 32.010799 -46.609901
vt 32.020599 -46.596901
vt 32.010799 -46.413898
vt 31.993401 -46.409199
vt 31.991400 -46.413898
vt 32.008801 -46.409199
vt 31.993401 -47.228901
vt 32.008900 -47.203899
vt 31.993500 -47.203899
vt 31.985701 -47.216400
vt 32.008801 -47.229000
vt 32.016602 -47.216499
vt 31.981701 -46.891701
vt 31.991400 -46.908298
vt 32.010799 -46.908401
vt 32.020599 -46.891800
vt 31.981701 -47.215000
vt 31.991501 -47.199299
vt 32.011002 -47.199402
vt 32.020599 -47.215199
vt 31.993500 -47.475399
vt 31.981701 -47.480999
vt 31.985701 -47.483898
vt 31.991501 -47.470402
vt 32.008900 -47.475498
vt 32.011002 -47.470501
vt 32.020599 -47.481201
vt 32.016602 -47.484001
vt 32.000000 -46.661800
vt 32.018200 -46.946701
vt 32.018200 -46.659302
vt 32.000000 -46.947102
vt 32.000000 -47.246101
vt 32.018200 -47.248001
vt 32.000000 -47.478699
vt 32.018200 -47.482300
vt 31.981800 -46.946701
vt 31.981800 -46.659302
vt 31.981800 -47.248001
vt 31.981800 -47.482300
vt 31.971001 -46.735901
vt 31.971001 -47.052299
vt 32.000000 -47.054298
vt 31.971001 -47.354301
vt 32.000000 -47.366901
vt 32.028999 -47.354301
vt 32.028999 -47.052299
vt 32.028999 -46.735901
vt 32.000000 -46.726601
vt 32.000000 -46.471699
vt 31.971001 -46.489799
vt 32.028999 -46.489799
vt 32.010799 -46.376301
vt 31.994499 -46.398602
vt 32.007900 -46.398602
vt 31.991400 -46.376400
vt 31.991199 -47.419601
vt 32.007401 -47.401600
vt 31.994101 -47.401600
vt 32.010700 -47.419601
vt 31.991199 -47.598900
vt 32.007401 -47.576599
vt 31.994101 -47.576698
vt 32.010700 -47.598701
vt 31.994499 -46.432400
vt 32.007900 -46.432301
vt 31.994101 -47.598598
vt 32.007401 -47.598499
vt 31.991400 -46.502602
vt 31.994200 -46.522598
vt 32.007500 -46.522800
vt 32.010899 -46.502800
vt 31.994499 -46.375198
vt 32.007900 -46.375198
vt 32.007999 -47.564499
vt 31.994600 -47.564400
vt 31.994101 -47.627102
vt 32.010700 -47.648998
vt 32.007401 -47.626900
vt 31.991199 -47.649200
vt 32.010899 -46.404099
vt 31.994200 -46.425800
vt 32.007500 -46.425999
vt 31.991400 -46.403900
vt 32.007401 -47.521599
vt 31.991199 -47.542500
vt 32.010700 -47.542301
vt 31.994101 -47.521599
vt 31.991400 -46.613602
vt 32.007500 -46.630600
vt 32.010899 -46.613899
vt 31.994200 -46.630402
vt 32.385700 -47.006599
vt 32.363800 -47.006699
vt 32.374802 -47.014400
vt 32.385502 -46.991100
vt 32.363602 -46.991299
vt 32.374500 -46.983501
vt 32.070000 -47.006599
vt 32.043301 -47.006699
vt 32.056702 -47.014400
vt 32.069901 -46.991100
vt 32.043201 -46.991299
vt 32.056499 -46.983501
vt 31.735600 -47.006599
vt 31.735600 -46.991199
vt 31.711201 -47.006500
vt 31.723400 -47.014301
vt 31.711300 -46.991100
vt 31.723499 -46.983398
vt 32.372299 -46.979500
vt 32.358601 -46.989300
vt 32.372799 -47.018398
vt 32.358898 -47.008801
vt 32.581699 -46.989300
vt 32.586800 -47.006699
vt 32.586601 -46.991299
vt 32.582001 -47.008801
vt 32.073002 -46.989101
vt 32.056198 -46.979500
vt 32.039398 -46.989300
vt 32.073101 -47.008598
vt 32.039600 -47.008801
vt 32.056400 -47.018398
vt 31.724899 -47.018299
vt 31.740299 -47.008598
vt 31.725000 -46.979401
vt 31.740299 -46.989201
vt 31.354099 -46.989201
vt 31.350100 -47.006599
vt 31.354099 -47.008598
vt 31.350100 -46.991199
vt 31.467300 -47.018299
vt 31.472099 -47.006599
vt 31.464300 -47.014301
vt 31.477100 -47.008598
vt 31.477100 -46.989201
vt 31.472099 -46.991199
vt 31.467300 -46.979401
vt 31.464300 -46.983398
vt 31.898500 -47.006599
vt 31.872101 -47.006699
vt 31.885300 -47.014400
vt 31.872000 -46.991299
vt 31.898399 -46.991100
vt 31.885201 -46.983501
vt 31.885799 -46.979500
vt 31.902399 -46.989101
vt 31.902500 -47.008598
vt 31.886000 -47.018398
vt 32.225101 -47.006599
vt 32.199902 -47.006699
vt 32.212601 -47.014400
vt 32.224899 -46.991100
vt 32.199799 -46.991299
vt 32.212299 -46.983501
vt 31.602600 -47.006599
vt 31.602600 -46.991199
vt 31.581900 -47.006500
vt 31.592199 -47.014301
vt 31.581900 -46.991100
vt 31.592300 -46.983398
vt 32.617298 -46.989300
vt 32.621700 -47.006699
vt 32.621498 -46.991299
vt 32.617500 -47.008801
vt 32.210999 -46.979500
vt 32.195301 -46.989300
vt 32.195400 -47.008801
vt 32.211399 -47.018398
vt 31.413700 -46.989201
vt 31.409100 -47.006599
vt 31.413700 -47.008598
vt 31.409100 -46.991199
vt 32.479099 -46.979500
vt 32.468399 -46.989300
vt 32.473400 -46.991299
vt 32.468601 -47.008801
vt 32.481899 -46.983501
vt 32.473598 -47.006699
vt 32.479500 -47.018398
vt 32.482300 -47.014400
vt 31.594601 -47.018299
vt 31.607599 -47.008598
vt 31.607599 -46.989201
vt 31.594601 -46.979401
vt 31.664200 -47.000000
vt 31.949100 -46.981800
vt 31.661600 -46.981800
vt 31.949400 -47.000000
vt 32.248402 -47.000000
vt 32.250301 -46.981800
vt 32.480999 -47.000000
vt 32.484600 -46.981800
vt 31.949100 -47.018200
vt 31.661600 -47.018200
vt 32.250301 -47.018200
vt 32.484600 -47.018200
vt 31.728901 -47.000000
vt 31.474001 -47.000000
vt 31.492100 -47.028999
vt 31.738199 -47.028999
vt 31.492100 -46.971001
vt 31.738199 -46.971001
vt 32.056599 -47.000000
vt 32.054699 -47.028999
vt 32.054699 -46.971001
vt 32.356602 -47.028999
vt 32.356602 -46.971001
vt 32.369301 -47.000000
vt 31.432199 -47.005501
vt 31.432199 -46.992100
vt 32.597000 -47.005901
vt 32.596802 -46.992599
vt 31.374599 -46.989201
vt 31.396999 -47.005501
vt 31.396900 -46.992100
vt 31.374701 -47.008598
vt 32.598801 -47.008801
vt 32.576401 -46.992599
vt 32.576500 -47.005901
vt 32.598598 -46.989300
vt 31.501101 -47.008598
vt 31.521099 -46.992100
vt 31.500999 -46.989201
vt 31.521200 -47.005501
vt 32.417301 -47.008801
vt 32.399300 -46.992599
vt 32.399300 -47.005901
vt 32.417301 -46.989300
vt 31.630800 -47.005501
vt 31.613800 -46.989201
vt 31.613899 -47.008598
vt 31.630800 -46.992100
vt 31.404200 -47.008598
vt 31.426100 -47.005501
vt 31.426100 -46.992100
vt 31.404100 -46.989201
vt 31.375200 -47.005501
vt 31.375200 -46.992100
vt 32.564499 -47.005901
vt 32.564301 -46.992599
vt 32.627102 -47.005901
vt 32.648998 -46.989300
vt 32.626900 -46.992599
vt 32.649200 -47.008801
vt 32.521500 -46.992599
vt 32.542500 -47.008801
vt 32.542301 -46.989300
vt 32.521599 -47.005901
vt 31.413200 -47.288799
vt 31.410801 -47.275101
vt 31.407499 -47.276699
vt 31.417999 -47.290401
vt 32.275101 -47.588902
vt 32.288799 -47.586800
vt 32.290401 -47.582001
vt 32.276600 -47.592300
vt 31.711201 -46.413300
vt 31.724899 -46.410900
vt 31.723301 -46.407600
vt 31.709600 -46.418098
vt 32.588799 -46.724899
vt 32.586700 -46.711201
vt 32.581902 -46.709599
vt 32.592201 -46.723400
vt 31.408100 -46.768200
vt 31.406900 -46.781898
vt 31.412701 -46.766201
vt 31.403500 -46.780701
vt 32.113998 -47.622200
vt 32.127899 -47.623299
vt 32.130699 -47.619099
vt 32.114700 -47.625801
vt 32.221802 -46.408001
vt 32.237598 -46.413898
vt 32.235699 -46.409199
vt 32.223099 -46.404499
vt 31.379499 -47.109200
vt 31.378300 -47.123100
vt 31.382500 -47.125801
vt 31.375900 -47.109901
vt 32.624001 -46.877899
vt 32.622501 -46.891701
vt 32.626099 -46.891102
vt 32.619801 -46.875099
vt 31.788601 -47.593201
vt 31.772900 -47.587399
vt 31.774900 -47.591999
vt 31.787399 -47.596699
vt 32.590900 -47.228901
vt 32.595600 -47.216400
vt 32.592201 -47.215000
vt 32.586300 -47.230801
vt 31.882799 -46.377701
vt 31.896500 -46.379101
vt 31.895901 -46.375500
vt 31.879999 -46.381901
vt 32.588100 -47.049702
vt 32.562000 -46.735901
vt 32.535000 -46.748501
vt 32.338402 -46.514198
vt 32.617802 -47.052299
vt 32.355499 -46.489799
vt 32.483501 -47.337200
vt 32.053501 -46.379902
vt 32.507900 -47.354301
vt 32.050900 -46.409599
vt 32.249199 -47.533798
vt 31.737101 -46.435699
vt 32.261799 -47.560799
vt 31.749701 -46.462700
vt 31.947901 -47.586899
vt 31.490999 -46.642200
vt 31.945299 -47.616600
vt 31.515400 -46.659302
vt 31.643400 -47.506699
vt 31.381100 -46.944099
vt 31.660500 -47.482300
vt 31.410801 -46.946701
vt 31.436800 -47.260601
vt 31.463900 -47.248001
vt 32.392399 -47.491699
vt 32.405399 -47.480999
vt 32.382702 -47.471600
vt 32.400600 -47.456902
vt 32.418400 -47.470402
vt 32.391602 -47.464298
vt 32.567799 -47.218300
vt 32.571899 -47.207401
vt 32.575901 -47.196602
vt 32.598099 -47.199299
vt 31.911501 -46.398602
vt 31.913200 -46.376400
vt 31.900101 -46.400501
vt 31.888700 -46.402401
vt 31.544701 -47.401600
vt 31.520500 -47.406799
vt 31.531401 -47.419601
vt 31.537201 -47.392799
vt 31.529800 -47.383900
vt 31.509701 -47.393902
vt 31.806999 -47.576698
vt 31.804600 -47.598900
vt 31.796101 -47.572800
vt 31.785299 -47.568802
vt 31.403000 -47.116798
vt 31.400900 -47.105400
vt 31.399000 -47.094101
vt 31.376600 -47.092701
vt 32.603001 -46.906700
vt 32.625301 -46.908298
vt 32.601101 -46.895199
vt 32.599201 -46.883900
vt 32.224998 -46.432400
vt 32.203400 -46.424198
vt 32.206100 -46.402000
vt 32.214199 -46.428299
vt 31.423500 -46.800301
vt 31.427401 -46.789398
vt 31.431400 -46.778599
vt 31.401199 -46.797798
vt 32.478802 -46.619598
vt 32.498901 -46.609901
vt 32.488201 -46.596901
vt 32.464100 -46.601700
vt 32.477600 -46.583900
vt 32.471401 -46.610699
vt 32.121700 -47.598598
vt 32.110298 -47.600700
vt 32.098900 -47.602699
vt 32.097500 -47.625000
vt 31.600700 -46.537498
vt 31.595501 -46.513302
vt 31.582701 -46.524200
vt 31.609501 -46.529999
vt 31.618401 -46.522598
vt 31.608400 -46.502602
vt 32.369202 -46.491699
vt 32.386101 -46.477100
vt 32.372299 -46.467300
vt 32.359699 -46.485001
vt 32.350399 -46.478199
vt 32.358700 -46.457500
vt 32.569099 -46.733898
vt 32.573898 -46.744400
vt 32.564301 -46.723400
vt 32.595798 -46.740299
vt 32.647499 -47.056198
vt 32.625900 -47.054100
vt 32.624802 -47.065601
vt 32.627102 -47.042599
vt 32.645901 -47.073002
vt 32.649200 -47.039501
vt 32.056099 -46.352501
vt 32.065498 -46.375198
vt 32.072899 -46.354099
vt 32.054001 -46.374100
vt 32.042500 -46.372898
vt 32.039398 -46.350800
vt 32.532700 -47.372398
vt 32.508301 -47.369301
vt 32.522900 -47.386200
vt 32.514999 -47.359798
vt 32.521702 -47.350498
vt 32.542500 -47.358799
vt 32.255600 -47.574001
vt 32.259701 -47.595901
vt 32.266102 -47.569199
vt 32.276600 -47.564400
vt 31.957100 -47.627102
vt 31.943600 -47.647800
vt 31.960400 -47.649200
vt 31.945499 -47.626099
vt 31.934000 -47.625099
vt 31.926901 -47.646301
vt 31.723600 -46.435600
vt 31.744499 -46.425800
vt 31.740101 -46.403900
vt 31.734100 -46.430599
vt 31.649300 -47.521599
vt 31.627199 -47.532902
vt 31.641100 -47.542500
vt 31.630301 -47.508400
vt 31.613600 -47.523201
vt 31.639700 -47.514999
vt 31.435499 -47.276402
vt 31.425699 -47.255501
vt 31.403799 -47.259899
vt 31.430500 -47.265900
vt 31.372900 -46.957199
vt 31.352200 -46.943699
vt 31.350800 -46.960499
vt 31.373899 -46.945599
vt 31.374901 -46.934101
vt 31.353701 -46.926998
vt 31.478399 -46.649399
vt 31.467100 -46.627300
vt 31.457500 -46.641201
vt 31.485001 -46.639801
vt 31.491600 -46.630402
vt 31.476801 -46.613602
vt 39.989399 -49.287399
vt 39.979301 -49.303398
vt 39.999599 -49.306900
vt 39.989601 -49.319401
vt 40.009701 -49.287399
vt 40.009899 -49.319401
vt 40.020000 -49.303398
vt 40.013199 -49.275600
vt 39.986099 -49.275600
vt 39.989601 -48.355801
vt 40.009899 -48.355598
vt 39.999599 -48.340698
vt 40.013500 -48.372002
vt 39.986401 -48.372299
vt 40.008099 -48.414101
vt 39.992901 -48.414200
vt 40.013802 -49.646400
vt 39.992500 -49.595600
vt 39.986698 -49.646500
vt 40.007702 -49.595600
vt 39.989601 -48.774502
vt 40.009899 -48.774300
vt 39.999599 -48.755001
vt 39.979301 -48.758099
vt 40.020000 -48.757702
vt 39.989399 -48.741402
vt 40.009701 -48.741199
vt 40.007599 -48.400799
vt 39.986500 -48.349201
vt 39.992401 -48.400700
vt 40.013599 -48.349300
vt 39.990002 -48.336800
vt 40.010300 -48.336899
vt 40.009701 -49.651001
vt 39.989399 -49.650799
vt 39.999599 -49.664799
vt 40.013199 -49.634499
vt 40.007900 -49.589901
vt 39.992699 -49.589802
vt 39.986099 -49.634300
vt 39.353401 -48.986099
vt 39.403900 -49.007900
vt 39.403999 -48.992699
vt 39.353100 -49.013199
vt 39.712399 -48.989399
vt 39.696400 -48.979301
vt 39.692902 -48.999599
vt 39.680500 -48.989601
vt 39.712399 -49.009701
vt 39.680500 -49.009899
vt 39.696499 -49.020000
vt 39.724300 -49.013199
vt 39.724201 -48.986099
vt 40.644501 -48.990002
vt 40.644402 -49.010300
vt 40.659401 -49.000301
vt 40.628101 -48.986500
vt 40.627899 -49.013599
vt 40.585701 -48.992401
vt 40.585602 -49.007599
vt 39.348999 -49.009701
vt 39.349201 -48.989399
vt 39.335201 -48.999599
vt 39.365501 -49.013199
vt 39.410099 -49.007900
vt 39.410198 -48.992699
vt 39.365700 -48.986099
vt 40.262798 -48.990101
vt 40.246399 -48.979900
vt 40.249199 -49.000301
vt 40.246201 -49.020599
vt 40.262699 -49.010502
vt 40.229698 -49.010300
vt 40.229900 -48.990002
vt 40.599201 -49.007599
vt 40.650799 -48.986500
vt 40.599300 -48.992401
vt 40.650700 -49.013599
vt 40.663200 -48.990002
vt 40.663101 -49.010300
vt 40.636501 -49.296902
vt 40.643200 -49.319401
vt 40.650501 -49.303398
vt 40.658100 -49.287399
vt 40.626701 -49.318100
vt 40.584801 -49.287102
vt 40.590302 -49.275200
vt 40.596001 -49.263302
vt 40.646599 -49.275600
vt 40.297001 -48.362598
vt 40.319500 -48.355801
vt 40.303600 -48.348499
vt 40.287601 -48.340900
vt 40.318298 -48.372299
vt 40.287300 -48.414200
vt 40.275398 -48.408798
vt 40.263401 -48.403099
vt 40.275799 -48.352501
vt 39.735500 -49.595600
vt 39.702400 -49.636902
vt 39.723801 -49.646500
vt 39.712101 -49.658100
vt 39.723499 -49.590199
vt 39.711498 -49.584801
vt 39.695999 -49.650902
vt 39.680000 -49.643600
vt 39.681000 -49.627102
vt 39.362202 -48.702301
vt 39.355499 -48.679798
vt 39.348202 -48.695900
vt 39.340900 -48.711899
vt 39.371899 -48.680901
vt 39.414299 -48.711399
vt 39.408798 -48.723400
vt 39.403400 -48.735298
vt 39.352501 -48.723598
vt 40.642200 -48.763401
vt 40.662800 -48.774502
vt 40.656700 -48.758099
vt 40.650299 -48.785301
vt 40.650799 -48.741402
vt 40.598701 -48.792999
vt 40.594200 -48.780701
vt 40.589802 -48.768299
vt 40.634300 -48.741199
vt 39.753601 -48.342999
vt 39.737202 -48.349300
vt 39.758999 -48.357498
vt 39.737099 -48.365799
vt 39.764801 -48.410000
vt 39.777100 -48.405399
vt 39.789398 -48.400700
vt 39.781101 -48.349201
vt 39.770100 -48.336800
vt 40.228802 -49.642200
vt 40.217701 -49.662800
vt 40.234200 -49.656700
vt 40.206902 -49.650299
vt 40.250801 -49.650799
vt 40.199200 -49.598701
vt 40.211498 -49.594200
vt 40.223900 -49.589802
vt 40.250999 -49.634300
vt 39.357498 -49.233200
vt 39.342999 -49.238602
vt 39.349300 -49.255001
vt 39.365799 -49.255100
vt 39.410000 -49.227402
vt 39.405399 -49.215099
vt 39.400700 -49.202801
vt 39.349201 -49.211201
vt 39.336800 -49.222099
vt 40.013901 -48.352501
vt 39.992100 -48.402901
vt 40.007301 -48.403099
vt 39.986801 -48.352100
vt 40.009998 -49.643600
vt 39.989700 -49.643501
vt 39.999699 -49.658401
vt 40.013500 -49.627102
vt 39.986401 -49.626999
vt 40.007599 -49.584801
vt 39.992401 -49.584702
vt 39.979401 -48.695801
vt 39.989498 -48.711899
vt 39.999699 -48.692402
vt 39.989700 -48.679798
vt 40.009899 -48.711899
vt 40.020100 -48.695900
vt 40.009998 -48.679798
vt 39.986198 -48.723598
vt 40.013302 -48.723598
vt 39.989498 -48.349300
vt 40.009899 -48.349300
vt 39.999699 -48.335201
vt 40.013302 -48.365799
vt 39.986198 -48.365799
vt 39.992298 -48.410000
vt 40.007500 -48.410000
vt 40.013599 -49.650299
vt 39.990101 -49.662998
vt 40.010399 -49.662800
vt 39.986500 -49.650501
vt 40.007099 -49.598701
vt 39.991901 -49.598900
vt 40.009899 -49.255001
vt 40.020100 -49.238602
vt 39.999699 -49.241402
vt 39.979401 -49.238400
vt 39.989498 -49.254902
vt 39.989700 -49.222000
vt 40.009998 -49.222099
vt 40.643200 -48.989601
vt 40.643501 -49.009899
vt 40.658401 -48.999599
vt 40.626999 -49.013500
vt 40.626701 -48.986401
vt 40.584999 -49.008099
vt 40.584801 -48.992901
vt 39.695900 -49.020599
vt 39.712002 -49.010502
vt 39.692501 -49.000301
vt 39.723701 -49.013802
vt 39.712101 -48.990101
vt 39.723801 -48.986698
vt 39.695999 -48.979900
vt 39.680000 -48.990002
vt 39.679901 -49.010300
vt 39.352699 -49.013802
vt 39.403500 -49.007702
vt 39.403400 -48.992500
vt 39.352501 -48.986698
vt 40.650299 -48.986401
vt 40.662998 -49.009899
vt 40.662800 -48.989601
vt 40.650501 -49.013500
vt 40.598701 -48.992901
vt 40.598900 -49.008099
vt 40.217701 -48.989601
vt 40.217899 -49.009899
vt 40.237202 -48.999599
vt 40.234200 -48.979301
vt 40.234501 -49.020000
vt 40.250801 -48.989399
vt 40.250999 -49.009701
vt 39.349300 -49.010502
vt 39.349300 -48.990101
vt 39.335201 -49.000301
vt 39.365799 -48.986698
vt 39.365799 -49.013802
vt 39.410000 -49.007702
vt 39.410000 -48.992500
vt 39.356499 -49.319401
vt 39.362801 -49.296799
vt 39.348999 -49.303398
vt 39.341599 -49.287399
vt 39.373001 -49.318100
vt 39.415001 -49.287102
vt 39.409302 -49.275200
vt 39.403900 -49.263302
vt 39.353100 -49.275600
vt 39.680500 -48.355598
vt 39.702999 -48.361900
vt 39.696499 -48.348000
vt 39.712399 -48.340698
vt 39.681702 -48.372002
vt 39.712700 -48.414101
vt 39.724701 -48.408401
vt 39.736599 -48.402901
vt 39.724300 -48.352100
vt 40.287998 -49.658001
vt 40.297699 -49.636600
vt 40.276299 -49.646400
vt 40.304100 -49.650700
vt 40.264599 -49.595600
vt 40.276600 -49.590099
vt 40.288502 -49.584702
vt 40.320099 -49.643501
vt 40.319099 -49.626999
vt 40.637600 -48.702099
vt 40.659000 -48.711899
vt 40.651699 -48.695801
vt 40.644402 -48.679798
vt 40.627899 -48.680801
vt 40.585602 -48.711300
vt 40.591000 -48.723301
vt 40.596500 -48.735298
vt 40.647301 -48.723598
vt 39.357399 -48.762901
vt 39.342899 -48.757702
vt 39.337002 -48.774300
vt 39.348999 -48.741199
vt 39.349499 -48.785099
vt 39.401100 -48.792900
vt 39.405602 -48.780399
vt 39.410099 -48.768101
vt 39.365501 -48.740898
vt 40.262699 -48.349300
vt 40.240700 -48.357498
vt 40.262798 -48.365799
vt 40.235100 -48.410000
vt 40.246201 -48.343102
vt 40.222801 -48.405399
vt 40.210499 -48.400799
vt 40.229698 -48.336899
vt 40.218800 -48.349300
vt 39.770699 -49.642601
vt 39.765499 -49.657101
vt 39.782101 -49.662998
vt 39.749001 -49.651001
vt 39.792900 -49.650501
vt 39.800701 -49.598900
vt 39.788200 -49.594398
vt 39.775902 -49.589901
vt 39.748699 -49.634499
vt 40.650700 -49.254902
vt 40.642502 -49.232899
vt 40.634201 -49.255001
vt 40.590000 -49.227299
vt 40.656898 -49.238400
vt 40.594601 -49.215000
vt 40.599201 -49.202702
vt 40.663101 -49.222000
vt 40.650700 -49.210999
vt 33.979301 -6.587820
vt 33.989601 -6.602150
vt 33.999599 -6.582800
vt 34.009899 -6.601920
vt 34.020000 -6.587370
vt 33.986401 -6.615820
vt 34.013500 -6.615520
vt 33.989399 -7.578240
vt 33.979301 -7.588280
vt 33.999599 -7.595250
vt 34.009701 -7.578350
vt 34.020000 -7.588500
vt 34.013199 -7.562370
vt 33.986099 -7.562230
vt 34.007599 -6.457430
vt 33.986500 -6.409830
vt 33.992401 -6.457430
vt 34.013599 -6.409840
vt 34.007702 -7.383730
vt 33.986698 -7.422020
vt 34.013802 -7.421880
vt 33.992500 -7.383810
vt 34.013199 -7.678140
vt 34.007900 -7.625890
vt 33.992699 -7.625720
vt 33.986099 -7.677820
vt 33.989399 -7.692030
vt 34.009701 -7.692270
vt 33.989601 -7.137950
vt 34.009899 -7.137870
vt 33.999599 -7.122020
vt 33.979301 -7.120640
vt 34.020000 -7.120480
vt 33.989399 -7.103250
vt 34.009701 -7.103170
vt 34.013599 -6.330040
vt 33.992401 -6.378760
vt 34.007599 -6.378820
vt 33.986500 -6.329940
vt 33.990002 -6.313780
vt 34.010300 -6.313850
vt 33.420101 -6.989380
vt 33.410099 -6.979310
vt 33.403099 -6.999570
vt 33.419998 -7.009720
vt 33.409801 -7.020000
vt 33.436001 -7.013240
vt 33.436100 -6.986130
vt 33.576199 -7.013240
vt 33.614101 -7.007890
vt 33.614201 -6.992700
vt 33.576500 -6.986130
vt 34.411201 -6.979880
vt 34.396801 -6.989980
vt 34.415901 -7.000250
vt 34.396702 -7.010330
vt 34.410999 -7.020570
vt 34.382900 -7.013630
vt 34.383099 -6.986530
vt 34.540901 -7.007560
vt 34.588501 -6.986530
vt 34.540901 -6.992360
vt 34.588501 -7.013630
vt 33.321899 -7.013240
vt 33.374100 -7.007890
vt 33.374298 -6.992700
vt 33.322201 -6.986130
vt 33.307999 -6.989380
vt 33.307701 -7.009720
vt 34.669998 -7.013630
vt 34.621201 -6.992360
vt 34.621201 -7.007560
vt 34.686199 -6.989980
vt 34.686100 -7.010330
vt 34.670101 -6.986530
vt 33.901402 -7.010470
vt 33.901402 -6.990120
vt 33.882702 -7.000250
vt 33.884102 -6.979880
vt 33.883900 -7.020570
vt 33.866600 -7.010330
vt 33.866699 -6.989980
vt 34.577202 -6.596730
vt 34.600101 -6.602150
vt 34.589901 -6.587820
vt 34.579899 -6.573270
vt 34.590801 -6.615820
vt 34.542999 -6.636610
vt 34.535400 -6.625910
vt 34.527901 -6.615030
vt 34.563900 -6.577340
vt 34.404099 -7.575600
vt 34.398701 -7.598430
vt 34.412998 -7.588280
vt 34.427502 -7.578240
vt 34.384998 -7.589130
vt 34.364201 -7.541320
vt 34.374901 -7.533740
vt 34.385799 -7.526230
vt 34.423500 -7.562230
vt 33.617001 -6.472760
vt 33.597801 -6.423500
vt 33.578800 -6.437170
vt 33.574600 -6.421220
vt 33.627602 -6.465090
vt 33.638401 -6.457430
vt 33.588799 -6.410960
vt 33.603199 -6.400700
vt 33.616901 -6.409830
vt 33.425098 -7.403010
vt 33.412601 -7.411960
vt 33.422901 -7.426230
vt 33.402302 -7.397590
vt 33.438801 -7.422020
vt 33.474400 -7.383810
vt 33.466702 -7.373150
vt 33.459099 -7.362410
vt 33.411499 -7.383860
vt 33.877899 -7.673570
vt 33.857899 -7.685880
vt 33.875198 -7.688840
vt 33.854801 -7.669630
vt 33.873901 -7.621130
vt 33.886902 -7.623330
vt 33.899799 -7.625720
vt 33.901100 -7.677820
vt 33.892601 -7.692030
vt 34.673599 -7.117980
vt 34.685902 -7.137950
vt 34.688801 -7.120640
vt 34.669601 -7.141040
vt 34.621101 -7.121930
vt 34.623299 -7.109000
vt 34.625702 -7.096010
vt 34.677799 -7.094800
vt 34.692001 -7.103250
vt 33.307999 -6.897300
vt 33.326099 -6.882490
vt 33.310902 -6.879950
vt 33.313801 -6.862530
vt 33.322300 -6.905610
vt 33.374500 -6.903750
vt 33.376598 -6.890790
vt 33.378799 -6.877770
vt 33.329899 -6.859280
vt 34.113400 -6.326060
vt 34.115898 -6.310860
vt 34.098598 -6.308030
vt 34.090302 -6.322290
vt 34.092098 -6.374470
vt 34.105099 -6.376580
vt 34.118099 -6.378760
vt 34.136600 -6.329940
vt 34.133301 -6.313780
vt 33.986801 -6.577040
vt 33.992100 -6.614870
vt 34.007301 -6.615030
vt 34.013901 -6.577340
vt 34.007099 -7.541320
vt 33.986500 -7.589270
vt 34.013599 -7.589130
vt 33.991901 -7.541400
vt 33.986198 -6.437180
vt 34.009899 -6.421220
vt 33.989498 -6.421230
vt 34.013302 -6.437170
vt 33.999699 -6.404160
vt 34.020100 -6.410960
vt 33.979401 -6.410970
vt 33.989700 -7.397480
vt 33.979401 -7.411750
vt 33.999699 -7.416730
vt 34.009998 -7.397590
vt 34.020100 -7.411960
vt 33.986401 -7.383720
vt 34.013500 -7.383860
vt 34.013599 -7.669630
vt 33.990101 -7.686120
vt 34.010399 -7.685880
vt 33.986500 -7.669950
vt 33.991901 -7.621300
vt 34.007099 -7.621130
vt 33.989498 -6.897230
vt 34.009899 -6.897300
vt 33.999699 -6.878520
vt 34.020100 -6.879950
vt 33.979401 -6.879810
vt 34.009998 -6.862530
vt 33.989700 -6.862460
vt 33.989498 -6.308110
vt 34.013302 -6.322290
vt 34.009899 -6.308030
vt 33.986198 -6.322390
vt 33.992298 -6.374530
vt 34.007500 -6.374470
vt 34.542999 -6.992850
vt 34.590900 -7.013520
vt 34.590801 -6.986410
vt 34.542999 -7.008050
vt 34.412998 -6.979310
vt 34.398701 -6.989590
vt 34.417999 -6.999570
vt 34.398899 -7.009930
vt 34.413399 -7.020000
vt 34.384998 -6.986410
vt 34.385300 -7.013520
vt 33.617100 -7.007660
vt 33.578800 -6.986720
vt 33.578899 -7.013830
vt 33.617001 -6.992470
vt 33.412601 -7.020570
vt 33.422901 -7.010470
vt 33.405800 -7.000250
vt 33.422901 -6.990120
vt 33.412601 -6.979880
vt 33.438801 -7.013830
vt 33.438801 -6.986720
vt 33.857899 -6.989590
vt 33.858002 -7.009930
vt 33.873798 -6.999570
vt 33.875198 -6.979310
vt 33.875401 -7.020000
vt 33.892700 -7.009720
vt 33.892601 -6.989380
vt 34.669601 -6.986410
vt 34.686100 -7.009930
vt 34.685902 -6.989590
vt 34.669899 -7.013520
vt 34.621300 -7.008050
vt 34.621101 -6.992850
vt 33.308102 -7.010470
vt 33.322300 -6.986720
vt 33.307999 -6.990120
vt 33.322399 -7.013830
vt 33.374500 -7.007660
vt 33.374500 -6.992470
vt 33.422501 -6.596130
vt 33.409801 -6.587370
vt 33.399799 -6.601920
vt 33.419998 -6.573040
vt 33.409100 -6.615520
vt 33.457001 -6.636440
vt 33.464500 -6.625570
vt 33.472000 -6.614870
vt 33.436001 -6.577040
vt 33.601101 -7.598540
vt 33.595299 -7.575900
vt 33.586601 -7.588500
vt 33.572201 -7.578350
vt 33.614700 -7.589270
vt 33.635601 -7.541400
vt 33.624802 -7.533900
vt 33.614101 -7.526320
vt 33.576199 -7.562370
vt 34.425301 -6.421230
vt 34.401901 -6.423510
vt 34.421101 -6.437180
vt 34.382900 -6.472760
vt 34.372200 -6.465100
vt 34.361500 -6.457430
vt 34.410999 -6.410970
vt 34.396702 -6.400700
vt 34.382900 -6.409840
vt 34.574799 -7.402730
vt 34.577099 -7.426130
vt 34.587399 -7.411750
vt 34.597599 -7.397480
vt 34.561199 -7.421880
vt 34.525600 -7.383730
vt 34.533298 -7.373000
vt 34.540901 -7.362330
vt 34.588501 -7.383720
vt 34.145100 -7.669950
vt 34.121899 -7.674200
vt 34.141998 -7.686120
vt 34.125999 -7.621300
vt 34.124599 -7.689310
vt 34.112999 -7.623690
vt 34.100101 -7.625890
vt 34.107300 -7.692270
vt 34.098801 -7.678140
vt 33.325802 -7.117760
vt 33.313900 -7.137870
vt 33.330101 -7.140930
vt 33.378700 -7.121870
vt 33.310699 -7.120480
vt 33.376301 -7.108880
vt 33.374100 -7.095950
vt 33.321899 -7.094700
vt 33.307701 -7.103170
vt 34.673698 -6.882300
vt 34.691898 -6.897230
vt 34.688999 -6.879810
vt 34.677601 -6.905510
vt 34.686100 -6.862460
vt 34.625500 -6.903700
vt 34.623299 -6.890680
vt 34.621201 -6.877720
vt 34.669998 -6.859190
vt 33.901402 -6.308110
vt 33.886398 -6.326270
vt 33.909599 -6.322390
vt 33.907799 -6.374530
vt 33.883900 -6.311020
vt 33.894798 -6.376700
vt 33.881901 -6.378820
vt 33.866600 -6.313850
vt 33.863300 -6.330040
vt 59.972698 -30.883801
vt 60.032101 -30.951300
vt 60.027302 -30.883801
vt 59.967899 -30.951300
vt 60.032101 -31.025600
vt 59.967899 -31.025600
vt 59.972698 -31.096701
vt 60.027302 -31.096701
vt 60.023300 -31.027300
vt 60.023300 -30.972700
vt 59.947800 -31.027300
vt 59.947800 -30.972700
vt 60.012199 -31.032101
vt 60.030499 -30.978399
vt 60.012199 -30.967899
vt 60.030499 -31.021601
vt 60.107201 -31.021601
vt 60.107201 -30.978399
vt 60.052200 -30.883801
vt 59.976700 -30.903299
vt 60.076900 -30.951300
vt 59.987801 -30.974400
vt 60.007000 -31.048700
vt 60.096100 -31.025600
vt 60.107201 -31.096701
vt 60.031700 -31.116199
vt 59.982399 -31.042000
vt 59.969501 -30.992100
vt 59.905602 -31.061800
vt 59.892799 -31.011999
vt 59.978401 -31.011999
vt 59.978401 -31.061800
vt 60.021599 -31.061800
vt 60.021599 -31.011999
vt 59.967899 -31.048700
vt 59.972698 -31.116199
vt 60.027302 -31.116199
vt 60.032101 -31.048700
vt 59.967899 -30.974400
vt 60.027302 -30.903299
vt 59.972698 -30.903299
vt 60.032101 -30.974400
vt 60.107201 -30.972700
vt 60.031700 -31.027300
vt 60.107201 -31.027300
vt 60.031700 -30.972700
vt 60.007000 -31.032101
vt 60.007000 -30.967899
vt 59.982399 -30.978399
vt 59.982399 -31.021601
vt 59.905602 -30.978399
vt 59.905602 -31.021601
vt 60.023300 -30.903299
vt 59.923100 -30.951300
vt 60.012199 -30.974400
vt 59.947800 -30.883801
vt 59.993000 -31.048700
vt 59.903900 -31.025600
vt 59.892799 -31.096701
vt 59.968300 -31.116199
vt 60.017601 -31.042000
vt 60.030499 -30.992100
vt 60.094398 -31.061800
vt 60.107201 -31.011999
vt 62.430302 -30.733601
vt 62.450901 -30.750799
vt 62.445702 -30.731800
vt 62.437199 -30.758900
vt 62.386799 -30.764700
vt 62.382900 -30.750500
vt 61.685398 -31.348200
vt 61.712002 -31.349400
vt 61.691101 -31.333500
vt 61.701099 -31.360100
vt 61.727699 -31.297899
vt 61.739399 -31.306900
vt 61.879501 -30.985201
vt 61.865700 -30.967501
vt 61.862900 -30.982500
vt 61.872299 -31.001900
vt 61.892899 -30.999100
vt 61.905602 -30.989599
vt 61.919998 -30.953800
vt 61.887798 -30.971201
vt 61.910000 -30.943399
vt 61.612301 -30.851299
vt 61.568901 -30.884300
vt 61.616402 -30.865700
vt 61.561699 -30.858700
vt 61.548401 -30.866501
vt 61.553699 -30.885700
vt 62.206200 -30.642099
vt 62.187401 -30.638599
vt 62.205101 -30.657700
vt 62.220901 -30.643700
vt 62.180099 -30.653099
vt 62.180500 -30.703600
vt 62.194599 -30.706200
vt 62.205601 -30.707399
vt 62.224701 -30.659800
vt 61.831501 -31.032700
vt 61.834702 -31.052401
vt 61.846199 -31.027399
vt 61.850300 -31.053699
vt 61.898899 -31.039301
vt 61.896599 -31.024599
vt 62.150002 -31.130199
vt 62.177898 -31.126200
vt 62.160000 -31.117201
vt 62.138802 -31.118999
vt 62.151600 -31.108801
vt 62.132599 -31.174101
vt 62.145901 -31.180799
vt 62.173801 -31.142200
vt 62.037201 -31.426300
vt 62.022701 -31.445700
vt 62.037998 -31.442699
vt 62.016800 -31.430300
vt 62.056801 -31.444901
vt 62.028900 -31.382900
vt 62.040401 -31.380699
vt 62.054401 -31.382299
vt 62.062302 -31.429199
vt 62.257801 -30.723700
vt 62.260101 -30.684000
vt 62.235001 -30.691099
vt 62.243698 -30.727699
vt 61.284000 -30.887800
vt 61.329800 -30.897600
vt 61.298599 -30.865700
vt 61.321701 -30.910000
vt 61.841702 -30.559500
vt 61.858200 -30.550400
vt 61.841702 -30.546700
vt 61.863602 -30.564501
vt 61.823601 -30.548401
vt 61.838799 -30.611099
vt 61.851101 -30.613899
vt 61.817600 -30.561701
vt 61.825199 -30.612301
vt 62.357700 -31.206200
vt 62.371300 -31.220900
vt 62.376701 -31.203501
vt 62.363701 -31.187401
vt 62.390800 -31.216801
vt 62.383301 -31.183300
vt 62.396801 -31.198000
vt 62.681999 -30.896601
vt 62.693001 -30.843599
vt 62.670898 -30.846201
vt 62.676701 -30.831499
vt 62.694401 -30.895201
vt 62.707901 -30.896000
vt 62.693298 -30.829599
vt 62.716999 -30.845100
vt 62.711300 -30.830799
vt 61.452301 -31.160000
vt 61.453899 -31.177900
vt 61.468201 -31.173201
vt 61.468399 -31.151600
vt 61.494701 -31.151300
vt 61.471199 -31.138800
vt 61.487701 -31.178900
vt 61.486099 -31.160999
vt 61.764999 -31.333500
vt 61.741001 -31.344000
vt 61.759899 -31.348200
vt 61.744499 -31.362499
vt 61.739899 -31.327999
vt 61.719501 -31.338301
vt 61.725700 -31.351801
vt 62.701401 -30.967501
vt 62.691700 -30.993601
vt 62.708099 -30.982500
vt 62.707199 -31.001900
vt 62.672401 -31.000799
vt 62.686298 -31.007500
vt 62.679699 -30.982300
vt 62.670200 -30.941401
vt 62.658001 -30.949699
vt 62.141800 -30.868799
vt 62.143501 -30.888000
vt 62.159599 -30.879499
vt 62.158298 -30.858000
vt 62.161598 -30.896500
vt 62.176399 -30.866501
vt 62.178001 -30.885700
vt 61.613800 -30.650600
vt 61.636299 -30.638599
vt 61.616699 -30.636700
vt 61.639801 -30.653099
vt 61.628799 -30.703600
vt 61.614201 -30.702200
vt 61.321800 -31.052401
vt 61.323299 -31.032700
vt 61.305302 -31.042601
vt 61.306702 -31.021601
vt 61.303799 -31.061100
vt 61.288700 -31.030199
vt 61.287201 -31.049999
vt 62.517101 -31.167801
vt 62.550301 -31.130199
vt 62.528801 -31.118999
vt 62.529099 -31.174101
vt 62.505299 -31.119699
vt 62.503899 -31.168200
vt 61.563900 -30.750900
vt 61.555099 -30.725800
vt 61.549900 -30.744801
vt 61.617699 -30.745899
vt 61.613800 -30.760201
vt 61.570801 -30.725500
vt 62.276299 -31.294800
vt 62.302200 -31.338301
vt 62.316002 -31.327999
vt 62.268600 -31.300600
vt 62.256901 -31.309500
vt 62.281300 -31.354200
vt 62.293900 -31.363701
vt 62.309601 -31.351801
vt 62.094799 -30.960100
vt 62.098598 -31.004499
vt 62.120701 -31.000799
vt 62.138599 -30.982300
vt 62.082401 -30.962099
vt 62.104801 -30.949699
vt 62.435501 -30.861900
vt 62.444199 -30.888000
vt 62.449600 -30.868799
vt 62.428299 -30.887501
vt 62.382099 -30.867399
vt 62.386101 -30.853001
vt 61.805801 -30.652700
vt 61.816700 -30.636700
vt 61.801998 -30.638300
vt 61.783199 -30.641800
vt 61.825401 -30.650600
vt 61.822498 -30.702200
vt 61.811501 -30.703400
vt 61.797501 -30.705999
vt 61.780701 -30.657301
vt 62.154900 -31.024099
vt 62.150700 -31.050400
vt 62.169201 -31.030199
vt 62.104000 -31.022699
vt 62.166100 -31.049999
vt 62.101601 -31.037500
vt 61.848701 -31.119699
vt 61.853298 -31.174900
vt 61.866600 -31.168200
vt 61.824902 -31.131701
vt 61.839001 -31.109400
vt 61.821098 -31.118401
vt 61.973801 -31.450899
vt 61.953499 -31.440100
vt 61.955002 -31.453100
vt 61.939701 -31.450100
vt 61.978600 -31.437201
vt 61.954399 -31.388399
vt 61.968498 -31.386801
vt 61.933102 -31.436100
vt 61.943001 -31.386200
vt 61.763401 -30.701099
vt 61.759899 -30.685400
vt 61.744499 -30.690800
vt 61.749401 -30.725800
vt 61.769798 -30.712000
vt 61.748100 -30.711399
vt 61.724300 -30.718700
vt 61.729301 -30.706100
vt 61.725700 -30.690399
vt 62.691700 -30.859699
vt 62.686298 -30.873100
vt 62.707199 -30.872299
vt 62.697201 -30.889700
vt 62.713501 -30.892900
vt 62.672401 -30.879299
vt 62.708698 -30.905600
vt 62.686901 -30.901400
vt 62.162701 -30.573900
vt 62.161598 -30.557501
vt 62.143501 -30.555799
vt 62.178001 -30.553801
vt 62.138599 -30.571699
vt 62.150200 -30.617901
vt 62.163700 -30.619200
vt 62.175999 -30.616400
vt 62.184601 -30.568899
vt 61.316898 -30.898899
vt 61.327099 -30.850300
vt 61.303101 -30.851900
vt 61.321800 -30.834700
vt 61.303398 -30.899799
vt 61.291000 -30.898399
vt 61.303799 -30.835800
vt 61.287201 -30.833900
vt 61.280998 -30.849300
vt 62.548199 -31.173800
vt 62.528000 -31.145901
vt 62.514702 -31.153000
vt 62.524601 -31.186300
vt 62.022701 -30.731800
vt 62.026199 -30.750799
vt 62.041302 -30.736200
vt 62.037998 -30.719299
vt 62.044998 -30.757299
vt 62.056801 -30.725800
vt 62.060299 -30.744801
vt 62.230202 -31.349400
vt 62.252499 -31.312700
vt 62.241001 -31.306900
vt 62.275700 -31.354200
vt 62.266499 -31.309500
vt 62.250599 -31.359800
vt 61.313099 -31.004499
vt 61.338001 -30.962099
vt 61.325699 -30.953800
vt 61.291302 -30.989599
vt 62.391399 -30.705999
vt 62.370201 -30.659800
vt 62.376801 -30.707399
vt 62.390800 -30.641800
vt 62.371300 -30.643700
vt 62.396198 -30.657301
vt 61.451801 -31.142200
vt 61.471600 -31.126801
vt 61.453899 -31.126200
vt 61.468201 -31.110701
vt 61.475399 -31.142900
vt 61.485298 -31.181200
vt 61.497299 -31.174900
vt 61.496799 -31.131701
vt 61.487701 -31.118401
vt 15.617000 -38.904301
vt 15.559500 -38.825500
vt 15.559800 -38.902302
vt 15.559400 -38.931499
vt 15.569100 -38.963299
vt 15.594000 -38.985500
vt 15.647500 -38.858101
vt 15.645800 -38.824402
vt 15.645800 -38.761799
vt 15.558600 -38.761799
vt 15.661200 -38.898499
vt 15.660300 -38.945099
vt 15.629900 -38.994400
vt 15.700900 -38.915699
vt 15.660300 -38.994999
vt 15.774800 -38.994999
vt 15.774800 -38.916500
vt 15.648600 -38.633999
vt 15.558600 -38.641201
vt 15.605700 -38.546799
vt 15.666300 -38.608700
vt 15.702400 -38.590500
vt 15.707900 -38.503601
vt 15.994500 -38.590099
vt 15.994500 -38.502499
vt 16.293699 -38.503601
vt 16.299200 -38.590500
vt 16.395901 -38.546799
vt 16.335300 -38.608700
vt 16.353001 -38.633999
vt 16.443001 -38.641201
vt 16.355801 -38.761799
vt 16.443001 -38.761799
vt 16.442101 -38.825500
vt 16.355801 -38.824402
vt 16.354099 -38.858101
vt 16.384600 -38.904301
vt 16.441900 -38.902302
vt 16.442200 -38.931499
vt 16.432501 -38.963299
vt 16.340401 -38.898499
vt 16.407600 -38.985500
vt 16.341299 -38.945099
vt 16.371700 -38.994400
vt 16.300699 -38.915699
vt 16.341299 -38.994999
vt 16.226900 -38.994999
vt 16.226900 -38.916500
vt 15.592400 -39.358799
vt 15.628300 -39.300301
vt 15.592400 -39.293400
vt 15.628300 -39.365101
vt 15.658700 -39.300999
vt 15.658700 -39.365002
vt 15.773200 -39.365002
vt 15.773200 -39.300999
vt 16.370100 -39.300301
vt 16.406000 -39.358799
vt 16.406000 -39.293400
vt 16.370100 -39.365101
vt 16.339701 -39.300999
vt 16.339701 -39.365002
vt 16.225201 -39.365002
vt 16.225201 -39.300999
vt 16.292299 -39.474098
vt 15.692500 -39.474098
vt 15.692500 -39.491299
vt 16.292299 -39.491299
vt 15.692500 -39.508499
vt 16.292299 -39.508499
vt 16.292299 -38.958099
vt 15.692500 -38.958099
vt 15.692500 -38.975300
vt 16.292299 -38.975300
vt 15.692500 -38.992500
vt 16.292299 -38.992500
vt 15.644200 -39.056499
vt 15.647000 -38.790401
vt 15.557000 -38.797298
vt 15.557000 -39.056400
vt 15.604100 -38.700100
vt 15.644200 -39.147202
vt 15.664700 -38.763802
vt 15.557900 -39.148300
vt 15.700800 -38.744499
vt 15.706300 -38.655399
vt 15.992800 -38.743599
vt 15.992800 -38.654301
vt 16.292101 -38.655399
vt 16.297600 -38.744499
vt 16.394300 -38.700100
vt 16.333700 -38.763802
vt 16.351400 -38.790401
vt 16.441401 -38.797298
vt 16.354200 -39.056499
vt 16.441401 -39.056400
vt 16.354200 -39.147202
vt 16.440500 -39.148300
vt 16.352501 -39.190601
vt 16.382999 -39.233398
vt 16.440201 -39.229500
vt 16.338800 -39.224800
vt 16.339701 -39.264801
vt 16.299101 -39.240501
vt 15.615400 -39.233398
vt 15.558100 -39.229500
vt 15.645900 -39.190601
vt 15.659600 -39.224800
vt 15.658700 -39.264801
vt 15.699300 -39.240501
vt 16.279200 -38.992500
vt 16.279200 -38.958099
vt 16.279200 -38.975300
vt 16.087400 -39.312698
vt 16.087400 -39.190201
vt 16.046101 -39.190201
vt 16.046101 -39.312698
vt 16.087400 -39.435299
vt 16.046101 -39.435299
vt 15.940100 -39.312698
vt 15.940100 -39.190201
vt 15.898800 -39.190201
vt 15.898800 -39.312698
vt 15.940100 -39.435299
vt 15.898800 -39.435299
vt 15.048800 -38.605701
vt 15.125200 -38.707500
vt 15.136900 -38.608398
vt 15.037500 -38.707901
vt 15.124800 -38.994499
vt 15.037200 -38.994499
vt 15.037500 -39.293701
vt 15.125200 -39.294102
vt 15.048800 -39.395901
vt 15.136900 -39.393200
vt 16.801399 -39.021198
vt 16.906900 -39.046700
vt 16.906900 -39.021198
vt 16.801399 -39.046700
vt 15.507800 -39.021198
vt 15.507800 -39.046700
vt 16.906900 -38.939400
vt 16.801399 -38.939400
vt 16.906900 -38.965000
vt 16.801399 -38.965000
vt 15.507800 -38.939400
vt 15.507800 -38.965000
vt 15.894800 -38.706299
vt 15.985000 -38.606800
vt 15.894500 -38.604099
vt 15.984100 -38.705898
vt 15.984100 -38.992802
vt 15.894800 -38.992802
vt 15.894800 -39.292099
vt 15.984100 -39.292500
vt 15.985000 -39.391602
vt 15.894500 -39.394299
vt 15.044700 -38.692501
vt 15.044700 -39.292301
vt 15.061800 -39.292301
vt 15.027500 -38.692501
vt 15.061800 -38.692501
vt 15.027500 -39.292301
vt 15.560700 -38.692501
vt 15.560700 -39.292301
vt 15.577800 -39.292301
vt 15.543500 -38.692501
vt 15.577800 -38.692501
vt 15.543500 -39.292301
vt 15.807400 -39.382999
vt 15.779200 -39.440601
vt 15.802500 -39.440201
vt 15.752700 -39.430901
vt 15.734600 -39.405998
vt 15.727900 -39.370098
vt 15.774400 -39.339699
vt 15.727900 -39.339699
vt 15.793500 -39.299099
vt 15.727900 -39.225201
vt 15.791900 -39.225201
vt 15.779200 -38.557800
vt 15.807400 -38.615398
vt 15.802500 -38.558102
vt 15.752700 -38.567501
vt 15.734600 -38.592400
vt 15.727900 -38.628300
vt 15.774400 -38.658699
vt 15.727900 -38.658699
vt 15.793500 -38.699299
vt 15.727900 -38.773201
vt 15.791900 -38.773201
vt 15.061800 -39.279202
vt 15.044700 -39.279202
vt 15.027500 -39.279202
vt 15.107000 -38.661201
vt 15.182500 -38.701302
vt 15.187300 -38.663799
vt 15.105700 -38.700901
vt 15.182800 -38.774799
vt 15.104300 -38.774799
vt 15.182500 -39.300301
vt 15.107000 -39.340401
vt 15.187300 -39.337799
vt 15.105700 -39.300701
vt 15.182800 -39.226799
vt 15.104300 -39.226799
vt 16.806299 -39.087399
vt 16.928900 -39.087399
vt 16.928900 -39.046101
vt 16.806299 -39.046101
vt 16.683800 -39.087399
vt 16.683800 -39.046101
vt 16.806299 -38.940102
vt 16.928900 -38.940102
vt 16.928900 -38.898800
vt 16.806299 -38.898800
vt 16.683800 -38.940102
vt 16.683800 -38.898800
vt 16.839500 -38.625401
vt 16.805799 -38.745998
vt 16.892401 -38.761799
vt 16.876400 -38.825500
vt 16.927900 -38.641201
vt 16.788401 -38.823299
vt 16.863100 -38.526001
vt 16.889601 -38.902302
vt 16.951200 -38.546799
vt 16.812500 -38.945702
vt 16.903900 -38.931499
vt 16.824400 -38.971401
vt 16.840099 -39.003700
vt 16.920401 -38.963299
vt 16.931601 -38.985500
vt 16.851299 -39.026001
vt 16.938200 -39.508499
vt 16.938200 -39.474098
vt 16.931101 -39.491299
vt 16.955299 -39.466999
vt 16.972500 -39.508499
vt 16.955299 -39.515598
vt 16.972500 -39.474098
vt 16.979601 -39.491299
vt 16.422199 -38.992500
vt 16.439301 -38.951000
vt 16.415100 -38.975300
vt 16.422199 -38.958099
vt 16.439301 -38.999599
vt 16.456499 -38.992500
vt 16.456499 -38.958099
vt 16.463600 -38.975300
vt 16.439301 -39.515598
vt 16.463600 -39.491299
vt 16.456499 -39.474098
vt 16.456499 -39.508499
vt 16.422199 -39.474098
vt 16.439301 -39.466999
vt 16.415100 -39.491299
vt 16.422199 -39.508499
vt 15.020400 -39.312698
vt 15.367000 -39.312698
vt 15.193700 -39.139400
vt 15.316200 -39.190201
vt 15.071100 -39.190201
vt 15.193700 -39.486000
vt 15.316200 -39.435299
vt 15.071100 -39.435299
vt 15.093100 -39.424500
vt 15.093100 -39.201000
vt 15.047500 -39.312698
vt 15.198600 -39.472301
vt 15.198600 -39.153099
vt 16.492201 -39.153099
vt 16.492201 -39.472301
vt 16.017900 -38.804901
vt 16.045900 -39.071201
vt 16.132601 -39.056400
vt 16.153900 -39.148300
vt 16.107401 -38.797298
vt 16.070400 -39.176300
vt 16.014999 -38.702702
vt 16.197500 -39.229500
vt 16.105499 -38.700100
vt 16.139900 -39.296600
vt 16.220800 -39.251999
vt 16.159800 -39.316799
vt 16.247299 -39.276299
vt 16.185600 -39.341702
vt 16.265400 -39.293400
vt 16.203800 -39.358799
vt 16.021099 -38.766300
vt 16.105200 -38.790401
vt 16.106600 -38.763802
vt 16.020201 -38.798401
vt 16.132601 -39.056499
vt 16.045900 -39.071301
vt 16.153400 -39.147202
vt 16.070000 -39.175301
vt 16.175100 -39.190601
vt 16.120100 -39.260502
vt 16.199400 -39.224800
vt 16.138901 -39.293400
vt 16.972500 -38.992500
vt 16.938200 -38.992500
vt 16.955299 -38.999599
vt 16.931101 -38.975300
vt 16.972500 -38.958099
vt 16.979601 -38.975300
vt 16.938200 -38.958099
vt 16.955299 -38.951000
vt 16.852600 -38.589001
vt 16.927601 -38.633999
vt 16.935801 -38.608700
vt 16.843399 -38.619701
vt 16.876400 -38.824402
vt 16.788401 -38.822201
vt 16.881901 -38.858101
vt 16.806299 -38.904999
vt 16.893000 -38.898499
vt 16.812700 -38.942299
vt 15.953300 -39.312698
vt 15.953300 -39.424500
vt 15.978800 -39.424500
vt 15.978800 -39.312698
vt 15.953300 -39.201000
vt 15.978800 -39.201000
vt 16.035000 -39.312698
vt 16.035000 -39.424500
vt 16.060600 -39.424500
vt 16.060600 -39.312698
vt 16.035000 -39.201000
vt 16.060600 -39.201000
vt 16.354401 -39.175301
vt 16.353201 -39.260502
vt 16.443701 -39.176300
vt 16.384600 -39.293499
vt 16.443199 -39.296600
vt 16.442200 -39.316799
vt 16.432501 -39.341702
vt 16.407600 -39.358799
vt 16.337799 -39.293400
vt 16.371700 -39.365101
vt 16.341299 -39.321602
vt 16.341299 -39.365002
vt 16.300301 -39.303398
vt 16.355101 -39.071301
vt 16.442801 -38.804901
vt 16.353901 -38.798401
vt 16.443701 -39.071201
vt 16.393200 -38.702702
vt 16.332800 -38.766300
vt 16.300100 -38.749298
vt 16.294100 -38.660801
vt 16.007200 -38.748798
vt 16.007200 -38.659500
vt 15.707500 -38.660801
vt 15.701500 -38.749298
vt 15.608400 -38.702702
vt 15.668800 -38.766300
vt 15.647700 -38.798401
vt 15.558800 -38.804901
vt 15.646500 -39.071301
vt 15.557900 -39.071201
vt 15.647200 -39.175301
vt 15.557900 -39.176300
vt 15.648400 -39.260502
vt 15.617000 -39.293499
vt 15.558400 -39.296600
vt 15.559400 -39.316799
vt 15.569100 -39.341702
vt 15.594000 -39.358799
vt 15.663800 -39.293400
vt 15.629900 -39.365101
vt 15.660300 -39.321602
vt 15.660300 -39.365002
vt 15.701300 -39.303398
vt 16.307501 -39.474098
vt 15.707700 -39.474098
vt 15.707700 -39.491299
vt 16.307501 -39.491299
vt 16.307501 -39.508499
vt 15.707700 -39.508499
vt 16.307501 -38.958099
vt 15.707700 -38.958099
vt 15.707700 -38.975300
vt 16.307501 -38.975300
vt 15.707700 -38.992500
vt 16.307501 -38.992500
vt 16.340401 -39.224800
vt 16.300699 -39.240501
vt 16.226801 -39.240700
vt 16.226801 -39.304699
vt 15.661200 -39.224800
vt 15.700900 -39.240501
vt 15.774800 -39.240700
vt 15.774800 -39.304699
vt 15.720800 -38.975300
vt 15.720800 -38.992500
vt 15.720800 -38.958099
vt 16.353500 -38.745998
vt 16.441200 -38.625401
vt 16.352301 -38.619701
vt 16.442101 -38.745998
vt 16.391600 -38.526001
vt 16.352800 -38.822201
vt 16.331200 -38.589001
vt 16.442101 -38.823299
vt 16.298500 -38.573002
vt 16.351601 -38.904999
vt 16.292500 -38.485699
vt 16.005501 -38.571999
vt 16.005501 -38.484402
vt 15.705900 -38.485699
vt 15.699900 -38.573002
vt 15.606800 -38.526001
vt 15.667200 -38.589001
vt 15.646100 -38.619701
vt 15.557200 -38.625401
vt 15.644900 -38.745998
vt 15.556300 -38.745998
vt 15.645600 -38.822201
vt 15.556300 -38.823299
vt 15.646800 -38.904999
vt 15.556800 -38.945702
vt 15.615400 -38.944000
vt 15.557800 -38.971401
vt 15.567500 -39.003700
vt 15.662200 -38.942299
vt 15.592400 -39.026001
vt 15.658700 -38.980801
vt 15.628300 -39.034401
vt 15.699700 -38.954700
vt 15.658700 -39.034500
vt 15.773100 -39.034500
vt 15.773100 -38.956001
vt 16.441601 -38.945702
vt 16.382999 -38.944000
vt 16.440599 -38.971401
vt 16.430901 -39.003700
vt 16.336201 -38.942299
vt 16.406000 -39.026001
vt 16.339701 -38.980801
vt 16.370100 -39.034401
vt 16.298700 -38.954700
vt 16.339701 -39.034500
vt 16.225201 -39.034500
vt 16.225201 -38.956001
vt 15.912600 -39.312698
vt 15.953900 -39.190201
vt 15.912600 -39.190201
vt 15.953900 -39.312698
vt 15.912600 -39.435299
vt 15.953900 -39.435299
vt 16.059900 -39.190201
vt 16.059900 -39.312698
vt 16.101200 -39.190201
vt 16.101200 -39.312698
vt 16.059900 -39.435299
vt 16.101200 -39.435299
vt 16.856100 -38.629902
vt 16.931601 -38.594002
vt 16.851299 -38.594002
vt 16.935499 -38.629902
vt 16.856701 -38.660301
vt 16.935200 -38.660301
vt 16.856701 -38.774799
vt 16.935200 -38.774799
vt 16.931601 -39.407600
vt 16.856100 -39.371700
vt 16.851299 -39.407600
vt 16.935499 -39.371700
vt 16.856701 -39.341301
vt 16.935200 -39.341301
vt 16.856701 -39.226799
vt 16.935200 -39.226799
vt 15.198600 -39.046700
vt 16.492201 -39.046700
vt 16.492201 -39.021198
vt 15.198600 -39.021198
vt 15.093100 -39.046700
vt 15.093100 -39.021198
vt 16.492201 -38.939400
vt 15.198600 -38.939400
vt 16.492201 -38.965000
vt 15.198600 -38.965000
vt 15.093100 -38.939400
vt 15.093100 -38.965000
vt 16.143700 -38.615398
vt 16.138901 -38.662201
vt 16.173800 -38.658699
vt 16.147600 -38.699699
vt 16.211800 -38.773201
vt 16.211800 -38.658699
vt 16.147800 -38.773201
vt 16.138901 -39.336201
vt 16.143700 -39.382999
vt 16.173800 -39.339699
vt 16.147600 -39.298698
vt 16.211800 -39.225201
vt 16.211800 -39.339699
vt 16.147800 -39.225201
vt 16.938200 -38.692501
vt 16.938200 -39.292301
vt 16.955299 -39.292301
vt 16.972500 -39.292301
vt 16.972500 -38.692501
vt 16.955299 -38.692501
vt 16.422199 -38.692501
vt 16.422199 -39.292301
vt 16.439301 -39.292301
vt 16.456499 -39.292301
vt 16.456499 -38.692501
vt 16.439301 -38.692501
vt 16.022800 -38.699902
vt 16.106600 -38.664700
vt 16.021099 -38.667198
vt 16.108400 -38.700802
vt 16.021099 -38.992802
vt 16.110399 -38.992802
vt 16.108400 -39.297600
vt 16.022800 -39.298500
vt 16.106600 -39.333698
vt 16.021099 -39.331200
vt 16.938200 -39.279202
vt 16.955299 -39.279202
vt 16.972500 -39.279202
vt 16.858601 -38.701500
vt 16.935801 -38.666302
vt 16.852600 -38.668800
vt 16.942499 -38.702400
vt 16.857100 -38.994499
vt 16.944700 -38.994499
vt 16.942499 -39.299198
vt 16.858601 -39.300098
vt 16.935801 -39.335300
vt 16.852600 -39.332802
vt 15.193700 -39.087399
vt 15.071100 -39.046101
vt 15.071100 -39.087399
vt 15.193700 -39.046101
vt 15.316200 -39.087399
vt 15.316200 -39.046101
vt 15.071100 -38.940102
vt 15.193700 -38.940102
vt 15.071100 -38.898800
vt 15.193700 -38.898800
vt 15.316200 -38.940102
vt 15.316200 -38.898800
vt 15.072100 -38.641201
vt 15.136900 -38.526001
vt 15.048800 -38.546799
vt 15.160500 -38.625401
vt 15.107600 -38.761799
vt 15.194200 -38.745998
vt 15.123600 -38.825500
vt 15.211600 -38.823299
vt 15.110400 -38.902302
vt 15.187500 -38.945702
vt 15.096100 -38.931499
vt 15.175600 -38.971401
vt 15.079600 -38.963299
vt 15.159900 -39.003700
vt 15.068400 -38.985500
vt 15.148700 -39.026001
vt 15.020400 -39.491299
vt 15.044700 -39.466999
vt 15.027500 -39.474098
vt 15.044700 -39.515598
vt 15.027500 -39.508499
vt 15.068900 -39.491299
vt 15.061800 -39.474098
vt 15.061800 -39.508499
vt 15.536400 -38.975300
vt 15.560700 -38.951000
vt 15.543500 -38.958099
vt 15.543500 -38.992500
vt 15.577800 -38.992500
vt 15.560700 -38.999599
vt 15.584900 -38.975300
vt 15.577800 -38.958099
vt 15.044700 -38.999599
vt 15.061800 -38.958099
vt 15.027500 -38.992500
vt 15.020400 -38.975300
vt 15.061800 -38.992500
vt 15.068900 -38.975300
vt 15.027500 -38.958099
vt 15.044700 -38.951000
vt 15.560700 -39.515598
vt 15.536400 -39.491299
vt 15.543500 -39.508499
vt 15.543500 -39.474098
vt 15.577800 -39.474098
vt 15.560700 -39.466999
vt 15.584900 -39.491299
vt 15.577800 -39.508499
vt 16.979601 -39.312698
vt 16.806299 -39.486000
vt 16.928900 -39.435299
vt 16.632999 -39.312698
vt 16.683800 -39.435299
vt 16.806299 -39.139400
vt 16.683800 -39.190201
vt 16.928900 -39.190201
vt 15.507800 -39.472301
vt 16.801399 -39.153099
vt 15.507800 -39.153099
vt 16.801399 -39.472301
vt 16.906900 -39.201000
vt 16.906900 -39.424500
vt 16.952499 -39.312698
vt 15.892600 -38.797298
vt 15.985000 -38.702702
vt 15.894500 -38.700100
vt 15.982100 -38.804901
vt 15.867400 -39.056400
vt 15.954100 -39.071201
vt 15.846100 -39.148300
vt 15.929600 -39.176300
vt 15.802500 -39.229500
vt 15.860100 -39.296600
vt 15.779200 -39.251999
vt 15.840200 -39.316799
vt 15.752700 -39.276299
vt 15.814400 -39.341702
vt 15.734600 -39.293400
vt 15.796200 -39.358799
vt 15.979800 -38.798401
vt 15.867400 -39.056499
vt 15.954100 -39.071301
vt 15.846600 -39.147202
vt 15.894800 -38.790401
vt 15.930000 -39.175301
vt 15.978900 -38.766300
vt 15.824900 -39.190601
vt 15.893400 -38.763802
vt 15.879900 -39.260502
vt 15.800600 -39.224800
vt 15.861100 -39.293400
vt 15.156600 -38.619701
vt 15.072400 -38.633999
vt 15.147400 -38.589001
vt 15.064200 -38.608700
vt 15.123600 -38.824402
vt 15.211600 -38.822201
vt 15.118100 -38.858101
vt 15.193700 -38.904999
vt 15.107000 -38.898499
vt 15.187300 -38.942299
vt 37.670799 -8.977070
vt 37.697300 -9.022310
vt 37.697300 -8.977070
vt 37.670799 -9.022310
vt 37.670799 -9.051060
vt 37.697300 -9.096300
vt 37.697300 -9.051060
vt 37.670799 -9.096300
vt 37.697300 -8.948940
vt 37.697300 -8.903700
vt 37.670799 -8.948940
vt 37.670799 -8.903700
vt 37.670799 -9.130270
vt 37.697300 -9.175510
vt 37.697300 -9.130270
vt 37.670799 -9.175510
vt 37.697300 -8.869730
vt 37.697300 -8.824490
vt 37.670799 -8.869730
vt 37.670799 -8.824490
vt 37.919998 -9.076910
vt 38.150600 -9.022010
vt 37.919998 -9.022010
vt 38.150600 -9.076910
vt 37.919998 -9.131810
vt 38.150600 -9.131810
vt 37.741402 -9.076910
vt 38.329201 -9.008280
vt 37.741402 -9.008280
vt 38.329201 -9.076910
vt 37.741402 -9.145540
vt 38.329201 -9.145540
vt 37.386200 -8.670800
vt 37.210800 -8.670800
vt 37.386200 -8.697330
vt 37.210800 -8.697330
vt 37.441601 -8.670800
vt 37.155300 -8.670800
vt 37.441601 -8.697330
vt 37.155300 -8.697330
vt 37.127800 -8.697330
vt 37.469200 -8.697330
vt 37.469200 -8.670800
vt 37.127800 -8.670800
vt 38.849499 -9.150600
vt 38.794601 -8.919980
vt 38.794601 -9.150600
vt 38.739700 -8.919980
vt 38.849499 -8.919980
vt 38.739700 -9.150600
vt 37.848400 -9.329200
vt 37.779800 -8.741380
vt 37.779800 -9.329200
vt 37.711201 -8.741380
vt 37.848400 -8.741380
vt 37.711201 -9.329200
vt 38.872200 -8.977070
vt 38.530800 -8.977070
vt 38.872200 -9.022310
vt 38.530800 -9.022310
vt 38.844700 -9.051060
vt 38.558399 -9.051060
vt 38.844700 -9.096300
vt 38.558399 -9.096300
vt 38.789200 -9.130270
vt 38.613800 -9.130270
vt 38.789200 -9.175510
vt 38.613800 -9.175510
vt 38.558399 -8.948940
vt 38.844700 -8.948940
vt 38.844700 -8.903700
vt 38.558399 -8.903700
vt 38.613800 -8.869730
vt 38.789200 -8.869730
vt 38.789200 -8.824490
vt 38.613800 -8.824490
vt 38.151600 -9.145540
vt 38.151600 -9.008280
vt 38.123100 -9.076910
vt 38.288799 -9.145540
vt 38.220200 -9.173970
vt 38.288799 -9.008280
vt 38.220200 -8.979860
vt 38.317200 -9.076910
vt 37.127800 -9.076910
vt 37.283001 -9.076910
vt 37.205399 -8.999270
vt 37.260300 -9.022010
vt 37.150501 -9.022010
vt 37.205399 -9.154560
vt 37.150501 -9.131810
vt 37.260300 -9.131810
vt 37.849400 -9.076910
vt 38.080002 -9.022010
vt 37.849400 -9.022010
vt 38.080002 -9.076910
vt 37.849400 -9.131810
vt 38.080002 -9.131810
vt 37.670799 -9.076910
vt 38.258598 -9.008280
vt 37.670799 -9.008280
vt 38.258598 -9.076910
vt 37.670799 -9.145540
vt 38.258598 -9.145540
vt 38.302700 -8.977070
vt 38.302700 -9.022310
vt 38.329201 -9.022310
vt 38.329201 -8.977070
vt 38.302700 -9.051060
vt 38.302700 -9.096300
vt 38.329201 -9.096300
vt 38.329201 -9.051060
vt 38.302700 -8.948940
vt 38.329201 -8.903700
vt 38.302700 -8.903700
vt 38.329201 -8.948940
vt 38.302700 -9.130270
vt 38.302700 -9.175510
vt 38.329201 -9.175510
vt 38.329201 -9.130270
vt 38.302700 -8.869730
vt 38.329201 -8.824490
vt 38.302700 -8.824490
vt 38.329201 -8.869730
vt 38.613800 -8.697330
vt 38.789200 -8.697330
vt 38.789200 -8.670800
vt 38.613800 -8.670800
vt 38.558399 -8.697330
vt 38.844700 -8.697330
vt 38.844700 -8.670800
vt 38.558399 -8.670800
vt 37.205399 -9.150600
vt 37.150501 -8.919980
vt 37.150501 -9.150600
vt 37.205399 -8.919980
vt 37.260300 -9.150600
vt 37.260300 -8.919980
vt 38.220200 -9.329200
vt 38.151600 -8.741380
vt 38.151600 -9.329200
vt 38.220200 -8.741380
vt 38.288799 -9.329200
vt 38.288799 -8.741380
vt 38.872200 -8.670800
vt 38.530800 -8.697330
vt 38.872200 -8.697330
vt 38.530800 -8.670800
vt 37.711201 -9.145540
vt 37.848400 -9.008280
vt 37.711201 -9.008280
vt 37.779800 -8.979860
vt 37.682800 -9.076910
vt 37.848400 -9.145540
vt 37.876900 -9.076910
vt 37.779800 -9.173970
vt 38.716999 -9.076910
vt 38.794601 -8.999270
vt 38.739700 -9.022010
vt 38.872200 -9.076910
vt 38.849499 -9.022010
vt 38.794601 -9.154560
vt 38.739700 -9.131810
vt 38.849499 -9.131810
vt 37.127800 -8.977070
vt 37.469200 -9.022310
vt 37.469200 -8.977070
vt 37.127800 -9.022310
vt 37.155300 -9.051060
vt 37.441601 -9.096300
vt 37.441601 -9.051060
vt 37.155300 -9.096300
vt 37.210800 -9.130270
vt 37.386200 -9.175510
vt 37.386200 -9.130270
vt 37.210800 -9.175510
vt 37.441601 -8.903700
vt 37.155300 -8.903700
vt 37.155300 -8.948940
vt 37.441601 -8.948940
vt 37.210800 -8.869730
vt 37.386200 -8.824490
vt 37.210800 -8.824490
vt 37.386200 -8.869730
vt 34.126999 -45.098000
vt 34.130100 -45.113899
vt 34.133999 -45.110401
vt 34.131500 -45.097698
vt 34.147400 -45.122200
vt 34.142700 -45.091499
vt 34.156502 -45.098099
vt 34.147701 -45.116901
vt 34.161499 -45.114399
vt 34.159000 -45.110699
vt 34.349701 -45.095402
vt 34.327999 -45.105400
vt 34.348301 -45.112701
vt 34.328999 -45.093399
vt 34.338200 -45.126400
vt 34.321098 -45.114799
vt 33.734001 -44.715500
vt 33.758202 -44.720299
vt 33.746201 -44.702301
vt 33.749802 -44.729301
vt 33.761799 -44.697800
vt 33.769001 -44.717201
vt 34.044399 -45.412800
vt 34.056198 -45.393398
vt 34.043301 -45.396000
vt 34.040100 -45.424500
vt 34.035599 -45.422100
vt 34.047100 -45.417099
vt 34.062000 -45.414200
vt 34.063099 -45.409100
vt 34.237301 -44.762299
vt 34.294300 -44.792500
vt 34.246498 -44.745800
vt 34.312801 -44.761101
vt 34.244499 -44.727100
vt 34.307098 -44.778702
vt 34.348099 -44.886299
vt 34.327999 -44.890598
vt 34.345299 -44.995201
vt 34.324501 -44.997200
vt 34.269501 -45.144901
vt 34.163601 -45.244499
vt 34.273300 -45.162601
vt 34.337399 -45.090599
vt 34.317299 -45.086300
vt 34.287300 -45.176498
vt 34.173599 -45.257000
vt 34.186001 -45.272400
vt 34.048199 -45.307400
vt 34.050701 -45.322601
vt 33.985001 -45.296700
vt 34.054699 -45.342300
vt 33.974998 -45.308498
vt 33.962101 -45.323799
vt 33.944698 -45.228699
vt 33.929401 -45.231098
vt 33.909698 -45.235001
vt 33.910000 -45.070900
vt 33.944500 -45.080799
vt 33.676102 -45.312599
vt 33.697498 -45.322601
vt 33.693802 -45.310001
vt 33.681400 -45.330898
vt 33.676399 -45.330299
vt 33.672199 -45.315701
vt 33.791698 -44.600101
vt 33.772499 -44.581501
vt 33.778801 -44.602299
vt 33.791302 -44.578300
vt 34.181400 -44.599800
vt 34.188999 -44.579601
vt 34.170399 -44.576302
vt 34.168701 -44.597599
vt 34.187199 -44.575500
vt 34.172401 -44.572899
vt 34.380798 -44.752602
vt 34.364201 -44.772598
vt 34.385700 -44.770802
vt 34.360802 -44.760101
vt 34.388699 -44.767399
vt 34.384701 -44.752998
vt 33.741798 -45.308899
vt 33.742802 -45.282799
vt 33.726799 -45.297501
vt 33.753101 -45.290600
vt 33.726601 -45.301899
vt 33.738499 -45.311001
vt 33.911598 -44.942600
vt 33.895699 -44.939999
vt 33.896599 -44.945099
vt 33.919399 -44.957802
vt 33.924400 -44.955799
vt 33.909199 -44.947201
vt 34.032799 -44.728500
vt 34.014999 -44.729500
vt 34.028301 -44.749298
vt 34.016102 -44.750000
vt 34.005798 -44.749001
vt 34.029701 -44.724602
vt 34.000099 -44.728100
vt 34.015598 -44.725399
vt 34.003700 -44.724300
vt 33.635399 -44.848900
vt 33.618900 -44.869900
vt 33.638901 -44.861500
vt 33.613701 -44.851501
vt 33.611000 -44.854599
vt 33.615002 -44.869202
vt 33.716099 -45.014198
vt 33.716499 -45.001301
vt 33.694599 -45.015598
vt 33.695202 -44.996799
vt 33.691502 -44.999199
vt 33.691101 -45.014198
vt 34.118401 -45.362202
vt 34.120201 -45.340801
vt 34.107399 -45.338600
vt 34.099899 -45.358898
vt 34.101700 -45.362999
vt 34.116501 -45.365601
vt 34.379902 -45.116299
vt 34.363499 -45.136299
vt 34.384998 -45.134499
vt 34.360100 -45.123798
vt 34.387901 -45.131100
vt 34.383900 -45.116600
vt 34.195400 -44.711498
vt 34.178299 -44.729698
vt 34.190701 -44.731998
vt 34.200298 -44.733002
vt 34.209400 -44.713001
vt 34.177399 -44.708099
vt 34.180901 -44.704899
vt 34.195099 -44.707500
vt 34.088402 -45.318802
vt 34.083801 -45.344898
vt 34.100899 -45.336399
vt 34.076599 -45.324600
vt 34.100498 -45.340599
vt 34.086899 -45.347401
vt 34.123600 -45.384102
vt 34.180302 -45.284801
vt 34.111698 -45.367500
vt 34.163601 -45.276299
vt 34.134201 -45.391102
vt 34.199402 -45.282600
vt 34.159401 -45.215099
vt 34.144901 -45.229000
vt 34.066601 -45.169300
vt 33.975399 -45.191898
vt 34.062401 -45.188000
vt 33.986301 -45.209301
vt 33.973801 -45.300701
vt 34.100498 -45.150501
vt 33.961102 -45.281799
vt 34.120201 -45.165199
vt 34.159302 -45.101898
vt 34.141800 -45.091599
vt 34.057499 -44.984100
vt 33.980900 -44.950100
vt 34.047401 -45.003799
vt 33.963402 -44.981800
vt 34.050499 -45.021801
vt 33.969601 -44.965698
vt 33.895599 -44.935501
vt 33.923500 -44.912899
vt 33.901798 -44.921200
vt 33.908699 -44.859402
vt 33.891201 -44.856400
vt 33.912201 -44.803001
vt 33.924099 -44.871498
vt 33.950901 -44.811298
vt 33.930099 -44.804199
vt 33.964001 -44.775600
vt 33.955799 -44.756699
vt 34.062801 -44.748299
vt 34.059399 -44.770699
vt 34.115398 -44.792500
vt 34.134602 -44.786201
vt 34.065102 -44.731800
vt 34.148201 -44.780102
vt 34.133301 -44.840599
vt 34.146900 -44.846699
vt 34.149200 -44.862801
vt 34.157299 -44.850101
vt 34.139599 -44.859001
vt 34.145000 -44.861401
vt 33.898499 -45.025200
vt 33.922001 -45.037399
vt 33.919998 -45.024399
vt 33.901501 -45.044102
vt 33.897499 -45.042500
vt 33.895100 -45.027500
vt 33.910000 -44.997799
vt 33.930099 -44.999699
vt 33.969299 -44.915401
vt 33.929600 -45.074001
vt 33.945202 -45.001301
vt 33.981701 -44.930901
vt 34.028599 -44.902401
vt 33.987999 -44.945900
vt 34.028599 -44.922100
vt 34.028500 -44.938099
vt 34.076401 -44.944099
vt 34.088799 -44.933399
vt 34.099701 -44.916901
vt 34.127800 -44.964199
vt 34.109402 -44.971298
vt 34.125702 -45.094501
vt 34.094398 -44.977001
vt 34.105900 -45.092800
vt 34.090401 -45.088501
vt 34.103298 -45.127499
vt 34.108601 -45.129002
vt 34.115501 -45.129601
vt 34.112900 -44.992699
vt 34.138901 -44.996101
vt 34.129700 -44.979401
vt 34.119202 -45.004200
vt 34.134102 -44.979500
vt 34.141399 -44.992802
vt 34.134800 -45.203201
vt 34.147099 -45.187199
vt 34.130001 -45.178699
vt 34.123100 -45.197300
vt 34.147099 -45.182499
vt 34.133499 -45.175598
vt 33.916698 -45.219101
vt 33.939400 -45.228298
vt 33.929699 -45.208500
vt 33.930500 -45.235500
vt 33.921799 -45.242802
vt 33.904099 -45.229599
vt 34.342201 -44.664501
vt 34.368801 -44.780102
vt 34.358601 -44.653801
vt 34.284401 -44.606998
vt 34.285702 -44.590401
vt 34.091499 -44.590199
vt 34.269100 -44.621201
vt 34.090698 -44.607498
vt 33.922501 -44.605701
vt 34.082901 -44.623798
vt 33.920700 -44.624100
vt 33.743000 -44.620602
vt 33.919998 -44.587799
vt 33.733002 -44.605099
vt 33.720001 -44.592499
vt 33.650200 -44.706299
vt 33.666199 -44.715698
vt 33.632599 -44.702801
vt 33.642101 -44.836201
vt 33.660599 -44.838200
vt 33.624401 -44.842300
vt 33.642200 -45.037601
vt 33.660801 -45.039799
vt 33.624599 -45.043900
vt 33.650600 -45.230400
vt 33.635300 -45.238300
vt 33.669399 -45.227299
vt 33.719002 -45.358601
vt 33.712601 -45.376598
vt 33.733700 -45.347000
vt 33.875000 -45.399899
vt 33.874599 -45.379601
vt 34.029701 -45.384499
vt 34.031200 -45.404800
vt 33.876202 -45.364799
vt 34.350800 -44.782501
vt 34.378799 -44.965500
vt 34.362000 -44.969501
vt 34.370098 -45.117100
vt 34.342800 -44.966900
vt 34.332500 -44.779598
vt 34.335602 -45.128300
vt 34.355301 -45.127800
vt 34.349098 -45.238602
vt 34.369301 -45.242100
vt 34.326199 -45.311199
vt 34.309898 -45.303001
vt 34.300301 -45.285801
vt 34.200600 -45.319199
vt 34.203400 -45.339699
vt 34.326199 -44.665401
vt 34.027599 -45.338299
vt 34.026199 -45.317501
vt 33.874298 -45.332199
vt 33.871498 -45.352798
vt 33.766499 -45.293499
vt 33.746899 -45.300800
vt 33.711601 -45.192402
vt 33.691601 -45.197201
vt 33.723900 -45.092800
vt 33.739399 -45.098801
vt 33.704700 -45.089199
vt 33.747799 -44.977501
vt 33.731602 -44.974899
vt 33.712002 -44.974998
vt 33.721001 -44.862499
vt 33.756100 -44.871899
vt 33.740398 -44.862598
vt 33.750900 -44.764900
vt 33.734200 -44.760300
vt 33.716202 -44.754299
vt 33.776001 -44.699100
vt 33.785400 -44.734200
vt 33.782902 -44.716000
vt 33.980499 -44.721500
vt 33.980598 -44.738998
vt 33.978802 -44.757801
vt 34.167801 -44.754501
vt 34.169498 -44.718201
vt 34.173801 -44.735802
vt 33.171200 -45.141102
vt 33.166401 -45.156502
vt 33.171398 -45.158401
vt 33.158001 -45.131500
vt 33.160801 -45.126999
vt 33.166199 -45.142700
vt 34.741798 -45.349701
vt 34.745399 -45.323002
vt 34.734001 -45.328999
vt 34.758400 -45.341000
vt 34.767200 -45.330898
vt 34.751400 -45.316101
vt 34.439701 -44.746201
vt 34.449799 -44.761799
vt 34.452801 -44.757500
vt 34.466400 -44.765301
vt 34.466099 -44.760201
vt 34.471401 -44.750500
vt 34.463402 -44.738098
vt 34.444801 -44.744999
vt 34.450100 -44.735298
vt 34.486000 -45.159302
vt 34.517601 -45.244499
vt 34.534901 -45.233398
vt 34.557701 -45.312801
vt 34.577000 -45.305801
vt 34.768200 -45.279499
vt 34.786598 -45.166000
vt 34.750301 -45.269501
vt 34.766102 -45.163601
vt 34.771900 -45.049702
vt 34.751499 -45.048199
vt 34.751499 -44.985001
vt 34.771801 -44.982101
vt 34.737202 -45.050701
vt 34.737202 -44.974998
vt 33.803902 -44.663399
vt 33.796700 -44.687599
vt 33.807499 -44.685101
vt 33.788200 -44.667099
vt 33.773300 -44.676102
vt 33.786499 -44.693802
vt 34.028500 -44.771599
vt 34.017200 -44.794998
vt 34.029800 -44.786499
vt 34.033100 -44.788799
vt 34.014801 -44.765099
vt 34.003502 -44.788502
vt 34.002300 -44.773499
vt 33.998600 -44.772499
vt 34.000099 -44.791302
vt 34.017399 -44.799500
vt 34.029999 -45.162800
vt 34.018398 -45.172401
vt 34.021000 -45.187199
vt 34.014801 -45.170399
vt 34.035301 -45.192299
vt 34.044300 -45.167999
vt 34.047001 -45.182701
vt 34.050800 -45.183399
vt 34.047401 -45.164902
vt 34.029400 -45.158401
vt 34.150101 -45.377899
vt 34.141499 -45.360802
vt 34.135399 -45.380798
vt 34.151600 -45.358799
vt 34.163898 -45.360199
vt 34.139000 -45.384701
vt 34.150700 -45.382401
vt 34.167999 -45.380001
vt 34.165001 -45.384102
vt 34.367699 -44.739300
vt 34.350899 -44.726799
vt 34.355301 -44.742802
vt 34.368900 -44.721699
vt 34.383499 -44.731602
vt 34.377800 -44.746101
vt 33.430099 -44.911598
vt 33.453999 -44.909901
vt 33.440498 -44.895699
vt 33.446899 -44.920799
vt 33.543098 -45.020100
vt 33.518799 -45.029701
vt 33.533699 -45.032001
vt 33.535599 -45.035702
vt 33.513302 -45.015598
vt 33.537601 -45.006001
vt 33.522701 -45.003700
vt 33.540501 -45.002899
vt 33.547401 -45.020699
vt 33.965500 -44.615700
vt 33.948502 -44.634300
vt 33.959301 -44.636700
vt 33.949799 -44.612099
vt 33.932499 -44.613701
vt 33.936600 -44.635399
vt 34.398800 -44.716499
vt 34.412399 -44.695499
vt 34.394299 -44.695202
vt 34.411201 -44.716702
vt 34.421200 -44.716499
vt 34.397400 -44.691502
vt 34.411701 -44.691799
vt 34.426998 -44.695202
vt 34.268200 -45.377399
vt 34.260101 -45.360100
vt 34.253502 -45.379902
vt 34.270199 -45.358299
vt 34.282501 -45.360100
vt 34.257000 -45.383900
vt 34.268700 -45.381901
vt 34.286201 -45.379902
vt 34.283001 -45.383900
vt 34.496101 -45.177700
vt 34.478802 -45.177399
vt 34.481201 -45.180901
vt 34.497501 -45.173500
vt 34.476700 -45.195099
vt 34.510399 -45.187500
vt 34.486900 -45.206299
vt 34.506302 -45.188900
vt 34.504601 -45.205502
vt 34.501801 -45.203201
vt 33.675999 -45.165699
vt 33.738998 -45.120899
vt 33.722801 -45.110298
vt 33.636200 -45.151901
vt 33.675499 -45.201500
vt 33.684601 -45.184502
vt 33.535500 -45.057098
vt 33.618801 -45.162899
vt 33.640800 -45.137501
vt 33.517601 -45.066601
vt 33.544701 -45.043499
vt 33.433399 -44.975399
vt 33.457001 -44.949600
vt 33.443001 -44.957100
vt 33.343899 -44.947102
vt 33.344898 -44.926601
vt 33.233299 -44.942799
vt 33.239498 -44.962601
vt 33.205299 -44.961800
vt 33.224400 -44.975201
vt 33.171200 -45.091599
vt 33.192001 -45.102299
vt 33.183701 -45.141800
vt 33.196499 -45.128101
vt 33.149601 -45.100498
vt 33.177898 -45.159302
vt 33.285900 -45.151901
vt 33.284599 -45.131599
vt 33.334202 -45.126900
vt 33.326000 -45.109901
vt 33.397800 -45.057499
vt 33.343498 -45.137100
vt 33.415100 -45.070702
vt 33.448799 -44.985901
vt 33.428600 -44.980900
vt 33.467201 -44.938801
vt 33.451000 -44.923500
vt 33.515800 -44.955799
vt 33.524601 -45.065102
vt 33.531399 -44.953602
vt 33.550701 -44.959599
vt 33.547199 -45.064301
vt 33.508301 -45.062801
vt 33.549599 -45.142799
vt 33.529499 -45.148201
vt 34.817001 -44.919498
vt 34.821701 -44.897800
vt 34.804501 -44.896599
vt 34.794201 -44.919998
vt 34.788601 -44.898499
vt 34.805099 -44.918701
vt 34.789299 -44.969299
vt 34.809700 -45.028599
vt 34.809601 -44.963501
vt 34.789001 -45.028599
vt 34.809601 -45.098202
vt 34.789299 -45.099701
vt 34.812901 -45.126598
vt 34.824001 -45.114899
vt 34.813301 -45.110802
vt 34.795502 -45.129700
vt 34.798500 -45.134102
vt 34.828499 -45.132599
vt 34.812302 -45.131599
vt 34.824699 -45.136398
vt 33.577999 -45.130001
vt 33.592899 -45.127102
vt 33.593399 -45.122002
vt 33.580700 -45.133499
vt 33.610298 -45.131001
vt 33.581902 -45.147099
vt 33.611801 -45.147999
vt 33.606300 -45.134300
vt 33.607498 -45.147800
vt 33.595299 -45.154202
vt 33.345299 -44.929699
vt 33.364498 -44.930000
vt 33.362598 -44.925098
vt 33.374298 -44.917400
vt 33.370399 -44.915100
vt 33.362999 -44.904800
vt 33.347801 -44.904499
vt 33.347401 -44.924801
vt 33.335999 -44.916698
vt 33.340000 -44.914501
vt 34.151001 -45.342899
vt 34.062000 -45.285702
vt 34.138699 -45.358898
vt 34.077499 -45.271999
vt 33.994598 -45.091499
vt 34.013500 -45.084599
vt 33.968899 -44.919998
vt 33.989399 -44.915901
vt 34.020901 -44.720001
vt 34.041401 -44.716900
vt 33.762699 -44.719002
vt 33.701698 -44.874599
vt 33.772099 -44.733700
vt 33.716599 -44.876202
vt 33.736698 -44.878201
vt 33.790298 -44.742001
vt 33.718601 -45.028801
vt 33.702202 -45.029701
vt 33.737499 -45.029499
vt 33.704700 -45.111698
vt 34.382900 -45.323502
vt 34.408401 -45.201599
vt 34.372601 -45.307201
vt 34.372700 -45.200600
vt 34.354801 -45.300301
vt 34.345699 -45.026199
vt 34.362301 -45.023899
vt 34.345501 -44.874298
vt 34.391201 -45.199699
vt 34.381599 -45.022999
vt 34.361900 -44.876202
vt 34.381401 -44.875099
vt 34.362301 -44.778000
vt 34.381599 -44.770000
vt 34.345699 -44.766499
vt 34.441799 -44.716202
vt 34.452499 -44.771702
vt 34.462601 -44.714901
vt 34.432098 -44.776001
vt 34.435101 -44.978699
vt 34.414398 -44.980499
vt 34.467800 -45.169498
vt 34.828800 -45.090302
vt 34.815201 -45.107101
vt 34.822300 -45.112400
vt 34.839199 -45.098000
vt 34.849300 -45.113899
vt 34.829201 -45.123402
vt 33.232800 -45.105400
vt 33.254002 -45.112301
vt 33.248600 -45.100399
vt 33.240799 -45.122799
vt 33.553699 -44.715500
vt 33.549301 -44.735298
vt 33.560799 -44.729301
vt 33.536999 -44.724201
vt 33.536598 -44.718899
vt 33.549900 -44.712002
vt 33.555199 -44.701500
vt 33.560299 -44.702301
vt 34.295700 -45.422100
vt 34.275200 -45.406300
vt 34.280399 -45.427898
vt 34.285702 -45.402401
vt 34.295399 -45.396000
vt 34.309898 -45.412800
vt 33.411098 -44.890598
vt 33.442699 -44.792500
vt 33.396400 -44.884499
vt 33.330101 -44.997200
vt 33.423302 -44.788399
vt 33.413601 -44.770802
vt 33.380001 -44.874298
vt 33.316700 -44.987701
vt 33.300701 -44.976501
vt 33.261799 -45.071701
vt 33.279999 -45.076801
vt 33.249699 -45.144901
vt 33.231800 -45.141102
vt 33.294701 -45.086300
vt 33.260399 -45.162601
vt 33.256500 -45.323799
vt 33.235901 -45.236401
vt 33.235901 -45.327099
vt 33.256500 -45.235001
vt 33.210701 -45.070900
vt 34.195301 -45.333199
vt 34.200600 -45.317501
vt 34.196098 -45.314800
vt 34.211800 -45.304501
vt 34.199902 -45.332100
vt 34.211700 -45.338501
vt 34.224201 -45.330299
vt 34.213100 -45.309299
vt 34.226700 -45.312599
vt 34.224899 -45.315701
vt 33.974201 -44.603500
vt 33.985699 -44.584000
vt 33.968399 -44.583302
vt 33.986000 -44.604099
vt 33.996899 -44.602299
vt 33.971500 -44.579201
vt 34.001400 -44.581501
vt 33.997700 -44.577801
vt 33.985199 -44.579800
vt 33.956699 -44.596401
vt 33.970600 -44.573799
vt 33.952599 -44.574600
vt 33.979099 -44.597599
vt 33.985199 -44.576302
vt 33.969002 -44.595901
vt 33.631100 -45.293499
vt 33.646099 -45.301899
vt 33.649101 -45.297501
vt 33.631802 -45.298801
vt 33.616501 -45.300900
vt 33.620201 -45.304699
vt 34.546001 -44.929600
vt 34.543900 -44.950600
vt 34.559502 -44.939999
vt 34.535301 -44.936901
vt 34.560501 -44.945099
vt 34.548100 -44.953602
vt 34.543900 -44.964100
vt 34.538700 -44.963902
vt 34.478298 -44.728100
vt 34.460499 -44.747398
vt 34.473400 -44.749001
vt 34.462399 -44.722401
vt 34.477299 -44.724300
vt 34.459499 -44.725700
vt 34.034500 -44.853802
vt 34.050400 -44.848202
vt 34.050201 -44.843399
vt 34.067501 -44.851501
vt 34.037899 -44.856400
vt 34.039101 -44.870998
vt 34.064098 -44.854599
vt 34.052898 -44.877399
vt 34.065399 -44.869202
vt 33.602600 -44.999199
vt 33.593700 -45.023998
vt 33.605400 -45.014198
vt 33.609100 -45.015598
vt 33.588299 -44.993999
vt 33.576698 -45.003899
vt 33.587601 -44.990299
vt 33.573002 -45.002701
vt 33.579399 -45.018799
vt 33.576401 -45.021500
vt 33.594398 -45.028000
vt 33.631802 -45.338600
vt 33.618401 -45.357899
vt 33.636398 -45.358898
vt 33.619400 -45.337898
vt 33.609402 -45.339401
vt 33.633499 -45.362999
vt 33.603802 -45.360100
vt 33.607498 -45.363899
vt 33.619099 -45.362099
vt 33.515800 -44.729698
vt 33.521198 -44.708099
vt 33.502499 -44.706299
vt 33.502998 -44.728401
vt 33.241798 -45.327999
vt 33.258301 -45.344898
vt 33.252701 -45.324600
vt 33.242500 -45.349800
vt 33.225201 -45.346298
vt 33.229900 -45.325600
vt 34.295300 -45.367500
vt 34.341801 -45.276299
vt 34.277199 -45.357800
vt 34.324001 -45.265701
vt 34.371899 -45.227100
vt 34.389198 -45.229000
vt 34.359200 -45.211300
vt 34.455299 -45.176998
vt 34.464001 -45.195599
vt 34.542999 -45.201599
vt 34.648499 -45.239700
vt 34.556999 -45.188099
vt 34.538200 -45.218800
vt 34.642700 -45.257999
vt 34.751801 -45.292500
vt 34.655102 -45.224701
vt 34.762299 -45.274899
vt 34.804001 -45.300701
vt 34.766701 -45.260899
vt 34.794701 -45.263302
vt 34.808998 -45.281799
vt 34.850399 -45.150501
vt 34.828800 -45.143200
vt 34.796398 -45.119999
vt 34.807999 -45.150501
vt 34.706699 -45.073399
vt 34.711800 -45.058498
vt 34.803501 -45.100700
vt 34.663898 -45.037102
vt 34.816299 -45.091599
vt 34.714100 -45.034401
vt 34.715401 -45.039101
vt 34.673100 -45.022099
vt 34.674000 -45.002701
vt 34.606602 -45.003799
vt 34.602200 -44.984100
vt 34.593498 -45.021801
vt 34.531101 -44.935501
vt 34.486000 -44.877499
vt 34.514801 -44.941399
vt 34.548302 -44.921200
vt 34.493401 -44.865501
vt 34.512299 -44.856400
vt 34.472801 -44.803001
vt 34.468601 -44.743099
vt 34.484200 -44.756699
vt 34.450500 -44.808800
vt 34.449299 -44.748299
vt 34.460800 -44.838001
vt 34.479500 -44.792500
vt 34.459301 -44.792801
vt 34.475700 -44.840599
vt 34.444599 -44.786701
vt 34.450001 -44.841499
vt 34.463200 -44.857899
vt 34.458900 -44.859299
vt 34.469200 -44.859001
vt 33.195301 -45.019100
vt 33.206799 -45.042500
vt 33.207901 -45.027500
vt 33.211399 -45.025200
vt 33.193100 -45.049000
vt 33.181599 -45.025600
vt 33.180500 -45.040600
vt 33.178299 -45.022900
vt 33.195499 -45.014599
vt 33.190399 -45.074600
vt 33.191502 -44.997200
vt 33.212002 -44.997799
vt 33.210701 -44.915401
vt 33.190399 -44.915100
vt 33.184200 -44.975700
vt 33.204498 -44.944099
vt 33.184502 -44.938301
vt 33.204700 -44.977001
vt 33.175999 -45.088501
vt 33.155800 -45.085999
vt 33.171600 -45.127499
vt 33.164501 -45.126598
vt 33.204498 -44.979401
vt 33.186699 -44.987598
vt 33.198601 -44.992699
vt 33.187099 -44.972000
vt 34.422001 -45.178699
vt 34.401600 -45.191799
vt 34.412102 -45.197300
vt 34.406601 -45.170601
vt 34.389702 -45.171101
vt 34.389999 -45.192101
vt 34.625702 -45.218899
vt 34.634998 -45.229500
vt 34.637001 -45.224602
vt 34.654099 -45.229599
vt 34.629601 -45.216099
vt 34.652199 -45.224602
vt 34.664001 -45.219101
vt 34.660000 -45.216202
vt 33.854401 -44.655602
vt 33.834499 -44.774300
vt 33.872200 -44.665401
vt 33.919601 -44.601898
vt 33.932201 -44.618599
vt 33.958599 -44.595402
vt 33.988899 -44.708599
vt 33.979099 -44.592499
vt 34.008701 -44.702801
vt 34.056801 -44.842300
vt 34.037601 -44.850399
vt 34.140099 -45.043900
vt 34.120998 -45.052299
vt 34.178101 -45.238300
vt 34.158401 -45.243099
vt 34.210400 -45.382900
vt 34.228500 -45.376598
vt 33.829899 -44.966900
vt 33.854900 -44.779598
vt 33.810200 -44.960300
vt 33.743801 -45.128300
vt 33.685699 -45.238602
vt 33.671101 -45.227501
vt 33.715698 -45.107498
vt 33.655701 -45.220001
vt 33.725899 -45.118099
vt 33.627399 -45.277000
vt 33.645199 -45.285801
vt 33.651402 -45.300800
vt 33.632401 -45.197201
vt 33.631901 -45.302101
vt 33.612900 -45.202702
vt 33.615501 -45.296299
vt 33.598000 -45.203400
vt 33.568298 -45.097500
vt 33.601501 -45.089199
vt 33.581200 -45.091499
vt 33.584702 -44.977699
vt 33.605099 -44.974998
vt 33.568199 -44.862499
vt 33.549801 -44.871498
vt 33.537399 -44.752998
vt 33.558201 -44.754299
vt 33.858898 -45.090302
vt 33.851799 -45.112701
vt 33.863701 -45.107101
vt 33.841599 -45.098499
vt 33.669102 -45.105400
vt 33.659000 -45.091702
vt 33.656300 -45.096298
vt 33.664299 -45.107201
vt 33.665401 -45.120998
vt 33.670502 -45.122799
vt 34.246899 -44.719700
vt 34.239799 -44.704899
vt 34.234699 -44.706501
vt 34.249500 -44.715401
vt 34.262600 -44.724201
vt 34.261902 -44.718899
vt 33.943001 -45.403801
vt 33.935699 -45.424198
vt 33.954498 -45.427898
vt 33.955898 -45.406300
vt 33.775799 -44.741100
vt 33.842499 -44.755299
vt 33.846802 -44.737598
vt 33.840698 -44.719200
vt 33.773899 -44.759899
vt 33.766602 -44.724800
vt 33.706799 -44.770802
vt 33.694199 -44.757301
vt 33.658001 -44.870201
vt 33.712601 -44.788399
vt 33.677799 -44.874298
vt 33.660500 -44.974602
vt 33.681099 -44.976501
vt 33.685699 -45.071701
vt 33.665798 -45.076000
vt 33.720501 -45.141102
vt 33.706799 -45.154800
vt 33.834000 -45.247398
vt 33.821899 -45.262699
vt 33.702801 -45.172501
vt 33.950298 -45.311798
vt 33.811798 -45.275299
vt 33.946400 -45.331200
vt 33.943901 -45.346500
vt 34.017899 -45.300201
vt 34.030701 -45.315300
vt 34.059700 -45.230202
vt 34.040798 -45.327099
vt 34.079201 -45.234001
vt 34.094501 -45.236401
vt 34.079399 -45.081402
vt 34.336601 -45.314800
vt 34.314899 -45.311501
vt 34.311199 -45.324100
vt 34.331200 -45.333199
vt 34.211201 -44.580002
vt 34.209999 -44.601299
vt 34.222900 -44.603500
vt 34.230000 -44.583302
vt 34.228401 -44.579201
vt 34.213501 -44.576599
vt 33.816601 -44.577801
vt 33.822399 -44.598598
vt 33.835098 -44.596401
vt 33.835098 -44.574600
vt 33.639801 -44.756199
vt 33.615101 -44.765099
vt 33.636398 -44.768700
vt 33.619999 -44.746899
vt 33.615898 -44.748402
vt 33.612000 -44.762798
vt 34.243599 -45.292999
vt 34.268398 -45.300900
vt 34.253899 -45.285198
vt 34.253399 -45.312401
vt 34.257702 -45.313702
vt 34.269600 -45.304699
vt 34.083401 -44.945999
vt 34.107300 -44.950600
vt 34.092201 -44.936901
vt 34.078701 -44.966499
vt 34.072498 -44.947800
vt 34.094501 -44.963902
vt 33.979301 -44.724701
vt 33.992199 -44.747398
vt 33.997101 -44.725700
vt 33.969700 -44.747700
vt 33.964298 -44.726101
vt 33.980000 -44.746700
vt 34.384300 -44.853802
vt 34.363300 -44.850399
vt 34.359699 -44.863098
vt 34.379200 -44.872101
vt 34.383400 -44.870998
vt 34.387501 -44.856400
vt 34.283501 -45.005402
vt 34.283901 -45.018299
vt 34.304798 -45.002701
vt 34.308998 -45.018799
vt 34.308498 -45.003899
vt 34.305401 -45.021500
vt 33.875801 -45.341599
vt 33.894299 -45.360100
vt 33.888599 -45.339401
vt 33.878899 -45.366501
vt 33.893600 -45.363899
vt 33.875702 -45.363400
vt 33.639900 -45.119801
vt 33.615101 -45.128700
vt 33.636501 -45.132301
vt 33.620098 -45.110500
vt 33.616100 -45.112000
vt 33.612099 -45.126499
vt 33.812500 -44.707802
vt 33.824402 -44.728401
vt 33.826500 -44.706299
vt 33.814701 -44.729500
vt 33.802399 -44.731701
vt 33.794498 -44.711201
vt 33.901100 -45.337799
vt 33.924801 -45.325600
vt 33.912998 -45.319698
vt 33.918201 -45.346298
vt 33.914700 -45.348499
vt 33.901100 -45.341801
vt 33.879101 -45.364700
vt 33.798500 -45.271702
vt 33.867100 -45.381401
vt 33.815498 -45.263302
vt 33.834301 -45.265701
vt 33.848099 -45.197300
vt 33.862499 -45.211300
vt 33.960499 -45.195599
vt 34.050400 -45.201599
vt 33.956501 -45.176998
vt 34.039600 -45.218800
vt 34.012901 -45.301102
vt 34.032799 -45.282200
vt 34.012100 -45.282799
vt 33.897701 -45.150501
vt 34.024799 -45.263901
vt 33.878101 -45.165100
vt 33.868401 -45.119999
vt 33.851101 -45.130299
vt 33.908401 -45.143200
vt 33.871899 -45.100700
vt 33.926102 -45.000198
vt 34.020302 -44.966400
vt 33.929298 -44.982399
vt 33.936199 -45.020000
vt 34.014099 -44.950600
vt 34.031601 -44.982101
vt 34.067501 -44.933201
vt 34.089001 -44.941399
vt 34.061199 -44.918999
vt 34.077900 -44.880501
vt 34.095100 -44.877499
vt 34.104401 -44.935501
vt 34.110600 -44.865501
vt 34.063999 -44.815899
vt 34.029999 -44.781101
vt 34.046101 -44.817200
vt 34.084801 -44.808800
vt 34.032101 -44.767300
vt 34.040401 -44.748299
vt 33.935699 -44.737400
vt 33.939098 -44.759800
vt 33.941601 -44.776501
vt 33.890202 -44.792801
vt 33.876400 -44.786701
vt 33.857201 -44.780399
vt 33.869900 -44.838001
vt 33.859299 -44.841499
vt 33.845699 -44.847500
vt 33.857498 -44.859299
vt 33.852001 -44.861698
vt 34.099300 -45.041698
vt 34.080502 -45.022800
vt 34.078499 -45.035801
vt 34.105400 -45.025600
vt 34.103100 -45.040600
vt 34.102200 -45.022900
vt 34.060101 -45.084499
vt 34.059601 -45.000801
vt 34.094398 -45.074600
vt 34.079399 -44.998798
vt 34.094700 -44.997200
vt 34.029999 -44.930199
vt 34.017799 -44.945599
vt 33.971401 -44.915001
vt 34.036499 -44.915100
vt 33.971401 -44.898899
vt 33.971500 -44.934502
vt 33.925098 -44.938301
vt 33.914200 -44.922100
vt 33.901798 -44.911301
vt 33.884102 -44.968800
vt 33.902302 -44.975700
vt 33.868999 -44.963001
vt 33.905399 -45.085999
vt 33.885799 -45.087700
vt 33.895302 -45.126598
vt 33.888500 -45.127201
vt 33.870201 -45.091900
vt 33.883099 -45.128700
vt 33.867401 -44.981300
vt 33.878799 -45.005501
vt 33.885101 -44.993999
vt 33.858200 -44.998100
vt 33.856300 -44.994400
vt 33.863602 -44.981098
vt 33.864498 -45.198002
vt 33.876202 -45.192101
vt 33.852001 -45.179699
vt 33.868999 -45.171101
vt 34.060398 -45.228199
vt 34.082600 -45.218899
vt 34.070000 -45.208401
vt 34.069099 -45.235401
vt 34.077999 -45.242699
vt 34.095501 -45.229500
vt 33.642300 -44.956402
vt 33.631401 -44.775002
vt 33.623402 -44.959000
vt 33.649502 -44.771999
vt 33.667599 -44.774300
vt 33.641102 -44.644100
vt 33.673401 -44.655602
vt 33.657101 -44.645000
vt 33.728001 -44.587898
vt 33.743099 -44.601898
vt 33.915401 -44.589199
vt 33.923100 -44.605301
vt 33.744701 -44.618599
vt 33.924000 -44.622601
vt 34.083698 -44.624401
vt 34.084099 -44.588200
vt 34.085999 -44.606400
vt 34.260201 -44.623501
vt 34.273201 -44.610901
vt 34.335701 -44.721600
vt 34.283100 -44.595402
vt 34.369099 -44.708599
vt 34.353298 -44.717999
vt 34.338699 -44.846500
vt 34.374699 -44.850399
vt 34.356400 -44.852501
vt 34.374500 -45.052299
vt 34.338600 -45.048302
vt 34.356201 -45.054501
vt 34.361198 -45.243099
vt 34.327301 -45.232300
vt 34.342602 -45.240200
vt 34.279202 -45.382900
vt 34.257999 -45.353600
vt 34.264500 -45.371498
vt 34.121399 -45.390800
vt 34.121799 -45.370499
vt 33.970501 -45.380199
vt 33.969002 -45.400700
vt 33.648701 -45.220001
vt 33.634602 -45.107101
vt 33.628700 -45.223598
vt 33.676498 -45.285400
vt 33.619701 -45.234600
vt 33.667099 -45.302399
vt 33.795700 -45.341400
vt 33.798401 -45.321201
vt 33.653999 -45.107498
vt 33.692799 -45.277000
vt 33.975601 -45.333401
vt 33.659302 -44.960300
vt 33.977001 -45.312801
vt 34.124901 -45.326698
vt 34.127800 -45.347099
vt 34.230000 -45.289101
vt 34.249298 -45.296299
vt 34.279301 -45.198799
vt 34.299099 -45.203400
vt 34.283901 -45.097500
vt 34.264599 -45.101101
vt 34.255798 -44.980301
vt 34.313599 -45.202702
vt 34.299099 -45.091499
vt 34.275398 -44.980400
vt 34.291401 -44.977699
vt 34.267399 -44.880798
vt 34.282799 -44.871498
vt 34.247898 -44.881001
vt 34.250599 -44.763599
vt 34.268600 -44.757702
vt 34.285099 -44.752998
vt 34.225800 -44.718201
vt 34.228298 -44.700199
vt 34.021301 -44.722801
vt 34.219002 -44.735199
vt 34.023201 -44.741299
vt 34.023102 -44.758900
vt 34.838799 -45.161499
vt 34.829102 -45.140598
vt 34.821999 -45.150299
vt 34.849098 -45.147400
vt 34.849300 -45.130100
vt 34.829201 -45.128700
vt 33.254002 -45.315102
vt 33.257401 -45.338200
vt 33.265499 -45.321098
vt 33.240799 -45.329498
vt 33.240799 -45.334599
vt 33.254002 -45.341499
vt 33.549301 -44.752201
vt 33.526901 -44.753101
vt 33.542400 -44.763000
vt 33.536999 -44.737400
vt 34.279301 -45.064301
vt 34.285000 -45.048100
vt 34.280399 -45.045502
vt 34.295700 -45.035599
vt 34.297100 -45.040100
vt 34.308399 -45.047100
vt 34.307499 -45.062000
vt 34.284100 -45.063000
vt 34.295300 -45.070000
vt 33.482498 -45.237301
vt 33.516800 -45.157501
vt 33.465099 -45.226101
vt 33.442699 -45.294300
vt 33.423302 -45.287399
vt 33.252899 -45.287300
vt 33.219700 -45.188202
vt 33.234798 -45.297199
vt 33.240398 -45.186001
vt 33.235901 -45.056099
vt 33.256500 -45.054699
vt 33.256500 -44.962101
vt 33.221901 -44.969299
vt 33.235901 -44.959202
vt 34.192001 -44.688801
vt 34.210098 -44.677799
vt 34.195301 -44.668800
vt 34.202202 -44.694901
vt 34.213001 -44.697498
vt 34.199902 -44.666302
vt 34.211700 -44.673500
vt 34.225800 -44.681400
vt 34.224201 -44.676399
vt 33.843800 -45.365601
vt 33.861301 -45.385700
vt 33.856201 -45.364201
vt 33.843300 -45.387798
vt 33.828602 -45.384899
vt 33.833801 -45.363602
vt 33.652500 -44.741798
vt 33.637199 -44.746399
vt 33.637901 -44.751701
vt 33.648800 -44.738499
vt 33.619900 -44.746601
vt 33.646099 -44.726601
vt 33.622898 -44.742298
vt 33.631802 -44.722500
vt 33.620201 -44.730400
vt 34.568802 -44.909199
vt 34.552200 -44.917000
vt 34.564602 -44.919399
vt 34.560501 -44.896599
vt 34.564701 -44.924400
vt 34.549099 -44.921299
vt 34.543900 -44.904301
vt 34.548100 -44.894199
vt 34.538700 -44.905499
vt 34.041801 -44.640301
vt 34.053299 -44.622398
vt 34.035999 -44.620800
vt 34.053699 -44.641399
vt 34.064499 -44.638901
vt 34.039101 -44.616600
vt 34.069099 -44.618900
vt 34.065399 -44.615002
vt 34.052898 -44.617901
vt 33.581100 -44.716099
vt 33.594398 -44.694302
vt 33.576401 -44.694599
vt 33.593498 -44.715900
vt 33.603500 -44.716099
vt 33.609100 -44.694599
vt 33.633499 -45.101700
vt 33.624599 -45.126202
vt 33.636200 -45.116501
vt 33.639900 -45.118401
vt 33.619099 -45.096699
vt 33.610199 -45.121101
vt 33.607498 -45.106400
vt 33.607201 -45.124298
vt 33.625301 -45.130600
vt 33.725399 -45.365299
vt 33.743301 -45.384998
vt 33.737701 -45.363499
vt 33.725300 -45.387501
vt 33.710602 -45.384899
vt 33.715302 -45.363499
vt 33.258301 -45.083801
vt 33.242199 -45.079300
vt 33.254799 -45.086899
vt 33.253700 -45.100498
vt 33.242500 -45.074200
vt 33.225201 -45.081799
vt 33.240002 -45.106499
vt 33.228500 -45.085300
vt 33.227402 -45.098900
vt 34.280998 -45.134201
vt 34.351101 -45.180302
vt 34.297100 -45.123600
vt 34.389198 -45.144901
vt 34.341801 -45.163601
vt 34.491001 -45.062401
vt 34.393902 -45.159401
vt 34.464001 -45.039501
vt 34.371899 -45.134102
vt 34.481701 -45.048901
vt 34.547699 -44.978802
vt 34.561901 -44.986301
vt 34.538200 -44.960400
vt 34.643700 -44.942501
vt 34.642700 -44.922001
vt 34.745701 -44.952202
vt 34.751801 -44.932499
vt 34.804001 -44.973801
vt 34.784901 -44.987099
vt 34.851200 -45.120201
vt 34.830299 -45.130901
vt 34.796398 -45.131599
vt 34.706699 -45.138901
vt 34.801998 -45.148899
vt 34.705200 -45.159401
vt 34.655499 -45.130199
vt 34.663898 -45.113098
vt 34.673100 -45.103100
vt 34.606602 -45.047401
vt 34.576099 -45.063801
vt 34.593498 -45.050499
vt 34.547401 -44.968399
vt 34.567799 -44.963402
vt 34.531101 -44.895599
vt 34.514801 -44.910999
vt 34.497200 -44.922100
vt 34.443001 -44.936001
vt 34.457802 -44.953899
vt 34.446201 -45.060902
vt 34.461201 -44.970001
vt 34.445499 -44.967899
vt 34.485401 -45.059399
vt 34.462601 -45.058399
vt 34.480701 -44.964001
vt 34.459301 -45.109798
vt 34.444599 -45.123600
vt 34.479500 -45.115398
vt 34.463200 -45.138302
vt 34.458900 -45.142502
vt 34.460602 -45.147999
vt 34.466599 -45.149200
vt 34.469200 -45.139599
vt 34.470901 -45.145000
vt 33.204800 -44.922001
vt 33.209999 -44.901501
vt 33.192699 -44.902599
vt 33.193001 -44.922798
vt 33.182098 -44.921501
vt 33.206799 -44.897499
vt 33.176899 -44.900700
vt 33.193100 -44.898399
vt 33.180500 -44.896900
vt 33.184101 -45.028500
vt 33.204498 -44.987999
vt 33.184502 -44.982201
vt 33.204601 -45.028500
vt 33.184502 -45.074902
vt 33.204498 -45.076401
vt 33.217701 -45.088799
vt 33.218201 -45.028599
vt 33.164501 -45.104698
vt 33.176300 -45.108601
vt 33.171600 -45.103298
vt 33.173801 -45.115501
vt 33.162102 -45.111500
vt 33.166698 -45.116901
vt 33.206299 -45.138901
vt 33.199902 -45.119202
vt 33.189098 -45.123402
vt 33.190701 -45.144901
vt 33.173302 -45.141800
vt 33.177200 -45.121201
vt 34.420502 -45.147099
vt 34.411098 -45.134800
vt 34.399502 -45.140999
vt 34.403599 -45.156101
vt 34.651402 -44.921799
vt 34.634998 -44.904499
vt 34.638302 -44.922001
vt 34.654099 -44.904099
vt 33.932201 -45.255299
vt 33.872200 -45.326199
vt 33.947899 -45.269100
vt 33.884602 -45.342201
vt 34.009701 -45.082901
vt 33.990700 -45.076000
vt 34.031799 -44.920700
vt 34.011200 -44.916302
vt 33.979801 -44.743000
vt 33.959202 -44.739799
vt 34.210400 -44.720798
vt 34.272900 -44.876999
vt 34.228500 -44.712601
vt 34.201000 -44.735500
vt 34.292900 -44.875000
vt 34.258202 -44.878601
vt 34.295399 -45.031200
vt 34.276501 -45.031799
vt 34.260101 -45.030998
vt 34.262798 -45.132900
vt 33.642300 -45.326199
vt 33.611000 -45.205299
vt 33.624599 -45.332901
vt 33.592800 -45.204300
vt 33.615501 -45.024399
vt 33.652699 -45.309898
vt 33.628300 -45.203400
vt 33.631901 -45.026699
vt 33.651402 -45.027599
vt 33.651199 -44.871498
vt 33.631500 -44.870499
vt 33.615299 -44.872200
vt 33.615501 -44.750702
vt 33.651402 -44.746899
vt 33.631901 -44.739101
vt 33.547501 -44.780998
vt 33.555302 -44.750900
vt 33.534401 -44.749401
vt 33.568001 -44.785400
vt 33.567101 -44.976898
vt 33.588001 -44.978802
vt 33.535099 -45.167801
vt 33.185001 -45.112701
vt 33.171398 -45.098499
vt 33.161201 -45.114399
vt 33.178001 -45.123699
vt 33.166401 -45.098099
vt 33.158298 -45.110699
vt 34.733799 -45.112701
vt 34.745300 -45.099201
vt 34.741798 -45.095402
vt 34.758400 -45.091702
vt 34.758598 -45.096298
vt 34.765499 -45.107201
vt 34.759201 -45.120998
vt 34.738998 -45.112999
vt 34.745998 -45.123901
vt 34.742599 -45.126400
vt 34.453098 -44.723202
vt 34.449799 -44.697800
vt 34.441601 -44.717201
vt 34.466400 -44.706501
vt 34.473099 -44.719700
vt 34.457600 -44.732300
vt 33.705399 -45.393398
vt 33.691200 -45.409100
vt 33.706501 -45.414799
vt 33.692501 -45.414200
vt 33.715900 -45.397400
vt 33.725601 -45.403801
vt 33.720699 -45.424198
vt 33.715900 -45.426201
vt 33.704700 -45.418701
vt 34.557701 -44.761101
vt 34.606998 -44.876099
vt 34.577000 -44.757301
vt 34.547699 -44.778702
vt 34.621601 -44.870201
vt 34.590500 -44.886299
vt 34.688702 -44.983898
vt 34.672600 -44.995201
vt 34.727501 -45.085400
vt 34.702000 -44.974602
vt 34.742001 -45.076000
vt 34.775700 -45.154800
vt 34.765202 -45.172501
vt 34.709000 -45.090599
vt 34.747101 -45.176498
vt 34.771900 -45.230202
vt 34.751499 -45.296700
vt 34.771801 -45.300201
vt 34.751499 -45.228699
vt 34.795502 -45.080799
vt 34.004200 -44.600101
vt 34.017399 -44.577499
vt 34.000099 -44.578300
vt 34.026901 -44.601299
vt 34.033100 -44.580002
vt 34.016102 -44.599602
vt 34.023201 -44.599800
vt 34.036098 -44.580299
vt 34.018101 -44.579601
vt 34.035500 -44.600300
vt 34.045601 -44.598598
vt 34.050800 -44.577801
vt 34.021000 -44.575500
vt 34.047001 -44.574100
vt 34.035301 -44.576099
vt 34.155998 -44.772400
vt 34.138699 -44.770802
vt 34.156700 -44.777000
vt 34.141701 -44.767399
vt 34.171398 -44.765099
vt 34.150700 -44.743401
vt 34.139000 -44.752998
vt 34.165001 -44.748402
vt 34.167599 -44.762798
vt 34.347500 -45.308899
vt 34.363098 -45.295700
vt 34.353001 -45.290600
vt 34.362099 -45.316299
vt 34.380100 -45.312401
vt 34.375401 -45.292999
vt 33.430099 -44.942600
vt 33.450401 -44.940498
vt 33.446899 -44.931400
vt 33.435299 -44.955799
vt 33.450901 -44.966499
vt 33.461201 -44.947800
vt 33.535599 -44.726101
vt 33.523201 -44.749298
vt 33.536098 -44.747700
vt 33.516800 -44.728500
vt 33.518799 -44.724602
vt 33.533699 -44.722698
vt 34.388302 -45.341599
vt 34.374699 -45.364399
vt 34.392799 -45.363400
vt 34.365898 -45.340801
vt 34.360100 -45.362202
vt 34.375900 -45.342300
vt 34.273800 -45.136002
vt 34.256699 -45.134499
vt 34.274700 -45.140701
vt 34.259602 -45.131100
vt 34.289398 -45.128700
vt 34.268700 -45.107101
vt 34.257000 -45.116600
vt 34.283001 -45.112000
vt 34.285599 -45.126499
vt 34.501900 -44.731701
vt 34.486000 -44.713001
vt 34.489101 -44.733002
vt 34.476700 -44.707500
vt 34.473099 -44.711498
vt 34.486900 -44.708698
vt 34.504601 -44.711201
vt 34.501801 -44.707298
vt 34.748299 -45.318802
vt 34.743099 -45.336399
vt 34.760300 -45.332802
vt 34.760101 -45.316299
vt 34.771000 -45.319698
vt 34.746300 -45.340599
vt 34.776199 -45.337799
vt 34.759998 -45.337799
vt 34.772598 -45.341801
vt 33.737202 -45.381401
vt 33.657501 -45.282600
vt 33.719002 -45.391102
vt 33.675499 -45.271702
vt 33.606098 -45.215099
vt 33.618801 -45.199200
vt 33.636200 -45.197300
vt 33.517601 -45.169300
vt 33.508999 -45.188000
vt 33.343899 -45.227901
vt 33.438099 -45.209301
vt 33.433399 -45.191898
vt 33.356300 -45.261200
vt 33.452301 -45.222801
vt 33.349499 -45.246201
vt 33.254299 -45.296001
vt 33.249901 -45.282200
vt 33.215099 -45.301102
vt 33.239498 -45.264702
vt 33.229099 -45.282799
vt 33.169701 -45.172501
vt 33.224400 -45.263901
vt 33.185101 -45.121300
vt 33.148800 -45.165199
vt 33.177898 -45.101898
vt 33.191200 -45.165100
vt 33.198002 -45.130299
vt 33.294800 -45.068901
vt 33.291000 -45.049198
vt 33.344501 -45.032501
vt 33.285900 -45.034401
vt 33.343498 -45.012798
vt 33.334202 -44.998001
vt 33.423901 -45.020000
vt 33.415100 -44.982399
vt 33.428200 -45.000198
vt 33.484200 -44.933201
vt 33.502800 -44.880501
vt 33.467201 -44.918999
vt 33.484001 -44.871498
vt 33.451000 -44.912899
vt 33.476398 -44.859402
vt 33.520000 -44.811298
vt 33.542198 -44.817200
vt 33.538799 -44.781101
vt 33.519299 -44.775600
vt 33.556999 -44.815899
vt 33.554501 -44.767300
vt 33.520302 -44.846699
vt 33.529499 -44.780102
vt 33.514900 -44.786201
vt 33.545799 -44.847500
vt 33.549599 -44.780399
vt 33.530899 -44.850101
vt 33.539398 -44.861698
vt 33.533401 -44.862801
vt 34.815498 -45.084499
vt 34.816799 -45.000801
vt 34.796501 -45.001301
vt 34.815498 -44.945599
vt 34.782299 -45.074001
vt 34.737202 -45.231098
vt 34.795502 -44.945900
vt 34.789299 -44.916901
vt 34.809799 -44.963001
vt 34.809601 -44.911301
vt 34.789001 -44.964199
vt 34.817402 -45.094501
vt 34.833302 -45.128700
vt 34.826199 -45.129601
vt 34.837898 -45.091900
vt 34.793701 -44.996101
vt 34.809502 -45.000198
vt 34.797100 -44.992802
vt 34.798500 -44.979500
vt 34.809299 -45.005402
vt 34.826698 -44.998100
vt 34.812302 -44.973701
vt 34.823299 -44.994400
vt 34.824699 -44.981098
vt 33.596401 -45.187801
vt 33.600498 -45.203602
vt 33.611099 -45.198002
vt 33.581902 -45.182499
vt 33.579498 -45.187199
vt 33.611801 -45.179699
vt 33.607498 -45.176498
vt 33.595299 -45.182899
vt 33.361401 -45.228199
vt 33.345299 -45.208500
vt 33.348202 -45.228298
vt 33.364498 -45.208401
vt 34.166000 -44.775002
vt 34.120899 -44.653801
vt 34.145802 -44.780102
vt 34.193401 -44.959000
vt 34.138699 -44.644100
vt 34.062000 -44.590401
vt 34.049099 -44.606998
vt 34.020199 -44.620602
vt 34.010201 -44.721600
vt 34.040798 -44.623501
vt 33.990299 -44.715698
vt 33.962700 -44.846500
vt 33.943298 -44.838200
vt 33.860100 -45.039799
vt 33.879299 -45.048302
vt 33.818600 -45.227299
vt 33.838501 -45.232300
vt 33.790298 -45.353600
vt 33.772099 -45.347000
vt 34.173801 -44.965500
vt 34.259201 -45.117100
vt 34.161999 -44.969501
vt 34.248699 -45.127800
vt 34.330601 -45.234600
vt 34.315201 -45.242100
vt 34.357700 -45.311199
vt 34.345100 -45.223598
vt 34.276901 -45.107101
vt 34.382900 -45.285400
vt 34.375401 -45.302399
vt 34.397598 -45.198799
vt 34.362301 -45.287701
vt 34.381599 -45.289101
vt 34.362999 -45.192402
vt 34.345699 -45.293499
vt 34.378101 -45.193199
vt 34.403702 -45.098801
vt 34.424301 -45.101101
vt 34.421001 -44.980301
vt 34.400501 -44.977501
vt 34.434299 -44.871899
vt 34.452801 -44.881001
vt 34.465599 -44.763599
vt 34.444698 -44.764900
vt 33.739300 -57.000000
vt 34.326199 -56.709499
vt 33.739300 -56.709499
vt 34.326199 -57.000000
vt 33.739300 -57.290501
vt 34.326199 -57.290501
vt 33.673801 -57.000099
vt 33.855000 -56.817001
vt 33.673801 -56.817001
vt 33.855000 -57.000099
vt 33.673801 -57.183102
vt 33.855000 -57.183102
vt 34.308800 -57.136600
vt 33.976700 -57.175701
vt 34.088902 -57.175701
vt 34.308800 -57.272701
vt 34.088902 -57.272701
vt 33.756802 -57.272701
vt 33.976700 -57.272701
vt 33.756802 -57.136600
vt 34.308800 -56.882500
vt 33.756802 -56.882500
vt 34.308800 -56.778900
vt 33.756802 -56.778900
vt 34.308800 -56.734200
vt 33.756802 -56.734200
vt 34.141998 -57.326199
vt 33.851398 -56.739300
vt 33.851398 -57.326199
vt 33.560902 -56.739300
vt 34.141998 -56.739300
vt 33.560902 -57.326199
vt 34.034801 -56.855000
vt 33.851799 -56.673801
vt 33.851799 -56.855000
vt 33.668701 -56.673801
vt 34.034801 -56.673801
vt 33.668701 -56.855000
vt 34.387600 -57.308800
vt 34.387600 -56.756802
vt 34.307598 -56.756802
vt 34.307598 -57.308800
vt 34.134499 -56.756802
vt 34.134499 -57.308800
vt 34.148201 -57.258900
vt 34.407101 -57.000099
vt 33.889400 -57.000099
vt 34.331299 -57.183102
vt 33.965199 -57.183102
vt 34.148201 -56.741199
vt 34.331299 -56.817001
vt 33.965199 -56.817001
vt 33.858002 -57.290501
vt 34.148602 -56.589100
vt 33.737701 -57.000000
vt 33.858002 -56.709499
vt 34.439098 -57.290501
vt 34.148602 -57.410900
vt 34.559502 -57.000000
vt 34.439098 -56.709499
vt 33.692402 -56.724499
vt 33.852200 -56.778900
vt 33.865501 -56.734200
vt 33.848202 -56.882500
vt 33.589500 -56.813202
vt 33.612400 -56.769798
vt 33.873501 -57.136600
vt 33.440498 -57.020599
vt 33.462898 -57.190701
vt 33.598999 -57.295101
vt 33.769100 -57.272701
vt 33.835800 -56.852402
vt 33.829700 -57.010700
vt 33.601898 -56.789700
vt 33.843498 -57.175701
vt 33.673801 -57.000000
vt 34.260700 -56.709499
vt 33.673801 -56.709499
vt 34.260700 -57.000000
vt 33.673801 -57.290501
vt 34.260700 -57.290501
vt 34.145000 -57.000099
vt 34.326199 -56.817001
vt 34.145000 -56.817001
vt 34.326199 -57.000099
vt 34.145000 -57.183102
vt 34.326199 -57.183102
vt 33.911098 -56.852402
vt 33.911098 -57.010700
vt 34.023300 -57.010700
vt 34.023300 -56.852402
vt 34.023300 -57.175701
vt 33.911098 -57.175701
vt 33.691200 -57.020599
vt 33.691200 -57.190701
vt 33.911098 -57.190701
vt 33.911098 -57.020599
vt 33.691200 -56.813202
vt 33.911098 -56.813202
vt 33.911098 -56.789700
vt 33.691200 -56.769798
vt 34.023300 -56.789700
vt 34.243198 -56.769798
vt 34.243198 -56.813202
vt 34.023300 -56.813202
vt 34.243198 -57.020599
vt 34.023300 -57.020599
vt 34.023300 -57.190701
vt 34.243198 -57.190701
vt 34.148602 -57.326199
vt 33.858002 -56.739300
vt 33.858002 -57.326199
vt 34.148602 -56.739300
vt 34.439098 -57.326199
vt 34.439098 -56.739300
vt 34.148201 -56.855000
vt 33.965199 -56.673801
vt 33.965199 -56.855000
vt 34.148201 -56.673801
vt 34.331299 -56.855000
vt 34.331299 -56.673801
vt 33.598999 -57.308800
vt 33.769100 -57.308800
vt 33.769100 -57.088902
vt 33.598999 -57.088902
vt 33.462898 -57.308800
vt 33.462898 -57.088902
vt 33.598999 -56.976700
vt 33.462898 -56.756802
vt 33.462898 -56.976700
vt 33.598999 -56.756802
vt 33.769100 -56.976700
vt 33.769100 -56.756802
vt 33.601898 -57.088902
vt 33.835800 -57.088902
vt 33.835800 -56.976700
vt 33.601898 -56.976700
vt 33.440498 -57.000000
vt 33.851398 -56.589100
vt 33.560902 -56.709499
vt 33.560902 -57.290501
vt 34.141998 -57.290501
vt 33.851398 -57.410900
vt 34.262299 -57.000000
vt 34.141998 -56.709499
vt 34.401001 -57.295101
vt 34.126499 -57.136600
vt 34.230900 -57.272701
vt 34.537102 -57.190701
vt 34.559502 -57.020599
vt 34.410500 -56.813202
vt 34.151798 -56.882500
vt 34.307598 -56.724499
vt 34.387600 -56.769798
vt 34.147800 -56.778900
vt 34.134499 -56.734200
vt 34.164200 -56.852402
vt 34.398102 -56.789700
vt 34.170300 -57.010700
vt 34.156502 -57.175701
vt 42.082802 -51.064301
vt 41.932701 -51.064301
vt 41.933498 -51.199299
vt 42.081902 -51.199299
vt 41.933498 -51.337700
vt 42.081902 -51.337700
vt 41.932701 -51.473000
vt 42.082802 -51.473000
vt 41.644299 -50.568901
vt 42.355701 -50.499199
vt 41.644299 -50.499199
vt 42.355701 -50.568901
vt 41.644299 -50.620399
vt 42.355701 -50.620399
vt 41.653500 -50.717602
vt 42.345699 -50.651100
vt 41.653500 -50.651100
vt 42.345699 -50.717602
vt 41.653500 -50.779598
vt 42.345699 -50.779598
vt 41.890900 -51.081299
vt 41.820202 -50.933399
vt 41.820202 -51.082100
vt 41.890900 -50.934101
vt 41.729401 -50.933300
vt 41.729401 -51.082100
vt 41.248299 -51.082802
vt 41.248299 -50.932701
vt 41.884602 -51.355701
vt 41.814899 -50.644299
vt 41.814899 -51.355701
vt 41.763401 -50.644299
vt 41.884602 -50.644299
vt 41.763401 -51.355701
vt 41.648300 -51.080898
vt 41.374802 -50.935299
vt 41.374802 -51.080200
vt 41.648300 -50.934502
vt 41.761398 -51.082001
vt 41.761398 -50.933498
vt 42.747898 -51.345699
vt 42.681301 -50.653500
vt 42.681301 -51.345699
vt 42.619400 -50.653500
vt 42.747898 -50.653500
vt 42.619400 -51.345699
vt 42.192501 -50.620399
vt 42.071201 -50.576302
vt 42.122700 -50.623402
vt 42.068199 -50.506500
vt 42.239601 -50.568901
vt 42.185101 -50.452000
vt 42.236599 -50.499199
vt 42.115398 -50.455002
vt 41.240799 -50.768299
vt 41.252102 -50.639801
vt 41.219799 -50.701698
vt 41.380600 -50.651100
vt 41.318699 -50.618801
vt 41.369301 -50.779598
vt 41.302799 -50.800598
vt 41.401600 -50.717602
vt 42.751701 -51.064301
vt 42.270599 -50.927101
vt 42.638199 -51.131802
vt 42.780201 -51.199299
vt 42.271500 -51.069099
vt 42.674500 -51.219898
vt 42.214699 -51.075001
vt 42.773399 -51.337700
vt 42.179798 -50.939201
vt 42.109100 -50.978699
vt 42.162800 -51.112099
vt 42.670200 -51.307400
vt 42.625198 -51.395100
vt 42.731701 -51.473000
vt 42.360802 -51.548000
vt 42.351700 -51.425800
vt 42.198601 -51.525902
vt 42.238602 -51.381001
vt 41.644299 -50.506500
vt 42.355701 -50.455002
vt 41.644299 -50.455002
vt 42.355701 -50.506500
vt 41.644299 -50.576302
vt 42.355701 -50.576302
vt 41.918999 -51.219898
vt 42.064701 -51.131802
vt 41.919899 -51.131802
vt 42.065601 -51.219898
vt 42.065601 -51.307400
vt 41.918900 -51.307400
vt 41.919800 -51.395100
vt 42.064701 -51.395100
vt 41.654301 -50.639801
vt 42.346500 -50.701698
vt 42.346500 -50.639801
vt 41.654301 -50.701698
vt 42.346500 -50.768299
vt 41.654301 -50.768299
vt 42.731701 -50.932701
vt 42.360802 -51.082001
vt 42.731701 -51.082802
vt 42.360802 -50.933399
vt 42.198601 -50.933498
vt 42.198601 -51.082001
vt 42.122700 -51.355701
vt 42.071201 -50.644299
vt 42.071201 -51.355701
vt 42.122700 -50.644299
vt 42.192501 -51.355701
vt 42.192501 -50.644299
vt 42.638199 -50.935299
vt 42.271500 -51.081299
vt 42.638199 -51.080101
vt 42.271500 -50.934200
vt 42.214699 -50.934601
vt 42.214699 -51.080799
vt 42.162800 -50.933102
vt 42.162800 -51.082298
vt 41.302799 -51.345699
vt 41.240799 -50.653500
vt 41.240799 -51.345699
vt 41.302799 -50.653500
vt 41.369301 -51.345699
vt 41.369301 -50.653500
vt 41.814899 -50.452000
vt 41.931801 -50.506500
vt 41.884602 -50.455002
vt 41.760399 -50.568901
vt 41.763401 -50.499199
vt 41.807499 -50.620399
vt 41.928799 -50.576302
vt 41.877300 -50.623402
vt 42.619400 -50.651100
vt 42.759201 -50.768299
vt 42.747898 -50.639801
vt 42.780201 -50.701698
vt 42.681301 -50.618801
vt 42.630699 -50.779598
vt 42.598400 -50.717602
vt 42.697201 -50.800598
vt 41.729401 -50.927101
vt 41.361801 -51.131802
vt 41.728500 -51.069099
vt 41.785301 -51.075001
vt 41.248299 -51.064301
vt 41.820202 -50.939201
vt 41.890900 -50.978699
vt 41.837200 -51.112099
vt 41.219799 -51.199299
vt 41.325500 -51.219898
vt 41.226601 -51.337700
vt 41.329800 -51.307400
vt 41.374802 -51.395100
vt 41.268299 -51.473000
vt 41.639198 -51.548000
vt 41.648300 -51.425800
vt 41.801399 -51.525902
vt 41.761398 -51.381001
vt 53.838200 -12.733800
vt 53.832100 -12.686200
vt 53.810299 -12.692500
vt 53.850498 -12.730300
vt 53.793301 -12.710900
vt 53.828701 -12.744100
vt 54.293598 -12.544000
vt 54.269199 -12.555300
vt 54.295101 -12.559800
vt 54.278801 -12.607900
vt 54.264301 -12.605300
vt 54.274200 -12.540600
vt 53.723701 -13.353500
vt 53.770000 -13.360500
vt 53.765900 -13.346100
vt 53.731098 -13.379200
vt 53.709099 -13.361300
vt 53.714600 -13.380500
vt 53.697899 -13.374300
vt 54.121601 -12.757100
vt 54.130402 -12.708000
vt 54.105598 -12.709300
vt 54.125099 -12.692400
vt 54.107700 -12.757900
vt 54.096001 -12.756800
vt 54.106400 -12.693400
vt 54.090801 -12.692000
vt 54.084702 -12.707400
vt 54.220299 -13.412200
vt 54.196499 -13.424000
vt 54.223801 -13.427500
vt 54.205898 -13.436400
vt 54.192101 -13.370100
vt 54.178699 -13.376700
vt 54.204300 -13.445100
vt 54.180000 -13.456300
vt 54.199402 -13.459700
vt 54.209099 -13.394800
vt 54.194599 -13.392300
vt 54.178398 -13.440500
vt 53.975399 -13.209700
vt 53.979401 -13.186900
vt 53.965801 -13.197900
vt 53.952599 -13.209000
vt 53.957802 -13.224400
vt 53.993500 -13.194900
vt 53.997799 -13.256700
vt 54.007702 -13.248500
vt 54.017799 -13.240200
vt 54.402500 -12.810300
vt 54.426102 -12.820100
vt 54.415600 -12.803700
vt 54.437000 -12.803100
vt 54.443600 -12.823700
vt 54.439800 -12.837000
vt 54.416599 -12.832100
vt 53.956799 -13.274200
vt 53.960300 -13.293600
vt 53.975399 -13.282400
vt 53.979099 -13.300400
vt 53.972099 -13.261600
vt 53.994400 -13.287800
vt 53.990898 -13.268400
vt 53.733501 -12.706100
vt 53.731499 -12.758900
vt 53.743801 -12.756000
vt 53.711601 -12.711200
vt 53.690899 -12.723700
vt 53.719898 -12.765900
vt 53.690498 -12.709100
vt 53.706001 -12.699600
vt 53.444599 -13.106400
vt 53.451900 -13.125100
vt 53.463299 -13.109400
vt 53.471500 -13.128100
vt 53.483898 -13.112400
vt 53.476700 -13.093800
vt 53.457100 -13.090800
vt 53.279999 -12.965800
vt 53.289799 -12.979400
vt 53.300098 -12.961000
vt 53.309799 -12.979800
vt 53.286201 -12.993500
vt 53.320099 -12.966600
vt 53.312901 -12.994000
vt 53.577499 -12.698500
vt 53.597500 -12.692500
vt 53.584400 -12.684700
vt 53.563000 -12.687900
vt 53.560001 -12.707600
vt 53.588299 -12.710900
vt 53.593201 -12.750900
vt 53.606201 -12.744100
vt 53.564999 -12.723100
vt 54.049198 -12.555300
vt 54.025600 -12.603400
vt 54.036999 -12.605300
vt 54.028702 -12.551800
vt 54.011501 -12.604000
vt 54.043201 -12.540600
vt 54.027901 -12.538000
vt 54.009102 -12.538800
vt 54.003601 -12.552900
vt 54.277500 -13.363600
vt 54.288399 -13.342300
vt 54.266499 -13.356700
vt 54.293999 -13.352800
vt 54.296299 -13.374300
vt 54.309502 -13.361300
vt 54.292198 -13.391300
vt 54.308601 -13.380500
vt 54.276699 -13.382900
vt 54.543499 -12.707400
vt 54.542900 -12.692000
vt 54.523300 -12.689500
vt 54.517300 -12.704100
vt 54.518299 -12.754900
vt 54.533001 -12.756800
vt 53.297798 -13.380600
vt 53.321301 -13.424000
vt 53.310200 -13.376700
vt 53.299198 -13.430900
vt 53.275200 -13.425900
vt 53.284302 -13.377800
vt 53.673000 -13.439100
vt 53.693100 -13.456300
vt 53.698101 -13.440500
vt 53.688900 -13.392300
vt 53.674198 -13.455200
vt 53.674801 -13.391500
vt 53.663399 -13.393200
vt 53.659000 -13.457500
vt 53.652599 -13.442200
vt 54.709702 -13.209000
vt 54.720001 -13.197900
vt 54.699902 -13.191500
vt 54.679901 -13.197800
vt 54.689602 -13.208900
vt 54.686401 -13.224300
vt 54.713001 -13.224400
vt 54.188999 -12.702900
vt 54.205399 -12.707600
vt 54.196899 -12.687900
vt 54.176300 -12.689100
vt 54.162998 -12.698400
vt 54.146801 -12.737100
vt 54.180000 -12.716800
vt 54.156300 -12.747400
vt 54.201900 -12.723100
vt 53.712601 -12.557400
vt 53.731602 -12.538800
vt 53.712200 -12.542200
vt 53.738499 -12.552900
vt 53.740002 -12.604000
vt 53.725498 -12.606500
vt 54.293900 -13.356700
vt 54.286499 -13.382300
vt 54.304199 -13.363600
vt 54.239899 -13.362200
vt 54.243999 -13.347900
vt 54.298599 -13.382900
vt 53.876099 -12.755200
vt 53.886501 -12.702700
vt 53.865601 -12.704600
vt 53.887798 -12.754200
vt 53.871899 -12.689900
vt 53.887600 -12.688500
vt 53.901798 -12.754900
vt 53.906200 -12.689500
vt 53.911301 -12.704100
vt 53.782501 -13.414100
vt 53.778301 -13.428900
vt 53.796200 -13.437800
vt 53.822899 -13.377800
vt 53.809502 -13.371200
vt 53.806301 -13.425900
vt 53.813499 -13.442200
vt 53.794498 -13.460900
vt 53.813900 -13.457500
vt 53.786301 -13.395800
vt 53.800800 -13.393200
vt 53.787601 -13.446700
vt 54.023602 -13.209500
vt 54.020199 -13.186800
vt 54.006001 -13.194800
vt 53.981899 -13.240200
vt 54.033401 -13.197800
vt 53.991798 -13.248400
vt 54.001900 -13.256700
vt 54.047001 -13.208900
vt 54.041698 -13.224300
vt 53.593201 -12.831400
vt 53.550900 -12.820000
vt 53.585300 -12.843600
vt 53.564999 -12.798100
vt 54.255501 -12.760100
vt 54.286098 -12.726000
vt 54.265301 -12.713500
vt 54.267200 -12.767200
vt 54.279400 -12.770000
vt 54.307999 -12.731100
vt 54.308601 -12.714600
vt 54.292198 -12.710800
vt 54.276699 -12.701400
vt 53.313999 -13.223800
vt 53.315498 -13.205900
vt 53.297501 -13.217400
vt 53.298901 -13.195900
vt 53.321301 -13.196500
vt 53.280899 -13.203800
vt 53.279400 -13.221700
vt 53.299198 -13.183100
vt 53.275200 -13.193700
vt 53.681400 -13.212200
vt 53.696701 -13.199400
vt 53.677898 -13.191300
vt 53.693100 -13.180000
vt 53.662498 -13.205500
vt 53.674198 -13.173300
vt 53.659000 -13.186100
vt 54.686401 -12.958300
vt 54.692902 -12.998100
vt 54.707802 -12.997800
vt 54.713001 -12.957800
vt 54.409500 -12.737100
vt 54.416599 -12.686200
vt 54.396500 -12.730300
vt 54.439800 -12.698400
vt 53.965599 -12.607900
vt 53.980598 -12.560900
vt 53.955502 -12.559800
vt 53.960300 -12.544000
vt 53.979698 -12.608500
vt 53.991100 -12.606500
vt 53.979099 -12.544800
vt 53.994400 -12.542200
vt 54.000999 -12.557400
vt 53.475800 -12.704600
vt 53.451900 -12.692400
vt 53.449600 -12.708000
vt 53.463200 -12.757100
vt 53.477901 -12.755200
vt 53.471500 -12.689900
vt 54.686001 -13.427500
vt 54.703999 -13.423800
vt 54.680698 -13.412200
vt 54.702499 -13.440000
vt 54.720600 -13.428900
vt 54.726799 -13.414100
vt 54.704700 -13.407200
vt 54.690899 -13.370100
vt 54.704399 -13.367300
vt 54.716801 -13.371200
vt 54.303299 -13.459700
vt 54.317501 -13.448200
vt 54.297100 -13.445100
vt 54.318600 -13.462000
vt 54.337502 -13.460900
vt 54.342602 -13.446700
vt 54.333900 -13.395800
vt 54.319801 -13.396600
vt 54.308399 -13.394800
vt 53.306702 -13.240200
vt 53.286201 -13.194900
vt 53.291801 -13.240200
vt 53.312901 -13.194800
vt 52.101700 -31.091499
vt 52.125801 -31.103001
vt 52.110699 -31.080400
vt 52.128799 -31.089001
vt 52.107399 -31.063801
vt 52.127800 -31.067801
vt 52.143600 -31.080900
vt 52.359299 -31.108601
vt 52.310600 -31.115900
vt 52.357300 -31.132799
vt 52.311699 -31.102301
vt 52.343201 -31.151899
vt 52.302700 -31.126600
vt 51.723000 -30.533701
vt 51.742901 -30.515100
vt 51.723202 -30.518499
vt 51.751400 -30.580299
vt 51.736698 -30.582800
vt 51.749199 -30.529200
vt 51.604801 -31.020100
vt 51.590401 -30.997601
vt 51.589699 -31.017401
vt 51.605701 -30.993799
vt 51.655800 -31.003000
vt 51.655399 -31.017700
vt 52.392101 -31.103500
vt 52.412899 -31.120800
vt 52.407600 -31.101700
vt 52.399101 -31.128901
vt 52.348999 -31.134600
vt 52.345001 -31.120399
vt 52.013302 -31.459400
vt 52.024101 -31.416201
vt 52.009499 -31.419100
vt 52.039501 -31.454300
vt 52.019798 -31.474600
vt 52.039398 -31.470800
vt 52.031799 -31.487700
vt 52.151100 -30.949600
vt 52.135799 -30.953699
vt 52.148499 -30.976999
vt 52.095402 -30.983801
vt 52.102600 -30.996901
vt 52.160702 -30.966999
vt 51.168900 -31.117001
vt 51.154499 -31.097300
vt 51.153400 -31.122200
vt 51.142601 -31.107401
vt 51.136299 -31.127800
vt 51.153599 -31.140301
vt 51.169102 -31.141100
vt 52.799198 -31.359301
vt 52.792801 -31.304899
vt 52.779800 -31.311701
vt 52.822399 -31.347099
vt 52.809700 -31.368200
vt 52.827202 -31.359100
vt 52.834599 -31.333099
vt 52.799702 -31.297001
vt 52.054901 -30.751400
vt 52.071301 -30.740299
vt 52.053501 -30.730301
vt 52.069698 -30.720600
vt 52.036800 -30.742901
vt 52.051601 -30.712099
vt 52.035099 -30.723200
vt 52.432701 -30.655800
vt 52.449100 -30.606100
vt 52.423901 -30.605700
vt 52.429100 -30.590401
vt 52.446701 -30.656099
vt 52.458199 -30.655800
vt 52.469501 -30.605600
vt 52.463299 -30.590300
vt 52.448002 -30.590700
vt 52.299702 -31.388599
vt 52.284698 -31.407600
vt 52.300098 -31.405001
vt 52.279202 -31.392099
vt 52.318901 -31.407600
vt 52.292500 -31.344999
vt 52.304001 -31.343000
vt 52.318001 -31.344999
vt 52.324699 -31.392099
vt 52.846298 -31.131300
vt 52.833900 -31.095400
vt 52.821999 -31.135799
vt 52.847500 -31.092899
vt 52.859699 -31.097601
vt 52.844898 -31.147800
vt 52.826698 -31.151100
vt 52.868000 -31.139700
vt 52.861301 -31.154100
vt 52.842701 -31.164600
vt 52.831100 -31.058500
vt 52.805801 -31.102200
vt 52.845501 -31.069300
vt 52.797699 -31.096201
vt 52.859699 -31.091499
vt 52.813702 -31.114700
vt 52.868000 -31.080400
vt 52.857399 -31.063801
vt 51.206501 -31.123800
vt 51.165401 -31.122601
vt 51.176399 -31.146799
vt 51.200298 -31.110201
vt 51.925400 -30.536100
vt 51.949600 -30.537201
vt 51.930302 -30.520300
vt 51.937000 -30.584200
vt 51.948399 -30.521099
vt 51.950600 -30.584801
vt 51.962898 -30.582800
vt 51.964901 -30.518499
vt 51.971500 -30.533701
vt 51.559200 -31.030300
vt 51.574501 -31.017401
vt 51.555599 -31.010300
vt 51.540298 -31.023500
vt 51.570900 -30.997601
vt 51.536701 -31.003799
vt 51.551998 -30.990900
vt 52.263802 -31.480499
vt 52.261700 -31.426399
vt 52.249699 -31.430901
vt 52.285198 -31.472500
vt 52.275700 -31.490400
vt 52.305000 -31.459400
vt 52.272701 -31.419100
vt 52.291698 -31.484400
vt 52.306499 -31.474600
vt 51.882999 -31.058500
vt 51.881199 -31.102600
vt 51.894798 -31.096201
vt 51.858898 -31.070000
vt 51.652901 -31.146500
vt 51.651402 -31.128300
vt 51.635601 -31.134501
vt 51.640900 -31.113899
vt 51.668900 -31.146799
vt 51.652901 -31.103500
vt 51.666901 -31.122601
vt 52.254200 -30.531601
vt 52.279400 -30.520300
vt 52.259701 -30.516899
vt 52.250500 -30.581600
vt 52.265202 -30.584200
vt 52.280399 -30.536100
vt 52.394402 -31.002001
vt 52.344200 -31.007601
vt 52.344700 -31.022301
vt 52.395199 -31.028299
vt 52.410301 -31.023500
vt 52.409698 -31.003799
vt 51.600899 -31.120800
vt 51.592400 -31.095699
vt 51.587101 -31.114700
vt 51.654999 -31.115900
vt 51.651100 -31.130100
vt 51.607899 -31.095501
vt 51.974899 -31.428101
vt 51.958900 -31.475401
vt 51.985100 -31.480499
vt 51.989601 -31.430901
vt 51.860298 -30.956400
vt 51.895199 -30.998400
vt 51.902401 -30.985300
vt 51.847500 -30.979700
vt 51.836300 -30.969101
vt 51.845901 -30.951599
vt 52.813499 -31.110201
vt 52.859699 -31.101700
vt 52.813702 -31.096600
vt 52.859402 -31.125799
vt 52.845001 -31.145500
vt 52.805401 -31.121201
vt 51.211899 -31.357300
vt 51.189400 -31.356199
vt 51.198601 -31.366699
vt 51.199699 -31.343201
vt 51.206501 -31.295900
vt 51.219601 -31.302700
vt 51.172001 -31.347099
vt 51.177101 -31.364401
vt 51.176399 -31.331100
vt 51.570000 -30.655399
vt 51.580799 -30.604799
vt 51.560398 -30.604401
vt 51.574501 -30.589701
vt 51.558601 -30.655100
vt 51.544498 -30.655300
vt 51.559200 -30.589399
vt 51.535301 -30.604799
vt 51.540298 -30.589701
vt 52.274502 -31.040600
vt 52.289299 -31.049801
vt 52.294201 -31.031799
vt 52.305302 -31.039400
vt 51.711899 -31.412901
vt 51.691299 -31.402599
vt 51.693100 -31.415501
vt 51.677700 -31.412901
vt 51.716301 -31.399099
vt 51.691002 -31.350901
vt 51.705002 -31.349001
vt 51.670799 -31.399099
vt 51.679501 -31.348900
vt 52.275700 -31.021000
vt 52.262299 -31.041100
vt 52.263802 -31.014900
vt 52.291698 -31.010599
vt 52.306499 -31.019800
vt 51.180500 -31.148500
vt 51.167400 -31.102600
vt 51.155300 -31.107300
vt 51.134499 -31.152500
vt 51.141701 -31.104799
vt 51.158699 -31.156900
vt 51.154999 -31.092199
vt 51.194599 -31.115101
vt 51.202499 -31.102600
vt 51.140598 -31.103001
vt 51.143002 -31.080900
vt 51.132198 -31.089001
vt 51.153599 -31.064301
vt 51.136299 -31.067801
vt 51.169102 -31.070000
vt 52.788101 -31.132799
vt 52.809700 -31.117800
vt 52.799198 -31.108601
vt 52.801399 -31.135900
vt 52.810600 -31.150299
vt 52.822899 -31.134501
vt 52.827202 -31.113899
vt 52.071301 -30.516899
vt 52.054798 -30.528099
vt 52.076698 -30.531601
vt 52.054901 -30.514299
vt 52.036800 -30.515100
vt 52.030701 -30.529200
vt 52.038399 -30.580299
vt 52.051899 -30.579700
vt 52.064201 -30.581600
vt 51.725498 -31.486601
vt 51.717999 -31.462299
vt 51.710701 -31.476700
vt 51.694698 -31.470800
vt 52.284698 -31.101700
vt 52.288101 -31.120800
vt 52.303101 -31.106100
vt 52.300098 -31.089199
vt 52.306900 -31.127300
vt 52.318901 -31.095699
vt 52.322300 -31.114700
vt 51.737701 -31.475401
vt 51.751202 -31.428101
vt 51.740101 -31.420700
vt 51.728100 -31.416201
vt 51.696602 -31.454300
vt 52.841202 -30.976801
vt 52.819500 -30.976999
vt 52.841301 -30.990000
vt 52.824902 -30.966999
vt 52.865501 -30.979700
vt 52.859402 -30.969101
vt 52.842701 -30.955299
vt 52.826698 -30.949600
vt 52.861301 -30.951599
s 1
usemtl Light11Mtl
f 2/1/1 1/2/2 3/3/3
f 1/2/2 4/4/4 3/3/3
f 4/4/4 5/5/5 3/3/3
f 5/5/5 6/6/6 3/3/3
f 6/6/6 7/7/7 3/3/3
f 7/7/7 2/1/1 3/3/3
f 13/8/8 8/9/9 12/10/10
f 13/8/8 11/11/11 10/12/12
f 8/9/9 13/8/8 9/13/13
f 13/8/8 10/12/12 9/13/13
f 18/14/14 17/15/15 16/16/16
f 15/17/17 18/14/14 14/18/18
f 17/15/15 18/14/14 19/19/19
f 18/14/14 15/17/17 19/19/19
f 20/20/20 21/21/21 22/22/22
f 23/23/23 20/20/20 22/22/22
f 21/21/21 24/24/24 22/22/22
f 25/25/25 21/21/21 20/20/20
f 21/21/21 25/25/25 26/26/26
f 28/27/27 29/28/28 27/29/29
f 28/27/27 30/30/30 29/28/28
f 34/31/31 32/32/32 31/33/33
f 33/34/34 35/35/35 31/33/33
f 35/35/35 34/31/31 31/33/33
f 35/35/35 36/36/36 34/31/31
f 35/35/35 37/37/37 36/36/36
f 38/38/38 40/39/39 39/40/40
f 38/38/38 41/41/41 40/39/39
f 44/42/42 43/43/43 42/44/44
f 44/42/42 42/44/44 46/45/45
f 44/42/42 47/46/7 45/47/6
f 47/46/7 44/42/42 46/45/45
f 50/48/46 49/49/47 51/50/48
f 49/49/47 48/51/49 51/50/48
f 52/52/17 50/48/46 51/50/48
f 48/51/49 53/53/50 51/50/48
f 53/53/50 54/54/51 51/50/48
f 54/54/51 52/52/17 51/50/48
f 59/55/52 58/56/53 57/57/54
f 56/58/55 59/55/52 55/59/56
f 58/56/53 59/55/52 60/60/57
f 59/55/52 56/58/55 60/60/57
f 64/61/58 62/62/59 61/63/60
f 63/64/61 65/65/62 61/63/60
f 65/65/62 64/61/58 61/63/60
f 65/65/62 66/66/63 64/61/58
f 65/65/62 67/67/64 66/66/63
f 73/68/65 71/69/66 72/70/30
f 73/68/65 69/71/67 68/72/68
f 71/69/66 73/68/65 74/73/69
f 74/73/69 73/68/65 68/72/68
f 70/74/70 74/73/69 68/72/68
f 78/75/71 76/76/72 75/77/73
f 78/75/71 75/77/73 77/78/36
f 80/79/74 81/80/75 79/81/76
f 80/79/74 82/82/77 81/80/75
f 83/83/78 84/84/79 85/85/80
f 84/84/79 83/83/78 86/86/81
f 87/87/82 85/85/80 84/84/79
f 87/87/82 84/84/79 88/88/83
f 84/84/79 89/89/84 88/88/83
f 89/89/84 84/84/79 90/90/45
f 84/84/79 91/91/7 90/90/45
f 91/91/7 84/84/79 86/86/81
f 92/92/85 93/93/86 94/94/87
f 95/95/88 92/92/85 94/94/87
f 92/92/85 95/95/88 96/96/89
f 93/93/86 92/92/85 97/97/90
f 98/98/91 92/92/85 96/96/89
f 92/92/85 98/98/91 99/99/92
f 100/100/93 92/92/85 99/99/92
f 92/92/85 100/100/93 97/97/90
f 104/101/94 103/102/95 102/103/50
f 104/101/94 101/104/17 103/102/95
f 105/105/96 104/101/94 102/103/50
f 106/106/97 104/101/94 105/105/96
f 104/101/94 106/106/97 107/107/98
f 104/101/94 107/107/98 108/108/15
f 108/108/15 109/109/19 104/101/94
f 101/104/17 104/101/94 109/109/19
f 111/110/99 113/111/100 112/112/101
f 113/111/100 110/113/102 112/112/101
f 111/110/99 114/114/103 113/111/100
f 115/115/104 113/111/100 114/114/103
f 113/111/100 115/115/104 116/116/105
f 113/111/100 116/116/105 117/117/53
f 113/111/100 117/117/53 118/118/106
f 110/113/102 113/111/100 118/118/106
f 121/119/107 119/120/108 120/121/109
f 119/120/108 121/119/107 122/122/110
f 123/123/111 121/119/107 120/121/109
f 121/119/107 124/124/112 122/122/110
f 121/119/107 125/125/113 124/124/112
f 121/119/107 126/126/114 125/125/113
f 121/119/107 123/123/111 127/127/115
f 126/126/114 121/119/107 127/127/115
f 132/128/116 128/129/117 130/130/118
f 128/129/117 132/128/116 129/131/119
f 131/132/120 132/128/116 130/130/118
f 132/128/116 131/132/120 133/133/121
f 134/134/29 132/128/116 133/133/121
f 132/128/116 134/134/29 135/135/28
f 136/136/69 132/128/116 135/135/28
f 132/128/116 136/136/69 129/131/119
f 139/137/122 137/138/123 138/139/32
f 137/138/123 139/137/122 140/140/124
f 139/137/122 138/139/32 141/141/31
f 142/142/125 140/140/124 139/137/122
f 139/137/122 143/143/126 142/142/125
f 139/137/122 144/144/73 143/143/126
f 145/145/36 139/137/122 141/141/31
f 144/144/73 139/137/122 145/145/36
f 148/146/40 150/147/127 146/148/128
f 147/149/129 146/148/128 150/147/127
f 149/150/130 150/147/127 148/146/40
f 150/147/127 149/150/130 151/151/131
f 152/152/76 150/147/127 151/151/131
f 152/152/76 153/153/75 150/147/127
f 154/154/132 150/147/127 153/153/75
f 150/147/127 154/154/132 147/149/129
f 157/155/90 156/156/133 155/157/134
f 159/158/135 157/155/90 158/159/93
f 156/156/133 157/155/90 160/160/136
f 159/158/135 160/160/136 157/155/90
f 161/161/49 163/162/137 162/163/50
f 161/161/49 164/164/138 163/162/137
f 165/165/139 163/162/137 164/164/138
f 163/162/137 165/165/139 166/166/97
f 169/167/56 168/168/140 170/169/141
f 168/168/140 167/170/142 170/169/141
f 171/171/143 169/167/56 170/169/141
f 167/170/142 172/172/99 170/169/141
f 172/172/99 173/173/101 170/169/141
f 173/173/101 171/171/143 170/169/141
f 177/174/64 175/175/144 174/176/145
f 177/174/64 174/176/145 176/177/115
f 178/178/146 179/179/147 180/180/148
f 181/181/67 178/178/146 180/180/148
f 179/179/147 182/182/119 180/180/148
f 183/183/149 179/179/147 178/178/146
f 179/179/147 183/183/149 184/184/150
f 187/185/125 186/186/151 185/187/152
f 186/186/151 187/185/125 188/188/153
f 194/189/154 192/190/75 193/191/77
f 194/189/154 190/192/155 189/193/156
f 192/190/75 194/189/154 195/194/157
f 195/194/157 194/189/154 189/193/156
f 191/195/158 195/194/157 189/193/156
f 197/196/80 198/197/4 196/198/2
f 198/197/4 197/196/80 199/199/159
f 200/200/160 199/199/159 197/196/80
f 200/200/160 197/196/80 201/201/82
f 203/202/87 202/203/134 204/204/161
f 205/205/162 203/202/87 204/204/161
f 202/203/134 206/206/133 204/204/161
f 206/206/133 207/207/163 204/204/161
f 207/207/163 208/208/10 204/204/161
f 208/208/10 205/205/162 204/204/161
f 209/209/142 211/210/164 210/211/99
f 209/209/142 212/212/165 211/210/164
f 213/213/166 211/210/164 212/212/165
f 211/210/164 213/213/166 214/214/104
f 217/215/167 216/216/168 215/217/110
f 216/216/168 217/215/167 218/218/169
f 219/219/149 221/220/170 220/221/150
f 219/219/149 222/222/171 221/220/170
f 223/223/123 224/224/172 225/225/33
f 226/226/173 223/223/123 225/225/33
f 224/224/172 227/227/34 225/225/33
f 228/228/174 224/224/172 223/223/123
f 224/224/172 228/228/174 229/229/151
f 230/230/175 231/231/176 232/232/177
f 233/233/178 230/230/175 232/232/177
f 231/231/176 234/234/179 232/232/177
f 235/235/38 231/231/176 230/230/175
f 231/231/176 235/235/38 236/236/180
f 239/237/160 240/238/181 238/239/159
f 238/239/159 240/238/181 237/240/182
f 240/238/181 239/237/160 241/241/183
f 242/242/43 240/238/181 241/241/183
f 243/243/5 237/240/182 240/238/181
f 242/242/43 244/244/42 240/238/181
f 240/238/181 245/245/6 243/243/5
f 245/245/6 240/238/181 244/244/42
f 249/246/184 250/247/185 246/248/133
f 248/249/135 250/247/185 249/246/184
f 250/247/185 247/250/186 246/248/133
f 250/247/185 248/249/135 251/251/187
f 250/247/185 251/251/187 252/252/11
f 250/247/185 253/253/10 247/250/186
f 253/253/10 250/247/185 254/254/188
f 252/252/11 254/254/188 250/247/185
f 255/255/189 256/256/49 257/257/47
f 258/258/18 255/255/189 257/257/47
f 256/256/49 255/255/189 259/259/138
f 255/255/189 260/260/139 259/259/138
f 260/260/139 255/255/189 261/261/190
f 255/255/189 262/262/191 261/261/190
f 262/262/191 255/255/189 263/263/14
f 255/255/189 258/258/18 263/263/14
f 264/264/192 265/265/193 266/266/194
f 267/267/56 264/264/192 266/266/194
f 265/265/193 264/264/192 268/268/165
f 264/264/192 269/269/166 268/268/165
f 264/264/192 270/270/195 269/269/166
f 264/264/192 271/271/196 270/270/195
f 271/271/196 264/264/192 272/272/52
f 267/267/56 272/272/52 264/264/192
f 276/273/197 274/274/198 273/275/21
f 276/273/197 275/276/62 274/274/198
f 273/275/21 277/277/199 276/273/197
f 278/278/169 276/273/197 277/277/199
f 276/273/197 278/278/169 279/279/200
f 276/273/197 279/279/200 280/280/201
f 280/280/201 281/281/202 276/273/197
f 275/276/62 276/273/197 281/281/202
f 284/282/203 282/283/204 283/284/205
f 282/283/204 284/282/203 285/285/149
f 286/286/171 285/285/149 284/282/203
f 284/282/203 287/287/206 286/286/171
f 284/282/203 288/288/27 287/287/206
f 288/288/27 284/282/203 289/289/30
f 289/289/30 284/282/203 290/290/65
f 284/282/203 283/284/205 290/290/65
f 291/291/207 294/292/208 292/293/34
f 294/292/208 293/294/209 292/293/34
f 294/292/208 291/291/207 295/295/151
f 296/296/210 294/292/208 295/295/151
f 294/292/208 296/296/210 297/297/211
f 298/298/72 294/292/208 297/297/211
f 294/292/208 298/298/72 299/299/71
f 293/294/209 294/292/208 299/299/71
f 302/300/212 300/301/213 301/302/178
f 300/301/213 302/300/212 303/303/38
f 304/304/214 303/303/38 302/300/212
f 304/304/214 302/300/212 305/305/215
f 302/300/212 306/306/216 305/305/215
f 306/306/216 302/300/212 307/307/77
f 302/300/212 308/308/217 307/307/77
f 308/308/217 302/300/212 301/302/178
f 5678/5369/3327 5680/5370/3328 5679/5371/3329
f 5681/5372/3330 5679/5371/3329 5680/5370/3328
f 5677/5373/3331 5679/5371/3329 5682/5374/3332
f 5679/5371/3329 5681/5372/3330 5682/5374/3332
f 5681/5372/3330 5683/5375/3333 5682/5374/3332
f 5685/5376/3334 5686/5377/3335 5684/5378/3336
f 5686/5377/3335 5685/5376/3334 5687/5379/3337
f 5686/5377/3335 5688/5380/3338 5684/5378/3336
f 5688/5380/3338 5686/5377/3335 5689/5381/3339
f 5695/5382/3340 5690/5383/3341 5694/5384/3342
f 5692/5385/3343 5695/5382/3340 5693/5386/3344
f 5690/5383/3341 5695/5382/3340 5691/5387/3345
f 5695/5382/3340 5692/5385/3343 5691/5387/3345
f 5696/5388/3346 5697/5389/3347 5698/5390/3348
f 5697/5389/3347 5696/5388/3346 5699/5391/3349
f 5700/5392/3350 5699/5391/3349 5696/5388/3346
f 5696/5388/3346 5701/5393/3351 5700/5392/3350
f 5704/5394/3352 5705/5395/3353 5706/5396/3354
f 5705/5395/3353 5704/5394/3352 5707/5397/3355
f 5704/5394/3352 5708/5398/3356 5707/5397/3355
f 5708/5398/3356 5704/5394/3352 5709/5399/3357
f 5711/5400/3358 5710/5401/3359 5712/5402/3360
f 5710/5401/3359 5711/5400/3358 5713/5403/3361
f 5714/5404/3362 5713/5403/3361 5711/5400/3358
f 5713/5403/3361 5714/5404/3362 5702/5405/3363
f 5702/5405/3363 5714/5404/3362 5703/5406/3364
f 5715/5407/3365 5716/5408/3366 5717/5409/3367
f 5718/5410/3368 5717/5409/3367 5716/5408/3366
f 5717/5409/3367 5718/5410/3368 5719/5411/3369
f 5715/5407/3365 5717/5409/3367 5720/5412/3370
f 5721/5413/3371 5722/5414/3372 5723/5415/3373
f 5722/5414/3372 5724/5416/3374 5723/5415/3373
f 5723/5415/3373 5724/5416/3374 5725/5417/3332
f 5726/5418/3375 5723/5415/3373 5725/5417/3332
f 5727/5419/3376 5723/5415/3373 5726/5418/3375
f 5723/5415/3373 5727/5419/3376 5721/5413/3371
f 5729/5420/3334 5731/5421/3377 5730/5422/3378
f 5733/5423/3379 5728/5424/3380 5732/5425/3381
f 5728/5424/3380 5733/5423/3379 5729/5420/3334
f 5731/5421/3377 5729/5420/3334 5733/5423/3379
f 5731/5421/3377 5733/5423/3379 5734/5426/3382
f 5734/5426/3382 5735/5427/3383 5731/5421/3377
f 5738/5428/3384 5737/5429/3385 5739/5430/3386
f 5737/5429/3385 5736/5431/3387 5739/5430/3386
f 5740/5432/3341 5738/5428/3384 5739/5430/3386
f 5736/5431/3387 5741/5433/3388 5739/5430/3386
f 5741/5433/3388 5742/5434/3389 5739/5430/3386
f 5742/5434/3389 5740/5432/3341 5739/5430/3386
f 5745/5435/3350 5746/5436/3390 5744/5437/3349
f 5744/5437/3349 5746/5436/3390 5743/5438/3391
f 5746/5436/3390 5745/5435/3350 5747/5439/3392
f 5746/5436/3390 5747/5439/3392 5748/5440/3393
f 5748/5440/3393 5749/5441/3394 5746/5436/3390
f 5750/5442/3395 5746/5436/3390 5749/5441/3394
f 5746/5436/3390 5751/5443/3396 5743/5438/3391
f 5746/5436/3390 5750/5442/3395 5751/5443/3396
f 5755/5444/3397 5753/5445/3398 5754/5446/3399
f 5753/5445/3398 5755/5444/3397 5752/5447/3400
f 5756/5448/3401 5755/5444/3397 5754/5446/3399
f 5755/5444/3397 5757/5449/3402 5752/5447/3400
f 5757/5449/3402 5755/5444/3397 5758/5450/3403
f 5755/5444/3397 5759/5451/3404 5758/5450/3403
f 5755/5444/3397 5756/5448/3401 5760/5452/3405
f 5759/5451/3404 5755/5444/3397 5760/5452/3405
f 5764/5453/3406 5763/5454/3368 5762/5455/3407
f 5763/5454/3368 5764/5453/3406 5765/5456/3408
f 5764/5453/3406 5766/5457/3409 5765/5456/3408
f 5762/5455/3407 5767/5458/3410 5764/5453/3406
f 5767/5458/3410 5762/5455/3407 5761/5459/3365
f 5766/5457/3409 5764/5453/3406 5768/5460/3411
f 5767/5458/3410 5768/5460/3411 5764/5453/3406
f 5768/5460/3411 5767/5458/3410 5769/5461/3412
f 5767/5458/3410 5761/5459/3365 5770/5462/3413
f 5769/5461/3412 5767/5458/3410 5770/5462/3413
f 5771/5463/3371 5774/5464/3414 5772/5465/3415
f 5771/5463/3371 5775/5466/3416 5774/5464/3414
f 5774/5464/3414 5776/5467/3327 5772/5465/3415
f 5776/5467/3327 5774/5464/3414 5777/5468/3417
f 5778/5469/3418 5772/5465/3415 5776/5467/3327
f 5772/5465/3415 5778/5469/3418 5773/5470/3374
f 5779/5471/3419 5781/5472/3420 5780/5473/3421
f 5781/5472/3420 5779/5471/3419 5782/5474/3383
f 5786/5475/3422 5787/5476/3423 5783/5477/3387
f 5785/5478/3424 5787/5476/3423 5786/5475/3422
f 5787/5476/3423 5784/5479/3425 5783/5477/3387
f 5787/5476/3423 5785/5478/3424 5788/5480/3426
f 5787/5476/3423 5788/5480/3426 5789/5481/3427
f 5787/5476/3423 5790/5482/3389 5784/5479/3425
f 5790/5482/3389 5787/5476/3423 5791/5483/3340
f 5789/5481/3427 5791/5483/3340 5787/5476/3423
f 5794/5484/3428 5793/5485/3348 5796/5486/1300
f 5795/5487/3429 5794/5484/3428 5796/5486/1300
f 5793/5485/3348 5792/5488/3347 5796/5486/1300
f 5797/5489/3430 5795/5487/3429 5796/5486/1300
f 5792/5488/3347 5798/5490/3396 5796/5486/1300
f 5798/5490/3396 5797/5489/3430 5796/5486/1300
f 5800/5491/3431 5802/5492/3432 5801/5493/3433
f 5802/5492/3432 5800/5491/3431 5803/5494/3434
f 5799/5495/3435 5803/5494/3434 5800/5491/3431
f 5804/5496/3436 5802/5492/3432 5803/5494/3434
f 5804/5496/3436 5805/5497/3437 5802/5492/3432
f 5803/5494/3434 5799/5495/3435 5806/5498/3438
f 5807/5499/3362 5804/5496/3436 5803/5494/3434
f 5807/5499/3362 5803/5494/3434 5806/5498/3438
f 5808/5500/3439 5810/5501/3440 5809/5502/3441
f 5810/5501/3440 5808/5500/3439 5811/5503/3442
f 5813/5504/3443 5816/5505/3444 5812/5506/3445
f 5816/5505/3444 5814/5507/3446 5812/5506/3445
f 5815/5508/3447 5816/5505/3444 5813/5504/3443
f 5816/5505/3444 5817/5509/3448 5814/5507/3446
f 5816/5505/3444 5818/5510/3382 5817/5509/3448
f 5816/5505/3444 5815/5508/3447 5818/5510/3382
f 5819/5511/3449 5820/5512/3450 5821/5513/3385
f 5819/5511/3449 5822/5514/3451 5823/5515/3452
f 5820/5512/3450 5819/5511/3449 5824/5516/3422
f 5819/5511/3449 5823/5515/3452 5824/5516/3422
f 5828/5517/3453 5825/5518/3454 5826/5519/3455
f 5826/5519/3455 5827/5520/3456 5828/5517/3453
f 5829/5521/3429 5828/5517/3453 5827/5520/3456
f 5828/5517/3453 5829/5521/3429 5830/5522/3395
f 5834/5523/3457 5831/5524/3458 5832/5525/3459
f 5833/5526/3404 5834/5523/3457 5835/5527/3460
f 5831/5524/3458 5834/5523/3457 5836/5528/3405
f 5834/5523/3457 5833/5526/3404 5836/5528/3405
f 5838/5529/3461 5837/5530/3462 5839/5531/3431
f 5838/5529/3461 5839/5531/3431 5840/5532/3433
f 5842/5533/3463 5843/5534/3464 5841/5535/3465
f 5843/5534/3464 5842/5533/3463 5845/5536/3466
f 5842/5533/3463 5846/5537/3467 5845/5536/3466
f 5846/5537/3467 5842/5533/3463 5844/5538/3468
f 5849/5539/3469 5847/5540/3470 5848/5541/3417
f 5849/5539/3469 5850/5542/3471 5847/5540/3470
f 5849/5539/3469 5851/5543/3472 5850/5542/3471
f 5851/5543/3472 5849/5539/3469 5852/5544/3473
f 5853/5545/3474 5857/5546/3475 5854/5547/3476
f 5857/5546/3475 5853/5545/3474 5855/5548/3338
f 5858/5549/3419 5855/5548/3338 5856/5550/3339
f 5855/5548/3338 5860/5551/3443 5857/5546/3475
f 5857/5546/3475 5860/5551/3443 5859/5552/3477
f 5860/5551/3443 5855/5548/3338 5861/5553/3478
f 5858/5549/3419 5861/5553/3478 5855/5548/3338
f 5864/5554/3351 5862/5555/3479 5865/5556/3480
f 5863/5557/3348 5865/5556/3480 5862/5555/3479
f 5865/5556/3480 5866/5558/3481 5864/5554/3351
f 5865/5556/3480 5867/5559/3482 5866/5558/3481
f 5865/5556/3480 5863/5557/3348 5868/5560/3483
f 5867/5559/3482 5865/5556/3480 5869/5561/3484
f 5869/5561/3484 5865/5556/3480 5870/5562/3429
f 5865/5556/3480 5868/5560/3483 5870/5562/3429
f 5871/5563/3485 5872/5564/3486 5874/5565/3487
f 5872/5564/3486 5873/5566/3488 5874/5565/3487
f 5875/5567/3353 5878/5568/3489 5876/5569/3490
f 5878/5568/3489 5877/5570/3491 5876/5569/3490
f 5878/5568/3489 5875/5567/3353 5879/5571/3492
f 5881/5572/3493 5879/5571/3492 5880/5573/3494
f 5879/5571/3492 5881/5572/3493 5878/5568/3489
f 5877/5570/3491 5878/5568/3489 5882/5574/3495
f 5881/5572/3493 5882/5574/3495 5878/5568/3489
f 5882/5574/3495 5881/5572/3493 5883/5575/3496
f 5884/5576/3497 5885/5577/3462 5871/5563/3485
f 5886/5578/3431 5885/5577/3462 5884/5576/3497
f 5887/5579/3498 5884/5576/3497 5874/5565/3487
f 5888/5580/3362 5887/5579/3498 5874/5565/3487
f 5884/5576/3497 5871/5563/3485 5874/5565/3487
f 5889/5581/3367 5890/5582/3369 5891/5583/3499
f 5893/5584/3466 5891/5583/3499 5892/5585/3464
f 5889/5581/3367 5891/5583/3499 5894/5586/3500
f 5891/5583/3499 5893/5584/3466 5894/5586/3500
f 5897/5587/3501 5898/5588/3473 5895/5589/3440
f 5896/5590/3328 5901/5591/3333 5899/5592/3502
f 5901/5591/3333 5896/5590/3328 5897/5587/3501
f 5901/5591/3333 5902/5593/3375 5900/5594/3332
f 5897/5587/3501 5902/5593/3375 5901/5591/3333
f 5902/5593/3375 5897/5587/3501 5903/5595/3442
f 5895/5589/3440 5903/5595/3442 5897/5587/3501
f 5904/5596/3503 5905/5597/3504 5906/5598/3334
f 5905/5597/3504 5904/5596/3503 5907/5599/3505
f 5907/5599/3505 5908/5600/3475 5909/5601/3506
f 5905/5597/3504 5907/5599/3505 5909/5601/3506
f 5910/5602/3507 5905/5597/3504 5909/5601/3506
f 5912/5603/3385 5913/5604/3508 5911/5605/3449
f 5913/5604/3508 5912/5603/3385 5914/5606/3509
f 5915/5607/3510 5913/5604/3508 5914/5606/3509
f 5913/5604/3508 5915/5607/3510 5916/5608/3345
f 5917/5609/3343 5913/5604/3508 5916/5608/3345
f 5913/5604/3508 5917/5609/3343 5918/5610/3511
f 5918/5610/3511 5911/5605/3449 5913/5604/3508
f 5911/5605/3449 5918/5610/3511 5919/5611/3512
f 5920/5612/3513 5921/5613/3514 5922/5614/3515
f 5921/5613/3514 5923/5615/3488 5922/5614/3515
f 5925/5616/3516 5924/5617/3517 5926/5618/3518
f 5927/5619/3399 5925/5616/3516 5926/5618/3518
f 5924/5617/3517 5928/5620/3519 5926/5618/3518
f 5929/5621/3520 5927/5619/3399 5926/5618/3518
f 5928/5620/3519 5930/5622/3491 5926/5618/3518
f 5930/5622/3491 5929/5621/3520 5926/5618/3518
f 5920/5612/3513 5931/5623/3521 5921/5613/3514
f 5932/5624/3461 5921/5613/3514 5931/5623/3521
f 5921/5613/3514 5932/5624/3461 5933/5625/3522
f 5921/5613/3514 5933/5625/3522 5934/5626/3523
f 5921/5613/3514 5934/5626/3523 5935/5627/3361
f 5923/5615/3488 5921/5613/3514 5935/5627/3361
f 5942/5628/3524 5937/5629/3525 5941/5630/3526
f 5937/5629/3525 5942/5628/3524 5939/5631/3370
f 5940/5632/3466 5942/5628/3524 5941/5630/3526
f 5942/5628/3524 5940/5632/3466 5943/5633/3467
f 5939/5631/3370 5942/5628/3524 5944/5634/3413
f 5942/5628/3524 5943/5633/3467 5944/5634/3413
f 5936/5635/3527 5939/5631/3370 5944/5634/3413
f 5943/5633/3467 5938/5636/3468 5944/5634/3413
usemtl Meshpart1Mtl
f 311/309/218 310/310/219 309/311/219
f 310/310/219 311/309/218 312/312/218
f 313/313/220 312/312/218 311/309/218
f 312/312/218 313/313/220 314/314/221
f 315/315/222 314/314/221 313/313/220
f 314/314/221 315/315/222 316/316/222
f 317/317/223 318/318/224 319/319/225
f 320/320/226 319/319/225 318/318/224
f 318/318/224 317/317/223 321/321/223
f 319/319/225 320/320/226 322/322/226
f 323/323/227 322/322/226 320/320/226
f 322/322/226 323/323/227 324/324/227
f 325/325/228 326/326/228 327/327/228
f 328/328/228 326/326/228 325/325/228
f 329/329/228 328/328/228 330/330/228
f 331/331/228 328/328/228 329/329/228
f 328/328/228 331/331/228 326/326/228
f 332/332/228 326/326/228 331/331/228
f 332/332/228 331/331/228 333/333/228
f 326/326/228 332/332/228 334/334/228
f 334/334/228 332/332/228 335/335/228
f 334/334/228 335/335/228 336/336/228
f 339/337/229 338/338/230 337/339/230
f 338/338/230 339/337/229 340/340/229
f 341/341/231 340/340/229 339/337/229
f 340/340/229 341/341/231 342/342/232
f 343/343/233 342/342/232 341/341/231
f 342/342/232 343/343/233 344/344/233
f 347/322/234 346/323/235 345/324/235
f 346/323/235 347/322/234 349/320/234
f 351/319/236 349/320/234 347/322/234
f 352/318/236 350/317/237 348/321/237
f 349/320/234 351/319/236 352/318/236
f 350/317/237 352/318/236 351/319/236
f 353/345/238 354/346/238 355/347/238
f 353/345/238 355/347/238 356/348/238
f 354/346/238 357/349/238 358/350/238
f 357/349/238 354/346/238 359/351/238
f 354/346/238 353/345/238 359/351/238
f 360/352/238 359/351/238 353/345/238
f 359/351/238 360/352/238 361/353/238
f 360/352/238 353/345/238 362/354/238
f 360/352/238 362/354/238 363/355/238
f 363/355/238 362/354/238 364/356/238
f 5083/4783/1572 5082/4784/1570 5081/4785/1570
f 5082/4784/1570 5083/4783/1572 5084/4786/1572
f 5085/4787/1575 5084/4786/1572 5083/4783/1572
f 5084/4786/1572 5085/4787/1575 5086/4788/1608
f 5089/4789/1572 5088/4790/1570 5087/4791/1570
f 5088/4790/1570 5089/4789/1572 5090/4792/1572
f 5091/4793/1575 5090/4792/1572 5089/4789/1572
f 5090/4792/1572 5091/4793/1575 5092/4794/1575
f 5095/4795/3039 5093/4796/3040 5094/4797/3040
f 5096/4798/3041 5095/4795/3039 5094/4797/3040
f 5096/4798/3041 5094/4797/3040 5097/4799/3042
f 5093/4796/3040 5099/4800/3042 5098/4801/3042
f 5099/4800/3042 5093/4796/3040 5100/4802/3039
f 5093/4796/3040 5095/4795/3039 5100/4802/3039
f 5101/4803/3043 5100/4802/3039 5095/4795/3039
f 5100/4802/3039 5101/4803/3043 5102/4804/3043
f 5103/4805/3044 5102/4804/3043 5101/4803/3043
f 5102/4804/3043 5103/4805/3044 5104/4806/3045
f 5105/4807/3046 5104/4806/3045 5103/4805/3044
f 5104/4806/3045 5105/4807/3046 5106/4808/3046
f 5107/4809/1633 5108/4810/1622 5109/4811/1622
f 5110/4812/1605 5109/4811/1622 5108/4810/1622
f 5108/4810/1622 5107/4809/1633 5111/4813/1633
f 5109/4811/1622 5110/4812/1605 5112/4814/1605
f 5113/4815/1633 5114/4816/1622 5115/4817/1622
f 5116/4818/1605 5115/4817/1622 5114/4816/1622
f 5114/4816/1622 5113/4815/1633 5117/4819/1633
f 5115/4817/1622 5116/4818/1605 5118/4820/1605
f 5119/4821/3047 5120/4822/3047 5121/4823/3048
f 5121/4823/3048 5122/4824/3048 5119/4821/3047
f 5123/4825/3049 5122/4824/3048 5121/4823/3048
f 5122/4824/3048 5123/4825/3049 5124/4826/3050
f 5125/4827/228 5126/4828/228 5127/4829/228
f 5126/4828/228 5125/4827/228 5128/4830/228
f 5125/4827/228 5127/4829/228 5129/4831/228
f 5127/4829/228 5126/4828/228 5130/4832/228
f 5130/4832/228 5126/4828/228 5131/4833/228
f 5127/4829/228 5130/4832/228 5132/4834/228
f 5133/4835/228 5134/4836/228 5135/4837/228
f 5135/4837/228 5134/4836/228 5136/4838/228
f 5134/4836/228 5133/4835/228 5137/4839/228
f 5137/4839/228 5133/4835/228 5138/4840/228
f 5134/4836/228 5137/4839/228 5139/4841/228
f 5134/4836/228 5139/4841/228 5140/4842/228
f 5141/4843/228 5142/4844/228 5143/4845/228
f 5141/4843/228 5144/4846/228 5142/4844/228
f 5144/4846/228 5141/4843/228 5145/4847/228
f 5145/4847/228 5141/4843/228 5146/4848/228
f 5145/4847/228 5147/4849/228 5144/4846/228
f 5148/4850/228 5147/4849/228 5145/4847/228
f 5149/4851/228 5147/4849/228 5148/4850/228
f 5147/4849/228 5149/4851/228 5150/4852/228
f 5147/4849/228 5150/4852/228 5151/4853/228
f 5152/4854/228 5153/4847/228 5154/4855/228
f 5153/4847/228 5152/4854/228 5155/4856/228
f 5156/4850/228 5154/4855/228 5153/4847/228
f 5157/4851/228 5154/4855/228 5156/4850/228
f 5158/4852/228 5154/4855/228 5157/4851/228
f 5154/4855/228 5158/4852/228 5159/4857/228
f 5159/4857/228 5158/4852/228 5160/4853/228
f 5163/4858/1693 5162/4859/1738 5161/4860/1738
f 5162/4859/1738 5163/4858/1693 5164/4861/1693
f 5165/4862/1736 5164/4861/1693 5163/4858/1693
f 5164/4861/1693 5165/4862/1736 5166/4863/1736
f 5169/4864/1693 5168/4865/1738 5167/4866/1738
f 5168/4865/1738 5169/4864/1693 5170/4867/1693
f 5171/4868/1736 5170/4867/1693 5169/4864/1693
f 5170/4867/1693 5171/4868/1736 5172/4869/1736
f 5173/4870/3051 5174/4871/3052 5175/4872/3053
f 5173/4870/3051 5175/4872/3053 5176/4873/3051
f 5174/4871/3052 5177/4874/3054 5175/4872/3053
f 5174/4871/3052 5178/4875/3055 5177/4874/3054
f 5181/4876/3056 5179/4877/3057 5180/4878/3057
f 5181/4876/3056 5180/4878/3057 5182/4879/3058
f 5183/4880/3059 5181/4876/3056 5182/4879/3058
f 5183/4880/3059 5182/4879/3058 5184/4881/3059
f 5185/4882/3060 5183/4880/3059 5184/4881/3059
f 5183/4880/3059 5185/4882/3060 5186/4883/3061
f 5187/4884/3062 5186/4883/3061 5185/4882/3060
f 5186/4883/3061 5187/4884/3062 5188/4885/3061
f 5187/4884/3062 5189/4886/3059 5188/4885/3061
f 5189/4886/3059 5187/4884/3062 5190/4887/3063
f 5190/4887/3063 5191/4888/3056 5189/4886/3059
f 5192/4889/3056 5191/4888/3056 5190/4887/3063
f 5193/4890/3057 5191/4888/3056 5192/4889/3056
f 5191/4888/3056 5193/4890/3057 5194/4891/3057
f 5199/4892/1800 5197/4893/1812 5195/4894/1812
f 5200/4895/1800 5198/4896/1604 5196/4897/1604
f 5197/4893/1812 5199/4892/1800 5200/4895/1800
f 5198/4896/1604 5200/4895/1800 5199/4892/1800
f 5205/4898/1800 5203/4899/1812 5201/4900/1812
f 5206/4901/1800 5204/4902/1604 5202/4903/1604
f 5203/4899/1812 5205/4898/1800 5206/4901/1800
f 5204/4902/1604 5206/4901/1800 5205/4898/1800
f 5209/4904/3064 5207/4905/3042 5208/4906/3042
f 5209/4904/3064 5208/4906/3042 5210/4907/3065
f 5211/4908/3066 5209/4904/3064 5210/4907/3065
f 5211/4908/3066 5210/4907/3065 5212/4909/3066
f 5215/4910/3065 5214/4911/3066 5213/4912/3066
f 5214/4911/3066 5215/4910/3065 5216/4913/3067
f 5217/4914/3042 5216/4913/3067 5215/4910/3065
f 5216/4913/3067 5217/4914/3042 5218/4915/3042
f 5219/4916/3064 5220/4917/3065 5221/4918/3064
f 5219/4916/3064 5221/4918/3064 5222/4919/3065
f 5223/4920/238 5224/4921/238 5225/4922/238
f 5226/4923/238 5224/4921/238 5223/4920/238
f 5226/4923/238 5227/4924/238 5224/4921/238
f 5227/4924/238 5226/4923/238 5228/4925/238
f 5229/4926/238 5224/4921/238 5227/4924/238
f 5224/4921/238 5229/4926/238 5230/4927/238
f 5231/4928/238 5232/4929/238 5233/4930/238
f 5234/4931/238 5232/4929/238 5231/4928/238
f 5232/4929/238 5234/4931/238 5235/4932/238
f 5236/4933/238 5232/4929/238 5235/4932/238
f 5232/4929/238 5236/4933/238 5237/4934/238
f 5236/4933/238 5238/4935/238 5237/4934/238
f 5238/4935/238 5236/4933/238 5239/4936/238
f 5237/4934/238 5238/4935/238 5240/4937/238
f 5238/4935/238 5241/4938/238 5240/4937/238
f 5242/4939/238 5243/4933/238 5244/4940/238
f 5243/4933/238 5242/4939/238 5245/4941/238
f 5245/4941/238 5246/4932/238 5243/4933/238
f 5246/4932/238 5245/4941/238 5247/4931/238
f 5247/4931/238 5245/4941/238 5248/4928/238
f 5248/4928/238 5245/4941/238 5249/4942/238
f 5248/4928/238 5249/4942/238 5250/4930/238
usemtl Meshpart2Mtl
f 365/357/239 366/358/240 367/359/239
f 365/357/239 368/360/239 366/358/240
f 368/360/239 365/357/239 369/361/239
f 368/360/239 369/361/239 370/362/239
f 371/363/241 372/364/3 373/365/241
f 372/364/3 371/363/241 374/366/3
f 372/364/3 374/366/3 375/367/3
f 375/367/3 374/366/3 376/368/3
f 377/369/242 378/370/242 379/371/242
f 378/370/242 377/369/242 380/372/243
f 378/370/242 380/372/243 381/373/244
f 381/373/244 380/372/243 382/374/242
f 383/375/245 384/376/246 385/377/246
f 386/378/247 385/377/246 384/376/246
f 384/376/246 383/375/245 387/379/245
f 384/376/246 388/380/248 386/378/247
f 388/380/248 389/381/249 386/378/247
f 389/381/249 388/380/248 390/382/249
f 391/383/250 392/361/251 393/384/251
f 392/361/251 391/383/250 394/362/252
f 395/357/253 393/384/251 392/361/251
f 393/384/251 395/357/253 396/385/253
f 395/357/253 397/386/254 396/385/253
f 397/386/254 395/357/253 398/359/254
f 399/368/255 400/387/256 401/388/255
f 400/387/256 399/368/255 402/366/256
f 403/367/257 399/368/255 401/388/255
f 401/388/255 405/389/257 403/367/257
f 405/389/257 407/364/258 403/367/257
f 408/365/259 404/390/260 406/363/260
f 407/364/258 405/389/257 409/391/261
f 404/390/260 408/365/259 410/392/259
f 407/364/258 410/392/259 408/365/259
f 410/392/259 407/364/258 409/391/261
f 413/393/262 411/394/263 412/395/264
f 412/395/264 414/396/262 413/393/262
f 417/373/265 416/374/266 415/397/267
f 415/397/267 419/398/265 417/373/265
f 419/398/265 421/370/268 417/373/265
f 421/370/268 418/399/269 420/371/269
f 421/370/268 419/398/265 422/400/270
f 418/399/269 421/370/268 422/400/270
f 424/401/271 425/402/272 423/403/271
f 425/402/272 424/401/271 426/404/273
f 427/405/274 428/406/275 429/407/275
f 428/406/275 427/405/274 430/408/275
f 428/406/275 430/408/275 431/409/275
f 431/409/275 430/408/275 432/410/275
f 433/411/276 434/412/277 435/413/278
f 436/414/279 435/413/278 434/412/277
f 433/411/276 435/413/278 437/415/280
f 435/413/278 436/414/279 438/416/279
f 439/417/281 438/416/279 436/414/279
f 438/416/279 439/417/281 440/418/281
f 441/409/282 442/410/283 443/419/283
f 443/419/283 444/420/284 441/409/282
f 444/420/284 445/406/285 441/409/282
f 445/406/285 444/420/284 446/421/286
f 447/422/287 445/406/285 446/421/286
f 445/406/285 447/422/287 448/407/287
f 449/423/288 450/424/289 451/425/288
f 449/423/288 452/426/290 450/424/289
f 452/426/290 449/423/288 453/427/290
f 452/426/290 453/427/290 454/428/288
f 455/429/33 456/430/33 457/431/33
f 455/429/33 458/432/33 456/430/33
f 458/432/33 455/429/33 459/433/33
f 458/432/33 459/433/33 460/434/33
f 463/427/291 461/435/292 462/428/293
f 461/435/292 463/427/291 464/436/294
f 466/423/295 464/436/294 463/427/291
f 465/437/296 466/423/295 467/425/296
f 464/436/294 466/423/295 468/438/297
f 466/423/295 465/437/296 468/438/297
f 471/439/298 470/440/299 469/441/300
f 469/441/300 472/442/298 471/439/298
f 475/433/301 473/443/302 474/434/302
f 473/443/302 475/433/301 477/444/303
f 479/429/304 477/444/303 475/433/301
f 476/445/305 479/429/304 478/431/305
f 477/444/303 479/429/304 480/446/306
f 479/429/304 476/445/305 480/446/306
f 483/447/307 482/448/308 481/449/308
f 482/448/308 483/447/307 484/450/307
f 485/451/309 486/452/310 487/453/311
f 488/454/312 487/453/311 486/452/310
f 486/452/310 485/451/309 489/455/313
f 490/456/314 489/455/313 485/451/309
f 489/455/313 490/456/314 491/457/315
f 488/454/312 486/452/310 492/458/316
f 493/459/317 494/460/318 495/451/319
f 493/459/317 495/451/319 496/453/320
f 494/460/318 497/456/321 495/451/319
f 498/454/322 493/459/317 496/453/320
f 494/460/318 499/461/321 497/456/321
f 493/459/317 498/454/322 500/462/323
f 504/463/221 503/464/222 501/465/324
f 504/463/221 502/466/325 503/464/222
f 501/465/324 505/467/326 504/463/221
f 502/466/325 504/463/221 506/468/327
f 507/469/328 504/463/221 505/467/326
f 507/469/328 506/468/327 504/463/221
f 505/467/326 508/470/329 507/469/328
f 506/468/327 507/469/328 509/471/330
f 510/472/331 507/469/328 508/470/329
f 507/469/328 511/473/332 509/471/330
f 507/469/328 510/472/331 512/474/219
f 507/469/328 512/474/219 511/473/332
f 515/475/333 513/476/334 514/477/335
f 515/475/333 516/478/333 513/476/334
f 517/479/336 519/448/337 518/450/336
f 519/448/337 517/479/336 520/480/337
f 522/439/338 521/481/339 523/482/340
f 522/439/338 523/482/340 524/440/340
f 527/483/341 526/484/342 525/485/342
f 528/486/341 526/484/342 527/483/341
f 531/487/343 530/488/344 529/489/344
f 532/490/343 530/488/344 531/487/343
f 534/491/345 533/492/346 535/493/347
f 534/491/345 535/493/347 536/494/348
f 538/495/349 539/496/350 537/497/349
f 537/497/349 539/496/350 540/498/350
f 542/499/351 543/500/352 541/501/351
f 543/500/352 542/499/351 544/502/353
f 545/503/354 547/504/355 546/505/354
f 547/504/355 545/503/354 548/506/355
f 550/507/356 549/508/356 551/509/357
f 550/507/356 551/509/357 552/510/358
f 555/393/359 553/511/360 554/394/360
f 555/393/359 556/512/359 553/511/360
f 559/513/361 558/401/362 557/514/362
f 560/404/363 558/401/362 559/513/361
f 561/515/364 562/516/364 563/517/364
f 561/515/364 564/518/364 562/516/364
f 564/518/364 561/515/364 565/519/364
f 564/518/364 565/519/364 566/520/364
f 567/521/48 568/522/48 569/523/365
f 567/521/48 569/523/365 570/524/365
f 568/522/48 567/521/48 571/525/48
f 568/522/48 571/525/48 572/526/48
f 573/527/366 574/528/367 575/529/367
f 573/527/366 575/529/367 576/530/366
f 574/528/367 573/527/366 577/531/367
f 574/528/367 577/531/367 578/532/368
f 581/533/369 579/534/370 580/535/370
f 580/535/370 582/536/371 581/533/369
f 583/537/266 584/538/372 585/539/372
f 586/540/373 585/539/372 584/538/372
f 584/538/372 583/537/266 587/541/266
f 584/538/372 588/542/373 586/540/373
f 588/542/373 589/543/374 586/540/373
f 589/543/374 588/542/373 590/544/374
f 591/545/375 592/519/376 593/546/376
f 592/519/376 591/545/375 594/520/375
f 595/515/377 593/546/376 592/519/376
f 593/546/376 595/515/377 596/547/377
f 595/515/377 597/548/378 596/547/377
f 597/548/378 595/515/377 598/517/379
f 599/523/380 600/549/381 601/524/382
f 602/550/383 601/524/382 600/549/381
f 600/549/381 599/523/380 603/551/380
f 601/524/382 602/550/383 604/521/384
f 605/522/385 603/551/380 599/523/380
f 603/551/380 605/522/385 607/552/385
f 609/553/386 607/552/385 605/522/385
f 606/554/387 610/526/386 608/525/387
f 605/522/385 610/526/386 609/553/386
f 610/526/386 606/554/387 609/553/386
f 611/529/388 612/555/389 613/530/389
f 612/555/389 611/529/388 614/556/388
f 615/528/390 614/556/388 611/529/388
f 614/556/388 615/528/390 616/557/391
f 617/558/392 616/557/391 615/528/390
f 615/528/390 618/532/392 617/558/392
f 621/559/393 620/560/394 619/561/395
f 620/560/394 621/559/393 622/562/396
f 623/563/60 624/564/60 625/565/397
f 623/563/60 626/566/60 624/564/60
f 626/566/60 623/563/60 627/567/397
f 626/566/60 627/567/397 628/568/60
f 629/569/398 630/570/399 631/571/398
f 629/569/398 631/571/398 632/572/398
f 630/570/399 629/569/398 633/573/400
f 630/570/399 633/573/400 634/574/398
f 637/567/401 635/575/402 636/568/403
f 635/575/402 637/567/401 639/576/404
f 641/563/405 639/576/404 637/567/401
f 638/577/406 641/563/405 640/565/281
f 639/576/404 641/563/405 642/578/405
f 641/563/405 638/577/406 642/578/405
f 645/579/407 644/580/408 643/581/408
f 643/581/408 646/582/407 645/579/407
f 649/583/409 647/584/410 648/585/410
f 647/584/410 649/583/409 650/586/409
f 651/587/411 650/586/409 649/583/409
f 650/586/409 651/587/411 652/588/411
f 653/589/412 652/588/411 651/587/411
f 653/589/412 651/587/411 654/590/412
f 657/571/413 655/591/414 656/572/414
f 655/591/414 657/571/413 659/592/415
f 661/570/416 659/592/415 657/571/413
f 661/570/416 660/574/417 658/593/417
f 659/592/415 661/570/416 662/594/416
f 658/593/417 662/594/416 661/570/416
f 663/595/418 664/596/418 665/597/418
f 663/595/418 665/597/418 666/598/418
f 664/596/418 667/599/418 665/597/418
f 667/599/418 664/596/418 668/600/418
f 671/601/419 670/602/420 669/603/420
f 670/602/420 671/601/419 672/604/421
f 673/595/422 674/605/423 675/606/422
f 674/605/423 673/595/422 676/598/423
f 677/596/424 673/595/422 675/606/422
f 675/606/422 678/607/425 677/596/424
f 679/608/426 677/596/424 678/607/425
f 677/596/424 679/608/426 680/600/427
f 683/609/428 681/610/429 682/611/316
f 681/610/429 683/609/428 684/612/430
f 685/613/431 687/614/432 686/615/433
f 685/613/431 688/616/434 687/614/432
f 684/612/430 687/614/432 688/616/434
f 687/614/432 684/612/430 683/609/428
f 691/617/435 690/618/323 689/610/323
f 691/617/435 689/610/323 692/612/435
f 692/612/435 693/619/436 691/617/435
f 693/619/436 692/612/435 694/616/436
f 695/613/437 693/619/436 694/616/436
f 693/619/436 695/613/437 696/620/437
f 700/621/226 699/622/227 697/623/438
f 700/621/226 698/624/439 699/622/227
f 697/623/438 701/625/440 700/621/226
f 698/624/439 700/621/226 702/626/441
f 703/627/225 700/621/226 701/625/440
f 703/627/225 702/626/441 700/621/226
f 701/625/440 704/628/442 703/627/225
f 702/626/441 703/627/225 705/629/443
f 706/630/444 703/627/225 704/628/442
f 703/627/225 707/631/445 705/629/443
f 703/627/225 706/630/444 708/632/223
f 703/627/225 708/632/223 707/631/445
f 711/633/446 710/634/447 709/635/447
f 712/636/448 710/634/447 711/633/446
f 715/637/449 714/638/450 713/639/450
f 716/640/451 714/638/450 715/637/449
f 718/641/452 717/642/453 719/643/454
f 718/641/452 719/643/454 720/644/455
f 722/645/456 721/646/456 723/647/457
f 722/645/456 723/647/457 724/648/457
f 725/649/458 727/602/459 726/604/460
f 727/602/459 725/649/458 728/650/461
f 730/579/462 729/651/462 731/652/463
f 730/579/462 731/652/463 732/580/463
f 734/560/464 735/653/465 733/654/464
f 735/653/465 734/560/464 736/562/466
f 738/655/467 739/656/468 737/657/469
f 739/656/468 738/655/467 740/658/470
f 742/659/471 743/660/472 741/661/471
f 741/661/471 743/660/472 744/662/472
f 747/663/473 745/664/474 746/665/474
f 747/663/473 748/666/473 745/664/474
f 750/667/475 751/668/476 749/669/477
f 751/668/476 750/667/475 752/670/476
f 755/533/478 753/671/479 754/534/480
f 755/533/478 756/672/478 753/671/479
f 757/673/250 759/674/481 758/675/250
f 759/674/481 757/673/250 760/676/481
f 763/677/482 762/678/483 761/679/483
f 763/677/482 761/679/483 764/680/482
f 767/681/484 766/682/485 765/683/485
f 765/683/485 768/684/484 767/681/484
f 771/685/486 770/686/396 769/687/396
f 769/687/396 772/688/486 771/685/486
f 775/689/487 774/690/488 773/691/489
f 774/690/488 775/689/487 776/692/490
f 777/693/491 778/694/492 779/695/492
f 779/695/492 780/696/491 777/693/491
f 783/697/493 782/698/494 781/699/494
f 782/698/494 783/697/493 784/700/493
f 785/701/495 786/702/496 787/703/495
f 786/702/496 785/701/495 788/704/497
f 790/705/498 791/706/499 789/707/499
f 789/707/499 792/708/498 790/705/498
f 795/709/300 794/710/500 793/711/501
f 794/710/500 795/709/300 796/712/502
f 799/713/503 798/714/504 797/715/505
f 798/714/504 799/713/503 800/716/503
f 801/717/506 802/718/307 803/719/507
f 801/717/506 804/720/307 802/718/307
f 807/721/508 805/722/310 806/723/313
f 807/721/508 808/724/509 805/722/310
f 809/725/315 807/721/508 806/723/313
f 807/721/508 809/725/315 810/726/510
f 809/725/315 811/727/511 810/726/510
f 812/728/316 805/722/310 808/724/509
f 808/724/509 813/729/512 812/728/316
f 813/729/512 814/730/513 812/728/316
f 814/730/513 813/729/512 815/731/514
f 811/727/511 809/725/315 816/732/515
f 817/733/516 811/727/511 816/732/515
f 816/732/515 818/734/517 817/733/516
f 819/735/518 817/733/516 818/734/517
f 819/735/518 818/734/517 820/736/519
f 821/737/520 819/735/518 820/736/519
f 821/737/520 820/736/519 822/738/521
f 822/738/521 823/739/522 821/737/520
f 823/739/522 822/738/521 824/740/523
f 825/741/433 823/739/522 824/740/523
f 823/739/522 825/741/433 826/742/524
f 827/743/432 826/742/524 825/741/433
f 826/742/524 827/743/432 828/744/525
f 815/731/514 828/744/525 827/743/432
f 815/731/514 827/743/432 814/730/513
f 829/745/526 830/746/334 831/747/526
f 832/748/447 829/745/526 831/747/526
f 830/746/334 829/745/526 833/749/335
f 832/748/447 834/750/447 829/745/526
f 835/751/527 836/713/528 837/715/527
f 836/713/528 835/751/527 838/752/529
f 836/713/528 838/752/529 839/753/450
f 839/753/450 840/754/530 836/713/528
f 841/755/531 842/717/532 843/756/531
f 842/717/532 841/755/531 844/757/532
f 842/717/532 844/757/532 845/758/336
f 845/758/336 846/720/336 842/717/532
f 847/759/533 848/760/534 849/761/535
f 849/761/535 851/762/535 847/759/533
f 849/761/535 850/763/454 851/762/535
f 850/763/454 849/761/535 852/764/536
f 855/710/537 853/765/538 854/766/538
f 855/710/537 857/767/537 853/765/538
f 855/710/537 856/768/539 857/767/537
f 856/768/539 855/710/537 858/712/539
f 861/769/540 859/703/540 863/702/541
f 860/770/542 863/702/541 862/771/543
f 861/769/540 863/702/541 864/772/541
f 863/702/541 860/770/542 864/772/541
f 865/773/544 866/707/545 867/774/544
f 866/707/545 865/773/544 868/775/546
f 866/707/545 868/775/546 869/776/458
f 866/707/545 869/776/458 870/708/547
f 871/697/548 872/777/549 873/778/548
f 874/779/342 871/697/548 873/778/548
f 872/777/549 871/697/548 875/699/550
f 874/779/342 876/780/342 871/697/548
f 881/690/551 877/781/552 879/782/553
f 878/783/463 881/690/551 880/692/463
f 877/781/552 881/690/551 882/784/551
f 881/690/551 878/783/463 882/784/551
f 883/785/554 884/786/555 885/787/556
f 886/788/557 883/785/554 885/787/556
f 884/786/555 883/785/554 887/789/555
f 883/785/554 886/788/557 888/790/558
f 893/695/559 891/791/560 889/696/561
f 890/792/562 893/695/559 892/793/348
f 891/791/560 893/695/559 894/794/559
f 893/695/559 890/792/562 894/794/559
f 897/795/563 895/796/564 896/797/565
f 897/795/563 899/798/563 895/796/564
f 897/795/563 898/799/566 899/798/563
f 898/799/566 897/795/563 900/800/566
f 902/801/567 903/802/568 901/803/569
f 903/802/568 902/801/567 904/804/568
f 906/805/350 903/802/568 904/804/568
f 905/806/350 903/802/568 906/805/350
f 907/807/570 911/685/571 909/808/572
f 911/685/571 908/809/466 910/686/573
f 911/685/571 907/807/570 912/810/571
f 908/809/466 911/685/571 912/810/571
f 915/811/574 917/812/575 913/813/576
f 917/812/575 914/814/468 916/815/470
f 917/812/575 915/811/574 918/816/575
f 917/812/575 918/816/575 914/814/468
f 920/817/577 921/818/578 919/819/579
f 921/818/578 920/817/577 922/820/578
f 922/820/578 923/821/353 921/818/578
f 923/821/353 924/822/352 921/818/578
f 926/823/355 927/824/580 925/825/355
f 927/824/580 926/823/355 928/826/581
f 930/827/472 927/824/580 928/826/581
f 930/827/472 929/828/582 927/824/580
f 931/829/358 933/677/583 932/830/584
f 933/677/583 931/829/358 935/831/583
f 934/832/585 933/677/583 935/831/583
f 936/678/585 933/677/583 934/832/585
f 937/833/586 938/834/587 939/835/587
f 938/834/587 937/833/586 940/836/588
f 937/833/586 941/837/589 940/836/588
f 941/837/589 937/833/586 942/838/360
f 943/683/590 944/839/590 945/840/362
f 943/683/590 946/841/591 944/839/590
f 943/683/590 945/840/362 947/684/362
f 946/841/591 943/683/590 948/842/592
f 949/843/593 950/844/594 951/845/595
f 949/843/593 952/846/596 950/844/594
f 949/843/593 951/845/595 953/847/597
f 952/846/596 949/843/593 954/848/474
f 955/849/598 956/850/599 957/673/598
f 957/673/598 958/851/475 955/849/598
f 956/850/599 959/676/599 957/673/598
f 958/851/475 957/673/598 960/852/475
f 961/853/600 962/854/601 963/855/600
f 963/855/600 962/854/601 964/856/602
f 962/854/601 965/857/479 964/856/602
f 965/857/479 962/854/601 966/858/603
f 967/859/604 968/860/605 969/861/605
f 968/860/605 967/859/604 970/862/604
f 967/859/604 971/863/606 970/862/604
f 971/863/606 967/859/604 972/864/607
f 973/865/141 974/866/141 975/867/608
f 973/865/141 975/867/608 976/868/141
f 974/866/141 973/865/141 977/869/608
f 974/866/141 977/869/608 978/870/141
f 979/871/609 980/872/609 981/873/609
f 979/871/609 981/873/609 982/874/609
f 980/872/609 979/871/609 983/875/609
f 980/872/609 983/875/609 984/876/609
f 985/877/610 986/878/610 987/879/610
f 985/877/610 987/879/610 988/880/610
f 986/878/610 989/881/610 987/879/610
f 989/881/610 986/878/610 990/882/611
f 993/883/612 992/884/613 991/885/613
f 992/884/613 993/883/612 994/886/483
f 997/887/614 996/888/383 995/889/383
f 996/888/383 997/887/614 998/890/614
f 999/891/389 1001/892/615 1000/893/389
f 1001/892/615 999/891/389 1002/894/615
f 1003/895/616 1001/892/615 1002/894/615
f 1001/892/615 1003/895/616 1004/896/617
f 1005/897/618 1004/896/617 1003/895/616
f 1004/896/617 1005/897/618 1006/898/619
f 1007/899/620 1009/877/621 1008/880/620
f 1009/877/621 1007/899/620 1010/900/622
f 1012/878/623 1009/877/621 1010/900/622
f 1012/878/623 1011/901/486 1013/882/486
f 1011/901/486 1012/878/623 1014/902/623
f 1010/900/622 1014/902/623 1012/878/623
f 1015/867/624 1016/903/625 1017/868/625
f 1018/904/626 1017/868/625 1016/903/625
f 1016/903/625 1015/867/624 1019/905/627
f 1017/868/625 1018/904/626 1020/865/626
f 1021/866/628 1019/905/627 1015/867/624
f 1019/905/627 1021/866/628 1023/906/629
f 1025/907/630 1023/906/629 1021/866/628
f 1022/908/631 1026/870/632 1024/869/631
f 1021/866/628 1026/870/632 1025/907/630
f 1026/870/632 1022/908/631 1025/907/630
f 1027/873/633 1028/909/634 1029/874/634
f 1028/909/634 1027/873/633 1030/910/635
f 1031/872/636 1030/910/635 1027/873/633
f 1030/910/635 1031/872/636 1032/911/637
f 1033/912/638 1032/911/637 1031/872/636
f 1031/872/636 1034/876/638 1033/912/638
f 1035/913/148 1036/914/148 1037/915/148
f 1035/913/148 1037/915/148 1038/916/148
f 1036/914/148 1039/917/148 1037/915/148
f 1039/917/148 1036/914/148 1040/918/148
f 1042/919/491 1043/920/639 1041/921/491
f 1043/920/639 1042/919/491 1044/922/640
f 1045/923/641 1046/924/642 1047/925/642
f 1045/923/641 1047/925/642 1048/926/643
f 1046/924/642 1049/927/642 1047/925/642
f 1049/927/642 1046/924/642 1050/928/642
f 1051/929/644 1052/913/645 1053/916/646
f 1052/913/645 1051/929/644 1054/930/645
f 1055/914/647 1052/913/645 1054/930/645
f 1054/930/645 1056/931/648 1055/914/647
f 1057/932/649 1055/914/647 1056/931/648
f 1055/914/647 1057/932/649 1058/918/650
f 1061/933/651 1060/934/652 1059/935/653
f 1060/934/652 1061/933/651 1062/936/651
f 1063/937/654 1064/938/654 1065/939/654
f 1063/937/654 1065/939/654 1066/940/654
f 1064/938/654 1063/937/654 1067/941/654
f 1064/938/654 1067/941/654 1068/942/654
f 1069/923/655 1070/943/656 1071/944/655
f 1070/943/656 1069/923/655 1072/926/656
f 1073/924/657 1069/923/655 1071/944/655
f 1071/944/655 1074/945/657 1073/924/657
f 1075/946/658 1073/924/657 1074/945/657
f 1073/924/657 1075/946/658 1076/928/658
f 1079/939/659 1078/947/660 1077/940/660
f 1078/947/660 1079/939/659 1080/948/659
f 1081/938/661 1080/948/659 1079/939/659
f 1080/948/659 1081/938/661 1082/949/661
f 1083/950/662 1082/949/661 1081/938/661
f 1081/938/661 1084/942/503 1083/950/662
f 1087/951/663 1085/952/664 1086/953/664
f 1085/952/664 1087/951/663 1088/954/663
f 1089/955/665 1088/954/663 1087/951/663
f 1088/954/663 1089/955/665 1090/956/666
f 1091/957/667 1090/956/666 1089/955/665
f 1091/957/667 1089/955/665 1092/958/667
f 1093/959/668 1095/960/669 1094/961/519
f 1093/959/668 1096/962/670 1095/960/669
f 1097/963/671 1095/960/669 1096/962/670
f 1095/960/669 1097/963/671 1098/964/523
f 1099/965/431 1098/964/523 1097/963/671
f 1098/964/523 1099/965/431 1100/966/672
f 1105/967/673 1101/959/674 1103/968/675
f 1106/969/676 1104/970/677 1102/965/677
f 1101/959/674 1105/967/673 1107/962/673
f 1106/969/676 1102/965/677 1108/963/678
f 1105/967/673 1108/963/678 1107/962/673
f 1108/963/678 1105/967/673 1106/969/676
f 1109/971/679 1110/972/680 1111/973/232
f 1112/974/681 1111/973/232 1110/972/680
f 1111/973/232 1112/974/681 1113/975/233
f 1111/973/232 1113/975/233 1114/976/682
f 1111/973/232 1114/976/682 1115/977/683
f 1116/978/684 1111/973/232 1115/977/683
f 1120/979/229 1119/980/230 1117/981/685
f 1120/979/229 1118/982/686 1119/980/230
f 1117/981/685 1109/971/679 1120/979/229
f 1118/982/686 1120/979/229 1116/978/684
f 1111/973/232 1120/979/229 1109/971/679
f 1111/973/232 1116/978/684 1120/979/229
f 1122/983/531 1123/984/687 1121/985/688
f 1123/984/687 1122/983/531 1124/986/687
f 1126/987/689 1127/988/534 1125/989/690
f 1127/988/534 1126/987/689 1128/990/691
f 1130/991/692 1131/992/693 1129/993/694
f 1131/992/693 1130/991/692 1132/994/538
f 1134/933/549 1135/995/695 1133/996/550
f 1135/995/695 1134/933/549 1136/935/695
f 1138/922/696 1139/919/560 1137/997/696
f 1137/997/696 1139/919/560 1140/998/561
f 1142/999/697 1141/1000/698 1143/1001/699
f 1142/999/697 1143/1001/699 1144/1002/700
f 1145/1003/701 1147/887/577 1146/889/701
f 1147/887/577 1145/1003/701 1148/1004/579
f 1150/884/702 1151/1005/703 1149/1006/702
f 1151/1005/703 1150/884/702 1152/886/585
f 1155/1007/704 1154/1008/587 1153/1009/705
f 1156/1010/706 1154/1008/587 1155/1007/704
f 1158/1011/591 1159/1012/707 1157/1013/591
f 1159/1012/707 1158/1011/591 1160/1014/708
f 1161/1015/709 1163/1016/710 1162/1017/709
f 1163/1016/710 1161/1015/709 1164/1018/711
f 1167/1019/712 1165/1020/713 1166/1021/607
f 1167/1019/712 1168/1022/714 1165/1020/713
f 1169/1023/715 1170/1024/716 1171/1025/715
f 1170/1024/716 1169/1023/715 1172/1026/715
f 1170/1024/716 1172/1026/715 1173/1027/715
f 1173/1027/715 1172/1026/715 1174/1028/715
f 1175/1029/161 1176/1030/161 1177/1031/161
f 1176/1030/161 1175/1029/161 1178/1032/717
f 1176/1030/161 1178/1032/717 1179/1033/717
f 1179/1033/717 1178/1032/717 1180/1034/717
f 1181/1035/718 1182/1036/718 1183/1037/718
f 1181/1035/718 1183/1037/718 1184/1038/718
f 1182/1036/718 1185/1039/719 1183/1037/718
f 1185/1039/719 1182/1036/718 1186/1040/719
f 1189/1027/720 1188/1028/721 1187/1041/245
f 1187/1041/245 1191/1042/720 1189/1027/720
f 1191/1042/720 1193/1024/722 1189/1027/720
f 1193/1024/722 1190/1043/723 1192/1025/723
f 1193/1024/722 1191/1042/720 1194/1044/722
f 1190/1043/723 1193/1024/722 1194/1044/722
f 1196/1045/724 1197/1046/725 1195/1047/726
f 1197/1046/725 1196/1045/724 1198/1048/727
f 1199/1034/728 1200/1049/729 1201/1050/728
f 1200/1049/729 1199/1034/728 1202/1032/729
f 1203/1033/730 1199/1034/728 1201/1050/728
f 1201/1050/728 1205/1051/730 1203/1033/730
f 1205/1051/730 1207/1030/731 1203/1033/730
f 1208/1031/732 1204/1052/733 1206/1029/733
f 1207/1030/731 1205/1051/730 1209/1053/731
f 1204/1052/733 1208/1031/732 1210/1054/732
f 1207/1030/731 1210/1054/732 1208/1031/732
f 1210/1054/732 1207/1030/731 1209/1053/731
f 1211/1055/734 1213/1035/735 1212/1038/734
f 1213/1035/735 1211/1055/734 1214/1056/735
f 1216/1036/736 1213/1035/735 1214/1056/735
f 1216/1036/736 1215/1057/482 1217/1040/737
f 1215/1057/482 1216/1036/736 1218/1058/736
f 1214/1056/735 1218/1058/736 1216/1036/736
f 1221/1059/631 1220/1060/738 1219/1061/739
f 1220/1060/738 1221/1059/631 1222/1062/740
f 1223/1063/741 1225/1064/742 1224/1065/741
f 1225/1064/742 1223/1063/741 1226/1066/742
f 1227/1067/743 1225/1064/742 1226/1066/742
f 1225/1064/742 1227/1067/743 1228/1068/744
f 1229/1069/745 1228/1068/744 1227/1067/743
f 1228/1068/744 1229/1069/745 1230/1070/745
f 1231/1071/746 1232/1072/746 1233/1073/746
f 1231/1071/746 1234/1074/746 1232/1072/746
f 1234/1074/746 1231/1071/746 1235/1075/746
f 1234/1074/746 1235/1075/746 1236/1076/746
f 1239/1075/747 1238/1077/492 1237/1076/492
f 1238/1077/492 1239/1075/747 1240/1078/747
f 1241/1071/748 1240/1078/747 1239/1075/747
f 1240/1078/747 1241/1071/748 1242/1079/749
f 1241/1071/748 1243/1080/750 1242/1079/749
f 1243/1080/750 1241/1071/748 1244/1073/750
f 1245/1081/751 1246/1082/751 1247/1083/751
f 1246/1082/751 1245/1081/751 1248/1084/751
f 1246/1082/751 1248/1084/751 1249/1085/751
f 1249/1085/751 1248/1084/751 1250/1086/751
f 1251/1087/156 1252/1088/156 1253/1089/156
f 1251/1087/156 1253/1089/156 1254/1090/156
f 1252/1088/156 1255/1091/156 1253/1089/156
f 1255/1091/156 1252/1088/156 1256/1092/156
f 1258/1093/752 1259/1094/753 1257/1095/495
f 1259/1094/753 1258/1093/752 1260/1096/753
f 1261/1085/754 1262/1086/755 1263/1097/755
f 1263/1097/755 1264/1098/756 1261/1085/754
f 1264/1098/756 1265/1082/757 1261/1085/754
f 1265/1082/757 1264/1098/756 1266/1099/757
f 1267/1100/758 1265/1082/757 1266/1099/757
f 1265/1082/757 1267/1100/758 1268/1083/759
f 1271/1101/760 1269/1102/761 1270/1103/761
f 1269/1102/761 1271/1101/760 1272/1104/760
f 1273/1105/762 1274/1106/763 1275/1107/763
f 1276/1108/764 1275/1107/763 1274/1106/763
f 1273/1105/762 1275/1107/763 1277/1109/302
f 1275/1107/763 1276/1108/764 1278/1110/765
f 1279/1111/766 1278/1110/765 1276/1108/764
f 1278/1110/765 1279/1111/766 1280/1112/766
f 1281/1113/767 1282/1087/768 1283/1090/664
f 1282/1087/768 1281/1113/767 1284/1114/768
f 1285/1088/769 1282/1087/768 1284/1114/768
f 1284/1114/768 1286/1115/770 1285/1088/769
f 1287/1116/771 1285/1088/769 1286/1115/770
f 1285/1088/769 1287/1116/771 1288/1092/771
f 1289/1117/772 1291/1118/515 1290/1119/315
f 1289/1117/772 1292/1120/773 1291/1118/515
f 1293/1121/774 1291/1118/515 1292/1120/773
f 1291/1118/515 1293/1121/774 1294/1122/775
f 1295/1123/776 1294/1122/775 1293/1121/774
f 1294/1122/775 1295/1123/776 1296/1124/519
f 1299/1125/777 1297/1117/778 1298/1126/778
f 1297/1117/778 1299/1125/777 1300/1120/777
f 1299/1125/777 1301/1121/779 1300/1120/777
f 1301/1121/779 1299/1125/777 1302/1127/779
f 1302/1127/779 1303/1123/780 1301/1121/779
f 1302/1127/779 1304/1128/781 1303/1123/780
f 1307/1129/234 1306/1130/235 1305/1131/782
f 1305/1131/782 1308/1132/783 1307/1129/234
f 1307/1129/234 1309/1133/784 1306/1130/235
f 1309/1133/784 1307/1129/234 1310/1134/785
f 1311/1135/236 1307/1129/234 1308/1132/783
f 1311/1135/236 1310/1134/785 1307/1129/234
f 1308/1132/783 1312/1136/786 1311/1135/236
f 1310/1134/785 1311/1135/236 1313/1137/787
f 1314/1138/788 1311/1135/236 1312/1136/786
f 1311/1135/236 1315/1139/325 1313/1137/787
f 1311/1135/236 1314/1138/788 1316/1140/237
f 1311/1135/236 1316/1140/237 1315/1139/325
f 1318/1101/527 1319/1141/789 1317/1142/527
f 1319/1141/789 1318/1101/527 1320/1103/789
f 1322/1096/790 1323/1093/791 1321/1143/790
f 1321/1143/790 1323/1093/791 1324/1144/791
f 1326/1145/792 1327/1146/793 1325/1147/544
f 1327/1146/793 1326/1145/792 1328/1148/793
f 1330/1149/794 1331/1150/553 1329/1151/794
f 1331/1150/553 1330/1149/794 1332/1152/795
f 1335/1153/796 1333/1154/797 1334/1155/555
f 1335/1153/796 1336/1156/796 1333/1154/797
f 1338/1157/798 1339/1158/564 1337/1159/799
f 1339/1158/564 1338/1157/798 1340/1160/564
f 1341/1161/800 1343/1162/569 1342/1163/800
f 1343/1162/569 1341/1161/800 1344/1164/567
f 1346/1165/801 1345/1166/801 1347/1167/802
f 1346/1165/801 1347/1167/802 1348/1168/802
f 1349/1169/803 1351/1059/574 1350/1061/804
f 1351/1059/574 1349/1169/803 1352/1170/574
f 1355/1171/805 1354/1045/599 1353/1172/599
f 1356/1048/805 1354/1045/599 1355/1171/805
f 1359/1173/806 1357/1174/600 1358/1175/600
f 1360/1176/807 1357/1174/600 1359/1173/806
f 1361/1177/808 1363/1178/809 1362/1179/605
f 1363/1178/809 1361/1177/808 1364/1180/809
f 1366/1181/810 1365/1182/811 1367/1183/812
f 1365/1182/811 1366/1181/810 1368/1184/810
f 1369/1185/734 1370/1186/813 1371/1187/813
f 1370/1186/813 1369/1185/734 1372/1188/734
f 1374/1189/814 1373/1190/379 1375/1191/379
f 1373/1190/379 1374/1189/814 1376/1192/815
f 1377/1193/620 1378/1194/395 1379/1195/395
f 1378/1194/395 1377/1193/620 1380/1196/816
f 1382/1197/817 1383/1198/818 1381/1199/817
f 1383/1198/818 1382/1197/817 1384/1200/819
f 1387/1201/750 1385/1202/820 1386/1203/820
f 1385/1202/820 1387/1201/750 1388/1204/750
f 1389/1205/414 1390/1206/652 1391/1207/652
f 1389/1205/414 1391/1207/652 1392/1208/821
f 1395/1209/296 1393/1210/822 1394/1211/822
f 1393/1210/822 1395/1209/296 1396/1212/296
f 1399/1213/420 1397/1214/656 1398/1215/656
f 1397/1214/656 1399/1213/420 1400/1216/420
f 1403/1217/823 1401/1218/824 1402/1219/824
f 1402/1219/824 1404/1220/759 1403/1217/823
f 1405/1221/825 1406/1222/826 1407/1223/826
f 1407/1223/826 1408/1224/825 1405/1221/825
f 1411/1225/827 1409/1226/828 1410/1227/828
f 1409/1226/828 1411/1225/827 1412/1228/827
f 1413/1229/829 1414/1230/830 1415/1231/830
f 1416/1232/831 1415/1231/830 1414/1230/830
f 1414/1230/830 1413/1229/829 1417/1233/829
f 1414/1230/830 1418/1234/831 1416/1232/831
f 1419/1235/832 1417/1233/829 1413/1229/829
f 1420/1236/833 1416/1232/831 1418/1234/831
f 1417/1233/829 1419/1235/832 1421/1237/834
f 1416/1232/831 1420/1236/833 1422/1238/833
f 1423/1239/835 1421/1237/834 1419/1235/832
f 1424/1240/836 1422/1238/833 1420/1236/833
f 1421/1237/834 1423/1239/835 1425/1241/835
f 1422/1238/833 1424/1240/836 1426/1242/836
f 1427/1243/837 1425/1241/835 1423/1239/835
f 1428/1244/838 1426/1242/836 1424/1240/836
f 1425/1241/835 1427/1243/837 1429/1245/837
f 1426/1242/836 1428/1244/838 1430/1246/838
f 1427/1243/837 1431/1247/839 1429/1245/837
f 1432/1248/840 1430/1246/838 1428/1244/838
f 1431/1247/839 1427/1243/837 1433/1249/839
f 1430/1246/838 1432/1248/840 1434/1250/840
f 1433/1249/839 1435/1251/841 1431/1247/839
f 1435/1251/841 1434/1250/840 1432/1248/840
f 1435/1251/841 1433/1249/839 1436/1252/841
f 1434/1250/840 1435/1251/841 1436/1252/841
f 1437/1253/333 1441/1254/842 1439/1255/333
f 1438/1256/448 1441/1254/842 1440/1257/446
f 1439/1255/333 1441/1254/842 1442/1258/842
f 1441/1254/842 1438/1256/448 1442/1258/842
f 1445/1223/843 1443/1259/789 1444/1224/789
f 1443/1259/789 1445/1223/843 1447/1260/844
f 1445/1223/843 1446/1261/451 1447/1260/844
f 1446/1261/451 1445/1223/843 1448/1262/449
f 1451/1226/845 1449/1263/687 1450/1264/846
f 1449/1263/687 1451/1226/845 1453/1265/847
f 1451/1226/845 1454/1266/337 1453/1265/847
f 1454/1266/337 1451/1226/845 1452/1228/848
f 1455/1267/689 1456/1268/849 1457/1269/689
f 1456/1268/849 1455/1267/689 1458/1270/849
f 1459/1271/452 1456/1268/849 1458/1270/849
f 1456/1268/849 1459/1271/452 1460/1272/850
f 1461/1273/694 1462/1217/851 1463/1274/694
f 1462/1217/851 1461/1273/694 1464/1275/851
f 1462/1217/851 1464/1275/851 1465/1276/339
f 1465/1276/339 1466/1218/852 1462/1217/851
f 1467/1209/853 1468/1277/854 1469/1278/855
f 1470/1279/456 1467/1209/853 1469/1278/855
f 1468/1277/854 1467/1209/853 1471/1211/790
f 1472/1280/456 1467/1209/853 1470/1279/456
f 1475/1214/856 1473/1281/793 1474/1282/793
f 1475/1214/856 1477/1283/856 1473/1281/793
f 1475/1214/856 1478/1284/459 1477/1283/856
f 1478/1284/459 1475/1214/856 1476/1216/857
f 1481/1206/858 1483/1205/859 1479/1285/858
f 1480/1286/341 1483/1205/859 1482/1287/860
f 1479/1285/858 1483/1205/859 1484/1288/859
f 1483/1205/859 1480/1286/341 1484/1288/859
f 1485/1198/861 1486/1289/794 1487/1290/862
f 1488/1291/863 1485/1198/861 1487/1290/862
f 1486/1289/794 1485/1198/861 1489/1292/794
f 1488/1291/863 1490/1199/462 1485/1198/861
f 1493/1293/796 1491/1294/796 1495/1295/864
f 1492/1296/343 1495/1295/864 1494/1297/865
f 1493/1293/796 1495/1295/864 1496/1298/866
f 1495/1295/864 1492/1296/343 1496/1298/866
f 1497/1201/867 1498/1299/696 1499/1300/867
f 1500/1301/345 1497/1201/867 1499/1300/867
f 1498/1299/696 1497/1201/867 1501/1203/696
f 1500/1301/345 1502/1302/868 1497/1201/867
f 1503/1303/869 1504/1304/870 1505/1305/871
f 1504/1304/870 1503/1303/869 1506/1306/870
f 1504/1304/870 1506/1306/870 1507/1307/698
f 1507/1307/698 1508/1308/872 1504/1304/870
f 1509/1309/800 1510/1310/873 1511/1311/874
f 1509/1309/800 1511/1311/874 1512/1312/874
f 1511/1311/874 1513/1313/875 1512/1312/874
f 1513/1313/875 1511/1311/874 1514/1314/875
f 1515/1193/876 1516/1315/876 1517/1316/801
f 1515/1193/876 1518/1317/464 1516/1315/876
f 1517/1316/801 1519/1318/801 1515/1193/876
f 1518/1317/464 1515/1193/876 1520/1195/464
f 1521/1319/877 1522/1320/877 1523/1321/804
f 1521/1319/877 1524/1322/467 1522/1320/877
f 1521/1319/877 1523/1321/804 1525/1323/878
f 1524/1322/467 1521/1319/877 1526/1324/467
f 1527/1325/879 1528/1326/701 1529/1327/880
f 1528/1326/701 1527/1325/879 1530/1328/879
f 1527/1325/879 1531/1329/881 1530/1328/879
f 1531/1329/881 1527/1325/879 1532/1330/351
f 1533/1331/882 1534/1332/354 1535/1333/354
f 1534/1332/354 1533/1331/882 1536/1334/882
f 1533/1331/882 1537/1335/471 1536/1334/882
f 1537/1335/471 1533/1331/882 1538/1336/471
f 1539/1337/356 1540/1338/883 1541/1185/884
f 1539/1337/356 1541/1185/884 1542/1339/884
f 1541/1185/884 1543/1340/885 1542/1339/884
f 1543/1340/885 1541/1185/884 1544/1187/886
f 1545/1341/704 1547/1342/887 1546/1343/704
f 1547/1342/887 1545/1341/704 1549/1344/887
f 1547/1342/887 1549/1344/887 1550/1345/359
f 1550/1345/359 1548/1346/359 1547/1342/887
f 1551/1347/363 1555/1190/888 1553/1192/361
f 1555/1190/888 1552/1348/708 1554/1349/708
f 1555/1190/888 1551/1347/363 1556/1350/888
f 1555/1190/888 1556/1350/888 1552/1348/708
f 1559/1351/710 1561/1352/889 1557/1353/710
f 1561/1352/889 1560/1354/473 1558/1355/473
f 1561/1352/889 1559/1351/710 1562/1356/890
f 1561/1352/889 1562/1356/890 1560/1354/473
f 1563/1357/891 1567/1182/892 1565/1184/805
f 1567/1182/892 1564/1358/476 1566/1359/476
f 1567/1182/892 1563/1357/891 1568/1360/892
f 1564/1358/476 1567/1182/892 1568/1360/892
f 1569/1361/807 1571/1362/893 1570/1363/807
f 1571/1362/893 1569/1361/807 1573/1364/893
f 1574/1365/478 1571/1362/893 1573/1364/893
f 1574/1365/478 1572/1366/478 1571/1362/893
f 1576/1367/809 1577/1368/894 1575/1369/809
f 1577/1368/894 1576/1367/809 1578/1370/894
f 1577/1368/894 1578/1370/894 1580/1371/712
f 1580/1371/712 1579/1372/714 1577/1368/894
f 3451/3150/1866 3452/3151/1867 3454/3152/1868
f 3454/3152/1868 3453/3153/1869 3451/3150/1866
f 3450/3154/1870 3454/3152/1868 3452/3151/1867
f 3454/3152/1868 3455/3155/1871 3453/3153/1869
f 3455/3155/1871 3454/3152/1868 3449/3156/1872
f 3454/3152/1868 3450/3154/1870 3456/3157/1873
f 3454/3152/1868 3456/3157/1873 3449/3156/1872
f 3448/3158/1874 3456/3157/1873 3450/3154/1870
f 3449/3156/1872 3456/3157/1873 3457/3159/1875
f 3456/3157/1873 3448/3158/1874 3457/3159/1875
f 3458/3160/1876 3459/3161/1877 3460/3162/1878
f 3459/3161/1877 3458/3160/1876 3461/3163/1879
f 3459/3161/1877 3462/3164/1880 3460/3162/1878
f 3462/3164/1880 3459/3161/1877 3463/3165/1881
f 3464/3166/1882 3465/3167/1883 3466/3168/1884
f 3465/3167/1883 3464/3166/1882 3467/3169/1885
f 3465/3167/1883 3468/3170/1886 3466/3168/1884
f 3468/3170/1886 3465/3167/1883 3469/3171/1887
f 3472/3172/1888 3473/3173/1889 3471/3174/1890
f 3474/3175/1891 3472/3172/1888 3470/3176/1892
f 3472/3172/1888 3474/3175/1891 3475/3177/1893
f 3476/3178/1894 3472/3172/1888 3475/3177/1893
f 3473/3173/1889 3472/3172/1888 3477/3179/1895
f 3472/3172/1888 3476/3178/1894 3477/3179/1895
f 3478/3180/1896 3480/3181/1897 3481/3182/1898
f 3481/3182/1898 3482/3183/1899 3479/3184/1900
f 3482/3183/1899 3481/3182/1898 3483/3185/1901
f 3483/3185/1901 3481/3182/1898 3480/3181/1897
f 3480/3181/1897 3484/3186/1902 3483/3185/1901
f 3484/3186/1902 3480/3181/1897 3486/3187/1903
f 3486/3187/1903 3485/3188/1904 3484/3186/1902
f 3485/3188/1904 3486/3187/1903 3487/3189/1905
f 3488/3190/1906 3490/3191/1907 3491/3192/1908
f 3492/3193/1909 3487/3189/1905 3489/3194/1910
f 3487/3189/1905 3492/3193/1909 3485/3188/1904
f 3489/3194/1910 3493/3195/1911 3492/3193/1909
f 3493/3195/1911 3489/3194/1910 3491/3192/1908
f 3494/3196/1912 3491/3192/1908 3490/3191/1907
f 3494/3196/1912 3493/3195/1911 3491/3192/1908
f 3495/3197/1913 3493/3195/1911 3494/3196/1912
f 3490/3191/1907 3496/3198/1914 3494/3196/1912
f 3494/3196/1912 3497/3199/1915 3495/3197/1913
f 3497/3199/1915 3494/3196/1912 3496/3198/1914
f 3496/3198/1914 3498/3200/1916 3497/3199/1915
f 3499/3201/1917 3495/3197/1913 3497/3199/1915
f 3497/3199/1915 3500/3202/1918 3499/3201/1917
f 3499/3201/1917 3500/3202/1918 3501/3203/1919
f 3502/3204/1920 3500/3202/1918 3498/3200/1921
f 3503/3205/1922 3501/3203/1919 3500/3202/1918
f 3503/3205/1922 3500/3202/1918 3502/3204/1920
f 3504/3206/1923 3501/3203/1919 3503/3205/1922
f 3503/3205/1922 3505/3207/1924 3504/3206/1923
f 3502/3204/1920 3506/3208/1925 3503/3205/1922
f 3508/3209/1926 3507/3210/1927 3509/3211/1928
f 3507/3210/1927 3508/3209/1926 3510/3212/1929
f 3508/3209/1926 3511/3213/1930 3510/3212/1929
f 3511/3213/1930 3508/3209/1926 3512/3214/1931
f 3515/3215/1932 3514/3216/1933 3513/3217/1934
f 3516/3218/1935 3514/3216/1933 3515/3215/1932
f 3517/3219/1936 3518/3220/1937 3519/3221/1938
f 3517/3219/1936 3519/3221/1938 3520/3222/1939
f 3521/3223/1940 3519/3221/1938 3518/3220/1937
f 3519/3221/1938 3521/3223/1940 3522/3224/1941
f 3523/3225/1942 3524/3226/1943 3525/3227/1944
f 3524/3226/1943 3523/3225/1942 3526/3228/1945
f 3523/3225/1942 3525/3227/1944 3528/3229/1946
f 3528/3229/1946 3527/3230/1947 3523/3225/1942
f 3529/3231/1948 3530/3232/1949 3531/3233/1950
f 3530/3232/1949 3529/3231/1948 3532/3234/1951
f 3529/3231/1948 3531/3233/1950 3533/3235/1952
f 3529/3231/1948 3533/3235/1952 3534/3236/1953
f 3536/3237/1954 3535/3238/1955 3537/3239/1956
f 3536/3237/1954 3539/3240/1957 3538/3241/1958
f 3539/3240/1957 3536/3237/1954 3540/3242/1959
f 3537/3239/1956 3540/3242/1959 3536/3237/1954
f 3542/3243/1960 3543/3244/1961 3541/3245/1962
f 3541/3245/1962 3543/3244/1961 3544/3246/1963
f 3543/3244/1961 3545/3247/1964 3544/3246/1963
f 3546/3248/1965 3543/3244/1961 3542/3243/1960
f 3545/3247/1964 3543/3244/1961 3547/3249/1966
f 3543/3244/1961 3546/3248/1965 3548/3250/1967
f 3543/3244/1961 3549/3251/1968 3547/3249/1966
f 3549/3251/1968 3543/3244/1961 3548/3250/1967
f 3552/3252/1969 3551/3253/1970 3550/3254/1971
f 3552/3252/1969 3553/3255/1972 3551/3253/1970
f 3555/3256/1973 3551/3253/1970 3553/3255/1972
f 3551/3253/1970 3555/3256/1973 3554/3257/1974
f 3556/3258/1975 3557/3259/1976 3558/3260/1977
f 3557/3259/1976 3559/3261/1978 3558/3260/1977
f 3558/3260/1977 3559/3261/1978 3560/3262/1979
f 3558/3260/1977 3560/3262/1979 3561/3263/1980
f 3562/3264/1981 3563/3265/1982 3564/3266/1983
f 3562/3264/1981 3564/3266/1983 3565/3267/1984
f 3562/3264/1981 3565/3267/1984 3566/3268/1985
f 3566/3268/1985 3567/3269/1986 3562/3264/1981
f 3568/3270/1987 3569/3271/1988 3570/3272/1989
f 3569/3271/1988 3568/3270/1987 3571/3273/1990
f 3568/3270/1987 3570/3272/1989 3573/3274/1991
f 3573/3274/1991 3572/3275/1992 3568/3270/1987
f 3574/3276/1993 3575/3277/1994 3576/3278/1995
f 3577/3279/1996 3574/3276/1993 3576/3278/1995
f 3577/3279/1996 3578/3280/1997 3574/3276/1993
f 3575/3277/1994 3574/3276/1993 3579/3281/1998
f 3574/3276/1993 3580/3282/1999 3579/3281/1998
f 3580/3282/1999 3574/3276/1993 3581/3283/2000
f 3582/3284/2001 3583/3285/2002 3584/3286/2003
f 3583/3285/2002 3582/3284/2001 3585/3287/2004
f 3583/3285/2002 3586/3288/2005 3584/3286/2003
f 3586/3288/2005 3583/3285/2002 3587/3289/2006
f 3588/3290/2007 3589/3291/2008 3590/3292/2009
f 3590/3292/2009 3589/3291/2008 3592/3293/2010
f 3589/3291/2011 3591/3294/2012 3593/3295/2013
f 3593/3295/2013 3594/3296/2014 3589/3291/2011
f 3589/3291/2011 3594/3296/2014 3595/3297/2015
f 3596/3298/2016 3598/3299/2017 3597/3300/2018
f 3599/3301/2019 3597/3300/2018 3598/3299/2017
f 3600/3302/2020 3602/3303/2021 3601/3304/2022
f 3602/3303/2021 3600/3302/2020 3603/3305/2023
f 3603/3305/2023 3604/3306/2024 3602/3303/2021
f 3602/3303/2021 3604/3306/2024 3605/3307/22
f 3607/3308/2025 3609/3309/2026 3606/3310/2027
f 3606/3310/2027 3610/3311/2028 3608/3312/2029
f 3611/3313/2030 3606/3310/2027 3609/3309/2026
f 3610/3311/2028 3606/3310/2027 3611/3313/2030
f 3611/3313/2030 3612/3314/2031 3610/3311/2028
f 3613/3315/2032 3611/3313/2030 3609/3309/2026
f 3612/3314/2031 3611/3313/2030 3614/3316/2033
f 3614/3316/2033 3611/3313/2030 3613/3315/2032
f 3616/3317/2034 3614/3316/2033 3613/3315/2032
f 3617/3318/2035 3614/3316/2033 3616/3317/2034
f 3616/3317/2034 3618/3319/2036 3617/3318/2035
f 3615/3320/2037 3619/3321/2038 3616/3317/2034
f 3619/3321/2038 3620/3322/2039 3616/3317/2034
f 3618/3319/2036 3616/3317/2034 3620/3322/2039
f 3619/3321/2038 3621/3323/2040 3620/3322/2039
f 3620/3322/2039 3621/3323/2040 3622/3324/2041
f 3620/3322/2039 3622/3324/2041 3618/3319/2036
f 3625/3325/2042 3621/3323/2040 3624/3326/2043
f 3621/3323/2040 3625/3325/2042 3622/3324/2041
f 3626/3327/2044 3625/3325/2042 3624/3326/2043
f 3627/3328/2045 3623/3329/2046 3625/3325/2042
f 3627/3328/2045 3625/3325/2042 3626/3327/2044
f 3628/3330/2047 3623/3329/2046 3627/3328/2045
f 3626/3327/2044 3629/3331/2048 3627/3328/2045
f 3630/3332/2049 3627/3328/2045 3629/3331/2048
f 3630/3332/2049 3632/3333/2050 3631/3334/2051
f 3629/3331/2048 3633/3335/2052 3630/3332/2049
f 3634/3336/2053 3630/3332/2049 3633/3335/2052
f 3632/3333/2050 3630/3332/2049 3634/3336/2053
f 3635/3337/2054 3636/3338/2055 3637/3339/2056
f 3636/3338/2055 3635/3337/2054 3638/3340/2057
f 3635/3337/2054 3639/3341/2058 3638/3340/2057
f 3639/3341/2058 3635/3337/2054 3640/3342/2059
f 3641/3343/2060 3505/3207/1924 3644/3344/2061
f 3644/3344/2061 3643/3345/2062 3641/3343/2060
f 3645/3346/2063 3644/3344/2061 3505/3207/1924
f 3505/3207/1924 3503/3205/1922 3645/3346/2063
f 3506/3208/1925 3642/3347/2064 3645/3346/2063
f 3644/3344/2061 3645/3346/2063 3642/3347/2064
f 3643/3345/2062 3644/3344/2061 3646/3348/2065
f 3642/3347/2064 3646/3348/2065 3644/3344/2061
f 3646/3348/2065 3647/3349/2066 3643/3345/2062
f 3646/3348/2065 3642/3347/2064 3648/3350/2067
f 3648/3350/2067 3649/3351/2068 3646/3348/2065
f 3647/3349/2066 3646/3348/2065 3649/3351/2068
f 3649/3351/2068 3648/3350/2067 3650/3352/2069
f 3651/3353/2070 3649/3351/2068 3650/3352/2069
f 3652/3354/2071 3647/3349/2066 3649/3351/2068
f 3653/3355/2072 3647/3349/2066 3652/3354/2071
f 3652/3354/2071 3654/3356/2073 3653/3355/2072
f 3654/3356/2073 3652/3354/2071 3656/3357/2074
f 3651/3353/2075 3656/3357/2074 3652/3354/2071
f 3656/3357/2074 3655/3358/2076 3654/3356/2073
f 3656/3357/2074 3651/3353/2075 3657/3359/2077
f 3657/3359/2077 3658/3360/2078 3656/3357/2074
f 3655/3358/2076 3656/3357/2074 3658/3360/2078
f 3658/3360/2078 3657/3359/2077 3659/3361/2079
f 3659/3361/2079 3660/3362/2080 3658/3360/2078
f 3661/3363/2081 3658/3360/2078 3660/3362/2080
f 3662/3364/2082 3658/3360/2078 3661/3363/2081
f 3658/3360/2078 3662/3364/2082 3655/3358/2076
f 3663/3365/2083 3664/3366/2084 3665/3367/2085
f 3664/3366/2084 3663/3365/2083 3666/3368/2086
f 3664/3366/2084 3667/3369/2087 3665/3367/2085
f 3667/3369/2087 3664/3366/2084 3668/3370/2088
f 3669/3371/2089 3670/3372/2090 3671/3373/2091
f 3669/3371/2089 3671/3373/2091 3672/3374/2092
f 3673/3375/2093 3671/3373/2091 3670/3372/2090
f 3671/3373/2091 3673/3375/2093 3674/3376/2094
f 3675/3377/2095 3676/3378/2096 3677/3379/2097
f 3676/3378/2096 3675/3377/2095 3678/3380/2098
f 3675/3377/2095 3679/3381/2099 3678/3380/2098
f 3679/3381/2099 3675/3377/2095 3680/3382/2100
f 3681/3383/2101 3682/3384/2102 3683/3385/2103
f 3683/3385/2103 3684/3386/2104 3681/3383/2101
f 3685/3387/2105 3687/3388/2106 3684/3386/2104
f 3688/3389/2107 3681/3383/2101 3684/3386/2104
f 3684/3386/2104 3687/3388/2106 3689/3390/2108
f 3684/3386/2104 3689/3390/2108 3688/3389/2107
f 3687/3388/2106 3690/3391/2109 3689/3390/2108
f 3691/3392/2110 3688/3389/2107 3689/3390/2108
f 3689/3390/2108 3690/3391/2109 3691/3392/2110
f 3691/3392/2110 3690/3391/2109 3692/3393/2111
f 3690/3391/2109 3693/3394/2112 3692/3393/2111
f 3690/3391/2109 3687/3388/2106 3694/3395/2113
f 3694/3395/2113 3696/3396/2114 3690/3391/2109
f 3693/3394/2112 3690/3391/2109 3696/3396/2114
f 3696/3396/2114 3694/3395/2113 3695/3397/2115
f 3697/3398/2116 3693/3394/2112 3696/3396/2114
f 3695/3397/2115 3697/3398/2116 3696/3396/2114
f 3698/3399/2117 3693/3394/2112 3697/3398/2116
f 3697/3398/2116 3695/3397/2115 3699/3400/2118
f 3697/3398/2116 3700/3401/2119 3698/3399/2117
f 3699/3400/2118 3700/3401/2119 3697/3398/2116
f 3701/3402/2120 3698/3399/2117 3700/3401/2119
f 3700/3401/2119 3699/3400/2118 3702/3403/2121
f 3700/3401/2119 3703/3404/2122 3701/3402/2120
f 3702/3403/2121 3703/3404/2122 3700/3401/2119
f 3704/3405/2123 3701/3402/2120 3703/3404/2122
f 3703/3404/2122 3702/3403/2121 3705/3406/2124
f 3703/3404/2122 3706/3407/2125 3704/3405/2123
f 3705/3406/2124 3706/3407/2125 3703/3404/2122
f 3706/3407/2125 3705/3406/2124 3707/3408/2126
f 3708/3409/2127 3704/3405/2123 3706/3407/2125
f 3707/3408/2126 3709/3410/2128 3706/3407/2125
f 3706/3407/2125 3709/3410/2128 3708/3409/2127
f 3709/3410/2128 3707/3408/2126 3710/3411/2129
f 3708/3409/2127 3709/3410/2128 3711/3412/2130
f 3712/3413/2131 3709/3410/2128 3710/3411/2129
f 3713/3414/2132 3709/3410/2128 3712/3413/2131
f 3712/3413/2131 3715/3415/2133 3713/3414/2132
f 3715/3415/2133 3712/3413/2131 3714/3416/2134
f 3715/3415/2133 3716/3417/2135 3713/3414/2132
f 3714/3416/2134 3590/3292/2009 3715/3415/2133
f 3590/3292/2009 3714/3416/2134 3588/3290/2007
f 3682/3384/2102 3681/3383/2101 3717/3418/2136
f 3717/3418/2136 3718/3419/2137 3682/3384/2102
f 3718/3419/2137 3717/3418/2136 3719/3420/2138
f 3719/3420/2138 3720/3421/2139 3718/3419/2137
f 3717/3418/2136 3721/3422/2140 3719/3420/2138
f 3721/3422/2140 3717/3418/2136 3722/3423/2141
f 3681/3383/2101 3722/3423/2141 3717/3418/2136
f 3723/3424/2142 3719/3420/2138 3721/3422/2140
f 3719/3420/2138 3723/3424/2142 3724/3425/2143
f 3725/3426/2144 3724/3425/2143 3723/3424/2142
f 3724/3425/2143 3725/3426/2144 3726/3427/2145
f 3725/3426/2144 3727/3428/2146 3726/3427/2145
f 3729/3429/2147 3725/3426/2144 3728/3430/2148
f 3727/3428/2146 3725/3426/2144 3729/3429/2147
f 3728/3430/2148 3730/3431/2149 3729/3429/2147
f 3731/3432/2150 3729/3429/2147 3730/3431/2149
f 3722/3423/2141 3681/3383/2101 3686/3433/2151
f 3730/3431/2149 3732/3434/2152 3731/3432/2150
f 3732/3434/2152 3730/3431/2149 3733/3435/2153
f 3733/3435/2153 3735/3436/2154 3732/3434/2152
f 3735/3436/2154 3734/3437/2155 3732/3434/2152
f 3736/3438/2156 3734/3437/2155 3735/3436/2154
f 3738/3439/2157 3734/3437/2155 3736/3438/2156
f 3737/3440/2158 3738/3439/2157 3736/3438/2156
f 3739/3441/2159 3738/3439/2157 3737/3440/2158
f 3741/3442/2160 3737/3440/2158 3740/3443/2161
f 3737/3440/2158 3742/3444/2162 3739/3441/2159
f 3742/3444/2162 3737/3440/2158 3741/3442/2160
f 3740/3443/2161 3743/3445/2163 3741/3442/2160
f 3744/3446/2164 3741/3442/2160 3743/3445/2163
f 3741/3442/2160 3744/3446/2164 3742/3444/2162
f 3745/3447/2165 3742/3444/2162 3744/3446/2164
f 3744/3446/2164 3746/3448/2166 3745/3447/2165
f 3743/3445/2163 3747/3449/2167 3744/3446/2164
f 3749/3450/2168 3744/3446/2164 3747/3449/2167
f 3746/3448/2166 3744/3446/2164 3749/3450/2168
f 3747/3449/2167 3748/3451/2169 3749/3450/2168
f 3749/3450/2168 3750/3452/2170 3746/3448/2166
f 3750/3452/2170 3749/3450/2168 3748/3451/2169
f 3751/3453/2171 3746/3448/2166 3750/3452/2170
f 3750/3452/2170 3752/3454/2172 3751/3453/2171
f 3753/3455/2173 3750/3452/2170 3748/3451/2169
f 3752/3454/2172 3750/3452/2170 3754/3456/2174
f 3750/3452/2170 3753/3455/2173 3754/3456/2174
f 3754/3456/2174 3755/3457/2175 3752/3454/2172
f 3753/3455/2173 3756/3458/2176 3754/3456/2174
f 3755/3457/2175 3754/3456/2174 3756/3458/2176
f 3756/3458/2176 3753/3455/2173 3757/3459/2177
f 3758/3460/2178 3756/3458/2176 3757/3459/2177
f 3756/3458/2176 3759/3461/2179 3755/3457/2175
f 3760/3462/2180 3756/3458/2176 3758/3460/2178
f 3759/3461/2179 3756/3458/2176 3760/3462/2180
f 3758/3460/2178 3478/3180/1896 3760/3462/2180
f 3760/3462/2180 3479/3184/1900 3759/3461/2179
f 3481/3182/1898 3760/3462/2180 3478/3180/1896
f 3479/3184/1900 3760/3462/2180 3481/3182/1898
f 3761/3463/2181 3763/3464/1872 3762/3465/2182
f 3765/3466/2183 3761/3463/2181 3764/3467/2184
f 3761/3463/2181 3765/3466/2183 3766/3468/1871
f 3763/3464/1872 3761/3463/2181 3766/3468/1871
f 3767/3469/1876 3769/3470/2185 3768/3471/1879
f 3769/3470/2185 3767/3469/1876 3770/3472/2186
f 3769/3470/2185 3770/3472/2186 3771/3473/2187
f 3771/3473/2187 3772/3474/2188 3769/3470/2185
f 3773/3475/2189 3774/3476/2190 3775/3477/2191
f 3776/3478/2192 3775/3477/2191 3774/3476/2190
f 3775/3477/2191 3776/3478/2192 3777/3479/2193
f 3778/3480/2194 3775/3477/2191 3777/3479/2193
f 3775/3477/2191 3778/3480/2194 3779/3481/2195
f 3779/3481/2195 3781/3482/2196 3775/3477/2191
f 3781/3482/2196 3779/3481/2195 3780/3483/2197
f 3773/3475/2189 3775/3477/2191 3781/3482/2196
f 3782/3484/2198 3783/3485/1900 3784/3486/2199
f 3785/3487/2200 3784/3486/2199 3783/3485/1900
f 3784/3486/2199 3785/3487/2200 3786/3488/2201
f 3788/3489/2202 3789/3490/2203 3787/3491/2204
f 3787/3491/2204 3789/3490/2203 3791/3492/1907
f 3789/3490/2203 3790/3493/2205 3791/3492/1907
f 3790/3493/2205 3792/3494/1914 3791/3492/1907
f 3790/3493/2205 3794/3495/2206 3792/3494/1914
f 3794/3495/2206 3790/3493/2205 3795/3496/2207
f 3793/3497/1915 3794/3495/1921 3796/3498/2208
f 3797/3499/2209 3799/3500/2210 3798/3501/2211
f 3799/3500/2210 3797/3499/2209 3800/3502/2212
f 3800/3502/2212 3801/3503/1926 3799/3500/2210
f 3799/3500/2210 3801/3503/1926 3802/3504/1928
f 3804/3505/2213 3809/3506/2214 3807/3507/2215
f 3809/3506/2214 3803/3508/2216 3807/3507/2215
f 3808/3509/2217 3809/3506/2214 3804/3505/2213
f 3810/3510/2218 3808/3509/2217 3806/3511/2219
f 3808/3509/2217 3810/3510/2218 3809/3506/2214
f 3805/3512/1933 3810/3510/2218 3806/3511/2219
f 3810/3510/2218 3805/3512/1933 3811/3513/2220
f 3809/3506/2214 3810/3510/2218 3811/3513/2220
f 3803/3508/2216 3809/3506/2214 3812/3514/2221
f 3811/3513/2220 3812/3514/2221 3809/3506/2214
f 3819/3515/2222 3817/3516/2223 3815/3517/2224
f 3819/3515/2222 3813/3518/2225 3817/3516/2223
f 3818/3519/2226 3819/3515/2222 3815/3517/2224
f 3820/3520/2227 3818/3519/2226 3816/3521/2228
f 3818/3519/2226 3820/3520/2227 3819/3515/2222
f 3820/3520/2227 3816/3521/2228 3814/3522/2229
f 3814/3522/2229 3821/3523/2230 3820/3520/2227
f 3821/3523/2230 3819/3515/2222 3820/3520/2227
f 3813/3518/2225 3819/3515/2222 3822/3524/2231
f 3819/3515/2222 3821/3523/2230 3822/3524/2231
f 3825/3525/2232 3824/3526/2233 3823/3527/2234
f 3824/3526/2233 3825/3525/2232 3826/3528/2235
f 3825/3525/2232 3827/3529/2236 3826/3528/2235
f 3825/3525/2232 3823/3527/2234 3828/3530/2237
f 3828/3530/2237 3829/3531/2238 3825/3525/2232
f 3827/3529/2236 3825/3525/2232 3830/3532/2239
f 3831/3533/2240 3825/3525/2232 3829/3531/2238
f 3825/3525/2232 3831/3533/2240 3830/3532/2239
f 3834/3534/2241 3833/3535/1950 3832/3536/1949
f 3834/3534/2241 3835/3537/2242 3833/3535/1950
f 3834/3534/2241 3836/3538/2243 3835/3537/2242
f 3836/3538/2243 3834/3534/2241 3837/3539/2244
f 3840/3540/2245 3838/3541/2246 3839/3542/2247
f 3838/3541/2246 3840/3540/2245 3841/3543/2248
f 3845/3544/2249 3843/3545/2250 3844/3546/2251
f 3842/3547/2252 3845/3544/2249 3844/3546/2251
f 3843/3545/2250 3845/3544/2249 3846/3548/2253
f 3846/3548/2253 3848/3549/2254 3847/3550/1968
f 3846/3548/2253 3845/3544/2249 3848/3549/2254
f 3845/3544/2249 3849/3551/2255 3848/3549/2254
f 3842/3547/2252 3850/3552/2256 3845/3544/2249
f 3849/3551/2255 3845/3544/2249 3850/3552/2256
f 3851/3553/2257 3853/3554/2258 3852/3555/2259
f 3853/3554/2258 3851/3553/2257 3854/3556/2260
f 3853/3554/2258 3856/3557/2261 3855/3558/1969
f 3853/3554/2258 3854/3556/2260 3856/3557/2261
f 3857/3559/1976 3859/3560/2262 3858/3561/1978
f 3859/3560/2262 3857/3559/1976 3860/3562/2263
f 3859/3560/2262 3860/3562/2263 3861/3563/2264
f 3859/3560/2262 3862/3564/2265 3858/3561/1978
f 3862/3564/2265 3859/3560/2262 3863/3565/2266
f 3861/3563/2264 3864/3566/2267 3859/3560/2262
f 3867/3567/2268 3866/3568/2269 3865/3569/1987
f 3866/3568/2269 3867/3567/2268 3868/3570/2270
f 3867/3567/2268 3869/3571/2271 3868/3570/2270
f 3867/3567/2268 3865/3569/1987 3870/3572/2272
f 3870/3572/2272 3871/3573/2273 3867/3567/2268
f 3869/3571/2271 3867/3567/2268 3872/3574/2274
f 3873/3575/2275 3867/3567/2268 3871/3573/2273
f 3867/3567/2268 3873/3575/2275 3872/3574/2274
f 3877/3576/2276 3874/3577/1998 3875/3578/2277
f 3874/3577/1998 3877/3576/2276 3876/3579/2278
f 3878/3580/2279 3877/3576/2276 3875/3578/2277
f 3877/3576/2276 3879/3581/2280 3876/3579/2278
f 3877/3576/2276 3878/3580/2279 3880/3582/2281
f 3879/3581/2280 3877/3576/2276 3881/3583/2282
f 3880/3582/2281 3881/3583/2282 3877/3576/2276
f 3882/3584/2283 3879/3581/2280 3881/3583/2282
f 3881/3583/2282 3880/3582/2281 3883/3585/2284
f 3881/3583/2282 3883/3585/2284 3882/3584/2283
f 3886/3586/2285 3887/3587/2286 3885/3588/2287
f 3890/3589/2288 3888/3590/2289 3889/3591/2290
f 3890/3589/2291 3893/3592/2292 3891/3593/2293
f 3892/3594/2294 3893/3592/2292 3890/3589/2291
f 3894/3595/2016 3891/3593/2293 3893/3592/2292
f 3893/3592/2292 3892/3594/2294 3895/3596/2295
f 3893/3592/2292 3896/3597/2296 3894/3595/2016
f 3897/3598/2297 3893/3592/2292 3895/3596/2295
f 3896/3597/2296 3893/3592/2292 3898/3599/2298
f 3898/3599/2298 3893/3592/2292 3897/3598/2297
f 3898/3599/2298 3899/3600/2299 3896/3597/2296
f 3899/3600/2299 3898/3599/2298 3900/3601/2300
f 3901/3602/2301 3899/3600/2299 3900/3601/2300
f 3899/3600/2299 3901/3602/2301 3902/3603/2302
f 3902/3603/2302 3901/3602/2301 3903/3604/2303
f 3903/3604/2303 3906/3605/2304 3902/3603/2302
f 3907/3606/2305 3906/3605/2304 3903/3604/2303
f 3908/3607/2306 3906/3605/2304 3907/3606/2305
f 3907/3606/2305 3910/3608/2307 3909/3609/2308
f 3904/3610/2021 3910/3608/2307 3907/3606/2305
f 3905/3611/2024 3911/3612/2309 3910/3608/397
f 3913/3613/2310 3909/3609/2311 3911/3612/2309
f 3911/3612/2309 3914/3614/2312 3913/3613/2310
f 3915/3615/2313 3913/3613/2310 3914/3614/2312
f 3914/3614/2312 3916/3616/2314 3915/3615/2313
f 3912/3617/2315 3917/3618/2316 3914/3614/2312
f 3916/3616/2314 3914/3614/2312 3917/3618/2316
f 3917/3618/2316 3918/3619/2317 3916/3616/2314
f 3916/3616/2314 3918/3619/2317 3919/3620/2318
f 3920/3621/2319 3919/3620/2318 3918/3619/2317
f 3919/3620/2318 3920/3621/2319 3921/3622/2320
f 3922/3623/2321 3925/3624/2046 3923/3625/2322
f 3923/3625/2322 3925/3624/2046 3924/3626/2323
f 3924/3626/2323 3925/3624/2046 3926/3627/2324
f 3925/3624/2046 3922/3623/2321 3927/3628/2042
f 3925/3624/2046 3928/3629/2325 3926/3627/2324
f 3928/3629/2325 3925/3624/2046 3929/3630/2326
f 3932/3631/2327 3933/3632/2328 3934/3633/2329
f 3931/3634/2330 3934/3633/2329 3930/3635/2054
f 3934/3633/2329 3935/3636/2331 3932/3631/2327
f 3934/3633/2329 3931/3634/2330 3935/3636/2331
f 3937/3637/2332 3938/3638/2333 3936/3639/2334
f 3938/3638/2333 3937/3637/2332 3939/3640/2335
f 3939/3640/2335 3940/3641/2336 3938/3638/2333
f 3940/3641/2336 3939/3640/2335 3941/3642/2072
f 3944/3643/2337 3945/3644/2338 3943/3645/2339
f 3944/3643/2337 3942/3646/2340 3946/3647/2087
f 3945/3644/2338 3944/3643/2337 3947/3648/2341
f 3946/3647/2087 3948/3649/2342 3944/3643/2337
f 3944/3643/2337 3949/3650/2343 3947/3648/2341
f 3949/3650/2343 3944/3643/2337 3948/3649/2342
f 3950/3651/2091 3956/3652/2344 3952/3653/2345
f 3956/3652/2344 3950/3651/2091 3955/3654/2346
f 3956/3652/2344 3954/3655/2347 3952/3653/2345
f 3951/3656/2093 3956/3652/2344 3955/3654/2346
f 3953/3657/2348 3954/3655/2347 3957/3658/2349
f 3954/3655/2347 3956/3652/2344 3957/3658/2349
f 3957/3658/2349 3958/3659/2350 3953/3657/2348
f 3959/3660/2351 3957/3658/2349 3956/3652/2344
f 3959/3660/2351 3956/3652/2344 3951/3656/2093
f 3957/3658/2349 3959/3660/2351 3958/3659/2350
f 3961/3661/2097 3962/3662/2352 3964/3663/2353
f 3963/3664/2354 3964/3663/2353 3962/3662/2352
f 3964/3663/2353 3963/3664/2354 3966/3665/2355
f 3965/3666/2356 3964/3663/2353 3966/3665/2355
f 3964/3663/2353 3965/3666/2356 3967/3667/2357
f 3961/3661/2097 3964/3663/2353 3968/3668/2358
f 3960/3669/2359 3961/3661/2097 3968/3668/2358
f 3964/3663/2353 3967/3667/2357 3968/3668/2358
f 3968/3668/2358 3969/3670/2360 3960/3669/2359
f 3967/3667/2357 3969/3670/2360 3968/3668/2358
f 3972/3671/2361 3971/3672/2362 3970/3673/2363
f 3971/3672/2362 3972/3671/2361 3973/3674/2364
f 3973/3674/2364 3974/3675/2106 3971/3672/2362
f 3974/3675/2106 3973/3674/2364 3975/3676/2365
f 3975/3676/2365 3976/3677/2366 3974/3675/2106
f 3976/3677/2366 3975/3676/2365 3977/3678/2367
f 3977/3678/2367 3978/3679/2115 3976/3677/2366
f 3978/3679/2115 3977/3678/2367 3979/3680/2368
f 3980/3681/2128 3983/3682/2132 3982/3683/2369
f 3985/3684/2370 3982/3683/2369 3983/3682/2132
f 3982/3683/2369 3986/3685/2371 3981/3686/2372
f 3986/3685/2371 3982/3683/2369 3985/3684/2370
f 3987/3687/2373 3985/3684/2370 3984/3688/2374
f 3987/3687/2373 3986/3685/2371 3985/3684/2370
f 3988/3689/2375 3986/3685/2371 3987/3687/2373
f 3988/3689/2375 3987/3687/2373 3885/3588/2287
f 3984/3688/2374 3885/3588/2287 3987/3687/2373
f 3887/3587/2286 3988/3689/2375 3885/3588/2287
f 3885/3588/2287 3984/3688/2374 3884/3690/2009
f 3989/3691/2376 3990/3692/2377 3991/3693/2378
f 3991/3693/2378 3993/3694/2149 3992/3695/2148
f 3994/3696/2379 3993/3694/2149 3996/3697/2380
f 3996/3697/2380 3995/3698/2154 3994/3696/2379
f 3997/3699/2381 3996/3697/2380 3993/3694/2149
f 3993/3694/2149 3991/3693/2378 3997/3699/2381
f 3991/3693/2378 3990/3692/2377 3997/3699/2381
f 3990/3692/2377 3998/3700/2382 3997/3699/2381
f 3996/3697/2380 3997/3699/2381 3998/3700/2382
f 3995/3698/2154 3996/3697/2380 3999/3701/2383
f 3998/3700/2382 3999/3701/2383 3996/3697/2380
f 3999/3701/2383 3998/3700/2382 4000/3702/2384
f 4000/3702/2384 4001/3703/2385 3999/3701/2383
f 3999/3701/2383 4001/3703/2385 3995/3698/2154
f 4001/3703/2385 4000/3702/2384 4002/3704/2386
f 3995/3698/2154 4001/3703/2385 4003/3705/2156
f 4005/3706/2387 4006/3707/2388 4004/3708/2389
f 4006/3707/2388 4005/3706/2387 4007/3709/2390
f 4007/3709/2390 4008/3710/2391 4006/3707/2388
f 4008/3710/2391 4007/3709/2390 4009/3711/2392
f 4009/3711/2392 3782/3484/2198 4008/3710/2391
f 3782/3484/2198 4009/3711/2392 4010/3712/2179
f 3783/3485/1900 3782/3484/2198 4010/3712/2179
f 4011/3713/2181 4012/3714/2393 4013/3715/2394
f 4011/3713/2181 4013/3715/2394 4014/3716/1866
f 4013/3715/2394 4015/3717/2395 4014/3716/1866
f 4015/3717/2395 4013/3715/2394 4016/3718/2396
f 4018/3719/2397 4017/3720/2398 4019/3721/2399
f 4017/3720/2398 4018/3719/2397 4020/3722/2400
f 4021/3723/1882 4024/3724/600 4023/3725/2401
f 4024/3724/600 4021/3723/1882 4025/3726/2402
f 4021/3723/1882 4026/3727/2195 4025/3726/2402
f 4026/3727/2195 4021/3723/1882 4027/3728/2403
f 4021/3723/1882 4028/3729/2196 4027/3728/2403
f 4021/3723/1882 4022/3730/2404 4028/3729/2196
f 4031/3731/2405 4030/3732/2406 4029/3733/2407
f 4031/3731/2405 4032/3734/2408 4030/3732/2406
f 4031/3731/2405 4033/3735/1890 4032/3734/2408
f 4033/3735/1890 4031/3731/2405 4034/3736/2409
f 4037/3737/1903 4036/3738/2410 4038/3739/2411
f 4038/3739/2411 4039/3740/2412 4037/3737/1903
f 4038/3739/2411 4036/3738/2410 4040/3741/2413
f 4035/3742/2414 4041/3743/2415 4040/3741/2413
f 4038/3739/2411 4040/3741/2413 4041/3743/2415
f 4041/3743/2415 4042/3744/2416 4038/3739/2411
f 4039/3740/2412 4038/3739/2411 4042/3744/2416
f 4042/3744/2416 4041/3743/2415 4043/3745/2417
f 4043/3745/2417 4044/3746/2418 4042/3744/2416
f 4042/3744/2416 4045/3747/2419 4039/3740/2412
f 4045/3747/2419 4042/3744/2416 4044/3746/2418
f 4044/3746/2418 4046/3748/2420 4045/3747/2419
f 4046/3748/2420 4044/3746/2418 4047/3749/2202
f 4045/3747/2419 4046/3748/2420 4048/3750/1910
f 4048/3750/1910 4039/3740/2412 4045/3747/2419
f 4049/3751/1908 4048/3750/1910 4046/3748/2420
f 4050/3752/1919 4052/3753/2421 4051/3754/2422
f 4052/3753/2421 4050/3752/1919 4053/3755/2423
f 4053/3755/2423 4054/3756/1924 4052/3753/2421
f 4056/3757/2424 4058/3758/2425 4055/3759/2426
f 4057/3760/2427 4055/3759/2426 4058/3758/2425
f 4058/3758/2425 4056/3757/2424 4060/3761/2428
f 4061/3762/2429 4058/3758/2425 4060/3761/2428
f 4062/3763/2430 4058/3758/2425 4061/3762/2429
f 4058/3758/2425 4063/3764/2431 4057/3760/2427
f 4059/3765/2432 4057/3760/2427 4063/3764/2431
f 4058/3758/2425 4062/3763/2430 4063/3764/2431
f 4059/3765/2432 4063/3764/2431 4064/3766/2433
f 4063/3764/2431 4062/3763/2430 4064/3766/2433
f 4065/3767/2434 4067/3768/2435 4066/3769/2436
f 4067/3768/2435 4065/3767/2434 4068/3770/2437
f 4068/3770/2437 4069/3771/1934 4067/3768/2435
f 4067/3768/2435 4070/3772/2213 4066/3769/2436
f 4069/3771/1934 4071/3773/2438 4067/3768/2435
f 4072/3774/2439 4067/3768/2435 4071/3773/2438
f 4067/3768/2435 4072/3774/2439 4073/3775/2440
f 4070/3772/2213 4067/3768/2435 4073/3775/2440
f 4076/3776/2441 4078/3777/2231 4077/3778/2230
f 4075/3779/1939 4074/3780/1938 4078/3777/2231
f 4078/3777/2231 4076/3776/2441 4079/3781/2442
f 4078/3777/2231 4079/3781/2442 4075/3779/1939
f 4081/3782/2242 4083/3783/2443 4080/3784/2444
f 4083/3783/2443 4081/3782/2242 4084/3785/2445
f 4082/3786/2446 4084/3785/2445 4081/3782/2242
f 4084/3785/2445 4082/3786/2446 4085/3787/2447
f 4086/3788/2246 4087/3789/2448 4088/3790/2247
f 4087/3789/2448 4086/3788/2246 4089/3791/2449
f 4087/3789/2448 4090/3792/1956 4088/3790/2247
f 4090/3792/1956 4087/3789/2448 4091/3793/2450
f 4087/3789/2448 4092/3794/2451 4091/3793/2450
f 4092/3794/2451 4087/3789/2448 4093/3795/2452
f 4095/3796/2453 4096/3797/2454 4094/3798/2455
f 4098/3799/2254 4095/3796/2453 4097/3800/1968
f 4095/3796/2453 4098/3799/2254 4099/3801/2456
f 4096/3797/2454 4095/3796/2453 4099/3801/2456
f 4100/3802/2257 4105/3803/2457 4102/3804/2260
f 4105/3803/2457 4103/3805/2458 4102/3804/2260
f 4105/3803/2457 4100/3802/2257 4106/3806/2459
f 4101/3807/2460 4105/3803/2457 4106/3806/2459
f 4103/3805/2458 4105/3803/2457 4107/3808/2461
f 4107/3808/2461 4108/3809/2462 4104/3810/2463
f 4108/3809/2462 4105/3803/2457 4101/3807/2460
f 4108/3809/2462 4107/3808/2461 4105/3803/2457
f 4111/3811/2265 4115/3812/2464 4113/3813/2465
f 4115/3812/2464 4109/3814/1977 4113/3813/2465
f 4115/3812/2464 4111/3811/2265 4112/3815/2466
f 4116/3816/2467 4112/3815/2466 4110/3817/2468
f 4115/3812/2464 4112/3815/2466 4116/3816/2467
f 4110/3817/2468 4114/3818/2469 4116/3816/2467
f 4115/3812/2464 4116/3816/2467 4117/3819/2470
f 4115/3812/2464 4117/3819/2470 4118/3820/2471
f 4118/3820/2471 4119/3821/2472 4115/3812/2464
f 4109/3814/1977 4115/3812/2464 4119/3821/2472
f 4120/3822/2473 4122/3823/2474 4121/3824/2475
f 4122/3823/2474 4120/3822/2473 4123/3825/2476
f 4124/3826/2477 4122/3823/2474 4123/3825/2476
f 4122/3823/2474 4125/3827/1985 4121/3824/2475
f 4122/3823/2474 4124/3826/2477 4126/3828/2478
f 4122/3823/2474 4126/3828/2478 4127/3829/2479
f 4127/3829/2479 4128/3830/2480 4122/3823/2474
f 4125/3827/1985 4122/3823/2474 4128/3830/2480
f 4129/3831/1994 4130/3832/2481 4131/3833/2482
f 4131/3833/2482 4132/3834/2483 4129/3831/1994
f 4135/3835/2484 4133/3836/2485 4134/3837/2004
f 4133/3836/2485 4135/3835/2484 4136/3838/2486
f 4138/3839/2487 4135/3835/2484 4137/3840/2488
f 4135/3835/2484 4138/3839/2487 4136/3838/2486
f 4139/3841/2489 4140/3842/2490 4141/3843/2287
f 4142/3844/2285 4141/3843/2287 4140/3842/2490
f 4144/3845/2491 4142/3844/2285 4140/3842/2490
f 4140/3842/2490 4143/3846/2492 4144/3845/2491
f 4142/3844/2285 4144/3845/2491 4145/3847/2294
f 4144/3845/2491 4146/3848/2493 4145/3847/2294
f 4146/3848/2493 4144/3845/2491 4147/3849/2494
f 4148/3850/2297 4151/3851/2495 4149/3852/2298
f 4150/3853/2496 4151/3851/2495 4148/3850/2297
f 4151/3851/2495 4150/3853/2496 4152/3854/2497
f 4152/3854/2497 4153/3855/2498 4151/3851/2495
f 4154/3856/2300 4149/3852/2298 4151/3851/2495
f 4155/3857/2499 4151/3851/2495 4153/3855/2498
f 4151/3851/2495 4155/3857/2499 4154/3856/2300
f 4153/3855/2498 4156/3858/2020 4155/3857/2499
f 4157/3859/2301 4154/3856/2300 4155/3857/2499
f 4155/3857/2499 4158/3860/2303 4157/3859/2301
f 4156/3858/2020 4159/3861/2022 4155/3857/2499
f 4158/3860/2303 4155/3857/2499 4159/3861/2022
f 4159/3861/2022 4160/3862/2500 4158/3860/2303
f 4161/3863/2305 4158/3860/2303 4160/3862/2500
f 4161/3863/2305 4163/3864/2501 4162/3865/2502
f 4164/3866/2503 4163/3864/2501 4166/3867/2504
f 4165/3868/2505 4166/3867/2504 4163/3864/2501
f 4166/3867/2504 4167/3869/2506 4164/3866/2503
f 4168/3870/22 4169/3871/2507 4165/3868/2308
f 4166/3867/2504 4165/3868/2505 4170/3872/2508
f 4170/3872/2508 4171/3873/2509 4166/3867/2504
f 4167/3869/2506 4166/3867/2504 4171/3873/2509
f 4171/3873/2509 4170/3872/2508 4172/3874/2510
f 4172/3874/2510 4173/3875/2511 4171/3873/2509
f 4173/3875/2511 4172/3874/2510 4174/3876/2025
f 4175/3877/2029 4167/3869/2512 4173/3875/2513
f 4176/3878/2031 4178/3879/2514 4177/3880/2515
f 4180/3881/2516 4179/3882/2517 4176/3878/2031
f 4179/3882/2517 4180/3881/2516 4181/3883/2035
f 4181/3883/2035 4182/3884/2518 4179/3882/2517
f 4184/3885/2519 4182/3884/2518 4183/3886/2041
f 4185/3887/2520 4179/3882/2517 4182/3884/2518
f 4186/3888/2521 4182/3884/2518 4184/3885/2519
f 4182/3884/2518 4186/3888/2521 4185/3887/2520
f 4190/3889/2522 4189/3890/2044 4187/3891/2523
f 4191/3892/2524 4189/3890/2044 4190/3889/2522
f 4190/3889/2522 4188/3893/2525 4192/3894/2526
f 4192/3894/2526 4193/3895/2527 4190/3889/2522
f 4191/3892/2524 4190/3889/2522 4193/3895/2527
f 4193/3895/2527 4192/3894/2526 4194/3896/2528
f 4191/3892/2524 4193/3895/2527 4195/3897/2052
f 4199/3898/2529 4197/3899/2530 4198/3900/2531
f 4196/3901/2532 4199/3898/2529 4198/3900/2531
f 4197/3899/2530 4199/3898/2529 4200/3902/2533
f 4202/3903/2534 4201/3904/2535 4200/3902/2533
f 4200/3902/2533 4199/3898/2529 4202/3903/2534
f 4199/3898/2529 4203/3905/2536 4202/3903/2534
f 4199/3898/2529 4196/3901/2532 4204/3906/2537
f 4203/3905/2536 4199/3898/2529 4204/3906/2537
f 4205/3907/2538 4052/3753/2421 4054/3756/1924
f 4054/3756/1924 4206/3908/2539 4205/3907/2538
f 4206/3908/2539 4054/3756/1924 4207/3909/2540
f 4207/3909/2540 4209/3910/2062 4206/3908/2539
f 4206/3908/2539 4209/3910/2062 4208/3911/2334
f 4212/3912/2541 4211/3913/2070 4210/3914/2542
f 4213/3915/2543 4211/3913/2070 4212/3912/2541
f 4212/3912/2541 4214/3916/2079 4213/3915/2543
f 4214/3916/2079 4212/3912/2541 4215/3917/2544
f 4216/3918/2545 4214/3916/2079 4217/3919/2546
f 4214/3916/2079 4215/3917/2544 4217/3919/2546
f 4219/3920/2547 4220/3921/2548 4218/3922/2549
f 4220/3921/2548 4219/3920/2547 4221/3923/2550
f 4222/3924/2551 4224/3925/2552 4223/3926/2092
f 4224/3925/2552 4222/3924/2551 4225/3927/2345
f 4227/3928/2347 4226/3929/2553 4224/3925/2552
f 4224/3925/2552 4225/3927/2345 4227/3928/2347
f 4229/3930/2554 4230/3931/2555 4232/3932/2356
f 4231/3933/2100 4232/3932/2356 4230/3931/2555
f 4232/3932/2356 4233/3934/2355 4229/3930/2554
f 4232/3932/2356 4231/3933/2100 4234/3935/2556
f 4228/3936/2557 4234/3935/2556 4231/3933/2100
f 4234/3935/2556 4228/3936/2557 4235/3937/2558
f 4237/3938/2559 4236/3939/2560 4238/3940/2561
f 4238/3940/2561 4239/3941/2562 4237/3938/2559
f 4239/3941/2562 4238/3940/2561 4240/3942/2563
f 4242/3943/2368 4243/3944/2564 4241/3945/2565
f 4244/3946/2118 4241/3945/2565 4243/3944/2564
f 4243/3944/2564 4245/3947/2121 4244/3946/2118
f 4245/3947/2121 4243/3944/2564 4246/3948/2566
f 4246/3948/2566 4247/3949/2124 4245/3947/2121
f 4247/3949/2124 4246/3948/2566 4248/3950/2567
f 4248/3950/2567 4249/3951/2126 4247/3949/2124
f 4249/3951/2126 4248/3950/2567 4250/3952/2568
f 4250/3952/2568 4251/3953/2569 4249/3951/2126
f 4252/3954/2570 4249/3951/2126 4251/3953/2569
f 4253/3955/2140 4254/3956/2141 4256/3957/2571
f 4256/3957/2571 4255/3958/2142 4253/3955/2140
f 4257/3959/2144 4255/3958/2142 4258/3960/2572
f 4260/3961/2573 4259/3962/2574 4262/3963/2575
f 4258/3960/2572 4262/3963/2575 4259/3962/2574
f 4259/3962/2574 4261/3964/2378 4258/3960/2572
f 4262/3963/2575 4258/3960/2572 4255/3958/2142
f 4255/3958/2142 4256/3957/2571 4262/3963/2575
f 4262/3963/2575 4256/3957/2571 4260/3961/2573
f 4263/3965/2148 4258/3960/2572 4261/3964/2378
f 4258/3960/2572 4263/3965/2148 4257/3959/2144
f 4256/3957/2571 4254/3956/2141 4236/3939/2560
f 4254/3956/2141 4238/3940/2561 4236/3939/2560
f 4265/3966/2576 4267/3967/2577 4266/3968/2578
f 4266/3968/2578 4268/3969/2579 4264/3970/2580
f 4267/3967/2577 4268/3969/2579 4266/3968/2578
f 4269/3971/2581 4264/3970/2580 4268/3969/2579
f 4268/3969/2579 4270/3972/2582 4269/3971/2581
f 4267/3967/2577 4271/3973/2162 4268/3969/2579
f 4272/3974/2583 4268/3969/2579 4271/3973/2162
f 4271/3973/2162 4273/3975/2584 4272/3974/2583
f 4273/3975/2584 4271/3973/2162 4274/3976/2165
f 4274/3976/2165 4275/3977/2585 4273/3975/2584
f 4276/3978/2586 4273/3975/2584 4275/3977/2585
f 4275/3977/2585 4277/3979/2587 4276/3978/2586
f 4277/3979/2587 4275/3977/2585 4278/3980/2171
f 4279/3981/2588 4281/3982/2589 4280/3983/2590
f 4281/3982/2589 4279/3981/2588 4282/3984/2591
f 4284/3985/2592 4283/3986/2186 4285/3987/2593
f 4285/3987/2593 4287/3988/2594 4284/3985/2592
f 4284/3985/2592 4288/3989/2595 4286/3990/2596
f 4288/3989/2595 4284/3985/2592 4287/3988/2594
f 4290/3991/2597 4291/3992/2598 4289/3993/2599
f 4291/3992/2598 4290/3991/2597 4293/3994/2600
f 4290/3991/2597 4292/3995/2402 4294/3996/2195
f 4294/3996/2195 4293/3994/2600 4290/3991/2597
f 4295/3997/2601 4296/3998/2602 4297/3999/2603
f 4295/3997/2601 4297/3999/2603 4298/4000/2406
f 4301/4001/2604 4299/4002/2605 4302/4003/2606
f 4303/4004/2607 4301/4001/2604 4302/4003/2606
f 4300/4005/2608 4299/4002/2605 4301/4001/2604
f 4301/4001/2604 4303/4004/2607 4304/4006/2199
f 4305/4007/2609 4300/4005/2608 4301/4001/2604
f 4304/4006/2199 4305/4007/2609 4301/4001/2604
f 4305/4007/2609 4304/4006/2199 4306/4008/2610
f 4306/4008/2610 4307/4009/2611 4305/4007/2609
f 4300/4005/2608 4305/4007/2609 4308/4010/2413
f 4309/4011/2612 4305/4007/2609 4307/4009/2611
f 4307/4009/2611 4311/4012/2613 4309/4011/2612
f 4310/4013/2417 4309/4011/2612 4311/4012/2613
f 4311/4012/2613 4312/4014/2418 4310/4013/2417
f 4312/4014/2418 4311/4012/2613 4313/4015/2614
f 4313/4015/2614 4314/4016/2202 4312/4014/2418
f 4314/4016/2202 4313/4015/2614 4315/4017/2615
f 4315/4017/2615 4316/4018/2203 4314/4016/2202
f 4316/4018/2203 4315/4017/2615 4318/4019/2616
f 4317/4020/2617 4318/4019/2616 4315/4017/2615
f 4318/4019/2616 4319/4021/2618 4316/4018/2203
f 4318/4019/2616 4317/4020/2617 4320/4022/2619
f 4319/4021/2618 4318/4019/2616 4321/4023/2620
f 4320/4022/2619 4321/4023/2620 4318/4019/2616
f 4321/4023/2620 4320/4022/2619 4322/4024/2621
f 4321/4023/2620 4323/4025/2622 4319/4021/2618
f 4322/4024/2621 4324/4026/2623 4321/4023/2620
f 4323/4025/2622 4321/4023/2620 4324/4026/2623
f 4324/4026/2623 4326/4027/2624 4323/4025/2622
f 4325/4028/2422 4327/4029/2625 4324/4026/2623
f 4326/4027/2624 4324/4026/2623 4327/4029/2625
f 4327/4029/2625 4325/4028/2422 4328/4030/2421
f 4328/4030/2421 4329/4031/2626 4327/4029/2625
f 4329/4031/2626 4326/4027/2624 4327/4029/2625
f 4330/4032/2426 4331/4033/2627 4332/4034/2628
f 4332/4034/2628 4333/4035/2424 4330/4032/2426
f 4334/4036/2629 4335/4037/2630 4336/4038/2434
f 4334/4036/2629 4336/4038/2434 4337/4039/2631
f 4334/4036/2629 4337/4039/2631 4338/4040/2213
f 4338/4040/2213 4339/4041/2632 4334/4036/2629
f 4341/4042/2229 4340/4043/2633 4342/4044/2441
f 4342/4044/2441 4343/4045/2634 4341/4042/2229
f 4344/4046/2236 4345/4047/2635 4346/4048/2636
f 4345/4047/2635 4344/4046/2236 4347/4049/2637
f 4345/4047/2635 4347/4049/2637 4348/4050/2240
f 4345/4047/2635 4348/4050/2240 4349/4051/2638
f 4352/4052/2639 4350/4053/2640 4351/4054/2641
f 4350/4053/2640 4352/4052/2639 4353/4055/2642
f 4350/4053/2640 4353/4055/2642 4354/4056/2643
f 4350/4053/2640 4354/4056/2643 4355/4057/2644
f 4358/4058/2645 4356/4059/2646 4357/4060/2449
f 4359/4061/2647 4358/4058/2645 4360/4062/2648
f 4356/4059/2646 4358/4058/2645 4361/4063/2452
f 4358/4058/2645 4359/4061/2647 4361/4063/2452
f 4366/4064/2649 4364/4065/2454 4365/4066/2456
f 4363/4067/2650 4366/4064/2649 4362/4068/2651
f 4366/4064/2649 4367/4069/2652 4364/4065/2454
f 4366/4064/2649 4363/4067/2650 4367/4069/2652
f 4368/4070/2257 4369/4071/2653 4370/4072/2654
f 4370/4072/2654 4371/4073/2655 4368/4070/2257
f 4368/4070/2257 4371/4073/2655 4372/4074/2460
f 4372/4074/2460 4373/4075/2459 4368/4070/2257
f 4374/4076/2264 4377/4077/2656 4375/4078/2267
f 4375/4078/2267 4378/4079/2470 4376/4080/2657
f 4378/4079/2470 4375/4078/2267 4379/4081/2658
f 4377/4077/2656 4379/4081/2658 4375/4078/2267
f 4382/4082/2659 4381/4083/2478 4380/4084/2477
f 4381/4083/2478 4384/4085/2660 4383/4086/2479
f 4381/4083/2478 4385/4087/2661 4384/4085/2660
f 4385/4087/2661 4381/4083/2478 4382/4082/2659
f 4386/4088/2662 4387/4089/2663 4388/4090/2664
f 4387/4089/2663 4386/4088/2662 4389/4091/2274
f 4387/4089/2663 4389/4091/2274 4390/4092/2665
f 4387/4089/2663 4390/4092/2665 4391/4093/2666
f 4395/4094/2667 4394/4095/2483 4393/4096/2482
f 4395/4094/2667 4396/4097/2668 4394/4095/2483
f 4395/4094/2667 4392/4098/2669 4396/4097/2668
f 4392/4098/2669 4395/4094/2667 4397/4099/2670
f 4399/4100/694 4400/4101/2671 4398/4102/2672
f 4400/4101/2671 4399/4100/694 4401/4103/2673
f 4399/4100/694 4402/4104/2674 4401/4103/2673
f 4402/4104/2674 4399/4100/694 4403/4105/2675
f 4405/4106/2286 4407/4107/2676 4406/4108/2677
f 4407/4107/2676 4405/4106/2286 4408/4109/2678
f 4408/4109/2678 4405/4106/2286 4404/4110/2285
f 4404/4110/2285 4409/4111/2679 4408/4109/2678
f 4409/4111/2679 4404/4110/2285 4410/4112/2294
f 4412/4113/2680 4413/4114/2297 4411/4115/2295
f 4413/4114/2297 4412/4113/2680 4414/4116/2496
f 4416/4117/2681 4415/4118/2682 4417/4119/2683
f 4421/4120/2502 4417/4119/2684 4418/4121/2685
f 4417/4119/2684 4421/4120/2502 4420/4122/2686
f 4422/4123/2687 4420/4122/2686 4421/4120/2502
f 4420/4122/2686 4422/4123/2687 4423/4124/2688
f 4422/4123/2501 4419/4125/2305 4424/4126/2311
f 4427/4127/2689 4428/4128/2690 4426/4129/2316
f 4425/4130/2691 4428/4128/2690 4427/4127/2689
f 4426/4129/2316 4428/4128/2690 4429/4131/2692
f 4428/4128/2690 4425/4130/2691 4430/4132/2693
f 4428/4128/2690 4431/4133/2694 4429/4131/2692
f 4430/4132/2693 4431/4133/2694 4428/4128/2690
f 4431/4133/2694 4430/4132/2693 4433/4134/2515
f 4434/4135/2695 4429/4131/2692 4431/4133/2694
f 4433/4134/2515 4435/4136/2696 4431/4133/2694
f 4435/4136/2696 4433/4134/2515 4436/4137/2697
f 4436/4137/2697 4432/4138/2698 4437/4139/2517
f 4436/4137/2697 4438/4140/2699 4435/4136/2696
f 4437/4139/2517 4438/4140/2699 4436/4137/2697
f 4438/4140/2699 4440/4141/2700 4439/4142/2701
f 4438/4140/2699 4437/4139/2517 4441/4143/2702
f 4441/4143/2702 4443/4144/2703 4438/4140/2699
f 4443/4144/2703 4441/4143/2702 4442/4145/2323
f 4442/4145/2323 4444/4146/2704 4443/4144/2703
f 4443/4144/2703 4444/4146/2704 4445/4147/2705
f 4440/4141/2706 4445/4147/2707 4446/4148/2708
f 4445/4147/2707 4447/4149/2523 4446/4148/2708
f 4444/4146/2704 4448/4150/2525 4445/4147/2705
f 4448/4150/2525 4444/4146/2704 4449/4151/2709
f 4448/4150/2525 4450/4152/2710 4447/4149/2523
f 4449/4151/2709 4451/4153/2711 4448/4150/2525
f 4451/4153/2711 4449/4151/2709 4452/4154/2712
f 4452/4154/2712 4453/4155/2528 4451/4153/2711
f 4453/4155/2528 4452/4154/2712 4454/4156/2713
f 4456/4157/2714 4457/4158/2327 4455/4159/2715
f 4459/4160/2716 4456/4157/2714 4458/4161/2535
f 4456/4157/2714 4459/4160/2716 4460/4162/2536
f 4457/4158/2327 4456/4157/2714 4460/4162/2536
f 4326/4027/2624 4329/4031/2626 4461/4163/2717
f 4329/4031/2626 4462/4164/2718 4461/4163/2717
f 4329/4031/2626 4328/4030/2421 4463/4165/2538
f 4463/4165/2538 4464/4166/2719 4329/4031/2626
f 4462/4164/2718 4329/4031/2626 4464/4166/2719
f 4464/4166/2719 4463/4165/2538 4465/4167/2539
f 4464/4166/2719 4466/4168/2720 4462/4164/2718
f 4465/4167/2539 4466/4168/2720 4464/4166/2719
f 4466/4168/2720 4467/4169/2721 4462/4164/2718
f 4466/4168/2720 4468/4170/2722 4467/4169/2721
f 4466/4168/2720 4465/4167/2539 4469/4171/2334
f 4469/4171/2334 4468/4170/2722 4466/4168/2720
f 4468/4170/2722 4469/4171/2334 4470/4172/2333
f 4467/4169/2721 4468/4170/2722 4471/4173/2723
f 4468/4170/2722 4472/4174/2724 4471/4173/2723
f 4472/4174/2724 4468/4170/2722 4473/4175/2725
f 4470/4172/2333 4473/4175/2725 4468/4170/2722
f 4473/4175/2725 4470/4172/2333 4475/4176/2336
f 4473/4175/2725 4476/4177/2726 4472/4174/2724
f 4475/4176/2336 4476/4177/2726 4473/4175/2725
f 4472/4174/2724 4476/4177/2726 4474/4178/2541
f 4476/4177/2726 4475/4176/2336 4477/4179/2727
f 4478/4180/2544 4474/4178/2541 4480/4181/2728
f 4480/4181/2728 4479/4182/2729 4478/4180/2544
f 4476/4177/2726 4480/4181/2728 4474/4178/2541
f 4479/4182/2729 4480/4181/2728 4481/4183/2730
f 4481/4183/2730 4483/4184/2731 4482/4185/2732
f 4483/4184/2731 4481/4183/2730 4480/4181/2728
f 4480/4181/2728 4476/4177/2726 4483/4184/2731
f 4477/4179/2727 4483/4184/2731 4476/4177/2726
f 4485/4186/2733 4486/4187/2734 4484/4188/2735
f 4486/4187/2734 4485/4186/2733 4487/4189/2736
f 4485/4186/2733 4488/4190/2737 4487/4189/2736
f 4488/4190/2737 4485/4186/2733 4489/4191/2738
f 4490/4192/2739 4492/4193/2740 4491/4194/2741
f 4492/4193/2740 4493/4195/2347 4491/4194/2741
f 4494/4196/2742 4496/4197/2554 4495/4198/2743
f 4496/4197/2554 4494/4196/2742 4497/4199/2744
f 4498/4200/2745 4496/4197/2554 4497/4199/2744
f 4496/4197/2554 4498/4200/2745 4499/4201/2746
f 4502/4202/2747 4500/4203/2748 4501/4204/2749
f 4500/4203/2748 4502/4202/2747 4503/4205/642
f 4503/4205/642 4502/4202/2747 4504/4206/2560
f 4503/4205/642 4505/4207/2363 4500/4203/2748
f 4504/4206/2560 4506/4208/2559 4503/4205/642
f 4505/4207/2363 4503/4205/642 4507/4209/2361
f 4507/4209/2361 4503/4205/642 4506/4208/2559
f 4506/4208/2559 4508/4210/2364 4507/4209/2361
f 4508/4210/2364 4506/4208/2559 4509/4211/2750
f 4509/4211/2750 4510/4212/2751 4508/4210/2364
f 4510/4212/2751 4509/4211/2750 4512/4213/2752
f 4511/4214/2753 4512/4213/2752 4509/4211/2750
f 4512/4213/2752 4511/4214/2753 4513/4215/2754
f 4514/4216/2755 4512/4213/2752 4513/4215/2754
f 4512/4213/2752 4515/4217/2756 4510/4212/2751
f 4512/4213/2752 4514/4216/2755 4516/4218/2757
f 4515/4217/2756 4512/4213/2752 4516/4218/2757
f 4514/4216/2755 4517/4219/2758 4516/4218/2757
f 4516/4218/2757 4518/4220/2759 4515/4217/2756
f 4516/4218/2757 4517/4219/2758 4518/4220/2759
f 4518/4220/2759 4517/4219/2758 4519/4221/2760
f 4515/4217/2756 4518/4220/2759 4520/4222/2761
f 4518/4220/2759 4521/4223/2564 4520/4222/2761
f 4522/4224/2762 4518/4220/2759 4519/4221/2760
f 4521/4223/2564 4518/4220/2759 4522/4224/2762
f 4523/4225/2763 4522/4224/2762 4519/4221/2760
f 4522/4224/2762 4524/4226/2566 4521/4223/2564
f 4524/4226/2566 4522/4224/2762 4525/4227/2764
f 4522/4224/2762 4523/4225/2763 4525/4227/2764
f 4525/4227/2764 4526/4228/2567 4524/4226/2566
f 4527/4229/2765 4525/4227/2764 4523/4225/2763
f 4526/4228/2567 4525/4227/2764 4528/4230/2766
f 4525/4227/2764 4527/4229/2765 4528/4230/2766
f 4528/4230/2766 4529/4231/2568 4526/4228/2567
f 4530/4232/2767 4528/4230/2766 4527/4229/2765
f 4529/4231/2568 4528/4230/2766 4531/4233/2768
f 4528/4230/2766 4530/4232/2767 4531/4233/2768
f 4531/4233/2768 4532/4234/2769 4529/4231/2568
f 4533/4235/2770 4531/4233/2768 4530/4232/2767
f 4532/4234/2769 4531/4233/2768 4534/4236/2771
f 4534/4236/2771 4531/4233/2768 4533/4235/2770
f 4533/4235/2770 4535/4237/2772 4534/4236/2771
f 4535/4237/2772 4533/4235/2770 4536/4238/2371
f 4535/4237/2772 4536/4238/2371 4537/4239/2375
f 4538/4240/2773 4535/4237/2772 4537/4239/2375
f 4405/4106/2286 4538/4240/2773 4537/4239/2375
f 4406/4108/2677 4538/4240/2773 4405/4106/2286
f 4544/4241/2574 4542/4242/2774 4541/4243/2775
f 4541/4243/2775 4543/4244/2376 4544/4241/2574
f 4501/4204/2749 4542/4242/2774 4502/4202/2747
f 4543/4244/2376 4540/4245/2776 4545/4246/2777
f 4545/4246/2777 4546/4247/2778 4543/4244/2376
f 4543/4244/2376 4546/4247/2778 4547/4248/2779
f 4548/4249/2573 4502/4202/2747 4542/4242/2774
f 4542/4242/2774 4544/4241/2574 4548/4249/2573
f 4549/4250/2378 4544/4241/2574 4543/4244/2376
f 4546/4247/2778 4550/4251/2780 4547/4248/2779
f 4502/4202/2747 4548/4249/2573 4539/4252/2781
f 4539/4252/2781 4504/4206/2560 4502/4202/2747
f 4550/4251/2780 4551/4253/2782 4547/4248/2779
f 4550/4251/2780 4552/4254/2783 4551/4253/2782
f 4552/4254/2783 4550/4251/2780 4553/4255/2784
f 4553/4255/2784 4554/4256/2785 4552/4254/2783
f 4554/4256/2785 4553/4255/2784 4555/4257/2580
f 4555/4257/2580 4556/4258/2786 4554/4256/2785
f 4556/4258/2786 4555/4257/2580 4558/4259/2581
f 4559/4260/2787 4556/4258/2786 4558/4259/2581
f 4556/4258/2786 4559/4260/2787 4560/4261/2788
f 4559/4260/2787 4561/4262/2789 4560/4261/2788
f 4559/4260/2787 4557/4263/2790 4562/4264/2583
f 4562/4264/2583 4563/4265/2791 4559/4260/2787
f 4561/4262/2789 4559/4260/2787 4563/4265/2791
f 4563/4265/2791 4562/4264/2583 4564/4266/2584
f 4564/4266/2584 4565/4267/2792 4563/4265/2791
f 4565/4267/2792 4561/4262/2789 4563/4265/2791
f 4565/4267/2792 4564/4266/2584 4566/4268/2586
f 4561/4262/2789 4565/4267/2792 4567/4269/2793
f 4565/4267/2792 4568/4270/2794 4567/4269/2793
f 4566/4268/2586 4569/4271/2795 4565/4267/2792
f 4568/4270/2794 4565/4267/2792 4569/4271/2795
f 4569/4271/2795 4566/4268/2586 4570/4272/2389
f 4569/4271/2795 4571/4273/2796 4568/4270/2794
f 4570/4272/2389 4571/4273/2796 4569/4271/2795
f 4571/4273/2796 4570/4272/2389 4572/4274/2388
f 4573/4275/2391 4571/4273/2796 4572/4274/2388
f 4571/4273/2796 4574/4276/2797 4568/4270/2794
f 4571/4273/2796 4575/4277/2798 4574/4276/2797
f 4571/4273/2796 4573/4275/2391 4575/4277/2798
f 4576/4278/2799 4574/4276/2797 4575/4277/2798
f 4573/4275/2391 4302/4003/2606 4575/4277/2798
f 4302/4003/2606 4576/4278/2799 4575/4277/2798
f 4302/4003/2606 4573/4275/2391 4303/4004/2607
f 4299/4002/2605 4576/4278/2799 4302/4003/2606
f 4577/4279/1874 4579/4280/2800 4578/4281/2801
f 4579/4280/2800 4577/4279/1874 4580/4282/1870
f 4579/4280/2800 4580/4282/1870 4581/4283/2802
f 4579/4280/2800 4581/4283/2802 4582/4284/2396
f 4585/4285/2398 4583/4286/2803 4584/4287/1881
f 4586/4288/2400 4583/4286/2803 4585/4285/2398
f 4587/4289/2595 4583/4286/2803 4586/4288/2400
f 4583/4286/2803 4587/4289/2595 4588/4290/2804
f 4589/4291/600 4590/4292/2597 4591/4293/2805
f 4590/4292/2597 4589/4291/600 4592/4294/2806
f 4593/4295/2807 4596/4296/2808 4594/4297/2809
f 4595/4298/2405 4594/4297/2809 4596/4296/2808
f 4596/4296/2808 4597/4299/2810 4595/4298/2405
f 4596/4296/2808 4598/4300/2811 4597/4299/2810
f 4598/4300/2811 4596/4296/2808 4599/4301/2812
f 4596/4296/2808 4593/4295/2807 4600/4302/2813
f 4600/4302/2813 4599/4301/2812 4596/4296/2808
f 4599/4301/2812 4600/4302/2813 4601/4303/2814
f 4602/4304/2815 4603/4305/2605 4604/4306/1025
f 4604/4306/1025 4605/4307/2410 4602/4304/2815
f 4605/4307/2410 4604/4306/1025 4606/4308/2413
f 4608/4309/2816 4609/4310/2619 4607/4311/2617
f 4609/4310/2619 4608/4309/2816 4610/4312/1913
f 4610/4312/1913 4611/4313/2817 4609/4310/2619
f 4611/4313/2817 4610/4312/1913 4612/4314/1917
f 4612/4314/1917 4614/4315/2818 4611/4313/2817
f 4613/4316/2623 4611/4313/2817 4615/4317/2422
f 4611/4313/2817 4614/4315/2818 4615/4317/2422
f 4616/4318/2819 4618/4319/2820 4617/4320/2424
f 4618/4319/2820 4616/4318/2819 4619/4321/2821
f 4618/4319/2820 4619/4321/2821 4620/4322/1927
f 4618/4319/2820 4621/4323/2428 4617/4320/2424
f 4621/4323/2428 4618/4319/2820 4622/4324/2822
f 4620/4322/1927 4623/4325/1929 4618/4319/2820
f 4618/4319/2820 4624/4326/2823 4622/4324/2822
f 4618/4319/2820 4623/4325/1929 4624/4326/2823
f 4627/4327/746 4626/4328/2824 4625/4329/1943
f 4626/4328/2824 4627/4327/746 4628/4330/2825
f 4627/4327/746 4629/4331/2826 4628/4330/2825
f 4629/4331/2826 4627/4327/746 4630/4332/2827
f 4631/4333/1948 4636/4334/2828 4632/4335/2829
f 4636/4334/2828 4631/4333/1948 4635/4336/1953
f 4634/4337/2642 4632/4335/2829 4636/4334/2828
f 4633/4338/1952 4636/4334/2828 4635/4336/1953
f 4634/4337/2642 4636/4334/2828 4637/4339/2830
f 4636/4334/2828 4633/4338/1952 4638/4340/2831
f 4638/4340/2831 4637/4339/2830 4636/4334/2828
f 4637/4339/2830 4638/4340/2831 4639/4341/2644
f 4643/4342/1959 4644/4343/2832 4642/4344/2833
f 4640/4345/1956 4644/4343/2832 4643/4342/1959
f 4644/4343/2832 4641/4346/2834 4642/4344/2833
f 4641/4346/2834 4644/4343/2832 4646/4347/2835
f 4647/4348/2451 4640/4345/1956 4645/4349/2450
f 4644/4343/2832 4640/4345/1956 4647/4348/2451
f 4648/4350/2452 4646/4347/2835 4644/4343/2832
f 4648/4350/2452 4644/4343/2832 4647/4348/2451
f 4649/4351/2836 4651/4352/2837 4650/4353/2655
f 4651/4352/2837 4649/4351/2836 4652/4354/2838
f 4652/4354/2838 4653/4355/1971 4651/4352/2837
f 4651/4352/2837 4654/4356/2460 4650/4353/2655
f 4653/4355/1971 4655/4357/2839 4651/4352/2837
f 4656/4358/2463 4651/4352/2837 4655/4357/2839
f 4651/4352/2837 4656/4358/2463 4657/4359/2840
f 4654/4356/2460 4651/4352/2837 4657/4359/2840
f 4660/4360/2656 4662/4361/2472 4661/4362/2471
f 4662/4361/2472 4660/4360/2656 4663/4363/2841
f 4658/4364/2842 4659/4365/2843 4662/4361/2472
f 4662/4361/2472 4663/4363/2841 4658/4364/2842
f 4665/4366/2844 4669/4367/2845 4667/4368/1986
f 4669/4367/2845 4664/4369/2846 4667/4368/1986
f 4669/4367/2845 4665/4366/2844 4668/4370/2480
f 4670/4371/2660 4668/4370/2480 4666/4372/2479
f 4668/4370/2480 4670/4371/2660 4669/4367/2845
f 4669/4367/2845 4670/4371/2660 4671/4373/2847
f 4664/4369/2846 4669/4367/2845 4672/4374/1510
f 4671/4373/2847 4672/4374/1510 4669/4367/2845
f 4675/4375/746 4674/4376/2848 4673/4377/1988
f 4674/4376/2848 4675/4375/746 4676/4378/2849
f 4675/4375/746 4677/4379/2850 4676/4378/2849
f 4677/4379/2850 4675/4375/746 4678/4380/2664
f 4679/4381/2851 4683/4382/2852 4682/4383/2006
f 4683/4382/2852 4680/4384/2853 4682/4383/2006
f 4683/4382/2852 4679/4381/2851 4681/4385/2486
f 4684/4386/2673 4683/4382/2852 4681/4385/2486
f 4680/4384/2853 4683/4382/2852 4685/4387/2854
f 4683/4382/2852 4684/4386/2673 4686/4388/2855
f 4685/4387/2854 4683/4382/2852 4686/4388/2855
f 4686/4388/2855 4687/4389/2856 4685/4387/2854
f 4690/4390/2857 4689/4391/2011 4688/4392/2858
f 4694/4393/2859 4691/4394/2010 4689/4391/2860
f 4696/4395/2018 4694/4393/2859 4693/4396/2014
f 4694/4393/2859 4697/4397/2861 4695/4398/2491
f 4694/4393/2859 4696/4395/2018 4698/4399/2862
f 4697/4397/2861 4694/4393/2859 4698/4399/2862
f 4696/4395/2018 4699/4400/2863 4698/4399/2862
f 4699/4400/2863 4697/4397/2861 4698/4399/2862
f 4699/4400/2863 4696/4395/2018 4700/4401/2019
f 4701/4402/2496 4697/4397/2861 4699/4400/2863
f 4702/4403/2864 4701/4402/2496 4699/4400/2863
f 4703/4404/2497 4701/4402/2496 4702/4403/2864
f 4702/4403/2864 4704/4405/2865 4703/4404/2497
f 4705/4406/2498 4703/4404/2497 4704/4405/2865
f 4704/4405/2865 4706/4407/2866 4705/4406/2498
f 4706/4407/2866 4704/4405/2865 4707/4408/2681
f 4707/4408/2681 4708/4409/2023 4706/4407/2866
f 4708/4409/2023 4707/4408/2681 4709/4410/2867
f 4710/4411/2868 4713/4412/2503 4711/4413/2869
f 4712/4414/2870 4711/4413/2869 4713/4412/2503
f 4713/4412/2503 4714/4415/2871 4712/4414/2870
f 4714/4415/2871 4713/4412/2503 4715/4416/2512
f 4715/4416/2512 4716/4417/2872 4717/4418/2511
f 4715/4416/2512 4718/4419/2873 4714/4415/2871
f 4718/4419/2873 4715/4416/2512 4720/4420/2029
f 4720/4420/2029 4719/4421/2693 4718/4419/2873
f 4719/4421/2693 4720/4420/2029 4721/4422/2874
f 4721/4422/2874 4722/4423/2031 4719/4421/2693
f 4723/4424/2515 4719/4421/2693 4722/4423/2031
f 4724/4425/2696 4725/4426/2699 4726/4427/2875
f 4730/4428/2705 4727/4429/2706 4729/4430/2703
f 4732/4431/2043 4727/4429/2876 4731/4432/2708
f 4727/4429/2876 4732/4431/2043 4728/4433/2040
f 4733/4434/2523 4732/4431/2043 4731/4432/2708
f 4733/4434/2523 4730/4428/2705 4734/4435/2877
f 4735/4436/2044 4732/4431/2043 4733/4434/2523
f 4736/4437/2878 4737/4438/2879 4738/4439/2880
f 4739/4440/2881 4736/4437/2878 4738/4439/2880
f 4739/4440/2881 4740/4441/2882 4736/4437/2878
f 4740/4441/2882 4739/4440/2881 4741/4442/2883
f 4742/4443/2055 4743/4444/2057 4744/4445/2884
f 4745/4446/2885 4742/4443/2055 4744/4445/2884
f 4744/4445/2884 4746/4447/2886 4745/4446/2885
f 4747/4448/2058 4744/4445/2884 4743/4444/2057
f 4746/4447/2886 4744/4445/2884 4748/4449/2714
f 4744/4445/2884 4747/4448/2058 4749/4450/2533
f 4744/4445/2884 4750/4451/2535 4748/4449/2714
f 4750/4451/2535 4744/4445/2884 4749/4450/2533
f 4754/4452/2887 4752/4453/2067 4751/4454/2888
f 4755/4455/2069 4752/4453/2067 4754/4452/2887
f 4756/4456/2542 4755/4455/2069 4754/4452/2887
f 4757/4457/2070 4755/4455/2069 4756/4456/2542
f 4758/4458/2071 4753/4459/2068 4757/4457/2070
f 4761/4460/2729 4760/4461/2889 4759/4462/2545
f 4760/4461/2889 4761/4460/2729 4762/4463/2890
f 4762/4463/2890 4761/4460/2729 4763/4464/1703
f 4762/4463/2890 4763/4464/1703 4764/4465/2732
f 4765/4466/2891 4766/4467/2086 4767/4468/2892
f 4765/4466/2891 4767/4468/2892 4768/4469/2893
f 4770/4470/2736 4767/4468/2892 4769/4471/2734
f 4767/4468/2892 4770/4470/2736 4768/4469/2893
f 4772/4472/2894 4771/4473/2089 4773/4474/2895
f 4772/4472/2894 4773/4474/2895 4774/4475/2896
f 4775/4476/2099 4777/4477/2555 4776/4478/2745
f 4775/4476/2099 4778/4479/2897 4777/4477/2555
f 4781/4480/2898 4780/4481/2561 4782/4482/2107
f 4779/4483/2899 4782/4482/2107 4780/4481/2561
f 4782/4482/2107 4783/4484/2110 4781/4480/2898
f 4784/4485/2900 4781/4480/2898 4783/4484/2110
f 4783/4484/2110 4785/4486/2111 4784/4485/2900
f 4784/4485/2900 4785/4486/2111 4786/4487/2755
f 4785/4486/2111 4787/4488/2112 4786/4487/2755
f 4788/4489/2758 4786/4487/2755 4787/4488/2112
f 4789/4490/2569 4792/4491/2901 4790/4492/2129
f 4791/4493/2771 4792/4491/2901 4789/4490/2569
f 4793/4494/2131 4790/4492/2129 4792/4491/2901
f 4792/4491/2901 4791/4493/2771 4794/4495/2772
f 4792/4491/2901 4795/4496/2134 4793/4494/2131
f 4795/4496/2134 4792/4491/2901 4796/4497/2902
f 4794/4495/2772 4796/4497/2902 4792/4491/2901
f 4796/4497/2902 4794/4495/2772 4797/4498/2903
f 4692/4499/2677 4796/4497/2902 4797/4498/2903
f 4796/4497/2902 4688/4392/2858 4795/4496/2134
f 4690/4390/2857 4796/4497/2902 4692/4499/2677
f 4688/4392/2858 4796/4497/2902 4690/4390/2857
f 4798/4500/2146 4800/4501/2904 4799/4502/2777
f 4801/4503/2905 4799/4502/2777 4800/4501/2904
f 4800/4501/2904 4802/4504/2780 4801/4503/2905
f 4803/4505/2147 4800/4501/2904 4798/4500/2146
f 4800/4501/2904 4803/4505/2147 4804/4506/2150
f 4804/4506/2150 4805/4507/2906 4800/4501/2904
f 4802/4504/2780 4800/4501/2904 4805/4507/2906
f 4805/4507/2906 4804/4506/2150 4806/4508/2152
f 4806/4508/2152 4807/4509/2907 4805/4507/2906
f 4805/4507/2906 4807/4509/2907 4808/4510/2908
f 4805/4507/2906 4808/4510/2908 4802/4504/2780
f 4802/4504/2780 4808/4510/2908 4809/4511/2784
f 4808/4510/2908 4810/4512/2580 4809/4511/2784
f 4807/4509/2907 4811/4513/2909 4808/4510/2908
f 4810/4512/2580 4808/4510/2908 4812/4514/2910
f 4808/4510/2908 4811/4513/2909 4812/4514/2910
f 4815/4515/2797 4814/4516/2911 4813/4517/2794
f 4816/4518/2912 4814/4516/2911 4815/4515/2797
f 4817/4519/2799 4816/4518/2912 4815/4515/2797
f 4818/4520/2177 4816/4518/2912 4817/4519/2799
f 4603/4305/2605 4818/4520/2177 4817/4519/2799
f 4819/4521/2178 4818/4520/2177 4603/4305/2605
f 4603/4305/2605 4602/4304/2815 4819/4521/2178
f 4820/4522/2589 4821/4523/2913 4822/4524/1874
f 4823/4525/2801 4820/4522/2589 4822/4524/1874
f 4822/4524/1874 4821/4523/2913 4824/4526/1872
f 4822/4524/1874 4824/4526/1872 4825/4527/2914
f 4827/4528/2915 4829/4529/2916 4826/4530/2917
f 4829/4529/2916 4830/4531/2918 4826/4530/2917
f 4830/4531/2918 4829/4529/2916 4831/4532/2919
f 4829/4529/2916 4832/4533/2594 4831/4532/2919
f 4832/4533/2594 4829/4529/2916 4833/4534/2595
f 4835/4535/2920 4833/4534/2595 4829/4529/2916
f 4833/4534/2595 4835/4535/2920 4834/4536/2921
f 4835/4535/2920 4828/4537/2803 4834/4536/2921
f 4829/4529/2916 4827/4528/2915 4835/4535/2920
f 4828/4537/2803 4835/4535/2920 4827/4528/2915
f 4838/4538/2922 4836/4539/2190 4837/4540/2923
f 4839/4541/2599 4836/4539/2190 4838/4538/2922
f 4838/4538/2922 4840/4542/2924 4839/4541/2599
f 4840/4542/2924 4838/4538/2922 4841/4543/2805
f 4844/4544/1889 4846/4545/2925 4847/4546/2926
f 4847/4546/2926 4846/4545/2925 4845/4547/2812
f 4847/4546/2926 4848/4548/2927 4844/4544/1889
f 4847/4546/2926 4842/4549/2928 4848/4548/2927
f 4842/4549/2928 4847/4546/2926 4843/4550/2602
f 4847/4546/2926 4849/4551/2813 4843/4550/2602
f 4849/4551/2813 4847/4546/2926 4850/4552/2814
f 4845/4547/2812 4850/4552/2814 4847/4546/2926
f 4851/4553/2929 4854/4554/2930 4852/4555/2610
f 4853/4556/2931 4854/4554/2930 4851/4553/2929
f 4855/4557/2932 4852/4555/2610 4854/4554/2930
f 4854/4554/2930 4853/4556/2931 4856/4558/1902
f 4854/4554/2930 4857/4559/2933 4855/4557/2932
f 4856/4558/1902 4858/4560/1904 4854/4554/2930
f 4857/4559/2933 4854/4554/2930 4858/4560/1904
f 4858/4560/1904 4859/4561/2934 4857/4559/2933
f 4860/4562/2935 4855/4557/2932 4857/4559/2933
f 4857/4559/2933 4861/4563/2614 4860/4562/2935
f 4861/4563/2614 4857/4559/2933 4859/4561/2934
f 4859/4561/2934 4862/4564/2936 4861/4563/2614
f 4862/4564/2936 4859/4561/2934 4863/4565/2617
f 4859/4561/2934 4858/4560/1904 4864/4566/1909
f 4864/4566/1909 4865/4567/2937 4859/4561/2934
f 4863/4565/2617 4859/4561/2934 4865/4567/2937
f 4868/4568/2624 4866/4569/2206 4867/4570/2938
f 4869/4571/1920 4866/4569/2206 4868/4568/2624
f 4868/4568/2624 4871/4572/1925 4869/4571/1920
f 4874/4573/1932 4876/4574/2221 4875/4575/1935
f 4876/4574/2221 4873/4576/2939 4872/4577/2940
f 4876/4574/2221 4874/4573/1932 4877/4578/2941
f 4873/4576/2939 4876/4574/2221 4877/4578/2941
f 4878/4579/1936 4880/4580/2942 4879/4581/2943
f 4880/4580/2942 4878/4579/1936 4881/4582/2944
f 4882/4583/2633 4880/4580/2942 4881/4582/2944
f 4880/4580/2942 4882/4583/2633 4883/4584/2229
f 4880/4580/2942 4884/4585/1940 4879/4581/2943
f 4880/4580/2942 4883/4584/2229 4885/4586/2945
f 4884/4585/1940 4880/4580/2942 4886/4587/2226
f 4885/4586/2945 4886/4587/2226 4880/4580/2942
f 4891/4588/2946 4887/4589/1944 4888/4590/2947
f 4887/4589/1944 4891/4588/2946 4890/4591/2948
f 4892/4592/2949 4891/4588/2946 4888/4590/2947
f 4890/4591/2948 4893/4593/2950 4889/4594/2237
f 4893/4593/2950 4890/4591/2948 4891/4588/2946
f 4891/4588/2946 4894/4595/2240 4893/4593/2950
f 4894/4595/2240 4891/4588/2946 4895/4596/2638
f 4891/4588/2946 4892/4592/2949 4895/4596/2638
f 4896/4597/2951 4898/4598/2952 4897/4599/2953
f 4898/4598/2952 4896/4597/2951 4899/4600/2829
f 4898/4598/2952 4901/4601/2954 4900/4602/2955
f 4898/4598/2952 4899/4600/2829 4901/4601/2954
f 4902/4603/2956 4904/4604/2957 4903/4605/2958
f 4904/4604/2957 4902/4603/2956 4905/4606/1958
f 4906/4607/2647 4904/4604/2957 4905/4606/1958
f 4906/4607/2647 4907/4608/2648 4904/4604/2957
f 4908/4609/2651 4909/4610/1962 4910/4611/2650
f 4909/4610/1962 4908/4609/2651 4911/4612/1960
f 4908/4609/2651 4912/4613/2959 4911/4612/1960
f 4912/4613/2959 4908/4609/2651 4913/4614/2960
f 4916/4615/2659 4918/4616/1510 4917/4617/2961
f 4915/4618/1982 4914/4619/1981 4918/4616/1510
f 4918/4616/1510 4916/4615/2659 4919/4620/2962
f 4918/4616/1510 4919/4620/2962 4915/4618/1982
f 4924/4621/2963 4920/4622/2848 4921/4623/2849
f 4920/4622/2848 4924/4621/2963 4923/4624/1991
f 4925/4625/2663 4924/4621/2963 4921/4623/2849
f 4923/4624/1991 4926/4626/2964 4922/4627/2965
f 4926/4626/2964 4923/4624/1991 4924/4621/2963
f 4924/4621/2963 4927/4628/2966 4926/4626/2964
f 4927/4628/2966 4924/4621/2963 4928/4629/2967
f 4924/4621/2963 4925/4625/2663 4928/4629/2967
f 4932/4630/2968 4931/4631/1997 4930/4632/2969
f 4931/4631/1997 4933/4633/2000 4929/4634/1993
f 4933/4633/2000 4931/4631/1997 4934/4635/2970
f 4931/4631/1997 4932/4630/2968 4935/4636/2971
f 4931/4631/1997 4936/4637/2284 4934/4635/2970
f 4931/4631/1997 4935/4636/2971 4936/4637/2284
f 4937/4638/2001 4938/4639/2003 4939/4640/2972
f 4940/4641/2973 4937/4638/2001 4939/4640/2972
f 4939/4640/2972 4941/4642/2974 4940/4641/2973
f 4942/4643/2005 4939/4640/2972 4938/4639/2003
f 4941/4642/2974 4939/4640/2972 4943/4644/694
f 4939/4640/2972 4942/4643/2005 4944/4645/2854
f 4939/4640/2972 4945/4646/2975 4943/4644/694
f 4945/4646/2975 4939/4640/2972 4944/4645/2854
f 4947/4647/2677 4948/4648/2976 4946/4649/2857
f 4948/4648/2976 4947/4647/2677 4949/4650/2289
f 4949/4650/2289 4950/4651/2014 4948/4648/2976
f 4950/4651/2014 4949/4650/2289 4952/4652/2293
f 4952/4652/2293 4949/4650/2289 4951/4653/2291
f 4952/4652/2293 4953/4654/2016 4950/4651/2014
f 4954/4655/2018 4950/4651/2014 4953/4654/2016
f 4958/4656/2977 4957/4657/2978 4955/4658/2017
f 4957/4657/2978 4959/4659/2864 4956/4660/2863
f 4959/4659/2864 4957/4657/2978 4960/4661/2979
f 4960/4661/2979 4957/4657/2978 4958/4656/2977
f 4960/4661/2979 4961/4662/2865 4959/4659/2864
f 4961/4662/2865 4960/4661/2979 4962/4663/2980
f 4958/4656/2977 4962/4663/2980 4960/4661/2979
f 4962/4663/2980 4963/4664/2681 4961/4662/2865
f 4962/4663/2980 4958/4656/2977 4964/4665/2302
f 4964/4665/2302 4965/4666/2683 4962/4663/2980
f 4965/4666/2683 4967/4667/2981 4963/4664/2982
f 4965/4666/2683 4964/4665/2302 4969/4668/2304
f 4970/4669/2983 4966/4670/2023 4967/4667/2981
f 4966/4670/2023 4970/4669/2983 4968/4671/2024
f 4967/4667/2981 4965/4666/2683 4971/4672/2686
f 4971/4672/2686 4970/4669/2983 4967/4667/2981
f 4970/4669/2983 4971/4672/2686 4972/4673/2688
f 4972/4673/2688 4973/4674/2984 4970/4669/2983
f 4970/4669/2983 4973/4674/2984 4968/4671/2024
f 4968/4671/2024 4973/4674/2984 4974/4675/2985
f 4973/4674/2984 4975/4676/2871 4974/4675/2985
f 4976/4677/2309 4968/4671/2024 4974/4675/2985
f 4975/4676/2871 4977/4678/2315 4974/4675/2985
f 4974/4675/2985 4977/4678/2315 4976/4677/2309
f 4977/4678/2315 4978/4679/2986 4976/4677/2309
f 4975/4676/2871 4979/4680/2691 4977/4678/2315
f 4980/4681/2316 4977/4678/2315 4981/4682/2987
f 4981/4682/2987 4977/4678/2315 4979/4680/2691
f 4982/4683/2988 4984/4684/2696 4983/4685/2695
f 4983/4685/2695 4986/4686/2989 4985/4687/2032
f 4986/4686/2989 4983/4685/2695 4984/4684/2696
f 4987/4688/2034 4985/4687/2032 4986/4686/2989
f 4984/4684/2696 4988/4689/2038 4986/4686/2989
f 4988/4689/2038 4984/4684/2696 4990/4690/2875
f 4991/4691/2700 4988/4689/2038 4990/4690/2875
f 4992/4692/2990 4988/4689/2038 4991/4691/2700
f 4991/4691/2706 4989/4693/2991 4993/4694/2703
f 4997/4695/2049 4996/4696/2047 4994/4697/2992
f 4996/4696/2047 4998/4698/2993 4995/4699/2994
f 4998/4698/2993 4996/4696/2047 4999/4700/2995
f 4999/4700/2995 4996/4696/2047 4997/4695/2049
f 4999/4700/2995 5000/4701/2996 4998/4698/2993
f 5000/4701/2996 4999/4700/2995 5001/4702/2997
f 4871/4572/1925 4868/4568/2624 5002/4703/2717
f 5003/4704/2998 4871/4572/1925 5002/4703/2717
f 4871/4572/1925 5003/4704/2998 5005/4705/2064
f 5004/4706/2721 5005/4705/2064 5003/4704/2998
f 5006/4707/2063 4870/4708/1922 4871/4572/1925
f 5005/4705/2064 5004/4706/2721 5007/4709/2067
f 5009/4710/2999 5010/4711/2727 5008/4712/2336
f 5010/4711/2727 5009/4710/2999 5011/4713/3000
f 5011/4713/3000 5012/4714/2076 5010/4711/2727
f 5014/4715/2732 5012/4714/2076 5013/4716/3001
f 5012/4714/2076 5014/4715/2732 5015/4717/3002
f 5015/4717/3002 5010/4711/2727 5012/4714/2076
f 5016/4718/3003 5020/4719/3004 5019/4720/3005
f 5020/4719/3004 5017/4721/2087 5019/4720/3005
f 5020/4719/3004 5016/4718/3003 5018/4722/3006
f 5021/4723/3007 5020/4719/3004 5018/4722/3006
f 5017/4721/2087 5020/4719/3004 5022/4724/2342
f 5020/4719/3004 5021/4723/3007 5023/4725/3008
f 5022/4724/2342 5020/4719/3004 5023/4725/3008
f 5023/4725/3008 5024/4726/2738 5022/4724/2342
f 5027/4727/3009 5026/4728/3010 5028/4729/3011
f 5027/4727/3009 5029/4730/2093 5025/4731/3012
f 5027/4727/3009 5028/4729/3011 5030/4732/3013
f 5027/4727/3009 5030/4732/3013 5031/4733/3014
f 5029/4730/2093 5027/4727/3009 5032/4734/3015
f 5031/4733/3014 5032/4734/3015 5027/4727/3009
f 5035/4735/3016 5034/4736/3017 5033/4737/2096
f 5034/4736/3017 5035/4735/3016 5036/4738/3018
f 5039/4739/3019 5038/4740/2103 5037/4741/3020
f 5037/4741/3020 5040/4742/3021 5039/4739/3019
f 5038/4740/2103 5039/4739/3019 5041/4743/2363
f 5041/4743/2363 5043/4744/3022 5038/4740/2103
f 5038/4740/2103 5043/4744/3022 5042/4745/3023
f 5044/4746/3024 5046/4747/2760 5045/4748/3025
f 5046/4747/2760 5044/4746/3024 5047/4749/3026
f 5047/4749/3026 5048/4750/2763 5046/4747/2760
f 5048/4750/2763 5047/4749/3026 5049/4751/2120
f 5049/4751/2120 5050/4752/2123 5048/4750/2763
f 5051/4753/2765 5048/4750/2763 5050/4752/2123
f 5050/4752/2123 5052/4754/2127 5051/4753/2765
f 5051/4753/2765 5052/4754/2127 5053/4755/2767
f 5052/4754/2127 5054/4756/2372 5053/4755/2767
f 5054/4756/2372 5052/4754/2127 5055/4757/3027
f 5040/4742/3021 5037/4741/3020 5056/4758/2137
f 5056/4758/2137 5058/4759/3028 5040/4742/3021
f 5058/4759/3028 5057/4760/3029 5059/4761/2143
f 5059/4761/2143 5060/4762/2776 5058/4759/3028
f 5060/4762/2776 5059/4761/2143 5061/4763/2145
f 5061/4763/2145 5062/4764/2146 5060/4762/2776
f 5063/4765/2775 5058/4759/3028 5060/4762/2776
f 5058/4759/3028 5063/4765/2775 5064/4766/2774
f 5064/4766/2774 5040/4742/3021 5058/4759/3028
f 5060/4762/2776 5065/4767/3030 5063/4765/2775
f 5066/4768/2777 5060/4762/2776 5062/4764/2146
f 5070/4769/2786 5067/4770/3031 5068/4771/3032
f 5067/4770/3031 5071/4772/3033 5069/4773/3034
f 5072/4774/3035 5067/4770/3031 5070/4769/2786
f 5071/4772/3033 5067/4770/3031 5072/4774/3035
f 5070/4769/2786 5073/4775/2161 5072/4774/3035
f 5072/4774/3035 5073/4775/2161 5071/4772/3033
f 5073/4775/2161 5070/4769/2786 5074/4776/3036
f 5075/4777/2789 5073/4775/2161 5074/4776/3036
f 5076/4778/2163 5073/4775/2161 5075/4777/2789
f 5075/4777/2789 5078/4779/2167 5076/4778/2163
f 5078/4779/2167 5075/4777/2789 5077/4780/3037
f 5077/4780/3037 5079/4781/2794 5078/4779/2167
f 5078/4779/2167 5079/4781/2794 5080/4782/3038
usemtl Light21Mtl
f 1583/1373/895 1582/1374/896 1584/1375/239
f 1582/1374/896 1581/1376/897 1584/1375/239
f 1585/1377/898 1583/1373/895 1584/1375/239
f 1586/1378/899 1587/1379/900 1584/1375/239
f 1587/1379/900 1585/1377/898 1584/1375/239
f 1588/1380/901 1589/1381/902 1585/1377/898
f 1585/1377/898 1589/1381/902 1583/1373/895
f 1590/1382/903 1592/1383/904 1591/1384/905
f 1590/1382/903 1593/1385/906 1592/1383/904
f 1593/1385/906 1590/1382/903 1594/1386/907
f 1595/1387/908 1593/1385/906 1594/1386/907
f 1595/1387/908 1594/1386/907 1596/1388/909
f 1597/1389/910 1599/1390/911 1598/1391/912
f 1597/1389/910 1600/1392/913 1599/1390/911
f 1601/1393/914 1602/1394/915 1603/1395/275
f 1604/1396/916 1601/1393/914 1603/1395/275
f 1602/1394/915 1605/1397/917 1603/1395/275
f 1606/1398/918 1604/1396/916 1603/1395/275
f 1605/1397/917 1607/1399/919 1603/1395/275
f 1608/1400/920 1612/1401/921 1609/1402/922
f 1608/1400/920 1611/1403/923 1612/1401/921
f 1613/1404/924 1611/1403/923 1610/1405/925
f 1611/1403/923 1613/1404/924 1612/1401/921
f 1616/1406/926 1615/1407/927 1614/1408/751
f 1620/1409/928 1618/1410/929 1617/1411/930
f 1620/1409/928 1617/1411/930 1619/1412/931
f 1615/1407/927 1620/1409/928 1619/1412/931
f 1620/1409/928 1615/1407/927 1616/1406/926
f 1624/1413/902 1621/1414/932 1622/1415/53
f 1621/1414/932 1624/1413/902 1623/1416/901
f 1627/1417/933 1626/1418/934 1628/1419/364
f 1626/1418/934 1625/1420/903 1628/1419/364
f 1629/1421/935 1627/1417/933 1628/1419/364
f 1630/1422/904 1631/1423/936 1628/1419/364
f 1631/1423/936 1629/1421/935 1628/1419/364
f 1632/1424/937 1633/1425/938 1629/1421/935
f 1629/1421/935 1633/1425/938 1627/1417/933
f 1636/1426/939 1635/1427/940 1634/1428/941
f 1637/1429/942 1635/1427/940 1636/1426/939
f 1635/1427/940 1637/1429/942 1638/1430/943
f 1639/1431/944 1638/1430/943 1637/1429/942
f 1638/1430/943 1639/1431/944 1640/1432/945
f 1643/1433/919 1642/1434/918 1641/1435/275
f 1647/1436/946 1645/1437/947 1644/1438/76
f 1647/1436/946 1644/1438/76 1646/1439/948
f 1642/1434/918 1647/1436/946 1646/1439/948
f 1647/1436/946 1642/1434/918 1643/1433/919
f 1649/1440/949 1651/1441/950 1650/1442/398
f 1652/1443/951 1648/1444/952 1650/1442/398
f 1653/1445/953 1652/1443/951 1650/1442/398
f 1654/1446/954 1653/1445/953 1650/1442/398
f 1651/1441/950 1654/1446/954 1650/1442/398
f 1655/1447/955 1659/1448/956 1656/1449/957
f 1655/1447/955 1658/1450/958 1659/1448/956
f 1660/1451/959 1658/1450/958 1657/1452/960
f 1658/1450/958 1660/1451/959 1659/1448/956
f 1661/1453/961 1662/1454/962 1663/1455/963
f 1661/1453/961 1663/1455/963 1664/1456/895
f 1662/1454/962 1661/1453/961 1665/1457/964
f 1666/1458/965 1665/1457/964 1661/1453/961
f 1661/1453/961 1667/1459/966 1666/1458/965
f 1661/1453/961 1668/1460/53 1667/1459/966
f 1668/1460/53 1661/1453/961 1669/1461/967
f 1669/1461/967 1661/1453/961 1664/1456/895
f 1670/1462/968 1671/1463/903 1672/1464/969
f 1673/1465/933 1670/1462/968 1672/1464/969
f 1671/1463/903 1670/1462/968 1674/1466/970
f 1670/1462/968 1675/1467/909 1674/1466/970
f 1670/1462/968 1676/1468/971 1675/1467/909
f 1670/1462/968 1677/1469/972 1676/1468/971
f 1677/1469/972 1670/1462/968 1678/1470/973
f 1673/1465/933 1678/1470/973 1670/1462/968
f 1681/1471/911 1682/1472/974 1680/1473/975
f 1682/1472/974 1679/1474/976 1680/1473/975
f 1682/1472/974 1681/1471/911 1683/1475/977
f 1684/1476/978 1682/1472/974 1683/1475/977
f 1679/1474/976 1682/1472/974 1685/1477/979
f 1682/1472/974 1686/1478/980 1685/1477/979
f 1686/1478/980 1682/1472/974 1687/1479/981
f 1684/1476/978 1687/1479/981 1682/1472/974
f 1691/1480/982 1689/1481/939 1690/1482/983
f 1688/1483/984 1691/1480/982 1690/1482/983
f 1689/1481/939 1691/1480/982 1692/1484/942
f 1691/1480/982 1693/1485/985 1692/1484/942
f 1693/1485/985 1691/1480/982 1694/1486/986
f 1691/1480/982 1695/1487/987 1694/1486/986
f 1695/1487/987 1691/1480/982 1696/1488/988
f 1691/1480/982 1688/1483/984 1696/1488/988
f 1699/1489/989 1697/1490/914 1698/1491/990
f 1697/1490/914 1699/1489/989 1700/1492/991
f 1701/1493/992 1699/1489/989 1698/1491/990
f 1699/1489/989 1702/1494/993 1700/1492/991
f 1702/1494/993 1699/1489/989 1703/1495/994
f 1699/1489/989 1704/1496/76 1703/1495/994
f 1704/1496/76 1699/1489/989 1705/1497/948
f 1699/1489/989 1701/1493/992 1705/1497/948
f 1707/1498/995 1706/1499/949 1708/1500/996
f 1709/1501/997 1708/1500/996 1706/1499/949
f 1710/1502/998 1708/1500/996 1709/1501/997
f 1708/1500/996 1710/1502/998 1711/1503/999
f 1712/1504/922 1708/1500/996 1711/1503/999
f 1712/1504/922 1713/1505/921 1708/1500/996
f 1714/1506/924 1708/1500/996 1713/1505/921
f 1708/1500/996 1714/1506/924 1707/1498/995
f 1717/1507/1000 1715/1508/1001 1716/1509/1002
f 1715/1508/1001 1717/1507/1000 1718/1510/1003
f 1719/1511/1004 1717/1507/1000 1716/1509/1002
f 1717/1507/1000 1720/1512/1005 1718/1510/1003
f 1717/1507/1000 1721/1513/1006 1720/1512/1005
f 1717/1507/1000 1722/1514/1007 1721/1513/1006
f 1722/1514/1007 1717/1507/1000 1723/1515/931
f 1717/1507/1000 1719/1511/1004 1723/1515/931
f 1726/1516/1008 1725/1517/1009 1724/1518/1010
f 1727/1519/1011 1726/1516/1008 1724/1518/1010
f 1728/1520/1012 1726/1516/1008 1727/1519/1011
f 1726/1516/1008 1728/1520/1012 1729/1521/1013
f 1726/1516/1008 1729/1521/1013 1730/1522/957
f 1730/1522/957 1731/1523/956 1726/1516/1008
f 1732/1524/959 1726/1516/1008 1731/1523/956
f 1726/1516/1008 1732/1524/959 1725/1517/1009
f 1736/1525/973 1733/1526/1014 1734/1527/1015
f 1733/1526/1014 1736/1525/973 1735/1528/937
f 1740/1529/980 1742/1530/1016 1737/1531/718
f 1741/1532/981 1742/1530/1016 1740/1529/980
f 1742/1530/1016 1741/1532/981 1743/1533/1017
f 1739/1534/978 1743/1533/1017 1741/1532/981
f 1743/1533/1017 1739/1534/978 1738/1535/1018
f 1745/1536/1019 1744/1537/1020 1746/1538/1021
f 1747/1539/1022 1745/1536/1019 1746/1538/1021
f 1744/1537/1020 1748/1540/984 1746/1538/1021
f 1750/1541/1023 1749/1542/939 1746/1538/1021
f 1748/1540/984 1750/1541/1023 1746/1538/1021
f 1748/1540/984 1752/1543/1024 1751/1544/1025
f 1752/1543/1024 1748/1540/984 1744/1537/1020
f 1753/1545/952 1754/1546/949 1755/1547/399
f 1753/1545/952 1756/1548/1026 1754/1546/949
f 1753/1545/952 1757/1549/1027 1756/1548/1026
f 1758/1550/1028 1756/1548/1026 1757/1549/1027
f 1756/1548/1026 1758/1550/1028 1759/1551/1029
f 1762/1552/1003 1761/1553/1030 1760/1554/1031
f 1761/1553/1030 1762/1552/1003 1763/1555/1032
f 1764/1556/1005 1763/1555/1032 1762/1552/1003
f 1763/1555/1032 1764/1556/1005 1765/1557/1033
f 1767/1558/1010 1769/1559/1009 1768/1560/1034
f 1770/1561/1035 1766/1562/1036 1768/1560/1034
f 1771/1563/1037 1770/1561/1035 1768/1560/1034
f 1772/1564/959 1771/1563/1037 1768/1560/1034
f 1769/1559/1009 1772/1564/959 1768/1560/1034
f 1773/1565/897 1775/1566/1038 1774/1567/239
f 1773/1565/897 1776/1568/1039 1775/1566/1038
f 1776/1568/1039 1773/1565/897 1777/1569/964
f 1778/1570/1040 1776/1568/1039 1777/1569/964
f 1778/1570/1040 1777/1569/964 1779/1571/965
f 1782/1572/1041 1780/1573/1042 1783/1574/1043
f 1781/1575/1044 1784/1576/1045 1780/1573/1042
f 1780/1573/1042 1784/1576/1045 1783/1574/1043
f 1784/1576/1045 1781/1575/1044 1785/1577/975
f 1784/1576/1045 1786/1578/1046 1783/1574/1043
f 1786/1578/1046 1787/1579/980 1783/1574/1043
f 1788/1580/1047 1782/1572/1041 1783/1574/1043
f 1792/1581/1024 1790/1582/1048 1789/1583/1049
f 1792/1581/1024 1789/1583/1049 1791/1584/1025
f 1795/1585/991 1794/1586/915 1793/1587/914
f 1794/1586/915 1795/1585/991 1796/1588/1050
f 1797/1589/993 1796/1588/1050 1795/1585/991
f 1796/1588/1050 1797/1589/993 1798/1590/1051
f 1799/1591/1031 1800/1592/1052 1801/1593/751
f 1802/1594/1002 1799/1591/1031 1801/1593/751
f 1800/1592/1052 1803/1595/1053 1801/1593/751
f 1804/1596/1054 1802/1594/1002 1801/1593/751
f 1803/1595/1053 1805/1597/1055 1801/1593/751
f 1806/1598/1036 1807/1599/1056 1808/1600/654
f 1806/1598/1036 1809/1601/1011 1807/1599/1056
f 1806/1598/1036 1810/1602/1057 1809/1601/1011
f 1811/1603/1058 1809/1601/1011 1810/1602/1057
f 1809/1601/1011 1811/1603/1058 1812/1604/1012
f 1814/1605/899 1816/1606/1059 1815/1607/1060
f 1816/1606/1059 1813/1608/1061 1815/1607/1060
f 1816/1606/1059 1814/1605/899 1817/1609/1062
f 1818/1610/1040 1816/1606/1059 1817/1609/1062
f 1816/1606/1059 1818/1610/1040 1819/1611/1063
f 1820/1612/1064 1816/1606/1059 1819/1611/1063
f 1816/1606/1059 1820/1612/1064 1821/1613/901
f 1813/1608/1061 1816/1606/1059 1821/1613/901
f 1823/1614/904 1825/1615/1065 1824/1616/936
f 1825/1615/1065 1822/1617/1066 1824/1616/936
f 1823/1614/904 1826/1618/1067 1825/1615/1065
f 1827/1619/1068 1825/1615/1065 1826/1618/1067
f 1825/1615/1065 1827/1619/1068 1828/1620/1069
f 1825/1615/1065 1828/1620/1069 1829/1621/1070
f 1825/1615/1065 1829/1621/1070 1830/1622/937
f 1822/1617/1066 1825/1615/1065 1830/1622/937
f 1831/1623/1071 1832/1624/1072 1833/1625/910
f 1832/1624/1072 1831/1623/1071 1834/1626/1073
f 1835/1627/913 1833/1625/910 1832/1624/1072
f 1835/1627/913 1832/1624/1072 1836/1628/1074
f 1832/1624/1072 1837/1629/1018 1836/1628/1074
f 1834/1626/1073 1838/1630/1047 1832/1624/1072
f 1839/1631/1075 1832/1624/1072 1838/1630/1047
f 1837/1629/1018 1832/1624/1072 1839/1631/1075
f 1840/1632/1076 1841/1633/1077 1842/1634/1078
f 1840/1632/1076 1842/1634/1078 1843/1635/1022
f 1844/1636/1079 1840/1632/1076 1843/1635/1022
f 1845/1637/945 1840/1632/1076 1844/1636/1079
f 1840/1632/1076 1845/1637/945 1846/1638/1080
f 1840/1632/1076 1846/1638/1080 1847/1639/1048
f 1847/1639/1048 1848/1640/1024 1840/1632/1076
f 1841/1633/1077 1840/1632/1076 1848/1640/1024
f 1852/1641/1081 1850/1642/917 1849/1643/915
f 1852/1641/1081 1851/1644/1082 1850/1642/917
f 1853/1645/1050 1852/1641/1081 1849/1643/915
f 1854/1646/1051 1852/1641/1081 1853/1645/1050
f 1852/1641/1081 1854/1646/1051 1855/1647/1083
f 1852/1641/1081 1855/1647/1083 1856/1648/1084
f 1856/1648/1084 1857/1649/1085 1852/1641/1081
f 1851/1644/1082 1852/1641/1081 1857/1649/1085
f 1858/1650/1086 1862/1651/1087 1860/1652/1088
f 1861/1653/1028 1860/1652/1088 1862/1651/1087
f 1862/1651/1087 1858/1650/1086 1859/1654/1089
f 1861/1653/1028 1862/1651/1087 1863/1655/1090
f 1862/1651/1087 1864/1656/920 1863/1655/1090
f 1865/1657/925 1862/1651/1087 1859/1654/1089
f 1864/1656/920 1862/1651/1087 1866/1658/1091
f 1862/1651/1087 1865/1657/925 1866/1658/1091
f 1870/1659/1092 1868/1660/1053 1867/1661/1052
f 1870/1659/1092 1869/1662/1093 1868/1660/1053
f 1871/1663/1032 1870/1659/1092 1867/1661/1052
f 1872/1664/1033 1870/1659/1092 1871/1663/1032
f 1870/1659/1092 1872/1664/1033 1873/1665/1094
f 1870/1659/1092 1873/1665/1094 1874/1666/929
f 1870/1659/1092 1874/1666/929 1875/1667/928
f 1869/1662/1093 1870/1659/1092 1875/1667/928
f 1876/1668/1036 1880/1669/1095 1878/1670/1096
f 1880/1669/1095 1879/1671/1058 1878/1670/1096
f 1880/1669/1095 1876/1668/1036 1877/1672/1035
f 1879/1671/1058 1880/1669/1095 1881/1673/1097
f 1880/1669/1095 1882/1674/955 1881/1673/1097
f 1883/1675/1037 1880/1669/1095 1877/1672/1035
f 1882/1674/955 1880/1669/1095 1884/1676/958
f 1880/1669/1095 1883/1675/1037 1884/1676/958
f 2257/2049/1326 2258/2050/1327 2259/2051/1328
f 2258/2050/1327 2257/2049/1326 2260/2052/1329
f 2257/2049/1326 2261/2053/1330 2260/2052/1329
f 2261/2053/1330 2257/2049/1326 2262/2054/1331
f 2263/2055/1332 2264/2056/1333 2265/2057/1334
f 2264/2056/1333 2263/2055/1332 2266/2058/1335
f 2264/2056/1333 2267/2059/1336 2265/2057/1334
f 2267/2059/1336 2264/2056/1333 2268/2060/1337
f 2272/2061/1338 2269/2062/1339 2270/2063/1340
f 2272/2061/1338 2270/2063/1340 2271/2064/1341
f 2273/2065/1342 2272/2061/1338 2271/2064/1341
f 2274/2066/1343 2272/2061/1338 2273/2065/1342
f 2275/2067/1344 2276/2068/1345 2274/2066/1343
f 2272/2061/1338 2274/2066/1343 2276/2068/1345
f 2269/2062/1339 2272/2061/1338 2276/2068/1345
f 2276/2068/1345 2275/2067/1344 2277/2069/1346
f 2282/2070/1347 2283/2071/1348 2280/2072/1349
f 2282/2070/1347 2281/2073/1350 2283/2071/1348
f 2278/2074/1351 2283/2071/1348 2281/2073/1350
f 2283/2071/1348 2278/2074/1351 2279/2075/1352
f 2284/2076/1353 2285/2077/1354 2286/2078/1355
f 2286/2078/1355 2287/2079/1356 2284/2076/1353
f 2288/2080/1357 2286/2078/1355 2285/2077/1354
f 2289/2081/1358 2286/2078/1355 2288/2080/1357
f 2286/2078/1355 2289/2081/1358 2290/2082/1359
f 2291/2083/1360 2286/2078/1355 2290/2082/1359
f 2291/2083/1360 2292/2084/1361 2286/2078/1355
f 2287/2079/1356 2286/2078/1355 2292/2084/1361
f 2293/2085/1362 2294/2086/1363 2295/2087/1364
f 2296/2088/1365 2295/2087/1364 2294/2086/1363
f 2297/2089/1366 2295/2087/1364 2296/2088/1365
f 2295/2087/1364 2297/2089/1366 2298/2090/1367
f 2299/2091/1368 2300/2092/1369 2301/2093/1370
f 2301/2093/1370 2302/2094/1371 2299/2091/1368
f 2302/2094/1371 2301/2093/1370 2303/2095/1372
f 2299/2091/1368 2304/2096/1373 2305/2097/1374
f 2305/2097/1374 2306/2098/1375 2299/2091/1368
f 2300/2092/1369 2299/2091/1368 2306/2098/1375
f 2310/2099/1376 2308/2100/1377 2309/2101/1378
f 2308/2100/1377 2310/2099/1376 2307/2102/1379
f 2311/2103/1380 2310/2099/1376 2309/2101/1378
f 2310/2099/1376 2312/2104/1331 2307/2102/1379
f 2312/2104/1331 2310/2099/1376 2313/2105/1381
f 2310/2099/1376 2314/2106/1382 2313/2105/1381
f 2310/2099/1376 2311/2103/1380 2315/2107/1383
f 2314/2106/1382 2310/2099/1376 2315/2107/1383
f 2318/2108/1384 2317/2109/1385 2316/2110/1334
f 2318/2108/1384 2316/2110/1334 2319/2111/1386
f 2322/2112/1345 2321/2113/1387 2320/2114/1339
f 2321/2113/1387 2322/2112/1345 2323/2115/1346
f 2327/2116/1388 2325/2117/1389 2326/2118/1390
f 2325/2117/1389 2327/2116/1388 2324/2119/1391
f 2327/2116/1388 2326/2118/1390 2328/2120/1392
f 2324/2119/1391 2330/2121/1393 2329/2122/1394
f 2330/2121/1393 2324/2119/1391 2327/2116/1388
f 2330/2121/1393 2327/2116/1388 2331/2123/1395
f 2331/2123/1395 2327/2116/1388 2328/2120/1392
f 2331/2123/1395 2332/2124/1396 2330/2121/1393
f 2333/2125/1397 2335/2126/1398 2336/2127/1399
f 2334/2128/1354 2333/2125/1397 2336/2127/1399
f 2335/2126/1398 2337/2129/1400 2336/2127/1399
f 2338/2130/1401 2334/2128/1354 2336/2127/1399
f 2339/2131/1402 2338/2130/1401 2336/2127/1399
f 2337/2129/1400 2339/2131/1402 2336/2127/1399
f 2342/2132/1403 2343/2133/1404 2341/2134/1405
f 2341/2134/1405 2343/2133/1404 2340/2135/1362
f 2343/2133/1404 2342/2132/1403 2344/2136/1406
f 2343/2133/1404 2344/2136/1406 2345/2137/1407
f 2343/2133/1404 2346/2138/1408 2340/2135/1362
f 2345/2137/1407 2347/2139/1409 2343/2133/1404
f 2343/2133/1404 2348/2140/1410 2346/2138/1408
f 2348/2140/1410 2343/2133/1404 2347/2139/1409
f 2350/2141/1370 2349/2142/1411 2351/2143/1412
f 2353/2144/1372 2350/2141/1370 2351/2143/1412
f 2353/2144/1372 2354/2145/1413 2352/2146/1414
f 2355/2147/1415 2356/2148/1416 2351/2143/1412
f 2356/2148/1416 2353/2144/1372 2351/2143/1412
f 2354/2145/1413 2353/2144/1372 2356/2148/1416
f 2358/2149/1417 2360/2150/1418 2357/2151/1419
f 2357/2151/1419 2360/2150/1418 2359/2152/1420
f 2360/2150/1418 2358/2149/1417 2361/2153/1421
f 2360/2150/1418 2361/2153/1421 2362/2154/1422
f 2360/2150/1418 2363/2155/1423 2359/2152/1420
f 2360/2150/1418 2362/2154/1422 2363/2155/1423
f 2364/2156/1339 2365/2157/1424 2366/2158/1425
f 2366/2158/1425 2365/2157/1424 2367/2159/1341
f 2369/2160/1426 2368/2161/1427 2365/2157/1424
f 2370/2162/1428 2369/2160/1426 2365/2157/1424
f 2365/2157/1424 2364/2156/1339 2370/2162/1428
f 2370/2162/1428 2372/2163/1429 2371/2164/1430
f 2372/2163/1429 2370/2162/1428 2364/2156/1339
f 2374/2165/1389 2373/2166/1431 2375/2167/1432
f 2376/2168/1433 2374/2165/1389 2375/2167/1432
f 2373/2166/1431 2377/2169/1434 2375/2167/1432
f 2378/2170/1351 2376/2168/1433 2375/2167/1432
f 2377/2169/1434 2379/2171/1352 2375/2167/1432
f 2379/2171/1352 2378/2170/1351 2375/2167/1432
f 2382/2172/1435 2380/2173/1354 2381/2174/1401
f 2380/2173/1354 2382/2172/1435 2383/2175/1357
f 2384/2176/1358 2383/2175/1357 2382/2172/1435
f 2382/2172/1435 2385/2177/1436 2384/2176/1358
f 2387/2178/1363 2386/2179/1437 2390/2180/1438
f 2386/2179/1437 2389/2181/1439 2390/2180/1438
f 2388/2182/1440 2387/2178/1363 2390/2180/1438
f 2389/2181/1439 2391/2183/1410 2390/2180/1438
f 2392/2184/1441 2388/2182/1440 2390/2180/1438
f 2391/2183/1410 2392/2184/1441 2390/2180/1438
f 2395/2185/1442 2393/2186/1443 2394/2187/1371
f 2393/2186/1443 2395/2185/1442 2396/2188/1373
f 2395/2185/1442 2394/2187/1371 2397/2189/1444
f 2397/2189/1444 2398/2190/1445 2395/2185/1442
f 2402/2191/1446 2399/2192/1380 2400/2193/1447
f 2401/2194/1382 2402/2191/1446 2403/2195/1448
f 2399/2192/1380 2402/2191/1446 2404/2196/1383
f 2402/2191/1446 2401/2194/1382 2404/2196/1383
f 2406/2197/1384 2407/2198/1422 2405/2199/1385
f 2407/2198/1422 2406/2197/1384 2408/2200/1449
f 2410/2201/1450 2407/2198/1422 2408/2200/1449
f 2407/2198/1422 2410/2201/1450 2411/2202/1451
f 2412/2203/1452 2407/2198/1422 2411/2202/1451
f 2407/2198/1422 2412/2203/1452 2409/2204/1423
f 2416/2205/1453 2414/2206/1454 2413/2207/1426
f 2415/2208/1428 2416/2205/1453 2413/2207/1426
f 2414/2206/1454 2416/2205/1453 2417/2209/1455
f 2416/2205/1453 2415/2208/1428 2418/2210/1456
f 2419/2211/1457 2420/2212/1458 2421/2213/1389
f 2420/2212/1458 2419/2211/1457 2422/2214/1459
f 2423/2215/1460 2422/2214/1459 2419/2211/1457
f 2419/2211/1457 2424/2216/1394 2423/2215/1460
f 2428/2217/1461 2426/2218/1462 2427/2219/1463
f 2428/2217/1461 2427/2219/1463 2425/2220/1464
f 2426/2218/1462 2428/2217/1461 2429/2221/1465
f 2428/2217/1461 2430/2222/1466 2429/2221/1465
f 2428/2217/1461 2431/2223/1467 2430/2222/1466
f 2428/2217/1461 2432/2224/1468 2431/2223/1467
f 2432/2224/1468 2428/2217/1461 2433/2225/1469
f 2433/2225/1469 2428/2217/1461 2425/2220/1464
f 2436/2226/1409 2439/2227/1470 2437/2228/1410
f 2435/2229/1471 2439/2227/1470 2436/2226/1409
f 2439/2227/1470 2438/2230/1441 2437/2228/1410
f 2439/2227/1470 2435/2229/1471 2434/2231/1472
f 2440/2232/1413 2442/2233/1473 2441/2234/1445
f 2442/2233/1473 2440/2232/1413 2443/2235/1474
f 2443/2235/1474 2445/2236/1416 2444/2237/1475
f 2445/2236/1416 2443/2235/1474 2440/2232/1413
f 2446/2238/1327 2449/2239/1476 2447/2240/1477
f 2449/2239/1476 2448/2241/1447 2447/2240/1477
f 2449/2239/1476 2446/2238/1327 2450/2242/1478
f 2452/2243/1479 2450/2242/1478 2451/2244/1480
f 2450/2242/1478 2452/2243/1479 2449/2239/1476
f 2448/2241/1447 2449/2239/1476 2453/2245/1481
f 2452/2243/1479 2453/2245/1481 2449/2239/1476
f 2453/2245/1481 2452/2243/1479 2454/2246/1482
f 2457/2247/1483 2455/2248/1419 2458/2249/1484
f 2461/2250/1485 2456/2251/1486 2462/2252/1487
f 2462/2252/1487 2460/2253/1451 2461/2250/1485
f 2457/2247/1483 2462/2252/1487 2456/2251/1486
f 2462/2252/1487 2457/2247/1483 2458/2249/1484
f 2460/2253/1451 2462/2252/1487 2463/2254/1452
f 2463/2254/1452 2462/2252/1487 2458/2249/1484
f 2459/2255/1488 2463/2254/1452 2458/2249/1484
f 2464/2256/1424 2466/2257/1427 2465/2258/1489
f 2466/2257/1427 2468/2259/1490 2465/2258/1489
f 2468/2259/1490 2467/2260/1491 2465/2258/1489
f 2469/2261/1426 2468/2259/1490 2466/2257/1427
f 2470/2262/1343 2467/2260/1491 2468/2259/1490
f 2468/2259/1490 2469/2261/1426 2471/2263/1492
f 2471/2263/1492 2470/2262/1343 2468/2259/1490
f 2476/2264/1493 2474/2265/1434 2472/2266/1431
f 2476/2264/1493 2475/2267/1494 2474/2265/1434
f 2473/2268/1459 2476/2264/1493 2472/2266/1431
f 2477/2269/1460 2476/2264/1493 2473/2268/1459
f 2476/2264/1493 2477/2269/1460 2478/2270/1495
f 2476/2264/1493 2478/2270/1495 2479/2271/1349
f 2479/2271/1349 2480/2272/1348 2476/2264/1493
f 2475/2267/1494 2476/2264/1493 2480/2272/1348
f 2483/2273/1496 2482/2274/1365 2484/2275/1497
f 2481/2276/1498 2484/2275/1497 2482/2274/1365
f 2484/2275/1497 2485/2277/1499 2483/2273/1496
f 2484/2275/1497 2486/2278/1472 2485/2277/1499
f 2484/2275/1497 2481/2276/1498 2487/2279/1500
f 2484/2275/1497 2487/2279/1500 2488/2280/1501
f 2489/2281/1502 2484/2275/1497 2488/2280/1501
f 2486/2278/1472 2484/2275/1497 2489/2281/1502
f 2491/2282/1503 2490/2283/1374 2492/2284/1504
f 2491/2282/1503 2492/2284/1504 2493/2285/1505
f 2495/2286/1328 2494/2287/1506 2496/2288/1507
f 2497/2289/1508 2495/2286/1328 2496/2288/1507
f 2494/2287/1506 2498/2290/1477 2496/2288/1507
f 2499/2291/1380 2497/2289/1508 2496/2288/1507
f 2498/2290/1477 2500/2292/1447 2496/2288/1507
f 2500/2292/1447 2499/2291/1380 2496/2288/1507
f 2501/2293/1509 2504/2294/1510 2502/2295/1511
f 2505/2296/1512 2503/2297/1450 2504/2294/1510
f 2504/2294/1510 2501/2293/1509 2506/2298/1513
f 2504/2294/1510 2506/2298/1513 2505/2296/1512
f 2508/2299/1514 2509/2300/1515 2510/2301/1344
f 2508/2299/1514 2510/2301/1344 2507/2302/1516
f 2514/2303/1517 2515/2304/1361 2513/2305/1360
f 2515/2304/1361 2512/2306/1400 2511/2307/1398
f 2515/2304/1361 2514/2303/1517 2516/2308/1469
f 2512/2306/1400 2515/2304/1361 2516/2308/1469
f 2520/2309/1375 2522/2310/1518 2517/2311/1519
f 2517/2311/1519 2522/2310/1518 2518/2312/1520
f 2523/2313/1521 2521/2314/1522 2519/2315/1523
f 2522/2310/1518 2520/2309/1375 2523/2313/1521
f 2523/2313/1521 2519/2315/1523 2524/2316/1474
f 2522/2310/1518 2523/2313/1521 2524/2316/1474
f 2522/2310/1518 2525/2317/1524 2518/2312/1520
f 2522/2310/1518 2524/2316/1474 2525/2317/1524
usemtl Light31Mtl
f 1886/1677/1098 1885/1678/1099 1887/1679/242
f 1885/1678/1099 1888/1680/1100 1887/1679/242
f 1888/1680/1100 1889/1681/1101 1887/1679/242
f 1890/1682/1102 1888/1680/1100 1885/1678/1099
f 1888/1680/1100 1890/1682/1102 1891/1683/1103
f 1894/1684/1104 1892/1685/1105 1893/1686/716
f 1895/1687/1106 1894/1684/1104 1893/1686/716
f 1896/1688/1107 1895/1687/1106 1893/1686/716
f 1895/1687/1106 1897/1689/1108 1898/1690/1109
f 1895/1687/1106 1898/1690/1109 1894/1684/1104
f 1899/1691/1110 1901/1692/1111 1900/1693/91
f 1899/1691/1110 1902/1694/1112 1901/1692/1111
f 1905/1695/1113 1904/1696/1114 1903/1697/1115
f 1904/1696/1114 1905/1695/1113 1906/1698/1116
f 1910/1699/1117 1907/1700/1118 1908/1701/1119
f 1910/1699/1117 1908/1701/1119 1911/1702/1120
f 1912/1703/1121 1910/1699/1117 1911/1702/1120
f 1910/1699/1117 1912/1703/1121 1909/1704/1122
f 1913/1705/1123 1914/1706/1124 1915/1707/290
f 1916/1708/1125 1913/1705/1123 1915/1707/290
f 1914/1706/1124 1917/1709/1126 1915/1707/290
f 1918/1710/1127 1916/1708/1125 1915/1707/290
f 1919/1711/1128 1918/1710/1127 1915/1707/290
f 1917/1709/1126 1919/1711/1128 1915/1707/290
f 1923/1712/1129 1921/1713/1130 1920/1714/1131
f 1921/1713/1130 1923/1712/1129 1924/1715/1132
f 1923/1712/1129 1925/1716/1133 1924/1715/1132
f 1925/1716/1133 1923/1712/1129 1922/1717/1134
f 1928/1718/1135 1926/1719/1098 1927/1720/244
f 1929/1721/1136 1928/1718/1135 1927/1720/244
f 1930/1722/1101 1929/1721/1136 1927/1720/244
f 1929/1721/1136 1931/1723/1137 1932/1724/1138
f 1929/1721/1136 1932/1724/1138 1928/1718/1135
f 1935/1725/1139 1934/1726/1140 1933/1727/1141
f 1935/1725/1139 1933/1727/1141 1936/1728/1109
f 1938/1729/1142 1940/1730/1143 1939/1731/368
f 1942/1732/1144 1937/1733/1145 1939/1731/368
f 1940/1730/1143 1942/1732/1144 1939/1731/368
f 1943/1734/1112 1940/1730/1143 1941/1735/1111
f 1940/1730/1143 1943/1734/1112 1942/1732/1144
f 1944/1736/1146 1946/1737/1147 1945/1738/84
f 1944/1736/1146 1947/1739/1148 1946/1737/1147
f 1950/1740/1149 1948/1741/1150 1949/1742/1151
f 1950/1740/1149 1949/1742/1151 1951/1743/1152
f 1952/1744/1153 1950/1740/1149 1951/1743/1152
f 1950/1740/1149 1952/1744/1153 1953/1745/1128
f 1958/1746/1154 1957/1747/73 1956/1748/1155
f 1954/1749/1156 1958/1746/1154 1955/1750/1157
f 1957/1747/73 1958/1746/1154 1959/1751/1158
f 1958/1746/1154 1954/1749/1156 1959/1751/1158
f 1960/1752/1159 1961/1753/1160 1962/1754/418
f 1961/1753/1160 1963/1755/1161 1962/1754/418
f 1964/1756/1162 1960/1752/1159 1962/1754/418
f 1965/1757/1163 1964/1756/1162 1962/1754/418
f 1966/1758/1164 1965/1757/1163 1962/1754/418
f 1963/1755/1161 1966/1758/1164 1962/1754/418
f 1967/1759/1165 1968/1760/1166 1969/1761/1167
f 1970/1762/1135 1967/1759/1165 1969/1761/1167
f 1968/1760/1166 1967/1759/1165 1971/1763/1102
f 1967/1759/1165 1972/1764/1168 1971/1763/1102
f 1972/1764/1168 1967/1759/1165 1973/1765/1169
f 1967/1759/1165 1974/1766/1170 1973/1765/1169
f 1974/1766/1170 1967/1759/1165 1975/1767/1171
f 1967/1759/1165 1970/1762/1135 1975/1767/1171
f 1976/1768/1172 1977/1769/1173 1978/1770/1105
f 1979/1771/1104 1976/1768/1172 1978/1770/1105
f 1977/1769/1173 1976/1768/1172 1980/1772/1174
f 1976/1768/1172 1981/1773/1175 1980/1772/1174
f 1976/1768/1172 1982/1774/1176 1981/1773/1175
f 1976/1768/1172 1983/1775/1177 1982/1774/1176
f 1983/1775/1177 1976/1768/1172 1984/1776/1178
f 1979/1771/1104 1984/1776/1178 1976/1768/1172
f 1986/1777/1179 1988/1778/1180 1985/1779/1181
f 1988/1778/1180 1987/1780/1182 1985/1779/1181
f 1988/1778/1180 1986/1777/1179 1989/1781/1183
f 1990/1782/12 1988/1778/1180 1989/1781/1183
f 1987/1780/1182 1988/1778/1180 1991/1783/1184
f 1988/1778/1180 1992/1784/1143 1991/1783/1184
f 1990/1782/12 1993/1785/1111 1988/1778/1180
f 1992/1784/1143 1988/1778/1180 1993/1785/1111
f 1997/1786/1185 1996/1787/1186 1994/1788/1187
f 1997/1786/1185 1995/1789/1188 1996/1787/1186
f 1998/1790/1114 1997/1786/1185 1994/1788/1187
f 1999/1791/1116 1997/1786/1185 1998/1790/1114
f 1997/1786/1185 1999/1791/1116 2000/1792/1189
f 1997/1786/1185 2000/1792/1189 2001/1793/84
f 2001/1793/84 2002/1794/1190 1997/1786/1185
f 1995/1789/1188 1997/1786/1185 2002/1794/1190
f 2005/1795/1191 2003/1796/1192 2004/1797/1193
f 2003/1796/1192 2005/1795/1191 2006/1798/1194
f 2005/1795/1191 2007/1799/1195 2006/1798/1194
f 2007/1799/1195 2005/1795/1191 2008/1800/1196
f 2005/1795/1191 2009/1801/1119 2008/1800/1196
f 2009/1801/1119 2005/1795/1191 2010/1802/1120
f 2005/1795/1191 2011/1803/1121 2010/1802/1120
f 2011/1803/1121 2005/1795/1191 2004/1797/1193
f 2014/1804/1197 2012/1805/1123 2013/1806/1125
f 2012/1805/1123 2014/1804/1197 2015/1807/1198
f 2016/1808/1199 2015/1807/1198 2014/1804/1197
f 2016/1808/1199 2014/1804/1197 2017/1809/1200
f 2014/1804/1197 2018/1810/1151 2017/1809/1200
f 2018/1810/1151 2014/1804/1197 2019/1811/1152
f 2019/1811/1152 2014/1804/1197 2020/1812/1153
f 2013/1806/1125 2020/1812/1153 2014/1804/1197
f 2021/1813/1201 2023/1814/1202 2022/1815/1203
f 2023/1814/1202 2024/1816/1156 2022/1815/1203
f 2023/1814/1202 2021/1813/1201 2025/1817/1204
f 2026/1818/1205 2023/1814/1202 2025/1817/1204
f 2023/1814/1202 2026/1818/1205 2027/1819/1206
f 2023/1814/1202 2027/1819/1206 2028/1820/73
f 2023/1814/1202 2028/1820/73 2029/1821/1158
f 2024/1816/1156 2023/1814/1202 2029/1821/1158
f 2032/1822/1207 2031/1823/1161 2030/1824/1160
f 2033/1825/1208 2032/1822/1207 2030/1824/1160
f 2034/1826/1209 2032/1822/1207 2033/1825/1208
f 2032/1822/1207 2034/1826/1209 2035/1827/1210
f 2032/1822/1207 2035/1827/1210 2036/1828/1211
f 2036/1828/1211 2037/1829/1132 2032/1822/1207
f 2038/1830/1133 2032/1822/1207 2037/1829/1132
f 2032/1822/1207 2038/1830/1133 2031/1823/1161
f 2041/1831/1212 2040/1832/1213 2039/1833/1170
f 2041/1831/1212 2039/1833/1170 2042/1834/1138
f 2045/1835/1175 2044/1836/1214 2043/1837/1174
f 2044/1836/1214 2045/1835/1175 2046/1838/1215
f 2048/1839/1216 2050/1840/1182 2047/1841/1217
f 2050/1840/1182 2048/1839/1216 2049/1842/1218
f 2047/1841/1217 2050/1840/1182 2053/1843/366
f 2050/1840/1182 2052/1844/1142 2053/1843/366
f 2051/1845/1145 2047/1841/1217 2053/1843/366
f 2056/1846/1219 2054/1847/1220 2055/1848/609
f 2057/1849/1188 2056/1846/1219 2055/1848/609
f 2058/1850/1186 2057/1849/1188 2055/1848/609
f 2060/1851/1221 2057/1849/1188 2059/1852/1147
f 2057/1849/1188 2060/1851/1221 2056/1846/1219
f 2063/1853/1222 2062/1854/1223 2061/1855/1192
f 2062/1854/1223 2063/1853/1222 2064/1856/1224
f 2065/1857/1225 2064/1856/1224 2063/1853/1222
f 2065/1857/1225 2063/1853/1222 2066/1858/1195
f 2067/1859/1226 2068/1860/1227 2069/1861/642
f 2068/1860/1227 2070/1862/1203 2069/1861/642
f 2071/1863/1228 2067/1859/1226 2069/1861/642
f 2070/1862/1203 2072/1864/1229 2069/1861/642
f 2072/1864/1229 2073/1865/1157 2069/1861/642
f 2073/1865/1157 2071/1863/1228 2069/1861/642
f 2074/1866/1230 2076/1867/1208 2075/1868/1160
f 2077/1869/1231 2076/1867/1208 2074/1866/1230
f 2078/1870/1232 2076/1867/1208 2077/1869/1231
f 2076/1867/1208 2078/1870/1232 2079/1871/1209
f 2082/1872/1168 2081/1873/1103 2080/1874/1102
f 2081/1873/1103 2082/1872/1168 2083/1875/1233
f 2085/1876/1105 2084/1877/1234 2086/1878/715
f 2084/1877/1234 2087/1879/1235 2086/1878/715
f 2087/1879/1235 2088/1880/1236 2086/1878/715
f 2089/1881/1174 2087/1879/1235 2084/1877/1234
f 2087/1879/1235 2089/1881/1174 2090/1882/1214
f 2092/1883/1237 2093/1884/1238 2091/1885/1216
f 2093/1884/1238 2092/1883/1237 2094/1886/1239
f 2096/1887/1220 2095/1888/1240 2097/1889/1241
f 2095/1888/1240 2098/1890/1242 2097/1889/1241
f 2098/1890/1242 2099/1891/1186 2097/1889/1241
f 2100/1892/1243 2098/1890/1242 2095/1888/1240
f 2098/1890/1242 2100/1892/1243 2101/1893/1114
f 2102/1894/1244 2103/1895/1245 2104/1896/746
f 2105/1897/1246 2102/1894/1244 2104/1896/746
f 2103/1895/1245 2106/1898/1247 2104/1896/746
f 2106/1898/1247 2107/1899/1122 2104/1896/746
f 2107/1899/1122 2108/1900/1121 2104/1896/746
f 2108/1900/1121 2105/1897/1246 2104/1896/746
f 2111/1901/1248 2110/1902/1124 2109/1903/1123
f 2110/1902/1124 2111/1901/1248 2112/1904/1249
f 2113/1905/1250 2112/1904/1249 2111/1901/1248
f 2113/1905/1250 2111/1901/1248 2114/1906/1199
f 2115/1907/1226 2117/1908/1204 2116/1909/1251
f 2118/1910/1252 2117/1908/1204 2115/1907/1226
f 2119/1911/1253 2117/1908/1204 2118/1910/1252
f 2117/1908/1204 2119/1911/1253 2120/1912/1205
f 2124/1913/1254 2123/1914/1101 2121/1915/1255
f 2124/1913/1254 2122/1916/1256 2123/1914/1101
f 2125/1917/1103 2124/1913/1254 2121/1915/1255
f 2126/1918/1233 2124/1913/1254 2125/1917/1103
f 2124/1913/1254 2126/1918/1233 2127/1919/1257
f 2124/1913/1254 2127/1919/1257 2128/1920/1213
f 2128/1920/1213 2129/1921/1137 2124/1913/1254
f 2122/1916/1256 2124/1913/1254 2129/1921/1137
f 2130/1922/1235 2133/1923/1258 2132/1924/1107
f 2133/1923/1258 2131/1925/1106 2132/1924/1107
f 2130/1922/1235 2134/1926/1214 2133/1923/1258
f 2135/1927/1215 2133/1923/1258 2134/1926/1214
f 2133/1923/1258 2135/1927/1215 2136/1928/1259
f 2133/1923/1258 2136/1928/1259 2137/1929/1260
f 2133/1923/1258 2137/1929/1260 2138/1930/1139
f 2131/1925/1106 2133/1923/1258 2138/1930/1139
f 2139/1931/1217 2140/1932/1261 2141/1933/1216
f 2142/1934/1237 2141/1933/1216 2140/1932/1261
f 2142/1934/1237 2140/1932/1261 2143/1935/1262
f 2140/1932/1261 2144/1936/1263 2143/1935/1262
f 2140/1932/1261 2139/1931/1217 2145/1937/1264
f 2145/1937/1264 2146/1938/1144 2140/1932/1261
f 2144/1936/1263 2140/1932/1261 2147/1939/1265
f 2147/1939/1265 2140/1932/1261 2146/1938/1144
f 2148/1940/1266 2149/1941/1267 2150/1942/1268
f 2151/1943/1269 2148/1940/1266 2150/1942/1268
f 2149/1941/1267 2148/1940/1266 2152/1944/1115
f 2148/1940/1266 2153/1945/1113 2152/1944/1115
f 2153/1945/1113 2148/1940/1266 2154/1946/1270
f 2148/1940/1266 2155/1947/1146 2154/1946/1270
f 2155/1947/1146 2148/1940/1266 2156/1948/1221
f 2148/1940/1266 2151/1943/1269 2156/1948/1221
f 2159/1949/1271 2161/1950/1272 2157/1951/1245
f 2160/1952/1225 2161/1950/1272 2159/1949/1271
f 2161/1950/1272 2158/1953/1273 2157/1951/1245
f 2161/1950/1272 2160/1952/1225 2162/1954/1274
f 2161/1950/1272 2162/1954/1274 2163/1955/1275
f 2161/1950/1272 2164/1956/1122 2158/1953/1273
f 2163/1955/1275 2165/1957/1117 2161/1950/1272
f 2164/1956/1122 2161/1950/1272 2165/1957/1117
f 2170/1958/1276 2166/1959/1277 2168/1960/1249
f 2169/1961/1278 2170/1958/1276 2168/1960/1249
f 2166/1959/1277 2170/1958/1276 2167/1962/1126
f 2170/1958/1276 2169/1961/1278 2171/1963/1279
f 2172/1964/1150 2170/1958/1276 2171/1963/1279
f 2172/1964/1150 2173/1965/1149 2170/1958/1276
f 2174/1966/1128 2170/1958/1276 2173/1965/1149
f 2170/1958/1276 2174/1966/1128 2167/1962/1126
f 2179/1967/1280 2175/1968/1281 2176/1969/1282
f 2175/1968/1281 2179/1967/1280 2178/1970/1283
f 2179/1967/1280 2176/1969/1282 2177/1971/1157
f 2179/1967/1280 2180/1972/1253 2178/1970/1283
f 2179/1967/1280 2181/1973/1284 2180/1972/1253
f 2179/1967/1280 2182/1974/1285 2181/1973/1284
f 2182/1974/1285 2179/1967/1280 2183/1975/1154
f 2177/1971/1157 2183/1975/1154 2179/1967/1280
f 2184/1976/1159 2188/1977/1286 2186/1978/1231
f 2188/1977/1286 2187/1979/1287 2186/1978/1231
f 2188/1977/1286 2184/1976/1159 2185/1980/1288
f 2187/1979/1287 2188/1977/1286 2189/1981/1289
f 2188/1977/1286 2190/1982/1131 2189/1981/1289
f 2191/1983/1163 2188/1977/1286 2185/1980/1288
f 2190/1982/1131 2188/1977/1286 2192/1984/1129
f 2188/1977/1286 2191/1983/1163 2192/1984/1129
f 5413/5103/3140 5412/5104/3141 5411/5105/3142
f 5412/5104/3141 5413/5103/3140 5414/5106/3143
f 5415/5107/3144 5413/5103/3140 5411/5105/3142
f 5413/5103/3140 5415/5107/3144 5416/5108/3145
f 5417/5109/3146 5418/5110/3147 5419/5111/3148
f 5420/5112/3149 5419/5111/3148 5418/5110/3147
f 5420/5112/3149 5418/5110/3147 5421/5113/3150
f 5418/5110/3147 5417/5109/3146 5422/5114/3151
f 5424/5115/3152 5423/5116/3153 5425/5117/3154
f 5423/5116/3153 5424/5115/3152 5426/5118/3155
f 5427/5119/3156 5426/5118/3155 5424/5115/3152
f 5426/5118/3155 5427/5119/3156 5429/5120/3157
f 5429/5120/3157 5427/5119/3156 5428/5121/3158
f 5432/5122/3159 5431/5123/3160 5433/5124/3161
f 5430/5125/3162 5433/5124/3161 5431/5123/3160
f 5432/5122/3159 5433/5124/3161 5434/5126/3163
f 5433/5124/3161 5435/5127/3164 5434/5126/3163
f 5433/5124/3161 5430/5125/3162 5436/5128/3165
f 5436/5128/3165 5437/5129/3166 5433/5124/3161
f 5433/5124/3161 5437/5129/3166 5438/5130/3167
f 5435/5127/3164 5433/5124/3161 5438/5130/3167
f 5439/5131/3168 5440/5132/246 5441/5133/3169
f 5440/5132/246 5442/5134/3170 5441/5133/3169
f 5443/5135/3171 5440/5132/246 5439/5131/3168
f 5440/5132/246 5443/5135/3171 5444/5136/3172
f 5445/5137/3173 5446/5138/3174 5447/5139/3175
f 5445/5137/3173 5448/5140/3176 5449/5141/3177
f 5446/5138/3174 5445/5137/3173 5450/5142/3178
f 5445/5137/3173 5449/5141/3177 5450/5142/3178
f 5451/5143/3179 5452/5144/3180 5453/5145/3181
f 5454/5146/3182 5451/5143/3179 5453/5145/3181
f 5451/5143/3179 5454/5146/3182 5455/5147/3183
f 5452/5144/3180 5451/5143/3179 5456/5148/3184
f 5457/5149/3185 5451/5143/3179 5455/5147/3183
f 5451/5143/3179 5457/5149/3185 5458/5150/3186
f 5459/5151/3187 5451/5143/3179 5458/5150/3186
f 5451/5143/3179 5459/5151/3187 5456/5148/3184
f 5460/5152/3142 5462/5153/3188 5461/5154/3189
f 5461/5154/3189 5462/5153/3188 5463/5155/3190
f 5462/5153/3188 5464/5156/3191 5463/5155/3190
f 5465/5157/3192 5464/5156/3191 5462/5153/3188
f 5462/5153/3188 5460/5152/3142 5466/5158/3193
f 5466/5158/3193 5465/5157/3192 5462/5153/3188
f 5468/5159/3151 5467/5160/3194 5471/5161/3195
f 5467/5160/3194 5469/5162/3196 5471/5161/3195
f 5470/5163/3197 5468/5159/3151 5471/5161/3195
f 5469/5162/3196 5472/5164/3198 5471/5161/3195
f 5473/5165/3199 5470/5163/3197 5471/5161/3195
f 5472/5164/3198 5473/5165/3199 5471/5161/3195
f 5474/5166/3200 5476/5167/3201 5475/5168/3202
f 5476/5167/3201 5474/5166/3200 5477/5169/3203
f 5476/5167/3201 5477/5169/3203 5478/5170/3204
f 5476/5167/3201 5478/5170/3204 5479/5171/3205
f 5478/5170/3204 5477/5169/3203 5481/5172/3156
f 5480/5173/3206 5481/5172/3156 5477/5169/3203
f 5483/5174/3165 5482/5175/3207 5485/5176/3208
f 5482/5175/3207 5484/5177/3209 5485/5176/3208
f 5484/5177/3209 5486/5178/3210 5485/5176/3208
f 5486/5178/3210 5487/5179/3211 5485/5176/3208
f 5488/5180/3166 5483/5174/3165 5485/5176/3208
f 5487/5179/3211 5488/5180/3166 5485/5176/3208
f 5490/5181/3181 5489/5182/3212 5491/5183/3213
f 5489/5182/3212 5492/5184/3214 5491/5183/3213
f 5493/5185/3184 5492/5184/3214 5489/5182/3212
f 5492/5184/3214 5494/5186/3215 5491/5183/3213
f 5492/5184/3214 5493/5185/3184 5495/5187/3216
f 5496/5188/3217 5497/5189/3142 5498/5190/3189
f 5496/5188/3217 5498/5190/3189 5499/5191/3218
f 5500/5192/3219 5496/5188/3217 5499/5191/3218
f 5497/5189/3142 5496/5188/3217 5501/5193/3144
f 5501/5193/3144 5503/5194/3220 5502/5195/3145
f 5503/5194/3220 5501/5193/3144 5504/5196/3221
f 5496/5188/3217 5504/5196/3221 5501/5193/3144
f 5504/5196/3221 5496/5188/3217 5500/5192/3219
f 5505/5197/3222 5507/5198/3223 5506/5199/3150
f 5507/5198/3223 5505/5197/3222 5508/5200/3224
f 5508/5200/3224 5509/5201/3225 5507/5198/3223
f 5510/5202/3226 5508/5200/3224 5505/5197/3222
f 5508/5200/3224 5510/5202/3226 5511/5203/3227
f 5508/5200/3224 5511/5203/3227 5512/5204/3199
f 5513/5205/3228 5508/5200/3224 5512/5204/3199
f 5509/5201/3225 5508/5200/3224 5513/5205/3228
f 5515/5206/3229 5516/5207/3203 5514/5208/3200
f 5516/5207/3203 5515/5206/3229 5517/5209/3206
f 5517/5209/3206 5515/5206/3229 5519/5210/3230
f 5518/5211/3156 5517/5209/3206 5519/5210/3230
f 5521/5212/3231 5520/5213/3232 5519/5210/3230
f 5522/5214/3233 5521/5212/3231 5519/5210/3230
f 5515/5206/3229 5522/5214/3233 5519/5210/3230
f 5528/5215/3234 5526/5216/3235 5525/5217/3211
f 5527/5218/3236 5528/5215/3234 5525/5217/3211
f 5524/5219/3237 5528/5215/3234 5527/5218/3236
f 5528/5215/3234 5524/5219/3237 5523/5220/3238
f 5531/5221/3239 5529/5222/246 5530/5223/3172
f 5529/5222/246 5531/5221/3239 5533/5224/3240
f 5534/5225/3241 5531/5221/3239 5532/5226/3242
f 5531/5221/3239 5534/5225/3241 5533/5224/3240
f 5539/5227/3243 5535/5228/3174 5538/5229/3244
f 5537/5230/3245 5539/5227/3243 5538/5229/3244
f 5535/5228/3174 5539/5227/3243 5536/5231/3246
f 5539/5227/3243 5537/5230/3245 5540/5232/3247
f 5541/5233/3248 5539/5227/3243 5540/5232/3247
f 5539/5227/3243 5542/5234/3249 5536/5231/3246
f 5542/5234/3249 5539/5227/3243 5543/5235/3250
f 5539/5227/3243 5541/5233/3248 5543/5235/3250
f 5546/5236/3182 5544/5237/3181 5545/5238/3251
f 5548/5239/3215 5549/5240/3252 5545/5238/3251
f 5549/5240/3252 5546/5236/3182 5545/5238/3251
f 5550/5241/3253 5546/5236/3182 5549/5240/3252
f 5546/5236/3182 5550/5241/3253 5547/5242/3183
f 5554/5243/3254 5552/5244/3255 5551/5245/3190
f 5553/5246/3191 5554/5243/3254 5551/5245/3190
f 5555/5247/3192 5554/5243/3254 5553/5246/3191
f 5556/5248/3256 5557/5249/3257 5555/5247/3192
f 5554/5243/3254 5555/5247/3192 5557/5249/3257
f 5557/5249/3257 5556/5248/3256 5558/5250/3258
f 5559/5251/3221 5554/5243/3254 5557/5249/3257
f 5554/5243/3254 5559/5251/3221 5552/5244/3255
f 5565/5252/3259 5563/5253/3260 5562/5254/3261
f 5563/5253/3260 5565/5252/3259 5564/5255/3262
f 5565/5252/3259 5561/5256/3225 5564/5255/3262
f 5565/5252/3259 5560/5257/3263 5561/5256/3225
f 5566/5258/3200 5567/5259/3264 5568/5260/3265
f 5569/5261/3266 5567/5259/3264 5566/5258/3200
f 5566/5258/3200 5570/5262/3267 5569/5261/3266
f 5567/5259/3264 5571/5263/3233 5568/5260/3265
f 5573/5264/3268 5574/5265/3269 5572/5266/3270
f 5574/5265/3269 5573/5264/3268 5575/5267/3271
f 5576/5268/3209 5572/5266/3270 5574/5265/3269
f 5576/5268/3209 5574/5265/3269 5577/5269/3210
f 5574/5265/3269 5575/5267/3271 5578/5270/3237
f 5574/5265/3269 5579/5271/3272 5577/5269/3210
f 5579/5271/3272 5574/5265/3269 5580/5272/3236
f 5574/5265/3269 5578/5270/3237 5580/5272/3236
f 5583/5273/3273 5581/5274/3274 5582/5275/3275
f 5583/5273/3273 5585/5276/3276 5584/5277/3277
f 5585/5276/3276 5583/5273/3273 5586/5278/3241
f 5586/5278/3241 5583/5273/3273 5582/5275/3275
f 5592/5279/3278 5587/5280/3279 5591/5281/3280
f 5589/5282/3281 5592/5279/3278 5590/5283/3248
f 5587/5280/3279 5592/5279/3278 5588/5284/3282
f 5592/5279/3278 5589/5282/3281 5588/5284/3282
f 5597/5285/3283 5593/5286/3284 5596/5287/3216
f 5595/5288/3285 5597/5285/3283 5596/5287/3216
f 5593/5286/3284 5597/5285/3283 5594/5289/3215
f 5597/5285/3283 5595/5288/3285 5598/5290/3286
f 5599/5291/3287 5597/5285/3283 5598/5290/3286
f 5597/5285/3283 5600/5292/3252 5594/5289/3215
f 5600/5292/3252 5597/5285/3283 5601/5293/3253
f 5597/5285/3283 5599/5291/3287 5601/5293/3253
f 5602/5294/3220 5603/5295/3257 5604/5296/3288
f 5603/5295/3257 5602/5294/3220 5605/5297/3221
f 5607/5298/3289 5608/5299/3290 5606/5300/3291
f 5608/5299/3290 5607/5298/3289 5609/5301/3292
f 5608/5299/3290 5609/5301/3292 5610/5302/3153
f 5610/5302/3153 5611/5303/3155 5608/5299/3290
f 5612/5304/3293 5608/5299/3290 5611/5303/3155
f 5608/5299/3290 5612/5304/3293 5613/5305/3231
f 5614/5306/3233 5608/5299/3290 5613/5305/3231
f 5614/5306/3233 5606/5300/3291 5608/5299/3290
f 5616/5307/3169 5617/5308/3294 5618/5309/3295
f 5617/5308/3294 5619/5310/3296 5618/5309/3295
f 5615/5311/246 5619/5310/3296 5617/5308/3294
f 5619/5310/3296 5621/5312/3275 5618/5309/3295
f 5621/5312/3275 5620/5313/3274 5618/5309/3295
f 5619/5310/3296 5615/5311/246 5622/5314/3297
f 5623/5315/3241 5619/5310/3296 5622/5314/3297
f 5619/5310/3296 5623/5315/3241 5621/5312/3275
f 5626/5316/3298 5625/5317/3175 5627/5318/3299
f 5625/5317/3175 5624/5319/3174 5627/5318/3299
f 5628/5320/3300 5626/5316/3298 5627/5318/3299
f 5624/5319/3174 5629/5321/3301 5627/5318/3299
f 5629/5321/3301 5630/5322/3302 5627/5318/3299
f 5630/5322/3302 5628/5320/3300 5627/5318/3299
f 5634/5323/3253 5633/5324/3287 5632/5325/3303
f 5632/5325/3303 5631/5326/3183 5634/5323/3253
f 5638/5327/3256 5636/5328/3304 5637/5329/3305
f 5638/5327/3256 5635/5330/3306 5636/5328/3304
f 5641/5331/3149 5642/5332/3307 5640/5333/3308
f 5642/5332/3307 5639/5334/3194 5640/5333/3308
f 5642/5332/3307 5641/5331/3149 5643/5335/3309
f 5644/5336/3263 5642/5332/3307 5643/5335/3309
f 5639/5334/3194 5642/5332/3307 5645/5337/3310
f 5642/5332/3307 5646/5338/3198 5645/5337/3310
f 5646/5338/3198 5642/5332/3307 5647/5339/3259
f 5642/5332/3307 5644/5336/3263 5647/5339/3259
f 5648/5340/3270 5649/5341/3207 5650/5342/3160
f 5651/5343/3311 5648/5340/3270 5650/5342/3160
f 5648/5340/3270 5651/5343/3311 5652/5344/3312
f 5649/5341/3207 5648/5340/3270 5653/5345/3209
f 5655/5346/3169 5656/5347/3313 5654/5348/3314
f 5656/5347/3313 5655/5346/3169 5657/5349/3295
f 5658/5350/3315 5656/5347/3313 5657/5349/3295
f 5659/5351/3316 5656/5347/3313 5658/5350/3315
f 5660/5352/3317 5654/5348/3314 5656/5347/3313
f 5656/5347/3313 5659/5351/3316 5660/5352/3317
f 5661/5353/3318 5654/5348/3314 5660/5352/3317
f 5660/5352/3317 5662/5354/3319 5661/5353/3318
f 5660/5352/3317 5663/5355/3277 5662/5354/3319
f 5663/5355/3277 5660/5352/3317 5659/5351/3316
f 5665/5356/3175 5666/5357/3320 5664/5358/3173
f 5666/5357/3320 5665/5356/3175 5667/5359/3298
f 5666/5357/3320 5667/5359/3298 5668/5360/3279
f 5669/5361/3321 5666/5357/3320 5668/5360/3279
f 5670/5362/3322 5666/5357/3320 5669/5361/3321
f 5666/5357/3320 5670/5362/3322 5671/5363/3323
f 5671/5363/3323 5664/5358/3173 5666/5357/3320
f 5664/5358/3173 5671/5363/3323 5672/5364/3324
f 5675/5365/3325 5673/5366/3184 5674/5367/3326
f 5673/5366/3184 5675/5365/3325 5676/5368/3216
usemtl Meshpart3Mtl
f 2193/1985/1290 2194/1986/1291 2195/1987/1290
f 2194/1986/1291 2193/1985/1290 2196/1988/1291
f 2196/1988/1291 2197/1989/1292 2194/1986/1291
f 2197/1989/1292 2196/1988/1291 2198/1990/1292
f 2199/1991/1293 2197/1989/1292 2198/1990/1292
f 2197/1989/1292 2199/1991/1293 2200/1992/1293
f 2201/1993/1294 2202/1994/1294 2203/1995/1294
f 2203/1995/1294 2202/1994/1294 2204/1996/1294
f 2205/1997/1295 2207/1998/1296 2206/1999/1297
f 2207/1998/1296 2205/1997/1295 2208/2000/1296
f 2209/2001/1294 2207/1998/1296 2208/2000/1296
f 2207/1998/1296 2209/2001/1294 2210/2002/1294
f 2211/2003/1298 2212/2004/1299 2213/2005/1300
f 2214/2006/1301 2213/2005/1300 2212/2004/1299
f 2215/2007/1302 2213/2005/1300 2214/2006/1301
f 2213/2005/1300 2215/2007/1302 2216/2008/1303
f 2216/2008/1303 2215/2007/1302 2217/2009/1304
f 2217/2009/1304 2215/2007/1302 2218/2010/1304
f 2214/2006/1301 2219/2011/1305 2215/2007/1302
f 2219/2011/1305 2214/2006/1301 2220/2012/1306
f 2220/2012/1306 2221/2013/228 2219/2011/1305
f 2221/2013/228 2220/2012/1306 2222/2014/228
f 2223/2015/1307 2224/2016/1307 2225/2017/1307
f 2223/2015/1307 2225/2017/1307 2226/2018/1308
f 2227/2019/1309 2228/2020/1310 2229/2021/1310
f 2227/2019/1309 2229/2021/1310 2230/2022/1309
f 2231/2023/1311 2232/2024/1312 2233/2025/1312
f 2232/2024/1312 2231/2023/1311 2234/2026/1313
f 2235/2027/1314 2236/2028/1314 2237/2029/1314
f 2236/2028/1314 2235/2027/1314 2238/2030/1314
f 2239/2031/1309 2240/2032/1315 2241/2033/1316
f 2241/2033/1316 2242/2034/1317 2239/2031/1309
f 2241/2033/1316 2243/2035/1314 2242/2034/1317
f 2244/2036/1314 2242/2034/1317 2243/2035/1314
f 2245/2037/1318 2246/2038/1319 2247/2039/1320
f 2246/2038/1319 2245/2037/1318 2248/2040/1321
f 2246/2038/1319 2249/2041/1322 2247/2039/1320
f 2249/2041/1322 2246/2038/1319 2250/2042/1323
f 2251/2043/1324 2249/2041/1322 2250/2042/1323
f 2249/2041/1322 2251/2043/1324 2252/2044/1324
f 2247/2039/1320 2249/2041/1322 2253/2045/1325
f 2247/2039/1320 2253/2045/1325 2254/2046/1325
f 2254/2046/1325 2253/2045/1325 2255/2047/238
f 2256/2048/238 2254/2046/1325 2255/2047/238
f 5251/4943/3068 5252/4944/3069 5253/4945/3070
f 5254/4946/3071 5251/4943/3068 5253/4945/3070
f 5254/4946/3071 5253/4945/3070 5255/4947/3072
f 5256/4948/3072 5254/4946/3071 5255/4947/3072
f 5256/4948/3072 5255/4947/3072 5257/4949/3073
f 5258/4950/3074 5256/4948/3072 5257/4949/3073
f 5261/4951/3075 5260/4952/3076 5259/4953/3076
f 5260/4952/3076 5261/4951/3075 5262/4954/3075
f 5263/4955/3077 5262/4954/3075 5261/4951/3075
f 5262/4954/3075 5263/4955/3077 5264/4956/3077
f 5267/4957/3078 5266/4958/3079 5265/4959/3080
f 5266/4958/3079 5267/4957/3078 5268/4960/3081
f 5269/4961/3082 5268/4960/3081 5267/4957/3078
f 5268/4960/3081 5269/4961/3082 5270/4962/3082
f 5271/4963/3083 5272/4964/3084 5273/4965/3084
f 5272/4964/3084 5271/4963/3083 5274/4966/3083
f 5275/4967/3085 5273/4965/3084 5272/4964/3084
f 5273/4965/3084 5275/4967/3085 5276/4968/3085
f 5275/4967/3085 5277/4969/3068 5276/4968/3085
f 5277/4969/3068 5275/4967/3085 5278/4970/3068
f 5279/4971/3086 5280/4972/3087 5281/4973/3087
f 5282/4974/3088 5281/4973/3087 5280/4972/3087
f 5280/4972/3087 5279/4971/3086 5283/4975/3086
f 5281/4973/3087 5282/4974/3088 5284/4976/3089
f 5287/4977/3090 5286/4978/3091 5285/4979/3092
f 5286/4978/3091 5287/4977/3090 5288/4980/3093
f 5289/4981/3094 5288/4980/3093 5287/4977/3090
f 5288/4980/3093 5289/4981/3094 5290/4982/3094
f 5291/4983/3095 5292/4984/3096 5293/4985/3096
f 5294/4986/3080 5293/4985/3096 5292/4984/3096
f 5292/4984/3096 5291/4983/3095 5295/4987/3095
f 5293/4985/3096 5294/4986/3080 5296/4988/3079
f 5297/4989/228 5298/4990/228 5299/4991/228
f 5298/4990/228 5297/4989/228 5300/4992/228
f 5301/4993/228 5300/4992/228 5297/4989/228
f 5300/4992/228 5301/4993/228 5302/4994/228
f 5302/4994/228 5301/4993/228 5303/4995/228
f 5300/4992/228 5302/4994/228 5304/4996/228
f 5305/4997/228 5306/4998/228 5307/4999/228
f 5305/4997/228 5308/5000/228 5306/4998/228
f 5306/4998/228 5308/5000/228 5309/5001/228
f 5308/5000/228 5305/4997/228 5310/5002/228
f 5310/5002/228 5305/4997/228 5311/5003/228
f 5308/5000/228 5310/5002/228 5312/5004/228
f 5313/5005/3097 5314/5006/3098 5315/5007/3097
f 5315/5007/3097 5316/5008/3099 5313/5005/3097
f 5317/5009/3098 5315/5007/3097 5314/5006/3098
f 5316/5008/3099 5315/5007/3097 5318/5010/3100
f 5314/5006/3098 5319/5011/228 5317/5009/3098
f 5318/5010/3100 5320/5012/3100 5316/5008/3099
f 5319/5011/228 5314/5006/3098 5321/5013/228
f 5319/5011/228 5321/5013/228 5322/5014/1661
f 5319/5011/228 5322/5014/1661 5323/5015/1661
f 5320/5012/3100 5318/5010/3100 5324/5016/3101
f 5325/5017/3102 5320/5012/3100 5324/5016/3101
f 5320/5012/3100 5325/5017/3102 5326/5018/3102
f 5325/5017/3102 5327/5019/3103 5326/5018/3102
f 5327/5019/3103 5325/5017/3102 5328/5020/3104
f 5328/5020/3104 5329/5021/1661 5327/5019/3103
f 5329/5021/1661 5328/5020/3104 5330/5022/1661
f 5333/5023/3105 5332/5024/3086 5331/5025/3086
f 5332/5024/3086 5333/5023/3105 5334/5026/3106
f 5335/5027/3107 5334/5026/3106 5333/5023/3105
f 5334/5026/3106 5335/5027/3107 5336/5028/3107
f 5339/5029/3108 5337/5030/3109 5338/5031/3110
f 5337/5030/3109 5339/5029/3108 5340/5032/3108
f 5339/5029/3108 5341/5033/1313 5340/5032/3108
f 5341/5033/1313 5339/5029/3108 5342/5034/1313
f 5343/5035/3111 5341/5033/1313 5342/5034/1313
f 5341/5033/1313 5343/5035/3111 5344/5036/3112
f 5345/5037/3113 5347/5038/3114 5346/5039/3113
f 5347/5038/3114 5345/5037/3113 5348/5040/3114
f 5348/5040/3114 5349/5041/3115 5347/5038/3114
f 5349/5041/3115 5348/5040/3114 5350/5042/3116
f 5351/5043/3073 5353/5044/3117 5352/5045/3074
f 5353/5044/3117 5351/5043/3073 5354/5046/3117
f 5353/5044/3117 5354/5046/3117 5355/5047/3118
f 5356/5048/3118 5353/5044/3117 5355/5047/3118
f 5361/5049/3119 5359/5050/3120 5357/5051/3121
f 5362/5052/3119 5360/5053/3122 5358/5054/3122
f 5359/5050/3120 5361/5049/3119 5362/5052/3119
f 5360/5053/3122 5362/5052/3119 5361/5049/3119
f 5363/5055/3123 5364/5056/3124 5365/5057/3109
f 5364/5056/3124 5363/5055/3123 5366/5058/3124
f 5364/5056/3124 5366/5058/3124 5367/5059/3125
f 5367/5059/3125 5368/5060/3126 5364/5056/3124
f 5368/5060/3126 5367/5059/3125 5369/5061/3127
f 5369/5061/3127 5370/5062/3128 5368/5060/3126
f 5375/5063/3129 5371/5064/3115 5373/5065/3116
f 5376/5066/3130 5374/5067/3131 5372/5068/3131
f 5371/5064/3115 5375/5063/3129 5376/5066/3130
f 5374/5067/3131 5376/5066/3130 5375/5063/3129
f 5377/5069/238 5378/5070/238 5379/5071/238
f 5380/5072/238 5378/5070/238 5377/5069/238
f 5380/5072/238 5377/5069/238 5381/5073/238
f 5382/5074/238 5378/5070/238 5380/5072/238
f 5378/5070/238 5382/5074/238 5383/5075/238
f 5383/5075/238 5382/5074/238 5384/5076/238
f 5385/5077/238 5386/5078/238 5387/5079/238
f 5387/5079/238 5386/5078/238 5388/5080/238
f 5385/5077/238 5387/5079/238 5389/5081/238
f 5386/5078/238 5385/5077/238 5390/5082/238
f 5390/5082/238 5385/5077/238 5391/5083/238
f 5386/5078/238 5390/5082/238 5392/5084/238
f 5393/5085/3132 5394/5086/3133 5395/5087/3132
f 5393/5085/3132 5395/5087/3132 5396/5088/238
f 5394/5086/3133 5393/5085/3132 5397/5089/3134
f 5396/5088/238 5398/5090/3135 5393/5085/3132
f 5396/5088/238 5399/5091/1842 5398/5090/3135
f 5399/5091/1842 5396/5088/238 5400/5092/3136
f 5394/5086/3133 5397/5089/3134 5401/5093/3137
f 5394/5086/3133 5401/5093/3137 5402/5094/3137
f 5401/5093/3137 5403/5095/3137 5402/5094/3137
f 5402/5094/3137 5403/5095/3137 5404/5096/3137
f 5403/5095/3137 5405/5097/3138 5404/5096/3137
f 5405/5097/3138 5403/5095/3137 5406/5098/3138
f 5406/5098/3138 5407/5099/3139 5405/5097/3138
f 5408/5100/3139 5405/5097/3138 5407/5099/3139
f 5408/5100/3139 5407/5099/3139 5409/5101/1842
f 5408/5100/3139 5409/5101/1842 5410/5102/1834
usemtl Meshpart4Mtl
f 2526/2318/1525 2527/2319/1526 2528/2320/1527
f 2529/2321/1528 2526/2318/1525 2528/2320/1527
f 2526/2318/1525 2529/2321/1528 2530/2322/1529
f 2531/2323/1529 2526/2318/1525 2530/2322/1529
f 2527/2319/1526 2526/2318/1525 2532/2324/1530
f 2527/2319/1526 2532/2324/1530 2533/2325/1531
f 2534/2326/1532 2527/2319/1526 2533/2325/1531
f 2527/2319/1526 2534/2326/1532 2535/2327/1533
f 2526/2318/1525 2536/2328/1534 2532/2324/1530
f 2526/2318/1525 2531/2323/1529 2537/2329/1535
f 2537/2329/1535 2536/2328/1534 2526/2318/1525
f 2538/2330/1528 2537/2329/1535 2531/2323/1529
f 2536/2328/1534 2537/2329/1535 2539/2331/1536
f 2537/2329/1535 2538/2330/1528 2540/2332/1537
f 2540/2332/1537 2539/2331/1536 2537/2329/1535
f 2541/2333/1538 2539/2331/1536 2540/2332/1537
f 2541/2333/1538 2542/2334/1538 2539/2331/1536
f 2543/2335/1539 2544/2336/1539 2534/2326/1532
f 2534/2326/1532 2544/2336/1539 2535/2327/1533
f 2543/2335/1539 2545/2337/1540 2544/2336/1539
f 2545/2337/1540 2543/2335/1539 2546/2338/1541
f 2547/2339/1542 2545/2337/1540 2546/2338/1541
f 2548/2340/1543 2545/2337/1540 2547/2339/1542
f 2549/2341/1544 2548/2340/1543 2547/2339/1542
f 2548/2340/1543 2549/2341/1544 2550/2342/1544
f 2549/2341/1544 2551/2343/1545 2550/2342/1544
f 2551/2343/1545 2549/2341/1544 2552/2344/1546
f 2552/2344/1546 2553/2345/1547 2551/2343/1545
f 2553/2345/1547 2552/2344/1546 2554/2346/1548
f 2555/2347/1549 2553/2345/1547 2554/2346/1548
f 2553/2345/1547 2555/2347/1549 2556/2348/1549
f 2557/2349/1550 2556/2348/1549 2555/2347/1549
f 2556/2348/1549 2557/2349/1550 2558/2350/1550
f 2558/2350/1550 2557/2349/1550 2559/2351/1551
f 2559/2351/1551 2557/2349/1550 2560/2352/1552
f 2561/2353/1553 2559/2351/1551 2560/2352/1552
f 2562/2354/1554 2559/2351/1551 2561/2353/1553
f 2559/2351/1551 2562/2354/1554 2563/2355/1555
f 2562/2354/1554 2564/2356/1556 2563/2355/1555
f 2562/2354/1554 2565/2357/1556 2564/2356/1556
f 2562/2354/1554 2561/2353/1553 2566/2358/1557
f 2565/2357/1556 2562/2354/1554 2567/2359/1556
f 2566/2358/1557 2568/2360/1558 2562/2354/1554
f 2568/2360/1558 2567/2359/1556 2562/2354/1554
f 2567/2359/1556 2568/2360/1558 2569/2361/1556
f 2568/2360/1558 2566/2358/1557 2570/2362/1559
f 2569/2361/1556 2568/2360/1558 2571/2363/1560
f 2570/2362/1559 2571/2363/1560 2568/2360/1558
f 2571/2363/1560 2570/2362/1559 2572/2364/1561
f 2570/2362/1559 2573/2365/1561 2572/2364/1561
f 2575/2366/1562 2576/2367/1563 2574/2368/1564
f 2576/2367/1563 2575/2366/1562 2577/2369/1563
f 2577/2369/1563 2578/2370/1565 2576/2367/1563
f 2578/2370/1565 2577/2369/1563 2579/2371/1565
f 2580/2372/1566 2578/2370/1565 2579/2371/1565
f 2581/2373/1566 2578/2370/1565 2580/2372/1566
f 2584/2374/1567 2583/2375/1568 2582/2376/1568
f 2583/2375/1568 2584/2374/1567 2585/2377/1567
f 2586/2378/1569 2585/2377/1567 2584/2374/1567
f 2585/2377/1567 2586/2378/1569 2587/2379/1569
f 2588/2380/1566 2587/2379/1569 2586/2378/1569
f 2586/2378/1569 2589/2381/1566 2588/2380/1566
f 2591/2382/1570 2590/2383/1571 2592/2384/1572
f 2592/2384/1572 2593/2385/1572 2591/2382/1570
f 2593/2385/1572 2592/2384/1572 2594/2386/1573
f 2594/2386/1573 2595/2387/1573 2593/2385/1572
f 2597/2388/1570 2596/2389/1570 2598/2390/1572
f 2598/2390/1572 2599/2391/1574 2597/2388/1570
f 2599/2391/1574 2598/2390/1572 2600/2392/1573
f 2600/2392/1573 2601/2393/1573 2599/2391/1574
f 2604/2386/1575 2602/2387/1575 2606/2385/1572
f 2605/2382/1571 2603/2383/1571 2607/2384/1572
f 2606/2385/1572 2607/2384/1572 2604/2386/1575
f 2607/2384/1572 2606/2385/1572 2605/2382/1571
f 2608/2394/1576 2609/2395/1577 2610/2396/1578
f 2608/2394/1576 2610/2396/1578 2611/2397/1576
f 2609/2395/1577 2612/2398/1579 2610/2396/1578
f 2611/2397/1576 2613/2399/1580 2608/2394/1576
f 2612/2398/1579 2609/2395/1577 2614/2400/1581
f 2613/2399/1580 2611/2397/1576 2615/2401/1580
f 2616/2402/1582 2612/2398/1579 2614/2400/1581
f 2617/2403/1583 2612/2398/1579 2616/2402/1582
f 2618/2404/1584 2617/2403/1583 2616/2402/1582
f 2617/2403/1583 2618/2404/1584 2619/2405/1584
f 2618/2404/1584 2620/2406/1585 2619/2405/1584
f 2620/2406/1585 2618/2404/1584 2621/2407/1586
f 2621/2407/1586 2622/2408/1579 2620/2406/1585
f 2622/2408/1579 2621/2407/1586 2623/2409/1587
f 2624/2410/1583 2622/2408/1579 2623/2409/1587
f 2622/2408/1579 2624/2410/1583 2625/2411/1588
f 2626/2412/1589 2625/2411/1588 2624/2410/1583
f 2625/2411/1588 2626/2412/1589 2627/2413/1589
f 2628/2414/1590 2627/2413/1589 2626/2412/1589
f 2627/2413/1589 2628/2414/1590 2629/2415/1590
f 2630/2416/1591 2629/2415/1590 2628/2414/1590
f 2631/2417/1592 2629/2415/1590 2630/2416/1591
f 2629/2415/1590 2631/2417/1592 2632/2418/1593
f 2633/2419/1594 2631/2417/1592 2630/2416/1591
f 2631/2417/1592 2633/2419/1594 2634/2420/1595
f 2635/2421/1596 2634/2420/1595 2633/2419/1594
f 2636/2422/1597 2615/2401/1580 2637/2423/1598
f 2615/2401/1580 2636/2422/1597 2638/2424/1599
f 2615/2401/1580 2638/2424/1599 2613/2399/1580
f 2636/2422/1597 2639/2425/1600 2638/2424/1599
f 2640/2426/1601 2639/2425/1600 2636/2422/1597
f 2639/2425/1600 2640/2426/1601 2641/2427/1602
f 2644/2393/1603 2646/2391/1574 2642/2428/1604
f 2645/2388/1605 2643/2429/1606 2647/2430/1574
f 2646/2391/1574 2647/2430/1574 2642/2428/1604
f 2646/2391/1574 2645/2388/1605 2647/2430/1574
f 2650/2431/1572 2648/2432/1570 2649/2433/1607
f 2650/2431/1572 2649/2433/1607 2651/2434/1572
f 2651/2434/1572 2652/2435/1608 2650/2431/1572
f 2652/2435/1608 2651/2434/1572 2653/2436/1575
f 2656/2437/1572 2654/2438/1570 2655/2439/1570
f 2656/2437/1572 2655/2439/1570 2657/2440/1572
f 2658/2441/1608 2656/2437/1572 2657/2440/1572
f 2658/2441/1608 2657/2440/1572 2659/2442/1575
f 2661/2443/1609 2662/2444/1610 2660/2445/1611
f 2662/2444/1610 2661/2443/1609 2663/2446/1612
f 2664/2447/1613 2662/2444/1610 2663/2446/1612
f 2663/2446/1612 2665/2448/1614 2664/2447/1613
f 2666/2449/1615 2664/2447/1613 2665/2448/1614
f 2667/2450/1616 2664/2447/1613 2666/2449/1615
f 2668/2451/1617 2667/2450/1616 2666/2449/1615
f 2667/2450/1616 2668/2451/1617 2669/2452/1618
f 2672/2453/1619 2670/2454/1620 2671/2455/1621
f 2670/2454/1620 2672/2453/1619 2673/2456/1619
f 2674/2457/1622 2673/2456/1619 2672/2453/1619
f 2673/2456/1619 2674/2457/1622 2675/2458/1622
f 2677/2459/1621 2678/2460/1619 2676/2461/1620
f 2679/2462/1619 2676/2461/1620 2678/2460/1619
f 2678/2460/1619 2680/2463/1622 2679/2462/1619
f 2681/2464/1622 2679/2462/1619 2680/2463/1622
f 2684/2465/1623 2682/2466/1624 2683/2467/1625
f 2682/2466/1624 2684/2465/1623 2685/2468/1626
f 2686/2469/1627 2685/2468/1626 2684/2465/1623
f 2684/2465/1623 2687/2470/1628 2686/2469/1627
f 2688/2471/1629 2686/2469/1627 2687/2470/1628
f 2689/2472/1630 2686/2469/1627 2688/2471/1629
f 2688/2471/1629 2690/2473/1631 2689/2472/1630
f 2690/2473/1631 2688/2471/1629 2691/2474/1632
f 2692/2475/1622 2693/2476/1622 2694/2477/1633
f 2693/2476/1622 2692/2475/1622 2695/2478/1605
f 2694/2477/1633 2696/2479/1633 2692/2475/1622
f 2695/2478/1605 2697/2480/1605 2693/2476/1622
f 2698/2481/1622 2699/2482/1622 2700/2483/1633
f 2699/2482/1622 2698/2481/1622 2701/2484/1605
f 2700/2483/1633 2702/2485/1633 2698/2481/1622
f 2701/2484/1605 2703/2486/1605 2699/2482/1622
f 2705/2483/1633 2704/2485/1633 2706/2481/1622
f 2706/2481/1622 2707/2482/1622 2705/2483/1633
f 2707/2482/1622 2706/2481/1622 2708/2484/1605
f 2708/2484/1605 2709/2486/1605 2707/2482/1622
f 2710/2487/1634 2712/2488/1635 2711/2489/1593
f 2710/2487/1634 2713/2490/1635 2712/2488/1635
f 2713/2490/1635 2710/2487/1634 2714/2491/1635
f 2714/2491/1635 2710/2487/1634 2715/2492/1635
f 2716/2493/1636 2715/2492/1635 2710/2487/1634
f 2715/2492/1635 2716/2493/1636 2718/2494/1637
f 2717/2495/1638 2718/2494/1637 2716/2493/1636
f 2718/2494/1637 2717/2495/1638 2719/2496/1639
f 2717/2495/1638 2720/2497/1640 2719/2496/1639
f 2723/2498/1641 2721/2499/1642 2722/2500/1643
f 2721/2499/1642 2723/2498/1641 2724/2501/1641
f 2725/2502/1641 2721/2499/1642 2724/2501/1641
f 2726/2503/1641 2721/2499/1642 2725/2502/1641
f 2721/2499/1642 2726/2503/1641 2727/2504/1644
f 2727/2504/1644 2726/2503/1641 2728/2505/1645
f 2729/2506/1646 2727/2504/1644 2728/2505/1645
f 2730/2507/1647 2729/2506/1646 2728/2505/1645
f 2730/2507/1647 2731/2508/1647 2729/2506/1646
f 2732/2477/1633 2733/2509/1648 2734/2510/1622
f 2735/2476/1622 2732/2477/1633 2734/2510/1622
f 2735/2476/1622 2734/2510/1622 2736/2511/1605
f 2737/2480/1605 2735/2476/1622 2736/2511/1605
f 2738/2512/1649 2740/2513/1650 2739/2514/1651
f 2740/2513/1650 2738/2512/1649 2741/2515/1652
f 2741/2515/1652 2742/2516/1653 2740/2513/1650
f 2742/2516/1653 2741/2515/1652 2743/2517/1654
f 2746/2518/1655 2744/2519/1656 2745/2520/1657
f 2744/2519/1656 2746/2518/1655 2747/2521/1658
f 2748/2522/1659 2747/2521/1658 2746/2518/1655
f 2747/2521/1658 2748/2522/1659 2749/2523/1659
f 2750/2524/1622 2751/2525/1633 2752/2526/1633
f 2750/2524/1622 2752/2526/1633 2753/2527/1622
f 2753/2527/1622 2754/2528/1605 2750/2524/1622
f 2754/2528/1605 2753/2527/1622 2755/2529/1605
f 2756/2530/1622 2757/2531/1633 2758/2532/1633
f 2756/2530/1622 2758/2532/1633 2759/2533/1622
f 2760/2534/1605 2756/2530/1622 2759/2533/1622
f 2760/2534/1605 2759/2533/1622 2761/2535/1605
f 2762/2536/1660 2763/2537/1661 2764/2538/1661
f 2763/2537/1661 2765/2539/1662 2764/2538/1661
f 2764/2538/1661 2766/2540/1663 2762/2536/1660
f 2765/2539/1662 2763/2537/1661 2767/2541/1662
f 2766/2540/1663 2768/2542/1664 2762/2536/1660
f 2767/2541/1662 2769/2543/1665 2765/2539/1662
f 2768/2542/1664 2766/2540/1663 2770/2544/1666
f 2769/2543/1665 2767/2541/1662 2771/2545/1667
f 2769/2543/1665 2771/2545/1667 2772/2546/1668
f 2772/2546/1668 2771/2545/1667 2773/2547/1668
f 2774/2548/1669 2772/2546/1668 2773/2547/1668
f 2772/2546/1668 2774/2548/1669 2775/2549/1669
f 2774/2548/1669 2776/2550/1670 2775/2549/1669
f 2776/2550/1670 2774/2548/1669 2777/2551/1670
f 2778/2552/228 2779/2553/228 2780/2554/228
f 2778/2552/228 2781/2555/228 2779/2553/228
f 2781/2555/228 2778/2552/228 2782/2556/228
f 2782/2556/228 2778/2552/228 2783/2557/228
f 2782/2556/228 2784/2558/228 2781/2555/228
f 2784/2558/228 2782/2556/228 2785/2559/228
f 2786/2560/228 2787/2561/228 2788/2562/228
f 2788/2562/228 2787/2561/228 2789/2563/228
f 2790/2564/228 2787/2561/228 2786/2560/228
f 2787/2561/228 2790/2564/228 2791/2565/228
f 2791/2565/228 2792/2566/228 2787/2561/228
f 2792/2566/228 2791/2565/228 2793/2567/228
f 2794/2568/228 2795/2569/228 2796/2570/228
f 2795/2569/228 2794/2568/228 2797/2571/228
f 2798/2572/228 2794/2568/228 2796/2570/228
f 2798/2572/228 2796/2570/228 2799/2573/228
f 2794/2568/228 2798/2572/228 2800/2574/228
f 2794/2568/228 2800/2574/228 2801/2575/228
f 2802/2576/228 2803/2577/228 2804/2578/228
f 2804/2578/228 2803/2577/228 2805/2579/228
f 2802/2576/228 2804/2578/228 2806/2580/228
f 2802/2576/228 2807/2581/228 2803/2577/228
f 2803/2577/228 2807/2581/228 2808/2582/228
f 2807/2581/228 2802/2576/228 2809/2583/228
f 2810/2584/228 2811/2585/228 2812/2586/228
f 2813/2587/228 2811/2585/228 2810/2584/228
f 2813/2587/228 2814/2588/228 2811/2585/228
f 2814/2588/228 2813/2587/228 2815/2589/228
f 2813/2587/228 2816/2590/228 2815/2589/228
f 2817/2591/1671 2818/2592/1661 2819/2593/1661
f 2818/2592/1661 2820/2594/1665 2819/2593/1661
f 2819/2593/1661 2821/2595/1672 2817/2591/1671
f 2820/2594/1665 2818/2592/1661 2822/2596/1665
f 2821/2595/1672 2823/2597/1673 2817/2591/1671
f 2822/2596/1665 2824/2598/1665 2820/2594/1665
f 2823/2597/1673 2821/2595/1672 2825/2599/1674
f 2824/2598/1665 2822/2596/1665 2826/2600/1665
f 2826/2600/1665 2827/2601/1675 2824/2598/1665
f 2827/2601/1675 2826/2600/1665 2828/2602/1675
f 2828/2602/1675 2829/2603/1676 2827/2601/1675
f 2829/2603/1676 2828/2602/1675 2830/2604/1677
f 2830/2604/1677 2831/2605/1678 2829/2603/1676
f 2831/2605/1678 2830/2604/1677 2832/2606/1678
f 2833/2584/228 2834/2585/228 2835/2586/228
f 2836/2587/228 2834/2585/228 2833/2584/228
f 2834/2585/228 2836/2587/228 2837/2588/228
f 2837/2588/228 2836/2587/228 2838/2590/228
f 2837/2588/228 2838/2590/228 2839/2589/228
f 2840/2577/228 2841/2576/228 2842/2581/228
f 2842/2581/228 2841/2576/228 2843/2583/228
f 2840/2577/228 2842/2581/228 2844/2582/228
f 2841/2576/228 2840/2577/228 2845/2578/228
f 2845/2578/228 2840/2577/228 2846/2579/228
f 2841/2576/228 2845/2578/228 2847/2580/228
f 2849/2607/1679 2850/2608/578 2848/2609/1679
f 2850/2608/578 2849/2607/1679 2851/2610/1680
f 2851/2610/1680 2852/2611/1661 2850/2608/578
f 2852/2611/1661 2851/2610/1680 2853/2612/1661
f 2854/2613/1681 2852/2611/1661 2853/2612/1661
f 2854/2613/1681 2853/2612/1661 2855/2614/1682
f 2854/2613/1681 2855/2614/1682 2856/2615/1683
f 2856/2615/1683 2855/2614/1682 2857/2616/1684
f 2856/2615/1683 2857/2616/1684 2858/2617/1685
f 2857/2616/1684 2859/2618/1686 2858/2617/1685
f 2860/2619/228 2861/2620/228 2862/2621/228
f 2860/2619/228 2863/2622/228 2861/2620/228
f 2863/2622/228 2860/2619/228 2864/2623/228
f 2864/2623/228 2860/2619/228 2865/2624/228
f 2864/2623/228 2866/2625/228 2863/2622/228
f 2866/2625/228 2864/2623/228 2867/2626/228
f 2869/2627/1687 2870/2628/1688 2868/2629/1687
f 2870/2628/1688 2869/2627/1687 2871/2630/1689
f 2871/2630/1689 2872/2538/1690 2870/2628/1688
f 2872/2538/1690 2871/2630/1689 2873/2537/1690
f 2874/2631/1681 2872/2538/1690 2873/2537/1690
f 2875/2632/1681 2874/2631/1681 2873/2537/1690
f 2874/2631/1681 2875/2632/1681 2876/2633/1691
f 2876/2633/1691 2875/2632/1681 2877/2634/1692
f 2876/2633/1691 2877/2634/1692 2878/2635/1656
f 2878/2635/1656 2877/2634/1692 2879/2636/1657
f 2882/2637/1693 2880/2638/1694 2881/2639/1695
f 2882/2637/1693 2881/2639/1695 2883/2640/1693
f 2883/2640/1693 2884/2641/1696 2882/2637/1693
f 2884/2641/1696 2883/2640/1693 2885/2642/1697
f 2888/2643/1693 2887/2644/1694 2886/2645/1698
f 2888/2643/1693 2886/2645/1698 2889/2646/1693
f 2890/2647/1696 2888/2643/1693 2889/2646/1693
f 2890/2647/1696 2889/2646/1693 2891/2648/1697
f 2892/2649/1699 2893/2650/1700 2894/2651/1699
f 2895/2652/1701 2894/2651/1699 2893/2650/1700
f 2894/2651/1699 2895/2652/1701 2896/2653/1702
f 2895/2652/1701 2897/2654/1703 2896/2653/1702
f 2897/2654/1703 2895/2652/1701 2898/2655/1703
f 2898/2655/1703 2895/2652/1701 2899/2656/1704
f 2900/2657/1705 2895/2652/1701 2893/2650/1700
f 2895/2652/1701 2901/2658/1703 2899/2656/1704
f 2901/2658/1703 2895/2652/1701 2902/2659/1706
f 2902/2659/1706 2904/2660/1707 2901/2658/1703
f 2903/2661/1708 2904/2660/1707 2902/2659/1706
f 2905/2662/1709 2906/2663/1710 2907/2664/1711
f 2906/2663/1710 2905/2662/1709 2908/2665/1712
f 2907/2664/1711 2906/2663/1710 2909/2666/1713
f 2905/2662/1709 2892/2649/1699 2908/2665/1712
f 2907/2664/1711 2909/2666/1713 2910/2667/1714
f 2892/2649/1699 2894/2651/1699 2908/2665/1712
f 2909/2666/1713 2911/2668/1715 2910/2667/1714
f 2911/2668/1715 2909/2666/1713 2912/2669/1716
f 2913/2670/1717 2911/2668/1715 2912/2669/1716
f 2912/2669/1716 2914/2671/1717 2913/2670/1717
f 2915/2672/1718 2913/2670/1717 2914/2671/1717
f 2916/2673/1719 2913/2670/1717 2915/2672/1718
f 2917/2674/1720 2916/2673/1719 2915/2672/1718
f 2916/2673/1719 2917/2674/1720 2918/2675/1721
f 2918/2675/1721 2917/2674/1720 2919/2676/1722
f 2917/2674/1720 2920/2677/1723 2919/2676/1722
f 2920/2677/1723 2921/2678/1724 2919/2676/1722
f 2921/2678/1724 2920/2677/1723 2922/2679/1724
f 2922/2679/1724 2923/2680/1725 2921/2678/1724
f 2922/2679/1724 2924/2681/1725 2923/2680/1725
f 2924/2681/1725 2925/2682/1726 2923/2680/1725
f 2924/2681/1725 2926/2683/1727 2925/2682/1726
f 2926/2683/1727 2924/2681/1725 2927/2684/1728
f 2926/2683/1727 2927/2684/1728 2928/2685/1729
f 2929/2686/1730 2926/2683/1727 2928/2685/1729
f 2930/2687/1729 2926/2683/1727 2929/2686/1730
f 2926/2683/1727 2931/2688/1731 2925/2682/1726
f 2926/2683/1727 2930/2687/1729 2932/2689/1730
f 2926/2683/1727 2932/2689/1730 2933/2690/1732
f 2933/2690/1732 2932/2689/1730 2935/2691/1733
f 2935/2691/1733 2934/2692/1734 2933/2690/1732
f 2937/2693/1735 2936/2694/1735 2938/2695/1693
f 2938/2695/1693 2939/2696/1693 2937/2693/1735
f 2938/2695/1693 2940/2697/1736 2939/2696/1693
f 2940/2697/1736 2938/2695/1693 2941/2698/1737
f 2943/2699/1738 2942/2700/1738 2944/2701/1693
f 2944/2701/1693 2945/2702/1693 2943/2699/1738
f 2945/2702/1693 2944/2701/1693 2946/2703/1736
f 2946/2703/1736 2947/2704/1736 2945/2702/1693
f 2948/2696/1739 2949/2695/1693 2950/2698/1737
f 2949/2695/1693 2948/2696/1739 2951/2693/1735
f 2950/2698/1737 2952/2697/1737 2948/2696/1739
f 2951/2693/1735 2953/2694/1735 2949/2695/1693
f 2955/2657/1740 2954/2705/1741 2956/2706/1742
f 2956/2706/1742 2957/2661/1743 2955/2657/1740
f 2958/2707/1744 2957/2661/1743 2956/2706/1742
f 2958/2707/1744 2959/2708/1744 2957/2661/1743
f 2960/2709/1745 2961/2688/1746 2962/2710/1747
f 2961/2688/1746 2963/2692/1748 2962/2710/1747
f 2962/2710/1747 2963/2692/1748 2964/2711/1749
f 2963/2692/1748 2965/2712/1750 2964/2711/1749
f 2966/2701/1693 2967/2703/1736 2968/2713/1693
f 2968/2713/1693 2969/2700/1738 2966/2701/1693
f 2967/2703/1736 2970/2714/1736 2968/2713/1693
f 2969/2700/1738 2968/2713/1693 2971/2715/1738
f 2972/2716/1751 2973/2717/1752 2974/2718/1753
f 2973/2717/1752 2972/2716/1751 2975/2719/1754
f 2974/2718/1753 2973/2717/1752 2976/2720/1755
f 2972/2716/1751 2977/2721/1756 2975/2719/1754
f 2974/2718/1753 2976/2720/1755 2978/2722/1757
f 2977/2721/1756 2979/2723/1756 2975/2719/1754
f 2976/2720/1755 2980/2724/1758 2978/2722/1757
f 2977/2721/1756 2981/2725/1759 2979/2723/1756
f 2980/2724/1758 2976/2720/1755 2982/2726/1760
f 2983/2727/1761 2980/2724/1758 2982/2726/1760
f 2982/2726/1760 2984/2728/1761 2983/2727/1761
f 2985/2729/1762 2983/2727/1761 2984/2728/1761
f 2986/2730/1763 2983/2727/1761 2985/2729/1762
f 2987/2731/1764 2986/2730/1763 2985/2729/1762
f 2986/2730/1763 2987/2731/1764 2988/2732/1765
f 2988/2732/1765 2987/2731/1764 2989/2733/1766
f 2987/2731/1764 2990/2734/1767 2989/2733/1766
f 2990/2734/1767 2991/2735/1768 2989/2733/1766
f 2991/2735/1768 2990/2734/1767 2992/2736/1768
f 2992/2736/1768 2993/2737/1769 2991/2735/1768
f 2992/2736/1768 2994/2738/1770 2993/2737/1769
f 2994/2738/1770 2995/2739/1771 2993/2737/1769
f 2994/2738/1770 2996/2740/1772 2995/2739/1771
f 2995/2739/1771 2996/2740/1772 2997/2741/1773
f 2997/2741/1773 2996/2740/1772 2998/2742/1774
f 2999/2743/1775 2997/2741/1773 2998/2742/1774
f 2997/2741/1773 3000/2744/1776 2995/2739/1771
f 3001/2745/1775 2997/2741/1773 2999/2743/1775
f 3000/2744/1776 2997/2741/1773 3002/2746/1777
f 3001/2745/1775 3002/2746/1777 2997/2741/1773
f 3002/2746/1777 3001/2745/1775 3003/2747/1774
f 3002/2746/1777 3004/2748/1778 3000/2744/1776
f 3002/2746/1777 3003/2747/1774 3005/2749/1779
f 3005/2749/1779 3004/2748/1778 3002/2746/1777
f 3006/2750/1780 3004/2748/1778 3005/2749/1779
f 3004/2748/1778 3006/2750/1780 3007/2751/1780
f 3008/2752/1781 2981/2725/1759 3009/2753/1782
f 2981/2725/1759 3008/2752/1781 2979/2723/1756
f 3009/2753/1782 3010/2754/1783 3008/2752/1781
f 3009/2753/1782 3011/2755/1784 3010/2754/1783
f 3012/2756/1785 3009/2753/1782 2981/2725/1759
f 3011/2755/1784 3009/2753/1782 3013/2757/1784
f 3009/2753/1782 3012/2756/1785 3014/2758/1786
f 3014/2758/1786 3013/2757/1784 3009/2753/1782
f 3013/2757/1784 3014/2758/1786 3015/2759/1783
f 3012/2756/1785 3016/2760/1787 3014/2758/1786
f 3014/2758/1786 3017/2761/1788 3015/2759/1783
f 3016/2760/1787 3017/2761/1788 3014/2758/1786
f 3016/2760/1787 3018/2762/1789 3017/2761/1788
f 3018/2762/1789 3016/2760/1787 3019/2763/1789
f 3022/2764/1693 3021/2765/1738 3020/2766/1738
f 3021/2765/1738 3022/2764/1693 3023/2767/1693
f 3024/2768/1737 3023/2767/1693 3022/2764/1693
f 3023/2767/1693 3024/2768/1737 3025/2769/1737
f 3026/2770/1738 3028/2771/1693 3027/2772/1738
f 3029/2773/1693 3027/2772/1738 3028/2771/1693
f 3028/2771/1693 3030/2774/1737 3029/2773/1693
f 3031/2775/1737 3029/2773/1693 3030/2774/1737
f 3034/2776/1790 3032/2777/1791 3033/2778/1791
f 3034/2776/1790 3035/2779/1790 3032/2777/1791
f 3036/2780/1792 3035/2779/1790 3034/2776/1790
f 3036/2780/1792 3037/2781/1792 3035/2779/1790
f 3038/2782/1793 3037/2781/1792 3036/2780/1792
f 3038/2782/1793 3039/2783/1793 3037/2781/1792
f 3040/2784/1794 3042/2785/1795 3041/2786/1794
f 3042/2785/1795 3040/2784/1794 3043/2787/1795
f 3043/2787/1795 3044/2788/1796 3042/2785/1795
f 3044/2788/1796 3043/2787/1795 3045/2789/1797
f 3044/2788/1796 3045/2789/1797 3046/2790/1793
f 3045/2789/1797 3047/2791/1798 3046/2790/1793
f 3048/2792/1799 3049/2793/1800 3050/2794/1800
f 3048/2792/1799 3050/2794/1800 3051/2795/1801
f 3052/2796/1802 3048/2792/1799 3051/2795/1801
f 3052/2796/1802 3051/2795/1801 3053/2797/1803
f 3054/2798/1800 3055/2799/1801 3056/2800/1800
f 3057/2801/1801 3056/2800/1800 3055/2799/1801
f 3055/2799/1801 3058/2802/1803 3057/2801/1801
f 3059/2803/1802 3057/2801/1801 3058/2802/1803
f 3060/2804/1804 3061/2805/1805 3062/2806/1806
f 3061/2805/1805 3063/2807/1708 3062/2806/1806
f 3063/2807/1708 3065/2808/1807 3064/2809/1707
f 3065/2808/1807 3063/2807/1708 3066/2810/1807
f 3068/2811/1808 3067/2812/1727 3069/2813/1809
f 3069/2813/1809 3070/2814/1734 3068/2811/1808
f 3072/2815/1810 3070/2814/1811 3071/2816/1733
f 3070/2814/1811 3072/2815/1810 3073/2817/1810
f 3074/2818/1812 3076/2819/1812 3078/2820/1800
f 3077/2821/1604 3075/2822/1604 3079/2823/1800
f 3078/2820/1800 3079/2823/1800 3074/2818/1812
f 3079/2823/1800 3078/2820/1800 3077/2821/1604
f 3082/2824/1812 3080/2825/1812 3084/2826/1800
f 3083/2827/1604 3081/2828/1604 3085/2829/1800
f 3084/2826/1800 3085/2829/1800 3082/2824/1812
f 3085/2829/1800 3084/2826/1800 3083/2827/1604
f 3086/2825/1812 3088/2829/1800 3087/2824/1812
f 3088/2829/1800 3086/2825/1812 3089/2826/1800
f 3088/2829/1800 3089/2826/1800 3090/2827/1604
f 3090/2827/1604 3091/2828/1604 3088/2829/1800
f 3094/2830/1813 3093/2831/1814 3092/2832/1815
f 3094/2830/1813 3095/2833/1816 3093/2831/1814
f 3096/2834/1817 3095/2833/1816 3094/2830/1813
f 3095/2833/1816 3096/2834/1817 3097/2835/1817
f 3096/2834/1817 3098/2836/1818 3097/2835/1817
f 3098/2836/1818 3096/2834/1817 3099/2837/1819
f 3099/2837/1819 3100/2838/1820 3098/2836/1818
f 3100/2838/1820 3099/2837/1819 3101/2839/1820
f 3102/2819/1812 3104/2820/1800 3103/2840/1812
f 3104/2820/1800 3105/2841/1800 3103/2840/1812
f 3104/2820/1800 3106/2842/1604 3105/2841/1800
f 3106/2842/1604 3104/2820/1800 3107/2821/1604
f 3110/2843/1821 3109/2844/1822 3108/2845/1822
f 3110/2843/1821 3111/2846/1823 3109/2844/1822
f 3112/2847/1824 3111/2846/1823 3110/2843/1821
f 3111/2846/1823 3112/2847/1824 3113/2848/1825
f 3112/2847/1824 3114/2849/1826 3113/2848/1825
f 3114/2849/1826 3112/2847/1824 3115/2850/1827
f 3115/2850/1827 3116/2851/1828 3114/2849/1826
f 3116/2851/1828 3115/2850/1827 3117/2852/1829
f 3120/2853/1800 3119/2854/1812 3118/2855/1812
f 3119/2854/1812 3120/2853/1800 3121/2856/1800
f 3122/2857/1604 3121/2856/1800 3120/2853/1800
f 3121/2856/1800 3122/2857/1604 3123/2858/1604
f 3124/2859/1812 3126/2860/1800 3125/2861/1812
f 3127/2862/1800 3125/2861/1812 3126/2860/1800
f 3126/2860/1800 3128/2863/1604 3127/2862/1800
f 3129/2864/1604 3127/2862/1800 3128/2863/1604
f 3132/2865/1830 3131/2866/1831 3130/2867/1617
f 3131/2866/1831 3132/2865/1830 3133/2868/1832
f 3132/2865/1830 3134/2869/1833 3133/2868/1832
f 3134/2869/1833 3135/2870/1834 3133/2868/1832
f 3136/2871/1835 3135/2870/1834 3134/2869/1833
f 3135/2870/1834 3136/2871/1835 3137/2872/1835
f 3138/2873/1836 3137/2872/1835 3136/2871/1835
f 3137/2872/1835 3138/2873/1836 3139/2874/1835
f 3140/2875/1837 3139/2874/1835 3138/2873/1836
f 3139/2874/1835 3140/2875/1837 3141/2876/1837
f 3142/2877/1838 3141/2876/1837 3140/2875/1837
f 3141/2876/1837 3142/2877/1838 3143/2878/1838
f 3144/2879/1794 3143/2878/1838 3142/2877/1838
f 3143/2878/1838 3144/2879/1794 3145/2880/1794
f 3146/2881/238 3147/2882/238 3148/2883/238
f 3147/2882/238 3146/2881/238 3149/2884/238
f 3149/2884/238 3146/2881/238 3150/2885/238
f 3149/2884/238 3151/2886/238 3147/2882/238
f 3147/2882/238 3151/2886/238 3152/2887/238
f 3151/2886/238 3149/2884/238 3153/2888/238
f 3154/2889/238 3155/2890/238 3156/2891/238
f 3157/2892/238 3155/2890/238 3154/2889/238
f 3157/2892/238 3158/2893/238 3155/2890/238
f 3158/2893/238 3157/2892/238 3159/2894/238
f 3160/2895/238 3155/2890/238 3158/2893/238
f 3155/2890/238 3160/2895/238 3161/2896/238
f 3162/2897/238 3163/2898/238 3164/2899/238
f 3164/2899/238 3163/2898/238 3165/2900/238
f 3163/2898/238 3162/2897/238 3166/2901/238
f 3163/2898/238 3166/2901/238 3167/2902/238
f 3163/2898/238 3168/2903/238 3165/2900/238
f 3168/2903/238 3163/2898/238 3169/2904/238
f 3170/2905/238 3171/2906/238 3172/2907/238
f 3170/2905/238 3173/2908/238 3171/2906/238
f 3170/2905/238 3174/2909/238 3173/2908/238
f 3173/2908/238 3174/2909/238 3175/2910/238
f 3174/2909/238 3170/2905/238 3176/2911/238
f 3176/2911/238 3170/2905/238 3177/2912/238
f 3178/2913/238 3179/2914/238 3180/2915/238
f 3181/2916/238 3179/2914/238 3178/2913/238
f 3179/2914/238 3181/2916/238 3182/2917/238
f 3183/2918/238 3181/2916/238 3178/2913/238
f 3181/2916/238 3183/2918/238 3184/2919/238
f 3183/2918/238 3178/2913/238 3185/2920/238
f 3186/2921/238 3187/2922/238 3188/2923/238
f 3189/2924/238 3187/2922/238 3186/2921/238
f 3189/2924/238 3190/2925/238 3187/2922/238
f 3190/2925/238 3189/2924/238 3191/2926/238
f 3190/2925/238 3191/2926/238 3192/2927/238
f 3195/2928/187 3193/2929/1839 3194/2930/1840
f 3193/2929/1839 3195/2928/187 3196/2931/1841
f 3195/2928/187 3197/2932/1833 3196/2931/1841
f 3196/2931/1841 3197/2932/1833 3198/2933/1842
f 3199/2934/1836 3198/2933/1842 3197/2932/1833
f 3198/2933/1842 3199/2934/1836 3200/2935/1843
f 3201/2936/1836 3200/2935/1843 3199/2934/1836
f 3200/2935/1843 3201/2936/1836 3202/2937/1836
f 3203/2938/1844 3202/2937/1836 3201/2936/1836
f 3202/2937/1836 3203/2938/1844 3204/2939/1845
f 3205/2940/1846 3204/2939/1845 3203/2938/1844
f 3204/2939/1845 3205/2940/1846 3206/2941/1847
f 3207/2942/1848 3206/2941/1847 3205/2940/1846
f 3206/2941/1847 3207/2942/1848 3208/2943/1848
f 3209/2925/238 3210/2926/238 3211/2927/238
f 3210/2926/238 3209/2925/238 3212/2924/238
f 3213/2922/238 3212/2924/238 3209/2925/238
f 3212/2924/238 3213/2922/238 3214/2923/238
f 3212/2924/238 3214/2923/238 3215/2921/238
f 3216/2944/1849 3217/2945/1833 3218/2946/1833
f 3219/2947/1850 3218/2946/1833 3217/2945/1833
f 3217/2945/1833 3216/2944/1849 3220/2948/1851
f 3218/2946/1833 3219/2947/1850 3221/2949/1852
f 3222/2950/1853 3220/2948/1851 3216/2944/1849
f 3223/2951/1854 3221/2949/1852 3219/2947/1850
f 3222/2950/1853 3224/2952/1853 3220/2948/1851
f 3221/2949/1852 3223/2951/1854 3225/2953/1855
f 3225/2953/1855 3223/2951/1854 3226/2954/1741
f 3226/2954/1741 3227/2955/1856 3225/2953/1855
f 3228/2913/238 3229/2916/238 3230/2914/238
f 3230/2914/238 3229/2916/238 3231/2917/238
f 3228/2913/238 3230/2914/238 3232/2915/238
f 3228/2913/238 3233/2918/238 3229/2916/238
f 3229/2916/238 3233/2918/238 3234/2919/238
f 3233/2918/238 3228/2913/238 3235/2920/238
f 3236/2869/1857 3237/2956/1858 3238/2957/1859
f 3239/2958/1822 3238/2957/1859 3237/2956/1858
f 3237/2956/1858 3236/2869/1857 3240/2870/1857
f 3238/2957/1859 3239/2958/1822 3241/2959/1860
f 3240/2870/1857 3236/2869/1857 3242/2960/1850
f 3242/2960/1850 3243/2961/1850 3240/2870/1857
f 3243/2961/1850 3242/2960/1850 3244/2962/1861
f 3243/2961/1850 3244/2962/1861 3245/2963/1862
f 3245/2963/1862 3244/2962/1861 3246/2964/1863
f 3246/2964/1863 3247/2965/1651 3245/2963/1862
usemtl Meshpart5Mtl
f 3248/2966/1572 3249/2967/1572 3250/2968/1572
f 3249/2967/1572 3248/2966/1572 3251/2969/1572
f 3252/2970/1572 3253/2971/1572 3254/2972/1572
f 3253/2971/1572 3252/2970/1572 3255/2973/1572
f 3256/2974/1572 3257/2975/1572 3258/2976/1572
f 3257/2975/1572 3259/2977/1572 3258/2976/1572
f 3260/2978/1572 3261/2979/1572 3262/2980/1572
f 3261/2979/1572 3260/2978/1572 3263/2981/1572
f 3264/2982/1572 3265/2983/1572 3266/2984/1572
f 3265/2983/1572 3267/2985/1572 3266/2984/1572
f 3270/2986/1572 3269/2987/1605 3268/2988/1605
f 3269/2987/1605 3270/2986/1572 3271/2989/1572
f 3272/2990/1604 3271/2989/1572 3270/2986/1572
f 3271/2989/1572 3272/2990/1604 3273/2991/1604
f 3276/2992/1572 3275/2993/1571 3274/2994/1571
f 3275/2993/1571 3276/2992/1572 3277/2995/1572
f 3278/2996/1575 3277/2995/1572 3276/2992/1572
f 3277/2995/1572 3278/2996/1575 3279/2997/1575
f 3280/2998/1622 3281/2999/1622 3282/3000/1622
f 3283/3001/1622 3282/3000/1622 3281/2999/1622
f 3284/3002/1622 3285/3003/1622 3286/3004/1622
f 3287/3005/1622 3286/3004/1622 3285/3003/1622
f 3288/3006/1622 3289/3007/1622 3290/3008/1622
f 3288/3006/1622 3290/3008/1622 3291/3009/1622
f 3292/3010/1633 3293/3011/1622 3294/3012/1864
f 3295/3013/1605 3294/3012/1864 3293/3011/1622
f 3293/3011/1622 3292/3010/1633 3296/3014/1633
f 3294/3012/1864 3295/3013/1605 3297/3015/1605
f 3298/3016/1633 3299/3017/1622 3300/3018/1622
f 3301/3019/1605 3300/3018/1622 3299/3017/1622
f 3299/3017/1622 3298/3016/1633 3302/3020/1633
f 3300/3018/1622 3301/3019/1605 3303/3021/1605
f 3304/3005/1622 3305/3004/1622 3306/3002/1622
f 3304/3005/1622 3306/3002/1622 3307/3003/1622
f 3308/3001/1622 3309/3000/1622 3310/2998/1622
f 3308/3001/1622 3310/2998/1622 3311/2999/1622
f 3312/3022/228 3313/3023/228 3314/3024/228
f 3315/3025/228 3314/3024/228 3313/3023/228
f 3316/3026/228 3317/3027/228 3318/3028/228
f 3319/3029/228 3318/3028/228 3317/3027/228
f 3320/3030/228 3321/3031/228 3322/3032/228
f 3323/3033/228 3322/3032/228 3321/3031/228
f 3324/3034/228 3325/3035/228 3326/3036/228
f 3324/3034/228 3326/3036/228 3327/3037/228
f 3328/3038/228 3329/3039/228 3330/3040/228
f 3328/3038/228 3330/3040/228 3331/3041/228
f 3332/3042/228 3333/3043/228 3334/3044/228
f 3333/3043/228 3332/3042/228 3335/3045/228
f 3335/3045/228 3332/3042/228 3336/3046/228
f 3337/3047/228 3333/3043/228 3335/3045/228
f 3333/3043/228 3337/3047/228 3338/3048/228
f 3337/3047/228 3335/3045/228 3339/3049/228
f 3340/3050/228 3341/3051/228 3342/3052/228
f 3342/3052/228 3341/3051/228 3343/3053/228
f 3340/3050/228 3342/3052/228 3344/3054/228
f 3341/3051/228 3340/3050/228 3345/3055/228
f 3345/3055/228 3340/3050/228 3346/3056/228
f 3341/3051/228 3345/3055/228 3347/3057/228
f 3350/3058/1693 3349/3059/1633 3348/3060/1633
f 3349/3059/1633 3350/3058/1693 3351/3061/1693
f 3352/3062/1812 3351/3061/1693 3350/3058/1693
f 3351/3061/1693 3352/3062/1812 3353/3063/1812
f 3356/3064/1693 3355/3065/1738 3354/3066/1735
f 3355/3065/1738 3356/3064/1693 3357/3067/1693
f 3358/3068/1736 3357/3067/1693 3356/3064/1693
f 3357/3067/1693 3358/3068/1736 3359/3069/1736
f 3360/3070/1693 3361/3071/1693 3362/3072/1693
f 3360/3070/1693 3362/3072/1693 3363/3073/1693
f 3364/3074/1693 3365/3075/1693 3366/3076/1693
f 3364/3074/1693 3366/3076/1693 3367/3077/1693
f 3368/3078/1693 3369/3079/1693 3370/3080/1693
f 3369/3079/1693 3368/3078/1693 3371/3081/1693
f 3372/3082/1693 3373/3083/1693 3374/3084/1693
f 3372/3082/1693 3374/3084/1693 3375/3085/1693
f 3376/3086/1693 3377/3087/1693 3378/3088/1693
f 3377/3087/1693 3376/3086/1693 3379/3089/1693
f 3380/3090/1800 3381/3091/1800 3382/3092/1800
f 3380/3090/1800 3382/3092/1800 3383/3093/1800
f 3384/3094/1800 3385/3095/1800 3386/3096/1800
f 3384/3094/1800 3386/3096/1800 3387/3097/1800
f 3392/3098/1800 3390/3099/1812 3388/3100/1812
f 3393/3101/1800 3391/3102/1604 3389/3103/1865
f 3390/3099/1812 3392/3098/1800 3393/3101/1800
f 3391/3102/1604 3393/3101/1800 3392/3098/1800
f 3398/3104/1800 3396/3105/1812 3394/3106/1812
f 3399/3107/1800 3397/3108/1604 3395/3109/1604
f 3396/3105/1812 3398/3104/1800 3399/3107/1800
f 3397/3108/1604 3399/3107/1800 3398/3104/1800
f 3400/3110/1800 3401/3111/1800 3402/3112/1800
f 3401/3111/1800 3400/3110/1800 3403/3113/1800
f 3404/3096/1800 3405/3097/1800 3406/3095/1800
f 3407/3094/1800 3406/3095/1800 3405/3097/1800
f 3408/3092/1800 3409/3093/1800 3410/3091/1800
f 3411/3090/1800 3410/3091/1800 3409/3093/1800
f 3412/3114/238 3413/3115/238 3414/3116/238
f 3414/3116/238 3413/3115/238 3415/3117/238
f 3412/3114/238 3414/3116/238 3416/3118/238
f 3412/3114/238 3417/3119/238 3413/3115/238
f 3413/3115/238 3417/3119/238 3418/3120/238
f 3417/3119/238 3412/3114/238 3419/3121/238
f 3420/3122/238 3421/3123/238 3422/3124/238
f 3420/3122/238 3423/3125/238 3421/3123/238
f 3421/3123/238 3423/3125/238 3424/3126/238
f 3423/3125/238 3420/3122/238 3425/3127/238
f 3425/3127/238 3420/3122/238 3426/3128/238
f 3423/3125/238 3425/3127/238 3427/3129/238
f 3428/3130/238 3429/3131/238 3430/3132/238
f 3429/3131/238 3428/3130/238 3431/3133/238
f 3432/3134/238 3433/3135/238 3434/3136/238
f 3433/3135/238 3432/3134/238 3435/3137/238
f 3436/3138/238 3437/3139/238 3438/3140/238
f 3437/3139/238 3436/3138/238 3439/3141/238
f 3440/3142/238 3441/3143/238 3442/3144/238
f 3440/3142/238 3442/3144/238 3443/3145/238
f 3444/3146/238 3445/3147/238 3446/3148/238
f 3445/3147/238 3444/3146/238 3447/3149/238
