# Blender 5.1.2
# www.blender.org
mtllib flashkey 3.mtl
o Cylinder.001
v -0.045699 -0.036583 0.171927
v -0.045699 0.517833 0.171927
v -0.136850 -0.036583 0.088403
v -0.136850 0.517833 0.088403
v -0.142243 -0.036583 -0.035111
v -0.142243 0.517833 -0.035111
v -0.058718 -0.036583 -0.126262
v -0.058718 0.517833 -0.126262
v 0.064796 -0.036583 -0.131655
v 0.064796 0.517833 -0.131655
v 0.155947 -0.036583 -0.048130
v 0.155947 0.517833 -0.048130
v 0.161339 -0.036583 0.075384
v 0.161339 0.517833 0.075384
v 0.077815 -0.036583 0.166535
v 0.077815 0.517833 0.166535
v -0.138605 0.162764 0.048210
v -0.138605 0.019426 0.048210
v -0.142243 0.019426 -0.035111
v -0.142243 0.162764 -0.035111
v -0.058718 0.019426 -0.126262
v -0.058718 0.162764 -0.126262
v 0.022358 0.019426 -0.129802
v 0.022358 0.162764 -0.129802
v 0.157701 0.162764 -0.007938
v 0.157701 0.019426 -0.007938
v 0.161339 0.162764 0.075384
v 0.161339 0.019426 0.075384
v 0.077815 0.019426 0.166535
v 0.077815 0.162764 0.166535
v -0.003261 0.019426 0.170075
v -0.003261 0.162764 0.170075
v -0.138605 0.463805 0.048210
v -0.142243 0.320467 -0.035111
v -0.142243 0.463805 -0.035111
v -0.138605 0.320467 0.048210
v -0.058718 0.320467 -0.126262
v -0.058718 0.463805 -0.126262
v 0.022358 0.463805 -0.129802
v 0.022358 0.320467 -0.129802
v 0.157701 0.463805 -0.007938
v 0.161339 0.320467 0.075384
v 0.161339 0.463805 0.075384
v 0.157701 0.320467 -0.007938
v 0.077815 0.320467 0.166535
v 0.077815 0.463805 0.166535
v -0.003261 0.463805 0.170075
v -0.003261 0.320467 0.170075
v -0.045725 -0.140731 0.171998
v -0.045725 -0.034582 0.171998
v -0.136918 -0.140731 0.088435
v -0.136918 -0.034582 0.088435
v -0.142313 -0.140731 -0.035137
v -0.142313 -0.034582 -0.035137
v -0.058750 -0.140731 -0.126330
v -0.058750 -0.034582 -0.126330
v 0.064821 -0.140731 -0.131725
v 0.064821 -0.034582 -0.131725
v 0.156014 -0.140731 -0.048162
v 0.156014 -0.034582 -0.048162
v 0.161410 -0.140731 0.075409
v 0.161410 -0.034582 0.075409
v 0.077846 -0.140731 0.166603
v 0.077846 -0.034582 0.166603
v -0.054690 -0.118451 0.196628
v -0.160673 -0.118451 0.099512
v -0.160673 -0.056863 0.099512
v -0.054690 -0.056863 0.196628
v -0.166944 -0.118451 -0.044101
v -0.166944 -0.056863 -0.044101
v -0.069827 -0.118451 -0.150085
v -0.069827 -0.056863 -0.150085
v 0.073786 -0.118451 -0.156356
v 0.073786 -0.056863 -0.156356
v 0.179770 -0.118451 -0.059239
v 0.179770 -0.056863 -0.059239
v 0.186040 -0.118451 0.084374
v 0.186040 -0.056863 0.084374
v 0.088924 -0.118451 0.190358
v 0.088924 -0.056863 0.190358
v -0.045725 0.497387 0.171998
v -0.045725 0.603536 0.171998
v -0.136918 0.497387 0.088435
v -0.136918 0.603536 0.088435
v -0.142313 0.497387 -0.035137
v -0.142313 0.603536 -0.035137
v -0.058750 0.497387 -0.126330
v -0.058750 0.603536 -0.126330
v 0.064821 0.497387 -0.131725
v 0.064821 0.603536 -0.131725
v 0.156014 0.497387 -0.048162
v 0.156014 0.603536 -0.048162
v 0.161410 0.497387 0.075409
v 0.161410 0.603536 0.075409
v 0.077846 0.497387 0.166603
v 0.077846 0.603536 0.166603
v -0.054690 0.519668 0.196628
v -0.160673 0.519668 0.099512
v -0.160673 0.581256 0.099512
v -0.054690 0.581256 0.196628
v -0.166944 0.519668 -0.044101
v -0.166944 0.581256 -0.044101
v -0.069827 0.519668 -0.150085
v -0.069827 0.581256 -0.150085
v 0.073786 0.519668 -0.156356
v 0.073786 0.581256 -0.156356
v 0.179770 0.519668 -0.059239
v 0.179770 0.581256 -0.059239
v 0.186040 0.519668 0.084374
v 0.186040 0.581256 0.084374
v 0.088924 0.519668 0.190358
v 0.088924 0.581256 0.190358
v -0.131122 0.265677 -0.047679
v -0.127953 0.255639 -0.083304
v -0.144950 0.260839 -0.071406
v -0.131122 0.215182 -0.047679
v -0.127953 0.255449 -0.083304
v -0.144950 0.220020 -0.071406
v -0.106904 0.219453 -0.109879
v -0.127950 0.255259 -0.083307
v -0.101861 0.189934 -0.080177
v -0.127946 0.255069 -0.083312
v -0.121297 0.199611 -0.097677
v -0.127941 0.254879 -0.083318
v -0.131928 0.219453 -0.082087
v -0.072599 0.215182 -0.112675
v -0.097643 0.220020 -0.123947
v -0.127933 0.254689 -0.083326
v -0.072599 0.265677 -0.112675
v -0.097643 0.260839 -0.123947
v -0.127925 0.254499 -0.083336
v -0.101861 0.290925 -0.080177
v -0.121297 0.281248 -0.097677
v -0.127914 0.254309 -0.083347
v -0.133808 0.219453 -0.083781
v -0.127902 0.254120 -0.083360
v -0.108785 0.219453 -0.111573
v -0.127889 0.253931 -0.083375
v -0.127874 0.253742 -0.083392
v -0.127857 0.253554 -0.083411
v -0.127839 0.253365 -0.083431
v -0.127819 0.253177 -0.083453
v -0.127797 0.252990 -0.083477
v -0.127774 0.252803 -0.083503
v -0.127749 0.252616 -0.083530
v -0.127723 0.252430 -0.083559
v -0.127695 0.252245 -0.083590
v -0.127666 0.252060 -0.083623
v -0.127635 0.251875 -0.083657
v -0.127603 0.251691 -0.083693
v -0.127569 0.251508 -0.083731
v -0.127533 0.251325 -0.083770
v -0.127496 0.251143 -0.083811
v -0.127458 0.250962 -0.083854
v -0.127418 0.250781 -0.083899
v -0.127376 0.250602 -0.083945
v -0.127333 0.250423 -0.083993
v -0.127288 0.250245 -0.084042
v -0.127242 0.250067 -0.084093
v -0.127195 0.249891 -0.084146
v -0.127146 0.249715 -0.084201
v -0.127095 0.249541 -0.084257
v -0.127043 0.249367 -0.084315
v -0.126990 0.249195 -0.084374
v -0.126935 0.249023 -0.084435
v -0.126878 0.248853 -0.084498
v -0.126821 0.248683 -0.084562
v -0.126761 0.248515 -0.084628
v -0.126701 0.248347 -0.084695
v -0.126639 0.248181 -0.084764
v -0.126575 0.248016 -0.084834
v -0.126511 0.247853 -0.084906
v -0.126444 0.247690 -0.084980
v -0.126377 0.247529 -0.085055
v -0.126308 0.247369 -0.085131
v -0.126238 0.247210 -0.085209
v -0.126166 0.247053 -0.085289
v -0.126093 0.246897 -0.085369
v -0.126019 0.246743 -0.085452
v -0.125944 0.246589 -0.085536
v -0.125867 0.246438 -0.085621
v -0.125789 0.246287 -0.085707
v -0.125710 0.246139 -0.085795
v -0.125629 0.245991 -0.085885
v -0.125548 0.245845 -0.085976
v -0.125465 0.245701 -0.086068
v -0.125380 0.245559 -0.086161
v -0.125295 0.245417 -0.086256
v -0.125209 0.245278 -0.086352
v -0.125121 0.245140 -0.086450
v -0.125032 0.245004 -0.086548
v -0.124942 0.244870 -0.086648
v -0.124851 0.244737 -0.086749
v -0.124759 0.244606 -0.086852
v -0.124665 0.244476 -0.086955
v -0.124571 0.244349 -0.087060
v -0.124475 0.244223 -0.087166
v -0.124379 0.244099 -0.087274
v -0.124281 0.243977 -0.087382
v -0.124183 0.243857 -0.087491
v -0.124083 0.243738 -0.087602
v -0.123983 0.243622 -0.087714
v -0.123881 0.243507 -0.087826
v -0.123779 0.243394 -0.087940
v -0.123675 0.243283 -0.088055
v -0.123571 0.243174 -0.088171
v -0.123466 0.243067 -0.088288
v -0.123359 0.242963 -0.088406
v -0.123252 0.242860 -0.088525
v -0.123145 0.242759 -0.088644
v -0.123036 0.242660 -0.088765
v -0.122926 0.242563 -0.088887
v -0.122816 0.242468 -0.089009
v -0.122705 0.242376 -0.089133
v -0.122593 0.242285 -0.089257
v -0.122480 0.242197 -0.089382
v -0.122367 0.242110 -0.089508
v -0.122253 0.242026 -0.089635
v -0.122138 0.241944 -0.089762
v -0.122022 0.241864 -0.089891
v -0.121906 0.241786 -0.090020
v -0.121789 0.241711 -0.090149
v -0.121672 0.241637 -0.090280
v -0.121554 0.241566 -0.090411
v -0.121435 0.241497 -0.090543
v -0.121316 0.241431 -0.090675
v -0.121196 0.241366 -0.090808
v -0.121076 0.241304 -0.090942
v -0.120955 0.241244 -0.091076
v -0.120834 0.241187 -0.091210
v -0.120712 0.241131 -0.091346
v -0.120590 0.241078 -0.091481
v -0.120467 0.241027 -0.091618
v -0.120344 0.240979 -0.091754
v -0.120221 0.240933 -0.091891
v -0.120097 0.240889 -0.092029
v -0.119973 0.240847 -0.092167
v -0.119848 0.240808 -0.092305
v -0.119723 0.240772 -0.092444
v -0.119598 0.240737 -0.092583
v -0.119473 0.240705 -0.092722
v -0.119347 0.240675 -0.092862
v -0.119221 0.240648 -0.093002
v -0.119095 0.240623 -0.093142
v -0.118969 0.240600 -0.093282
v -0.118842 0.240580 -0.093423
v -0.118715 0.240562 -0.093563
v -0.118589 0.240546 -0.093704
v -0.118462 0.240533 -0.093845
v -0.118335 0.240523 -0.093986
v -0.118207 0.240514 -0.094128
v -0.118080 0.240508 -0.094269
v -0.117953 0.240505 -0.094410
v -0.117826 0.240503 -0.094552
v -0.117698 0.240505 -0.094693
v -0.117571 0.240508 -0.094834
v -0.117444 0.240514 -0.094976
v -0.117317 0.240523 -0.095117
v -0.117190 0.240533 -0.095258
v -0.117063 0.240546 -0.095399
v -0.116936 0.240562 -0.095540
v -0.116809 0.240580 -0.095680
v -0.116683 0.240600 -0.095821
v -0.116556 0.240623 -0.095961
v -0.116430 0.240648 -0.096101
v -0.116304 0.240675 -0.096241
v -0.116179 0.240705 -0.096381
v -0.116053 0.240737 -0.096520
v -0.115928 0.240772 -0.096659
v -0.115803 0.240808 -0.096798
v -0.115679 0.240847 -0.096936
v -0.115554 0.240889 -0.097074
v -0.115431 0.240933 -0.097212
v -0.115307 0.240979 -0.097349
v -0.115184 0.241027 -0.097486
v -0.115061 0.241078 -0.097622
v -0.114939 0.241131 -0.097757
v -0.114817 0.241187 -0.097893
v -0.114696 0.241244 -0.098027
v -0.114575 0.241304 -0.098162
v -0.114455 0.241366 -0.098295
v -0.114335 0.241431 -0.098428
v -0.114216 0.241497 -0.098561
v -0.114097 0.241566 -0.098692
v -0.113979 0.241637 -0.098823
v -0.113862 0.241711 -0.098954
v -0.113745 0.241786 -0.099083
v -0.113629 0.241864 -0.099212
v -0.113514 0.241944 -0.099341
v -0.113399 0.242026 -0.099468
v -0.113285 0.242110 -0.099595
v -0.113171 0.242197 -0.099721
v -0.113059 0.242285 -0.099846
v -0.112947 0.242376 -0.099970
v -0.112836 0.242468 -0.100094
v -0.112725 0.242563 -0.100216
v -0.112616 0.242660 -0.100338
v -0.112507 0.242759 -0.100459
v -0.112399 0.242860 -0.100579
v -0.112292 0.242963 -0.100697
v -0.112186 0.243067 -0.100815
v -0.112081 0.243174 -0.100932
v -0.111976 0.243283 -0.101048
v -0.111873 0.243394 -0.101163
v -0.111770 0.243507 -0.101277
v -0.111669 0.243622 -0.101390
v -0.111568 0.243738 -0.101501
v -0.111469 0.243857 -0.101612
v -0.111370 0.243977 -0.101721
v -0.111273 0.244099 -0.101830
v -0.111176 0.244223 -0.101937
v -0.111081 0.244349 -0.102043
v -0.110986 0.244476 -0.102148
v -0.110893 0.244606 -0.102251
v -0.110801 0.244737 -0.102354
v -0.110709 0.244870 -0.102455
v -0.110619 0.245004 -0.102555
v -0.110531 0.245140 -0.102654
v -0.110443 0.245278 -0.102751
v -0.110356 0.245417 -0.102847
v -0.110271 0.245559 -0.102942
v -0.110187 0.245701 -0.103035
v -0.110104 0.245845 -0.103128
v -0.110022 0.245991 -0.103218
v -0.109942 0.246139 -0.103308
v -0.109862 0.246287 -0.103396
v -0.109784 0.246438 -0.103482
v -0.109708 0.246589 -0.103568
v -0.109632 0.246743 -0.103651
v -0.109558 0.246897 -0.103734
v -0.109485 0.247053 -0.103815
v -0.109414 0.247210 -0.103894
v -0.109343 0.247369 -0.103972
v -0.109275 0.247529 -0.104049
v -0.109207 0.247690 -0.104124
v -0.109141 0.247853 -0.104197
v -0.109076 0.248016 -0.104269
v -0.109013 0.248181 -0.104339
v -0.108951 0.248347 -0.104408
v -0.108890 0.248515 -0.104476
v -0.108831 0.248683 -0.104541
v -0.108773 0.248853 -0.104606
v -0.108717 0.249023 -0.104668
v -0.108662 0.249195 -0.104729
v -0.108608 0.249367 -0.104788
v -0.108556 0.249541 -0.104846
v -0.108506 0.249715 -0.104902
v -0.108457 0.249891 -0.104957
v -0.108409 0.250067 -0.105010
v -0.108363 0.250245 -0.105061
v -0.108318 0.250423 -0.105110
v -0.108275 0.250602 -0.105158
v -0.108234 0.250781 -0.105205
v -0.108194 0.250962 -0.105249
v -0.108155 0.251143 -0.105292
v -0.108118 0.251325 -0.105333
v -0.108083 0.251508 -0.105372
v -0.108049 0.251691 -0.105410
v -0.108016 0.251875 -0.105446
v -0.107985 0.252060 -0.105481
v -0.107956 0.252245 -0.105513
v -0.107928 0.252430 -0.105544
v -0.107902 0.252616 -0.105573
v -0.107877 0.252803 -0.105600
v -0.107854 0.252990 -0.105626
v -0.107833 0.253177 -0.105650
v -0.107813 0.253365 -0.105672
v -0.107795 0.253554 -0.105692
v -0.107778 0.253742 -0.105711
v -0.107763 0.253931 -0.105728
v -0.107749 0.254120 -0.105743
v -0.107737 0.254309 -0.105756
v -0.107727 0.254499 -0.105768
v -0.107718 0.254689 -0.105777
v -0.107711 0.254879 -0.105785
v -0.107705 0.255069 -0.105792
v -0.107701 0.255259 -0.105796
v -0.107699 0.255449 -0.105799
v -0.107698 0.255639 -0.105800
v -0.107699 0.255829 -0.105799
v -0.107701 0.256019 -0.105796
v -0.107705 0.256210 -0.105792
v -0.107711 0.256400 -0.105785
v -0.107718 0.256590 -0.105777
v -0.107727 0.256779 -0.105768
v -0.107737 0.256969 -0.105756
v -0.107749 0.257158 -0.105743
v -0.107763 0.257347 -0.105728
v -0.107778 0.257536 -0.105711
v -0.107795 0.257725 -0.105692
v -0.107813 0.257913 -0.105672
v -0.107833 0.258101 -0.105650
v -0.107854 0.258288 -0.105626
v -0.107877 0.258475 -0.105600
v -0.107902 0.258662 -0.105573
v -0.107928 0.258848 -0.105544
v -0.107956 0.259034 -0.105513
v -0.107985 0.259219 -0.105481
v -0.108016 0.259403 -0.105446
v -0.108049 0.259587 -0.105410
v -0.108083 0.259770 -0.105372
v -0.108118 0.259953 -0.105333
v -0.108155 0.260135 -0.105292
v -0.108194 0.260316 -0.105249
v -0.108234 0.260497 -0.105205
v -0.108275 0.260677 -0.105158
v -0.108318 0.260856 -0.105110
v -0.108363 0.261034 -0.105061
v -0.108409 0.261211 -0.105010
v -0.108457 0.261387 -0.104957
v -0.108506 0.261563 -0.104902
v -0.108556 0.261737 -0.104846
v -0.108608 0.261911 -0.104788
v -0.108662 0.262084 -0.104729
v -0.108717 0.262255 -0.104668
v -0.108773 0.262426 -0.104606
v -0.108831 0.262595 -0.104541
v -0.108890 0.262764 -0.104476
v -0.108951 0.262931 -0.104408
v -0.109013 0.263097 -0.104339
v -0.109076 0.263262 -0.104269
v -0.109141 0.263425 -0.104197
v -0.109207 0.263588 -0.104124
v -0.109275 0.263749 -0.104049
v -0.109343 0.263909 -0.103972
v -0.109414 0.264068 -0.103894
v -0.109485 0.264225 -0.103815
v -0.109558 0.264381 -0.103734
v -0.109632 0.264536 -0.103651
v -0.109708 0.264689 -0.103568
v -0.109784 0.264841 -0.103482
v -0.109862 0.264991 -0.103396
v -0.109942 0.265140 -0.103308
v -0.110022 0.265287 -0.103218
v -0.110104 0.265433 -0.103128
v -0.110187 0.265577 -0.103035
v -0.110271 0.265720 -0.102942
v -0.110356 0.265861 -0.102847
v -0.110443 0.266000 -0.102751
v -0.110531 0.266138 -0.102654
v -0.110619 0.266274 -0.102555
v -0.110709 0.266409 -0.102455
v -0.110801 0.266541 -0.102354
v -0.110893 0.266673 -0.102251
v -0.110986 0.266802 -0.102148
v -0.111081 0.266929 -0.102043
v -0.111176 0.267055 -0.101937
v -0.111273 0.267179 -0.101830
v -0.111370 0.267301 -0.101721
v -0.111469 0.267422 -0.101612
v -0.111568 0.267540 -0.101501
v -0.111669 0.267657 -0.101390
v -0.111770 0.267771 -0.101277
v -0.111873 0.267884 -0.101163
v -0.111976 0.267995 -0.101048
v -0.112081 0.268104 -0.100932
v -0.112186 0.268211 -0.100815
v -0.112292 0.268316 -0.100697
v -0.112399 0.268419 -0.100579
v -0.112507 0.268519 -0.100459
v -0.112616 0.268618 -0.100338
v -0.112725 0.268715 -0.100216
v -0.112836 0.268810 -0.100094
v -0.112947 0.268903 -0.099970
v -0.113059 0.268993 -0.099846
v -0.113171 0.269082 -0.099721
v -0.113285 0.269168 -0.099595
v -0.113399 0.269252 -0.099468
v -0.113514 0.269334 -0.099341
v -0.113629 0.269414 -0.099212
v -0.113745 0.269492 -0.099083
v -0.113862 0.269567 -0.098954
v -0.113979 0.269641 -0.098823
v -0.114097 0.269712 -0.098692
v -0.114216 0.269781 -0.098561
v -0.114335 0.269847 -0.098428
v -0.114455 0.269912 -0.098295
v -0.114575 0.269974 -0.098162
v -0.114696 0.270034 -0.098027
v -0.114817 0.270092 -0.097893
v -0.114939 0.270147 -0.097757
v -0.115061 0.270200 -0.097622
v -0.115184 0.270251 -0.097486
v -0.115307 0.270299 -0.097349
v -0.115431 0.270345 -0.097212
v -0.115554 0.270389 -0.097074
v -0.115679 0.270431 -0.096936
v -0.115803 0.270470 -0.096798
v -0.115928 0.270507 -0.096659
v -0.116053 0.270541 -0.096520
v -0.116179 0.270573 -0.096381
v -0.116304 0.270603 -0.096241
v -0.116430 0.270630 -0.096101
v -0.116556 0.270655 -0.095961
v -0.116683 0.270678 -0.095821
v -0.116809 0.270698 -0.095680
v -0.116936 0.270716 -0.095540
v -0.117063 0.270732 -0.095399
v -0.117190 0.270745 -0.095258
v -0.117317 0.270756 -0.095117
v -0.117444 0.270764 -0.094976
v -0.117571 0.270770 -0.094834
v -0.117698 0.270774 -0.094693
v -0.117826 0.270775 -0.094552
v -0.117953 0.270774 -0.094410
v -0.118080 0.270770 -0.094269
v -0.118207 0.270764 -0.094128
v -0.118335 0.270756 -0.093986
v -0.118462 0.270745 -0.093845
v -0.118589 0.270732 -0.093704
v -0.118715 0.270716 -0.093563
v -0.118842 0.270698 -0.093423
v -0.118969 0.270678 -0.093282
v -0.119095 0.270655 -0.093142
v -0.119221 0.270630 -0.093002
v -0.119347 0.270603 -0.092862
v -0.119473 0.270573 -0.092722
v -0.119598 0.270541 -0.092583
v -0.119723 0.270507 -0.092444
v -0.119848 0.270470 -0.092305
v -0.119973 0.270431 -0.092167
v -0.120097 0.270389 -0.092029
v -0.120221 0.270345 -0.091891
v -0.120344 0.270299 -0.091754
v -0.120467 0.270251 -0.091618
v -0.120590 0.270200 -0.091481
v -0.120712 0.270147 -0.091346
v -0.120834 0.270092 -0.091210
v -0.120955 0.270034 -0.091076
v -0.121076 0.269974 -0.090942
v -0.121196 0.269912 -0.090808
v -0.121316 0.269847 -0.090675
v -0.121435 0.269781 -0.090543
v -0.121554 0.269712 -0.090411
v -0.121672 0.269641 -0.090280
v -0.121789 0.269567 -0.090149
v -0.121906 0.269492 -0.090020
v -0.122022 0.269414 -0.089891
v -0.122138 0.269334 -0.089762
v -0.122253 0.269252 -0.089635
v -0.122367 0.269168 -0.089508
v -0.122480 0.269082 -0.089382
v -0.122593 0.268993 -0.089257
v -0.122705 0.268903 -0.089133
v -0.122816 0.268810 -0.089009
v -0.122926 0.268715 -0.088887
v -0.123036 0.268618 -0.088765
v -0.123145 0.268519 -0.088644
v -0.123252 0.268419 -0.088525
v -0.123359 0.268316 -0.088406
v -0.123466 0.268211 -0.088288
v -0.123571 0.268104 -0.088171
v -0.123675 0.267995 -0.088055
v -0.123779 0.267884 -0.087940
v -0.123881 0.267771 -0.087826
v -0.123983 0.267657 -0.087714
v -0.124083 0.267540 -0.087602
v -0.124183 0.267422 -0.087491
v -0.124281 0.267301 -0.087382
v -0.124379 0.267179 -0.087274
v -0.124475 0.267055 -0.087166
v -0.124571 0.266929 -0.087060
v -0.124665 0.266802 -0.086955
v -0.124759 0.266673 -0.086852
v -0.124851 0.266541 -0.086749
v -0.124942 0.266409 -0.086648
v -0.125032 0.266274 -0.086548
v -0.125121 0.266138 -0.086450
v -0.125209 0.266000 -0.086352
v -0.125295 0.265861 -0.086256
v -0.125380 0.265720 -0.086161
v -0.125465 0.265577 -0.086068
v -0.125548 0.265433 -0.085976
v -0.125629 0.265287 -0.085885
v -0.125710 0.265140 -0.085795
v -0.125789 0.264991 -0.085707
v -0.125867 0.264841 -0.085621
v -0.125944 0.264689 -0.085536
v -0.126019 0.264536 -0.085452
v -0.126093 0.264381 -0.085369
v -0.126166 0.264225 -0.085289
v -0.126238 0.264068 -0.085209
v -0.126308 0.263909 -0.085131
v -0.126377 0.263749 -0.085055
v -0.126444 0.263588 -0.084980
v -0.126511 0.263425 -0.084906
v -0.126575 0.263262 -0.084834
v -0.126639 0.263097 -0.084764
v -0.126701 0.262931 -0.084695
v -0.126761 0.262764 -0.084628
v -0.126821 0.262595 -0.084562
v -0.126878 0.262426 -0.084498
v -0.126935 0.262255 -0.084435
v -0.126990 0.262084 -0.084374
v -0.127043 0.261911 -0.084315
v -0.127095 0.261737 -0.084257
v -0.127146 0.261563 -0.084201
v -0.127195 0.261387 -0.084146
v -0.127242 0.261211 -0.084093
v -0.127288 0.261034 -0.084042
v -0.127333 0.260856 -0.083993
v -0.127376 0.260677 -0.083945
v -0.127418 0.260497 -0.083899
v -0.127458 0.260316 -0.083854
v -0.127496 0.260135 -0.083811
v -0.127533 0.259953 -0.083770
v -0.127569 0.259770 -0.083731
v -0.127603 0.259587 -0.083693
v -0.127635 0.259403 -0.083657
v -0.127666 0.259219 -0.083623
v -0.127695 0.259034 -0.083590
v -0.127723 0.258848 -0.083559
v -0.127749 0.258662 -0.083530
v -0.127774 0.258475 -0.083503
v -0.127797 0.258288 -0.083477
v -0.127819 0.258101 -0.083453
v -0.127839 0.257913 -0.083431
v -0.127857 0.257725 -0.083411
v -0.127874 0.257536 -0.083392
v -0.127889 0.257347 -0.083375
v -0.127902 0.257158 -0.083360
v -0.127914 0.256969 -0.083347
v -0.127925 0.256779 -0.083336
v -0.127933 0.256590 -0.083326
v -0.127941 0.256400 -0.083318
v -0.127946 0.256210 -0.083312
v -0.127950 0.256019 -0.083307
v -0.127953 0.255829 -0.083304
v -0.128592 0.245140 -0.089575
v -0.128679 0.245278 -0.089477
v -0.128322 0.244737 -0.089874
v -0.128413 0.244870 -0.089773
v -0.128503 0.245004 -0.089673
v -0.128136 0.244476 -0.090081
v -0.127946 0.244223 -0.090291
v -0.128042 0.244349 -0.090185
v -0.127654 0.243857 -0.090616
v -0.127752 0.243977 -0.090507
v -0.127850 0.244099 -0.090399
v -0.128229 0.244606 -0.089977
v -0.127453 0.243622 -0.090839
v -0.127249 0.243394 -0.091065
v -0.127352 0.243507 -0.090951
v -0.126936 0.243067 -0.091413
v -0.127042 0.243174 -0.091296
v -0.127146 0.243283 -0.091180
v -0.126723 0.242860 -0.091650
v -0.126615 0.242759 -0.091770
v -0.126397 0.242563 -0.092012
v -0.126287 0.242468 -0.092134
v -0.126507 0.242660 -0.091890
v -0.126176 0.242376 -0.092258
v -0.126147 0.242353 -0.092290
v -0.126830 0.242963 -0.091531
v -0.127554 0.243738 -0.090727
v -0.126064 0.268993 -0.092382
v -0.126397 0.268715 -0.092012
v -0.126287 0.268810 -0.092134
v -0.126176 0.268903 -0.092258
v -0.126723 0.268419 -0.091650
v -0.126615 0.268519 -0.091770
v -0.127042 0.268104 -0.091296
v -0.126936 0.268211 -0.091413
v -0.126830 0.268316 -0.091531
v -0.126507 0.268618 -0.091890
v -0.127249 0.267884 -0.091065
v -0.127453 0.267657 -0.090839
v -0.127554 0.267540 -0.090727
v -0.127352 0.267771 -0.090951
v -0.127752 0.267301 -0.090507
v -0.127850 0.267179 -0.090399
v -0.128042 0.266929 -0.090185
v -0.128136 0.266802 -0.090081
v -0.127946 0.267055 -0.090291
v -0.127654 0.267422 -0.090616
v -0.127146 0.267995 -0.091180
v -0.128413 0.266409 -0.089773
v -0.128322 0.266541 -0.089874
v -0.128679 0.266000 -0.089477
v -0.128592 0.266138 -0.089575
v -0.128503 0.266274 -0.089673
v -0.128935 0.265577 -0.089193
v -0.128851 0.265720 -0.089286
v -0.129181 0.265140 -0.088921
v -0.129100 0.265287 -0.089010
v -0.129018 0.265433 -0.089101
v -0.128766 0.265861 -0.089381
v -0.129338 0.264841 -0.088746
v -0.129490 0.264536 -0.088577
v -0.129564 0.264381 -0.088495
v -0.129415 0.264689 -0.088661
v -0.129709 0.264068 -0.088334
v -0.129779 0.263909 -0.088256
v -0.129915 0.263588 -0.088105
v -0.129981 0.263425 -0.088031
v -0.129848 0.263749 -0.088180
v -0.129637 0.264225 -0.088414
v -0.129260 0.264991 -0.088833
v -0.128229 0.266673 -0.089977
v -0.130172 0.262931 -0.087820
v -0.130109 0.263097 -0.087889
v -0.130349 0.262426 -0.087623
v -0.130291 0.262595 -0.087687
v -0.130232 0.262764 -0.087753
v -0.130514 0.261911 -0.087440
v -0.130460 0.262084 -0.087499
v -0.130665 0.261387 -0.087271
v -0.130616 0.261563 -0.087326
v -0.130566 0.261737 -0.087382
v -0.130405 0.262255 -0.087560
v -0.130759 0.261034 -0.087167
v -0.130847 0.260677 -0.087070
v -0.130888 0.260497 -0.087024
v -0.130804 0.260856 -0.087118
v -0.130967 0.260135 -0.086936
v -0.131004 0.259953 -0.086895
v -0.131074 0.259587 -0.086818
v -0.131106 0.259403 -0.086782
v -0.131040 0.259770 -0.086856
v -0.130929 0.260316 -0.086979
v -0.130713 0.261211 -0.087219
v -0.131194 0.258848 -0.086684
v -0.131166 0.259034 -0.086715
v -0.131268 0.258288 -0.086602
v -0.131245 0.258475 -0.086628
v -0.131220 0.258662 -0.086655
v -0.131328 0.257725 -0.086536
v -0.131309 0.257913 -0.086556
v -0.131373 0.257158 -0.086485
v -0.131360 0.257347 -0.086501
v -0.131344 0.257536 -0.086517
v -0.131289 0.258101 -0.086578
v -0.131404 0.256590 -0.086451
v -0.131395 0.256779 -0.086461
v -0.131421 0.256019 -0.086432
v -0.131417 0.256210 -0.086437
v -0.131411 0.256400 -0.086443
v -0.131423 0.255449 -0.086430
v -0.131424 0.255639 -0.086429
v -0.131417 0.255069 -0.086437
v -0.131421 0.255259 -0.086432
v -0.131423 0.255829 -0.086430
v -0.131385 0.256969 -0.086472
v -0.131137 0.259219 -0.086748
v -0.130046 0.263262 -0.087959
v -0.116196 0.268715 -0.103341
v -0.115978 0.268519 -0.103584
v -0.116086 0.268618 -0.103463
v -0.116306 0.268810 -0.103219
v -0.116417 0.268903 -0.103095
v -0.115870 0.268419 -0.103704
v -0.116529 0.268993 -0.102971
v -0.115551 0.268104 -0.104057
v -0.115657 0.268211 -0.103940
v -0.115763 0.268316 -0.103823
v -0.115344 0.267884 -0.104288
v -0.115140 0.267657 -0.104515
v -0.115039 0.267540 -0.104626
v -0.115241 0.267771 -0.104402
v -0.114841 0.267301 -0.104846
v -0.114743 0.267179 -0.104955
v -0.114551 0.266929 -0.105168
v -0.114457 0.266802 -0.105273
v -0.114647 0.267055 -0.105062
v -0.114939 0.267422 -0.104737
v -0.114364 0.266673 -0.105376
v -0.115447 0.267995 -0.104173
v -0.114180 0.266409 -0.105580
v -0.114271 0.266541 -0.105479
v -0.113914 0.266000 -0.105876
v -0.114001 0.266138 -0.105779
v -0.114090 0.266274 -0.105680
v -0.113658 0.265577 -0.106161
v -0.113742 0.265720 -0.106067
v -0.113412 0.265140 -0.106433
v -0.113493 0.265287 -0.106343
v -0.113575 0.265433 -0.106253
v -0.113827 0.265861 -0.105972
v -0.113255 0.264841 -0.106607
v -0.113103 0.264536 -0.106777
v -0.113029 0.264381 -0.106859
v -0.113178 0.264689 -0.106693
v -0.112884 0.264068 -0.107019
v -0.112814 0.263909 -0.107097
v -0.112678 0.263588 -0.107249
v -0.112612 0.263425 -0.107322
v -0.112745 0.263749 -0.107174
v -0.112956 0.264225 -0.106940
v -0.113333 0.264991 -0.106521
v -0.112547 0.263262 -0.107394
v -0.112421 0.262931 -0.107533
v -0.112484 0.263097 -0.107465
v -0.112244 0.262426 -0.107731
v -0.112302 0.262595 -0.107666
v -0.112361 0.262764 -0.107601
v -0.112079 0.261911 -0.107914
v -0.112133 0.262084 -0.107854
v -0.111928 0.261387 -0.108082
v -0.111977 0.261563 -0.108027
v -0.112027 0.261737 -0.107971
v -0.112188 0.262255 -0.107793
v -0.111834 0.261034 -0.108186
v -0.111746 0.260677 -0.108283
v -0.111705 0.260497 -0.108330
v -0.111789 0.260856 -0.108236
v -0.111626 0.260135 -0.108417
v -0.111589 0.259953 -0.108458
v -0.111519 0.259587 -0.108535
v -0.111487 0.259403 -0.108571
v -0.111553 0.259770 -0.108498
v -0.111664 0.260316 -0.108374
v -0.111880 0.261211 -0.108135
v -0.111399 0.258848 -0.108669
v -0.111427 0.259034 -0.108638
v -0.111325 0.258288 -0.108751
v -0.111348 0.258475 -0.108725
v -0.111373 0.258662 -0.108698
v -0.111265 0.257725 -0.108817
v -0.111284 0.257913 -0.108797
v -0.111220 0.257158 -0.108868
v -0.111233 0.257347 -0.108853
v -0.111249 0.257536 -0.108836
v -0.111304 0.258101 -0.108775
v -0.111198 0.256779 -0.108893
v -0.111182 0.256400 -0.108910
v -0.111176 0.256210 -0.108917
v -0.111189 0.256590 -0.108902
v -0.111170 0.255829 -0.108924
v -0.111169 0.255639 -0.108925
v -0.111172 0.255259 -0.108921
v -0.111176 0.255069 -0.108917
v -0.111170 0.255449 -0.108924
v -0.111172 0.256019 -0.108921
v -0.111208 0.256969 -0.108881
v -0.111456 0.259219 -0.108606
v -0.114001 0.245140 -0.105779
v -0.113914 0.245278 -0.105876
v -0.114180 0.244870 -0.105580
v -0.114364 0.244606 -0.105376
v -0.114271 0.244737 -0.105479
v -0.114090 0.245004 -0.105680
v -0.114647 0.244223 -0.105062
v -0.114551 0.244349 -0.105168
v -0.114841 0.243977 -0.104846
v -0.115039 0.243738 -0.104626
v -0.114939 0.243857 -0.104737
v -0.114743 0.244099 -0.104955
v -0.114457 0.244476 -0.105273
v -0.115344 0.243394 -0.104288
v -0.115241 0.243507 -0.104402
v -0.115551 0.243174 -0.104057
v -0.115763 0.242963 -0.103823
v -0.115657 0.243067 -0.103940
v -0.115447 0.243283 -0.104173
v -0.116086 0.242660 -0.103463
v -0.115978 0.242759 -0.103584
v -0.116306 0.242468 -0.103219
v -0.116446 0.242353 -0.103064
v -0.116417 0.242376 -0.103095
v -0.115870 0.242860 -0.103704
v -0.116196 0.242563 -0.103341
v -0.115140 0.243622 -0.104515
v -0.121297 0.270775 -0.097677
v -0.121424 0.270774 -0.097535
v -0.121551 0.270770 -0.097394
v -0.121678 0.270764 -0.097253
v -0.121805 0.270756 -0.097112
v -0.121932 0.270745 -0.096970
v -0.122059 0.270732 -0.096829
v -0.122186 0.270716 -0.096689
v -0.122313 0.270698 -0.096548
v -0.122439 0.270678 -0.096407
v -0.122566 0.270655 -0.096267
v -0.122692 0.270630 -0.096127
v -0.122818 0.270603 -0.095987
v -0.122944 0.270573 -0.095847
v -0.123069 0.270541 -0.095708
v -0.123194 0.270507 -0.095569
v -0.123319 0.270470 -0.095430
v -0.123444 0.270431 -0.095292
v -0.123568 0.270389 -0.095154
v -0.123692 0.270345 -0.095017
v -0.123815 0.270299 -0.094879
v -0.123938 0.270251 -0.094743
v -0.124061 0.270200 -0.094607
v -0.124183 0.270147 -0.094471
v -0.131411 0.254879 -0.086443
v -0.125724 0.269252 -0.092760
v -0.125838 0.269168 -0.092633
v -0.125951 0.269082 -0.092507
v -0.131385 0.254309 -0.086472
v -0.131395 0.254499 -0.086461
v -0.131344 0.253742 -0.086517
v -0.131360 0.253931 -0.086501
v -0.131373 0.254120 -0.086485
v -0.131404 0.254689 -0.086451
v -0.124305 0.270092 -0.094336
v -0.124426 0.270034 -0.094201
v -0.124547 0.269974 -0.094067
v -0.124667 0.269912 -0.093933
v -0.124787 0.269847 -0.093800
v -0.124906 0.269781 -0.093668
v -0.125025 0.269712 -0.093536
v -0.125143 0.269641 -0.093405
v -0.125260 0.269567 -0.093275
v -0.125377 0.269492 -0.093145
v -0.125493 0.269414 -0.093016
v -0.125609 0.269334 -0.092888
v -0.131309 0.253365 -0.086556
v -0.131289 0.253177 -0.086578
v -0.131245 0.252803 -0.086628
v -0.131220 0.252616 -0.086655
v -0.131268 0.252990 -0.086602
v -0.131166 0.252245 -0.086715
v -0.131137 0.252060 -0.086748
v -0.131074 0.251691 -0.086818
v -0.131040 0.251508 -0.086856
v -0.131106 0.251875 -0.086782
v -0.131194 0.252430 -0.086684
v -0.130967 0.251143 -0.086936
v -0.130929 0.250962 -0.086979
v -0.130847 0.250602 -0.087070
v -0.130804 0.250423 -0.087118
v -0.130888 0.250781 -0.087024
v -0.130713 0.250067 -0.087219
v -0.130665 0.249891 -0.087271
v -0.130566 0.249541 -0.087382
v -0.130460 0.249195 -0.087499
v -0.130514 0.249367 -0.087440
v -0.130616 0.249715 -0.087326
v -0.130759 0.250245 -0.087167
v -0.131004 0.251325 -0.086895
v -0.130291 0.248683 -0.087687
v -0.130349 0.248853 -0.087623
v -0.130109 0.248181 -0.087889
v -0.130172 0.248347 -0.087820
v -0.130232 0.248515 -0.087753
v -0.129915 0.247690 -0.088105
v -0.129981 0.247853 -0.088031
v -0.129709 0.247210 -0.088334
v -0.129779 0.247369 -0.088256
v -0.129848 0.247529 -0.088180
v -0.130046 0.248016 -0.087959
v -0.129490 0.246743 -0.088577
v -0.129564 0.246897 -0.088495
v -0.129260 0.246287 -0.088833
v -0.129338 0.246438 -0.088746
v -0.129415 0.246589 -0.088661
v -0.129018 0.245845 -0.089101
v -0.129100 0.245991 -0.089010
v -0.128766 0.245417 -0.089381
v -0.128851 0.245559 -0.089286
v -0.128935 0.245701 -0.089193
v -0.129181 0.246139 -0.088921
v -0.129637 0.247053 -0.088414
v -0.130405 0.249023 -0.087560
v -0.131328 0.253554 -0.086536
v -0.116642 0.269082 -0.102846
v -0.116755 0.269168 -0.102720
v -0.116870 0.269252 -0.102593
v -0.116984 0.269334 -0.102466
v -0.117100 0.269414 -0.102338
v -0.117216 0.269492 -0.102209
v -0.117333 0.269567 -0.102079
v -0.117450 0.269641 -0.101948
v -0.117568 0.269712 -0.101817
v -0.117687 0.269781 -0.101686
v -0.117806 0.269847 -0.101553
v -0.117926 0.269912 -0.101420
v -0.118046 0.269974 -0.101287
v -0.118167 0.270034 -0.101153
v -0.118288 0.270092 -0.101018
v -0.118410 0.270147 -0.100883
v -0.118532 0.270200 -0.100747
v -0.118655 0.270251 -0.100611
v -0.118778 0.270299 -0.100474
v -0.118901 0.270345 -0.100337
v -0.119025 0.270389 -0.100199
v -0.119149 0.270431 -0.100061
v -0.119274 0.270470 -0.099923
v -0.111182 0.254879 -0.108910
v -0.111198 0.254499 -0.108893
v -0.111208 0.254309 -0.108881
v -0.111233 0.253931 -0.108853
v -0.111265 0.253554 -0.108817
v -0.111249 0.253742 -0.108836
v -0.111220 0.254120 -0.108868
v -0.111189 0.254689 -0.108902
v -0.119399 0.270507 -0.099784
v -0.119524 0.270541 -0.099645
v -0.119649 0.270573 -0.099506
v -0.119775 0.270603 -0.099366
v -0.119901 0.270630 -0.099227
v -0.120027 0.270655 -0.099086
v -0.120154 0.270678 -0.098946
v -0.120280 0.270698 -0.098806
v -0.120407 0.270716 -0.098665
v -0.120534 0.270732 -0.098524
v -0.120661 0.270745 -0.098383
v -0.120788 0.270756 -0.098242
v -0.120915 0.270764 -0.098101
v -0.121042 0.270770 -0.097959
v -0.121169 0.270774 -0.097818
v -0.111325 0.252990 -0.108751
v -0.111304 0.253177 -0.108775
v -0.111399 0.252430 -0.108669
v -0.111373 0.252616 -0.108698
v -0.111348 0.252803 -0.108725
v -0.111487 0.251875 -0.108571
v -0.111456 0.252060 -0.108606
v -0.111589 0.251325 -0.108458
v -0.111553 0.251508 -0.108498
v -0.111519 0.251691 -0.108535
v -0.111427 0.252245 -0.108638
v -0.111705 0.250781 -0.108330
v -0.111664 0.250962 -0.108374
v -0.111834 0.250245 -0.108186
v -0.111789 0.250423 -0.108236
v -0.111746 0.250602 -0.108283
v -0.111977 0.249715 -0.108027
v -0.111928 0.249891 -0.108082
v -0.112133 0.249195 -0.107854
v -0.112079 0.249367 -0.107914
v -0.112027 0.249541 -0.107971
v -0.111880 0.250067 -0.108135
v -0.111626 0.251143 -0.108417
v -0.112302 0.248683 -0.107666
v -0.112244 0.248853 -0.107731
v -0.112484 0.248181 -0.107465
v -0.112421 0.248347 -0.107533
v -0.112361 0.248515 -0.107601
v -0.112678 0.247690 -0.107249
v -0.112612 0.247853 -0.107322
v -0.112884 0.247210 -0.107019
v -0.112814 0.247369 -0.107097
v -0.112745 0.247529 -0.107174
v -0.112547 0.248016 -0.107394
v -0.113029 0.246897 -0.106859
v -0.113103 0.246743 -0.106777
v -0.113255 0.246438 -0.106607
v -0.113333 0.246287 -0.106521
v -0.113178 0.246589 -0.106693
v -0.113493 0.245991 -0.106343
v -0.113575 0.245845 -0.106253
v -0.113742 0.245559 -0.106067
v -0.113827 0.245417 -0.105972
v -0.113658 0.245701 -0.106161
v -0.113412 0.246139 -0.106433
v -0.112956 0.247053 -0.106940
v -0.111284 0.253365 -0.108797
v -0.112188 0.249023 -0.107793
v -0.124266 0.242353 -0.090596
v -0.114649 0.242285 -0.101278
v -0.114565 0.242353 -0.101370
v -0.114875 0.242110 -0.101027
v -0.114761 0.242197 -0.101153
v -0.115219 0.241864 -0.100644
v -0.115104 0.241944 -0.100772
v -0.115452 0.241711 -0.100385
v -0.115335 0.241786 -0.100515
v -0.114989 0.242026 -0.100900
v -0.115806 0.241497 -0.099992
v -0.115687 0.241566 -0.100124
v -0.116045 0.241366 -0.099727
v -0.115925 0.241431 -0.099860
v -0.116407 0.241187 -0.099324
v -0.116286 0.241244 -0.099459
v -0.116774 0.241027 -0.098917
v -0.116651 0.241078 -0.099053
v -0.116529 0.241131 -0.099189
v -0.116165 0.241304 -0.099593
v -0.115569 0.241637 -0.100255
v -0.117021 0.240933 -0.098643
v -0.117393 0.240808 -0.098230
v -0.117269 0.240847 -0.098368
v -0.117144 0.240889 -0.098506
v -0.117643 0.240737 -0.097952
v -0.118020 0.240648 -0.097533
v -0.117894 0.240675 -0.097673
v -0.117769 0.240705 -0.097813
v -0.117518 0.240772 -0.098091
v -0.118273 0.240600 -0.097253
v -0.118653 0.240546 -0.096831
v -0.118526 0.240562 -0.096971
v -0.118399 0.240580 -0.097112
v -0.118907 0.240523 -0.096548
v -0.119161 0.240508 -0.096266
v -0.119288 0.240505 -0.096125
v -0.119034 0.240514 -0.096407
v -0.118780 0.240533 -0.096690
v -0.118146 0.240623 -0.097393
v -0.116897 0.240979 -0.098781
v -0.119670 0.240508 -0.095701
v -0.119543 0.240505 -0.095842
v -0.119925 0.240523 -0.095418
v -0.119797 0.240514 -0.095559
v -0.120305 0.240562 -0.094995
v -0.120179 0.240546 -0.095136
v -0.120559 0.240600 -0.094714
v -0.120432 0.240580 -0.094854
v -0.120052 0.240533 -0.095277
v -0.120937 0.240675 -0.094294
v -0.120811 0.240648 -0.094433
v -0.121188 0.240737 -0.094015
v -0.121063 0.240705 -0.094154
v -0.121563 0.240847 -0.093599
v -0.121438 0.240808 -0.093737
v -0.121934 0.240979 -0.093186
v -0.121811 0.240933 -0.093323
v -0.121687 0.240889 -0.093461
v -0.121314 0.240772 -0.093876
v -0.120685 0.240623 -0.094574
v -0.122180 0.241078 -0.092913
v -0.122545 0.241244 -0.092507
v -0.122424 0.241187 -0.092642
v -0.122302 0.241131 -0.092777
v -0.122786 0.241366 -0.092240
v -0.123144 0.241566 -0.091843
v -0.123025 0.241497 -0.091974
v -0.122906 0.241431 -0.092107
v -0.122666 0.241304 -0.092373
v -0.123379 0.241711 -0.091581
v -0.123728 0.241944 -0.091194
v -0.123612 0.241864 -0.091322
v -0.123496 0.241786 -0.091451
v -0.123957 0.242110 -0.090940
v -0.124183 0.242285 -0.090689
v -0.123843 0.242026 -0.091067
v -0.124070 0.242197 -0.090814
v -0.123262 0.241637 -0.091711
v -0.122057 0.241027 -0.093049
v -0.119416 0.240503 -0.095983
v -0.044588 0.609109 0.168875
v -0.029656 0.721485 0.127849
v -0.133906 0.609109 0.087030
v -0.094337 0.721485 0.068579
v -0.139190 0.609109 -0.034000
v -0.098164 0.721485 -0.019068
v -0.057346 0.609109 -0.123318
v -0.038894 0.721485 -0.083749
v 0.063685 0.609109 -0.128602
v 0.048752 0.721485 -0.087576
v 0.153003 0.609109 -0.046757
v 0.113434 0.721485 -0.028306
v 0.158287 0.609109 0.074273
v 0.117261 0.721485 0.059341
v 0.076442 0.609109 0.163591
v 0.057991 0.721485 0.124022
v -0.029104 0.721912 0.126333
v -0.029104 0.794231 0.126333
v -0.092875 0.721912 0.067897
v -0.092875 0.794231 0.067897
v -0.096648 0.721912 -0.018516
v -0.096648 0.794231 -0.018516
v -0.038213 0.721912 -0.082287
v -0.038213 0.794231 -0.082287
v 0.048201 0.721912 -0.086060
v 0.048201 0.794231 -0.086060
v 0.111972 0.721912 -0.027624
v 0.111972 0.794231 -0.027624
v 0.115745 0.721912 0.058789
v 0.115745 0.794231 0.058789
v 0.057309 0.721912 0.122560
v 0.057309 0.794231 0.122560
v -0.027113 0.794120 0.124629
v -0.027113 0.723542 0.124629
v -0.111226 0.794120 0.218045
v -0.111226 0.723542 0.218045
v -0.090539 0.794120 0.067520
v -0.090539 0.723542 0.067520
v -0.174652 0.794120 0.160936
v -0.174652 0.723542 0.160936
v -0.159398 0.521752 0.270043
v -0.096085 0.792750 0.199726
v -0.112279 0.497164 0.217711
v -0.048965 0.768163 0.147395
v -0.221329 0.521752 0.214280
v -0.158016 0.792750 0.143963
v -0.174210 0.497164 0.161948
v -0.110897 0.768163 0.091632
v -0.053863 0.770719 0.152834
v -0.091187 0.790194 0.194287
v -0.117177 0.499720 0.223151
v -0.154500 0.519196 0.264603
v -0.153118 0.790194 0.138523
v -0.115795 0.770719 0.097071
v -0.216431 0.519196 0.208840
v -0.179108 0.499720 0.167388
v -0.162182 0.188707 0.273135
v -0.162182 0.521908 0.273135
v -0.112273 0.147993 0.217705
v -0.224113 0.188707 0.217372
v -0.224113 0.521908 0.217372
v -0.174204 0.147993 0.161942
v -0.153464 0.215855 0.263452
v -0.118128 0.178296 0.224208
v -0.215395 0.215855 0.207689
v -0.180059 0.178296 0.168445
v -0.112273 0.520708 0.217705
v -0.156601 0.510202 0.266937
v -0.153867 0.521908 0.263899
v -0.153464 0.508564 0.263452
v -0.118128 0.495648 0.224208
v -0.174204 0.520708 0.161942
v -0.218533 0.510202 0.211174
v -0.215798 0.521908 0.208136
v -0.180059 0.495648 0.168445
v -0.215395 0.508564 0.207689
v -0.165565 0.706514 0.143062
v -0.171465 0.707914 0.137750
v -0.160931 0.675706 0.129797
v -0.166831 0.677106 0.124485
v -0.141670 0.662944 0.105043
v -0.147570 0.664344 0.099731
v -0.119065 0.675706 0.083300
v -0.124965 0.677106 0.077988
v -0.106357 0.706514 0.077305
v -0.112257 0.707914 0.071993
v -0.110990 0.737323 0.090570
v -0.116891 0.738723 0.085258
v -0.130251 0.750085 0.115324
v -0.136152 0.751485 0.110012
v -0.152857 0.737323 0.137067
v -0.158757 0.738723 0.131755
v -0.159747 0.685024 0.118704
v -0.153748 0.730805 0.124105
v -0.123975 0.730805 0.091039
v -0.129974 0.685024 0.085637
v -0.137619 0.740286 0.108691
v -0.146103 0.675543 0.101052
v -0.162914 0.707915 0.128253
v -0.120808 0.707915 0.081489
v -0.157014 0.706515 0.133566
v -0.140203 0.674143 0.106364
v -0.114908 0.706515 0.086802
v -0.131719 0.738886 0.114003
v -0.124073 0.683625 0.090950
v -0.153847 0.683625 0.124017
v -0.118074 0.729405 0.096351
v -0.147848 0.729405 0.129418
v -0.156550 0.588962 0.100484
v -0.144956 0.677447 0.110924
v -0.147571 0.588962 0.090511
v -0.135977 0.677447 0.100952
v -0.161649 0.590171 0.095893
v -0.150054 0.678657 0.106333
v -0.152670 0.590171 0.085921
v -0.141075 0.678657 0.096361
v -0.181073 0.639812 0.141119
v -0.145876 0.639812 0.102029
v -0.182805 0.626597 0.139560
v -0.147608 0.626597 0.100469
v -0.186171 0.641022 0.136528
v -0.150974 0.641022 0.097438
v -0.187903 0.627806 0.134969
v -0.152706 0.627806 0.095879
v -0.183692 0.615025 0.138761
v -0.148495 0.615025 0.099671
v -0.185424 0.601810 0.137202
v -0.150227 0.601810 0.098111
v -0.188790 0.616235 0.134170
v -0.153593 0.616235 0.095080
v -0.190522 0.603020 0.132611
v -0.155325 0.603020 0.093521
vn -0.6756 -0.0000 0.7373
vn -0.9990 -0.0000 0.0436
vn -0.7373 -0.0000 -0.6756
vn -0.0436 -0.0000 -0.9990
vn 0.6756 -0.0000 -0.7373
vn 0.9990 -0.0000 -0.0436
vn -0.0000 1.0000 -0.0000
vn 0.7373 -0.0000 0.6756
vn 0.0436 -0.0000 0.9990
vn -0.0000 -1.0000 -0.0000
vn 0.6691 -0.0000 -0.7431
vn -0.6691 -0.0000 0.7431
vn -0.4574 -0.7359 0.4992
vn -0.4574 0.7359 0.4992
vn -0.6764 -0.7359 0.0295
vn -0.6764 0.7359 0.0295
vn -0.4992 -0.7359 -0.4574
vn -0.4992 0.7359 -0.4574
vn -0.0295 -0.7359 -0.6764
vn -0.0295 0.7359 -0.6764
vn 0.4574 -0.7359 -0.4992
vn 0.4574 0.7359 -0.4992
vn 0.6764 -0.7359 -0.0295
vn 0.6764 0.7359 -0.0295
vn 0.4992 -0.7359 0.4574
vn 0.4992 0.7359 0.4574
vn 0.0295 -0.7359 0.6764
vn 0.0295 0.7359 0.6764
vn -0.8640 -0.0000 0.5035
vn -0.5454 -0.8247 0.1497
vn 0.0918 -0.8247 -0.5580
vn 0.4105 -0.0000 -0.9119
vn -0.7432 -0.0000 -0.6691
vn -0.7431 -0.0000 -0.6691
vn 0.0918 0.8247 -0.5580
vn -0.5454 0.8247 0.1497
vn 0.7431 -0.0000 0.6691
vn 0.5985 -0.4472 -0.6647
vn -0.5985 -0.4472 0.6647
vn 0.6691 0.0062 -0.7431
vn 0.6690 0.0189 -0.7430
vn 0.6688 0.0314 -0.7428
vn 0.6685 0.0438 -0.7424
vn 0.6681 0.0566 -0.7420
vn 0.6675 0.0690 -0.7414
vn 0.6669 0.0816 -0.7407
vn 0.6662 0.0940 -0.7399
vn 0.6653 0.1066 -0.7389
vn 0.6644 0.1191 -0.7379
vn 0.6633 0.1316 -0.7367
vn 0.6622 0.1440 -0.7354
vn 0.6609 0.1564 -0.7340
vn 0.6595 0.1688 -0.7325
vn 0.6580 0.1812 -0.7308
vn 0.6565 0.1936 -0.7291
vn 0.6548 0.2058 -0.7272
vn 0.6530 0.2182 -0.7252
vn 0.6511 0.2304 -0.7232
vn 0.6491 0.2427 -0.7209
vn 0.6471 0.2547 -0.7186
vn 0.6449 0.2669 -0.7162
vn 0.6425 0.2790 -0.7136
vn 0.6402 0.2911 -0.7110
vn 0.6377 0.3030 -0.7082
vn 0.6351 0.3150 -0.7053
vn 0.6324 0.3269 -0.7023
vn 0.6296 0.3388 -0.6992
vn 0.6267 0.3505 -0.6960
vn 0.6237 0.3623 -0.6927
vn 0.6206 0.3739 -0.6892
vn 0.6174 0.3856 -0.6857
vn 0.6141 0.3972 -0.6820
vn 0.6107 0.4086 -0.6783
vn 0.6072 0.4201 -0.6744
vn 0.6036 0.4315 -0.6704
vn 0.6000 0.4428 -0.6663
vn 0.5962 0.4540 -0.6621
vn 0.5923 0.4652 -0.6578
vn 0.5883 0.4763 -0.6534
vn 0.5843 0.4873 -0.6490
vn 0.5802 0.4982 -0.6444
vn 0.5760 0.5090 -0.6397
vn 0.5716 0.5199 -0.6348
vn 0.5672 0.5305 -0.6299
vn 0.5627 0.5412 -0.6249
vn 0.5581 0.5517 -0.6198
vn 0.5534 0.5620 -0.6147
vn 0.5487 0.5724 -0.6094
vn 0.5438 0.5827 -0.6039
vn 0.5389 0.5929 -0.5985
vn 0.5338 0.6029 -0.5929
vn 0.5287 0.6129 -0.5872
vn 0.5235 0.6228 -0.5814
vn 0.5182 0.6326 -0.5756
vn 0.5129 0.6422 -0.5696
vn 0.5074 0.6519 -0.5635
vn 0.5019 0.6613 -0.5574
vn 0.4963 0.6707 -0.5512
vn 0.4907 0.6799 -0.5449
vn 0.4849 0.6891 -0.5385
vn 0.4791 0.6982 -0.5320
vn 0.4731 0.7071 -0.5255
vn 0.4672 0.7159 -0.5189
vn 0.4611 0.7246 -0.5121
vn 0.4550 0.7333 -0.5053
vn 0.4488 0.7418 -0.4984
vn 0.4425 0.7501 -0.4914
vn 0.4361 0.7584 -0.4844
vn 0.4298 0.7665 -0.4773
vn 0.4233 0.7745 -0.4701
vn 0.4167 0.7824 -0.4628
vn 0.4101 0.7902 -0.4555
vn 0.4034 0.7978 -0.4481
vn 0.3967 0.8053 -0.4406
vn 0.3899 0.8127 -0.4330
vn 0.3830 0.8199 -0.4254
vn 0.3761 0.8271 -0.4177
vn 0.3691 0.8341 -0.4099
vn 0.3621 0.8409 -0.4021
vn 0.3550 0.8477 -0.3942
vn 0.3478 0.8543 -0.3863
vn 0.3406 0.8607 -0.3783
vn 0.3334 0.8671 -0.3702
vn 0.3260 0.8733 -0.3621
vn 0.3187 0.8793 -0.3539
vn 0.3113 0.8852 -0.3457
vn 0.3038 0.8910 -0.3374
vn 0.2962 0.8967 -0.3290
vn 0.2887 0.9021 -0.3206
vn 0.2811 0.9075 -0.3122
vn 0.2734 0.9127 -0.3037
vn 0.2657 0.9178 -0.2951
vn 0.2580 0.9227 -0.2865
vn 0.2502 0.9274 -0.2779
vn 0.2424 0.9321 -0.2692
vn 0.2345 0.9366 -0.2605
vn 0.2266 0.9409 -0.2517
vn 0.2187 0.9451 -0.2429
vn 0.2108 0.9491 -0.2341
vn 0.2028 0.9530 -0.2252
vn 0.1948 0.9567 -0.2163
vn 0.1867 0.9603 -0.2073
vn 0.1786 0.9637 -0.1983
vn 0.1705 0.9670 -0.1893
vn 0.1623 0.9701 -0.1803
vn 0.1542 0.9731 -0.1712
vn 0.1460 0.9759 -0.1621
vn 0.1377 0.9786 -0.1530
vn 0.1295 0.9811 -0.1438
vn 0.1213 0.9834 -0.1347
vn 0.1130 0.9856 -0.1255
vn 0.1047 0.9877 -0.1163
vn 0.0964 0.9896 -0.1070
vn 0.0880 0.9913 -0.0978
vn 0.0797 0.9929 -0.0885
vn 0.0713 0.9943 -0.0792
vn 0.0630 0.9956 -0.0699
vn 0.0546 0.9967 -0.0606
vn 0.0462 0.9976 -0.0513
vn 0.0378 0.9984 -0.0420
vn 0.0294 0.9990 -0.0327
vn 0.0210 0.9995 -0.0233
vn 0.0126 0.9998 -0.0140
vn 0.0042 1.0000 -0.0047
vn -0.0042 1.0000 0.0047
vn -0.0126 0.9998 0.0140
vn -0.0210 0.9995 0.0233
vn -0.0294 0.9990 0.0327
vn -0.0378 0.9984 0.0420
vn -0.0462 0.9976 0.0513
vn -0.0546 0.9967 0.0606
vn -0.0630 0.9956 0.0699
vn -0.0713 0.9943 0.0792
vn -0.0797 0.9929 0.0885
vn -0.0880 0.9913 0.0978
vn -0.0964 0.9896 0.1070
vn -0.1047 0.9877 0.1162
vn -0.1130 0.9856 0.1255
vn -0.1212 0.9834 0.1347
vn -0.1295 0.9811 0.1438
vn -0.1377 0.9786 0.1530
vn -0.1460 0.9759 0.1621
vn -0.1542 0.9731 0.1712
vn -0.1623 0.9701 0.1803
vn -0.1705 0.9670 0.1893
vn -0.1786 0.9637 0.1983
vn -0.1867 0.9603 0.2073
vn -0.1948 0.9567 0.2163
vn -0.2028 0.9530 0.2252
vn -0.2108 0.9491 0.2341
vn -0.2187 0.9451 0.2429
vn -0.2267 0.9409 0.2517
vn -0.2345 0.9366 0.2605
vn -0.2424 0.9321 0.2692
vn -0.2502 0.9274 0.2779
vn -0.2580 0.9227 0.2865
vn -0.2657 0.9178 0.2951
vn -0.2734 0.9127 0.3037
vn -0.2811 0.9075 0.3122
vn -0.2887 0.9021 0.3206
vn -0.2963 0.8966 0.3290
vn -0.3038 0.8910 0.3374
vn -0.3112 0.8852 0.3457
vn -0.3187 0.8793 0.3539
vn -0.3260 0.8733 0.3621
vn -0.3334 0.8671 0.3702
vn -0.3406 0.8607 0.3783
vn -0.3478 0.8543 0.3863
vn -0.3550 0.8477 0.3942
vn -0.3621 0.8409 0.4021
vn -0.3691 0.8341 0.4099
vn -0.3761 0.8271 0.4177
vn -0.3830 0.8200 0.4254
vn -0.3899 0.8127 0.4330
vn -0.3967 0.8053 0.4406
vn -0.4034 0.7978 0.4480
vn -0.4101 0.7901 0.4555
vn -0.4167 0.7824 0.4628
vn -0.4233 0.7745 0.4701
vn -0.4297 0.7665 0.4773
vn -0.4362 0.7583 0.4844
vn -0.4425 0.7501 0.4914
vn -0.4488 0.7417 0.4984
vn -0.4550 0.7333 0.5053
vn -0.4611 0.7246 0.5121
vn -0.4672 0.7159 0.5189
vn -0.4732 0.7071 0.5255
vn -0.4790 0.6982 0.5320
vn -0.4849 0.6891 0.5385
vn -0.4906 0.6800 0.5449
vn -0.4963 0.6707 0.5512
vn -0.5019 0.6613 0.5574
vn -0.5074 0.6518 0.5636
vn -0.5129 0.6423 0.5696
vn -0.5183 0.6325 0.5756
vn -0.5235 0.6228 0.5814
vn -0.5287 0.6129 0.5872
vn -0.5338 0.6030 0.5929
vn -0.5389 0.5928 0.5985
vn -0.5438 0.5827 0.6039
vn -0.5486 0.5724 0.6093
vn -0.5534 0.5621 0.6146
vn -0.5581 0.5516 0.6199
vn -0.5627 0.5411 0.6249
vn -0.5672 0.5305 0.6299
vn -0.5716 0.5198 0.6349
vn -0.5759 0.5090 0.6397
vn -0.5802 0.4982 0.6443
vn -0.5843 0.4872 0.6490
vn -0.5884 0.4763 0.6534
vn -0.5923 0.4652 0.6578
vn -0.5962 0.4540 0.6621
vn -0.6000 0.4427 0.6663
vn -0.6036 0.4315 0.6704
vn -0.6072 0.4201 0.6744
vn -0.6107 0.4086 0.6783
vn -0.6141 0.3971 0.6820
vn -0.6174 0.3856 0.6857
vn -0.6206 0.3739 0.6892
vn -0.6237 0.3623 0.6927
vn -0.6267 0.3505 0.6960
vn -0.6296 0.3388 0.6992
vn -0.6324 0.3269 0.7023
vn -0.6351 0.3150 0.7053
vn -0.6377 0.3031 0.7082
vn -0.6402 0.2910 0.7110
vn -0.6426 0.2790 0.7136
vn -0.6449 0.2669 0.7162
vn -0.6471 0.2547 0.7186
vn -0.6491 0.2426 0.7209
vn -0.6511 0.2304 0.7231
vn -0.6530 0.2181 0.7252
vn -0.6548 0.2059 0.7272
vn -0.6565 0.1936 0.7291
vn -0.6581 0.1812 0.7308
vn -0.6595 0.1688 0.7325
vn -0.6609 0.1565 0.7340
vn -0.6622 0.1440 0.7354
vn -0.6633 0.1316 0.7367
vn -0.6644 0.1191 0.7379
vn -0.6653 0.1066 0.7389
vn -0.6662 0.0941 0.7398
vn -0.6669 0.0816 0.7407
vn -0.6675 0.0690 0.7414
vn -0.6681 0.0566 0.7420
vn -0.6685 0.0440 0.7424
vn -0.6688 0.0314 0.7428
vn -0.6690 0.0189 0.7430
vn -0.6691 0.0063 0.7431
vn -0.6691 -0.0063 0.7431
vn -0.6690 -0.0188 0.7430
vn -0.6688 -0.0315 0.7428
vn -0.6685 -0.0440 0.7424
vn -0.6681 -0.0566 0.7420
vn -0.6675 -0.0690 0.7414
vn -0.6669 -0.0816 0.7407
vn -0.6662 -0.0942 0.7398
vn -0.6653 -0.1066 0.7389
vn -0.6644 -0.1191 0.7379
vn -0.6633 -0.1316 0.7367
vn -0.6622 -0.1440 0.7354
vn -0.6609 -0.1564 0.7340
vn -0.6595 -0.1689 0.7325
vn -0.6580 -0.1812 0.7308
vn -0.6565 -0.1936 0.7291
vn -0.6548 -0.2058 0.7272
vn -0.6530 -0.2181 0.7253
vn -0.6511 -0.2304 0.7232
vn -0.6491 -0.2426 0.7209
vn -0.6470 -0.2548 0.7186
vn -0.6449 -0.2668 0.7162
vn -0.6426 -0.2790 0.7136
vn -0.6402 -0.2910 0.7110
vn -0.6377 -0.3031 0.7082
vn -0.6351 -0.3150 0.7053
vn -0.6324 -0.3269 0.7023
vn -0.6296 -0.3388 0.6992
vn -0.6267 -0.3505 0.6960
vn -0.6237 -0.3623 0.6926
vn -0.6206 -0.3739 0.6893
vn -0.6174 -0.3857 0.6857
vn -0.6141 -0.3972 0.6820
vn -0.6107 -0.4086 0.6783
vn -0.6072 -0.4201 0.6744
vn -0.6036 -0.4315 0.6704
vn -0.6000 -0.4427 0.6663
vn -0.5962 -0.4540 0.6621
vn -0.5924 -0.4651 0.6579
vn -0.5884 -0.4762 0.6535
vn -0.5843 -0.4872 0.6490
vn -0.5802 -0.4982 0.6444
vn -0.5760 -0.5090 0.6397
vn -0.5716 -0.5198 0.6349
vn -0.5672 -0.5305 0.6300
vn -0.5627 -0.5411 0.6249
vn -0.5581 -0.5517 0.6198
vn -0.5534 -0.5621 0.6146
vn -0.5487 -0.5724 0.6094
vn -0.5438 -0.5827 0.6040
vn -0.5388 -0.5929 0.5985
vn -0.5339 -0.6029 0.5929
vn -0.5287 -0.6129 0.5872
vn -0.5235 -0.6228 0.5814
vn -0.5183 -0.6325 0.5756
vn -0.5129 -0.6423 0.5696
vn -0.5074 -0.6518 0.5636
vn -0.5019 -0.6613 0.5575
vn -0.4963 -0.6707 0.5512
vn -0.4907 -0.6799 0.5449
vn -0.4849 -0.6891 0.5385
vn -0.4791 -0.6982 0.5320
vn -0.4731 -0.7071 0.5255
vn -0.4671 -0.7160 0.5188
vn -0.4611 -0.7247 0.5121
vn -0.4550 -0.7332 0.5053
vn -0.4488 -0.7417 0.4984
vn -0.4425 -0.7501 0.4914
vn -0.4361 -0.7584 0.4844
vn -0.4298 -0.7665 0.4773
vn -0.4233 -0.7745 0.4701
vn -0.4167 -0.7824 0.4628
vn -0.4101 -0.7902 0.4555
vn -0.4034 -0.7978 0.4481
vn -0.3967 -0.8053 0.4406
vn -0.3899 -0.8127 0.4330
vn -0.3830 -0.8199 0.4254
vn -0.3761 -0.8271 0.4177
vn -0.3691 -0.8341 0.4099
vn -0.3621 -0.8409 0.4021
vn -0.3550 -0.8477 0.3942
vn -0.3478 -0.8543 0.3863
vn -0.3406 -0.8607 0.3783
vn -0.3333 -0.8671 0.3702
vn -0.3260 -0.8733 0.3621
vn -0.3187 -0.8793 0.3539
vn -0.3113 -0.8852 0.3457
vn -0.3038 -0.8910 0.3374
vn -0.2962 -0.8967 0.3290
vn -0.2887 -0.9021 0.3207
vn -0.2811 -0.9075 0.3122
vn -0.2734 -0.9127 0.3037
vn -0.2657 -0.9178 0.2951
vn -0.2580 -0.9227 0.2865
vn -0.2502 -0.9275 0.2779
vn -0.2424 -0.9321 0.2692
vn -0.2346 -0.9365 0.2605
vn -0.2267 -0.9409 0.2517
vn -0.2187 -0.9451 0.2429
vn -0.2108 -0.9491 0.2341
vn -0.2028 -0.9530 0.2252
vn -0.1947 -0.9567 0.2163
vn -0.1867 -0.9603 0.2073
vn -0.1786 -0.9637 0.1983
vn -0.1705 -0.9670 0.1893
vn -0.1623 -0.9701 0.1803
vn -0.1542 -0.9731 0.1712
vn -0.1460 -0.9759 0.1621
vn -0.1377 -0.9786 0.1530
vn -0.1295 -0.9811 0.1438
vn -0.1212 -0.9834 0.1346
vn -0.1130 -0.9856 0.1255
vn -0.1047 -0.9877 0.1163
vn -0.0964 -0.9896 0.1070
vn -0.0880 -0.9913 0.0978
vn -0.0797 -0.9929 0.0885
vn -0.0713 -0.9943 0.0792
vn -0.0630 -0.9956 0.0699
vn -0.0546 -0.9967 0.0606
vn -0.0462 -0.9976 0.0513
vn -0.0378 -0.9984 0.0420
vn -0.0294 -0.9990 0.0327
vn -0.0210 -0.9995 0.0233
vn -0.0126 -0.9998 0.0140
vn -0.0042 -1.0000 0.0047
vn 0.0042 -1.0000 -0.0047
vn 0.0126 -0.9998 -0.0140
vn 0.0210 -0.9995 -0.0233
vn 0.0294 -0.9990 -0.0327
vn 0.0378 -0.9984 -0.0420
vn 0.0462 -0.9976 -0.0513
vn 0.0546 -0.9967 -0.0606
vn 0.0630 -0.9956 -0.0699
vn 0.0713 -0.9943 -0.0792
vn 0.0797 -0.9929 -0.0885
vn 0.0880 -0.9913 -0.0978
vn 0.0964 -0.9896 -0.1070
vn 0.1047 -0.9877 -0.1162
vn 0.1130 -0.9856 -0.1255
vn 0.1212 -0.9834 -0.1347
vn 0.1295 -0.9811 -0.1438
vn 0.1378 -0.9786 -0.1530
vn 0.1459 -0.9759 -0.1621
vn 0.1542 -0.9731 -0.1712
vn 0.1623 -0.9701 -0.1803
vn 0.1705 -0.9670 -0.1893
vn 0.1786 -0.9637 -0.1983
vn 0.1867 -0.9603 -0.2073
vn 0.1947 -0.9567 -0.2163
vn 0.2028 -0.9530 -0.2252
vn 0.2108 -0.9491 -0.2341
vn 0.2188 -0.9451 -0.2429
vn 0.2266 -0.9409 -0.2517
vn 0.2346 -0.9365 -0.2605
vn 0.2424 -0.9321 -0.2692
vn 0.2502 -0.9274 -0.2779
vn 0.2580 -0.9227 -0.2865
vn 0.2657 -0.9178 -0.2951
vn 0.2734 -0.9127 -0.3037
vn 0.2811 -0.9075 -0.3122
vn 0.2887 -0.9021 -0.3206
vn 0.2962 -0.8967 -0.3290
vn 0.3038 -0.8910 -0.3374
vn 0.3113 -0.8852 -0.3457
vn 0.3187 -0.8793 -0.3539
vn 0.3260 -0.8733 -0.3621
vn 0.3333 -0.8671 -0.3702
vn 0.3406 -0.8607 -0.3783
vn 0.3478 -0.8543 -0.3863
vn 0.3550 -0.8477 -0.3943
vn 0.3621 -0.8410 -0.4021
vn 0.3691 -0.8341 -0.4099
vn 0.3761 -0.8271 -0.4177
vn 0.3830 -0.8200 -0.4254
vn 0.3899 -0.8127 -0.4330
vn 0.3967 -0.8053 -0.4406
vn 0.4034 -0.7978 -0.4481
vn 0.4101 -0.7901 -0.4555
vn 0.4167 -0.7824 -0.4628
vn 0.4233 -0.7745 -0.4701
vn 0.4298 -0.7665 -0.4773
vn 0.4362 -0.7584 -0.4844
vn 0.4425 -0.7501 -0.4914
vn 0.4488 -0.7417 -0.4984
vn 0.4550 -0.7333 -0.5053
vn 0.4611 -0.7247 -0.5121
vn 0.4671 -0.7160 -0.5188
vn 0.4732 -0.7071 -0.5255
vn 0.4790 -0.6982 -0.5320
vn 0.4849 -0.6891 -0.5385
vn 0.4906 -0.6800 -0.5449
vn 0.4963 -0.6707 -0.5512
vn 0.5019 -0.6613 -0.5575
vn 0.5074 -0.6518 -0.5636
vn 0.5129 -0.6423 -0.5696
vn 0.5182 -0.6326 -0.5756
vn 0.5235 -0.6228 -0.5815
vn 0.5287 -0.6129 -0.5872
vn 0.5338 -0.6030 -0.5929
vn 0.5389 -0.5928 -0.5985
vn 0.5438 -0.5827 -0.6039
vn 0.5486 -0.5724 -0.6093
vn 0.5534 -0.5621 -0.6146
vn 0.5581 -0.5517 -0.6198
vn 0.5627 -0.5411 -0.6249
vn 0.5672 -0.5305 -0.6300
vn 0.5716 -0.5198 -0.6348
vn 0.5759 -0.5091 -0.6397
vn 0.5802 -0.4982 -0.6444
vn 0.5843 -0.4873 -0.6489
vn 0.5884 -0.4763 -0.6534
vn 0.5923 -0.4652 -0.6578
vn 0.5962 -0.4540 -0.6621
vn 0.6000 -0.4428 -0.6663
vn 0.6037 -0.4314 -0.6704
vn 0.6072 -0.4201 -0.6744
vn 0.6107 -0.4087 -0.6782
vn 0.6141 -0.3971 -0.6820
vn 0.6174 -0.3856 -0.6857
vn 0.6206 -0.3739 -0.6892
vn 0.6237 -0.3623 -0.6926
vn 0.6267 -0.3505 -0.6960
vn 0.6296 -0.3387 -0.6992
vn 0.6324 -0.3269 -0.7023
vn 0.6351 -0.3150 -0.7053
vn 0.6377 -0.3030 -0.7082
vn 0.6402 -0.2911 -0.7110
vn 0.6426 -0.2790 -0.7136
vn 0.6449 -0.2669 -0.7162
vn 0.6471 -0.2548 -0.7186
vn 0.6491 -0.2426 -0.7209
vn 0.6511 -0.2304 -0.7232
vn 0.6530 -0.2182 -0.7252
vn 0.6548 -0.2058 -0.7272
vn 0.6565 -0.1936 -0.7291
vn 0.6581 -0.1813 -0.7308
vn 0.6595 -0.1688 -0.7325
vn 0.6609 -0.1565 -0.7340
vn 0.6622 -0.1440 -0.7354
vn 0.6633 -0.1315 -0.7367
vn 0.6644 -0.1191 -0.7379
vn 0.6653 -0.1066 -0.7389
vn 0.6662 -0.0941 -0.7399
vn 0.6669 -0.0816 -0.7407
vn 0.6675 -0.0690 -0.7414
vn 0.6681 -0.0566 -0.7420
vn 0.6685 -0.0438 -0.7424
vn 0.6688 -0.0315 -0.7428
vn 0.6690 -0.0189 -0.7430
vn 0.6691 -0.0063 -0.7431
vn -0.7431 -0.0000 -0.6692
vn -0.6359 0.3378 0.6939
vn -0.9403 0.3378 0.0411
vn -0.6939 0.3378 -0.6359
vn -0.0411 0.3378 -0.9403
vn 0.6359 0.3378 -0.6939
vn 0.9403 0.3378 -0.0411
vn 0.6939 0.3378 0.6359
vn 0.0411 0.3378 0.9403
vn -0.6317 0.3296 0.7016
vn 0.6317 -0.3296 -0.7016
vn 0.2206 0.9441 -0.2450
vn -0.2206 -0.9441 0.2450
vn 0.3206 0.8777 -0.3561
vn -0.3878 -0.8149 0.4307
vn -0.6676 -0.3769 0.6421
vn -0.3753 -0.9098 0.1770
vn 0.1368 -0.9098 -0.3917
vn 0.5688 -0.3769 -0.7310
vn 0.6676 0.3769 -0.6421
vn 0.3753 0.9098 -0.1770
vn -0.7319 0.1736 -0.6590
vn -0.1368 0.9098 0.3917
vn -0.5688 0.3769 0.7310
vn 0.7319 -0.1736 0.6590
vn 0.6696 0.3630 -0.6480
vn 0.3842 0.9038 -0.1885
vn -0.1473 0.9038 0.4018
vn -0.5745 0.3630 0.7337
vn -0.6696 -0.3630 0.6480
vn -0.3842 -0.9038 0.1885
vn 0.1473 -0.9038 -0.4018
vn 0.5745 -0.3630 -0.7337
vn 0.1290 0.9848 0.1162
vn -0.1290 -0.9848 -0.1162
vn -0.1291 -0.9848 -0.1162
vn -0.7433 0.0001 -0.6689
vn -0.7430 -0.0000 -0.6693
vn -0.7432 -0.0000 -0.6690
vn -0.7430 -0.0000 -0.6692
vn -0.7433 -0.0000 -0.6690
vn -0.7434 -0.0000 -0.6689
vn -0.7429 -0.0000 -0.6694
vn -0.7434 -0.0000 -0.6688
vn -0.7433 -0.0000 -0.6689
vn -0.7431 0.0001 -0.6692
vn -0.7431 -0.0001 -0.6691
vn -0.7432 0.0001 -0.6691
vn -0.7432 -0.0001 -0.6691
vn -0.7431 0.0001 -0.6691
vn -0.7432 0.0002 -0.6691
vn -0.7430 -0.0001 -0.6692
vn -0.7428 0.0001 -0.6695
vn -0.7432 0.0001 -0.6690
vn -0.7431 -0.0001 -0.6692
vn -0.7432 -0.0002 -0.6691
vn -0.7435 -0.0000 -0.6688
vn -0.7428 -0.0001 -0.6695
vn -0.7434 0.0002 -0.6689
vn -0.7428 -0.0000 -0.6695
vn -0.7429 0.0001 -0.6694
vn -0.7430 -0.0001 -0.6693
vn -0.7433 0.0001 -0.6690
vn 0.6691 0.0063 -0.7431
vn 0.6685 0.0440 -0.7424
vn 0.6662 0.0942 -0.7398
vn 0.6609 0.1565 -0.7340
vn 0.6595 0.1689 -0.7325
vn 0.6581 0.1812 -0.7308
vn 0.6565 0.1935 -0.7291
vn 0.6548 0.2059 -0.7272
vn 0.6530 0.2181 -0.7253
vn 0.6491 0.2426 -0.7209
vn 0.6471 0.2548 -0.7186
vn 0.6449 0.2668 -0.7162
vn 0.6426 0.2790 -0.7136
vn 0.6402 0.2910 -0.7110
vn 0.6237 0.3623 -0.6926
vn 0.6107 0.4087 -0.6783
vn 0.6036 0.4314 -0.6704
vn 0.6000 0.4427 -0.6664
vn 0.5924 0.4651 -0.6579
vn 0.5884 0.4762 -0.6535
vn 0.5843 0.4873 -0.6489
vn 0.5716 0.5198 -0.6349
vn 0.5672 0.5305 -0.6300
vn 0.5627 0.5411 -0.6249
vn 0.5534 0.5621 -0.6146
vn 0.5487 0.5724 -0.6093
vn 0.5438 0.5827 -0.6040
vn 0.5388 0.5929 -0.5984
vn 0.5339 0.6029 -0.5929
vn 0.5075 0.6518 -0.5636
vn 0.5019 0.6613 -0.5575
vn 0.4906 0.6800 -0.5449
vn 0.4791 0.6982 -0.5321
vn 0.4671 0.7160 -0.5188
vn 0.4611 0.7247 -0.5121
vn 0.4488 0.7417 -0.4984
vn 0.4425 0.7501 -0.4915
vn 0.4297 0.7665 -0.4773
vn 0.3692 0.8341 -0.4100
vn 0.3621 0.8410 -0.4021
vn 0.3550 0.8477 -0.3943
vn 0.3406 0.8608 -0.3783
vn 0.3187 0.8793 -0.3540
vn 0.3112 0.8852 -0.3457
vn 0.2963 0.8966 -0.3290
vn 0.2580 0.9227 -0.2866
vn 0.2346 0.9365 -0.2605
vn 0.2267 0.9409 -0.2517
vn 0.1947 0.9567 -0.2163
vn 0.1378 0.9786 -0.1530
vn -0.1047 0.9877 0.1163
vn -0.1213 0.9834 0.1347
vn -0.1786 0.9637 0.1984
vn -0.1947 0.9567 0.2163
vn -0.2346 0.9366 0.2605
vn -0.2502 0.9275 0.2779
vn -0.2580 0.9227 0.2866
vn -0.3113 0.8852 0.3457
vn -0.3186 0.8793 0.3539
vn -0.3187 0.8793 0.3540
vn -0.3333 0.8671 0.3702
vn -0.3406 0.8608 0.3783
vn -0.3692 0.8341 0.4100
vn -0.4034 0.7978 0.4481
vn -0.4298 0.7665 0.4773
vn -0.4362 0.7584 0.4844
vn -0.4611 0.7247 0.5121
vn -0.4672 0.7160 0.5188
vn -0.4791 0.6982 0.5320
vn -0.4907 0.6799 0.5449
vn -0.5019 0.6613 0.5575
vn -0.5075 0.6518 0.5636
vn -0.5182 0.6326 0.5756
vn -0.5235 0.6227 0.5815
vn -0.5338 0.6029 0.5929
vn -0.5389 0.5929 0.5985
vn -0.5438 0.5827 0.6040
vn -0.5487 0.5724 0.6093
vn -0.5581 0.5517 0.6198
vn -0.5672 0.5305 0.6300
vn -0.5716 0.5198 0.6348
vn -0.5760 0.5090 0.6397
vn -0.5802 0.4982 0.6444
vn -0.5843 0.4873 0.6490
vn -0.5884 0.4762 0.6535
vn -0.5923 0.4651 0.6579
vn -0.6000 0.4427 0.6664
vn -0.6037 0.4314 0.6704
vn -0.6107 0.4087 0.6783
vn -0.6141 0.3972 0.6820
vn -0.6206 0.3740 0.6892
vn -0.6237 0.3623 0.6926
vn -0.6296 0.3387 0.6992
vn -0.6471 0.2548 0.7186
vn -0.6511 0.2304 0.7232
vn -0.6530 0.2181 0.7253
vn -0.6548 0.2058 0.7272
vn -0.6580 0.1812 0.7308
vn -0.6609 0.1564 0.7340
vn -0.6644 0.1192 0.7379
vn -0.6662 0.0942 0.7398
vn -0.6685 0.0439 0.7424
vn -0.6688 0.0315 0.7428
vn -0.6690 0.0188 0.7430
vn -0.6690 -0.0189 0.7430
vn -0.6688 -0.0314 0.7428
vn -0.6685 -0.0439 0.7424
vn -0.6662 -0.0941 0.7398
vn -0.6653 -0.1065 0.7389
vn -0.6644 -0.1192 0.7379
vn -0.6595 -0.1688 0.7325
vn -0.6581 -0.1812 0.7308
vn -0.6548 -0.2059 0.7272
vn -0.6511 -0.2304 0.7231
vn -0.6492 -0.2425 0.7210
vn -0.6471 -0.2547 0.7186
vn -0.6449 -0.2669 0.7162
vn -0.6425 -0.2791 0.7136
vn -0.6237 -0.3623 0.6927
vn -0.6206 -0.3739 0.6892
vn -0.6174 -0.3856 0.6857
vn -0.6141 -0.3971 0.6820
vn -0.6037 -0.4314 0.6704
vn -0.6000 -0.4427 0.6664
vn -0.5923 -0.4651 0.6579
vn -0.5884 -0.4763 0.6534
vn -0.5843 -0.4873 0.6490
vn -0.5802 -0.4982 0.6443
vn -0.5716 -0.5199 0.6348
vn -0.5672 -0.5306 0.6299
vn -0.5581 -0.5516 0.6199
vn -0.5486 -0.5725 0.6093
vn -0.5438 -0.5827 0.6039
vn -0.5389 -0.5928 0.5985
vn -0.5338 -0.6029 0.5929
vn -0.5182 -0.6326 0.5755
vn -0.5129 -0.6422 0.5696
vn -0.5019 -0.6613 0.5574
vn -0.4906 -0.6800 0.5449
vn -0.4791 -0.6981 0.5321
vn -0.4732 -0.7071 0.5255
vn -0.4672 -0.7159 0.5189
vn -0.4550 -0.7333 0.5053
vn -0.4488 -0.7418 0.4984
vn -0.4425 -0.7501 0.4915
vn -0.4362 -0.7584 0.4844
vn -0.4297 -0.7665 0.4772
vn -0.4101 -0.7901 0.4555
vn -0.3830 -0.8200 0.4254
vn -0.3691 -0.8341 0.4100
vn -0.3334 -0.8671 0.3702
vn -0.3112 -0.8852 0.3457
vn -0.2963 -0.8966 0.3290
vn -0.2887 -0.9021 0.3206
vn -0.2735 -0.9127 0.3037
vn -0.2580 -0.9227 0.2866
vn -0.2502 -0.9274 0.2779
vn -0.2345 -0.9366 0.2605
vn -0.1378 -0.9786 0.1530
vn 0.1047 -0.9877 -0.1163
vn 0.1377 -0.9786 -0.1530
vn 0.1460 -0.9759 -0.1621
vn 0.2187 -0.9451 -0.2429
vn 0.2267 -0.9409 -0.2517
vn 0.2502 -0.9275 -0.2779
vn 0.2580 -0.9227 -0.2866
vn 0.2963 -0.8966 -0.3291
vn 0.3112 -0.8852 -0.3457
vn 0.3334 -0.8671 -0.3702
vn 0.3550 -0.8477 -0.3942
vn 0.3621 -0.8409 -0.4021
vn 0.3691 -0.8341 -0.4100
vn 0.4034 -0.7978 -0.4480
vn 0.4101 -0.7902 -0.4555
vn 0.4297 -0.7665 -0.4773
vn 0.4362 -0.7583 -0.4844
vn 0.4611 -0.7246 -0.5121
vn 0.4672 -0.7159 -0.5189
vn 0.4731 -0.7071 -0.5255
vn 0.4791 -0.6982 -0.5320
vn 0.4907 -0.6799 -0.5449
vn 0.5019 -0.6613 -0.5574
vn 0.5183 -0.6325 -0.5756
vn 0.5235 -0.6228 -0.5814
vn 0.5338 -0.6029 -0.5929
vn 0.5389 -0.5929 -0.5985
vn 0.5438 -0.5827 -0.6040
vn 0.5486 -0.5725 -0.6093
vn 0.5535 -0.5620 -0.6147
vn 0.5672 -0.5305 -0.6299
vn 0.5716 -0.5198 -0.6349
vn 0.5760 -0.5090 -0.6397
vn 0.5802 -0.4982 -0.6443
vn 0.5843 -0.4872 -0.6490
vn 0.5884 -0.4762 -0.6535
vn 0.5923 -0.4652 -0.6579
vn 0.6000 -0.4427 -0.6663
vn 0.6036 -0.4315 -0.6704
vn 0.6107 -0.4086 -0.6783
vn 0.6237 -0.3623 -0.6927
vn 0.6296 -0.3388 -0.6992
vn 0.6377 -0.3031 -0.7082
vn 0.6402 -0.2910 -0.7110
vn 0.6471 -0.2547 -0.7186
vn 0.6491 -0.2426 -0.7210
vn 0.6511 -0.2303 -0.7232
vn 0.6530 -0.2181 -0.7253
vn 0.6548 -0.2059 -0.7272
vn 0.6581 -0.1812 -0.7308
vn 0.6633 -0.1316 -0.7367
vn 0.6644 -0.1192 -0.7379
vn 0.6662 -0.0942 -0.7398
vn 0.6675 -0.0691 -0.7414
vn 0.6685 -0.0440 -0.7424
vn 0.6688 -0.0314 -0.7428
vn -0.7555 -0.0013 -0.6551
vn -0.7416 -0.0017 -0.6708
vn -0.7550 0.0034 -0.6557
vn -0.7337 0.0012 -0.6795
vn -0.7407 0.0008 -0.6718
vn -0.7405 0.0021 -0.6721
vn -0.7405 0.0013 -0.6720
vn -0.7622 -0.0011 -0.6474
vn -0.7383 0.0007 -0.6745
vn -0.7192 0.0016 -0.6948
vn -0.7477 0.0001 -0.6640
vn -0.7381 0.0003 -0.6747
vn -0.7618 0.0004 -0.6478
vn -0.7385 -0.0001 -0.6743
vn -0.7472 0.0002 -0.6646
vn -0.7484 0.0002 -0.6633
vn -0.7624 -0.0000 -0.6472
vn -0.7553 -0.0000 -0.6554
vn -0.7484 -0.0002 -0.6633
vn -0.7401 -0.0002 -0.6725
vn -0.7385 0.0001 -0.6743
vn -0.7482 -0.0004 -0.6635
vn -0.7470 -0.0002 -0.6649
vn -0.7109 -0.0016 -0.7033
vn -0.7383 -0.0008 -0.6745
vn -0.7477 -0.0000 -0.6640
vn -0.7682 0.0004 -0.6402
vn -0.7415 -0.0012 -0.6710
vn -0.7408 -0.0021 -0.6717
vn -0.7410 -0.0008 -0.6715
vn -0.7260 -0.0025 -0.6877
vn -0.7620 -0.0034 -0.6476
vn -0.7558 0.0017 -0.6548
vn -0.7554 -0.0004 -0.6553
vn -0.7486 -0.0008 -0.6630
vn -0.7481 -0.0000 -0.6636
vn -0.7337 -0.0000 -0.6795
vn -0.7336 0.0008 -0.6796
vn -0.7413 -0.0000 -0.6712
vn -0.7479 -0.0000 -0.6638
vn -0.7472 -0.0008 -0.6647
vn -0.7340 -0.0004 -0.6792
vn -0.7405 0.0004 -0.6721
vn -0.7479 -0.0000 -0.6639
vn -0.7333 0.0008 -0.6799
vn -0.7480 -0.0000 -0.6637
vn -0.7402 -0.0002 -0.6723
vn -0.7480 -0.0001 -0.6637
vn -0.7478 -0.0000 -0.6639
vn -0.7405 -0.0000 -0.6721
vn -0.7477 0.0003 -0.6640
vn -0.7406 -0.0001 -0.6719
vn -0.7403 0.0001 -0.6723
vn -0.7481 -0.0001 -0.6636
vn -0.7334 -0.0000 -0.6798
vn -0.7478 0.0004 -0.6639
vn -0.7480 -0.0003 -0.6637
vn -0.7403 -0.0000 -0.6723
vn -0.7477 -0.0008 -0.6640
vn -0.7551 -0.0000 -0.6556
vn -0.7407 -0.0004 -0.6719
vn -0.7406 -0.0000 -0.6719
vn -0.7407 0.0017 -0.6718
vn -0.7407 -0.0000 -0.6718
vn -0.7404 -0.0008 -0.6721
vn -0.7478 0.0008 -0.6640
vn -0.7550 0.0017 -0.6557
vn -0.7435 -0.0000 -0.6687
vn -0.7389 -0.0000 -0.6738
vn -0.7429 -0.0001 -0.6694
vn -0.7436 -0.0000 -0.6687
vn -0.7425 -0.0000 -0.6699
vn -0.7425 -0.0000 -0.6698
vt 1.000000 1.000000
vt 0.875000 0.500000
vt 1.000000 0.500000
vt 0.875000 1.000000
vt 0.834324 0.822006
vt 0.834324 0.679782
vt 0.750000 1.000000
vt 0.625000 0.951275
vt 0.750000 0.951276
vt 0.625000 0.679782
vt 0.750000 0.822006
vt 0.625000 0.822006
vt 0.625000 0.500000
vt 0.750000 0.550512
vt 0.625000 0.550512
vt 0.500000 1.000000
vt 0.542949 0.679782
vt 0.542949 0.822006
vt 0.375000 0.500000
vt 0.500000 0.500000
vt 0.375000 1.000000
vt 0.334324 0.822006
vt 0.334324 0.679782
vt 0.250000 0.010000
vt 0.490000 0.250000
vt 0.250000 0.490000
vt 0.250000 0.679782
vt 0.125000 0.822006
vt 0.125000 0.679782
vt 0.125000 1.000000
vt 0.250000 0.951276
vt 0.250000 1.000000
vt 0.250000 0.500000
vt 0.125000 0.550512
vt 0.125000 0.500000
vt 0.000000 1.000000
vt 0.042949 0.679782
vt 0.042949 0.822006
vt 0.919706 0.419706
vt 0.919706 0.080294
vt 0.580294 0.080294
vt 0.375000 0.411952
vt 0.625000 0.338252
vt 0.375000 0.338252
vt 0.625000 0.838252
vt 0.375000 0.911952
vt 0.625000 0.911952
vt 0.286952 0.500000
vt 0.286748 0.750000
vt 0.310608 0.561966
vt 0.786952 0.750000
vt 0.810608 0.688034
vt 0.786748 0.500000
vt 0.213048 0.750000
vt 0.213252 0.500000
vt 0.810171 0.559253
vt 0.750000 0.500000
vt 0.625000 1.000000
vt 0.043494 0.250000
vt 0.250000 0.043494
vt 0.456506 0.250000
vt 0.000000 0.500000
vt 0.543494 0.250000
vt 0.603978 0.396022
vt 0.896022 0.103978
vt 0.750000 0.456506
vt 0.896022 0.396022
vt 0.250000 0.456506
vt 0.419706 0.419706
vt 0.990000 0.250000
vt 0.956506 0.250000
vt 0.396022 0.396022
vt 0.396022 0.103978
vt 0.750000 0.043494
vt 0.750000 0.010000
vt 0.419706 0.080294
vt 0.603978 0.103978
vt 0.080294 0.080294
vt 0.510000 0.250000
vt 0.103978 0.103978
vt 0.580294 0.419706
vt 0.103978 0.396022
vt 0.010000 0.250000
vt 0.750000 0.490000
vt 0.080294 0.419706
vt 0.833333 0.500000
vt 0.833333 1.000000
vt 0.666667 0.500000
vt 0.500000 1.000000
vt 0.500000 0.500000
vt 0.333333 0.500000
vt 0.042154 0.370000
vt 0.095484 0.339210
vt 0.096049 0.340175
vt 0.301839 0.093120
vt 0.457846 0.130000
vt 0.411782 0.283546
vt 0.333333 1.000000
vt 0.166667 0.500000
vt -0.000000 1.000000
vt -0.000000 0.500000
vt 0.957846 0.130000
vt 0.542154 0.370000
vt 0.528082 0.500000
vt 0.375000 0.376819
vt 0.528082 0.376819
vt 0.515721 0.695361
vt 0.515729 0.696636
vt 0.375000 0.750000
vt 0.375000 0.873182
vt 0.528082 0.750000
vt 0.528082 0.873182
vt 0.251818 0.750000
vt 0.251819 0.500000
vt 1.000000 0.912184
vt 0.998000 0.500000
vt 0.998000 0.912184
vt 0.996000 0.500000
vt 0.996000 0.912184
vt 0.994000 0.912184
vt 0.992000 0.500000
vt 0.992000 0.912184
vt 0.990000 0.500000
vt 0.990000 0.912184
vt 0.988000 0.912184
vt 0.988000 0.500000
vt 0.986000 0.912184
vt 0.984000 0.500000
vt 0.984000 0.912184
vt 0.982000 0.912184
vt 0.980000 0.500000
vt 0.980000 0.912184
vt 0.978000 0.912184
vt 0.978000 0.500000
vt 0.976000 0.912184
vt 0.974000 0.500000
vt 0.974000 0.912184
vt 0.972000 0.500000
vt 0.972000 0.912184
vt 0.970000 0.912184
vt 0.968000 0.500000
vt 0.968000 0.912184
vt 0.966000 0.912184
vt 0.964000 0.500000
vt 0.964000 0.912184
vt 0.962000 0.500000
vt 0.962000 0.912184
vt 0.960001 0.912184
vt 0.958001 0.500000
vt 0.958001 0.912184
vt 0.956001 0.500000
vt 0.954001 0.912184
vt 0.956001 0.912184
vt 0.954001 0.500000
vt 0.952001 0.912184
vt 0.950001 0.500000
vt 0.952001 0.500000
vt 0.948001 0.500000
vt 0.950001 0.912184
vt 0.946001 0.500000
vt 0.948001 0.912184
vt 0.944001 0.912184
vt 0.946001 0.912184
vt 0.944001 0.500000
vt 0.942001 0.912184
vt 0.940001 0.500000
vt 0.942001 0.500000
vt 0.938001 0.500000
vt 0.940001 0.912184
vt 0.936001 0.912184
vt 0.938001 0.912184
vt 0.934001 0.500000
vt 0.936001 0.500000
vt 0.932001 0.500000
vt 0.934001 0.912184
vt 0.930001 0.912184
vt 0.932001 0.912184
vt 0.928001 0.500000
vt 0.930001 0.500000
vt 0.926001 0.912184
vt 0.928001 0.912184
vt 0.924001 0.500000
vt 0.926001 0.500000
vt 0.922001 0.500000
vt 0.924001 0.912184
vt 0.920001 0.912184
vt 0.922001 0.912184
vt 0.920001 0.500000
vt 0.918001 0.912184
vt 0.918001 0.500000
vt 0.916001 0.912184
vt 0.914001 0.500000
vt 0.916001 0.500000
vt 0.912001 0.912184
vt 0.914001 0.912184
vt 0.912001 0.500000
vt 0.910001 0.912184
vt 0.910001 0.500000
vt 0.908001 0.912184
vt 0.906001 0.500000
vt 0.908001 0.500000
vt 0.904001 0.500000
vt 0.906001 0.912184
vt 0.902001 0.500000
vt 0.904001 0.912184
vt 0.900001 0.500000
vt 0.902001 0.912184
vt 0.898001 0.912184
vt 0.900001 0.912184
vt 0.896001 0.500000
vt 0.898001 0.500000
vt 0.894001 0.912184
vt 0.896001 0.912184
vt 0.894001 0.500000
vt 0.892001 0.912184
vt 0.890001 0.500000
vt 0.892001 0.500000
vt 0.888001 0.912184
vt 0.890001 0.912184
vt 0.886001 0.500000
vt 0.888001 0.500000
vt 0.884001 0.912184
vt 0.886001 0.912184
vt 0.884001 0.500000
vt 0.882002 0.912184
vt 0.880002 0.500000
vt 0.882002 0.500000
vt 0.878002 0.912184
vt 0.880002 0.912184
vt 0.878002 0.500000
vt 0.876002 0.912184
vt 0.874002 0.500000
vt 0.876002 0.500000
vt 0.872002 0.500000
vt 0.874002 0.912184
vt 0.870002 0.912184
vt 0.872002 0.912184
vt 0.868002 0.500000
vt 0.870002 0.500000
vt 0.866002 0.500000
vt 0.868002 0.912184
vt 0.864002 0.912184
vt 0.866002 0.912184
vt 0.862002 0.500000
vt 0.864002 0.500000
vt 0.860002 0.912184
vt 0.862002 0.912184
vt 0.858002 0.500000
vt 0.860002 0.500000
vt 0.856002 0.912184
vt 0.858002 0.912184
vt 0.854002 0.500000
vt 0.856002 0.500000
vt 0.852002 0.912184
vt 0.854002 0.912184
vt 0.852002 0.500000
vt 0.850002 0.912184
vt 0.848002 0.500000
vt 0.850002 0.500000
vt 0.846002 0.500000
vt 0.848002 0.912184
vt 0.844002 0.912184
vt 0.846002 0.912184
vt 0.842002 0.500000
vt 0.844002 0.500000
vt 0.840002 0.500000
vt 0.842002 0.912184
vt 0.838002 0.500000
vt 0.840002 0.912184
vt 0.836002 0.912184
vt 0.838002 0.912184
vt 0.836002 0.500000
vt 0.834002 0.912184
vt 0.832002 0.500000
vt 0.834002 0.500000
vt 0.830002 0.912184
vt 0.832002 0.912184
vt 0.828002 0.500000
vt 0.828002 0.688828
vt 0.829492 0.688828
vt 0.826002 0.500000
vt 0.824002 0.688828
vt 0.826002 0.688828
vt 0.824002 0.500000
vt 0.822002 0.688828
vt 0.822002 0.500000
vt 0.820002 0.688828
vt 0.820002 0.500000
vt 0.818002 0.688828
vt 0.816002 0.500000
vt 0.818002 0.500000
vt 0.814002 0.688828
vt 0.816002 0.688828
vt 0.812002 0.500000
vt 0.814002 0.500000
vt 0.810002 0.500000
vt 0.812002 0.688828
vt 0.808002 0.500000
vt 0.810002 0.688828
vt 0.806002 0.500000
vt 0.808002 0.688828
vt 0.804003 0.688828
vt 0.806002 0.688828
vt 0.802003 0.500000
vt 0.804003 0.500000
vt 0.800003 0.500000
vt 0.802003 0.688828
vt 0.798003 0.500000
vt 0.800003 0.688828
vt 0.796003 0.688828
vt 0.798003 0.688828
vt 0.794003 0.500000
vt 0.796003 0.500000
vt 0.792003 0.688828
vt 0.794003 0.688828
vt 0.792003 0.500000
vt 0.790003 0.688828
vt 0.790003 0.500000
vt 0.788003 0.688828
vt 0.788003 0.500000
vt 0.786003 0.688828
vt 0.784003 0.500000
vt 0.786003 0.500000
vt 0.782003 0.500000
vt 0.784003 0.688828
vt 0.780003 0.500000
vt 0.782003 0.688828
vt 0.778003 0.688828
vt 0.780003 0.688828
vt 0.778003 0.500000
vt 0.776003 0.688828
vt 0.776003 0.500000
vt 0.774003 0.688828
vt 0.772003 0.500000
vt 0.774003 0.500000
vt 0.770003 0.688828
vt 0.772003 0.688828
vt 0.770003 0.500000
vt 0.768003 0.688828
vt 0.766003 0.500000
vt 0.768003 0.500000
vt 0.764003 0.688828
vt 0.766003 0.688828
vt 0.762003 0.500000
vt 0.764003 0.500000
vt 0.760003 0.500000
vt 0.762003 0.688828
vt 0.758003 0.688828
vt 0.760003 0.688828
vt 0.756003 0.500000
vt 0.758003 0.500000
vt 0.754003 0.688828
vt 0.756003 0.688828
vt 0.754003 0.500000
vt 0.752003 0.688828
vt 0.750003 0.500000
vt 0.752003 0.500000
vt 0.748003 0.500000
vt 0.750003 0.688828
vt 0.746003 0.688828
vt 0.748003 0.688828
vt 0.744003 0.500000
vt 0.746003 0.500000
vt 0.742003 0.688828
vt 0.744003 0.688828
vt 0.742003 0.500000
vt 0.740003 0.688828
vt 0.738003 0.500000
vt 0.740003 0.500000
vt 0.736003 0.688828
vt 0.738003 0.688828
vt 0.734003 0.500000
vt 0.736003 0.500000
vt 0.732003 0.688828
vt 0.734003 0.688828
vt 0.732003 0.500000
vt 0.730003 0.688828
vt 0.730003 0.500000
vt 0.728004 0.688828
vt 0.726004 0.500000
vt 0.728004 0.500000
vt 0.724004 0.500000
vt 0.726004 0.688829
vt 0.722004 0.688829
vt 0.724004 0.688829
vt 0.720004 0.500000
vt 0.722004 0.500000
vt 0.718004 0.688829
vt 0.720004 0.688829
vt 0.716004 0.500000
vt 0.718004 0.500000
vt 0.714004 0.688829
vt 0.716004 0.688829
vt 0.714004 0.500000
vt 0.712004 0.688829
vt 0.710004 0.500000
vt 0.712004 0.500000
vt 0.708004 0.500000
vt 0.710004 0.688829
vt 0.706004 0.500000
vt 0.708004 0.688829
vt 0.704004 0.688829
vt 0.706004 0.688829
vt 0.704004 0.500000
vt 0.702004 0.688829
vt 0.700004 0.500000
vt 0.702004 0.500000
vt 0.698004 0.500000
vt 0.700004 0.688829
vt 0.696004 0.688829
vt 0.698004 0.688829
vt 0.696004 0.500000
vt 0.694004 0.688829
vt 0.692004 0.500000
vt 0.694004 0.500000
vt 0.690004 0.500000
vt 0.692004 0.688829
vt 0.688004 0.688829
vt 0.690004 0.688829
vt 0.686004 0.500000
vt 0.688004 0.500000
vt 0.684004 0.500000
vt 0.686004 0.688829
vt 0.682004 0.500000
vt 0.684004 0.688829
vt 0.680004 0.688829
vt 0.682004 0.688829
vt 0.678004 0.500000
vt 0.680004 0.500000
vt 0.676004 0.688829
vt 0.678004 0.688829
vt 0.674004 0.500000
vt 0.676004 0.500000
vt 0.672004 0.688829
vt 0.674004 0.688829
vt 0.670515 0.688829
vt 0.672004 0.500000
vt 0.670004 0.500000
vt 0.668004 0.912185
vt 0.670004 0.912185
vt 0.666004 0.500000
vt 0.668004 0.500000
vt 0.664004 0.500000
vt 0.666004 0.912185
vt 0.662004 0.912185
vt 0.664004 0.912185
vt 0.660004 0.500000
vt 0.662004 0.500000
vt 0.658004 0.500000
vt 0.660004 0.912185
vt 0.656004 0.912185
vt 0.658004 0.912185
vt 0.654004 0.500000
vt 0.656004 0.500000
vt 0.652004 0.912185
vt 0.654004 0.912185
vt 0.650005 0.500000
vt 0.652004 0.500000
vt 0.648005 0.500000
vt 0.650005 0.912185
vt 0.646005 0.912185
vt 0.648005 0.912185
vt 0.646005 0.500000
vt 0.644005 0.912185
vt 0.644005 0.500000
vt 0.642005 0.912185
vt 0.640005 0.500000
vt 0.642005 0.500000
vt 0.638005 0.500000
vt 0.640005 0.912185
vt 0.636005 0.500000
vt 0.638005 0.912185
vt 0.634005 0.500000
vt 0.636005 0.912185
vt 0.632005 0.500000
vt 0.634005 0.912185
vt 0.630005 0.500000
vt 0.632005 0.912185
vt 0.628005 0.912185
vt 0.630005 0.912185
vt 0.626005 0.500000
vt 0.628005 0.500000
vt 0.624005 0.912185
vt 0.626005 0.912185
vt 0.622005 0.500000
vt 0.624005 0.500000
vt 0.620005 0.912185
vt 0.622005 0.912185
vt 0.618005 0.500000
vt 0.620005 0.500000
vt 0.616005 0.912185
vt 0.618005 0.912185
vt 0.614005 0.500000
vt 0.616005 0.500000
vt 0.612005 0.912185
vt 0.614005 0.912185
vt 0.610005 0.500000
vt 0.612005 0.500000
vt 0.608005 0.912185
vt 0.610005 0.912185
vt 0.606005 0.500000
vt 0.608005 0.500000
vt 0.604005 0.500000
vt 0.606005 0.912185
vt 0.602005 0.912185
vt 0.604005 0.912185
vt 0.602005 0.500000
vt 0.600005 0.912185
vt 0.598005 0.500000
vt 0.600005 0.500000
vt 0.596005 0.500000
vt 0.598005 0.912185
vt 0.594005 0.500000
vt 0.596005 0.912185
vt 0.592005 0.912185
vt 0.594005 0.912185
vt 0.590005 0.500000
vt 0.592005 0.500000
vt 0.588005 0.912185
vt 0.590005 0.912185
vt 0.588005 0.500000
vt 0.586005 0.912185
vt 0.584005 0.500000
vt 0.586005 0.500000
vt 0.582005 0.500000
vt 0.584005 0.912185
vt 0.580005 0.500000
vt 0.582005 0.912185
vt 0.578005 0.912185
vt 0.580005 0.912185
vt 0.578005 0.500000
vt 0.576005 0.912185
vt 0.574005 0.500000
vt 0.576005 0.500000
vt 0.572006 0.912185
vt 0.574005 0.912185
vt 0.572006 0.500000
vt 0.570006 0.912185
vt 0.568006 0.500000
vt 0.570006 0.500000
vt 0.566006 0.500000
vt 0.568006 0.912185
vt 0.564006 0.912185
vt 0.566006 0.912185
vt 0.564006 0.500000
vt 0.562006 0.912185
vt 0.562006 0.500000
vt 0.560006 0.912185
vt 0.558006 0.500000
vt 0.560006 0.500000
vt 0.556006 0.500000
vt 0.558006 0.912185
vt 0.554006 0.912185
vt 0.556006 0.912185
vt 0.552006 0.500000
vt 0.554006 0.500000
vt 0.550006 0.500000
vt 0.552006 0.912185
vt 0.548006 0.500000
vt 0.550006 0.912185
vt 0.546006 0.500000
vt 0.548006 0.912185
vt 0.544006 0.912185
vt 0.546006 0.912185
vt 0.542006 0.500000
vt 0.544006 0.500000
vt 0.540006 0.500000
vt 0.542006 0.912185
vt 0.538006 0.912185
vt 0.540006 0.912185
vt 0.538006 0.500000
vt 0.536006 0.912185
vt 0.536006 0.500000
vt 0.534006 0.912185
vt 0.532006 0.500000
vt 0.534006 0.500000
vt 0.530006 0.912185
vt 0.532006 0.912185
vt 0.530006 0.500000
vt 0.528006 0.912185
vt 0.528006 0.500000
vt 0.526006 0.912185
vt 0.524006 0.500000
vt 0.526006 0.500000
vt 0.522006 0.500000
vt 0.524006 0.912185
vt 0.520006 0.912185
vt 0.522006 0.912185
vt 0.520006 0.500000
vt 0.518006 0.912185
vt 0.516006 0.500000
vt 0.518006 0.500000
vt 0.514006 0.912185
vt 0.516006 0.912185
vt 0.514006 0.500000
vt 0.512006 0.912185
vt 0.512006 0.500000
vt 0.510006 0.912185
vt 0.508006 0.500000
vt 0.510006 0.500000
vt 0.506006 0.912185
vt 0.508006 0.912185
vt 0.506006 0.500000
vt 0.504006 0.912185
vt 0.504006 0.500000
vt 0.502006 0.912185
vt 0.500006 0.500000
vt 0.502006 0.500000
vt 0.498006 0.500000
vt 0.500006 0.912185
vt 0.496006 0.500000
vt 0.498006 0.912185
vt 0.494006 0.500000
vt 0.496006 0.912185
vt 0.492006 0.912185
vt 0.494006 0.912185
vt 0.490006 0.500000
vt 0.492006 0.500000
vt 0.488006 0.500000
vt 0.490006 0.912185
vt 0.486006 0.500000
vt 0.488006 0.912185
vt 0.484006 0.500000
vt 0.486006 0.912185
vt 0.482006 0.500000
vt 0.484006 0.912185
vt 0.480006 0.912185
vt 0.482006 0.912185
vt 0.478006 0.500000
vt 0.480006 0.500000
vt 0.476006 0.912185
vt 0.478006 0.912185
vt 0.476006 0.500000
vt 0.474006 0.912185
vt 0.472006 0.500000
vt 0.474006 0.500000
vt 0.470006 0.500000
vt 0.472006 0.912185
vt 0.468006 0.500000
vt 0.470006 0.912185
vt 0.466006 0.912185
vt 0.468006 0.912185
vt 0.464006 0.500000
vt 0.466006 0.500000
vt 0.462006 0.500000
vt 0.464006 0.912185
vt 0.460006 0.500000
vt 0.462006 0.912185
vt 0.458006 0.912185
vt 0.460006 0.912185
vt 0.458006 0.500000
vt 0.456006 0.912185
vt 0.454006 0.500000
vt 0.454006 0.912185
vt 0.452006 0.912185
vt 0.452006 0.500000
vt 0.450006 0.912185
vt 0.448006 0.500000
vt 0.448006 0.912185
vt 0.446006 0.912185
vt 0.444006 0.500000
vt 0.444006 0.912185
vt 0.442006 0.500000
vt 0.442006 0.912185
vt 0.440006 0.912185
vt 0.440006 0.500000
vt 0.438006 0.912185
vt 0.436006 0.500000
vt 0.436006 0.912185
vt 0.434006 0.500000
vt 0.434006 0.912185
vt 0.432006 0.912185
vt 0.432006 0.500000
vt 0.430006 0.912185
vt 0.428006 0.500000
vt 0.428006 0.912185
vt 0.426006 0.500000
vt 0.426006 0.912185
vt 0.424006 0.500000
vt 0.424006 0.912185
vt 0.422006 0.912185
vt 0.420006 0.500000
vt 0.420006 0.912185
vt 0.418006 0.912185
vt 0.418006 0.500000
vt 0.416006 0.912185
vt 0.414006 0.500000
vt 0.414006 0.912185
vt 0.412006 0.500000
vt 0.412006 0.912185
vt 0.410006 0.500000
vt 0.410006 0.912185
vt 0.408006 0.912185
vt 0.406006 0.500000
vt 0.406006 0.912185
vt 0.404006 0.912185
vt 0.404006 0.500000
vt 0.402006 0.912185
vt 0.400006 0.500000
vt 0.400006 0.912185
vt 0.398006 0.500000
vt 0.398006 0.912185
vt 0.396006 0.500000
vt 0.396006 0.912185
vt 0.394006 0.912185
vt 0.394006 0.500000
vt 0.392006 0.912185
vt 0.390006 0.500000
vt 0.390006 0.912185
vt 0.388006 0.912185
vt 0.386006 0.500000
vt 0.386006 0.912185
vt 0.384006 0.912185
vt 0.382006 0.500000
vt 0.382006 0.912185
vt 0.380006 0.912185
vt 0.378006 0.500000
vt 0.378006 0.912185
vt 0.376006 0.912185
vt 0.374006 0.500000
vt 0.374006 0.912185
vt 0.372006 0.912185
vt 0.372006 0.500000
vt 0.370006 0.912185
vt 0.368006 0.500000
vt 0.368006 0.912185
vt 0.366006 0.912185
vt 0.366006 0.500000
vt 0.364006 0.912185
vt 0.364006 0.500000
vt 0.362006 0.912185
vt 0.362006 0.500000
vt 0.360006 0.912185
vt 0.358006 0.500000
vt 0.358006 0.912185
vt 0.356006 0.912185
vt 0.354006 0.500000
vt 0.354006 0.912185
vt 0.352006 0.500000
vt 0.352006 0.912185
vt 0.350006 0.912185
vt 0.350006 0.500000
vt 0.348006 0.912185
vt 0.346006 0.500000
vt 0.346006 0.912185
vt 0.344006 0.500000
vt 0.344006 0.912185
vt 0.342006 0.912185
vt 0.342006 0.500000
vt 0.340006 0.912185
vt 0.340006 0.500000
vt 0.338006 0.912185
vt 0.336006 0.500000
vt 0.336006 0.912185
vt 0.334006 0.500000
vt 0.334006 0.912185
vt 0.332006 0.912185
vt 0.330006 0.500000
vt 0.330006 0.912185
vt 0.328006 0.500000
vt 0.328006 0.912185
vt 0.326006 0.912185
vt 0.326006 0.500000
vt 0.324006 0.912185
vt 0.322006 0.500000
vt 0.322006 0.912185
vt 0.320006 0.912185
vt 0.320006 0.500000
vt 0.318006 0.912185
vt 0.318006 0.500000
vt 0.316006 0.912185
vt 0.314006 0.500000
vt 0.314006 0.912185
vt 0.312006 0.912185
vt 0.310006 0.500000
vt 0.310006 0.912185
vt 0.308006 0.912185
vt 0.308006 0.500000
vt 0.306006 0.912185
vt 0.304006 0.500000
vt 0.304006 0.912185
vt 0.302006 0.912185
vt 0.302006 0.500000
vt 0.300006 0.912185
vt 0.298006 0.500000
vt 0.298006 0.912185
vt 0.296006 0.500000
vt 0.296006 0.912185
vt 0.294006 0.912185
vt 0.292006 0.500000
vt 0.292006 0.912185
vt 0.290006 0.500000
vt 0.290006 0.912185
vt 0.288006 0.912185
vt 0.286006 0.500000
vt 0.286006 0.912185
vt 0.284006 0.500000
vt 0.284006 0.912185
vt 0.282006 0.500000
vt 0.282006 0.912185
vt 0.280006 0.912185
vt 0.278006 0.500000
vt 0.278006 0.912185
vt 0.276006 0.500000
vt 0.276006 0.912185
vt 0.274006 0.912185
vt 0.272006 0.500000
vt 0.272006 0.912185
vt 0.270006 0.500000
vt 0.270006 0.912185
vt 0.268006 0.500000
vt 0.268006 0.912185
vt 0.266006 0.912185
vt 0.264006 0.500000
vt 0.264006 0.912185
vt 0.262006 0.912185
vt 0.262006 0.500000
vt 0.260006 0.912185
vt 0.258006 0.500000
vt 0.258006 0.912185
vt 0.256006 0.500000
vt 0.256006 0.912185
vt 0.254006 0.912185
vt 0.252006 0.500000
vt 0.252006 0.912185
vt 0.250006 0.912185
vt 0.250006 0.500000
vt 0.248006 0.912185
vt 0.248006 0.500000
vt 0.246006 0.912185
vt 0.244006 0.500000
vt 0.244006 0.912185
vt 0.242006 0.912185
vt 0.242006 0.500000
vt 0.240006 0.912185
vt 0.240006 0.500000
vt 0.238006 0.912185
vt 0.236006 0.500000
vt 0.236006 0.912185
vt 0.234006 0.912185
vt 0.232006 0.500000
vt 0.232006 0.912185
vt 0.230006 0.500000
vt 0.230006 0.912185
vt 0.228006 0.500000
vt 0.228006 0.912185
vt 0.226006 0.912185
vt 0.224006 0.500000
vt 0.224006 0.912185
vt 0.222006 0.500000
vt 0.222006 0.912185
vt 0.220006 0.500000
vt 0.220006 0.912185
vt 0.218006 0.912185
vt 0.218006 0.500000
vt 0.216006 0.912185
vt 0.214006 0.500000
vt 0.214006 0.912185
vt 0.212006 0.912185
vt 0.210006 0.500000
vt 0.210006 0.912185
vt 0.208006 0.912185
vt 0.206006 0.500000
vt 0.206006 0.912185
vt 0.204006 0.912185
vt 0.202006 0.500000
vt 0.202006 0.912185
vt 0.200006 0.912185
vt 0.198006 0.500000
vt 0.198006 0.912185
vt 0.196006 0.912185
vt 0.194006 0.500000
vt 0.194006 0.912185
vt 0.192006 0.912185
vt 0.192006 0.500000
vt 0.190006 0.912185
vt 0.190006 0.500000
vt 0.188006 0.912185
vt 0.188006 0.500000
vt 0.186006 0.912185
vt 0.184006 0.500000
vt 0.184006 0.912185
vt 0.182006 0.912185
vt 0.180006 0.500000
vt 0.180006 0.912184
vt 0.178006 0.912184
vt 0.176006 0.500000
vt 0.176006 0.912184
vt 0.174006 0.500000
vt 0.174006 0.912184
vt 0.172006 0.912184
vt 0.170006 0.500000
vt 0.170006 0.912184
vt 0.168006 0.912184
vt 0.168006 0.500000
vt 0.166006 0.912184
vt 0.164006 0.500000
vt 0.164006 0.912184
vt 0.162006 0.500000
vt 0.162006 0.912184
vt 0.160006 0.912184
vt 0.160006 0.500000
vt 0.158006 0.912184
vt 0.158006 0.500000
vt 0.156006 0.912184
vt 0.154006 0.500000
vt 0.154006 0.912184
vt 0.152006 0.912184
vt 0.152006 0.500000
vt 0.150006 0.912184
vt 0.148006 0.500000
vt 0.148006 0.912184
vt 0.146006 0.500000
vt 0.146006 0.912184
vt 0.144006 0.912184
vt 0.144006 0.500000
vt 0.142006 0.912184
vt 0.142006 0.500000
vt 0.140006 0.912184
vt 0.138006 0.500000
vt 0.138006 0.912184
vt 0.136006 0.912184
vt 0.136006 0.500000
vt 0.134006 0.912184
vt 0.134006 0.500000
vt 0.132006 0.912184
vt 0.132006 0.500000
vt 0.130006 0.912184
vt 0.128006 0.500000
vt 0.128006 0.912184
vt 0.126006 0.500000
vt 0.126006 0.912184
vt 0.124006 0.912184
vt 0.122006 0.500000
vt 0.122006 0.912184
vt 0.120006 0.500000
vt 0.120006 0.912184
vt 0.118006 0.912184
vt 0.116006 0.500000
vt 0.116006 0.912184
vt 0.114006 0.500000
vt 0.114006 0.912184
vt 0.112006 0.912184
vt 0.110006 0.500000
vt 0.110006 0.912184
vt 0.108006 0.912184
vt 0.106006 0.500000
vt 0.106006 0.912184
vt 0.104006 0.500000
vt 0.104006 0.912184
vt 0.102006 0.500000
vt 0.102006 0.912184
vt 0.100006 0.912184
vt 0.100006 0.500000
vt 0.098006 0.912184
vt 0.098006 0.500000
vt 0.096006 0.912184
vt 0.096006 0.500000
vt 0.094006 0.912184
vt 0.094006 0.500000
vt 0.092006 0.912184
vt 0.090006 0.500000
vt 0.090006 0.912184
vt 0.088006 0.500000
vt 0.088006 0.912184
vt 0.086006 0.500000
vt 0.086006 0.912184
vt 0.084006 0.912184
vt 0.082006 0.500000
vt 0.082006 0.912184
vt 0.080006 0.500000
vt 0.080006 0.912184
vt 0.078006 0.500000
vt 0.078006 0.912184
vt 0.076006 0.912184
vt 0.076006 0.500000
vt 0.074006 0.912184
vt 0.072006 0.500000
vt 0.072006 0.912184
vt 0.070006 0.912184
vt 0.068006 0.500000
vt 0.068006 0.912184
vt 0.066006 0.912184
vt 0.066006 0.500000
vt 0.064006 0.912184
vt 0.062006 0.500000
vt 0.062006 0.912184
vt 0.060006 0.912184
vt 0.060006 0.500000
vt 0.058006 0.912184
vt 0.056006 0.500000
vt 0.056006 0.912184
vt 0.054006 0.500000
vt 0.054006 0.912184
vt 0.052006 0.912184
vt 0.050006 0.500000
vt 0.050006 0.912184
vt 0.048006 0.912184
vt 0.046006 0.500000
vt 0.046006 0.912184
vt 0.044006 0.500000
vt 0.044006 0.912184
vt 0.042006 0.912184
vt 0.042006 0.500000
vt 0.040006 0.912184
vt 0.038006 0.500000
vt 0.038006 0.912184
vt 0.036006 0.912184
vt 0.036006 0.500000
vt 0.034006 0.912184
vt 0.032006 0.500000
vt 0.032006 0.912184
vt 0.030006 0.912184
vt 0.028006 0.500000
vt 0.028006 0.912184
vt 0.026006 0.912184
vt 0.026006 0.500000
vt 0.024006 0.912184
vt 0.022006 0.500000
vt 0.022006 0.912184
vt 0.020006 0.500000
vt 0.020006 0.912184
vt 0.018006 0.912184
vt 0.016006 0.500000
vt 0.016006 0.912184
vt 0.014006 0.912184
vt 0.012006 0.500000
vt 0.012006 0.912184
vt 0.010006 0.500000
vt 0.010006 0.912184
vt 0.008006 0.912184
vt 0.008006 0.500000
vt 0.006006 0.912184
vt 0.004006 0.500000
vt 0.004006 0.912184
vt 0.002006 0.912184
vt 0.002006 0.500000
vt 0.000006 0.912184
vt 0.737941 0.489697
vt 0.713946 0.487276
vt 0.786054 0.487276
vt 0.625000 0.000000
vt 0.375000 0.250000
vt 0.375000 0.000000
vt 0.625000 0.250000
vt 0.625000 0.750000
vt 0.125000 0.750000
vt 0.875000 0.750000
vt 0.625000 0.224013
vt 0.375000 0.025987
vt 0.375000 0.724013
vt 0.625000 0.724013
vt 0.625000 0.525987
vt 0.375000 0.525987
vt 0.125000 0.525987
vt 0.875000 0.724013
vt 0.875000 0.525987
vt 0.382781 0.454702
vt 0.617220 0.295298
vt 0.382781 0.295298
vt 0.617220 0.795298
vt 0.382781 0.954702
vt 0.617219 0.954702
vt 0.392510 0.220672
vt 0.624198 0.500000
vt 0.399745 0.706327
vt 0.875000 0.708346
vt 0.625000 0.708346
vt 0.375000 0.291199
vt 0.605002 0.458800
vt 0.605002 0.291199
vt 0.375000 0.958801
vt 0.613064 0.791200
vt 0.375000 0.791199
vt 0.166199 0.500000
vt 0.333801 0.750000
vt 0.333800 0.500000
vt 0.379257 0.295298
vt 0.400937 0.454702
vt 0.400937 0.295298
vt 0.375000 0.795298
vt 0.385127 0.954702
vt 0.385127 0.795298
vt 0.170298 0.750000
vt 0.329702 0.728982
vt 0.170298 0.728982
vt 0.250000 0.420678
vt 0.250000 0.079322
vt 0.750000 0.079322
vt 0.750000 0.420678
vt 0.875000 0.572945
vt 1.000000 0.927055
vt 1.000000 0.572945
vt 0.875000 0.927055
vt 0.750000 0.572945
vt 0.750000 0.927055
vt 0.625000 0.927055
vt 0.625000 0.572945
vt 0.500000 0.927055
vt 0.500000 0.572945
vt 0.375000 0.927055
vt 0.375000 0.572945
vt 0.250000 0.927055
vt 0.250000 0.572945
vt 0.125000 0.572945
vt 0.000000 0.572945
vt 0.125000 0.927055
vt 0.834324 0.550512
vt 0.834324 0.951275
vt 0.750000 0.679782
vt 0.542949 0.951275
vt 0.542949 0.550512
vt 0.334324 0.550512
vt 0.250000 0.550512
vt 0.334324 0.951275
vt 0.250000 0.822006
vt 0.125000 0.951275
vt 0.042949 0.951275
vt 0.042949 0.550512
vt 0.625000 0.411952
vt 0.375000 0.838252
vt 0.189829 0.559253
vt 0.189392 0.688034
vt 0.310171 0.690747
vt 0.713048 0.500000
vt 0.713252 0.750000
vt 0.689392 0.561966
vt 0.689829 0.690747
vt 0.666667 1.000000
vt 0.261526 0.292850
vt 0.261518 0.292565
vt 0.457846 0.370000
vt 0.238687 0.354261
vt 0.237170 0.355905
vt 0.249809 0.338887
vt 0.250358 0.337913
vt 0.042154 0.130000
vt 0.151869 0.208159
vt 0.154051 0.207666
vt 0.172926 0.205722
vt 0.174044 0.205734
vt 0.218897 0.218742
vt 0.218654 0.218593
vt 0.217694 0.218020
vt 0.261542 0.293968
vt 0.261545 0.295087
vt 0.216726 0.217459
vt 0.215752 0.216910
vt 0.261533 0.296205
vt 0.261507 0.297323
vt 0.214771 0.216373
vt 0.213783 0.215849
vt 0.261468 0.298441
vt 0.261414 0.299558
vt 0.212789 0.215337
vt 0.211788 0.214837
vt 0.261346 0.300674
vt 0.249247 0.339854
vt 0.261264 0.301789
vt 0.261168 0.302903
vt 0.171808 0.205725
vt 0.210781 0.214351
vt 0.209768 0.213877
vt 0.261058 0.304016
vt 0.260934 0.305128
vt 0.208750 0.213415
vt 0.207725 0.212967
vt 0.260796 0.306237
vt 0.260645 0.307345
vt 0.206695 0.212531
vt 0.205660 0.212109
vt 0.260479 0.308451
vt 0.260299 0.309555
vt 0.204619 0.211699
vt 0.203573 0.211303
vt 0.260106 0.310657
vt 0.259899 0.311755
vt 0.202523 0.210920
vt 0.201468 0.210550
vt 0.259678 0.312852
vt 0.259443 0.313945
vt 0.200408 0.210193
vt 0.199343 0.209850
vt 0.259194 0.315035
vt 0.258932 0.316123
vt 0.198275 0.209520
vt 0.197202 0.209203
vt 0.258656 0.317206
vt 0.258367 0.318287
vt 0.196126 0.208900
vt 0.195046 0.208611
vt 0.258064 0.319363
vt 0.257747 0.320436
vt 0.193962 0.208335
vt 0.192875 0.208073
vt 0.257417 0.321504
vt 0.257074 0.322568
vt 0.191784 0.207824
vt 0.190691 0.207590
vt 0.256717 0.323628
vt 0.256347 0.324684
vt 0.189595 0.207368
vt 0.188496 0.207161
vt 0.255964 0.325734
vt 0.255568 0.326780
vt 0.187394 0.206968
vt 0.186291 0.206788
vt 0.255158 0.327821
vt 0.254736 0.328856
vt 0.185185 0.206623
vt 0.184077 0.206471
vt 0.254300 0.329886
vt 0.253852 0.330910
vt 0.182967 0.206333
vt 0.181855 0.206209
vt 0.253391 0.331929
vt 0.252917 0.332942
vt 0.180743 0.206099
vt 0.179628 0.206003
vt 0.252430 0.333949
vt 0.251931 0.334950
vt 0.178513 0.205921
vt 0.177397 0.205853
vt 0.251419 0.335944
vt 0.250894 0.336932
vt 0.176280 0.205800
vt 0.175162 0.205760
vt 0.248674 0.340814
vt 0.170690 0.205741
vt 0.169572 0.205772
vt 0.248089 0.341767
vt 0.247492 0.342713
vt 0.168454 0.205816
vt 0.167337 0.205875
vt 0.246883 0.343651
vt 0.246262 0.344581
vt 0.166221 0.205947
vt 0.165107 0.206034
vt 0.245629 0.345503
vt 0.244985 0.346417
vt 0.163993 0.206134
vt 0.162880 0.206249
vt 0.244330 0.347323
vt 0.243663 0.348221
vt 0.161769 0.206377
vt 0.160660 0.206520
vt 0.242985 0.349111
vt 0.242296 0.349991
vt 0.159553 0.206676
vt 0.158448 0.206847
vt 0.241596 0.350863
vt 0.240885 0.351727
vt 0.157345 0.207031
vt 0.156244 0.207229
vt 0.240163 0.352581
vt 0.239431 0.353426
vt 0.155146 0.207441
vt 0.237934 0.355088
vt 0.152958 0.207906
vt 0.236396 0.356712
vt 0.150783 0.208425
vt 0.149700 0.208706
vt 0.235612 0.357509
vt 0.234818 0.358297
vt 0.148621 0.209000
vt 0.147546 0.209307
vt 0.234014 0.359074
vt 0.233200 0.359841
vt 0.146475 0.209628
vt 0.145408 0.209963
vt 0.232377 0.360598
vt 0.231545 0.361345
vt 0.144345 0.210310
vt 0.143287 0.210672
vt 0.230703 0.362081
vt 0.229852 0.362806
vt 0.142233 0.211046
vt 0.141184 0.211434
vt 0.228991 0.363521
vt 0.228122 0.364224
vt 0.140140 0.211834
vt 0.139101 0.212248
vt 0.227244 0.364917
vt 0.226358 0.365599
vt 0.138067 0.212675
vt 0.137039 0.213115
vt 0.225463 0.366270
vt 0.224560 0.366929
vt 0.136017 0.213568
vt 0.135000 0.214033
vt 0.223648 0.367577
vt 0.222728 0.368213
vt 0.133989 0.214511
vt 0.132984 0.215002
vt 0.221801 0.368838
vt 0.220866 0.369451
vt 0.131986 0.215506
vt 0.130993 0.216022
vt 0.219923 0.370052
vt 0.218972 0.370641
vt 0.130008 0.216550
vt 0.129029 0.217091
vt 0.218014 0.371218
vt 0.217049 0.371784
vt 0.128057 0.217644
vt 0.127092 0.218209
vt 0.216077 0.372337
vt 0.215099 0.372877
vt 0.126134 0.218787
vt 0.125184 0.219376
vt 0.214113 0.373406
vt 0.213121 0.373922
vt 0.124241 0.219977
vt 0.123306 0.220590
vt 0.212122 0.374425
vt 0.211118 0.374916
vt 0.122378 0.221215
vt 0.121458 0.221851
vt 0.210107 0.375395
vt 0.209090 0.375860
vt 0.120547 0.222499
vt 0.119643 0.223158
vt 0.208067 0.376313
vt 0.207039 0.376753
vt 0.118749 0.223829
vt 0.117862 0.224511
vt 0.206006 0.377180
vt 0.204967 0.377594
vt 0.116984 0.225203
vt 0.116115 0.225907
vt 0.203923 0.377994
vt 0.202874 0.378382
vt 0.115255 0.226622
vt 0.114404 0.227347
vt 0.201820 0.378756
vt 0.200761 0.379117
vt 0.113562 0.228083
vt 0.112729 0.228830
vt 0.199699 0.379465
vt 0.198632 0.379800
vt 0.111906 0.229587
vt 0.111092 0.230354
vt 0.197560 0.380121
vt 0.196485 0.380428
vt 0.110289 0.231131
vt 0.109494 0.231919
vt 0.195406 0.380722
vt 0.194324 0.381002
vt 0.108710 0.232716
vt 0.107936 0.233523
vt 0.193237 0.381269
vt 0.192148 0.381522
vt 0.107172 0.234340
vt 0.106419 0.235166
vt 0.191056 0.381762
vt 0.189960 0.381987
vt 0.105676 0.236002
vt 0.104943 0.236847
vt 0.188862 0.382199
vt 0.187762 0.382397
vt 0.104222 0.237701
vt 0.103511 0.238564
vt 0.186659 0.382581
vt 0.185554 0.382752
vt 0.102810 0.239437
vt 0.102121 0.240317
vt 0.184446 0.382908
vt 0.183337 0.383051
vt 0.101443 0.241207
vt 0.100777 0.242104
vt 0.182226 0.383179
vt 0.181114 0.383294
vt 0.100121 0.243011
vt 0.099477 0.243925
vt 0.180000 0.383394
vt 0.178885 0.383481
vt 0.098845 0.244847
vt 0.098224 0.245777
vt 0.177769 0.383553
vt 0.176652 0.383612
vt 0.097615 0.246715
vt 0.097018 0.247661
vt 0.175535 0.383656
vt 0.174417 0.383687
vt 0.096432 0.248613
vt 0.095859 0.249574
vt 0.173299 0.383703
vt 0.172180 0.383706
vt 0.095298 0.250541
vt 0.094749 0.251515
vt 0.171062 0.383694
vt 0.169944 0.383668
vt 0.094212 0.252496
vt 0.093688 0.253484
vt 0.168827 0.383628
vt 0.167710 0.383574
vt 0.093176 0.254478
vt 0.092677 0.255479
vt 0.166593 0.383507
vt 0.165478 0.383425
vt 0.092190 0.256486
vt 0.091716 0.257499
vt 0.164364 0.383329
vt 0.163251 0.383219
vt 0.091255 0.258517
vt 0.090806 0.259542
vt 0.162140 0.383095
vt 0.146832 0.379908
vt 0.161030 0.382957
vt 0.159922 0.382805
vt 0.085912 0.274392
vt 0.090371 0.260572
vt 0.089948 0.261607
vt 0.158816 0.382640
vt 0.157712 0.382460
vt 0.089539 0.262648
vt 0.089142 0.263694
vt 0.156611 0.382267
vt 0.155512 0.382059
vt 0.088759 0.264744
vt 0.088389 0.265800
vt 0.154415 0.381838
vt 0.153322 0.381604
vt 0.088032 0.266860
vt 0.087689 0.267924
vt 0.152232 0.381355
vt 0.151145 0.381093
vt 0.087359 0.268992
vt 0.087043 0.270065
vt 0.150061 0.380817
vt 0.148981 0.380528
vt 0.086740 0.271141
vt 0.086450 0.272222
vt 0.147904 0.380225
vt 0.086174 0.273305
vt 0.085664 0.275483
vt 0.145763 0.379578
vt 0.144699 0.379235
vt 0.085429 0.276576
vt 0.085208 0.277672
vt 0.143639 0.378878
vt 0.142584 0.378508
vt 0.085000 0.278771
vt 0.084807 0.279873
vt 0.141533 0.378125
vt 0.140487 0.377729
vt 0.084628 0.280977
vt 0.084462 0.282083
vt 0.139447 0.377319
vt 0.138411 0.376897
vt 0.084310 0.283190
vt 0.084172 0.284300
vt 0.137381 0.376461
vt 0.136357 0.376013
vt 0.084048 0.285412
vt 0.083938 0.286525
vt 0.135338 0.375551
vt 0.134325 0.375077
vt 0.083843 0.287639
vt 0.083761 0.288754
vt 0.133318 0.374590
vt 0.132318 0.374091
vt 0.083693 0.289870
vt 0.083639 0.290987
vt 0.131323 0.373579
vt 0.130336 0.373055
vt 0.083599 0.292105
vt 0.083573 0.293223
vt 0.129355 0.372518
vt 0.128380 0.371969
vt 0.083562 0.294341
vt 0.083564 0.295459
vt 0.127413 0.371408
vt 0.126453 0.370835
vt 0.083580 0.296578
vt 0.083611 0.297696
vt 0.125500 0.370250
vt 0.124554 0.369652
vt 0.083655 0.298813
vt 0.083714 0.299930
vt 0.123617 0.369043
vt 0.122686 0.368422
vt 0.083786 0.301046
vt 0.083873 0.302161
vt 0.121764 0.367790
vt 0.120850 0.367146
vt 0.083973 0.303274
vt 0.084088 0.304387
vt 0.119944 0.366491
vt 0.119046 0.365824
vt 0.084217 0.305498
vt 0.084359 0.306607
vt 0.118157 0.365146
vt 0.117276 0.364457
vt 0.084516 0.307714
vt 0.084686 0.308819
vt 0.116404 0.363757
vt 0.115541 0.363046
vt 0.084870 0.309923
vt 0.085068 0.311023
vt 0.114686 0.362324
vt 0.113841 0.361591
vt 0.085280 0.312121
vt 0.085506 0.313217
vt 0.113006 0.360848
vt 0.112179 0.360095
vt 0.085745 0.314309
vt 0.085998 0.315398
vt 0.111363 0.359331
vt 0.110555 0.358557
vt 0.086265 0.316484
vt 0.086545 0.317567
vt 0.109758 0.357773
vt 0.108971 0.356979
vt 0.086839 0.318646
vt 0.087147 0.319721
vt 0.108193 0.356175
vt 0.107426 0.355361
vt 0.087468 0.320792
vt 0.087802 0.321859
vt 0.106669 0.354538
vt 0.105922 0.353705
vt 0.088150 0.322922
vt 0.088511 0.323981
vt 0.105186 0.352863
vt 0.104461 0.352012
vt 0.088885 0.325034
vt 0.089273 0.326083
vt 0.103746 0.351152
vt 0.103043 0.350283
vt 0.089674 0.327127
vt 0.090088 0.328166
vt 0.102350 0.349405
vt 0.101668 0.348519
vt 0.090514 0.329200
vt 0.090954 0.330228
vt 0.100998 0.347624
vt 0.100338 0.346720
vt 0.091407 0.331251
vt 0.091872 0.332267
vt 0.099691 0.345809
vt 0.099054 0.344889
vt 0.092351 0.333278
vt 0.092842 0.334283
vt 0.098430 0.343962
vt 0.097817 0.343026
vt 0.093345 0.335282
vt 0.093861 0.336274
vt 0.097215 0.342083
vt 0.096626 0.341133
vt 0.094390 0.337259
vt 0.094930 0.338238
vt 0.166667 1.000000
vt 0.542154 0.130000
vt 0.957846 0.370000
vt 0.527631 0.748942
vt 0.528082 0.653082
vt 0.527631 0.653689
vt 0.527040 0.654519
vt 0.527040 0.747521
vt 0.526463 0.746099
vt 0.526463 0.655363
vt 0.525900 0.656222
vt 0.525900 0.744678
vt 0.525351 0.743256
vt 0.525351 0.657095
vt 0.524817 0.657981
vt 0.524817 0.741835
vt 0.524297 0.740415
vt 0.524297 0.658882
vt 0.523792 0.659797
vt 0.523792 0.738996
vt 0.523302 0.737577
vt 0.523302 0.660725
vt 0.522827 0.661666
vt 0.522827 0.736160
vt 0.522366 0.734745
vt 0.522366 0.662621
vt 0.521920 0.663589
vt 0.521920 0.733331
vt 0.521490 0.731920
vt 0.521490 0.664570
vt 0.521074 0.665564
vt 0.521074 0.730510
vt 0.520673 0.729103
vt 0.520674 0.666570
vt 0.520288 0.667589
vt 0.520288 0.727699
vt 0.519918 0.726298
vt 0.519918 0.668621
vt 0.519563 0.669664
vt 0.519563 0.724899
vt 0.519224 0.723504
vt 0.519224 0.670720
vt 0.518900 0.671787
vt 0.518900 0.722113
vt 0.518592 0.720725
vt 0.518592 0.672867
vt 0.518299 0.673957
vt 0.518299 0.719341
vt 0.518021 0.717962
vt 0.518021 0.675059
vt 0.517760 0.676173
vt 0.517760 0.716587
vt 0.517514 0.715216
vt 0.517514 0.677297
vt 0.517283 0.678432
vt 0.517283 0.713850
vt 0.517068 0.712490
vt 0.517068 0.679578
vt 0.516870 0.680735
vt 0.516870 0.711135
vt 0.516686 0.709785
vt 0.516686 0.681901
vt 0.516519 0.683078
vt 0.516519 0.708441
vt 0.516368 0.707103
vt 0.516368 0.684265
vt 0.516232 0.685461
vt 0.516232 0.705771
vt 0.516113 0.704445
vt 0.516113 0.686667
vt 0.516009 0.687883
vt 0.516009 0.703126
vt 0.515921 0.701814
vt 0.515921 0.689107
vt 0.515849 0.690341
vt 0.515849 0.700508
vt 0.515793 0.699210
vt 0.515793 0.691583
vt 0.515753 0.692834
vt 0.515753 0.697919
vt 0.515729 0.694093
vt 0.994000 0.500000
vt 0.986000 0.500000
vt 0.982000 0.500000
vt 0.976000 0.500000
vt 0.970000 0.500000
vt 0.966000 0.500000
vt 0.960001 0.500000
vt 0.830002 0.500000
vt 0.829492 0.912184
vt 0.670515 0.912185
vt 0.456006 0.500000
vt 0.450006 0.500000
vt 0.446006 0.500000
vt 0.438006 0.500000
vt 0.430006 0.500000
vt 0.422006 0.500000
vt 0.416006 0.500000
vt 0.408006 0.500000
vt 0.402006 0.500000
vt 0.392006 0.500000
vt 0.388006 0.500000
vt 0.384006 0.500000
vt 0.380006 0.500000
vt 0.376006 0.500000
vt 0.370006 0.500000
vt 0.360006 0.500000
vt 0.356006 0.500000
vt 0.348006 0.500000
vt 0.338006 0.500000
vt 0.332006 0.500000
vt 0.324006 0.500000
vt 0.316006 0.500000
vt 0.312006 0.500000
vt 0.306006 0.500000
vt 0.300006 0.500000
vt 0.294006 0.500000
vt 0.288006 0.500000
vt 0.280006 0.500000
vt 0.274006 0.500000
vt 0.266006 0.500000
vt 0.260006 0.500000
vt 0.254006 0.500000
vt 0.246006 0.500000
vt 0.238006 0.500000
vt 0.234006 0.500000
vt 0.226006 0.500000
vt 0.216006 0.500000
vt 0.212006 0.500000
vt 0.208006 0.500000
vt 0.204006 0.500000
vt 0.200006 0.500000
vt 0.196006 0.500000
vt 0.186006 0.500000
vt 0.182006 0.500000
vt 0.178006 0.500000
vt 0.172006 0.500000
vt 0.166006 0.500000
vt 0.156006 0.500000
vt 0.150006 0.500000
vt 0.140006 0.500000
vt 0.130006 0.500000
vt 0.124006 0.500000
vt 0.118006 0.500000
vt 0.112006 0.500000
vt 0.108006 0.500000
vt 0.092006 0.500000
vt 0.084006 0.500000
vt 0.074006 0.500000
vt 0.070006 0.500000
vt 0.064006 0.500000
vt 0.058006 0.500000
vt 0.052006 0.500000
vt 0.048006 0.500000
vt 0.040006 0.500000
vt 0.034006 0.500000
vt 0.030006 0.500000
vt 0.024006 0.500000
vt 0.018006 0.500000
vt 0.014006 0.500000
vt 0.006006 0.500000
vt 0.000006 0.500000
vt 0.895903 0.440558
vt 0.893497 0.442376
vt 0.604097 0.440558
vt 0.891068 0.444164
vt 0.888617 0.445921
vt 0.886145 0.447648
vt 0.883650 0.449343
vt 0.881135 0.451007
vt 0.878598 0.452639
vt 0.876042 0.454239
vt 0.873465 0.455806
vt 0.645092 0.465857
vt 0.870870 0.457342
vt 0.868255 0.458844
vt 0.865621 0.460314
vt 0.862969 0.461750
vt 0.860299 0.463153
vt 0.857612 0.464522
vt 0.854908 0.465857
vt 0.852187 0.467158
vt 0.849450 0.468425
vt 0.846698 0.469658
vt 0.843930 0.470856
vt 0.841147 0.472019
vt 0.838350 0.473146
vt 0.835539 0.474239
vt 0.832714 0.475296
vt 0.829877 0.476318
vt 0.827026 0.477304
vt 0.824164 0.478254
vt 0.821290 0.479167
vt 0.818405 0.480045
vt 0.815508 0.480887
vt 0.812602 0.481692
vt 0.809686 0.482460
vt 0.806760 0.483192
vt 0.803825 0.483886
vt 0.800882 0.484544
vt 0.797930 0.485165
vt 0.794972 0.485749
vt 0.792006 0.486295
vt 0.789033 0.486805
vt 0.783070 0.487711
vt 0.774087 0.488788
vt 0.780080 0.488108
vt 0.777086 0.488467
vt 0.771084 0.489072
vt 0.762059 0.489697
vt 0.768078 0.489318
vt 0.765070 0.489526
vt 0.759046 0.489829
vt 0.756031 0.489924
vt 0.753016 0.489981
vt 0.746984 0.489981
vt 0.743969 0.489924
vt 0.740954 0.489829
vt 0.734930 0.489526
vt 0.731922 0.489318
vt 0.728916 0.489072
vt 0.725913 0.488788
vt 0.722914 0.488467
vt 0.719920 0.488108
vt 0.716930 0.487711
vt 0.710967 0.486805
vt 0.707994 0.486295
vt 0.705028 0.485749
vt 0.702070 0.485165
vt 0.699118 0.484544
vt 0.696175 0.483886
vt 0.693240 0.483192
vt 0.690314 0.482460
vt 0.687398 0.481692
vt 0.684492 0.480887
vt 0.681595 0.480045
vt 0.678710 0.479167
vt 0.675836 0.478254
vt 0.672974 0.477304
vt 0.670123 0.476318
vt 0.667286 0.475296
vt 0.664461 0.474239
vt 0.661650 0.473146
vt 0.658853 0.472019
vt 0.656070 0.470856
vt 0.653302 0.469658
vt 0.650550 0.468425
vt 0.647813 0.467158
vt 0.642388 0.464522
vt 0.639701 0.463153
vt 0.637031 0.461750
vt 0.634379 0.460314
vt 0.631745 0.458844
vt 0.629130 0.457342
vt 0.626535 0.455806
vt 0.623958 0.454239
vt 0.621401 0.452639
vt 0.618865 0.451007
vt 0.616350 0.449343
vt 0.613855 0.447648
vt 0.611383 0.445921
vt 0.608932 0.444164
vt 0.606503 0.442376
vt 0.601714 0.438709
vt 0.922874 0.416477
vt 0.599354 0.436831
vt 0.597018 0.434923
vt 0.594707 0.432986
vt 0.592419 0.431020
vt 0.590157 0.429026
vt 0.587920 0.427003
vt 0.585709 0.424952
vt 0.583523 0.422874
vt 0.581364 0.420769
vt 0.579231 0.418636
vt 0.577126 0.416477
vt 0.575048 0.414291
vt 0.572997 0.412080
vt 0.570974 0.409843
vt 0.568980 0.407581
vt 0.567014 0.405293
vt 0.565077 0.402982
vt 0.563169 0.400646
vt 0.561291 0.398286
vt 0.559442 0.395903
vt 0.557624 0.393497
vt 0.555836 0.391068
vt 0.554079 0.388617
vt 0.552352 0.386145
vt 0.938709 0.398286
vt 0.550657 0.383650
vt 0.548993 0.381135
vt 0.547361 0.378598
vt 0.545761 0.376042
vt 0.544194 0.373465
vt 0.542658 0.370870
vt 0.541156 0.368255
vt 0.539686 0.365621
vt 0.974239 0.335539
vt 0.538250 0.362969
vt 0.536847 0.360299
vt 0.535478 0.357612
vt 0.534143 0.354908
vt 0.532842 0.352187
vt 0.531575 0.349450
vt 0.530342 0.346698
vt 0.529144 0.343930
vt 0.527981 0.341147
vt 0.526854 0.338350
vt 0.525761 0.335539
vt 0.524704 0.332714
vt 0.523682 0.329877
vt 0.522696 0.327026
vt 0.521746 0.324164
vt 0.520833 0.321290
vt 0.519955 0.318405
vt 0.519113 0.315508
vt 0.518308 0.312602
vt 0.517540 0.309686
vt 0.516808 0.306760
vt 0.516114 0.303825
vt 0.515456 0.300882
vt 0.514835 0.297930
vt 0.978254 0.324164
vt 0.514251 0.294972
vt 0.513705 0.292006
vt 0.513195 0.289033
vt 0.512724 0.286054
vt 0.981692 0.312602
vt 0.512289 0.283070
vt 0.511892 0.280080
vt 0.511533 0.277086
vt 0.511212 0.274087
vt 0.989829 0.240954
vt 0.510928 0.271084
vt 0.510682 0.268078
vt 0.510474 0.265070
vt 0.510303 0.262059
vt 0.510171 0.259046
vt 0.510076 0.256031
vt 0.510019 0.253016
vt 0.510019 0.246984
vt 0.510076 0.243969
vt 0.510171 0.240954
vt 0.510303 0.237941
vt 0.510474 0.234930
vt 0.510682 0.231922
vt 0.510928 0.228916
vt 0.511212 0.225913
vt 0.511533 0.222914
vt 0.511892 0.219920
vt 0.512289 0.216930
vt 0.512724 0.213946
vt 0.513195 0.210967
vt 0.513705 0.207994
vt 0.514251 0.205028
vt 0.514835 0.202070
vt 0.989072 0.228916
vt 0.515456 0.199118
vt 0.516114 0.196175
vt 0.516808 0.193240
vt 0.517540 0.190314
vt 0.987711 0.216930
vt 0.518308 0.187398
vt 0.519113 0.184492
vt 0.519955 0.181595
vt 0.520833 0.178710
vt 0.967158 0.147813
vt 0.521746 0.175836
vt 0.522696 0.172974
vt 0.523682 0.170123
vt 0.524704 0.167286
vt 0.525761 0.164461
vt 0.526854 0.161650
vt 0.527981 0.158853
vt 0.529144 0.156070
vt 0.530342 0.153302
vt 0.531575 0.150550
vt 0.532842 0.147813
vt 0.534143 0.145092
vt 0.535478 0.142388
vt 0.536847 0.139701
vt 0.538250 0.137031
vt 0.539686 0.134379
vt 0.541156 0.131745
vt 0.542658 0.129130
vt 0.544194 0.126535
vt 0.545761 0.123958
vt 0.547361 0.121402
vt 0.548993 0.118865
vt 0.550657 0.116350
vt 0.552352 0.113855
vt 0.955806 0.126535
vt 0.554079 0.111383
vt 0.555836 0.108932
vt 0.557624 0.106503
vt 0.559442 0.104097
vt 0.561291 0.101714
vt 0.563169 0.099354
vt 0.565077 0.097018
vt 0.567014 0.094707
vt 0.909843 0.070974
vt 0.568980 0.092419
vt 0.570974 0.090157
vt 0.572997 0.087920
vt 0.575048 0.085709
vt 0.577126 0.083523
vt 0.579231 0.081364
vt 0.581364 0.079231
vt 0.583523 0.077126
vt 0.585709 0.075048
vt 0.587920 0.072997
vt 0.590157 0.070974
vt 0.592419 0.068980
vt 0.594707 0.067014
vt 0.597018 0.065077
vt 0.599354 0.063169
vt 0.601714 0.061291
vt 0.604097 0.059442
vt 0.606503 0.057624
vt 0.608932 0.055836
vt 0.611383 0.054079
vt 0.613855 0.052352
vt 0.616350 0.050657
vt 0.618865 0.048993
vt 0.621402 0.047361
vt 0.891068 0.055836
vt 0.623958 0.045761
vt 0.626535 0.044194
vt 0.629130 0.042658
vt 0.631745 0.041156
vt 0.634379 0.039686
vt 0.637031 0.038250
vt 0.886145 0.052352
vt 0.639701 0.036847
vt 0.642388 0.035478
vt 0.832714 0.024704
vt 0.645092 0.034143
vt 0.647813 0.032842
vt 0.827026 0.022696
vt 0.650550 0.031575
vt 0.653302 0.030342
vt 0.656070 0.029144
vt 0.658853 0.027981
vt 0.661650 0.026854
vt 0.664461 0.025761
vt 0.667286 0.024704
vt 0.670123 0.023682
vt 0.672974 0.022696
vt 0.675836 0.021746
vt 0.678710 0.020833
vt 0.681595 0.019955
vt 0.684492 0.019113
vt 0.687398 0.018308
vt 0.690314 0.017540
vt 0.693240 0.016808
vt 0.696175 0.016114
vt 0.699118 0.015456
vt 0.702070 0.014835
vt 0.705028 0.014251
vt 0.707994 0.013705
vt 0.710967 0.013195
vt 0.719920 0.011892
vt 0.713946 0.012724
vt 0.716930 0.012289
vt 0.722914 0.011533
vt 0.731922 0.010682
vt 0.725913 0.011212
vt 0.728916 0.010928
vt 0.734930 0.010474
vt 0.737941 0.010303
vt 0.740954 0.010171
vt 0.743969 0.010076
vt 0.746984 0.010019
vt 0.753016 0.010019
vt 0.756031 0.010076
vt 0.759046 0.010171
vt 0.762059 0.010303
vt 0.765070 0.010474
vt 0.768078 0.010682
vt 0.771084 0.010928
vt 0.774087 0.011212
vt 0.777086 0.011533
vt 0.780080 0.011892
vt 0.783070 0.012289
vt 0.786054 0.012724
vt 0.789033 0.013195
vt 0.792006 0.013705
vt 0.794972 0.014251
vt 0.797930 0.014835
vt 0.800882 0.015456
vt 0.803825 0.016114
vt 0.806760 0.016808
vt 0.809686 0.017540
vt 0.812602 0.018308
vt 0.815508 0.019113
vt 0.818405 0.019955
vt 0.821290 0.020833
vt 0.824164 0.021746
vt 0.829877 0.023682
vt 0.835539 0.025761
vt 0.838350 0.026854
vt 0.841147 0.027981
vt 0.843930 0.029144
vt 0.846698 0.030342
vt 0.849450 0.031575
vt 0.852187 0.032842
vt 0.854908 0.034143
vt 0.857612 0.035478
vt 0.860299 0.036847
vt 0.862969 0.038250
vt 0.865621 0.039686
vt 0.868255 0.041156
vt 0.870870 0.042658
vt 0.873465 0.044194
vt 0.876042 0.045761
vt 0.878598 0.047361
vt 0.881135 0.048993
vt 0.883650 0.050657
vt 0.888617 0.054079
vt 0.893497 0.057624
vt 0.895903 0.059442
vt 0.898286 0.061291
vt 0.900646 0.063169
vt 0.902982 0.065077
vt 0.905293 0.067014
vt 0.907581 0.068980
vt 0.912080 0.072997
vt 0.914291 0.075048
vt 0.916477 0.077126
vt 0.918636 0.079231
vt 0.920769 0.081364
vt 0.922874 0.083523
vt 0.924952 0.085709
vt 0.927003 0.087920
vt 0.929026 0.090157
vt 0.931020 0.092419
vt 0.932986 0.094707
vt 0.934923 0.097018
vt 0.936831 0.099354
vt 0.938709 0.101714
vt 0.940558 0.104097
vt 0.942376 0.106503
vt 0.944164 0.108932
vt 0.945921 0.111383
vt 0.947648 0.113855
vt 0.949343 0.116350
vt 0.951007 0.118865
vt 0.952639 0.121402
vt 0.954239 0.123958
vt 0.957342 0.129130
vt 0.958844 0.131745
vt 0.960314 0.134379
vt 0.961750 0.137031
vt 0.963153 0.139701
vt 0.964522 0.142388
vt 0.965857 0.145092
vt 0.968425 0.150550
vt 0.969658 0.153302
vt 0.970856 0.156070
vt 0.972019 0.158853
vt 0.973146 0.161650
vt 0.974239 0.164461
vt 0.975296 0.167286
vt 0.976318 0.170123
vt 0.977304 0.172974
vt 0.978254 0.175836
vt 0.979167 0.178710
vt 0.980045 0.181595
vt 0.980887 0.184492
vt 0.981692 0.187398
vt 0.982460 0.190314
vt 0.983192 0.193240
vt 0.983886 0.196175
vt 0.984544 0.199118
vt 0.985165 0.202070
vt 0.985749 0.205028
vt 0.986295 0.207994
vt 0.986805 0.210967
vt 0.987276 0.213946
vt 0.988108 0.219920
vt 0.988467 0.222914
vt 0.988788 0.225913
vt 0.989318 0.231922
vt 0.989526 0.234930
vt 0.989697 0.237941
vt 0.989924 0.243969
vt 0.989981 0.246984
vt 0.989981 0.253016
vt 0.989924 0.256031
vt 0.989829 0.259046
vt 0.989697 0.262059
vt 0.989526 0.265070
vt 0.989318 0.268078
vt 0.989072 0.271084
vt 0.988788 0.274087
vt 0.988467 0.277086
vt 0.988108 0.280080
vt 0.987711 0.283070
vt 0.987276 0.286054
vt 0.986805 0.289033
vt 0.986295 0.292006
vt 0.985749 0.294972
vt 0.985165 0.297930
vt 0.984544 0.300882
vt 0.983886 0.303825
vt 0.983192 0.306760
vt 0.982460 0.309686
vt 0.980887 0.315508
vt 0.980045 0.318405
vt 0.979167 0.321290
vt 0.977304 0.327026
vt 0.976318 0.329877
vt 0.975296 0.332714
vt 0.973146 0.338350
vt 0.972019 0.341147
vt 0.970856 0.343930
vt 0.969658 0.346698
vt 0.968425 0.349450
vt 0.967158 0.352187
vt 0.965857 0.354908
vt 0.964522 0.357612
vt 0.963153 0.360299
vt 0.961750 0.362969
vt 0.960314 0.365621
vt 0.958844 0.368255
vt 0.957342 0.370870
vt 0.955806 0.373465
vt 0.954239 0.376042
vt 0.952639 0.378598
vt 0.951007 0.381135
vt 0.949343 0.383650
vt 0.947648 0.386145
vt 0.945921 0.388617
vt 0.944164 0.391068
vt 0.942376 0.393497
vt 0.940558 0.395903
vt 0.936831 0.400646
vt 0.934923 0.402982
vt 0.932986 0.405293
vt 0.931020 0.407581
vt 0.929026 0.409843
vt 0.927003 0.412080
vt 0.924952 0.414291
vt 0.920769 0.418636
vt 0.918636 0.420769
vt 0.916477 0.422874
vt 0.914291 0.424952
vt 0.912080 0.427003
vt 0.909843 0.429026
vt 0.907581 0.431020
vt 0.905293 0.432986
vt 0.902982 0.434923
vt 0.900646 0.436831
vt 0.898286 0.438709
vt 0.375000 0.224013
vt 0.625000 0.025987
vt 0.125000 0.724013
vt 0.617219 0.454702
vt 0.382781 0.795298
vt 0.625000 0.041654
vt 0.616330 0.027955
vt 0.615179 0.043673
vt 0.399745 0.043673
vt 0.607232 0.220672
vt 0.624198 0.250000
vt 0.392510 0.529328
vt 0.607232 0.529328
vt 0.616330 0.722045
vt 0.615179 0.706327
vt 0.375000 0.458801
vt 0.613064 0.958800
vt 0.166199 0.750000
vt 0.379257 0.454702
vt 0.375000 0.954702
vt 0.329702 0.750000
vt 0.376086 0.370688
vt 0.428313 0.250000
vt 0.123913 0.370688
vt 0.071686 0.250000
vt 0.123913 0.129313
vt 0.376086 0.129313
vt 0.928313 0.250000
vt 0.876086 0.129313
vt 0.623913 0.129313
vt 0.571686 0.250000
vt 0.623913 0.370687
vt 0.876086 0.370688
vt 0.000000 0.927055
s 0
usemtl 
f 2/1/1 3/2/1 1/3/1
f 4/4/2 36/5/2 17/6/2
f 6/7/3 38/8/3 35/9/3
f 22/10/3 34/11/3 37/12/3
f 7/13/3 19/14/3 21/15/3
f 10/16/4 24/17/4 40/18/4
f 10/16/5 11/19/5 9/20/5
f 12/21/6 44/22/6 25/23/6
f 10/24/7 6/25/7 2/26/7
f 27/27/8 45/28/8 30/29/8
f 16/30/8 43/31/8 14/32/8
f 13/33/8 29/34/8 15/35/8
f 2/36/9 32/37/9 48/38/9
f 3/39/10 7/40/10 11/41/10
f 18/42/11 32/43/11 31/44/11
f 24/45/12 26/46/12 25/47/12
f 18/48/7 23/49/7 19/50/7
f 25/51/10 27/52/10 32/53/10
f 36/42/11 47/43/11 48/44/11
f 39/45/12 44/46/12 41/47/12
f 44/54/7 40/49/7 48/55/7
f 43/52/10 46/56/10 47/53/10
f 68/1/1 66/2/1 65/3/1
f 67/4/2 69/57/2 66/2/2
f 70/7/3 71/13/3 69/57/3
f 72/58/4 73/20/4 71/13/4
f 74/16/5 75/19/5 73/20/5
f 76/21/6 77/33/6 75/19/6
f 62/59/7 58/60/7 54/61/7
f 78/32/8 79/35/8 77/33/8
f 80/30/9 65/62/9 79/35/9
f 61/63/10 63/64/10 55/65/10
f 49/66/13 66/39/13 51/67/13
f 50/68/14 67/69/14 68/26/14
f 51/67/15 69/70/15 53/71/15
f 54/61/16 67/69/16 52/72/16
f 53/71/17 71/40/17 55/65/17
f 56/73/18 70/25/18 54/61/18
f 57/74/19 71/40/19 73/75/19
f 58/60/20 72/76/20 56/73/20
f 57/74/21 75/41/21 59/77/21
f 58/60/22 76/78/22 74/24/22
f 59/77/23 77/79/23 61/63/23
f 62/59/24 76/78/24 60/80/24
f 61/63/25 79/81/25 63/64/25
f 64/82/26 78/83/26 62/59/26
f 49/66/27 79/81/27 65/84/27
f 50/68/28 80/85/28 64/82/28
f 100/1/1 98/2/1 97/3/1
f 99/4/2 101/57/2 98/2/2
f 102/7/3 103/13/3 101/57/3
f 104/58/4 105/20/4 103/13/4
f 106/16/5 107/19/5 105/20/5
f 108/21/6 109/33/6 107/19/6
f 94/59/7 90/60/7 86/61/7
f 110/32/8 111/35/8 109/33/8
f 112/30/9 97/62/9 111/35/9
f 93/63/10 95/64/10 87/65/10
f 81/66/13 98/39/13 83/67/13
f 82/68/14 99/69/14 100/26/14
f 83/67/15 101/70/15 85/71/15
f 86/61/16 99/69/16 84/72/16
f 85/71/17 103/40/17 87/65/17
f 88/73/18 102/25/18 86/61/18
f 89/74/19 103/40/19 105/75/19
f 90/60/20 104/76/20 88/73/20
f 89/74/21 107/41/21 91/77/21
f 90/60/22 108/78/22 106/24/22
f 91/77/23 109/79/23 93/63/23
f 94/59/24 108/78/24 92/80/24
f 93/63/25 111/81/25 95/64/25
f 96/82/26 110/83/26 94/59/26
f 81/66/27 111/81/27 97/84/27
f 82/68/28 112/85/28 96/82/28
f 115/1/29 116/86/29 113/3/29
f 118/87/30 121/88/30 116/86/30
f 121/88/31 127/89/31 126/90/31
f 127/89/32 129/91/32 126/90/32
f 133/92/33 863/93/33 864/94/33
f 137/95/34 123/96/34 135/97/34
f 130/98/35 132/99/35 129/91/35
f 132/99/36 115/100/36 113/101/36
f 121/102/37 126/75/37 132/103/37
f 1052/104/38 135/105/38 653/106/38
f 1132/107/33 1088/108/33 119/109/33
f 137/110/39 1054/111/39 858/112/39
f 125/19/7 137/113/7 135/114/7
f 739/115/40 117/116/40 738/117/40
f 738/117/41 120/118/41 741/119/41
f 120/118/42 740/120/42 741/119/42
f 740/120/43 124/121/43 887/122/43
f 887/122/44 128/123/44 896/124/44
f 128/123/45 892/125/45 896/124/45
f 131/126/46 891/127/46 892/125/46
f 891/127/47 136/128/47 895/129/47
f 136/128/48 894/130/48 895/129/48
f 894/130/49 139/131/49 893/132/49
f 139/131/50 957/133/50 893/132/50
f 140/134/51 909/135/51 957/133/51
f 909/135/52 142/136/52 910/137/52
f 910/137/53 143/138/53 913/139/53
f 143/138/54 911/140/54 913/139/54
f 911/140/55 145/141/55 912/142/55
f 145/141/56 919/143/56 912/142/56
f 919/143/57 147/144/57 914/145/57
f 914/145/58 148/146/58 915/147/58
f 148/146/59 918/148/59 915/147/59
f 918/148/60 150/149/60 916/150/60
f 151/151/61 916/150/61 150/149/61
f 151/151/62 932/152/62 917/153/62
f 152/154/63 920/155/63 932/152/63
f 154/156/64 920/155/64 153/157/64
f 155/158/65 921/159/65 154/156/65
f 156/160/66 924/161/66 155/158/66
f 156/160/67 923/162/67 922/163/67
f 157/164/68 931/165/68 923/162/68
f 159/166/69 931/165/69 158/167/69
f 160/168/70 925/169/70 159/166/70
f 160/168/71 930/170/71 926/171/71
f 162/172/72 930/170/72 161/173/72
f 163/174/73 927/175/73 162/172/73
f 163/174/74 928/176/74 929/177/74
f 165/178/75 928/176/75 164/179/75
f 165/178/76 934/180/76 956/181/76
f 167/182/77 934/180/77 166/183/77
f 168/184/78 933/185/78 167/182/78
f 168/184/79 936/186/79 937/187/79
f 169/188/80 935/189/80 936/186/80
f 170/190/81 943/191/81 935/189/81
f 172/192/82 943/191/82 171/193/82
f 172/192/83 938/194/83 939/195/83
f 173/196/84 942/197/84 938/194/84
f 174/198/85 941/199/85 942/197/85
f 176/200/86 941/199/86 175/201/86
f 177/202/87 940/203/87 176/200/87
f 178/204/88 955/205/88 177/202/88
f 179/206/89 945/207/89 178/204/89
f 179/206/90 948/208/90 944/209/90
f 181/210/91 948/208/91 180/211/91
f 181/210/92 946/212/92 947/213/92
f 182/214/93 954/215/93 946/212/93
f 184/216/94 954/215/94 183/217/94
f 184/216/95 949/218/95 950/219/95
f 186/220/96 949/218/96 185/221/96
f 186/220/97 952/222/97 953/223/97
f 187/224/98 951/225/98 952/222/98
f 189/226/99 951/225/99 188/227/99
f 189/226/100 629/228/100 630/229/100
f 190/230/101 633/231/101 629/228/101
f 192/232/102 633/231/102 191/233/102
f 193/234/103 632/235/103 192/232/103
f 193/234/104 640/236/104 631/237/104
f 195/238/105 640/236/105 194/239/105
f 196/240/106 634/241/106 195/238/106
f 196/240/107 635/242/107 636/243/107
f 198/244/108 635/242/108 197/245/108
f 198/244/109 638/246/109 639/247/109
f 200/248/110 638/246/110 199/249/110
f 200/248/111 655/250/111 637/251/111
f 202/252/112 655/250/112 201/253/112
f 202/252/113 643/254/113 641/255/113
f 203/256/114 642/257/114 643/254/114
f 205/258/115 642/257/115 204/259/115
f 206/260/116 646/261/116 205/258/116
f 206/260/117 644/262/117 645/263/117
f 208/264/118 644/262/118 207/265/118
f 209/266/119 654/267/119 208/264/119
f 210/268/120 647/269/120 209/266/120
f 210/268/121 651/270/121 648/271/121
f 211/272/122 649/273/122 651/270/122
f 213/274/123 649/273/123 212/275/123
f 213/274/124 652/276/124 650/277/124
f 215/278/125 1127/279/125 1052/280/125
f 216/281/126 1127/279/126 215/278/126
f 216/281/127 1126/282/127 1129/283/127
f 217/284/128 1128/285/128 1126/282/128
f 218/286/129 1123/287/129 1128/285/129
f 219/288/130 1124/289/130 1123/287/130
f 221/290/131 1124/289/131 220/291/131
f 221/290/132 1122/292/132 1125/293/132
f 223/294/133 1122/292/133 222/295/133
f 224/296/134 1130/297/134 223/294/134
f 225/298/135 1118/299/135 224/296/135
f 226/300/136 1119/301/136 225/298/136
f 226/300/137 1117/302/137 1120/303/137
f 228/304/138 1117/302/138 227/305/138
f 229/306/139 1121/307/139 228/304/139
f 230/308/140 1114/309/140 229/306/140
f 230/308/141 1116/310/141 1115/311/141
f 232/312/142 1116/310/142 231/313/142
f 232/312/143 1131/314/143 1113/315/143
f 233/316/144 1108/317/144 1131/314/144
f 234/318/145 1109/319/145 1108/317/145
f 235/320/146 1110/321/146 1109/319/146
f 237/322/147 1110/321/147 236/323/147
f 238/324/148 1106/325/148 237/322/148
f 239/326/149 1107/327/149 238/324/149
f 239/326/150 1104/328/150 1111/329/150
f 240/330/151 1105/331/151 1104/328/151
f 241/332/152 1102/333/152 1105/331/152
f 243/334/153 1102/333/153 242/335/153
f 243/334/154 1112/336/154 1103/337/154
f 244/338/155 1099/339/155 1112/336/155
f 246/340/156 1099/339/156 245/341/156
f 246/340/157 1097/342/157 1100/343/157
f 248/344/158 1097/342/158 247/345/158
f 249/346/159 1098/347/159 248/344/159
f 249/346/160 1095/348/160 1101/349/160
f 251/350/161 1095/348/161 250/351/161
f 251/350/162 1093/352/162 1096/353/162
f 252/354/163 1094/355/163 1093/352/163
f 254/356/164 1094/355/164 253/357/164
f 255/358/165 1132/359/165 254/356/165
f 255/358/166 1087/360/166 1088/361/166
f 257/362/167 1087/360/167 256/363/167
f 257/362/168 1086/364/168 1089/365/168
f 258/366/169 1090/367/169 1086/364/169
f 260/368/170 1090/367/170 259/369/170
f 260/368/171 1084/370/171 1083/371/171
f 262/372/172 1084/370/172 261/373/172
f 262/372/173 1082/374/173 1085/375/173
f 263/376/174 1091/377/174 1082/374/174
f 264/378/175 1078/379/175 1091/377/175
f 266/380/176 1078/379/176 265/381/176
f 267/382/177 1079/383/177 266/380/177
f 267/382/178 1077/384/178 1080/385/178
f 269/386/179 1077/384/179 268/387/179
f 269/386/180 1074/388/180 1081/389/180
f 271/390/181 1074/388/181 270/391/181
f 271/390/182 1076/392/182 1075/393/182
f 272/394/183 1073/395/183 1076/392/183
f 274/396/184 1073/395/184 273/397/184
f 275/398/185 1092/399/185 274/396/185
f 276/400/186 1068/401/186 275/398/186
f 276/400/187 1070/402/187 1069/403/187
f 277/404/188 1066/405/188 1070/402/188
f 279/406/189 1066/405/189 278/407/189
f 280/408/190 1067/409/190 279/406/190
f 280/408/191 1064/410/191 1071/411/191
f 281/412/192 1065/413/192 1064/410/192
f 283/414/193 1065/413/193 282/415/193
f 284/416/194 1062/417/194 283/414/194
f 284/416/195 1072/418/195 1063/419/195
f 286/420/196 1072/418/196 285/421/196
f 287/422/197 1059/423/197 286/420/197
f 288/424/198 1060/425/198 287/422/198
f 288/424/199 1058/426/199 1057/427/199
f 290/428/200 1058/426/200 289/429/200
f 290/428/201 1055/430/201 1061/431/201
f 292/432/202 1055/430/202 291/433/202
f 292/432/203 1053/434/203 1056/435/203
f 1054/436/204 293/437/204 294/438/204
f 294/438/205 857/439/205 859/440/205
f 296/441/206 857/439/206 295/442/206
f 297/443/207 861/444/207 296/441/207
f 297/443/208 856/445/208 855/446/208
f 299/447/209 856/445/209 298/448/209
f 300/449/210 860/450/210 299/447/210
f 300/449/211 853/451/211 852/452/211
f 302/453/212 853/451/212 301/454/212
f 302/453/213 854/455/213 851/456/213
f 304/457/214 854/455/214 303/458/214
f 305/459/215 849/460/215 304/457/215
f 305/459/216 862/461/216 850/462/216
f 306/463/217 845/464/217 862/461/217
f 307/465/218 846/466/218 845/464/218
f 309/467/219 846/466/219 308/468/219
f 310/469/220 844/470/220 309/467/220
f 311/471/221 847/472/221 310/469/221
f 312/473/222 842/474/222 311/471/222
f 313/475/223 843/476/223 312/473/223
f 314/477/224 848/478/224 313/475/224
f 314/477/225 840/479/225 839/480/225
f 316/481/226 840/479/226 315/482/226
f 316/481/227 841/483/227 838/484/227
f 318/485/228 841/483/228 317/486/228
f 318/485/229 837/487/229 836/488/229
f 320/489/230 837/487/230 319/490/230
f 320/489/231 1045/491/231 1046/492/231
f 322/493/232 1045/491/232 321/494/232
f 322/493/233 1044/495/233 1047/496/233
f 324/497/234 1044/495/234 323/498/234
f 324/497/235 1048/499/235 1043/500/235
f 326/501/236 1048/499/236 325/502/236
f 327/503/237 1041/504/237 326/501/237
f 327/503/238 1042/505/238 1040/506/238
f 328/507/239 1039/508/239 1042/505/239
f 330/509/240 1039/508/240 329/510/240
f 331/511/241 1038/512/241 330/509/241
f 332/513/242 1049/514/242 331/511/242
f 332/513/243 1035/515/243 1034/516/243
f 334/517/244 1035/515/244 333/518/244
f 334/517/245 1032/519/245 1036/520/245
f 335/521/246 1033/522/246 1032/519/246
f 337/523/247 1033/522/247 336/524/247
f 338/525/248 1037/526/248 337/523/248
f 339/527/249 1029/528/249 338/525/249
f 339/527/250 1031/529/250 1030/530/250
f 340/531/251 1027/532/251 1031/529/251
f 342/533/252 1027/532/252 341/534/252
f 342/533/253 1051/535/253 1028/536/253
f 343/537/254 1022/538/254 1051/535/254
f 345/539/255 1022/538/255 344/540/255
f 346/541/256 1023/542/256 345/539/256
f 346/541/257 1020/543/257 1024/544/257
f 347/545/258 1021/546/258 1020/543/258
f 348/547/259 1025/548/259 1021/546/259
f 350/549/260 1025/548/260 349/550/260
f 351/551/261 1017/552/261 350/549/261
f 351/551/262 1019/553/262 1018/554/262
f 353/555/263 1019/553/263 352/556/263
f 354/557/264 1015/558/264 353/555/264
f 355/559/265 1016/560/265 354/557/265
f 356/561/266 1026/562/266 355/559/266
f 356/561/267 1012/563/267 1011/564/267
f 358/565/268 1012/563/268 357/566/268
f 359/567/269 1013/568/269 358/565/269
f 359/567/270 1010/569/270 1009/570/270
f 360/571/271 1014/572/271 1010/569/271
f 361/573/272 1006/574/272 1014/572/272
f 363/575/273 1006/574/273 362/576/273
f 363/575/274 1008/577/274 1007/578/274
f 364/579/275 1004/580/275 1008/577/275
f 365/581/276 1005/582/276 1004/580/276
f 367/583/277 1005/582/277 366/584/277
f 368/585/278 1050/586/278 367/583/278
f 368/585/279 986/587/279 985/588/279
f 369/589/280 984/590/280 986/587/280
f 371/591/281 984/590/281 370/592/281
f 371/591/282 983/593/282 987/594/282
f 372/595/283 982/596/283 983/593/283
f 373/597/284 988/598/284 982/596/284
f 375/599/285 988/598/285 374/600/285
f 375/599/286 831/601/286 981/602/286
f 376/603/287 830/604/287 831/601/287
f 377/605/288 832/606/288 830/604/288
f 379/607/289 832/606/289 378/608/289
f 380/609/290 829/610/290 379/607/290
f 381/611/291 828/612/291 380/609/291
f 382/613/292 833/614/292 381/611/292
f 382/613/293 825/615/293 826/616/293
f 384/617/294 825/615/294 383/618/294
f 385/619/295 827/620/295 384/617/295
f 386/621/296 824/622/296 385/619/296
f 387/623/297 834/624/297 386/621/297
f 388/625/298 820/626/298 387/623/298
f 388/625/299 822/627/299 821/628/299
f 390/629/300 822/627/300 389/630/300
f 390/629/301 819/631/301 818/632/301
f 391/633/302 823/634/302 819/631/302
f 393/635/303 823/634/303 392/636/303
f 394/637/304 815/638/304 393/635/304
f 395/639/305 816/640/305 394/637/305
f 395/639/306 813/641/306 817/642/306
f 397/643/307 813/641/307 396/644/307
f 398/645/308 814/646/308 397/643/308
f 399/647/309 835/648/309 398/645/309
f 399/647/310 808/649/310 809/650/310
f 400/651/311 810/652/311 808/649/311
f 810/652/312 402/653/312 807/654/312
f 402/653/313 806/655/313 807/654/313
f 403/656/314 811/657/314 806/655/314
f 811/657/315 405/658/315 804/659/315
f 405/658/316 803/660/316 804/659/316
f 803/660/317 407/661/317 805/662/317
f 805/662/318 408/663/318 802/664/318
f 408/663/319 812/665/319 802/664/319
f 409/666/320 798/667/320 812/665/320
f 798/667/321 411/668/321 799/669/321
f 799/669/322 412/670/322 800/671/322
f 412/670/323 796/672/323 800/671/323
f 413/673/324 797/674/324 796/672/324
f 797/674/325 415/675/325 801/676/325
f 801/676/326 416/677/326 793/678/326
f 793/678/327 417/679/327 794/680/327
f 417/679/328 795/681/328 794/680/328
f 795/681/329 419/682/329 791/683/329
f 419/682/330 792/684/330 791/683/330
f 420/685/331 790/686/331 792/684/331
f 790/686/332 422/687/332 786/688/332
f 786/688/333 423/689/333 785/690/333
f 785/690/334 424/691/334 787/692/334
f 424/691/335 784/693/335 787/692/335
f 784/693/336 426/694/336 783/695/336
f 426/694/337 788/696/337 783/695/337
f 427/697/338 781/698/338 788/696/338
f 781/698/339 429/699/339 780/700/339
f 780/700/340 430/701/340 782/702/340
f 782/702/341 431/703/341 779/704/341
f 431/703/342 789/705/342 779/704/342
f 432/706/343 775/707/343 789/705/343
f 775/707/344 434/708/344 776/709/344
f 434/708/345 777/710/345 776/709/345
f 777/710/346 436/711/346 773/712/346
f 436/711/347 774/713/347 773/712/347
f 774/713/348 438/714/348 778/715/348
f 438/714/349 770/716/349 778/715/349
f 770/716/350 440/717/350 771/718/350
f 440/717/351 772/719/351 771/718/351
f 772/719/352 442/720/352 768/721/352
f 442/720/353 769/722/353 768/721/353
f 443/723/354 766/724/354 769/722/354
f 766/724/355 445/725/355 763/726/355
f 445/725/356 762/727/356 763/726/356
f 446/728/357 764/729/357 762/727/357
f 447/730/358 761/731/358 764/729/358
f 448/732/359 760/733/359 761/731/359
f 760/733/360 450/734/360 765/735/360
f 450/734/361 758/736/361 765/735/361
f 758/736/362 452/737/362 757/738/362
f 757/738/363 453/739/363 759/740/363
f 453/739/364 756/741/364 759/740/364
f 454/742/365 767/743/365 756/741/365
f 767/743/366 456/744/366 753/745/366
f 753/745/367 457/746/367 754/747/367
f 457/746/368 755/748/368 754/747/368
f 458/749/369 751/750/369 755/748/369
f 459/751/370 747/752/370 751/750/370
f 747/752/371 461/753/371 748/754/371
f 748/754/372 462/755/372 746/756/372
f 462/755/373 749/757/373 746/756/373
f 749/757/374 464/758/374 750/759/374
f 750/759/375 465/760/375 752/761/375
f 465/760/376 958/762/376 752/761/376
f 466/763/377 959/764/377 958/762/377
f 959/764/378 468/765/378 960/766/378
f 468/765/379 961/767/379 960/766/379
f 469/768/380 962/769/380 961/767/380
f 470/770/381 963/771/381 962/769/381
f 963/771/382 472/772/382 964/773/382
f 472/772/383 965/774/383 964/773/383
f 965/774/384 474/775/384 966/776/384
f 474/775/385 967/777/385 966/776/385
f 475/778/386 968/779/386 967/777/386
f 968/779/387 477/780/387 969/781/387
f 477/780/388 970/782/388 969/781/388
f 478/783/389 971/784/389 970/782/389
f 971/784/390 480/785/390 972/786/390
f 972/786/391 481/787/391 973/788/391
f 481/787/392 974/789/392 973/788/392
f 974/789/393 483/790/393 975/791/393
f 975/791/394 484/792/394 976/793/394
f 484/792/395 977/794/395 976/793/395
f 977/794/396 486/795/396 978/796/396
f 978/796/397 487/797/397 979/798/397
f 979/798/398 488/799/398 980/800/398
f 488/799/399 989/801/399 980/800/399
f 989/801/400 490/802/400 990/803/400
f 990/803/401 491/804/401 991/805/401
f 491/804/402 992/806/402 991/805/402
f 992/806/403 493/807/403 993/808/403
f 993/808/404 494/809/404 994/810/404
f 994/810/405 495/811/405 995/812/405
f 495/811/406 996/813/406 995/812/406
f 996/813/407 497/814/407 997/815/407
f 497/814/408 998/816/408 997/815/408
f 498/817/409 999/818/409 998/816/409
f 999/818/410 500/819/410 1000/820/410
f 1000/820/411 501/821/411 1001/822/411
f 501/821/412 1002/823/412 1001/822/412
f 1002/823/413 503/824/413 1003/825/413
f 503/824/414 863/826/414 1003/825/414
f 504/827/415 864/828/415 863/826/415
f 505/829/416 865/830/416 864/828/416
f 865/830/417 507/831/417 866/832/417
f 507/831/418 867/833/418 866/832/418
f 508/834/419 868/835/419 867/833/419
f 509/836/420 869/837/420 868/835/420
f 869/837/421 511/838/421 870/839/421
f 511/838/422 871/840/422 870/839/422
f 871/840/423 513/841/423 872/842/423
f 872/842/424 514/843/424 873/844/424
f 873/844/425 515/845/425 874/846/425
f 515/845/426 875/847/426 874/846/426
f 875/847/427 517/848/427 876/849/427
f 876/849/428 518/850/428 877/851/428
f 877/851/429 519/852/429 878/853/429
f 519/852/430 879/854/430 878/853/430
f 520/855/431 880/856/431 879/854/431
f 880/856/432 522/857/432 881/858/432
f 522/857/433 882/859/433 881/858/433
f 882/859/434 524/860/434 883/861/434
f 524/860/435 884/862/435 883/861/435
f 884/862/436 526/863/436 885/864/436
f 526/863/437 886/865/437 885/864/437
f 886/865/438 528/866/438 897/867/438
f 528/866/439 898/868/439 897/867/439
f 898/868/440 530/869/440 899/870/440
f 530/869/441 900/871/441 899/870/441
f 900/871/442 532/872/442 901/873/442
f 532/872/443 902/874/443 901/873/443
f 533/875/444 903/876/444 902/874/444
f 534/877/445 904/878/445 903/876/445
f 535/879/446 905/880/446 904/878/446
f 905/880/447 537/881/447 906/882/447
f 537/881/448 907/883/448 906/882/448
f 907/883/449 539/884/449 908/885/449
f 539/884/450 888/886/450 908/885/450
f 888/886/451 541/887/451 889/888/451
f 889/888/452 542/889/452 890/890/452
f 542/889/453 656/891/453 890/890/453
f 656/891/454 544/892/454 659/893/454
f 544/892/455 658/894/455 659/893/455
f 545/895/456 657/896/456 658/894/456
f 657/896/457 547/897/457 665/898/457
f 665/898/458 548/899/458 661/900/458
f 548/899/459 660/901/459 661/900/459
f 549/902/460 664/903/460 660/901/460
f 550/904/461 663/905/461 664/903/461
f 663/905/462 552/906/462 662/907/462
f 552/906/463 676/908/463 662/907/463
f 553/909/464 666/910/464 676/908/464
f 666/910/465 555/911/465 669/912/465
f 669/912/466 556/913/466 667/914/466
f 556/913/467 668/915/467 667/914/467
f 557/916/468 675/917/468 668/915/468
f 558/918/469 670/919/469 675/917/469
f 670/919/470 560/920/470 671/921/470
f 560/920/471 674/922/471 671/921/471
f 561/923/472 672/924/472 674/922/472
f 562/925/473 673/926/473 672/924/473
f 563/927/474 699/928/474 673/926/474
f 699/928/475 565/929/475 678/930/475
f 678/930/476 566/931/476 677/932/476
f 566/931/477 681/933/477 677/932/477
f 681/933/478 568/934/478 680/935/478
f 680/935/479 569/936/479 679/937/479
f 569/936/480 687/938/480 679/937/480
f 687/938/481 571/939/481 683/940/481
f 683/940/482 572/941/482 682/942/482
f 572/941/483 686/943/483 682/942/483
f 686/943/484 574/944/484 685/945/484
f 574/944/485 684/946/485 685/945/485
f 684/946/486 576/947/486 698/948/486
f 698/948/487 577/949/487 688/950/487
f 688/950/488 578/951/488 691/952/488
f 578/951/489 689/953/489 691/952/489
f 579/954/490 690/955/490 689/953/490
f 580/956/491 697/957/491 690/955/491
f 581/958/492 692/959/492 697/957/492
f 582/960/493 693/961/493 692/959/493
f 693/961/494 584/962/494 696/963/494
f 696/963/495 585/964/495 694/965/495
f 694/965/496 586/966/496 695/967/496
f 586/966/497 745/968/497 695/967/497
f 745/968/498 588/969/498 701/970/498
f 701/970/499 589/971/499 700/972/499
f 700/972/500 590/973/500 704/974/500
f 590/973/501 703/975/501 704/974/501
f 591/976/502 702/977/502 703/975/502
f 702/977/503 593/978/503 710/979/503
f 593/978/504 706/980/504 710/979/504
f 706/980/505 595/981/505 705/982/505
f 595/981/506 709/983/506 705/982/506
f 596/984/507 708/985/507 709/983/507
f 708/985/508 598/986/508 707/987/508
f 598/986/509 721/988/509 707/987/509
f 599/989/510 711/990/510 721/988/510
f 711/990/511 601/991/511 714/992/511
f 714/992/512 602/993/512 712/994/512
f 602/993/513 713/995/513 712/994/513
f 713/995/514 604/996/514 720/997/514
f 604/996/515 715/998/515 720/997/515
f 715/998/516 606/999/516 716/1000/516
f 716/1000/517 607/1001/517 719/1002/517
f 607/1001/518 717/1003/518 719/1002/518
f 608/1004/519 718/1005/519 717/1003/519
f 718/1005/520 610/1006/520 744/1007/520
f 610/1006/521 723/1008/521 744/1007/521
f 611/1009/522 722/1010/522 723/1008/522
f 722/1010/523 613/1011/523 726/1012/523
f 613/1011/524 725/1013/524 726/1012/524
f 725/1013/525 615/1014/525 724/1015/525
f 615/1014/526 732/1016/526 724/1015/526
f 616/1017/527 728/1018/527 732/1016/527
f 728/1018/528 618/1019/528 727/1020/528
f 727/1020/529 619/1021/529 731/1022/529
f 619/1021/530 730/1023/530 731/1022/530
f 730/1023/531 621/1024/531 729/1025/531
f 621/1024/532 743/1026/532 729/1025/532
f 743/1026/533 623/1027/533 734/1028/533
f 734/1028/534 624/1029/534 733/1030/534
f 624/1029/535 737/1031/535 733/1030/535
f 625/1032/536 736/1033/536 737/1031/536
f 736/1033/537 627/1034/537 735/1035/537
f 627/1034/538 742/1036/538 735/1035/538
f 628/1037/539 739/1038/539 742/1036/539
f 625/1039/540 617/1040/540 141/1041/540
f 1134/1/541 1135/2/541 1133/3/541
f 1136/4/542 1137/57/542 1135/2/542
f 1138/7/543 1139/13/543 1137/57/543
f 1140/58/544 1141/20/544 1139/13/544
f 1142/16/545 1143/19/545 1141/20/545
f 1143/19/546 1146/32/546 1145/33/546
f 1146/83/7 1142/24/7 1138/25/7
f 1145/33/547 1148/30/547 1147/35/547
f 1148/30/548 1133/62/548 1147/35/548
f 1139/40/10 1143/41/10 1147/81/10
f 1150/1/1 1151/2/1 1149/3/1
f 1152/4/2 1153/57/2 1151/2/2
f 1154/7/3 1155/13/3 1153/57/3
f 1156/58/4 1157/20/4 1155/13/4
f 1158/16/5 1159/19/5 1157/20/5
f 1160/21/6 1161/33/6 1159/19/6
f 1156/76/7 1154/25/7 1162/83/7
f 1162/32/8 1163/35/8 1161/33/8
f 1164/30/9 1149/62/9 1163/35/9
f 1155/40/10 1159/41/10 1163/81/10
f 1166/1042/34 1167/1043/34 1165/1044/34
f 1168/1045/11 1171/19/11 1167/1043/11
f 1172/13/37 1169/109/37 1171/19/37
f 1170/1046/12 1165/21/12 1169/109/12
f 1171/19/10 1165/1047/10 1167/35/10
f 1172/13/7 1166/1048/7 1170/1046/7
f 1175/1043/34 1181/1049/34 1176/1045/34
f 1174/1042/34 1184/1050/34 1173/1044/34
f 1176/1045/549 1179/19/549 1175/1043/549
f 1178/1046/37 1187/1051/37 1185/1052/37
f 1179/19/37 1186/1053/37 1188/1054/37
f 1178/1046/550 1173/21/550 1177/109/550
f 1173/1047/551 1187/1051/551 1177/109/551
f 1183/1055/551 1179/19/551 1188/1054/551
f 1174/1048/552 1185/1052/552 1182/1056/552
f 1180/13/552 1181/1057/552 1186/1053/552
f 1188/1058/550 1181/1059/550 1183/1060/550
f 1185/1061/549 1184/1062/549 1182/1063/549
f 1196/1064/34 1191/1043/34 1189/1044/34
f 1191/1043/12 1204/1065/12 1194/19/12
f 1193/1046/37 1192/109/37 1197/1066/37
f 1193/1046/11 1189/21/11 1192/109/11
f 1194/19/553 1189/1047/553 1191/35/553
f 1201/1067/10 1193/1046/10 1206/1068/10
f 1196/1069/11 1207/1070/11 1203/1071/11
f 1195/1072/12 1208/1073/12 1197/1074/12
f 1196/1075/554 1197/1076/554 1198/1077/554
f 1203/1078/550 1204/1079/550 1199/1080/550
f 1205/1081/549 1201/1082/549 1206/1083/549
f 1200/1084/552 1208/1085/552 1202/1086/552
f 1210/1/555 1211/2/555 1209/3/555
f 1212/4/556 1213/57/556 1211/2/556
f 1213/57/557 1216/58/557 1215/13/557
f 1215/13/558 1218/16/558 1217/20/558
f 1217/20/559 1220/21/559 1219/19/559
f 1219/19/560 1222/32/560 1221/33/560
f 1212/69/561 1210/26/561 1231/1087/561
f 1220/78/561 1218/24/561 1232/1088/561
f 1222/32/562 1223/35/562 1221/33/562
f 1224/30/563 1209/62/563 1223/35/563
f 1215/40/564 1217/75/564 1235/1089/564
f 1223/81/564 1209/84/564 1233/1090/564
f 1238/1091/565 1231/1092/565 1233/1093/565
f 1225/1094/566 1234/1095/566 1230/1096/566
f 1228/1097/567 1234/1095/567 1237/1098/567
f 1232/1099/568 1237/1098/568 1235/1100/568
f 1227/1101/569 1235/1100/569 1239/1102/569
f 1229/1103/570 1239/1102/570 1236/1104/570
f 1240/1105/571 1229/1103/571 1236/1104/571
f 1233/1106/572 1226/1107/572 1240/1105/572
f 1242/1042/561 1243/1043/561 1241/1044/561
f 1243/1043/12 1248/13/12 1247/19/12
f 1248/13/564 1245/109/564 1247/19/564
f 1246/1046/11 1241/21/11 1245/109/11
f 1243/35/573 1245/109/573 1241/1047/573
f 1244/2/574 1246/1046/574 1248/13/574
f 1250/1042/561 1251/1043/561 1249/1044/561
f 1252/1045/573 1255/19/573 1251/1043/573
f 1255/19/564 1254/1046/564 1253/109/564
f 1253/109/574 1250/58/574 1249/21/574
f 1251/35/11 1253/109/11 1249/1047/11
f 1252/2/12 1254/1046/12 1256/13/12
f 1257/1044/561 1260/1045/561 1259/1043/561
f 1260/1045/573 1263/19/573 1259/1043/573
f 1264/13/564 1261/109/564 1263/19/564
f 1262/1046/575 1257/21/575 1261/109/575
f 1259/35/11 1261/109/11 1257/1047/11
f 1260/2/12 1262/1046/12 1264/13/12
f 2/1/1 4/4/1 3/2/1
f 18/1108/2 19/14/2 5/57/2
f 4/4/2 6/7/2 33/1109/2
f 6/7/2 35/9/2 33/1109/2
f 18/1108/2 5/57/2 3/2/2
f 34/11/2 20/1110/2 17/6/2
f 17/6/2 18/1108/2 3/2/2
f 3/2/2 4/4/2 17/6/2
f 4/4/2 33/1109/2 36/5/2
f 36/5/2 34/11/2 17/6/2
f 6/7/3 8/58/3 38/8/3
f 22/10/3 20/1110/3 34/11/3
f 7/13/3 5/57/3 19/14/3
f 39/1111/4 38/8/4 8/58/4
f 9/20/4 7/13/4 23/1112/4
f 7/13/4 21/15/4 23/1112/4
f 39/1111/4 8/58/4 10/16/4
f 22/10/4 37/12/4 24/17/4
f 37/12/4 40/18/4 24/17/4
f 40/18/4 39/1111/4 10/16/4
f 10/16/4 9/20/4 24/17/4
f 9/20/4 23/1112/4 24/17/4
f 10/16/5 12/21/5 11/19/5
f 26/1113/6 28/1114/6 13/33/6
f 12/21/6 14/32/6 41/1115/6
f 14/32/6 43/31/6 41/1115/6
f 26/1113/6 13/33/6 11/19/6
f 42/1116/6 27/27/6 25/23/6
f 25/23/6 26/1113/6 11/19/6
f 11/19/6 12/21/6 25/23/6
f 12/21/6 41/1115/6 44/22/6
f 44/22/6 42/1116/6 25/23/6
f 2/26/7 16/85/7 14/83/7
f 14/83/7 12/78/7 10/24/7
f 10/24/7 8/76/7 6/25/7
f 6/25/7 4/69/7 2/26/7
f 2/26/7 14/83/7 10/24/7
f 27/27/8 42/1116/8 45/28/8
f 16/30/8 46/1117/8 43/31/8
f 13/33/8 28/1114/8 29/34/8
f 47/1118/9 46/1117/9 16/30/9
f 1/62/9 15/35/9 31/1119/9
f 15/35/9 29/34/9 31/1119/9
f 47/1118/9 16/30/9 2/36/9
f 30/29/9 45/28/9 32/37/9
f 45/28/9 48/38/9 32/37/9
f 48/38/9 47/1118/9 2/36/9
f 2/36/9 1/62/9 32/37/9
f 1/62/9 31/1119/9 32/37/9
f 11/41/10 13/79/10 15/81/10
f 15/81/10 1/84/10 3/39/10
f 3/39/10 5/70/10 7/40/10
f 7/40/10 9/75/10 11/41/10
f 11/41/10 15/81/10 3/39/10
f 18/42/11 17/1120/11 32/43/11
f 24/45/12 23/1121/12 26/46/12
f 18/48/7 31/55/7 23/49/7
f 31/55/7 29/1122/7 28/1123/7
f 26/54/7 31/55/7 28/1123/7
f 26/54/7 23/49/7 31/55/7
f 23/49/7 21/1124/7 19/50/7
f 30/56/10 32/53/10 27/52/10
f 32/53/10 17/1125/10 24/1126/10
f 25/51/10 32/53/10 24/1126/10
f 17/1125/10 20/1127/10 24/1126/10
f 20/1127/10 22/1128/10 24/1126/10
f 36/42/11 33/1120/11 47/43/11
f 39/45/12 40/1121/12 44/46/12
f 40/49/7 37/1124/7 34/50/7
f 34/50/7 36/48/7 40/49/7
f 36/48/7 48/55/7 40/49/7
f 48/55/7 45/1122/7 42/1123/7
f 42/1123/7 44/54/7 48/55/7
f 47/53/10 33/1125/10 39/1126/10
f 33/1125/10 35/1127/10 39/1126/10
f 35/1127/10 38/1128/10 39/1126/10
f 39/1126/10 41/51/10 47/53/10
f 41/51/10 43/52/10 47/53/10
f 68/1/1 67/4/1 66/2/1
f 67/4/2 70/7/2 69/57/2
f 70/7/3 72/58/3 71/13/3
f 72/58/4 74/16/4 73/20/4
f 74/16/5 76/21/5 75/19/5
f 76/21/6 78/32/6 77/33/6
f 54/61/7 52/72/7 50/68/7
f 50/68/7 64/82/7 62/59/7
f 62/59/7 60/80/7 58/60/7
f 58/60/7 56/73/7 54/61/7
f 54/61/7 50/68/7 62/59/7
f 78/32/8 80/30/8 79/35/8
f 80/30/9 68/36/9 65/62/9
f 63/64/10 49/66/10 51/67/10
f 51/67/10 53/71/10 63/64/10
f 53/71/10 55/65/10 63/64/10
f 55/65/10 57/74/10 59/77/10
f 59/77/10 61/63/10 55/65/10
f 49/66/13 65/84/13 66/39/13
f 50/68/14 52/72/14 67/69/14
f 51/67/15 66/39/15 69/70/15
f 54/61/16 70/25/16 67/69/16
f 53/71/17 69/70/17 71/40/17
f 56/73/18 72/76/18 70/25/18
f 57/74/19 55/65/19 71/40/19
f 58/60/20 74/24/20 72/76/20
f 57/74/21 73/75/21 75/41/21
f 58/60/22 60/80/22 76/78/22
f 59/77/23 75/41/23 77/79/23
f 62/59/24 78/83/24 76/78/24
f 61/63/25 77/79/25 79/81/25
f 64/82/26 80/85/26 78/83/26
f 49/66/27 63/64/27 79/81/27
f 50/68/28 68/26/28 80/85/28
f 100/1/1 99/4/1 98/2/1
f 99/4/2 102/7/2 101/57/2
f 102/7/3 104/58/3 103/13/3
f 104/58/4 106/16/4 105/20/4
f 106/16/5 108/21/5 107/19/5
f 108/21/6 110/32/6 109/33/6
f 86/61/7 84/72/7 82/68/7
f 82/68/7 96/82/7 94/59/7
f 94/59/7 92/80/7 90/60/7
f 90/60/7 88/73/7 86/61/7
f 86/61/7 82/68/7 94/59/7
f 110/32/8 112/30/8 111/35/8
f 112/30/9 100/36/9 97/62/9
f 95/64/10 81/66/10 83/67/10
f 83/67/10 85/71/10 95/64/10
f 85/71/10 87/65/10 95/64/10
f 87/65/10 89/74/10 91/77/10
f 91/77/10 93/63/10 87/65/10
f 81/66/13 97/84/13 98/39/13
f 82/68/14 84/72/14 99/69/14
f 83/67/15 98/39/15 101/70/15
f 86/61/16 102/25/16 99/69/16
f 85/71/17 101/70/17 103/40/17
f 88/73/18 104/76/18 102/25/18
f 89/74/19 87/65/19 103/40/19
f 90/60/20 106/24/20 104/76/20
f 89/74/21 105/75/21 107/41/21
f 90/60/22 92/80/22 108/78/22
f 91/77/23 107/41/23 109/79/23
f 94/59/24 110/83/24 108/78/24
f 93/63/25 109/79/25 111/81/25
f 96/82/26 112/85/26 110/83/26
f 81/66/27 95/64/27 111/81/27
f 82/68/28 100/26/28 112/85/28
f 115/1/29 118/87/29 116/86/29
f 118/87/30 123/1129/30 121/88/30
f 121/88/31 123/1129/31 127/89/31
f 127/89/32 130/98/32 129/91/32
f 652/1130/576 653/1131/576 135/97/576
f 135/97/34 118/1132/34 921/1133/34
f 118/1132/34 115/26/34 932/1134/34
f 135/97/33 943/1135/33 939/1136/33
f 130/1137/34 127/24/34 1011/1138/34
f 127/24/34 137/95/34 1016/1139/34
f 1037/1140/540 137/95/540 1033/1141/540
f 137/95/577 858/1142/577 859/1143/577
f 137/95/33 859/1143/33 857/1144/33
f 650/1145/34 652/1130/34 135/97/34
f 649/1146/34 650/1145/34 135/97/34
f 137/95/540 857/1144/540 861/1147/540
f 137/95/578 861/1147/578 855/1148/578
f 651/1149/33 649/1146/33 135/97/33
f 648/1150/540 651/1149/540 135/97/540
f 137/95/540 855/1148/540 856/1151/540
f 137/95/33 856/1151/33 860/1152/33
f 647/1153/33 648/1150/33 135/97/33
f 654/1154/577 647/1153/577 135/97/577
f 137/95/33 860/1152/33 852/1155/33
f 137/95/579 852/1155/579 853/1156/579
f 654/1154/578 135/97/578 644/1157/578
f 943/1135/577 135/97/577 935/1158/577
f 644/1157/34 135/97/34 645/1159/34
f 645/1159/33 135/97/33 646/1160/33
f 137/95/578 1037/1140/578 1029/1161/578
f 137/95/33 853/1156/33 851/1162/33
f 137/95/578 851/1162/578 854/1163/578
f 646/1160/580 135/97/580 642/1164/580
f 642/1164/540 135/97/540 643/1165/540
f 137/95/540 854/1163/540 849/1166/540
f 137/95/33 849/1166/33 850/1167/33
f 643/1165/33 135/97/33 641/1168/33
f 641/1168/579 135/97/579 655/1169/579
f 137/95/34 850/1167/34 862/1170/34
f 137/95/540 862/1170/540 845/1171/540
f 655/1169/540 135/97/540 637/1172/540
f 637/1172/581 135/97/581 638/1173/581
f 137/95/33 845/1171/33 846/1174/33
f 137/95/33 846/1174/33 844/1175/33
f 638/1173/540 135/97/540 639/1176/540
f 639/1176/577 135/97/577 635/1177/577
f 137/95/540 844/1175/540 847/1178/540
f 137/95/540 847/1178/540 842/1179/540
f 635/1177/540 135/97/540 636/1180/540
f 636/1180/33 135/97/33 634/1181/33
f 137/95/33 842/1179/33 843/1182/33
f 137/95/34 843/1182/34 848/1183/34
f 634/1181/33 135/97/33 640/1184/33
f 640/1184/540 135/97/540 631/1185/540
f 137/95/578 848/1183/578 839/1186/578
f 137/95/577 839/1186/577 840/1187/577
f 631/1185/577 135/97/577 632/1188/577
f 632/1188/578 135/97/578 633/1189/578
f 137/95/580 840/1187/580 838/1190/580
f 137/95/540 838/1190/540 841/1191/540
f 633/1189/578 135/97/578 629/1192/578
f 629/1192/540 135/97/540 630/1193/540
f 137/95/33 841/1191/33 836/1194/33
f 137/95/33 836/1194/33 837/1195/33
f 630/1193/33 135/97/33 951/1196/33
f 951/1196/540 135/97/540 952/1197/540
f 137/95/540 837/1195/540 1046/1198/540
f 137/95/540 1046/1198/540 1045/1199/540
f 952/1197/578 135/97/578 953/1200/578
f 953/1200/578 135/97/578 949/1201/578
f 137/95/578 1045/1199/578 1047/1202/578
f 137/95/34 1047/1202/34 1044/1203/34
f 949/1201/34 135/97/34 950/1204/34
f 950/1204/580 135/97/580 954/1205/580
f 137/95/33 1044/1203/33 1043/1206/33
f 137/95/540 1043/1206/540 1048/1207/540
f 954/1205/577 135/97/577 946/1208/577
f 946/1208/577 135/97/577 947/1209/577
f 137/95/540 1048/1207/540 1041/1210/540
f 137/95/580 1041/1210/580 1040/1211/580
f 947/1209/33 135/97/33 948/1212/33
f 948/1212/33 135/97/33 944/1213/33
f 137/95/579 1040/1211/579 1042/1214/579
f 137/95/33 1042/1214/33 1039/1215/33
f 944/1213/34 135/97/34 945/1216/34
f 945/1216/34 135/97/34 955/1217/34
f 137/95/540 1039/1215/540 1038/1218/540
f 137/95/33 1038/1218/33 1049/1219/33
f 955/1217/540 135/97/540 940/1220/540
f 940/1220/578 135/97/578 941/1221/578
f 137/95/540 1049/1219/540 1034/1222/540
f 137/95/33 1034/1222/33 1035/1223/33
f 941/1221/582 135/97/582 942/1224/582
f 942/1224/580 135/97/580 938/1225/580
f 137/95/540 1035/1223/540 1036/1226/540
f 137/95/33 1036/1226/33 1032/1227/33
f 938/1225/33 135/97/33 939/1136/33
f 137/95/540 1032/1227/540 1033/1141/540
f 935/1158/582 135/97/582 936/1228/582
f 137/95/34 1029/1161/34 1030/1229/34
f 137/95/540 1030/1229/540 1031/1230/540
f 936/1228/581 135/97/581 937/1231/581
f 937/1231/582 135/97/582 933/1232/582
f 137/95/578 1031/1230/578 1027/1233/578
f 137/95/33 1027/1233/33 1028/1234/33
f 933/1232/583 135/97/583 934/1235/583
f 934/1235/34 135/97/34 956/1236/34
f 137/95/577 1028/1234/577 1051/1237/577
f 137/95/540 1051/1237/540 1022/1238/540
f 956/1236/580 135/97/580 928/1239/580
f 928/1239/582 135/97/582 929/1240/582
f 137/95/33 1022/1238/33 1023/1241/33
f 137/95/540 1023/1241/540 1024/1242/540
f 929/1240/33 135/97/33 927/1243/33
f 927/1243/580 135/97/580 930/1244/580
f 137/95/580 1024/1242/580 1020/1245/580
f 137/95/582 1020/1245/582 1021/1246/582
f 930/1244/577 135/97/577 926/1247/577
f 926/1247/540 135/97/540 925/1248/540
f 137/95/580 1021/1246/580 1025/1249/580
f 137/95/33 1025/1249/33 1017/1250/33
f 925/1248/578 135/97/578 931/1251/578
f 931/1251/33 135/97/33 923/1252/33
f 137/95/580 1017/1250/580 1018/1253/580
f 137/95/577 1018/1253/577 1019/1254/577
f 923/1252/33 135/97/33 922/1255/33
f 922/1255/577 135/97/577 924/1256/577
f 137/95/540 1019/1254/540 1015/1257/540
f 137/95/33 1015/1257/33 1016/1139/33
f 924/1256/584 135/97/584 921/1133/584
f 921/1133/540 118/1132/540 920/1258/540
f 127/24/580 1016/1139/580 1026/1259/580
f 920/1258/578 118/1132/578 932/1134/578
f 127/24/540 1026/1259/540 1011/1138/540
f 917/1260/540 932/1134/540 115/26/540
f 130/1137/585 1011/1138/585 1012/1261/585
f 130/1137/34 1012/1261/34 1013/1262/34
f 916/1263/33 917/1260/33 115/26/33
f 918/1264/34 916/1263/34 115/26/34
f 130/1137/34 1013/1262/34 1009/1265/34
f 130/1137/34 1009/1265/34 1010/1266/34
f 915/1267/33 918/1264/33 115/26/33
f 914/1268/585 915/1267/585 115/26/585
f 130/1137/540 1010/1266/540 1014/1269/540
f 130/1137/33 1014/1269/33 1006/1270/33
f 919/1271/34 914/1268/34 115/26/34
f 912/1272/540 919/1271/540 115/26/540
f 130/1137/34 1006/1270/34 1007/1273/34
f 130/1137/34 1007/1273/34 1008/1274/34
f 911/1275/33 912/1272/33 115/26/33
f 913/1276/33 911/1275/33 115/26/33
f 130/1137/34 1008/1274/34 1004/1277/34
f 130/1137/33 1004/1277/33 1005/1278/33
f 910/1279/585 913/1276/585 115/26/585
f 909/1280/33 910/1279/33 115/26/33
f 130/1137/34 1005/1278/34 1050/1281/34
f 130/1137/33 1050/1281/33 985/1282/33
f 957/1283/540 909/1280/540 115/26/540
f 893/1284/33 957/1283/33 115/26/33
f 130/1137/34 985/1282/34 986/1285/34
f 130/1137/34 986/1285/34 984/1286/34
f 894/1287/585 893/1284/585 115/26/585
f 895/1288/586 894/1287/586 115/26/586
f 130/1137/34 984/1286/34 987/1289/34
f 130/1137/34 987/1289/34 983/1290/34
f 891/1291/33 895/1288/33 115/26/33
f 892/1292/34 891/1291/34 115/26/34
f 130/1137/34 983/1290/34 982/1293/34
f 130/1137/33 982/1293/33 988/1294/33
f 896/1295/33 892/1292/33 115/26/33
f 887/1296/540 896/1295/540 115/26/540
f 130/1137/34 988/1294/34 981/1297/34
f 130/1137/587 981/1297/587 831/1298/587
f 740/1299/34 887/1296/34 115/26/34
f 741/1300/586 740/1299/586 115/26/586
f 130/1137/33 831/1298/33 830/1301/33
f 130/1137/34 830/1301/34 832/1302/34
f 738/1303/585 741/1300/585 115/26/585
f 739/1304/34 738/1303/34 115/26/34
f 130/1137/34 832/1302/34 829/1305/34
f 130/1137/33 829/1305/33 828/1306/33
f 742/1307/540 739/1304/540 115/26/540
f 735/1308/588 742/1307/588 115/26/588
f 130/1137/540 828/1306/540 833/1309/540
f 130/1137/33 833/1309/33 826/1310/33
f 736/1311/589 735/1308/589 115/26/589
f 737/1312/540 736/1311/540 115/26/540
f 130/1137/34 826/1310/34 825/1313/34
f 130/1137/34 825/1313/34 827/1314/34
f 733/1315/33 737/1312/33 115/26/33
f 734/1316/34 733/1315/34 115/26/34
f 130/1137/34 827/1314/34 824/1317/34
f 130/1137/34 824/1317/34 834/1318/34
f 743/1319/540 734/1316/540 115/26/540
f 729/1320/34 743/1319/34 115/26/34
f 130/1137/34 834/1318/34 820/1321/34
f 130/1137/34 820/1321/34 821/1322/34
f 730/1323/33 729/1320/33 115/26/33
f 731/1324/588 730/1323/588 115/26/588
f 130/1137/34 821/1322/34 822/1325/34
f 130/1137/34 822/1325/34 818/1326/34
f 727/1327/34 731/1324/34 115/26/34
f 728/1328/34 727/1327/34 115/26/34
f 130/1137/34 818/1326/34 819/1329/34
f 130/1137/34 819/1329/34 823/1330/34
f 732/1331/34 728/1328/34 115/26/34
f 724/1332/33 732/1331/33 115/26/33
f 130/1137/34 823/1330/34 815/1333/34
f 130/1137/34 815/1333/34 816/1334/34
f 725/1335/34 724/1332/34 115/26/34
f 726/1336/34 725/1335/34 115/26/34
f 130/1137/33 816/1334/33 817/1337/33
f 130/1137/34 817/1337/34 813/1338/34
f 722/1339/33 726/1336/33 115/26/33
f 723/1340/34 722/1339/34 115/26/34
f 130/1137/34 813/1338/34 814/1341/34
f 130/1137/33 814/1341/33 835/1342/33
f 744/1343/34 723/1340/34 115/26/34
f 718/1344/34 744/1343/34 115/26/34
f 130/1137/34 835/1342/34 809/1345/34
f 130/1137/33 809/1345/33 808/1346/33
f 717/1347/34 718/1344/34 115/26/34
f 719/1348/586 717/1347/586 115/26/586
f 130/1137/34 808/1346/34 810/1349/34
f 130/1137/34 810/1349/34 807/1350/34
f 716/1351/589 719/1348/589 115/26/589
f 715/1352/34 716/1351/34 115/26/34
f 130/1137/34 807/1350/34 806/1353/34
f 130/1137/34 806/1353/34 811/1354/34
f 720/1355/34 715/1352/34 115/26/34
f 713/1356/588 720/1355/588 115/26/588
f 130/1137/34 811/1354/34 804/1357/34
f 130/1137/34 804/1357/34 803/1358/34
f 712/1359/589 713/1356/589 115/26/589
f 714/1360/34 712/1359/34 115/26/34
f 130/1137/33 803/1358/33 805/1361/33
f 130/1137/34 805/1361/34 802/1362/34
f 711/1363/34 714/1360/34 115/26/34
f 721/1364/589 711/1363/589 115/26/589
f 130/1137/33 802/1362/33 812/1365/33
f 130/1137/34 812/1365/34 798/1366/34
f 707/1367/586 721/1364/586 115/26/586
f 708/1368/34 707/1367/34 115/26/34
f 130/1137/34 798/1366/34 799/1369/34
f 130/1137/34 799/1369/34 800/1370/34
f 709/1371/34 708/1368/34 115/26/34
f 705/1372/34 709/1371/34 115/26/34
f 130/1137/34 800/1370/34 796/1373/34
f 130/1137/34 796/1373/34 797/1374/34
f 706/1375/589 705/1372/589 115/26/589
f 710/1376/586 706/1375/586 115/26/586
f 130/1137/33 797/1374/33 801/1377/33
f 130/1137/586 801/1377/586 793/1378/586
f 702/1379/587 710/1376/587 115/26/587
f 703/1380/586 702/1379/586 115/26/586
f 130/1137/34 793/1378/34 794/1381/34
f 130/1137/34 794/1381/34 795/1382/34
f 704/1383/33 703/1380/33 115/26/33
f 700/1384/589 704/1383/589 115/26/589
f 130/1137/34 795/1382/34 791/1385/34
f 130/1137/33 791/1385/33 792/1386/33
f 701/1387/33 700/1384/33 115/26/33
f 745/1388/34 701/1387/34 115/26/34
f 130/1137/34 792/1386/34 790/1389/34
f 130/1137/34 790/1389/34 786/1390/34
f 695/1391/586 745/1388/586 115/26/586
f 694/1392/589 695/1391/589 115/26/589
f 130/1137/33 786/1390/33 785/1393/33
f 130/1137/34 785/1393/34 787/1394/34
f 696/1395/34 694/1392/34 115/26/34
f 693/1396/33 696/1395/33 115/26/33
f 130/1137/34 787/1394/34 784/1397/34
f 130/1137/34 784/1397/34 783/1398/34
f 692/1399/34 693/1396/34 115/26/34
f 697/1400/34 692/1399/34 115/26/34
f 130/1137/587 783/1398/587 788/1401/587
f 130/1137/34 788/1401/34 781/1402/34
f 690/1403/34 697/1400/34 115/26/34
f 689/1404/33 690/1403/33 115/26/33
f 130/1137/33 781/1402/33 780/1405/33
f 130/1137/34 780/1405/34 782/1406/34
f 689/1404/34 115/26/34 691/1407/34
f 115/26/34 133/92/34 699/1408/34
f 691/1407/34 115/26/34 688/1409/34
f 688/1409/33 115/26/33 698/1410/33
f 133/92/34 130/1137/34 766/1411/34
f 130/1137/34 782/1406/34 779/1412/34
f 130/1137/589 779/1412/589 789/1413/589
f 698/1410/587 115/26/587 684/1414/587
f 684/1414/588 115/26/588 685/1415/588
f 130/1137/34 789/1413/34 775/1416/34
f 130/1137/587 775/1416/587 776/1417/587
f 685/1415/585 115/26/585 686/1418/585
f 686/1418/586 115/26/586 682/1419/586
f 130/1137/588 776/1417/588 777/1420/588
f 130/1137/33 777/1420/33 773/1421/33
f 682/1419/34 115/26/34 683/1422/34
f 683/1422/33 115/26/33 687/1423/33
f 130/1137/540 773/1421/540 774/1424/540
f 130/1137/33 774/1424/33 778/1425/33
f 687/1423/33 115/26/33 679/1426/33
f 679/1426/33 115/26/33 680/1427/33
f 130/1137/34 778/1425/34 770/1428/34
f 130/1137/33 770/1428/33 771/1429/33
f 680/1427/540 115/26/540 681/1430/540
f 681/1430/540 115/26/540 677/1431/540
f 130/1137/540 771/1429/540 772/1432/540
f 130/1137/33 772/1432/33 768/1433/33
f 677/1431/33 115/26/33 678/1434/33
f 678/1434/590 115/26/590 699/1408/590
f 130/1137/540 768/1433/540 769/1435/540
f 130/1137/33 769/1435/33 766/1411/33
f 133/92/591 766/1411/591 763/1436/591
f 673/1437/592 699/1408/592 133/92/592
f 672/1438/593 673/1437/593 133/92/593
f 133/92/587 763/1436/587 762/1439/587
f 133/92/594 762/1439/594 764/1440/594
f 674/1441/595 672/1438/595 133/92/595
f 671/1442/596 674/1441/596 133/92/596
f 133/92/581 764/1440/581 761/1443/581
f 133/92/594 761/1443/594 760/1444/594
f 670/1445/540 671/1442/540 133/92/540
f 675/1446/597 670/1445/597 133/92/597
f 133/92/589 760/1444/589 765/1447/589
f 133/92/540 765/1447/540 758/1448/540
f 668/1449/580 675/1446/580 133/92/580
f 667/1450/598 668/1449/598 133/92/598
f 133/92/580 758/1448/580 757/1451/580
f 133/92/577 757/1451/577 759/1452/577
f 669/1453/34 667/1450/34 133/92/34
f 666/1454/34 669/1453/34 133/92/34
f 133/92/578 759/1452/578 756/1455/578
f 133/92/599 756/1455/599 767/1456/599
f 676/1457/577 666/1454/577 133/92/577
f 662/1458/33 676/1457/33 133/92/33
f 133/92/583 767/1456/583 753/1459/583
f 133/92/600 753/1459/600 754/1460/600
f 663/1461/33 662/1458/33 133/92/33
f 664/1462/33 663/1461/33 133/92/33
f 133/92/578 754/1460/578 755/1463/578
f 133/92/577 755/1463/577 751/1464/577
f 660/1465/601 664/1462/601 133/92/601
f 661/1466/602 660/1465/602 133/92/602
f 133/92/33 751/1464/33 747/1467/33
f 133/92/580 747/1467/580 748/1468/580
f 665/1469/580 661/1466/580 133/92/580
f 657/1470/577 665/1469/577 133/92/577
f 133/92/585 748/1468/585 746/1471/585
f 133/92/540 746/1471/540 749/1472/540
f 658/1473/540 657/1470/540 133/92/540
f 659/1474/578 658/1473/578 133/92/578
f 133/92/584 749/1472/584 750/1475/584
f 133/92/540 750/1475/540 752/1476/540
f 656/1477/577 659/1474/577 133/92/577
f 890/1478/584 656/1477/584 133/92/584
f 133/92/540 752/1476/540 958/1479/540
f 133/92/34 958/1479/34 959/1480/34
f 889/1481/540 890/1478/540 133/92/540
f 888/1482/584 889/1481/584 133/92/584
f 133/92/540 959/1480/540 960/1483/540
f 133/92/34 960/1483/34 961/1484/34
f 908/1485/577 888/1482/577 133/92/577
f 907/1486/578 908/1485/578 133/92/578
f 133/92/540 961/1484/540 962/1487/540
f 133/92/584 962/1487/584 963/1488/584
f 906/1489/540 907/1486/540 133/92/540
f 905/1490/580 906/1489/580 133/92/580
f 133/92/540 963/1488/540 964/1491/540
f 133/92/577 964/1491/577 965/1492/577
f 904/1493/577 905/1490/577 133/92/577
f 903/1494/602 904/1493/602 133/92/602
f 133/92/33 965/1492/33 966/1495/33
f 133/92/33 966/1495/33 967/1496/33
f 902/1497/33 903/1494/33 133/92/33
f 901/1498/578 902/1497/578 133/92/578
f 133/92/33 967/1496/33 968/1499/33
f 133/92/540 968/1499/540 969/1500/540
f 900/1501/599 901/1498/599 133/92/599
f 899/1502/33 900/1501/33 133/92/33
f 133/92/540 969/1500/540 970/1503/540
f 133/92/578 970/1503/578 971/1504/578
f 898/1505/33 899/1502/33 133/92/33
f 897/1506/33 898/1505/33 133/92/33
f 133/92/33 971/1504/33 972/1507/33
f 133/92/540 972/1507/540 973/1508/540
f 886/1509/33 897/1506/33 133/92/33
f 885/1510/540 886/1509/540 133/92/540
f 133/92/33 973/1508/33 974/1511/33
f 133/92/540 974/1511/540 975/1512/540
f 884/1513/33 885/1510/33 133/92/33
f 883/1514/540 884/1513/540 133/92/540
f 133/92/540 975/1512/540 976/1515/540
f 133/92/33 976/1515/33 977/1516/33
f 882/1517/33 883/1514/33 133/92/33
f 881/1518/540 882/1517/540 133/92/540
f 133/92/33 977/1516/33 978/1519/33
f 133/92/577 978/1519/577 979/1520/577
f 880/1521/579 881/1518/579 133/92/579
f 879/1522/584 880/1521/584 133/92/584
f 133/92/578 979/1520/578 980/1523/578
f 133/92/34 980/1523/34 989/1524/34
f 878/1525/540 879/1522/540 133/92/540
f 877/1526/580 878/1525/580 133/92/580
f 133/92/580 989/1524/580 990/1527/580
f 133/92/540 990/1527/540 991/1528/540
f 876/1529/540 877/1526/540 133/92/540
f 875/1530/540 876/1529/540 133/92/540
f 133/92/33 991/1528/33 992/1531/33
f 133/92/540 992/1531/540 993/1532/540
f 874/1533/578 875/1530/578 133/92/578
f 873/1534/33 874/1533/33 133/92/33
f 133/92/540 993/1532/540 994/1535/540
f 133/92/33 994/1535/33 995/1536/33
f 872/1537/34 873/1534/34 133/92/34
f 871/1538/33 872/1537/33 133/92/33
f 133/92/33 995/1536/33 996/1539/33
f 133/92/540 996/1539/540 997/1540/540
f 870/1541/540 871/1538/540 133/92/540
f 869/1542/540 870/1541/540 133/92/540
f 133/92/34 997/1540/34 998/1543/34
f 133/92/540 998/1543/540 999/1544/540
f 868/1545/540 869/1542/540 133/92/540
f 867/1546/33 868/1545/33 133/92/33
f 133/92/580 999/1544/580 1000/1547/580
f 133/92/579 1000/1547/579 1001/1548/579
f 866/1549/540 867/1546/540 133/92/540
f 865/1550/580 866/1549/580 133/92/580
f 133/92/34 1001/1548/34 1002/1551/34
f 133/92/33 1002/1551/33 1003/1552/33
f 864/94/577 865/1550/577 133/92/577
f 133/92/540 1003/1552/540 863/93/540
f 137/95/34 127/24/34 123/96/34
f 123/96/34 118/1132/34 135/97/34
f 130/98/35 133/1553/35 132/99/35
f 132/99/36 133/1553/36 115/100/36
f 126/75/37 129/1554/37 132/103/37
f 132/103/37 113/84/37 116/1555/37
f 116/1555/37 121/102/37 132/103/37
f 1052/104/38 125/19/38 135/105/38
f 1053/1556/579 1054/111/579 119/109/579
f 119/109/34 125/19/34 1132/107/34
f 125/19/33 1052/1557/33 1127/1558/33
f 125/19/540 1127/1558/540 1129/1559/540
f 1056/1560/578 1053/1556/578 119/109/578
f 1055/1561/540 1056/1560/540 119/109/540
f 125/19/580 1129/1559/580 1126/1562/580
f 125/19/577 1126/1562/577 1128/1563/577
f 1061/1564/540 1055/1561/540 119/109/540
f 1058/1565/33 1061/1564/33 119/109/33
f 125/19/578 1128/1563/578 1123/1566/578
f 125/19/540 1123/1566/540 1124/1567/540
f 1057/1568/578 1058/1565/578 119/109/578
f 1060/1569/540 1057/1568/540 119/109/540
f 125/19/33 1124/1567/33 1125/1570/33
f 125/19/33 1125/1570/33 1122/1571/33
f 1059/1572/34 1060/1569/34 119/109/34
f 1072/1573/34 1059/1572/34 119/109/34
f 125/19/540 1122/1571/540 1130/1574/540
f 125/19/580 1130/1574/580 1118/1575/580
f 1063/1576/33 1072/1573/33 119/109/33
f 1062/1577/540 1063/1576/540 119/109/540
f 125/19/540 1118/1575/540 1119/1578/540
f 125/19/540 1119/1578/540 1120/1579/540
f 1065/1580/33 1062/1577/33 119/109/33
f 1064/1581/540 1065/1580/540 119/109/540
f 125/19/578 1120/1579/578 1117/1582/578
f 125/19/540 1117/1582/540 1121/1583/540
f 1071/1584/540 1064/1581/540 119/109/540
f 1067/1585/578 1071/1584/578 119/109/578
f 125/19/584 1121/1583/584 1114/1586/584
f 125/19/582 1114/1586/582 1115/1587/582
f 1066/1588/540 1067/1585/540 119/109/540
f 1070/1589/540 1066/1588/540 119/109/540
f 125/19/580 1115/1587/580 1116/1590/580
f 125/19/578 1116/1590/578 1113/1591/578
f 1069/1592/33 1070/1589/33 119/109/33
f 1068/1593/540 1069/1592/540 119/109/540
f 125/19/34 1113/1591/34 1131/1594/34
f 125/19/579 1131/1594/579 1108/1595/579
f 1092/1596/578 1068/1593/578 119/109/578
f 1073/1597/579 1092/1596/579 119/109/579
f 125/19/540 1108/1595/540 1109/1598/540
f 125/19/33 1109/1598/33 1110/1599/33
f 1076/1600/34 1073/1597/34 119/109/34
f 1075/1601/33 1076/1600/33 119/109/33
f 125/19/578 1110/1599/578 1106/1602/578
f 125/19/585 1106/1602/585 1107/1603/585
f 1074/1604/578 1075/1601/578 119/109/578
f 1081/1605/540 1074/1604/540 119/109/540
f 125/19/580 1107/1603/580 1111/1606/580
f 125/19/577 1111/1606/577 1104/1607/577
f 1077/1608/540 1081/1605/540 119/109/540
f 1080/1609/33 1077/1608/33 119/109/33
f 125/19/578 1104/1607/578 1105/1610/578
f 125/19/33 1105/1610/33 1102/1611/33
f 1079/1612/540 1080/1609/540 119/109/540
f 1078/1613/33 1079/1612/33 119/109/33
f 125/19/540 1102/1611/540 1103/1614/540
f 125/19/34 1103/1614/34 1112/1615/34
f 1091/1616/34 1078/1613/34 119/109/34
f 1082/1617/33 1091/1616/33 119/109/33
f 125/19/33 1112/1615/33 1099/1618/33
f 125/19/579 1099/1618/579 1100/1619/579
f 1085/1620/540 1082/1617/540 119/109/540
f 1084/1621/540 1085/1620/540 119/109/540
f 125/19/578 1100/1619/578 1097/1622/578
f 125/19/580 1097/1622/580 1098/1623/580
f 1083/1624/578 1084/1621/578 119/109/578
f 1090/1625/33 1083/1624/33 119/109/33
f 125/19/540 1098/1623/540 1101/1626/540
f 125/19/33 1101/1626/33 1095/1627/33
f 1086/1628/33 1090/1625/33 119/109/33
f 1089/1629/577 1086/1628/577 119/109/577
f 125/19/34 1095/1627/34 1096/1630/34
f 125/19/577 1096/1630/577 1093/1631/577
f 1087/1632/33 1089/1629/33 119/109/33
f 1088/108/540 1087/1632/540 119/109/540
f 125/19/584 1093/1631/584 1094/1633/584
f 125/19/34 1094/1633/34 1132/107/34
f 137/110/39 119/109/39 1054/111/39
f 125/19/7 119/109/7 137/113/7
f 739/115/603 114/3/603 117/116/603
f 738/117/41 117/116/41 120/118/41
f 120/118/42 122/1634/42 740/120/42
f 740/120/604 122/1634/604 124/121/604
f 887/122/44 124/121/44 128/123/44
f 128/123/45 131/126/45 892/125/45
f 131/126/46 134/1635/46 891/127/46
f 891/127/605 134/1635/605 136/128/605
f 136/128/48 138/1636/48 894/130/48
f 894/130/49 138/1636/49 139/131/49
f 139/131/50 140/134/50 957/133/50
f 140/134/51 141/1637/51 909/135/51
f 909/135/606 141/1637/606 142/136/606
f 910/137/607 142/136/607 143/138/607
f 143/138/608 144/1638/608 911/140/608
f 911/140/609 144/1638/609 145/141/609
f 145/141/610 146/1639/610 919/143/610
f 919/143/611 146/1639/611 147/144/611
f 914/145/58 147/144/58 148/146/58
f 148/146/612 149/1640/612 918/148/612
f 918/148/613 149/1640/613 150/149/613
f 151/151/614 917/153/614 916/150/614
f 151/151/615 152/154/615 932/152/615
f 152/154/616 153/157/616 920/155/616
f 154/156/64 921/159/64 920/155/64
f 155/158/65 924/161/65 921/159/65
f 156/160/66 922/163/66 924/161/66
f 156/160/67 157/164/67 923/162/67
f 157/164/68 158/167/68 931/165/68
f 159/166/617 925/169/617 931/165/617
f 160/168/70 926/171/70 925/169/70
f 160/168/71 161/173/71 930/170/71
f 162/172/72 927/175/72 930/170/72
f 163/174/618 929/177/618 927/175/618
f 163/174/74 164/179/74 928/176/74
f 165/178/619 956/181/619 928/176/619
f 165/178/620 166/183/620 934/180/620
f 167/182/77 933/185/77 934/180/77
f 168/184/621 937/187/621 933/185/621
f 168/184/622 169/188/622 936/186/622
f 169/188/623 170/190/623 935/189/623
f 170/190/81 171/193/81 943/191/81
f 172/192/82 939/195/82 943/191/82
f 172/192/624 173/196/624 938/194/624
f 173/196/625 174/198/625 942/197/625
f 174/198/626 175/201/626 941/199/626
f 176/200/86 940/203/86 941/199/86
f 177/202/627 955/205/627 940/203/627
f 178/204/628 945/207/628 955/205/628
f 179/206/629 944/209/629 945/207/629
f 179/206/630 180/211/630 948/208/630
f 181/210/631 947/213/631 948/208/631
f 181/210/92 182/214/92 946/212/92
f 182/214/93 183/217/93 954/215/93
f 184/216/94 950/219/94 954/215/94
f 184/216/95 185/221/95 949/218/95
f 186/220/632 953/223/632 949/218/632
f 186/220/633 187/224/633 952/222/633
f 187/224/98 188/227/98 951/225/98
f 189/226/634 630/229/634 951/225/634
f 189/226/100 190/230/100 629/228/100
f 190/230/635 191/233/635 633/231/635
f 192/232/102 632/235/102 633/231/102
f 193/234/636 631/237/636 632/235/636
f 193/234/637 194/239/637 640/236/637
f 195/238/105 634/241/105 640/236/105
f 196/240/638 636/243/638 634/241/638
f 196/240/639 197/245/639 635/242/639
f 198/244/108 639/247/108 635/242/108
f 198/244/640 199/249/640 638/246/640
f 200/248/110 637/251/110 638/246/110
f 200/248/111 201/253/111 655/250/111
f 202/252/112 641/255/112 655/250/112
f 202/252/113 203/256/113 643/254/113
f 203/256/114 204/259/114 642/257/114
f 205/258/115 646/261/115 642/257/115
f 206/260/116 645/263/116 646/261/116
f 206/260/117 207/265/117 644/262/117
f 208/264/641 654/267/641 644/262/641
f 209/266/642 647/269/642 654/267/642
f 210/268/643 648/271/643 647/269/643
f 210/268/121 211/272/121 651/270/121
f 211/272/644 212/275/644 649/273/644
f 213/274/123 650/277/123 649/273/123
f 213/274/124 214/1641/124 652/276/124
f 653/1642/645 652/276/645 1052/280/645
f 652/276/125 214/1641/125 1052/280/125
f 214/1641/125 215/278/125 1052/280/125
f 216/281/646 1129/283/646 1127/279/646
f 216/281/127 217/284/127 1126/282/127
f 217/284/647 218/286/647 1128/285/647
f 218/286/129 219/288/129 1123/287/129
f 219/288/130 220/291/130 1124/289/130
f 221/290/131 1125/293/131 1124/289/131
f 221/290/132 222/295/132 1122/292/132
f 223/294/648 1130/297/648 1122/292/648
f 224/296/134 1118/299/134 1130/297/134
f 225/298/135 1119/301/135 1118/299/135
f 226/300/649 1120/303/649 1119/301/649
f 226/300/650 227/305/650 1117/302/650
f 228/304/138 1121/307/138 1117/302/138
f 229/306/139 1114/309/139 1121/307/139
f 230/308/140 1115/311/140 1114/309/140
f 230/308/651 231/313/651 1116/310/651
f 232/312/142 1113/315/142 1116/310/142
f 232/312/143 233/316/143 1131/314/143
f 233/316/144 234/318/144 1108/317/144
f 234/318/145 235/320/145 1109/319/145
f 235/320/146 236/323/146 1110/321/146
f 237/322/147 1106/325/147 1110/321/147
f 238/324/652 1107/327/652 1106/325/652
f 239/326/149 1111/329/149 1107/327/149
f 239/326/150 240/330/150 1104/328/150
f 240/330/151 241/332/151 1105/331/151
f 241/332/152 242/335/152 1102/333/152
f 243/334/153 1103/337/153 1102/333/153
f 243/334/154 244/338/154 1112/336/154
f 244/338/155 245/341/155 1099/339/155
f 246/340/156 1100/343/156 1099/339/156
f 246/340/157 247/345/157 1097/342/157
f 248/344/158 1098/347/158 1097/342/158
f 249/346/159 1101/349/159 1098/347/159
f 249/346/160 250/351/160 1095/348/160
f 251/350/161 1096/353/161 1095/348/161
f 251/350/162 252/354/162 1093/352/162
f 252/354/163 253/357/163 1094/355/163
f 254/356/164 1132/359/164 1094/355/164
f 255/358/165 1088/361/165 1132/359/165
f 255/358/166 256/363/166 1087/360/166
f 257/362/167 1089/365/167 1087/360/167
f 257/362/168 258/366/168 1086/364/168
f 258/366/169 259/369/169 1090/367/169
f 260/368/170 1083/371/170 1090/367/170
f 260/368/171 261/373/171 1084/370/171
f 262/372/172 1085/375/172 1084/370/172
f 262/372/173 263/376/173 1082/374/173
f 263/376/174 264/378/174 1091/377/174
f 264/378/175 265/381/175 1078/379/175
f 266/380/176 1079/383/176 1078/379/176
f 267/382/653 1080/385/653 1079/383/653
f 267/382/178 268/387/178 1077/384/178
f 269/386/654 1081/389/654 1077/384/654
f 269/386/180 270/391/180 1074/388/180
f 271/390/181 1075/393/181 1074/388/181
f 271/390/182 272/394/182 1076/392/182
f 272/394/183 273/397/183 1073/395/183
f 274/396/184 1092/399/184 1073/395/184
f 275/398/185 1068/401/185 1092/399/185
f 276/400/655 1069/403/655 1068/401/655
f 276/400/187 277/404/187 1070/402/187
f 277/404/656 278/407/656 1066/405/656
f 279/406/189 1067/409/189 1066/405/189
f 280/408/190 1071/411/190 1067/409/190
f 280/408/191 281/412/191 1064/410/191
f 281/412/192 282/415/192 1065/413/192
f 283/414/657 1062/417/657 1065/413/657
f 284/416/194 1063/419/194 1062/417/194
f 284/416/658 285/421/658 1072/418/658
f 286/420/659 1059/423/659 1072/418/659
f 287/422/197 1060/425/197 1059/423/197
f 288/424/198 1057/427/198 1060/425/198
f 288/424/199 289/429/199 1058/426/199
f 290/428/200 1061/431/200 1058/426/200
f 290/428/201 291/433/201 1055/430/201
f 292/432/202 1056/435/202 1055/430/202
f 292/432/660 293/437/660 1053/434/660
f 1054/436/661 1053/434/661 293/437/661
f 294/438/204 859/440/204 1054/436/204
f 859/440/662 858/1643/662 1054/436/662
f 294/438/205 295/442/205 857/439/205
f 296/441/663 861/444/663 857/439/663
f 297/443/664 855/446/664 861/444/664
f 297/443/208 298/448/208 856/445/208
f 299/447/209 860/450/209 856/445/209
f 300/449/210 852/452/210 860/450/210
f 300/449/665 301/454/665 853/451/665
f 302/453/212 851/456/212 853/451/212
f 302/453/213 303/458/213 854/455/213
f 304/457/214 849/460/214 854/455/214
f 305/459/215 850/462/215 849/460/215
f 305/459/666 306/463/666 862/461/666
f 306/463/217 307/465/217 845/464/217
f 307/465/218 308/468/218 846/466/218
f 309/467/219 844/470/219 846/466/219
f 310/469/667 847/472/667 844/470/667
f 311/471/668 842/474/668 847/472/668
f 312/473/222 843/476/222 842/474/222
f 313/475/223 848/478/223 843/476/223
f 314/477/224 839/480/224 848/478/224
f 314/477/669 315/482/669 840/479/669
f 316/481/670 838/484/670 840/479/670
f 316/481/227 317/486/227 841/483/227
f 318/485/671 836/488/671 841/483/671
f 318/485/229 319/490/229 837/487/229
f 320/489/672 1046/492/672 837/487/672
f 320/489/231 321/494/231 1045/491/231
f 322/493/673 1047/496/673 1045/491/673
f 322/493/674 323/498/674 1044/495/674
f 324/497/234 1043/500/234 1044/495/234
f 324/497/675 325/502/675 1048/499/675
f 326/501/676 1041/504/676 1048/499/676
f 327/503/237 1040/506/237 1041/504/237
f 327/503/677 328/507/677 1042/505/677
f 328/507/678 329/510/678 1039/508/678
f 330/509/679 1038/512/679 1039/508/679
f 331/511/680 1049/514/680 1038/512/680
f 332/513/242 1034/516/242 1049/514/242
f 332/513/681 333/518/681 1035/515/681
f 334/517/244 1036/520/244 1035/515/244
f 334/517/682 335/521/682 1032/519/682
f 335/521/683 336/524/683 1033/522/683
f 337/523/684 1037/526/684 1033/522/684
f 338/525/685 1029/528/685 1037/526/685
f 339/527/686 1030/530/686 1029/528/686
f 339/527/687 340/531/687 1031/529/687
f 340/531/688 341/534/688 1027/532/688
f 342/533/252 1028/536/252 1027/532/252
f 342/533/689 343/537/689 1051/535/689
f 343/537/690 344/540/690 1022/538/690
f 345/539/255 1023/542/255 1022/538/255
f 346/541/691 1024/544/691 1023/542/691
f 346/541/692 347/545/692 1020/543/692
f 347/545/258 348/547/258 1021/546/258
f 348/547/693 349/550/693 1025/548/693
f 350/549/694 1017/552/694 1025/548/694
f 351/551/261 1018/554/261 1017/552/261
f 351/551/695 352/556/695 1019/553/695
f 353/555/263 1015/558/263 1019/553/263
f 354/557/264 1016/560/264 1015/558/264
f 355/559/265 1026/562/265 1016/560/265
f 356/561/266 1011/564/266 1026/562/266
f 356/561/267 357/566/267 1012/563/267
f 358/565/268 1013/568/268 1012/563/268
f 359/567/696 1009/570/696 1013/568/696
f 359/567/270 360/571/270 1010/569/270
f 360/571/697 361/573/697 1014/572/697
f 361/573/698 362/576/698 1006/574/698
f 363/575/699 1007/578/699 1006/574/699
f 363/575/274 364/579/274 1008/577/274
f 364/579/700 365/581/700 1004/580/700
f 365/581/276 366/584/276 1005/582/276
f 367/583/701 1050/586/701 1005/582/701
f 368/585/278 985/588/278 1050/586/278
f 368/585/279 369/589/279 986/587/279
f 369/589/702 370/592/702 984/590/702
f 371/591/281 987/594/281 984/590/281
f 371/591/703 372/595/703 983/593/703
f 372/595/283 373/597/283 982/596/283
f 373/597/284 374/600/284 988/598/284
f 375/599/285 981/602/285 988/598/285
f 375/599/704 376/603/704 831/601/704
f 376/603/705 377/605/705 830/604/705
f 377/605/706 378/608/706 832/606/706
f 379/607/289 829/610/289 832/606/289
f 380/609/290 828/612/290 829/610/290
f 381/611/707 833/614/707 828/612/707
f 382/613/708 826/616/708 833/614/708
f 382/613/709 383/618/709 825/615/709
f 384/617/294 827/620/294 825/615/294
f 385/619/295 824/622/295 827/620/295
f 386/621/296 834/624/296 824/622/296
f 387/623/710 820/626/710 834/624/710
f 388/625/711 821/628/711 820/626/711
f 388/625/712 389/630/712 822/627/712
f 390/629/300 818/632/300 822/627/300
f 390/629/301 391/633/301 819/631/301
f 391/633/302 392/636/302 823/634/302
f 393/635/713 815/638/713 823/634/713
f 394/637/714 816/640/714 815/638/714
f 395/639/305 817/642/305 816/640/305
f 395/639/715 396/644/715 813/641/715
f 397/643/307 814/646/307 813/641/307
f 398/645/716 835/648/716 814/646/716
f 399/647/717 809/650/717 835/648/717
f 399/647/718 400/651/718 808/649/718
f 400/651/719 401/1644/719 810/652/719
f 810/652/720 401/1644/720 402/653/720
f 402/653/313 403/656/313 806/655/313
f 403/656/314 404/1645/314 811/657/314
f 811/657/315 404/1645/315 405/658/315
f 405/658/316 406/1646/316 803/660/316
f 803/660/317 406/1646/317 407/661/317
f 805/662/318 407/661/318 408/663/318
f 408/663/721 409/666/721 812/665/721
f 409/666/722 410/1647/722 798/667/722
f 798/667/723 410/1647/723 411/668/723
f 799/669/724 411/668/724 412/670/724
f 412/670/323 413/673/323 796/672/323
f 413/673/324 414/1648/324 797/674/324
f 797/674/725 414/1648/725 415/675/725
f 801/676/726 415/675/726 416/677/726
f 793/678/327 416/677/327 417/679/327
f 417/679/727 418/1649/727 795/681/727
f 795/681/728 418/1649/728 419/682/728
f 419/682/729 420/685/729 792/684/729
f 420/685/730 421/1650/730 790/686/730
f 790/686/332 421/1650/332 422/687/332
f 786/688/731 422/687/731 423/689/731
f 785/690/732 423/689/732 424/691/732
f 424/691/335 425/1651/335 784/693/335
f 784/693/733 425/1651/733 426/694/733
f 426/694/337 427/697/337 788/696/337
f 427/697/734 428/1652/734 781/698/734
f 781/698/735 428/1652/735 429/699/735
f 780/700/736 429/699/736 430/701/736
f 782/702/737 430/701/737 431/703/737
f 431/703/342 432/706/342 789/705/342
f 432/706/343 433/1653/343 775/707/343
f 775/707/738 433/1653/738 434/708/738
f 434/708/739 435/1654/739 777/710/739
f 777/710/346 435/1654/346 436/711/346
f 436/711/740 437/1655/740 774/713/740
f 774/713/348 437/1655/348 438/714/348
f 438/714/741 439/1656/741 770/716/741
f 770/716/350 439/1656/350 440/717/350
f 440/717/742 441/1657/742 772/719/742
f 772/719/743 441/1657/743 442/720/743
f 442/720/744 443/723/744 769/722/744
f 443/723/354 444/1658/354 766/724/354
f 766/724/745 444/1658/745 445/725/745
f 445/725/746 446/728/746 762/727/746
f 446/728/747 447/730/747 764/729/747
f 447/730/748 448/732/748 761/731/748
f 448/732/749 449/1659/749 760/733/749
f 760/733/360 449/1659/360 450/734/360
f 450/734/361 451/1660/361 758/736/361
f 758/736/750 451/1660/750 452/737/750
f 757/738/363 452/737/363 453/739/363
f 453/739/364 454/742/364 756/741/364
f 454/742/365 455/1661/365 767/743/365
f 767/743/751 455/1661/751 456/744/751
f 753/745/367 456/744/367 457/746/367
f 457/746/752 458/749/752 755/748/752
f 458/749/369 459/751/369 751/750/369
f 459/751/370 460/1662/370 747/752/370
f 747/752/371 460/1662/371 461/753/371
f 748/754/372 461/753/372 462/755/372
f 462/755/753 463/1663/753 749/757/753
f 749/757/374 463/1663/374 464/758/374
f 750/759/375 464/758/375 465/760/375
f 465/760/754 466/763/754 958/762/754
f 466/763/377 467/1664/377 959/764/377
f 959/764/755 467/1664/755 468/765/755
f 468/765/756 469/768/756 961/767/756
f 469/768/380 470/770/380 962/769/380
f 470/770/757 471/1665/757 963/771/757
f 963/771/382 471/1665/382 472/772/382
f 472/772/758 473/1666/758 965/774/758
f 965/774/759 473/1666/759 474/775/759
f 474/775/385 475/778/385 967/777/385
f 475/778/760 476/1667/760 968/779/760
f 968/779/387 476/1667/387 477/780/387
f 477/780/388 478/783/388 970/782/388
f 478/783/389 479/1668/389 971/784/389
f 971/784/390 479/1668/390 480/785/390
f 972/786/391 480/785/391 481/787/391
f 481/787/392 482/1669/392 974/789/392
f 974/789/393 482/1669/393 483/790/393
f 975/791/394 483/790/394 484/792/394
f 484/792/395 485/1670/395 977/794/395
f 977/794/396 485/1670/396 486/795/396
f 978/796/397 486/795/397 487/797/397
f 979/798/761 487/797/761 488/799/761
f 488/799/399 489/1671/399 989/801/399
f 989/801/400 489/1671/400 490/802/400
f 990/803/401 490/802/401 491/804/401
f 491/804/402 492/1672/402 992/806/402
f 992/806/403 492/1672/403 493/807/403
f 993/808/404 493/807/404 494/809/404
f 994/810/405 494/809/405 495/811/405
f 495/811/406 496/1673/406 996/813/406
f 996/813/407 496/1673/407 497/814/407
f 497/814/408 498/817/408 998/816/408
f 498/817/409 499/1674/409 999/818/409
f 999/818/410 499/1674/410 500/819/410
f 1000/820/411 500/819/411 501/821/411
f 501/821/412 502/1675/412 1002/823/412
f 1002/823/413 502/1675/413 503/824/413
f 503/824/414 504/827/414 863/826/414
f 504/827/415 505/829/415 864/828/415
f 505/829/416 506/1676/416 865/830/416
f 865/830/417 506/1676/417 507/831/417
f 507/831/418 508/834/418 867/833/418
f 508/834/419 509/836/419 868/835/419
f 509/836/420 510/1677/420 869/837/420
f 869/837/421 510/1677/421 511/838/421
f 511/838/422 512/1678/422 871/840/422
f 871/840/423 512/1678/423 513/841/423
f 872/842/424 513/841/424 514/843/424
f 873/844/425 514/843/425 515/845/425
f 515/845/426 516/1679/426 875/847/426
f 875/847/762 516/1679/762 517/848/762
f 876/849/428 517/848/428 518/850/428
f 877/851/429 518/850/429 519/852/429
f 519/852/430 520/855/430 879/854/430
f 520/855/763 521/1680/763 880/856/763
f 880/856/764 521/1680/764 522/857/764
f 522/857/433 523/1681/433 882/859/433
f 882/859/434 523/1681/434 524/860/434
f 524/860/435 525/1682/435 884/862/435
f 884/862/436 525/1682/436 526/863/436
f 526/863/437 527/1683/437 886/865/437
f 886/865/438 527/1683/438 528/866/438
f 528/866/439 529/1684/439 898/868/439
f 898/868/440 529/1684/440 530/869/440
f 530/869/765 531/1685/765 900/871/765
f 900/871/766 531/1685/766 532/872/766
f 532/872/443 533/875/443 902/874/443
f 533/875/444 534/877/444 903/876/444
f 534/877/767 535/879/767 904/878/767
f 535/879/768 536/1686/768 905/880/768
f 905/880/447 536/1686/447 537/881/447
f 537/881/448 538/1687/448 907/883/448
f 907/883/449 538/1687/449 539/884/449
f 539/884/450 540/1688/450 888/886/450
f 888/886/769 540/1688/769 541/887/769
f 889/888/452 541/887/452 542/889/452
f 542/889/770 543/1689/770 656/891/770
f 656/891/454 543/1689/454 544/892/454
f 544/892/455 545/895/455 658/894/455
f 545/895/771 546/1690/771 657/896/771
f 657/896/457 546/1690/457 547/897/457
f 665/898/458 547/897/458 548/899/458
f 548/899/772 549/902/772 660/901/772
f 549/902/773 550/904/773 664/903/773
f 550/904/774 551/1691/774 663/905/774
f 663/905/462 551/1691/462 552/906/462
f 552/906/463 553/909/463 676/908/463
f 553/909/464 554/1692/464 666/910/464
f 666/910/465 554/1692/465 555/911/465
f 669/912/775 555/911/775 556/913/775
f 556/913/776 557/916/776 668/915/776
f 557/916/468 558/918/468 675/917/468
f 558/918/469 559/1693/469 670/919/469
f 670/919/777 559/1693/777 560/920/777
f 560/920/778 561/923/778 674/922/778
f 561/923/472 562/925/472 672/924/472
f 562/925/473 563/927/473 673/926/473
f 563/927/474 564/1694/474 699/928/474
f 699/928/779 564/1694/779 565/929/779
f 678/930/780 565/929/780 566/931/780
f 566/931/781 567/1695/781 681/933/781
f 681/933/782 567/1695/782 568/934/782
f 680/935/479 568/934/479 569/936/479
f 569/936/783 570/1696/783 687/938/783
f 687/938/481 570/1696/481 571/939/481
f 683/940/784 571/939/784 572/941/784
f 572/941/483 573/1697/483 686/943/483
f 686/943/484 573/1697/484 574/944/484
f 574/944/785 575/1698/785 684/946/785
f 684/946/786 575/1698/786 576/947/786
f 698/948/487 576/947/487 577/949/487
f 688/950/787 577/949/787 578/951/787
f 578/951/788 579/954/788 689/953/788
f 579/954/789 580/956/789 690/955/789
f 580/956/790 581/958/790 697/957/790
f 581/958/791 582/960/791 692/959/791
f 582/960/493 583/1699/493 693/961/493
f 693/961/494 583/1699/494 584/962/494
f 696/963/792 584/962/792 585/964/792
f 694/965/793 585/964/793 586/966/793
f 586/966/794 587/1700/794 745/968/794
f 745/968/795 587/1700/795 588/969/795
f 701/970/796 588/969/796 589/971/796
f 700/972/797 589/971/797 590/973/797
f 590/973/798 591/976/798 703/975/798
f 591/976/502 592/1701/502 702/977/502
f 702/977/799 592/1701/799 593/978/799
f 593/978/800 594/1702/800 706/980/800
f 706/980/505 594/1702/505 595/981/505
f 595/981/801 596/984/801 709/983/801
f 596/984/507 597/1703/507 708/985/507
f 708/985/508 597/1703/508 598/986/508
f 598/986/509 599/989/509 721/988/509
f 599/989/802 600/1704/802 711/990/802
f 711/990/511 600/1704/511 601/991/511
f 714/992/803 601/991/803 602/993/803
f 602/993/513 603/1705/513 713/995/513
f 713/995/514 603/1705/514 604/996/514
f 604/996/804 605/1706/804 715/998/804
f 715/998/805 605/1706/805 606/999/805
f 716/1000/517 606/999/517 607/1001/517
f 607/1001/518 608/1004/518 717/1003/518
f 608/1004/806 609/1707/806 718/1005/806
f 718/1005/807 609/1707/807 610/1006/807
f 610/1006/808 611/1009/808 723/1008/808
f 611/1009/809 612/1708/809 722/1010/809
f 722/1010/810 612/1708/810 613/1011/810
f 613/1011/524 614/1709/524 725/1013/524
f 725/1013/811 614/1709/811 615/1014/811
f 615/1014/526 616/1017/526 732/1016/526
f 616/1017/527 617/1710/527 728/1018/527
f 728/1018/528 617/1710/528 618/1019/528
f 727/1020/812 618/1019/812 619/1021/812
f 619/1021/813 620/1711/813 730/1023/813
f 730/1023/531 620/1711/531 621/1024/531
f 621/1024/814 622/1712/814 743/1026/814
f 743/1026/533 622/1712/533 623/1027/533
f 734/1028/815 623/1027/815 624/1029/815
f 624/1029/535 625/1032/535 737/1031/535
f 625/1032/816 626/1713/816 736/1033/816
f 736/1033/817 626/1713/817 627/1034/817
f 627/1034/538 628/1037/538 742/1036/538
f 628/1037/539 114/1714/539 739/1038/539
f 181/1715/540 180/1716/540 577/1717/540
f 180/1716/577 179/1718/577 577/1717/577
f 179/1718/540 178/1719/540 577/1717/540
f 178/1719/583 177/1720/583 577/1717/583
f 177/1720/33 176/1721/33 577/1717/33
f 176/1721/584 175/1722/584 577/1717/584
f 175/1722/540 174/1723/540 577/1717/540
f 174/1723/540 173/1724/540 577/1717/540
f 173/1724/33 172/1725/33 593/1726/33
f 172/1725/33 171/1727/33 593/1726/33
f 171/1727/579 170/1728/579 593/1726/579
f 170/1728/577 169/1729/577 593/1726/577
f 169/1729/580 168/1730/580 593/1726/580
f 168/1730/33 167/1731/33 593/1726/33
f 167/1731/33 166/1732/33 593/1726/33
f 166/1732/33 165/1733/33 593/1726/33
f 165/1733/33 164/1734/33 593/1726/33
f 164/1734/582 163/1735/582 593/1726/582
f 163/1735/33 162/1736/33 593/1726/33
f 162/1736/583 161/1737/583 593/1726/583
f 161/1737/818 160/1738/818 159/1739/818
f 159/1739/819 158/1740/819 157/1741/819
f 157/1741/820 156/1742/820 155/1743/820
f 155/1743/821 154/1744/821 153/1745/821
f 153/1745/822 152/1746/822 151/1747/822
f 151/1747/823 150/1748/823 149/1749/823
f 149/1749/824 148/1750/824 147/1751/824
f 147/1751/825 146/1752/825 145/1753/825
f 145/1753/577 144/1754/577 141/1041/577
f 144/1754/826 143/1755/826 141/1041/826
f 143/1755/827 142/1756/827 141/1041/827
f 141/1041/828 140/1757/828 136/1758/828
f 140/1757/829 139/1759/829 136/1758/829
f 139/1759/830 138/1760/830 136/1758/830
f 136/1758/601 134/1761/601 124/1762/601
f 134/1761/831 131/1763/831 124/1762/831
f 131/1763/832 128/1764/832 124/1762/832
f 124/1762/833 122/1765/833 120/1766/833
f 120/1766/834 117/1767/834 114/84/834
f 114/84/835 628/1768/835 627/1769/835
f 627/1769/836 626/1770/836 625/1039/836
f 625/1039/837 624/1771/837 623/1772/837
f 623/1772/838 622/1773/838 625/1039/838
f 622/1773/602 621/1774/602 625/1039/602
f 621/1774/839 620/1775/839 619/1776/839
f 619/1776/840 618/1777/840 617/1040/840
f 617/1040/841 616/1778/841 615/1779/841
f 615/1779/842 614/1780/842 617/1040/842
f 614/1780/843 613/1781/843 617/1040/843
f 613/1781/844 612/1782/844 611/1783/844
f 611/1783/845 610/1784/845 609/1785/845
f 609/1785/846 608/1786/846 607/1787/846
f 607/1787/847 606/1788/847 605/1789/847
f 605/1789/848 604/1790/848 603/1791/848
f 603/1791/849 602/1792/849 601/1793/849
f 601/1793/850 600/1794/850 599/1795/850
f 599/1795/851 598/1796/851 597/1797/851
f 597/1797/852 596/1798/852 595/1799/852
f 595/1799/599 594/1800/599 157/1741/599
f 594/1800/540 593/1726/540 157/1741/540
f 593/1726/578 592/1801/578 173/1724/578
f 592/1801/33 591/1802/33 173/1724/33
f 591/1802/580 590/1803/580 173/1724/580
f 590/1803/577 589/1804/577 173/1724/577
f 589/1804/33 588/1805/33 173/1724/33
f 588/1805/577 587/1806/577 173/1724/577
f 587/1806/581 586/1807/581 173/1724/581
f 586/1807/577 585/1808/577 173/1724/577
f 585/1808/579 584/1809/579 173/1724/579
f 584/1809/578 583/1810/578 173/1724/578
f 583/1810/577 582/1811/577 173/1724/577
f 582/1811/584 581/1812/584 173/1724/584
f 581/1812/578 580/1813/578 173/1724/578
f 580/1813/34 579/1814/34 173/1724/34
f 579/1814/577 578/1815/577 173/1724/577
f 578/1815/580 577/1717/580 173/1724/580
f 577/1717/540 576/1816/540 193/1817/540
f 576/1816/584 575/1818/584 193/1817/584
f 575/1818/577 574/1819/577 193/1817/577
f 574/1819/540 573/1820/540 193/1817/540
f 573/1820/540 572/1821/540 193/1817/540
f 572/1821/33 571/1822/33 193/1817/33
f 571/1822/540 570/1823/540 193/1817/540
f 570/1823/540 569/1824/540 193/1817/540
f 569/1824/583 568/1825/583 193/1817/583
f 568/1825/582 567/1826/582 193/1817/582
f 567/1826/578 566/1827/578 193/1817/578
f 566/1827/34 565/1828/34 193/1817/34
f 565/1828/579 564/1829/579 193/1817/579
f 564/1829/578 563/1830/578 193/1817/578
f 563/1830/578 562/1831/578 193/1817/578
f 562/1831/577 561/1832/577 193/1817/577
f 561/1832/33 560/1833/33 193/1817/33
f 560/1833/582 559/1834/582 193/1817/582
f 559/1834/578 558/1835/578 193/1817/578
f 558/1835/34 557/1836/34 193/1817/34
f 557/1836/577 556/1837/577 193/1817/577
f 556/1837/33 555/1838/33 193/1817/33
f 555/1838/580 554/1839/580 193/1817/580
f 554/1839/33 553/1840/33 193/1817/33
f 553/1840/584 552/1841/584 201/1842/584
f 552/1841/34 551/1843/34 201/1842/34
f 551/1843/540 550/1844/540 201/1842/540
f 550/1844/580 549/1845/580 201/1842/580
f 549/1845/577 548/1846/577 201/1842/577
f 548/1846/540 547/1847/540 201/1842/540
f 547/1847/578 546/1848/578 201/1842/578
f 546/1848/540 545/1849/540 201/1842/540
f 545/1849/578 544/1850/578 225/1851/578
f 544/1850/540 543/1852/540 225/1851/540
f 543/1852/34 542/1853/34 225/1851/34
f 542/1853/33 541/1854/33 225/1851/33
f 541/1854/540 540/1855/540 225/1851/540
f 540/1855/34 539/1856/34 225/1851/34
f 539/1856/540 538/1857/540 225/1851/540
f 538/1857/34 537/1858/34 225/1851/34
f 537/1858/540 536/1859/540 225/1851/540
f 536/1859/33 535/1860/33 225/1851/33
f 535/1860/540 534/1861/540 225/1851/540
f 534/1861/578 533/1862/578 225/1851/578
f 533/1862/540 532/1863/540 225/1851/540
f 532/1863/34 531/1864/34 225/1851/34
f 531/1864/34 530/1865/34 225/1851/34
f 530/1865/34 529/1866/34 225/1851/34
f 529/1866/33 528/1867/33 225/1851/33
f 528/1867/33 527/1868/33 225/1851/33
f 527/1868/577 526/1869/577 225/1851/577
f 526/1869/33 525/1870/33 225/1851/33
f 525/1870/540 524/1871/540 225/1851/540
f 524/1871/33 523/1872/33 225/1851/33
f 523/1872/34 522/1873/34 225/1851/34
f 522/1873/33 521/1874/33 225/1851/33
f 521/1874/33 520/1875/33 229/1876/33
f 520/1875/540 519/1877/540 229/1876/540
f 519/1877/33 518/1878/33 229/1876/33
f 518/1878/34 517/1879/34 229/1876/34
f 517/1879/33 516/1880/33 233/1881/33
f 516/1880/540 515/1882/540 233/1881/540
f 515/1882/33 514/1883/33 233/1881/33
f 514/1883/33 513/1884/33 233/1881/33
f 513/1884/540 512/1885/540 257/1886/540
f 512/1885/580 511/1887/580 257/1886/580
f 511/1887/540 510/1888/540 257/1886/540
f 510/1888/33 509/1889/33 257/1886/33
f 509/1889/34 508/1890/34 257/1886/34
f 508/1890/33 507/1891/33 257/1886/33
f 507/1891/33 506/1892/33 257/1886/33
f 506/1892/540 505/1893/540 257/1886/540
f 505/1893/540 504/79/540 257/1886/540
f 504/79/33 503/1894/33 257/1886/33
f 503/1894/34 502/1895/34 257/1886/34
f 502/1895/33 501/1896/33 257/1886/33
f 501/1896/34 500/1897/34 257/1886/34
f 500/1897/540 499/1898/540 257/1886/540
f 499/1898/33 498/1899/33 257/1886/33
f 498/1899/34 497/1900/34 257/1886/34
f 497/1900/33 496/1901/33 257/1886/33
f 496/1901/540 495/1902/540 257/1886/540
f 495/1902/33 494/1903/33 257/1886/33
f 494/1903/33 493/1904/33 257/1886/33
f 493/1904/579 492/1905/579 257/1886/579
f 492/1905/33 491/1906/33 257/1886/33
f 491/1906/540 490/1907/540 257/1886/540
f 490/1907/33 489/1908/33 257/1886/33
f 489/1908/540 488/1909/540 261/1910/540
f 488/1909/33 487/1911/33 261/1910/33
f 487/1911/540 486/1912/540 261/1910/540
f 486/1912/33 485/1913/33 261/1910/33
f 485/1913/540 484/1914/540 265/1915/540
f 484/1914/540 483/1916/540 265/1915/540
f 483/1916/33 482/1917/33 265/1915/33
f 482/1917/33 481/1918/33 265/1915/33
f 481/1918/540 480/1919/540 289/1920/540
f 480/1919/33 479/1921/33 289/1920/33
f 479/1921/540 478/1922/540 289/1920/540
f 478/1922/33 477/1923/33 289/1920/33
f 477/1923/34 476/1924/34 289/1920/34
f 476/1924/577 475/1925/577 289/1920/577
f 475/1925/578 474/1926/578 289/1920/578
f 474/1926/33 473/1927/33 289/1920/33
f 473/1927/33 472/1928/33 289/1920/33
f 472/1928/34 471/1929/34 289/1920/34
f 471/1929/540 470/1930/540 289/1920/540
f 470/1930/540 469/1931/540 289/1920/540
f 469/1931/33 468/1932/33 289/1920/33
f 468/1932/540 467/1933/540 289/1920/540
f 467/1933/577 466/1934/577 289/1920/577
f 466/1934/33 465/1935/33 289/1920/33
f 465/1935/33 464/1936/33 289/1920/33
f 464/1936/540 463/1937/540 289/1920/540
f 463/1937/540 462/1938/540 289/1920/540
f 462/1938/580 461/1939/580 289/1920/580
f 461/1939/577 460/1940/577 289/1920/577
f 460/1940/584 459/1941/584 289/1920/584
f 459/1941/540 458/1942/540 289/1920/540
f 458/1942/540 457/1943/540 289/1920/540
f 457/1943/540 456/1944/540 297/1945/540
f 456/1944/33 455/1946/33 297/1945/33
f 455/1946/580 454/1947/580 297/1945/580
f 454/1947/540 453/1948/540 297/1945/540
f 453/1948/540 452/1949/540 297/1945/540
f 452/1949/540 451/1950/540 297/1945/540
f 451/1950/578 450/1951/578 297/1945/578
f 450/1951/540 449/1952/540 297/1945/540
f 449/1952/34 448/1953/34 321/1954/34
f 448/1953/540 447/1955/540 321/1954/540
f 447/1955/33 446/1956/33 321/1954/33
f 446/1956/33 445/1957/33 321/1954/33
f 445/1957/540 444/1958/540 321/1954/540
f 444/1958/33 443/1959/33 321/1954/33
f 443/1959/33 442/1960/33 321/1954/33
f 442/1960/34 441/1961/34 321/1954/34
f 441/1961/578 440/1962/578 321/1954/578
f 440/1962/33 439/1963/33 321/1954/33
f 439/1963/577 438/1964/577 321/1954/577
f 438/1964/34 437/1965/34 321/1954/34
f 437/1965/540 436/1966/540 321/1954/540
f 436/1966/578 435/1967/578 321/1954/578
f 435/1967/579 434/1968/579 321/1954/579
f 434/1968/33 433/1969/33 321/1954/33
f 433/1969/33 432/1970/33 321/1954/33
f 432/1970/577 431/1971/577 321/1954/577
f 431/1971/33 430/1972/33 321/1954/33
f 430/1972/540 429/1973/540 321/1954/540
f 429/1973/580 428/1974/580 321/1954/580
f 428/1974/540 427/1975/540 321/1954/540
f 427/1975/33 426/1976/33 321/1954/33
f 426/1976/577 425/1977/577 321/1954/577
f 425/1977/33 424/1978/33 329/1979/33
f 424/1978/540 423/1980/540 329/1979/540
f 423/1980/34 422/1981/34 329/1979/34
f 422/1981/540 421/1982/540 329/1979/540
f 421/1982/540 420/1983/540 329/1979/540
f 420/1983/584 419/1984/584 329/1979/584
f 419/1984/34 418/1985/34 331/1986/34
f 418/1985/540 417/1987/540 331/1986/540
f 417/1987/580 416/1988/580 351/1989/580
f 416/1988/584 415/1990/584 351/1989/584
f 415/1990/582 414/1991/582 353/1992/582
f 414/1991/34 413/1993/34 353/1992/34
f 413/1993/853 412/1994/853 411/1995/853
f 411/1995/854 410/1996/854 409/1997/854
f 409/1997/855 408/1998/855 407/1999/855
f 407/1999/856 406/2000/856 405/2001/856
f 405/2001/857 404/2002/857 403/2003/857
f 403/2003/858 402/2004/858 401/2005/858
f 401/2005/859 400/2006/859 399/2007/859
f 399/2007/860 398/2008/860 397/2009/860
f 397/2009/861 396/2010/861 395/2011/861
f 395/2011/862 394/2012/862 393/2013/862
f 393/2013/34 392/2014/34 389/2015/34
f 392/2014/863 391/2016/863 389/2015/863
f 391/2016/864 390/2017/864 389/2015/864
f 389/2015/865 388/2018/865 385/2019/865
f 388/2018/866 387/2020/866 385/2019/866
f 387/2020/867 386/2021/867 385/2019/867
f 385/2019/868 384/2022/868 383/2023/868
f 383/2023/864 382/2024/864 381/2025/864
f 381/2025/869 380/2026/869 379/75/869
f 379/75/843 378/2027/843 381/2025/843
f 378/2027/577 377/2028/577 381/2025/577
f 377/2028/870 376/2029/870 375/2030/870
f 375/2030/871 374/2031/871 377/2028/871
f 374/2031/34 373/2032/34 377/2028/34
f 373/2032/872 372/2033/872 371/2034/872
f 371/2034/873 370/2035/873 373/2032/873
f 370/2035/874 369/2036/874 373/2032/874
f 369/2036/875 368/2037/875 367/2038/875
f 367/2038/580 366/2039/580 369/2036/580
f 366/2039/34 365/2040/34 369/2036/34
f 365/2040/876 364/2041/876 363/2042/876
f 363/2042/877 362/2043/877 361/2044/877
f 361/2044/878 360/2045/878 359/2046/878
f 359/2046/879 358/2047/879 357/2048/879
f 357/2048/880 356/2049/880 355/2050/880
f 355/2050/881 354/2051/881 353/1992/881
f 353/1992/882 352/2052/882 351/1989/882
f 351/1989/883 350/2053/883 349/2054/883
f 349/2054/884 348/2055/884 347/2056/884
f 347/2056/580 346/2057/580 417/1987/580
f 346/2057/33 345/2058/33 417/1987/33
f 345/2058/577 344/2059/577 417/1987/577
f 344/2059/578 343/2060/578 417/1987/578
f 343/2060/885 342/2061/885 417/1987/885
f 342/2061/577 341/2062/577 417/1987/577
f 341/2062/577 340/2063/577 417/1987/577
f 340/2063/578 339/2064/578 417/1987/578
f 339/2064/584 338/2065/584 417/1987/584
f 338/2065/582 337/2066/582 417/1987/582
f 337/2066/581 336/2067/581 417/1987/581
f 336/2067/577 335/2068/577 417/1987/577
f 335/2068/577 334/2069/577 417/1987/577
f 334/2069/580 333/2070/580 417/1987/580
f 333/2070/584 332/2071/584 417/1987/584
f 332/2071/582 331/1986/582 417/1987/582
f 331/1986/580 330/2072/580 419/1984/580
f 330/2072/577 329/1979/577 419/1984/577
f 329/1979/540 328/2073/540 425/1977/540
f 328/2073/580 327/2074/580 425/1977/580
f 327/2074/577 326/2075/577 425/1977/577
f 326/2075/581 325/2076/581 425/1977/581
f 325/2076/577 324/2077/577 425/1977/577
f 324/2077/540 323/2078/540 425/1977/540
f 323/2078/33 322/2079/33 425/1977/33
f 322/2079/580 321/1954/580 425/1977/580
f 321/1954/582 320/2080/582 449/1952/582
f 320/2080/581 319/2081/581 449/1952/581
f 319/2081/577 318/2082/577 449/1952/577
f 318/2082/34 317/2083/34 449/1952/34
f 317/2083/33 316/2084/33 449/1952/33
f 316/2084/540 315/2085/540 449/1952/540
f 315/2085/540 314/2086/540 449/1952/540
f 314/2086/540 313/2087/540 449/1952/540
f 313/2087/577 312/2088/577 449/1952/577
f 312/2088/580 311/2089/580 449/1952/580
f 311/2089/33 310/2090/33 449/1952/33
f 310/2090/34 309/2091/34 449/1952/34
f 309/2091/34 308/2092/34 449/1952/34
f 308/2092/34 307/2093/34 449/1952/34
f 307/2093/577 306/2094/577 449/1952/577
f 306/2094/584 305/2095/584 449/1952/584
f 305/2095/540 304/2096/540 449/1952/540
f 304/2096/580 303/2097/580 449/1952/580
f 303/2097/33 302/2098/33 449/1952/33
f 302/2098/579 301/2099/579 449/1952/579
f 301/2099/540 300/2100/540 449/1952/540
f 300/2100/34 299/2101/34 449/1952/34
f 299/2101/33 298/2102/33 449/1952/33
f 298/2102/540 297/1945/540 449/1952/540
f 297/1945/540 296/2103/540 457/1943/540
f 296/2103/578 295/2104/578 457/1943/578
f 295/2104/34 294/2105/34 457/1943/34
f 294/2105/34 293/2106/34 457/1943/34
f 293/2106/34 292/2107/34 457/1943/34
f 292/2107/540 291/2108/540 457/1943/540
f 291/2108/33 290/2109/33 457/1943/33
f 290/2109/34 289/1920/34 457/1943/34
f 289/1920/540 288/2110/540 481/1918/540
f 288/2110/580 287/2111/580 481/1918/580
f 287/2111/34 286/2112/34 481/1918/34
f 286/2112/34 285/2113/34 481/1918/34
f 285/2113/577 284/2114/577 481/1918/577
f 284/2114/578 283/2115/578 481/1918/578
f 283/2115/540 282/2116/540 481/1918/540
f 282/2116/540 281/2117/540 481/1918/540
f 281/2117/33 280/2118/33 481/1918/33
f 280/2118/577 279/2119/577 481/1918/577
f 279/2119/578 278/2120/578 481/1918/578
f 278/2120/540 277/2121/540 481/1918/540
f 277/2121/33 276/2122/33 481/1918/33
f 276/2122/540 275/2123/540 481/1918/540
f 275/2123/34 274/2124/34 481/1918/34
f 274/2124/33 273/2125/33 481/1918/33
f 273/2125/540 272/2126/540 481/1918/540
f 272/2126/33 271/2127/33 481/1918/33
f 271/2127/540 270/2128/540 481/1918/540
f 270/2128/34 269/2129/34 481/1918/34
f 269/2129/33 268/2130/33 481/1918/33
f 268/2130/540 267/2131/540 481/1918/540
f 267/2131/33 266/2132/33 481/1918/33
f 266/2132/34 265/1915/34 481/1918/34
f 265/1915/33 264/2133/33 485/1913/33
f 264/2133/540 263/2134/540 485/1913/540
f 263/2134/33 262/2135/33 485/1913/33
f 262/2135/33 261/1910/33 485/1913/33
f 261/1910/540 260/2136/540 489/1908/540
f 260/2136/540 259/2137/540 489/1908/540
f 259/2137/33 258/2138/33 489/1908/33
f 258/2138/33 257/1886/33 489/1908/33
f 257/1886/34 256/2139/34 513/1884/34
f 256/2139/33 255/2140/33 513/1884/33
f 255/2140/540 254/70/540 513/1884/540
f 254/70/34 253/2141/34 513/1884/34
f 253/2141/577 252/2142/577 513/1884/577
f 252/2142/33 251/2143/33 513/1884/33
f 251/2143/580 250/2144/580 513/1884/580
f 250/2144/33 249/2145/33 513/1884/33
f 249/2145/540 248/2146/540 513/1884/540
f 248/2146/34 247/2147/34 513/1884/34
f 247/2147/540 246/2148/540 513/1884/540
f 246/2148/540 245/2149/540 513/1884/540
f 245/2149/33 244/2150/33 513/1884/33
f 244/2150/540 243/2151/540 513/1884/540
f 243/2151/33 242/2152/33 513/1884/33
f 242/2152/540 241/2153/540 513/1884/540
f 241/2153/33 240/2154/33 513/1884/33
f 240/2154/33 239/2155/33 513/1884/33
f 239/2155/33 238/2156/33 513/1884/33
f 238/2156/33 237/2157/33 513/1884/33
f 237/2157/540 236/2158/540 513/1884/540
f 236/2158/540 235/2159/540 513/1884/540
f 235/2159/33 234/2160/33 513/1884/33
f 234/2160/540 233/1881/540 513/1884/540
f 233/1881/33 232/2161/33 517/1879/33
f 232/2161/540 231/2162/540 517/1879/540
f 231/2162/33 230/2163/33 517/1879/33
f 230/2163/33 229/1876/33 517/1879/33
f 229/1876/577 228/2164/577 521/1874/577
f 228/2164/33 227/2165/33 521/1874/33
f 227/2165/540 226/2166/540 521/1874/540
f 226/2166/33 225/1851/33 521/1874/33
f 225/1851/577 224/2167/577 545/1849/577
f 224/2167/540 223/2168/540 545/1849/540
f 223/2168/580 222/2169/580 545/1849/580
f 222/2169/540 221/2170/540 545/1849/540
f 221/2170/540 220/2171/540 545/1849/540
f 220/2171/578 219/2172/578 545/1849/578
f 219/2172/540 218/2173/540 545/1849/540
f 218/2173/33 217/2174/33 545/1849/33
f 217/2174/577 216/2175/577 545/1849/577
f 216/2175/33 215/2176/33 545/1849/33
f 215/2176/577 214/2177/577 545/1849/577
f 214/2177/580 213/2178/580 545/1849/580
f 213/2178/34 212/2179/34 545/1849/34
f 212/2179/577 211/2180/577 545/1849/577
f 211/2180/33 210/2181/33 545/1849/33
f 210/2181/34 209/2182/34 545/1849/34
f 209/2182/578 208/2183/578 545/1849/578
f 208/2183/579 207/2184/579 545/1849/579
f 207/2184/540 206/2185/540 545/1849/540
f 206/2185/580 205/2186/580 545/1849/580
f 205/2186/540 204/2187/540 545/1849/540
f 204/2187/540 203/2188/540 545/1849/540
f 203/2188/33 202/2189/33 545/1849/33
f 202/2189/33 201/1842/33 545/1849/33
f 201/1842/577 200/2190/577 553/1840/577
f 200/2190/584 199/2191/584 553/1840/584
f 199/2191/582 198/2192/582 553/1840/582
f 198/2192/33 197/2193/33 553/1840/33
f 197/2193/540 196/2194/540 553/1840/540
f 196/2194/578 195/2195/578 553/1840/578
f 195/2195/34 194/2196/34 553/1840/34
f 194/2196/34 193/1817/34 553/1840/34
f 193/1817/540 192/2197/540 577/1717/540
f 192/2197/540 191/2198/540 577/1717/540
f 191/2198/579 190/2199/579 577/1717/579
f 190/2199/581 189/2200/581 577/1717/581
f 189/2200/33 188/2201/33 577/1717/33
f 188/2201/33 187/2202/33 577/1717/33
f 187/2202/33 186/2203/33 577/1717/33
f 186/2203/578 185/2204/578 577/1717/578
f 185/2204/540 184/2205/540 577/1717/540
f 184/2205/540 183/2206/540 577/1717/540
f 183/2206/33 182/2207/33 577/1717/33
f 182/2207/577 181/1715/577 577/1717/577
f 161/1737/577 159/1739/577 593/1726/577
f 159/1739/581 157/1741/581 593/1726/581
f 157/1741/540 155/1743/540 609/1785/540
f 155/1743/582 153/1745/582 609/1785/582
f 153/1745/580 151/1747/580 609/1785/580
f 151/1747/33 149/1749/33 609/1785/33
f 149/1749/577 147/1751/577 609/1785/577
f 147/1751/583 145/1753/583 609/1785/583
f 124/1762/886 120/1766/886 114/84/886
f 114/84/540 627/1769/540 124/1762/540
f 627/1769/577 625/1039/577 124/1762/577
f 621/1774/577 619/1776/577 625/1039/577
f 619/1776/887 617/1040/887 625/1039/887
f 613/1781/582 611/1783/582 141/1041/582
f 611/1783/888 609/1785/888 141/1041/888
f 609/1785/885 607/1787/885 157/1741/885
f 607/1787/577 605/1789/577 157/1741/577
f 605/1789/33 603/1791/33 157/1741/33
f 603/1791/33 601/1793/33 157/1741/33
f 601/1793/33 599/1795/33 157/1741/33
f 599/1795/540 597/1797/540 157/1741/540
f 597/1797/578 595/1799/578 157/1741/578
f 413/1993/540 411/1995/540 353/1992/540
f 411/1995/584 409/1997/584 353/1992/584
f 409/1997/577 407/1999/577 353/1992/577
f 407/1999/33 405/2001/33 353/1992/33
f 405/2001/33 403/2003/33 353/1992/33
f 403/2003/33 401/2005/33 353/1992/33
f 401/2005/580 399/2007/580 361/2044/580
f 399/2007/540 397/2009/540 361/2044/540
f 397/2009/579 395/2011/579 361/2044/579
f 395/2011/584 393/2013/584 361/2044/584
f 385/2019/889 383/2023/889 377/2028/889
f 383/2023/579 381/2025/579 377/2028/579
f 365/2040/33 363/2042/33 393/2013/33
f 363/2042/540 361/2044/540 393/2013/540
f 361/2044/540 359/2046/540 401/2005/540
f 359/2046/580 357/2048/580 401/2005/580
f 357/2048/540 355/2050/540 401/2005/540
f 355/2050/540 353/1992/540 401/2005/540
f 353/1992/540 351/1989/540 415/1990/540
f 351/1989/33 349/2054/33 417/1987/33
f 349/2054/540 347/2056/540 417/1987/540
f 145/1753/577 141/1041/577 609/1785/577
f 141/1041/583 136/1758/583 625/1039/583
f 136/1758/890 124/1762/890 625/1039/890
f 617/1040/540 613/1781/540 141/1041/540
f 393/2013/33 389/2015/33 365/2040/33
f 389/2015/33 385/2019/33 365/2040/33
f 377/2028/34 373/2032/34 385/2019/34
f 373/2032/540 369/2036/540 385/2019/540
f 369/2036/577 365/2040/577 385/2019/577
f 1134/1/541 1136/4/541 1135/2/541
f 1136/4/542 1138/7/542 1137/57/542
f 1138/7/543 1140/58/543 1139/13/543
f 1140/58/544 1142/16/544 1141/20/544
f 1142/16/545 1144/21/545 1143/19/545
f 1143/19/546 1144/21/546 1146/32/546
f 1138/25/7 1136/69/7 1134/26/7
f 1134/26/7 1148/85/7 1146/83/7
f 1146/83/7 1144/78/7 1142/24/7
f 1142/24/7 1140/76/7 1138/25/7
f 1138/25/7 1134/26/7 1146/83/7
f 1145/33/547 1146/32/547 1148/30/547
f 1148/30/548 1134/36/548 1133/62/548
f 1147/81/10 1133/84/10 1135/39/10
f 1135/39/10 1137/70/10 1139/40/10
f 1139/40/10 1141/75/10 1143/41/10
f 1143/41/10 1145/79/10 1147/81/10
f 1147/81/10 1135/39/10 1139/40/10
f 1150/1/1 1152/4/1 1151/2/1
f 1152/4/2 1154/7/2 1153/57/2
f 1154/7/3 1156/58/3 1155/13/3
f 1156/58/4 1158/16/4 1157/20/4
f 1158/16/5 1160/21/5 1159/19/5
f 1160/21/6 1162/32/6 1161/33/6
f 1154/25/7 1152/69/7 1150/26/7
f 1150/26/7 1164/85/7 1154/25/7
f 1164/85/7 1162/83/7 1154/25/7
f 1162/83/7 1160/78/7 1158/24/7
f 1158/24/7 1156/76/7 1162/83/7
f 1162/32/8 1164/30/8 1163/35/8
f 1164/30/9 1150/36/9 1149/62/9
f 1163/81/10 1149/84/10 1151/39/10
f 1151/39/10 1153/70/10 1155/40/10
f 1155/40/10 1157/75/10 1159/41/10
f 1159/41/10 1161/79/10 1163/81/10
f 1163/81/10 1151/39/10 1155/40/10
f 1166/1042/34 1168/1045/34 1167/1043/34
f 1168/1045/11 1172/13/11 1171/19/11
f 1172/13/37 1170/1046/37 1169/109/37
f 1170/1046/12 1166/58/12 1165/21/12
f 1171/19/10 1169/109/10 1165/1047/10
f 1172/13/7 1168/2/7 1166/1048/7
f 1175/1043/34 1183/2208/34 1181/1049/34
f 1174/1042/34 1182/2209/34 1184/1050/34
f 1176/1045/549 1180/13/549 1179/19/549
f 1178/1046/37 1177/109/37 1187/1051/37
f 1179/19/37 1180/13/37 1186/1053/37
f 1178/1046/550 1174/58/550 1173/21/550
f 1173/1047/551 1184/2210/551 1187/1051/551
f 1183/1055/551 1175/35/551 1179/19/551
f 1174/1048/552 1178/1046/552 1185/1052/552
f 1180/13/552 1176/2/552 1181/1057/552
f 1188/1058/550 1186/2211/550 1181/1059/550
f 1185/1061/549 1187/2212/549 1184/1062/549
f 1190/1042/34 1201/2213/34 1200/2214/34
f 1200/2214/34 1202/2215/34 1195/2216/34
f 1196/1064/34 1203/2217/34 1199/2218/34
f 1190/1042/34 1200/2214/34 1195/2216/34
f 1196/1064/34 1199/2218/34 1191/1043/34
f 1189/1044/34 1190/1042/34 1195/2216/34
f 1195/2216/34 1196/1064/34 1189/1044/34
f 1191/1043/12 1199/2218/12 1204/1065/12
f 1194/19/37 1204/1065/37 1198/2219/37
f 1204/1065/37 1207/2220/37 1198/2219/37
f 1205/2221/37 1206/1068/37 1193/1046/37
f 1197/1066/37 1208/2222/37 1205/2221/37
f 1194/19/37 1198/2219/37 1192/109/37
f 1198/2219/37 1197/1066/37 1192/109/37
f 1205/2221/37 1193/1046/37 1197/1066/37
f 1193/1046/11 1190/58/11 1189/21/11
f 1194/19/553 1192/109/553 1189/1047/553
f 1201/1067/10 1190/1048/10 1193/1046/10
f 1196/1069/11 1198/2223/11 1207/1070/11
f 1195/1072/12 1202/2224/12 1208/1073/12
f 1196/1075/554 1195/2225/554 1197/1076/554
f 1203/1078/550 1207/2226/550 1204/1079/550
f 1205/1081/549 1200/2227/549 1201/1082/549
f 1200/1084/552 1205/2228/552 1208/1085/552
f 1210/1/555 1212/4/555 1211/2/555
f 1212/4/556 1214/7/556 1213/57/556
f 1213/57/557 1214/7/557 1216/58/557
f 1215/13/558 1216/58/558 1218/16/558
f 1217/20/559 1218/16/559 1220/21/559
f 1219/19/560 1220/21/560 1222/32/560
f 1225/2229/561 1230/2230/561 1214/25/561
f 1224/85/561 1222/83/561 1226/2231/561
f 1222/83/561 1229/2232/561 1226/2231/561
f 1225/2229/561 1214/25/561 1212/69/561
f 1224/85/561 1226/2231/561 1231/1087/561
f 1231/1087/561 1225/2229/561 1212/69/561
f 1210/26/561 1224/85/561 1231/1087/561
f 1227/2233/561 1229/2232/561 1222/83/561
f 1216/76/561 1214/25/561 1228/2234/561
f 1214/25/561 1230/2230/561 1228/2234/561
f 1227/2233/561 1222/83/561 1220/78/561
f 1216/76/561 1228/2234/561 1232/1088/561
f 1232/1088/561 1227/2233/561 1220/78/561
f 1218/24/561 1216/76/561 1232/1088/561
f 1222/32/562 1224/30/562 1223/35/562
f 1224/30/563 1210/36/563 1209/62/563
f 1234/2235/564 1213/70/564 1237/2236/564
f 1213/70/564 1215/40/564 1237/2236/564
f 1219/41/564 1221/79/564 1239/2237/564
f 1221/79/564 1236/2238/564 1239/2237/564
f 1219/41/564 1239/2237/564 1235/1089/564
f 1235/1089/564 1237/2236/564 1215/40/564
f 1217/75/564 1219/41/564 1235/1089/564
f 1236/2238/564 1221/79/564 1240/2239/564
f 1221/79/564 1223/81/564 1240/2239/564
f 1211/39/564 1213/70/564 1238/2240/564
f 1213/70/564 1234/2235/564 1238/2240/564
f 1211/39/564 1238/2240/564 1233/1090/564
f 1233/1090/564 1240/2239/564 1223/81/564
f 1209/84/564 1211/39/564 1233/1090/564
f 1238/1091/565 1225/1094/565 1231/1092/565
f 1225/1094/566 1238/1091/566 1234/1095/566
f 1228/1097/567 1230/1096/567 1234/1095/567
f 1232/1099/568 1228/1097/568 1237/1098/568
f 1227/1101/569 1232/1099/569 1235/1100/569
f 1229/1103/570 1227/1101/570 1239/1102/570
f 1240/1105/571 1226/1107/571 1229/1103/571
f 1233/1106/572 1231/2241/572 1226/1107/572
f 1242/1042/561 1244/1045/561 1243/1043/561
f 1243/1043/12 1244/1045/12 1248/13/12
f 1248/13/564 1246/1046/564 1245/109/564
f 1246/1046/11 1242/58/11 1241/21/11
f 1243/35/573 1247/19/573 1245/109/573
f 1244/2/574 1242/1048/574 1246/1046/574
f 1250/1042/561 1252/1045/561 1251/1043/561
f 1252/1045/573 1256/13/573 1255/19/573
f 1255/19/564 1256/13/564 1254/1046/564
f 1253/109/575 1254/1046/575 1250/58/575
f 1251/35/11 1255/19/11 1253/109/11
f 1252/2/12 1250/1048/12 1254/1046/12
f 1257/1044/561 1258/1042/561 1260/1045/561
f 1260/1045/573 1264/13/573 1263/19/573
f 1264/13/564 1262/1046/564 1261/109/564
f 1262/1046/574 1258/58/574 1257/21/574
f 1259/35/11 1263/19/11 1261/109/11
f 1260/2/12 1258/1048/12 1262/1046/12
