# Blender 5.1.2
# www.blender.org
mtllib key bow i guess.mtl
o key_bow_i_guess
v 2.112860 1.411266 -3.119310
v 1.891718 1.596196 -2.970687
v 1.977941 1.596129 -2.913973
v 2.026637 1.411333 -3.176024
v 2.133137 1.382924 -3.055363
v 1.977941 1.596129 -2.913973
v 2.015590 1.543474 -2.876465
v 2.112860 1.411266 -3.119310
v 1.891718 1.596196 -2.970687
v 2.026637 1.411333 -3.176024
v 1.959774 1.383059 -3.169395
v 1.842227 1.543609 -2.990497
v 1.891718 1.596196 -2.970687
v 1.692772 1.521260 -2.668317
v 1.977941 1.596129 -2.913973
v 1.778995 1.521193 -2.611603
v 1.891718 1.596196 -2.970687
v 1.664266 1.476892 -2.720021
v 1.692772 1.521260 -2.668317
v 1.842227 1.543609 -2.990497
v 1.837630 1.476757 -2.605989
v 2.015590 1.543474 -2.876465
v 1.977941 1.596129 -2.913973
v 1.778995 1.521193 -2.611603
v 1.911583 0.422927 -2.720584
v 1.503053 0.738653 -2.474884
v 1.675575 0.738519 -2.361405
v 1.739061 0.423061 -2.834062
v 2.032262 0.941425 -2.997332
v 1.637335 0.826134 -2.584858
v 1.723558 0.826066 -2.528144
v 1.946039 0.941492 -3.054046
v 1.675575 0.738519 -2.361405
v 1.440308 0.715222 -2.379520
v 1.612830 0.715087 -2.266042
v 1.503053 0.738653 -2.474884
v 1.946039 0.941492 -3.054046
v 1.608161 0.780654 -2.635547
v 1.637335 0.826134 -2.584858
v 1.930867 0.902619 -3.126016
v 1.781524 0.780519 -2.521515
v 2.104231 0.902484 -3.011984
v 2.032262 0.941425 -2.997332
v 1.723558 0.826066 -2.528144
v 0.722777 -0.710553 -0.991725
v 1.231902 -0.346140 -1.765320
v 1.130311 -0.346061 -1.832142
v 0.621187 -0.710474 -1.058547
v 0.511878 -1.101108 -0.617868
v 0.921314 -1.166929 -1.125961
v 0.590867 -1.135375 -0.623543
v 0.897121 -1.137894 -1.203600
v 0.710898 -0.901718 -0.920204
v 0.761623 -0.963815 -0.882942
v 0.360990 -1.100990 -0.717117
v 0.334876 -1.135176 -0.791924
v 0.560010 -0.901601 -1.019453
v 0.505632 -0.963616 -1.051323
v 0.665323 -1.166730 -1.294342
v 0.746233 -1.137776 -1.302848
v 1.361678 -0.364140 -1.961363
v 1.652162 -0.752898 -2.403448
v 1.549399 -0.752818 -2.471042
v 1.258915 -0.364060 -2.028957
v 0.995803 -1.002912 -1.623885
v 0.685878 -1.296752 -1.225842
v 0.721009 -1.256191 -1.206414
v 0.974188 -1.035716 -1.663853
v 1.093135 -1.002988 -1.559863
v 0.850050 -1.296880 -1.117856
v 1.138360 -1.035843 -1.555867
v 0.818342 -1.256267 -1.142392
v 0.818342 -1.256267 -1.142392
v 1.093135 -1.002988 -1.559863
v 0.995803 -1.002912 -1.623885
v 0.721009 -1.256191 -1.206414
v 1.379044 -0.985473 -2.212326
v 1.164490 -1.101947 -1.886276
v 1.481807 -0.985552 -2.144732
v 1.267254 -1.102027 -1.818682
v 0.360990 -1.100990 -0.717117
v 0.511878 -1.101108 -0.617868
v 0.710898 -0.901718 -0.920204
v 0.560010 -0.901601 -1.019453
v 0.897121 -1.137894 -1.203600
v 0.746233 -1.137776 -1.302848
v 2.055684 1.027234 -3.220639
v 2.026637 1.411333 -3.176024
v 2.141907 1.027167 -3.163925
v 2.112860 1.411266 -3.119310
v 2.133137 1.382924 -3.055363
v 2.159359 1.036392 -3.095638
v 2.141907 1.027167 -3.163925
v 2.112860 1.411266 -3.119310
v 2.055684 1.027234 -3.220639
v 1.959774 1.383059 -3.169395
v 2.026637 1.411333 -3.176024
v 1.985996 1.036527 -3.209670
v 1.833848 0.892477 -2.695741
v 1.714006 1.294071 -2.700867
v 1.800229 1.294003 -2.644153
v 1.747626 0.892544 -2.752455
v 1.739061 0.423061 -2.834062
v 1.911583 0.422927 -2.720584
v 1.923017 0.300759 -2.738112
v 1.750495 0.300893 -2.851591
v 1.714006 1.294071 -2.700867
v 1.747626 0.892544 -2.752455
v 1.674792 0.930455 -2.736669
v 1.641205 1.333084 -2.685130
v 1.848155 0.930320 -2.622637
v 1.800229 1.294003 -2.644153
v 1.814568 1.332949 -2.571098
v 1.833848 0.892477 -2.695741
v 2.043563 0.694808 -3.014806
v 2.055684 1.027234 -3.220639
v 2.141907 1.027167 -3.163925
v 1.957341 0.694875 -3.071520
v 1.634222 -1.184587 -2.376684
v 1.549399 -0.752818 -2.471042
v 1.652162 -0.752898 -2.403448
v 1.531458 -1.184507 -2.444278
v 2.071238 0.739249 -2.962019
v 2.141907 1.027167 -3.163925
v 2.159359 1.036392 -3.095638
v 2.043563 0.694808 -3.014806
v 2.055684 1.027234 -3.220639
v 1.957341 0.694875 -3.071520
v 1.897875 0.739384 -3.076051
v 1.985996 1.036527 -3.209670
v 1.831373 0.039039 -2.599094
v 1.658851 0.039173 -2.712572
v 1.923017 0.300759 -2.738112
v 1.750495 0.300893 -2.851591
v 1.279529 -0.687348 -2.059403
v 1.625448 0.165697 -2.584297
v 1.381120 -0.687427 -1.992581
v 1.727039 0.165618 -2.517474
v 1.852183 0.623640 -2.723933
v 1.742158 0.318435 -2.557022
v 1.655935 0.318502 -2.613736
v 1.765960 0.623707 -2.780647
v 1.765960 0.623707 -2.780647
v 1.655935 0.318502 -2.613736
v 1.605941 0.382550 -2.632643
v 1.708512 0.668091 -2.788246
v 1.779304 0.382415 -2.518611
v 1.852183 0.623640 -2.723933
v 1.881876 0.667956 -2.674214
v 1.742158 0.318435 -2.557022
v 0.910340 -1.540438 -1.109720
v 0.884323 -1.573528 -1.184658
v 0.921314 -1.166929 -1.125961
v 0.897121 -1.137894 -1.203600
v 0.654350 -1.540239 -1.278101
v 0.733434 -1.573410 -1.283906
v 0.665323 -1.166730 -1.294342
v 0.746233 -1.137776 -1.302848
v 1.164490 -1.101947 -1.886276
v 1.016109 -0.618115 -1.660118
v 1.267254 -1.102027 -1.818682
v 1.118872 -0.618195 -1.592524
v 0.897121 -1.137894 -1.203600
v 0.733434 -1.573410 -1.283906
v 0.746233 -1.137776 -1.302848
v 0.884323 -1.573528 -1.184658
v 1.102743 -1.406098 -1.792761
v 1.472556 -1.144634 -2.426375
v 1.531458 -1.184507 -2.444278
v 1.080187 -1.342552 -1.830087
v 1.102743 -1.406098 -1.792761
v 0.880305 -0.753101 -1.525508
v 1.080187 -1.342552 -1.830087
v 0.869253 -0.727448 -1.436982
v 1.549399 -0.752818 -2.471042
v 1.531458 -1.184507 -2.444278
v 1.472556 -1.144634 -2.426375
v 1.487768 -0.778299 -2.449068
v 1.196891 -0.573985 -2.006604
v 1.381479 -0.800957 -2.287502
v 1.385677 -0.826558 -2.222221
v 1.193842 -0.588673 -1.930292
v 0.651561 -1.116249 -1.105206
v 1.216933 -0.639000 -2.057170
v 1.279529 -0.687348 -2.059403
v 0.601689 -1.041972 -1.122287
v 1.625448 0.165697 -2.584297
v 1.552459 0.194593 -2.566286
v 0.665323 -1.166730 -1.294342
v 0.654350 -1.540239 -1.278101
v 0.574475 -1.438679 -1.156547
v 0.579945 -1.252510 -1.164642
v 0.489155 -1.524465 -1.026936
v 0.500129 -1.150956 -1.043177
v 0.483684 -1.710703 -1.018838
v 0.505632 -0.963616 -1.051323
v 0.323903 -1.508685 -0.775683
v 0.334876 -1.135176 -0.791924
v 0.409281 -1.422905 -0.905383
v 0.414750 -1.236736 -0.913477
v 0.500129 -1.150956 -1.043177
v 0.455815 -1.260017 -0.927164
v 0.414750 -1.236736 -0.913477
v 0.409281 -1.422905 -0.905383
v 0.521260 -1.193882 -1.026582
v 0.451604 -1.403345 -0.920932
v 0.582406 -1.272105 -1.119635
v 0.489155 -1.524465 -1.026936
v 0.579945 -1.252510 -1.164642
v 0.512841 -1.480471 -1.014121
v 0.578195 -1.415433 -1.113403
v 0.574475 -1.438679 -1.156547
v 0.580612 -0.774047 -1.089926
v 1.130311 -0.346061 -1.832142
v 1.107241 -0.392036 -1.890112
v 0.621187 -0.710474 -1.058547
v 1.444026 0.281889 -2.401331
v 1.467075 0.336983 -2.343319
v 1.569100 0.083146 -2.621206
v 1.488647 0.672452 -2.498196
v 1.684281 0.410444 -2.795929
v 1.695831 0.288264 -2.813634
v 1.632074 0.106487 -2.716918
v 1.373432 0.343983 -2.323422
v 1.425672 0.649042 -2.402482
v 1.361916 0.467264 -2.305768
v 0.455815 -1.260017 -0.927164
v 0.582406 -1.272105 -1.119635
v 0.578195 -1.415433 -1.113403
v 0.521260 -1.193882 -1.026582
v 0.451604 -1.403345 -0.920932
v 0.512841 -1.480471 -1.014121
v 1.440308 0.715222 -2.379520
v 1.361916 0.467264 -2.305768
v 1.348663 0.453502 -2.240502
v 1.373432 0.343983 -2.323422
v 1.425672 0.649042 -2.402482
v 1.360097 0.331333 -2.258029
v 1.488647 0.672452 -2.498196
v 1.569100 0.083146 -2.621206
v 1.503053 0.738653 -2.474884
v 1.596105 0.015741 -2.617208
v 1.739061 0.423061 -2.834062
v 1.632074 0.106487 -2.716918
v 1.684281 0.410444 -2.795929
v 1.658851 0.039173 -2.712572
v 1.750495 0.300893 -2.851591
v 1.695831 0.288264 -2.813634
v 0.601689 -1.041972 -1.122287
v 1.107241 -0.392036 -1.890112
v 1.216933 -0.639000 -2.057170
v 0.580612 -0.774047 -1.089926
v 1.444026 0.281889 -2.401331
v 1.552459 0.194593 -2.566286
v 1.641205 1.333084 -2.685130
v 1.842227 1.543609 -2.990497
v 1.890251 1.425890 -3.063648
v 1.959774 1.383059 -3.169395
v 1.664266 1.476892 -2.720021
v 1.985996 1.036527 -3.209670
v 1.587082 1.243214 -2.602952
v 1.674792 0.930455 -2.736669
v 1.614384 0.907905 -2.644858
v 1.930867 0.902619 -3.126016
v 1.897875 0.739384 -3.076051
v 1.708512 0.668091 -2.788246
v 1.608161 0.780654 -2.635547
v 1.605941 0.382550 -2.632643
v 1.517777 0.479238 -2.498492
v 0.972651 -0.683872 -1.665819
v 1.121322 -1.167663 -1.892419
v 0.880305 -0.753101 -1.525508
v 1.080187 -1.342552 -1.830087
v 1.372239 -1.023027 -2.273718
v 1.472556 -1.144634 -2.426375
v 1.487768 -0.778299 -2.449068
v 1.381479 -0.800957 -2.287502
v 1.234337 -0.444052 -2.063380
v 1.196891 -0.573985 -2.006604
v 0.685878 -1.296752 -1.225842
v 1.028510 -1.186913 -1.746617
v 0.678021 -1.481588 -1.214116
v 0.974188 -1.035716 -1.663853
v 1.524837 0.462319 -2.414257
v 1.608161 0.780654 -2.635547
v 1.517777 0.479238 -2.498492
v 1.549399 -0.752818 -2.471042
v 1.234337 -0.444052 -2.063380
v 1.258915 -0.364060 -2.028957
v 1.487768 -0.778299 -2.449068
v 1.381479 -0.800957 -2.287502
v 1.379044 -0.985473 -2.212326
v 1.385677 -0.826558 -2.222221
v 1.372239 -1.023027 -2.273718
v 1.164490 -1.101947 -1.886276
v 0.972651 -0.683872 -1.665819
v 1.016109 -0.618115 -1.660118
v 1.121322 -1.167663 -1.892419
v 1.121322 -1.167663 -1.892419
v 1.379044 -0.985473 -2.212326
v 1.372239 -1.023027 -2.273718
v 1.164490 -1.101947 -1.886276
v 1.205506 -1.406178 -1.725167
v 1.531458 -1.184507 -2.444278
v 1.634222 -1.184587 -2.376684
v 1.102743 -1.406098 -1.792761
v 0.709728 -1.522201 -1.189578
v 1.171067 -1.219844 -1.678600
v 0.807061 -1.522277 -1.125556
v 1.073735 -1.219769 -1.742622
v 1.192681 -1.187041 -1.638631
v 0.842193 -1.481716 -1.106130
v 0.807061 -1.522277 -1.125556
v 1.171067 -1.219844 -1.678600
v 0.709728 -1.522201 -1.189578
v 1.028510 -1.186913 -1.746617
v 1.073735 -1.219769 -1.742622
v 0.678021 -1.481588 -1.214116
v 1.381120 -0.687427 -1.992581
v 0.753152 -1.116328 -1.038384
v 0.651561 -1.116249 -1.105206
v 1.279529 -0.687348 -2.059403
v 1.193842 -0.588673 -1.930292
v 1.488440 -0.826638 -2.154627
v 1.296605 -0.588753 -1.862698
v 1.385677 -0.826558 -2.222221
v 0.579894 -1.508884 -0.607302
v 0.685304 -1.772918 -0.882324
v 0.739675 -1.710902 -0.850457
v 0.910340 -1.540438 -1.109720
v 0.499080 -1.536741 -0.598927
v 0.884323 -1.573528 -1.184658
v 0.534415 -1.772800 -0.981572
v 0.348192 -1.536624 -0.698175
v 0.323903 -1.508685 -0.775683
v 0.483684 -1.710703 -1.018838
v 0.654350 -1.540239 -1.278101
v 0.733434 -1.573410 -1.283906
v 1.658851 0.039173 -2.712572
v 1.831373 0.039039 -2.599094
v 1.768627 0.015607 -2.503729
v 1.596105 0.015741 -2.617208
v 2.071238 0.739249 -2.962019
v 1.881876 0.667956 -2.674214
v 1.852183 0.623640 -2.723933
v 2.043563 0.694808 -3.014806
v 1.765960 0.623707 -2.780647
v 1.897875 0.739384 -3.076051
v 1.957341 0.694875 -3.071520
v 1.708512 0.668091 -2.788246
v 1.360097 0.331333 -2.258029
v 1.596105 0.015741 -2.617208
v 1.532619 0.331199 -2.144550
v 1.768627 0.015607 -2.503729
v 1.765960 0.623707 -2.780647
v 1.957341 0.694875 -3.071520
v 1.852183 0.623640 -2.723933
v 2.043563 0.694808 -3.014806
v 1.637833 0.850951 -2.585585
v 1.674792 0.930455 -2.736669
v 1.747626 0.892544 -2.752455
v 1.614384 0.907905 -2.644858
v 1.724055 0.850883 -2.528871
v 1.833848 0.892477 -2.695741
v 1.848155 0.930320 -2.622637
v 1.787747 0.907770 -2.530826
v 1.724055 0.850883 -2.528871
v 1.747626 0.892544 -2.752455
v 1.833848 0.892477 -2.695741
v 1.637833 0.850951 -2.585585
v 2.063614 1.425755 -2.949616
v 1.814568 1.332949 -2.571098
v 1.800229 1.294003 -2.644153
v 1.999142 1.367837 -2.946476
v 1.714006 1.294071 -2.700867
v 1.890251 1.425890 -3.063648
v 1.912919 1.367904 -3.003190
v 1.641205 1.333084 -2.685130
v 0.348192 -1.536624 -0.698175
v 0.499080 -1.536741 -0.598927
v 0.534415 -1.772800 -0.981572
v 0.685304 -1.772918 -0.882324
v 0.733434 -1.573410 -1.283906
v 0.884323 -1.573528 -1.184658
v 1.800229 1.294003 -2.644153
v 1.912919 1.367904 -3.003190
v 1.999142 1.367837 -2.946476
v 1.714006 1.294071 -2.700867
v 0.972017 -0.727528 -1.369388
v 1.102743 -1.406098 -1.792761
v 1.205506 -1.406178 -1.725167
v 0.869253 -0.727448 -1.436982
v 1.692772 1.521260 -2.668317
v 1.604213 1.252477 -2.533998
v 1.778995 1.521193 -2.611603
v 1.690436 1.252410 -2.477284
v 1.837630 1.476757 -2.605989
v 1.690436 1.252410 -2.477284
v 1.760445 1.243079 -2.488921
v 1.778995 1.521193 -2.611603
v 1.604213 1.252477 -2.533998
v 1.692772 1.521260 -2.668317
v 1.664266 1.476892 -2.720021
v 1.587082 1.243214 -2.602952
v 1.521185 0.453367 -2.127024
v 1.612830 0.715087 -2.266042
v 1.440308 0.715222 -2.379520
v 1.348663 0.453502 -2.240502
v 1.231902 -0.346140 -1.765320
v 1.130311 -0.346061 -1.832142
v 1.568666 0.336904 -2.276496
v 1.467075 0.336983 -2.343319
v 0.579894 -1.508884 -0.607302
v 0.499080 -1.536741 -0.598927
v 0.511878 -1.101108 -0.617868
v 0.590867 -1.135375 -0.623543
v 0.348192 -1.536624 -0.698175
v 0.323903 -1.508685 -0.775683
v 0.360990 -1.100990 -0.717117
v 0.334876 -1.135176 -0.791924
v 1.524837 0.462319 -2.414257
v 1.637335 0.826134 -2.584858
v 1.608161 0.780654 -2.635547
v 1.781524 0.780519 -2.521515
v 1.611060 0.462252 -2.357543
v 1.723558 0.826066 -2.528144
v 1.611060 0.462252 -2.357543
v 1.723558 0.826066 -2.528144
v 1.637335 0.826134 -2.584858
v 1.524837 0.462319 -2.414257
v 1.481807 -0.985552 -2.144732
v 1.488440 -0.826638 -2.154627
v 1.379044 -0.985473 -2.212326
v 1.385677 -0.826558 -2.222221
v 1.360097 0.331333 -2.258029
v 1.532619 0.331199 -2.144550
v 1.521185 0.453367 -2.127024
v 1.348663 0.453502 -2.240502
v 1.604213 1.252477 -2.533998
v 1.614384 0.907905 -2.644858
v 1.637833 0.850951 -2.585585
v 1.587082 1.243214 -2.602952
v 1.787747 0.907770 -2.530826
v 1.760445 1.243079 -2.488921
v 1.690436 1.252410 -2.477284
v 1.724055 0.850883 -2.528871
v 1.604213 1.252477 -2.533998
v 1.637833 0.850951 -2.585585
v 1.690436 1.252410 -2.477284
v 1.724055 0.850883 -2.528871
v 1.930867 0.902619 -3.126016
v 1.912919 1.367904 -3.003190
v 1.890251 1.425890 -3.063648
v 1.946039 0.941492 -3.054046
v 2.104231 0.902484 -3.011984
v 2.063614 1.425755 -2.949616
v 1.999142 1.367837 -2.946476
v 2.032262 0.941425 -2.997332
v 0.360990 -1.100990 -0.717117
v 0.348192 -1.536624 -0.698175
v 0.511878 -1.101108 -0.617868
v 0.499080 -1.536741 -0.598927
v 1.999142 1.367837 -2.946476
v 1.946039 0.941492 -3.054046
v 2.032262 0.941425 -2.997332
v 1.912919 1.367904 -3.003190
v 1.205506 -1.406178 -1.725167
v 1.634222 -1.184587 -2.376684
v 1.641152 -1.144766 -2.315480
v 1.248782 -1.342684 -1.719192
v 1.205506 -1.406178 -1.725167
v 1.048901 -0.753232 -1.414613
v 0.972017 -0.727528 -1.369388
v 1.248782 -1.342684 -1.719192
v 1.652162 -0.752898 -2.403448
v 1.641152 -1.144766 -2.315480
v 1.634222 -1.184587 -2.376684
v 1.656363 -0.778430 -2.338172
v 1.488440 -0.826638 -2.154627
v 1.365486 -0.574117 -1.895708
v 1.296605 -0.588753 -1.862698
v 1.550074 -0.801088 -2.176607
v 0.753152 -1.116328 -1.038384
v 1.403829 -0.639146 -1.934238
v 0.788584 -1.042118 -0.999354
v 1.381120 -0.687427 -1.992581
v 1.727039 0.165618 -2.517474
v 1.739354 0.194447 -2.443353
v 0.921314 -1.166929 -1.125961
v 0.761623 -0.963815 -0.882942
v 0.756119 -1.151155 -0.874796
v 0.590867 -1.135375 -0.623543
v 0.835935 -1.252709 -0.996261
v 0.670741 -1.236935 -0.745097
v 0.910340 -1.540438 -1.109720
v 0.665272 -1.423104 -0.737002
v 0.830466 -1.438879 -0.988166
v 0.579894 -1.508884 -0.607302
v 0.745146 -1.524664 -0.858555
v 0.739675 -1.710902 -0.850457
v 0.745146 -1.524664 -0.858555
v 0.830466 -1.438879 -0.988166
v 0.789401 -1.415598 -0.974480
v 0.724047 -1.480636 -0.875198
v 0.793612 -1.272269 -0.980712
v 0.662811 -1.403510 -0.782009
v 0.835935 -1.252709 -0.996261
v 0.665272 -1.423104 -0.737002
v 0.756119 -1.151155 -0.874796
v 0.670741 -1.236935 -0.745097
v 0.732467 -1.194047 -0.887659
v 0.667022 -1.260181 -0.788241
v 0.767507 -0.774193 -0.966993
v 1.231902 -0.346140 -1.765320
v 0.722777 -0.710553 -0.991725
v 1.294136 -0.392182 -1.767179
v 1.630921 0.281743 -2.278399
v 1.568666 0.336904 -2.276496
v 1.587398 0.343817 -2.182683
v 1.639638 0.648875 -2.261743
v 1.575882 0.467098 -2.165029
v 1.702614 0.672285 -2.357457
v 1.783067 0.082980 -2.480467
v 1.898247 0.410277 -2.655190
v 1.909797 0.288098 -2.672895
v 1.846040 0.106320 -2.576179
v 0.793612 -1.272269 -0.980712
v 0.667022 -1.260181 -0.788241
v 0.789401 -1.415598 -0.974480
v 0.732467 -1.194047 -0.887659
v 0.662811 -1.403510 -0.782009
v 0.724047 -1.480636 -0.875198
v 1.532619 0.331199 -2.144550
v 1.768627 0.015607 -2.503729
v 1.783067 0.082980 -2.480467
v 1.846040 0.106320 -2.576179
v 1.587398 0.343817 -2.182683
v 1.831373 0.039039 -2.599094
v 1.521185 0.453367 -2.127024
v 1.909797 0.288098 -2.672895
v 1.575882 0.467098 -2.165029
v 1.923017 0.300759 -2.738112
v 1.612830 0.715087 -2.266042
v 1.898247 0.410277 -2.655190
v 1.639638 0.648875 -2.261743
v 1.911583 0.422927 -2.720584
v 1.702614 0.672285 -2.357457
v 1.675575 0.738519 -2.361405
v 1.630921 0.281743 -2.278399
v 1.403829 -0.639146 -1.934238
v 1.739354 0.194447 -2.443353
v 1.294136 -0.392182 -1.767179
v 0.788584 -1.042118 -0.999354
v 0.767507 -0.774193 -0.966993
v 2.063614 1.425755 -2.949616
v 2.104231 0.902484 -3.011984
v 2.159359 1.036392 -3.095638
v 2.071238 0.739249 -2.962019
v 2.133137 1.382924 -3.055363
v 1.881876 0.667956 -2.674214
v 2.015590 1.543474 -2.876465
v 1.781524 0.780519 -2.521515
v 1.779304 0.382415 -2.518611
v 1.691140 0.479103 -2.384460
v 1.814568 1.332949 -2.571098
v 1.837630 1.476757 -2.605989
v 1.760445 1.243079 -2.488921
v 1.848155 0.930320 -2.622637
v 1.787747 0.907770 -2.530826
v 1.641152 -1.144766 -2.315480
v 1.656363 -0.778430 -2.338172
v 1.540834 -1.023158 -2.162822
v 1.248782 -1.342684 -1.719192
v 1.550074 -0.801088 -2.176607
v 1.402933 -0.444184 -1.952484
v 1.365486 -0.574117 -1.895708
v 1.289918 -1.167794 -1.781523
v 1.048901 -0.753232 -1.414613
v 1.141246 -0.684003 -1.554924
v 0.850050 -1.296880 -1.117856
v 1.192681 -1.187041 -1.638631
v 1.138360 -1.035843 -1.555867
v 0.842193 -1.481716 -1.106130
v 1.781524 0.780519 -2.521515
v 1.611060 0.462252 -2.357543
v 1.691140 0.479103 -2.384460
v 1.402933 -0.444184 -1.952484
v 1.656363 -0.778430 -2.338172
v 1.652162 -0.752898 -2.403448
v 1.361678 -0.364140 -1.961363
v 1.550074 -0.801088 -2.176607
v 1.481807 -0.985552 -2.144732
v 1.540834 -1.023158 -2.162822
v 1.488440 -0.826638 -2.154627
v 1.141246 -0.684003 -1.554924
v 1.289918 -1.167794 -1.781523
v 1.267254 -1.102027 -1.818682
v 1.118872 -0.618195 -1.592524
v 1.289918 -1.167794 -1.781523
v 1.540834 -1.023158 -2.162822
v 1.481807 -0.985552 -2.144732
v 1.267254 -1.102027 -1.818682
v -2.011876 1.968943 2.964417
v -2.156872 1.810809 3.184669
v -1.925653 1.968876 3.021132
v -2.070649 1.810742 3.241383
v -2.011876 1.968943 2.964417
v -2.179021 1.778265 3.123315
v -2.156872 1.810809 3.184669
v -2.052667 1.915525 2.931380
v -2.005658 1.778130 3.237347
v -1.879303 1.915390 3.045412
v -1.925653 1.968876 3.021132
v -2.070649 1.810742 3.241383
v -1.732154 1.856467 2.726820
v -2.011876 1.968943 2.964417
v -1.925653 1.968876 3.021132
v -1.818376 1.856534 2.670106
v -1.706305 1.815160 2.782281
v -1.925653 1.968876 3.021132
v -1.879303 1.915390 3.045412
v -1.732154 1.856467 2.726820
v -2.011876 1.968943 2.964417
v -1.818376 1.856534 2.670106
v -1.879668 1.815295 2.668250
v -2.052667 1.915525 2.931380
v -1.761773 1.050406 2.489025
v -2.014895 0.781519 2.873530
v -1.589251 1.050271 2.602503
v -1.842373 0.781385 2.987008
v -1.803979 1.154738 2.647387
v -2.104196 1.328242 3.104015
v -1.717756 1.154671 2.704101
v -2.017973 1.328174 3.160729
v -1.761773 1.050406 2.489025
v -1.589251 1.050271 2.602503
v -1.528172 1.015016 2.509603
v -1.700694 1.015150 2.396124
v -1.691308 1.112134 2.758650
v -2.017973 1.328174 3.160729
v -2.005006 1.294867 3.235784
v -1.717756 1.154671 2.704101
v -2.104196 1.328242 3.104015
v -1.803979 1.154738 2.647387
v -1.864671 1.112269 2.644618
v -2.178370 1.295002 3.121752
v -0.898868 -0.565326 1.252576
v -1.282202 -0.106073 2.057176
v -0.797278 -0.565405 1.319398
v -1.383793 -0.105994 1.990353
v -0.712169 -0.998516 0.914537
v -0.793079 -1.027470 0.923043
v -0.898393 -0.762340 1.197934
v -0.952771 -0.824356 1.166064
v -1.123526 -0.995916 1.425461
v -1.097412 -0.961730 1.500268
v -0.561281 -0.998633 1.013785
v -0.867535 -0.996115 1.593842
v -0.537089 -1.027669 1.091424
v -0.946524 -0.961847 1.599516
v -0.747505 -0.762458 1.297182
v -0.696780 -0.824555 1.334445
v -1.513958 -0.099284 2.186975
v -1.722774 -0.430631 2.727875
v -1.411194 -0.099364 2.254570
v -1.825538 -0.430551 2.660281
v -0.895931 -1.130160 1.536770
v -1.187034 -0.785259 1.906953
v -1.167277 -0.815682 1.949670
v -0.928676 -1.089448 1.513810
v -1.284366 -0.785183 1.842931
v -1.026008 -1.089372 1.449788
v -1.060103 -1.130032 1.428784
v -1.331448 -0.815555 1.841684
v -1.187034 -0.785259 1.906953
v -0.928676 -1.089448 1.513810
v -1.026008 -1.089372 1.449788
v -1.284366 -0.785183 1.842931
v -1.360475 -0.851110 2.176571
v -1.669825 -0.694342 2.423237
v -1.567062 -0.694422 2.490831
v -1.463239 -0.851030 2.108977
v -0.712169 -0.998516 0.914537
v -0.561281 -0.998633 1.013785
v -0.898393 -0.762340 1.197934
v -0.747505 -0.762458 1.297182
v -1.097412 -0.961730 1.500268
v -0.946524 -0.961847 1.599516
v -1.419659 -1.165239 2.042350
v -1.147711 -0.534852 1.629652
v -1.316895 -1.165319 2.109944
v -1.044948 -0.534932 1.697246
v -1.659896 1.572327 2.616631
v -1.818376 1.856534 2.670106
v -1.732154 1.856467 2.726820
v -1.746119 1.572394 2.559916
v -1.746119 1.572394 2.559916
v -1.879668 1.815295 2.668250
v -1.818376 1.856534 2.670106
v -1.816607 1.568226 2.572085
v -1.706305 1.815160 2.782281
v -1.643244 1.568091 2.686117
v -1.659896 1.572327 2.616631
v -1.732154 1.856467 2.726820
v -1.452376 0.737307 2.394039
v -1.624897 0.737442 2.280561
v -1.528172 1.015016 2.509603
v -1.700694 1.015150 2.396124
v -1.282202 -0.106073 2.057176
v -1.383793 -0.105994 1.990353
v -1.678651 0.637362 2.439508
v -1.577060 0.637283 2.506331
v -0.804053 -1.400979 0.939284
v -0.724968 -1.434150 0.933479
v -0.712169 -0.998516 0.914537
v -0.793079 -1.027470 0.923043
v -0.548062 -1.401178 1.107665
v -0.574080 -1.434268 1.032727
v -0.561281 -0.998633 1.013785
v -0.537089 -1.027669 1.091424
v -1.691308 1.112134 2.758650
v -1.627204 0.771468 2.565980
v -1.717756 1.154671 2.704101
v -1.713427 0.771535 2.509266
v -1.864671 1.112269 2.644618
v -1.803979 1.154738 2.647387
v -1.717756 1.154671 2.704101
v -1.627204 0.771468 2.565980
v -1.713427 0.771535 2.509266
v -1.803979 1.154738 2.647387
v -1.567062 -0.694422 2.490831
v -1.667052 -0.535059 2.419210
v -1.564289 -0.535139 2.486804
v -1.669825 -0.694342 2.423237
v -1.470961 0.618005 2.422154
v -1.624897 0.737442 2.280561
v -1.452376 0.737307 2.394039
v -1.643483 0.618140 2.308676
v -1.689982 1.239852 2.756786
v -1.659896 1.572327 2.616631
v -1.643244 1.568091 2.686117
v -1.716855 1.179450 2.702759
v -1.746119 1.572394 2.559916
v -1.803077 1.179517 2.646045
v -1.863346 1.239987 2.642754
v -1.816607 1.568226 2.572085
v -1.716855 1.179450 2.702759
v -1.746119 1.572394 2.559916
v -1.659896 1.572327 2.616631
v -1.803077 1.179517 2.646045
v -2.005006 1.294867 3.235784
v -1.960112 1.745899 3.073256
v -1.934014 1.807481 3.128461
v -2.017973 1.328174 3.160729
v -2.046335 1.745966 3.016542
v -2.104196 1.328242 3.104015
v -2.178370 1.295002 3.121752
v -2.107378 1.807616 3.014430
v -0.574080 -1.434268 1.032727
v -0.712169 -0.998516 0.914537
v -0.561281 -0.998633 1.013785
v -0.724968 -1.434150 0.933479
v -2.104196 1.328242 3.104015
v -2.046335 1.745966 3.016542
v -2.017973 1.328174 3.160729
v -1.960112 1.745899 3.073256
v -1.419659 -1.165239 2.042350
v -1.833049 -0.863237 2.671188
v -1.837732 -0.828541 2.606655
v -1.459154 -1.100075 2.030780
v -1.419659 -1.165239 2.042350
v -1.225854 -0.551988 1.676739
v -1.147711 -0.534852 1.629652
v -1.459154 -1.100075 2.030780
v -1.825538 -0.430551 2.660281
v -1.837732 -0.828541 2.606655
v -1.833049 -0.863237 2.671188
v -1.831393 -0.461358 2.597454
v -1.667052 -0.535059 2.419210
v -1.530174 -0.313583 2.139682
v -1.462352 -0.335038 2.108239
v -1.727026 -0.504132 2.438733
v -0.952849 -0.963046 1.334172
v -1.572245 -0.372667 2.183553
v -0.984053 -0.890553 1.288707
v -1.552172 -0.416954 2.245974
v -1.846174 0.497196 2.694029
v -1.857107 0.520166 2.617688
v -1.123526 -0.995916 1.425461
v -0.952771 -0.824356 1.166064
v -0.958275 -1.011696 1.174210
v -0.793079 -1.027470 0.923043
v -1.043653 -1.097476 1.303909
v -0.878400 -1.113256 1.052656
v -1.134499 -1.369425 1.441702
v -0.883870 -1.299424 1.060750
v -1.049122 -1.283645 1.312004
v -0.804053 -1.400979 0.939284
v -0.969248 -1.385205 1.190450
v -0.974719 -1.571442 1.198548
v -0.969248 -1.385205 1.190450
v -1.049122 -1.283645 1.312004
v -1.006740 -1.264091 1.296364
v -0.945563 -1.341211 1.203265
v -1.002529 -1.120762 1.290132
v -0.880208 -1.276173 1.103983
v -1.043653 -1.097476 1.303909
v -0.883870 -1.299424 1.060750
v -0.958275 -1.011696 1.174210
v -0.878400 -1.113256 1.052656
v -0.937143 -1.054622 1.190804
v -0.875997 -1.132844 1.097751
v -0.947453 -0.628135 1.233375
v -1.383793 -0.105994 1.990353
v -0.898868 -0.565326 1.252576
v -1.448695 -0.147975 1.995985
v -1.744109 0.586318 2.445974
v -1.678651 0.637362 2.439508
v -1.697274 0.637199 2.345343
v -1.731405 0.950505 2.397604
v -1.678656 0.757603 2.317181
v -1.792657 0.985777 2.490767
v -1.907131 0.415085 2.664127
v -2.002548 0.762492 2.809602
v -2.021134 0.643190 2.837716
v -1.968384 0.450288 2.757293
v -1.002529 -1.120762 1.290132
v -0.875997 -1.132844 1.097751
v -1.006740 -1.264091 1.296364
v -0.937143 -1.054622 1.190804
v -0.880208 -1.276173 1.103983
v -0.945563 -1.341211 1.203265
v -1.643483 0.618140 2.308676
v -1.896605 0.349254 2.693182
v -1.907131 0.415085 2.664127
v -1.968384 0.450288 2.757293
v -1.697274 0.637199 2.345343
v -1.957683 0.384509 2.786081
v -1.624897 0.737442 2.280561
v -2.021134 0.643190 2.837716
v -1.678656 0.757603 2.317181
v -2.033481 0.662218 2.901645
v -1.700694 1.015150 2.396124
v -2.002548 0.762492 2.809602
v -1.731405 0.950505 2.397604
v -2.014895 0.781519 2.873530
v -1.792657 0.985777 2.490767
v -1.761773 1.050406 2.489025
v -1.744109 0.586318 2.445974
v -1.572245 -0.372667 2.183553
v -1.857107 0.520166 2.617688
v -1.448695 -0.147975 1.995985
v -0.984053 -0.890553 1.288707
v -0.947453 -0.628135 1.233375
v -2.107378 1.807616 3.014430
v -2.178370 1.295002 3.121752
v -2.225343 1.438660 3.193336
v -2.155183 1.126403 3.086302
v -2.179021 1.778265 3.123315
v -1.971000 1.019441 2.806160
v -2.052667 1.915525 2.931380
v -1.864671 1.112269 2.644618
v -1.885790 0.715969 2.676257
v -1.792453 0.795326 2.534450
v -1.865162 1.667900 2.646022
v -1.879668 1.815295 2.668250
v -1.816607 1.568226 2.572085
v -1.922152 1.273921 2.732199
v -1.863346 1.239987 2.642754
v -1.837732 -0.828541 2.606655
v -1.831393 -0.461358 2.597454
v -1.730908 -0.726713 2.444370
v -1.459154 -1.100075 2.030780
v -1.727026 -0.504132 2.438733
v -1.559797 -0.177246 2.184879
v -1.530174 -0.313583 2.139682
v -1.489870 -0.918325 2.077693
v -1.225854 -0.551988 1.676739
v -1.313684 -0.465554 1.810370
v -1.060103 -1.130032 1.428784
v -1.394382 -0.955555 1.937197
v -1.331448 -0.815555 1.841684
v -1.063063 -1.315335 1.433064
v -1.713427 0.771535 2.509266
v -1.864671 1.112269 2.644618
v -1.792453 0.795326 2.534450
v -1.559797 -0.177246 2.184879
v -1.831393 -0.461358 2.597454
v -1.825538 -0.430551 2.660281
v -1.513958 -0.099284 2.186975
v -1.727026 -0.504132 2.438733
v -1.669825 -0.694342 2.423237
v -1.730908 -0.726713 2.444370
v -1.667052 -0.535059 2.419210
v -1.313684 -0.465554 1.810370
v -1.489870 -0.918325 2.077693
v -1.463239 -0.851030 2.108977
v -1.287396 -0.398158 1.842179
v -1.489870 -0.918325 2.077693
v -1.730908 -0.726713 2.444370
v -1.669825 -0.694342 2.423237
v -1.463239 -0.851030 2.108977
v -1.833049 -0.863237 2.671188
v -1.419659 -1.165239 2.042350
v -1.730286 -0.863317 2.738782
v -1.316895 -1.165319 2.109944
v -0.932986 -1.356123 1.520047
v -1.277293 -0.986055 2.043937
v -1.374626 -0.985979 1.979915
v -1.030319 -1.356047 1.456025
v -1.030319 -1.356047 1.456025
v -1.374626 -0.985979 1.979915
v -1.394382 -0.955555 1.937197
v -1.063063 -1.315335 1.433064
v -1.230211 -0.955683 2.045183
v -0.932986 -1.356123 1.520047
v -0.898891 -1.315463 1.541050
v -1.277293 -0.986055 2.043937
v -0.851258 -0.963126 1.400994
v -1.450582 -0.417033 2.312797
v -1.552172 -0.416954 2.245974
v -0.952849 -0.963046 1.334172
v -1.359588 -0.335118 2.175833
v -1.564289 -0.535139 2.486804
v -1.667052 -0.535059 2.419210
v -1.462352 -0.335038 2.108239
v -0.923988 -1.633540 1.235815
v -0.804053 -1.400979 0.939284
v -0.724968 -1.434150 0.933479
v -0.974719 -1.571442 1.198548
v -1.134499 -1.369425 1.441702
v -1.110211 -1.397364 1.519210
v -0.548062 -1.401178 1.107665
v -0.718729 -1.571642 1.366929
v -0.773100 -1.633657 1.335063
v -0.878508 -1.369624 1.610083
v -0.574080 -1.434268 1.032727
v -0.959323 -1.397481 1.618458
v -1.785162 0.384375 2.899559
v -1.896605 0.349254 2.693182
v -1.724083 0.349119 2.806660
v -1.957683 0.384509 2.786081
v -1.943802 0.977945 2.859752
v -2.129885 1.085157 3.142783
v -2.155183 1.126403 3.086302
v -1.971000 1.019441 2.806160
v -1.981820 1.126268 3.200334
v -1.857579 0.977878 2.916466
v -1.797636 1.019306 2.920192
v -2.043663 1.085090 3.199497
v -1.724083 0.349119 2.806660
v -1.643483 0.618140 2.308676
v -1.470961 0.618005 2.422154
v -1.896605 0.349254 2.693182
v -2.043663 1.085090 3.199497
v -1.943802 0.977945 2.859752
v -1.857579 0.977878 2.916466
v -2.129885 1.085157 3.142783
v -1.716855 1.179450 2.702759
v -1.748789 1.273786 2.846231
v -1.823596 1.241720 2.865113
v -1.689982 1.239852 2.756786
v -1.803077 1.179517 2.646045
v -1.909818 1.241787 2.808399
v -1.922152 1.273921 2.732199
v -1.863346 1.239987 2.642754
v -1.909818 1.241787 2.808399
v -1.803077 1.179517 2.646045
v -1.823596 1.241720 2.865113
v -1.716855 1.179450 2.702759
v -1.852803 1.634659 2.722182
v -2.046335 1.745966 3.016542
v -2.107378 1.807616 3.014430
v -1.865162 1.667900 2.646022
v -1.934014 1.807481 3.128461
v -1.766580 1.634591 2.778896
v -1.691799 1.667765 2.760054
v -1.960112 1.745899 3.073256
v -0.574080 -1.434268 1.032727
v -0.724968 -1.434150 0.933479
v -0.773100 -1.633657 1.335063
v -0.923988 -1.633540 1.235815
v -0.959323 -1.397481 1.618458
v -1.110211 -1.397364 1.519210
v -2.046335 1.745966 3.016542
v -1.852803 1.634659 2.722182
v -1.960112 1.745899 3.073256
v -1.766580 1.634591 2.778896
v -2.070649 1.810742 3.241383
v -2.208261 1.434390 3.262351
v -2.122038 1.434323 3.319065
v -2.156872 1.810809 3.184669
v -2.208261 1.434390 3.262351
v -2.156872 1.810809 3.184669
v -2.179021 1.778265 3.123315
v -2.225343 1.438660 3.193336
v -2.005658 1.778130 3.237347
v -2.122038 1.434323 3.319065
v -2.051980 1.438525 3.307368
v -2.070649 1.810742 3.241383
v -1.852803 1.634659 2.722182
v -1.909818 1.241787 2.808399
v -1.766580 1.634591 2.778896
v -1.823596 1.241720 2.865113
v -1.842373 0.781385 2.987008
v -2.033481 0.662218 2.901645
v -1.860959 0.662083 3.015123
v -2.014895 0.781519 2.873530
v -1.748789 1.273786 2.846231
v -1.691799 1.667765 2.760054
v -1.766580 1.634591 2.778896
v -1.823596 1.241720 2.865113
v -1.852803 1.634659 2.722182
v -1.922152 1.273921 2.732199
v -1.909818 1.241787 2.808399
v -1.865162 1.667900 2.646022
v -2.208261 1.434390 3.262351
v -2.129885 1.085157 3.142783
v -2.122038 1.434323 3.319065
v -2.043663 1.085090 3.199497
v -1.825538 -0.430551 2.660281
v -1.833049 -0.863237 2.671188
v -1.722774 -0.430631 2.727875
v -1.730286 -0.863317 2.738782
v -2.208261 1.434390 3.262351
v -2.155183 1.126403 3.086302
v -2.129885 1.085157 3.142783
v -2.225343 1.438660 3.193336
v -1.981820 1.126268 3.200334
v -2.051980 1.438525 3.307368
v -2.122038 1.434323 3.319065
v -2.043663 1.085090 3.199497
v -1.785162 0.384375 2.899559
v -1.860959 0.662083 3.015123
v -2.033481 0.662218 2.901645
v -1.957683 0.384509 2.786081
v -1.744583 0.497117 2.760851
v -1.552172 -0.416954 2.245974
v -1.450582 -0.417033 2.312797
v -1.846174 0.497196 2.694029
v -1.765995 0.653422 2.776845
v -1.857579 0.977878 2.916466
v -1.943802 0.977945 2.859752
v -1.852217 0.653489 2.720131
v -1.712427 0.715834 2.790288
v -1.797636 1.019306 2.920192
v -1.857579 0.977878 2.916466
v -1.765995 0.653422 2.776845
v -1.943802 0.977945 2.859752
v -1.885790 0.715969 2.676257
v -1.852217 0.653489 2.720131
v -1.971000 1.019441 2.806160
v -1.134499 -1.369425 1.441702
v -1.110211 -1.397364 1.519210
v -1.123526 -0.995916 1.425461
v -1.097412 -0.961730 1.500268
v -0.878508 -1.369624 1.610083
v -0.959323 -1.397481 1.618458
v -0.867535 -0.996115 1.593842
v -0.946524 -0.961847 1.599516
v -1.184633 -0.398238 1.909773
v -1.463239 -0.851030 2.108977
v -1.360475 -0.851110 2.176571
v -1.287396 -0.398158 1.842179
v -1.097412 -0.961730 1.500268
v -0.946524 -0.961847 1.599516
v -0.959323 -1.397481 1.618458
v -1.110211 -1.397364 1.519210
v -1.316895 -1.165319 2.109944
v -1.669136 -0.828672 2.717551
v -1.730286 -0.863317 2.738782
v -1.290559 -1.100206 2.141675
v -1.316895 -1.165319 2.109944
v -1.057258 -0.552119 1.787635
v -1.290559 -1.100206 2.141675
v -1.044948 -0.534932 1.697246
v -1.722774 -0.430631 2.727875
v -1.730286 -0.863317 2.738782
v -1.669136 -0.828672 2.717551
v -1.662798 -0.461489 2.708349
v -1.361578 -0.313714 2.250577
v -1.558431 -0.504263 2.549628
v -1.564289 -0.535139 2.486804
v -1.359588 -0.335118 2.175833
v -0.851258 -0.963126 1.400994
v -1.385350 -0.372812 2.306486
v -1.450582 -0.417033 2.312797
v -0.797157 -0.890698 1.411640
v -1.744583 0.497117 2.760851
v -1.670212 0.520020 2.740621
v -0.867535 -0.996115 1.593842
v -0.878508 -1.369624 1.610083
v -0.793131 -1.283844 1.480385
v -0.787662 -1.097675 1.472290
v -0.713257 -1.385404 1.358831
v -0.702284 -1.011895 1.342590
v -0.718729 -1.571642 1.366929
v -0.696780 -0.824555 1.334445
v -0.548062 -1.401178 1.107665
v -0.537089 -1.027669 1.091424
v -0.627879 -1.299624 1.229131
v -0.622410 -1.113455 1.221037
v -0.702284 -1.011895 1.342590
v -0.664791 -1.133009 1.236675
v -0.622410 -1.113455 1.221037
v -0.627879 -1.299624 1.229131
v -0.725937 -1.054787 1.329727
v -0.669002 -1.276338 1.242907
v -0.791322 -1.120927 1.429055
v -0.713257 -1.385404 1.358831
v -0.787662 -1.097675 1.472290
v -0.734356 -1.341375 1.342189
v -0.795533 -1.264255 1.435287
v -0.793131 -1.283844 1.480385
v -0.760558 -0.628281 1.356308
v -1.282202 -0.106073 2.057176
v -1.261800 -0.148120 2.118918
v -0.797278 -0.565405 1.319398
v -1.557214 0.586172 2.568907
v -1.577060 0.637283 2.506331
v -1.693165 0.414918 2.804866
v -1.578691 0.985611 2.631506
v -1.788582 0.762326 2.950341
v -1.807167 0.643024 2.978455
v -1.754418 0.450121 2.898032
v -1.483308 0.637033 2.486082
v -1.517439 0.950339 2.538343
v -1.464690 0.757437 2.457920
v -0.664791 -1.133009 1.236675
v -0.791322 -1.120927 1.429055
v -0.795533 -1.264255 1.435287
v -0.725937 -1.054787 1.329727
v -0.669002 -1.276338 1.242907
v -0.734356 -1.341375 1.342189
v -1.528172 1.015016 2.509603
v -1.464690 0.757437 2.457920
v -1.452376 0.737307 2.394039
v -1.483308 0.637033 2.486082
v -1.517439 0.950339 2.538343
v -1.470961 0.618005 2.422154
v -1.578691 0.985611 2.631506
v -1.693165 0.414918 2.804866
v -1.589251 1.050271 2.602503
v -1.724083 0.349119 2.806660
v -1.842373 0.781385 2.987008
v -1.754418 0.450121 2.898032
v -1.788582 0.762326 2.950341
v -1.785162 0.384375 2.899559
v -1.860959 0.662083 3.015123
v -1.807167 0.643024 2.978455
v -0.797157 -0.890698 1.411640
v -1.261800 -0.148120 2.118918
v -1.385350 -0.372812 2.306486
v -0.760558 -0.628281 1.356308
v -1.557214 0.586172 2.568907
v -1.670212 0.520020 2.740621
v -1.691799 1.667765 2.760054
v -1.879303 1.915390 3.045412
v -1.934014 1.807481 3.128461
v -2.005658 1.778130 3.237347
v -1.706305 1.815160 2.782281
v -2.051980 1.438525 3.307368
v -1.643244 1.568091 2.686117
v -1.748789 1.273786 2.846231
v -1.689982 1.239852 2.756786
v -2.005006 1.294867 3.235784
v -1.981820 1.126268 3.200334
v -1.797636 1.019306 2.920192
v -1.691308 1.112134 2.758650
v -1.712427 0.715834 2.790288
v -1.619090 0.795191 2.648482
v -1.145088 -0.465685 1.921266
v -1.321275 -0.918456 2.188588
v -1.057258 -0.552119 1.787635
v -1.290559 -1.100206 2.141675
v -1.562313 -0.726844 2.555266
v -1.669136 -0.828672 2.717551
v -1.662798 -0.461489 2.708349
v -1.558431 -0.504263 2.549628
v -1.391201 -0.177377 2.295774
v -1.361578 -0.313714 2.250577
v -0.895931 -1.130160 1.536770
v -1.230211 -0.955683 2.045183
v -0.898891 -1.315463 1.541050
v -1.167277 -0.815682 1.949670
v -1.691308 1.112134 2.758650
v -1.619090 0.795191 2.648482
v -1.627204 0.771468 2.565980
v -1.722774 -0.430631 2.727875
v -1.391201 -0.177377 2.295774
v -1.411194 -0.099364 2.254570
v -1.662798 -0.461489 2.708349
v -1.558431 -0.504263 2.549628
v -1.567062 -0.694422 2.490831
v -1.564289 -0.535139 2.486804
v -1.562313 -0.726844 2.555266
v -1.360475 -0.851110 2.176571
v -1.145088 -0.465685 1.921266
v -1.184633 -0.398238 1.909773
v -1.321275 -0.918456 2.188588
v -1.321275 -0.918456 2.188588
v -1.567062 -0.694422 2.490831
v -1.562313 -0.726844 2.555266
v -1.360475 -0.851110 2.176571
v 0.622828 -0.323285 -1.104816
v 0.765028 -0.323396 -1.011282
v 0.462869 -0.054515 -0.860936
v 0.604731 -0.054625 -0.767625
v -0.790810 -0.174832 1.354245
v -0.933010 -0.174721 1.260711
v -0.757797 0.062044 0.994990
v -0.615935 0.061934 1.088301
v 0.480980 0.345742 -0.465280
v 0.676277 0.040806 -0.762552
v 0.429982 0.040997 -0.924556
v 0.234684 0.345933 -0.627284
v -0.365274 0.426549 0.821383
v -0.823700 0.160709 0.981567
v -0.577404 0.160517 1.143570
v -0.611570 0.426741 0.659379
v 0.073998 0.736216 0.172663
v 0.229273 0.711236 -0.063433
v -0.034233 0.711441 -0.236757
v -0.189508 0.736421 -0.000661
v 0.212148 0.687915 -0.611359
v -0.345319 0.741146 0.236226
v 0.475654 0.687710 -0.438035
v -0.081813 0.740941 0.409550
v -0.591757 0.764678 0.610915
v -0.328251 0.764473 0.784239
v 0.101556 0.710228 0.192420
v 0.256831 0.685248 -0.043676
v 0.229273 0.711236 -0.063433
v 0.489900 0.662993 -0.398040
v 0.073998 0.736216 0.172663
v 0.475654 0.687710 -0.438035
v -0.081813 0.740941 0.409550
v 0.533802 0.535042 -0.526619
v -0.054256 0.714953 0.429307
v 0.549043 0.536269 -0.488105
v -0.287327 0.737209 0.783672
v -0.328251 0.764473 0.784239
v -0.395021 0.623733 0.885583
v -0.353563 0.622457 0.884236
v -0.034233 0.711441 -0.236757
v 0.212148 0.687915 -0.611359
v 0.169665 0.663242 -0.608678
v 0.270297 0.535247 -0.699943
v -0.063405 0.685497 -0.254314
v 0.228808 0.536518 -0.698744
v -0.189508 0.736421 -0.000661
v -0.218680 0.710477 -0.018219
v -0.374492 0.715202 0.218668
v -0.345319 0.741146 0.236226
v -0.607562 0.737458 0.573034
v -0.591757 0.764678 0.610915
v -0.658527 0.623939 0.712258
v -0.673799 0.622706 0.673597
v 0.095950 0.244752 -0.497104
v 0.118984 0.255932 -0.459500
v -0.008003 0.132496 -0.339197
v 0.018380 0.145567 -0.306682
v -0.006477 0.074383 -0.268976
v -0.036592 0.050342 -0.295830
v -0.137022 0.059931 -0.143134
v -0.105006 0.083791 -0.119171
v -0.234062 0.186890 0.004547
v -0.200030 0.210557 0.025444
v 0.416185 0.244503 -0.286465
v 0.372546 0.255734 -0.292717
v 0.312233 0.132247 -0.128559
v 0.271942 0.145369 -0.139899
v 0.247085 0.074185 -0.102192
v 0.283644 0.050092 -0.085192
v 0.183214 0.059682 0.067504
v 0.148556 0.083594 0.047613
v 0.086173 0.186641 0.215186
v 0.053533 0.210360 0.192228
v -0.558836 0.307276 0.498446
v -0.514541 0.316426 0.503724
v -0.462043 0.175852 0.351135
v -0.421025 0.187525 0.361398
v -0.400478 0.112005 0.330071
v -0.438429 0.088712 0.315131
v -0.337998 0.079122 0.162435
v -0.301949 0.102597 0.180266
v -0.234062 0.186890 0.004547
v -0.200030 0.210557 0.025444
v -0.238601 0.307027 0.709085
v -0.260979 0.316229 0.670508
v -0.141807 0.175603 0.561774
v -0.167463 0.187327 0.528182
v -0.146916 0.111808 0.496854
v -0.118193 0.088463 0.525769
v -0.017763 0.078873 0.373073
v -0.048387 0.102399 0.347049
v 0.086173 0.186641 0.215186
v 0.053533 0.210360 0.192228
v 0.372546 0.255734 -0.292717
v 0.118984 0.255932 -0.459500
v 0.018380 0.145567 -0.306682
v 0.271942 0.145369 -0.139899
v -0.006477 0.074383 -0.268976
v 0.247085 0.074185 -0.102192
v -0.105006 0.083791 -0.119171
v 0.148556 0.083594 0.047613
v -0.200030 0.210557 0.025444
v 0.053533 0.210360 0.192228
v -0.514541 0.316426 0.503724
v -0.260979 0.316229 0.670508
v -0.421025 0.187525 0.361398
v -0.167463 0.187327 0.528182
v -0.400478 0.112005 0.330071
v -0.146916 0.111808 0.496854
v -0.301949 0.102597 0.180266
v -0.048387 0.102399 0.347049
v -0.200030 0.210557 0.025444
v 0.053533 0.210360 0.192228
v 0.661514 -0.012518 -0.775836
v 0.429982 0.040997 -0.924556
v 0.676277 0.040806 -0.762552
v 0.447885 -0.012352 -0.916353
v 0.809078 -1.204622 -1.079115
v 0.622828 -0.323285 -1.104816
v 0.765028 -0.323396 -1.011282
v 0.666713 -1.204511 -1.172758
v 0.661514 -0.012518 -0.775836
v 0.689848 0.011587 -0.721716
v 0.663473 -0.056840 -0.726458
v 0.676277 0.040806 -0.762552
v 0.447885 -0.012352 -0.916353
v 0.386988 0.011823 -0.920925
v 0.429982 0.040997 -0.924556
v 0.401803 -0.056636 -0.898574
v 0.447885 -0.012352 -0.916353
v 0.604731 -0.054625 -0.767625
v 0.462869 -0.054515 -0.860936
v 0.416352 -0.086903 -0.855770
v 0.661514 -0.012518 -0.775836
v 0.401803 -0.056636 -0.898574
v 0.618284 -0.087060 -0.722947
v 0.307760 -0.303975 -0.690933
v 0.663473 -0.056840 -0.726458
v 0.262659 -0.334196 -0.687362
v 0.509692 -0.304133 -0.558110
v 0.264250 -0.378421 -0.637604
v 0.524329 -0.334400 -0.515245
v 0.321081 -0.337485 -0.645710
v 0.477879 -0.378588 -0.497088
v 0.462943 -0.337596 -0.552399
v 0.212148 0.687915 -0.611359
v 0.475654 0.687710 -0.438035
v 0.533802 0.535042 -0.526619
v 0.270297 0.535247 -0.699943
v 0.525017 0.235987 -0.513616
v 0.261511 0.236192 -0.686940
v 0.520873 0.094931 -0.507483
v 0.257367 0.095136 -0.680807
v 0.533802 0.535042 -0.526619
v 0.549043 0.536269 -0.488105
v 0.525017 0.235987 -0.513616
v 0.540258 0.237214 -0.475102
v 0.536909 0.123226 -0.470146
v 0.520873 0.094931 -0.507483
v 0.270297 0.535247 -0.699943
v 0.228808 0.536518 -0.698744
v 0.220022 0.237463 -0.685741
v 0.261511 0.236192 -0.686940
v 0.216673 0.123475 -0.680784
v 0.257367 0.095136 -0.680807
v 0.359489 0.022072 -0.262216
v 0.379375 0.039846 -0.230745
v 0.347754 -0.096376 -0.182832
v 0.323389 -0.124980 -0.207507
v 0.095983 0.022277 -0.435540
v 0.059139 0.040095 -0.441383
v 0.027518 -0.096127 -0.393470
v 0.059883 -0.124775 -0.380831
v 0.359489 0.022072 -0.262216
v 0.095983 0.022277 -0.435540
v 0.323389 -0.124980 -0.207507
v 0.059883 -0.124775 -0.380831
v -0.558836 0.307276 0.498446
v -0.507415 0.559003 0.493176
v -0.514541 0.316426 0.503724
v -0.550813 0.580365 0.486572
v -0.462043 0.175852 0.351135
v -0.421025 0.187525 0.361398
v -0.400478 0.112005 0.330071
v -0.438429 0.088712 0.315131
v -0.230578 0.580116 0.697211
v -0.238601 0.307027 0.709085
v -0.253852 0.558806 0.659960
v -0.260979 0.316229 0.670508
v -0.141807 0.175603 0.561774
v -0.167463 0.187327 0.528182
v -0.146916 0.111808 0.496854
v -0.118193 0.088463 0.525769
v -0.514541 0.316426 0.503724
v -0.253852 0.558806 0.659960
v -0.260979 0.316229 0.670508
v -0.507415 0.559003 0.493176
v -0.421025 0.187525 0.361398
v -0.167463 0.187327 0.528182
v -0.400478 0.112005 0.330071
v -0.146916 0.111808 0.496854
v -0.607103 -0.443575 1.074637
v -0.660157 -1.064328 1.154740
v -0.802523 -1.064217 1.061098
v -0.749303 -0.443464 0.981103
v 0.571900 -0.348399 -1.092561
v 0.666713 -1.204511 -1.172758
v 0.614589 -1.202359 -1.158472
v 0.622828 -0.323285 -1.104816
v 0.462869 -0.054515 -0.860936
v 0.416352 -0.086903 -0.855770
v -0.943487 -0.203697 1.211466
v -1.028390 -1.042649 1.404512
v -0.933010 -0.174721 1.260711
v -1.035916 -1.044755 1.350991
v -0.757797 0.062044 0.994990
v -0.773430 0.026707 0.953200
v 0.204950 -0.351015 -0.644600
v 0.386988 0.011823 -0.920925
v 0.262659 -0.334196 -0.687362
v 0.401803 -0.056636 -0.898574
v -0.839094 0.128899 0.943236
v -0.679391 -0.266571 0.699970
v -0.694628 -0.242786 0.768118
v -0.816672 0.059714 0.954020
v 0.429982 0.040997 -0.924556
v 0.196563 0.309525 -0.631068
v 0.234684 0.345933 -0.627284
v 0.386988 0.011823 -0.920925
v -0.823700 0.160709 0.981567
v -0.611570 0.426741 0.659379
v -0.632291 0.388671 0.629139
v -0.839094 0.128899 0.943236
v 0.212148 0.687915 -0.611359
v 0.169665 0.663242 -0.608678
v 0.270297 0.535247 -0.699943
v -0.607562 0.737458 0.573034
v -0.591757 0.764678 0.610915
v -0.658527 0.623939 0.712258
v 0.095950 0.244752 -0.497104
v 0.103973 0.517841 -0.508978
v 0.220022 0.237463 -0.685741
v 0.228808 0.536518 -0.698744
v 0.169665 0.663242 -0.608678
v -0.063405 0.685497 -0.254314
v -0.067848 0.534248 -0.247738
v -0.223421 0.549103 -0.011202
v -0.218680 0.710477 -0.018219
v -0.374492 0.715202 0.218668
v -0.378935 0.563953 0.225245
v -0.550813 0.580365 0.486572
v -0.607562 0.737458 0.573034
v -0.673799 0.622706 0.673597
v -0.682584 0.323651 0.686601
v -0.558836 0.307276 0.498446
v -0.615177 0.202907 0.583978
v -0.685933 0.209663 0.691557
v -0.534166 0.096749 0.460691
v -0.462043 0.175852 0.351135
v -0.438429 0.088712 0.315131
v -0.510762 -0.044727 0.424941
v -0.376220 -0.057575 0.220381
v -0.337998 0.079122 0.162435
v -0.246958 -0.252050 0.023633
v -0.234062 0.186890 0.004547
v -0.137022 0.059931 -0.143134
v -0.107023 -0.083280 -0.188912
v -0.036592 0.050342 -0.295830
v 0.027518 -0.096127 -0.393470
v 0.059139 0.040095 -0.441383
v -0.008003 0.132496 -0.339197
v 0.145859 0.130237 -0.573117
v 0.216673 0.123475 -0.680784
v -0.480939 0.055123 0.398643
v -0.679391 -0.266571 0.699970
v -0.632291 0.388671 0.629139
v -0.839094 0.128899 0.943236
v 0.196563 0.309525 -0.631068
v 0.386988 0.011823 -0.920925
v 0.204950 -0.351015 -0.644600
v 0.026515 0.006667 -0.372900
v -0.678221 -0.209826 0.808173
v -0.798467 -0.414458 0.990740
v -0.773430 0.026707 0.953200
v -0.943487 -0.203697 1.211466
v -1.035916 -1.044755 1.350991
v -0.853839 -1.062141 1.074157
v 0.416352 -0.086903 -0.855770
v 0.571900 -0.348399 -1.092561
v 0.415342 -0.530363 -0.854759
v 0.307760 -0.303975 -0.690933
v 0.614589 -1.202359 -1.158472
v 0.432455 -1.184967 -0.881551
v -0.679391 -0.266571 0.699970
v -0.480939 0.055123 0.398643
v -0.444866 0.015891 0.405452
v -0.638304 -0.298340 0.699164
v 0.204950 -0.351015 -0.644600
v 0.044783 -0.030865 -0.339020
v 0.026515 0.006667 -0.372900
v 0.218784 -0.380182 -0.603970
v -0.853839 -1.062141 1.074157
v -0.798467 -0.414458 0.990740
v -0.749303 -0.443464 0.981103
v -0.802523 -1.064217 1.061098
v -0.678221 -0.209826 0.808173
v -0.633440 -0.246340 0.805563
v 0.415342 -0.530363 -0.854759
v 0.432455 -1.184967 -0.881551
v 0.424403 -0.555539 -0.803424
v 0.440788 -1.182938 -0.829257
v 0.307760 -0.303975 -0.690933
v 0.321081 -0.337485 -0.645710
v 0.477879 -0.378588 -0.497088
v 0.524329 -0.334400 -0.515245
v 0.507810 -0.351251 -0.445391
v 0.465080 -0.380373 -0.441966
v 0.204950 -0.351015 -0.644600
v 0.264250 -0.378421 -0.637604
v 0.218784 -0.380182 -0.603970
v 0.262659 -0.334196 -0.687362
v -0.437347 -0.291195 0.894440
v -0.376531 -0.266807 0.899180
v -0.432958 -0.242990 0.940234
v -0.392008 -0.298531 0.861168
v -0.650975 -0.291028 0.753923
v -0.679391 -0.266571 0.699970
v -0.638304 -0.298340 0.699164
v -0.694628 -0.242786 0.768118
v 0.465080 -0.380373 -0.441966
v 0.264250 -0.378421 -0.637604
v 0.477879 -0.378588 -0.497088
v 0.218784 -0.380182 -0.603970
v -0.392008 -0.298531 0.861168
v -0.650975 -0.291028 0.753923
v -0.638304 -0.298340 0.699164
v -0.437347 -0.291195 0.894440
v -0.365698 0.209414 0.902196
v -0.324057 0.175612 0.777166
v -0.294942 0.202657 0.794617
v -0.407951 0.183622 0.904719
v -0.251737 0.080437 0.667105
v -0.213931 0.096500 0.671330
v -0.685933 0.209663 0.691557
v -0.587563 0.175817 0.603842
v -0.671457 0.183828 0.731395
v -0.615177 0.202907 0.583978
v -0.515243 0.080642 0.493781
v -0.534166 0.096749 0.460691
v 0.536909 0.123226 -0.470146
v 0.466095 0.129988 -0.362479
v 0.436979 0.102942 -0.379930
v 0.520873 0.094931 -0.507483
v 0.359489 0.022072 -0.262216
v 0.379375 0.039846 -0.230745
v 0.173473 0.103147 -0.553254
v 0.216673 0.123475 -0.680784
v 0.257367 0.095136 -0.680807
v 0.145859 0.130237 -0.573117
v 0.095983 0.022277 -0.435540
v 0.059139 0.040095 -0.441383
v -0.324057 0.175612 0.777166
v -0.587563 0.175817 0.603842
v -0.251737 0.080437 0.667105
v -0.407951 0.183622 0.904719
v -0.671457 0.183828 0.731395
v -0.515243 0.080642 0.493781
v 0.359489 0.022072 -0.262216
v 0.173473 0.103147 -0.553254
v 0.436979 0.102942 -0.379930
v 0.520873 0.094931 -0.507483
v 0.257367 0.095136 -0.680807
v 0.095983 0.022277 -0.435540
v 0.213213 -0.083529 0.021727
v 0.073278 -0.252300 0.234271
v 0.044128 -0.280516 0.216871
v -0.055984 -0.057824 0.431020
v 0.186427 -0.111902 0.000733
v 0.347754 -0.096376 -0.182832
v 0.323389 -0.124980 -0.207507
v -0.087495 -0.085746 0.417209
v -0.190526 -0.044977 0.635580
v -0.224456 -0.072668 0.625447
v -0.077079 -0.111697 -0.172591
v 0.027518 -0.096127 -0.393470
v 0.059883 -0.124775 -0.380831
v -0.107023 -0.083280 -0.188912
v -0.219378 -0.280311 0.043547
v -0.246958 -0.252050 0.023633
v -0.376220 -0.057575 0.220381
v -0.351001 -0.085541 0.243885
v -0.510762 -0.044727 0.424941
v -0.487962 -0.072463 0.452123
v 0.044128 -0.280516 0.216871
v -0.077079 -0.111697 -0.172591
v 0.186427 -0.111902 0.000733
v 0.059883 -0.124775 -0.380831
v 0.323389 -0.124980 -0.207507
v -0.219378 -0.280311 0.043547
v -0.351001 -0.085541 0.243885
v -0.087495 -0.085746 0.417209
v -0.487962 -0.072463 0.452123
v -0.224456 -0.072668 0.625447
v -0.198571 0.015699 0.567456
v -0.392008 -0.298531 0.861168
v -0.444866 0.015891 0.405452
v -0.638304 -0.298340 0.699164
v 0.291078 -0.031057 -0.177017
v 0.044783 -0.030865 -0.339020
v 0.465080 -0.380373 -0.441966
v 0.218784 -0.380182 -0.603970
v -0.035109 0.513904 -0.224927
v -0.190681 0.528759 0.011609
v -0.223421 0.549103 -0.011202
v -0.346195 0.543609 0.248056
v -0.067848 0.534248 -0.247738
v 0.126110 0.498509 -0.470048
v 0.103973 0.517841 -0.508978
v -0.378935 0.563953 0.225245
v -0.507415 0.559003 0.493176
v -0.550813 0.580365 0.486572
v 0.252387 0.533999 -0.037099
v 0.379673 0.498312 -0.303264
v 0.424208 0.517592 -0.298340
v 0.218454 0.513707 -0.058143
v 0.062881 0.528562 0.178392
v 0.096815 0.548854 0.199436
v -0.058700 0.563704 0.435883
v -0.092633 0.543412 0.414839
v -0.253852 0.558806 0.659960
v -0.230578 0.580116 0.697211
v 0.379673 0.498312 -0.303264
v 0.218454 0.513707 -0.058143
v -0.035109 0.513904 -0.224927
v 0.126110 0.498509 -0.470048
v -0.190681 0.528759 0.011609
v 0.062881 0.528562 0.178392
v -0.092633 0.543412 0.414839
v -0.346195 0.543609 0.248056
v -0.253852 0.558806 0.659960
v -0.507415 0.559003 0.493176
v -0.607103 -0.443575 1.074637
v -0.749303 -0.443464 0.981103
v -0.633440 -0.246340 0.805563
v -0.491578 -0.246450 0.898875
v 0.566603 -0.555650 -0.709890
v 0.424403 -0.555539 -0.803424
v 0.321081 -0.337485 -0.645710
v 0.462943 -0.337596 -0.552399
v -0.598448 0.107793 1.139836
v -0.823700 0.160709 0.981567
v -0.812077 0.107960 0.999319
v -0.577404 0.160517 1.143570
v -0.886025 -1.042760 1.498155
v -0.790810 -0.174832 1.354245
v -0.933010 -0.174721 1.260711
v -1.028390 -1.042649 1.404512
v -0.536234 0.128663 1.142445
v -0.598448 0.107793 1.139836
v -0.555002 0.059510 1.126137
v -0.577404 0.160517 1.143570
v -0.839094 0.128899 0.943236
v -0.812077 0.107960 0.999319
v -0.823700 0.160709 0.981567
v -0.816672 0.059714 0.954020
v -0.615935 0.061934 1.088301
v -0.812077 0.107960 0.999319
v -0.757797 0.062044 0.994990
v -0.773430 0.026707 0.953200
v -0.598448 0.107793 1.139836
v -0.816672 0.059714 0.954020
v -0.571498 0.026550 1.086023
v -0.678221 -0.209826 0.808173
v -0.555002 0.059510 1.126137
v -0.694628 -0.242786 0.768118
v -0.476290 -0.209983 0.940996
v -0.650975 -0.291028 0.753923
v -0.432958 -0.242990 0.940234
v -0.633440 -0.246340 0.805563
v -0.437347 -0.291195 0.894440
v -0.491578 -0.246450 0.898875
v -0.591757 0.764678 0.610915
v -0.328251 0.764473 0.784239
v -0.658527 0.623939 0.712258
v -0.395021 0.623733 0.885583
v -0.403807 0.324678 0.898586
v -0.667313 0.324883 0.725262
v -0.407951 0.183622 0.904719
v -0.671457 0.183828 0.731395
v -0.395021 0.623733 0.885583
v -0.353563 0.622457 0.884236
v -0.403807 0.324678 0.898586
v -0.362349 0.323402 0.897239
v -0.365698 0.209414 0.902196
v -0.407951 0.183622 0.904719
v -0.658527 0.623939 0.712258
v -0.673799 0.622706 0.673597
v -0.682584 0.323651 0.686601
v -0.667313 0.324883 0.725262
v -0.685933 0.209663 0.691557
v -0.671457 0.183828 0.731395
v -0.251737 0.080437 0.667105
v -0.213931 0.096500 0.671330
v -0.190526 -0.044977 0.635580
v -0.224456 -0.072668 0.625447
v -0.515243 0.080642 0.493781
v -0.534166 0.096749 0.460691
v -0.510762 -0.044727 0.424941
v -0.487962 -0.072463 0.452123
v -0.251737 0.080437 0.667105
v -0.515243 0.080642 0.493781
v -0.224456 -0.072668 0.625447
v -0.487962 -0.072463 0.452123
v 0.126110 0.498509 -0.470048
v 0.095950 0.244752 -0.497104
v 0.118984 0.255932 -0.459500
v 0.103973 0.517841 -0.508978
v -0.008003 0.132496 -0.339197
v 0.018380 0.145567 -0.306682
v -0.006477 0.074383 -0.268976
v -0.036592 0.050342 -0.295830
v 0.416185 0.244503 -0.286465
v 0.424208 0.517592 -0.298340
v 0.379673 0.498312 -0.303264
v 0.372546 0.255734 -0.292717
v 0.312233 0.132247 -0.128559
v 0.271942 0.145369 -0.139899
v 0.247085 0.074185 -0.102192
v 0.283644 0.050092 -0.085192
v 0.372546 0.255734 -0.292717
v 0.379673 0.498312 -0.303264
v 0.118984 0.255932 -0.459500
v 0.126110 0.498509 -0.470048
v 0.018380 0.145567 -0.306682
v 0.271942 0.145369 -0.139899
v -0.006477 0.074383 -0.268976
v 0.247085 0.074185 -0.102192
v 0.566603 -0.555650 -0.709890
v 0.440788 -1.182938 -0.829257
v 0.583153 -1.183049 -0.735614
v 0.424403 -0.555539 -0.803424
v 0.773832 -0.348556 -0.959738
v 0.809078 -1.204622 -1.079115
v 0.765028 -0.323396 -1.011282
v 0.816521 -1.202516 -1.025648
v 0.604731 -0.054625 -0.767625
v 0.618284 -0.087060 -0.722947
v -0.741555 -0.203854 1.344289
v -0.886025 -1.042760 1.498155
v -0.833984 -1.044913 1.483814
v -0.790810 -0.174832 1.354245
v -0.615935 0.061934 1.088301
v -0.571498 0.026550 1.086023
v 0.689848 0.011587 -0.721716
v 0.524329 -0.334400 -0.515245
v 0.663473 -0.056840 -0.726458
v 0.507810 -0.351251 -0.445391
v -0.536234 0.128663 1.142445
v -0.432958 -0.242990 0.940234
v -0.376531 -0.266807 0.899180
v -0.555002 0.059510 1.126137
v 0.676277 0.040806 -0.762552
v 0.499423 0.309289 -0.431859
v 0.689848 0.011587 -0.721716
v 0.480980 0.345742 -0.465280
v -0.577404 0.160517 1.143570
v -0.329432 0.388435 0.828349
v -0.365274 0.426549 0.821383
v -0.536234 0.128663 1.142445
v 0.489900 0.662993 -0.398040
v 0.475654 0.687710 -0.438035
v 0.533802 0.535042 -0.526619
v -0.287327 0.737209 0.783672
v -0.328251 0.764473 0.784239
v -0.395021 0.623733 0.885583
v 0.256831 0.685248 -0.043676
v 0.096815 0.548854 0.199436
v 0.252387 0.533999 -0.037099
v 0.101556 0.710228 0.192420
v -0.054256 0.714953 0.429307
v 0.424208 0.517592 -0.298340
v -0.058700 0.563704 0.435883
v 0.489900 0.662993 -0.398040
v 0.549043 0.536269 -0.488105
v 0.540258 0.237214 -0.475102
v -0.230578 0.580116 0.697211
v -0.287327 0.737209 0.783672
v -0.353563 0.622457 0.884236
v -0.362349 0.323402 0.897239
v 0.416185 0.244503 -0.286465
v -0.238601 0.307027 0.709085
v 0.466095 0.129988 -0.362479
v 0.536909 0.123226 -0.470146
v 0.379375 0.039846 -0.230745
v 0.312233 0.132247 -0.128559
v 0.283644 0.050092 -0.085192
v 0.347754 -0.096376 -0.182832
v 0.213213 -0.083529 0.021727
v 0.183214 0.059682 0.067504
v 0.073278 -0.252300 0.234271
v 0.086173 0.186641 0.215186
v -0.017763 0.078873 0.373073
v -0.055984 -0.057824 0.431020
v -0.118193 0.088463 0.525769
v -0.190526 -0.044977 0.635580
v -0.213931 0.096500 0.671330
v -0.141807 0.175603 0.561774
v -0.294942 0.202657 0.794617
v -0.365698 0.209414 0.902196
v -0.376531 -0.266807 0.899180
v -0.329432 0.388435 0.828349
v -0.536234 0.128663 1.142445
v -0.178080 0.054888 0.597853
v 0.507810 -0.351251 -0.445391
v 0.499423 0.309289 -0.431859
v 0.329374 0.006432 -0.173691
v 0.689848 0.011587 -0.721716
v -0.596535 -0.414616 1.123563
v -0.571498 0.026550 1.086023
v -0.741555 -0.203854 1.344289
v -0.476290 -0.209983 0.940996
v -0.833984 -1.044913 1.483814
v -0.651907 -1.062299 1.206980
v 0.617274 -0.530520 -0.721936
v 0.618284 -0.087060 -0.722947
v 0.509692 -0.304133 -0.558110
v 0.773832 -0.348556 -0.959738
v 0.816521 -1.202516 -1.025648
v 0.634387 -1.185125 -0.748728
v -0.376531 -0.266807 0.899180
v -0.198571 0.015699 0.567456
v -0.178080 0.054888 0.597853
v -0.392008 -0.298531 0.861168
v 0.507810 -0.351251 -0.445391
v 0.291078 -0.031057 -0.177017
v 0.465080 -0.380373 -0.441966
v 0.329374 0.006432 -0.173691
v -0.651907 -1.062299 1.206980
v -0.607103 -0.443575 1.074637
v -0.596535 -0.414616 1.123563
v -0.660157 -1.064328 1.154740
v -0.476290 -0.209983 0.940996
v -0.491578 -0.246450 0.898875
v 0.634387 -1.185125 -0.748728
v 0.566603 -0.555650 -0.709890
v 0.583153 -1.183049 -0.735614
v 0.617274 -0.530520 -0.721936
v 0.509692 -0.304133 -0.558110
v 0.462943 -0.337596 -0.552399
v -0.125765 3.737710 -0.104945
v -0.066114 3.734585 -0.136494
v -0.118649 3.797786 -0.175016
v -0.060770 3.731503 -0.203764
v -0.180238 3.737752 -0.140775
v -0.115243 3.731546 -0.239595
v -0.174977 3.734670 -0.208100
v -0.252675 3.837409 -0.396285
v -0.147658 3.673819 -0.157993
v -0.095182 3.671071 -0.185728
v -0.200199 3.834661 -0.424020
v -0.143937 3.672364 -0.188932
v -0.287791 3.820630 0.000999
v -0.284479 3.856659 0.024952
v -0.157527 3.662181 -0.197231
v -0.236609 3.856622 0.056439
v -0.096068 3.672327 -0.157446
v -0.213265 3.820572 0.050019
v -0.083001 3.662123 -0.148210
v -0.096068 3.672327 -0.157446
v -0.147658 3.673819 -0.157993
v -0.260002 3.803702 -0.369540
v -0.162589 3.664390 -0.149854
v 0.123239 3.799186 -0.214473
v -0.117272 3.660141 -0.216936
v -0.118243 3.671089 -0.200897
v -0.095182 3.671071 -0.185728
v -0.178200 3.799420 -0.412748
v -0.080844 3.660113 -0.192976
v -0.102632 3.448897 -0.147731
v -0.252435 3.562753 -0.024112
v -0.204566 3.562716 0.007375
v -0.150502 3.448934 -0.179217
v -0.191863 3.540115 0.017149
v -0.089565 3.438693 -0.138495
v -0.102632 3.448897 -0.147731
v -0.124491 3.664360 -0.124795
v 0.023759 3.146817 -0.112958
v -0.142592 3.048205 -0.098004
v -0.141028 3.057644 -0.114934
v 0.115956 3.803410 -0.122249
v -0.122926 3.673800 -0.141725
v 0.137657 3.837105 -0.139540
v -0.118243 3.671089 -0.200897
v 0.142339 3.834394 -0.198711
v -0.251594 3.158693 -0.025870
v -0.175629 3.046026 -0.170440
v -0.162039 3.056209 -0.162141
v -0.101103 3.045968 -0.121419
v -0.203724 3.158656 0.005617
v -0.114170 3.056172 -0.130654
v -0.135373 3.043986 -0.190145
v 0.028442 3.144106 -0.172129
v 0.048808 3.132620 -0.187460
v -0.136345 3.054934 -0.174105
v -0.174260 3.132793 -0.334186
v -0.180260 3.144269 -0.309405
v -0.098945 3.043958 -0.166184
v -0.113284 3.054916 -0.158936
v -0.180691 3.048234 -0.123063
v -0.232812 3.147017 -0.281720
v -0.165760 3.057663 -0.131202
v -0.129490 3.450369 -0.132010
v 0.058615 3.573844 -0.130694
v -0.124807 3.447659 -0.191182
v 0.063221 3.571134 -0.189916
v 0.063940 3.548959 -0.205417
v -0.123836 3.436711 -0.207222
v -0.229788 3.574068 -0.320395
v -0.101746 3.447641 -0.176013
v -0.177312 3.571321 -0.348130
v -0.154222 3.450388 -0.148278
v -0.245049 3.553413 -0.311768
v -0.169153 3.440959 -0.140139
v -0.251594 3.158693 -0.025870
v -0.203724 3.158656 0.005617
v -0.114170 3.056172 -0.130654
v -0.162039 3.056209 -0.162141
v -0.136345 3.054934 -0.174105
v 0.023759 3.146817 -0.112958
v 0.028442 3.144106 -0.172129
v -0.141028 3.057644 -0.114934
v -0.180260 3.144269 -0.309405
v -0.232812 3.147017 -0.281720
v -0.165760 3.057663 -0.131202
v -0.113284 3.054916 -0.158936
v -0.342672 -0.713660 -0.039023
v -0.159786 -0.713802 0.081273
v -0.170986 -0.646727 -0.100706
v -0.327020 -0.631827 0.136531
v -0.159786 -0.713802 0.081273
v -0.342672 -0.713660 -0.039023
v -0.170986 -0.646727 -0.100706
v -0.159786 -0.713802 0.081273
v -0.259942 -1.011615 0.034102
v -0.342672 -0.713660 -0.039023
v -0.170986 -0.646727 -0.100706
v -0.259942 -1.011615 0.034102
v 0.120525 3.091854 -0.166425
v 0.123239 3.799186 -0.214473
v 0.142339 3.834394 -0.198711
v 0.102717 3.100656 -0.184100
v -0.139263 2.955616 -0.169787
v 0.102717 3.100656 -0.184100
v 0.120525 3.091854 -0.166425
v -0.136964 2.989851 -0.187791
v -0.198722 3.100890 -0.382375
v -0.116201 2.955598 -0.154618
v -0.222014 3.092120 -0.391733
v -0.100536 2.989822 -0.163831
v -0.178200 3.799420 -0.412748
v -0.200199 3.834661 -0.424020
v -0.117272 3.660141 -0.216936
v 0.123239 3.799186 -0.214473
v 0.065285 3.693469 -0.211846
v -0.119328 3.590165 -0.213894
v 0.102717 3.100656 -0.184100
v 0.048808 3.132620 -0.187460
v -0.136964 2.989851 -0.187791
v -0.135373 3.043986 -0.190145
v -0.157783 3.693642 -0.358572
v -0.198722 3.100890 -0.382375
v -0.178200 3.799420 -0.412748
v -0.080844 3.660113 -0.192976
v -0.082899 3.590136 -0.189933
v -0.174260 3.132793 -0.334186
v -0.100536 2.989822 -0.163831
v -0.098945 3.043958 -0.166184
v -0.115243 3.731546 -0.239595
v -0.246824 -0.747256 -0.044851
v -0.060770 3.731503 -0.203764
v -0.192351 -0.747298 -0.009021
v 0.043591 3.659773 -0.194551
v 0.065285 3.693469 -0.211846
v -0.119328 3.590165 -0.213894
v -0.121627 3.555930 -0.195889
v -0.157783 3.693642 -0.358572
v -0.165110 3.659936 -0.331826
v -0.082899 3.590136 -0.189933
v -0.098565 3.555912 -0.180720
v -0.128191 3.332500 -0.186174
v 0.059709 3.451567 -0.184717
v 0.063940 3.548959 -0.205417
v -0.125924 3.365632 -0.204131
v -0.123836 3.436711 -0.207222
v 0.061685 3.472233 -0.202081
v -0.163310 3.549136 -0.354894
v -0.087772 3.424285 -0.182721
v -0.165564 3.472409 -0.351557
v -0.089860 3.353206 -0.179631
v -0.180825 3.451754 -0.342931
v -0.105129 3.332482 -0.171005
v -0.236444 3.674360 -0.048292
v -0.188574 3.674323 -0.016805
v -0.251594 3.158693 -0.025870
v -0.203724 3.158656 0.005617
v -0.143937 3.672364 -0.188932
v -0.287791 3.820630 0.000999
v -0.284479 3.856659 0.024952
v 0.123239 3.799186 -0.214473
v -0.118243 3.671089 -0.200897
v 0.142339 3.834394 -0.198711
v -0.222014 3.092120 -0.391733
v -0.274490 3.094868 -0.363999
v -0.200199 3.834661 -0.424020
v -0.252675 3.837409 -0.396285
v -0.306294 3.114118 0.057238
v -0.164957 2.956891 -0.157823
v -0.284479 3.856659 0.024952
v -0.287791 3.820630 0.000999
v -0.308313 3.122100 0.031371
v -0.177219 2.991890 -0.168086
v -0.150502 3.448934 -0.179217
v -0.266389 3.540173 -0.031871
v -0.252435 3.562753 -0.024112
v -0.164455 3.426353 -0.186977
v -0.280524 3.105172 -0.339167
v -0.274490 3.094868 -0.363999
v -0.260002 3.803702 -0.369540
v -0.252675 3.837409 -0.396285
v -0.259712 3.710409 -0.041822
v -0.308313 3.122100 0.031371
v -0.287791 3.820630 0.000999
v -0.157527 3.662181 -0.197231
v -0.159583 3.592204 -0.194188
v -0.276188 3.149560 -0.017435
v -0.177219 2.991890 -0.168086
v -0.175629 3.046026 -0.170440
v -0.266389 3.540173 -0.031871
v -0.164455 3.426353 -0.186977
v -0.268611 3.464548 -0.028583
v -0.166543 3.355274 -0.183886
v -0.311819 -0.741049 0.053968
v -0.180238 3.737752 -0.140775
v -0.174977 3.734670 -0.208100
v -0.306558 -0.744131 -0.013357
v -0.115243 3.731546 -0.239595
v -0.246824 -0.747256 -0.044851
v -0.276188 3.149560 -0.017435
v -0.259712 3.710409 -0.041822
v -0.236444 3.674360 -0.048292
v -0.159583 3.592204 -0.194188
v -0.147321 3.557205 -0.183925
v -0.251594 3.158693 -0.025870
v -0.175629 3.046026 -0.170440
v 0.028442 3.144106 -0.172129
v 0.048808 3.132620 -0.187460
v 0.043591 3.659773 -0.194551
v 0.065285 3.693469 -0.211846
v -0.217663 3.662683 -0.304142
v -0.239528 3.697919 -0.315451
v -0.164645 3.594413 -0.146812
v -0.151041 3.558660 -0.152986
v -0.166543 3.355274 -0.183886
v -0.255950 3.443117 -0.018910
v -0.268611 3.464548 -0.028583
v -0.153885 3.333775 -0.174210
v -0.124807 3.447659 -0.191182
v 0.063221 3.571134 -0.189916
v 0.063940 3.548959 -0.205417
v -0.247303 3.476686 -0.308432
v -0.171241 3.369881 -0.137049
v -0.233301 3.454501 -0.315196
v -0.157605 3.335229 -0.143271
v 0.023759 3.146817 -0.112958
v 0.028442 3.144106 -0.172129
v 0.043591 3.659773 -0.194551
v 0.038908 3.662484 -0.135380
v -0.222014 3.092120 -0.391733
v -0.116201 2.955598 -0.154618
v -0.274490 3.094868 -0.363999
v -0.168678 2.958346 -0.126883
v -0.306294 3.114118 0.057238
v -0.164957 2.956891 -0.157823
v -0.258424 3.114081 0.088725
v -0.117087 2.956854 -0.126336
v -0.280524 3.105172 -0.339167
v -0.168678 2.958346 -0.126883
v -0.274490 3.094868 -0.363999
v 0.095434 3.104880 -0.091876
v -0.143946 2.958326 -0.110616
v 0.115842 3.094564 -0.107254
v -0.139263 2.955616 -0.169787
v 0.120525 3.091854 -0.166425
v 0.055102 3.454277 -0.125495
v -0.132874 3.335210 -0.127003
v -0.128191 3.332500 -0.186174
v 0.059709 3.451567 -0.184717
v -0.180825 3.451754 -0.342931
v -0.105129 3.332482 -0.171005
v -0.233301 3.454501 -0.315196
v -0.157605 3.335229 -0.143271
v -0.255950 3.443117 -0.018910
v -0.153885 3.333775 -0.174210
v -0.208081 3.443080 0.012577
v -0.106015 3.333738 -0.142723
v -0.236444 3.674360 -0.048292
v -0.147321 3.557205 -0.183925
v -0.188574 3.674323 -0.016805
v -0.099451 3.557168 -0.152438
v 0.043591 3.659773 -0.194551
v 0.038908 3.662484 -0.135380
v -0.121627 3.555930 -0.195889
v -0.126310 3.558640 -0.136718
v -0.165110 3.659936 -0.331826
v -0.151041 3.558660 -0.152986
v -0.217663 3.662683 -0.304142
v -0.098565 3.555912 -0.180720
v -0.159786 -0.713802 0.081273
v -0.327020 -0.631827 0.136531
v -0.259942 -1.011615 0.034102
v -0.327020 -0.631827 0.136531
v -0.342672 -0.713660 -0.039023
v -0.259942 -1.011615 0.034102
v -0.147658 3.673819 -0.157993
v -0.252675 3.837409 -0.396285
v -0.260002 3.803702 -0.369540
v -0.306294 3.114118 0.057238
v -0.258424 3.114081 0.088725
v -0.284479 3.856659 0.024952
v -0.236609 3.856622 0.056439
v -0.280524 3.105172 -0.339167
v -0.168678 2.958346 -0.126883
v -0.182281 2.994099 -0.120709
v 0.041589 3.136838 -0.095318
v 0.058066 3.697687 -0.119704
v 0.038908 3.662484 -0.135380
v -0.126547 3.594383 -0.121752
v -0.124491 3.664360 -0.124795
v 0.023759 3.146817 -0.112958
v -0.142592 3.048205 -0.098004
v -0.144183 2.994069 -0.095650
v 0.095434 3.104880 -0.091876
v -0.143946 2.958326 -0.110616
v 0.115956 3.803410 -0.122249
v -0.122926 3.673800 -0.141725
v 0.137657 3.837105 -0.139540
v -0.162589 3.664390 -0.149854
v -0.239528 3.697919 -0.315451
v -0.164645 3.594413 -0.146812
v -0.260002 3.803702 -0.369540
v -0.280524 3.105172 -0.339167
v -0.256005 3.137070 -0.291064
v -0.182281 2.994099 -0.120709
v -0.180691 3.048234 -0.123063
v -0.311819 -0.741049 0.053968
v -0.180238 3.737752 -0.140775
v -0.257346 -0.741092 0.089799
v -0.125765 3.737710 -0.104945
v -0.180691 3.048234 -0.123063
v -0.232812 3.147017 -0.281720
v -0.256005 3.137070 -0.291064
v -0.217663 3.662683 -0.304142
v -0.239528 3.697919 -0.315451
v 0.056721 3.553178 -0.113276
v -0.131419 3.428532 -0.114541
v 0.054466 3.476451 -0.109939
v -0.133507 3.357453 -0.111450
v -0.129490 3.450369 -0.132010
v 0.058615 3.573844 -0.130694
v -0.229788 3.574068 -0.320395
v -0.154222 3.450388 -0.148278
v -0.245049 3.553413 -0.311768
v -0.169153 3.440959 -0.140139
v -0.247303 3.476686 -0.308432
v -0.171241 3.369881 -0.137049
v -0.213265 3.820572 0.050019
v -0.096068 3.672327 -0.157446
v -0.236609 3.856622 0.056439
v -0.095182 3.671071 -0.185728
v -0.178200 3.799420 -0.412748
v -0.200199 3.834661 -0.424020
v -0.191863 3.540115 0.017149
v -0.102632 3.448897 -0.147731
v -0.204566 3.562716 0.007375
v -0.117087 2.956854 -0.126336
v -0.233787 3.122042 0.080392
v -0.258424 3.114081 0.088725
v -0.102693 2.991832 -0.119065
v -0.213265 3.820572 0.050019
v -0.236609 3.856622 0.056439
v 0.058066 3.697687 -0.119704
v 0.038908 3.662484 -0.135380
v -0.126547 3.594383 -0.121752
v -0.126310 3.558640 -0.136718
v 0.095434 3.104880 -0.091876
v 0.115956 3.803410 -0.122249
v 0.115842 3.094564 -0.107254
v 0.137657 3.837105 -0.139540
v 0.120525 3.091854 -0.166425
v 0.142339 3.834394 -0.198711
v -0.083001 3.662123 -0.148210
v -0.185185 3.710351 0.007199
v -0.085057 3.592146 -0.145168
v -0.213265 3.820572 0.050019
v -0.233787 3.122042 0.080392
v -0.201662 3.149503 0.031585
v -0.102693 2.991832 -0.119065
v -0.101103 3.045968 -0.121419
v -0.089565 3.438693 -0.138495
v -0.194085 3.464490 0.020437
v -0.091653 3.367614 -0.135405
v -0.191863 3.540115 0.017149
v -0.257346 -0.741092 0.089799
v -0.125765 3.737710 -0.104945
v -0.197695 -0.744216 0.058250
v -0.066114 3.734585 -0.136494
v -0.060770 3.731503 -0.203764
v -0.192351 -0.747298 -0.009021
v -0.101103 3.045968 -0.121419
v -0.203724 3.158656 0.005617
v -0.201662 3.149503 0.031585
v -0.188574 3.674323 -0.016805
v -0.185185 3.710351 0.007199
v -0.085057 3.592146 -0.145168
v -0.099451 3.557168 -0.152438
v -0.174260 3.132793 -0.334186
v -0.157783 3.693642 -0.358572
v -0.165110 3.659936 -0.331826
v -0.180260 3.144269 -0.309405
v -0.208081 3.443080 0.012577
v -0.106015 3.333738 -0.142723
v -0.091653 3.367614 -0.135405
v -0.194085 3.464490 0.020437
v 0.054466 3.476451 -0.109939
v -0.133507 3.357453 -0.111450
v 0.055102 3.454277 -0.125495
v -0.132874 3.335210 -0.127003
v -0.101746 3.447641 -0.176013
v -0.177312 3.571321 -0.348130
v -0.163310 3.549136 -0.354894
v -0.087772 3.424285 -0.182721
v -0.165110 3.659936 -0.331826
v -0.217663 3.662683 -0.304142
v -0.180260 3.144269 -0.309405
v -0.232812 3.147017 -0.281720
vn 0.3291 0.8014 -0.4994
vn 0.8081 0.5890 -0.0000
vn -0.3194 0.5899 -0.7416
vn -0.1109 0.9792 0.1698
vn -0.6502 0.7169 -0.2516
vn 0.4893 0.7160 0.4979
vn 0.3260 0.8056 -0.4946
vn 0.3260 0.8056 -0.4947
vn 0.3261 0.8056 -0.4947
vn -0.1110 0.9792 0.1699
vn -0.6502 0.7169 -0.2515
vn -0.2026 0.9292 0.3091
vn -0.3154 0.8184 0.4804
vn 0.6083 0.7097 0.3555
vn 0.2282 0.3784 0.8971
vn 0.9340 0.3110 -0.1760
vn 0.6083 0.7096 0.3555
vn -0.5667 0.7103 -0.4174
vn -0.9137 0.3793 0.1460
vn -0.5666 0.7105 -0.4173
vn -0.2079 0.3119 -0.9271
vn 0.3259 0.8057 -0.4945
vn 0.3259 0.8058 -0.4945
vn 0.3258 0.8059 -0.4944
vn -0.7490 0.6558 -0.0943
vn 0.3839 0.6549 0.6509
vn 0.3839 0.6550 0.6509
vn -0.2486 0.8913 0.3791
vn -0.2487 0.8913 0.3791
vn -0.1563 0.9584 0.2388
vn -0.4707 0.5154 0.7161
vn 0.0294 0.9986 -0.0435
vn -0.4706 0.5154 0.7161
vn 0.0293 0.9986 -0.0434
vn 0.4982 0.4229 -0.7569
vn 0.5442 0.1395 -0.8272
vn 0.9590 0.1040 -0.2636
vn -0.1376 0.1048 -0.9849
vn 0.5431 0.1538 -0.8255
vn 0.5431 0.1537 -0.8255
vn 0.5417 0.1696 -0.8233
vn 0.5417 0.1695 -0.8233
vn -0.1482 0.1123 -0.9826
vn -0.1483 0.1123 -0.9825
vn 0.9611 0.1114 -0.2529
vn 0.4827 -0.4772 -0.7344
vn 0.5480 -0.0744 -0.8332
vn 0.9162 -0.3541 -0.1876
vn 0.9162 -0.3540 -0.1876
vn -0.1910 -0.3532 -0.9158
vn -0.1910 -0.3532 -0.9159
vn 0.4627 -0.5387 -0.7041
vn 0.4416 -0.5944 -0.6721
vn 0.4416 -0.5945 -0.6720
vn 0.4588 -0.5495 -0.6982
vn -0.1989 -0.4102 -0.8901
vn -0.1988 -0.4102 -0.8901
vn -0.1989 -0.4101 -0.8901
vn 0.8956 -0.4110 -0.1702
vn 0.9137 -0.3792 -0.1460
vn 0.9340 0.3109 -0.1760
vn -0.2079 0.3118 -0.9271
vn -0.2282 -0.3783 -0.8971
vn -0.2282 -0.3784 -0.8971
vn 0.4802 0.4870 -0.7295
vn 0.4803 0.4869 -0.7296
vn 0.4707 -0.5154 -0.7161
vn 0.4706 -0.5154 -0.7161
vn -0.5870 -0.5692 -0.5757
vn -0.5869 -0.5693 -0.5757
vn -0.5870 -0.5693 -0.5757
vn -0.9485 -0.3164 -0.0138
vn -0.3175 -0.0460 -0.9471
vn -0.3174 -0.0461 -0.9472
vn -0.8477 -0.5110 -0.1423
vn -0.8477 -0.5110 -0.1422
vn -0.5438 -0.5729 -0.6132
vn -0.4528 -0.4912 -0.7441
vn -0.4484 -0.4845 -0.7511
vn -0.3457 -0.3881 -0.8543
vn -0.3457 -0.3882 -0.8543
vn -0.8355 0.0007 -0.5495
vn -0.7277 -0.5212 -0.4459
vn -0.4419 -0.2809 -0.8519
vn -0.4420 -0.2809 -0.8519
vn -0.4269 0.2314 -0.8742
vn -0.7277 -0.5211 -0.4459
vn -0.9720 -0.2303 -0.0460
vn -0.6971 0.5222 -0.4913
vn -0.9570 0.2820 -0.0682
vn -0.9570 0.2820 -0.0683
vn -0.7650 0.6088 -0.2100
vn -0.8397 0.5282 -0.1265
vn -0.8464 0.5205 -0.1128
vn -0.9022 0.4306 -0.0241
vn -0.8355 0.0006 -0.5495
vn -0.8810 0.3160 -0.3522
vn -0.9770 0.1265 -0.1715
vn -0.9814 0.0489 -0.1858
vn -0.9383 -0.2506 -0.2383
vn -0.9145 0.2970 -0.2749
vn -0.9583 -0.1727 -0.2278
vn -0.6948 0.3693 -0.6172
vn -0.8422 -0.3681 -0.3939
vn -0.7508 0.3609 -0.5531
vn -0.8057 -0.3597 -0.4706
vn -0.5885 0.1740 -0.7895
vn -0.6127 -0.2980 -0.7320
vn -0.5901 0.2518 -0.7671
vn -0.6727 -0.3147 -0.6697
vn -0.5593 -0.0477 -0.8276
vn -0.5446 -0.1253 -0.8293
vn -0.8355 0.0008 -0.5495
vn -0.9163 0.3600 0.1758
vn -0.4813 0.4737 -0.7375
vn -0.9954 0.0471 0.0836
vn -0.3474 0.3088 -0.8854
vn -0.3474 0.3089 -0.8854
vn -0.7700 0.5644 -0.2975
vn 0.1521 -0.9607 -0.2324
vn 0.2269 -0.9104 -0.3460
vn 0.7347 -0.6687 0.1148
vn -0.3970 -0.6678 -0.6296
vn -0.3971 -0.6678 -0.6296
vn 0.1931 -0.9359 -0.2948
vn 0.1932 -0.9358 -0.2948
vn 0.1932 -0.9358 -0.2949
vn -0.3079 -0.8289 0.4671
vn 0.2079 -0.3119 0.9271
vn 0.5665 -0.7106 0.4172
vn 0.5666 -0.7105 0.4173
vn 0.9137 -0.3793 -0.1460
vn -0.6083 -0.7097 -0.3555
vn -0.9340 -0.3110 0.1760
vn -0.6083 -0.7096 -0.3555
vn 0.1109 -0.9792 -0.1698
vn 0.6502 -0.7169 0.2516
vn -0.4893 -0.7160 -0.4979
vn -0.4892 -0.7161 -0.4979
vn -0.3261 -0.8056 0.4947
vn -0.3260 -0.8057 0.4946
vn -0.3260 -0.8056 0.4947
vn -0.4893 -0.7161 -0.4979
vn 0.1110 -0.9792 -0.1699
vn -0.4982 -0.4229 0.7569
vn -0.0293 -0.9986 0.0434
vn -0.4647 -0.5345 0.7059
vn -0.4648 -0.5345 0.7059
vn -0.4707 0.5154 0.7162
vn 0.2006 0.3816 0.9023
vn 0.2005 0.3816 0.9023
vn -0.9075 0.3825 0.1734
vn -0.4627 0.5387 0.7041
vn -0.4627 0.5386 0.7041
vn -0.4094 0.6663 0.6232
vn -0.3154 0.8183 0.4805
vn 0.2079 -0.3118 0.9271
vn 0.2282 0.3783 0.8971
vn -0.9137 0.3792 0.1460
vn -0.9340 -0.3109 0.1760
vn -0.9137 0.3792 0.1461
vn -0.9162 0.3600 0.1758
vn 0.2018 0.3591 0.9112
vn -0.4782 0.4919 0.7276
vn -0.5480 0.0744 0.8332
vn -0.5480 0.0743 0.8332
vn -0.5417 -0.1695 0.8233
vn -0.5417 -0.1696 0.8233
vn -0.5417 -0.1697 0.8233
vn -0.9594 -0.1120 0.2587
vn 0.1423 -0.1129 0.9834
vn -0.5431 -0.1538 0.8255
vn -0.9602 -0.1050 0.2587
vn -0.9603 -0.1049 0.2586
vn 0.1427 -0.1059 0.9841
vn 0.1426 -0.1058 0.9841
vn 0.1426 -0.1059 0.9841
vn -0.5442 -0.1396 0.8272
vn 0.7605 -0.5703 0.3106
vn 0.7605 -0.5703 0.3105
vn 0.3879 -0.3174 0.8653
vn 0.9954 -0.0471 -0.0836
vn 0.4658 -0.5120 0.7217
vn 0.7778 -0.5739 0.2561
vn 0.8621 -0.4922 0.1207
vn 0.8668 -0.4855 0.1139
vn 0.9209 -0.3891 -0.0212
vn 0.9209 -0.3891 -0.0211
vn 0.8355 -0.0007 0.5495
vn 0.8355 -0.0006 0.5495
vn 0.7277 0.5211 0.4459
vn 0.4420 0.2809 0.8519
vn 0.4419 0.2809 0.8519
vn 0.4269 -0.2313 0.8742
vn 0.9720 0.2303 0.0460
vn 0.4269 -0.2314 0.8742
vn 0.6971 -0.5223 0.4913
vn 0.9570 -0.2820 0.0683
vn 0.4964 0.6078 0.6198
vn 0.4492 0.5272 0.7213
vn 0.4964 0.6079 0.6198
vn 0.4393 0.5195 0.7329
vn 0.3798 0.4294 0.8194
vn 0.3799 0.4295 0.8192
vn 0.5885 -0.1739 0.7896
vn 0.7508 -0.3609 0.5532
vn 0.6948 -0.3693 0.6172
vn 0.9145 -0.2992 0.2725
vn 0.5901 -0.2518 0.7671
vn 0.8810 -0.3160 0.3522
vn 0.5593 0.0477 0.8276
vn 0.9770 -0.1265 0.1715
vn 0.5445 0.1254 0.8293
vn 0.9814 -0.0489 0.1858
vn 0.6726 0.3148 0.6697
vn 0.9383 0.2506 0.2383
vn 0.6148 0.2958 0.7311
vn 0.9583 0.1727 0.2278
vn 0.8423 0.3681 0.3939
vn 0.8057 0.3597 0.4706
vn 0.8683 0.4727 0.1503
vn 0.3175 0.0461 0.9471
vn 0.3174 0.0461 0.9472
vn 0.9509 0.3078 -0.0314
vn 0.5787 0.5634 0.5897
vn 0.5787 0.5633 0.5897
vn -0.2803 0.8596 0.4272
vn -0.2803 0.8596 0.4271
vn -0.7722 0.6331 -0.0532
vn 0.3553 0.6323 0.6885
vn 0.3553 0.6322 0.6885
vn 0.1676 0.9526 -0.2537
vn 0.1676 0.9527 -0.2537
vn 0.6917 0.6967 0.1902
vn 0.6917 0.6967 0.1901
vn -0.4478 0.6976 -0.5593
vn -0.4478 0.6976 -0.5594
vn -0.2770 0.8631 0.4222
vn -0.2770 0.8632 0.4221
vn 0.1677 0.9526 -0.2538
vn 0.2522 0.8889 -0.3824
vn 0.3616 0.7537 -0.5488
vn -0.5663 0.7108 -0.4172
vn 0.6082 0.7098 0.3554
vn -0.2768 0.8634 0.4219
vn -0.2769 0.8633 0.4220
vn 0.7864 0.6165 0.0390
vn -0.3465 0.6174 -0.7062
vn 0.2995 0.8390 -0.4543
vn 0.2995 0.8390 -0.4544
vn 0.2116 0.9233 -0.3205
vn 0.2116 0.9233 -0.3206
vn 0.2117 0.9232 -0.3208
vn 0.4308 -0.6200 -0.6557
vn 0.4982 0.4228 -0.7570
vn -0.1801 0.3130 -0.9325
vn -0.1802 0.3130 -0.9325
vn 0.9280 0.3121 -0.2036
vn 0.4917 0.4475 -0.7470
vn 0.4917 0.4476 -0.7470
vn 0.4462 0.5846 -0.6777
vn 0.4462 0.5845 -0.6777
vn 0.9353 0.2891 -0.2040
vn 0.9353 0.2889 -0.2042
vn -0.1828 0.2899 -0.9394
vn -0.1827 0.2899 -0.9394
vn 0.5043 0.3981 -0.7663
vn 0.5493 -0.0307 -0.8351
vn 0.5287 -0.2720 -0.8041
vn 0.5287 -0.2719 -0.8041
vn 0.9494 -0.1894 -0.2506
vn -0.1460 -0.1886 -0.9711
vn -0.1461 -0.1885 -0.9711
vn 0.5310 -0.2563 -0.8076
vn 0.5310 -0.2564 -0.8076
vn 0.9518 -0.1831 -0.2462
vn 0.9518 -0.1831 -0.2460
vn -0.1512 -0.1821 -0.9716
vn -0.1511 -0.1822 -0.9716
vn 0.5330 -0.2424 -0.8106
vn 0.5330 -0.2425 -0.8106
vn -0.7934 -0.5495 -0.2619
vn -0.4080 -0.3680 -0.8355
vn -0.4081 -0.3680 -0.8355
vn -0.9962 0.0188 0.0848
vn -0.9962 0.0187 0.0849
vn -0.4968 -0.5445 -0.6758
vn -0.8108 -0.5474 -0.2074
vn -0.8897 -0.4495 -0.0798
vn -0.8940 -0.4420 -0.0736
vn -0.9421 -0.3312 0.0525
vn -0.6971 0.5223 -0.4913
vn -0.4615 0.5798 -0.6714
vn -0.4194 0.4881 -0.7655
vn -0.4100 0.4788 -0.7763
vn -0.3562 0.3784 -0.8544
vn -0.5996 -0.2070 -0.7730
vn -0.7721 -0.3629 -0.5217
vn -0.7168 -0.3800 -0.5846
vn -0.9310 -0.2656 -0.2504
vn -0.6057 -0.2824 -0.7439
vn -0.8989 -0.2931 -0.3258
vn -0.5577 0.0085 -0.8300
vn -0.9832 -0.0834 -0.1624
vn -0.5384 0.0846 -0.8385
vn -0.9830 -0.0073 -0.1834
vn -0.6547 0.2944 -0.6962
vn -0.9226 0.2836 -0.2615
vn -0.5960 0.2688 -0.7566
vn -0.9471 0.2082 -0.2444
vn -0.8202 0.3812 -0.4265
vn -0.7844 0.3641 -0.5021
vn -0.8373 0.5088 -0.1999
vn -0.8374 0.5088 -0.1999
vn -0.3166 -0.0177 -0.9484
vn -0.3167 -0.0178 -0.9484
vn -0.9312 0.3646 0.0022
vn -0.9312 0.3646 0.0021
vn -0.5462 0.5430 -0.6378
vn -0.2075 -0.9263 0.3144
vn -0.2789 -0.8621 0.4230
vn -0.7729 -0.6319 -0.0582
vn 0.3588 -0.6328 0.6862
vn 0.3589 -0.6328 0.6862
vn -0.2469 -0.8938 0.3744
vn -0.2470 -0.8938 0.3744
vn -0.2469 -0.8938 0.3743
vn 0.2576 -0.8829 -0.3926
vn -0.2281 -0.3784 -0.8971
vn -0.6080 -0.7099 -0.3554
vn -0.1677 -0.9526 0.2538
vn -0.6917 -0.6967 -0.1901
vn -0.6917 -0.6967 -0.1902
vn 0.4478 -0.6976 0.5593
vn 0.4477 -0.6976 0.5594
vn 0.2770 -0.8632 -0.4221
vn 0.2770 -0.8632 -0.4222
vn 0.4477 -0.6976 0.5593
vn 0.4478 -0.6976 0.5594
vn -0.1677 -0.9526 0.2539
vn -0.5330 0.2424 0.8106
vn -0.9506 0.1824 0.2512
vn -0.9506 0.1825 0.2512
vn 0.1460 0.1816 0.9725
vn -0.5310 0.2564 0.8076
vn -0.5310 0.2563 0.8076
vn -0.5287 0.2719 0.8041
vn -0.5287 0.2718 0.8041
vn -0.5287 0.2720 0.8041
vn -0.5287 0.2717 0.8041
vn 0.1624 0.1889 0.9685
vn 0.1623 0.1889 0.9685
vn 0.1622 0.1889 0.9685
vn -0.9534 0.1897 0.2347
vn -0.9534 0.1898 0.2346
vn -0.9534 0.1897 0.2348
vn -0.5079 -0.3826 0.7718
vn -0.5493 0.0306 0.8351
vn -0.9349 -0.2822 0.2152
vn -0.9349 -0.2821 0.2153
vn 0.1723 -0.2830 0.9435
vn -0.4917 -0.4475 0.7470
vn -0.4917 -0.4476 0.7470
vn -0.4739 -0.5070 0.7199
vn -0.4885 -0.4591 0.7421
vn -0.4885 -0.4590 0.7421
vn 0.1767 -0.3424 0.9228
vn 0.1768 -0.3424 0.9228
vn -0.9177 -0.3415 0.2029
vn -0.4490 0.5757 0.6833
vn 0.5541 -0.5506 0.6244
vn 0.5540 -0.5506 0.6244
vn 0.9284 -0.3690 0.0436
vn 0.3166 0.0177 0.9484
vn 0.8167 -0.5455 0.1882
vn 0.5109 -0.5484 0.6620
vn 0.4251 -0.4505 0.7851
vn 0.4211 -0.4430 0.7915
vn 0.3245 -0.3322 0.8856
vn 0.9570 -0.2820 0.0682
vn 0.9720 0.2303 0.0459
vn 0.7999 0.5788 0.1583
vn 0.8695 0.4871 0.0823
vn 0.8757 0.4778 0.0694
vn 0.7999 0.5789 0.1583
vn 0.9260 0.3774 -0.0110
vn 0.8989 0.2932 0.3257
vn 0.9832 0.0834 0.1624
vn 0.9830 0.0073 0.1834
vn 0.9226 -0.2836 0.2614
vn 0.9311 0.2676 0.2478
vn 0.9471 -0.2081 0.2443
vn 0.7168 0.3800 0.5846
vn 0.8202 -0.3812 0.4265
vn 0.7721 0.3629 0.5217
vn 0.7844 -0.3642 0.5021
vn 0.5996 0.2069 0.7731
vn 0.5983 -0.2668 0.7555
vn 0.6057 0.2824 0.7439
vn 0.6548 -0.2944 0.6962
vn 0.5577 -0.0085 0.8300
vn 0.5384 -0.0846 0.8384
vn 0.9353 0.2890 -0.2040
vn 0.5157 0.5077 0.6901
vn 0.5157 0.5078 0.6901
vn 0.9962 -0.0188 -0.0848
vn 0.9962 -0.0188 -0.0849
vn 0.3672 0.3636 0.8562
vn 0.3672 0.3636 0.8561
vn 0.8025 0.5420 0.2494
vn 0.3733 0.7345 -0.5667
vn 0.4942 0.4382 -0.7508
vn 0.4942 0.4382 -0.7509
vn 0.3733 0.7346 -0.5666
vn -0.4658 0.5299 0.7087
vn -0.3282 0.8015 0.4999
vn 0.3589 0.7580 -0.5447
vn 0.3588 0.7580 -0.5447
vn -0.3124 0.8221 0.4760
vn -0.3124 0.8221 0.4759
vn 0.0386 0.9976 -0.0575
vn 0.2737 0.8677 -0.4150
vn 0.0200 0.9994 -0.0292
vn 0.0200 0.9994 -0.0293
vn -0.2213 0.9149 0.3375
vn 0.5276 0.7959 0.2970
vn 0.5364 0.7949 0.2835
vn 0.7135 0.6937 0.0983
vn 0.5276 0.7958 0.2970
vn 0.7671 0.6414 0.0130
vn 0.5186 0.7966 0.3105
vn 0.9356 0.1903 -0.2972
vn 0.7136 0.6936 0.0983
vn 0.9259 0.2581 -0.2758
vn 0.4137 0.7223 0.5542
vn 0.3539 0.6808 0.6412
vn 0.1109 0.2690 0.9567
vn 0.1306 0.3341 0.9335
vn -0.4719 0.7957 -0.3797
vn -0.3151 0.6423 -0.6987
vn -0.3721 0.6945 -0.6158
vn -0.1131 0.2590 -0.9592
vn -0.0974 0.1911 -0.9767
vn -0.4808 0.7966 -0.3663
vn -0.4808 0.7967 -0.3663
vn -0.4896 0.7974 -0.3527
vn -0.6719 0.7232 -0.1599
vn -0.7282 0.6817 -0.0705
vn -0.9221 0.2699 0.2772
vn -0.6719 0.7231 -0.1598
vn -0.9085 0.3348 0.2500
vn -0.7058 0.6451 0.2927
vn -0.8111 0.4532 0.3698
vn -0.8149 0.4365 0.3812
vn -0.2573 0.8345 -0.4872
vn -0.6657 0.7418 0.0808
vn -0.6401 0.7670 0.0454
vn -0.2142 0.8161 -0.5367
vn -0.0603 0.7353 -0.6751
vn -0.0601 0.7352 -0.6752
vn 0.0115 0.6446 0.7645
vn -0.0268 0.4359 0.8996
vn -0.0178 0.4526 0.8915
vn 0.5501 0.8339 0.0439
vn 0.2127 0.7663 0.6063
vn 0.1902 0.7412 0.6438
vn 0.5785 0.8155 -0.0153
vn 0.6446 0.7346 -0.2117
vn 0.0421 0.3718 -0.9274
vn 0.0244 0.5754 -0.8175
vn 0.0500 0.3539 -0.9339
vn -0.1481 0.6924 -0.7061
vn -0.5004 0.8578 -0.1175
vn -0.1690 0.7220 -0.6710
vn -0.5297 0.8463 -0.0569
vn -0.5999 0.7867 0.1455
vn 0.8381 0.3533 -0.4155
vn 0.7417 0.5748 -0.3457
vn 0.8353 0.3712 -0.4056
vn 0.7416 0.5748 -0.3457
vn 0.6838 0.7213 -0.1101
vn 0.3070 0.8571 0.4136
vn 0.7078 0.6917 -0.1431
vn 0.2630 0.8456 0.4645
vn 0.1050 0.7862 0.6089
vn 0.1048 0.7862 0.6091
vn -0.4735 0.5065 0.7205
vn -0.3864 0.7104 0.5882
vn -0.2630 0.8776 0.4008
vn 0.1858 0.9415 -0.2813
vn 0.1858 0.9414 -0.2814
vn 0.5006 0.4135 -0.7605
vn 0.4258 0.6329 -0.6466
vn 0.4258 0.6329 -0.6467
vn 0.3129 0.8226 -0.4747
vn -0.1296 0.9716 0.1982
vn -0.2770 0.8632 0.4222
vn 0.5489 0.0504 -0.8344
vn 0.5471 0.0950 -0.8317
vn 0.4942 0.4381 -0.7509
vn 0.4943 0.4382 -0.7508
vn 0.9001 -0.2524 -0.3552
vn 0.9001 -0.2523 -0.3552
vn -0.0306 -0.2517 -0.9673
vn -0.0306 -0.2516 -0.9673
vn 0.4054 -0.6744 -0.6171
vn 0.4054 -0.6745 -0.6171
vn 0.4053 -0.6744 -0.6171
vn 0.5295 0.2683 -0.8047
vn 0.2737 0.8676 -0.4151
vn 0.2736 0.8676 -0.4152
vn 0.5488 -0.0524 -0.8343
vn 0.9259 0.2580 -0.2759
vn 0.9295 -0.0432 -0.3664
vn 0.9357 0.1902 -0.2973
vn 0.9295 -0.0432 -0.3663
vn 0.9294 -0.0432 -0.3664
vn 0.9294 -0.0432 -0.3665
vn -0.0973 0.1910 -0.9767
vn -0.0318 -0.0425 -0.9986
vn -0.1132 0.2589 -0.9593
vn -0.0317 -0.0425 -0.9986
vn 0.8535 -0.3468 -0.3890
vn 0.8047 -0.5496 -0.2246
vn 0.8014 -0.5548 -0.2234
vn -0.1130 -0.5488 -0.8283
vn 0.0188 -0.3461 -0.9380
vn -0.1128 -0.5541 -0.8248
vn 0.0189 -0.3461 -0.9380
vn 0.5023 -0.4047 -0.7641
vn 0.4094 -0.6662 -0.6233
vn 0.4094 -0.6663 -0.6233
vn 0.1300 -0.0469 -0.9904
vn 0.0244 0.5753 -0.8175
vn -0.1689 0.7220 -0.6710
vn 0.8579 -0.0474 -0.5116
vn 0.8382 0.3533 -0.4155
vn 0.8353 0.3711 -0.4056
vn 0.7417 0.5748 -0.3458
vn 0.7078 0.6917 -0.1432
vn 0.4258 0.6328 -0.6467
vn 0.3129 0.8226 -0.4748
vn 0.4259 0.6328 -0.6467
vn 0.4871 -0.4623 -0.7410
vn 0.5428 -0.1547 -0.8255
vn 0.5428 -0.1546 -0.8255
vn 0.4870 -0.4623 -0.7410
vn -0.3466 0.2648 -0.8999
vn -0.2605 0.0583 -0.9637
vn -0.3513 0.2729 -0.8956
vn -0.4120 0.4629 -0.7848
vn -0.9466 0.3221 0.0124
vn -0.9827 0.1273 0.1344
vn -0.9441 0.3295 0.0057
vn -0.8559 0.5053 -0.1099
vn -0.8559 0.5052 -0.1099
vn -0.4883 -0.3621 -0.7940
vn -0.4884 -0.3621 -0.7940
vn -0.9421 -0.3188 -0.1041
vn -0.3979 0.4958 -0.7719
vn -0.3980 0.4958 -0.7719
vn -0.8366 0.5377 -0.1050
vn -0.3150 0.6422 -0.6988
vn -0.6720 0.7231 -0.1599
vn -0.9221 0.2698 0.2772
vn -0.7283 0.6817 -0.0705
vn -0.3918 -0.4879 -0.7800
vn -0.3916 -0.4882 -0.7800
vn -0.3917 -0.4880 -0.7800
vn -0.8981 -0.4397 -0.0101
vn -0.8980 -0.4398 -0.0100
vn -0.8980 -0.4398 -0.0098
vn -0.2494 -0.0985 -0.9634
vn -0.3436 -0.3007 -0.8897
vn -0.3338 -0.2725 -0.9024
vn -0.4189 -0.4548 -0.7860
vn -0.9686 -0.2410 0.0606
vn -0.9870 -0.0281 0.1581
vn -0.9747 -0.2113 0.0721
vn -0.9125 -0.4076 -0.0355
vn 0.6436 -0.7642 0.0435
vn 0.6435 -0.7642 0.0435
vn -0.2956 -0.7635 -0.5742
vn -0.2957 -0.7634 -0.5742
vn -0.2957 -0.7635 -0.5742
vn -0.2956 -0.7634 -0.5743
vn 0.2519 -0.7268 0.6390
vn 0.2519 -0.7268 0.6391
vn -0.6873 -0.7260 0.0213
vn -0.6873 -0.7261 0.0213
vn -0.6873 -0.7261 0.0212
vn -0.6874 -0.7260 0.0213
vn 0.0078 -0.9999 -0.0131
vn 0.0079 -0.9999 -0.0131
vn -0.0664 -0.9928 0.0998
vn -0.0664 -0.9928 0.0997
vn 0.4962 -0.7828 0.3755
vn 0.3435 -0.7443 0.5728
vn 0.3667 -0.7566 0.5413
vn 0.0828 -0.4807 0.8730
vn 0.0822 -0.4862 0.8700
vn -0.5422 -0.7819 -0.3075
vn -0.6627 -0.7435 -0.0891
vn -0.5422 -0.7820 -0.3075
vn -0.6431 -0.7558 -0.1229
vn -0.8349 -0.4800 0.2694
vn -0.8320 -0.4855 0.2686
vn 0.5980 -0.7787 0.1896
vn 0.6183 -0.7705 0.1549
vn 0.8014 -0.5549 -0.2234
vn -0.3879 -0.7697 -0.5070
vn -0.4118 -0.7779 -0.4746
vn -0.1130 -0.5489 -0.8282
vn -0.1128 -0.5542 -0.8247
vn -0.1857 -0.9415 0.2813
vn -0.4462 -0.5846 0.6776
vn 0.4094 -0.6663 -0.6232
vn 0.1295 -0.9716 -0.1981
vn 0.6345 -0.7504 0.1853
vn 0.5304 -0.7496 0.3959
vn 0.3789 -0.7260 0.5739
vn 0.6471 -0.7467 0.1540
vn 0.5114 -0.7684 0.3846
vn 0.3554 -0.7188 0.5975
vn 0.5115 -0.7684 0.3847
vn -0.3985 -0.7459 -0.5338
vn -0.5565 -0.7677 -0.3178
vn -0.4223 -0.7495 -0.5098
vn -0.5744 -0.7487 -0.3308
vn -0.6779 -0.7251 -0.1212
vn -0.6901 -0.7180 -0.0903
vn -0.5564 -0.7677 -0.3177
vn -0.5564 -0.7678 -0.3177
vn 0.1437 -0.9650 -0.2196
vn 0.1437 -0.9649 -0.2196
vn -0.1994 -0.9322 0.3021
vn 0.3663 -0.7448 -0.5578
vn 0.3663 -0.7448 -0.5577
vn -0.4079 -0.6709 0.6193
vn -0.4119 -0.8854 -0.2153
vn 0.3599 -0.8860 0.2923
vn 0.3599 -0.8860 0.2924
vn 0.4870 -0.4624 -0.7410
vn 0.4873 -0.4624 -0.7408
vn 0.3754 -0.7297 -0.5716
vn 0.3754 -0.7296 -0.5716
vn -0.5116 -0.3670 0.7769
vn -0.4161 -0.6541 0.6318
vn -0.5114 -0.3670 0.7770
vn -0.4161 -0.6540 0.6318
vn -0.5428 0.1547 0.8255
vn -0.5385 0.1987 0.8189
vn -0.4658 0.5298 0.7088
vn -0.4658 0.5298 0.7087
vn 0.0183 -0.1682 0.9856
vn 0.0182 -0.1681 0.9856
vn -0.9124 -0.1674 0.3734
vn -0.9124 -0.1675 0.3734
vn -0.4426 -0.5934 0.6722
vn -0.4426 -0.5935 0.6722
vn -0.4426 -0.5934 0.6723
vn -0.5109 0.3676 0.7771
vn -0.2214 0.9149 0.3376
vn -0.2213 0.9149 0.3376
vn -0.5488 0.0524 0.8343
vn 0.0318 0.0425 0.9986
vn 0.1305 0.3340 0.9335
vn 0.0319 0.0425 0.9986
vn -0.9295 0.0432 0.3663
vn -0.9085 0.3348 0.2501
vn -0.9295 0.0432 0.3662
vn -0.9297 0.0432 0.3658
vn 0.0827 -0.4806 0.8730
vn -0.0367 -0.2618 0.9644
vn 0.0822 -0.4861 0.8700
vn -0.8320 -0.4854 0.2687
vn -0.8713 -0.2611 0.4155
vn -0.8349 -0.4799 0.2694
vn -0.8713 -0.2611 0.4154
vn -0.4462 -0.5846 0.6777
vn -0.4462 -0.5845 0.6777
vn -0.5232 -0.3068 0.7951
vn -0.8581 0.0474 0.5114
vn -0.8150 0.4365 0.3812
vn -0.7058 0.6451 0.2928
vn -0.1297 0.0469 0.9904
vn -0.1301 0.0469 0.9904
vn 0.0114 0.6445 0.7645
vn 0.2126 0.7663 0.6063
vn -0.3864 0.7104 0.5883
vn -0.5489 -0.0504 0.8344
vn -0.5115 -0.3670 0.7770
vn 0.9638 0.2638 -0.0379
vn 0.9881 0.0573 -0.1424
vn 0.9618 0.2719 -0.0319
vn 0.9881 0.0573 -0.1425
vn 0.8843 0.4619 0.0679
vn 0.3638 0.3211 0.8744
vn 0.2659 0.1263 0.9557
vn 0.3690 0.3285 0.8694
vn 0.4405 0.5043 0.7428
vn 0.9221 -0.3632 0.1337
vn 0.9221 -0.3632 0.1338
vn 0.4683 -0.3199 0.8236
vn 0.8669 0.4948 0.0601
vn 0.8669 0.4949 0.0601
vn 0.4283 0.5367 0.7270
vn 0.9357 0.1903 -0.2972
vn 0.3539 0.6808 0.6413
vn 0.8708 -0.4891 0.0504
vn 0.3644 -0.4408 0.8204
vn 0.3643 -0.4408 0.8204
vn 0.9833 -0.0995 -0.1525
vn 0.9605 -0.2735 -0.0510
vn 0.9527 -0.3017 -0.0371
vn 0.8871 -0.4557 0.0730
vn 0.2457 -0.0291 0.9689
vn 0.3195 -0.2123 0.9235
vn 0.3277 -0.2420 0.9133
vn 0.3935 -0.4085 0.8236
vn 0.3935 -0.4087 0.8235
vn -0.0004 0.7558 0.6548
vn 0.6048 0.7138 0.3530
vn 0.6429 0.6943 -0.3233
vn -0.6003 0.7562 0.2602
vn 0.0430 0.6948 -0.7179
vn -0.5628 0.7148 -0.4151
vn 0.2794 0.8452 0.4557
vn 0.2793 0.8452 0.4557
vn -0.3024 0.6264 -0.7185
vn -0.0235 0.7576 -0.6523
vn 0.3211 0.8121 -0.4872
vn -0.0234 0.7576 -0.6522
vn 0.1480 0.7950 -0.5882
vn 0.7802 0.6255 -0.0064
vn 0.7802 0.6256 -0.0064
vn -0.3567 0.6979 0.6211
vn -0.3711 0.6270 -0.6850
vn -0.3711 0.6269 -0.6850
vn 0.7766 0.6261 0.0699
vn 0.2878 0.8524 -0.4365
vn 0.2877 0.8525 -0.4364
vn 0.7576 0.6512 0.0441
vn -0.5715 0.4245 0.7023
vn -0.3776 0.7258 0.5749
vn -0.1891 0.3455 0.9191
vn 0.1003 0.3652 0.9255
vn -0.5004 0.8157 0.2902
vn -0.2014 0.3248 0.9241
vn -0.5292 0.8410 0.1127
vn -0.5282 0.8458 -0.0754
vn -0.5004 0.8157 0.2901
vn -0.5282 0.8458 -0.0755
vn -0.3441 0.3379 -0.8760
vn -0.3274 0.6576 -0.6786
vn 0.9410 0.3369 -0.0307
vn 0.7534 0.6567 0.0324
vn 0.7534 0.6567 0.0323
vn -0.3221 0.6553 -0.6833
vn -0.5014 0.3449 -0.7935
vn -0.5196 0.3002 -0.7999
vn -0.3221 0.6553 -0.6832
vn 0.7557 0.6544 0.0257
vn 0.9406 0.2991 0.1606
vn 0.9276 0.3438 0.1464
vn 0.7557 0.6545 0.0257
vn -0.4181 0.4243 0.8032
vn -0.3776 0.7258 0.5750
vn -0.5276 0.8053 0.2705
vn -0.4885 0.7609 -0.4270
vn -0.5087 0.7711 0.3829
vn -0.5050 0.7880 -0.3523
vn -0.2590 0.4299 -0.8649
vn -0.1381 0.2367 -0.9617
vn -0.4885 0.7609 -0.4271
vn 0.0295 0.8211 0.5700
vn 0.6605 0.7161 0.2257
vn 0.5779 0.7614 0.2936
vn -0.0458 0.8069 0.5889
vn -0.5966 0.5122 0.6179
vn -0.7636 0.3261 0.5572
vn -0.0459 0.8069 0.5889
vn 0.2944 0.8449 -0.4466
vn 0.4926 0.4440 -0.7484
vn 0.2944 0.8450 -0.4465
vn -0.4743 0.8767 -0.0806
vn -0.8608 0.5006 -0.0925
vn -0.8608 0.5006 -0.0916
vn 0.2628 0.8761 0.4042
vn 0.4263 0.4995 0.7541
vn 0.4243 0.4997 0.7552
vn -0.2305 0.9073 0.3516
vn 0.2824 0.8584 -0.4283
vn 0.9416 -0.2930 -0.1658
vn -0.2210 -0.2920 -0.9305
vn 0.6914 -0.0516 -0.7206
vn 0.2849 -0.5491 -0.7857
vn 0.2850 -0.5491 -0.7856
vn 0.5324 -0.3300 -0.7795
vn 0.6080 -0.5493 -0.5732
vn 0.5184 -0.2924 -0.8036
vn 0.3878 -0.0514 -0.9203
vn 0.0397 -0.0446 -0.9982
vn 0.9009 -0.0452 -0.4318
vn 0.9008 -0.0452 -0.4318
vn 0.9008 -0.0453 -0.4318
vn 0.0397 -0.0445 -0.9982
vn 0.3196 -0.5200 -0.7921
vn -0.1934 -0.3014 -0.9337
vn -0.1763 -0.3100 -0.9342
vn 0.6002 -0.5202 -0.6076
vn 0.9273 -0.3109 -0.2082
vn 0.9336 -0.3022 -0.1924
vn 0.2388 -0.3783 -0.8944
vn 0.4725 -0.7554 -0.4541
vn 0.5018 -0.8081 -0.3085
vn 0.1481 -0.2360 -0.9604
vn -0.1380 0.2367 -0.9617
vn 0.9239 0.3508 -0.1527
vn 0.9427 0.1617 -0.2919
vn 0.8046 -0.2584 -0.5347
vn 0.6643 -0.4445 -0.6009
vn 0.1521 -0.7791 -0.6082
vn 0.0411 -0.8130 -0.5809
vn 0.2630 -0.8776 -0.4008
vn -0.3024 0.6263 -0.7185
vn -0.3711 0.6269 -0.6851
vn -0.4251 -0.5050 -0.7512
vn -0.4707 -0.0245 -0.8820
vn -0.4250 -0.5050 -0.7512
vn -0.8146 -0.3866 0.4324
vn -0.7495 0.0507 0.6601
vn -0.9959 0.0329 0.0843
vn -0.9662 -0.2454 -0.0795
vn -0.6100 -0.7764 0.1587
vn -0.8481 -0.4778 -0.2291
vn -0.4567 0.5462 -0.7022
vn -0.9703 0.0180 -0.2412
vn -0.9747 -0.2092 -0.0790
vn -0.9682 -0.2449 -0.0517
vn -0.9008 0.0453 0.4318
vn -0.9008 0.0452 0.4318
vn -0.3438 0.2943 -0.8917
vn -0.6775 -0.2715 -0.6836
vn -0.6869 -0.2781 -0.6714
vn -0.8673 -0.4524 -0.2076
vn -0.3442 0.3379 -0.8760
vn -0.3274 0.6575 -0.6786
vn -0.1764 -0.3101 -0.9342
vn -0.5197 0.3002 -0.7999
vn -0.5014 0.3448 -0.7935
vn -0.1933 -0.3013 -0.9337
vn -0.8926 -0.4373 0.1095
vn -0.7542 -0.2232 0.6175
vn -0.7641 -0.2310 0.6022
vn -0.8207 -0.5520 -0.1477
vn -0.6986 -0.6961 -0.1656
vn -0.9291 -0.2968 0.2205
vn -0.9347 -0.1461 0.3241
vn -0.6028 -0.7568 -0.2526
vn -0.8609 0.5006 -0.0910
vn -0.5573 -0.8303 -0.0061
vn -0.8608 0.5005 -0.0924
vn -0.5572 -0.8303 -0.0071
vn -0.2503 -0.8827 -0.3977
vn -0.8146 -0.3865 0.4324
vn -0.4901 -0.4533 0.7445
vn -0.2876 -0.8527 0.4362
vn -0.8737 -0.4653 0.1419
vn 0.3988 -0.7885 0.4683
vn 0.4056 -0.7988 0.4443
vn 0.2765 -0.1533 0.9487
vn 0.4633 -0.8833 0.0717
vn 0.5019 -0.8080 -0.3086
vn 0.4559 -0.7234 0.5186
vn 0.4857 -0.7688 0.4160
vn 0.1520 -0.7791 -0.6082
vn -0.6985 -0.6962 -0.1656
vn -0.6029 -0.7568 -0.2526
vn -0.2790 -0.8621 0.4231
vn 0.2629 -0.8776 -0.4008
vn -0.3211 -0.8121 0.4872
vn -0.5573 -0.8303 -0.0056
vn 0.5248 -0.8472 0.0825
vn -0.5572 -0.8303 -0.0070
vn 0.2254 -0.8309 0.5087
vn -0.2845 -0.8466 -0.4498
vn 0.2263 -0.8310 0.5082
vn -0.2845 -0.8466 -0.4499
vn 0.2059 -0.2227 0.9529
vn -0.9568 -0.2218 0.1881
vn -0.3568 0.6978 0.6211
vn -0.8737 -0.4652 0.1419
vn -0.8737 -0.4652 0.1420
vn -0.3424 0.2256 0.9121
vn -0.1548 -0.0911 0.9837
vn -0.2507 -0.2315 0.9400
vn 0.1560 -0.2807 0.9470
vn -0.5715 0.4244 0.7023
vn 0.1273 -0.2878 0.9492
vn 0.2764 -0.1533 0.9487
vn 0.3989 -0.7884 0.4682
vn 0.1003 0.3653 0.9255
vn -0.9009 0.0452 0.4318
vn -0.0397 0.0446 0.9982
vn -0.0397 0.0445 0.9982
vn -0.4139 0.3806 0.8269
vn -0.7642 -0.2311 0.6022
vn -0.7542 -0.2233 0.6175
vn -0.2968 0.4390 0.8481
vn -0.1726 0.2510 0.9525
vn 0.0985 -0.1703 0.9805
vn 0.2135 -0.3578 0.9091
vn -0.5087 0.7711 0.3830
vn -0.5276 0.8053 0.2706
vn 0.0294 0.8211 0.5701
vn -0.5965 0.5122 0.6179
vn -0.9347 -0.1460 0.3241
vn 0.7767 0.6260 0.0699
vn 0.7576 0.6512 0.0442
vn 0.5457 -0.4789 0.6877
vn 0.4553 -0.2465 0.8555
vn 0.4373 -0.2083 0.8749
vn 0.3170 0.0319 0.9479
vn 0.3171 0.0319 0.9479
vn 0.1561 -0.2807 0.9470
vn 0.2524 -0.4381 0.8627
vn 0.9018 -0.0077 0.4320
vn 0.1002 0.3653 0.9255
vn 0.9483 -0.0141 0.3171
vn 0.9962 -0.0257 0.0829
vn -0.0397 0.0447 0.9982
vn 0.7535 0.6567 0.0324
vn 0.9553 0.2933 -0.0372
vn 0.8883 -0.2793 0.3647
vn 0.8957 -0.2727 0.3512
vn 0.5336 -0.4535 0.7139
vn 0.9406 0.2990 0.1606
vn 0.9273 -0.3109 -0.2083
vn 0.9276 0.3437 0.1464
vn 0.5540 -0.4770 0.6823
vn 0.5541 -0.4769 0.6823
vn 0.4559 -0.7233 0.5186
vn 0.4856 -0.7688 0.4160
vn 0.6605 0.7161 0.2256
vn 0.5780 0.7614 0.2936
vn 0.2247 -0.8309 0.5090
vn 0.4239 0.4997 0.7553
vt 2.192950 1.257610
vt 2.180050 1.227250
vt 2.192950 1.227250
vt 2.180050 1.257610
vt 2.199460 1.252760
vt 2.199460 1.226310
vt 2.173530 1.252760
vt 2.173530 1.226310
vt 2.180050 1.184680
vt 2.192950 1.184680
vt 2.173530 1.188240
vt 2.199460 1.188240
vt 2.199400 1.211010
vt 2.173590 1.157960
vt 2.199400 1.157960
vt 2.173590 1.211010
vt 2.192950 1.243150
vt 2.180050 1.177100
vt 2.192950 1.177100
vt 2.180050 1.243150
vt 2.173590 1.144530
vt 2.199400 1.144530
vt 2.173530 1.180520
vt 2.173530 1.249550
vt 2.199460 1.180520
vt 2.199460 1.249550
vt 2.194100 0.968704
vt 2.194100 1.076520
vt 2.178890 1.076520
vt 2.178890 0.968704
vt 2.197780 0.962015
vt 2.197780 0.920228
vt 2.205650 0.926172
vt 2.205650 0.997858
vt 2.197780 1.003800
vt 2.205650 0.962015
vt 2.175210 0.962015
vt 2.167340 0.926172
vt 2.175210 0.920228
vt 2.167340 0.962015
vt 2.167340 0.997858
vt 2.175210 1.003800
vt 2.194180 1.104600
vt 2.194180 1.169900
vt 2.178810 1.169900
vt 2.178810 1.104600
vt 2.179210 1.051150
vt 2.174220 0.993209
vt 2.179210 0.993324
vt 2.174220 1.053910
vt 2.193780 1.051150
vt 2.198780 0.993209
vt 2.198780 1.053910
vt 2.193780 0.993324
vt 2.178810 1.134540
vt 2.178810 1.088850
vt 2.194180 1.134540
vt 2.194180 1.088850
vt 2.054550 1.099730
vt 2.012420 1.099730
vt 2.054550 1.086830
vt 2.012420 1.086830
vt 2.015800 1.080310
vt 2.053790 1.080310
vt 2.015800 1.106250
vt 2.053790 1.106250
vt 2.072700 1.086830
vt 2.028660 1.099730
vt 2.028660 1.086830
vt 2.072700 1.099730
vt 2.124090 1.106190
vt 2.124090 1.080380
vt 2.137520 1.080380
vt 2.137520 1.106190
vt 2.068700 1.106250
vt 2.024660 1.106250
vt 2.068700 1.080310
vt 2.024660 1.080310
vt 2.092250 1.086830
vt 2.092250 1.099730
vt 2.304210 1.085590
vt 2.256390 1.100970
vt 2.256390 1.085590
vt 2.304210 1.100970
vt 2.087560 1.080310
vt 2.087560 1.106250
vt 2.167330 1.080380
vt 2.167330 1.106190
vt 2.251970 1.100880
vt 2.154180 1.100880
vt 2.251970 1.085680
vt 2.154180 1.085680
vt 2.102190 1.086830
vt 2.136970 1.086830
vt 2.136970 1.099730
vt 2.102190 1.099730
vt 2.130020 1.106250
vt 2.097400 1.106250
vt 2.130020 1.080310
vt 2.097400 1.080310
vt 2.355420 1.081990
vt 2.310600 1.074130
vt 2.351990 1.074130
vt 2.307170 1.081990
vt 2.310600 1.112430
vt 2.355420 1.104570
vt 2.351990 1.112430
vt 2.307170 1.104570
vt 2.298990 1.100970
vt 2.247100 1.100970
vt 2.298990 1.085590
vt 2.247100 1.085590
vt 2.039680 1.077430
vt 2.072910 1.162890
vt 2.068790 1.168770
vt 2.046810 1.079270
vt 2.109910 1.032280
vt 2.112180 1.022600
vt 2.116600 1.169900
vt 2.113500 1.163850
vt 2.133030 1.099630
vt 2.109840 1.141010
vt 2.106690 1.134950
vt 2.130980 1.091940
vt 2.066980 0.977852
vt 2.126090 1.106360
vt 2.121030 1.110980
vt 2.075080 0.975830
vt 2.218810 1.180390
vt 2.221710 1.173660
vt 2.062390 0.997858
vt 2.021000 0.997858
vt 2.031350 0.979936
vt 2.052040 0.979936
vt 2.021000 0.962015
vt 2.062390 0.962015
vt 2.000310 0.962015
vt 2.083080 0.962015
vt 2.021000 0.926172
vt 2.062390 0.926172
vt 2.031350 0.944094
vt 2.052040 0.944094
vt 2.049620 0.948286
vt 2.057550 0.962015
vt 2.033770 0.948286
vt 2.049620 0.975744
vt 2.025840 0.962015
vt 2.033770 0.975744
vt 2.104430 0.969571
vt 2.157110 1.076520
vt 2.152180 1.081060
vt 2.111490 0.968704
vt 2.230210 1.149640
vt 2.236150 1.145040
vt 2.209670 1.180890
vt 2.273960 1.159750
vt 2.247150 1.203730
vt 2.233680 1.207000
vt 2.212940 1.194370
vt 2.236470 1.136910
vt 2.270690 1.146270
vt 2.249950 1.133640
vt 2.277970 1.144530
vt 2.248160 1.126360
vt 2.234730 1.129620
vt 2.281230 1.157960
vt 2.202400 1.182680
vt 2.248900 1.211010
vt 2.205660 1.196110
vt 2.235470 1.214270
vt 2.348330 1.184160
vt 2.373730 1.226310
vt 2.361260 1.237450
vt 2.357190 1.252760
vt 2.364490 1.188240
vt 2.319200 1.260630
vt 2.337820 1.173020
vt 2.304290 1.193990
vt 2.301150 1.181060
vt 2.303800 1.249550
vt 2.285430 1.243460
vt 2.275590 1.202940
vt 2.287050 1.180520
vt 2.242970 1.182570
vt 2.252720 1.162890
vt 2.118530 1.051820
vt 2.066550 1.087060
vt 2.085240 1.140420
vt 2.147720 1.106900
vt 2.047760 0.993209
vt 2.063500 1.066630
vt 2.027230 0.992679
vt 2.079620 1.053910
vt 2.250530 1.155080
vt 2.156530 1.104600
vt 2.089080 1.134540
vt 2.074000 1.088850
vt 2.125890 1.053680
vt 2.178810 1.077430
vt 2.194180 1.168770
vt 2.178810 1.168770
vt 2.194180 1.077430
vt 2.193780 0.992563
vt 2.179210 1.069400
vt 2.179210 0.992563
vt 2.193780 1.069400
vt 2.174220 1.066630
vt 2.174220 0.992679
vt 2.198780 1.066630
vt 2.198780 0.992679
vt 2.178890 1.110980
vt 2.178890 0.977852
vt 2.194100 0.977852
vt 2.194100 1.110980
vt 2.194180 1.091940
vt 2.178810 1.134950
vt 2.178810 1.091940
vt 2.194180 1.134950
vt 2.199400 1.196110
vt 2.173590 1.196110
vt 2.173590 1.182680
vt 2.199400 1.182680
vt 2.173530 1.243460
vt 2.173530 1.202940
vt 2.180050 1.206220
vt 2.180050 1.247170
vt 2.192950 1.206220
vt 2.199460 1.243460
vt 2.192950 1.247170
vt 2.199460 1.202940
vt 2.199400 1.129620
vt 2.173590 1.129620
vt 2.192950 1.177060
vt 2.199460 1.193990
vt 2.192950 1.200540
vt 2.199460 1.181060
vt 2.180050 1.177060
vt 2.180050 1.200540
vt 2.173530 1.193990
vt 2.173530 1.181060
vt 2.173530 1.237450
vt 2.173530 1.184160
vt 2.180050 1.190720
vt 2.180050 1.233290
vt 2.192950 1.190720
vt 2.199460 1.237450
vt 2.192950 1.233290
vt 2.199460 1.184160
vt 2.112180 1.085590
vt 2.039680 1.100970
vt 2.039680 1.085590
vt 2.112180 1.100970
vt 2.369210 1.099730
vt 2.338630 1.099730
vt 2.369210 1.086830
vt 2.338630 1.086830
vt 2.364490 1.080310
vt 2.337820 1.080310
vt 2.364490 1.106250
vt 2.337820 1.106250
vt 2.248160 1.080380
vt 2.277970 1.080380
vt 2.277970 1.106190
vt 2.248160 1.106190
vt 2.236150 1.085680
vt 2.157110 1.100880
vt 2.157110 1.085680
vt 2.236150 1.100880
vt 2.065820 1.081990
vt 2.017570 1.081990
vt 2.021000 1.074130
vt 2.062390 1.074130
vt 2.065820 1.104570
vt 2.021000 1.112430
vt 2.017570 1.104570
vt 2.062390 1.112430
vt 2.250530 1.099730
vt 2.291800 1.099730
vt 2.287050 1.106250
vt 2.250530 1.086830
vt 2.287050 1.080310
vt 2.291800 1.086830
vt 2.089080 1.085590
vt 2.106690 1.085590
vt 2.089080 1.100970
vt 2.106690 1.100970
vt 2.234730 1.106190
vt 2.234730 1.080380
vt 2.301150 1.106250
vt 2.294590 1.099730
vt 2.301150 1.080310
vt 2.294590 1.086830
vt 2.303800 1.106250
vt 2.354660 1.099730
vt 2.361260 1.106250
vt 2.307840 1.099730
vt 2.303800 1.080310
vt 2.361260 1.080310
vt 2.354660 1.086830
vt 2.307840 1.086830
vt 2.333310 1.077430
vt 2.304210 1.168770
vt 2.300080 1.162890
vt 2.326190 1.079270
vt 2.263080 1.032280
vt 2.260810 1.022600
vt 2.256390 1.169900
vt 2.259490 1.163850
vt 2.266300 1.134950
vt 2.239960 1.099630
vt 2.242010 1.091940
vt 2.263150 1.141010
vt 2.306010 0.977852
vt 2.246900 1.106360
vt 2.297910 0.975830
vt 2.251970 1.110980
vt 2.154180 1.180390
vt 2.151280 1.173660
vt 2.310600 0.997858
vt 2.289910 0.962015
vt 2.310600 0.962015
vt 2.310600 0.926172
vt 2.320950 0.979936
vt 2.320950 0.944094
vt 2.351990 0.997858
vt 2.341640 0.944094
vt 2.341640 0.979936
vt 2.351990 0.926172
vt 2.351990 0.962015
vt 2.372680 0.962015
vt 2.339220 0.975744
vt 2.347150 0.962015
vt 2.323370 0.975744
vt 2.339220 0.948286
vt 2.315440 0.962015
vt 2.323370 0.948286
vt 2.268560 0.969571
vt 2.215880 1.076520
vt 2.261500 0.968704
vt 2.220810 1.081060
vt 2.142790 1.149640
vt 2.136840 1.145040
vt 2.136520 1.136910
vt 2.102310 1.146270
vt 2.123040 1.133640
vt 2.099030 1.159750
vt 2.163320 1.180890
vt 2.125840 1.203730
vt 2.139310 1.207000
vt 2.160050 1.194370
vt 2.138260 1.129620
vt 2.170590 1.182680
vt 2.167330 1.196110
vt 2.124830 1.126360
vt 2.137520 1.214270
vt 2.095020 1.144530
vt 2.124090 1.211010
vt 2.091760 1.157960
vt 2.011730 1.237450
vt 2.069190 1.249550
vt 2.053790 1.260630
vt 2.087560 1.243460
vt 2.015800 1.252760
vt 2.097400 1.202940
vt 1.999260 1.226310
vt 2.085950 1.180520
vt 2.130020 1.182570
vt 2.120270 1.162890
vt 2.024660 1.184160
vt 2.008500 1.188240
vt 2.035180 1.173020
vt 2.068700 1.193990
vt 2.071840 1.181060
vt 2.287750 1.140420
vt 2.225270 1.106900
vt 2.306440 1.087060
vt 2.254460 1.051820
vt 2.325230 0.993209
vt 2.309490 1.066630
vt 2.293370 1.053910
vt 2.345760 0.992679
vt 2.122460 1.155080
vt 2.216470 1.104600
vt 2.283910 1.134540
vt 2.298990 1.088850
vt 2.247100 1.053680
vt -0.099730 -1.320460
vt -0.099730 -1.350820
vt -0.086831 -1.320460
vt -0.086831 -1.350820
vt -0.106248 -1.345970
vt -0.106248 -1.319520
vt -0.080314 -1.345970
vt -0.080314 -1.319520
vt -0.086831 -1.277890
vt -0.099730 -1.277890
vt -0.080314 -1.281450
vt -0.106248 -1.281450
vt -0.106185 -1.251170
vt -0.106185 -1.304230
vt -0.080376 -1.251170
vt -0.080376 -1.304230
vt -0.099730 -1.270320
vt -0.099730 -1.336370
vt -0.086831 -1.270320
vt -0.086831 -1.336370
vt -0.080376 -1.237740
vt -0.106185 -1.237740
vt -0.080314 -1.273740
vt -0.080314 -1.342770
vt -0.106248 -1.273740
vt -0.106248 -1.342770
vt -0.100884 -1.061920
vt -0.085678 -1.169740
vt -0.085678 -1.061920
vt -0.100884 -1.169740
vt -0.104568 -1.055230
vt -0.104568 -1.013440
vt -0.112432 -1.019390
vt -0.112432 -1.055230
vt -0.112432 -1.091070
vt -0.104568 -1.097020
vt -0.081994 -1.055230
vt -0.074130 -1.019390
vt -0.081994 -1.013440
vt -0.081994 -1.097020
vt -0.074130 -1.091070
vt -0.074130 -1.055230
vt -0.100968 -1.197810
vt -0.085594 -1.263120
vt -0.085594 -1.197810
vt -0.100968 -1.263120
vt -0.081001 -1.086420
vt -0.086000 -1.144360
vt -0.081001 -1.147130
vt -0.086000 -1.086540
vt -0.100562 -1.144360
vt -0.100562 -1.086540
vt -0.105561 -1.086420
vt -0.105561 -1.147130
vt -0.085594 -1.182070
vt -0.100968 -1.227750
vt -0.085594 -1.227750
vt -0.100968 -1.182070
vt 0.053536 -1.178810
vt -0.018964 -1.178810
vt 0.053536 -1.194180
vt -0.018964 -1.194180
vt -0.245416 -1.192950
vt -0.275999 -1.180050
vt -0.275999 -1.192950
vt -0.245416 -1.180050
vt -0.271274 -1.173530
vt -0.244600 -1.173530
vt -0.271274 -1.199460
vt -0.244600 -1.199460
vt -0.154945 -1.199400
vt -0.154945 -1.173590
vt -0.184754 -1.199400
vt -0.184754 -1.173590
vt -0.063898 -1.178890
vt -0.142935 -1.178890
vt -0.063898 -1.194100
vt -0.142935 -1.194100
vt 0.027393 -1.175210
vt 0.075644 -1.175210
vt 0.072212 -1.167340
vt 0.030824 -1.167340
vt 0.027393 -1.197780
vt 0.072212 -1.205650
vt 0.075644 -1.197780
vt 0.030824 -1.205650
vt -0.193830 -1.199460
vt -0.157312 -1.192950
vt -0.198589 -1.192950
vt -0.157312 -1.180050
vt -0.193830 -1.173530
vt -0.198589 -1.180050
vt 0.004138 -1.194180
vt -0.013479 -1.178810
vt -0.013479 -1.194180
vt 0.004138 -1.178810
vt -0.141516 -1.199400
vt -0.141516 -1.173590
vt -0.207937 -1.199460
vt -0.201378 -1.192950
vt -0.201378 -1.180050
vt -0.207937 -1.173530
vt -0.210587 -1.199460
vt -0.261449 -1.192950
vt -0.268048 -1.199460
vt -0.214622 -1.192950
vt -0.261449 -1.180050
vt -0.214622 -1.180050
vt -0.210587 -1.173530
vt -0.268048 -1.173530
vt -0.240098 -1.170640
vt -0.210991 -1.261990
vt -0.206866 -1.256110
vt -0.232970 -1.172480
vt -0.169864 -1.125490
vt -0.167598 -1.115820
vt -0.163173 -1.263120
vt -0.166278 -1.257070
vt -0.173082 -1.228170
vt -0.146746 -1.192840
vt -0.148797 -1.185160
vt -0.169940 -1.234220
vt -0.212796 -1.071070
vt -0.153690 -1.199580
vt -0.204700 -1.069040
vt -0.158750 -1.204190
vt -0.060969 -1.273610
vt -0.058066 -1.266870
vt -0.217386 -1.091070
vt -0.196692 -1.055230
vt -0.217386 -1.055230
vt -0.217386 -1.019390
vt -0.227733 -1.073150
vt -0.227733 -1.037310
vt -0.258774 -1.091070
vt -0.248427 -1.037310
vt -0.248427 -1.073150
vt -0.258774 -1.019390
vt -0.258774 -1.055230
vt -0.279468 -1.055230
vt -0.246006 -1.068960
vt -0.253932 -1.055230
vt -0.230154 -1.068960
vt -0.246006 -1.041500
vt -0.222228 -1.055230
vt -0.230154 -1.041500
vt -0.175347 -1.062790
vt -0.122663 -1.169740
vt -0.168289 -1.061920
vt -0.127597 -1.174280
vt -0.049571 -1.242860
vt -0.043627 -1.238260
vt -0.043302 -1.230120
vt -0.009090 -1.239490
vt -0.029828 -1.226850
vt -0.005820 -1.252960
vt -0.070105 -1.274110
vt -0.032623 -1.296950
vt -0.046097 -1.300220
vt -0.066835 -1.287580
vt -0.045046 -1.222840
vt -0.077377 -1.275900
vt -0.074117 -1.289320
vt -0.031616 -1.219580
vt -0.044309 -1.307490
vt -0.001808 -1.237740
vt -0.030879 -1.304230
vt 0.001452 -1.251170
vt 0.081486 -1.330660
vt 0.024025 -1.342770
vt 0.039425 -1.353840
vt 0.005652 -1.336670
vt 0.077416 -1.345970
vt -0.004183 -1.296150
vt 0.093953 -1.319520
vt 0.007268 -1.273740
vt -0.036809 -1.275790
vt -0.027055 -1.256100
vt 0.068552 -1.277370
vt 0.084712 -1.281450
vt 0.058038 -1.266240
vt 0.024514 -1.287200
vt 0.021375 -1.274270
vt -0.194533 -1.233640
vt -0.132059 -1.200120
vt -0.213228 -1.180280
vt -0.161244 -1.145030
vt -0.232019 -1.086420
vt -0.216272 -1.159850
vt -0.200156 -1.147130
vt -0.252543 -1.085890
vt -0.029250 -1.248300
vt -0.123250 -1.197810
vt -0.190699 -1.227750
vt -0.205779 -1.182070
vt -0.153890 -1.146900
vt -0.085594 -1.261990
vt -0.085594 -1.170640
vt -0.100968 -1.261990
vt -0.100968 -1.170640
vt -0.100562 -1.085780
vt -0.100562 -1.162610
vt -0.086000 -1.162610
vt -0.086000 -1.085780
vt -0.081000 -1.159850
vt -0.081000 -1.085890
vt -0.105561 -1.159850
vt -0.105561 -1.085890
vt -0.100884 -1.071070
vt -0.100884 -1.204190
vt -0.085678 -1.204190
vt -0.085678 -1.071070
vt -0.100968 -1.185160
vt -0.100968 -1.228170
vt -0.085594 -1.228170
vt -0.085594 -1.185160
vt -0.106185 -1.289320
vt -0.080376 -1.275900
vt -0.106185 -1.275900
vt -0.080376 -1.289320
vt -0.086831 -1.299440
vt -0.086831 -1.340380
vt -0.080314 -1.336670
vt -0.080314 -1.296150
vt -0.106248 -1.336670
vt -0.099730 -1.299440
vt -0.106248 -1.296150
vt -0.099730 -1.340380
vt -0.080376 -1.222840
vt -0.106185 -1.222840
vt -0.099730 -1.270270
vt -0.106248 -1.287200
vt -0.099730 -1.293760
vt -0.106248 -1.274270
vt -0.086831 -1.270270
vt -0.086831 -1.293760
vt -0.080314 -1.287200
vt -0.080314 -1.274270
vt -0.086831 -1.283930
vt -0.086831 -1.326500
vt -0.080314 -1.330660
vt -0.080314 -1.277370
vt -0.106248 -1.330660
vt -0.099730 -1.283930
vt -0.106248 -1.277370
vt -0.099730 -1.326500
vt 0.080791 -1.192950
vt 0.038661 -1.180050
vt 0.038661 -1.192950
vt 0.080791 -1.180050
vt 0.077416 -1.173530
vt 0.039425 -1.173530
vt 0.077416 -1.199460
vt 0.039425 -1.199460
vt 0.064555 -1.180050
vt 0.020517 -1.180050
vt 0.064555 -1.192950
vt 0.020517 -1.192950
vt -0.030879 -1.199400
vt -0.044309 -1.173590
vt -0.044309 -1.199400
vt -0.030879 -1.173590
vt 0.024514 -1.199460
vt 0.068552 -1.199460
vt 0.024514 -1.173530
vt 0.068552 -1.173530
vt 0.000964 -1.180050
vt 0.000964 -1.192950
vt -0.163173 -1.178810
vt -0.210991 -1.178810
vt -0.163173 -1.194180
vt -0.210991 -1.194180
vt 0.005652 -1.173530
vt 0.005652 -1.199460
vt -0.074117 -1.199400
vt -0.074117 -1.173590
vt -0.060969 -1.194100
vt -0.158750 -1.178890
vt -0.158750 -1.194100
vt -0.060969 -1.178890
vt -0.043754 -1.192950
vt -0.008975 -1.192950
vt -0.008975 -1.180050
vt -0.043754 -1.180050
vt -0.036809 -1.199460
vt -0.004183 -1.199460
vt -0.036809 -1.173530
vt -0.004183 -1.173530
vt -0.262206 -1.175210
vt -0.217386 -1.167340
vt -0.258774 -1.167340
vt -0.213954 -1.175210
vt -0.217386 -1.205650
vt -0.262206 -1.197780
vt -0.258774 -1.205650
vt -0.213954 -1.197780
vt -0.153890 -1.194180
vt -0.205779 -1.178810
vt -0.205779 -1.194180
vt -0.153890 -1.178810
vt 0.053536 -1.170640
vt 0.020304 -1.256110
vt 0.024429 -1.261990
vt 0.046409 -1.172480
vt -0.016698 -1.125490
vt -0.018964 -1.115820
vt -0.023389 -1.263120
vt -0.020284 -1.257070
vt -0.039816 -1.192840
vt -0.016622 -1.234220
vt -0.013479 -1.228170
vt -0.037765 -1.185160
vt 0.026234 -1.071070
vt -0.032872 -1.199580
vt -0.027812 -1.204190
vt 0.018138 -1.069040
vt -0.125593 -1.273610
vt -0.128496 -1.266870
vt 0.030824 -1.091070
vt 0.072212 -1.091070
vt 0.061865 -1.073150
vt 0.041171 -1.073150
vt 0.072212 -1.055230
vt 0.030824 -1.055230
vt 0.092906 -1.055230
vt 0.010130 -1.055230
vt 0.072212 -1.019390
vt 0.030824 -1.019390
vt 0.061865 -1.037310
vt 0.041171 -1.037310
vt 0.043592 -1.041500
vt 0.035666 -1.055230
vt 0.059444 -1.041500
vt 0.043592 -1.068960
vt 0.067371 -1.055230
vt 0.059444 -1.068960
vt -0.011215 -1.062790
vt -0.063898 -1.169740
vt -0.058965 -1.174280
vt -0.018273 -1.061920
vt -0.136991 -1.242860
vt -0.142935 -1.238260
vt -0.116457 -1.274110
vt -0.180742 -1.252960
vt -0.153939 -1.296950
vt -0.140464 -1.300220
vt -0.119727 -1.287580
vt -0.143260 -1.230120
vt -0.177471 -1.239490
vt -0.156734 -1.226850
vt -0.184754 -1.237740
vt -0.154945 -1.219580
vt -0.141516 -1.222840
vt -0.188013 -1.251170
vt -0.109185 -1.275900
vt -0.155683 -1.304230
vt -0.112445 -1.289320
vt -0.142253 -1.307490
vt -0.255114 -1.277370
vt -0.280515 -1.319520
vt -0.268048 -1.330660
vt -0.263978 -1.345970
vt -0.271274 -1.281450
vt -0.225986 -1.353840
vt -0.244600 -1.266240
vt -0.211076 -1.287200
vt -0.207937 -1.274270
vt -0.210587 -1.342770
vt -0.192214 -1.336670
vt -0.182379 -1.296150
vt -0.193830 -1.273740
vt -0.149753 -1.275790
vt -0.159506 -1.256100
vt -0.025318 -1.145030
vt 0.026666 -1.180280
vt 0.007972 -1.233640
vt -0.054503 -1.200120
vt 0.045457 -1.086420
vt 0.029710 -1.159850
vt 0.065982 -1.085890
vt 0.013594 -1.147130
vt -0.157312 -1.248300
vt -0.063311 -1.197810
vt 0.004138 -1.227750
vt 0.019217 -1.182070
vt -0.032672 -1.146900
vt 1.012980 1.802630
vt 1.034220 1.838990
vt 1.012950 1.838990
vt 1.034200 1.802630
vt 1.034220 1.501460
vt 1.012980 1.537820
vt 1.012950 1.501460
vt 1.034200 1.537820
vt 1.042010 1.762020
vt 1.042010 1.806210
vt 1.005160 1.806210
vt 1.005160 1.762020
vt 1.042010 1.578440
vt 1.005160 1.534240
vt 1.042010 1.534240
vt 1.005160 1.578440
vt 1.043300 1.669640
vt 1.043300 1.703380
vt 1.003870 1.703380
vt 1.003870 1.669640
vt 1.003870 1.756830
vt 1.003870 1.635890
vt 1.043300 1.756830
vt 1.043300 1.635890
vt 1.003870 1.582440
vt 1.043300 1.582440
vt 1.047540 1.669640
vt 1.047540 1.703380
vt 1.047540 1.753940
vt 1.047540 1.635890
vt 1.043300 1.770390
vt 1.047540 1.767540
vt 1.047540 1.585330
vt 1.043300 1.568890
vt 1.047540 1.571730
vt 0.999629 1.753940
vt 0.999629 1.703380
vt 0.999629 1.767540
vt 1.003870 1.770390
vt 0.999629 1.669640
vt 0.999629 1.635890
vt 0.999629 1.585330
vt 1.003870 1.568890
vt 0.999629 1.571730
vt 0.999629 1.718890
vt 1.004620 1.738350
vt 0.999629 1.740660
vt 1.004620 1.717290
vt 0.999629 1.691430
vt 1.004620 1.712370
vt 0.999629 1.713230
vt 1.004620 1.691000
vt 1.004620 1.669640
vt 1.047540 1.718890
vt 1.047540 1.740660
vt 1.042550 1.738350
vt 1.042550 1.717290
vt 1.047540 1.691430
vt 1.047540 1.713230
vt 1.042550 1.712370
vt 1.042550 1.691000
vt 1.042550 1.669640
vt 1.004620 1.600920
vt 0.999629 1.620380
vt 0.999629 1.598620
vt 1.004620 1.621980
vt 1.004620 1.626900
vt 0.999629 1.647840
vt 0.999629 1.626040
vt 1.004620 1.648270
vt 1.047540 1.598620
vt 1.047540 1.620380
vt 1.042550 1.600920
vt 1.042550 1.621980
vt 1.047540 1.626040
vt 1.047540 1.647840
vt 1.042550 1.626900
vt 1.042550 1.648270
vt 0.996883 1.654250
vt 0.990935 1.688650
vt 0.990935 1.651800
vt 0.996883 1.686210
vt 1.126590 1.659580
vt 1.029750 1.680860
vt 1.029750 1.659590
vt 1.126590 1.680870
vt 0.994289 1.647570
vt 1.001980 1.650650
vt 0.994289 1.692880
vt 1.001980 1.689800
vt 1.001710 1.659620
vt 1.001710 1.680840
vt 1.005510 1.685330
vt 1.005510 1.655120
vt 1.030570 1.685330
vt 1.034100 1.689800
vt 1.030570 1.655120
vt 1.039270 1.686210
vt 1.034100 1.650650
vt 1.034440 1.680840
vt 1.039270 1.654250
vt 1.034440 1.659620
vt 0.937957 1.650510
vt 0.921707 1.689940
vt 0.921707 1.650510
vt 0.937957 1.689940
vt 0.971107 1.650510
vt 0.971107 1.689940
vt 0.986707 1.650510
vt 0.986707 1.689940
vt 0.937957 1.646270
vt 0.971107 1.646270
vt 0.983734 1.646270
vt 0.971107 1.694180
vt 0.937957 1.694180
vt 0.983734 1.694180
vt 1.009950 1.646270
vt 0.996457 1.650510
vt 0.994644 1.646270
vt 1.013090 1.650510
vt 0.996457 1.689940
vt 1.009950 1.694180
vt 0.994644 1.694180
vt 1.013090 1.689940
vt 0.971551 1.694180
vt 0.943646 1.689190
vt 0.970498 1.689190
vt 0.941344 1.694180
vt 0.983661 1.689190
vt 0.991867 1.689190
vt 0.985148 1.694180
vt 0.994457 1.694180
vt 0.941344 1.646270
vt 0.971551 1.646270
vt 0.943646 1.651260
vt 0.970498 1.651260
vt 0.985148 1.646270
vt 0.991867 1.651260
vt 0.983661 1.651260
vt 0.994457 1.646270
vt 1.057440 1.659590
vt 1.057440 1.680860
vt 1.014490 1.834600
vt 0.920588 1.854090
vt 0.920588 1.849260
vt 1.017420 1.838990
vt 1.045460 1.802630
vt 1.041660 1.799280
vt 1.014490 1.505850
vt 0.920588 1.486360
vt 1.017420 1.501460
vt 0.920588 1.491190
vt 1.045460 1.537820
vt 1.041660 1.541170
vt 1.010850 1.766150
vt 1.052880 1.803220
vt 1.013070 1.774070
vt 1.045190 1.802390
vt 1.052880 1.537230
vt 1.010850 1.574300
vt 1.013070 1.566390
vt 1.045190 1.538060
vt 1.056240 1.806210
vt 1.083690 1.760140
vt 1.087840 1.762020
vt 1.056240 1.534240
vt 1.087840 1.578440
vt 1.083690 1.580320
vt 1.125470 1.756830
vt 1.109220 1.770390
vt 1.122620 1.753940
vt 1.122620 1.585330
vt 1.109220 1.568890
vt 1.125470 1.582440
vt 1.075620 1.740660
vt 1.105830 1.740660
vt 1.076070 1.767540
vt 1.109220 1.767540
vt 1.122620 1.703380
vt 1.105830 1.703380
vt 1.105830 1.669640
vt 1.123740 1.669640
vt 1.122620 1.635890
vt 1.105830 1.635890
vt 1.105830 1.598620
vt 1.109220 1.571730
vt 1.076070 1.571730
vt 1.075620 1.598620
vt 1.063440 1.587090
vt 1.063440 1.571730
vt 1.052530 1.605280
vt 1.062030 1.620380
vt 1.052720 1.626040
vt 1.037220 1.611250
vt 1.037210 1.640440
vt 1.052720 1.647840
vt 1.017040 1.669640
vt 1.065730 1.669640
vt 1.052720 1.691430
vt 1.037210 1.698830
vt 1.052720 1.713230
vt 1.037220 1.728030
vt 1.052530 1.733990
vt 1.062030 1.718890
vt 1.063440 1.752190
vt 1.063440 1.767540
vt 1.048450 1.615180
vt 1.048450 1.725270
vt 1.016600 1.563280
vt 0.992640 1.538560
vt 0.920588 1.530700
vt 0.992640 1.801890
vt 1.016600 1.777180
vt 0.920588 1.809750
vt 1.044190 1.617110
vt 1.007500 1.577260
vt 1.044190 1.723340
vt 1.007500 1.763200
vt 0.989733 1.542920
vt 0.920588 1.535360
vt 1.012730 1.566690
vt 0.989733 1.797540
vt 0.920588 1.805090
vt 1.012730 1.773760
vt 1.007610 1.769500
vt 1.004010 1.774070
vt 1.000930 1.766150
vt 1.005160 1.763200
vt 1.046240 1.766150
vt 1.039570 1.769500
vt 1.042010 1.763200
vt 1.043160 1.774070
vt 1.007610 1.570950
vt 1.000930 1.574300
vt 1.004010 1.566390
vt 1.005160 1.577260
vt 1.039570 1.570950
vt 1.046240 1.574300
vt 1.042010 1.577260
vt 1.043160 1.566390
vt 1.003870 1.587090
vt 0.999629 1.587090
vt 1.003870 1.603340
vt 0.999629 1.605280
vt 1.043300 1.587090
vt 1.047540 1.587090
vt 1.043300 1.603340
vt 1.047540 1.605280
vt 0.999629 1.752190
vt 1.003870 1.752190
vt 1.003870 1.735940
vt 0.999629 1.733990
vt 1.043300 1.752190
vt 1.047540 1.752190
vt 1.043300 1.735940
vt 1.047540 1.733990
vt 0.999629 1.698830
vt 0.999629 1.640440
vt 1.003870 1.699350
vt 0.999629 1.728030
vt 1.003870 1.729070
vt 1.003870 1.639920
vt 0.999629 1.611250
vt 1.003870 1.610210
vt 1.043300 1.699350
vt 1.047540 1.728030
vt 1.043300 1.729070
vt 1.047540 1.698830
vt 1.047540 1.640440
vt 1.043300 1.639920
vt 1.047540 1.611250
vt 1.043300 1.610210
vt 1.005160 1.617110
vt 1.042010 1.617110
vt 1.005160 1.723340
vt 1.042010 1.723340
vt 1.042550 1.703380
vt 1.042550 1.635890
vt 1.004620 1.703380
vt 1.004620 1.635890
vt 1.012950 1.542920
vt 1.034220 1.542920
vt 1.034200 1.566690
vt 1.012980 1.566690
vt 1.012950 1.797540
vt 1.034200 1.773760
vt 1.034220 1.797540
vt 1.012980 1.773760
vt 1.050290 1.654250
vt 1.056240 1.688650
vt 1.050290 1.686210
vt 1.056240 1.651800
vt 0.920588 1.659580
vt 1.017420 1.659590
vt 1.017420 1.680860
vt 0.920588 1.680870
vt 1.052880 1.647570
vt 1.045190 1.650650
vt 1.052880 1.692880
vt 1.045190 1.689800
vt 1.045460 1.659620
vt 1.045460 1.680840
vt 1.041660 1.685330
vt 1.041660 1.655120
vt 1.016600 1.685330
vt 1.013070 1.689800
vt 1.016600 1.655120
vt 1.007900 1.686210
vt 1.013070 1.650650
vt 1.012730 1.680840
vt 1.007900 1.654250
vt 1.012730 1.659620
vt 1.109220 1.689940
vt 1.125470 1.650510
vt 1.125470 1.689940
vt 1.109220 1.650510
vt 1.076070 1.650510
vt 1.076070 1.689940
vt 1.060470 1.650510
vt 1.060470 1.689940
vt 1.109220 1.646270
vt 1.076070 1.646270
vt 1.063440 1.646270
vt 1.076070 1.694180
vt 1.109220 1.694180
vt 1.063440 1.694180
vt 1.050720 1.650510
vt 1.037220 1.646270
vt 1.052530 1.646270
vt 1.034080 1.650510
vt 1.052530 1.694180
vt 1.037220 1.694180
vt 1.050720 1.689940
vt 1.034080 1.689940
vt 1.103530 1.689190
vt 1.075620 1.694180
vt 1.076680 1.689190
vt 1.105830 1.694180
vt 1.063510 1.689190
vt 1.062030 1.694180
vt 1.055310 1.689190
vt 1.052720 1.694180
vt 1.075620 1.646270
vt 1.105830 1.646270
vt 1.103530 1.651260
vt 1.076680 1.651260
vt 1.055310 1.651260
vt 1.062030 1.646270
vt 1.063510 1.651260
vt 1.052720 1.646270
vt 0.989733 1.659590
vt 0.989733 1.680860
vt 1.032680 1.834600
vt 1.126590 1.854090
vt 1.029750 1.838990
vt 1.126590 1.849260
vt 1.001710 1.802630
vt 1.005510 1.799280
vt 1.032680 1.505850
vt 1.126590 1.486360
vt 1.126590 1.491190
vt 1.029750 1.501460
vt 1.001710 1.537820
vt 1.005510 1.541170
vt 0.994289 1.803220
vt 1.034100 1.774070
vt 1.001980 1.802390
vt 1.036320 1.766150
vt 0.994289 1.537230
vt 1.034100 1.566390
vt 1.036320 1.574300
vt 1.001980 1.538060
vt 0.990935 1.806210
vt 0.963484 1.760140
vt 0.959337 1.762020
vt 0.990935 1.534240
vt 0.963484 1.580320
vt 0.959337 1.578440
vt 0.924550 1.753940
vt 0.937957 1.770390
vt 0.921707 1.756830
vt 0.937957 1.568890
vt 0.924550 1.585330
vt 0.921707 1.582440
vt 0.924550 1.703380
vt 0.941344 1.669640
vt 0.941344 1.703380
vt 0.923431 1.669640
vt 0.924550 1.635890
vt 0.941344 1.740660
vt 0.941344 1.635890
vt 0.937957 1.767540
vt 0.971107 1.767540
vt 0.941344 1.598620
vt 0.937957 1.571730
vt 0.971107 1.571730
vt 0.971551 1.740660
vt 0.971551 1.598620
vt 0.983729 1.752190
vt 0.983734 1.767540
vt 0.994644 1.733990
vt 0.985148 1.718890
vt 0.994457 1.713230
vt 1.009950 1.728030
vt 1.009960 1.698830
vt 0.994451 1.691430
vt 1.030130 1.669640
vt 0.981446 1.669640
vt 0.994451 1.647840
vt 1.009960 1.640440
vt 0.994457 1.626040
vt 1.009950 1.611250
vt 0.994644 1.605280
vt 0.985148 1.620380
vt 0.983729 1.587090
vt 0.983734 1.571730
vt 0.998725 1.615180
vt 0.998725 1.725270
vt 1.054530 1.538560
vt 1.030570 1.563280
vt 1.126590 1.530700
vt 1.054530 1.801890
vt 1.030570 1.777180
vt 1.126590 1.809750
vt 1.002980 1.617110
vt 1.039670 1.577260
vt 1.002980 1.723340
vt 1.039670 1.763200
vt 1.057440 1.542920
vt 1.126590 1.535360
vt 1.034440 1.566690
vt 1.057440 1.797540
vt 1.126590 1.805090
vt 1.034440 1.773760
vt 1.698210 1.788960
vt 1.702280 1.796010
vt 1.694130 1.796010
vt 1.698210 1.803060
vt 1.690060 1.788960
vt 1.690060 1.803060
vt 1.685990 1.796010
vt 1.664930 1.808990
vt 1.692280 1.793200
vt 1.695860 1.799400
vt 1.668510 1.815200
vt 1.688560 1.767340
vt 1.690550 1.796530
vt 1.688560 1.796530
vt 1.697710 1.764950
vt 1.690550 1.764950
vt 1.697710 1.796530
vt 1.699710 1.767340
vt 1.699710 1.796530
vt 1.666010 1.806070
vt 1.691280 1.791470
vt 1.716690 1.815730
vt 1.691410 1.801130
vt 1.692400 1.799400
vt 1.671580 1.815730
vt 1.696860 1.801130
vt 1.690550 1.773760
vt 1.697710 1.773760
vt 1.699710 1.773760
vt 1.713330 1.803220
vt 1.695990 1.793200
vt 1.696980 1.791470
vt 1.722260 1.806070
vt 1.723340 1.808990
vt 1.719760 1.815200
vt 1.690550 1.776510
vt 1.697710 1.776510
vt 1.709750 1.809420
vt 1.710820 1.812340
vt 1.677440 1.812340
vt 1.678520 1.809420
vt 1.674940 1.803220
vt 1.715710 1.804590
vt 1.712130 1.810790
vt 1.711130 1.812520
vt 1.672560 1.804590
vt 1.676140 1.810790
vt 1.671560 1.802860
vt 1.680450 1.796010
vt 1.707820 1.796010
vt 1.694130 1.812940
vt 1.694130 1.779080
vt 1.921780 1.790340
vt 1.930030 1.776660
vt 1.963030 1.790340
vt 1.930030 1.804020
vt 1.507490 1.764720
vt 1.429130 1.767790
vt 1.425240 1.764720
vt 1.506460 1.767790
vt 1.523390 1.792070
vt 1.519540 1.793060
vt 1.506460 1.812890
vt 1.523390 1.788610
vt 1.507490 1.815960
vt 1.519540 1.787610
vt 1.429130 1.812890
vt 1.425240 1.815960
vt 1.445190 1.793060
vt 1.441050 1.773650
vt 1.452960 1.793060
vt 1.503100 1.773650
vt 1.513500 1.793060
vt 1.441050 1.807030
vt 1.445190 1.787610
vt 1.452960 1.787610
vt 1.503100 1.807030
vt 1.513500 1.787610
vt 1.437250 1.786270
vt 1.933390 1.794410
vt 1.437250 1.794410
vt 1.933390 1.786270
vt 1.444910 1.774720
vt 1.456830 1.792070
vt 1.444910 1.805950
vt 1.456830 1.788610
vt 1.477880 1.793060
vt 1.467830 1.772340
vt 1.481580 1.792070
vt 1.465440 1.773340
vt 1.469970 1.793060
vt 1.457050 1.773340
vt 1.457050 1.807340
vt 1.471340 1.787610
vt 1.465440 1.807340
vt 1.479190 1.787610
vt 1.467830 1.808330
vt 1.481580 1.788610
vt 1.444910 1.786760
vt 1.501990 1.793920
vt 1.444910 1.793920
vt 1.501990 1.786760
vt 1.944100 1.796530
vt 1.959140 1.767340
vt 1.963030 1.764950
vt 1.959140 1.815730
vt 1.944100 1.799400
vt 1.963030 1.815200
vt 1.880780 1.808990
vt 1.880780 1.815200
vt 1.963030 1.808990
vt 1.880780 1.764950
vt 1.881810 1.767340
vt 1.864880 1.796530
vt 1.868720 1.796530
vt 1.919350 1.796530
vt 1.928470 1.773760
vt 1.930890 1.773760
vt 1.916930 1.796530
vt 1.959140 1.806070
vt 1.881810 1.806070
vt 1.947220 1.774110
vt 1.943080 1.796530
vt 1.935300 1.796530
vt 1.885160 1.774110
vt 1.874760 1.796530
vt 1.920080 1.773760
vt 1.909080 1.796530
vt 1.454880 1.788960
vt 1.951010 1.788960
vt 1.951010 1.796010
vt 1.454880 1.796010
vt 1.951010 1.803060
vt 1.454880 1.803060
vt 1.943350 1.776510
vt 1.931440 1.796530
vt 1.886280 1.776510
vt 1.943350 1.809420
vt 1.885160 1.812340
vt 1.886280 1.809420
vt 1.947220 1.812340
vt 1.935300 1.791470
vt 1.947220 1.802680
vt 1.943350 1.803220
vt 1.931440 1.793200
vt 1.917690 1.773760
vt 1.906690 1.796530
vt 1.931220 1.812520
vt 1.919350 1.799400
vt 1.933640 1.810790
vt 1.920440 1.804590
vt 1.910380 1.791470
vt 1.922830 1.802860
vt 1.906690 1.793200
vt 1.886280 1.803220
vt 1.458240 1.776660
vt 1.466490 1.790340
vt 1.425240 1.790340
vt 1.458240 1.804020
vt 1.944100 1.792190
vt 1.963030 1.819540
vt 1.959140 1.818470
vt 1.880780 1.786760
vt 1.963030 1.793920
vt 1.880780 1.793920
vt 1.963030 1.786760
vt 1.881810 1.818470
vt 1.864880 1.792190
vt 1.868720 1.793190
vt 1.885160 1.768070
vt 1.947220 1.768070
vt 1.943350 1.771140
vt 1.943080 1.787490
vt 1.935300 1.787490
vt 1.886280 1.771140
vt 1.874760 1.787490
vt 1.868720 1.787490
vt 1.881810 1.762210
vt 1.864880 1.788490
vt 1.959140 1.762210
vt 1.944100 1.788490
vt 1.963030 1.761140
vt 1.943080 1.793190
vt 1.947220 1.812600
vt 1.935300 1.793190
vt 1.885160 1.812600
vt 1.874760 1.793190
vt 1.454880 1.786270
vt 1.951010 1.794410
vt 1.454880 1.794410
vt 1.951010 1.786270
vt 1.886280 1.809530
vt 1.943350 1.809530
vt 1.931220 1.767760
vt 1.916930 1.787490
vt 1.922830 1.767760
vt 1.909080 1.787490
vt 1.919350 1.788490
vt 1.933640 1.768760
vt 1.919350 1.792190
vt 1.933640 1.811910
vt 1.931220 1.812910
vt 1.922830 1.812910
vt 1.918300 1.793190
vt 1.910380 1.793190
vt 1.429130 1.767340
vt 1.444170 1.796530
vt 1.425240 1.764950
vt 1.444170 1.799400
vt 1.429130 1.815730
vt 1.425240 1.815200
vt 1.459800 1.773760
vt 1.468920 1.796530
vt 1.457380 1.773760
vt 1.523390 1.796530
vt 1.506460 1.767340
vt 1.507490 1.764950
vt 1.519540 1.796530
vt 1.444910 1.803220
vt 1.452960 1.791470
vt 1.456830 1.793200
vt 1.441050 1.802680
vt 1.507490 1.808990
vt 1.429130 1.806070
vt 1.506460 1.806070
vt 1.425240 1.808990
vt 1.507490 1.815200
vt 1.445190 1.796530
vt 1.441050 1.774110
vt 1.452960 1.796530
vt 1.503100 1.774110
vt 1.513500 1.796530
vt 1.469970 1.796530
vt 1.468190 1.773760
vt 1.477880 1.796530
vt 1.933390 1.796010
vt 1.437250 1.788960
vt 1.933390 1.788960
vt 1.437250 1.796010
vt 1.933390 1.803060
vt 1.437250 1.803060
vt 1.501990 1.776510
vt 1.444910 1.776510
vt 1.456830 1.796530
vt 1.503100 1.812340
vt 1.441050 1.812340
vt 1.444910 1.809420
vt 1.501990 1.809420
vt 1.470580 1.773760
vt 1.481580 1.796530
vt 1.479190 1.791470
vt 1.467830 1.804590
vt 1.465440 1.802860
vt 1.481580 1.793200
vt 1.468920 1.799400
vt 1.457050 1.812520
vt 1.454630 1.810790
vt 1.471340 1.801130
vt 1.501990 1.803220
s 1
usemtl Meshpart1Mtl
f 1/1/1 2/2/1 3/3/1
f 2/2/1 1/1/1 4/4/1
f 5/5/2 6/3/2 7/6/2
f 6/3/2 5/5/2 8/1/2
f 9/2/3 10/4/3 11/7/3
f 9/2/3 11/7/3 12/8/3
f 13/2/4 14/9/4 15/3/4
f 16/10/4 15/3/4 14/9/4
f 17/2/5 18/11/5 19/9/5
f 18/11/5 17/2/5 20/8/5
f 21/12/6 22/6/6 23/3/6
f 21/12/6 23/3/6 24/10/6
f 25/13/7 26/14/8 27/15/8
f 26/14/8 25/13/7 28/16/9
f 29/17/10 30/18/4 31/19/4
f 30/18/4 29/17/10 32/20/4
f 33/15/4 34/21/4 35/22/4
f 34/21/4 33/15/4 36/14/4
f 37/20/5 38/23/5 39/18/5
f 38/23/5 37/20/5 40/24/11
f 41/25/6 42/26/6 43/17/6
f 43/17/6 44/19/6 41/25/6
f 45/27/12 46/28/13 47/29/13
f 45/27/12 47/29/13 48/30/12
f 53/31/14 49/32/15 51/33/15
f 53/31/14 50/34/16 52/35/16
f 51/33/15 54/36/17 53/31/14
f 50/34/16 53/31/14 54/36/17
f 57/37/18 56/38/19 55/39/19
f 56/38/19 57/37/18 58/40/20
f 57/37/18 59/41/21 58/40/20
f 59/41/21 57/37/18 60/42/21
f 61/43/8 62/44/22 63/45/23
f 61/43/8 63/45/23 64/46/24
f 65/47/25 66/48/25 67/49/25
f 66/48/25 65/47/25 68/50/25
f 69/51/26 70/52/27 71/53/27
f 70/52/27 69/51/26 72/54/26
f 73/54/28 74/51/29 75/47/29
f 73/54/28 75/47/29 76/49/28
f 77/55/30 78/56/30 79/57/30
f 80/58/30 79/57/30 78/56/30
f 82/32/31 83/31/32 81/39/33
f 84/37/34 81/39/33 83/31/32
f 83/31/32 85/35/35 84/37/34
f 86/42/35 84/37/34 85/35/35
f 87/59/36 88/60/36 89/61/36
f 90/62/36 89/61/36 88/60/36
f 91/63/37 92/64/37 93/61/37
f 91/63/37 93/61/37 94/62/37
f 95/59/38 96/65/38 97/60/38
f 96/65/38 95/59/38 98/66/38
f 99/67/39 100/68/39 101/69/39
f 100/68/39 99/67/39 102/70/40
f 103/71/41 104/72/41 105/73/41
f 105/73/41 106/74/42 103/71/41
f 107/68/43 108/70/44 109/75/44
f 107/68/43 109/75/44 110/76/44
f 111/77/45 112/69/45 113/78/45
f 112/69/45 111/77/45 114/67/45
f 115/79/46 116/59/46 117/61/46
f 116/59/46 115/79/46 118/80/46
f 119/81/47 120/82/47 121/83/47
f 120/82/47 119/81/47 122/84/47
f 123/85/48 124/61/49 125/64/49
f 124/61/49 123/85/48 126/79/49
f 127/59/50 128/80/50 129/86/50
f 127/59/50 129/86/50 130/66/51
f 131/87/52 132/88/52 133/73/52
f 133/73/52 132/88/52 134/74/52
f 135/89/53 136/90/54 137/91/54
f 138/92/54 137/91/54 136/90/54
f 139/93/55 140/94/55 141/95/55
f 139/93/55 141/95/55 142/96/55
f 143/96/56 144/95/57 145/97/58
f 145/97/58 146/98/56 143/96/56
f 147/99/59 148/93/59 149/100/59
f 148/93/59 147/99/59 150/94/59
f 152/101/60 153/102/61 151/103/60
f 152/101/60 154/104/61 153/102/61
f 157/105/62 156/106/63 155/107/64
f 156/106/63 157/105/62 158/108/62
f 159/109/65 160/110/66 161/111/65
f 162/112/65 161/111/65 160/110/66
f 164/106/67 165/108/35 166/101/68
f 163/104/35 166/101/68 165/108/35
f 167/113/69 168/114/70 169/115/70
f 168/114/70 167/113/69 170/116/71
f 171/113/72 172/117/72 173/116/72
f 171/113/72 174/118/72 172/117/72
f 175/119/73 176/115/73 177/114/74
f 175/119/73 177/114/74 178/120/74
f 179/121/75 180/122/76 181/123/75
f 179/121/75 181/123/75 182/124/76
f 183/125/77 184/126/78 185/127/79
f 184/126/78 183/125/77 186/128/77
f 187/129/80 185/127/79 184/126/78
f 187/129/80 184/126/78 188/130/81
f 189/131/82 190/132/82 191/133/82
f 189/131/82 191/133/82 192/134/82
f 190/132/82 193/135/82 191/133/82
f 194/136/82 189/131/82 192/134/82
f 195/137/82 193/135/82 190/132/82
f 189/131/82 194/136/82 196/138/82
f 197/139/82 193/135/82 195/137/82
f 198/140/82 196/138/82 194/136/82
f 193/135/82 197/139/82 199/141/82
f 198/140/82 194/136/82 200/142/82
f 197/139/82 200/142/82 199/141/82
f 200/142/82 197/139/82 198/140/82
f 201/136/83 202/143/84 203/142/85
f 202/143/84 204/141/86 203/142/85
f 202/143/84 201/136/83 205/144/87
f 204/141/86 202/143/84 206/145/86
f 201/136/83 207/146/88 205/144/87
f 208/135/89 204/141/86 206/145/86
f 207/146/88 201/136/83 209/134/88
f 208/135/89 206/145/86 210/147/89
f 209/134/88 211/148/90 207/146/88
f 211/148/90 208/135/89 210/147/89
f 209/134/88 212/133/91 211/148/90
f 208/135/89 211/148/90 212/133/91
f 213/149/92 214/150/93 215/151/94
f 214/150/93 213/149/92 216/152/92
f 217/153/95 215/151/94 214/150/93
f 214/150/93 218/154/95 217/153/95
f 219/155/96 220/156/82 221/157/82
f 222/158/96 219/155/96 221/157/82
f 219/155/96 222/158/96 223/159/96
f 220/156/82 219/155/96 224/160/82
f 220/156/82 224/160/82 225/161/82
f 225/161/82 224/160/82 226/162/82
f 227/143/82 228/146/82 229/148/82
f 228/146/82 227/143/82 230/144/82
f 227/143/82 229/148/82 231/145/82
f 229/148/82 232/147/82 231/145/82
f 233/163/97 234/162/98 235/164/99
f 235/164/99 234/162/98 236/160/100
f 234/162/98 233/163/97 237/161/101
f 238/165/102 235/164/99 236/160/100
f 233/163/97 239/156/103 237/161/101
f 240/155/104 238/165/102 236/160/100
f 239/156/103 233/163/97 241/166/105
f 238/165/102 240/155/104 242/167/106
f 243/168/107 239/156/103 241/166/105
f 240/155/104 244/159/108 242/167/106
f 239/156/103 243/168/107 245/157/109
f 242/167/106 244/159/108 246/169/110
f 247/170/111 245/157/109 243/168/107
f 248/158/112 246/169/110 244/159/108
f 245/157/109 247/170/111 248/158/112
f 246/169/110 248/158/112 247/170/111
f 249/128/82 250/151/82 251/126/82
f 250/151/82 249/128/82 252/149/82
f 253/153/82 251/126/82 250/151/82
f 251/126/82 253/153/82 254/130/82
f 255/171/82 256/172/82 257/173/82
f 256/172/82 258/174/82 257/173/82
f 256/172/82 255/171/82 259/175/96
f 260/176/82 257/173/82 258/174/82
f 261/177/96 259/175/96 255/171/82
f 262/178/96 261/177/96 255/171/82
f 261/177/96 262/178/96 263/179/82
f 264/180/113 257/173/82 260/176/82
f 260/176/82 265/181/82 264/180/113
f 266/182/82 264/180/113 265/181/82
f 264/180/113 266/182/82 267/183/82
f 268/184/82 267/183/82 266/182/82
f 267/183/82 268/184/82 269/185/82
f 270/186/82 271/187/96 272/117/82
f 273/116/96 272/117/82 271/187/96
f 274/188/82 273/116/96 271/187/96
f 273/116/96 274/188/82 275/114/82
f 276/120/96 275/114/82 274/188/82
f 276/120/96 274/188/82 277/122/96
f 277/122/96 278/189/82 276/120/96
f 278/189/82 277/122/96 279/121/82
f 280/190/82 281/191/82 282/192/82
f 281/191/82 280/190/82 283/193/82
f 284/194/114 285/183/114 286/185/114
f 287/119/115 288/189/115 289/195/115
f 288/189/115 287/119/115 290/120/115
f 291/122/116 292/196/116 293/123/116
f 292/196/116 291/122/116 294/188/116
f 295/197/117 296/186/118 297/198/117
f 296/186/118 295/197/117 298/187/117
f 299/187/119 300/196/119 301/188/119
f 300/196/119 299/187/119 302/197/119
f 303/199/120 304/200/120 305/201/120
f 304/200/120 303/199/120 306/202/120
f 307/203/121 308/204/121 309/205/121
f 308/204/121 307/203/121 310/206/121
f 311/207/122 312/208/122 313/205/122
f 313/205/122 314/204/122 311/207/122
f 315/203/123 316/209/124 317/206/124
f 316/209/124 315/203/123 318/210/124
f 319/211/125 320/212/126 321/213/126
f 319/211/125 321/213/126 322/214/127
f 323/215/128 324/216/128 325/217/128
f 324/216/128 323/215/128 326/218/128
f 327/38/129 328/37/130 329/40/131
f 330/41/132 329/40/131 328/37/130
f 328/37/130 327/38/129 331/39/129
f 328/37/130 332/42/132 330/41/132
f 333/31/133 334/32/134 335/33/134
f 333/31/133 335/33/134 336/36/135
f 337/34/64 333/31/133 336/36/135
f 333/31/133 337/34/64 338/35/64
f 339/219/136 340/220/136 341/221/136
f 341/221/136 342/222/136 339/219/136
f 343/223/137 344/224/137 345/225/137
f 343/223/137 345/225/137 346/226/137
f 347/227/138 348/228/138 349/229/138
f 348/228/138 347/227/138 350/230/139
f 351/231/140 352/222/141 353/232/142
f 354/221/142 353/232/142 352/222/141
f 355/227/136 356/229/136 357/225/136
f 358/226/136 357/225/136 356/229/136
f 359/233/143 360/234/138 361/235/138
f 360/234/138 359/233/143 362/236/138
f 363/237/137 364/238/137 365/239/137
f 363/237/137 365/239/137 366/240/137
f 367/237/136 368/235/144 369/238/144
f 368/235/144 367/237/136 370/233/144
f 371/241/137 372/242/137 373/243/137
f 371/241/137 373/243/137 374/244/137
f 375/245/138 376/246/138 377/247/138
f 376/246/138 375/245/138 378/248/138
f 379/32/145 381/31/146 380/39/145
f 382/37/146 380/39/145 381/31/146
f 381/31/146 383/35/67 382/37/146
f 384/42/68 382/37/146 383/35/67
f 385/243/136 386/247/136 387/244/136
f 386/247/136 385/243/136 388/245/136
f 389/249/147 390/250/147 391/251/147
f 390/250/147 389/249/147 392/252/148
f 393/253/33 394/254/31 395/255/33
f 396/256/149 395/255/33 394/254/31
f 397/257/150 398/256/150 399/258/150
f 398/256/150 397/257/150 400/255/151
f 401/254/152 402/253/152 403/259/152
f 401/254/152 403/259/152 404/260/152
f 405/261/153 406/262/154 407/263/154
f 405/261/153 407/263/154 408/264/153
f 411/265/155 410/266/156 409/267/156
f 410/266/156 411/265/155 412/268/155
f 415/269/15 414/270/157 413/271/157
f 415/269/15 413/271/157 416/272/158
f 419/273/159 418/274/160 417/275/160
f 418/274/160 419/273/159 420/276/161
f 421/277/162 422/278/114 423/279/114
f 425/280/163 424/281/163 426/282/163
f 427/280/164 428/282/164 429/278/164
f 427/280/164 429/278/164 430/277/164
f 431/283/165 432/284/165 433/285/166
f 432/284/165 434/286/165 433/285/166
f 435/287/167 436/288/168 437/261/169
f 437/261/169 438/264/168 435/287/167
f 439/254/170 440/289/170 441/290/170
f 440/289/170 439/254/170 442/260/170
f 443/291/171 444/258/171 445/256/171
f 443/291/171 445/256/171 446/292/171
f 447/254/172 448/290/172 449/256/172
f 450/292/172 449/256/172 448/290/172
f 451/293/173 452/294/173 453/295/173
f 452/294/173 451/293/173 454/296/174
f 455/297/175 456/298/175 457/299/176
f 455/297/175 457/299/176 458/300/177
f 459/273/33 460/275/145 461/269/31
f 462/270/145 461/269/31 460/275/145
f 463/299/178 464/296/178 465/300/178
f 464/296/178 463/299/178 466/294/178
f 467/301/179 468/302/180 469/303/179
f 467/301/179 469/303/179 470/304/179
f 471/301/181 472/305/181 473/306/181
f 472/305/181 471/301/181 474/304/181
f 475/307/182 476/303/182 477/302/182
f 476/303/182 475/307/182 478/308/182
f 479/309/183 480/310/183 481/311/183
f 480/310/183 479/309/183 482/312/183
f 483/313/184 484/314/185 485/315/184
f 484/314/185 483/313/184 486/316/186
f 487/317/187 484/314/185 486/316/186
f 484/314/185 487/317/187 488/318/188
f 489/319/189 490/320/189 491/321/189
f 492/322/189 491/321/189 490/320/189
f 489/319/189 491/321/189 493/323/189
f 491/321/189 492/322/189 494/324/189
f 489/319/189 493/323/189 495/325/190
f 492/322/189 496/326/189 494/324/189
f 495/325/190 493/323/189 497/327/190
f 492/322/189 498/328/189 496/326/189
f 499/329/190 495/325/190 497/327/190
f 498/328/189 499/329/190 496/326/189
f 495/325/190 499/329/190 500/330/189
f 500/330/189 499/329/190 498/328/189
f 501/329/191 502/327/192 503/331/193
f 501/329/191 503/331/193 504/332/191
f 502/327/192 505/333/194 503/331/193
f 506/334/195 501/329/191 504/332/191
f 505/333/194 502/327/192 507/323/196
f 501/329/191 506/334/195 508/326/195
f 509/321/197 505/333/194 507/323/196
f 510/324/198 508/326/195 506/334/195
f 505/333/194 509/321/197 511/335/197
f 510/324/198 506/334/195 512/336/198
f 509/321/197 512/336/198 511/335/197
f 512/336/198 509/321/197 510/324/198
f 513/337/199 514/338/200 515/339/201
f 514/338/200 513/337/199 516/340/202
f 517/341/203 514/338/200 516/340/202
f 514/338/200 517/341/203 518/342/204
f 519/343/189 520/344/189 521/345/189
f 520/344/189 519/343/189 522/346/189
f 523/347/190 522/346/189 519/343/189
f 523/347/190 524/348/189 522/346/189
f 524/348/189 523/347/190 525/349/190
f 525/349/190 523/347/190 526/350/190
f 527/333/189 528/336/189 529/331/189
f 528/336/189 527/333/189 530/335/189
f 531/334/189 529/331/189 528/336/189
f 529/331/189 531/334/189 532/332/189
f 533/351/205 534/352/206 535/347/207
f 534/352/206 536/350/208 535/347/207
f 533/351/205 535/347/207 537/343/209
f 536/350/208 534/352/206 538/353/210
f 537/343/209 539/354/211 533/351/205
f 538/353/210 540/349/212 536/350/208
f 539/354/211 537/343/209 541/345/213
f 538/353/210 542/355/214 540/349/212
f 543/356/215 539/354/211 541/345/213
f 542/355/214 544/348/216 540/349/212
f 543/356/215 541/345/213 545/344/217
f 544/348/216 542/355/214 546/357/218
f 547/346/219 543/356/215 545/344/217
f 546/357/218 547/346/219 544/348/216
f 543/356/215 547/346/219 548/358/220
f 546/357/218 548/358/220 547/346/219
f 549/341/189 550/314/189 551/318/189
f 550/314/189 549/341/189 552/340/189
f 553/315/189 550/314/189 552/340/189
f 553/315/189 552/340/189 554/337/189
f 555/359/190 556/360/189 557/361/189
f 558/362/189 557/361/189 556/360/189
f 555/359/190 557/361/189 559/363/190
f 556/360/189 560/364/189 558/362/189
f 559/363/190 561/365/189 555/359/190
f 560/364/189 556/360/189 562/366/189
f 562/366/189 563/367/189 560/364/189
f 563/367/189 562/366/189 564/368/189
f 565/369/189 555/359/190 561/365/189
f 565/369/189 561/365/189 566/370/189
f 566/370/189 567/371/190 565/369/189
f 568/372/189 565/369/189 567/371/190
f 567/371/190 569/373/189 568/372/189
f 570/303/189 571/308/190 572/374/189
f 572/374/189 573/304/189 570/303/189
f 572/374/189 571/308/190 574/312/190
f 575/375/190 574/312/190 571/308/190
f 574/312/190 575/375/190 576/310/189
f 573/304/189 572/374/189 577/376/189
f 578/305/189 573/304/189 577/376/189
f 578/305/189 577/376/189 579/377/189
f 580/378/190 581/379/189 582/380/189
f 581/379/189 580/378/190 583/381/190
f 584/366/163 585/382/163 586/368/163
f 587/375/221 588/308/221 589/307/221
f 587/375/221 589/307/221 590/383/221
f 591/312/222 592/384/222 593/374/222
f 592/384/222 591/312/222 594/309/223
f 595/377/224 596/376/224 597/385/224
f 597/385/224 598/386/224 595/377/224
f 599/376/225 600/374/225 601/384/225
f 601/384/225 602/385/226 599/376/225
f 603/387/227 604/388/228 605/389/227
f 606/390/228 605/389/227 604/388/228
f 607/387/229 608/391/229 609/388/229
f 608/391/229 607/387/229 610/392/229
f 611/393/230 612/394/231 613/389/231
f 611/393/230 613/389/231 614/390/230
f 615/395/232 616/387/233 617/389/233
f 616/387/233 615/395/232 618/396/232
f 619/397/234 620/389/234 621/394/235
f 620/389/234 619/397/234 622/395/235
f 623/387/236 624/396/236 625/398/237
f 623/387/236 625/398/237 626/392/236
f 627/399/238 628/400/239 629/401/239
f 630/402/239 629/401/239 628/400/239
f 631/403/240 632/404/240 633/405/240
f 634/406/240 633/405/240 632/404/240
f 635/399/240 636/401/240 637/407/240
f 637/407/240 638/408/240 635/399/240
f 639/409/235 640/406/235 641/410/235
f 640/406/235 639/409/235 642/405/234
f 643/404/236 644/403/236 645/411/236
f 643/404/236 645/411/236 646/412/236
f 647/413/241 648/414/242 649/415/241
f 648/414/242 647/413/241 650/416/242
f 653/417/18 651/418/21 652/419/21
f 653/417/18 652/419/21 654/420/243
f 655/421/19 653/417/18 654/420/243
f 653/417/18 655/421/19 656/422/19
f 661/423/244 659/424/16 657/425/16
f 661/423/244 660/426/15 658/427/15
f 659/424/16 661/423/244 662/428/17
f 658/427/15 662/428/17 661/423/244
f 663/429/245 664/430/246 665/431/245
f 664/430/246 663/429/245 666/432/246
f 667/433/247 668/434/247 669/435/247
f 668/434/247 667/433/247 670/436/247
f 671/437/248 672/438/248 673/439/248
f 673/439/248 674/440/248 671/437/248
f 675/434/249 676/436/249 677/438/249
f 675/434/249 677/438/249 678/437/250
f 679/441/251 680/442/252 681/443/252
f 680/442/252 679/441/251 682/444/253
f 685/417/34 684/425/35 683/418/35
f 684/425/35 685/417/34 686/423/32
f 687/422/33 686/423/32 685/417/34
f 686/423/32 687/422/33 688/426/31
f 689/445/254 690/446/254 691/447/254
f 692/448/254 691/447/254 690/446/254
f 693/449/35 694/450/35 695/451/255
f 694/450/35 693/449/35 696/452/35
f 697/452/256 698/453/257 699/450/257
f 698/453/257 697/452/256 700/454/256
f 701/455/258 702/456/258 703/449/258
f 701/455/258 703/449/258 704/451/258
f 705/457/259 706/458/259 707/459/259
f 707/459/259 706/458/259 708/460/260
f 710/461/242 711/462/261 709/463/242
f 712/464/262 709/463/242 711/462/261
f 715/465/62 714/466/63 713/467/64
f 715/465/62 713/467/64 716/468/62
f 719/469/16 717/470/60 718/471/60
f 717/470/60 719/469/16 720/472/61
f 721/473/263 722/474/263 723/475/264
f 724/476/265 725/477/266 726/478/265
f 727/475/267 728/474/267 729/476/267
f 727/475/267 729/476/267 730/478/267
f 731/479/268 732/480/268 733/481/268
f 732/480/268 731/479/268 734/482/268
f 735/483/269 736/458/270 737/457/269
f 736/458/270 735/483/269 738/484/270
f 739/485/271 740/449/271 741/456/271
f 740/449/271 739/485/271 742/486/271
f 743/452/272 744/487/272 745/488/273
f 743/452/272 745/488/273 746/454/272
f 747/486/274 748/452/275 749/449/274
f 748/452/275 747/486/274 750/487/274
f 751/489/276 752/490/276 753/491/277
f 752/490/276 751/489/276 754/492/276
f 755/493/278 756/494/279 757/495/279
f 755/493/278 757/495/279 758/496/278
f 759/471/68 760/465/35 761/469/35
f 760/465/35 759/471/68 762/466/67
f 763/494/280 764/493/281 765/492/281
f 766/490/280 765/492/281 764/493/281
f 767/497/282 768/498/282 769/499/282
f 767/497/282 769/499/282 770/500/282
f 771/497/283 772/501/284 773/502/284
f 772/501/284 771/497/283 774/500/284
f 775/503/285 776/499/285 777/498/285
f 776/499/285 775/503/285 778/504/286
f 779/505/287 780/506/287 781/507/287
f 780/506/287 779/505/287 782/508/287
f 783/509/288 784/510/289 785/511/288
f 784/510/289 783/509/288 786/512/290
f 787/513/291 784/510/289 786/512/290
f 784/510/289 787/513/291 788/514/291
f 789/515/96 790/516/82 791/517/82
f 792/518/82 791/517/82 790/516/82
f 789/515/96 791/517/82 793/519/96
f 791/517/82 792/518/82 794/520/82
f 789/515/96 793/519/96 795/521/82
f 792/518/82 796/522/96 794/520/82
f 795/521/82 793/519/96 797/523/82
f 792/518/82 798/524/96 796/522/96
f 799/525/82 795/521/82 797/523/82
f 798/524/96 799/525/82 796/522/96
f 795/521/82 799/525/82 800/526/82
f 800/526/82 799/525/82 798/524/96
f 801/525/89 802/523/86 803/527/86
f 801/525/89 803/527/86 804/528/292
f 802/523/86 805/529/85 803/527/86
f 806/530/91 801/525/89 804/528/292
f 805/529/85 802/523/86 807/519/85
f 801/525/89 806/530/91 808/522/90
f 809/517/87 805/529/85 807/519/85
f 810/520/88 808/522/90 806/530/91
f 805/529/85 809/517/87 811/531/83
f 810/520/88 806/530/91 812/532/88
f 809/517/87 812/532/88 811/531/83
f 812/532/88 809/517/87 810/520/88
f 813/533/293 814/534/294 815/535/293
f 814/534/294 813/533/293 816/536/295
f 817/537/296 814/534/294 816/536/295
f 814/534/294 817/537/296 818/538/296
f 819/539/82 820/540/82 821/541/82
f 820/540/82 819/539/82 822/542/82
f 823/543/82 822/542/82 819/539/82
f 823/543/82 824/544/82 822/542/82
f 824/544/82 823/543/82 825/545/82
f 825/545/82 823/543/82 826/546/82
f 827/529/82 828/532/82 829/527/96
f 828/532/82 827/529/82 830/531/82
f 831/530/96 829/527/96 828/532/82
f 829/527/96 831/530/96 832/528/96
f 833/547/297 834/548/298 835/543/299
f 834/548/298 836/546/300 835/543/299
f 833/547/297 835/543/299 837/539/301
f 836/546/300 834/548/298 838/549/302
f 837/539/301 839/550/303 833/547/297
f 838/549/302 840/545/304 836/546/300
f 839/550/303 837/539/301 841/541/305
f 838/549/302 842/551/306 840/545/304
f 843/552/307 839/550/303 841/541/305
f 842/551/306 844/544/308 840/545/304
f 843/552/307 841/541/305 845/540/309
f 844/544/308 842/551/306 846/553/310
f 847/542/311 843/552/307 845/540/309
f 846/553/310 847/542/311 844/544/308
f 843/552/307 847/542/311 848/554/312
f 846/553/310 848/554/312 847/542/311
f 849/537/82 850/510/96 851/514/82
f 850/510/96 849/537/82 852/536/96
f 853/511/82 850/510/96 852/536/96
f 853/511/82 852/536/96 854/533/82
f 855/555/82 856/556/113 857/557/82
f 858/558/82 857/557/82 856/556/113
f 855/555/82 857/557/82 859/559/82
f 856/556/113 860/560/82 858/558/82
f 859/559/82 861/561/82 855/555/82
f 860/560/82 856/556/113 862/562/82
f 862/562/82 863/563/82 860/560/82
f 863/563/82 862/562/82 864/564/82
f 865/565/96 855/555/82 861/561/82
f 865/565/96 861/561/82 866/566/82
f 866/566/82 867/567/96 865/565/96
f 868/568/82 865/565/96 867/567/96
f 867/567/96 869/569/82 868/568/82
f 870/499/82 871/504/82 872/570/82
f 872/570/82 873/500/82 870/499/82
f 872/570/82 871/504/82 874/508/96
f 875/571/96 874/508/96 871/504/82
f 874/508/96 875/571/96 876/506/96
f 873/500/82 872/570/82 877/572/82
f 878/501/96 873/500/82 877/572/82
f 878/501/96 877/572/82 879/573/82
f 880/574/96 881/575/96 882/576/96
f 881/575/96 880/574/96 883/577/96
f 885/562/266 884/578/266 886/564/266
f 887/571/313 888/504/313 889/503/314
f 887/571/313 889/503/314 890/579/313
f 891/508/315 892/580/315 893/570/315
f 892/580/315 891/508/315 894/505/316
f 895/573/317 896/572/318 897/581/317
f 897/581/317 898/582/317 895/573/317
f 899/572/319 900/570/319 901/580/319
f 901/580/319 902/581/319 899/572/319
f 903/583/320 904/584/320 905/585/320
f 906/586/320 905/585/320 904/584/320
f 907/587/321 908/588/321 909/589/321
f 907/587/321 909/589/321 910/590/321
f 911/590/322 912/589/322 913/591/322
f 911/590/322 913/591/322 914/592/322
f 915/593/323 916/587/324 917/594/323
f 916/587/324 915/593/323 918/588/323
f 919/595/325 920/596/326 921/597/325
f 919/595/325 921/597/325 922/598/327
f 923/599/328 924/600/328 925/601/328
f 923/599/328 925/601/328 926/602/328
f 927/423/133 928/424/64 929/425/329
f 928/424/64 927/423/133 930/428/330
f 927/423/133 931/427/134 930/428/330
f 931/427/134 927/423/133 932/426/134
f 933/419/132 934/420/131 935/417/130
f 936/421/129 935/417/130 934/420/131
f 935/417/130 937/418/132 933/419/132
f 935/417/130 936/421/129 938/422/129
f 939/603/331 940/604/331 941/605/331
f 940/604/331 939/603/331 942/606/331
f 943/607/332 944/608/333 945/609/333
f 945/609/333 946/610/332 943/607/332
f 947/611/334 948/612/334 949/613/335
f 948/612/334 947/611/334 950/614/334
f 951/605/336 952/615/337 953/616/336
f 952/615/337 951/605/336 954/604/337
f 955/614/331 956/607/331 957/612/331
f 956/607/331 955/614/331 958/608/331
f 959/617/338 960/618/338 961/619/334
f 960/618/338 959/617/338 962/620/339
f 963/621/332 964/622/333 965/623/332
f 963/621/332 965/623/332 966/624/333
f 967/622/331 968/621/331 969/619/340
f 970/617/340 969/619/340 968/621/331
f 971/625/332 972/626/332 973/627/332
f 971/625/332 973/627/332 974/628/333
f 975/629/334 976/630/334 977/631/334
f 976/630/334 975/629/334 978/632/334
f 981/417/146 980/425/67 979/418/68
f 980/425/67 981/417/146 982/423/146
f 983/422/145 982/423/146 981/417/146
f 982/423/146 983/422/145 984/426/145
f 985/626/331 986/625/331 987/632/331
f 988/630/331 987/632/331 986/625/331
f 989/633/341 990/634/341 991/635/341
f 990/634/341 989/633/341 992/636/341
f 993/634/342 994/636/342 995/637/343
f 993/634/342 995/637/343 996/638/342
f 997/639/344 998/635/344 999/640/344
f 998/635/344 997/639/344 1000/633/344
f 1001/641/345 1002/642/346 1003/643/345
f 1004/644/346 1003/643/345 1002/642/346
f 1005/645/347 1006/646/348 1007/647/349
f 1006/646/348 1005/645/347 1008/648/350
f 1009/649/351 1010/650/352 1011/643/353
f 1011/643/353 1012/644/352 1009/649/351
f 1013/641/354 1014/651/355 1015/642/356
f 1014/651/355 1013/641/354 1016/652/354
f 1017/634/357 1018/653/357 1019/635/357
f 1020/654/357 1019/635/357 1018/653/357
f 1021/655/358 1022/656/358 1023/657/358
f 1024/658/358 1023/657/358 1022/656/358
f 1025/634/359 1026/659/359 1027/653/360
f 1026/659/359 1025/634/359 1028/638/359
f 1029/660/361 1030/640/361 1031/635/361
f 1031/635/361 1032/654/361 1029/660/361
f 1033/661/362 1034/647/363 1035/646/363
f 1033/661/362 1035/646/363 1036/662/362
f 1037/663/364 1038/664/364 1039/665/364
f 1038/664/364 1037/663/364 1040/666/364
f 1041/667/365 1042/668/366 1043/669/365
f 1041/667/365 1043/669/365 1044/670/366
f 1045/671/367 1046/672/367 1047/668/368
f 1045/671/367 1047/668/368 1048/667/367
f 1049/669/369 1050/673/369 1051/670/369
f 1050/673/369 1049/669/369 1052/674/369
f 1054/675/160 1055/676/159 1053/677/160
f 1054/675/160 1056/678/159 1055/676/159
f 1059/679/158 1058/680/157 1057/681/157
f 1058/680/157 1059/679/158 1060/682/15
f 1061/683/370 1062/684/370 1063/685/370
f 1062/684/370 1061/683/370 1064/686/370
f 1068/675/145 1066/682/31 1065/678/33
f 1066/682/31 1068/675/145 1067/680/145
f 1069/687/371 1070/688/372 1071/689/372
f 1070/688/372 1069/687/371 1072/690/372
f 1073/687/373 1074/691/373 1075/690/373
f 1073/687/373 1076/692/373 1074/691/373
f 1077/693/374 1078/689/374 1079/688/374
f 1077/693/374 1079/688/374 1080/694/374
f 1081/695/375 1082/696/375 1083/697/375
f 1081/695/375 1083/697/375 1084/698/375
f 1085/699/376 1086/700/377 1087/701/378
f 1086/700/377 1085/699/376 1088/702/376
f 1089/703/379 1087/701/378 1086/700/377
f 1089/703/379 1086/700/377 1090/704/379
f 1091/705/189 1092/706/189 1093/707/189
f 1091/705/189 1093/707/189 1094/708/189
f 1092/706/189 1095/709/190 1093/707/189
f 1096/710/189 1091/705/189 1094/708/189
f 1097/711/189 1095/709/190 1092/706/189
f 1091/705/189 1096/710/189 1098/712/189
f 1099/713/190 1095/709/190 1097/711/189
f 1100/714/189 1098/712/189 1096/710/189
f 1095/709/190 1099/713/190 1101/715/190
f 1100/714/189 1096/710/189 1102/716/189
f 1099/713/190 1102/716/189 1101/715/190
f 1102/716/189 1099/713/190 1100/714/189
f 1103/710/197 1104/717/196 1105/716/194
f 1104/717/196 1106/715/192 1105/716/194
f 1104/717/196 1103/710/197 1107/718/197
f 1106/715/192 1104/717/196 1108/719/192
f 1103/710/197 1109/720/380 1107/718/197
f 1110/709/191 1106/715/192 1108/719/192
f 1109/720/380 1103/710/197 1111/708/198
f 1110/709/191 1108/719/192 1112/721/191
f 1111/708/198 1113/722/381 1109/720/380
f 1113/722/381 1110/709/191 1112/721/191
f 1111/708/198 1114/707/195 1113/722/381
f 1110/709/191 1113/722/381 1114/707/195
f 1115/723/382 1116/724/383 1117/725/384
f 1116/724/383 1115/723/382 1118/726/385
f 1119/727/386 1117/725/384 1116/724/383
f 1116/724/383 1120/728/386 1119/727/386
f 1121/729/190 1122/730/189 1123/731/189
f 1124/732/190 1121/729/190 1123/731/189
f 1121/729/190 1124/732/190 1125/733/190
f 1122/730/189 1121/729/190 1126/734/189
f 1122/730/189 1126/734/189 1127/735/189
f 1127/735/189 1126/734/189 1128/736/189
f 1129/717/189 1130/720/189 1131/722/189
f 1130/720/189 1129/717/189 1132/718/189
f 1129/717/189 1131/722/189 1133/719/189
f 1131/722/189 1134/721/189 1133/719/189
f 1135/737/387 1136/736/388 1137/738/389
f 1137/738/389 1136/736/388 1138/734/390
f 1136/736/388 1135/737/387 1139/735/391
f 1140/739/392 1137/738/389 1138/734/390
f 1135/737/387 1141/730/393 1139/735/391
f 1142/729/394 1140/739/392 1138/734/390
f 1141/730/393 1135/737/387 1143/740/395
f 1140/739/392 1142/729/394 1144/741/396
f 1145/742/397 1141/730/393 1143/740/395
f 1142/729/394 1146/733/398 1144/741/396
f 1141/730/393 1145/742/397 1147/731/399
f 1144/741/396 1146/733/398 1148/743/400
f 1149/744/401 1147/731/399 1145/742/397
f 1150/732/402 1148/743/400 1146/733/398
f 1147/731/399 1149/744/401 1150/732/402
f 1148/743/400 1150/732/402 1149/744/401
f 1151/702/190 1152/725/190 1153/700/190
f 1152/725/190 1151/702/190 1154/723/190
f 1155/727/190 1153/700/190 1152/725/190
f 1153/700/190 1155/727/190 1156/704/190
f 1157/745/190 1158/746/189 1159/747/189
f 1158/746/189 1160/748/189 1159/747/189
f 1158/746/189 1157/745/190 1161/749/190
f 1162/750/190 1159/747/189 1160/748/189
f 1163/751/190 1161/749/190 1157/745/190
f 1164/752/189 1163/751/190 1157/745/190
f 1163/751/190 1164/752/189 1165/753/189
f 1166/754/190 1159/747/189 1162/750/190
f 1162/750/190 1167/755/190 1166/754/190
f 1168/756/190 1166/754/190 1167/755/190
f 1166/754/190 1168/756/190 1169/757/189
f 1170/758/189 1169/757/189 1168/756/190
f 1169/757/189 1170/758/189 1171/759/189
f 1172/760/189 1173/761/189 1174/691/189
f 1175/690/189 1174/691/189 1173/761/189
f 1176/762/190 1175/690/189 1173/761/189
f 1175/690/189 1176/762/190 1177/688/190
f 1178/694/190 1177/688/190 1176/762/190
f 1178/694/190 1176/762/190 1179/696/190
f 1179/696/190 1180/763/189 1178/694/190
f 1180/763/189 1179/696/190 1181/695/189
f 1182/764/189 1183/765/189 1184/766/189
f 1183/765/189 1182/764/189 1185/767/189
f 1186/757/403 1187/759/263 1188/768/263
f 1189/693/404 1190/763/404 1191/769/404
f 1190/763/404 1189/693/404 1192/694/405
f 1193/696/406 1194/770/406 1195/697/406
f 1194/770/406 1193/696/406 1196/762/407
f 1197/771/408 1198/760/409 1199/772/408
f 1198/760/409 1197/771/408 1200/761/408
f 1201/761/410 1202/770/410 1203/762/410
f 1202/770/410 1201/761/410 1204/771/410
f 1207/773/411 1206/774/412 1205/775/413
f 1206/774/412 1207/773/411 1208/776/414
f 1209/777/415 1211/778/416 1210/779/415
f 1211/778/416 1209/777/415 1212/780/416
f 1213/781/417 1214/782/418 1215/783/417
f 1213/781/417 1215/783/417 1216/784/417
f 1217/785/419 1218/786/419 1219/787/419
f 1218/786/419 1217/785/419 1220/788/420
f 1221/789/34 1222/790/421 1223/791/421
f 1221/789/34 1223/791/421 1224/792/34
f 1222/790/421 1225/793/422 1223/791/421
f 1226/794/423 1221/789/34 1224/792/34
f 1222/790/421 1227/795/422 1225/793/422
f 1221/789/34 1226/794/423 1228/796/424
f 1229/797/425 1228/796/424 1226/794/423
f 1228/796/424 1229/797/425 1230/798/425
f 1231/799/426 1232/800/427 1233/790/427
f 1234/801/428 1233/790/427 1232/800/427
f 1231/799/426 1233/790/427 1235/789/429
f 1233/790/427 1234/801/428 1236/795/430
f 1237/796/431 1231/799/426 1235/789/429
f 1231/799/426 1237/796/431 1239/802/431
f 1238/803/432 1234/801/433 1240/804/434
f 1237/796/431 1241/805/435 1239/802/431
f 1241/805/435 1237/796/431 1242/798/436
f 1241/805/435 1243/806/437 1244/807/438
f 1245/791/439 1246/793/440 1247/808/441
f 1245/791/439 1247/808/441 1249/809/439
f 1250/810/442 1247/808/441 1248/811/443
f 1249/809/439 1251/792/444 1245/791/439
f 1251/792/444 1249/809/439 1252/812/445
f 1252/812/445 1253/813/446 1251/792/444
f 1254/794/446 1251/792/444 1253/813/446
f 1253/813/446 1255/814/447 1254/794/446
f 1256/797/448 1254/794/446 1255/814/447
f 1257/815/449 1255/814/450 1258/816/451
f 1261/817/452 1260/818/453 1259/819/454
f 1260/818/453 1261/817/452 1262/820/452
f 1265/821/455 1263/822/456 1264/823/457
f 1263/822/456 1265/821/455 1266/824/458
f 1267/812/459 1266/824/458 1265/821/455
f 1266/824/458 1267/812/459 1268/825/460
f 1271/826/461 1269/827/462 1270/828/463
f 1270/828/463 1272/829/461 1271/826/461
f 1275/830/464 1274/831/465 1273/832/466
f 1275/830/464 1273/832/466 1276/833/467
f 1277/799/468 1275/830/464 1276/833/467
f 1277/799/468 1276/833/467 1278/834/468
f 1280/835/469 1281/836/470 1279/837/471
f 1281/836/470 1280/835/469 1282/838/470
f 1283/839/472 1285/840/473 1284/841/474
f 1285/840/473 1283/839/472 1286/842/475
f 1286/842/475 1287/812/476 1285/840/473
f 1287/812/476 1286/842/475 1288/825/476
f 1289/843/477 1291/844/478 1290/845/479
f 1290/845/479 1291/844/478 1292/846/480
f 1294/847/481 1295/848/482 1293/849/483
f 1296/850/484 1293/849/483 1295/848/482
f 1295/848/482 1297/799/485 1296/850/484
f 1298/834/486 1296/850/484 1297/799/485
f 1299/828/487 1300/818/487 1301/820/488
f 1301/820/488 1302/829/488 1299/828/487
f 1304/832/489 1303/822/489 1305/824/490
f 1305/824/490 1306/833/491 1304/832/489
f 1306/833/491 1305/824/490 1307/825/8
f 1307/825/8 1308/834/8 1306/833/491
f 1310/845/492 1311/838/493 1309/835/492
f 1312/846/494 1311/838/493 1310/845/492
f 1314/849/495 1315/842/496 1313/839/495
f 1316/850/496 1315/842/496 1314/849/495
f 1316/850/496 1317/825/239 1315/842/496
f 1317/825/239 1316/850/496 1318/834/497
f 1319/851/498 1320/852/498 1321/853/498
f 1320/852/498 1319/851/498 1322/854/498
f 1323/855/499 1324/856/500 1325/857/501
f 1324/856/500 1323/855/499 1326/858/499
f 1327/851/502 1328/859/502 1329/860/502
f 1328/859/502 1327/851/502 1330/853/503
f 1331/854/504 1332/861/505 1333/852/505
f 1332/861/505 1331/854/504 1334/862/504
f 1335/854/506 1336/863/506 1337/864/507
f 1338/865/506 1335/854/506 1337/864/507
f 1336/863/506 1335/854/506 1339/851/506
f 1335/854/506 1338/865/506 1340/862/506
f 1339/851/506 1341/866/506 1336/863/506
f 1342/867/508 1340/862/506 1338/865/506
f 1341/866/506 1339/851/506 1343/860/506
f 1344/868/506 1340/862/506 1342/867/508
f 1343/860/506 1345/869/506 1341/866/506
f 1344/868/506 1342/867/508 1346/870/506
f 1345/869/506 1343/860/506 1347/871/506
f 1342/867/508 1348/872/506 1346/870/506
f 1349/873/506 1345/869/506 1347/871/506
f 1350/874/507 1346/870/506 1348/872/506
f 1345/869/506 1349/873/506 1350/874/507
f 1349/873/506 1346/870/506 1350/874/507
f 1353/875/509 1351/876/510 1352/877/511
f 1351/876/510 1353/875/509 1354/878/509
f 1355/879/512 1354/878/509 1353/875/509
f 1354/878/509 1355/879/512 1356/880/512
f 1357/881/512 1356/880/512 1355/879/512
f 1356/880/512 1357/881/512 1358/882/512
f 1360/883/513 1361/879/514 1359/875/515
f 1360/883/513 1362/884/516 1361/879/514
f 1363/885/517 1361/879/514 1362/884/516
f 1361/879/514 1363/885/517 1364/881/518
f 1365/878/519 1367/886/520 1366/887/521
f 1365/878/519 1368/880/520 1367/886/520
f 1368/880/520 1369/888/522 1367/886/520
f 1368/880/520 1370/882/522 1369/888/522
f 1373/889/523 1371/890/524 1372/891/525
f 1371/890/524 1373/889/523 1374/892/523
f 1375/893/526 1377/894/527 1376/895/528
f 1375/893/526 1378/896/529 1377/894/527
f 1381/892/530 1380/893/531 1379/890/532
f 1380/893/531 1381/892/530 1382/896/530
f 1383/897/471 1384/898/533 1385/899/469
f 1384/898/533 1383/897/471 1386/900/533
f 1388/901/534 1389/902/472 1387/903/534
f 1389/902/472 1390/904/535 1387/903/534
f 1391/905/536 1392/906/537 1393/907/536
f 1393/907/536 1392/906/537 1394/908/538
f 1395/909/539 1397/910/540 1396/911/539
f 1397/910/540 1395/909/539 1398/912/481
f 1399/899/492 1400/907/512 1401/908/492
f 1400/907/512 1399/899/492 1402/898/512
f 1404/911/541 1405/902/542 1403/901/543
f 1406/910/542 1405/902/542 1404/911/541
f 1407/913/544 1408/855/545 1409/858/546
f 1407/913/544 1409/858/546 1410/914/547
f 1411/915/548 1412/916/549 1413/917/549
f 1412/916/549 1411/915/548 1414/918/550
f 1411/915/548 1415/919/551 1414/918/550
f 1415/919/551 1411/915/548 1416/920/551
f 1417/921/552 1418/922/553 1419/923/554
f 1418/922/553 1417/921/552 1420/924/553
f 1421/925/555 1417/921/552 1419/923/554
f 1417/921/552 1421/925/555 1422/926/556
f 1423/927/557 1424/928/558 1425/929/558
f 1425/929/558 1424/928/558 1426/930/558
f 1427/931/559 1428/932/559 1429/933/559
f 1427/931/559 1429/933/559 1430/934/559
f 1431/935/560 1432/936/561 1433/937/561
f 1434/928/560 1432/936/561 1431/935/560
f 1435/938/562 1436/939/562 1437/940/562
f 1437/940/562 1438/931/562 1435/938/562
f 1439/941/563 1441/942/443 1440/943/441
f 1442/944/564 1444/945/565 1443/946/566
f 1445/947/96 1446/948/82 1447/949/82
f 1446/948/82 1448/950/82 1447/949/82
f 1446/948/82 1449/943/82 1448/950/82
f 1446/948/82 1450/951/82 1449/943/82
f 1450/951/82 1446/948/82 1451/952/82
f 1452/953/82 1450/951/82 1451/952/82
f 1453/954/82 1450/951/82 1452/953/82
f 1452/953/82 1454/955/96 1453/954/82
f 1454/955/96 1452/953/82 1455/956/82
f 1456/957/96 1454/955/96 1455/956/82
f 1454/955/96 1456/957/96 1457/944/96
f 1456/957/96 1458/958/82 1457/944/96
f 1459/959/96 1458/958/82 1456/957/96
f 1459/959/96 1456/957/96 1460/960/96
f 1461/961/96 1459/959/96 1460/960/96
f 1459/959/96 1461/961/96 1462/962/82
f 1460/960/96 1463/963/96 1461/961/96
f 1464/964/96 1463/963/96 1460/960/96
f 1465/965/96 1463/963/96 1464/964/96
f 1463/963/96 1465/965/96 1466/966/82
f 1466/966/82 1465/965/96 1467/967/96
f 1465/965/96 1468/968/96 1467/967/96
f 1468/968/96 1469/969/82 1467/967/96
f 1468/968/96 1470/970/82 1469/969/82
f 1469/969/82 1470/970/82 1471/971/82
f 1469/969/82 1471/971/82 1472/972/82
f 1472/972/82 1471/971/82 1473/973/96
f 1472/972/82 1473/973/96 1474/974/96
f 1473/973/96 1475/975/96 1474/974/96
f 1475/975/96 1473/973/96 1476/976/96
f 1445/947/96 1475/975/96 1476/976/96
f 1475/975/96 1445/947/96 1477/977/82
f 1447/949/82 1477/977/82 1445/947/96
f 1477/977/82 1447/949/82 1478/978/82
f 1479/979/82 1480/932/82 1481/940/82
f 1480/932/82 1482/931/82 1481/940/82
f 1483/936/82 1484/928/82 1485/927/82
f 1485/927/82 1486/980/82 1483/936/82
f 1487/981/82 1488/982/82 1489/926/82
f 1488/982/82 1490/921/82 1489/926/82
f 1488/982/82 1491/924/96 1490/921/82
f 1491/924/96 1488/982/82 1492/983/82
f 1493/920/82 1494/915/82 1495/984/82
f 1495/984/82 1496/985/82 1493/920/82
f 1497/917/82 1495/984/82 1494/915/82
f 1495/984/82 1497/917/82 1498/986/82
f 1499/932/567 1500/979/568 1501/987/568
f 1501/987/568 1502/988/569 1499/932/567
f 1503/927/570 1504/989/571 1505/980/571
f 1506/990/572 1504/989/571 1503/927/570
f 1507/983/573 1508/982/574 1509/991/575
f 1507/983/573 1509/991/575 1510/992/573
f 1511/981/576 1509/991/575 1508/982/574
f 1509/991/575 1511/981/576 1512/993/576
f 1513/984/577 1514/986/578 1515/994/579
f 1516/995/578 1515/994/579 1514/986/578
f 1515/994/579 1517/985/580 1513/984/577
f 1517/985/580 1515/994/579 1518/996/580
f 1519/997/581 1520/998/581 1521/999/581
f 1521/999/581 1522/1000/582 1519/997/581
f 1523/1001/583 1524/1002/584 1525/1003/585
f 1524/1002/584 1523/1001/583 1526/1004/586
f 1527/1005/587 1528/1006/587 1529/1007/588
f 1528/1006/587 1527/1005/587 1530/1008/587
f 1531/1009/589 1532/1010/590 1533/1011/591
f 1532/1010/590 1531/1009/589 1534/1012/592
f 1535/1000/593 1536/1002/594 1537/997/594
f 1536/1002/594 1535/1000/593 1538/1003/594
f 1539/1008/595 1540/1009/595 1541/1011/595
f 1540/1009/595 1539/1008/595 1542/1005/596
f 1543/816/597 1544/1013/598 1545/1014/599
f 1544/1013/598 1543/816/597 1546/815/597
f 1547/1015/600 1545/1014/599 1544/1013/598
f 1548/1016/601 1545/1014/599 1547/1015/600
f 1549/807/602 1550/1017/603 1551/806/604
f 1550/1017/603 1549/807/602 1552/1018/605
f 1552/1018/605 1553/1019/606 1550/1017/603
f 1553/1019/606 1552/1018/605 1554/1020/607
f 1555/810/597 1556/1021/608 1557/1022/609
f 1557/1022/609 1558/811/597 1555/810/597
f 1556/1021/608 1559/1023/524 1557/1022/609
f 1556/1021/608 1560/1024/610 1559/1023/524
f 1561/1025/611 1562/804/604 1563/803/604
f 1562/804/604 1561/1025/611 1564/1026/612
f 1565/1027/613 1564/1026/612 1561/1025/611
f 1564/1026/612 1565/1027/613 1566/1028/614
f 1567/1013/615 1568/1017/615 1569/1015/616
f 1570/815/146 1568/1017/615 1567/1013/615
f 1568/1017/615 1570/815/146 1571/806/146
f 1569/1015/616 1568/1017/615 1572/1019/616
f 1573/1023/617 1574/1025/618 1575/1022/618
f 1575/1022/618 1574/1025/618 1576/811/146
f 1576/811/146 1574/1025/618 1577/803/146
f 1574/1025/618 1573/1023/617 1578/1027/617
f 1579/1029/619 1580/812/620 1581/792/620
f 1580/812/620 1582/1030/621 1581/792/620
f 1579/1029/619 1581/792/620 1583/1031/622
f 1584/1032/623 1579/1029/619 1583/1031/622
f 1584/1032/623 1583/1031/622 1585/1033/623
f 1586/1034/624 1581/792/620 1582/1030/621
f 1582/1030/621 1587/1035/625 1586/1034/624
f 1588/1036/623 1586/1034/624 1587/1035/625
f 1589/1037/626 1590/1038/627 1591/1039/627
f 1590/1038/627 1589/1037/626 1592/1040/628
f 1593/789/629 1592/1040/628 1589/1037/626
f 1592/1040/628 1593/789/629 1594/799/629
f 1593/789/629 1595/1041/630 1594/799/629
f 1595/1041/630 1593/789/629 1596/1042/631
f 1596/1042/631 1597/1043/632 1595/1041/630
f 1597/1043/632 1596/1042/631 1598/1044/633
f 1599/792/146 1600/1037/634 1601/1031/635
f 1602/1039/146 1601/1031/635 1600/1037/634
f 1601/1031/635 1602/1039/146 1603/1033/146
f 1600/1037/634 1599/792/146 1604/789/146
f 1599/792/146 1605/1042/636 1604/789/146
f 1599/792/146 1606/1034/636 1605/1042/636
f 1606/1034/636 1607/1044/146 1605/1042/636
f 1606/1034/636 1608/1036/146 1607/1044/146
f 1609/1045/637 1610/1008/638 1611/1046/638
f 1610/1008/638 1612/1011/637 1611/1046/638
f 1613/1047/639 1614/1048/639 1615/1000/639
f 1615/1000/639 1614/1048/639 1616/1003/639
f 1617/1049/640 1618/834/640 1619/799/640
f 1618/834/640 1620/1050/640 1619/799/640
f 1617/1049/640 1619/799/640 1621/800/640
f 1622/828/640 1617/1049/640 1621/800/640
f 1622/828/640 1621/800/640 1623/827/640
f 1624/802/640 1619/799/640 1620/1050/640
f 1620/1050/640 1625/845/640 1624/802/640
f 1626/843/640 1624/802/640 1625/845/640
f 1627/809/641 1628/818/641 1629/819/641
f 1628/818/641 1627/809/641 1630/1051/642
f 1627/809/641 1631/825/641 1630/1051/642
f 1627/809/641 1632/812/642 1631/825/641
f 1633/813/641 1631/825/641 1632/812/642
f 1631/825/641 1633/813/641 1634/1052/641
f 1633/813/641 1635/835/641 1634/1052/641
f 1635/835/641 1633/813/641 1636/837/642
f 1637/818/146 1638/1051/146 1639/1049/146
f 1637/818/146 1639/1049/146 1640/828/146
f 1638/1051/146 1641/834/146 1639/1049/146
f 1638/1051/146 1642/825/146 1641/834/146
f 1643/1052/146 1641/834/146 1642/825/146
f 1641/834/146 1643/1052/146 1644/1050/146
f 1645/835/146 1644/1050/146 1643/1052/146
f 1644/1050/146 1645/835/146 1646/845/146
f 1647/1053/643 1648/1054/644 1649/1055/645
f 1650/1056/646 1647/1053/643 1649/1055/645
f 1651/1057/647 1653/1058/648 1652/1059/649
f 1653/1058/648 1651/1057/647 1654/1060/650
f 1655/1061/651 1656/1062/651 1657/1063/651
f 1656/1062/651 1655/1061/651 1658/1064/651
f 1659/1065/652 1660/1066/653 1661/1067/654
f 1659/1065/652 1661/1067/654 1662/1068/652
f 1663/1069/655 1664/1061/655 1665/1070/655
f 1664/1061/655 1663/1069/655 1666/1064/656
f 1667/1071/657 1668/1063/657 1669/1062/657
f 1668/1063/657 1667/1071/657 1670/1072/658
f 1671/1073/659 1672/1063/660 1673/1074/660
f 1672/1063/660 1674/1075/660 1673/1074/660
f 1672/1063/660 1671/1073/659 1675/1061/661
f 1674/1075/660 1672/1063/660 1676/1072/660
f 1675/1061/661 1671/1073/659 1677/1076/660
f 1678/1077/660 1674/1075/660 1676/1072/660
f 1675/1061/661 1677/1076/660 1679/1070/660
f 1678/1077/660 1676/1072/660 1680/1078/659
f 1681/1079/660 1679/1070/660 1677/1076/660
f 1682/1080/660 1678/1077/660 1680/1078/659
f 1679/1070/660 1681/1079/660 1683/1081/660
f 1678/1077/660 1682/1080/660 1684/1082/660
f 1681/1079/660 1685/1083/660 1683/1081/660
f 1682/1080/660 1686/1084/660 1684/1082/660
f 1685/1083/660 1681/1079/660 1686/1084/660
f 1682/1080/660 1685/1083/660 1686/1084/660
f 1689/1085/662 1688/1086/663 1687/1087/664
f 1688/1086/663 1689/1085/662 1690/1088/662
f 1691/1089/665 1690/1088/662 1689/1085/662
f 1691/1089/665 1689/1085/662 1692/1090/665
f 1691/1089/665 1692/1090/665 1693/1091/665
f 1693/1091/665 1692/1090/665 1694/1092/665
f 1695/1088/437 1697/1089/666 1696/1093/667
f 1698/1094/666 1696/1093/667 1697/1089/666
f 1697/1089/666 1699/1095/668 1698/1094/666
f 1699/1095/668 1697/1089/666 1700/1091/666
f 1703/1096/669 1701/1085/565 1702/1097/670
f 1701/1085/565 1703/1096/669 1704/1090/671
f 1705/1098/669 1704/1090/671 1703/1096/669
f 1706/1092/672 1704/1090/671 1705/1098/669
f 1707/1099/673 1709/1100/674 1708/1101/675
f 1709/1100/674 1707/1099/673 1710/1102/674
f 1712/1103/676 1713/1104/677 1711/1105/678
f 1714/1106/679 1711/1105/678 1713/1104/677
f 1715/1099/680 1716/1105/681 1717/1102/682
f 1717/1102/682 1716/1105/681 1718/1106/682
f 1719/1107/683 1720/1108/684 1721/1109/453
f 1720/1108/684 1719/1107/683 1722/1110/683
f 1724/1111/685 1723/1112/452 1725/1113/456
f 1725/1113/456 1723/1112/452 1726/1114/457
f 1727/1115/462 1728/1116/686 1729/1117/687
f 1727/1115/462 1729/1117/687 1730/1118/463
f 1733/1119/466 1731/1120/688 1732/1121/688
f 1731/1120/688 1733/1119/466 1734/1122/689
f 1735/1118/487 1736/1117/665 1737/1109/487
f 1736/1117/665 1738/1107/665 1737/1109/487
f 1740/1121/690 1739/1111/690 1741/1113/489
f 1741/1113/489 1742/1119/489 1740/1121/690
f 1743/1123/649 1744/1068/691 1745/1065/691
f 1744/1068/691 1743/1123/649 1746/1124/692
f 1747/1125/693 1748/1126/694 1749/1127/695
f 1748/1126/694 1747/1125/693 1750/1128/696
f 1749/1127/695 1751/1129/697 1747/1125/693
f 1752/1130/697 1747/1125/693 1751/1129/697
f 1753/1131/698 1754/1132/699 1755/1133/699
f 1754/1132/699 1753/1131/698 1756/1134/700
f 1757/1135/701 1756/1134/700 1753/1131/698
f 1757/1135/701 1753/1131/698 1758/1136/701
f 1759/1137/702 1760/1138/702 1761/1139/703
f 1760/1138/702 1759/1137/702 1762/1140/702
f 1763/1141/704 1764/1142/704 1765/1143/704
f 1764/1142/704 1763/1141/704 1766/1144/704
f 1767/1145/705 1768/1146/705 1769/1137/706
f 1768/1146/705 1767/1145/705 1770/1147/705
f 1771/1148/707 1772/1149/707 1773/1150/707
f 1772/1149/707 1771/1148/707 1774/1141/707
f 1775/1151/433 1777/1152/708 1776/1153/430
f 1780/1154/437 1778/1155/435 1779/1156/709
f 1781/1157/190 1782/1158/189 1783/1159/189
f 1782/1158/189 1781/1157/190 1784/1160/189
f 1785/1161/189 1782/1158/189 1784/1160/189
f 1786/1162/190 1781/1157/190 1783/1159/189
f 1782/1158/189 1785/1161/189 1787/1163/189
f 1788/1151/190 1781/1157/190 1786/1162/190
f 1789/1164/190 1788/1151/190 1786/1162/190
f 1786/1162/190 1790/1165/189 1789/1164/190
f 1785/1161/189 1791/1166/189 1787/1163/189
f 1785/1161/189 1792/1155/189 1791/1166/189
f 1793/1167/189 1791/1166/189 1792/1155/189
f 1794/1168/189 1791/1166/189 1793/1167/189
f 1790/1165/189 1786/1162/190 1795/1169/189
f 1791/1166/189 1794/1168/189 1796/1170/189
f 1790/1165/189 1795/1169/189 1797/1171/189
f 1798/1172/189 1790/1165/189 1797/1171/189
f 1795/1169/189 1799/1173/189 1797/1171/189
f 1799/1173/189 1795/1169/189 1800/1174/189
f 1801/1175/189 1799/1173/189 1800/1174/189
f 1801/1175/189 1802/1176/189 1799/1173/189
f 1801/1175/189 1803/1177/189 1802/1176/189
f 1803/1177/189 1801/1175/189 1804/1178/189
f 1804/1178/189 1805/1179/190 1803/1177/189
f 1805/1179/190 1804/1178/189 1806/1180/189
f 1807/1181/189 1805/1179/190 1806/1180/189
f 1805/1179/190 1807/1181/189 1808/1182/189
f 1809/1183/189 1808/1182/189 1807/1181/189
f 1808/1182/189 1809/1183/189 1810/1184/189
f 1810/1184/189 1809/1183/189 1811/1185/189
f 1812/1186/189 1811/1185/189 1809/1183/189
f 1796/1170/189 1811/1185/189 1812/1186/189
f 1811/1185/189 1796/1170/189 1813/1187/189
f 1813/1187/189 1796/1170/189 1794/1168/189
f 1813/1187/189 1794/1168/189 1814/1188/189
f 1815/1143/189 1816/1149/189 1817/1141/189
f 1816/1149/189 1815/1143/189 1818/1189/189
f 1819/1140/189 1820/1146/189 1821/1190/189
f 1820/1146/189 1819/1140/189 1822/1137/189
f 1823/1191/189 1824/1136/189 1825/1131/189
f 1824/1136/189 1823/1191/189 1826/1192/189
f 1827/1133/189 1823/1191/189 1825/1131/189
f 1823/1191/189 1827/1133/189 1828/1193/189
f 1829/1194/189 1830/1130/189 1831/1195/189
f 1830/1130/189 1829/1194/189 1832/1125/189
f 1829/1194/189 1833/1128/189 1832/1125/189
f 1833/1128/189 1829/1194/189 1834/1196/189
f 1835/1143/710 1836/1197/710 1837/1189/710
f 1836/1197/710 1835/1143/710 1838/1198/710
f 1839/1140/711 1840/1199/712 1841/1200/712
f 1840/1199/712 1839/1140/711 1842/1190/712
f 1843/1193/713 1844/1201/714 1845/1191/715
f 1844/1201/714 1843/1193/713 1846/1202/713
f 1844/1201/714 1847/1192/716 1845/1191/715
f 1847/1192/716 1844/1201/714 1848/1203/716
f 1849/1196/717 1850/1204/718 1851/1205/717
f 1850/1204/718 1849/1196/717 1852/1194/719
f 1853/1195/720 1850/1204/718 1852/1194/719
f 1850/1204/718 1853/1195/720 1854/1206/721
f 1855/1207/722 1856/1208/723 1857/1209/34
f 1856/1208/723 1858/1210/724 1857/1209/34
f 1859/1211/725 1855/1207/722 1857/1209/34
f 1858/1210/724 1860/1212/726 1857/1209/34
f 1861/1213/727 1859/1211/725 1857/1209/34
f 1860/1212/726 1861/1213/727 1857/1209/34
f 1862/1214/728 1863/1215/729 1864/1216/728
f 1862/1214/728 1864/1216/728 1865/1217/729
f 1867/1218/730 1866/1219/731 1869/1220/730
f 1870/1221/732 1866/1219/733 1868/1222/734
f 1866/1219/733 1870/1221/732 1871/1223/732
f 1872/1224/735 1873/1225/735 1874/1223/736
f 1876/1226/737 1877/1227/737 1875/1215/737
f 1878/1228/738 1879/1229/739 1880/1230/739
f 1882/1231/740 1881/1216/740 1883/1232/740
f 1884/1223/741 1885/1233/742 1886/1234/742
f 1885/1233/742 1884/1223/741 1887/1219/741
f 1888/1235/743 1889/1225/743 1890/1223/743
f 1892/1236/744 1894/1237/745 1893/1238/746
f 1895/1239/747 1896/1237/748 1891/1238/749
f 1897/1240/750 1898/1230/751 1896/1237/752
f 1898/1230/751 1897/1240/750 1899/1241/753
f 1900/1242/754 1902/1219/755 1901/1220/755
f 1904/1243/756 1903/1225/757 1905/1223/758
f 1906/1229/759 1907/1244/760 1908/1245/761
f 1907/1244/760 1906/1229/759 1909/1230/762
f 1912/1232/763 1910/1246/764 1911/1247/765
f 1911/1247/765 1913/1216/766 1912/1232/763
f 1915/1248/767 1914/1227/768 1916/1215/768
f 1918/1249/769 1919/1230/770 1917/1237/771
f 1919/1230/770 1918/1249/769 1920/1250/772
f 1921/1251/773 1922/1229/774 1919/1230/775
f 1923/1252/776 1924/1216/777 1925/1253/778
f 1924/1216/777 1923/1252/776 1926/1215/779
f 1927/1254/780 1928/1227/781 1926/1215/782
f 1931/1223/783 1929/1242/784 1930/1243/784
f 1929/1242/784 1931/1223/783 1932/1219/785
f 1933/1230/786 1934/1236/787 1935/1244/788
f 1934/1236/787 1933/1230/786 1936/1237/786
f 1939/1215/789 1937/1247/790 1938/1248/791
f 1937/1247/790 1939/1215/789 1940/1216/789
f 1941/1255/792 1942/1256/792 1943/1257/792
f 1944/1258/793 1945/1256/793 1946/1255/793
f 1947/1259/794 1948/1260/794 1949/1261/794
f 1950/1262/795 1951/1259/795 1952/1261/795
f 1953/1263/796 1954/1264/796 1955/1265/796
f 1954/1264/796 1953/1263/796 1956/1266/796
f 1957/1267/797 1958/1266/797 1959/1263/798
f 1958/1266/797 1957/1267/797 1960/1268/797
f 1961/1269/799 1962/1270/800 1963/1271/801
f 1962/1270/800 1961/1269/799 1964/1272/800
f 1963/1271/801 1965/1273/802 1961/1269/799
f 1963/1271/801 1966/1274/802 1965/1273/802
f 1967/1275/803 1968/1264/803 1969/1276/803
f 1969/1276/803 1970/1277/803 1967/1275/803
f 1968/1264/803 1971/1266/803 1969/1276/803
f 1972/1278/803 1969/1276/803 1971/1266/803
f 1973/1268/803 1972/1278/803 1971/1266/803
f 1972/1278/803 1973/1268/803 1974/1279/803
f 1975/1280/804 1976/1269/804 1977/1273/804
f 1978/1281/805 1975/1280/804 1977/1273/804
f 1975/1280/804 1978/1281/805 1979/1282/804
f 1976/1269/804 1975/1280/804 1980/1283/805
f 1981/1272/804 1976/1269/804 1980/1283/805
f 1981/1272/804 1980/1283/805 1982/1284/804
f 1985/1285/806 1984/1286/807 1983/1287/803
f 1984/1286/807 1985/1285/806 1986/1288/805
f 1989/1277/808 1988/1276/809 1987/1289/810
f 1989/1277/808 1987/1289/810 1990/1290/808
f 1993/1282/811 1992/1291/812 1991/1280/813
f 1992/1291/812 1993/1282/811 1994/1292/811
f 1998/1293/814 1996/1294/815 1995/1295/816
f 1998/1293/814 2000/1296/817 1996/1294/815
f 2000/1296/817 1999/1297/818 1997/1298/773
f 1999/1297/818 2000/1296/817 1998/1293/814
f 2001/1299/819 2002/1300/820 2003/1301/821
f 2004/1302/822 2003/1301/821 2002/1300/820
f 2004/1302/822 2005/1303/823 2003/1301/821
f 2005/1303/823 2004/1302/822 2006/1304/824
f 2008/1305/825 2009/1306/784 2007/1307/825
f 2008/1305/825 2010/1308/784 2009/1306/784
f 2011/1309/731 2012/1310/826 2013/1311/734
f 2014/1312/739 2015/1313/827 2016/1314/827
f 2018/1315/828 2019/1314/829 2017/1316/830
f 2018/1315/828 2020/1317/829 2019/1314/829
f 2021/1318/831 2023/1311/832 2024/1310/833
f 2021/1318/831 2024/1310/833 2025/1319/834
f 2022/1320/835 2021/1318/831 2025/1319/834
f 2022/1320/835 2025/1319/834 2026/1321/836
f 2027/1322/837 2028/1323/837 2029/1324/837
f 2028/1323/837 2027/1322/837 2030/1325/837
f 2033/1326/838 2032/1315/839 2031/1327/840
f 2032/1315/839 2033/1326/838 2034/1317/838
f 2035/1328/96 2036/1319/82 2037/1310/96
f 2038/1329/96 2035/1328/96 2037/1310/96
f 2035/1328/96 2038/1329/96 2039/1330/82
f 2036/1319/82 2035/1328/96 2040/1331/82
f 2040/1331/82 2041/1321/82 2036/1319/82
f 2040/1331/82 2042/1332/82 2041/1321/82
f 2043/1323/82 2044/1325/82 2045/1333/82
f 2045/1333/82 2044/1325/82 2046/1334/82
f 2047/1335/841 2048/1336/842 2049/1337/82
f 2047/1335/841 2049/1337/82 2050/1338/82
f 2050/1338/82 2049/1337/82 2051/1339/803
f 2050/1338/82 2051/1339/803 2052/1340/807
f 2053/1331/843 2054/1328/844 2055/1341/845
f 2054/1328/844 2056/1330/846 2055/1341/845
f 2057/1342/846 2055/1341/845 2056/1330/846
f 2053/1331/843 2055/1341/845 2058/1343/847
f 2059/1332/848 2053/1331/843 2058/1343/847
f 2062/1344/849 2061/1345/850 2060/1346/851
f 2061/1345/850 2062/1344/849 2063/1347/852
f 2066/1348/853 2065/1349/854 2064/1350/855
f 2064/1350/855 2067/1351/853 2066/1348/853
f 2068/1334/856 2069/1352/856 2070/1333/856
f 2069/1352/856 2068/1334/856 2071/1353/856
f 2074/1354/773 2072/1355/775 2073/1356/772
f 2077/1357/857 2076/1358/858 2075/1359/859
f 2077/1357/857 2078/1360/860 2076/1358/858
f 2079/1361/861 2081/1344/862 2080/1346/863
f 2081/1344/862 2079/1361/861 2082/1350/864
f 2083/1241/830 2084/1230/865 2085/1240/830
f 2086/1237/865 2085/1240/830 2084/1230/865
f 2087/1221/866 2088/1223/835 2089/1222/867
f 2090/1219/868 2089/1222/867 2088/1223/835
f 2092/1237/869 2091/1239/840 2093/1240/839
f 2095/1215/870 2096/1214/871 2094/1226/872
f 2097/1216/873 2096/1214/871 2095/1215/870
f 2096/1214/871 2097/1216/873 2098/1217/873
f 2101/1216/874 2099/1252/875 2100/1215/876
f 2099/1252/875 2101/1216/874 2102/1253/815
f 2103/1250/877 2104/1230/824 2105/1249/878
f 2106/1237/879 2105/1249/878 2104/1230/824
f 2107/1234/880 2108/1223/321 2109/1233/321
f 2110/1219/321 2109/1233/321 2108/1223/321
f 2111/1243/881 2112/1223/882 2113/1242/825
f 2114/1219/882 2113/1242/825 2112/1223/882
f 2116/1248/883 2117/1216/884 2115/1247/885
f 2117/1216/884 2116/1248/883 2118/1215/884
f 2119/1244/886 2120/1237/887 2121/1236/888
f 2120/1237/887 2119/1244/886 2122/1230/889
f 2123/1362/890 2124/1363/890 2125/1364/890
f 2126/1363/891 2127/1365/891 2128/1364/891
f 2129/1366/892 2130/1367/892 2131/1368/892
f 2133/1369/867 2134/1370/832 2132/1371/831
f 2133/1369/867 2135/1372/665 2134/1370/832
f 2136/1373/840 2137/1374/893 2138/1375/894
f 2139/1376/895 2140/1377/896 2141/1378/897
f 2140/1377/896 2143/1379/749 2142/1380/898
f 2139/1376/895 2141/1378/897 2144/1381/899
f 2145/1382/746 2139/1376/895 2144/1381/899
f 2139/1376/895 2145/1382/746 2146/1383/900
f 2139/1376/895 2146/1383/900 2147/1384/901
f 2147/1384/901 2140/1377/896 2139/1376/895
f 2147/1384/901 2146/1383/900 2148/1385/902
f 2143/1379/749 2140/1377/896 2149/1386/903
f 2140/1377/896 2147/1384/901 2149/1386/903
f 2150/1387/752 2149/1386/903 2151/1388/750
f 2152/1389/842 2153/1390/842 2154/1391/842
f 2153/1390/842 2152/1389/842 2155/1368/904
f 2155/1368/904 2156/1373/842 2153/1390/842
f 2157/1392/842 2153/1390/842 2156/1373/842
f 2158/1375/842 2157/1392/842 2156/1373/842
f 2157/1392/842 2158/1375/842 2159/1393/842
f 2162/1394/905 2161/1395/842 2160/1396/841
f 2162/1394/905 2163/1397/906 2161/1395/842
f 2164/1393/768 2165/1398/767 2166/1392/907
f 2167/1399/908 2166/1392/907 2165/1398/767
f 2166/1392/907 2167/1399/908 2168/1390/909
f 2169/1400/910 2170/1401/911 2171/1402/912
f 2171/1402/912 2170/1401/911 2172/1403/913
f 2169/1400/910 2173/1404/914 2170/1401/911
f 2173/1404/914 2169/1400/910 2174/1405/915
f 2176/1406/782 2175/1407/916 2177/1408/917
f 2179/1409/918 2178/1410/781 2177/1408/780
f 2178/1410/781 2179/1409/918 2180/1411/858
f 2181/1412/735 2182/1413/735 2183/1414/735
f 2184/1415/919 2185/1416/919 2186/1417/919
f 2187/1418/743 2188/1419/743 2189/1420/920
f 2190/1421/921 2191/1422/922 2192/1423/923
f 2191/1422/922 2190/1421/921 2193/1424/921
f 2194/1412/924 2192/1423/923 2191/1422/922
f 2192/1423/923 2194/1412/924 2195/1414/925
f 2197/1425/897 2198/1426/926 2199/1427/927
f 2198/1426/926 2197/1425/897 2196/1428/896
f 2202/1429/928 2201/1430/929 2200/1431/872
f 2202/1429/928 2203/1432/930 2201/1430/929
f 2204/1433/931 2203/1432/930 2202/1429/928
f 2204/1433/931 2205/1417/931 2203/1432/930
f 2206/1434/189 2207/1435/189 2208/1436/189
f 2207/1435/189 2206/1434/189 2209/1412/189
f 2209/1412/189 2210/1422/190 2207/1435/189
f 2211/1437/190 2207/1435/189 2210/1422/190
f 2212/1424/190 2211/1437/190 2210/1422/190
f 2211/1437/190 2212/1424/190 2213/1438/189
f 2214/1439/189 2215/1440/189 2216/1441/189
f 2215/1440/189 2214/1439/189 2217/1418/189
f 2220/1442/189 2219/1443/906 2218/1444/932
f 2220/1442/189 2221/1445/189 2219/1443/906
f 2223/1446/805 2221/1445/189 2220/1442/189
f 2223/1446/805 2222/1447/806 2221/1445/189
f 2224/1438/933 2225/1448/756 2226/1437/934
f 2227/1449/935 2226/1437/934 2225/1448/756
f 2226/1437/934 2227/1449/935 2228/1435/936
f 2229/1436/937 2228/1435/936 2227/1449/935
f 2227/1449/935 2230/1450/937 2229/1436/937
f 2231/1451/938 2232/1452/813 2233/1453/939
f 2231/1451/938 2233/1453/939 2234/1454/940
f 2235/1455/941 2236/1456/942 2237/1441/941
f 2237/1441/941 2238/1440/941 2235/1455/941
f 2240/1457/913 2241/1458/943 2239/1459/912
f 2241/1458/943 2240/1457/913 2242/1460/944
f 2243/1461/945 2245/1462/819 2244/1463/946
f 2245/1462/819 2243/1461/945 2246/1464/820
f 2248/1425/947 2249/1454/948 2247/1453/888
f 2249/1454/948 2248/1425/947 2250/1465/790
