o eventhorizonbody
v -1.7127870798110962 -0.22408099472522736 0.06464599817991257
v -1.6605281114578248 -0.15577900409698486 0.010820000432431698
v -1.713775086402893 -0.2025900036096573 -0.015553000383079052
v -1.6610070943832398 -0.11685000360012054 -0.028106000274419785
v -1.713775086402893 -0.2025900036096573 -0.015553000383079052
v -1.6605281114578248 -0.15577900409698486 0.010820000432431698
v -1.6605281114578248 -0.15577900409698486 0.010820000432431698
v -1.7127870798110962 -0.22408099472522736 0.06464599817991257
v -1.6598731756210328 -0.17002800107002258 0.06399399787187576
v -1.713775086402893 -0.2025900036096573 -0.015553000383079052
v -1.6610070943832398 -0.11685000360012054 -0.028106000274419785
v -1.7144991636276246 -0.14387699961662292 -0.07426299899816513
v -1.7117990732192994 -0.2025900036096573 0.14484399557113647
v -1.6598731756210328 -0.17002800107002258 0.06399399787187576
v -1.7127870798110962 -0.22408099472522736 0.06464599817991257
v -1.6611840009689331 -0.06367199867963791 -0.042353998869657516
v -1.7144991636276246 -0.14387699961662292 -0.07426299899816513
v -1.6610070943832398 -0.11685000360012054 -0.028106000274419785
v -1.6598731756210328 -0.17002800107002258 0.06399399787187576
v -1.7117990732192994 -0.2025900036096573 0.14484399557113647
v -1.6592180013656617 -0.15577900409698486 0.11716800183057785
v -1.7144991636276246 -0.14387699961662292 -0.07426299899816513
v -1.6611840009689331 -0.06367199867963791 -0.042353998869657516
v -1.71476309299469 -0.06367199867963791 -0.09575200080871582
v -1.7110761880874634 -0.14387699961662292 0.2035530060529709
v -1.6592180013656617 -0.15577900409698486 0.11716800183057785
v -1.7117990732192994 -0.2025900036096573 0.14484399557113647
v -1.6611840009689331 -0.06367199867963791 -0.042353998869657516
v -1.7144991636276246 0.016533000394701958 -0.07426299899816513
v -1.71476309299469 -0.06367199867963791 -0.09575200080871582
v -1.6592180013656617 -0.15577900409698486 0.11716800183057785
v -1.7110761880874634 -0.14387699961662292 0.2035530060529709
v -1.6587380647659302 -0.11685000360012054 0.1560939997434616
v -1.6611840009689331 -0.06367199867963791 -0.042353998869657516
v -1.6610070943832398 -0.010494000278413296 -0.028106000274419785
v -1.7144991636276246 0.016533000394701958 -0.07426299899816513
v -1.7108110666275025 -0.06367199867963791 0.22504299879074097
v -1.6587380647659302 -0.11685000360012054 0.1560939997434616
v -1.7110761880874634 -0.14387699961662292 0.2035530060529709
v -1.713775086402893 0.07524699717760086 -0.015553000383079052
v -1.7144991636276246 0.016533000394701958 -0.07426299899816513
v -1.6610070943832398 -0.010494000278413296 -0.028106000274419785
v -1.6587380647659302 -0.11685000360012054 0.1560939997434616
v -1.7108110666275025 -0.06367199867963791 0.22504299879074097
v -1.6585630655288697 -0.06367199867963791 0.17034199833869934
v -1.713775086402893 0.07524699717760086 -0.015553000383079052
v -1.6610070943832398 -0.010494000278413296 -0.028106000274419785
v -1.6605281114578248 0.02843499928712845 0.010820000432431698
v -1.7108110666275025 -0.06367199867963791 0.22504299879074097
v -1.6587380647659302 -0.010494000278413296 0.1560939997434616
v -1.6585630655288697 -0.06367199867963791 0.17034199833869934
v -1.7127870798110962 0.09673699736595154 0.06464599817991257
v -1.713775086402893 0.07524699717760086 -0.015553000383079052
v -1.6605281114578248 0.02843499928712845 0.010820000432431698
v -1.7108110666275025 -0.06367199867963791 0.22504299879074097
v -1.7110761880874634 0.016533000394701958 0.2035530060529709
v -1.6587380647659302 -0.010494000278413296 0.1560939997434616
v -1.7127870798110962 0.09673699736595154 0.06464599817991257
v -1.6605281114578248 0.02843499928712845 0.010820000432431698
v -1.6598731756210328 0.04268399998545647 0.06399399787187576
v -1.6592180013656617 0.02843499928712845 0.11716800183057785
v -1.6587380647659302 -0.010494000278413296 0.1560939997434616
v -1.7110761880874634 0.016533000394701958 0.2035530060529709
v -1.6598731756210328 0.04268399998545647 0.06399399787187576
v -1.7117990732192994 0.07524699717760086 0.14484399557113647
v -1.7127870798110962 0.09673699736595154 0.06464599817991257
v -1.6592180013656617 0.02843499928712845 0.11716800183057785
v -1.7110761880874634 0.016533000394701958 0.2035530060529709
v -1.7117990732192994 0.07524699717760086 0.14484399557113647
v -1.7117990732192994 0.07524699717760086 0.14484399557113647
v -1.6598731756210328 0.04268399998545647 0.06399399787187576
v -1.6592180013656617 0.02843499928712845 0.11716800183057785
v -1.6598731756210328 -0.27592700719833374 0.06399399787187576
v -1.713775086402893 -0.2025900036096573 -0.015553000383079052
v -1.661181139945984 -0.24748900532722473 -0.042125001549720764
v -1.713775086402893 -0.2025900036096573 -0.015553000383079052
v -1.6598731756210328 -0.27592700719833374 0.06399399787187576
v -1.7127870798110962 -0.22408099472522736 0.06464599817991257
v -1.7144991636276246 -0.14387699961662292 -0.07426299899816513
v -1.661181139945984 -0.24748900532722473 -0.042125001549720764
v -1.713775086402893 -0.2025900036096573 -0.015553000383079052
v -1.7117990732192994 -0.2025900036096573 0.14484399557113647
v -1.7127870798110962 -0.22408099472522736 0.06464599817991257
v -1.6598731756210328 -0.27592700719833374 0.06399399787187576
v -1.661181139945984 -0.24748900532722473 -0.042125001549720764
v -1.7144991636276246 -0.14387699961662292 -0.07426299899816513
v -1.6621381521224976 -0.16979900002479553 -0.11981000006198883
v -1.658566164970398 -0.24748900532722473 0.1701129972934723
v -1.7117990732192994 -0.2025900036096573 0.14484399557113647
v -1.6598731756210328 -0.27592700719833374 0.06399399787187576
v -1.6621381521224976 -0.16979900002479553 -0.11981000006198883
v -1.7144991636276246 -0.14387699961662292 -0.07426299899816513
v -1.662489104270935 -0.06367199867963791 -0.1482439935207367
v -1.658566164970398 -0.24748900532722473 0.1701129972934723
v -1.7110761880874634 -0.14387699961662292 0.2035530060529709
v -1.7117990732192994 -0.2025900036096573 0.14484399557113647
v -1.7144991636276246 -0.14387699961662292 -0.07426299899816513
v -1.71476309299469 -0.06367199867963791 -0.09575200080871582
v -1.662489104270935 -0.06367199867963791 -0.1482439935207367
v -1.7110761880874634 -0.14387699961662292 0.2035530060529709
v -1.658566164970398 -0.24748900532722473 0.1701129972934723
v -1.6576079607009888 -0.16979900002479553 0.24779699742794037
v -1.7144991636276246 0.016533000394701958 -0.07426299899816513
v -1.662489104270935 -0.06367199867963791 -0.1482439935207367
v -1.71476309299469 -0.06367199867963791 -0.09575200080871582
v -1.6572579622268677 -0.06367199867963791 0.27623099088668823
v -1.7110761880874634 -0.14387699961662292 0.2035530060529709
v -1.6576079607009888 -0.16979900002479553 0.24779699742794037
v -1.662489104270935 -0.06367199867963791 -0.1482439935207367
v -1.7144991636276246 0.016533000394701958 -0.07426299899816513
v -1.6621381521224976 0.042454998940229416 -0.11981000006198883
v -1.7110761880874634 -0.14387699961662292 0.2035530060529709
v -1.6572579622268677 -0.06367199867963791 0.27623099088668823
v -1.7108110666275025 -0.06367199867963791 0.22504299879074097
v -1.661181139945984 0.12014500051736832 -0.042125001549720764
v -1.6621381521224976 0.042454998940229416 -0.11981000006198883
v -1.7144991636276246 0.016533000394701958 -0.07426299899816513
v -1.7110761880874634 0.016533000394701958 0.2035530060529709
v -1.7108110666275025 -0.06367199867963791 0.22504299879074097
v -1.6572579622268677 -0.06367199867963791 0.27623099088668823
v -1.661181139945984 0.12014500051736832 -0.042125001549720764
v -1.7144991636276246 0.016533000394701958 -0.07426299899816513
v -1.713775086402893 0.07524699717760086 -0.015553000383079052
v -1.6576079607009888 0.042454998940229416 0.24779699742794037
v -1.7110761880874634 0.016533000394701958 0.2035530060529709
v -1.6572579622268677 -0.06367199867963791 0.27623099088668823
v -1.6598731756210328 0.14858199656009674 0.06399399787187576
v -1.661181139945984 0.12014500051736832 -0.042125001549720764
v -1.713775086402893 0.07524699717760086 -0.015553000383079052
v -1.658566164970398 0.12014500051736832 0.1701119989156723
v -1.7110761880874634 0.016533000394701958 0.2035530060529709
v -1.6576079607009888 0.042454998940229416 0.24779699742794037
v -1.6598731756210328 0.14858199656009674 0.06399399787187576
v -1.713775086402893 0.07524699717760086 -0.015553000383079052
v -1.7127870798110962 0.09673699736595154 0.06464599817991257
v -1.7110761880874634 0.016533000394701958 0.2035530060529709
v -1.658566164970398 0.12014500051736832 0.1701119989156723
v -1.7117990732192994 0.07524699717760086 0.14484399557113647
v -1.6598731756210328 0.14858199656009674 0.06399399787187576
v -1.7117990732192994 0.07524699717760086 0.14484399557113647
v -1.658566164970398 0.12014500051736832 0.1701119989156723
v -1.7117990732192994 0.07524699717760086 0.14484399557113647
v -1.6598731756210328 0.14858199656009674 0.06399399787187576
v -1.7127870798110962 0.09673699736595154 0.06464599817991257
v 2.330907773971558 -0.175478994846344 0.014816000126302242
v 2.465100955963135 -0.2251189947128296 0.013162000104784966
v 2.315524768829346 -0.14572499692440033 -0.10752499848604202
v 2.318543863296509 -0.14572499692440033 0.13749800622463226
v 2.465100955963135 -0.2251189947128296 0.013162000104784966
v 2.330907773971558 -0.175478994846344 0.014816000126302242
v 2.465100955963135 -0.2251189947128296 0.013162000104784966
v 2.4433338165283205 -0.18301600217819214 -0.15995700657367706
v 2.315524768829346 -0.14572499692440033 -0.10752499848604202
v 2.465100955963135 -0.2251189947128296 0.013162000104784966
v 2.318543863296509 -0.14572499692440033 0.13749800622463226
v 2.4476058006286623 -0.18301600217819214 0.18676500022411346
v 2.4433338165283205 -0.18301600217819214 -0.15995700657367706
v 2.276518774032593 -0.06443700194358826 -0.19674299657344818
v 2.315524768829346 -0.14572499692440033 -0.10752499848604202
v 2.2817477703094484 -0.06443700194358826 0.2276500016450882
v 2.4476058006286623 -0.18301600217819214 0.18676500022411346
v 2.318543863296509 -0.14572499692440033 0.13749800622463226
v 2.3881349086761476 -0.06798899918794632 -0.2862040102481842
v 2.276518774032593 -0.06443700194358826 -0.19674299657344818
v 2.4433338165283205 -0.18301600217819214 -0.15995700657367706
v 2.4476058006286623 -0.18301600217819214 0.18676500022411346
v 2.2817477703094484 -0.06443700194358826 0.2276500016450882
v 2.395534944534302 -0.06798899918794632 0.3143340051174164
v 2.314296913146973 0.08914099633693695 -0.33175399899482727
v 2.276518774032593 -0.06443700194358826 -0.19674299657344818
v 2.3881349086761476 -0.06798899918794632 -0.2862040102481842
v 2.2817477703094484 -0.06443700194358826 0.2276500016450882
v 2.322841835021973 0.08914099633693695 0.3616909980773926
v 2.395534944534302 -0.06798899918794632 0.3143340051174164
v 2.276518774032593 -0.06443700194358826 -0.19674299657344818
v 2.314296913146973 0.08914099633693695 -0.33175399899482727
v 2.2243368148803713 0.04660499840974808 -0.2289319932460785
v 2.322841835021973 0.08914099633693695 0.3616909980773926
v 2.2817477703094484 -0.06443700194358826 0.2276500016450882
v 2.230375957489014 0.04660499840974808 0.2611140012741089
v 2.2243368148803713 0.04660499840974808 -0.2289319932460785
v 2.314296913146973 0.08914099633693695 -0.33175399899482727
v 2.172964882850647 0.15764600038528442 -0.1954669952392578
v 2.1781949520111086 0.15764600038528442 0.22892600297927856
v 2.322841835021973 0.08914099633693695 0.3616909980773926
v 2.230375957489014 0.04660499840974808 0.2611140012741089
v 2.314296913146973 0.08914099633693695 -0.33175399899482727
v 2.2416038036346437 0.2462719976902008 -0.28439798951148987
v 2.172964882850647 0.15764600038528442 -0.1954669952392578
v 2.322841835021973 0.08914099633693695 0.3616909980773926
v 2.1781949520111086 0.15764600038528442 0.22892600297927856
v 2.249003839492798 0.2462719976902008 0.31613999605178833
v 2.2416038036346437 0.2462719976902008 -0.28439798951148987
v 2.136168909072876 0.23893499374389648 -0.10531499981880188
v 2.172964882850647 0.15764600038528442 -0.1954669952392578
v 2.1391878843307497 0.23893499374389648 0.1397079974412918
v 2.249003839492798 0.2462719976902008 0.31613999605178833
v 2.1781949520111086 0.15764600038528442 0.22892600297927856
v 2.1895339012146 0.3612990081310272 -0.15682899951934814
v 2.136168909072876 0.23893499374389648 -0.10531499981880188
v 2.2416038036346437 0.2462719976902008 -0.28439798951148987
v 2.249003839492798 0.2462719976902008 0.31613999605178833
v 2.1391878843307497 0.23893499374389648 0.1397079974412918
v 2.1938058853149416 0.3612990081310272 0.1898919939994812
v 2.1895339012146 0.3612990081310272 -0.15682899951934814
v 2.1238059520721437 0.26868799328804016 0.017368000000715256
v 2.136168909072876 0.23893499374389648 -0.10531499981880188
v 2.1238059520721437 0.26868799328804016 0.017368000000715256
v 2.1938058853149416 0.3612990081310272 0.1898919939994812
v 2.1391878843307497 0.23893499374389648 0.1397079974412918
v 2.1238059520721437 0.26868799328804016 0.017368000000715256
v 2.1895339012146 0.3612990081310272 -0.15682899951934814
v 2.1720388650894167 0.4034009873867035 0.016774000599980354
v 2.1938058853149416 0.3612990081310272 0.1898919939994812
v 2.1238059520721437 0.26868799328804016 0.017368000000715256
v 2.1720388650894167 0.4034009873867035 0.016774000599980354
v 2.3879699230194094 -0.3037570118904114 -0.2090959995985031
v 2.465100955963135 -0.2251189947128296 0.013162000104784966
v 2.4159919738769533 -0.35795798897743225 0.013767000287771225
v 2.393469762802124 -0.3037570118904114 0.23725399374961853
v 2.4159919738769533 -0.35795798897743225 0.013767000287771225
v 2.465100955963135 -0.2251189947128296 0.013162000104784966
v 2.465100955963135 -0.2251189947128296 0.013162000104784966
v 2.3879699230194094 -0.3037570118904114 -0.2090959995985031
v 2.4433338165283205 -0.18301600217819214 -0.15995700657367706
v 2.465100955963135 -0.2251189947128296 0.013162000104784966
v 2.4476058006286623 -0.18301600217819214 0.18676500022411346
v 2.393469762802124 -0.3037570118904114 0.23725399374961853
v 2.3169118881225588 -0.15567700564861298 -0.3716230094432831
v 2.4433338165283205 -0.18301600217819214 -0.15995700657367706
v 2.3879699230194094 -0.3037570118904114 -0.2090959995985031
v 2.4476058006286623 -0.18301600217819214 0.18676500022411346
v 2.326438856124878 -0.15567700564861298 0.4014810025691986
v 2.393469762802124 -0.3037570118904114 0.23725399374961853
v 2.4433338165283205 -0.18301600217819214 -0.15995700657367706
v 2.3169118881225588 -0.15567700564861298 -0.3716230094432831
v 2.3881349086761476 -0.06798899918794632 -0.2862040102481842
v 2.326438856124878 -0.15567700564861298 0.4014810025691986
v 2.4476058006286623 -0.18301600217819214 0.18676500022411346
v 2.395534944534302 -0.06798899918794632 0.3143340051174164
v 2.2218558311462404 0.04660499840974808 -0.4302600026130676
v 2.3881349086761476 -0.06798899918794632 -0.2862040102481842
v 2.3169118881225588 -0.15567700564861298 -0.3716230094432831
v 2.395534944534302 -0.06798899918794632 0.3143340051174164
v 2.2328569412231447 0.04660499840974808 0.462444007396698
v 2.326438856124878 -0.15567700564861298 0.4014810025691986
v 2.3881349086761476 -0.06798899918794632 -0.2862040102481842
v 2.2218558311462404 0.04660499840974808 -0.4302600026130676
v 2.314296913146973 0.08914099633693695 -0.33175399899482727
v 2.2328569412231447 0.04660499840974808 0.462444007396698
v 2.395534944534302 -0.06798899918794632 0.3143340051174164
v 2.322841835021973 0.08914099633693695 0.3616909980773926
v 2.2416038036346437 0.2462719976902008 -0.28439798951148987
v 2.314296913146973 0.08914099633693695 -0.33175399899482727
v 2.2218558311462404 0.04660499840974808 -0.4302600026130676
v 2.249003839492798 0.2462719976902008 0.31613999605178833
v 2.2328569412231447 0.04660499840974808 0.462444007396698
v 2.322841835021973 0.08914099633693695 0.3616909980773926
v 2.2218558311462404 0.04660499840974808 -0.4302600026130676
v 2.1282748699188234 0.24888600409030914 -0.3692980110645294
v 2.2416038036346437 0.2462719976902008 -0.28439798951148987
v 2.2328569412231447 0.04660499840974808 0.462444007396698
v 2.249003839492798 0.2462719976902008 0.31613999605178833
v 2.1378019571304323 0.24888600409030914 0.40380600094795227
v 2.061241936683655 0.39696499705314636 -0.20507000386714935
v 2.2416038036346437 0.2462719976902008 -0.28439798951148987
v 2.1282748699188234 0.24888600409030914 -0.3692980110645294
v 2.0667418956756594 0.39696499705314636 0.24128000438213348
v 2.1378019571304323 0.24888600409030914 0.40380600094795227
v 2.249003839492798 0.2462719976902008 0.31613999605178833
v 2.2416038036346437 0.2462719976902008 -0.28439798951148987
v 2.061241936683655 0.39696499705314636 -0.20507000386714935
v 2.1895339012146 0.3612990081310272 -0.15682899951934814
v 2.249003839492798 0.2462719976902008 0.31613999605178833
v 2.1938058853149416 0.3612990081310272 0.1898919939994812
v 2.0667418956756594 0.39696499705314636 0.24128000438213348
v 2.038719964027405 0.4511669874191284 0.01841600053012371
v 2.1895339012146 0.3612990081310272 -0.15682899951934814
v 2.061241936683655 0.39696499705314636 -0.20507000386714935
v 2.1938058853149416 0.3612990081310272 0.1898919939994812
v 2.038719964027405 0.4511669874191284 0.01841600053012371
v 2.0667418956756594 0.39696499705314636 0.24128000438213348
v 2.1895339012146 0.3612990081310272 -0.15682899951934814
v 2.038719964027405 0.4511669874191284 0.01841600053012371
v 2.1720388650894167 0.4034009873867035 0.016774000599980354
v 2.038719964027405 0.4511669874191284 0.01841600053012371
v 2.1938058853149416 0.3612990081310272 0.1898919939994812
v 2.1720388650894167 0.4034009873867035 0.016774000599980354
v -1.481834101676941 -0.26418399810791016 0.061799999326467514
v -1.416510033607483 -0.17880600690841675 -0.005483000073581934
v -1.483069109916687 -0.23732000589370728 -0.0384490005671978
v -1.4839741468429566 -0.16392800211906433 -0.11183500289916992
v -1.483069109916687 -0.23732000589370728 -0.0384490005671978
v -1.416510033607483 -0.17880600690841675 -0.005483000073581934
v -1.416510033607483 -0.17880600690841675 -0.005483000073581934
v -1.481834101676941 -0.26418399810791016 0.061799999326467514
v -1.415691065788269 -0.1966170072555542 0.06098499894142151
v -1.4839741468429566 -0.16392800211906433 -0.11183500289916992
v -1.416510033607483 -0.17880600690841675 -0.005483000073581934
v -1.4171101331710816 -0.13014499843120575 -0.05414099991321564
v -1.4148720979690552 -0.17880600690841675 0.12745200097560883
v -1.415691065788269 -0.1966170072555542 0.06098499894142151
v -1.481834101676941 -0.26418399810791016 0.061799999326467514
v -1.4173280477523804 -0.06367199867963791 -0.07195000350475311
v -1.4839741468429566 -0.16392800211906433 -0.11183500289916992
v -1.4171101331710816 -0.13014499843120575 -0.05414099991321564
v -1.4148720979690552 -0.17880600690841675 0.12745200097560883
v -1.481834101676941 -0.26418399810791016 0.061799999326467514
v -1.4805981397628785 -0.23732000589370728 0.16204699873924255
v -1.4839741468429566 -0.16392800211906433 -0.11183500289916992
v -1.4173280477523804 -0.06367199867963791 -0.07195000350475311
v -1.4843050718307496 -0.06367199867963791 -0.13869699835777283
v -1.4805981397628785 -0.23732000589370728 0.16204699873924255
v -1.4142710447311402 -0.13014499843120575 0.17610900104045868
v -1.4148720979690552 -0.17880600690841675 0.12745200097560883
v -1.4171101331710816 0.00279999990016222 -0.05414099991321564
v -1.4843050718307496 -0.06367199867963791 -0.13869699835777283
v -1.4173280477523804 -0.06367199867963791 -0.07195000350475311
v -1.4142710447311402 -0.13014499843120575 0.17610900104045868
v -1.4805981397628785 -0.23732000589370728 0.16204699873924255
v -1.4796940565109253 -0.16392800211906433 0.23543499410152435
v -1.4843050718307496 -0.06367199867963791 -0.13869699835777283
v -1.4171101331710816 0.00279999990016222 -0.05414099991321564
v -1.4839741468429566 0.036584001034498215 -0.11183500289916992
v -1.4793631315231324 -0.06367199867963791 0.26229700446128845
v -1.4142710447311402 -0.13014499843120575 0.17610900104045868
v -1.4796940565109253 -0.16392800211906433 0.23543499410152435
v -1.416510033607483 0.051461998373270035 -0.005483000073581934
v -1.4839741468429566 0.036584001034498215 -0.11183500289916992
v -1.4171101331710816 0.00279999990016222 -0.05414099991321564
v -1.4142710447311402 -0.13014499843120575 0.17610900104045868
v -1.4793631315231324 -0.06367199867963791 0.26229700446128845
v -1.4140531301498414 -0.06367199867963791 0.19391900300979614
v -1.4839741468429566 0.036584001034498215 -0.11183500289916992
v -1.416510033607483 0.051461998373270035 -0.005483000073581934
v -1.483069109916687 0.10997600108385086 -0.0384490005671978
v -1.4793631315231324 -0.06367199867963791 0.26229700446128845
v -1.4142710447311402 0.00279999990016222 0.17610900104045868
v -1.4140531301498414 -0.06367199867963791 0.19391900300979614
v -1.415691065788269 0.06927300244569778 0.06098499894142151
v -1.483069109916687 0.10997600108385086 -0.0384490005671978
v -1.416510033607483 0.051461998373270035 -0.005483000073581934
v -1.4793631315231324 -0.06367199867963791 0.26229700446128845
v -1.4796940565109253 0.036584001034498215 0.23543499410152435
v -1.4142710447311402 0.00279999990016222 0.17610900104045868
v -1.483069109916687 0.10997600108385086 -0.0384490005671978
v -1.415691065788269 0.06927300244569778 0.06098499894142151
v -1.481834101676941 0.13684000074863434 0.061799999326467514
v -1.4148720979690552 0.051461998373270035 0.12745200097560883
v -1.4142710447311402 0.00279999990016222 0.17610900104045868
v -1.4796940565109253 0.036584001034498215 0.23543499410152435
v -1.415691065788269 0.06927300244569778 0.06098499894142151
v -1.4805981397628785 0.10997600108385086 0.16204699873924255
v -1.481834101676941 0.13684000074863434 0.061799999326467514
v -1.4148720979690552 0.051461998373270035 0.12745200097560883
v -1.4796940565109253 0.036584001034498215 0.23543499410152435
v -1.4805981397628785 0.10997600108385086 0.16204699873924255
v -1.4805981397628785 0.10997600108385086 0.16204699873924255
v -1.415691065788269 0.06927300244569778 0.06098499894142151
v -1.4148720979690552 0.051461998373270035 0.12745200097560883
v -1.415691065788269 -0.3289889991283417 0.06098499894142151
v -1.483069109916687 -0.23732000589370728 -0.0384490005671978
v -1.4173261404037476 -0.2934429943561554 -0.071663998067379
v -1.483069109916687 -0.23732000589370728 -0.0384490005671978
v -1.415691065788269 -0.3289889991283417 0.06098499894142151
v -1.481834101676941 -0.26418399810791016 0.061799999326467514
v -1.4839741468429566 -0.16392800211906433 -0.11183500289916992
v -1.4173261404037476 -0.2934429943561554 -0.071663998067379
v -1.483069109916687 -0.23732000589370728 -0.0384490005671978
v -1.4805981397628785 -0.23732000589370728 0.16204699873924255
v -1.481834101676941 -0.26418399810791016 0.061799999326467514
v -1.415691065788269 -0.3289889991283417 0.06098499894142151
v -1.4173261404037476 -0.2934429943561554 -0.071663998067379
v -1.4839741468429566 -0.16392800211906433 -0.11183500289916992
v -1.4185210943222046 -0.1963309943675995 -0.16877000033855438
v -1.4140550374984742 -0.2934429943561554 0.19363300502300262
v -1.4805981397628785 -0.23732000589370728 0.16204699873924255
v -1.415691065788269 -0.3289889991283417 0.06098499894142151
v -1.4185210943222046 -0.1963309943675995 -0.16877000033855438
v -1.4839741468429566 -0.16392800211906433 -0.11183500289916992
v -1.4189600229263306 -0.06367199867963791 -0.20431199669837952
v -1.4140550374984742 -0.2934429943561554 0.19363300502300262
v -1.4796940565109253 -0.16392800211906433 0.23543499410152435
v -1.4805981397628785 -0.23732000589370728 0.16204699873924255
v -1.4839741468429566 -0.16392800211906433 -0.11183500289916992
v -1.4843050718307496 -0.06367199867963791 -0.13869699835777283
v -1.4189600229263306 -0.06367199867963791 -0.20431199669837952
v -1.4796940565109253 -0.16392800211906433 0.23543499410152435
v -1.4140550374984742 -0.2934429943561554 0.19363300502300262
v -1.4128600835800171 -0.1963309943675995 0.29073798656463623
v -1.4839741468429566 0.036584001034498215 -0.11183500289916992
v -1.4189600229263306 -0.06367199867963791 -0.20431199669837952
v -1.4843050718307496 -0.06367199867963791 -0.13869699835777283
v -1.4124221086502076 -0.06367199867963791 0.32628199458122253
v -1.4796940565109253 -0.16392800211906433 0.23543499410152435
v -1.4128600835800171 -0.1963309943675995 0.29073798656463623
v -1.4189600229263306 -0.06367199867963791 -0.20431199669837952
v -1.4839741468429566 0.036584001034498215 -0.11183500289916992
v -1.4185210943222046 0.06898599863052368 -0.16877000033855438
v -1.4796940565109253 -0.16392800211906433 0.23543499410152435
v -1.4124221086502076 -0.06367199867963791 0.32628199458122253
v -1.4793631315231324 -0.06367199867963791 0.26229700446128845
v -1.4173261404037476 0.1660979986190796 -0.071663998067379
v -1.4185210943222046 0.06898599863052368 -0.16877000033855438
v -1.4839741468429566 0.036584001034498215 -0.11183500289916992
v -1.4796940565109253 0.036584001034498215 0.23543499410152435
v -1.4793631315231324 -0.06367199867963791 0.26229700446128845
v -1.4124221086502076 -0.06367199867963791 0.32628199458122253
v -1.4173261404037476 0.1660979986190796 -0.071663998067379
v -1.4839741468429566 0.036584001034498215 -0.11183500289916992
v -1.483069109916687 0.10997600108385086 -0.0384490005671978
v -1.4128600835800171 0.06898599863052368 0.29073798656463623
v -1.4796940565109253 0.036584001034498215 0.23543499410152435
v -1.4124221086502076 -0.06367199867963791 0.32628199458122253
v -1.415691065788269 0.20164500176906586 0.06098499894142151
v -1.4173261404037476 0.1660979986190796 -0.071663998067379
v -1.483069109916687 0.10997600108385086 -0.0384490005671978
v -1.4140550374984742 0.1660979986190796 0.19363300502300262
v -1.4796940565109253 0.036584001034498215 0.23543499410152435
v -1.4128600835800171 0.06898599863052368 0.29073798656463623
v -1.415691065788269 0.20164500176906586 0.06098499894142151
v -1.483069109916687 0.10997600108385086 -0.0384490005671978
v -1.481834101676941 0.13684000074863434 0.061799999326467514
v -1.4796940565109253 0.036584001034498215 0.23543499410152435
v -1.4140550374984742 0.1660979986190796 0.19363300502300262
v -1.4805981397628785 0.10997600108385086 0.16204699873924255
v -1.415691065788269 0.20164500176906586 0.06098499894142151
v -1.4805981397628785 0.10997600108385086 0.16204699873924255
v -1.4140550374984742 0.1660979986190796 0.19363300502300262
v -1.4805981397628785 0.10997600108385086 0.16204699873924255
v -1.415691065788269 0.20164500176906586 0.06098499894142151
v -1.481834101676941 0.13684000074863434 0.061799999326467514
v -1.1221991062164307 -0.3143109977245331 0.057367999106645584
v -1.040544080734253 -0.20758900046348572 -0.02673500031232834
v -1.1237431049346924 -0.28073200583457947 -0.06794200092554092
v -1.041294026374817 -0.14676299691200256 -0.08755700290203094
v -1.1237431049346924 -0.28073200583457947 -0.06794200092554092
v -1.040544080734253 -0.20758900046348572 -0.02673500031232834
v -1.040544080734253 -0.20758900046348572 -0.02673500031232834
v -1.1221991062164307 -0.3143109977245331 0.057367999106645584
v -1.0395200729370118 -0.22985300421714783 0.056349001824855804
v -1.1237431049346924 -0.28073200583457947 -0.06794200092554092
v -1.041294026374817 -0.14676299691200256 -0.08755700290203094
v -1.1248740434646607 -0.1889919936656952 -0.1596750020980835
v -1.120655107498169 -0.28073200583457947 0.1826779991388321
v -1.0395200729370118 -0.22985300421714783 0.056349001824855804
v -1.1221991062164307 -0.3143109977245331 0.057367999106645584
v -1.0415680885314942 -0.06367199867963791 -0.10981900244951248
v -1.1248740434646607 -0.1889919936656952 -0.1596750020980835
v -1.041294026374817 -0.14676299691200256 -0.08755700290203094
v -1.0395200729370118 -0.22985300421714783 0.056349001824855804
v -1.120655107498169 -0.28073200583457947 0.1826779991388321
v -1.0384971380233765 -0.20758900046348572 0.13943299651145935
v -1.1248740434646607 -0.1889919936656952 -0.1596750020980835
v -1.0415680885314942 -0.06367199867963791 -0.10981900244951248
v -1.1252871036529541 -0.06367199867963791 -0.19325199723243713
v -1.120655107498169 -0.28073200583457947 0.1826779991388321
v -1.037747073173523 -0.14676299691200256 0.20025600492954254
v -1.0384971380233765 -0.20758900046348572 0.13943299651145935
v -1.0415680885314942 -0.06367199867963791 -0.10981900244951248
v -1.1248740434646607 0.06164700165390968 -0.1596750020980835
v -1.1252871036529541 -0.06367199867963791 -0.19325199723243713
v -1.037747073173523 -0.14676299691200256 0.20025600492954254
v -1.120655107498169 -0.28073200583457947 0.1826779991388321
v -1.1195251226425171 -0.1889919936656952 0.27441200613975525
v -1.0415680885314942 -0.06367199867963791 -0.10981900244951248
v -1.041294026374817 0.01941799931228161 -0.08755700290203094
v -1.1248740434646607 0.06164700165390968 -0.1596750020980835
v -1.1191111087799073 -0.06367199867963791 0.3079879879951477
v -1.037747073173523 -0.14676299691200256 0.20025600492954254
v -1.1195251226425171 -0.1889919936656952 0.27441200613975525
v -1.040544080734253 0.0802450031042099 -0.02673500031232834
v -1.1248740434646607 0.06164700165390968 -0.1596750020980835
v -1.041294026374817 0.01941799931228161 -0.08755700290203094
v -1.037747073173523 -0.14676299691200256 0.20025600492954254
v -1.1191111087799073 -0.06367199867963791 0.3079879879951477
v -1.0374731302261353 -0.06367199867963791 0.22251799702644348
v -1.1248740434646607 0.06164700165390968 -0.1596750020980835
v -1.040544080734253 0.0802450031042099 -0.02673500031232834
v -1.1237431049346924 0.15338799357414246 -0.06794200092554092
v -1.1195251226425171 0.06164700165390968 0.27441200613975525
v -1.0374731302261353 -0.06367199867963791 0.22251799702644348
v -1.1191111087799073 -0.06367199867963791 0.3079879879951477
v -1.1221991062164307 0.18696600198745728 0.057367999106645584
v -1.1237431049346924 0.15338799357414246 -0.06794200092554092
v -1.040544080734253 0.0802450031042099 -0.02673500031232834
v -1.0374731302261353 -0.06367199867963791 0.22251799702644348
v -1.1195251226425171 0.06164700165390968 0.27441200613975525
v -1.037747073173523 0.01941799931228161 0.20025600492954254
v -1.1221991062164307 0.18696600198745728 0.057367999106645584
v -1.040544080734253 0.0802450031042099 -0.02673500031232834
v -1.0395200729370118 0.10250899940729141 0.056349001824855804
v -1.120655107498169 0.15338799357414246 0.1826779991388321
v -1.037747073173523 0.01941799931228161 0.20025600492954254
v -1.1195251226425171 0.06164700165390968 0.27441200613975525
v -1.0395200729370118 0.10250899940729141 0.056349001824855804
v -1.120655107498169 0.15338799357414246 0.1826779991388321
v -1.1221991062164307 0.18696600198745728 0.057367999106645584
v -1.037747073173523 0.01941799931228161 0.20025600492954254
v -1.120655107498169 0.15338799357414246 0.1826779991388321
v -1.0384971380233765 0.0802450031042099 0.13943299651145935
v -1.120655107498169 0.15338799357414246 0.1826779991388321
v -1.0395200729370118 0.10250899940729141 0.056349001824855804
v -1.0384971380233765 0.0802450031042099 0.13943299651145935
v -1.0395200729370118 -0.39531999826431274 0.056349001824855804
v -1.1237431049346924 -0.28073200583457947 -0.06794200092554092
v -1.0415640354156495 -0.3508870005607605 -0.10946200042963028
v -1.1237431049346924 -0.28073200583457947 -0.06794200092554092
v -1.0395200729370118 -0.39531999826431274 0.056349001824855804
v -1.1221991062164307 -0.3143109977245331 0.057367999106645584
v -1.1248740434646607 -0.1889919936656952 -0.1596750020980835
v -1.0415640354156495 -0.3508870005607605 -0.10946200042963028
v -1.1237431049346924 -0.28073200583457947 -0.06794200092554092
v -1.120655107498169 -0.28073200583457947 0.1826779991388321
v -1.1221991062164307 -0.3143109977245331 0.057367999106645584
v -1.0395200729370118 -0.39531999826431274 0.056349001824855804
v -1.0415640354156495 -0.3508870005607605 -0.10946200042963028
v -1.1248740434646607 -0.1889919936656952 -0.1596750020980835
v -1.0430601119995118 -0.22949500381946564 -0.23084400594234467
v -1.0374770641326905 -0.3508870005607605 0.2221599966287613
v -1.120655107498169 -0.28073200583457947 0.1826779991388321
v -1.0395200729370118 -0.39531999826431274 0.056349001824855804
v -1.0430601119995118 -0.22949500381946564 -0.23084400594234467
v -1.1248740434646607 -0.1889919936656952 -0.1596750020980835
v -1.0436070442199707 -0.06367199867963791 -0.27527299523353577
v -1.0374770641326905 -0.3508870005607605 0.2221599966287613
v -1.1195251226425171 -0.1889919936656952 0.27441200613975525
v -1.120655107498169 -0.28073200583457947 0.1826779991388321
v -1.1248740434646607 -0.1889919936656952 -0.1596750020980835
v -1.1252871036529541 -0.06367199867963791 -0.19325199723243713
v -1.0436070442199707 -0.06367199867963791 -0.27527299523353577
v -1.1195251226425171 -0.1889919936656952 0.27441200613975525
v -1.0374770641326905 -0.3508870005607605 0.2221599966287613
v -1.0359811067581177 -0.22949500381946564 0.3435409963130951
v -1.1248740434646607 0.06164700165390968 -0.1596750020980835
v -1.0436070442199707 -0.06367199867963791 -0.27527299523353577
v -1.1252871036529541 -0.06367199867963791 -0.19325199723243713
v -1.0354340553283692 -0.06367199867963791 0.38797101378440857
v -1.1195251226425171 -0.1889919936656952 0.27441200613975525
v -1.0359811067581177 -0.22949500381946564 0.3435409963130951
v -1.0436070442199707 -0.06367199867963791 -0.27527299523353577
v -1.1248740434646607 0.06164700165390968 -0.1596750020980835
v -1.0430601119995118 0.10215099900960922 -0.23084400594234467
v -1.1195251226425171 -0.1889919936656952 0.27441200613975525
v -1.0354340553283692 -0.06367199867963791 0.38797101378440857
v -1.1191111087799073 -0.06367199867963791 0.3079879879951477
v -1.0415640354156495 0.2235420048236847 -0.10946200042963028
v -1.0430601119995118 0.10215099900960922 -0.23084400594234467
v -1.1248740434646607 0.06164700165390968 -0.1596750020980835
v -1.1195251226425171 0.06164700165390968 0.27441200613975525
v -1.1191111087799073 -0.06367199867963791 0.3079879879951477
v -1.0354340553283692 -0.06367199867963791 0.38797101378440857
v -1.0415640354156495 0.2235420048236847 -0.10946200042963028
v -1.1248740434646607 0.06164700165390968 -0.1596750020980835
v -1.1237431049346924 0.15338799357414246 -0.06794200092554092
v -1.0359811067581177 0.10215099900960922 0.3435409963130951
v -1.1195251226425171 0.06164700165390968 0.27441200613975525
v -1.0354340553283692 -0.06367199867963791 0.38797101378440857
v -1.0395200729370118 0.26797398924827576 0.056349001824855804
v -1.0415640354156495 0.2235420048236847 -0.10946200042963028
v -1.1237431049346924 0.15338799357414246 -0.06794200092554092
v -1.0374770641326905 0.2235420048236847 0.2221599966287613
v -1.1195251226425171 0.06164700165390968 0.27441200613975525
v -1.0359811067581177 0.10215099900960922 0.3435409963130951
v -1.0395200729370118 0.26797398924827576 0.056349001824855804
v -1.1237431049346924 0.15338799357414246 -0.06794200092554092
v -1.1221991062164307 0.18696600198745728 0.057367999106645584
v -1.1195251226425171 0.06164700165390968 0.27441200613975525
v -1.0374770641326905 0.2235420048236847 0.2221599966287613
v -1.120655107498169 0.15338799357414246 0.1826779991388321
v -1.0395200729370118 0.26797398924827576 0.056349001824855804
v -1.120655107498169 0.15338799357414246 0.1826779991388321
v -1.0374770641326905 0.2235420048236847 0.2221599966287613
v -1.120655107498169 0.15338799357414246 0.1826779991388321
v -1.0395200729370118 0.26797398924827576 0.056349001824855804
v -1.1221991062164307 0.18696600198745728 0.057367999106645584
v 2.0459649085998537 -0.41335999965667725 0.018326999619603157
v 1.8819679737091064 -0.3654249906539917 -0.1658329963684082
v 1.9686768770217895 -0.3055880069732666 -0.14504900574684143
v 1.8819679737091064 -0.3654249906539917 -0.1658329963684082
v 2.0459649085998537 -0.41335999965667725 0.018326999619603157
v 1.969534945487976 -0.487527996301651 0.019269000738859177
v 1.9686768770217895 -0.3055880069732666 -0.14504900574684143
v 2.117681932449341 -0.3176549971103668 0.01744299940764904
v 2.0459649085998537 -0.41335999965667725 0.018326999619603157
v 1.969534945487976 -0.487527996301651 0.019269000738859177
v 1.7624388456344604 -0.44800999760627747 -0.1829870045185089
v 1.8819679737091064 -0.3654249906539917 -0.1658329963684082
v 2.117681932449341 -0.3176549971103668 0.01744299940764904
v 1.9686768770217895 -0.3055880069732666 -0.14504900574684143
v 2.062658977508545 -0.2409300059080124 -0.09886399656534195
v 1.7624388456344604 -0.44800999760627747 -0.1829870045185089
v 1.969534945487976 -0.487527996301651 0.019269000738859177
v 1.8587668657302856 -0.5823310017585754 0.0206339992582798
v 2.062658977508545 -0.2409300059080124 -0.09886399656534195
v 2.1551829099655153 -0.21037200093269348 0.01698100008070469
v 2.117681932449341 -0.3176549971103668 0.01744299940764904
v 2.1551829099655153 -0.21037200093269348 0.01698100008070469
v 2.062658977508545 -0.2409300059080124 -0.09886399656534195
v 2.139473867416382 -0.18846799433231354 -0.016224000602960587
v 2.1551829099655153 -0.21037200093269348 0.01698100008070469
v 2.139473867416382 -0.18846799433231354 -0.016224000602960587
v 2.1670449495315554 -0.16966700553894043 0.01683500036597252
v 1.7553208589553833 -0.6328210234642029 0.021909000352025032
v 1.7624388456344604 -0.44800999760627747 -0.1829870045185089
v 1.8587668657302856 -0.5823310017585754 0.0206339992582798
v 1.7624388456344604 -0.44800999760627747 -0.1829870045185089
v 1.7553208589553833 -0.6328210234642029 0.021909000352025032
v 1.6692058563232421 -0.5127390027046204 -0.16012799739837646
v 1.6518958330154419 -0.6463779807090759 0.023182999342679977
v 1.6692058563232421 -0.5127390027046204 -0.16012799739837646
v 1.7553208589553833 -0.6328210234642029 0.021909000352025032
v 1.6692058563232421 -0.5127390027046204 -0.16012799739837646
v 1.6518958330154419 -0.6463779807090759 0.023182999342679977
v 1.593838882446289 -0.5654199719429016 -0.099542997777462
v 1.593838882446289 -0.5654199719429016 -0.099542997777462
v 1.6518958330154419 -0.6463779807090759 0.023182999342679977
v 1.5514268398284912 -0.5958330035209656 0.024421000853180885
v 1.8865558624267578 -0.3654249906539917 0.2064719945192337
v 2.0459649085998537 -0.41335999965667725 0.018326999619603157
v 1.9727268934249877 -0.3055880069732666 0.18355700373649597
v 1.9727268934249877 -0.3055880069732666 0.18355700373649597
v 2.0459649085998537 -0.41335999965667725 0.018326999619603157
v 2.117681932449341 -0.3176549971103668 0.01744299940764904
v 2.0459649085998537 -0.41335999965667725 0.018326999619603157
v 1.8865558624267578 -0.3654249906539917 0.2064719945192337
v 1.969534945487976 -0.487527996301651 0.019269000738859177
v 2.117681932449341 -0.3176549971103668 0.01744299940764904
v 2.065541934967041 -0.2409300059080124 0.1350719928741455
v 1.9727268934249877 -0.3055880069732666 0.18355700373649597
v 1.7674859285354614 -0.44800999760627747 0.22656600177288055
v 1.969534945487976 -0.487527996301651 0.019269000738859177
v 1.8865558624267578 -0.3654249906539917 0.2064719945192337
v 2.065541934967041 -0.2409300059080124 0.1350719928741455
v 2.117681932449341 -0.3176549971103668 0.01744299940764904
v 2.1551829099655153 -0.21037200093269348 0.01698100008070469
v 2.065541934967041 -0.2409300059080124 0.1350719928741455
v 2.1551829099655153 -0.21037200093269348 0.01698100008070469
v 2.1402968883514406 -0.18846799433231354 0.05056200176477432
v 2.1402968883514406 -0.18846799433231354 0.05056200176477432
v 2.1551829099655153 -0.21037200093269348 0.01698100008070469
v 2.1670449495315554 -0.16966700553894043 0.01683500036597252
v 1.7674859285354614 -0.44800999760627747 0.22656600177288055
v 1.8587668657302856 -0.5823310017585754 0.0206339992582798
v 1.969534945487976 -0.487527996301651 0.019269000738859177
v 1.7674859285354614 -0.44800999760627747 0.22656600177288055
v 1.7553208589553833 -0.6328210234642029 0.021909000352025032
v 1.8587668657302856 -0.5823310017585754 0.0206339992582798
v 1.7553208589553833 -0.6328210234642029 0.021909000352025032
v 1.7674859285354614 -0.44800999760627747 0.22656600177288055
v 1.6737179279327392 -0.5127390027046204 0.20601099729537964
v 1.6737179279327392 -0.5127390027046204 0.20601099729537964
v 1.6518958330154419 -0.6463779807090759 0.023182999342679977
v 1.7553208589553833 -0.6328210234642029 0.021909000352025032
v 1.6518958330154419 -0.6463779807090759 0.023182999342679977
v 1.6737179279327392 -0.5127390027046204 0.20601099729537964
v 1.5968799114227294 -0.5654199719429016 0.14730200171470642
v 1.6518958330154419 -0.6463779807090759 0.023182999342679977
v 1.5968799114227294 -0.5654199719429016 0.14730200171470642
v 1.5514268398284912 -0.5958330035209656 0.024421000853180885
v -0.6086851239204407 -0.40816599130630493 0.05104000121355057
v -0.5302311062812806 -0.2937909960746765 -0.08279599994421005
v -0.6108081221580506 -0.36201199889183044 -0.12119399756193161
v -0.6123611807823182 -0.23591899871826172 -0.24727700650691986
v -0.6108081221580506 -0.36201199889183044 -0.12119399756193161
v -0.5302311062812806 -0.2937909960746765 -0.08279599994421005
v -0.5302311062812806 -0.2937909960746765 -0.08279599994421005
v -0.6086851239204407 -0.40816599130630493 0.05104000121355057
v -0.5285941243171692 -0.3293910026550293 0.05005300045013428
v -0.6123611807823182 -0.23591899871826172 -0.24727700650691986
v -0.5302311062812806 -0.2937909960746765 -0.08279599994421005
v -0.5314301133155823 -0.1965309977531433 -0.18004900217056274
v -0.5269571423530579 -0.2937909960746765 0.182901993393898
v -0.5285941243171692 -0.3293910026550293 0.05005300045013428
v -0.6086851239204407 -0.40816599130630493 0.05104000121355057
v -0.612930166721344 -0.06367199867963791 -0.2934280037879944
v -0.6123611807823182 -0.23591899871826172 -0.24727700650691986
v -0.5314301133155823 -0.1965309977531433 -0.18004900217056274
v -0.6086851239204407 -0.40816599130630493 0.05104000121355057
v -0.6065631985664368 -0.36201199889183044 0.22327400743961334
v -0.5269571423530579 -0.2937909960746765 0.182901993393898
v -0.612930166721344 -0.06367199867963791 -0.2934280037879944
v -0.5314301133155823 -0.1965309977531433 -0.18004900217056274
v -0.5318691611289978 -0.06367199867963791 -0.21564599871635437
v -0.6050091862678528 -0.23591899871826172 0.349357008934021
v -0.5269571423530579 -0.2937909960746765 0.182901993393898
v -0.6065631985664368 -0.36201199889183044 0.22327400743961334
v -0.5314301133155823 0.06918700039386749 -0.18004900217056274
v -0.612930166721344 -0.06367199867963791 -0.2934280037879944
v -0.5318691611289978 -0.06367199867963791 -0.21564599871635437
v -0.5269571423530579 -0.2937909960746765 0.182901993393898
v -0.6050091862678528 -0.23591899871826172 0.349357008934021
v -0.5257590889930726 -0.1965309977531433 0.2801550030708313
v -0.612930166721344 -0.06367199867963791 -0.2934280037879944
v -0.5314301133155823 0.06918700039386749 -0.18004900217056274
v -0.6123611807823182 0.1085750013589859 -0.24727700650691986
v -0.6044400811195374 -0.06367199867963791 0.3955079913139343
v -0.5257590889930726 -0.1965309977531433 0.2801550030708313
v -0.6050091862678528 -0.23591899871826172 0.349357008934021
v -0.5302311062812806 0.1664460003376007 -0.08279599994421005
v -0.6123611807823182 0.1085750013589859 -0.24727700650691986
v -0.5314301133155823 0.06918700039386749 -0.18004900217056274
v -0.5257590889930726 -0.1965309977531433 0.2801550030708313
v -0.6044400811195374 -0.06367199867963791 0.3955079913139343
v -0.5253201603889466 -0.06367199867963791 0.31575098633766174
v -0.6123611807823182 0.1085750013589859 -0.24727700650691986
v -0.5302311062812806 0.1664460003376007 -0.08279599994421005
v -0.6108081221580506 0.23466700315475464 -0.12119399756193161
v -0.6044400811195374 -0.06367199867963791 0.3955079913139343
v -0.5257590889930726 0.06918700039386749 0.2801550030708313
v -0.5253201603889466 -0.06367199867963791 0.31575098633766174
v -0.6086851239204407 0.2808220088481903 0.05104000121355057
v -0.6108081221580506 0.23466700315475464 -0.12119399756193161
v -0.5302311062812806 0.1664460003376007 -0.08279599994421005
v -0.6044400811195374 -0.06367199867963791 0.3955079913139343
v -0.6050091862678528 0.1085750013589859 0.349357008934021
v -0.5257590889930726 0.06918700039386749 0.2801550030708313
v -0.6086851239204407 0.2808220088481903 0.05104000121355057
v -0.5302311062812806 0.1664460003376007 -0.08279599994421005
v -0.5285941243171692 0.20204700529575348 0.05005300045013428
v -0.5269571423530579 0.1664460003376007 0.182901993393898
v -0.5257590889930726 0.06918700039386749 0.2801550030708313
v -0.6050091862678528 0.1085750013589859 0.349357008934021
v -0.5269571423530579 0.1664460003376007 0.182901993393898
v -0.6086851239204407 0.2808220088481903 0.05104000121355057
v -0.5285941243171692 0.20204700529575348 0.05005300045013428
v -0.5269571423530579 0.1664460003376007 0.182901993393898
v -0.6050091862678528 0.1085750013589859 0.349357008934021
v -0.6065631985664368 0.23466700315475464 0.22327400743961334
v -0.6086851239204407 0.2808220088481903 0.05104000121355057
v -0.5269571423530579 0.1664460003376007 0.182901993393898
v -0.6065631985664368 0.23466700315475464 0.22327400743961334
v -0.5312170863151551 -0.43234699964523315 -0.16278600692749023
v -0.5285941243171692 -0.48938098549842834 0.05005300045013428
v -0.6086851239204407 -0.40816599130630493 0.05104000121355057
v -0.5259721159934998 -0.43234699964523315 0.2628909945487976
v -0.6086851239204407 -0.40816599130630493 0.05104000121355057
v -0.5285941243171692 -0.48938098549842834 0.05005300045013428
v -0.5312170863151551 -0.43234699964523315 -0.16278600692749023
v -0.6086851239204407 -0.40816599130630493 0.05104000121355057
v -0.6108081221580506 -0.36201199889183044 -0.12119399756193161
v -0.6086851239204407 -0.40816599130630493 0.05104000121355057
v -0.5259721159934998 -0.43234699964523315 0.2628909945487976
v -0.6065631985664368 -0.36201199889183044 0.22327400743961334
v -0.6123611807823182 -0.23591899871826172 -0.24727700650691986
v -0.5312170863151551 -0.43234699964523315 -0.16278600692749023
v -0.6108081221580506 -0.36201199889183044 -0.12119399756193161
v -0.5259721159934998 -0.43234699964523315 0.2628909945487976
v -0.6050091862678528 -0.23591899871826172 0.349357008934021
v -0.6065631985664368 -0.36201199889183044 0.22327400743961334
v -0.5312170863151551 -0.43234699964523315 -0.16278600692749023
v -0.6123611807823182 -0.23591899871826172 -0.24727700650691986
v -0.5331371903419495 -0.27652600407600403 -0.3185940086841583
v -0.6050091862678528 -0.23591899871826172 0.349357008934021
v -0.5259721159934998 -0.43234699964523315 0.2628909945487976
v -0.5240521311759949 -0.27652600407600403 0.4186989963054657
v -0.612930166721344 -0.06367199867963791 -0.2934280037879944
v -0.5331371903419495 -0.27652600407600403 -0.3185940086841583
v -0.6123611807823182 -0.23591899871826172 -0.24727700650691986
v -0.5240521311759949 -0.27652600407600403 0.4186989963054657
v -0.6044400811195374 -0.06367199867963791 0.3955079913139343
v -0.6050091862678528 -0.23591899871826172 0.349357008934021
v -0.5331371903419495 -0.27652600407600403 -0.3185940086841583
v -0.612930166721344 -0.06367199867963791 -0.2934280037879944
v -0.5338401675224305 -0.06367199867963791 -0.37562400102615356
v -0.5240521311759949 -0.27652600407600403 0.4186989963054657
v -0.523349153995514 -0.06367199867963791 0.4757300019264221
v -0.6044400811195374 -0.06367199867963791 0.3955079913139343
v -0.612930166721344 -0.06367199867963791 -0.2934280037879944
v -0.5331371903419495 0.1491820067167282 -0.3185940086841583
v -0.5338401675224305 -0.06367199867963791 -0.37562400102615356
v -0.5240521311759949 0.1491820067167282 0.4186989963054657
v -0.6044400811195374 -0.06367199867963791 0.3955079913139343
v -0.523349153995514 -0.06367199867963791 0.4757300019264221
v -0.612930166721344 -0.06367199867963791 -0.2934280037879944
v -0.6123611807823182 0.1085750013589859 -0.24727700650691986
v -0.5331371903419495 0.1491820067167282 -0.3185940086841583
v -0.6044400811195374 -0.06367199867963791 0.3955079913139343
v -0.5240521311759949 0.1491820067167282 0.4186989963054657
v -0.6050091862678528 0.1085750013589859 0.349357008934021
v -0.5312170863151551 0.30500200390815735 -0.16278600692749023
v -0.5331371903419495 0.1491820067167282 -0.3185940086841583
v -0.6123611807823182 0.1085750013589859 -0.24727700650691986
v -0.5259721159934998 0.30500200390815735 0.2628909945487976
v -0.6050091862678528 0.1085750013589859 0.349357008934021
v -0.5240521311759949 0.1491820067167282 0.4186989963054657
v -0.5312170863151551 0.30500200390815735 -0.16278600692749023
v -0.6123611807823182 0.1085750013589859 -0.24727700650691986
v -0.6108081221580506 0.23466700315475464 -0.12119399756193161
v -0.6050091862678528 0.1085750013589859 0.349357008934021
v -0.5259721159934998 0.30500200390815735 0.2628909945487976
v -0.6065631985664368 0.23466700315475464 0.22327400743961334
v -0.5285941243171692 0.36203598976135254 0.05005300045013428
v -0.5312170863151551 0.30500200390815735 -0.16278600692749023
v -0.6108081221580506 0.23466700315475464 -0.12119399756193161
v -0.5285941243171692 0.36203598976135254 0.05005300045013428
v -0.6065631985664368 0.23466700315475464 0.22327400743961334
v -0.5259721159934998 0.30500200390815735 0.2628909945487976
v -0.5285941243171692 0.36203598976135254 0.05005300045013428
v -0.6108081221580506 0.23466700315475464 -0.12119399756193161
v -0.6086851239204407 0.2808220088481903 0.05104000121355057
v -0.6065631985664368 0.23466700315475464 0.22327400743961334
v -0.5285941243171692 0.36203598976135254 0.05005300045013428
v -0.6086851239204407 0.2808220088481903 0.05104000121355057
v 0.971402895450592 -0.223471000790596 0.03156900033354759
v 0.9404298782348632 -0.11944399774074554 0.1654449999332428
v 1.0147388696670532 -0.17223800718784332 0.20547200739383698
v 0.9404298782348632 -0.11944399774074554 0.1654449999332428
v 0.971402895450592 -0.223471000790596 0.03156900033354759
v 0.8983398795127868 -0.16112199425697327 0.0324690006673336
v 0.9702859044075012 -0.01756400056183338 0.26167601346969604
v 1.0147388696670532 -0.17223800718784332 0.20547200739383698
v 0.9404298782348632 -0.11944399774074554 0.1654449999332428
v 0.971402895450592 -0.223471000790596 0.03156900033354759
v 0.937139880657196 -0.11944399774074554 -0.10150200128555298
v 0.8983398795127868 -0.16112199425697327 0.0324690006673336
v 1.0147388696670532 -0.17223800718784332 0.20547200739383698
v 0.9702859044075012 -0.01756400056183338 0.26167601346969604
v 1.047982883453369 -0.038453999906778336 0.3322030007839203
v 0.971402895450592 -0.223471000790596 0.03156900033354759
v 1.0104398846626281 -0.17223800718784332 -0.14334900677204132
v 0.937139880657196 -0.11944399774074554 -0.10150200128555298
v 1.0289398550987243 0.1367509961128235 0.3793179988861084
v 1.047982883453369 -0.038453999906778336 0.3322030007839203
v 0.9702859044075012 -0.01756400056183338 0.26167601346969604
v 1.0104398846626281 -0.17223800718784332 -0.14334900677204132
v 0.9646158933639526 -0.01756500080227852 -0.1984419971704483
v 0.937139880657196 -0.11944399774074554 -0.10150200128555298
v 0.9702859044075012 -0.01756400056183338 0.26167601346969604
v 0.9456918954849243 0.11517799645662308 0.2975809872150421
v 1.0289398550987243 0.1367509961128235 0.3793179988861084
v 1.0104398846626281 -0.17223800718784332 -0.14334900677204132
v 1.0405508995056152 -0.038453999906778336 -0.2708609998226166
v 0.9646158933639526 -0.01756500080227852 -0.1984419971704483
v 0.9027038931846618 0.2398419976234436 0.2623940110206604
v 1.0289398550987243 0.1367509961128235 0.3793179988861084
v 0.9456918954849243 0.11517799645662308 0.2975809872150421
v 1.0203529119491577 0.1367509961128235 -0.3174940049648285
v 0.9646158933639526 -0.01756500080227852 -0.1984419971704483
v 1.0405508995056152 -0.038453999906778336 -0.2708609998226166
v 1.0289398550987243 0.1367509961128235 0.3793179988861084
v 0.9027038931846618 0.2398419976234436 0.2623940110206604
v 0.9594708800315856 0.29827800393104553 0.3333530128002167
v 0.9646158933639526 -0.01756500080227852 -0.1984419971704483
v 1.0203529119491577 0.1367509961128235 -0.3174940049648285
v 0.9391439080238342 0.11517799645662308 -0.23372900485992432
v 0.8238588690757751 0.3245820105075836 0.16672199964523315
v 0.9594708800315856 0.29827800393104553 0.3333530128002167
v 0.9027038931846618 0.2398419976234436 0.2623940110206604
v 1.0203529119491577 0.1367509961128235 -0.3174940049648285
v 0.897036862373352 0.2398419976234436 -0.19749300181865692
v 0.9391439080238342 0.11517799645662308 -0.23372900485992432
v 0.9594708800315856 0.29827800393104553 0.3333530128002167
v 0.8238588690757751 0.3245820105075836 0.16672199964523315
v 0.8619098782539367 0.41037100553512573 0.20759600400924683
v 0.897036862373352 0.2398419976234436 -0.19749300181865692
v 1.0203529119491577 0.1367509961128235 -0.3174940049648285
v 0.9520388960838317 0.29827800393104553 -0.26982900500297546
v 0.8238588690757751 0.3245820105075836 0.16672199964523315
v 0.7957348942756652 0.44703999161720276 0.033734001219272614
v 0.8619098782539367 0.41037100553512573 0.20759600400924683
v 0.9520388960838317 0.29827800393104553 -0.26982900500297546
v 0.8205728650093078 0.3245820105075836 -0.0999080017209053
v 0.897036862373352 0.2398419976234436 -0.19749300181865692
v 0.8238588690757751 0.3245820105075836 0.16672199964523315
v 0.7639958977699279 0.3524180054664612 0.03412500023841858
v 0.7957348942756652 0.44703999161720276 0.033734001219272614
v 0.8205728650093078 0.3245820105075836 -0.0999080017209053
v 0.7957348942756652 0.44703999161720276 0.033734001219272614
v 0.7639958977699279 0.3524180054664612 0.03412500023841858
v 0.9520388960838317 0.29827800393104553 -0.26982900500297546
v 0.8576058864593505 0.4103719890117645 -0.14170800149440765
v 0.8205728650093078 0.3245820105075836 -0.0999080017209053
v 0.7957348942756652 0.44703999161720276 0.033734001219272614
v 0.8205728650093078 0.3245820105075836 -0.0999080017209053
v 0.8576058864593505 0.4103719890117645 -0.14170800149440765
v 0.5618338704109191 0.6919069886207581 -0.05325999855995178
v 0.5323148787021637 0.7214300036430359 -0.05289600044488907
v 0.5331649005413055 0.6919069886207581 0.016138000413775444
v 0.5323148787021637 0.7214300036430359 -0.05289600044488907
v 0.5618338704109191 0.6919069886207581 -0.05325999855995178
v 0.5702048957347869 0.6919069886207581 -0.09282500296831131
v 0.5702048957347869 0.6919069886207581 -0.09282500296831131
v 0.5318278789520263 0.7302870154380798 -0.0923520028591156
v 0.5323148787021637 0.7214300036430359 -0.05289600044488907
v 0.5702048957347869 0.6919069886207581 -0.09282500296831131
v 0.5312968909740448 0.7214300036430359 -0.13551199436187744
v 0.5318278789520263 0.7302870154380798 -0.0923520028591156
v 0.5312968909740448 0.7214300036430359 -0.13551199436187744
v 0.5702048957347869 0.6919069886207581 -0.09282500296831131
v 0.5608158826828002 0.6919069886207581 -0.13587599992752075
v 0.5304458856582641 0.6919069886207581 -0.2045450061559677
v 0.5312968909740448 0.7214300036430359 -0.13551199436187744
v 0.5608158826828002 0.6919069886207581 -0.13587599992752075
v 0.5640488684177398 0.6919069886207581 0.12646299600601196
v 0.5336789011955261 0.6919069886207581 0.057794999331235886
v 0.5345288932323455 0.7214300036430359 0.12682700157165527
v 0.5733918964862823 0.6919069886207581 0.16581100225448608
v 0.5640488684177398 0.6919069886207581 0.12646299600601196
v 0.5345288932323455 0.7214300036430359 0.12682700157165527
v 0.5350158929824829 0.7302870154380798 0.1662839949131012
v 0.5733918964862823 0.6919069886207581 0.16581100225448608
v 0.5345288932323455 0.7214300036430359 0.12682700157165527
v 0.5355468809604644 0.7214300036430359 0.20944300293922424
v 0.5733918964862823 0.6919069886207581 0.16581100225448608
v 0.5350158929824829 0.7302870154380798 0.1662839949131012
v 0.5733918964862823 0.6919069886207581 0.16581100225448608
v 0.5355468809604644 0.7214300036430359 0.20944300293922424
v 0.5650668859481811 0.6919069886207581 0.20907899737358093
v 0.5363978862762451 0.6919069886207581 0.2784770131111145
v 0.5650668859481811 0.6919069886207581 0.20907899737358093
v 0.5355468809604644 0.7214300036430359 0.20944300293922424
v 0.9259448766708374 -0.2674359977245331 0.24885700643062592
v 0.971402895450592 -0.223471000790596 0.03156900033354759
v 1.0147388696670532 -0.17223800718784332 0.20547200739383698
v 0.971402895450592 -0.223471000790596 0.03156900033354759
v 0.9259448766708374 -0.2674359977245331 0.24885700643062592
v 0.8894068717956543 -0.32964199781417847 0.032579001039266586
v 1.0147388696670532 -0.17223800718784332 0.20547200739383698
v 0.960611891746521 -0.10417400300502777 0.406919002532959
v 0.9259448766708374 -0.2674359977245331 0.24885700643062592
v 0.9206038832664489 -0.2674359977245331 -0.18453499674797058
v 0.971402895450592 -0.223471000790596 0.03156900033354759
v 0.8894068717956543 -0.32964199781417847 0.032579001039266586
v 1.0147388696670532 -0.17223800718784332 0.20547200739383698
v 1.047982883453369 -0.038453999906778336 0.3322030007839203
v 0.960611891746521 -0.10417400300502777 0.406919002532959
v 0.971402895450592 -0.223471000790596 0.03156900033354759
v 0.9206038832664489 -0.2674359977245331 -0.18453499674797058
v 1.0104398846626281 -0.17223800718784332 -0.14334900677204132
v 0.9480968832969665 0.11517299711704254 0.4653030037879944
v 0.960611891746521 -0.10417400300502777 0.406919002532959
v 1.047982883453369 -0.038453999906778336 0.3322030007839203
v 0.9513659000396728 -0.10417400300502777 -0.3434010148048401
v 1.0104398846626281 -0.17223800718784332 -0.14334900677204132
v 0.9206038832664489 -0.2674359977245331 -0.18453499674797058
v 1.047982883453369 -0.038453999906778336 0.3322030007839203
v 1.0289398550987243 0.1367509961128235 0.3793179988861084
v 0.9480968832969665 0.11517299711704254 0.4653030037879944
v 1.0104398846626281 -0.17223800718784332 -0.14334900677204132
v 0.9513659000396728 -0.10417400300502777 -0.3434010148048401
v 1.0405508995056152 -0.038453999906778336 -0.2708609998226166
v 0.9594708800315856 0.29827800393104553 0.3333530128002167
v 0.9480968832969665 0.11517299711704254 0.4653030037879944
v 1.0289398550987243 0.1367509961128235 0.3793179988861084
v 0.9374159097671508 0.11517299711704254 -0.4014590084552765
v 1.0405508995056152 -0.038453999906778336 -0.2708609998226166
v 0.9513659000396728 -0.10417400300502777 -0.3434010148048401
v 0.9480968832969665 0.11517299711704254 0.4653030037879944
v 0.9594708800315856 0.29827800393104553 0.3333530128002167
v 0.8506218910217285 0.31472599506378174 0.40827101469039917
v 1.0405508995056152 -0.038453999906778336 -0.2708609998226166
v 0.9374159097671508 0.11517299711704254 -0.4014590084552765
v 1.0203529119491577 0.1367509961128235 -0.3174940049648285
v 0.8619098782539367 0.41037100553512573 0.20759600400924683
v 0.8506218910217285 0.31472599506378174 0.40827101469039917
v 0.9594708800315856 0.29827800393104553 0.3333530128002167
v 0.9374159097671508 0.11517299711704254 -0.4014590084552765
v 0.9520388960838317 0.29827800393104553 -0.26982900500297546
v 1.0203529119491577 0.1367509961128235 -0.3174940049648285
v 0.8506218910217285 0.31472599506378174 0.40827101469039917
v 0.8619098782539367 0.41037100553512573 0.20759600400924683
v 0.7359808802604675 0.45730099081993103 0.2511340081691742
v 0.9520388960838317 0.29827800393104553 -0.26982900500297546
v 0.9374159097671508 0.11517299711704254 -0.4014590084552765
v 0.8413758993148803 0.31472599506378174 -0.3420400023460388
v 0.7957348942756652 0.44703999161720276 0.033734001219272614
v 0.7359808802604675 0.45730099081993103 0.2511340081691742
v 0.8619098782539367 0.41037100553512573 0.20759600400924683
v 0.8413758993148803 0.31472599506378174 -0.3420400023460388
v 0.8576058864593505 0.4103719890117645 -0.14170800149440765
v 0.9520388960838317 0.29827800393104553 -0.26982900500297546
v 0.7359808802604675 0.45730099081993103 0.2511340081691742
v 0.7957348942756652 0.44703999161720276 0.033734001219272614
v 0.6696918725967407 0.5074440240859985 0.035287000238895416
v 0.8413758993148803 0.31472599506378174 -0.3420400023460388
v 0.7306418538093566 0.45730099081993103 -0.18212899565696716
v 0.8576058864593505 0.4103719890117645 -0.14170800149440765
v 0.7957348942756652 0.44703999161720276 0.033734001219272614
v 0.8576058864593505 0.4103719890117645 -0.14170800149440765
v 0.7306418538093566 0.45730099081993103 -0.18212899565696716
v 0.7306418538093566 0.45730099081993103 -0.18212899565696716
v 0.6696918725967407 0.5074440240859985 0.035287000238895416
v 0.7957348942756652 0.44703999161720276 0.033734001219272614
v 0.47866289019584657 -0.8781669735908508 0.037641000002622604
v 0.5808478713035583 -0.7319849729537964 0.21706600487232208
v 0.4413288801908493 -0.7296379804611206 0.19757899641990662
v 0.2898498818278313 -0.7136989831924438 0.1535010039806366
v 0.47866289019584657 -0.8781669735908508 0.037641000002622604
v 0.4413288801908493 -0.7296379804611206 0.19757899641990662
v 0.5808478713035583 -0.7319849729537964 0.21706600487232208
v 0.47866289019584657 -0.8781669735908508 0.037641000002622604
v 0.6393988847732544 -0.9041659832000732 0.035659998655319214
v 0.47866289019584657 -0.8781669735908508 0.037641000002622604
v 0.2898498818278313 -0.7136989831924438 0.1535010039806366
v 0.2802968963980675 -0.8269519805908203 0.040084999054670334
v 0.6393988847732544 -0.9041659832000732 0.035659998655319214
v 0.7637989044189453 -0.677262008190155 0.23288999497890472
v 0.5808478713035583 -0.7319849729537964 0.21706600487232208
v 0.2898498818278313 -0.7136989831924438 0.1535010039806366
v 0.1599389061331749 -0.7006270289421082 0.04156799986958504
v 0.2802968963980675 -0.8269519805908203 0.040084999054670334
v 0.1599389061331749 -0.7006270289421082 0.04156799986958504
v 0.2898498818278313 -0.7136989831924438 0.1535010039806366
v 0.1735608920454979 -0.6702470183372498 0.07381299883127213
v 0.1599389061331749 -0.7006270289421082 0.04156799986958504
v 0.1735608920454979 -0.6702470183372498 0.07381299883127213
v 0.13506690114736558 -0.6529979705810547 0.041875001043081284
v 0.7637989044189453 -0.677262008190155 0.23288999497890472
v 0.6393988847732544 -0.9041659832000732 0.035659998655319214
v 0.84842289686203 -0.8595870137214661 0.03308400139212608
v 0.84842289686203 -0.8595870137214661 0.03308400139212608
v 1.0004608750343322 -0.7036949992179871 0.031210999935865402
v 0.7637989044189453 -0.677262008190155 0.23288999497890472
v 0.7637989044189453 -0.677262008190155 0.23288999497890472
v 1.0004608750343322 -0.7036949992179871 0.031210999935865402
v 0.9036938667297363 -0.558106005191803 0.21009700000286102
v 0.9036938667297363 -0.558106005191803 0.21009700000286102
v 1.0004608750343322 -0.7036949992179871 0.031210999935865402
v 1.0453449010848999 -0.504272997379303 0.030657999217510223
v 1.0453449010848999 -0.504272997379303 0.030657999217510223
v 0.9523648738861084 -0.4289129972457886 0.15160100162029266
v 0.9036938667297363 -0.558106005191803 0.21009700000286102
v 1.0453449010848999 -0.504272997379303 0.030657999217510223
v 0.9712988853454589 -0.27105000615119934 0.03156999871134758
v 0.9523648738861084 -0.4289129972457886 0.15160100162029266
v 0.47866289019584657 -0.8781669735908508 0.037641000002622604
v 0.576394897699356 -0.7319849729537964 -0.14424799382686615
v 0.6393988847732544 -0.9041659832000732 0.035659998655319214
v 0.576394897699356 -0.7319849729537964 -0.14424799382686615
v 0.47866289019584657 -0.8781669735908508 0.037641000002622604
v 0.4373988777399063 -0.7296379804611206 -0.12132900208234787
v 0.6393988847732544 -0.9041659832000732 0.035659998655319214
v 0.576394897699356 -0.7319849729537964 -0.14424799382686615
v 0.7589008927345275 -0.677262008190155 -0.16457599401474
v 0.47866289019584657 -0.8781669735908508 0.037641000002622604
v 0.2870518907904625 -0.7136989831924438 -0.07353200018405914
v 0.4373988777399063 -0.7296379804611206 -0.12132900208234787
v 0.7589008927345275 -0.677262008190155 -0.16457599401474
v 0.84842289686203 -0.8595870137214661 0.03308400139212608
v 0.6393988847732544 -0.9041659832000732 0.035659998655319214
v 0.2870518907904625 -0.7136989831924438 -0.07353200018405914
v 0.47866289019584657 -0.8781669735908508 0.037641000002622604
v 0.2802968963980675 -0.8269519805908203 0.040084999054670334
v 0.7589008927345275 -0.677262008190155 -0.16457599401474
v 1.0004608750343322 -0.7036949992179871 0.031210999935865402
v 0.84842289686203 -0.8595870137214661 0.03308400139212608
v 0.2870518907904625 -0.7136989831924438 -0.07353200018405914
v 0.2802968963980675 -0.8269519805908203 0.040084999054670334
v 0.1599389061331749 -0.7006270289421082 0.04156799986958504
v 0.1727618917822838 -0.6702470183372498 0.00899800006300211
v 0.2870518907904625 -0.7136989831924438 -0.07353200018405914
v 0.1599389061331749 -0.7006270289421082 0.04156799986958504
v 0.1727618917822838 -0.6702470183372498 0.00899800006300211
v 0.1599389061331749 -0.7006270289421082 0.04156799986958504
v 0.13506690114736558 -0.6529979705810547 0.041875001043081284
v 1.0004608750343322 -0.7036949992179871 0.031210999935865402
v 0.7589008927345275 -0.677262008190155 -0.16457599401474
v 0.8993159055709838 -0.558106005191803 -0.145236998796463
v 0.8993159055709838 -0.558106005191803 -0.145236998796463
v 1.0453449010848999 -0.504272997379303 0.030657999217510223
v 1.0004608750343322 -0.7036949992179871 0.031210999935865402
v 1.0453449010848999 -0.504272997379303 0.030657999217510223
v 0.8993159055709838 -0.558106005191803 -0.145236998796463
v 0.9494128942489624 -0.4289129972457886 -0.087957002222538
v 1.0453449010848999 -0.504272997379303 0.030657999217510223
v 0.9494128942489624 -0.4289129972457886 -0.087957002222538
v 0.9712988853454589 -0.27105000615119934 0.03156999871134758
v 1.3100338697433471 -0.2216150015592575 0.027396000921726227
v 1.3754899024963378 -0.2912079989910126 0.02658900059759617
v 1.21674485206604 -0.3829300105571747 -0.15288600325584412
v 1.3100338697433471 -0.2216150015592575 0.027396000921726227
v 1.21674485206604 -0.3829300105571747 -0.15288600325584412
v 1.1699198603630065 -0.30257099866867065 -0.13101500272750854
v 1.3754899024963378 -0.2912079989910126 0.02658900059759617
v 1.281506848335266 -0.49383899569511414 -0.1718370020389557
v 1.21674485206604 -0.3829300105571747 -0.15288600325584412
v 1.1699198603630065 -0.30257099866867065 -0.13101500272750854
v 1.2193579196929931 -0.1581069976091385 0.028512999415397644
v 1.3100338697433471 -0.2216150015592575 0.027396000921726227
v 1.281506848335266 -0.49383899569511414 -0.1718370020389557
v 1.3754899024963378 -0.2912079989910126 0.02658900059759617
v 1.4561359405517578 -0.3929409980773926 0.02559500001370907
v 1.2193579196929931 -0.1581069976091385 0.028512999415397644
v 1.1699198603630065 -0.30257099866867065 -0.13101500272750854
v 1.1196099042892456 -0.21574200689792633 -0.0842600017786026
v 1.4888208627700805 -0.49056199193000793 0.025193000212311745
v 1.281506848335266 -0.49383899569511414 -0.1718370020389557
v 1.4561359405517578 -0.3929409980773926 0.02559500001370907
v 1.1196099042892456 -0.21574200689792633 -0.0842600017786026
v 1.1078048467636108 -0.12883299589157104 0.029888000339269638
v 1.2193579196929931 -0.1581069976091385 0.028512999415397644
v 1.1078048467636108 -0.12883299589157104 0.029888000339269638
v 1.1196099042892456 -0.21574200689792633 -0.0842600017786026
v 1.0793288469314575 -0.14528700709342957 -0.002308000111952424
v 1.1078048467636108 -0.12883299589157104 0.029888000339269638
v 1.0793288469314575 -0.14528700709342957 -0.002308000111952424
v 1.0649348616600036 -0.1200380027294159 0.03041600063443184
v 1.281506848335266 -0.49383899569511414 -0.1718370020389557
v 1.4888208627700805 -0.49056199193000793 0.025193000212311745
v 1.3327029466629028 -0.5807660222053528 -0.151310995221138
v 1.480126929283142 -0.5906999707221985 0.025299999862909317
v 1.3327029466629028 -0.5807660222053528 -0.151310995221138
v 1.4888208627700805 -0.49056199193000793 0.025193000212311745
v 1.3327029466629028 -0.5807660222053528 -0.151310995221138
v 1.480126929283142 -0.5906999707221985 0.025299999862909317
v 1.3748758554458618 -0.6515139937400818 -0.09369499981403351
v 1.3748758554458618 -0.6515139937400818 -0.09369499981403351
v 1.480126929283142 -0.5906999707221985 0.025299999862909317
v 1.400287938117981 -0.6923570036888123 0.026283999904990196
v 1.2212148427963256 -0.3829300105571747 0.2099210023880005
v 1.3100338697433471 -0.2216150015592575 0.027396000921726227
v 1.1738658666610717 -0.30257099866867065 0.18920999765396118
v 1.1738658666610717 -0.30257099866867065 0.18920999765396118
v 1.3100338697433471 -0.2216150015592575 0.027396000921726227
v 1.2193579196929931 -0.1581069976091385 0.028512999415397644
v 1.3100338697433471 -0.2216150015592575 0.027396000921726227
v 1.2212148427963256 -0.3829300105571747 0.2099210023880005
v 1.3754899024963378 -0.2912079989910126 0.02658900059759617
v 1.1224188923835754 -0.21574200689792633 0.14371000230312347
v 1.1738658666610717 -0.30257099866867065 0.18920999765396118
v 1.2193579196929931 -0.1581069976091385 0.028512999415397644
v 1.2864248275756835 -0.49383899569511414 0.2272700071334839
v 1.3754899024963378 -0.2912079989910126 0.02658900059759617
v 1.2212148427963256 -0.3829300105571747 0.2099210023880005
v 1.1224188923835754 -0.21574200689792633 0.14371000230312347
v 1.2193579196929931 -0.1581069976091385 0.028512999415397644
v 1.1078048467636108 -0.12883299589157104 0.029888000339269638
v 1.1224188923835754 -0.21574200689792633 0.14371000230312347
v 1.1078048467636108 -0.12883299589157104 0.029888000339269638
v 1.0801308870315551 -0.14528700709342957 0.06277400255203247
v 1.0801308870315551 -0.14528700709342957 0.06277400255203247
v 1.1078048467636108 -0.12883299589157104 0.029888000339269638
v 1.0649348616600036 -0.1200380027294159 0.03041600063443184
v 1.3754899024963378 -0.2912079989910126 0.02658900059759617
v 1.2864248275756835 -0.49383899569511414 0.2272700071334839
v 1.4561359405517578 -0.3929409980773926 0.02559500001370907
v 1.2864248275756835 -0.49383899569511414 0.2272700071334839
v 1.4888208627700805 -0.49056199193000793 0.025193000212311745
v 1.4561359405517578 -0.3929409980773926 0.02559500001370907
v 1.4888208627700805 -0.49056199193000793 0.025193000212311745
v 1.2864248275756835 -0.49383899569511414 0.2272700071334839
v 1.3370998620986938 -0.5807660222053528 0.20548899471759796
v 1.3370998620986938 -0.5807660222053528 0.20548899471759796
v 1.480126929283142 -0.5906999707221985 0.025299999862909317
v 1.4888208627700805 -0.49056199193000793 0.025193000212311745
v 1.480126929283142 -0.5906999707221985 0.025299999862909317
v 1.3370998620986938 -0.5807660222053528 0.20548899471759796
v 1.3778398752212524 -0.6515139937400818 0.14685200154781342
v 1.480126929283142 -0.5906999707221985 0.025299999862909317
v 1.3778398752212524 -0.6515139937400818 0.14685200154781342
v 1.400287938117981 -0.6923570036888123 0.026283999904990196
v 0.10037389844655992 -0.5585029721260071 0.042302001267671585
v 0.05713787376880647 -0.4285989999771118 -0.12403199821710587
v 0.018784847855567943 -0.5355740189552307 -0.1747400015592575
v 0.05713787376880647 -0.4285989999771118 -0.12403199821710587
v 0.10037389844655992 -0.5585029721260071 0.042302001267671585
v 0.13048688024282457 -0.44227200746536255 0.04193099960684776
v -0.046742114424705494 -0.34483298659324646 -0.24350300431251526
v 0.018784847855567943 -0.5355740189552307 -0.1747400015592575
v 0.05713787376880647 -0.4285989999771118 -0.12403199821710587
v 0.06124987900257112 -0.4285989999771118 0.20965200662612915
v 0.13048688024282457 -0.44227200746536255 0.04193099960684776
v 0.10037389844655992 -0.5585029721260071 0.042302001267671585
v 0.018784847855567943 -0.5355740189552307 -0.1747400015592575
v -0.046742114424705494 -0.34483298659324646 -0.24350300431251526
v -0.11152108311653136 -0.421301007270813 -0.33205801248550415
v 0.024157848954200756 -0.5355740189552307 0.26128798723220825
v 0.06124987900257112 -0.4285989999771118 0.20965200662612915
v 0.10037389844655992 -0.5585029721260071 0.042302001267671585
v -0.23379905819892882 -0.23906399309635162 -0.38915300369262695
v -0.11152108311653136 -0.421301007270813 -0.33205801248550415
v -0.046742114424705494 -0.34483298659324646 -0.24350300431251526
v 0.024157848954200756 -0.5355740189552307 0.26128798723220825
v -0.03965410888195037 -0.34483298659324646 0.33164599537849426
v 0.06124987900257112 -0.4285989999771118 0.20965200662612915
v -0.23379905819892882 -0.23906399309635162 -0.38915300369262695
v -0.046742114424705494 -0.34483298659324646 -0.24350300431251526
v -0.13286008238792418 -0.2021930068731308 -0.2869429886341095
v -0.03965410888195037 -0.34483298659324646 0.33164599537849426
v 0.024157848954200756 -0.5355740189552307 0.26128798723220825
v -0.10223211646080016 -0.421301007270813 0.42177098989486694
v -0.16207911372184752 -0.03280699998140335 -0.24193699657917023
v -0.23379905819892882 -0.23906399309635162 -0.38915300369262695
v -0.13286008238792418 -0.2021930068731308 -0.2869429886341095
v -0.22306509613990783 -0.23906399309635162 0.4818609952926636
v -0.03965410888195037 -0.34483298659324646 0.33164599537849426
v -0.10223211646080016 -0.421301007270813 0.42177098989486694
v -0.23379905819892882 -0.23906399309635162 -0.38915300369262695
v -0.16207911372184752 -0.03280699998140335 -0.24193699657917023
v -0.2622991383075714 -0.013042000122368336 -0.33027398586273193
v -0.03965410888195037 -0.34483298659324646 0.33164599537849426
v -0.22306509613990783 -0.23906399309635162 0.4818609952926636
v -0.12467612624168395 -0.2021930068731308 0.37719500064849854
v -0.2424110949039459 0.17056700587272644 -0.17182199656963348
v -0.2622991383075714 -0.013042000122368336 -0.33027398586273193
v -0.16207911372184752 -0.03280699998140335 -0.24193699657917023
v -0.22306509613990783 -0.23906399309635162 0.4818609952926636
v -0.15499510169029235 -0.03280699998140335 0.3329229950904846
v -0.12467612624168395 -0.2021930068731308 0.37719500064849854
v -0.2424110949039459 0.17056700587272644 -0.17182199656963348
v -0.16207911372184752 -0.03280699998140335 -0.24193699657917023
v -0.1418290913105011 0.10964199900627136 -0.12138299643993378
v -0.15499510169029235 -0.03280699998140335 0.3329229950904846
v -0.22306509613990783 -0.23906399309635162 0.4818609952926636
v -0.25300713181495665 -0.013042000122368336 0.42370301485061646
v -0.20045312047004699 0.25402000546455383 0.04600999876856804
v -0.2424110949039459 0.17056700587272644 -0.17182199656963348
v -0.1418290913105011 0.10964199900627136 -0.12138299643993378
v -0.2370310604572296 0.17056700587272644 0.2648090124130249
v -0.15499510169029235 -0.03280699998140335 0.3329229950904846
v -0.25300713181495665 -0.013042000122368336 0.42370301485061646
v -0.20045312047004699 0.25402000546455383 0.04600999876856804
v -0.1418290913105011 0.10964199900627136 -0.12138299643993378
v -0.10011811852455138 0.1798900067806244 0.044773001223802567
v -0.15499510169029235 -0.03280699998140335 0.3329229950904846
v -0.2370310604572296 0.17056700587272644 0.2648090124130249
v -0.13772209286689757 0.10964199900627136 0.21190500259399414
v -0.20045312047004699 0.25402000546455383 0.04600999876856804
v -0.13772209286689757 0.10964199900627136 0.21190500259399414
v -0.2370310604572296 0.17056700587272644 0.2648090124130249
v -0.13772209286689757 0.10964199900627136 0.21190500259399414
v -0.20045312047004699 0.25402000546455383 0.04600999876856804
v -0.10011811852455138 0.1798900067806244 0.044773001223802567
v 0.17783585637807847 -0.5690100193023682 -0.22956399619579315
v 0.2604478940367699 -0.6084210276603699 0.04033000022172928
v 0.10037389844655992 -0.5585029721260071 0.042302001267671585
v 0.1845118746161461 -0.5690100193023682 0.31217700242996216
v 0.10037389844655992 -0.5585029721260071 0.042302001267671585
v 0.2604478940367699 -0.6084210276603699 0.04033000022172928
v 0.10037389844655992 -0.5585029721260071 0.042302001267671585
v 0.018784847855567943 -0.5355740189552307 -0.1747400015592575
v 0.17783585637807847 -0.5690100193023682 -0.22956399619579315
v 0.10037389844655992 -0.5585029721260071 0.042302001267671585
v 0.1845118746161461 -0.5690100193023682 0.31217700242996216
v 0.024157848954200756 -0.5355740189552307 0.26128798723220825
v 0.024851885437965404 -0.42529699206352234 -0.425790011882782
v 0.17783585637807847 -0.5690100193023682 -0.22956399619579315
v 0.018784847855567943 -0.5355740189552307 -0.1747400015592575
v 0.036409881711006176 -0.42529699206352234 0.512112021446228
v 0.024157848954200756 -0.5355740189552307 0.26128798723220825
v 0.1845118746161461 -0.5690100193023682 0.31217700242996216
v 0.024851885437965404 -0.42529699206352234 -0.425790011882782
v 0.018784847855567943 -0.5355740189552307 -0.1747400015592575
v -0.11152108311653136 -0.421301007270813 -0.33205801248550415
v 0.024157848954200756 -0.5355740189552307 0.26128798723220825
v 0.036409881711006176 -0.42529699206352234 0.512112021446228
v -0.10223211646080016 -0.421301007270813 0.42177098989486694
v -0.1357870876789093 -0.20244200527668 -0.49659600853919983
v 0.024851885437965404 -0.42529699206352234 -0.425790011882782
v -0.11152108311653136 -0.421301007270813 -0.33205801248550415
v -0.12243612408638 -0.20244200527668 0.5868560075759888
v -0.10223211646080016 -0.421301007270813 0.42177098989486694
v 0.036409881711006176 -0.42529699206352234 0.512112021446228
v -0.11152108311653136 -0.421301007270813 -0.33205801248550415
v -0.23379905819892882 -0.23906399309635162 -0.38915300369262695
v -0.1357870876789093 -0.20244200527668 -0.49659600853919983
v -0.10223211646080016 -0.421301007270813 0.42177098989486694
v -0.12243612408638 -0.20244200527668 0.5868560075759888
v -0.22306509613990783 -0.23906399309635162 0.4818609952926636
v -0.2622991383075714 -0.013042000122368336 -0.33027398586273193
v -0.1357870876789093 -0.20244200527668 -0.49659600853919983
v -0.23379905819892882 -0.23906399309635162 -0.38915300369262695
v -0.25300713181495665 -0.013042000122368336 0.42370301485061646
v -0.22306509613990783 -0.23906399309635162 0.4818609952926636
v -0.12243612408638 -0.20244200527668 0.5868560075759888
v -0.1357870876789093 -0.20244200527668 -0.49659600853919983
v -0.2622991383075714 -0.013042000122368336 -0.33027398586273193
v -0.16284109950065612 0.08249799907207489 -0.42346999049186707
v -0.12243612408638 -0.20244200527668 0.5868560075759888
v -0.15128411650657653 0.08249799907207489 0.5144190192222595
v -0.25300713181495665 -0.013042000122368336 0.42370301485061646
v -0.2424110949039459 0.17056700587272644 -0.17182199656963348
v -0.16284109950065612 0.08249799907207489 -0.42346999049186707
v -0.2622991383075714 -0.013042000122368336 -0.33027398586273193
v -0.2370310604572296 0.17056700587272644 0.2648090124130249
v -0.25300713181495665 -0.013042000122368336 0.42370301485061646
v -0.15128411650657653 0.08249799907207489 0.5144190192222595
v -0.16284109950065612 0.08249799907207489 -0.42346999049186707
v -0.2424110949039459 0.17056700587272644 -0.17182199656963348
v -0.14722909331321715 0.3092840015888214 -0.22547699511051178
v -0.2370310604572296 0.17056700587272644 0.2648090124130249
v -0.15128411650657653 0.08249799907207489 0.5144190192222595
v -0.14055611491203307 0.3092859983444214 0.316101998090744
v -0.20045312047004699 0.25402000546455383 0.04600999876856804
v -0.14722909331321715 0.3092840015888214 -0.22547699511051178
v -0.2424110949039459 0.17056700587272644 -0.17182199656963348
v -0.14055611491203307 0.3092859983444214 0.316101998090744
v -0.20045312047004699 0.25402000546455383 0.04600999876856804
v -0.2370310604572296 0.17056700587272644 0.2648090124130249
v -0.14722909331321715 0.3092840015888214 -0.22547699511051178
v -0.20045312047004699 0.25402000546455383 0.04600999876856804
v -0.11469812989234923 0.40624600648880005 0.04495299980044365
v -0.20045312047004699 0.25402000546455383 0.04600999876856804
v -0.14055611491203307 0.3092859983444214 0.316101998090744
v -0.11469812989234923 0.40624600648880005 0.04495299980044365
v 0.5333489000797271 0.5822569727897644 0.03696700185537338
v 0.5671508729457855 0.5499699711799622 0.03655000030994415
v 0.5327119052410125 0.5961009860038757 -0.014693999662995338
v 0.5339858949184417 0.5961009860038757 0.08862700313329697
v 0.5671508729457855 0.5499699711799622 0.03655000030994415
v 0.5333489000797271 0.5822569727897644 0.03696700185537338
v 0.5671508729457855 0.5499699711799622 0.03655000030994415
v 0.5663148880004882 0.5681399703025818 -0.031252000480890274
v 0.5327119052410125 0.5961009860038757 -0.014693999662995338
v 0.5671508729457855 0.5499699711799622 0.03655000030994415
v 0.5339858949184417 0.5961009860038757 0.08862700313329697
v 0.5679858744144439 0.5681399703025818 0.10435199737548828
v 0.5657028973102569 0.6177780032157898 -0.08088800311088562
v 0.5327119052410125 0.5961009860038757 -0.014693999662995338
v 0.5663148880004882 0.5681399703025818 -0.031252000480890274
v 0.5339858949184417 0.5961009860038757 0.08862700313329697
v 0.5685978949069976 0.6177780032157898 0.15398800373077393
v 0.5679858744144439 0.5681399703025818 0.10435199737548828
v 0.5327119052410125 0.5961009860038757 -0.014693999662995338
v 0.5657028973102569 0.6177780032157898 -0.08088800311088562
v 0.5322458863258361 0.6339210271835327 -0.05251099914312363
v 0.5685978949069976 0.6177780032157898 0.15398800373077393
v 0.5339858949184417 0.5961009860038757 0.08862700313329697
v 0.5344518840312957 0.6339210271835327 0.1264449954032898
v 0.5654788732528686 0.6855850219726562 -0.0990540012717247
v 0.5322458863258361 0.6339210271835327 -0.05251099914312363
v 0.5657028973102569 0.6177780032157898 -0.08088800311088562
v 0.5344518840312957 0.6339210271835327 0.1264449954032898
v 0.5688218891620636 0.6855850219726562 0.1721549928188324
v 0.5685978949069976 0.6177780032157898 0.15398800373077393
v 0.5322458863258361 0.6339210271835327 -0.05251099914312363
v 0.5654788732528686 0.6855850219726562 -0.0990540012717247
v 0.5320758938789367 0.6855850219726562 -0.06635399907827377
v 0.5688218891620636 0.6855850219726562 0.1721549928188324
v 0.5344518840312957 0.6339210271835327 0.1264449954032898
v 0.5346218764781951 0.6855850219726562 0.14028699696063995
v 0.5654788732528686 0.6855850219726562 -0.0990540012717247
v 0.5322458863258361 0.7372490167617798 -0.05251099914312363
v 0.5320758938789367 0.6855850219726562 -0.06635399907827377
v 0.5344518840312957 0.7372490167617798 0.1264449954032898
v 0.5688218891620636 0.6855850219726562 0.1721549928188324
v 0.5346218764781951 0.6855850219726562 0.14028699696063995
v 0.5322458863258361 0.7372490167617798 -0.05251099914312363
v 0.5654788732528686 0.6855850219726562 -0.0990540012717247
v 0.5657028973102569 0.7533929944038391 -0.08088800311088562
v 0.5688218891620636 0.6855850219726562 0.1721549928188324
v 0.5344518840312957 0.7372490167617798 0.1264449954032898
v 0.5685978949069976 0.7533929944038391 0.15398800373077393
v 0.5657028973102569 0.7533929944038391 -0.08088800311088562
v 0.5327119052410125 0.7750710248947144 -0.014693999662995338
v 0.5322458863258361 0.7372490167617798 -0.05251099914312363
v 0.5339858949184417 0.7750710248947144 0.08862700313329697
v 0.5685978949069976 0.7533929944038391 0.15398800373077393
v 0.5344518840312957 0.7372490167617798 0.1264449954032898
v 0.5657028973102569 0.7533929944038391 -0.08088800311088562
v 0.5663148880004882 0.8030319809913635 -0.031252000480890274
v 0.5327119052410125 0.7750710248947144 -0.014693999662995338
v 0.5685978949069976 0.7533929944038391 0.15398800373077393
v 0.5339858949184417 0.7750710248947144 0.08862700313329697
v 0.5679858744144439 0.8030319809913635 0.10435199737548828
v 0.5671508729457855 0.8212019801139832 0.03655000030994415
v 0.5327119052410125 0.7750710248947144 -0.014693999662995338
v 0.5663148880004882 0.8030319809913635 -0.031252000480890274
v 0.5339858949184417 0.7750710248947144 0.08862700313329697
v 0.5671508729457855 0.8212019801139832 0.03655000030994415
v 0.5679858744144439 0.8030319809913635 0.10435199737548828
v 0.5327119052410125 0.7750710248947144 -0.014693999662995338
v 0.5671508729457855 0.8212019801139832 0.03655000030994415
v 0.5333489000797271 0.7889149785041809 0.03696700185537338
v 0.5671508729457855 0.8212019801139832 0.03655000030994415
v 0.5339858949184417 0.7750710248947144 0.08862700313329697
v 0.5333489000797271 0.7889149785041809 0.03696700185537338
v 0.5322978913784027 0.5377900004386902 -0.04835699871182442
v 0.5671508729457855 0.5499699711799622 0.03655000030994415
v 0.5333489000797271 0.514926016330719 0.03696700185537338
v 0.5679858744144439 0.5681399703025818 0.10435199737548828
v 0.5333489000797271 0.514926016330719 0.03696700185537338
v 0.5671508729457855 0.5499699711799622 0.03655000030994415
v 0.5671508729457855 0.5499699711799622 0.03655000030994415
v 0.5322978913784027 0.5377900004386902 -0.04835699871182442
v 0.5663148880004882 0.5681399703025818 -0.031252000480890274
v 0.5333489000797271 0.514926016330719 0.03696700185537338
v 0.5679858744144439 0.5681399703025818 0.10435199737548828
v 0.5343998789787292 0.5377900004386902 0.1222900003194809
v 0.5315278887748718 0.6002560257911682 -0.11081700026988983
v 0.5663148880004882 0.5681399703025818 -0.031252000480890274
v 0.5322978913784027 0.5377900004386902 -0.04835699871182442
v 0.5685978949069976 0.6177780032157898 0.15398800373077393
v 0.5343998789787292 0.5377900004386902 0.1222900003194809
v 0.5679858744144439 0.5681399703025818 0.10435199737548828
v 0.5663148880004882 0.5681399703025818 -0.031252000480890274
v 0.5315278887748718 0.6002560257911682 -0.11081700026988983
v 0.5657028973102569 0.6177780032157898 -0.08088800311088562
v 0.5343998789787292 0.5377900004386902 0.1222900003194809
v 0.5685978949069976 0.6177780032157898 0.15398800373077393
v 0.5351698815822601 0.6002560257911682 0.18475200235843658
v 0.5315278887748718 0.6002560257911682 -0.11081700026988983
v 0.5654788732528686 0.6855850219726562 -0.0990540012717247
v 0.5657028973102569 0.6177780032157898 -0.08088800311088562
v 0.5688218891620636 0.6855850219726562 0.1721549928188324
v 0.5351698815822601 0.6002560257911682 0.18475200235843658
v 0.5685978949069976 0.6177780032157898 0.15398800373077393
v 0.5654788732528686 0.6855850219726562 -0.0990540012717247
v 0.5315278887748718 0.6002560257911682 -0.11081700026988983
v 0.5312458992004394 0.6855850219726562 -0.13368099927902222
v 0.5351698815822601 0.6002560257911682 0.18475200235843658
v 0.5688218891620636 0.6855850219726562 0.1721549928188324
v 0.5354519009590148 0.6855850219726562 0.207614004611969
v 0.5315278887748718 0.7709149718284607 -0.11081700026988983
v 0.5654788732528686 0.6855850219726562 -0.0990540012717247
v 0.5312458992004394 0.6855850219726562 -0.13368099927902222
v 0.5351698815822601 0.7709149718284607 0.18475200235843658
v 0.5354519009590148 0.6855850219726562 0.207614004611969
v 0.5688218891620636 0.6855850219726562 0.1721549928188324
v 0.5654788732528686 0.6855850219726562 -0.0990540012717247
v 0.5315278887748718 0.7709149718284607 -0.11081700026988983
v 0.5657028973102569 0.7533929944038391 -0.08088800311088562
v 0.5351698815822601 0.7709149718284607 0.18475200235843658
v 0.5688218891620636 0.6855850219726562 0.1721549928188324
v 0.5685978949069976 0.7533929944038391 0.15398800373077393
v 0.5322978913784027 0.8333809971809387 -0.04835699871182442
v 0.5657028973102569 0.7533929944038391 -0.08088800311088562
v 0.5315278887748718 0.7709149718284607 -0.11081700026988983
v 0.5343998789787292 0.8333809971809387 0.12229099869728088
v 0.5351698815822601 0.7709149718284607 0.18475200235843658
v 0.5685978949069976 0.7533929944038391 0.15398800373077393
v 0.5657028973102569 0.7533929944038391 -0.08088800311088562
v 0.5322978913784027 0.8333809971809387 -0.04835699871182442
v 0.5663148880004882 0.8030319809913635 -0.031252000480890274
v 0.5685978949069976 0.7533929944038391 0.15398800373077393
v 0.5679858744144439 0.8030319809913635 0.10435199737548828
v 0.5343998789787292 0.8333809971809387 0.12229099869728088
v 0.5333489000797271 0.8562449812889099 0.03696700185537338
v 0.5663148880004882 0.8030319809913635 -0.031252000480890274
v 0.5322978913784027 0.8333809971809387 -0.04835699871182442
v 0.5679858744144439 0.8030319809913635 0.10435199737548828
v 0.5333489000797271 0.8562449812889099 0.03696700185537338
v 0.5343998789787292 0.8333809971809387 0.12229099869728088
v 0.5663148880004882 0.8030319809913635 -0.031252000480890274
v 0.5333489000797271 0.8562449812889099 0.03696700185537338
v 0.5671508729457855 0.8212019801139832 0.03655000030994415
v 0.5333489000797271 0.8562449812889099 0.03696700185537338
v 0.5679858744144439 0.8030319809913635 0.10435199737548828
v 0.5671508729457855 0.8212019801139832 0.03655000030994415
v 0.5017768859863281 0.6919069886207581 -0.13514800369739532
v 0.5312968909740448 0.7214300036430359 -0.13551199436187744
v 0.5304458856582641 0.6919069886207581 -0.2045450061559677
v 0.5017768859863281 0.6919069886207581 -0.13514800369739532
v 0.5318278789520263 0.7302870154380798 -0.0923520028591156
v 0.5312968909740448 0.7214300036430359 -0.13551199436187744
v 0.5318278789520263 0.7302870154380798 -0.0923520028591156
v 0.5017768859863281 0.6919069886207581 -0.13514800369739532
v 0.4934519052505493 0.6919069886207581 -0.09187900274991989
v 0.5027949035167694 0.6919069886207581 -0.052531998604536057
v 0.5318278789520263 0.7302870154380798 -0.0923520028591156
v 0.4934519052505493 0.6919069886207581 -0.09187900274991989
v 0.5323148787021637 0.7214300036430359 -0.05289600044488907
v 0.5318278789520263 0.7302870154380798 -0.0923520028591156
v 0.5027949035167694 0.6919069886207581 -0.052531998604536057
v 0.5331649005413055 0.6919069886207581 0.016138000413775444
v 0.5323148787021637 0.7214300036430359 -0.05289600044488907
v 0.5027949035167694 0.6919069886207581 -0.052531998604536057
v 0.5060278892517089 0.6919069886207581 0.20980699360370636
v 0.5363978862762451 0.6919069886207581 0.2784770131111145
v 0.5355468809604644 0.7214300036430359 0.20944300293922424
v 0.5350158929824829 0.7302870154380798 0.1662839949131012
v 0.5060278892517089 0.6919069886207581 0.20980699360370636
v 0.5355468809604644 0.7214300036430359 0.20944300293922424
v 0.5060278892517089 0.6919069886207581 0.20980699360370636
v 0.5350158929824829 0.7302870154380798 0.1662839949131012
v 0.4966398894786835 0.6919069886207581 0.1667570024728775
v 0.5350158929824829 0.7302870154380798 0.1662839949131012
v 0.50500990152359 0.6919069886207581 0.12719100713729858
v 0.4966398894786835 0.6919069886207581 0.1667570024728775
v 0.50500990152359 0.6919069886207581 0.12719100713729858
v 0.5350158929824829 0.7302870154380798 0.1662839949131012
v 0.5345288932323455 0.7214300036430359 0.12682700157165527
v 0.5336789011955261 0.6919069886207581 0.057794999331235886
v 0.50500990152359 0.6919069886207581 0.12719100713729858
v 0.5345288932323455 0.7214300036430359 0.12682700157165527
v 0.571797889471054 0.8212350010871887 0.03649299964308739
v 0.5330578804016113 0.8643990159034729 0.007445000112056732
v 0.5629418909549713 0.8644000291824341 0.03660200163722038
v 0.5334218859672546 0.9334380030632019 0.036965999752283096
v 0.5629418909549713 0.8644000291824341 0.03660200163722038
v 0.5330578804016113 0.8643990159034729 0.007445000112056732
v 0.5330578804016113 0.8643990159034729 0.007445000112056732
v 0.571797889471054 0.8212350010871887 0.03649299964308739
v 0.5329488933086395 0.8212350010871887 -0.0014100000262260437
v 0.571797889471054 0.8212350010871887 0.03649299964308739
v 0.5330578804016113 0.781777024269104 0.007445000112056732
v 0.5329488933086395 0.8212350010871887 -0.0014100000262260437
v 0.5330578804016113 0.781777024269104 0.007445000112056732
v 0.571797889471054 0.8212350010871887 0.03649299964308739
v 0.5629418909549713 0.781777024269104 0.03660200163722038
v 0.5330578804016113 0.781777024269104 0.007445000112056732
v 0.5629418909549713 0.781777024269104 0.03660200163722038
v 0.5334218859672546 0.7127379775047302 0.036965999752283096
v 0.5629418909549713 0.781777024269104 0.03660200163722038
v 0.5337858915328979 0.781777024269104 0.06648600101470947
v 0.5334218859672546 0.7127379775047302 0.036965999752283096
v 0.5629418909549713 0.781777024269104 0.03660200163722038
v 0.5338948786258697 0.8212350010871887 0.07534100115299225
v 0.5337858915328979 0.781777024269104 0.06648600101470947
v 0.5338948786258697 0.8212350010871887 0.07534100115299225
v 0.5629418909549713 0.781777024269104 0.03660200163722038
v 0.571797889471054 0.8212350010871887 0.03649299964308739
v 0.5629418909549713 0.8644000291824341 0.03660200163722038
v 0.5338948786258697 0.8212350010871887 0.07534100115299225
v 0.571797889471054 0.8212350010871887 0.03649299964308739
v 0.5337858915328979 0.8643990159034729 0.06648600101470947
v 0.5338948786258697 0.8212350010871887 0.07534100115299225
v 0.5629418909549713 0.8644000291824341 0.03660200163722038
v 0.5334218859672546 0.9334380030632019 0.036965999752283096
v 0.5337858915328979 0.8643990159034729 0.06648600101470947
v 0.5629418909549713 0.8644000291824341 0.03660200163722038
v 0.571797889471054 0.5625810027122498 0.03649299964308739
v 0.5629418909549713 0.5194169878959656 0.03660200163722038
v 0.5330578804016113 0.5194169878959656 0.007445000112056732
v 0.5334218859672546 0.45037901401519775 0.036965999752283096
v 0.5330578804016113 0.5194169878959656 0.007445000112056732
v 0.5629418909549713 0.5194169878959656 0.03660200163722038
v 0.571797889471054 0.5625810027122498 0.03649299964308739
v 0.5330578804016113 0.5194169878959656 0.007445000112056732
v 0.5329488933086395 0.5625810027122498 -0.0014100000262260437
v 0.5330578804016113 0.6020399928092957 0.007445000112056732
v 0.571797889471054 0.5625810027122498 0.03649299964308739
v 0.5329488933086395 0.5625810027122498 -0.0014100000262260437
v 0.571797889471054 0.5625810027122498 0.03649299964308739
v 0.5330578804016113 0.6020399928092957 0.007445000112056732
v 0.5629418909549713 0.6020399928092957 0.03660200163722038
v 0.5330578804016113 0.6020399928092957 0.007445000112056732
v 0.5334218859672546 0.6710780262947083 0.036965999752283096
v 0.5629418909549713 0.6020399928092957 0.03660200163722038
v 0.5629418909549713 0.6020399928092957 0.03660200163722038
v 0.5334218859672546 0.6710780262947083 0.036965999752283096
v 0.5337858915328979 0.6020399928092957 0.06648600101470947
v 0.5338948786258697 0.5625810027122498 0.07534100115299225
v 0.5629418909549713 0.6020399928092957 0.03660200163722038
v 0.5337858915328979 0.6020399928092957 0.06648600101470947
v 0.5629418909549713 0.6020399928092957 0.03660200163722038
v 0.5338948786258697 0.5625810027122498 0.07534100115299225
v 0.571797889471054 0.5625810027122498 0.03649299964308739
v 0.5338948786258697 0.5625810027122498 0.07534100115299225
v 0.5629418909549713 0.5194169878959656 0.03660200163722038
v 0.571797889471054 0.5625810027122498 0.03649299964308739
v 0.5629418909549713 0.5194169878959656 0.03660200163722038
v 0.5338948786258697 0.5625810027122498 0.07534100115299225
v 0.5337858915328979 0.5194169878959656 0.06648600101470947
v 0.5334218859672546 0.45037901401519775 0.036965999752283096
v 0.5629418909549713 0.5194169878959656 0.03660200163722038
v 0.5337858915328979 0.5194169878959656 0.06648600101470947
v 1.675360870361328 0.3600260019302368 0.02289400063455105
v 1.5417458534240722 0.3708229959011078 0.02454099990427494
v 1.5632988929748535 0.1814199984073639 0.20723700523376465
v 1.675360870361328 0.3600260019302368 0.02289400063455105
v 1.5632988929748535 0.1814199984073639 0.20723700523376465
v 1.6943848848342895 0.19285500049591064 0.18414700031280518
v 1.5417458534240722 0.3708229959011078 0.02454099990427494
v 1.3822408437728881 0.1656379997730255 0.22777299582958221
v 1.5632988929748535 0.1814199984073639 0.20723700523376465
v 1.6943848848342895 0.19285500049591064 0.18414700031280518
v 1.8221939325332641 0.3242200016975403 0.021084999665617943
v 1.675360870361328 0.3600260019302368 0.02289400063455105
v 1.3822408437728881 0.1656379997730255 0.22777299582958221
v 1.5417458534240722 0.3708229959011078 0.02454099990427494
v 1.358530831336975 0.373989999294281 0.026798000559210777
v 1.8221939325332641 0.3242200016975403 0.021084999665617943
v 1.6943848848342895 0.19285500049591064 0.18414700031280518
v 1.8357369422912597 0.20521000027656555 0.13588100671768188
v 1.2186989307403564 0.33953601121902466 0.02852099947631359
v 1.3822408437728881 0.1656379997730255 0.22777299582958221
v 1.358530831336975 0.373989999294281 0.026798000559210777
v 1.8221939325332641 0.3242200016975403 0.021084999665617943
v 1.8357369422912597 0.20521000027656555 0.13588100671768188
v 1.9498849630355835 0.21523499488830566 0.05233199894428253
v 1.8221939325332641 0.3242200016975403 0.021084999665617943
v 1.9498849630355835 0.21523499488830566 0.05233199894428253
v 1.9460209131240844 0.24921000003814697 0.019558999687433243
v 1.9460209131240844 0.24921000003814697 0.019558999687433243
v 1.9498849630355835 0.21523499488830566 0.05233199894428253
v 1.9907508611679077 0.2188279926776886 0.019007999449968338
v 1.3822408437728881 0.1656379997730255 0.22777299582958221
v 1.2186989307403564 0.33953601121902466 0.02852099947631359
v 1.239893865585327 0.15327000617980957 0.20819300413131714
v 1.109239888191223 0.268779993057251 0.02986999973654747
v 1.239893865585327 0.15327000617980957 0.20819300413131714
v 1.2186989307403564 0.33953601121902466 0.02852099947631359
v 1.239893865585327 0.15327000617980957 0.20819300413131714
v 1.109239888191223 0.268779993057251 0.02986999973654747
v 1.1235288500785827 0.143202006816864 0.1510010063648224
v 1.1235288500785827 0.143202006816864 0.1510010063648224
v 1.109239888191223 0.268779993057251 0.02986999973654747
v 1.055276882648468 0.13739100098609924 0.030534999445080757
v 1.5587908744812011 0.1814199984073639 -0.15863099694252014
v 1.675360870361328 0.3600260019302368 0.02289400063455105
v 1.6904048442840576 0.19285500049591064 -0.13877999782562256
v 1.675360870361328 0.3600260019302368 0.02289400063455105
v 1.5587908744812011 0.1814199984073639 -0.15863099694252014
v 1.5417458534240722 0.3708229959011078 0.02454099990427494
v 1.6904048442840576 0.19285500049591064 -0.13877999782562256
v 1.675360870361328 0.3600260019302368 0.02289400063455105
v 1.8221939325332641 0.3242200016975403 0.021084999665617943
v 1.3772809028625488 0.1656379997730255 -0.1747010052204132
v 1.5417458534240722 0.3708229959011078 0.02454099990427494
v 1.5587908744812011 0.1814199984073639 -0.15863099694252014
v 1.8329039335250854 0.20521000027656555 -0.09401100128889084
v 1.6904048442840576 0.19285500049591064 -0.13877999782562256
v 1.8221939325332641 0.3242200016975403 0.021084999665617943
v 1.5417458534240722 0.3708229959011078 0.02454099990427494
v 1.3772809028625488 0.1656379997730255 -0.1747010052204132
v 1.358530831336975 0.373989999294281 0.026798000559210777
v 1.8221939325332641 0.3242200016975403 0.021084999665617943
v 1.9490758895874023 0.21523499488830566 -0.013299999758601189
v 1.8329039335250854 0.20521000027656555 -0.09401100128889084
v 1.9490758895874023 0.21523499488830566 -0.013299999758601189
v 1.8221939325332641 0.3242200016975403 0.021084999665617943
v 1.9460209131240844 0.24921000003814697 0.019558999687433243
v 1.9490758895874023 0.21523499488830566 -0.013299999758601189
v 1.9460209131240844 0.24921000003814697 0.019558999687433243
v 1.9907508611679077 0.2188279926776886 0.019007999449968338
v 1.3772809028625488 0.1656379997730255 -0.1747010052204132
v 1.2186989307403564 0.33953601121902466 0.02852099947631359
v 1.358530831336975 0.373989999294281 0.026798000559210777
v 1.2186989307403564 0.33953601121902466 0.02852099947631359
v 1.3772809028625488 0.1656379997730255 -0.1747010052204132
v 1.2354598760604858 0.15327000617980957 -0.15161900222301483
v 1.2354598760604858 0.15327000617980957 -0.15161900222301483
v 1.109239888191223 0.268779993057251 0.02986999973654747
v 1.2186989307403564 0.33953601121902466 0.02852099947631359
v 1.109239888191223 0.268779993057251 0.02986999973654747
v 1.2354598760604858 0.15327000617980957 -0.15161900222301483
v 1.1205398559570312 0.143202006816864 -0.09157700091600418
v 1.109239888191223 0.268779993057251 0.02986999973654747
v 1.1205398559570312 0.143202006816864 -0.09157700091600418
v 1.055276882648468 0.13739100098609924 0.030534999445080757
v 1.7094268321990966 0.025683000683784485 0.022474000230431557
v 1.5803428411483764 -0.00798300001770258 0.02406499907374382
v 1.5587908744812011 0.1814199984073639 -0.15863099694252014
v 1.7094268321990966 0.025683000683784485 0.022474000230431557
v 1.5587908744812011 0.1814199984073639 -0.15863099694252014
v 1.6904048442840576 0.19285500049591064 -0.13877999782562256
v 1.5803428411483764 -0.00798300001770258 0.02406499907374382
v 1.3772809028625488 0.1656379997730255 -0.1747010052204132
v 1.5587908744812011 0.1814199984073639 -0.15863099694252014
v 1.6904048442840576 0.19285500049591064 -0.13877999782562256
v 1.846445870399475 0.08619900047779083 0.020786000415682793
v 1.7094268321990966 0.025683000683784485 0.022474000230431557
v 1.3772809028625488 0.1656379997730255 -0.1747010052204132
v 1.5803428411483764 -0.00798300001770258 0.02406499907374382
v 1.4009888887405395 -0.04271399974822998 0.026274999603629112
v 1.846445870399475 0.08619900047779083 0.020786000415682793
v 1.6904048442840576 0.19285500049591064 -0.13877999782562256
v 1.8329039335250854 0.20521000027656555 -0.09401100128889084
v 1.256654930114746 -0.032997000962495804 0.028054000809788704
v 1.3772809028625488 0.1656379997730255 -0.1747010052204132
v 1.4009888887405395 -0.04271399974822998 0.026274999603629112
v 1.8329039335250854 0.20521000027656555 -0.09401100128889084
v 1.95294291973114 0.18125900626182556 0.0194729994982481
v 1.846445870399475 0.08619900047779083 0.020786000415682793
v 1.95294291973114 0.18125900626182556 0.0194729994982481
v 1.8329039335250854 0.20521000027656555 -0.09401100128889084
v 1.9490758895874023 0.21523499488830566 -0.013299999758601189
v 1.95294291973114 0.18125900626182556 0.0194729994982481
v 1.9490758895874023 0.21523499488830566 -0.013299999758601189
v 1.9907508611679077 0.2188279926776886 0.019007999449968338
v 1.3772809028625488 0.1656379997730255 -0.1747010052204132
v 1.256654930114746 -0.032997000962495804 0.028054000809788704
v 1.2354598760604858 0.15327000617980957 -0.15161900222301483
v 1.256654930114746 -0.032997000962495804 0.028054000809788704
v 1.1205398559570312 0.143202006816864 -0.09157700091600418
v 1.2354598760604858 0.15327000617980957 -0.15161900222301483
v 1.1205398559570312 0.143202006816864 -0.09157700091600418
v 1.256654930114746 -0.032997000962495804 0.028054000809788704
v 1.1348288774490356 0.01762400008738041 0.029555000364780426
v 1.1205398559570312 0.143202006816864 -0.09157700091600418
v 1.1348288774490356 0.01762400008738041 0.029555000364780426
v 1.055276882648468 0.13739100098609924 0.030534999445080757
v 1.5632988929748535 0.1814199984073639 0.20723700523376465
v 1.7094268321990966 0.025683000683784485 0.022474000230431557
v 1.6943848848342895 0.19285500049591064 0.18414700031280518
v 1.6943848848342895 0.19285500049591064 0.18414700031280518
v 1.7094268321990966 0.025683000683784485 0.022474000230431557
v 1.846445870399475 0.08619900047779083 0.020786000415682793
v 1.7094268321990966 0.025683000683784485 0.022474000230431557
v 1.5632988929748535 0.1814199984073639 0.20723700523376465
v 1.5803428411483764 -0.00798300001770258 0.02406499907374382
v 1.8357369422912597 0.20521000027656555 0.13588100671768188
v 1.6943848848342895 0.19285500049591064 0.18414700031280518
v 1.846445870399475 0.08619900047779083 0.020786000415682793
v 1.3822408437728881 0.1656379997730255 0.22777299582958221
v 1.5803428411483764 -0.00798300001770258 0.02406499907374382
v 1.5632988929748535 0.1814199984073639 0.20723700523376465
v 1.846445870399475 0.08619900047779083 0.020786000415682793
v 1.95294291973114 0.18125900626182556 0.0194729994982481
v 1.8357369422912597 0.20521000027656555 0.13588100671768188
v 1.9498849630355835 0.21523499488830566 0.05233199894428253
v 1.8357369422912597 0.20521000027656555 0.13588100671768188
v 1.95294291973114 0.18125900626182556 0.0194729994982481
v 1.9498849630355835 0.21523499488830566 0.05233199894428253
v 1.95294291973114 0.18125900626182556 0.0194729994982481
v 1.9907508611679077 0.2188279926776886 0.019007999449968338
v 1.5803428411483764 -0.00798300001770258 0.02406499907374382
v 1.3822408437728881 0.1656379997730255 0.22777299582958221
v 1.4009888887405395 -0.04271399974822998 0.026274999603629112
v 1.3822408437728881 0.1656379997730255 0.22777299582958221
v 1.256654930114746 -0.032997000962495804 0.028054000809788704
v 1.4009888887405395 -0.04271399974822998 0.026274999603629112
v 1.256654930114746 -0.032997000962495804 0.028054000809788704
v 1.3822408437728881 0.1656379997730255 0.22777299582958221
v 1.239893865585327 0.15327000617980957 0.20819300413131714
v 1.1235288500785827 0.143202006816864 0.1510010063648224
v 1.256654930114746 -0.032997000962495804 0.028054000809788704
v 1.239893865585327 0.15327000617980957 0.20819300413131714
v 1.256654930114746 -0.032997000962495804 0.028054000809788704
v 1.1235288500785827 0.143202006816864 0.1510010063648224
v 1.1348288774490356 0.01762400008738041 0.029555000364780426
v 1.1348288774490356 0.01762400008738041 0.029555000364780426
v 1.1235288500785827 0.143202006816864 0.1510010063648224
v 1.055276882648468 0.13739100098609924 0.030534999445080757
v 0.5039018809795379 0.8643990159034729 0.03732899948954582
v 0.5337858915328979 0.8643990159034729 0.06648600101470947
v 0.5334218859672546 0.9334380030632019 0.036965999752283096
v 0.5039018809795379 0.8643990159034729 0.03732899948954582
v 0.5338948786258697 0.8212350010871887 0.07534100115299225
v 0.5337858915328979 0.8643990159034729 0.06648600101470947
v 0.5338948786258697 0.8212350010871887 0.07534100115299225
v 0.5039018809795379 0.8643990159034729 0.03732899948954582
v 0.4950458824634552 0.8212350010871887 0.037438999861478806
v 0.5338948786258697 0.8212350010871887 0.07534100115299225
v 0.4950458824634552 0.8212350010871887 0.037438999861478806
v 0.5039018809795379 0.781777024269104 0.03732899948954582
v 0.5338948786258697 0.8212350010871887 0.07534100115299225
v 0.5039018809795379 0.781777024269104 0.03732899948954582
v 0.5337858915328979 0.781777024269104 0.06648600101470947
v 0.5334218859672546 0.7127379775047302 0.036965999752283096
v 0.5337858915328979 0.781777024269104 0.06648600101470947
v 0.5039018809795379 0.781777024269104 0.03732899948954582
v 0.5329488933086395 0.8212350010871887 -0.0014100000262260437
v 0.4950458824634552 0.8212350010871887 0.037438999861478806
v 0.5039018809795379 0.8643990159034729 0.03732899948954582
v 0.5329488933086395 0.8212350010871887 -0.0014100000262260437
v 0.5039018809795379 0.781777024269104 0.03732899948954582
v 0.4950458824634552 0.8212350010871887 0.037438999861478806
v 0.5329488933086395 0.8212350010871887 -0.0014100000262260437
v 0.5039018809795379 0.8643990159034729 0.03732899948954582
v 0.5330578804016113 0.8643990159034729 0.007445000112056732
v 0.5334218859672546 0.9334380030632019 0.036965999752283096
v 0.5330578804016113 0.8643990159034729 0.007445000112056732
v 0.5039018809795379 0.8643990159034729 0.03732899948954582
v 0.5039018809795379 0.781777024269104 0.03732899948954582
v 0.5329488933086395 0.8212350010871887 -0.0014100000262260437
v 0.5330578804016113 0.781777024269104 0.007445000112056732
v 0.5039018809795379 0.781777024269104 0.03732899948954582
v 0.5330578804016113 0.781777024269104 0.007445000112056732
v 0.5334218859672546 0.7127379775047302 0.036965999752283096
v 0.5039018809795379 0.5194169878959656 0.03732899948954582
v 0.5334218859672546 0.45037901401519775 0.036965999752283096
v 0.5337858915328979 0.5194169878959656 0.06648600101470947
v 0.5338948786258697 0.5625810027122498 0.07534100115299225
v 0.5039018809795379 0.5194169878959656 0.03732899948954582
v 0.5337858915328979 0.5194169878959656 0.06648600101470947
v 0.5039018809795379 0.5194169878959656 0.03732899948954582
v 0.5338948786258697 0.5625810027122498 0.07534100115299225
v 0.4950458824634552 0.5625810027122498 0.037438999861478806
v 0.5337858915328979 0.6020399928092957 0.06648600101470947
v 0.4950458824634552 0.5625810027122498 0.037438999861478806
v 0.5338948786258697 0.5625810027122498 0.07534100115299225
v 0.4950458824634552 0.5625810027122498 0.037438999861478806
v 0.5337858915328979 0.6020399928092957 0.06648600101470947
v 0.5039018809795379 0.6020399928092957 0.03732899948954582
v 0.5334218859672546 0.6710780262947083 0.036965999752283096
v 0.5039018809795379 0.6020399928092957 0.03732899948954582
v 0.5337858915328979 0.6020399928092957 0.06648600101470947
v 0.5330578804016113 0.5194169878959656 0.007445000112056732
v 0.5039018809795379 0.5194169878959656 0.03732899948954582
v 0.5329488933086395 0.5625810027122498 -0.0014100000262260437
v 0.5334218859672546 0.45037901401519775 0.036965999752283096
v 0.5039018809795379 0.5194169878959656 0.03732899948954582
v 0.5330578804016113 0.5194169878959656 0.007445000112056732
v 0.5039018809795379 0.5194169878959656 0.03732899948954582
v 0.4950458824634552 0.5625810027122498 0.037438999861478806
v 0.5329488933086395 0.5625810027122498 -0.0014100000262260437
v 0.4950458824634552 0.5625810027122498 0.037438999861478806
v 0.5330578804016113 0.6020399928092957 0.007445000112056732
v 0.5329488933086395 0.5625810027122498 -0.0014100000262260437
v 0.5330578804016113 0.6020399928092957 0.007445000112056732
v 0.4950458824634552 0.5625810027122498 0.037438999861478806
v 0.5039018809795379 0.6020399928092957 0.03732899948954582
v 0.5039018809795379 0.6020399928092957 0.03732899948954582
v 0.5334218859672546 0.6710780262947083 0.036965999752283096
v 0.5330578804016113 0.6020399928092957 0.007445000112056732
v 0.5702048957347869 0.6919069886207581 -0.09282500296831131
v 0.5318278789520263 0.6535289883613586 -0.0923520028591156
v 0.5312968909740448 0.6623860001564026 -0.13551199436187744
v 0.5702048957347869 0.6919069886207581 -0.09282500296831131
v 0.5323148787021637 0.6623860001564026 -0.05289600044488907
v 0.5318278789520263 0.6535289883613586 -0.0923520028591156
v 0.5702048957347869 0.6919069886207581 -0.09282500296831131
v 0.5312968909740448 0.6623860001564026 -0.13551199436187744
v 0.5608158826828002 0.6919069886207581 -0.13587599992752075
v 0.5304458856582641 0.6919069886207581 -0.2045450061559677
v 0.5608158826828002 0.6919069886207581 -0.13587599992752075
v 0.5312968909740448 0.6623860001564026 -0.13551199436187744
v 0.5323148787021637 0.6623860001564026 -0.05289600044488907
v 0.5702048957347869 0.6919069886207581 -0.09282500296831131
v 0.5618338704109191 0.6919069886207581 -0.05325999855995178
v 0.5323148787021637 0.6623860001564026 -0.05289600044488907
v 0.5618338704109191 0.6919069886207581 -0.05325999855995178
v 0.5331649005413055 0.6919069886207581 0.016138000413775444
v 0.5650668859481811 0.6919069886207581 0.20907899737358093
v 0.5355468809604644 0.6623860001564026 0.20944300293922424
v 0.5733918964862823 0.6919069886207581 0.16581100225448608
v 0.5363978862762451 0.6919069886207581 0.2784770131111145
v 0.5355468809604644 0.6623860001564026 0.20944300293922424
v 0.5650668859481811 0.6919069886207581 0.20907899737358093
v 0.5355468809604644 0.6623860001564026 0.20944300293922424
v 0.5350158929824829 0.6535289883613586 0.1662839949131012
v 0.5733918964862823 0.6919069886207581 0.16581100225448608
v 0.5345288932323455 0.6623860001564026 0.12682700157165527
v 0.5733918964862823 0.6919069886207581 0.16581100225448608
v 0.5350158929824829 0.6535289883613586 0.1662839949131012
v 0.5733918964862823 0.6919069886207581 0.16581100225448608
v 0.5345288932323455 0.6623860001564026 0.12682700157165527
v 0.5640488684177398 0.6919069886207581 0.12646299600601196
v 0.5345288932323455 0.6623860001564026 0.12682700157165527
v 0.5336789011955261 0.6919069886207581 0.057794999331235886
v 0.5640488684177398 0.6919069886207581 0.12646299600601196
v 0.2604478940367699 -0.6084210276603699 0.04033000022172928
v 0.17783585637807847 -0.5690100193023682 -0.22956399619579315
v 0.21999785751104356 -0.4576070010662079 -0.17635199427604675
v 0.2604478940367699 -0.6084210276603699 0.04033000022172928
v 0.21999785751104356 -0.4576070010662079 -0.17635199427604675
v 0.30259588807821275 -0.48172301054000854 0.039810001850128174
v 0.17783585637807847 -0.5690100193023682 -0.22956399619579315
v 0.08502987474203111 -0.34790799021720886 -0.33410701155662537
v 0.21999785751104356 -0.4576070010662079 -0.17635199427604675
v 0.22534987777471543 -0.4576070010662079 0.25794199109077454
v 0.2604478940367699 -0.6084210276603699 0.04033000022172928
v 0.30259588807821275 -0.48172301054000854 0.039810001850128174
v 0.08502987474203111 -0.34790799021720886 -0.33410701155662537
v 0.17783585637807847 -0.5690100193023682 -0.22956399619579315
v 0.024851885437965404 -0.42529699206352234 -0.425790011882782
v 0.2604478940367699 -0.6084210276603699 0.04033000022172928
v 0.22534987777471543 -0.4576070010662079 0.25794199109077454
v 0.1845118746161461 -0.5690100193023682 0.31217700242996216
v -0.1357870876789093 -0.20244200527668 -0.49659600853919983
v 0.08502987474203111 -0.34790799021720886 -0.33410701155662537
v 0.024851885437965404 -0.42529699206352234 -0.425790011882782
v 0.094309900701046 -0.34790799021720886 0.4189760088920593
v 0.1845118746161461 -0.5690100193023682 0.31217700242996216
v 0.22534987777471543 -0.4576070010662079 0.25794199109077454
v 0.08502987474203111 -0.34790799021720886 -0.33410701155662537
v -0.1357870876789093 -0.20244200527668 -0.49659600853919983
v -0.036942097544670094 -0.16638700664043427 -0.3900969922542572
v 0.1845118746161461 -0.5690100193023682 0.31217700242996216
v 0.094309900701046 -0.34790799021720886 0.4189760088920593
v 0.036409881711006176 -0.42529699206352234 0.512112021446228
v -0.16284109950065612 0.08249799907207489 -0.42346999049186707
v -0.036942097544670094 -0.16638700664043427 -0.3900969922542572
v -0.1357870876789093 -0.20244200527668 -0.49659600853919983
v 0.094309900701046 -0.34790799021720886 0.4189760088920593
v -0.12243612408638 -0.20244200527668 0.5868560075759888
v 0.036409881711006176 -0.42529699206352234 0.512112021446228
v -0.036942097544670094 -0.16638700664043427 -0.3900969922542572
v -0.16284109950065612 0.08249799907207489 -0.42346999049186707
v -0.06529112458229064 0.05894799903035164 -0.33241701126098633
v -0.12243612408638 -0.20244200527668 0.5868560075759888
v 0.094309900701046 -0.34790799021720886 0.4189760088920593
v -0.02624610364437102 -0.16638700664043427 0.47795599699020386
v -0.14722909331321715 0.3092840015888214 -0.22547699511051178
v -0.06529112458229064 0.05894799903035164 -0.33241701126098633
v -0.16284109950065612 0.08249799907207489 -0.42346999049186707
v -0.15128411650657653 0.08249799907207489 0.5144190192222595
v -0.12243612408638 -0.20244200527668 0.5868560075759888
v -0.02624610364437102 -0.16638700664043427 0.47795599699020386
v -0.06529112458229064 0.05894799903035164 -0.33241701126098633
v -0.14722909331321715 0.3092840015888214 -0.22547699511051178
v -0.0409711331129074 0.24753299355506897 -0.17333699762821198
v -0.15128411650657653 0.08249799907207489 0.5144190192222595
v -0.02624610364437102 -0.16638700664043427 0.47795599699020386
v -0.056007105112075795 0.05894799903035164 0.420989990234375
v -0.11469812989234923 0.40624600648880005 0.04495299980044365
v -0.0409711331129074 0.24753299355506897 -0.17333699762821198
v -0.14722909331321715 0.3092840015888214 -0.22547699511051178
v -0.14055611491203307 0.3092859983444214 0.316101998090744
v -0.15128411650657653 0.08249799907207489 0.5144190192222595
v -0.056007105112075795 0.05894799903035164 0.420989990234375
v -0.0409711331129074 0.24753299355506897 -0.17333699762821198
v -0.11469812989234923 0.40624600648880005 0.04495299980044365
v 0.001034882664680492 0.3332659900188446 0.04352699965238571
v -0.056007105112075795 0.05894799903035164 0.420989990234375
v -0.03561410605907439 0.24753299355506897 0.26135900616645813
v -0.14055611491203307 0.3092859983444214 0.316101998090744
v -0.03561410605907439 0.24753299355506897 0.26135900616645813
v -0.11469812989234923 0.40624600648880005 0.04495299980044365
v -0.14055611491203307 0.3092859983444214 0.316101998090744
v -0.11469812989234923 0.40624600648880005 0.04495299980044365
v -0.03561410605907439 0.24753299355506897 0.26135900616645813
v 0.001034882664680492 0.3332659900188446 0.04352699965238571
v 0.21999785751104356 -0.4576070010662079 -0.17635199427604675
v 0.13048688024282457 -0.44227200746536255 0.04193099960684776
v 0.30259588807821275 -0.48172301054000854 0.039810001850128174
v 0.22534987777471543 -0.4576070010662079 0.25794199109077454
v 0.30259588807821275 -0.48172301054000854 0.039810001850128174
v 0.13048688024282457 -0.44227200746536255 0.04193099960684776
v 0.13048688024282457 -0.44227200746536255 0.04193099960684776
v 0.21999785751104356 -0.4576070010662079 -0.17635199427604675
v 0.05713787376880647 -0.4285989999771118 -0.12403199821710587
v 0.13048688024282457 -0.44227200746536255 0.04193099960684776
v 0.06124987900257112 -0.4285989999771118 0.20965200662612915
v 0.22534987777471543 -0.4576070010662079 0.25794199109077454
v 0.08502987474203111 -0.34790799021720886 -0.33410701155662537
v 0.05713787376880647 -0.4285989999771118 -0.12403199821710587
v 0.21999785751104356 -0.4576070010662079 -0.17635199427604675
v 0.094309900701046 -0.34790799021720886 0.4189760088920593
v 0.22534987777471543 -0.4576070010662079 0.25794199109077454
v 0.06124987900257112 -0.4285989999771118 0.20965200662612915
v 0.05713787376880647 -0.4285989999771118 -0.12403199821710587
v 0.08502987474203111 -0.34790799021720886 -0.33410701155662537
v -0.046742114424705494 -0.34483298659324646 -0.24350300431251526
v 0.06124987900257112 -0.4285989999771118 0.20965200662612915
v -0.03965410888195037 -0.34483298659324646 0.33164599537849426
v 0.094309900701046 -0.34790799021720886 0.4189760088920593
v -0.036942097544670094 -0.16638700664043427 -0.3900969922542572
v -0.046742114424705494 -0.34483298659324646 -0.24350300431251526
v 0.08502987474203111 -0.34790799021720886 -0.33410701155662537
v 0.094309900701046 -0.34790799021720886 0.4189760088920593
v -0.03965410888195037 -0.34483298659324646 0.33164599537849426
v -0.02624610364437102 -0.16638700664043427 0.47795599699020386
v -0.046742114424705494 -0.34483298659324646 -0.24350300431251526
v -0.036942097544670094 -0.16638700664043427 -0.3900969922542572
v -0.13286008238792418 -0.2021930068731308 -0.2869429886341095
v -0.02624610364437102 -0.16638700664043427 0.47795599699020386
v -0.03965410888195037 -0.34483298659324646 0.33164599537849426
v -0.12467612624168395 -0.2021930068731308 0.37719500064849854
v -0.16207911372184752 -0.03280699998140335 -0.24193699657917023
v -0.13286008238792418 -0.2021930068731308 -0.2869429886341095
v -0.036942097544670094 -0.16638700664043427 -0.3900969922542572
v -0.15499510169029235 -0.03280699998140335 0.3329229950904846
v -0.02624610364437102 -0.16638700664043427 0.47795599699020386
v -0.12467612624168395 -0.2021930068731308 0.37719500064849854
v -0.036942097544670094 -0.16638700664043427 -0.3900969922542572
v -0.06529112458229064 0.05894799903035164 -0.33241701126098633
v -0.16207911372184752 -0.03280699998140335 -0.24193699657917023
v -0.02624610364437102 -0.16638700664043427 0.47795599699020386
v -0.15499510169029235 -0.03280699998140335 0.3329229950904846
v -0.056007105112075795 0.05894799903035164 0.420989990234375
v -0.06529112458229064 0.05894799903035164 -0.33241701126098633
v -0.1418290913105011 0.10964199900627136 -0.12138299643993378
v -0.16207911372184752 -0.03280699998140335 -0.24193699657917023
v -0.13772209286689757 0.10964199900627136 0.21190500259399414
v -0.056007105112075795 0.05894799903035164 0.420989990234375
v -0.15499510169029235 -0.03280699998140335 0.3329229950904846
v -0.06529112458229064 0.05894799903035164 -0.33241701126098633
v -0.0409711331129074 0.24753299355506897 -0.17333699762821198
v -0.1418290913105011 0.10964199900627136 -0.12138299643993378
v -0.056007105112075795 0.05894799903035164 0.420989990234375
v -0.13772209286689757 0.10964199900627136 0.21190500259399414
v -0.03561410605907439 0.24753299355506897 0.26135900616645813
v -0.0409711331129074 0.24753299355506897 -0.17333699762821198
v -0.10011811852455138 0.1798900067806244 0.044773001223802567
v -0.1418290913105011 0.10964199900627136 -0.12138299643993378
v -0.10011811852455138 0.1798900067806244 0.044773001223802567
v -0.03561410605907439 0.24753299355506897 0.26135900616645813
v -0.13772209286689757 0.10964199900627136 0.21190500259399414
v -0.10011811852455138 0.1798900067806244 0.044773001223802567
v -0.0409711331129074 0.24753299355506897 -0.17333699762821198
v 0.001034882664680492 0.3332659900188446 0.04352699965238571
v -0.03561410605907439 0.24753299355506897 0.26135900616645813
v -0.10011811852455138 0.1798900067806244 0.044773001223802567
v 0.001034882664680492 0.3332659900188446 0.04352699965238571
v 0.49954689741134645 0.5499699711799622 0.037383999675512314
v 0.5327119052410125 0.5961009860038757 -0.014693999662995338
v 0.4987108826637268 0.5681399703025818 -0.0304189994931221
v 0.4980988919734955 0.6177780032157898 -0.08005499839782715
v 0.4987108826637268 0.5681399703025818 -0.0304189994931221
v 0.5327119052410125 0.5961009860038757 -0.014693999662995338
v 0.5327119052410125 0.5961009860038757 -0.014693999662995338
v 0.49954689741134645 0.5499699711799622 0.037383999675512314
v 0.5333489000797271 0.5822569727897644 0.03696700185537338
v 0.4980988919734955 0.6177780032157898 -0.08005499839782715
v 0.5327119052410125 0.5961009860038757 -0.014693999662995338
v 0.5322458863258361 0.6339210271835327 -0.05251099914312363
v 0.5339858949184417 0.5961009860038757 0.08862700313329697
v 0.5333489000797271 0.5822569727897644 0.03696700185537338
v 0.49954689741134645 0.5499699711799622 0.037383999675512314
v 0.49787588119506837 0.6855850219726562 -0.09822099655866623
v 0.4980988919734955 0.6177780032157898 -0.08005499839782715
v 0.5322458863258361 0.6339210271835327 -0.05251099914312363
v 0.5003818988800048 0.5681399703025818 0.10518500208854675
v 0.5339858949184417 0.5961009860038757 0.08862700313329697
v 0.49954689741134645 0.5499699711799622 0.037383999675512314
v 0.49787588119506837 0.6855850219726562 -0.09822099655866623
v 0.5322458863258361 0.6339210271835327 -0.05251099914312363
v 0.5320758938789367 0.6855850219726562 -0.06635399907827377
v 0.5009938895702362 0.6177780032157898 0.1548209935426712
v 0.5339858949184417 0.5961009860038757 0.08862700313329697
v 0.5003818988800048 0.5681399703025818 0.10518500208854675
v 0.5322458863258361 0.7372490167617798 -0.05251099914312363
v 0.49787588119506837 0.6855850219726562 -0.09822099655866623
v 0.5320758938789367 0.6855850219726562 -0.06635399907827377
v 0.5339858949184417 0.5961009860038757 0.08862700313329697
v 0.5009938895702362 0.6177780032157898 0.1548209935426712
v 0.5344518840312957 0.6339210271835327 0.1264449954032898
v 0.49787588119506837 0.6855850219726562 -0.09822099655866623
v 0.5322458863258361 0.7372490167617798 -0.05251099914312363
v 0.4980988919734955 0.7533929944038391 -0.08005499839782715
v 0.5012178838253021 0.6855850219726562 0.17298799753189087
v 0.5344518840312957 0.6339210271835327 0.1264449954032898
v 0.5009938895702362 0.6177780032157898 0.1548209935426712
v 0.5327119052410125 0.7750710248947144 -0.014693999662995338
v 0.4980988919734955 0.7533929944038391 -0.08005499839782715
v 0.5322458863258361 0.7372490167617798 -0.05251099914312363
v 0.5344518840312957 0.6339210271835327 0.1264449954032898
v 0.5012178838253021 0.6855850219726562 0.17298799753189087
v 0.5346218764781951 0.6855850219726562 0.14028699696063995
v 0.4980988919734955 0.7533929944038391 -0.08005499839782715
v 0.5327119052410125 0.7750710248947144 -0.014693999662995338
v 0.4987108826637268 0.8030319809913635 -0.0304189994931221
v 0.5012178838253021 0.6855850219726562 0.17298799753189087
v 0.5344518840312957 0.7372490167617798 0.1264449954032898
v 0.5346218764781951 0.6855850219726562 0.14028699696063995
v 0.49954689741134645 0.8212019801139832 0.037383999675512314
v 0.4987108826637268 0.8030319809913635 -0.0304189994931221
v 0.5327119052410125 0.7750710248947144 -0.014693999662995338
v 0.5012178838253021 0.6855850219726562 0.17298799753189087
v 0.5009938895702362 0.7533929944038391 0.1548209935426712
v 0.5344518840312957 0.7372490167617798 0.1264449954032898
v 0.49954689741134645 0.8212019801139832 0.037383999675512314
v 0.5327119052410125 0.7750710248947144 -0.014693999662995338
v 0.5333489000797271 0.7889149785041809 0.03696700185537338
v 0.5339858949184417 0.7750710248947144 0.08862700313329697
v 0.5344518840312957 0.7372490167617798 0.1264449954032898
v 0.5009938895702362 0.7533929944038391 0.1548209935426712
v 0.5339858949184417 0.7750710248947144 0.08862700313329697
v 0.49954689741134645 0.8212019801139832 0.037383999675512314
v 0.5333489000797271 0.7889149785041809 0.03696700185537338
v 0.5339858949184417 0.7750710248947144 0.08862700313329697
v 0.5009938895702362 0.7533929944038391 0.1548209935426712
v 0.5003818988800048 0.8030319809913635 0.10518500208854675
v 0.49954689741134645 0.8212019801139832 0.037383999675512314
v 0.5339858949184417 0.7750710248947144 0.08862700313329697
v 0.5003818988800048 0.8030319809913635 0.10518500208854675
v 0.5322978913784027 0.5377900004386902 -0.04835699871182442
v 0.5333489000797271 0.514926016330719 0.03696700185537338
v 0.49954689741134645 0.5499699711799622 0.037383999675512314
v 0.5003818988800048 0.5681399703025818 0.10518500208854675
v 0.49954689741134645 0.5499699711799622 0.037383999675512314
v 0.5333489000797271 0.514926016330719 0.03696700185537338
v 0.5322978913784027 0.5377900004386902 -0.04835699871182442
v 0.49954689741134645 0.5499699711799622 0.037383999675512314
v 0.4987108826637268 0.5681399703025818 -0.0304189994931221
v 0.5003818988800048 0.5681399703025818 0.10518500208854675
v 0.5333489000797271 0.514926016330719 0.03696700185537338
v 0.5343998789787292 0.5377900004386902 0.1222900003194809
v 0.5315278887748718 0.6002560257911682 -0.11081700026988983
v 0.5322978913784027 0.5377900004386902 -0.04835699871182442
v 0.4987108826637268 0.5681399703025818 -0.0304189994931221
v 0.5343998789787292 0.5377900004386902 0.1222900003194809
v 0.5009938895702362 0.6177780032157898 0.1548209935426712
v 0.5003818988800048 0.5681399703025818 0.10518500208854675
v 0.5315278887748718 0.6002560257911682 -0.11081700026988983
v 0.4987108826637268 0.5681399703025818 -0.0304189994931221
v 0.4980988919734955 0.6177780032157898 -0.08005499839782715
v 0.5009938895702362 0.6177780032157898 0.1548209935426712
v 0.5343998789787292 0.5377900004386902 0.1222900003194809
v 0.5351698815822601 0.6002560257911682 0.18475200235843658
v 0.49787588119506837 0.6855850219726562 -0.09822099655866623
v 0.5315278887748718 0.6002560257911682 -0.11081700026988983
v 0.4980988919734955 0.6177780032157898 -0.08005499839782715
v 0.5351698815822601 0.6002560257911682 0.18475200235843658
v 0.5012178838253021 0.6855850219726562 0.17298799753189087
v 0.5009938895702362 0.6177780032157898 0.1548209935426712
v 0.5315278887748718 0.6002560257911682 -0.11081700026988983
v 0.49787588119506837 0.6855850219726562 -0.09822099655866623
v 0.5312458992004394 0.6855850219726562 -0.13368099927902222
v 0.5351698815822601 0.6002560257911682 0.18475200235843658
v 0.5354519009590148 0.6855850219726562 0.207614004611969
v 0.5012178838253021 0.6855850219726562 0.17298799753189087
v 0.49787588119506837 0.6855850219726562 -0.09822099655866623
v 0.5315278887748718 0.7709149718284607 -0.11081700026988983
v 0.5312458992004394 0.6855850219726562 -0.13368099927902222
v 0.5351698815822601 0.7709149718284607 0.18475200235843658
v 0.5012178838253021 0.6855850219726562 0.17298799753189087
v 0.5354519009590148 0.6855850219726562 0.207614004611969
v 0.49787588119506837 0.6855850219726562 -0.09822099655866623
v 0.4980988919734955 0.7533929944038391 -0.08005499839782715
v 0.5315278887748718 0.7709149718284607 -0.11081700026988983
v 0.5012178838253021 0.6855850219726562 0.17298799753189087
v 0.5351698815822601 0.7709149718284607 0.18475200235843658
v 0.5009938895702362 0.7533929944038391 0.1548209935426712
v 0.5322978913784027 0.8333809971809387 -0.04835699871182442
v 0.5315278887748718 0.7709149718284607 -0.11081700026988983
v 0.4980988919734955 0.7533929944038391 -0.08005499839782715
v 0.5343998789787292 0.8333809971809387 0.12229099869728088
v 0.5009938895702362 0.7533929944038391 0.1548209935426712
v 0.5351698815822601 0.7709149718284607 0.18475200235843658
v 0.5322978913784027 0.8333809971809387 -0.04835699871182442
v 0.4980988919734955 0.7533929944038391 -0.08005499839782715
v 0.4987108826637268 0.8030319809913635 -0.0304189994931221
v 0.5009938895702362 0.7533929944038391 0.1548209935426712
v 0.5343998789787292 0.8333809971809387 0.12229099869728088
v 0.5003818988800048 0.8030319809913635 0.10518500208854675
v 0.5333489000797271 0.8562449812889099 0.03696700185537338
v 0.5322978913784027 0.8333809971809387 -0.04835699871182442
v 0.4987108826637268 0.8030319809913635 -0.0304189994931221
v 0.5333489000797271 0.8562449812889099 0.03696700185537338
v 0.5003818988800048 0.8030319809913635 0.10518500208854675
v 0.5343998789787292 0.8333809971809387 0.12229099869728088
v 0.5333489000797271 0.8562449812889099 0.03696700185537338
v 0.4987108826637268 0.8030319809913635 -0.0304189994931221
v 0.49954689741134645 0.8212019801139832 0.037383999675512314
v 0.5003818988800048 0.8030319809913635 0.10518500208854675
v 0.5333489000797271 0.8562449812889099 0.03696700185537338
v 0.49954689741134645 0.8212019801139832 0.037383999675512314
v 1.0624688982963562 -0.4746530055999756 0.03044700063765049
v 1.2212148427963256 -0.3829300105571747 0.2099210023880005
v 1.0337509036064148 -0.3835279941558838 0.03080100007355213
v 1.0337509036064148 -0.3835279941558838 0.03080100007355213
v 1.2212148427963256 -0.3829300105571747 0.2099210023880005
v 1.1738658666610717 -0.30257099866867065 0.18920999765396118
v 1.0624688982963562 -0.4746530055999756 0.03044700063765049
v 1.2864248275756835 -0.49383899569511414 0.2272700071334839
v 1.2212148427963256 -0.3829300105571747 0.2099210023880005
v 1.1738658666610717 -0.30257099866867065 0.18920999765396118
v 1.0226708769798278 -0.273375004529953 0.03093699924647808
v 1.0337509036064148 -0.3835279941558838 0.03080100007355213
v 1.2864248275756835 -0.49383899569511414 0.2272700071334839
v 1.0624688982963562 -0.4746530055999756 0.03044700063765049
v 1.1117958545684814 -0.5947390198707581 0.02983899973332882
v 1.0226708769798278 -0.273375004529953 0.03093699924647808
v 1.1738658666610717 -0.30257099866867065 0.18920999765396118
v 1.1224188923835754 -0.21574200689792633 0.14371000230312347
v 1.1809828996658325 -0.6709679961204529 0.028985999524593353
v 1.2864248275756835 -0.49383899569511414 0.2272700071334839
v 1.1117958545684814 -0.5947390198707581 0.02983899973332882
v 1.1224188923835754 -0.21574200689792633 0.14371000230312347
v 1.0516548871994018 -0.1617400050163269 0.030579999089241028
v 1.0226708769798278 -0.273375004529953 0.03093699924647808
v 1.0516548871994018 -0.1617400050163269 0.030579999089241028
v 1.1224188923835754 -0.21574200689792633 0.14371000230312347
v 1.0801308870315551 -0.14528700709342957 0.06277400255203247
v 1.0516548871994018 -0.1617400050163269 0.030579999089241028
v 1.0801308870315551 -0.14528700709342957 0.06277400255203247
v 1.0649348616600036 -0.1200380027294159 0.03041600063443184
v 1.2864248275756835 -0.49383899569511414 0.2272700071334839
v 1.1809828996658325 -0.6709679961204529 0.028985999524593353
v 1.3370998620986938 -0.5807660222053528 0.20548899471759796
v 1.3370998620986938 -0.5807660222053528 0.20548899471759796
v 1.1809828996658325 -0.6709679961204529 0.028985999524593353
v 1.2725878477096557 -0.7123280167579651 0.02785700000822544
v 1.3370998620986938 -0.5807660222053528 0.20548899471759796
v 1.2725878477096557 -0.7123280167579651 0.02785700000822544
v 1.3778398752212524 -0.6515139937400818 0.14685200154781342
v 1.3778398752212524 -0.6515139937400818 0.14685200154781342
v 1.2725878477096557 -0.7123280167579651 0.02785700000822544
v 1.400287938117981 -0.6923570036888123 0.026283999904990196
v 1.21674485206604 -0.3829300105571747 -0.15288600325584412
v 1.0337509036064148 -0.3835279941558838 0.03080100007355213
v 1.1699198603630065 -0.30257099866867065 -0.13101500272750854
v 1.0226708769798278 -0.273375004529953 0.03093699924647808
v 1.1699198603630065 -0.30257099866867065 -0.13101500272750854
v 1.0337509036064148 -0.3835279941558838 0.03080100007355213
v 1.0337509036064148 -0.3835279941558838 0.03080100007355213
v 1.21674485206604 -0.3829300105571747 -0.15288600325584412
v 1.0624688982963562 -0.4746530055999756 0.03044700063765049
v 1.1699198603630065 -0.30257099866867065 -0.13101500272750854
v 1.0226708769798278 -0.273375004529953 0.03093699924647808
v 1.1196099042892456 -0.21574200689792633 -0.0842600017786026
v 1.281506848335266 -0.49383899569511414 -0.1718370020389557
v 1.0624688982963562 -0.4746530055999756 0.03044700063765049
v 1.21674485206604 -0.3829300105571747 -0.15288600325584412
v 1.0226708769798278 -0.273375004529953 0.03093699924647808
v 1.0516548871994018 -0.1617400050163269 0.030579999089241028
v 1.1196099042892456 -0.21574200689792633 -0.0842600017786026
v 1.1196099042892456 -0.21574200689792633 -0.0842600017786026
v 1.0516548871994018 -0.1617400050163269 0.030579999089241028
v 1.0793288469314575 -0.14528700709342957 -0.002308000111952424
v 1.0793288469314575 -0.14528700709342957 -0.002308000111952424
v 1.0516548871994018 -0.1617400050163269 0.030579999089241028
v 1.0649348616600036 -0.1200380027294159 0.03041600063443184
v 1.0624688982963562 -0.4746530055999756 0.03044700063765049
v 1.281506848335266 -0.49383899569511414 -0.1718370020389557
v 1.1117958545684814 -0.5947390198707581 0.02983899973332882
v 1.281506848335266 -0.49383899569511414 -0.1718370020389557
v 1.1809828996658325 -0.6709679961204529 0.028985999524593353
v 1.1117958545684814 -0.5947390198707581 0.02983899973332882
v 1.1809828996658325 -0.6709679961204529 0.028985999524593353
v 1.281506848335266 -0.49383899569511414 -0.1718370020389557
v 1.3327029466629028 -0.5807660222053528 -0.151310995221138
v 1.3327029466629028 -0.5807660222053528 -0.151310995221138
v 1.2725878477096557 -0.7123280167579651 0.02785700000822544
v 1.1809828996658325 -0.6709679961204529 0.028985999524593353
v 1.2725878477096557 -0.7123280167579651 0.02785700000822544
v 1.3327029466629028 -0.5807660222053528 -0.151310995221138
v 1.3748758554458618 -0.6515139937400818 -0.09369499981403351
v 1.2725878477096557 -0.7123280167579651 0.02785700000822544
v 1.3748758554458618 -0.6515139937400818 -0.09369499981403351
v 1.400287938117981 -0.6923570036888123 0.026283999904990196
v 0.13506690114736558 -0.6529979705810547 0.041875001043081284
v 0.18648586124181749 -0.6400619745254517 0.04124100133776665
v 0.1727618917822838 -0.6702470183372498 0.00899800006300211
v 0.3003628894686699 -0.5990599989891052 0.039838001132011414
v 0.1727618917822838 -0.6702470183372498 0.00899800006300211
v 0.18648586124181749 -0.6400619745254517 0.04124100133776665
v 0.3003628894686699 -0.5990599989891052 0.039838001132011414
v 0.2870518907904625 -0.7136989831924438 -0.07353200018405914
v 0.1727618917822838 -0.6702470183372498 0.00899800006300211
v 0.3003628894686699 -0.5990599989891052 0.039838001132011414
v 0.4373988777399063 -0.7296379804611206 -0.12132900208234787
v 0.2870518907904625 -0.7136989831924438 -0.07353200018405914
v 0.3003628894686699 -0.5990599989891052 0.039838001132011414
v 0.5194299042224884 -0.5618240237236023 0.03713800013065338
v 0.4373988777399063 -0.7296379804611206 -0.12132900208234787
v 0.4373988777399063 -0.7296379804611206 -0.12132900208234787
v 0.5194299042224884 -0.5618240237236023 0.03713800013065338
v 0.576394897699356 -0.7319849729537964 -0.14424799382686615
v 0.6688218832015991 -0.5003119707107544 0.03529699891805649
v 0.576394897699356 -0.7319849729537964 -0.14424799382686615
v 0.5194299042224884 -0.5618240237236023 0.03713800013065338
v 0.6688218832015991 -0.5003119707107544 0.03529699891805649
v 0.7589008927345275 -0.677262008190155 -0.16457599401474
v 0.576394897699356 -0.7319849729537964 -0.14424799382686615
v 0.6688218832015991 -0.5003119707107544 0.03529699891805649
v 0.8993159055709838 -0.558106005191803 -0.145236998796463
v 0.7589008927345275 -0.677262008190155 -0.16457599401474
v 0.8993159055709838 -0.558106005191803 -0.145236998796463
v 0.6688218832015991 -0.5003119707107544 0.03529699891805649
v 0.7849608778953552 -0.4266799986362457 0.033865999430418015
v 0.7849608778953552 -0.4266799986362457 0.033865999430418015
v 0.9494128942489624 -0.4289129972457886 -0.087957002222538
v 0.8993159055709838 -0.558106005191803 -0.145236998796463
v 0.9494128942489624 -0.4289129972457886 -0.087957002222538
v 0.7849608778953552 -0.4266799986362457 0.033865999430418015
v 0.857257854938507 -0.3530440032482147 0.03297499939799309
v 0.9494128942489624 -0.4289129972457886 -0.087957002222538
v 0.857257854938507 -0.3530440032482147 0.03297499939799309
v 0.9712988853454589 -0.27105000615119934 0.03156999871134758
v 0.5808478713035583 -0.7319849729537964 0.21706600487232208
v 0.6688218832015991 -0.5003119707107544 0.03529699891805649
v 0.5194299042224884 -0.5618240237236023 0.03713800013065338
v 0.6688218832015991 -0.5003119707107544 0.03529699891805649
v 0.5808478713035583 -0.7319849729537964 0.21706600487232208
v 0.7637989044189453 -0.677262008190155 0.23288999497890472
v 0.5808478713035583 -0.7319849729537964 0.21706600487232208
v 0.5194299042224884 -0.5618240237236023 0.03713800013065338
v 0.4413288801908493 -0.7296379804611206 0.19757899641990662
v 0.7637989044189453 -0.677262008190155 0.23288999497890472
v 0.9036938667297363 -0.558106005191803 0.21009700000286102
v 0.6688218832015991 -0.5003119707107544 0.03529699891805649
v 0.3003628894686699 -0.5990599989891052 0.039838001132011414
v 0.4413288801908493 -0.7296379804611206 0.19757899641990662
v 0.5194299042224884 -0.5618240237236023 0.03713800013065338
v 0.6688218832015991 -0.5003119707107544 0.03529699891805649
v 0.9036938667297363 -0.558106005191803 0.21009700000286102
v 0.7849608778953552 -0.4266799986362457 0.033865999430418015
v 0.4413288801908493 -0.7296379804611206 0.19757899641990662
v 0.3003628894686699 -0.5990599989891052 0.039838001132011414
v 0.2898498818278313 -0.7136989831924438 0.1535010039806366
v 0.9523648738861084 -0.4289129972457886 0.15160100162029266
v 0.7849608778953552 -0.4266799986362457 0.033865999430418015
v 0.9036938667297363 -0.558106005191803 0.21009700000286102
v 0.7849608778953552 -0.4266799986362457 0.033865999430418015
v 0.9523648738861084 -0.4289129972457886 0.15160100162029266
v 0.857257854938507 -0.3530440032482147 0.03297499939799309
v 0.857257854938507 -0.3530440032482147 0.03297499939799309
v 0.9523648738861084 -0.4289129972457886 0.15160100162029266
v 0.9712988853454589 -0.27105000615119934 0.03156999871134758
v 0.3003628894686699 -0.5990599989891052 0.039838001132011414
v 0.1735608920454979 -0.6702470183372498 0.07381299883127213
v 0.2898498818278313 -0.7136989831924438 0.1535010039806366
v 0.1735608920454979 -0.6702470183372498 0.07381299883127213
v 0.3003628894686699 -0.5990599989891052 0.039838001132011414
v 0.18648586124181749 -0.6400619745254517 0.04124100133776665
v 0.1735608920454979 -0.6702470183372498 0.07381299883127213
v 0.18648586124181749 -0.6400619745254517 0.04124100133776665
v 0.13506690114736558 -0.6529979705810547 0.041875001043081284
v 0.8471048593521118 -0.21347500383853912 0.2068450003862381
v 0.8894068717956543 -0.32964199781417847 0.032579001039266586
v 0.9259448766708374 -0.2674359977245331 0.24885700643062592
v 0.8894068717956543 -0.32964199781417847 0.032579001039266586
v 0.8471048593521118 -0.21347500383853912 0.2068450003862381
v 0.8036548614501953 -0.26595398783683777 0.033636000007390976
v 0.8855039000511169 -0.08055199682712555 0.33390700817108154
v 0.8471048593521118 -0.21347500383853912 0.2068450003862381
v 0.9259448766708374 -0.2674359977245331 0.24885700643062592
v 0.8428238749504089 -0.2134760022163391 -0.14059099555015564
v 0.8894068717956543 -0.32964199781417847 0.032579001039266586
v 0.8036548614501953 -0.26595398783683777 0.033636000007390976
v 0.9259448766708374 -0.2674359977245331 0.24885700643062592
v 0.960611891746521 -0.10417400300502777 0.406919002532959
v 0.8855039000511169 -0.08055199682712555 0.33390700817108154
v 0.8894068717956543 -0.32964199781417847 0.032579001039266586
v 0.8428238749504089 -0.2134760022163391 -0.14059099555015564
v 0.9206038832664489 -0.2674359977245331 -0.18453499674797058
v 0.960611891746521 -0.10417400300502777 0.406919002532959
v 0.8665878891944885 0.09404999762773514 0.3801339864730835
v 0.8855039000511169 -0.08055199682712555 0.33390700817108154
v 0.8780799031257629 -0.08055199682712555 -0.2685590088367462
v 0.9206038832664489 -0.2674359977245331 -0.18453499674797058
v 0.8428238749504089 -0.2134760022163391 -0.14059099555015564
v 0.960611891746521 -0.10417400300502777 0.406919002532959
v 0.9480968832969665 0.11517299711704254 0.4653030037879944
v 0.8665878891944885 0.09404999762773514 0.3801339864730835
v 0.9206038832664489 -0.2674359977245331 -0.18453499674797058
v 0.8780799031257629 -0.08055199682712555 -0.2685590088367462
v 0.9513659000396728 -0.10417400300502777 -0.3434010148048401
v 0.9480968832969665 0.11517299711704254 0.4653030037879944
v 0.7973358750343322 0.25505000352859497 0.3351219892501831
v 0.8665878891944885 0.09404999762773514 0.3801339864730835
v 0.8580298542976379 0.09404999762773514 -0.3143079876899719
v 0.9513659000396728 -0.10417400300502777 -0.3434010148048401
v 0.8780799031257629 -0.08055199682712555 -0.2685590088367462
v 0.7973358750343322 0.25505000352859497 0.3351219892501831
v 0.9480968832969665 0.11517299711704254 0.4653030037879944
v 0.8506218910217285 0.31472599506378174 0.40827101469039917
v 0.9513659000396728 -0.10417400300502777 -0.3434010148048401
v 0.8580298542976379 0.09404999762773514 -0.3143079876899719
v 0.9374159097671508 0.11517299711704254 -0.4014590084552765
v 0.8506218910217285 0.31472599506378174 0.40827101469039917
v 0.6945868849754333 0.3683739900588989 0.20888400077819824
v 0.7973358750343322 0.25505000352859497 0.3351219892501831
v 0.7899088978767395 0.25505000352859497 -0.26760199666023254
v 0.9374159097671508 0.11517299711704254 -0.4014590084552765
v 0.8580298542976379 0.09404999762773514 -0.3143079876899719
v 0.6945868849754333 0.3683739900588989 0.20888400077819824
v 0.8506218910217285 0.31472599506378174 0.40827101469039917
v 0.7359808802604675 0.45730099081993103 0.2511340081691742
v 0.9374159097671508 0.11517299711704254 -0.4014590084552765
v 0.7899088978767395 0.25505000352859497 -0.26760199666023254
v 0.8413758993148803 0.31472599506378174 -0.3420400023460388
v 0.6696918725967407 0.5074440240859985 0.035287000238895416
v 0.6945868849754333 0.3683739900588989 0.20888400077819824
v 0.7359808802604675 0.45730099081993103 0.2511340081691742
v 0.6903008937835693 0.3683739900588989 -0.1388709992170334
v 0.8413758993148803 0.31472599506378174 -0.3420400023460388
v 0.7899088978767395 0.25505000352859497 -0.26760199666023254
v 0.6945868849754333 0.3683739900588989 0.20888400077819824
v 0.6696918725967407 0.5074440240859985 0.035287000238895416
v 0.6273348748683929 0.40650999546051025 0.035808999091386795
v 0.6696918725967407 0.5074440240859985 0.035287000238895416
v 0.6903008937835693 0.3683739900588989 -0.1388709992170334
v 0.6273348748683929 0.40650999546051025 0.035808999091386795
v 0.8413758993148803 0.31472599506378174 -0.3420400023460388
v 0.6903008937835693 0.3683739900588989 -0.1388709992170334
v 0.7306418538093566 0.45730099081993103 -0.18212899565696716
v 0.6696918725967407 0.5074440240859985 0.035287000238895416
v 0.7306418538093566 0.45730099081993103 -0.18212899565696716
v 0.6903008937835693 0.3683739900588989 -0.1388709992170334
v 0.8983398795127868 -0.16112199425697327 0.0324690006673336
v 0.8471048593521118 -0.21347500383853912 0.2068450003862381
v 0.9404298782348632 -0.11944399774074554 0.1654449999332428
v 0.8855039000511169 -0.08055199682712555 0.33390700817108154
v 0.9404298782348632 -0.11944399774074554 0.1654449999332428
v 0.8471048593521118 -0.21347500383853912 0.2068450003862381
v 0.8471048593521118 -0.21347500383853912 0.2068450003862381
v 0.8983398795127868 -0.16112199425697327 0.0324690006673336
v 0.8036548614501953 -0.26595398783683777 0.033636000007390976
v 0.9404298782348632 -0.11944399774074554 0.1654449999332428
v 0.8855039000511169 -0.08055199682712555 0.33390700817108154
v 0.9702859044075012 -0.01756400056183338 0.26167601346969604
v 0.8983398795127868 -0.16112199425697327 0.0324690006673336
v 0.8428238749504089 -0.2134760022163391 -0.14059099555015564
v 0.8036548614501953 -0.26595398783683777 0.033636000007390976
v 0.8665878891944885 0.09404999762773514 0.3801339864730835
v 0.9702859044075012 -0.01756400056183338 0.26167601346969604
v 0.8855039000511169 -0.08055199682712555 0.33390700817108154
v 0.8428238749504089 -0.2134760022163391 -0.14059099555015564
v 0.8983398795127868 -0.16112199425697327 0.0324690006673336
v 0.937139880657196 -0.11944399774074554 -0.10150200128555298
v 0.9702859044075012 -0.01756400056183338 0.26167601346969604
v 0.8665878891944885 0.09404999762773514 0.3801339864730835
v 0.9456918954849243 0.11517799645662308 0.2975809872150421
v 0.8780799031257629 -0.08055199682712555 -0.2685590088367462
v 0.8428238749504089 -0.2134760022163391 -0.14059099555015564
v 0.937139880657196 -0.11944399774074554 -0.10150200128555298
v 0.9027038931846618 0.2398419976234436 0.2623940110206604
v 0.9456918954849243 0.11517799645662308 0.2975809872150421
v 0.8665878891944885 0.09404999762773514 0.3801339864730835
v 0.8780799031257629 -0.08055199682712555 -0.2685590088367462
v 0.937139880657196 -0.11944399774074554 -0.10150200128555298
v 0.9646158933639526 -0.01756500080227852 -0.1984419971704483
v 0.8665878891944885 0.09404999762773514 0.3801339864730835
v 0.7973358750343322 0.25505000352859497 0.3351219892501831
v 0.9027038931846618 0.2398419976234436 0.2623940110206604
v 0.8580298542976379 0.09404999762773514 -0.3143079876899719
v 0.8780799031257629 -0.08055199682712555 -0.2685590088367462
v 0.9646158933639526 -0.01756500080227852 -0.1984419971704483
v 0.8238588690757751 0.3245820105075836 0.16672199964523315
v 0.9027038931846618 0.2398419976234436 0.2623940110206604
v 0.7973358750343322 0.25505000352859497 0.3351219892501831
v 0.8580298542976379 0.09404999762773514 -0.3143079876899719
v 0.9646158933639526 -0.01756500080227852 -0.1984419971704483
v 0.9391439080238342 0.11517799645662308 -0.23372900485992432
v 0.7973358750343322 0.25505000352859497 0.3351219892501831
v 0.6945868849754333 0.3683739900588989 0.20888400077819824
v 0.8238588690757751 0.3245820105075836 0.16672199964523315
v 0.897036862373352 0.2398419976234436 -0.19749300181865692
v 0.8580298542976379 0.09404999762773514 -0.3143079876899719
v 0.9391439080238342 0.11517799645662308 -0.23372900485992432
v 0.7639958977699279 0.3524180054664612 0.03412500023841858
v 0.8238588690757751 0.3245820105075836 0.16672199964523315
v 0.6945868849754333 0.3683739900588989 0.20888400077819824
v 0.8580298542976379 0.09404999762773514 -0.3143079876899719
v 0.897036862373352 0.2398419976234436 -0.19749300181865692
v 0.7899088978767395 0.25505000352859497 -0.26760199666023254
v 0.6945868849754333 0.3683739900588989 0.20888400077819824
v 0.6273348748683929 0.40650999546051025 0.035808999091386795
v 0.7639958977699279 0.3524180054664612 0.03412500023841858
v 0.8205728650093078 0.3245820105075836 -0.0999080017209053
v 0.7899088978767395 0.25505000352859497 -0.26760199666023254
v 0.897036862373352 0.2398419976234436 -0.19749300181865692
v 0.6903008937835693 0.3683739900588989 -0.1388709992170334
v 0.7639958977699279 0.3524180054664612 0.03412500023841858
v 0.6273348748683929 0.40650999546051025 0.035808999091386795
v 0.7899088978767395 0.25505000352859497 -0.26760199666023254
v 0.8205728650093078 0.3245820105075836 -0.0999080017209053
v 0.6903008937835693 0.3683739900588989 -0.1388709992170334
v 0.7639958977699279 0.3524180054664612 0.03412500023841858
v 0.6903008937835693 0.3683739900588989 -0.1388709992170334
v 0.8205728650093078 0.3245820105075836 -0.0999080017209053
v 0.5318278789520263 0.6535289883613586 -0.0923520028591156
v 0.4934519052505493 0.6919069886207581 -0.09187900274991989
v 0.5017768859863281 0.6919069886207581 -0.13514800369739532
v 0.5318278789520263 0.6535289883613586 -0.0923520028591156
v 0.5027949035167694 0.6919069886207581 -0.052531998604536057
v 0.4934519052505493 0.6919069886207581 -0.09187900274991989
v 0.5318278789520263 0.6535289883613586 -0.0923520028591156
v 0.5017768859863281 0.6919069886207581 -0.13514800369739532
v 0.5312968909740448 0.6623860001564026 -0.13551199436187744
v 0.5304458856582641 0.6919069886207581 -0.2045450061559677
v 0.5312968909740448 0.6623860001564026 -0.13551199436187744
v 0.5017768859863281 0.6919069886207581 -0.13514800369739532
v 0.5027949035167694 0.6919069886207581 -0.052531998604536057
v 0.5318278789520263 0.6535289883613586 -0.0923520028591156
v 0.5323148787021637 0.6623860001564026 -0.05289600044488907
v 0.5027949035167694 0.6919069886207581 -0.052531998604536057
v 0.5323148787021637 0.6623860001564026 -0.05289600044488907
v 0.5331649005413055 0.6919069886207581 0.016138000413775444
v 0.5355468809604644 0.6623860001564026 0.20944300293922424
v 0.5060278892517089 0.6919069886207581 0.20980699360370636
v 0.5350158929824829 0.6535289883613586 0.1662839949131012
v 0.5363978862762451 0.6919069886207581 0.2784770131111145
v 0.5060278892517089 0.6919069886207581 0.20980699360370636
v 0.5355468809604644 0.6623860001564026 0.20944300293922424
v 0.5060278892517089 0.6919069886207581 0.20980699360370636
v 0.4966398894786835 0.6919069886207581 0.1667570024728775
v 0.5350158929824829 0.6535289883613586 0.1662839949131012
v 0.50500990152359 0.6919069886207581 0.12719100713729858
v 0.5350158929824829 0.6535289883613586 0.1662839949131012
v 0.4966398894786835 0.6919069886207581 0.1667570024728775
v 0.5350158929824829 0.6535289883613586 0.1662839949131012
v 0.50500990152359 0.6919069886207581 0.12719100713729858
v 0.5345288932323455 0.6623860001564026 0.12682700157165527
v 0.50500990152359 0.6919069886207581 0.12719100713729858
v 0.5336789011955261 0.6919069886207581 0.057794999331235886
v 0.5345288932323455 0.6623860001564026 0.12682700157165527
v -0.5285941243171692 -0.3293910026550293 0.05005300045013428
v -0.4485021710395813 -0.40816599130630493 0.04906599968671799
v -0.5302311062812806 -0.2937909960746765 -0.08279599994421005
v -0.5269571423530579 -0.2937909960746765 0.182901993393898
v -0.4485021710395813 -0.40816599130630493 0.04906599968671799
v -0.5285941243171692 -0.3293910026550293 0.05005300045013428
v -0.4485021710395813 -0.40816599130630493 0.04906599968671799
v -0.45062516927719115 -0.36201199889183044 -0.12316799908876419
v -0.5302311062812806 -0.2937909960746765 -0.08279599994421005
v -0.4485021710395813 -0.40816599130630493 0.04906599968671799
v -0.5269571423530579 -0.2937909960746765 0.182901993393898
v -0.44638012647628783 -0.36201199889183044 0.22130000591278076
v -0.4521781086921692 -0.23591899871826172 -0.24925099313259125
v -0.5302311062812806 -0.2937909960746765 -0.08279599994421005
v -0.45062516927719115 -0.36201199889183044 -0.12316799908876419
v -0.5269571423530579 -0.2937909960746765 0.182901993393898
v -0.44482516050338744 -0.23591899871826172 0.3473840057849884
v -0.44638012647628783 -0.36201199889183044 0.22130000591278076
v -0.5302311062812806 -0.2937909960746765 -0.08279599994421005
v -0.4521781086921692 -0.23591899871826172 -0.24925099313259125
v -0.5314301133155823 -0.1965309977531433 -0.18004900217056274
v -0.44482516050338744 -0.23591899871826172 0.3473840057849884
v -0.5269571423530579 -0.2937909960746765 0.182901993393898
v -0.5257590889930726 -0.1965309977531433 0.2801550030708313
v -0.45274614095687865 -0.06367199867963791 -0.29540199041366577
v -0.5314301133155823 -0.1965309977531433 -0.18004900217056274
v -0.4521781086921692 -0.23591899871826172 -0.24925099313259125
v -0.5257590889930726 -0.1965309977531433 0.2801550030708313
v -0.44425712823867797 -0.06367199867963791 0.39353400468826294
v -0.44482516050338744 -0.23591899871826172 0.3473840057849884
v -0.5314301133155823 -0.1965309977531433 -0.18004900217056274
v -0.45274614095687865 -0.06367199867963791 -0.29540199041366577
v -0.5318691611289978 -0.06367199867963791 -0.21564599871635437
v -0.44425712823867797 -0.06367199867963791 0.39353400468826294
v -0.5257590889930726 -0.1965309977531433 0.2801550030708313
v -0.5253201603889466 -0.06367199867963791 0.31575098633766174
v -0.45274614095687865 -0.06367199867963791 -0.29540199041366577
v -0.5314301133155823 0.06918700039386749 -0.18004900217056274
v -0.5318691611289978 -0.06367199867963791 -0.21564599871635437
v -0.5257590889930726 0.06918700039386749 0.2801550030708313
v -0.44425712823867797 -0.06367199867963791 0.39353400468826294
v -0.5253201603889466 -0.06367199867963791 0.31575098633766174
v -0.5314301133155823 0.06918700039386749 -0.18004900217056274
v -0.45274614095687865 -0.06367199867963791 -0.29540199041366577
v -0.4521781086921692 0.1085750013589859 -0.24925099313259125
v -0.44425712823867797 -0.06367199867963791 0.39353400468826294
v -0.5257590889930726 0.06918700039386749 0.2801550030708313
v -0.44482516050338744 0.1085750013589859 0.3473840057849884
v -0.4521781086921692 0.1085750013589859 -0.24925099313259125
v -0.5302311062812806 0.1664460003376007 -0.08279599994421005
v -0.5314301133155823 0.06918700039386749 -0.18004900217056274
v -0.5269571423530579 0.1664460003376007 0.182901993393898
v -0.44482516050338744 0.1085750013589859 0.3473840057849884
v -0.5257590889930726 0.06918700039386749 0.2801550030708313
v -0.4521781086921692 0.1085750013589859 -0.24925099313259125
v -0.45062516927719115 0.23466700315475464 -0.12316799908876419
v -0.5302311062812806 0.1664460003376007 -0.08279599994421005
v -0.44482516050338744 0.1085750013589859 0.3473840057849884
v -0.5269571423530579 0.1664460003376007 0.182901993393898
v -0.44638012647628783 0.23466700315475464 0.22130000591278076
v -0.4485021710395813 0.2808220088481903 0.04906599968671799
v -0.5302311062812806 0.1664460003376007 -0.08279599994421005
v -0.45062516927719115 0.23466700315475464 -0.12316799908876419
v -0.5269571423530579 0.1664460003376007 0.182901993393898
v -0.4485021710395813 0.2808220088481903 0.04906599968671799
v -0.44638012647628783 0.23466700315475464 0.22130000591278076
v -0.5302311062812806 0.1664460003376007 -0.08279599994421005
v -0.4485021710395813 0.2808220088481903 0.04906599968671799
v -0.5285941243171692 0.20204700529575348 0.05005300045013428
v -0.4485021710395813 0.2808220088481903 0.04906599968671799
v -0.5269571423530579 0.1664460003376007 0.182901993393898
v -0.5285941243171692 0.20204700529575348 0.05005300045013428
v -0.5312170863151551 -0.43234699964523315 -0.16278600692749023
v -0.4485021710395813 -0.40816599130630493 0.04906599968671799
v -0.5285941243171692 -0.48938098549842834 0.05005300045013428
v -0.5259721159934998 -0.43234699964523315 0.2628909945487976
v -0.5285941243171692 -0.48938098549842834 0.05005300045013428
v -0.4485021710395813 -0.40816599130630493 0.04906599968671799
v -0.4485021710395813 -0.40816599130630493 0.04906599968671799
v -0.5312170863151551 -0.43234699964523315 -0.16278600692749023
v -0.45062516927719115 -0.36201199889183044 -0.12316799908876419
v -0.4485021710395813 -0.40816599130630493 0.04906599968671799
v -0.44638012647628783 -0.36201199889183044 0.22130000591278076
v -0.5259721159934998 -0.43234699964523315 0.2628909945487976
v -0.5312170863151551 -0.43234699964523315 -0.16278600692749023
v -0.4521781086921692 -0.23591899871826172 -0.24925099313259125
v -0.45062516927719115 -0.36201199889183044 -0.12316799908876419
v -0.44482516050338744 -0.23591899871826172 0.3473840057849884
v -0.5259721159934998 -0.43234699964523315 0.2628909945487976
v -0.44638012647628783 -0.36201199889183044 0.22130000591278076
v -0.4521781086921692 -0.23591899871826172 -0.24925099313259125
v -0.5312170863151551 -0.43234699964523315 -0.16278600692749023
v -0.5331371903419495 -0.27652600407600403 -0.3185940086841583
v -0.5259721159934998 -0.43234699964523315 0.2628909945487976
v -0.44482516050338744 -0.23591899871826172 0.3473840057849884
v -0.5240521311759949 -0.27652600407600403 0.4186989963054657
v -0.5331371903419495 -0.27652600407600403 -0.3185940086841583
v -0.45274614095687865 -0.06367199867963791 -0.29540199041366577
v -0.4521781086921692 -0.23591899871826172 -0.24925099313259125
v -0.44425712823867797 -0.06367199867963791 0.39353400468826294
v -0.5240521311759949 -0.27652600407600403 0.4186989963054657
v -0.44482516050338744 -0.23591899871826172 0.3473840057849884
v -0.45274614095687865 -0.06367199867963791 -0.29540199041366577
v -0.5331371903419495 -0.27652600407600403 -0.3185940086841583
v -0.5338401675224305 -0.06367199867963791 -0.37562400102615356
v -0.5240521311759949 -0.27652600407600403 0.4186989963054657
v -0.44425712823867797 -0.06367199867963791 0.39353400468826294
v -0.523349153995514 -0.06367199867963791 0.4757300019264221
v -0.5331371903419495 0.1491820067167282 -0.3185940086841583
v -0.45274614095687865 -0.06367199867963791 -0.29540199041366577
v -0.5338401675224305 -0.06367199867963791 -0.37562400102615356
v -0.5240521311759949 0.1491820067167282 0.4186989963054657
v -0.523349153995514 -0.06367199867963791 0.4757300019264221
v -0.44425712823867797 -0.06367199867963791 0.39353400468826294
v -0.45274614095687865 -0.06367199867963791 -0.29540199041366577
v -0.5331371903419495 0.1491820067167282 -0.3185940086841583
v -0.4521781086921692 0.1085750013589859 -0.24925099313259125
v -0.5240521311759949 0.1491820067167282 0.4186989963054657
v -0.44425712823867797 -0.06367199867963791 0.39353400468826294
v -0.44482516050338744 0.1085750013589859 0.3473840057849884
v -0.5312170863151551 0.30500200390815735 -0.16278600692749023
v -0.4521781086921692 0.1085750013589859 -0.24925099313259125
v -0.5331371903419495 0.1491820067167282 -0.3185940086841583
v -0.5259721159934998 0.30500200390815735 0.2628909945487976
v -0.5240521311759949 0.1491820067167282 0.4186989963054657
v -0.44482516050338744 0.1085750013589859 0.3473840057849884
v -0.4521781086921692 0.1085750013589859 -0.24925099313259125
v -0.5312170863151551 0.30500200390815735 -0.16278600692749023
v -0.45062516927719115 0.23466700315475464 -0.12316799908876419
v -0.44482516050338744 0.1085750013589859 0.3473840057849884
v -0.44638012647628783 0.23466700315475464 0.22130000591278076
v -0.5259721159934998 0.30500200390815735 0.2628909945487976
v -0.5285941243171692 0.36203598976135254 0.05005300045013428
v -0.45062516927719115 0.23466700315475464 -0.12316799908876419
v -0.5312170863151551 0.30500200390815735 -0.16278600692749023
v -0.44638012647628783 0.23466700315475464 0.22130000591278076
v -0.5285941243171692 0.36203598976135254 0.05005300045013428
v -0.5259721159934998 0.30500200390815735 0.2628909945487976
v -0.45062516927719115 0.23466700315475464 -0.12316799908876419
v -0.5285941243171692 0.36203598976135254 0.05005300045013428
v -0.4485021710395813 0.2808220088481903 0.04906599968671799
v -0.5285941243171692 0.36203598976135254 0.05005300045013428
v -0.44638012647628783 0.23466700315475464 0.22130000591278076
v -0.4485021710395813 0.2808220088481903 0.04906599968671799
v 1.8954388618469238 -0.19781500101089478 0.02018200047314167
v 1.8865558624267578 -0.3654249906539917 0.2064719945192337
v 1.9727268934249877 -0.3055880069732666 0.18355700373649597
v 1.8865558624267578 -0.3654249906539917 0.2064719945192337
v 1.8954388618469238 -0.19781500101089478 0.02018200047314167
v 1.798989963531494 -0.2433210015296936 0.02137099951505661
v 1.9727268934249877 -0.3055880069732666 0.18355700373649597
v 2.0105199337005617 -0.16420699656009674 0.01876400038599968
v 1.8954388618469238 -0.19781500101089478 0.02018200047314167
v 1.798989963531494 -0.2433210015296936 0.02137099951505661
v 1.7674859285354614 -0.44800999760627747 0.22656600177288055
v 1.8865558624267578 -0.3654249906539917 0.2064719945192337
v 2.0105199337005617 -0.16420699656009674 0.01876400038599968
v 1.9727268934249877 -0.3055880069732666 0.18355700373649597
v 2.065541934967041 -0.2409300059080124 0.1350719928741455
v 1.7674859285354614 -0.44800999760627747 0.22656600177288055
v 1.798989963531494 -0.2433210015296936 0.02137099951505661
v 1.6711588621139526 -0.3136900067329407 0.02294600009918213
v 2.065541934967041 -0.2409300059080124 0.1350719928741455
v 2.1245889186859133 -0.1665640026330948 0.017357999458909035
v 2.0105199337005617 -0.16420699656009674 0.01876400038599968
v 2.1245889186859133 -0.1665640026330948 0.017357999458909035
v 2.065541934967041 -0.2409300059080124 0.1350719928741455
v 2.1402968883514406 -0.18846799433231354 0.05056200176477432
v 2.1245889186859133 -0.1665640026330948 0.017357999458909035
v 2.1402968883514406 -0.18846799433231354 0.05056200176477432
v 2.1670449495315554 -0.16966700553894043 0.01683500036597252
v 1.7674859285354614 -0.44800999760627747 0.22656600177288055
v 1.6711588621139526 -0.3136900067329407 0.02294600009918213
v 1.5875999450683593 -0.39265599846839905 0.02397499978542328
v 1.5875999450683593 -0.39265599846839905 0.02397499978542328
v 1.6737179279327392 -0.5127390027046204 0.20601099729537964
v 1.7674859285354614 -0.44800999760627747 0.22656600177288055
v 1.6737179279327392 -0.5127390027046204 0.20601099729537964
v 1.5875999450683593 -0.39265599846839905 0.02397499978542328
v 1.5388209342956543 -0.48446300625801086 0.024576999247074127
v 1.6737179279327392 -0.5127390027046204 0.20601099729537964
v 1.5388209342956543 -0.48446300625801086 0.024576999247074127
v 1.5968799114227294 -0.5654199719429016 0.14730200171470642
v 1.5968799114227294 -0.5654199719429016 0.14730200171470642
v 1.5388209342956543 -0.48446300625801086 0.024576999247074127
v 1.5514268398284912 -0.5958330035209656 0.024421000853180885
v 1.8954388618469238 -0.19781500101089478 0.02018200047314167
v 1.8819679737091064 -0.3654249906539917 -0.1658329963684082
v 1.798989963531494 -0.2433210015296936 0.02137099951505661
v 1.8819679737091064 -0.3654249906539917 -0.1658329963684082
v 1.8954388618469238 -0.19781500101089478 0.02018200047314167
v 1.9686768770217895 -0.3055880069732666 -0.14504900574684143
v 1.798989963531494 -0.2433210015296936 0.02137099951505661
v 1.8819679737091064 -0.3654249906539917 -0.1658329963684082
v 1.7624388456344604 -0.44800999760627747 -0.1829870045185089
v 2.0105199337005617 -0.16420699656009674 0.01876400038599968
v 1.9686768770217895 -0.3055880069732666 -0.14504900574684143
v 1.8954388618469238 -0.19781500101089478 0.02018200047314167
v 1.7624388456344604 -0.44800999760627747 -0.1829870045185089
v 1.6711588621139526 -0.3136900067329407 0.02294600009918213
v 1.798989963531494 -0.2433210015296936 0.02137099951505661
v 1.9686768770217895 -0.3055880069732666 -0.14504900574684143
v 2.0105199337005617 -0.16420699656009674 0.01876400038599968
v 2.062658977508545 -0.2409300059080124 -0.09886399656534195
v 1.7624388456344604 -0.44800999760627747 -0.1829870045185089
v 1.5875999450683593 -0.39265599846839905 0.02397499978542328
v 1.6711588621139526 -0.3136900067329407 0.02294600009918213
v 2.1245889186859133 -0.1665640026330948 0.017357999458909035
v 2.062658977508545 -0.2409300059080124 -0.09886399656534195
v 2.0105199337005617 -0.16420699656009674 0.01876400038599968
v 2.062658977508545 -0.2409300059080124 -0.09886399656534195
v 2.1245889186859133 -0.1665640026330948 0.017357999458909035
v 2.139473867416382 -0.18846799433231354 -0.016224000602960587
v 2.139473867416382 -0.18846799433231354 -0.016224000602960587
v 2.1245889186859133 -0.1665640026330948 0.017357999458909035
v 2.1670449495315554 -0.16966700553894043 0.01683500036597252
v 1.5875999450683593 -0.39265599846839905 0.02397499978542328
v 1.7624388456344604 -0.44800999760627747 -0.1829870045185089
v 1.6692058563232421 -0.5127390027046204 -0.16012799739837646
v 1.6692058563232421 -0.5127390027046204 -0.16012799739837646
v 1.5388209342956543 -0.48446300625801086 0.024576999247074127
v 1.5875999450683593 -0.39265599846839905 0.02397499978542328
v 1.5388209342956543 -0.48446300625801086 0.024576999247074127
v 1.6692058563232421 -0.5127390027046204 -0.16012799739837646
v 1.593838882446289 -0.5654199719429016 -0.099542997777462
v 1.5388209342956543 -0.48446300625801086 0.024576999247074127
v 1.593838882446289 -0.5654199719429016 -0.099542997777462
v 1.5514268398284912 -0.5958330035209656 0.024421000853180885
v -0.9568421125411988 -0.3143109977245331 0.055330000817775726
v -0.9583861112594605 -0.28073200583457947 -0.06998000293970108
v -1.040544080734253 -0.20758900046348572 -0.02673500031232834
v -0.9583861112594605 -0.28073200583457947 -0.06998000293970108
v -1.041294026374817 -0.14676299691200256 -0.08755700290203094
v -1.040544080734253 -0.20758900046348572 -0.02673500031232834
v -0.9568421125411988 -0.3143109977245331 0.055330000817775726
v -1.040544080734253 -0.20758900046348572 -0.02673500031232834
v -1.0395200729370118 -0.22985300421714783 0.056349001824855804
v -1.041294026374817 -0.14676299691200256 -0.08755700290203094
v -0.9583861112594605 -0.28073200583457947 -0.06998000293970108
v -0.9595160961151123 -0.1889919936656952 -0.16171300411224365
v -0.9552981138229371 -0.28073200583457947 0.18063999712467194
v -0.9568421125411988 -0.3143109977245331 0.055330000817775726
v -1.0395200729370118 -0.22985300421714783 0.056349001824855804
v -0.9595160961151123 -0.1889919936656952 -0.16171300411224365
v -1.0415680885314942 -0.06367199867963791 -0.10981900244951248
v -1.041294026374817 -0.14676299691200256 -0.08755700290203094
v -1.0395200729370118 -0.22985300421714783 0.056349001824855804
v -1.0384971380233765 -0.20758900046348572 0.13943299651145935
v -0.9552981138229371 -0.28073200583457947 0.18063999712467194
v -1.0415680885314942 -0.06367199867963791 -0.10981900244951248
v -0.9595160961151123 -0.1889919936656952 -0.16171300411224365
v -0.9599301099777222 -0.06367199867963791 -0.1952899992465973
v -1.037747073173523 -0.14676299691200256 0.20025600492954254
v -0.9552981138229371 -0.28073200583457947 0.18063999712467194
v -1.0384971380233765 -0.20758900046348572 0.13943299651145935
v -0.9595160961151123 0.06164700165390968 -0.16171300411224365
v -1.0415680885314942 -0.06367199867963791 -0.10981900244951248
v -0.9599301099777222 -0.06367199867963791 -0.1952899992465973
v -0.9552981138229371 -0.28073200583457947 0.18063999712467194
v -1.037747073173523 -0.14676299691200256 0.20025600492954254
v -0.9541670560836792 -0.1889919936656952 0.2723740041255951
v -1.0415680885314942 -0.06367199867963791 -0.10981900244951248
v -0.9595160961151123 0.06164700165390968 -0.16171300411224365
v -1.041294026374817 0.01941799931228161 -0.08755700290203094
v -1.037747073173523 -0.14676299691200256 0.20025600492954254
v -0.9537530422210694 -0.06367199867963791 0.30594998598098755
v -0.9541670560836792 -0.1889919936656952 0.2723740041255951
v -0.9595160961151123 0.06164700165390968 -0.16171300411224365
v -1.040544080734253 0.0802450031042099 -0.02673500031232834
v -1.041294026374817 0.01941799931228161 -0.08755700290203094
v -0.9537530422210694 -0.06367199867963791 0.30594998598098755
v -1.037747073173523 -0.14676299691200256 0.20025600492954254
v -1.0374731302261353 -0.06367199867963791 0.22251799702644348
v -0.9595160961151123 0.06164700165390968 -0.16171300411224365
v -0.9583861112594605 0.15338799357414246 -0.06998000293970108
v -1.040544080734253 0.0802450031042099 -0.02673500031232834
v -0.9541670560836792 0.06164700165390968 0.2723740041255951
v -0.9537530422210694 -0.06367199867963791 0.30594998598098755
v -1.0374731302261353 -0.06367199867963791 0.22251799702644348
v -0.9568421125411988 0.18696600198745728 0.055330000817775726
v -1.040544080734253 0.0802450031042099 -0.02673500031232834
v -0.9583861112594605 0.15338799357414246 -0.06998000293970108
v -0.9541670560836792 0.06164700165390968 0.2723740041255951
v -1.0374731302261353 -0.06367199867963791 0.22251799702644348
v -1.037747073173523 0.01941799931228161 0.20025600492954254
v -1.040544080734253 0.0802450031042099 -0.02673500031232834
v -0.9568421125411988 0.18696600198745728 0.055330000817775726
v -1.0395200729370118 0.10250899940729141 0.056349001824855804
v -0.9552981138229371 0.15338799357414246 0.18063999712467194
v -0.9541670560836792 0.06164700165390968 0.2723740041255951
v -1.037747073173523 0.01941799931228161 0.20025600492954254
v -0.9552981138229371 0.15338799357414246 0.18063999712467194
v -1.0395200729370118 0.10250899940729141 0.056349001824855804
v -0.9568421125411988 0.18696600198745728 0.055330000817775726
v -1.037747073173523 0.01941799931228161 0.20025600492954254
v -1.0384971380233765 0.0802450031042099 0.13943299651145935
v -0.9552981138229371 0.15338799357414246 0.18063999712467194
v -1.0395200729370118 0.10250899940729141 0.056349001824855804
v -0.9552981138229371 0.15338799357414246 0.18063999712467194
v -1.0384971380233765 0.0802450031042099 0.13943299651145935
v -0.9568421125411988 -0.3143109977245331 0.055330000817775726
v -1.0395200729370118 -0.39531999826431274 0.056349001824855804
v -0.9583861112594605 -0.28073200583457947 -0.06998000293970108
v -0.9552981138229371 -0.28073200583457947 0.18063999712467194
v -1.0395200729370118 -0.39531999826431274 0.056349001824855804
v -0.9568421125411988 -0.3143109977245331 0.055330000817775726
v -1.0395200729370118 -0.39531999826431274 0.056349001824855804
v -1.0415640354156495 -0.3508870005607605 -0.10946200042963028
v -0.9583861112594605 -0.28073200583457947 -0.06998000293970108
v -1.0395200729370118 -0.39531999826431274 0.056349001824855804
v -0.9552981138229371 -0.28073200583457947 0.18063999712467194
v -1.0374770641326905 -0.3508870005607605 0.2221599966287613
v -1.0415640354156495 -0.3508870005607605 -0.10946200042963028
v -0.9595160961151123 -0.1889919936656952 -0.16171300411224365
v -0.9583861112594605 -0.28073200583457947 -0.06998000293970108
v -0.9541670560836792 -0.1889919936656952 0.2723740041255951
v -1.0374770641326905 -0.3508870005607605 0.2221599966287613
v -0.9552981138229371 -0.28073200583457947 0.18063999712467194
v -0.9595160961151123 -0.1889919936656952 -0.16171300411224365
v -1.0415640354156495 -0.3508870005607605 -0.10946200042963028
v -1.0430601119995118 -0.22949500381946564 -0.23084400594234467
v -1.0374770641326905 -0.3508870005607605 0.2221599966287613
v -0.9541670560836792 -0.1889919936656952 0.2723740041255951
v -1.0359811067581177 -0.22949500381946564 0.3435409963130951
v -1.0436070442199707 -0.06367199867963791 -0.27527299523353577
v -0.9595160961151123 -0.1889919936656952 -0.16171300411224365
v -1.0430601119995118 -0.22949500381946564 -0.23084400594234467
v -1.0354340553283692 -0.06367199867963791 0.38797101378440857
v -1.0359811067581177 -0.22949500381946564 0.3435409963130951
v -0.9541670560836792 -0.1889919936656952 0.2723740041255951
v -0.9595160961151123 -0.1889919936656952 -0.16171300411224365
v -1.0436070442199707 -0.06367199867963791 -0.27527299523353577
v -0.9599301099777222 -0.06367199867963791 -0.1952899992465973
v -0.9537530422210694 -0.06367199867963791 0.30594998598098755
v -1.0354340553283692 -0.06367199867963791 0.38797101378440857
v -0.9541670560836792 -0.1889919936656952 0.2723740041255951
v -0.9599301099777222 -0.06367199867963791 -0.1952899992465973
v -1.0436070442199707 -0.06367199867963791 -0.27527299523353577
v -0.9595160961151123 0.06164700165390968 -0.16171300411224365
v -0.9541670560836792 0.06164700165390968 0.2723740041255951
v -1.0354340553283692 -0.06367199867963791 0.38797101378440857
v -0.9537530422210694 -0.06367199867963791 0.30594998598098755
v -1.0436070442199707 -0.06367199867963791 -0.27527299523353577
v -1.0430601119995118 0.10215099900960922 -0.23084400594234467
v -0.9595160961151123 0.06164700165390968 -0.16171300411224365
v -1.0354340553283692 -0.06367199867963791 0.38797101378440857
v -0.9541670560836792 0.06164700165390968 0.2723740041255951
v -1.0359811067581177 0.10215099900960922 0.3435409963130951
v -1.0415640354156495 0.2235420048236847 -0.10946200042963028
v -0.9595160961151123 0.06164700165390968 -0.16171300411224365
v -1.0430601119995118 0.10215099900960922 -0.23084400594234467
v -1.0374770641326905 0.2235420048236847 0.2221599966287613
v -1.0359811067581177 0.10215099900960922 0.3435409963130951
v -0.9541670560836792 0.06164700165390968 0.2723740041255951
v -0.9595160961151123 0.06164700165390968 -0.16171300411224365
v -1.0415640354156495 0.2235420048236847 -0.10946200042963028
v -0.9583861112594605 0.15338799357414246 -0.06998000293970108
v -0.9541670560836792 0.06164700165390968 0.2723740041255951
v -0.9552981138229371 0.15338799357414246 0.18063999712467194
v -1.0374770641326905 0.2235420048236847 0.2221599966287613
v -1.0395200729370118 0.26797398924827576 0.056349001824855804
v -0.9583861112594605 0.15338799357414246 -0.06998000293970108
v -1.0415640354156495 0.2235420048236847 -0.10946200042963028
v -0.9552981138229371 0.15338799357414246 0.18063999712467194
v -1.0395200729370118 0.26797398924827576 0.056349001824855804
v -1.0374770641326905 0.2235420048236847 0.2221599966287613
v -0.9583861112594605 0.15338799357414246 -0.06998000293970108
v -1.0395200729370118 0.26797398924827576 0.056349001824855804
v -0.9568421125411988 0.18696600198745728 0.055330000817775726
v -1.0395200729370118 0.26797398924827576 0.056349001824855804
v -0.9552981138229371 0.15338799357414246 0.18063999712467194
v -0.9568421125411988 0.18696600198745728 0.055330000817775726
v -1.3495480298995972 -0.26418399810791016 0.060169998556375504
v -1.3507830381393433 -0.23732000589370728 -0.04007900133728981
v -1.416510033607483 -0.17880600690841675 -0.005483000073581934
v -1.3516880750656128 -0.16392800211906433 -0.11346500366926193
v -1.416510033607483 -0.17880600690841675 -0.005483000073581934
v -1.3507830381393433 -0.23732000589370728 -0.04007900133728981
v -1.3495480298995972 -0.26418399810791016 0.060169998556375504
v -1.416510033607483 -0.17880600690841675 -0.005483000073581934
v -1.415691065788269 -0.1966170072555542 0.06098499894142151
v -1.416510033607483 -0.17880600690841675 -0.005483000073581934
v -1.3516880750656128 -0.16392800211906433 -0.11346500366926193
v -1.4171101331710816 -0.13014499843120575 -0.05414099991321564
v -1.4148720979690552 -0.17880600690841675 0.12745200097560883
v -1.3495480298995972 -0.26418399810791016 0.060169998556375504
v -1.415691065788269 -0.1966170072555542 0.06098499894142151
v -1.3516880750656128 -0.16392800211906433 -0.11346500366926193
v -1.4173280477523804 -0.06367199867963791 -0.07195000350475311
v -1.4171101331710816 -0.13014499843120575 -0.05414099991321564
v -1.3495480298995972 -0.26418399810791016 0.060169998556375504
v -1.4148720979690552 -0.17880600690841675 0.12745200097560883
v -1.3483130216598511 -0.23732000589370728 0.16041700541973114
v -1.4173280477523804 -0.06367199867963791 -0.07195000350475311
v -1.3516880750656128 -0.16392800211906433 -0.11346500366926193
v -1.3520190000534058 -0.06367199867963791 -0.14032700657844543
v -1.4142710447311402 -0.13014499843120575 0.17610900104045868
v -1.3483130216598511 -0.23732000589370728 0.16041700541973114
v -1.4148720979690552 -0.17880600690841675 0.12745200097560883
v -1.4171101331710816 0.00279999990016222 -0.05414099991321564
v -1.4173280477523804 -0.06367199867963791 -0.07195000350475311
v -1.3520190000534058 -0.06367199867963791 -0.14032700657844543
v -1.3483130216598511 -0.23732000589370728 0.16041700541973114
v -1.4142710447311402 -0.13014499843120575 0.17610900104045868
v -1.347409176826477 -0.16392800211906433 0.23380400240421295
v -1.3520190000534058 -0.06367199867963791 -0.14032700657844543
v -1.3516880750656128 0.036584001034498215 -0.11346500366926193
v -1.4171101331710816 0.00279999990016222 -0.05414099991321564
v -1.4142710447311402 -0.13014499843120575 0.17610900104045868
v -1.3470770597457886 -0.06367199867963791 0.26066601276397705
v -1.347409176826477 -0.16392800211906433 0.23380400240421295
v -1.3516880750656128 0.036584001034498215 -0.11346500366926193
v -1.416510033607483 0.051461998373270035 -0.005483000073581934
v -1.4171101331710816 0.00279999990016222 -0.05414099991321564
v -1.3470770597457886 -0.06367199867963791 0.26066601276397705
v -1.4142710447311402 -0.13014499843120575 0.17610900104045868
v -1.4140531301498414 -0.06367199867963791 0.19391900300979614
v -1.3516880750656128 0.036584001034498215 -0.11346500366926193
v -1.3507830381393433 0.10997600108385086 -0.04007900133728981
v -1.416510033607483 0.051461998373270035 -0.005483000073581934
v -1.4142710447311402 0.00279999990016222 0.17610900104045868
v -1.3470770597457886 -0.06367199867963791 0.26066601276397705
v -1.4140531301498414 -0.06367199867963791 0.19391900300979614
v -1.3507830381393433 0.10997600108385086 -0.04007900133728981
v -1.415691065788269 0.06927300244569778 0.06098499894142151
v -1.416510033607483 0.051461998373270035 -0.005483000073581934
v -1.3470770597457886 -0.06367199867963791 0.26066601276397705
v -1.4142710447311402 0.00279999990016222 0.17610900104045868
v -1.347409176826477 0.036584001034498215 0.23380500078201294
v -1.415691065788269 0.06927300244569778 0.06098499894142151
v -1.3507830381393433 0.10997600108385086 -0.04007900133728981
v -1.3495480298995972 0.13684000074863434 0.060169998556375504
v -1.4148720979690552 0.051461998373270035 0.12745200097560883
v -1.347409176826477 0.036584001034498215 0.23380500078201294
v -1.4142710447311402 0.00279999990016222 0.17610900104045868
v -1.3483130216598511 0.10997600108385086 0.16041700541973114
v -1.415691065788269 0.06927300244569778 0.06098499894142151
v -1.3495480298995972 0.13684000074863434 0.060169998556375504
v -1.347409176826477 0.036584001034498215 0.23380500078201294
v -1.4148720979690552 0.051461998373270035 0.12745200097560883
v -1.3483130216598511 0.10997600108385086 0.16041700541973114
v -1.415691065788269 0.06927300244569778 0.06098499894142151
v -1.3483130216598511 0.10997600108385086 0.16041700541973114
v -1.4148720979690552 0.051461998373270035 0.12745200097560883
v -1.3495480298995972 -0.26418399810791016 0.060169998556375504
v -1.415691065788269 -0.3289889991283417 0.06098499894142151
v -1.3507830381393433 -0.23732000589370728 -0.04007900133728981
v -1.3483130216598511 -0.23732000589370728 0.16041700541973114
v -1.415691065788269 -0.3289889991283417 0.06098499894142151
v -1.3495480298995972 -0.26418399810791016 0.060169998556375504
v -1.415691065788269 -0.3289889991283417 0.06098499894142151
v -1.4173261404037476 -0.2934429943561554 -0.071663998067379
v -1.3507830381393433 -0.23732000589370728 -0.04007900133728981
v -1.415691065788269 -0.3289889991283417 0.06098499894142151
v -1.3483130216598511 -0.23732000589370728 0.16041700541973114
v -1.4140550374984742 -0.2934429943561554 0.19363300502300262
v -1.4173261404037476 -0.2934429943561554 -0.071663998067379
v -1.3516880750656128 -0.16392800211906433 -0.11346500366926193
v -1.3507830381393433 -0.23732000589370728 -0.04007900133728981
v -1.347409176826477 -0.16392800211906433 0.23380400240421295
v -1.4140550374984742 -0.2934429943561554 0.19363300502300262
v -1.3483130216598511 -0.23732000589370728 0.16041700541973114
v -1.3516880750656128 -0.16392800211906433 -0.11346500366926193
v -1.4173261404037476 -0.2934429943561554 -0.071663998067379
v -1.4185210943222046 -0.1963309943675995 -0.16877000033855438
v -1.4140550374984742 -0.2934429943561554 0.19363300502300262
v -1.347409176826477 -0.16392800211906433 0.23380400240421295
v -1.4128600835800171 -0.1963309943675995 0.29073798656463623
v -1.4189600229263306 -0.06367199867963791 -0.20431199669837952
v -1.3516880750656128 -0.16392800211906433 -0.11346500366926193
v -1.4185210943222046 -0.1963309943675995 -0.16877000033855438
v -1.4124221086502076 -0.06367199867963791 0.32628199458122253
v -1.4128600835800171 -0.1963309943675995 0.29073798656463623
v -1.347409176826477 -0.16392800211906433 0.23380400240421295
v -1.3516880750656128 -0.16392800211906433 -0.11346500366926193
v -1.4189600229263306 -0.06367199867963791 -0.20431199669837952
v -1.3520190000534058 -0.06367199867963791 -0.14032700657844543
v -1.3470770597457886 -0.06367199867963791 0.26066601276397705
v -1.4124221086502076 -0.06367199867963791 0.32628199458122253
v -1.347409176826477 -0.16392800211906433 0.23380400240421295
v -1.3520190000534058 -0.06367199867963791 -0.14032700657844543
v -1.4189600229263306 -0.06367199867963791 -0.20431199669837952
v -1.3516880750656128 0.036584001034498215 -0.11346500366926193
v -1.347409176826477 0.036584001034498215 0.23380500078201294
v -1.4124221086502076 -0.06367199867963791 0.32628199458122253
v -1.3470770597457886 -0.06367199867963791 0.26066601276397705
v -1.4189600229263306 -0.06367199867963791 -0.20431199669837952
v -1.4185210943222046 0.06898599863052368 -0.16877000033855438
v -1.3516880750656128 0.036584001034498215 -0.11346500366926193
v -1.4124221086502076 -0.06367199867963791 0.32628199458122253
v -1.347409176826477 0.036584001034498215 0.23380500078201294
v -1.4128600835800171 0.06898599863052368 0.29073798656463623
v -1.4173261404037476 0.1660979986190796 -0.071663998067379
v -1.3516880750656128 0.036584001034498215 -0.11346500366926193
v -1.4185210943222046 0.06898599863052368 -0.16877000033855438
v -1.4140550374984742 0.1660979986190796 0.19363300502300262
v -1.4128600835800171 0.06898599863052368 0.29073798656463623
v -1.347409176826477 0.036584001034498215 0.23380500078201294
v -1.3516880750656128 0.036584001034498215 -0.11346500366926193
v -1.4173261404037476 0.1660979986190796 -0.071663998067379
v -1.3507830381393433 0.10997600108385086 -0.04007900133728981
v -1.347409176826477 0.036584001034498215 0.23380500078201294
v -1.3483130216598511 0.10997600108385086 0.16041700541973114
v -1.4140550374984742 0.1660979986190796 0.19363300502300262
v -1.415691065788269 0.20164500176906586 0.06098499894142151
v -1.3507830381393433 0.10997600108385086 -0.04007900133728981
v -1.4173261404037476 0.1660979986190796 -0.071663998067379
v -1.3483130216598511 0.10997600108385086 0.16041700541973114
v -1.415691065788269 0.20164500176906586 0.06098499894142151
v -1.4140550374984742 0.1660979986190796 0.19363300502300262
v -1.3507830381393433 0.10997600108385086 -0.04007900133728981
v -1.415691065788269 0.20164500176906586 0.06098499894142151
v -1.3495480298995972 0.13684000074863434 0.060169998556375504
v -1.415691065788269 0.20164500176906586 0.06098499894142151
v -1.3483130216598511 0.10997600108385086 0.16041700541973114
v -1.3495480298995972 0.13684000074863434 0.060169998556375504
v 2.260905933380127 -0.26809000968933105 -0.157709002494812
v 2.282673788070679 -0.3101930022239685 0.015410000458359718
v 2.330907773971558 -0.175478994846344 0.014816000126302242
v 2.2651788711547853 -0.26809000968933105 0.18901300430297852
v 2.330907773971558 -0.175478994846344 0.014816000126302242
v 2.282673788070679 -0.3101930022239685 0.015410000458359718
v 2.260905933380127 -0.26809000968933105 -0.157709002494812
v 2.330907773971558 -0.175478994846344 0.014816000126302242
v 2.315524768829346 -0.14572499692440033 -0.10752499848604202
v 2.330907773971558 -0.175478994846344 0.014816000126302242
v 2.2651788711547853 -0.26809000968933105 0.18901300430297852
v 2.318543863296509 -0.14572499692440033 0.13749800622463226
v 2.2057079792022707 -0.15306299924850464 -0.28395599126815796
v 2.260905933380127 -0.26809000968933105 -0.157709002494812
v 2.315524768829346 -0.14572499692440033 -0.10752499848604202
v 2.213107776641846 -0.15306299924850464 0.31658199429512024
v 2.318543863296509 -0.14572499692440033 0.13749800622463226
v 2.2651788711547853 -0.26809000968933105 0.18901300430297852
v 2.2057079792022707 -0.15306299924850464 -0.28395599126815796
v 2.315524768829346 -0.14572499692440033 -0.10752499848604202
v 2.276518774032593 -0.06443700194358826 -0.19674299657344818
v 2.318543863296509 -0.14572499692440033 0.13749800622463226
v 2.213107776641846 -0.15306299924850464 0.31658199429512024
v 2.2817477703094484 -0.06443700194358826 0.2276500016450882
v 2.276518774032593 -0.06443700194358826 -0.19674299657344818
v 2.1318698644638063 0.00406799977645278 -0.3295060098171234
v 2.2057079792022707 -0.15306299924850464 -0.28395599126815796
v 2.140414905548096 0.00406799977645278 0.36393898725509644
v 2.2817477703094484 -0.06443700194358826 0.2276500016450882
v 2.213107776641846 -0.15306299924850464 0.31658199429512024
v 2.1318698644638063 0.00406799977645278 -0.3295060098171234
v 2.276518774032593 -0.06443700194358826 -0.19674299657344818
v 2.2243368148803713 0.04660499840974808 -0.2289319932460785
v 2.2817477703094484 -0.06443700194358826 0.2276500016450882
v 2.140414905548096 0.00406799977645278 0.36393898725509644
v 2.230375957489014 0.04660499840974808 0.2611140012741089
v 2.172964882850647 0.15764600038528442 -0.1954669952392578
v 2.1318698644638063 0.00406799977645278 -0.3295060098171234
v 2.2243368148803713 0.04660499840974808 -0.2289319932460785
v 2.140414905548096 0.00406799977645278 0.36393898725509644
v 2.1781949520111086 0.15764600038528442 0.22892600297927856
v 2.230375957489014 0.04660499840974808 0.2611140012741089
v 2.1318698644638063 0.00406799977645278 -0.3295060098171234
v 2.172964882850647 0.15764600038528442 -0.1954669952392578
v 2.059176874160767 0.16119800508022308 -0.282150000333786
v 2.1781949520111086 0.15764600038528442 0.22892600297927856
v 2.140414905548096 0.00406799977645278 0.36393898725509644
v 2.066576910018921 0.16119800508022308 0.3183879852294922
v 2.007106971740723 0.2762250006198883 -0.1545809954404831
v 2.059176874160767 0.16119800508022308 -0.282150000333786
v 2.172964882850647 0.15764600038528442 -0.1954669952392578
v 2.0113789558410646 0.2762250006198883 0.19213999807834625
v 2.1781949520111086 0.15764600038528442 0.22892600297927856
v 2.066576910018921 0.16119800508022308 0.3183879852294922
v 2.007106971740723 0.2762250006198883 -0.1545809954404831
v 2.172964882850647 0.15764600038528442 -0.1954669952392578
v 2.136168909072876 0.23893499374389648 -0.10531499981880188
v 2.1781949520111086 0.15764600038528442 0.22892600297927856
v 2.0113789558410646 0.2762250006198883 0.19213999807834625
v 2.1391878843307497 0.23893499374389648 0.1397079974412918
v 2.136168909072876 0.23893499374389648 -0.10531499981880188
v 1.9896108627319335 0.31832799315452576 0.019021999090909958
v 2.007106971740723 0.2762250006198883 -0.1545809954404831
v 1.9896108627319335 0.31832799315452576 0.019021999090909958
v 2.1391878843307497 0.23893499374389648 0.1397079974412918
v 2.0113789558410646 0.2762250006198883 0.19213999807834625
v 1.9896108627319335 0.31832799315452576 0.019021999090909958
v 2.136168909072876 0.23893499374389648 -0.10531499981880188
v 2.1238059520721437 0.26868799328804016 0.017368000000715256
v 2.1391878843307497 0.23893499374389648 0.1397079974412918
v 1.9896108627319335 0.31832799315452576 0.019021999090909958
v 2.1238059520721437 0.26868799328804016 0.017368000000715256
v 2.4159919738769533 -0.35795798897743225 0.013767000287771225
v 2.260905933380127 -0.26809000968933105 -0.157709002494812
v 2.3879699230194094 -0.3037570118904114 -0.2090959995985031
v 2.260905933380127 -0.26809000968933105 -0.157709002494812
v 2.4159919738769533 -0.35795798897743225 0.013767000287771225
v 2.282673788070679 -0.3101930022239685 0.015410000458359718
v 2.2057079792022707 -0.15306299924850464 -0.28395599126815796
v 2.3879699230194094 -0.3037570118904114 -0.2090959995985031
v 2.260905933380127 -0.26809000968933105 -0.157709002494812
v 2.2651788711547853 -0.26809000968933105 0.18901300430297852
v 2.282673788070679 -0.3101930022239685 0.015410000458359718
v 2.4159919738769533 -0.35795798897743225 0.013767000287771225
v 2.3879699230194094 -0.3037570118904114 -0.2090959995985031
v 2.2057079792022707 -0.15306299924850464 -0.28395599126815796
v 2.3169118881225588 -0.15567700564861298 -0.3716230094432831
v 2.393469762802124 -0.3037570118904114 0.23725399374961853
v 2.2651788711547853 -0.26809000968933105 0.18901300430297852
v 2.4159919738769533 -0.35795798897743225 0.013767000287771225
v 2.2218558311462404 0.04660499840974808 -0.4302600026130676
v 2.3169118881225588 -0.15567700564861298 -0.3716230094432831
v 2.2057079792022707 -0.15306299924850464 -0.28395599126815796
v 2.2651788711547853 -0.26809000968933105 0.18901300430297852
v 2.393469762802124 -0.3037570118904114 0.23725399374961853
v 2.213107776641846 -0.15306299924850464 0.31658199429512024
v 2.2218558311462404 0.04660499840974808 -0.4302600026130676
v 2.2057079792022707 -0.15306299924850464 -0.28395599126815796
v 2.1318698644638063 0.00406799977645278 -0.3295060098171234
v 2.213107776641846 -0.15306299924850464 0.31658199429512024
v 2.393469762802124 -0.3037570118904114 0.23725399374961853
v 2.326438856124878 -0.15567700564861298 0.4014810025691986
v 2.059176874160767 0.16119800508022308 -0.282150000333786
v 2.2218558311462404 0.04660499840974808 -0.4302600026130676
v 2.1318698644638063 0.00406799977645278 -0.3295060098171234
v 2.2328569412231447 0.04660499840974808 0.462444007396698
v 2.213107776641846 -0.15306299924850464 0.31658199429512024
v 2.326438856124878 -0.15567700564861298 0.4014810025691986
v 2.2218558311462404 0.04660499840974808 -0.4302600026130676
v 2.059176874160767 0.16119800508022308 -0.282150000333786
v 2.1282748699188234 0.24888600409030914 -0.3692980110645294
v 2.213107776641846 -0.15306299924850464 0.31658199429512024
v 2.2328569412231447 0.04660499840974808 0.462444007396698
v 2.140414905548096 0.00406799977645278 0.36393898725509644
v 2.007106971740723 0.2762250006198883 -0.1545809954404831
v 2.1282748699188234 0.24888600409030914 -0.3692980110645294
v 2.059176874160767 0.16119800508022308 -0.282150000333786
v 2.066576910018921 0.16119800508022308 0.3183879852294922
v 2.140414905548096 0.00406799977645278 0.36393898725509644
v 2.2328569412231447 0.04660499840974808 0.462444007396698
v 2.1282748699188234 0.24888600409030914 -0.3692980110645294
v 2.007106971740723 0.2762250006198883 -0.1545809954404831
v 2.061241936683655 0.39696499705314636 -0.20507000386714935
v 2.2328569412231447 0.04660499840974808 0.462444007396698
v 2.1378019571304323 0.24888600409030914 0.40380600094795227
v 2.066576910018921 0.16119800508022308 0.3183879852294922
v 1.9896108627319335 0.31832799315452576 0.019021999090909958
v 2.061241936683655 0.39696499705314636 -0.20507000386714935
v 2.007106971740723 0.2762250006198883 -0.1545809954404831
v 2.0113789558410646 0.2762250006198883 0.19213999807834625
v 2.066576910018921 0.16119800508022308 0.3183879852294922
v 2.1378019571304323 0.24888600409030914 0.40380600094795227
v 2.061241936683655 0.39696499705314636 -0.20507000386714935
v 1.9896108627319335 0.31832799315452576 0.019021999090909958
v 2.038719964027405 0.4511669874191284 0.01841600053012371
v 2.0113789558410646 0.2762250006198883 0.19213999807834625
v 2.1378019571304323 0.24888600409030914 0.40380600094795227
v 2.0667418956756594 0.39696499705314636 0.24128000438213348
v 1.9896108627319335 0.31832799315452576 0.019021999090909958
v 2.0667418956756594 0.39696499705314636 0.24128000438213348
v 2.038719964027405 0.4511669874191284 0.01841600053012371
v 2.0667418956756594 0.39696499705314636 0.24128000438213348
v 1.9896108627319335 0.31832799315452576 0.019021999090909958
v 2.0113789558410646 0.2762250006198883 0.19213999807834625
v -1.6069580793380738 -0.22408099472522736 0.06334199756383896
v -1.6079460859298706 -0.2025900036096573 -0.016857000067830086
v -1.6605281114578248 -0.15577900409698486 0.010820000432431698
v -1.6079460859298706 -0.2025900036096573 -0.016857000067830086
v -1.6610070943832398 -0.11685000360012054 -0.028106000274419785
v -1.6605281114578248 -0.15577900409698486 0.010820000432431698
v -1.6069580793380738 -0.22408099472522736 0.06334199756383896
v -1.6605281114578248 -0.15577900409698486 0.010820000432431698
v -1.6598731756210328 -0.17002800107002258 0.06399399787187576
v -1.6610070943832398 -0.11685000360012054 -0.028106000274419785
v -1.6079460859298706 -0.2025900036096573 -0.016857000067830086
v -1.608670163154602 -0.14387699961662292 -0.07556699961423874
v -1.605970072746277 -0.2025900036096573 0.14353999495506287
v -1.6069580793380738 -0.22408099472522736 0.06334199756383896
v -1.6598731756210328 -0.17002800107002258 0.06399399787187576
v -1.608670163154602 -0.14387699961662292 -0.07556699961423874
v -1.6611840009689331 -0.06367199867963791 -0.042353998869657516
v -1.6610070943832398 -0.11685000360012054 -0.028106000274419785
v -1.6598731756210328 -0.17002800107002258 0.06399399787187576
v -1.6592180013656617 -0.15577900409698486 0.11716800183057785
v -1.605970072746277 -0.2025900036096573 0.14353999495506287
v -1.6611840009689331 -0.06367199867963791 -0.042353998869657516
v -1.608670163154602 -0.14387699961662292 -0.07556699961423874
v -1.6089340925216675 -0.06367199867963791 -0.09705600142478943
v -1.6592180013656617 -0.15577900409698486 0.11716800183057785
v -1.605247187614441 -0.14387699961662292 0.20224900543689728
v -1.605970072746277 -0.2025900036096573 0.14353999495506287
v -1.608670163154602 0.016533000394701958 -0.07556699961423874
v -1.6611840009689331 -0.06367199867963791 -0.042353998869657516
v -1.6089340925216675 -0.06367199867963791 -0.09705600142478943
v -1.605247187614441 -0.14387699961662292 0.20224900543689728
v -1.6592180013656617 -0.15577900409698486 0.11716800183057785
v -1.6587380647659302 -0.11685000360012054 0.1560939997434616
v -1.6611840009689331 -0.06367199867963791 -0.042353998869657516
v -1.608670163154602 0.016533000394701958 -0.07556699961423874
v -1.6610070943832398 -0.010494000278413296 -0.028106000274419785
v -1.6587380647659302 -0.11685000360012054 0.1560939997434616
v -1.60498206615448 -0.06367199867963791 0.22373899817466736
v -1.605247187614441 -0.14387699961662292 0.20224900543689728
v -1.6079460859298706 0.07524699717760086 -0.016857000067830086
v -1.6610070943832398 -0.010494000278413296 -0.028106000274419785
v -1.608670163154602 0.016533000394701958 -0.07556699961423874
v -1.60498206615448 -0.06367199867963791 0.22373899817466736
v -1.6587380647659302 -0.11685000360012054 0.1560939997434616
v -1.6585630655288697 -0.06367199867963791 0.17034199833869934
v -1.6610070943832398 -0.010494000278413296 -0.028106000274419785
v -1.6079460859298706 0.07524699717760086 -0.016857000067830086
v -1.6605281114578248 0.02843499928712845 0.010820000432431698
v -1.6587380647659302 -0.010494000278413296 0.1560939997434616
v -1.60498206615448 -0.06367199867963791 0.22373899817466736
v -1.6585630655288697 -0.06367199867963791 0.17034199833869934
v -1.6069580793380738 0.09673699736595154 0.06334199756383896
v -1.6605281114578248 0.02843499928712845 0.010820000432431698
v -1.6079460859298706 0.07524699717760086 -0.016857000067830086
v -1.60498206615448 -0.06367199867963791 0.22373899817466736
v -1.6587380647659302 -0.010494000278413296 0.1560939997434616
v -1.605247187614441 0.016533000394701958 0.20224900543689728
v -1.6605281114578248 0.02843499928712845 0.010820000432431698
v -1.6069580793380738 0.09673699736595154 0.06334199756383896
v -1.6598731756210328 0.04268399998545647 0.06399399787187576
v -1.6592180013656617 0.02843499928712845 0.11716800183057785
v -1.605247187614441 0.016533000394701958 0.20224900543689728
v -1.6587380647659302 -0.010494000278413296 0.1560939997434616
v -1.605970072746277 0.07524699717760086 0.14353999495506287
v -1.6598731756210328 0.04268399998545647 0.06399399787187576
v -1.6069580793380738 0.09673699736595154 0.06334199756383896
v -1.605247187614441 0.016533000394701958 0.20224900543689728
v -1.6592180013656617 0.02843499928712845 0.11716800183057785
v -1.605970072746277 0.07524699717760086 0.14353999495506287
v -1.6598731756210328 0.04268399998545647 0.06399399787187576
v -1.605970072746277 0.07524699717760086 0.14353999495506287
v -1.6592180013656617 0.02843499928712845 0.11716800183057785
v -1.6069580793380738 -0.22408099472522736 0.06334199756383896
v -1.6598731756210328 -0.27592700719833374 0.06399399787187576
v -1.6079460859298706 -0.2025900036096573 -0.016857000067830086
v -1.605970072746277 -0.2025900036096573 0.14353999495506287
v -1.6598731756210328 -0.27592700719833374 0.06399399787187576
v -1.6069580793380738 -0.22408099472522736 0.06334199756383896
v -1.6598731756210328 -0.27592700719833374 0.06399399787187576
v -1.661181139945984 -0.24748900532722473 -0.042125001549720764
v -1.6079460859298706 -0.2025900036096573 -0.016857000067830086
v -1.6598731756210328 -0.27592700719833374 0.06399399787187576
v -1.605970072746277 -0.2025900036096573 0.14353999495506287
v -1.658566164970398 -0.24748900532722473 0.1701129972934723
v -1.661181139945984 -0.24748900532722473 -0.042125001549720764
v -1.608670163154602 -0.14387699961662292 -0.07556699961423874
v -1.6079460859298706 -0.2025900036096573 -0.016857000067830086
v -1.605247187614441 -0.14387699961662292 0.20224900543689728
v -1.658566164970398 -0.24748900532722473 0.1701129972934723
v -1.605970072746277 -0.2025900036096573 0.14353999495506287
v -1.608670163154602 -0.14387699961662292 -0.07556699961423874
v -1.661181139945984 -0.24748900532722473 -0.042125001549720764
v -1.6621381521224976 -0.16979900002479553 -0.11981000006198883
v -1.658566164970398 -0.24748900532722473 0.1701129972934723
v -1.605247187614441 -0.14387699961662292 0.20224900543689728
v -1.6576079607009888 -0.16979900002479553 0.24779699742794037
v -1.662489104270935 -0.06367199867963791 -0.1482439935207367
v -1.608670163154602 -0.14387699961662292 -0.07556699961423874
v -1.6621381521224976 -0.16979900002479553 -0.11981000006198883
v -1.6572579622268677 -0.06367199867963791 0.27623099088668823
v -1.6576079607009888 -0.16979900002479553 0.24779699742794037
v -1.605247187614441 -0.14387699961662292 0.20224900543689728
v -1.608670163154602 -0.14387699961662292 -0.07556699961423874
v -1.662489104270935 -0.06367199867963791 -0.1482439935207367
v -1.6089340925216675 -0.06367199867963791 -0.09705600142478943
v -1.60498206615448 -0.06367199867963791 0.22373899817466736
v -1.6572579622268677 -0.06367199867963791 0.27623099088668823
v -1.605247187614441 -0.14387699961662292 0.20224900543689728
v -1.6089340925216675 -0.06367199867963791 -0.09705600142478943
v -1.662489104270935 -0.06367199867963791 -0.1482439935207367
v -1.608670163154602 0.016533000394701958 -0.07556699961423874
v -1.605247187614441 0.016533000394701958 0.20224900543689728
v -1.6572579622268677 -0.06367199867963791 0.27623099088668823
v -1.60498206615448 -0.06367199867963791 0.22373899817466736
v -1.662489104270935 -0.06367199867963791 -0.1482439935207367
v -1.6621381521224976 0.042454998940229416 -0.11981000006198883
v -1.608670163154602 0.016533000394701958 -0.07556699961423874
v -1.6572579622268677 -0.06367199867963791 0.27623099088668823
v -1.605247187614441 0.016533000394701958 0.20224900543689728
v -1.6576079607009888 0.042454998940229416 0.24779699742794037
v -1.661181139945984 0.12014500051736832 -0.042125001549720764
v -1.608670163154602 0.016533000394701958 -0.07556699961423874
v -1.6621381521224976 0.042454998940229416 -0.11981000006198883
v -1.658566164970398 0.12014500051736832 0.1701119989156723
v -1.6576079607009888 0.042454998940229416 0.24779699742794037
v -1.605247187614441 0.016533000394701958 0.20224900543689728
v -1.608670163154602 0.016533000394701958 -0.07556699961423874
v -1.661181139945984 0.12014500051736832 -0.042125001549720764
v -1.6079460859298706 0.07524699717760086 -0.016857000067830086
v -1.605247187614441 0.016533000394701958 0.20224900543689728
v -1.605970072746277 0.07524699717760086 0.14353999495506287
v -1.658566164970398 0.12014500051736832 0.1701119989156723
v -1.6598731756210328 0.14858199656009674 0.06399399787187576
v -1.6079460859298706 0.07524699717760086 -0.016857000067830086
v -1.661181139945984 0.12014500051736832 -0.042125001549720764
v -1.605970072746277 0.07524699717760086 0.14353999495506287
v -1.6598731756210328 0.14858199656009674 0.06399399787187576
v -1.658566164970398 0.12014500051736832 0.1701119989156723
v -1.6079460859298706 0.07524699717760086 -0.016857000067830086
v -1.6598731756210328 0.14858199656009674 0.06399399787187576
v -1.6069580793380738 0.09673699736595154 0.06334199756383896
v -1.6598731756210328 0.14858199656009674 0.06399399787187576
v -1.605970072746277 0.07524699717760086 0.14353999495506287
v -1.6069580793380738 0.09673699736595154 0.06334199756383896
vt 0 0
vt 0 0
vt 0 0
vt 0 0
vt 0 0
vt 0 0
vt 0 0
vt 0 0
vt 0 0
vt 0 0
vt 0 0
vt 0 0
vt 0 0
vt 0 0
vt 0 0
vt 0 0
vt 0 0
vt 0 0
vt 0 0
vt 0 0
vt 0 0
vt 0 0
vt 0 0
vt 0 0
vt 0 0
vt 0 0
vt 0 0
vt 0 0
vt 0 0
vt 0 0
vt 0 0
vt 0 0
vt 0 0
vt 0 0
vt 0 0
vt 0 0
vt 0 0
vt 0 0
vt 0 0
vt 0 0
vt 0 0
vt 0 0
vt 0 0
vt 0 0
vt 0 0
vt 0 0
vt 0 0
vt 0 0
vt 0 0
vt 0 0
vt 0 0
vt 0 0
vt 0 0
vt 0 0
vt 0 0
vt 0 0
vt 0 0
vt 0 0
vt 0 0
vt 0 0
vt 0 0
vt 0 0
vt 0 0
vt 0 0
vt 0 0
vt 0 0
vt 0 0
vt 0 0
vt 0 0
vt 0 0
vt 0 0
vt 0 0
vt 0 0
vt 0 0
vt 0 0
vt 0 0
vt 0 0
vt 0 0
vt 0 0
vt 0 0
vt 0 0
vt 0 0
vt 0 0
vt 0 0
vt 0 0
vt 0 0
vt 0 0
vt 0 0
vt 0 0
vt 0 0
vt 0 0
vt 0 0
vt 0 0
vt 0 0
vt 0 0
vt 0 0
vt 0 0
vt 0 0
vt 0 0
vt 0 0
vt 0 0
vt 0 0
vt 0 0
vt 0 0
vt 0 0
vt 0 0
vt 0 0
vt 0 0
vt 0 0
vt 0 0
vt 0 0
vt 0 0
vt 0 0
vt 0 0
vt 0 0
vt 0 0
vt 0 0
vt 0 0
vt 0 0
vt 0 0
vt 0 0
vt 0 0
vt 0 0
vt 0 0
vt 0 0
vt 0 0
vt 0 0
vt 0 0
vt 0 0
vt 0 0
vt 0 0
vt 0 0
vt 0 0
vt 0 0
vt 0 0
vt 0 0
vt 0 0
vt 0 0
vt 0 0
vt 0 0
vt 0 0
vt 0 0
vt 0 0
vt 0 0
vt 0 0
vt 0 0
vt 0 0
vt 0 0
vt 0 0
vt 0 0
vt 0 0
vt 0 0
vt 0 0
vt 0 0
vt 0 0
vt 0 0
vt 0 0
vt 0 0
vt 0 0
vt 0 0
vt 0 0
vt 0 0
vt 0 0
vt 0 0
vt 0 0
vt 0 0
vt 0 0
vt 0 0
vt 0 0
vt 0 0
vt 0 0
vt 0 0
vt 0 0
vt 0 0
vt 0 0
vt 0 0
vt 0 0
vt 0 0
vt 0 0
vt 0 0
vt 0 0
vt 0 0
vt 0 0
vt 0 0
vt 0 0
vt 0 0
vt 0 0
vt 0 0
vt 0 0
vt 0 0
vt 0 0
vt 0 0
vt 0 0
vt 0 0
vt 0 0
vt 0 0
vt 0 0
vt 0 0
vt 0 0
vt 0 0
vt 0 0
vt 0 0
vt 0 0
vt 0 0
vt 0 0
vt 0 0
vt 0 0
vt 0 0
vt 0 0
vt 0 0
vt 0 0
vt 0 0
vt 0 0
vt 0 0
vt 0 0
vt 0 0
vt 0 0
vt 0 0
vt 0 0
vt 0 0
vt 0 0
vt 0 0
vt 0 0
vt 0 0
vt 0 0
vt 0 0
vt 0 0
vt 0 0
vt 0 0
vt 0 0
vt 0 0
vt 0 0
vt 0 0
vt 0 0
vt 0 0
vt 0 0
vt 0 0
vt 0 0
vt 0 0
vt 0 0
vt 0 0
vt 0 0
vt 0 0
vt 0 0
vt 0 0
vt 0 0
vt 0 0
vt 0 0
vt 0 0
vt 0 0
vt 0 0
vt 0 0
vt 0 0
vt 0 0
vt 0 0
vt 0 0
vt 0 0
vt 0 0
vt 0 0
vt 0 0
vt 0 0
vt 0 0
vt 0 0
vt 0 0
vt 0 0
vt 0 0
vt 0 0
vt 0 0
vt 0 0
vt 0 0
vt 0 0
vt 0 0
vt 0 0
vt 0 0
vt 0 0
vt 0 0
vt 0 0
vt 0 0
vt 0 0
vt 0 0
vt 0 0
vt 0 0
vt 0 0
vt 0 0
vt 0 0
vt 0 0
vt 0 0
vt 0 0
vt 0 0
vt 0 0
vt 0 0
vt 0 0
vt 0 0
vt 0 0
vt 0 0
vt 0 0
vt 0 0
vt 0 0
vt 0 0
vt 0 0
vt 0 0
vt 0 0
vt 0 0
vt 0 0
vt 0 0
vt 0 0
vt 0 0
vt 0 0
vt 0 0
vt 0 0
vt 0 0
vt 0 0
vt 0 0
vt 0 0
vt 0 0
vt 0 0
vt 0 0
vt 0 0
vt 0 0
vt 0 0
vt 0 0
vt 0 0
vt 0 0
vt 0 0
vt 0 0
vt 0 0
vt 0 0
vt 0 0
vt 0 0
vt 0 0
vt 0 0
vt 0 0
vt 0 0
vt 0 0
vt 0 0
vt 0 0
vt 0 0
vt 0 0
vt 0 0
vt 0 0
vt 0 0
vt 0 0
vt 0 0
vt 0 0
vt 0 0
vt 0 0
vt 0 0
vt 0 0
vt 0 0
vt 0 0
vt 0 0
vt 0 0
vt 0 0
vt 0 0
vt 0 0
vt 0 0
vt 0 0
vt 0 0
vt 0 0
vt 0 0
vt 0 0
vt 0 0
vt 0 0
vt 0 0
vt 0 0
vt 0 0
vt 0 0
vt 0 0
vt 0 0
vt 0 0
vt 0 0
vt 0 0
vt 0 0
vt 0 0
vt 0 0
vt 0 0
vt 0 0
vt 0 0
vt 0 0
vt 0 0
vt 0 0
vt 0 0
vt 0 0
vt 0 0
vt 0 0
vt 0 0
vt 0 0
vt 0 0
vt 0 0
vt 0 0
vt 0 0
vt 0 0
vt 0 0
vt 0 0
vt 0 0
vt 0 0
vt 0 0
vt 0 0
vt 0 0
vt 0 0
vt 0 0
vt 0 0
vt 0 0
vt 0 0
vt 0 0
vt 0 0
vt 0 0
vt 0 0
vt 0 0
vt 0 0
vt 0 0
vt 0 0
vt 0 0
vt 0 0
vt 0 0
vt 0 0
vt 0 0
vt 0 0
vt 0 0
vt 0 0
vt 0 0
vt 0 0
vt 0 0
vt 0 0
vt 0 0
vt 0 0
vt 0 0
vt 0 0
vt 0 0
vt 0 0
vt 0 0
vt 0 0
vt 0 0
vt 0 0
vt 0 0
vt 0 0
vt 0 0
vt 0 0
vt 0 0
vt 0 0
vt 0 0
vt 0 0
vt 0 0
vt 0 0
vt 0 0
vt 0 0
vt 0 0
vt 0 0
vt 0 0
vt 0 0
vt 0 0
vt 0 0
vt 0 0
vt 0 0
vt 0 0
vt 0 0
vt 0 0
vt 0 0
vt 0 0
vt 0 0
vt 0 0
vt 0 0
vt 0 0
vt 0 0
vt 0 0
vt 0 0
vt 0 0
vt 0 0
vt 0 0
vt 0 0
vt 0 0
vt 0 0
vt 0 0
vt 0 0
vt 0 0
vt 0 0
vt 0 0
vt 0 0
vt 0 0
vt 0 0
vt 0 0
vt 0 0
vt 0 0
vt 0 0
vt 0 0
vt 0 0
vt 0 0
vt 0 0
vt 0 0
vt 0 0
vt 0 0
vt 0 0
vt 0 0
vt 0 0
vt 0 0
vt 0 0
vt 0 0
vt 0 0
vt 0 0
vt 0 0
vt 0 0
vt 0 0
vt 0 0
vt 0 0
vt 0 0
vt 0 0
vt 0 0
vt 0 0
vt 0 0
vt 0 0
vt 0 0
vt 0 0
vt 0 0
vt 0 0
vt 0 0
vt 0 0
vt 0 0
vt 0 0
vt 0 0
vt 0 0
vt 0 0
vt 0 0
vt 0 0
vt 0 0
vt 0 0
vt 0 0
vt 0 0
vt 0 0
vt 0 0
vt 0 0
vt 0 0
vt 0 0
vt 0 0
vt 0 0
vt 0 0
vt 0 0
vt 0 0
vt 0 0
vt 0 0
vt 0 0
vt 0 0
vt 0 0
vt 0 0
vt 0 0
vt 0 0
vt 0 0
vt 0 0
vt 0 0
vt 0 0
vt 0 0
vt 0 0
vt 0 0
vt 0 0
vt 0 0
vt 0 0
vt 0 0
vt 0 0
vt 0 0
vt 0 0
vt 0 0
vt 0 0
vt 0 0
vt 0 0
vt 0 0
vt 0 0
vt 0 0
vt 0 0
vt 0 0
vt 0 0
vt 0 0
vt 0 0
vt 0 0
vt 0 0
vt 0 0
vt 0 0
vt 0 0
vt 0 0
vt 0 0
vt 0 0
vt 0 0
vt 0 0
vt 0 0
vt 0 0
vt 0 0
vt 0 0
vt 0 0
vt 0 0
vt 0 0
vt 0 0
vt 0 0
vt 0 0
vt 0 0
vt 0 0
vt 0 0
vt 0 0
vt 0 0
vt 0 0
vt 0 0
vt 0 0
vt 0 0
vt 0 0
vt 0 0
vt 0 0
vt 0 0
vt 0 0
vt 0 0
vt 0 0
vt 0 0
vt 0 0
vt 0 0
vt 0 0
vt 0 0
vt 0 0
vt 0 0
vt 0 0
vt 0 0
vt 0 0
vt 0 0
vt 0 0
vt 0 0
vt 0 0
vt 0 0
vt 0 0
vt 0 0
vt 0 0
vt 0 0
vt 0 0
vt 0 0
vt 0 0
vt 0 0
vt 0 0
vt 0 0
vt 0 0
vt 0 0
vt 0 0
vt 0 0
vt 0 0
vt 0 0
vt 0 0
vt 0 0
vt 0 0
vt 0 0
vt 0 0
vt 0 0
vt 0 0
vt 0 0
vt 0 0
vt 0 0
vt 0 0
vt 0 0
vt 0 0
vt 0 0
vt 0 0
vt 0 0
vt 0 0
vt 0 0
vt 0 0
vt 0 0
vt 0 0
vt 0 0
vt 0 0
vt 0 0
vt 0 0
vt 0 0
vt 0 0
vt 0 0
vt 0 0
vt 0 0
vt 0 0
vt 0 0
vt 0 0
vt 0 0
vt 0 0
vt 0 0
vt 0 0
vt 0 0
vt 0 0
vt 0 0
vt 0 0
vt 0 0
vt 0 0
vt 0 0
vt 0 0
vt 0 0
vt 0 0
vt 0 0
vt 0 0
vt 0 0
vt 0 0
vt 0 0
vt 0 0
vt 0 0
vt 0 0
vt 0 0
vt 0 0
vt 0 0
vt 0 0
vt 0 0
vt 0 0
vt 0 0
vt 0 0
vt 0 0
vt 0 0
vt 0 0
vt 0 0
vt 0 0
vt 0 0
vt 0 0
vt 0 0
vt 0 0
vt 0 0
vt 0 0
vt 0 0
vt 0 0
vt 0 0
vt 0 0
vt 0 0
vt 0 0
vt 0 0
vt 0 0
vt 0 0
vt 0 0
vt 0 0
vt 0 0
vt 0 0
vt 0 0
vt 0 0
vt 0 0
vt 0 0
vt 0 0
vt 0 0
vt 0 0
vt 0 0
vt 0 0
vt 0 0
vt 0 0
vt 0 0
vt 0 0
vt 0 0
vt 0 0
vt 0 0
vt 0 0
vt 0 0
vt 0 0
vt 0 0
vt 0 0
vt 0 0
vt 0 0
vt 0 0
vt 0 0
vt 0 0
vt 0 0
vt 0 0
vt 0 0
vt 0 0
vt 0 0
vt 0 0
vt 0 0
vt 0 0
vt 0 0
vt 0 0
vt 0 0
vt 0 0
vt 0 0
vt 0 0
vt 0 0
vt 0 0
vt 0 0
vt 0 0
vt 0 0
vt 0 0
vt 0 0
vt 0 0
vt 0 0
vt 0 0
vt 0 0
vt 0 0
vt 0 0
vt 0 0
vt 0 0
vt 0 0
vt 0 0
vt 0 0
vt 0 0
vt 0 0
vt 0 0
vt 0 0
vt 0 0
vt 0 0
vt 0 0
vt 0 0
vt 0 0
vt 0 0
vt 0 0
vt 0 0
vt 0 0
vt 0 0
vt 0 0
vt 0 0
vt 0 0
vt 0 0
vt 0 0
vt 0 0
vt 0 0
vt 0 0
vt 0 0
vt 0 0
vt 0 0
vt 0 0
vt 0 0
vt 0 0
vt 0 0
vt 0 0
vt 0 0
vt 0 0
vt 0 0
vt 0 0
vt 0 0
vt 0 0
vt 0 0
vt 0 0
vt 0 0
vt 0 0
vt 0 0
vt 0 0
vt 0 0
vt 0 0
vt 0 0
vt 0 0
vt 0 0
vt 0 0
vt 0 0
vt 0 0
vt 0 0
vt 0 0
vt 0 0
vt 0 0
vt 0 0
vt 0 0
vt 0 0
vt 0 0
vt 0 0
vt 0 0
vt 0 0
vt 0 0
vt 0 0
vt 0 0
vt 0 0
vt 0 0
vt 0 0
vt 0 0
vt 0 0
vt 0 0
vt 0 0
vt 0 0
vt 0 0
vt 0 0
vt 0 0
vt 0 0
vt 0 0
vt 0 0
vt 0 0
vt 0 0
vt 0 0
vt 0 0
vt 0 0
vt 0 0
vt 0 0
vt 0 0
vt 0 0
vt 0 0
vt 0 0
vt 0 0
vt 0 0
vt 0 0
vt 0 0
vt 0 0
vt 0 0
vt 0 0
vt 0 0
vt 0 0
vt 0 0
vt 0 0
vt 0 0
vt 0 0
vt 0 0
vt 0 0
vt 0 0
vt 0 0
vt 0 0
vt 0 0
vt 0 0
vt 0 0
vt 0 0
vt 0 0
vt 0 0
vt 0 0
vt 0 0
vt 0 0
vt 0 0
vt 0 0
vt 0 0
vt 0 0
vt 0 0
vt 0 0
vt 0 0
vt 0 0
vt 0 0
vt 0 0
vt 0 0
vt 0 0
vt 0 0
vt 0 0
vt 0 0
vt 0 0
vt 0 0
vt 0 0
vt 0 0
vt 0 0
vt 0 0
vt 0 0
vt 0 0
vt 0 0
vt 0 0
vt 0 0
vt 0 0
vt 0 0
vt 0 0
vt 0 0
vt 0 0
vt 0 0
vt 0 0
vt 0 0
vt 0 0
vt 0 0
vt 0 0
vt 0 0
vt 0 0
vt 0 0
vt 0 0
vt 0 0
vt 0 0
vt 0 0
vt 0 0
vt 0 0
vt 0 0
vt 0 0
vt 0 0
vt 0 0
vt 0 0
vt 0 0
vt 0 0
vt 0 0
vt 0 0
vt 0 0
vt 0 0
vt 0 0
vt 0 0
vt 0 0
vt 0 0
vt 0 0
vt 0 0
vt 0 0
vt 0 0
vt 0 0
vt 0 0
vt 0 0
vt 0 0
vt 0 0
vt 0 0
vt 0 0
vt 0 0
vt 0 0
vt 0 0
vt 0 0
vt 0 0
vt 0 0
vt 0 0
vt 0 0
vt 0 0
vt 0 0
vt 0 0
vt 0 0
vt 0 0
vt 0 0
vt 0 0
vt 0 0
vt 0 0
vt 0 0
vt 0 0
vt 0 0
vt 0 0
vt 0 0
vt 0 0
vt 0 0
vt 0 0
vt 0 0
vt 0 0
vt 0 0
vt 0 0
vt 0 0
vt 0 0
vt 0 0
vt 0 0
vt 0 0
vt 0 0
vt 0 0
vt 0 0
vt 0 0
vt 0 0
vt 0 0
vt 0 0
vt 0 0
vt 0 0
vt 0 0
vt 0 0
vt 0 0
vt 0 0
vt 0 0
vt 0 0
vt 0 0
vt 0 0
vt 0 0
vt 0 0
vt 0 0
vt 0 0
vt 0 0
vt 0 0
vt 0 0
vt 0 0
vt 0 0
vt 0 0
vt 0 0
vt 0 0
vt 0 0
vt 0 0
vt 0 0
vt 0 0
vt 0 0
vt 0 0
vt 0 0
vt 0 0
vt 0 0
vt 0 0
vt 0 0
vt 0 0
vt 0 0
vt 0 0
vt 0 0
vt 0 0
vt 0 0
vt 0 0
vt 0 0
vt 0 0
vt 0 0
vt 0 0
vt 0 0
vt 0 0
vt 0 0
vt 0 0
vt 0 0
vt 0 0
vt 0 0
vt 0 0
vt 0 0
vt 0 0
vt 0 0
vt 0 0
vt 0 0
vt 0 0
vt 0 0
vt 0 0
vt 0 0
vt 0 0
vt 0 0
vt 0 0
vt 0 0
vt 0 0
vt 0 0
vt 0 0
vt 0 0
vt 0 0
vt 0 0
vt 0 0
vt 0 0
vt 0 0
vt 0 0
vt 0 0
vt 0 0
vt 0 0
vt 0 0
vt 0 0
vt 0 0
vt 0 0
vt 0 0
vt 0 0
vt 0 0
vt 0 0
vt 0 0
vt 0 0
vt 0 0
vt 0 0
vt 0 0
vt 0 0
vt 0 0
vt 0 0
vt 0 0
vt 0 0
vt 0 0
vt 0 0
vt 0 0
vt 0 0
vt 0 0
vt 0 0
vt 0 0
vt 0 0
vt 0 0
vt 0 0
vt 0 0
vt 0 0
vt 0 0
vt 0 0
vt 0 0
vt 0 0
vt 0 0
vt 0 0
vt 0 0
vt 0 0
vt 0 0
vt 0 0
vt 0 0
vt 0 0
vt 0 0
vt 0 0
vt 0 0
vt 0 0
vt 0 0
vt 0 0
vt 0 0
vt 0 0
vt 0 0
vt 0 0
vt 0 0
vt 0 0
vt 0 0
vt 0 0
vt 0 0
vt 0 0
vt 0 0
vt 0 0
vt 0 0
vt 0 0
vt 0 0
vt 0 0
vt 0 0
vt 0 0
vt 0 0
vt 0 0
vt 0 0
vt 0 0
vt 0 0
vt 0 0
vt 0 0
vt 0 0
vt 0 0
vt 0 0
vt 0 0
vt 0 0
vt 0 0
vt 0 0
vt 0 0
vt 0 0
vt 0 0
vt 0 0
vt 0 0
vt 0 0
vt 0 0
vt 0 0
vt 0 0
vt 0 0
vt 0 0
vt 0 0
vt 0 0
vt 0 0
vt 0 0
vt 0 0
vt 0 0
vt 0 0
vt 0 0
vt 0 0
vt 0 0
vt 0 0
vt 0 0
vt 0 0
vt 0 0
vt 0 0
vt 0 0
vt 0 0
vt 0 0
vt 0 0
vt 0 0
vt 0 0
vt 0 0
vt 0 0
vt 0 0
vt 0 0
vt 0 0
vt 0 0
vt 0 0
vt 0 0
vt 0 0
vt 0 0
vt 0 0
vt 0 0
vt 0 0
vt 0 0
vt 0 0
vt 0 0
vt 0 0
vt 0 0
vt 0 0
vt 0 0
vt 0 0
vt 0 0
vt 0 0
vt 0 0
vt 0 0
vt 0 0
vt 0 0
vt 0 0
vt 0 0
vt 0 0
vt 0 0
vt 0 0
vt 0 0
vt 0 0
vt 0 0
vt 0 0
vt 0 0
vt 0 0
vt 0 0
vt 0 0
vt 0 0
vt 0 0
vt 0 0
vt 0 0
vt 0 0
vt 0 0
vt 0 0
vt 0 0
vt 0 0
vt 0 0
vt 0 0
vt 0 0
vt 0 0
vt 0 0
vt 0 0
vt 0 0
vt 0 0
vt 0 0
vt 0 0
vt 0 0
vt 0 0
vt 0 0
vt 0 0
vt 0 0
vt 0 0
vt 0 0
vt 0 0
vt 0 0
vt 0 0
vt 0 0
vt 0 0
vt 0 0
vt 0 0
vt 0 0
vt 0 0
vt 0 0
vt 0 0
vt 0 0
vt 0 0
vt 0 0
vt 0 0
vt 0 0
vt 0 0
vt 0 0
vt 0 0
vt 0 0
vt 0 0
vt 0 0
vt 0 0
vt 0 0
vt 0 0
vt 0 0
vt 0 0
vt 0 0
vt 0 0
vt 0 0
vt 0 0
vt 0 0
vt 0 0
vt 0 0
vt 0 0
vt 0 0
vt 0 0
vt 0 0
vt 0 0
vt 0 0
vt 0 0
vt 0 0
vt 0 0
vt 0 0
vt 0 0
vt 0 0
vt 0 0
vt 0 0
vt 0 0
vt 0 0
vt 0 0
vt 0 0
vt 0 0
vt 0 0
vt 0 0
vt 0 0
vt 0 0
vt 0 0
vt 0 0
vt 0 0
vt 0 0
vt 0 0
vt 0 0
vt 0 0
vt 0 0
vt 0 0
vt 0 0
vt 0 0
vt 0 0
vt 0 0
vt 0 0
vt 0 0
vt 0 0
vt 0 0
vt 0 0
vt 0 0
vt 0 0
vt 0 0
vt 0 0
vt 0 0
vt 0 0
vt 0 0
vt 0 0
vt 0 0
vt 0 0
vt 0 0
vt 0 0
vt 0 0
vt 0 0
vt 0 0
vt 0 0
vt 0 0
vt 0 0
vt 0 0
vt 0 0
vt 0 0
vt 0 0
vt 0 0
vt 0 0
vt 0 0
vt 0 0
vt 0 0
vt 0 0
vt 0 0
vt 0 0
vt 0 0
vt 0 0
vt 0 0
vt 0 0
vt 0 0
vt 0 0
vt 0 0
vt 0 0
vt 0 0
vt 0 0
vt 0 0
vt 0 0
vt 0 0
vt 0 0
vt 0 0
vt 0 0
vt 0 0
vt 0 0
vt 0 0
vt 0 0
vt 0 0
vt 0 0
vt 0 0
vt 0 0
vt 0 0
vt 0 0
vt 0 0
vt 0 0
vt 0 0
vt 0 0
vt 0 0
vt 0 0
vt 0 0
vt 0 0
vt 0 0
vt 0 0
vt 0 0
vt 0 0
vt 0 0
vt 0 0
vt 0 0
vt 0 0
vt 0 0
vt 0 0
vt 0 0
vt 0 0
vt 0 0
vt 0 0
vt 0 0
vt 0 0
vt 0 0
vt 0 0
vt 0 0
vt 0 0
vt 0 0
vt 0 0
vt 0 0
vt 0 0
vt 0 0
vt 0 0
vt 0 0
vt 0 0
vt 0 0
vt 0 0
vt 0 0
vt 0 0
vt 0 0
vt 0 0
vt 0 0
vt 0 0
vt 0 0
vt 0 0
vt 0 0
vt 0 0
vt 0 0
vt 0 0
vt 0 0
vt 0 0
vt 0 0
vt 0 0
vt 0 0
vt 0 0
vt 0 0
vt 0 0
vt 0 0
vt 0 0
vt 0 0
vt 0 0
vt 0 0
vt 0 0
vt 0 0
vt 0 0
vt 0 0
vt 0 0
vt 0 0
vt 0 0
vt 0 0
vt 0 0
vt 0 0
vt 0 0
vt 0 0
vt 0 0
vt 0 0
vt 0 0
vt 0 0
vt 0 0
vt 0 0
vt 0 0
vt 0 0
vt 0 0
vt 0 0
vt 0 0
vt 0 0
vt 0 0
vt 0 0
vt 0 0
vt 0 0
vt 0 0
vt 0 0
vt 0 0
vt 0 0
vt 0 0
vt 0 0
vt 0 0
vt 0 0
vt 0 0
vt 0 0
vt 0 0
vt 0 0
vt 0 0
vt 0 0
vt 0 0
vt 0 0
vt 0 0
vt 0 0
vt 0 0
vt 0 0
vt 0 0
vt 0 0
vt 0 0
vt 0 0
vt 0 0
vt 0 0
vt 0 0
vt 0 0
vt 0 0
vt 0 0
vt 0 0
vt 0 0
vt 0 0
vt 0 0
vt 0 0
vt 0 0
vt 0 0
vt 0 0
vt 0 0
vt 0 0
vt 0 0
vt 0 0
vt 0 0
vt 0 0
vt 0 0
vt 0 0
vt 0 0
vt 0 0
vt 0 0
vt 0 0
vt 0 0
vt 0 0
vt 0 0
vt 0 0
vt 0 0
vt 0 0
vt 0 0
vt 0 0
vt 0 0
vt 0 0
vt 0 0
vt 0 0
vt 0 0
vt 0 0
vt 0 0
vt 0 0
vt 0 0
vt 0 0
vt 0 0
vt 0 0
vt 0 0
vt 0 0
vt 0 0
vt 0 0
vt 0 0
vt 0 0
vt 0 0
vt 0 0
vt 0 0
vt 0 0
vt 0 0
vt 0 0
vt 0 0
vt 0 0
vt 0 0
vt 0 0
vt 0 0
vt 0 0
vt 0 0
vt 0 0
vt 0 0
vt 0 0
vt 0 0
vt 0 0
vt 0 0
vt 0 0
vt 0 0
vt 0 0
vt 0 0
vt 0 0
vt 0 0
vt 0 0
vt 0 0
vt 0 0
vt 0 0
vt 0 0
vt 0 0
vt 0 0
vt 0 0
vt 0 0
vt 0 0
vt 0 0
vt 0 0
vt 0 0
vt 0 0
vt 0 0
vt 0 0
vt 0 0
vt 0 0
vt 0 0
vt 0 0
vt 0 0
vt 0 0
vt 0 0
vt 0 0
vt 0 0
vt 0 0
vt 0 0
vt 0 0
vt 0 0
vt 0 0
vt 0 0
vt 0 0
vt 0 0
vt 0 0
vt 0 0
vt 0 0
vt 0 0
vt 0 0
vt 0 0
vt 0 0
vt 0 0
vt 0 0
vt 0 0
vt 0 0
vt 0 0
vt 0 0
vt 0 0
vt 0 0
vt 0 0
vt 0 0
vt 0 0
vt 0 0
vt 0 0
vt 0 0
vt 0 0
vt 0 0
vt 0 0
vt 0 0
vt 0 0
vt 0 0
vt 0 0
vt 0 0
vt 0 0
vt 0 0
vt 0 0
vt 0 0
vt 0 0
vt 0 0
vt 0 0
vt 0 0
vt 0 0
vt 0 0
vt 0 0
vt 0 0
vt 0 0
vt 0 0
vt 0 0
vt 0 0
vt 0 0
vt 0 0
vt 0 0
vt 0 0
vt 0 0
vt 0 0
vt 0 0
vt 0 0
vt 0 0
vt 0 0
vt 0 0
vt 0 0
vt 0 0
vt 0 0
vt 0 0
vt 0 0
vt 0 0
vt 0 0
vt 0 0
vt 0 0
vt 0 0
vt 0 0
vt 0 0
vt 0 0
vt 0 0
vt 0 0
vt 0 0
vt 0 0
vt 0 0
vt 0 0
vt 0 0
vt 0 0
vt 0 0
vt 0 0
vt 0 0
vt 0 0
vt 0 0
vt 0 0
vt 0 0
vt 0 0
vt 0 0
vt 0 0
vt 0 0
vt 0 0
vt 0 0
vt 0 0
vt 0 0
vt 0 0
vt 0 0
vt 0 0
vt 0 0
vt 0 0
vt 0 0
vt 0 0
vt 0 0
vt 0 0
vt 0 0
vt 0 0
vt 0 0
vt 0 0
vt 0 0
vt 0 0
vt 0 0
vt 0 0
vt 0 0
vt 0 0
vt 0 0
vt 0 0
vt 0 0
vt 0 0
vt 0 0
vt 0 0
vt 0 0
vt 0 0
vt 0 0
vt 0 0
vt 0 0
vt 0 0
vt 0 0
vt 0 0
vt 0 0
vt 0 0
vt 0 0
vt 0 0
vt 0 0
vt 0 0
vt 0 0
vt 0 0
vt 0 0
vt 0 0
vt 0 0
vt 0 0
vt 0 0
vt 0 0
vt 0 0
vt 0 0
vt 0 0
vt 0 0
vt 0 0
vt 0 0
vt 0 0
vt 0 0
vt 0 0
vt 0 0
vt 0 0
vt 0 0
vt 0 0
vt 0 0
vt 0 0
vt 0 0
vt 0 0
vt 0 0
vt 0 0
vt 0 0
vt 0 0
vt 0 0
vt 0 0
vt 0 0
vt 0 0
vt 0 0
vt 0 0
vt 0 0
vt 0 0
vt 0 0
vt 0 0
vt 0 0
vt 0 0
vt 0 0
vt 0 0
vt 0 0
vt 0 0
vt 0 0
vt 0 0
vt 0 0
vt 0 0
vt 0 0
vt 0 0
vt 0 0
vt 0 0
vt 0 0
vt 0 0
vt 0 0
vt 0 0
vt 0 0
vt 0 0
vt 0 0
vt 0 0
vt 0 0
vt 0 0
vt 0 0
vt 0 0
vt 0 0
vt 0 0
vt 0 0
vt 0 0
vt 0 0
vt 0 0
vt 0 0
vt 0 0
vt 0 0
vt 0 0
vt 0 0
vt 0 0
vt 0 0
vt 0 0
vt 0 0
vt 0 0
vt 0 0
vt 0 0
vt 0 0
vt 0 0
vt 0 0
vt 0 0
vt 0 0
vt 0 0
vt 0 0
vt 0 0
vt 0 0
vt 0 0
vt 0 0
vt 0 0
vt 0 0
vt 0 0
vt 0 0
vt 0 0
vt 0 0
vt 0 0
vt 0 0
vt 0 0
vt 0 0
vt 0 0
vt 0 0
vt 0 0
vt 0 0
vt 0 0
vt 0 0
vt 0 0
vt 0 0
vt 0 0
vt 0 0
vt 0 0
vt 0 0
vt 0 0
vt 0 0
vt 0 0
vt 0 0
vt 0 0
vt 0 0
vt 0 0
vt 0 0
vt 0 0
vt 0 0
vt 0 0
vt 0 0
vt 0 0
vt 0 0
vt 0 0
vt 0 0
vt 0 0
vt 0 0
vt 0 0
vt 0 0
vt 0 0
vt 0 0
vt 0 0
vt 0 0
vt 0 0
vt 0 0
vt 0 0
vt 0 0
vt 0 0
vt 0 0
vt 0 0
vt 0 0
vt 0 0
vt 0 0
vt 0 0
vt 0 0
vt 0 0
vt 0 0
vt 0 0
vt 0 0
vt 0 0
vt 0 0
vt 0 0
vt 0 0
vt 0 0
vt 0 0
vt 0 0
vt 0 0
vt 0 0
vt 0 0
vt 0 0
vt 0 0
vt 0 0
vt 0 0
vt 0 0
vt 0 0
vt 0 0
vt 0 0
vt 0 0
vt 0 0
vt 0 0
vt 0 0
vt 0 0
vt 0 0
vt 0 0
vt 0 0
vt 0 0
vt 0 0
vt 0 0
vt 0 0
vt 0 0
vt 0 0
vt 0 0
vt 0 0
vt 0 0
vt 0 0
vt 0 0
vt 0 0
vt 0 0
vt 0 0
vt 0 0
vt 0 0
vt 0 0
vt 0 0
vt 0 0
vt 0 0
vt 0 0
vt 0 0
vt 0 0
vt 0 0
vt 0 0
vt 0 0
vt 0 0
vt 0 0
vt 0 0
vt 0 0
vt 0 0
vt 0 0
vt 0 0
vt 0 0
vt 0 0
vt 0 0
vt 0 0
vt 0 0
vt 0 0
vt 0 0
vt 0 0
vt 0 0
vt 0 0
vt 0 0
vt 0 0
vt 0 0
vt 0 0
vt 0 0
vt 0 0
vt 0 0
vt 0 0
vt 0 0
vt 0 0
vt 0 0
vt 0 0
vt 0 0
vt 0 0
vt 0 0
vt 0 0
vt 0 0
vt 0 0
vt 0 0
vt 0 0
vt 0 0
vt 0 0
vt 0 0
vt 0 0
vt 0 0
vt 0 0
vt 0 0
vt 0 0
vt 0 0
vt 0 0
vt 0 0
vt 0 0
vt 0 0
vt 0 0
vt 0 0
vt 0 0
vt 0 0
vt 0 0
vt 0 0
vt 0 0
vt 0 0
vt 0 0
vt 0 0
vt 0 0
vt 0 0
vt 0 0
vt 0 0
vt 0 0
vt 0 0
vt 0 0
vt 0 0
vt 0 0
vt 0 0
vt 0 0
vt 0 0
vt 0 0
vt 0 0
vt 0 0
vt 0 0
vt 0 0
vt 0 0
vt 0 0
vt 0 0
vt 0 0
vt 0 0
vt 0 0
vt 0 0
vt 0 0
vt 0 0
vt 0 0
vt 0 0
vt 0 0
vt 0 0
vt 0 0
vt 0 0
vt 0 0
vt 0 0
vt 0 0
vt 0 0
vt 0 0
vt 0 0
vt 0 0
vt 0 0
vt 0 0
vt 0 0
vt 0 0
vt 0 0
vt 0 0
vt 0 0
vt 0 0
vt 0 0
vt 0 0
vt 0 0
vt 0 0
vt 0 0
vt 0 0
vt 0 0
vt 0 0
vt 0 0
vt 0 0
vt 0 0
vt 0 0
vt 0 0
vt 0 0
vt 0 0
vt 0 0
vt 0 0
vt 0 0
vt 0 0
vt 0 0
vt 0 0
vt 0 0
vt 0 0
vt 0 0
vt 0 0
vt 0 0
vt 0 0
vt 0 0
vt 0 0
vt 0 0
vt 0 0
vt 0 0
vt 0 0
vt 0 0
vt 0 0
vt 0 0
vt 0 0
vt 0 0
vt 0 0
vt 0 0
vt 0 0
vt 0 0
vt 0 0
vt 0 0
vt 0 0
vt 0 0
vt 0 0
vt 0 0
vt 0 0
vt 0 0
vt 0 0
vt 0 0
vt 0 0
vt 0 0
vt 0 0
vt 0 0
vt 0 0
vt 0 0
vt 0 0
vt 0 0
vt 0 0
vt 0 0
vt 0 0
vt 0 0
vt 0 0
vt 0 0
vt 0 0
vt 0 0
vt 0 0
vt 0 0
vt 0 0
vt 0 0
vt 0 0
vt 0 0
vt 0 0
vt 0 0
vt 0 0
vt 0 0
vt 0 0
vt 0 0
vt 0 0
vt 0 0
vt 0 0
vt 0 0
vt 0 0
vt 0 0
vt 0 0
vt 0 0
vt 0 0
vt 0 0
vt 0 0
vt 0 0
vt 0 0
vt 0 0
vt 0 0
vt 0 0
vt 0 0
vt 0 0
vt 0 0
vt 0 0
vt 0 0
vt 0 0
vt 0 0
vt 0 0
vt 0 0
vt 0 0
vt 0 0
vt 0 0
vt 0 0
vt 0 0
vt 0 0
vt 0 0
vt 0 0
vt 0 0
vt 0 0
vt 0 0
vt 0 0
vt 0 0
vt 0 0
vt 0 0
vt 0 0
vt 0 0
vt 0 0
vt 0 0
vt 0 0
vt 0 0
vt 0 0
vt 0 0
vt 0 0
vt 0 0
vt 0 0
vt 0 0
vt 0 0
vt 0 0
vt 0 0
vt 0 0
vt 0 0
vt 0 0
vt 0 0
vt 0 0
vt 0 0
vt 0 0
vt 0 0
vt 0 0
vt 0 0
vt 0 0
vt 0 0
vt 0 0
vt 0 0
vt 0 0
vt 0 0
vt 0 0
vt 0 0
vt 0 0
vt 0 0
vt 0 0
vt 0 0
vt 0 0
vt 0 0
vt 0 0
vt 0 0
vt 0 0
vt 0 0
vt 0 0
vt 0 0
vt 0 0
vt 0 0
vt 0 0
vt 0 0
vt 0 0
vt 0 0
vt 0 0
vt 0 0
vt 0 0
vt 0 0
vt 0 0
vt 0 0
vt 0 0
vt 0 0
vt 0 0
vt 0 0
vt 0 0
vt 0 0
vt 0 0
vt 0 0
vt 0 0
vt 0 0
vt 0 0
vt 0 0
vt 0 0
vt 0 0
vt 0 0
vt 0 0
vt 0 0
vt 0 0
vt 0 0
vt 0 0
vt 0 0
vt 0 0
vt 0 0
vt 0 0
vt 0 0
vt 0 0
vt 0 0
vt 0 0
vt 0 0
vt 0 0
vt 0 0
vt 0 0
vt 0 0
vt 0 0
vt 0 0
vt 0 0
vt 0 0
vt 0 0
vt 0 0
vt 0 0
vt 0 0
vt 0 0
vt 0 0
vt 0 0
vt 0 0
vt 0 0
vt 0 0
vt 0 0
vt 0 0
vt 0 0
vt 0 0
vt 0 0
vt 0 0
vt 0 0
vt 0 0
vt 0 0
vt 0 0
vt 0 0
vt 0 0
vt 0 0
vt 0 0
vt 0 0
vt 0 0
vt 0 0
vt 0 0
vt 0 0
vt 0 0
vt 0 0
vt 0 0
vt 0 0
vt 0 0
vt 0 0
vt 0 0
vt 0 0
vt 0 0
vt 0 0
vt 0 0
vt 0 0
vt 0 0
vt 0 0
vt 0 0
vt 0 0
vt 0 0
vt 0 0
vt 0 0
vt 0 0
vt 0 0
vt 0 0
vt 0 0
vt 0 0
vt 0 0
vt 0 0
vt 0 0
vt 0 0
vt 0 0
vt 0 0
vt 0 0
vt 0 0
vt 0 0
vt 0 0
vt 0 0
vt 0 0
vt 0 0
vt 0 0
vt 0 0
vt 0 0
vt 0 0
vt 0 0
vt 0 0
vt 0 0
vt 0 0
vt 0 0
vt 0 0
vt 0 0
vt 0 0
vt 0 0
vt 0 0
vt 0 0
vt 0 0
vt 0 0
vt 0 0
vt 0 0
vt 0 0
vt 0 0
vt 0 0
vt 0 0
vt 0 0
vt 0 0
vt 0 0
vt 0 0
vt 0 0
vt 0 0
vt 0 0
vt 0 0
vt 0 0
vt 0 0
vt 0 0
vt 0 0
vt 0 0
vt 0 0
vt 0 0
vt 0 0
vt 0 0
vt 0 0
vt 0 0
vt 0 0
vt 0 0
vt 0 0
vt 0 0
vt 0 0
vt 0 0
vt 0 0
vt 0 0
vt 0 0
vt 0 0
vt 0 0
vt 0 0
vt 0 0
vt 0 0
vt 0 0
vt 0 0
vt 0 0
vt 0 0
vt 0 0
vt 0 0
vt 0 0
vt 0 0
vt 0 0
vt 0 0
vt 0 0
vt 0 0
vt 0 0
vt 0 0
vt 0 0
vt 0 0
vt 0 0
vt 0 0
vt 0 0
vt 0 0
vt 0 0
vt 0 0
vt 0 0
vt 0 0
vt 0 0
vt 0 0
vt 0 0
vt 0 0
vt 0 0
vt 0 0
vt 0 0
vt 0 0
vt 0 0
vt 0 0
vt 0 0
vt 0 0
vt 0 0
vt 0 0
vt 0 0
vt 0 0
vt 0 0
vt 0 0
vt 0 0
vt 0 0
vt 0 0
vt 0 0
vt 0 0
vt 0 0
vt 0 0
vt 0 0
vt 0 0
vt 0 0
vt 0 0
vt 0 0
vt 0 0
vt 0 0
vt 0 0
vt 0 0
vt 0 0
vt 0 0
vt 0 0
vt 0 0
vt 0 0
vt 0 0
vt 0 0
vt 0 0
vt 0 0
vt 0 0
vt 0 0
vt 0 0
vt 0 0
vt 0 0
vt 0 0
vt 0 0
vt 0 0
vt 0 0
vt 0 0
vt 0 0
vt 0 0
vt 0 0
vt 0 0
vt 0 0
vt 0 0
vt 0 0
vt 0 0
vt 0 0
vt 0 0
vt 0 0
vt 0 0
vt 0 0
vt 0 0
vt 0 0
vt 0 0
vt 0 0
vt 0 0
vt 0 0
vt 0 0
vt 0 0
vt 0 0
vt 0 0
vt 0 0
vt 0 0
vt 0 0
vt 0 0
vt 0 0
vt 0 0
vt 0 0
vt 0 0
vt 0 0
vt 0 0
vt 0 0
vt 0 0
vt 0 0
vt 0 0
vt 0 0
vt 0 0
vt 0 0
vt 0 0
vt 0 0
vt 0 0
vt 0 0
vt 0 0
vt 0 0
vt 0 0
vt 0 0
vt 0 0
vt 0 0
vt 0 0
vt 0 0
vt 0 0
vt 0 0
vt 0 0
vt 0 0
vt 0 0
vt 0 0
vt 0 0
vt 0 0
vt 0 0
vt 0 0
vt 0 0
vt 0 0
vt 0 0
vt 0 0
vt 0 0
vt 0 0
vt 0 0
vt 0 0
vt 0 0
vt 0 0
vt 0 0
vt 0 0
vt 0 0
vt 0 0
vt 0 0
vt 0 0
vt 0 0
vt 0 0
vt 0 0
vt 0 0
vt 0 0
vt 0 0
vt 0 0
vt 0 0
vt 0 0
vt 0 0
vt 0 0
vt 0 0
vt 0 0
vt 0 0
vt 0 0
vt 0 0
vt 0 0
vt 0 0
vt 0 0
vt 0 0
vt 0 0
vt 0 0
vt 0 0
vt 0 0
vt 0 0
vt 0 0
vt 0 0
vt 0 0
vt 0 0
vt 0 0
vt 0 0
vt 0 0
vt 0 0
vt 0 0
vt 0 0
vt 0 0
vt 0 0
vt 0 0
vt 0 0
vt 0 0
vt 0 0
vt 0 0
vt 0 0
vt 0 0
vt 0 0
vt 0 0
vt 0 0
vt 0 0
vt 0 0
vt 0 0
vt 0 0
vt 0 0
vt 0 0
vt 0 0
vt 0 0
vt 0 0
vt 0 0
vt 0 0
vt 0 0
vt 0 0
vt 0 0
vt 0 0
vt 0 0
vt 0 0
vt 0 0
vt 0 0
vt 0 0
vt 0 0
vt 0 0
vt 0 0
vt 0 0
vt 0 0
vt 0 0
vt 0 0
vt 0 0
vt 0 0
vt 0 0
vt 0 0
vt 0 0
vt 0 0
vt 0 0
vt 0 0
vt 0 0
vt 0 0
vt 0 0
vt 0 0
vt 0 0
vt 0 0
vt 0 0
vt 0 0
vt 0 0
vt 0 0
vt 0 0
vt 0 0
vt 0 0
vt 0 0
vt 0 0
vt 0 0
vt 0 0
vt 0 0
vt 0 0
vt 0 0
vt 0 0
vt 0 0
vt 0 0
vt 0 0
vt 0 0
vt 0 0
vt 0 0
vt 0 0
vt 0 0
vt 0 0
vt 0 0
vt 0 0
vt 0 0
vt 0 0
vt 0 0
vt 0 0
vt 0 0
vt 0 0
vt 0 0
vt 0 0
vt 0 0
vt 0 0
vt 0 0
vt 0 0
vt 0 0
vt 0 0
vt 0 0
vt 0 0
vt 0 0
vt 0 0
vt 0 0
vt 0 0
vt 0 0
vt 0 0
vt 0 0
vt 0 0
vt 0 0
vt 0 0
vt 0 0
vt 0 0
vt 0 0
vt 0 0
vt 0 0
vt 0 0
vt 0 0
vt 0 0
vt 0 0
vt 0 0
vt 0 0
vt 0 0
vt 0 0
vt 0 0
vt 0 0
vt 0 0
vt 0 0
vt 0 0
vt 0 0
vt 0 0
vt 0 0
vt 0 0
vt 0 0
vt 0 0
vt 0 0
vt 0 0
vt 0 0
vt 0 0
vt 0 0
vt 0 0
vt 0 0
vt 0 0
vt 0 0
vt 0 0
vt 0 0
vt 0 0
vt 0 0
vt 0 0
vt 0 0
vt 0 0
vt 0 0
vt 0 0
vt 0 0
vt 0 0
vt 0 0
vt 0 0
vt 0 0
vt 0 0
vt 0 0
vt 0 0
vt 0 0
vt 0 0
vt 0 0
vt 0 0
vt 0 0
vt 0 0
vt 0 0
vt 0 0
vt 0 0
vt 0 0
vt 0 0
vt 0 0
vt 0 0
vt 0 0
vt 0 0
vt 0 0
vt 0 0
vt 0 0
vt 0 0
vt 0 0
vt 0 0
vt 0 0
vt 0 0
vt 0 0
vt 0 0
vt 0 0
vt 0 0
vt 0 0
vt 0 0
vt 0 0
vt 0 0
vt 0 0
vt 0 0
vt 0 0
vt 0 0
vt 0 0
vt 0 0
vt 0 0
vt 0 0
vt 0 0
vt 0 0
vt 0 0
vt 0 0
vt 0 0
vt 0 0
vt 0 0
vt 0 0
vt 0 0
vt 0 0
vt 0 0
vt 0 0
vt 0 0
vt 0 0
vt 0 0
vt 0 0
vt 0 0
vt 0 0
vt 0 0
vt 0 0
vt 0 0
vt 0 0
vt 0 0
vt 0 0
vt 0 0
vt 0 0
vt 0 0
vt 0 0
vt 0 0
vt 0 0
vt 0 0
vt 0 0
vt 0 0
vt 0 0
vt 0 0
vt 0 0
vt 0 0
vt 0 0
vt 0 0
vt 0 0
vt 0 0
vt 0 0
vt 0 0
vt 0 0
vt 0 0
vt 0 0
vt 0 0
vt 0 0
vt 0 0
vt 0 0
vt 0 0
vt 0 0
vt 0 0
vt 0 0
vt 0 0
vt 0 0
vt 0 0
vt 0 0
vt 0 0
vt 0 0
vt 0 0
vt 0 0
vt 0 0
vt 0 0
vt 0 0
vt 0 0
vt 0 0
vt 0 0
vt 0 0
vt 0 0
vt 0 0
vt 0 0
vt 0 0
vt 0 0
vt 0 0
vt 0 0
vt 0 0
vt 0 0
vt 0 0
vt 0 0
vt 0 0
vt 0 0
vt 0 0
vt 0 0
vt 0 0
vt 0 0
vt 0 0
vt 0 0
vt 0 0
vt 0 0
vt 0 0
vt 0 0
vt 0 0
vt 0 0
vt 0 0
vt 0 0
vt 0 0
vt 0 0
vt 0 0
vt 0 0
vt 0 0
vt 0 0
vt 0 0
vt 0 0
vt 0 0
vt 0 0
vt 0 0
vt 0 0
vt 0 0
vt 0 0
vt 0 0
vt 0 0
vt 0 0
vt 0 0
vt 0 0
vt 0 0
vt 0 0
vt 0 0
vt 0 0
vt 0 0
vt 0 0
vt 0 0
vt 0 0
vt 0 0
vt 0 0
vt 0 0
vt 0 0
vt 0 0
vt 0 0
vt 0 0
vt 0 0
vt 0 0
vt 0 0
vt 0 0
vt 0 0
vt 0 0
vt 0 0
vt 0 0
vt 0 0
vt 0 0
vt 0 0
vt 0 0
vt 0 0
vt 0 0
vt 0 0
vt 0 0
vt 0 0
vt 0 0
vt 0 0
vt 0 0
vt 0 0
vt 0 0
vt 0 0
vt 0 0
vt 0 0
vt 0 0
vt 0 0
vt 0 0
vt 0 0
vt 0 0
vt 0 0
vt 0 0
vt 0 0
vt 0 0
vt 0 0
vt 0 0
vt 0 0
vt 0 0
vt 0 0
vt 0 0
vt 0 0
vt 0 0
vt 0 0
vt 0 0
vt 0 0
vt 0 0
vt 0 0
vt 0 0
vt 0 0
vt 0 0
vt 0 0
vt 0 0
vt 0 0
vt 0 0
vt 0 0
vt 0 0
vt 0 0
vt 0 0
vt 0 0
vt 0 0
vt 0 0
vt 0 0
vt 0 0
vt 0 0
vt 0 0
vt 0 0
vt 0 0
vt 0 0
vt 0 0
vt 0 0
vt 0 0
vt 0 0
vt 0 0
vt 0 0
vt 0 0
vt 0 0
vt 0 0
vt 0 0
vt 0 0
vt 0 0
vt 0 0
vt 0 0
vt 0 0
vt 0 0
vt 0 0
vt 0 0
vt 0 0
vt 0 0
vt 0 0
vt 0 0
vt 0 0
vt 0 0
vt 0 0
vt 0 0
vt 0 0
vt 0 0
vt 0 0
vt 0 0
vt 0 0
vt 0 0
vt 0 0
vt 0 0
vt 0 0
vt 0 0
vt 0 0
vt 0 0
vt 0 0
vt 0 0
vt 0 0
vt 0 0
vt 0 0
vt 0 0
vt 0 0
vt 0 0
vt 0 0
vt 0 0
vt 0 0
vt 0 0
vt 0 0
vt 0 0
vt 0 0
vt 0 0
vt 0 0
vt 0 0
vt 0 0
vt 0 0
vt 0 0
vt 0 0
vt 0 0
vt 0 0
vt 0 0
vt 0 0
vt 0 0
vt 0 0
vt 0 0
vt 0 0
vt 0 0
vt 0 0
vt 0 0
vt 0 0
vt 0 0
vt 0 0
vt 0 0
vt 0 0
vt 0 0
vt 0 0
vt 0 0
vt 0 0
vt 0 0
vt 0 0
vt 0 0
vt 0 0
vt 0 0
vt 0 0
vt 0 0
vt 0 0
vt 0 0
vt 0 0
vt 0 0
vt 0 0
vt 0 0
vt 0 0
vt 0 0
vt 0 0
vt 0 0
vt 0 0
vt 0 0
vt 0 0
vt 0 0
vt 0 0
vt 0 0
vt 0 0
vt 0 0
vt 0 0
vt 0 0
vt 0 0
vt 0 0
vt 0 0
vt 0 0
vt 0 0
vt 0 0
vt 0 0
vt 0 0
vt 0 0
vt 0 0
vt 0 0
vt 0 0
vt 0 0
vt 0 0
vt 0 0
vt 0 0
vt 0 0
vt 0 0
vt 0 0
vt 0 0
vt 0 0
vt 0 0
vt 0 0
vt 0 0
vt 0 0
vt 0 0
vt 0 0
vt 0 0
vt 0 0
vt 0 0
vt 0 0
vt 0 0
vt 0 0
vt 0 0
vt 0 0
vt 0 0
vt 0 0
vt 0 0
vt 0 0
vt 0 0
vt 0 0
vt 0 0
vt 0 0
vt 0 0
vt 0 0
vt 0 0
vt 0 0
vt 0 0
vt 0 0
vt 0 0
vt 0 0
vt 0 0
vt 0 0
vt 0 0
vt 0 0
vt 0 0
vt 0 0
vt 0 0
vt 0 0
vt 0 0
vt 0 0
vt 0 0
vt 0 0
vt 0 0
vt 0 0
vt 0 0
vt 0 0
vt 0 0
vt 0 0
vt 0 0
vt 0 0
vt 0 0
vt 0 0
vt 0 0
vt 0 0
vt 0 0
vt 0 0
vt 0 0
vt 0 0
vt 0 0
vt 0 0
vt 0 0
vt 0 0
vt 0 0
vt 0 0
vt 0 0
vt 0 0
vt 0 0
vt 0 0
vt 0 0
vt 0 0
vt 0 0
vt 0 0
vt 0 0
vt 0 0
vt 0 0
vt 0 0
vt 0 0
vt 0 0
vt 0 0
vt 0 0
vt 0 0
vt 0 0
vt 0 0
vt 0 0
vt 0 0
vt 0 0
vt 0 0
vt 0 0
vt 0 0
vt 0 0
vt 0 0
vt 0 0
vt 0 0
vt 0 0
vt 0 0
vt 0 0
vt 0 0
vt 0 0
vt 0 0
vt 0 0
vt 0 0
vt 0 0
vt 0 0
vt 0 0
vt 0 0
vt 0 0
vt 0 0
vt 0 0
vt 0 0
vt 0 0
vt 0 0
vt 0 0
vt 0 0
vt 0 0
vt 0 0
vt 0 0
vt 0 0
vt 0 0
vt 0 0
vt 0 0
vt 0 0
vt 0 0
vt 0 0
vt 0 0
vt 0 0
vt 0 0
vt 0 0
vt 0 0
vt 0 0
vt 0 0
vt 0 0
vt 0 0
vt 0 0
vt 0 0
vt 0 0
vt 0 0
vt 0 0
vt 0 0
vt 0 0
vt 0 0
vt 0 0
vt 0 0
vn -0.7144900496267956 0.6995902594734733 0.008799876938775287
vn -0.7102100921535972 0.6058085622542438 0.3586050904583266
vn -0.7102100921535972 0.6058085622542438 0.3586050904583266
vn -0.7070704212911688 0.3497853929772512 0.6145743227591591
vn -0.7102100921535972 0.6058085622542438 0.3586050904583266
vn -0.7102100921535972 0.6058085622542438 0.3586050904583266
vn -0.7102100921535972 0.6058085622542438 0.3586050904583266
vn -0.7144900496267956 0.6995902594734733 0.008799876938775287
vn -0.7144900496267956 0.6995902594734733 0.008799876938775287
vn -0.7102100921535972 0.6058085622542438 0.3586050904583266
vn -0.7070704212911688 0.3497853929772512 0.6145743227591591
vn -0.7070704212911688 0.3497853929772512 0.6145743227591591
vn -0.7188186733007672 0.605815716011669 -0.3410088461424333
vn -0.7144900496267956 0.6995902594734733 0.008799876938775287
vn -0.7144900496267956 0.6995902594734733 0.008799876938775287
vn -0.7061060005674571 0.00040000339134316085 0.7081060344043943
vn -0.7070704212911688 0.3497853929772512 0.6145743227591591
vn -0.7070704212911688 0.3497853929772512 0.6145743227591591
vn -0.7144900496267956 0.6995902594734733 0.008799876938775287
vn -0.7188186733007672 0.605815716011669 -0.3410088461424333
vn -0.7188186733007672 0.605815716011669 -0.3410088461424333
vn -0.7070704212911688 0.3497853929772512 0.6145743227591591
vn -0.7061060005674571 0.00040000339134316085 0.7081060344043943
vn -0.7061060005674571 0.00040000339134316085 0.7081060344043943
vn -0.7219808702764829 0.3497907223770895 -0.5969841484442667
vn -0.7188186733007672 0.605815716011669 -0.3410088461424333
vn -0.7188186733007672 0.605815716011669 -0.3410088461424333
vn -0.7061060005674571 0.00040000339134316085 0.7081060344043943
vn -0.7070704212911688 -0.3497853929772512 0.6145743227591591
vn -0.7061060005674571 0.00040000339134316085 0.7081060344043943
vn -0.7188186733007672 0.605815716011669 -0.3410088461424333
vn -0.7219808702764829 0.3497907223770895 -0.5969841484442667
vn -0.7219808702764829 0.3497907223770895 -0.5969841484442667
vn -0.7061060005674571 0.00040000339134316085 0.7081060344043943
vn -0.7070704212911688 -0.3497853929772512 0.6145743227591591
vn -0.7070704212911688 -0.3497853929772512 0.6145743227591591
vn -0.7231216557841154 0 -0.6907206895236593
vn -0.7219808702764829 0.3497907223770895 -0.5969841484442667
vn -0.7219808702764829 0.3497907223770895 -0.5969841484442667
vn -0.7102100921535972 -0.6058085622542438 0.3586050904583266
vn -0.7070704212911688 -0.3497853929772512 0.6145743227591591
vn -0.7070704212911688 -0.3497853929772512 0.6145743227591591
vn -0.7219808702764829 0.3497907223770895 -0.5969841484442667
vn -0.7231216557841154 0 -0.6907206895236593
vn -0.7231216557841154 0 -0.6907206895236593
vn -0.7102100921535972 -0.6058085622542438 0.3586050904583266
vn -0.7070704212911688 -0.3497853929772512 0.6145743227591591
vn -0.7102355360432535 -0.6058303117280992 0.35851794478489696
vn -0.7231216557841154 0 -0.6907206895236593
vn -0.7219808702764829 -0.3497907223770895 -0.5969841484442667
vn -0.7231216557841154 0 -0.6907206895236593
vn -0.7144900496267956 -0.6995902594734733 0.008799876938775287
vn -0.7102100921535972 -0.6058085622542438 0.3586050904583266
vn -0.7102355360432535 -0.6058303117280992 0.35851794478489696
vn -0.7231216557841154 0 -0.6907206895236593
vn -0.7219808702764829 -0.3497907223770895 -0.5969841484442667
vn -0.7219808702764829 -0.3497907223770895 -0.5969841484442667
vn -0.7144900496267956 -0.6995902594734733 0.008799876938775287
vn -0.7102355360432535 -0.6058303117280992 0.35851794478489696
vn -0.7144900496267956 -0.6995902594734733 0.008799876938775287
vn -0.7188186733007672 -0.605815716011669 -0.3410088461424333
vn -0.7219808702764829 -0.3497907223770895 -0.5969841484442667
vn -0.7219808702764829 -0.3497907223770895 -0.5969841484442667
vn -0.7144900496267956 -0.6995902594734733 0.008799876938775287
vn -0.7188431630533195 -0.60583639228632 -0.3409204785767419
vn -0.7144900496267956 -0.6995902594734733 0.008799876938775287
vn -0.7188186733007672 -0.605815716011669 -0.3410088461424333
vn -0.7219808702764829 -0.3497907223770895 -0.5969841484442667
vn -0.7188431630533195 -0.60583639228632 -0.3409204785767419
vn -0.7188431630533195 -0.60583639228632 -0.3409204785767419
vn -0.7144900496267956 -0.6995902594734733 0.008799876938775287
vn -0.7188186733007672 -0.605815716011669 -0.3410088461424333
vn -0.6997935721276026 -0.7142933555385521 0.008599921067379189
vn -0.7041944368602187 -0.6185950727551224 -0.3484972468445112
vn -0.7041139048714856 -0.618512216928323 -0.3488068899506424
vn -0.7041944368602187 -0.6185950727551224 -0.3484972468445112
vn -0.6997935721276026 -0.7142933555385521 0.008599921067379189
vn -0.6997935721276026 -0.7142933555385521 0.008599921067379189
vn -0.7074054425849686 -0.35720273580942424 -0.6099047018440072
vn -0.7041139048714856 -0.618512216928323 -0.3488068899506424
vn -0.7041944368602187 -0.6185950727551224 -0.3484972468445112
vn -0.6954057098989799 -0.618605066800621 0.3657029805299587
vn -0.6997935721276026 -0.7142933555385521 0.008599921067379189
vn -0.6997935721276026 -0.7142933555385521 0.008599921067379189
vn -0.7041139048714856 -0.618512216928323 -0.3488068899506424
vn -0.7074054425849686 -0.35720273580942424 -0.6099047018440072
vn -0.7074054425849686 -0.35720273580942424 -0.6099047018440072
vn -0.6953802747225131 -0.6185824312746611 0.3657896242995029
vn -0.6954057098989799 -0.618605066800621 0.3657029805299587
vn -0.6997935721276026 -0.7142933555385521 0.008599921067379189
vn -0.7074054425849686 -0.35720273580942424 -0.6099047018440072
vn -0.7074054425849686 -0.35720273580942424 -0.6099047018440072
vn -0.7086051709249875 0 -0.7056052095459395
vn -0.6953802747225131 -0.6185824312746611 0.3657896242995029
vn -0.6921089549678375 -0.3572046293909027 0.6272081370606057
vn -0.6954057098989799 -0.618605066800621 0.3657029805299587
vn -0.7074054425849686 -0.35720273580942424 -0.6099047018440072
vn -0.7086051709249875 0 -0.7056052095459395
vn -0.7086051709249875 0 -0.7056052095459395
vn -0.6921089549678375 -0.3572046293909027 0.6272081370606057
vn -0.6953802747225131 -0.6185824312746611 0.3657896242995029
vn -0.6921089549678375 -0.3572046293909027 0.6272081370606057
vn -0.7074054425849686 0.35720273580942424 -0.6099047018440072
vn -0.7086051709249875 0 -0.7056052095459395
vn -0.7086051709249875 0 -0.7056052095459395
vn -0.6907729443133955 0.000399984299261822 0.7230716281373257
vn -0.6921089549678375 -0.3572046293909027 0.6272081370606057
vn -0.6921089549678375 -0.3572046293909027 0.6272081370606057
vn -0.7086051709249875 0 -0.7056052095459395
vn -0.7074054425849686 0.35720273580942424 -0.6099047018440072
vn -0.7074054425849686 0.35720273580942424 -0.6099047018440072
vn -0.6921089549678375 -0.3572046293909027 0.6272081370606057
vn -0.6907729443133955 0.000399984299261822 0.7230716281373257
vn -0.6909773924877397 0 0.7228763677634261
vn -0.7041944368602187 0.6185950727551224 -0.3484972468445112
vn -0.7074054425849686 0.35720273580942424 -0.6099047018440072
vn -0.7074054425849686 0.35720273580942424 -0.6099047018440072
vn -0.692077513723821 0.3567884246860295 0.6274796689996542
vn -0.6909773924877397 0 0.7228763677634261
vn -0.6907729443133955 0.000399984299261822 0.7230716281373257
vn -0.7041944368602187 0.6185950727551224 -0.3484972468445112
vn -0.7074054425849686 0.35720273580942424 -0.6099047018440072
vn -0.7041944368602187 0.6185950727551224 -0.3484972468445112
vn -0.6921089549678375 0.3572046293909027 0.6272081370606057
vn -0.692077513723821 0.3567884246860295 0.6274796689996542
vn -0.6907729443133955 0.000399984299261822 0.7230716281373257
vn -0.6997935721276026 0.7142933555385521 0.008599921067379189
vn -0.7041944368602187 0.6185950727551224 -0.3484972468445112
vn -0.7041944368602187 0.6185950727551224 -0.3484972468445112
vn -0.6953802747225131 0.6185824312746611 0.3657896242995029
vn -0.692077513723821 0.3567884246860295 0.6274796689996542
vn -0.6921089549678375 0.3572046293909027 0.6272081370606057
vn -0.6997935721276026 0.7142933555385521 0.008599921067379189
vn -0.7041944368602187 0.6185950727551224 -0.3484972468445112
vn -0.6997935721276026 0.7142933555385521 0.008599921067379189
vn -0.692077513723821 0.3567884246860295 0.6274796689996542
vn -0.6953802747225131 0.6185824312746611 0.3657896242995029
vn -0.6953802747225131 0.6185824312746611 0.3657896242995029
vn -0.6997935721276026 0.7142933555385521 0.008599921067379189
vn -0.6953802747225131 0.6185824312746611 0.3657896242995029
vn -0.6953802747225131 0.6185824312746611 0.3657896242995029
vn -0.6953802747225131 0.6185824312746611 0.3657896242995029
vn -0.6997935721276026 0.7142933555385521 0.008599921067379189
vn -0.6997935721276026 0.7142933555385521 0.008599921067379189
vn 0.34689747763829776 0.9378931976914012 -0.004299968881850641
vn 0.34689747763829776 0.9378931976914012 -0.004299968881850641
vn 0.3910045342731648 0.8525098599252563 0.346904011086706
vn 0.382398660880462 0.8524970321500925 -0.3563987574783525
vn 0.34689747763829776 0.9378931976914012 -0.004299968881850641
vn 0.34689747763829776 0.9378931976914012 -0.004299968881850641
vn 0.34689747763829776 0.9378931976914012 -0.004299968881850641
vn 0.3910045342731648 0.8525098599252563 0.346904011086706
vn 0.3910045342731648 0.8525098599252563 0.346904011086706
vn 0.34689747763829776 0.9378931976914012 -0.004299968881850641
vn 0.382398660880462 0.8524970321500925 -0.3563987574783525
vn 0.382398660880462 0.8524970321500925 -0.3563987574783525
vn 0.3910045342731648 0.8525098599252563 0.346904011086706
vn 0.5030244574902759 0.6191300732609899 0.6030293090310411
vn 0.3910045342731648 0.8525098599252563 0.346904011086706
vn 0.48802445561954433 0.6191309845650828 -0.6152308141410983
vn 0.382398660880462 0.8524970321500925 -0.3563987574783525
vn 0.382398660880462 0.8524970321500925 -0.3563987574783525
vn 0.5030244574902759 0.6191300732609899 0.6030293090310411
vn 0.5030244574902759 0.6191300732609899 0.6030293090310411
vn 0.3910045342731648 0.8525098599252563 0.346904011086706
vn 0.382398660880462 0.8524970321500925 -0.3563987574783525
vn 0.48802445561954433 0.6191309845650828 -0.6152308141410983
vn 0.48802445561954433 0.6191309845650828 -0.6152308141410983
vn 0.6528100861932672 0.3004046033960258 0.6954107172188358
vn 0.5030244574902759 0.6191300732609899 0.6030293090310411
vn 0.5030244574902759 0.6191300732609899 0.6030293090310411
vn 0.48802445561954433 0.6191309845650828 -0.6152308141410983
vn 0.6354847027256108 0.30039275037181884 -0.7112829170771616
vn 0.48802445561954433 0.6191309845650828 -0.6152308141410983
vn 0.5030244574902759 0.6191300732609899 0.6030293090310411
vn 0.6528100861932672 0.3004046033960258 0.6954107172188358
vn 0.6528100861932672 0.3004046033960258 0.6954107172188358
vn 0.6354847027256108 0.30039275037181884 -0.7112829170771616
vn 0.48802445561954433 0.6191309845650828 -0.6152308141410983
vn 0.6353747860653338 0.300888062279111 -0.7111717480400589
vn 0.6528100861932672 0.3004046033960258 0.6954107172188358
vn 0.6528100861932672 0.3004046033960258 0.6954107172188358
vn 0.8002603907189136 -0.01839909016591314 0.5993703200255067
vn 0.7852717751605645 -0.018399339435411072 -0.618877777468634
vn 0.6354847027256108 0.30039275037181884 -0.7112829170771616
vn 0.6353747860653338 0.300888062279111 -0.7111717480400589
vn 0.6528100861932672 0.3004046033960258 0.6954107172188358
vn 0.8002603907189136 -0.01839909016591314 0.5993703200255067
vn 0.8002603907189136 -0.01839909016591314 0.5993703200255067
vn 0.6354847027256108 0.30039275037181884 -0.7112829170771616
vn 0.7852717751605645 -0.018399339435411072 -0.618877777468634
vn 0.7849195427059336 -0.01870046514899152 -0.6193154318128361
vn 0.8002603907189136 -0.01839909016591314 0.5993703200255067
vn 0.9058927223809955 -0.2516979852680354 0.3405972691451893
vn 0.8002603907189136 -0.01839909016591314 0.5993703200255067
vn 0.8972248630097638 -0.25170699309208533 -0.3628100533690479
vn 0.7849195427059336 -0.01870046514899152 -0.6193154318128361
vn 0.7852717751605645 -0.018399339435411072 -0.618877777468634
vn 0.9058927223809955 -0.2516979852680354 0.3405972691451893
vn 0.9058927223809955 -0.2516979852680354 0.3405972691451893
vn 0.8002603907189136 -0.01839909016591314 0.5993703200255067
vn 0.7849195427059336 -0.01870046514899152 -0.6193154318128361
vn 0.8972248630097638 -0.25170699309208533 -0.3628100533690479
vn 0.8972248630097638 -0.25170699309208533 -0.3628100533690479
vn 0.9058927223809955 -0.2516979852680354 0.3405972691451893
vn 0.9413976794103001 -0.3370991691929294 -0.011599971135247663
vn 0.9058927223809955 -0.2516979852680354 0.3405972691451893
vn 0.9413976794103001 -0.3370991691929294 -0.011599971135247663
vn 0.8972248630097638 -0.25170699309208533 -0.3628100533690479
vn 0.8972248630097638 -0.25170699309208533 -0.3628100533690479
vn 0.9413976794103001 -0.3370991691929294 -0.011599971135247663
vn 0.9058927223809955 -0.2516979852680354 0.3405972691451893
vn 0.9413976794103001 -0.3370991691929294 -0.011599971135247663
vn 0.8972248630097638 -0.25170699309208533 -0.3628100533690479
vn 0.9413976794103001 -0.3370991691929294 -0.011599971135247663
vn 0.9413976794103001 -0.3370991691929294 -0.011599971135247663
vn 0.8932579637534136 -0.2604877616254551 -0.3663827728407346
vn 0.9378712935006781 -0.3467893958271627 -0.011599645218548917
vn 0.9378712935006781 -0.3467893958271627 -0.011599645218548917
vn 0.9020280166594318 -0.2605080880808833 0.34421068142330297
vn 0.9378712935006781 -0.3467893958271627 -0.011599645218548917
vn 0.9378712935006781 -0.3467893958271627 -0.011599645218548917
vn 0.9378712935006781 -0.3467893958271627 -0.011599645218548917
vn 0.8932579637534136 -0.2604877616254551 -0.3663827728407346
vn 0.8932579637534136 -0.2604877616254551 -0.3663827728407346
vn 0.9378712935006781 -0.3467893958271627 -0.011599645218548917
vn 0.9020280166594318 -0.2605080880808833 0.34421068142330297
vn 0.9020280166594318 -0.2605080880808833 0.34421068142330297
vn 0.7803161738424951 -0.02430050260733812 -0.6249129174635772
vn 0.8932579637534136 -0.2604877616254551 -0.3663827728407346
vn 0.8932579637534136 -0.2604877616254551 -0.3663827728407346
vn 0.9020280166594318 -0.2605080880808833 0.34421068142330297
vn 0.7953060817482224 -0.02470018886048146 0.6057046615344367
vn 0.9020280166594318 -0.2605080880808833 0.34421068142330297
vn 0.8932579637534136 -0.2604877616254551 -0.3663827728407346
vn 0.7803161738424951 -0.02430050260733812 -0.6249129174635772
vn 0.780132708161173 -0.024701036425066745 -0.6251262404159992
vn 0.7953060817482224 -0.02470018886048146 0.6057046615344367
vn 0.9020280166594318 -0.2605080880808833 0.34421068142330297
vn 0.7953060817482224 -0.02470018886048146 0.6057046615344367
vn 0.628794002682745 0.2972971741334846 -0.7184932097399784
vn 0.780132708161173 -0.024701036425066745 -0.6251262404159992
vn 0.7803161738424951 -0.02430050260733812 -0.6249129174635772
vn 0.7953060817482224 -0.02470018886048146 0.6057046615344367
vn 0.6462939408106156 0.29729721072058424 0.7027933626388663
vn 0.7953060817482224 -0.02470018886048146 0.6057046615344367
vn 0.780132708161173 -0.024701036425066745 -0.6251262404159992
vn 0.628794002682745 0.2972971741334846 -0.7184932097399784
vn 0.628794002682745 0.2972971741334846 -0.7184932097399784
vn 0.6462939408106156 0.29729721072058424 0.7027933626388663
vn 0.7953060817482224 -0.02470018886048146 0.6057046615344367
vn 0.6462939408106156 0.29729721072058424 0.7027933626388663
vn 0.4797994060402633 0.6193992915997517 -0.6213992657938504
vn 0.628794002682745 0.2972971741334846 -0.7184932097399784
vn 0.628794002682745 0.2972971741334846 -0.7184932097399784
vn 0.4949876873372684 0.6193846350638507 0.6093848235978011
vn 0.6462939408106156 0.29729721072058424 0.7027933626388663
vn 0.6462939408106156 0.29729721072058424 0.7027933626388663
vn 0.628794002682745 0.2972971741334846 -0.7184932097399784
vn 0.4797994060402633 0.6193992915997517 -0.6213992657938504
vn 0.4797994060402633 0.6193992915997517 -0.6213992657938504
vn 0.6462939408106156 0.29729721072058424 0.7027933626388663
vn 0.4949876873372684 0.6193846350638507 0.6093848235978011
vn 0.4949876873372684 0.6193846350638507 0.6093848235978011
vn 0.37310009930648735 0.8551001488231766 -0.36000007136120177
vn 0.4797994060402633 0.6193992915997517 -0.6213992657938504
vn 0.4797994060402633 0.6193992915997517 -0.6213992657938504
vn 0.38180806265824363 0.8551180742166039 0.3507074028834369
vn 0.4949876873372684 0.6193846350638507 0.6093848235978011
vn 0.4949876873372684 0.6193846350638507 0.6093848235978011
vn 0.4797994060402633 0.6193992915997517 -0.6213992657938504
vn 0.37310009930648735 0.8551001488231766 -0.36000007136120177
vn 0.37310009930648735 0.8551001488231766 -0.36000007136120177
vn 0.4949876873372684 0.6193846350638507 0.6093848235978011
vn 0.38180806265824363 0.8551180742166039 0.3507074028834369
vn 0.38180806265824363 0.8551180742166039 0.3507074028834369
vn 0.3372074989598365 0.9414209801464943 -0.0042000934829579
vn 0.37310009930648735 0.8551001488231766 -0.36000007136120177
vn 0.37310009930648735 0.8551001488231766 -0.36000007136120177
vn 0.38180806265824363 0.8551180742166039 0.3507074028834369
vn 0.3372074989598365 0.9414209801464943 -0.0042000934829579
vn 0.38180806265824363 0.8551180742166039 0.3507074028834369
vn 0.37310009930648735 0.8551001488231766 -0.36000007136120177
vn 0.3372074989598365 0.9414209801464943 -0.0042000934829579
vn 0.3372074989598365 0.9414209801464943 -0.0042000934829579
vn 0.3372074989598365 0.9414209801464943 -0.0042000934829579
vn 0.38180806265824363 0.8551180742166039 0.3507074028834369
vn 0.3372074989598365 0.9414209801464943 -0.0042000934829579
vn -0.7144900496267956 0.6995902594734733 0.008799876938775287
vn -0.7102100921535972 0.6058085622542438 0.3586050904583266
vn -0.7102100921535972 0.6058085622542438 0.3586050904583266
vn -0.7070204503640769 0.34981008810226105 0.6146177552177177
vn -0.7102100921535972 0.6058085622542438 0.3586050904583266
vn -0.7102100921535972 0.6058085622542438 0.3586050904583266
vn -0.7102100921535972 0.6058085622542438 0.3586050904583266
vn -0.7144900496267956 0.6995902594734733 0.008799876938775287
vn -0.7144900496267956 0.6995902594734733 0.008799876938775287
vn -0.7070204503640769 0.34981008810226105 0.6146177552177177
vn -0.7102100921535972 0.6058085622542438 0.3586050904583266
vn -0.7070204503640769 0.34981008810226105 0.6146177552177177
vn -0.7188431630533195 0.60583639228632 -0.3409204785767419
vn -0.7144900496267956 0.6995902594734733 0.008799876938775287
vn -0.7144900496267956 0.6995902594734733 0.008799876938775287
vn -0.7059057425922238 0 0.7083057832428877
vn -0.7070204503640769 0.34981008810226105 0.6146177552177177
vn -0.7070204503640769 0.34981008810226105 0.6146177552177177
vn -0.7188431630533195 0.60583639228632 -0.3409204785767419
vn -0.7144900496267956 0.6995902594734733 0.008799876938775287
vn -0.7188186733007672 0.605815716011669 -0.3410088461424333
vn -0.7070204503640769 0.34981008810226105 0.6146177552177177
vn -0.7059057425922238 0 0.7083057832428877
vn -0.7059057425922238 0 0.7083057832428877
vn -0.7188186733007672 0.605815716011669 -0.3410088461424333
vn -0.7219808702764829 0.3497907223770895 -0.5969841484442667
vn -0.7188431630533195 0.60583639228632 -0.3409204785767419
vn -0.7070204503640769 -0.34981008810226105 0.6146177552177177
vn -0.7059057425922238 0 0.7083057832428877
vn -0.7059057425922238 0 0.7083057832428877
vn -0.7219808702764829 0.3497907223770895 -0.5969841484442667
vn -0.7188186733007672 0.605815716011669 -0.3410088461424333
vn -0.7219808702764829 0.3497907223770895 -0.5969841484442667
vn -0.7059057425922238 0 0.7083057832428877
vn -0.7070204503640769 -0.34981008810226105 0.6146177552177177
vn -0.7070204503640769 -0.34981008810226105 0.6146177552177177
vn -0.7231216557841154 0 -0.6907206895236593
vn -0.7219808702764829 0.3497907223770895 -0.5969841484442667
vn -0.7219808702764829 0.3497907223770895 -0.5969841484442667
vn -0.7102100921535972 -0.6058085622542438 0.3586050904583266
vn -0.7070204503640769 -0.34981008810226105 0.6146177552177177
vn -0.7070204503640769 -0.34981008810226105 0.6146177552177177
vn -0.7219808702764829 0.3497907223770895 -0.5969841484442667
vn -0.7231216557841154 0 -0.6907206895236593
vn -0.7231216557841154 0 -0.6907206895236593
vn -0.7070204503640769 -0.34981008810226105 0.6146177552177177
vn -0.7102100921535972 -0.6058085622542438 0.3586050904583266
vn -0.7102100921535972 -0.6058085622542438 0.3586050904583266
vn -0.7231216557841154 0 -0.6907206895236593
vn -0.7219808702764829 -0.3497907223770895 -0.5969841484442667
vn -0.7231216557841154 0 -0.6907206895236593
vn -0.7144900496267956 -0.6995902594734733 0.008799876938775287
vn -0.7102100921535972 -0.6058085622542438 0.3586050904583266
vn -0.7102100921535972 -0.6058085622542438 0.3586050904583266
vn -0.7231216557841154 0 -0.6907206895236593
vn -0.7219808702764829 -0.3497907223770895 -0.5969841484442667
vn -0.7219808702764829 -0.3497907223770895 -0.5969841484442667
vn -0.7102100921535972 -0.6058085622542438 0.3586050904583266
vn -0.7144900496267956 -0.6995902594734733 0.008799876938775287
vn -0.7144900496267956 -0.6995902594734733 0.008799876938775287
vn -0.7188186733007672 -0.605815716011669 -0.3410088461424333
vn -0.7219808702764829 -0.3497907223770895 -0.5969841484442667
vn -0.7219808702764829 -0.3497907223770895 -0.5969841484442667
vn -0.7144900496267956 -0.6995902594734733 0.008799876938775287
vn -0.7188431630533195 -0.60583639228632 -0.3409204785767419
vn -0.7144900496267956 -0.6995902594734733 0.008799876938775287
vn -0.7188186733007672 -0.605815716011669 -0.3410088461424333
vn -0.7219808702764829 -0.3497907223770895 -0.5969841484442667
vn -0.7188431630533195 -0.60583639228632 -0.3409204785767419
vn -0.7188431630533195 -0.60583639228632 -0.3409204785767419
vn -0.7144900496267956 -0.6995902594734733 0.008799876938775287
vn -0.7188186733007672 -0.605815716011669 -0.3410088461424333
vn -0.6997935721276026 -0.7142933555385521 0.008599921067379189
vn -0.7041944368602187 -0.6185950727551224 -0.3484972468445112
vn -0.7041139048714856 -0.618512216928323 -0.3488068899506424
vn -0.7041944368602187 -0.6185950727551224 -0.3484972468445112
vn -0.6997935721276026 -0.7142933555385521 0.008599921067379189
vn -0.6997935721276026 -0.7142933555385521 0.008599921067379189
vn -0.7073623072406161 -0.35718095961211993 -0.6099674814166717
vn -0.7041139048714856 -0.618512216928323 -0.3488068899506424
vn -0.7041944368602187 -0.6185950727551224 -0.3484972468445112
vn -0.6953802747225131 -0.6185824312746611 0.3657896242995029
vn -0.6997935721276026 -0.7142933555385521 0.008599921067379189
vn -0.6997935721276026 -0.7142933555385521 0.008599921067379189
vn -0.7041139048714856 -0.618512216928323 -0.3488068899506424
vn -0.7073623072406161 -0.35718095961211993 -0.6099674814166717
vn -0.7073623072406161 -0.35718095961211993 -0.6099674814166717
vn -0.6953802747225131 -0.6185824312746611 0.3657896242995029
vn -0.6953802747225131 -0.6185824312746611 0.3657896242995029
vn -0.6997935721276026 -0.7142933555385521 0.008599921067379189
vn -0.7073623072406161 -0.35718095961211993 -0.6099674814166717
vn -0.7073623072406161 -0.35718095961211993 -0.6099674814166717
vn -0.7086051709249875 0 -0.7056052095459395
vn -0.6953802747225131 -0.6185824312746611 0.3657896242995029
vn -0.6921089549678375 -0.3572046293909027 0.6272081370606057
vn -0.6953802747225131 -0.6185824312746611 0.3657896242995029
vn -0.7073623072406161 -0.35718095961211993 -0.6099674814166717
vn -0.7087049364316993 0.00030000210464801644 -0.7055049419217971
vn -0.7086051709249875 0 -0.7056052095459395
vn -0.6921089549678375 -0.3572046293909027 0.6272081370606057
vn -0.6953802747225131 -0.6185824312746611 0.3657896242995029
vn -0.6921089549678375 -0.3572046293909027 0.6272081370606057
vn -0.7073623072406161 0.35718095961211993 -0.6099674814166717
vn -0.7086051709249875 0 -0.7056052095459395
vn -0.7087049364316993 0.00030000210464801644 -0.7055049419217971
vn -0.6909773924877397 0 0.7228763677634261
vn -0.6921089549678375 -0.3572046293909027 0.6272081370606057
vn -0.6921089549678375 -0.3572046293909027 0.6272081370606057
vn -0.7086051709249875 0 -0.7056052095459395
vn -0.7073623072406161 0.35718095961211993 -0.6099674814166717
vn -0.7073623072406161 0.35718095961211993 -0.6099674814166717
vn -0.6921089549678375 -0.3572046293909027 0.6272081370606057
vn -0.6909773924877397 0 0.7228763677634261
vn -0.6907729443133955 0.000399984299261822 0.7230716281373257
vn -0.7041944368602187 0.6185950727551224 -0.3484972468445112
vn -0.7073623072406161 0.35718095961211993 -0.6099674814166717
vn -0.7073623072406161 0.35718095961211993 -0.6099674814166717
vn -0.6921089549678375 0.3572046293909027 0.6272081370606057
vn -0.6907729443133955 0.000399984299261822 0.7230716281373257
vn -0.6909773924877397 0 0.7228763677634261
vn -0.7041944368602187 0.6185950727551224 -0.3484972468445112
vn -0.7073623072406161 0.35718095961211993 -0.6099674814166717
vn -0.7041944368602187 0.6185950727551224 -0.3484972468445112
vn -0.6921089549678375 0.3572046293909027 0.6272081370606057
vn -0.6921089549678375 0.3572046293909027 0.6272081370606057
vn -0.6909773924877397 0 0.7228763677634261
vn -0.6997935721276026 0.7142933555385521 0.008599921067379189
vn -0.7041944368602187 0.6185950727551224 -0.3484972468445112
vn -0.7041944368602187 0.6185950727551224 -0.3484972468445112
vn -0.6953802747225131 0.6185824312746611 0.3657896242995029
vn -0.6921089549678375 0.3572046293909027 0.6272081370606057
vn -0.6921089549678375 0.3572046293909027 0.6272081370606057
vn -0.6997935721276026 0.7142933555385521 0.008599921067379189
vn -0.7041944368602187 0.6185950727551224 -0.3484972468445112
vn -0.6997935721276026 0.7142933555385521 0.008599921067379189
vn -0.6921089549678375 0.3572046293909027 0.6272081370606057
vn -0.6953802747225131 0.6185824312746611 0.3657896242995029
vn -0.6953802747225131 0.6185824312746611 0.3657896242995029
vn -0.6997935721276026 0.7142933555385521 0.008599921067379189
vn -0.6953802747225131 0.6185824312746611 0.3657896242995029
vn -0.6953802747225131 0.6185824312746611 0.3657896242995029
vn -0.6953802747225131 0.6185824312746611 0.3657896242995029
vn -0.6997935721276026 0.7142933555385521 0.008599921067379189
vn -0.6997935721276026 0.7142933555385521 0.008599921067379189
vn -0.7144900496267956 0.6995902594734733 0.008799876938775287
vn -0.7102100921535972 0.6058085622542438 0.3586050904583266
vn -0.7102100921535972 0.6058085622542438 0.3586050904583266
vn -0.7070204503640769 0.34981008810226105 0.6146177552177177
vn -0.7102100921535972 0.6058085622542438 0.3586050904583266
vn -0.7102100921535972 0.6058085622542438 0.3586050904583266
vn -0.7102100921535972 0.6058085622542438 0.3586050904583266
vn -0.7144900496267956 0.6995902594734733 0.008799876938775287
vn -0.7144900496267956 0.6995902594734733 0.008799876938775287
vn -0.7102100921535972 0.6058085622542438 0.3586050904583266
vn -0.7070204503640769 0.34981008810226105 0.6146177552177177
vn -0.7070204503640769 0.34981008810226105 0.6146177552177177
vn -0.7188186733007672 0.605815716011669 -0.3410088461424333
vn -0.7144900496267956 0.6995902594734733 0.008799876938775287
vn -0.7144900496267956 0.6995902594734733 0.008799876938775287
vn -0.7062060808172329 0.0006000052068728183 0.7080060814784827
vn -0.7070204503640769 0.34981008810226105 0.6146177552177177
vn -0.7070204503640769 0.34981008810226105 0.6146177552177177
vn -0.7144900496267956 0.6995902594734733 0.008799876938775287
vn -0.7188186733007672 0.605815716011669 -0.3410088461424333
vn -0.7188431630533195 0.60583639228632 -0.3409204785767419
vn -0.7070204503640769 0.34981008810226105 0.6146177552177177
vn -0.7062060808172329 0.0006000052068728183 0.7080060814784827
vn -0.7062060808172329 0.0006000052068728183 0.7080060814784827
vn -0.7188186733007672 0.605815716011669 -0.3410088461424333
vn -0.7219808702764829 0.3497907223770895 -0.5969841484442667
vn -0.7188431630533195 0.60583639228632 -0.3409204785767419
vn -0.7062060808172329 0.0006000052068728183 0.7080060814784827
vn -0.7070204503640769 -0.34981008810226105 0.6146177552177177
vn -0.7062060808172329 0.0006000052068728183 0.7080060814784827
vn -0.7219808702764829 0.3497907223770895 -0.5969841484442667
vn -0.7188186733007672 0.605815716011669 -0.3410088461424333
vn -0.7221074880275397 0.3500036088412133 -0.5967061668297752
vn -0.7062060808172329 0.0006000052068728183 0.7080060814784827
vn -0.7070204503640769 -0.34981008810226105 0.6146177552177177
vn -0.7070204503640769 -0.34981008810226105 0.6146177552177177
vn -0.7232192265325358 0.000500013302467256 -0.690618346382702
vn -0.7219808702764829 0.3497907223770895 -0.5969841484442667
vn -0.7221074880275397 0.3500036088412133 -0.5967061668297752
vn -0.7102100921535972 -0.6058085622542438 0.3586050904583266
vn -0.7070204503640769 -0.34981008810226105 0.6146177552177177
vn -0.7070204503640769 -0.34981008810226105 0.6146177552177177
vn -0.7219808702764829 0.3497907223770895 -0.5969841484442667
vn -0.7232192265325358 0.000500013302467256 -0.690618346382702
vn -0.7232669467538064 0.00039998170581194496 -0.6905684352387252
vn -0.7070204503640769 -0.34981008810226105 0.6146177552177177
vn -0.7102100921535972 -0.6058085622542438 0.3586050904583266
vn -0.7102100921535972 -0.6058085622542438 0.3586050904583266
vn -0.7219808702764829 -0.3497907223770895 -0.5969841484442667
vn -0.7232669467538064 0.00039998170581194496 -0.6905684352387252
vn -0.7232192265325358 0.000500013302467256 -0.690618346382702
vn -0.7144900496267956 -0.6995902594734733 0.008799876938775287
vn -0.7102100921535972 -0.6058085622542438 0.3586050904583266
vn -0.7102100921535972 -0.6058085622542438 0.3586050904583266
vn -0.7232669467538064 0.00039998170581194496 -0.6905684352387252
vn -0.7219808702764829 -0.3497907223770895 -0.5969841484442667
vn -0.7219808702764829 -0.3497907223770895 -0.5969841484442667
vn -0.7144900496267956 -0.6995902594734733 0.008799876938775287
vn -0.7102100921535972 -0.6058085622542438 0.3586050904583266
vn -0.7144900496267956 -0.6995902594734733 0.008799876938775287
vn -0.7188186733007672 -0.605815716011669 -0.3410088461424333
vn -0.7219808702764829 -0.3497907223770895 -0.5969841484442667
vn -0.7219808702764829 -0.3497907223770895 -0.5969841484442667
vn -0.7144900496267956 -0.6995902594734733 0.008799876938775287
vn -0.7188186733007672 -0.605815716011669 -0.3410088461424333
vn -0.7144900496267956 -0.6995902594734733 0.008799876938775287
vn -0.7219808702764829 -0.3497907223770895 -0.5969841484442667
vn -0.7188186733007672 -0.605815716011669 -0.3410088461424333
vn -0.7188431630533195 -0.60583639228632 -0.3409204785767419
vn -0.7188186733007672 -0.605815716011669 -0.3410088461424333
vn -0.7144900496267956 -0.6995902594734733 0.008799876938775287
vn -0.7188431630533195 -0.60583639228632 -0.3409204785767419
vn -0.6997935721276026 -0.7142933555385521 0.008599921067379189
vn -0.7041944368602187 -0.6185950727551224 -0.3484972468445112
vn -0.7041944368602187 -0.6185950727551224 -0.3484972468445112
vn -0.7041944368602187 -0.6185950727551224 -0.3484972468445112
vn -0.6997935721276026 -0.7142933555385521 0.008599921067379189
vn -0.6997935721276026 -0.7142933555385521 0.008599921067379189
vn -0.7074054425849686 -0.35720273580942424 -0.6099047018440072
vn -0.7041944368602187 -0.6185950727551224 -0.3484972468445112
vn -0.7041944368602187 -0.6185950727551224 -0.3484972468445112
vn -0.6953802747225131 -0.6185824312746611 0.3657896242995029
vn -0.6997935721276026 -0.7142933555385521 0.008599921067379189
vn -0.6997935721276026 -0.7142933555385521 0.008599921067379189
vn -0.7041944368602187 -0.6185950727551224 -0.3484972468445112
vn -0.7074054425849686 -0.35720273580942424 -0.6099047018440072
vn -0.7074054425849686 -0.35720273580942424 -0.6099047018440072
vn -0.6953802747225131 -0.6185824312746611 0.3657896242995029
vn -0.6953802747225131 -0.6185824312746611 0.3657896242995029
vn -0.6997935721276026 -0.7142933555385521 0.008599921067379189
vn -0.7074054425849686 -0.35720273580942424 -0.6099047018440072
vn -0.7074054425849686 -0.35720273580942424 -0.6099047018440072
vn -0.7086051709249875 0 -0.7056052095459395
vn -0.6953802747225131 -0.6185824312746611 0.3657896242995029
vn -0.6921089549678375 -0.3572046293909027 0.6272081370606057
vn -0.6953802747225131 -0.6185824312746611 0.3657896242995029
vn -0.7074054425849686 -0.35720273580942424 -0.6099047018440072
vn -0.7086051709249875 0 -0.7056052095459395
vn -0.7086051709249875 0 -0.7056052095459395
vn -0.6921089549678375 -0.3572046293909027 0.6272081370606057
vn -0.6953802747225131 -0.6185824312746611 0.3657896242995029
vn -0.6921089549678375 -0.3572046293909027 0.6272081370606057
vn -0.7074054425849686 0.35720273580942424 -0.6099047018440072
vn -0.7086051709249875 0 -0.7056052095459395
vn -0.7086051709249875 0 -0.7056052095459395
vn -0.6909773924877397 0 0.7228763677634261
vn -0.6921089549678375 -0.3572046293909027 0.6272081370606057
vn -0.6921089549678375 -0.3572046293909027 0.6272081370606057
vn -0.7086051709249875 0 -0.7056052095459395
vn -0.7074054425849686 0.35720273580942424 -0.6099047018440072
vn -0.7074054425849686 0.35720273580942424 -0.6099047018440072
vn -0.6921089549678375 -0.3572046293909027 0.6272081370606057
vn -0.6909773924877397 0 0.7228763677634261
vn -0.6909773924877397 0 0.7228763677634261
vn -0.7041272569651822 0.6183239860325881 -0.34911352637137966
vn -0.7074054425849686 0.35720273580942424 -0.6099047018440072
vn -0.7074054425849686 0.35720273580942424 -0.6099047018440072
vn -0.6921089549678375 0.3572046293909027 0.6272081370606057
vn -0.6909773924877397 0 0.7228763677634261
vn -0.6909773924877397 0 0.7228763677634261
vn -0.7041272569651822 0.6183239860325881 -0.34911352637137966
vn -0.7074054425849686 0.35720273580942424 -0.6099047018440072
vn -0.7041944368602187 0.6185950727551224 -0.3484972468445112
vn -0.6921089549678375 0.3572046293909027 0.6272081370606057
vn -0.6921089549678375 0.3572046293909027 0.6272081370606057
vn -0.6909773924877397 0 0.7228763677634261
vn -0.6997935721276026 0.7142933555385521 0.008599921067379189
vn -0.7041272569651822 0.6183239860325881 -0.34911352637137966
vn -0.7041944368602187 0.6185950727551224 -0.3484972468445112
vn -0.6953802747225131 0.6185824312746611 0.3657896242995029
vn -0.6921089549678375 0.3572046293909027 0.6272081370606057
vn -0.6921089549678375 0.3572046293909027 0.6272081370606057
vn -0.6997935721276026 0.7142933555385521 0.008599921067379189
vn -0.7041944368602187 0.6185950727551224 -0.3484972468445112
vn -0.6997935721276026 0.7142933555385521 0.008599921067379189
vn -0.6921089549678375 0.3572046293909027 0.6272081370606057
vn -0.6953802747225131 0.6185824312746611 0.3657896242995029
vn -0.6953802747225131 0.6185824312746611 0.3657896242995029
vn -0.6997935721276026 0.7142933555385521 0.008599921067379189
vn -0.6953802747225131 0.6185824312746611 0.3657896242995029
vn -0.6953802747225131 0.6185824312746611 0.3657896242995029
vn -0.6953802747225131 0.6185824312746611 0.3657896242995029
vn -0.6997935721276026 0.7142933555385521 0.008599921067379189
vn -0.6997935721276026 0.7142933555385521 0.008599921067379189
vn 0.5806617763318721 -0.5260653519799023 -0.6213591127145206
vn 0.5184009808674437 -0.5803010617591695 -0.6281011867182332
vn 0.5782102529676556 -0.5281093883998845 -0.6219110685998278
vn 0.5184009808674437 -0.5803010617591695 -0.6281011867182332
vn 0.5806617763318721 -0.5260653519799023 -0.6213591127145206
vn 0.5190956025643415 -0.5797951254002384 -0.6279947196915632
vn 0.5782102529676556 -0.5281093883998845 -0.6219110685998278
vn 0.6979355265316349 -0.3997203437901086 -0.5942302984242108
vn 0.5806617763318721 -0.5260653519799023 -0.6213591127145206
vn 0.5190956025643415 -0.5797951254002384 -0.6279947196915632
vn 0.42200705821175666 -0.6521109406259237 -0.6298105778211667
vn 0.5184009808674437 -0.5803010617591695 -0.6281011867182332
vn 0.6979355265316349 -0.3997203437901086 -0.5942302984242108
vn 0.5782102529676556 -0.5281093883998845 -0.6219110685998278
vn 0.6896060163517884 -0.4102036091249651 -0.5968052791926941
vn 0.42200705821175666 -0.6521109406259237 -0.6298105778211667
vn 0.5190956025643415 -0.5797951254002384 -0.6279947196915632
vn 0.42178763666258623 -0.6522808935007883 -0.6297815696988943
vn 0.6896060163517884 -0.4102036091249651 -0.5968052791926941
vn 0.7940061121510988 -0.26210200882763046 -0.5485041757682592
vn 0.6979355265316349 -0.3997203437901086 -0.5942302984242108
vn 0.7940061121510988 -0.26210200882763046 -0.5485041757682592
vn 0.6896060163517884 -0.4102036091249651 -0.5968052791926941
vn 0.7925938951824271 -0.26449796517161434 -0.5493957988004853
vn 0.7940061121510988 -0.26210200882763046 -0.5485041757682592
vn 0.7925938951824271 -0.26449796517161434 -0.5493957988004853
vn 0.8081729436679949 -0.23739205373070993 -0.538981916160945
vn 0.23530316507931043 -0.7564101269031751 -0.6103082339457506
vn 0.42200705821175666 -0.6521109406259237 -0.6298105778211667
vn 0.42178763666258623 -0.6522808935007883 -0.6297815696988943
vn 0.42200705821175666 -0.6521109406259237 -0.6298105778211667
vn 0.23530316507931043 -0.7564101269031751 -0.6103082339457506
vn 0.2443008136402156 -0.7525025045758958 -0.6116020708448692
vn -0.08580335753776938 -0.8498332877699164 -0.5200203523261564
vn 0.2443008136402156 -0.7525025045758958 -0.6116020708448692
vn 0.23530316507931043 -0.7564101269031751 -0.6103082339457506
vn 0.2443008136402156 -0.7525025045758958 -0.6116020708448692
vn -0.08580335753776938 -0.8498332877699164 -0.5200203523261564
vn -0.048402503819284064 -0.8441436410460841 -0.5339276270296229
vn -0.048402503819284064 -0.8441436410460841 -0.5339276270296229
vn -0.08580335753776938 -0.8498332877699164 -0.5200203523261564
vn -0.4243835778815647 -0.8350676839030848 -0.3500864780667475
vn 0.5337181785336654 -0.580319772883607 0.6151210182582167
vn 0.5960334031799364 -0.5258294421964693 0.6068340629967084
vn 0.5938045880462623 -0.5278040679534325 0.6073046822370276
vn 0.5938045880462623 -0.5278040679534325 0.6073046822370276
vn 0.5960334031799364 -0.5258294421964693 0.6068340629967084
vn 0.7125905861943053 -0.39969471712646293 0.5765923946502012
vn 0.5960334031799364 -0.5258294421964693 0.6068340629967084
vn 0.5337181785336654 -0.580319772883607 0.6151210182582167
vn 0.5344062899197202 -0.5798068485951834 0.6150072646858429
vn 0.7125905861943053 -0.39969471712646293 0.5765923946502012
vn 0.704074334159909 -0.4101850454417375 0.579678842526826
vn 0.5938045880462623 -0.5278040679534325 0.6073046822370276
vn 0.4372151714102071 -0.6524226549181996 0.6190214642790921
vn 0.5344062899197202 -0.5798068485951834 0.6150072646858429
vn 0.5337181785336654 -0.580319772883607 0.6151210182582167
vn 0.704074334159909 -0.4101850454417375 0.579678842526826
vn 0.7125905861943053 -0.39969471712646293 0.5765923946502012
vn 0.8072761138583927 -0.2620922573559738 0.5287843838728044
vn 0.704074334159909 -0.4101850454417375 0.579678842526826
vn 0.8072761138583927 -0.2620922573559738 0.5287843838728044
vn 0.8059144011083812 -0.26440474361466987 0.5297094577597987
vn 0.8059144011083812 -0.26440474361466987 0.5297094577597987
vn 0.8072761138583927 -0.2620922573559738 0.5287843838728044
vn 0.8212060033550153 -0.23740171522521125 0.5189037730271484
vn 0.4372151714102071 -0.6524226549181996 0.6190214642790921
vn 0.4371895688557289 -0.6522844282283174 0.6191851948929324
vn 0.5344062899197202 -0.5798068485951834 0.6150072646858429
vn 0.4372151714102071 -0.6524226549181996 0.6190214642790921
vn 0.2503038108922668 -0.7564115110103282 0.6043092157694441
vn 0.4371895688557289 -0.6522844282283174 0.6191851948929324
vn 0.2503038108922668 -0.7564115110103282 0.6043092157694441
vn 0.4372151714102071 -0.6524226549181996 0.6190214642790921
vn 0.2587824514582476 -0.7525490073886703 0.6055589437004354
vn 0.2587824514582476 -0.7525490073886703 0.6055589437004354
vn -0.07300098326684429 -0.8498114447930916 0.5220070543017139
vn 0.2503038108922668 -0.7564115110103282 0.6043092157694441
vn -0.07300098326684429 -0.8498114447930916 0.5220070543017139
vn 0.2587824514582476 -0.7525490073886703 0.6055589437004354
vn -0.035300427071042556 -0.8441101524478075 0.5350064769543834
vn -0.07300098326684429 -0.8498114447930916 0.5220070543017139
vn -0.035300427071042556 -0.8441101524478075 0.5350064769543834
vn -0.41568199047273274 -0.8350638200826095 0.36038437699998327
vn -0.701105532780543 0.7130056596764075 0.008600068251013403
vn -0.6971127877117015 0.6172113321372141 0.36480670592825704
vn -0.6967446957363471 0.617439641233997 0.3651234289881958
vn -0.6935310376185663 0.35651597444464384 0.6260280024292051
vn -0.6967446957363471 0.617439641233997 0.3651234289881958
vn -0.6971127877117015 0.6172113321372141 0.36480670592825704
vn -0.6971127877117015 0.6172113321372141 0.36480670592825704
vn -0.701105532780543 0.7130056596764075 0.008600068251013403
vn -0.701105532780543 0.7130056596764075 0.008600068251013403
vn -0.6935310376185663 0.35651597444464384 0.6260280024292051
vn -0.6971127877117015 0.6172113321372141 0.36480670592825704
vn -0.6935310376185663 0.35651597444464384 0.6260280024292051
vn -0.7057808080020972 0.6171832714324136 -0.3477905411593168
vn -0.701105532780543 0.7130056596764075 0.008600068251013403
vn -0.701105532780543 0.7130056596764075 0.008600068251013403
vn -0.6926628839773539 0.0004999731822586751 0.7212613113060977
vn -0.6935310376185663 0.35651597444464384 0.6260280024292051
vn -0.6935310376185663 0.35651597444464384 0.6260280024292051
vn -0.701105532780543 0.7130056596764075 0.008600068251013403
vn -0.7055430946406979 0.6174377148789534 -0.3478212326035942
vn -0.7057808080020972 0.6171832714324136 -0.3477905411593168
vn -0.6926628839773539 0.0004999731822586751 0.7212613113060977
vn -0.6935310376185663 0.35651597444464384 0.6260280024292051
vn -0.6927128377604396 0.0005000092746830215 0.7212133348688198
vn -0.7087549485734022 0.35647734589799496 -0.6087613035782047
vn -0.7057808080020972 0.6171832714324136 -0.3477905411593168
vn -0.7055430946406979 0.6174377148789534 -0.3478212326035942
vn -0.6935310376185663 -0.35651597444464384 0.6260280024292051
vn -0.6926628839773539 0.0004999731822586751 0.7212613113060977
vn -0.6927128377604396 0.0005000092746830215 0.7212133348688198
vn -0.7057808080020972 0.6171832714324136 -0.3477905411593168
vn -0.7087549485734022 0.35647734589799496 -0.6087613035782047
vn -0.7087549485734022 0.35647734589799496 -0.6087613035782047
vn -0.6926628839773539 0.0004999731822586751 0.7212613113060977
vn -0.6935310376185663 -0.35651597444464384 0.6260280024292051
vn -0.6935310376185663 -0.35651597444464384 0.6260280024292051
vn -0.7101001821710334 0.0008000002218825557 -0.7041001997445464
vn -0.7087549485734022 0.35647734589799496 -0.6087613035782047
vn -0.7087549485734022 0.35647734589799496 -0.6087613035782047
vn -0.6967446957363471 -0.617439641233997 0.3651234289881958
vn -0.6935310376185663 -0.35651597444464384 0.6260280024292051
vn -0.6935310376185663 -0.35651597444464384 0.6260280024292051
vn -0.7087549485734022 0.35647734589799496 -0.6087613035782047
vn -0.7101001821710334 0.0008000002218825557 -0.7041001997445464
vn -0.7101003518398211 0.0004000001931012994 -0.704100369490606
vn -0.6935310376185663 -0.35651597444464384 0.6260280024292051
vn -0.6967446957363471 -0.617439641233997 0.3651234289881958
vn -0.6967446957363471 -0.617439641233997 0.3651234289881958
vn -0.7101001821710334 0.0008000002218825557 -0.7041001997445464
vn -0.7087549485734022 -0.35647734589799496 -0.6087613035782047
vn -0.7101003518398211 0.0004000001931012994 -0.704100369490606
vn -0.7011095863626989 -0.713009772871123 0.007900107631852317
vn -0.6967446957363471 -0.617439641233997 0.3651234289881958
vn -0.6967446957363471 -0.617439641233997 0.3651234289881958
vn -0.7101001821710334 0.0008000002218825557 -0.7041001997445464
vn -0.7087549485734022 -0.35647734589799496 -0.6087613035782047
vn -0.7087549485734022 -0.35647734589799496 -0.6087613035782047
vn -0.7011095863626989 -0.713009772871123 0.007900107631852317
vn -0.6967446957363471 -0.617439641233997 0.3651234289881958
vn -0.701105532780543 -0.7130056596764075 0.008600068251013403
vn -0.7057808080020972 -0.6171832714324136 -0.3477905411593168
vn -0.7087549485734022 -0.35647734589799496 -0.6087613035782047
vn -0.7087549485734022 -0.35647734589799496 -0.6087613035782047
vn -0.7057808080020972 -0.6171832714324136 -0.3477905411593168
vn -0.7011095863626989 -0.713009772871123 0.007900107631852317
vn -0.701105532780543 -0.7130056596764075 0.008600068251013403
vn -0.7057808080020972 -0.6171832714324136 -0.3477905411593168
vn -0.7087549485734022 -0.35647734589799496 -0.6087613035782047
vn -0.7057808080020972 -0.6171832714324136 -0.3477905411593168
vn -0.7011095863626989 -0.713009772871123 0.007900107631852317
vn -0.7057808080020972 -0.6171832714324136 -0.3477905411593168
vn -0.7057808080020972 -0.6171832714324136 -0.3477905411593168
vn -0.716285464978747 -0.6080876570407093 -0.3422930528288892
vn -0.711912855568672 -0.7022126766708167 0.008800159025054422
vn -0.711912855568672 -0.7022126766708167 0.008800159025054422
vn -0.7076214454679092 -0.6081184065216327 0.35981091362477735
vn -0.711912855568672 -0.7022126766708167 0.008800159025054422
vn -0.711912855568672 -0.7022126766708167 0.008800159025054422
vn -0.716285464978747 -0.6080876570407093 -0.3422930528288892
vn -0.711912855568672 -0.7022126766708167 0.008800159025054422
vn -0.716285464978747 -0.6080876570407093 -0.3422930528288892
vn -0.711912855568672 -0.7022126766708167 0.008800159025054422
vn -0.7076214454679092 -0.6081184065216327 0.35981091362477735
vn -0.7076214454679092 -0.6081184065216327 0.35981091362477735
vn -0.7194114698296866 -0.35110558960564886 -0.5993096044826577
vn -0.716285464978747 -0.6080876570407093 -0.3422930528288892
vn -0.716285464978747 -0.6080876570407093 -0.3422930528288892
vn -0.7076214454679092 -0.6081184065216327 0.35981091362477735
vn -0.704437734468996 -0.3511188039077555 0.6168330923342029
vn -0.7076214454679092 -0.6081184065216327 0.35981091362477735
vn -0.716285464978747 -0.6080876570407093 -0.3422930528288892
vn -0.7194114698296866 -0.35110558960564886 -0.5993096044826577
vn -0.7194114698296866 -0.35110558960564886 -0.5993096044826577
vn -0.704437734468996 -0.3511188039077555 0.6168330923342029
vn -0.7076214454679092 -0.6081184065216327 0.35981091362477735
vn -0.704437734468996 -0.3511188039077555 0.6168330923342029
vn -0.7205755068249159 0 -0.6933764770772192
vn -0.7194114698296866 -0.35110558960564886 -0.5993096044826577
vn -0.7194114698296866 -0.35110558960564886 -0.5993096044826577
vn -0.704437734468996 -0.3511188039077555 0.6168330923342029
vn -0.7032965957400982 0 0.7108965455116439
vn -0.704437734468996 -0.3511188039077555 0.6168330923342029
vn -0.7194114698296866 -0.35110558960564886 -0.5993096044826577
vn -0.7205755068249159 0 -0.6933764770772192
vn -0.7205755068249159 0 -0.6933764770772192
vn -0.704437734468996 -0.3511188039077555 0.6168330923342029
vn -0.7032965957400982 0 0.7108965455116439
vn -0.7032965957400982 0 0.7108965455116439
vn -0.7205755068249159 0 -0.6933764770772192
vn -0.7194114698296866 0.35110558960564886 -0.5993096044826577
vn -0.7205755068249159 0 -0.6933764770772192
vn -0.704437734468996 0.3511188039077555 0.6168330923342029
vn -0.7032965957400982 0 0.7108965455116439
vn -0.7032965957400982 0 0.7108965455116439
vn -0.7205755068249159 0 -0.6933764770772192
vn -0.7194114698296866 0.35110558960564886 -0.5993096044826577
vn -0.7194114698296866 0.35110558960564886 -0.5993096044826577
vn -0.7032965957400982 0 0.7108965455116439
vn -0.704437734468996 0.3511188039077555 0.6168330923342029
vn -0.704437734468996 0.3511188039077555 0.6168330923342029
vn -0.716285464978747 0.6080876570407093 -0.3422930528288892
vn -0.7194114698296866 0.35110558960564886 -0.5993096044826577
vn -0.7194114698296866 0.35110558960564886 -0.5993096044826577
vn -0.7076214454679092 0.6081184065216327 0.35981091362477735
vn -0.704437734468996 0.3511188039077555 0.6168330923342029
vn -0.704437734468996 0.3511188039077555 0.6168330923342029
vn -0.716285464978747 0.6080876570407093 -0.3422930528288892
vn -0.7194114698296866 0.35110558960564886 -0.5993096044826577
vn -0.716285464978747 0.6080876570407093 -0.3422930528288892
vn -0.704437734468996 0.3511188039077555 0.6168330923342029
vn -0.7076214454679092 0.6081184065216327 0.35981091362477735
vn -0.7076214454679092 0.6081184065216327 0.35981091362477735
vn -0.711912855568672 0.7022126766708167 0.008800159025054422
vn -0.716285464978747 0.6080876570407093 -0.3422930528288892
vn -0.716285464978747 0.6080876570407093 -0.3422930528288892
vn -0.711912855568672 0.7022126766708167 0.008800159025054422
vn -0.7076214454679092 0.6081184065216327 0.35981091362477735
vn -0.7076214454679092 0.6081184065216327 0.35981091362477735
vn -0.711912855568672 0.7022126766708167 0.008800159025054422
vn -0.716285464978747 0.6080876570407093 -0.3422930528288892
vn -0.711912855568672 0.7022126766708167 0.008800159025054422
vn -0.7076214454679092 0.6081184065216327 0.35981091362477735
vn -0.711912855568672 0.7022126766708167 0.008800159025054422
vn -0.711912855568672 0.7022126766708167 0.008800159025054422
vn 0.6840688079614108 0.7293667888621054 -0.008599609249000585
vn 0.6526035520823578 0.5746031275306815 -0.49390267223558176
vn 0.6568019158753787 0.5345015933591065 -0.5319015792409423
vn 0.6526035520823578 0.5746031275306815 -0.49390267223558176
vn 0.6840688079614108 0.7293667888621054 -0.008599609249000585
vn 0.6840688079614108 0.7293667888621054 -0.008599609249000585
vn 0.6601270510654053 0.3560146132961305 -0.6614271475917046
vn 0.6568019158753787 0.5345015933591065 -0.5319015792409423
vn 0.6526035520823578 0.5746031275306815 -0.49390267223558176
vn 0.6840688079614108 0.7293667888621054 -0.008599609249000585
vn 0.6643873961527675 0.5743890924962992 0.4781909223883524
vn 0.6840688079614108 0.7293667888621054 -0.008599609249000585
vn 0.6568019158753787 0.5345015933591065 -0.5319015792409423
vn 0.6601270510654053 0.3560146132961305 -0.6614271475917046
vn 0.6607912203597297 0.3406954716433914 -0.6687911173880723
vn 0.6840688079614108 0.7293667888621054 -0.008599609249000585
vn 0.6697226275428843 0.5346180883397893 0.5154174053880645
vn 0.6643873961527675 0.5743890924962992 0.4781909223883524
vn 0.6898080468510742 0.18290212119152485 -0.7005081531025511
vn 0.6607912203597297 0.3406954716433914 -0.6687911173880723
vn 0.6601270510654053 0.3560146132961305 -0.6614271475917046
vn 0.6697226275428843 0.5346180883397893 0.5154174053880645
vn 0.6763149032104772 0.35610783775459887 0.6448142054771648
vn 0.6643873961527675 0.5743890924962992 0.4781909223883524
vn 0.6601270510654053 0.3560146132961305 -0.6614271475917046
vn 0.6898080468510742 0.18290212119152485 -0.7005081531025511
vn 0.6898080468510742 0.18290212119152485 -0.7005081531025511
vn 0.6697226275428843 0.5346180883397893 0.5154174053880645
vn 0.6767946660737543 0.34049732393715487 0.6526948386234962
vn 0.6763149032104772 0.35610783775459887 0.6448142054771648
vn 0.7471412473120994 0.028901595826733177 -0.6640366362811534
vn 0.6898080468510742 0.18290212119152485 -0.7005081531025511
vn 0.6898080468510742 0.18290212119152485 -0.7005081531025511
vn 0.7064986411832345 0.18279965695090603 0.6836987314781814
vn 0.6763149032104772 0.35610783775459887 0.6448142054771648
vn 0.6767946660737543 0.34049732393715487 0.6526948386234962
vn 0.6898080468510742 0.18290212119152485 -0.7005081531025511
vn 0.7471412473120994 0.028901595826733177 -0.6640366362811534
vn 0.7415966962151058 0.037499837448607104 -0.669797060574446
vn 0.6763149032104772 0.35610783775459887 0.6448142054771648
vn 0.7064986411832345 0.18279965695090603 0.6836987314781814
vn 0.7064986411832345 0.18279965695090603 0.6836987314781814
vn 0.8423900133872695 -0.1449982694561183 -0.5189938026606165
vn 0.7415966962151058 0.037499837448607104 -0.669797060574446
vn 0.7471412473120994 0.028901595826733177 -0.6640366362811534
vn 0.7064986411832345 0.18279965695090603 0.6836987314781814
vn 0.76338756942372 0.02899952637957701 0.6452894283336007
vn 0.7064986411832345 0.18279965695090603 0.6836987314781814
vn 0.7415966962151058 0.037499837448607104 -0.669797060574446
vn 0.8423900133872695 -0.1449982694561183 -0.5189938026606165
vn 0.8312769644713769 -0.12119664415839282 -0.5424850060453259
vn 0.76338756942372 0.02899952637957701 0.6452894283336007
vn 0.7064986411832345 0.18279965695090603 0.6836987314781814
vn 0.7579879825322686 0.03749940576316292 0.6511896904159884
vn 0.8423900133872695 -0.1449982694561183 -0.5189938026606165
vn 0.9628977996770713 -0.26959938430221814 -0.011999973371616977
vn 0.8312769644713769 -0.12119664415839282 -0.5424850060453259
vn 0.7579879825322686 0.03749940576316292 0.6511896904159884
vn 0.8545833943989908 -0.14489717981488845 0.49869031402182945
vn 0.76338756942372 0.02899952637957701 0.6452894283336007
vn 0.8423900133872695 -0.1449982694561183 -0.5189938026606165
vn 0.9628977996770713 -0.26959938430221814 -0.011999973371616977
vn 0.9628977996770713 -0.26959938430221814 -0.011999973371616977
vn 0.8545833943989908 -0.14489717981488845 0.49869031402182945
vn 0.9628977996770713 -0.26959938430221814 -0.011999973371616977
vn 0.9628977996770713 -0.26959938430221814 -0.011999973371616977
vn 0.7579879825322686 0.03749940576316292 0.6511896904159884
vn 0.8445269227425385 -0.12120385871463785 0.5216166230055371
vn 0.8545833943989908 -0.14489717981488845 0.49869031402182945
vn 0.9628977996770713 -0.26959938430221814 -0.011999973371616977
vn 0.8545833943989908 -0.14489717981488845 0.49869031402182945
vn 0.8445269227425385 -0.12120385871463785 0.5216166230055371
vn 0.6933275594649239 0.6907274259958394 0.20540817477299836
vn 0.6933275594649239 0.6907274259958394 0.20540817477299836
vn 0.6800020311991455 0.6771019672183092 0.2813008417231135
vn 0.6933275594649239 0.6907274259958394 0.20540817477299836
vn 0.6933275594649239 0.6907274259958394 0.20540817477299836
vn 0.7068032998801256 0.707403339820438 -0.0031000144282262174
vn 0.7068032998801256 0.707403339820438 -0.0031000144282262174
vn 0.7071042037468442 0.7071042037468442 -0.0027000161264210416
vn 0.6933275594649239 0.6907274259958394 0.20540817477299836
vn 0.7068032998801256 0.707403339820438 -0.0031000144282262174
vn 0.6892213813000094 0.6918214551112284 -0.21530666921089464
vn 0.7071042037468442 0.7071042037468442 -0.0027000161264210416
vn 0.6892213813000094 0.6918214551112284 -0.21530666921089464
vn 0.7068032998801256 0.707403339820438 -0.0031000144282262174
vn 0.6892213813000094 0.6918214551112284 -0.21530666921089464
vn 0.6732197449076534 0.6768198654762415 -0.2978087385608359
vn 0.6892213813000094 0.6918214551112284 -0.21530666921089464
vn 0.6892213813000094 0.6918214551112284 -0.21530666921089464
vn 0.6880813179497662 0.6906812129269836 -0.22249395946457423
vn 0.6732197449076534 0.6768198654762415 -0.2978087385608359
vn 0.6880813179497662 0.6906812129269836 -0.22249395946457423
vn 0.7069804016858469 0.7070803586743502 -0.014699592139614961
vn 0.6880813179497662 0.6906812129269836 -0.22249395946457423
vn 0.6880813179497662 0.6906812129269836 -0.22249395946457423
vn 0.7067313234057067 0.7073313633680381 -0.014600647695593761
vn 0.7069804016858469 0.7070803586743502 -0.014699592139614961
vn 0.6880813179497662 0.6906812129269836 -0.22249395946457423
vn 0.6943267532995867 0.6918266364927933 0.19820763025555627
vn 0.7069804016858469 0.7070803586743502 -0.014699592139614961
vn 0.7067313234057067 0.7073313633680381 -0.014600647695593761
vn 0.7069804016858469 0.7070803586743502 -0.014699592139614961
vn 0.6943267532995867 0.6918266364927933 0.19820763025555627
vn 0.6943267532995867 0.6918266364927933 0.19820763025555627
vn 0.6800020311991455 0.6771019672183092 0.2813008417231135
vn 0.6943267532995867 0.6918266364927933 0.19820763025555627
vn 0.6943267532995867 0.6918266364927933 0.19820763025555627
vn 0.7719853016395167 -0.6077884508123796 0.18609646184608655
vn 0.7658035055713978 -0.6430029782262792 -0.00960004409851893
vn 0.7695824503553833 -0.5942864417763534 0.23359468578245748
vn 0.7658035055713978 -0.6430029782262792 -0.00960004409851893
vn 0.7719853016395167 -0.6077884508123796 0.18609646184608655
vn 0.765894118753075 -0.6428950460708268 -0.009599926928895686
vn 0.7695824503553833 -0.5942864417763534 0.23359468578245748
vn 0.7612836179774348 -0.3702919991115606 0.5322885386640887
vn 0.7719853016395167 -0.6077884508123796 0.18609646184608655
vn 0.7673193922211896 -0.607815333961025 -0.20440516168421868
vn 0.7658035055713978 -0.6430029782262792 -0.00960004409851893
vn 0.765894118753075 -0.6428950460708268 -0.009599926928895686
vn 0.7695824503553833 -0.5942864417763534 0.23359468578245748
vn 0.7577293121548407 -0.32071239612802505 0.5683219584629585
vn 0.7612836179774348 -0.3702919991115606 0.5322885386640887
vn 0.7658035055713978 -0.6430029782262792 -0.00960004409851893
vn 0.7673193922211896 -0.607815333961025 -0.20440516168421868
vn 0.7634875716463864 -0.5942903115964848 -0.25279587315471963
vn 0.6746050655116697 0.17430130981493802 0.7173054154143778
vn 0.7612836179774348 -0.3702919991115606 0.5322885386640887
vn 0.7577293121548407 -0.32071239612802505 0.5683219584629585
vn 0.7478134087494612 -0.3702066566178842 -0.5511099138015202
vn 0.7634875716463864 -0.5942903115964848 -0.25279587315471963
vn 0.7673193922211896 -0.607815333961025 -0.20440516168421868
vn 0.7577293121548407 -0.32071239612802505 0.5683219584629585
vn 0.6741271510917969 0.174407017517724 0.7177289017459377
vn 0.6746050655116697 0.17430130981493802 0.7173054154143778
vn 0.7634875716463864 -0.5942903115964848 -0.25279587315471963
vn 0.7478134087494612 -0.3702066566178842 -0.5511099138015202
vn 0.7433325783365694 -0.3207140325166602 -0.5870257126654764
vn 0.5193166838956315 0.628620220161129 0.5789186476804997
vn 0.6746050655116697 0.17430130981493802 0.7173054154143778
vn 0.6741271510917969 0.174407017517724 0.7177289017459377
vn 0.6570765942897557 0.1743937872040277 -0.733373817518196
vn 0.7433325783365694 -0.3207140325166602 -0.5870257126654764
vn 0.7478134087494612 -0.3702066566178842 -0.5511099138015202
vn 0.6746050655116697 0.17430130981493802 0.7173054154143778
vn 0.5193166838956315 0.628620220161129 0.5789186476804997
vn 0.49988905297988323 0.6761851405770398 0.541188128448587
vn 0.7433325783365694 -0.3207140325166602 -0.5870257126654764
vn 0.6570765942897557 0.1743937872040277 -0.733373817518196
vn 0.6565880852453377 0.17449684645731736 -0.7337867107615896
vn 0.42130586510466705 0.866012036914066 0.2693037689085663
vn 0.49988905297988323 0.6761851405770398 0.541188128448587
vn 0.5193166838956315 0.628620220161129 0.5789186476804997
vn 0.6570765942897557 0.1743937872040277 -0.733373817518196
vn 0.5048140954809475 0.6285175173918988 -0.5917165363037246
vn 0.6565880852453377 0.17449684645731736 -0.7337867107615896
vn 0.49988905297988323 0.6761851405770398 0.541188128448587
vn 0.42130586510466705 0.866012036914066 0.2693037689085663
vn 0.4170886569127987 0.8836759909956808 0.21249422395086187
vn 0.5048140954809475 0.6285175173918988 -0.5917165363037246
vn 0.6570765942897557 0.1743937872040277 -0.733373817518196
vn 0.48630944954621047 0.6761131434024903 -0.5535107375656458
vn 0.4011073822636197 0.9160168431505844 -0.005100093927029112
vn 0.4170886569127987 0.8836759909956808 0.21249422395086187
vn 0.42130586510466705 0.866012036914066 0.2693037689085663
vn 0.48630944954621047 0.6761131434024903 -0.5535107375656458
vn 0.4146040013274497 0.8662083005418345 -0.27890267506012756
vn 0.5048140954809475 0.6285175173918988 -0.5917165363037246
vn 0.4170886569127987 0.8836759909956808 0.21249422395086187
vn 0.4011073822636197 0.9160168431505844 -0.005100093927029112
vn 0.4011073822636197 0.9160168431505844 -0.005100093927029112
vn 0.48630944954621047 0.6761131434024903 -0.5535107375656458
vn 0.41180706089961255 0.8838151707464169 -0.22200380301180625
vn 0.4146040013274497 0.8662083005418345 -0.27890267506012756
vn 0.4011073822636197 0.9160168431505844 -0.005100093927029112
vn 0.4146040013274497 0.8662083005418345 -0.27890267506012756
vn 0.41180706089961255 0.8838151707464169 -0.22200380301180625
vn 0.41180706089961255 0.8838151707464169 -0.22200380301180625
vn 0.4011073822636197 0.9160168431505844 -0.005100093927029112
vn 0.4011073822636197 0.9160168431505844 -0.005100093927029112
vn -0.15150473839288955 -0.7310228860539458 0.665320865680509
vn 0.017699483469538903 -0.7242789140610053 0.689279901731889
vn -0.16480512332359723 -0.7283225993213873 0.6651206376620947
vn -0.3846034411917605 -0.6488057978257823 0.6566058404637489
vn -0.15150473839288955 -0.7310228860539458 0.665320865680509
vn -0.16480512332359723 -0.7283225993213873 0.6651206376620947
vn 0.017699483469538903 -0.7242789140610053 0.689279901731889
vn -0.15150473839288955 -0.7310228860539458 0.665320865680509
vn 0.04130159356386762 -0.7197277612043156 0.6930267874482983
vn -0.15150473839288955 -0.7310228860539458 0.665320865680509
vn -0.3846034411917605 -0.6488057978257823 0.6566058404637489
vn -0.36650223542568483 -0.6573040069159057 0.6585040272619985
vn 0.04130159356386762 -0.7197277612043156 0.6930267874482983
vn 0.3517958530366428 -0.6096928730477791 0.7102916853947859
vn 0.017699483469538903 -0.7242789140610053 0.689279901731889
vn -0.3846034411917605 -0.6488057978257823 0.6566058404637489
vn -0.6244827327117628 -0.4690870208071187 0.6244827327117628
vn -0.36650223542568483 -0.6573040069159057 0.6585040272619985
vn -0.6244827327117628 -0.4690870208071187 0.6244827327117628
vn -0.3846034411917605 -0.6488057978257823 0.6566058404637489
vn -0.6237191552074726 -0.4711144562147861 0.6237191552074726
vn -0.6244827327117628 -0.4690870208071187 0.6244827327117628
vn -0.6237191552074726 -0.4711144562147861 0.6237191552074726
vn -0.6858974834763266 -0.362298704604787 0.6310976872105741
vn 0.3517958530366428 -0.6096928730477791 0.7102916853947859
vn 0.04130159356386762 -0.7197277612043156 0.6930267874482983
vn 0.3421990294537766 -0.6141982708978765 0.7110979596841436
vn 0.3421990294537766 -0.6141982708978765 0.7110979596841436
vn 0.649087384597574 -0.36379293456730166 0.6680870212144461
vn 0.3517958530366428 -0.6096928730477791 0.7102916853947859
vn 0.3517958530366428 -0.6096928730477791 0.7102916853947859
vn 0.649087384597574 -0.36379293456730166 0.6680870212144461
vn 0.6858013368404459 -0.31330061397971115 0.6569012495556643
vn 0.6858013368404459 -0.31330061397971115 0.6569012495556643
vn 0.649087384597574 -0.36379293456730166 0.6680870212144461
vn 0.8251918780453996 0.008099920338347328 0.5647944366744582
vn 0.8251918780453996 0.008099920338347328 0.5647944366744582
vn 0.8322706087992602 0.06029786817111869 0.5510805756175111
vn 0.6858013368404459 -0.31330061397971115 0.6569012495556643
vn 0.8251918780453996 0.008099920338347328 0.5647944366744582
vn 0.8371350026311584 0.26391103413310485 0.47911997811876494
vn 0.8322706087992602 0.06029786817111869 0.5510805756175111
vn -0.1677950713929539 -0.7306785936846841 -0.661780633402947
vn 0.00090004284679201 -0.7246344857957231 -0.6891328260346056
vn 0.02430101006533093 -0.7197298648243466 -0.6938287847803178
vn 0.00090004284679201 -0.7246344857957231 -0.6891328260346056
vn -0.1677950713929539 -0.7306785936846841 -0.661780633402947
vn -0.18130108528650007 -0.7286044284677881 -0.6605039767412949
vn 0.02430101006533093 -0.7197298648243466 -0.6938287847803178
vn 0.00090004284679201 -0.7246344857957231 -0.6891328260346056
vn 0.334091276267043 -0.6095840937081035 -0.7188812501521572
vn -0.1677950713929539 -0.7306785936846841 -0.661780633402947
vn -0.400593959885076 -0.6485901968016895 -0.6471902625320779
vn -0.18130108528650007 -0.7286044284677881 -0.6605039767412949
vn 0.334091276267043 -0.6095840937081035 -0.7188812501521572
vn 0.32469979551328065 -0.6144995807250815 -0.7189995188331721
vn 0.02430101006533093 -0.7197298648243466 -0.6938287847803178
vn -0.400593959885076 -0.6485901968016895 -0.6471902625320779
vn -0.1677950713929539 -0.7306785936846841 -0.661780633402947
vn -0.38259713886580954 -0.6571950748388294 -0.649395151613624
vn 0.334091276267043 -0.6095840937081035 -0.7188812501521572
vn 0.6323798995569583 -0.36368847472374494 -0.6839783300583779
vn 0.32469979551328065 -0.6144995807250815 -0.7189995188331721
vn -0.400593959885076 -0.6485901968016895 -0.6471902625320779
vn -0.38259713886580954 -0.6571950748388294 -0.649395151613624
vn -0.6399632796647093 -0.4692730980114101 -0.6084650854104635
vn -0.6388207033257379 -0.4710152116225531 -0.6083196359008731
vn -0.400593959885076 -0.6485901968016895 -0.6471902625320779
vn -0.6399632796647093 -0.4692730980114101 -0.6084650854104635
vn -0.6388207033257379 -0.4710152116225531 -0.6083196359008731
vn -0.6399632796647093 -0.4692730980114101 -0.6084650854104635
vn -0.701272301822394 -0.36228569980226133 -0.6139757571887564
vn 0.6323798995569583 -0.36368847472374494 -0.6839783300583779
vn 0.334091276267043 -0.6095840937081035 -0.7188812501521572
vn 0.6693239701916199 -0.31321119765338756 -0.6737241042084351
vn 0.6693239701916199 -0.31321119765338756 -0.6737241042084351
vn 0.8107053081949016 0.007700050288153878 -0.5854038029344956
vn 0.6323798995569583 -0.36368847472374494 -0.6839783300583779
vn 0.8107053081949016 0.007700050288153878 -0.5854038029344956
vn 0.6693239701916199 -0.31321119765338756 -0.6737241042084351
vn 0.8188014626584297 0.060300111771228654 -0.5709010958728259
vn 0.8107053081949016 0.007700050288153878 -0.5854038029344956
vn 0.8188014626584297 0.060300111771228654 -0.5709010958728259
vn 0.8250862358303167 0.2638956009798734 -0.4995916484758632
vn 0.47330802528879506 0.5411092025753379 -0.6951117493507812
vn 0.5322046356720532 0.4642040796521464 -0.7080062133932729
vn 0.5322046356720532 0.4642040796521464 -0.7080062133932729
vn 0.47330802528879506 0.5411092025753379 -0.6951117493507812
vn 0.5322046356720532 0.4642040796521464 -0.7080062133932729
vn 0.47330802528879506 0.5411092025753379 -0.6951117493507812
vn 0.5322046356720532 0.4642040796521464 -0.7080062133932729
vn 0.6122988450146921 0.3384993665570395 -0.7144986376713094
vn 0.5322046356720532 0.4642040796521464 -0.7080062133932729
vn 0.47330802528879506 0.5411092025753379 -0.6951117493507812
vn 0.3420908064517555 0.6789818230371758 -0.6495826076230036
vn 0.47330802528879506 0.5411092025753379 -0.6951117493507812
vn 0.6122988450146921 0.3384993665570395 -0.7144986376713094
vn 0.5322046356720532 0.4642040796521464 -0.7080062133932729
vn 0.6122988450146921 0.3384993665570395 -0.7144986376713094
vn 0.3420908064517555 0.6789818230371758 -0.6495826076230036
vn 0.47330802528879506 0.5411092025753379 -0.6951117493507812
vn 0.3420908064517555 0.6789818230371758 -0.6495826076230036
vn 0.7158114401431672 0.11040176585932439 -0.6895110095243644
vn 0.6122988450146921 0.3384993665570395 -0.7144986376713094
vn 0.6122988450146921 0.3384993665570395 -0.7144986376713094
vn 0.3420908064517555 0.6789818230371758 -0.6495826076230036
vn 0.18679325447975298 0.798071153078109 -0.5728793194953363
vn 0.3420908064517555 0.6789818230371758 -0.6495826076230036
vn 0.18679325447975298 0.798071153078109 -0.5728793194953363
vn 0.3420908064517555 0.6789818230371758 -0.6495826076230036
vn 0.18709535858192408 0.7977802736995427 -0.5731858003239301
vn 0.18679325447975298 0.798071153078109 -0.5728793194953363
vn 0.18709535858192408 0.7977802736995427 -0.5731858003239301
vn 0.1603940438541026 0.814069813233079 -0.5581792632110117
vn 0.6122988450146921 0.3384993665570395 -0.7144986376713094
vn 0.7158114401431672 0.11040176585932439 -0.6895110095243644
vn 0.7156328731256895 0.11080508945986735 -0.6896316575184623
vn 0.7842775660778915 -0.22929343807814884 -0.5764834937803861
vn 0.7156328731256895 0.11080508945986735 -0.6896316575184623
vn 0.7158114401431672 0.11040176585932439 -0.6895110095243644
vn 0.7156328731256895 0.11080508945986735 -0.6896316575184623
vn 0.7842775660778915 -0.22929343807814884 -0.5764834937803861
vn 0.7844993330785941 -0.22949979785934638 -0.5760995045838523
vn 0.7844993330785941 -0.22949979785934638 -0.5760995045838523
vn 0.7842775660778915 -0.22929343807814884 -0.5764834937803861
vn 0.7342044074426671 -0.5800034371696475 -0.35290211243793473
vn 0.5494890189528541 0.4641907195279747 0.6946861118190942
vn 0.4903076626428502 0.5415084403248293 0.6829106859690187
vn 0.49027983803250713 0.5410777757466229 0.6832719231842516
vn 0.49027983803250713 0.5410777757466229 0.6832719231842516
vn 0.4903076626428502 0.5415084403248293 0.6829106859690187
vn 0.35798460163579865 0.6789708122044552 0.6409724340141945
vn 0.4903076626428502 0.5415084403248293 0.6829106859690187
vn 0.5494890189528541 0.4641907195279747 0.6946861118190942
vn 0.5494890189528541 0.4641907195279747 0.6946861118190942
vn 0.35798460163579865 0.6789708122044552 0.6409724340141945
vn 0.49027983803250713 0.5410777757466229 0.6832719231842516
vn 0.35798460163579865 0.6789708122044552 0.6409724340141945
vn 0.6297047730182417 0.3385025260640405 0.6992052192928113
vn 0.5494890189528541 0.4641907195279747 0.6946861118190942
vn 0.5494890189528541 0.4641907195279747 0.6946861118190942
vn 0.35798460163579865 0.6789708122044552 0.6409724340141945
vn 0.35798460163579865 0.6789708122044552 0.6409724340141945
vn 0.20109954235534924 0.7977981471844549 0.5683987072588393
vn 0.35798460163579865 0.6789708122044552 0.6409724340141945
vn 0.20109954235534924 0.7977981471844549 0.5683987072588393
vn 0.20109954235534924 0.7977981471844549 0.5683987072588393
vn 0.20109954235534924 0.7977981471844549 0.5683987072588393
vn 0.20109954235534924 0.7977981471844549 0.5683987072588393
vn 0.17389824296524042 0.8142918025245615 0.5537944216357753
vn 0.5494890189528541 0.4641907195279747 0.6946861118190942
vn 0.6297047730182417 0.3385025260640405 0.6992052192928113
vn 0.6298921084268052 0.3385957764610992 0.6989912960147209
vn 0.6297047730182417 0.3385025260640405 0.6992052192928113
vn 0.7325736751725811 0.1103960330779829 0.6716759086976268
vn 0.6298921084268052 0.3385957764610992 0.6989912960147209
vn 0.7325736751725811 0.1103960330779829 0.6716759086976268
vn 0.6297047730182417 0.3385025260640405 0.6992052192928113
vn 0.7325736751725811 0.1103960330779829 0.6716759086976268
vn 0.7325736751725811 0.1103960330779829 0.6716759086976268
vn 0.7982196833907279 -0.229305655512401 0.5570136922891878
vn 0.7325736751725811 0.1103960330779829 0.6716759086976268
vn 0.7982196833907279 -0.229305655512401 0.5570136922891878
vn 0.7325736751725811 0.1103960330779829 0.6716759086976268
vn 0.7982196833907279 -0.229305655512401 0.5570136922891878
vn 0.7982196833907279 -0.229305655512401 0.5570136922891878
vn 0.7982196833907279 -0.229305655512401 0.5570136922891878
vn 0.7426201473946579 -0.5800157011903219 0.3348090546210417
vn -0.9785409317245632 0.2057085878221763 0.011900497293365555
vn -0.8626853807614656 0.09259843064011289 0.49719157722495
vn -0.8434741557624915 0.057498239393768864 0.5340836086488415
vn -0.8626853807614656 0.09259843064011289 0.49719157722495
vn -0.9785409317245632 0.2057085878221763 0.011900497293365555
vn -0.9785409317245632 0.2057085878221763 0.011900497293365555
vn -0.7342981094388576 -0.1173996924443675 0.6685982341350352
vn -0.8434741557624915 0.057498239393768864 0.5340836086488415
vn -0.8626853807614656 0.09259843064011289 0.49719157722495
vn -0.8749854180137083 0.09269845709774184 -0.4751920814944986
vn -0.9785409317245632 0.2057085878221763 0.011900497293365555
vn -0.9785409317245632 0.2057085878221763 0.011900497293365555
vn -0.8434741557624915 0.057498239393768864 0.5340836086488415
vn -0.7342981094388576 -0.1173996924443675 0.6685982341350352
vn -0.7208078913515035 -0.14020153518065434 0.6788074198904922
vn -0.8562859300959735 0.057499058572576825 -0.5132915976157616
vn -0.8749854180137083 0.09269845709774184 -0.4751920814944986
vn -0.9785409317245632 0.2057085878221763 0.011900497293365555
vn -0.6602815195872164 -0.2465930806752795 0.709380129024398
vn -0.7208078913515035 -0.14020153518065434 0.6788074198904922
vn -0.7342981094388576 -0.1173996924443675 0.6685982341350352
vn -0.8562859300959735 0.057499058572576825 -0.5132915976157616
vn -0.7503875527869707 -0.11739805393750871 -0.6504892140182394
vn -0.8749854180137083 0.09269845709774184 -0.4751920814944986
vn -0.6602815195872164 -0.2465930806752795 0.709380129024398
vn -0.7342981094388576 -0.1173996924443675 0.6685982341350352
vn -0.6603847356024701 -0.2465943176480792 0.7092836128707147
vn -0.7503875527869707 -0.11739805393750871 -0.6504892140182394
vn -0.8562859300959735 0.057499058572576825 -0.5132915976157616
vn -0.7371392670924958 -0.14020746613129176 -0.661035223986877
vn -0.6369159652043305 -0.38150956234503947 0.6699167911816607
vn -0.6602815195872164 -0.2465930806752795 0.709380129024398
vn -0.6603847356024701 -0.2465943176480792 0.7092836128707147
vn -0.6775243283898007 -0.24660885339765465 -0.6929248573011677
vn -0.7503875527869707 -0.11739805393750871 -0.6504892140182394
vn -0.7371392670924958 -0.14020746613129176 -0.661035223986877
vn -0.6602815195872164 -0.2465930806752795 0.709380129024398
vn -0.6369159652043305 -0.38150956234503947 0.6699167911816607
vn -0.639791197080836 -0.36249500878896895 0.6776906320298045
vn -0.7503875527869707 -0.11739805393750871 -0.6504892140182394
vn -0.6775243283898007 -0.24660885339765465 -0.6929248573011677
vn -0.6774773732620984 -0.2465917666185552 -0.6929768461888371
vn -0.610224302983161 -0.5801231230841549 0.539521512186309
vn -0.639791197080836 -0.36249500878896895 0.6776906320298045
vn -0.6369159652043305 -0.38150956234503947 0.6699167911816607
vn -0.6775243283898007 -0.24660885339765465 -0.6929248573011677
vn -0.6535985343487671 -0.38159915067291095 -0.6535985343487671
vn -0.6774773732620984 -0.2465917666185552 -0.6929768461888371
vn -0.610224302983161 -0.5801231230841549 0.539521512186309
vn -0.6369159652043305 -0.38150956234503947 0.6699167911816607
vn -0.6048694225355165 -0.6058694096563482 0.5167738771689403
vn -0.6535985343487671 -0.38159915067291095 -0.6535985343487671
vn -0.6775243283898007 -0.24660885339765465 -0.6929248573011677
vn -0.6561618554262882 -0.36247894758766885 -0.6618614900711983
vn -0.63399742897242 -0.7732968191753857 0.007699968155271362
vn -0.610224302983161 -0.5801231230841549 0.539521512186309
vn -0.6048694225355165 -0.6058694096563482 0.5167738771689403
vn -0.6232990459911641 -0.5799990741097746 -0.5244991642493905
vn -0.6535985343487671 -0.38159915067291095 -0.6535985343487671
vn -0.6561618554262882 -0.36247894758766885 -0.6618614900711983
vn -0.63399742897242 -0.7732968191753857 0.007699968155271362
vn -0.6048694225355165 -0.6058694096563482 0.5167738771689403
vn -0.63399742897242 -0.7732968191753857 0.007699968155271362
vn -0.6535985343487671 -0.38159915067291095 -0.6535985343487671
vn -0.6232990459911641 -0.5799990741097746 -0.5244991642493905
vn -0.6176035890386167 -0.6061035286848724 -0.5012028724203061
vn -0.63399742897242 -0.7732968191753857 0.007699968155271362
vn -0.6176035890386167 -0.6061035286848724 -0.5012028724203061
vn -0.6232990459911641 -0.5799990741097746 -0.5244991642493905
vn -0.6176035890386167 -0.6061035286848724 -0.5012028724203061
vn -0.63399742897242 -0.7732968191753857 0.007699968155271362
vn -0.63399742897242 -0.7732968191753857 0.007699968155271362
vn -0.2837910912515438 -0.939570474074366 -0.19149397059419207
vn -0.25859487165982775 -0.96598089149408 0.003099938634841067
vn -0.2585015606162184 -0.966005865945656 0.0031000189617514167
vn -0.2788879787804731 -0.9394594745478076 0.19909141361218885
vn -0.2585015606162184 -0.966005865945656 0.0031000189617514167
vn -0.25859487165982775 -0.96598089149408 0.003099938634841067
vn -0.2585015606162184 -0.966005865945656 0.0031000189617514167
vn -0.290110594920924 -0.9264338235167026 -0.23990876048792134
vn -0.2837910912515438 -0.939570474074366 -0.19149397059419207
vn -0.2585015606162184 -0.966005865945656 0.0031000189617514167
vn -0.2788879787804731 -0.9394594745478076 0.19909141361218885
vn -0.28418833614472705 -0.9264619545097275 0.24678986293060567
vn -0.39712297658814716 -0.7550436805385853 -0.5217301811708007
vn -0.2837910912515438 -0.939570474074366 -0.19149397059419207
vn -0.290110594920924 -0.9264338235167026 -0.23990876048792134
vn -0.38420787663280215 -0.7551154535485659 0.5312108426467376
vn -0.28418833614472705 -0.9264619545097275 0.24678986293060567
vn -0.2788879787804731 -0.9394594745478076 0.19909141361218885
vn -0.39712297658814716 -0.7550436805385853 -0.5217301811708007
vn -0.290110594920924 -0.9264338235167026 -0.23990876048792134
vn -0.42319816398977234 -0.7120969303585246 -0.560197532812893
vn -0.28418833614472705 -0.9264619545097275 0.24678986293060567
vn -0.38420787663280215 -0.7551154535485659 0.5312108426467376
vn -0.4093005233124114 -0.7122009177222745 0.5703007403219255
vn -0.6578313150678807 -0.24751177574709354 -0.7113338750422217
vn -0.39712297658814716 -0.7550436805385853 -0.5217301811708007
vn -0.42319816398977234 -0.7120969303585246 -0.560197532812893
vn -0.6402059137534418 -0.24760228163829479 0.7272066405930512
vn -0.4093005233124114 -0.7122009177222745 0.5703007403219255
vn -0.38420787663280215 -0.7551154535485659 0.5312108426467376
vn -0.42319816398977234 -0.7120969303585246 -0.560197532812893
vn -0.6578313150678807 -0.24751177574709354 -0.7113338750422217
vn -0.6578313150678807 -0.24751177574709354 -0.7113338750422217
vn -0.4093005233124114 -0.7122009177222745 0.5703007403219255
vn -0.6402059137534418 -0.24760228163829479 0.7272066405930512
vn -0.6402059137534418 -0.24760228163829479 0.7272066405930512
vn -0.7885249858175218 0.23910756424454457 -0.5666179660604826
vn -0.6578313150678807 -0.24751177574709354 -0.7113338750422217
vn -0.6578313150678807 -0.24751177574709354 -0.7113338750422217
vn -0.7744753998452197 0.23909239599561655 0.5856813819916614
vn -0.6402059137534418 -0.24760228163829479 0.7272066405930512
vn -0.6402059137534418 -0.24760228163829479 0.7272066405930512
vn -0.6578313150678807 -0.24751177574709354 -0.7113338750422217
vn -0.7885249858175218 0.23910756424454457 -0.5666179660604826
vn -0.7994020106057991 0.28940076073445725 -0.5265013059107484
vn -0.6402059137534418 -0.24760228163829479 0.7272066405930512
vn -0.7863096060204605 0.2895035468311349 0.5458066506118635
vn -0.7744753998452197 0.23909239599561655 0.5856813819916614
vn -0.8425034335610578 0.46990195201280466 -0.26340106289152276
vn -0.7994020106057991 0.28940076073445725 -0.5265013059107484
vn -0.7885249858175218 0.23910756424454457 -0.5666179660604826
vn -0.8355789331117063 0.46978814233736144 0.2847928156732779
vn -0.7744753998452197 0.23909239599561655 0.5856813819916614
vn -0.7863096060204605 0.2895035468311349 0.5458066506118635
vn -0.7994020106057991 0.28940076073445725 -0.5265013059107484
vn -0.8425034335610578 0.46990195201280466 -0.26340106289152276
vn -0.8492719001028766 0.485983911954092 -0.2062931821884741
vn -0.8355789331117063 0.46978814233736144 0.2847928156732779
vn -0.7863096060204605 0.2895035468311349 0.5458066506118635
vn -0.8438041722449204 0.4859024238030367 0.2278011269603356
vn -0.854057738660703 0.5200742540480173 0.01039948605291125
vn -0.8492719001028766 0.485983911954092 -0.2062931821884741
vn -0.8425034335610578 0.46990195201280466 -0.26340106289152276
vn -0.8438041722449204 0.4859024238030367 0.2278011269603356
vn -0.854057738660703 0.5200742540480173 0.01039948605291125
vn -0.8355789331117063 0.46978814233736144 0.2847928156732779
vn -0.8492719001028766 0.485983911954092 -0.2062931821884741
vn -0.854057738660703 0.5200742540480173 0.01039948605291125
vn -0.854057738660703 0.5200742540480173 0.01039948605291125
vn -0.854057738660703 0.5200742540480173 0.01039948605291125
vn -0.8438041722449204 0.4859024238030367 0.2278011269603356
vn -0.854057738660703 0.5200742540480173 0.01039948605291125
vn 0.6905934637599014 0.7231932101240005 -0.008499920155215269
vn 0.6911039903655496 0.7227041674487243 -0.008600049596400523
vn 0.6950914387368705 0.6262922398392672 0.35299564035809433
vn 0.6861670512842413 0.6262698677891145 -0.37008219415596605
vn 0.6911039903655496 0.7227041674487243 -0.008600049596400523
vn 0.6905934637599014 0.7231932101240005 -0.008499920155215269
vn 0.6911039903655496 0.7227041674487243 -0.008600049596400523
vn 0.6950914387368705 0.6262922398392672 0.35299564035809433
vn 0.6950914387368705 0.6262922398392672 0.35299564035809433
vn 0.6911039903655496 0.7227041674487243 -0.008600049596400523
vn 0.6861670512842413 0.6262698677891145 -0.37008219415596605
vn 0.6861670512842413 0.6262698677891145 -0.37008219415596605
vn 0.6983754179083853 0.36158729325819305 0.6176782374468942
vn 0.6950914387368705 0.6262922398392672 0.35299564035809433
vn 0.6950914387368705 0.6262922398392672 0.35299564035809433
vn 0.6861670512842413 0.6262698677891145 -0.37008219415596605
vn 0.6829167169718434 0.36160887141881065 -0.6347155124869829
vn 0.6861670512842413 0.6262698677891145 -0.37008219415596605
vn 0.6950914387368705 0.6262922398392672 0.35299564035809433
vn 0.6983754179083853 0.36158729325819305 0.6176782374468942
vn 0.6983754179083853 0.36158729325819305 0.6176782374468942
vn 0.6829167169718434 0.36160887141881065 -0.6347155124869829
vn 0.6861670512842413 0.6262698677891145 -0.37008219415596605
vn 0.6829167169718434 0.36160887141881065 -0.6347155124869829
vn 0.6995673137695817 0 0.7145667033281159
vn 0.6983754179083853 0.36158729325819305 0.6176782374468942
vn 0.6983754179083853 0.36158729325819305 0.6176782374468942
vn 0.6829167169718434 0.36160887141881065 -0.6347155124869829
vn 0.681715853406499 0 -0.7316170413640246
vn 0.6829167169718434 0.36160887141881065 -0.6347155124869829
vn 0.6983754179083853 0.36158729325819305 0.6176782374468942
vn 0.6995673137695817 0 0.7145667033281159
vn 0.6995162913582977 0 0.7146166511664369
vn 0.681715853406499 0 -0.7316170413640246
vn 0.6829167169718434 0.36160887141881065 -0.6347155124869829
vn 0.681715853406499 0 -0.7316170413640246
vn 0.6995673137695817 0 0.7145667033281159
vn 0.6983754179083853 -0.36158729325819305 0.6176782374468942
vn 0.6995162913582977 0 0.7146166511664369
vn 0.6829167169718434 -0.36160887141881065 -0.6347155124869829
vn 0.681715853406499 0 -0.7316170413640246
vn 0.681715853406499 0 -0.7316170413640246
vn 0.6983754179083853 -0.36158729325819305 0.6176782374468942
vn 0.6995673137695817 0 0.7145667033281159
vn 0.6983754179083853 -0.36158729325819305 0.6176782374468942
vn 0.681715853406499 0 -0.7316170413640246
vn 0.6829167169718434 -0.36160887141881065 -0.6347155124869829
vn 0.6829167169718434 -0.36160887141881065 -0.6347155124869829
vn 0.6983754179083853 -0.36158729325819305 0.6176782374468942
vn 0.6953141528823227 -0.6258127544925065 0.35340716619225454
vn 0.6983754179083853 -0.36158729325819305 0.6176782374468942
vn 0.6861670512842413 -0.6262698677891145 -0.37008219415596605
vn 0.6829167169718434 -0.36160887141881065 -0.6347155124869829
vn 0.6829167169718434 -0.36160887141881065 -0.6347155124869829
vn 0.6983754179083853 -0.36158729325819305 0.6176782374468942
vn 0.6950914387368705 -0.6262922398392672 0.35299564035809433
vn 0.6953141528823227 -0.6258127544925065 0.35340716619225454
vn 0.6829167169718434 -0.36160887141881065 -0.6347155124869829
vn 0.6861670512842413 -0.6262698677891145 -0.37008219415596605
vn 0.6861670512842413 -0.6262698677891145 -0.37008219415596605
vn 0.6910017619997327 -0.7228019123702702 -0.008600022508384767
vn 0.6953141528823227 -0.6258127544925065 0.35340716619225454
vn 0.6950914387368705 -0.6262922398392672 0.35299564035809433
vn 0.6861670512842413 -0.6262698677891145 -0.37008219415596605
vn 0.6910017619997327 -0.7228019123702702 -0.008600022508384767
vn 0.6861670512842413 -0.6262698677891145 -0.37008219415596605
vn 0.6953141528823227 -0.6258127544925065 0.35340716619225454
vn 0.6910017619997327 -0.7228019123702702 -0.008600022508384767
vn 0.6905934637599014 -0.7231932101240005 -0.008499920155215269
vn 0.6910017619997327 -0.7228019123702702 -0.008600022508384767
vn 0.6861670512842413 -0.6262698677891145 -0.37008219415596605
vn 0.6905934637599014 -0.7231932101240005 -0.008499920155215269
vn 0.7154090981710683 -0.6012076123612259 -0.3560045352140513
vn 0.7196640924312533 -0.6942653613548868 -0.008899555487150757
vn 0.7196640924312533 -0.6942653613548868 -0.008899555487150757
vn 0.7240011844897525 -0.6012010105219329 0.3382005762928888
vn 0.7196640924312533 -0.6942653613548868 -0.008899555487150757
vn 0.7196640924312533 -0.6942653613548868 -0.008899555487150757
vn 0.7196640924312533 -0.6942653613548868 -0.008899555487150757
vn 0.7154090981710683 -0.6012076123612259 -0.3560045352140513
vn 0.7154090981710683 -0.6012076123612259 -0.3560045352140513
vn 0.7196640924312533 -0.6942653613548868 -0.008899555487150757
vn 0.7240011844897525 -0.6012010105219329 0.3382005762928888
vn 0.7240011844897525 -0.6012010105219329 0.3382005762928888
vn 0.7118234093578202 -0.34741145641922194 -0.6104201125773003
vn 0.7154090981710683 -0.6012076123612259 -0.3560045352140513
vn 0.7154090981710683 -0.6012076123612259 -0.3560045352140513
vn 0.7271101391437649 -0.347104813651159 0.5923082760645243
vn 0.7240011844897525 -0.6012010105219329 0.3382005762928888
vn 0.7240011844897525 -0.6012010105219329 0.3382005762928888
vn 0.7154090981710683 -0.6012076123612259 -0.3560045352140513
vn 0.7118234093578202 -0.34741145641922194 -0.6104201125773003
vn 0.7118047004201135 -0.3473022938882993 -0.6105040418537439
vn 0.7240011844897525 -0.6012010105219329 0.3382005762928888
vn 0.7271101391437649 -0.347104813651159 0.5923082760645243
vn 0.7271101391437649 -0.347104813651159 0.5923082760645243
vn 0.7118234093578202 -0.34741145641922194 -0.6104201125773003
vn 0.7110954163124938 0 -0.703095519043722
vn 0.7118047004201135 -0.3473022938882993 -0.6105040418537439
vn 0.7278916262542545 0.0003999953636392509 0.6856920740628741
vn 0.7271101391437649 -0.347104813651159 0.5923082760645243
vn 0.7271101391437649 -0.347104813651159 0.5923082760645243
vn 0.7110954163124938 0 -0.703095519043722
vn 0.7118234093578202 -0.34741145641922194 -0.6104201125773003
vn 0.7111454065343653 0 -0.7030449564324263
vn 0.7271101391437649 -0.347104813651159 0.5923082760645243
vn 0.7278916262542545 0.0003999953636392509 0.6856920740628741
vn 0.7278916262542545 0.0003999953636392509 0.6856920740628741
vn 0.7122744878343726 0.3470875601581248 -0.610078093004299
vn 0.7110954163124938 0 -0.703095519043722
vn 0.7111454065343653 0 -0.7030449564324263
vn 0.7271101391437649 0.347104813651159 0.5923082760645243
vn 0.7278916262542545 0.0003999953636392509 0.6856920740628741
vn 0.7278916262542545 0.0003999953636392509 0.6856920740628741
vn 0.7110954163124938 0 -0.703095519043722
vn 0.7122744878343726 0.3470875601581248 -0.610078093004299
vn 0.7122744878343726 0.3470875601581248 -0.610078093004299
vn 0.7271101391437649 0.347104813651159 0.5923082760645243
vn 0.7278916262542545 0.0003999953636392509 0.6856920740628741
vn 0.7271101391437649 0.347104813651159 0.5923082760645243
vn 0.7154090981710683 0.6012076123612259 -0.3560045352140513
vn 0.7122744878343726 0.3470875601581248 -0.610078093004299
vn 0.7122744878343726 0.3470875601581248 -0.610078093004299
vn 0.7240011844897525 0.6012010105219329 0.3382005762928888
vn 0.7271101391437649 0.347104813651159 0.5923082760645243
vn 0.7271101391437649 0.347104813651159 0.5923082760645243
vn 0.7122744878343726 0.3470875601581248 -0.610078093004299
vn 0.7154090981710683 0.6012076123612259 -0.3560045352140513
vn 0.7154090981710683 0.6012076123612259 -0.3560045352140513
vn 0.7271101391437649 0.347104813651159 0.5923082760645243
vn 0.7239536201975014 0.601244522092331 0.3382250441006644
vn 0.7240011844897525 0.6012010105219329 0.3382005762928888
vn 0.7192693252198763 0.694670429060138 -0.009199607988799692
vn 0.7154090981710683 0.6012076123612259 -0.3560045352140513
vn 0.7154090981710683 0.6012076123612259 -0.3560045352140513
vn 0.7239536201975014 0.601244522092331 0.3382250441006644
vn 0.7192693252198763 0.694670429060138 -0.009199607988799692
vn 0.7240011844897525 0.6012010105219329 0.3382005762928888
vn 0.7154090981710683 0.6012076123612259 -0.3560045352140513
vn 0.7192693252198763 0.694670429060138 -0.009199607988799692
vn 0.7196640924312533 0.6942653613548868 -0.008899555487150757
vn 0.7192693252198763 0.694670429060138 -0.009199607988799692
vn 0.7239536201975014 0.601244522092331 0.3382250441006644
vn 0.7196640924312533 0.6942653613548868 -0.008899555487150757
vn -0.6943267532995867 0.6918266364927933 -0.19820763025555627
vn -0.6943267532995867 0.6918266364927933 -0.19820763025555627
vn -0.6803933483864462 0.6767933469974232 -0.28109723750244486
vn -0.6943267532995867 0.6918266364927933 -0.19820763025555627
vn -0.7069804016858469 0.7070803586743502 0.014699592139614961
vn -0.6943267532995867 0.6918266364927933 -0.19820763025555627
vn -0.7069804016858469 0.7070803586743502 0.014699592139614961
vn -0.6943267532995867 0.6918266364927933 -0.19820763025555627
vn -0.7069804016858469 0.7070803586743502 0.014699592139614961
vn -0.6880813179497662 0.6906812129269836 0.22249395946457423
vn -0.7069804016858469 0.7070803586743502 0.014699592139614961
vn -0.7069804016858469 0.7070803586743502 0.014699592139614961
vn -0.6880813179497662 0.6906812129269836 0.22249395946457423
vn -0.7069804016858469 0.7070803586743502 0.014699592139614961
vn -0.6880813179497662 0.6906812129269836 0.22249395946457423
vn -0.67323982291666 0.6768400030430679 0.29771756938381044
vn -0.6880813179497662 0.6906812129269836 0.22249395946457423
vn -0.6880813179497662 0.6906812129269836 0.22249395946457423
vn -0.6892213813000094 0.6918214551112284 0.21530666921089464
vn -0.67323982291666 0.6768400030430679 0.29771756938381044
vn -0.6894772745024991 0.6914772487812013 0.21559290888752894
vn -0.7071042037468442 0.7071042037468442 0.0027000161264210416
vn -0.6892213813000094 0.6918214551112284 0.21530666921089464
vn -0.6894772745024991 0.6914772487812013 0.21559290888752894
vn -0.6892213813000094 0.6918214551112284 0.21530666921089464
vn -0.7071042037468442 0.7071042037468442 0.0027000161264210416
vn -0.7071042037468442 0.7071042037468442 0.0027000161264210416
vn -0.7071042037468442 0.7071042037468442 0.0027000161264210416
vn -0.6933275594649239 0.6907274259958394 -0.20540817477299836
vn -0.7071042037468442 0.7071042037468442 0.0027000161264210416
vn -0.6933275594649239 0.6907274259958394 -0.20540817477299836
vn -0.7071042037468442 0.7071042037468442 0.0027000161264210416
vn -0.6933275594649239 0.6907274259958394 -0.20540817477299836
vn -0.6803048765872378 0.677004805864979 -0.28080200805433175
vn -0.6933275594649239 0.6907274259958394 -0.20540817477299836
vn -0.6933275594649239 0.6907274259958394 -0.20540817477299836
vn 0.6982900418397516 -0.005999914300106275 -0.7157897865266236
vn 0.6832709317506673 0.20679119244654076 -0.700270116848572
vn 0.6832709317506673 0.20679119244654076 -0.700270116848572
vn 0.668497781840397 0.28939904940723177 -0.6850977345435173
vn 0.6832709317506673 0.20679119244654076 -0.700270116848572
vn 0.6832709317506673 0.20679119244654076 -0.700270116848572
vn 0.6832709317506673 0.20679119244654076 -0.700270116848572
vn 0.6982900418397516 -0.005999914300106275 -0.7157897865266236
vn 0.6982900418397516 -0.005999914300106275 -0.7157897865266236
vn 0.6982900418397516 -0.005999914300106275 -0.7157897865266236
vn 0.6821749722480489 -0.2139921460051631 -0.6991742763335036
vn 0.6982900418397516 -0.005999914300106275 -0.7157897865266236
vn 0.6821749722480489 -0.2139921460051631 -0.6991742763335036
vn 0.6982900418397516 -0.005999914300106275 -0.7157897865266236
vn 0.6821749722480489 -0.2139921460051631 -0.6991742763335036
vn 0.6821749722480489 -0.2139921460051631 -0.6991742763335036
vn 0.6821749722480489 -0.2139921460051631 -0.6991742763335036
vn 0.668497781840397 -0.28939904940723177 -0.6850977345435173
vn 0.6991742763335036 -0.2139921460051631 0.6821749722480489
vn 0.6991892611850967 -0.21389672633844772 0.6821895392815208
vn 0.6851435486006244 -0.28941840703544086 0.6684424458994295
vn 0.6991742763335036 -0.2139921460051631 0.6821749722480489
vn 0.7157897865266234 -0.0059999143001062735 0.6982900418397515
vn 0.6991892611850967 -0.21389672633844772 0.6821895392815208
vn 0.7157897865266234 -0.0059999143001062735 0.6982900418397515
vn 0.6991742763335036 -0.2139921460051631 0.6821749722480489
vn 0.7157409823645341 -0.006000344206417389 0.6983400618847929
vn 0.700270116848572 0.20679119244654076 0.6832709317506673
vn 0.7157897865266234 -0.0059999143001062735 0.6982900418397515
vn 0.7157409823645341 -0.006000344206417389 0.6983400618847929
vn 0.7003179859028481 0.20680532067405694 0.6832175919587247
vn 0.7157897865266234 -0.0059999143001062735 0.6982900418397515
vn 0.700270116848572 0.20679119244654076 0.6832709317506673
vn 0.6851435486006244 0.28941840703544086 0.6684424458994295
vn 0.7003179859028481 0.20680532067405694 0.6832175919587247
vn 0.700270116848572 0.20679119244654076 0.6832709317506673
vn 0.6982900418397516 0.005999914300106275 -0.7157897865266236
vn 0.6832709317506673 -0.20679119244654076 -0.700270116848572
vn 0.6832709317506673 -0.20679119244654076 -0.700270116848572
vn 0.668497781840397 -0.28939904940723177 -0.6850977345435173
vn 0.6832709317506673 -0.20679119244654076 -0.700270116848572
vn 0.6832709317506673 -0.20679119244654076 -0.700270116848572
vn 0.6982900418397516 0.005999914300106275 -0.7157897865266236
vn 0.6832709317506673 -0.20679119244654076 -0.700270116848572
vn 0.6982900418397516 0.005999914300106275 -0.7157897865266236
vn 0.6821749722480489 0.2139921460051631 -0.6991742763335036
vn 0.6982900418397516 0.005999914300106275 -0.7157897865266236
vn 0.6982900418397516 0.005999914300106275 -0.7157897865266236
vn 0.6982900418397516 0.005999914300106275 -0.7157897865266236
vn 0.6821749722480489 0.2139921460051631 -0.6991742763335036
vn 0.6821749722480489 0.2139921460051631 -0.6991742763335036
vn 0.6821749722480489 0.2139921460051631 -0.6991742763335036
vn 0.668497781840397 0.28939904940723177 -0.6850977345435173
vn 0.6821749722480489 0.2139921460051631 -0.6991742763335036
vn 0.6991742763335036 0.2139921460051631 0.6821749722480489
vn 0.6851435486006244 0.28941840703544086 0.6684424458994295
vn 0.6991892611850967 0.21389672633844772 0.6821895392815208
vn 0.7157897865266234 0.0059999143001062735 0.6982900418397515
vn 0.6991742763335036 0.2139921460051631 0.6821749722480489
vn 0.6991892611850967 0.21389672633844772 0.6821895392815208
vn 0.6991742763335036 0.2139921460051631 0.6821749722480489
vn 0.7157897865266234 0.0059999143001062735 0.6982900418397515
vn 0.715786584699307 0.006699874610367429 0.6982869588104215
vn 0.7157897865266234 0.0059999143001062735 0.6982900418397515
vn 0.7003179859028481 -0.20680532067405694 0.6832175919587247
vn 0.715786584699307 0.006699874610367429 0.6982869588104215
vn 0.7003179859028481 -0.20680532067405694 0.6832175919587247
vn 0.7157897865266234 0.0059999143001062735 0.6982900418397515
vn 0.7003179859028481 -0.20680532067405694 0.6832175919587247
vn 0.6851435486006244 -0.28941840703544086 0.6684424458994295
vn 0.7003179859028481 -0.20680532067405694 0.6832175919587247
vn 0.7003179859028481 -0.20680532067405694 0.6832175919587247
vn 0.11460363238468439 0.6964220476712556 0.708422429742037
vn 0.04139852179426127 0.6960751461632879 0.7167744089230637
vn 0.04190063432591221 0.6961105392837886 0.7167108579762965
vn 0.11460363238468439 0.6964220476712556 0.708422429742037
vn 0.04190063432591221 0.6961105392837886 0.7167108579762965
vn 0.11589451857214175 0.696367024050539 0.7082664953108594
vn 0.04139852179426127 0.6960751461632879 0.7167744089230637
vn -0.06710168714311962 0.6887173051491395 0.7219181651479992
vn 0.04190063432591221 0.6961105392837886 0.7167108579762965
vn 0.11589451857214175 0.696367024050539 0.7082664953108594
vn 0.2668994957080497 0.6845987423538283 0.6782987698340204
vn 0.11460363238468439 0.6964220476712556 0.708422429742037
vn -0.06710168714311962 0.6887173051491395 0.7219181651479992
vn 0.04139852179426127 0.6960751461632879 0.7167744089230637
vn -0.06830087124715589 0.6886088071196934 0.7219092060252954
vn 0.2668994957080497 0.6845987423538283 0.6782987698340204
vn 0.11589451857214175 0.696367024050539 0.7082664953108594
vn 0.2706991088264127 0.6840977547939231 0.6772977590148218
vn -0.25830605231672077 0.6553153891632345 0.7098166834207197
vn -0.06710168714311962 0.6887173051491395 0.7219181651479992
vn -0.06830087124715589 0.6886088071196934 0.7219092060252954
vn 0.2668994957080497 0.6845987423538283 0.6782987698340204
vn 0.2706991088264127 0.6840977547939231 0.6772977590148218
vn 0.4213062027399114 0.6540095959260007 0.6283092645899674
vn 0.2668994957080497 0.6845987423538283 0.6782987698340204
vn 0.4213062027399114 0.6540095959260007 0.6283092645899674
vn 0.42067810296409675 0.6541659739220163 0.6285672694701726
vn 0.42067810296409675 0.6541659739220163 0.6285672694701726
vn 0.4213062027399114 0.6540095959260007 0.6283092645899674
vn 0.4469800817738993 0.646871198760466 0.6178725262637886
vn -0.06710168714311962 0.6887173051491395 0.7219181651479992
vn -0.25830605231672077 0.6553153891632345 0.7098166834207197
vn -0.2581010777267792 0.655302708049944 0.7099029472390468
vn -0.5466791627103692 0.5482791302590665 0.6328758870273468
vn -0.2581010777267792 0.655302708049944 0.7099029472390468
vn -0.25830605231672077 0.6553153891632345 0.7098166834207197
vn -0.2581010777267792 0.655302708049944 0.7099029472390468
vn -0.5466791627103692 0.5482791302590665 0.6328758870273468
vn -0.5506949351816426 0.5461949633746269 0.6311942255355925
vn -0.5506949351816426 0.5461949633746269 0.6311942255355925
vn -0.5466791627103692 0.5482791302590665 0.6328758870273468
vn -0.8248505030298177 0.3410795345059793 0.45087292976252313
vn 0.024200640472376314 0.6961184101901774 -0.7175189809301401
vn 0.09710376854030492 0.6964269979994013 -0.711027632791309
vn 0.09839830885589208 0.6963880301326598 -0.7108878141466868
vn 0.09710376854030492 0.6964269979994013 -0.711027632791309
vn 0.024200640472376314 0.6961184101901774 -0.7175189809301401
vn 0.02339928264336724 0.6958786963135254 -0.7177780392215718
vn 0.09839830885589208 0.6963880301326598 -0.7108878141466868
vn 0.09710376854030492 0.6964269979994013 -0.711027632791309
vn 0.2501119575605147 0.6846327514387721 -0.6846327514387721
vn -0.08480428904779826 0.6887348890698342 -0.7200364470893544
vn 0.02339928264336724 0.6958786963135254 -0.7177780392215718
vn 0.024200640472376314 0.6961184101901774 -0.7175189809301401
vn 0.2538013213521384 0.68400354629539 -0.6839035296993567
vn 0.09839830885589208 0.6963880301326598 -0.7108878141466868
vn 0.2501119575605147 0.6846327514387721 -0.6846327514387721
vn 0.02339928264336724 0.6958786963135254 -0.7177780392215718
vn -0.08480428904779826 0.6887348890698342 -0.7200364470893544
vn -0.08600146569705718 0.6886117059479469 -0.7200122681797975
vn 0.2501119575605147 0.6846327514387721 -0.6846327514387721
vn 0.40558987223559534 0.6543836491603531 -0.6381840606372847
vn 0.2538013213521384 0.68400354629539 -0.6839035296993567
vn 0.40558987223559534 0.6543836491603531 -0.6381840606372847
vn 0.2501119575605147 0.6846327514387721 -0.6846327514387721
vn 0.40509565479859755 0.6541930245747665 -0.6386931947821385
vn 0.40558987223559534 0.6543836491603531 -0.6381840606372847
vn 0.40509565479859755 0.6541930245747665 -0.6386931947821385
vn 0.4315952905347457 0.6468928975418835 -0.6286931559179679
vn -0.08480428904779826 0.6887348890698342 -0.7200364470893544
vn -0.2756918062019853 0.655280527914089 -0.7032790752821527
vn -0.08600146569705718 0.6886117059479469 -0.7200122681797975
vn -0.2756918062019853 0.655280527914089 -0.7032790752821527
vn -0.08480428904779826 0.6887348890698342 -0.7200364470893544
vn -0.2755993935852463 0.6552985985468084 -0.7032984579807021
vn -0.2755993935852463 0.6552985985468084 -0.7032984579807021
vn -0.561985333014857 0.5479856915968759 -0.6195838662209289
vn -0.2756918062019853 0.655280527914089 -0.7032790752821527
vn -0.561985333014857 0.5479856915968759 -0.6195838662209289
vn -0.2755993935852463 0.6552985985468084 -0.7032984579807021
vn -0.5657910053658602 0.5460913724355465 -0.6177902161725697
vn -0.561985333014857 0.5479856915968759 -0.6195838662209289
vn -0.5657910053658602 0.5460913724355465 -0.6177902161725697
vn -0.835705048268301 0.3411020960634359 -0.4304026398153326
vn 0.2169061138736293 -0.6648186994109662 -0.7148201414885786
vn 0.14389672341231383 -0.678484533872461 -0.7203835577573028
vn 0.1437008683685509 -0.6785040520313375 -0.7204042697036022
vn 0.2169061138736293 -0.6648186994109662 -0.7148201414885786
vn 0.1437008683685509 -0.6785040520313375 -0.7204042697036022
vn 0.21670109351576491 -0.6649033524807828 -0.7148035869586046
vn 0.14389672341231383 -0.678484533872461 -0.7203835577573028
vn 0.03419947934390446 -0.6917894356500456 -0.72128896590451
vn 0.1437008683685509 -0.6785040520313375 -0.7204042697036022
vn 0.21670109351576491 -0.6649033524807828 -0.7148035869586046
vn 0.36729798777252937 -0.6236965835654773 -0.6899962027627418
vn 0.2169061138736293 -0.6648186994109662 -0.7148201414885786
vn 0.03419947934390446 -0.6917894356500456 -0.72128896590451
vn 0.14389672341231383 -0.678484533872461 -0.7203835577573028
vn 0.03560017859289757 -0.691703451372486 -0.7213036549495259
vn 0.36729798777252937 -0.6236965835654773 -0.6899962027627418
vn 0.21670109351576491 -0.6649033524807828 -0.7148035869586046
vn 0.3679134889213557 -0.6235228254573071 -0.689825304554314
vn -0.15549917319111117 -0.6948962718287426 -0.7020962744064343
vn 0.03419947934390446 -0.6917894356500456 -0.72128896590451
vn 0.03560017859289757 -0.691703451372486 -0.7213036549495259
vn 0.3679134889213557 -0.6235228254573071 -0.689825304554314
vn 0.5152115260708677 -0.5639125742982618 -0.6454143567910732
vn 0.36729798777252937 -0.6236965835654773 -0.6899962027627418
vn 0.5152115260708677 -0.5639125742982618 -0.6454143567910732
vn 0.3679134889213557 -0.6235228254573071 -0.689825304554314
vn 0.5154207336400812 -0.5638226257086336 -0.645325897568773
vn 0.5152115260708677 -0.5639125742982618 -0.6454143567910732
vn 0.5154207336400812 -0.5638226257086336 -0.645325897568773
vn 0.540287321110737 -0.5515870505680849 -0.6354851188600597
vn 0.03419947934390446 -0.6917894356500456 -0.72128896590451
vn -0.15549917319111117 -0.6948962718287426 -0.7020962744064343
vn -0.15849113694438502 -0.6947611671217391 -0.7015607458871362
vn -0.15549917319111117 -0.6948962718287426 -0.7020962744064343
vn -0.46030337058931653 -0.6429047050012926 -0.6122044979509013
vn -0.15849113694438502 -0.6947611671217391 -0.7015607458871362
vn -0.46030337058931653 -0.6429047050012926 -0.6122044979509013
vn -0.15549917319111117 -0.6948962718287426 -0.7020962744064343
vn -0.4520950233598062 -0.6453928827840952 -0.6156932001451141
vn -0.46030337058931653 -0.6429047050012926 -0.6122044979509013
vn -0.4520950233598062 -0.6453928827840952 -0.6156932001451141
vn -0.754784212842781 -0.497889569387916 -0.4270910543877256
vn 0.1618921405215886 -0.678367055884292 0.7166652442585839
vn 0.23451009257878 -0.6648285946760506 0.7092305381043315
vn 0.23428887421169975 -0.6648684226980762 0.709266313819842
vn 0.23428887421169975 -0.6648684226980762 0.709266313819842
vn 0.23451009257878 -0.6648285946760506 0.7092305381043315
vn 0.38420695768634383 -0.6237112993743519 0.6807122950984226
vn 0.23451009257878 -0.6648285946760506 0.7092305381043315
vn 0.1618921405215886 -0.678367055884292 0.7166652442585839
vn 0.16160060710184856 -0.6785025699421906 0.7166027535295665
vn 0.3847923544427082 -0.6234876460975023 0.6805865111256856
vn 0.23428887421169975 -0.6648684226980762 0.709266313819842
vn 0.38420695768634383 -0.6237112993743519 0.6807122950984226
vn 0.05160101211902348 -0.6914135326599109 0.7206140870140098
vn 0.16160060710184856 -0.6785025699421906 0.7166027535295665
vn 0.1618921405215886 -0.678367055884292 0.7166652442585839
vn 0.38420695768634383 -0.6237112993743519 0.6807122950984226
vn 0.5308981288391683 -0.5639980170393143 0.6324977577594969
vn 0.3847923544427082 -0.6234876460975023 0.6805865111256856
vn 0.5314967041833384 -0.5639965540137915 0.6319961554493961
vn 0.3847923544427082 -0.6234876460975023 0.6805865111256856
vn 0.5308981288391683 -0.5639980170393143 0.6324977577594969
vn 0.5314967041833384 -0.5639965540137915 0.6319961554493961
vn 0.5308981288391683 -0.5639980170393143 0.6324977577594969
vn 0.5557141860074699 -0.5516140421275192 0.6220158293787984
vn 0.16160060710184856 -0.6785025699421906 0.7166027535295665
vn 0.05160101211902348 -0.6914135326599109 0.7206140870140098
vn 0.05330059297800047 -0.6917076697758752 0.7202079882654888
vn 0.05160101211902348 -0.6914135326599109 0.7206140870140098
vn -0.13770010008229325 -0.6950004318311321 0.7057004195775047
vn 0.05330059297800047 -0.6917076697758752 0.7202079882654888
vn -0.13770010008229325 -0.6950004318311321 0.7057004195775047
vn 0.05160101211902348 -0.6914135326599109 0.7206140870140098
vn -0.1415048538586408 -0.6950238937932363 0.7049242252830675
vn -0.4450060090702993 -0.6429086868031508 0.6234084313869782
vn -0.13770010008229325 -0.6950004318311321 0.7057004195775047
vn -0.1415048538586408 -0.6950238937932363 0.7049242252830675
vn -0.13770010008229325 -0.6950004318311321 0.7057004195775047
vn -0.4450060090702993 -0.6429086868031508 0.6234084313869782
vn -0.43678072684704217 -0.6453715053918783 0.626672335980447
vn -0.43678072684704217 -0.6453715053918783 0.626672335980447
vn -0.4450060090702993 -0.6429086868031508 0.6234084313869782
vn -0.7440000837008319 -0.4979000730785399 0.4456000366713848
vn -0.6832709317506673 0.20679119244654076 0.700270116848572
vn -0.6832709317506673 0.20679119244654076 0.700270116848572
vn -0.668497781840397 0.28939904940723177 0.6850977345435173
vn -0.6832709317506673 0.20679119244654076 0.700270116848572
vn -0.6982900418397516 -0.005999914300106275 0.7157897865266236
vn -0.6832709317506673 0.20679119244654076 0.700270116848572
vn -0.6982900418397516 -0.005999914300106275 0.7157897865266236
vn -0.6832709317506673 0.20679119244654076 0.700270116848572
vn -0.6982900418397516 -0.005999914300106275 0.7157897865266236
vn -0.6982900418397516 -0.005999914300106275 0.7157897865266236
vn -0.6982900418397516 -0.005999914300106275 0.7157897865266236
vn -0.6821749722480489 -0.2139921460051631 0.6991742763335036
vn -0.6982900418397516 -0.005999914300106275 0.7157897865266236
vn -0.6821749722480489 -0.2139921460051631 0.6991742763335036
vn -0.6821895392815208 -0.21389672633844772 0.6991892611850967
vn -0.668497781840397 -0.28939904940723177 0.6850977345435173
vn -0.6821895392815208 -0.21389672633844772 0.6991892611850967
vn -0.6821749722480489 -0.2139921460051631 0.6991742763335036
vn -0.7157897865266234 -0.0059999143001062735 -0.6982900418397515
vn -0.7157897865266234 -0.0059999143001062735 -0.6982900418397515
vn -0.7003179859028481 0.20680532067405694 -0.6832175919587247
vn -0.7157897865266234 -0.0059999143001062735 -0.6982900418397515
vn -0.6991742763335036 -0.2139921460051631 -0.6821749722480489
vn -0.7157897865266234 -0.0059999143001062735 -0.6982900418397515
vn -0.7157897865266234 -0.0059999143001062735 -0.6982900418397515
vn -0.7003179859028481 0.20680532067405694 -0.6832175919587247
vn -0.7003179859028481 0.20680532067405694 -0.6832175919587247
vn -0.6851435486006244 0.28941840703544086 -0.6684424458994295
vn -0.7003179859028481 0.20680532067405694 -0.6832175919587247
vn -0.7003179859028481 0.20680532067405694 -0.6832175919587247
vn -0.6991742763335036 -0.2139921460051631 -0.6821749722480489
vn -0.7157897865266234 -0.0059999143001062735 -0.6982900418397515
vn -0.6991892611850967 -0.21389672633844772 -0.6821895392815208
vn -0.6991742763335036 -0.2139921460051631 -0.6821749722480489
vn -0.6991892611850967 -0.21389672633844772 -0.6821895392815208
vn -0.6851435486006244 -0.28941840703544086 -0.6684424458994295
vn -0.6832709317506673 -0.20679119244654076 0.700270116848572
vn -0.668497781840397 -0.28939904940723177 0.6850977345435173
vn -0.6832709317506673 -0.20679119244654076 0.700270116848572
vn -0.6982900418397516 0.005999914300106275 0.7157897865266236
vn -0.6832709317506673 -0.20679119244654076 0.700270116848572
vn -0.6832709317506673 -0.20679119244654076 0.700270116848572
vn -0.6832709317506673 -0.20679119244654076 0.700270116848572
vn -0.6982900418397516 0.005999914300106275 0.7157897865266236
vn -0.6982900418397516 0.005999914300106275 0.7157897865266236
vn -0.6821749722480489 0.2139921460051631 0.6991742763335036
vn -0.6982900418397516 0.005999914300106275 0.7157897865266236
vn -0.6982900418397516 0.005999914300106275 0.7157897865266236
vn -0.6982900418397516 0.005999914300106275 0.7157897865266236
vn -0.6821749722480489 0.2139921460051631 0.6991742763335036
vn -0.6821749722480489 0.2139921460051631 0.6991742763335036
vn -0.668497781840397 0.28939904940723177 0.6850977345435173
vn -0.6821749722480489 0.2139921460051631 0.6991742763335036
vn -0.6821749722480489 0.2139921460051631 0.6991742763335036
vn -0.7003179859028481 -0.20680532067405694 -0.6832175919587247
vn -0.7003179859028481 -0.20680532067405694 -0.6832175919587247
vn -0.7157897865266234 0.0059999143001062735 -0.6982900418397515
vn -0.6851435486006244 -0.28941840703544086 -0.6684424458994295
vn -0.7003179859028481 -0.20680532067405694 -0.6832175919587247
vn -0.7003179859028481 -0.20680532067405694 -0.6832175919587247
vn -0.7003179859028481 -0.20680532067405694 -0.6832175919587247
vn -0.7157897865266234 0.0059999143001062735 -0.6982900418397515
vn -0.7157897865266234 0.0059999143001062735 -0.6982900418397515
vn -0.7157897865266234 0.0059999143001062735 -0.6982900418397515
vn -0.6991742763335036 0.2139921460051631 -0.6821749722480489
vn -0.7157897865266234 0.0059999143001062735 -0.6982900418397515
vn -0.6991742763335036 0.2139921460051631 -0.6821749722480489
vn -0.7157897865266234 0.0059999143001062735 -0.6982900418397515
vn -0.6991742763335036 0.2139921460051631 -0.6821749722480489
vn -0.6991742763335036 0.2139921460051631 -0.6821749722480489
vn -0.6851435486006244 0.28941840703544086 -0.6684424458994295
vn -0.6991742763335036 0.2139921460051631 -0.6821749722480489
vn 0.7068030771339731 -0.7074031170875905 -0.0032000138605410688
vn 0.7067030706640358 -0.707503024605911 -0.0032000136735487435
vn 0.6892213813000094 -0.6918214551112284 -0.21530666921089464
vn 0.7068030771339731 -0.7074031170875905 -0.0032000138605410688
vn 0.6933275594649239 -0.6907274259958394 0.20540817477299836
vn 0.7067030706640358 -0.707503024605911 -0.0032000136735487435
vn 0.7068030771339731 -0.7074031170875905 -0.0032000138605410688
vn 0.6892213813000094 -0.6918214551112284 -0.21530666921089464
vn 0.6892213813000094 -0.6918214551112284 -0.21530666921089464
vn 0.67323982291666 -0.6768400030430679 -0.29771756938381044
vn 0.6892213813000094 -0.6918214551112284 -0.21530666921089464
vn 0.6892213813000094 -0.6918214551112284 -0.21530666921089464
vn 0.6933275594649239 -0.6907274259958394 0.20540817477299836
vn 0.7068030771339731 -0.7074031170875905 -0.0032000138605410688
vn 0.6933275594649239 -0.6907274259958394 0.20540817477299836
vn 0.6933275594649239 -0.6907274259958394 0.20540817477299836
vn 0.6933275594649239 -0.6907274259958394 0.20540817477299836
vn 0.6803933483864462 -0.6767933469974232 0.28109723750244486
vn 0.6943267532995867 -0.6918266364927933 0.19820763025555627
vn 0.6943267532995867 -0.6918266364927933 0.19820763025555627
vn 0.706681362426366 -0.7073812997617339 -0.014599614605016041
vn 0.680293565426161 -0.6768935972519047 0.2810973547352193
vn 0.6943267532995867 -0.6918266364927933 0.19820763025555627
vn 0.6943267532995867 -0.6918266364927933 0.19820763025555627
vn 0.6943267532995867 -0.6918266364927933 0.19820763025555627
vn 0.7069804016858469 -0.7070803586743502 -0.014699592139614961
vn 0.706681362426366 -0.7073812997617339 -0.014599614605016041
vn 0.6880286552109869 -0.6907287457041436 -0.2225092570356152
vn 0.706681362426366 -0.7073812997617339 -0.014599614605016041
vn 0.7069804016858469 -0.7070803586743502 -0.014699592139614961
vn 0.706681362426366 -0.7073812997617339 -0.014599614605016041
vn 0.6880286552109869 -0.6907287457041436 -0.2225092570356152
vn 0.6880286552109869 -0.6907287457041436 -0.2225092570356152
vn 0.6880286552109869 -0.6907287457041436 -0.2225092570356152
vn 0.6731942399681465 -0.676894198349548 -0.2976974294723294
vn 0.6880286552109869 -0.6907287457041436 -0.2225092570356152
vn 0.9652918468186934 -0.26089778247895207 -0.011999898454636532
vn 0.8585781007979995 -0.08319787825473517 -0.5058870999383266
vn 0.8749890684582682 -0.1239984448668775 -0.4679941407209369
vn 0.9652918468186934 -0.26089778247895207 -0.011999898454636532
vn 0.8749890684582682 -0.1239984448668775 -0.4679941407209369
vn 0.9652918468186934 -0.26089778247895207 -0.011999898454636532
vn 0.8585781007979995 -0.08319787825473517 -0.5058870999383266
vn 0.7456412050488407 0.13830764100372292 -0.6518360144800974
vn 0.8749890684582682 -0.1239984448668775 -0.4679941407209369
vn 0.8863618203407557 -0.12399465352251426 0.44608076548989833
vn 0.9652918468186934 -0.26089778247895207 -0.011999898454636532
vn 0.9652918468186934 -0.26089778247895207 -0.011999898454636532
vn 0.7456412050488407 0.13830764100372292 -0.6518360144800974
vn 0.8585781007979995 -0.08319787825473517 -0.5058870999383266
vn 0.7304657632247997 0.16679218262045756 -0.662268930701958
vn 0.9652918468186934 -0.26089778247895207 -0.011999898454636532
vn 0.8863618203407557 -0.12399465352251426 0.44608076548989833
vn 0.870500929698921 -0.08310008865626524 0.4851005119133918
vn 0.6778170402478207 0.2533063864653042 -0.6902173096391991
vn 0.7456412050488407 0.13830764100372292 -0.6518360144800974
vn 0.7304657632247997 0.16679218262045756 -0.662268930701958
vn 0.7616087627191831 0.13830157810972205 0.6331072310767863
vn 0.870500929698921 -0.08310008865626524 0.4851005119133918
vn 0.8863618203407557 -0.12399465352251426 0.44608076548989833
vn 0.7456412050488407 0.13830764100372292 -0.6518360144800974
vn 0.6778170402478207 0.2533063864653042 -0.6902173096391991
vn 0.6778170402478207 0.2533063864653042 -0.6902173096391991
vn 0.870500929698921 -0.08310008865626524 0.4851005119133918
vn 0.7616087627191831 0.13830157810972205 0.6331072310767863
vn 0.7466911668168096 0.1668980120410533 0.6438923473489151
vn 0.6618687633852031 0.3511834508070414 -0.6622687701637461
vn 0.6778170402478207 0.2533063864653042 -0.6902173096391991
vn 0.6778170402478207 0.2533063864653042 -0.6902173096391991
vn 0.7616087627191831 0.13830157810972205 0.6331072310767863
vn 0.6942880607473412 0.25319563823812447 0.6736883979117386
vn 0.7466911668168096 0.1668980120410533 0.6438923473489151
vn 0.6778170402478207 0.2533063864653042 -0.6902173096391991
vn 0.6618687633852031 0.3511834508070414 -0.6622687701637461
vn 0.6571833918668101 0.3720905983297115 -0.6554834674414541
vn 0.6942880607473412 0.25319563823812447 0.6736883979117386
vn 0.7616087627191831 0.13830157810972205 0.6331072310767863
vn 0.6943348039078869 0.2532126899508328 0.6736338127870806
vn 0.6019825928212553 0.6116823546772557 -0.5132851594549432
vn 0.6571833918668101 0.3720905983297115 -0.6554834674414541
vn 0.6618687633852031 0.3511834508070414 -0.6622687701637461
vn 0.6776821140448185 0.3509907786273042 0.6461829660570946
vn 0.6942880607473412 0.25319563823812447 0.6736883979117386
vn 0.6943348039078869 0.2532126899508328 0.6736338127870806
vn 0.6571833918668101 0.3720905983297115 -0.6554834674414541
vn 0.6019825928212553 0.6116823546772557 -0.5132851594549432
vn 0.5935838703123888 0.6381826872704534 -0.4902866983441709
vn 0.6776821140448185 0.3509907786273042 0.6461829660570946
vn 0.6943348039078869 0.2532126899508328 0.6736338127870806
vn 0.6732075228756822 0.3721041389302338 0.6390071524909382
vn 0.5862154331798781 0.8101214125145751 -0.007400195072925182
vn 0.5935838703123888 0.6381826872704534 -0.4902866983441709
vn 0.6019825928212553 0.6116823546772557 -0.5132851594549432
vn 0.6145958131222786 0.6116958088170938 0.4980966010405679
vn 0.6776821140448185 0.3509907786273042 0.6461829660570946
vn 0.6732075228756822 0.3721041389302338 0.6390071524909382
vn 0.5935838703123888 0.6381826872704534 -0.4902866983441709
vn 0.5862154331798781 0.8101214125145751 -0.007400195072925182
vn 0.5862158939537149 0.8101219863622905 -0.007300197837287512
vn 0.6732075228756822 0.3721041389302338 0.6390071524909382
vn 0.6056119219154168 0.6382125036452867 0.4753093731715482
vn 0.6145958131222786 0.6116958088170938 0.4980966010405679
vn 0.6056119219154168 0.6382125036452867 0.4753093731715482
vn 0.5862154331798781 0.8101214125145751 -0.007400195072925182
vn 0.6145958131222786 0.6116958088170938 0.4980966010405679
vn 0.5862154331798781 0.8101214125145751 -0.007400195072925182
vn 0.6056119219154168 0.6382125036452867 0.4753093731715482
vn 0.5862158939537149 0.8101219863622905 -0.007300197837287512
vn 0.23779758696767975 0.9569902970120171 0.16619831243788227
vn 0.20230398840192487 0.9793193228005006 -0.0026000512000054097
vn 0.20230398840192487 0.9793193228005006 -0.0026000512000054097
vn 0.23348859060569313 0.9571532055324447 -0.17129162033191422
vn 0.20230398840192487 0.9793193228005006 -0.0026000512000054097
vn 0.20230398840192487 0.9793193228005006 -0.0026000512000054097
vn 0.20230398840192487 0.9793193228005006 -0.0026000512000054097
vn 0.23779758696767975 0.9569902970120171 0.16619831243788227
vn 0.2508084539283376 0.9406316517724959 0.22870770673902274
vn 0.20230398840192487 0.9793193228005006 -0.0026000512000054097
vn 0.24519051176123471 0.9407636356227892 -0.2341909366992148
vn 0.23348859060569313 0.9571532055324447 -0.17129162033191422
vn 0.38750270753246185 0.7588053491410058 0.5235036712096752
vn 0.2508084539283376 0.9406316517724959 0.22870770673902274
vn 0.23779758696767975 0.9569902970120171 0.16619831243788227
vn 0.3744006151035725 0.7587012636655504 -0.5331009021961636
vn 0.23348859060569313 0.9571532055324447 -0.17129162033191422
vn 0.24519051176123471 0.9407636356227892 -0.2341909366992148
vn 0.2508084539283376 0.9406316517724959 0.22870770673902274
vn 0.38750270753246185 0.7588053491410058 0.5235036712096752
vn 0.4178930696431933 0.7104882389478242 0.5661906433887871
vn 0.24519051176123471 0.9407636356227892 -0.2341909366992148
vn 0.4042785218195963 0.7102622478518299 -0.5762693953975241
vn 0.3744006151035725 0.7587012636655504 -0.5331009021961636
vn 0.6511018347200378 0.24370068577383713 0.718802042691562
vn 0.4178930696431933 0.7104882389478242 0.5661906433887871
vn 0.38750270753246185 0.7588053491410058 0.5235036712096752
vn 0.3744006151035725 0.7587012636655504 -0.5331009021961636
vn 0.4042785218195963 0.7102622478518299 -0.5762693953975241
vn 0.6331033295566242 0.24370130118373615 -0.7347039198926805
vn 0.4178930696431933 0.7104882389478242 0.5661906433887871
vn 0.6511018347200378 0.24370068577383713 0.718802042691562
vn 0.6511018347200378 0.24370068577383713 0.718802042691562
vn 0.6331033295566242 0.24370130118373615 -0.7347039198926805
vn 0.4042785218195963 0.7102622478518299 -0.5762693953975241
vn 0.6331033295566242 0.24370130118373615 -0.7347039198926805
vn 0.7834124345856115 -0.23900378571567926 0.5737091142296926
vn 0.6511018347200378 0.24370068577383713 0.718802042691562
vn 0.6511018347200378 0.24370068577383713 0.718802042691562
vn 0.7689087384751161 -0.2390027193304065 -0.593006789210104
vn 0.6331033295566242 0.24370130118373615 -0.7347039198926805
vn 0.6331033295566242 0.24370130118373615 -0.7347039198926805
vn 0.6511018347200378 0.24370068577383713 0.718802042691562
vn 0.794153047779967 -0.29598251473121634 0.530768582034746
vn 0.7834124345856115 -0.23900378571567926 0.5737091142296926
vn 0.6331033295566242 0.24370130118373615 -0.7347039198926805
vn 0.7689087384751161 -0.2390027193304065 -0.593006789210104
vn 0.7807470925952793 -0.295917830088093 -0.550333185661171
vn 0.794153047779967 -0.29598251473121634 0.530768582034746
vn 0.8253139619085145 -0.5014085031204933 0.2597044036541109
vn 0.7834124345856115 -0.23900378571567926 0.5737091142296926
vn 0.8186147644339145 -0.5014090437151086 -0.2801050487433369
vn 0.7807470925952793 -0.295917830088093 -0.550333185661171
vn 0.7689087384751161 -0.2390027193304065 -0.593006789210104
vn 0.794153047779967 -0.29598251473121634 0.530768582034746
vn 0.8296750683707661 -0.5248842175981537 0.19009428986778756
vn 0.8253139619085145 -0.5014085031204933 0.2597044036541109
vn 0.7807470925952793 -0.295917830088093 -0.550333185661171
vn 0.8186147644339145 -0.5014090437151086 -0.2801050487433369
vn 0.8252716460117138 -0.5244819990602092 -0.20939279584294068
vn 0.8296750683707661 -0.5248842175981537 0.19009428986778756
vn 0.8257072003334011 -0.5640049002188674 -0.010300089644372566
vn 0.8253139619085145 -0.5014085031204933 0.2597044036541109
vn 0.8257072003334011 -0.5640049002188674 -0.010300089644372566
vn 0.8252716460117138 -0.5244819990602092 -0.20939279584294068
vn 0.8186147644339145 -0.5014090437151086 -0.2801050487433369
vn 0.8257072003334011 -0.5640049002188674 -0.010300089644372566
vn 0.8296750683707661 -0.5248842175981537 0.19009428986778756
vn 0.8257072003334011 -0.5640049002188674 -0.010300089644372566
vn 0.8252716460117138 -0.5244819990602092 -0.20939279584294068
vn 0.8257072003334011 -0.5640049002188674 -0.010300089644372566
vn 0.8257072003334011 -0.5640049002188674 -0.010300089644372566
vn -0.6912073461321849 0.7226076689023828 0.0084000890689514
vn -0.6861670512842413 0.6262698677891145 0.37008219415596605
vn -0.6861670512842413 0.6262698677891145 0.37008219415596605
vn -0.6829167169718434 0.36160887141881065 0.6347155124869829
vn -0.6861670512842413 0.6262698677891145 0.37008219415596605
vn -0.6861670512842413 0.6262698677891145 0.37008219415596605
vn -0.6861670512842413 0.6262698677891145 0.37008219415596605
vn -0.6912073461321849 0.7226076689023828 0.0084000890689514
vn -0.691002964115875 0.722803114947686 0.008400036011642138
vn -0.6829167169718434 0.36160887141881065 0.6347155124869829
vn -0.6861670512842413 0.6262698677891145 0.37008219415596605
vn -0.6829167169718434 0.36160887141881065 0.6347155124869829
vn -0.6950914387368705 0.6262922398392672 -0.35299564035809433
vn -0.691002964115875 0.722803114947686 0.008400036011642138
vn -0.6912073461321849 0.7226076689023828 0.0084000890689514
vn -0.681715853406499 0 0.7316170413640246
vn -0.6829167169718434 0.36160887141881065 0.6347155124869829
vn -0.6829167169718434 0.36160887141881065 0.6347155124869829
vn -0.6951024273501466 0.6265021925348923 -0.35260121701563485
vn -0.6950914387368705 0.6262922398392672 -0.35299564035809433
vn -0.6912073461321849 0.7226076689023828 0.0084000890689514
vn -0.681715853406499 0 0.7316170413640246
vn -0.6829167169718434 0.36160887141881065 0.6347155124869829
vn -0.681715853406499 0 0.7316170413640246
vn -0.6983241979655027 0.3616125257011738 -0.61772137391534
vn -0.6950914387368705 0.6262922398392672 -0.35299564035809433
vn -0.6951024273501466 0.6265021925348923 -0.35260121701563485
vn -0.6829167169718434 -0.36160887141881065 0.6347155124869829
vn -0.681715853406499 0 0.7316170413640246
vn -0.681715853406499 0 0.7316170413640246
vn -0.6950914387368705 0.6262922398392672 -0.35299564035809433
vn -0.6983241979655027 0.3616125257011738 -0.61772137391534
vn -0.6983241979655027 0.3616125257011738 -0.61772137391534
vn -0.681715853406499 0 0.7316170413640246
vn -0.6829167169718434 -0.36160887141881065 0.6347155124869829
vn -0.6829167169718434 -0.36160887141881065 0.6347155124869829
vn -0.6995162913582977 0 -0.7146166511664369
vn -0.6983241979655027 0.3616125257011738 -0.61772137391534
vn -0.6983241979655027 0.3616125257011738 -0.61772137391534
vn -0.6861670512842413 -0.6262698677891145 0.37008219415596605
vn -0.6829167169718434 -0.36160887141881065 0.6347155124869829
vn -0.6829167169718434 -0.36160887141881065 0.6347155124869829
vn -0.6983241979655027 0.3616125257011738 -0.61772137391534
vn -0.6995162913582977 0 -0.7146166511664369
vn -0.6995162913582977 0 -0.7146166511664369
vn -0.6829167169718434 -0.36160887141881065 0.6347155124869829
vn -0.6861670512842413 -0.6262698677891145 0.37008219415596605
vn -0.6861670512842413 -0.6262698677891145 0.37008219415596605
vn -0.6995162913582977 0 -0.7146166511664369
vn -0.6983754179083853 -0.36158729325819305 -0.6176782374468942
vn -0.6995162913582977 0 -0.7146166511664369
vn -0.6912073461321849 -0.7226076689023828 0.0084000890689514
vn -0.6861670512842413 -0.6262698677891145 0.37008219415596605
vn -0.6861670512842413 -0.6262698677891145 0.37008219415596605
vn -0.6995162913582977 0 -0.7146166511664369
vn -0.6983241979655027 -0.3616125257011738 -0.61772137391534
vn -0.6983754179083853 -0.36158729325819305 -0.6176782374468942
vn -0.6912073461321849 -0.7226076689023828 0.0084000890689514
vn -0.6861670512842413 -0.6262698677891145 0.37008219415596605
vn -0.6905934637599014 -0.7231932101240005 0.008499920155215269
vn -0.6954260921023248 -0.6260234584369943 -0.3528132365854121
vn -0.6983754179083853 -0.36158729325819305 -0.6176782374468942
vn -0.6983241979655027 -0.3616125257011738 -0.61772137391534
vn -0.6954260921023248 -0.6260234584369943 -0.3528132365854121
vn -0.6912073461321849 -0.7226076689023828 0.0084000890689514
vn -0.6905934637599014 -0.7231932101240005 0.008499920155215269
vn -0.6954260921023248 -0.6260234584369943 -0.3528132365854121
vn -0.6983241979655027 -0.3616125257011738 -0.61772137391534
vn -0.6955974165330296 -0.6258976516469459 -0.35269868694880746
vn -0.6912073461321849 -0.7226076689023828 0.0084000890689514
vn -0.6954260921023248 -0.6260234584369943 -0.3528132365854121
vn -0.6955974165330296 -0.6258976516469459 -0.35269868694880746
vn -0.7239536201975014 -0.601244522092331 -0.3382250441006644
vn -0.7196640924312533 -0.6942653613548868 0.008899555487150757
vn -0.7196640924312533 -0.6942653613548868 0.008899555487150757
vn -0.7154090981710683 -0.6012076123612259 0.3560045352140513
vn -0.7196640924312533 -0.6942653613548868 0.008899555487150757
vn -0.7196640924312533 -0.6942653613548868 0.008899555487150757
vn -0.7239536201975014 -0.601244522092331 -0.3382250441006644
vn -0.7196640924312533 -0.6942653613548868 0.008899555487150757
vn -0.7239101016634435 -0.6013083527354588 -0.33820471557947274
vn -0.7154090981710683 -0.6012076123612259 0.3560045352140513
vn -0.7196640924312533 -0.6942653613548868 0.008899555487150757
vn -0.7154090981710683 -0.6012076123612259 0.3560045352140513
vn -0.7266987388767405 -0.34729938870412247 -0.5926989771550966
vn -0.7239536201975014 -0.601244522092331 -0.3382250441006644
vn -0.7239101016634435 -0.6013083527354588 -0.33820471557947274
vn -0.7154090981710683 -0.6012076123612259 0.3560045352140513
vn -0.7122744878343726 -0.3470875601581248 0.610078093004299
vn -0.7154090981710683 -0.6012076123612259 0.3560045352140513
vn -0.7266987388767405 -0.34729938870412247 -0.5926989771550966
vn -0.7239101016634435 -0.6013083527354588 -0.33820471557947274
vn -0.7267890169256191 -0.34729472723786226 -0.5925910033986941
vn -0.7122744878343726 -0.3470875601581248 0.610078093004299
vn -0.7154090981710683 -0.6012076123612259 0.3560045352140513
vn -0.7122744878343726 -0.3470875601581248 0.610078093004299
vn -0.7282323013185514 0 -0.6853303694688325
vn -0.7266987388767405 -0.34729938870412247 -0.5926989771550966
vn -0.7267890169256191 -0.34729472723786226 -0.5925910033986941
vn -0.7122744878343726 -0.3470875601581248 0.610078093004299
vn -0.7110954163124938 0 0.703095519043722
vn -0.7122744878343726 -0.3470875601581248 0.610078093004299
vn -0.7266987388767405 -0.34729938870412247 -0.5926989771550966
vn -0.7282323013185514 0 -0.6853303694688325
vn -0.7282323013185514 0 -0.6853303694688325
vn -0.7122744878343726 -0.3470875601581248 0.610078093004299
vn -0.7109959858243465 0.00029999833199408283 0.7031960026498064
vn -0.7110954163124938 0 0.703095519043722
vn -0.7282323013185514 0 -0.6853303694688325
vn -0.7270670611770514 0.347084257778123 -0.5923731987134254
vn -0.7282323013185514 0 -0.6853303694688325
vn -0.7122744878343726 0.3470875601581248 0.610078093004299
vn -0.7110954163124938 0 0.703095519043722
vn -0.7109959858243465 0.00029999833199408283 0.7031960026498064
vn -0.7282323013185514 0 -0.6853303694688325
vn -0.7266987388767405 0.34729938870412247 -0.5926989771550966
vn -0.7270670611770514 0.347084257778123 -0.5923731987134254
vn -0.7110954163124938 0 0.703095519043722
vn -0.7122744878343726 0.3470875601581248 0.610078093004299
vn -0.7122744878343726 0.3470875601581248 0.610078093004299
vn -0.7239101016634435 0.6013083527354588 -0.33820471557947274
vn -0.7270670611770514 0.347084257778123 -0.5923731987134254
vn -0.7266987388767405 0.34729938870412247 -0.5926989771550966
vn -0.7154090981710683 0.6012076123612259 0.3560045352140513
vn -0.7122744878343726 0.3470875601581248 0.610078093004299
vn -0.7122744878343726 0.3470875601581248 0.610078093004299
vn -0.7239101016634435 0.6013083527354588 -0.33820471557947274
vn -0.7266987388767405 0.34729938870412247 -0.5926989771550966
vn -0.7239101016634435 0.6013083527354588 -0.33820471557947274
vn -0.7122744878343726 0.3470875601581248 0.610078093004299
vn -0.7154090981710683 0.6012076123612259 0.3560045352140513
vn -0.7154090981710683 0.6012076123612259 0.3560045352140513
vn -0.7196640924312533 0.6942653613548868 0.008899555487150757
vn -0.7239101016634435 0.6013083527354588 -0.33820471557947274
vn -0.7239101016634435 0.6013083527354588 -0.33820471557947274
vn -0.7196640924312533 0.6942653613548868 0.008899555487150757
vn -0.7154090981710683 0.6012076123612259 0.3560045352140513
vn -0.7154090981710683 0.6012076123612259 0.3560045352140513
vn -0.7196640924312533 0.6942653613548868 0.008899555487150757
vn -0.7239101016634435 0.6013083527354588 -0.33820471557947274
vn -0.7196640924312533 0.6942653613548868 0.008899555487150757
vn -0.7154090981710683 0.6012076123612259 0.3560045352140513
vn -0.7196640924312533 0.6942653613548868 0.008899555487150757
vn -0.7196640924312533 0.6942653613548868 0.008899555487150757
vn -0.6606730707118013 -0.244990001949743 0.7095709919246307
vn -0.6606730707118013 -0.244990001949743 0.7095709919246307
vn -0.6990104312829417 -0.15590232599917353 0.6979103679597282
vn -0.6990104312829417 -0.15590232599917353 0.6979103679597282
vn -0.6606730707118013 -0.244990001949743 0.7095709919246307
vn -0.6990104312829417 -0.15590232599917353 0.6979103679597282
vn -0.6606730707118013 -0.244990001949743 0.7095709919246307
vn -0.5901987559890478 -0.37589919613268674 0.7143985041808111
vn -0.6606730707118013 -0.244990001949743 0.7095709919246307
vn -0.6990104312829417 -0.15590232599917353 0.6979103679597282
vn -0.7554567306254251 0.026498481105168354 0.6546624768931414
vn -0.6990104312829417 -0.15590232599917353 0.6979103679597282
vn -0.5901987559890478 -0.37589919613268674 0.7143985041808111
vn -0.6606730707118013 -0.244990001949743 0.7095709919246307
vn -0.5900869596991132 -0.3762917067633409 0.7142842091312036
vn -0.7554567306254251 0.026498481105168354 0.6546624768931414
vn -0.6990104312829417 -0.15590232599917353 0.6979103679597282
vn -0.7554567306254251 0.026498481105168354 0.6546624768931414
vn -0.44179422037616545 -0.577892427572569 0.6861910878148295
vn -0.5901987559890478 -0.37589919613268674 0.7143985041808111
vn -0.5900869596991132 -0.3762917067633409 0.7142842091312036
vn -0.7554567306254251 0.026498481105168354 0.6546624768931414
vn -0.7838050733552402 0.22060142486971338 0.580503762544257
vn -0.7554567306254251 0.026498481105168354 0.6546624768931414
vn -0.7838050733552402 0.22060142486971338 0.580503762544257
vn -0.7554567306254251 0.026498481105168354 0.6546624768931414
vn -0.7838050733552402 0.22060142486971338 0.580503762544257
vn -0.7838050733552402 0.22060142486971338 0.580503762544257
vn -0.7838050733552402 0.22060142486971338 0.580503762544257
vn -0.7851616547985936 0.2522876796940539 0.5655723671719866
vn -0.5901987559890478 -0.37589919613268674 0.7143985041808111
vn -0.44179422037616545 -0.577892427572569 0.6861910878148295
vn -0.44182454712221303 -0.577932108545562 0.6861381402256634
vn -0.44182454712221303 -0.577932108545562 0.6861381402256634
vn -0.44179422037616545 -0.577892427572569 0.6861910878148295
vn -0.17970909022630435 -0.8024405767568346 0.5690287898377312
vn -0.44182454712221303 -0.577932108545562 0.6861381402256634
vn -0.17970909022630435 -0.8024405767568346 0.5690287898377312
vn -0.17970909022630435 -0.8024405767568346 0.5690287898377312
vn -0.17970909022630435 -0.8024405767568346 0.5690287898377312
vn -0.17970909022630435 -0.8024405767568346 0.5690287898377312
vn 0.14930371888258837 -0.9277231064986677 0.34210851669651676
vn -0.6779132313586277 -0.2450047818319629 -0.6931134882747385
vn -0.7159853028780598 -0.15589679880423063 -0.6804860279132895
vn -0.7159853028780598 -0.15589679880423063 -0.6804860279132895
vn -0.7713502119103952 0.02649829001812509 -0.6358590183459725
vn -0.7159853028780598 -0.15589679880423063 -0.6804860279132895
vn -0.7159853028780598 -0.15589679880423063 -0.6804860279132895
vn -0.7159853028780598 -0.15589679880423063 -0.6804860279132895
vn -0.6779132313586277 -0.2450047818319629 -0.6931134882747385
vn -0.6779132313586277 -0.2450047818319629 -0.6931134882747385
vn -0.7159853028780598 -0.15589679880423063 -0.6804860279132895
vn -0.7713502119103952 0.02649829001812509 -0.6358590183459725
vn -0.7713502119103952 0.02649829001812509 -0.6358590183459725
vn -0.6075222409374249 -0.37571373069550457 -0.6998256349500461
vn -0.6779132313586277 -0.2450047818319629 -0.6931134882747385
vn -0.6779132313586277 -0.2450047818319629 -0.6931134882747385
vn -0.7713502119103952 0.02649829001812509 -0.6358590183459725
vn -0.7978881389671227 0.22059671006143036 -0.5609916302456344
vn -0.7713502119103952 0.02649829001812509 -0.6358590183459725
vn -0.7713502119103952 0.02649829001812509 -0.6358590183459725
vn -0.7978881389671227 0.22059671006143036 -0.5609916302456344
vn -0.79797873026913 0.22079412008479968 -0.5607850769894345
vn -0.79797873026913 0.22079412008479968 -0.5607850769894345
vn -0.7978881389671227 0.22059671006143036 -0.5609916302456344
vn -0.7986119009578526 0.25230375614980743 -0.5464081316023613
vn -0.6779132313586277 -0.2450047818319629 -0.6931134882747385
vn -0.6075222409374249 -0.37571373069550457 -0.6998256349500461
vn -0.607512704406532 -0.3763078699179291 -0.6995146181621171
vn -0.6075222409374249 -0.37571373069550457 -0.6998256349500461
vn -0.4585902975008971 -0.5778877121573406 -0.6750857213536614
vn -0.607512704406532 -0.3763078699179291 -0.6995146181621171
vn -0.4585902975008971 -0.5778877121573406 -0.6750857213536614
vn -0.6075222409374249 -0.37571373069550457 -0.6998256349500461
vn -0.4585902975008971 -0.5778877121573406 -0.6750857213536614
vn -0.4585902975008971 -0.5778877121573406 -0.6750857213536614
vn -0.19370844675333532 -0.8024349690682067 -0.5644246256790327
vn -0.4585902975008971 -0.5778877121573406 -0.6750857213536614
vn -0.19370844675333532 -0.8024349690682067 -0.5644246256790327
vn -0.4585902975008971 -0.5778877121573406 -0.6750857213536614
vn -0.19370844675333532 -0.8024349690682067 -0.5644246256790327
vn -0.19370844675333532 -0.8024349690682067 -0.5644246256790327
vn -0.19370844675333532 -0.8024349690682067 -0.5644246256790327
vn 0.14110504126078854 -0.9276331090287017 -0.34581235137648897
vn -0.23349035098928922 0.7142704224878518 -0.6597727029469499
vn -0.23349035098928922 0.7142704224878518 -0.6597727029469499
vn -0.23349035098928922 0.7142704224878518 -0.6597727029469499
vn -0.17000500461697535 0.7130210233485041 -0.6802200516511067
vn -0.23349035098928922 0.7142704224878518 -0.6597727029469499
vn -0.23349035098928922 0.7142704224878518 -0.6597727029469499
vn -0.17000500461697535 0.7130210233485041 -0.6802200516511067
vn -0.16450088784374178 0.7127038649375667 -0.6819037020002718
vn -0.23349035098928922 0.7142704224878518 -0.6597727029469499
vn -0.17000500461697535 0.7130210233485041 -0.6802200516511067
vn -0.12550267756568378 0.7099151712805394 -0.6930148104547018
vn -0.16450088784374178 0.7127038649375667 -0.6819037020002718
vn -0.17000500461697535 0.7130210233485041 -0.6802200516511067
vn -0.19969354238890058 0.6856778746430805 -0.6999773863155296
vn -0.12550267756568378 0.7099151712805394 -0.6930148104547018
vn -0.12550267756568378 0.7099151712805394 -0.6930148104547018
vn -0.19969354238890058 0.6856778746430805 -0.6999773863155296
vn -0.21300230375012316 0.6808073942414857 -0.7008076130745574
vn -0.33758949162983 0.6268805066646504 -0.7021781579520855
vn -0.21300230375012316 0.6808073942414857 -0.7008076130745574
vn -0.19969354238890058 0.6856778746430805 -0.6999773863155296
vn -0.33758949162983 0.6268805066646504 -0.7021781579520855
vn -0.3376106651339216 0.6268197952588391 -0.7022221749984101
vn -0.21300230375012316 0.6808073942414857 -0.7008076130745574
vn -0.33758949162983 0.6268805066646504 -0.7021781579520855
vn -0.44079810521767604 0.5619975346400865 -0.6998969934890215
vn -0.3376106651339216 0.6268197952588391 -0.7022221749984101
vn -0.44079810521767604 0.5619975346400865 -0.6998969934890215
vn -0.33758949162983 0.6268805066646504 -0.7021781579520855
vn -0.4543002523325639 0.5505002709771185 -0.7004004086125933
vn -0.4543002523325639 0.5505002709771185 -0.7004004086125933
vn -0.4886963942423093 0.5240961290634795 -0.6974948614543637
vn -0.44079810521767604 0.5619975346400865 -0.6998969934890215
vn -0.4886963942423093 0.5240961290634795 -0.6974948614543637
vn -0.4543002523325639 0.5505002709771185 -0.7004004086125933
vn -0.47341844389052523 0.5402210349047651 -0.6957271091675947
vn -0.4886963942423093 0.5240961290634795 -0.6974948614543637
vn -0.47341844389052523 0.5402210349047651 -0.6957271091675947
vn -0.4274023119264091 0.5826031489364585 -0.6913037209572094
vn -0.19578913490531608 0.680962167460567 0.7056607833374579
vn -0.3200032180044674 0.6266062983120183 0.7106071259018554
vn -0.18249188006940464 0.685769484947455 0.7045686107283208
vn -0.3200032180044674 0.6266062983120183 0.7106071259018554
vn -0.19578913490531608 0.680962167460567 0.7056607833374579
vn -0.3201103544964985 0.6264202070122462 0.7107229313810416
vn -0.19578913490531608 0.680962167460567 0.7056607833374579
vn -0.18249188006940464 0.685769484947455 0.7045686107283208
vn -0.10840048947697015 0.710103174275551 0.6957031089228651
vn -0.3201103544964985 0.6264202070122462 0.7107229313810416
vn -0.4234165799302411 0.5620219643777449 0.7105277696171758
vn -0.3200032180044674 0.6266062983120183 0.7106071259018554
vn -0.15320193257568587 0.7131090522851078 0.6841086517535867
vn -0.10840048947697015 0.710103174275551 0.6957031089228651
vn -0.18249188006940464 0.685769484947455 0.7045686107283208
vn -0.3200032180044674 0.6266062983120183 0.7106071259018554
vn -0.4234165799302411 0.5620219643777449 0.7105277696171758
vn -0.43698317201101416 0.5505787779177056 0.7112726036379006
vn -0.10840048947697015 0.710103174275551 0.6957031089228651
vn -0.15320193257568587 0.7131090522851078 0.6841086517535867
vn -0.14749975385580436 0.7123988810340205 0.6860988681771403
vn -0.4714162104217221 0.5243179856561662 0.7091243942137959
vn -0.43698317201101416 0.5505787779177056 0.7112726036379006
vn -0.4234165799302411 0.5620219643777449 0.7105277696171758
vn -0.43698317201101416 0.5505787779177056 0.7112726036379006
vn -0.4714162104217221 0.5243179856561662 0.7091243942137959
vn -0.4558997697516916 0.5399997171845469 0.707499615110117
vn -0.4558997697516916 0.5399997171845469 0.707499615110117
vn -0.4714162104217221 0.5243179856561662 0.7091243942137959
vn -0.41029763376652273 0.5825966618599853 0.7015960243011603
vn -0.15320193257568587 0.7131090522851078 0.6841086517535867
vn -0.21719628502401042 0.7143877721630038 0.6651886084079831
vn -0.14749975385580436 0.7123988810340205 0.6860988681771403
vn -0.21719628502401042 0.7143877721630038 0.6651886084079831
vn -0.15320193257568587 0.7131090522851078 0.6841086517535867
vn -0.21719628502401042 0.7143877721630038 0.6651886084079831
vn -0.21719628502401042 0.7143877721630038 0.6651886084079831
vn -0.21719628502401042 0.7143877721630038 0.6651886084079831
vn -0.21719628502401042 0.7143877721630038 0.6651886084079831
vn -0.6445216491114046 -0.6069203572429821 0.46501561671707997
vn -0.6412756934650636 -0.767270910167287 0.0077997039664827955
vn -0.6542977081383232 -0.5638980854044491 0.5038982619558577
vn -0.6412756934650636 -0.767270910167287 0.0077997039664827955
vn -0.6445216491114046 -0.6069203572429821 0.46501561671707997
vn -0.6413249120071859 -0.7672297651454789 0.007800302160078732
vn -0.6832981805939844 -0.3398990680983827 0.6461982821880614
vn -0.6445216491114046 -0.6069203572429821 0.46501561671707997
vn -0.6542977081383232 -0.5638980854044491 0.5038982619558577
vn -0.6557231621999161 -0.6068214248927267 -0.4492158644189933
vn -0.6412756934650636 -0.767270910167287 0.0077997039664827955
vn -0.6413249120071859 -0.7672297651454789 0.007800302160078732
vn -0.6542977081383232 -0.5638980854044491 0.5038982619558577
vn -0.6856803631122975 -0.3187908706020081 0.6543812500851482
vn -0.6832981805939844 -0.3398990680983827 0.6461982821880614
vn -0.6412756934650636 -0.767270910167287 0.0077997039664827955
vn -0.6557231621999161 -0.6068214248927267 -0.4492158644189933
vn -0.6667119307127265 -0.5641101634720023 -0.48710874033720586
vn -0.6856803631122975 -0.3187908706020081 0.6543812500851482
vn -0.7063863791548929 -0.18769639512746927 0.682486883830446
vn -0.6832981805939844 -0.3398990680983827 0.6461982821880614
vn -0.6989196563869469 -0.33980956794899464 -0.6293177031089064
vn -0.6667119307127265 -0.5641101634720023 -0.48710874033720586
vn -0.6557231621999161 -0.6068214248927267 -0.4492158644189933
vn -0.6856803631122975 -0.3187908706020081 0.6543812500851482
vn -0.7063863791548929 -0.18769639512746927 0.682486883830446
vn -0.7063863791548929 -0.18769639512746927 0.682486883830446
vn -0.6667119307127265 -0.5641101634720023 -0.48710874033720586
vn -0.6989196563869469 -0.33980956794899464 -0.6293177031089064
vn -0.7018991586407058 -0.3188995961391651 -0.636899221762554
vn -0.7063863791548929 -0.18769639512746927 0.682486883830446
vn -0.756777181012365 -0.054698349034987846 0.6513803719117001
vn -0.7063863791548929 -0.18769639512746927 0.682486883830446
vn -0.7228852586681556 -0.18769619066756138 -0.6649864982156859
vn -0.7018991586407058 -0.3188995961391651 -0.636899221762554
vn -0.6989196563869469 -0.33980956794899464 -0.6293177031089064
vn -0.756777181012365 -0.054698349034987846 0.6513803719117001
vn -0.7063863791548929 -0.18769639512746927 0.682486883830446
vn -0.7513673396091385 -0.06799704663471871 0.6563714821788356
vn -0.7018991586407058 -0.3188995961391651 -0.636899221762554
vn -0.7228852586681556 -0.18769619066756138 -0.6649864982156859
vn -0.7228852586681556 -0.18769619066756138 -0.6649864982156859
vn -0.7513673396091385 -0.06799704663471871 0.6563714821788356
vn -0.8514076365598708 0.17820159869627902 0.49330439551014066
vn -0.756777181012365 -0.054698349034987846 0.6513803719117001
vn -0.772932107606881 -0.054702270449767734 -0.6321262679544534
vn -0.7228852586681556 -0.18769619066756138 -0.6649864982156859
vn -0.7228852586681556 -0.18769619066756138 -0.6649864982156859
vn -0.8514076365598708 0.17820159869627902 0.49330439551014066
vn -0.7513673396091385 -0.06799704663471871 0.6563714821788356
vn -0.8428177757872948 0.152603222549507 0.5161108924295855
vn -0.7228852586681556 -0.18769619066756138 -0.6649864982156859
vn -0.772932107606881 -0.054702270449767734 -0.6321262679544534
vn -0.7671966615409305 -0.0679997136783577 -0.6377972416529506
vn -0.944814153446294 0.32740488921522654 0.011500172412957876
vn -0.8514076365598708 0.17820159869627902 0.49330439551014066
vn -0.8428177757872948 0.152603222549507 0.5161108924295855
vn -0.8632272982250808 0.17820563714798632 -0.47231491876470244
vn -0.7671966615409305 -0.0679997136783577 -0.6377972416529506
vn -0.772932107606881 -0.054702270449767734 -0.6321262679544534
vn -0.8514076365598708 0.17820159869627902 0.49330439551014066
vn -0.944814153446294 0.32740488921522654 0.011500172412957876
vn -0.944814153446294 0.32740488921522654 0.011500172412957876
vn -0.944814153446294 0.32740488921522654 0.011500172412957876
vn -0.8632272982250808 0.17820563714798632 -0.47231491876470244
vn -0.944814153446294 0.32740488921522654 0.011500172412957876
vn -0.7671966615409305 -0.0679997136783577 -0.6377972416529506
vn -0.8632272982250808 0.17820563714798632 -0.47231491876470244
vn -0.8551809781127566 0.1524966208945915 -0.4953890140988598
vn -0.944814153446294 0.32740488921522654 0.011500172412957876
vn -0.8551809781127566 0.1524966208945915 -0.4953890140988598
vn -0.8632272982250808 0.17820563714798632 -0.47231491876470244
vn -0.7270876220356202 0.6864882755891102 0.008799850071289776
vn -0.7442966088281001 0.6485970603031596 -0.15919928220029717
vn -0.7460859425487584 0.6277881867104634 -0.22189582906832517
vn -0.7555803448492132 0.37199034262446384 -0.5391859859748565
vn -0.7460859425487584 0.6277881867104634 -0.22189582906832517
vn -0.7442966088281001 0.6485970603031596 -0.15919928220029717
vn -0.7442966088281001 0.6485970603031596 -0.15919928220029717
vn -0.7270876220356202 0.6864882755891102 0.008799850071289776
vn -0.7269905286889187 0.6865910960767785 0.008799885493265635
vn -0.7460859425487584 0.6277881867104634 -0.22189582906832517
vn -0.7555803448492132 0.37199034262446384 -0.5391859859748565
vn -0.7523815686427963 0.31709224215622217 -0.5773859065918954
vn -0.7270876220356202 0.6864882755891102 0.008799850071289776
vn -0.7400926268908156 0.6484935807296243 0.1780982295653783
vn -0.7269905286889187 0.6865910960767785 0.008799885493265635
vn -0.6647970683095551 -0.17349924164545433 -0.7265967734001254
vn -0.7523815686427963 0.31709224215622217 -0.5773859065918954
vn -0.7555803448492132 0.37199034262446384 -0.5391859859748565
vn -0.7400926268908156 0.6484935807296243 0.1780982295653783
vn -0.7270876220356202 0.6864882755891102 0.008799850071289776
vn -0.7403152945739901 0.6276129880713462 0.24090496429916602
vn -0.7523815686427963 0.31709224215622217 -0.5773859065918954
vn -0.6647970683095551 -0.17349924164545433 -0.7265967734001254
vn -0.6646854846437484 -0.17439620115393 -0.7264841165001361
vn -0.7421948372985921 0.37209737598035625 0.557396058719336
vn -0.7400926268908156 0.6484935807296243 0.1780982295653783
vn -0.7403152945739901 0.6276129880713462 0.24090496429916602
vn -0.5175998225344383 -0.6209997552073424 -0.5885998027053176
vn -0.6646854846437484 -0.17439620115393 -0.7264841165001361
vn -0.6647970683095551 -0.17349924164545433 -0.7265967734001254
vn -0.7421948372985921 0.37209737598035625 0.557396058719336
vn -0.7403152945739901 0.6276129880713462 0.24090496429916602
vn -0.7380002820056529 0.3172001278316722 0.5956002540825076
vn -0.6647970683095551 -0.17349924164545433 -0.7265967734001254
vn -0.49531390431022426 -0.6724188810888615 -0.5500154402852395
vn -0.5175998225344383 -0.6209997552073424 -0.5885998027053176
vn -0.6467819662085176 -0.17349516948887977 0.7426792809493671
vn -0.7421948372985921 0.37209737598035625 0.557396058719336
vn -0.7380002820056529 0.3172001278316722 0.5956002540825076
vn -0.3890986682781582 -0.8821970689360802 -0.26519909107075107
vn -0.5175998225344383 -0.6209997552073424 -0.5885998027053176
vn -0.49531390431022426 -0.6724188810888615 -0.5500154402852395
vn -0.6467819662085176 -0.17349516948887977 0.7426792809493671
vn -0.7380002820056529 0.3172001278316722 0.5956002540825076
vn -0.6467186113009686 -0.17440500587036578 0.7425213341879845
vn -0.49531390431022426 -0.6724188810888615 -0.5500154402852395
vn -0.3791848712373146 -0.9045639021990929 -0.19489222730291478
vn -0.3890986682781582 -0.8821970689360802 -0.26519909107075107
vn -0.5030062203831438 -0.6211076981280456 0.6010074621682703
vn -0.6467819662085176 -0.17349516948887977 0.7426792809493671
vn -0.6467186113009686 -0.17440500587036578 0.7425213341879845
vn -0.3525883625103939 -0.9357690996118775 0.004199861166193013
vn -0.3890986682781582 -0.8821970689360802 -0.26519909107075107
vn -0.3791848712373146 -0.9045639021990929 -0.19489222730291478
vn -0.6467819662085176 -0.17349516948887977 0.7426792809493671
vn -0.5030062203831438 -0.6211076981280456 0.6010074621682703
vn -0.48169451889524584 -0.6724923244339922 0.5618936412201545
vn -0.3791848712373146 -0.9045639021990929 -0.19489222730291478
vn -0.3527089084840035 -0.9357236691380529 0.004200106051367295
vn -0.3525883625103939 -0.9357690996118775 0.004199861166193013
vn -0.382512753011739 -0.8822293987624403 0.2745091651341414
vn -0.48169451889524584 -0.6724923244339922 0.5618936412201545
vn -0.5030062203831438 -0.6211076981280456 0.6010074621682703
vn -0.37399603866017733 -0.9044903858744516 0.2049978168839379
vn -0.3525883625103939 -0.9357690996118775 0.004199861166193013
vn -0.3527089084840035 -0.9357236691380529 0.004200106051367295
vn -0.48169451889524584 -0.6724923244339922 0.5618936412201545
vn -0.382512753011739 -0.8822293987624403 0.2745091651341414
vn -0.37399603866017733 -0.9044903858744516 0.2049978168839379
vn -0.3525883625103939 -0.9357690996118775 0.004199861166193013
vn -0.37399603866017733 -0.9044903858744516 0.2049978168839379
vn -0.382512753011739 -0.8822293987624403 0.2745091651341414
vn -0.7069804016858469 -0.7070803586743502 0.014699592139614961
vn -0.7069804016858469 -0.7070803586743502 0.014699592139614961
vn -0.6943267532995867 -0.6918266364927933 -0.19820763025555627
vn -0.7069804016858469 -0.7070803586743502 0.014699592139614961
vn -0.6882647333268894 -0.6905645785647095 0.222288595501908
vn -0.7069804016858469 -0.7070803586743502 0.014699592139614961
vn -0.7069804016858469 -0.7070803586743502 0.014699592139614961
vn -0.6943267532995867 -0.6918266364927933 -0.19820763025555627
vn -0.6943267532995867 -0.6918266364927933 -0.19820763025555627
vn -0.680293565426161 -0.6768935972519047 -0.2810973547352193
vn -0.6943267532995867 -0.6918266364927933 -0.19820763025555627
vn -0.6943267532995867 -0.6918266364927933 -0.19820763025555627
vn -0.6882647333268894 -0.6905645785647095 0.222288595501908
vn -0.7069804016858469 -0.7070803586743502 0.014699592139614961
vn -0.6880286552109869 -0.6907287457041436 0.2225092570356152
vn -0.6882647333268894 -0.6905645785647095 0.222288595501908
vn -0.6880286552109869 -0.6907287457041436 0.2225092570356152
vn -0.6731942399681465 -0.676894198349548 0.2976974294723294
vn -0.6894248132780154 -0.6915249233335068 0.21560776248818378
vn -0.6892213813000094 -0.6918214551112284 0.21530666921089464
vn -0.7071042037468442 -0.7071042037468442 0.0027000161264210416
vn -0.67323982291666 -0.6768400030430679 0.29771756938381044
vn -0.6892213813000094 -0.6918214551112284 0.21530666921089464
vn -0.6894248132780154 -0.6915249233335068 0.21560776248818378
vn -0.6892213813000094 -0.6918214551112284 0.21530666921089464
vn -0.7071042037468442 -0.7071042037468442 0.0027000161264210416
vn -0.7071042037468442 -0.7071042037468442 0.0027000161264210416
vn -0.6933275594649239 -0.6907274259958394 -0.20540817477299836
vn -0.7071042037468442 -0.7071042037468442 0.0027000161264210416
vn -0.7071042037468442 -0.7071042037468442 0.0027000161264210416
vn -0.7071042037468442 -0.7071042037468442 0.0027000161264210416
vn -0.6933275594649239 -0.6907274259958394 -0.20540817477299836
vn -0.6933275594649239 -0.6907274259958394 -0.20540817477299836
vn -0.6933275594649239 -0.6907274259958394 -0.20540817477299836
vn -0.6803933483864462 -0.6767933469974232 -0.28109723750244486
vn -0.6933275594649239 -0.6907274259958394 -0.20540817477299836
vn 0.701105532780543 0.7130056596764075 -0.008600068251013403
vn 0.701105532780543 0.7130056596764075 -0.008600068251013403
vn 0.7055430946406979 0.6174377148789534 0.3478212326035942
vn 0.6967016658359639 0.6175015149816557 -0.3651009008709141
vn 0.701105532780543 0.7130056596764075 -0.008600068251013403
vn 0.701105532780543 0.7130056596764075 -0.008600068251013403
vn 0.701105532780543 0.7130056596764075 -0.008600068251013403
vn 0.7055430946406979 0.6174377148789534 0.3478212326035942
vn 0.7055430946406979 0.6174377148789534 0.3478212326035942
vn 0.701105532780543 0.7130056596764075 -0.008600068251013403
vn 0.6967016658359639 0.6175015149816557 -0.3651009008709141
vn 0.6967446957363471 0.617439641233997 -0.3651234289881958
vn 0.7087051811159161 0.3565025896822742 0.6088044594196799
vn 0.7055430946406979 0.6174377148789534 0.3478212326035942
vn 0.7055430946406979 0.6174377148789534 0.3478212326035942
vn 0.6967016658359639 0.6175015149816557 -0.3651009008709141
vn 0.6935310376185663 0.35651597444464384 -0.6260280024292051
vn 0.6967446957363471 0.617439641233997 -0.3651234289881958
vn 0.7055430946406979 0.6174377148789534 0.3478212326035942
vn 0.7087051811159161 0.3565025896822742 0.6088044594196799
vn 0.7087051811159161 0.3565025896822742 0.6088044594196799
vn 0.6935310376185663 0.35651597444464384 -0.6260280024292051
vn 0.6967016658359639 0.6175015149816557 -0.3651009008709141
vn 0.6935310376185663 0.35651597444464384 -0.6260280024292051
vn 0.7101003518398211 0.0004000001931012994 0.704100369490606
vn 0.7087051811159161 0.3565025896822742 0.6088044594196799
vn 0.7087051811159161 0.3565025896822742 0.6088044594196799
vn 0.6935310376185663 0.35651597444464384 -0.6260280024292051
vn 0.692406828244705 0.0005000049678418878 -0.7215071269191592
vn 0.6935310376185663 0.35651597444464384 -0.6260280024292051
vn 0.7087051811159161 0.3565025896822742 0.6088044594196799
vn 0.7101003518398211 0.0004000001931012994 0.704100369490606
vn 0.7099012549011804 0 0.7043012198553468
vn 0.692406828244705 0.0005000049678418878 -0.7215071269191592
vn 0.6935310376185663 0.35651597444464384 -0.6260280024292051
vn 0.6923569419109856 0 -0.7215551711322344
vn 0.7101003518398211 0.0004000001931012994 0.704100369490606
vn 0.7087051811159161 -0.3565025896822742 0.6088044594196799
vn 0.7099012549011804 0 0.7043012198553468
vn 0.6935310376185663 -0.35651597444464384 -0.6260280024292051
vn 0.692406828244705 0.0005000049678418878 -0.7215071269191592
vn 0.6923569419109856 0 -0.7215551711322344
vn 0.7087051811159161 -0.3565025896822742 0.6088044594196799
vn 0.7101003518398211 0.0004000001931012994 0.704100369490606
vn 0.7087051811159161 -0.3565025896822742 0.6088044594196799
vn 0.692406828244705 0.0005000049678418878 -0.7215071269191592
vn 0.6935310376185663 -0.35651597444464384 -0.6260280024292051
vn 0.6935310376185663 -0.35651597444464384 -0.6260280024292051
vn 0.7087051811159161 -0.3565025896822742 0.6088044594196799
vn 0.7055430946406979 -0.6174377148789534 0.3478212326035942
vn 0.7087051811159161 -0.3565025896822742 0.6088044594196799
vn 0.6967016658359639 -0.6175015149816557 -0.3651009008709141
vn 0.6935310376185663 -0.35651597444464384 -0.6260280024292051
vn 0.6935310376185663 -0.35651597444464384 -0.6260280024292051
vn 0.7087051811159161 -0.3565025896822742 0.6088044594196799
vn 0.7055430946406979 -0.6174377148789534 0.3478212326035942
vn 0.7055430946406979 -0.6174377148789534 0.3478212326035942
vn 0.6935310376185663 -0.35651597444464384 -0.6260280024292051
vn 0.6967016658359639 -0.6175015149816557 -0.3651009008709141
vn 0.6967446957363471 -0.617439641233997 -0.3651234289881958
vn 0.701105532780543 -0.7130056596764075 -0.008600068251013403
vn 0.7055430946406979 -0.6174377148789534 0.3478212326035942
vn 0.7055430946406979 -0.6174377148789534 0.3478212326035942
vn 0.6967016658359639 -0.6175015149816557 -0.3651009008709141
vn 0.701105532780543 -0.7130056596764075 -0.008600068251013403
vn 0.6967446957363471 -0.617439641233997 -0.3651234289881958
vn 0.7055430946406979 -0.6174377148789534 0.3478212326035942
vn 0.701105532780543 -0.7130056596764075 -0.008600068251013403
vn 0.701105532780543 -0.7130056596764075 -0.008600068251013403
vn 0.701105532780543 -0.7130056596764075 -0.008600068251013403
vn 0.6967016658359639 -0.6175015149816557 -0.3651009008709141
vn 0.701105532780543 -0.7130056596764075 -0.008600068251013403
vn 0.7076214454679092 -0.6081184065216327 -0.35981091362477735
vn 0.711912855568672 -0.7022126766708167 -0.008800159025054422
vn 0.711912855568672 -0.7022126766708167 -0.008800159025054422
vn 0.716285464978747 -0.6080876570407093 0.3422930528288892
vn 0.711912855568672 -0.7022126766708167 -0.008800159025054422
vn 0.711912855568672 -0.7022126766708167 -0.008800159025054422
vn 0.711912855568672 -0.7022126766708167 -0.008800159025054422
vn 0.7076214454679092 -0.6081184065216327 -0.35981091362477735
vn 0.7076214454679092 -0.6081184065216327 -0.35981091362477735
vn 0.711912855568672 -0.7022126766708167 -0.008800159025054422
vn 0.716285464978747 -0.6080876570407093 0.3422930528288892
vn 0.716285464978747 -0.6080876570407093 0.3422930528288892
vn 0.7076214454679092 -0.6081184065216327 -0.35981091362477735
vn 0.704437734468996 -0.3511188039077555 -0.6168330923342029
vn 0.7076214454679092 -0.6081184065216327 -0.35981091362477735
vn 0.7194114698296866 -0.35110558960564886 0.5993096044826577
vn 0.716285464978747 -0.6080876570407093 0.3422930528288892
vn 0.716285464978747 -0.6080876570407093 0.3422930528288892
vn 0.704437734468996 -0.3511188039077555 -0.6168330923342029
vn 0.7076214454679092 -0.6081184065216327 -0.35981091362477735
vn 0.704437734468996 -0.3511188039077555 -0.6168330923342029
vn 0.716285464978747 -0.6080876570407093 0.3422930528288892
vn 0.7194114698296866 -0.35110558960564886 0.5993096044826577
vn 0.7194114698296866 -0.35110558960564886 0.5993096044826577
vn 0.704437734468996 -0.3511188039077555 -0.6168330923342029
vn 0.7032965957400982 0 -0.7108965455116439
vn 0.704437734468996 -0.3511188039077555 -0.6168330923342029
vn 0.7205755068249159 0 0.6933764770772192
vn 0.7194114698296866 -0.35110558960564886 0.5993096044826577
vn 0.7194114698296866 -0.35110558960564886 0.5993096044826577
vn 0.7032965957400982 0 -0.7108965455116439
vn 0.704437734468996 -0.3511188039077555 -0.6168330923342029
vn 0.7030954874048321 0.00029999806075284063 -0.7110953843136131
vn 0.7194114698296866 -0.35110558960564886 0.5993096044826577
vn 0.7205755068249159 0 0.6933764770772192
vn 0.7205755068249159 0 0.6933764770772192
vn 0.704437734468996 0.3511188039077555 -0.6168330923342029
vn 0.7032965957400982 0 -0.7108965455116439
vn 0.7030954874048321 0.00029999806075284063 -0.7110953843136131
vn 0.7194114698296866 0.35110558960564886 0.5993096044826577
vn 0.7205755068249159 0 0.6933764770772192
vn 0.7205755068249159 0 0.6933764770772192
vn 0.7032965957400982 0 -0.7108965455116439
vn 0.704437734468996 0.3511188039077555 -0.6168330923342029
vn 0.704437734468996 0.3511188039077555 -0.6168330923342029
vn 0.7194114698296866 0.35110558960564886 0.5993096044826577
vn 0.7205755068249159 0 0.6933764770772192
vn 0.7194114698296866 0.35110558960564886 0.5993096044826577
vn 0.7076214454679092 0.6081184065216327 -0.35981091362477735
vn 0.704437734468996 0.3511188039077555 -0.6168330923342029
vn 0.704437734468996 0.3511188039077555 -0.6168330923342029
vn 0.716285464978747 0.6080876570407093 0.3422930528288892
vn 0.7194114698296866 0.35110558960564886 0.5993096044826577
vn 0.7194114698296866 0.35110558960564886 0.5993096044826577
vn 0.704437734468996 0.3511188039077555 -0.6168330923342029
vn 0.7076214454679092 0.6081184065216327 -0.35981091362477735
vn 0.7076214454679092 0.6081184065216327 -0.35981091362477735
vn 0.7194114698296866 0.35110558960564886 0.5993096044826577
vn 0.716285464978747 0.6080876570407093 0.3422930528288892
vn 0.716285464978747 0.6080876570407093 0.3422930528288892
vn 0.711912855568672 0.7022126766708167 -0.008800159025054422
vn 0.7076214454679092 0.6081184065216327 -0.35981091362477735
vn 0.7076214454679092 0.6081184065216327 -0.35981091362477735
vn 0.716285464978747 0.6080876570407093 0.3422930528288892
vn 0.711912855568672 0.7022126766708167 -0.008800159025054422
vn 0.716285464978747 0.6080876570407093 0.3422930528288892
vn 0.7076214454679092 0.6081184065216327 -0.35981091362477735
vn 0.711912855568672 0.7022126766708167 -0.008800159025054422
vn 0.711912855568672 0.7022126766708167 -0.008800159025054422
vn 0.711912855568672 0.7022126766708167 -0.008800159025054422
vn 0.716285464978747 0.6080876570407093 0.3422930528288892
vn 0.711912855568672 0.7022126766708167 -0.008800159025054422
vn -0.27780336769653163 0.7362089323548995 0.6171075245184784
vn -0.3503817849168904 0.6970637903937633 0.62556748390588
vn -0.28069581854137754 0.7347890544262666 0.6174908120358871
vn -0.3503817849168904 0.6970637903937633 0.62556748390588
vn -0.27780336769653163 0.7362089323548995 0.6171075245184784
vn -0.3498040245957244 0.697407982081299 0.6255071949273839
vn -0.28069581854137754 0.7347890544262666 0.6174908120358871
vn -0.12029525256719494 0.801568293994231 0.5856768070130256
vn -0.27780336769653163 0.7362089323548995 0.6171075245184784
vn -0.3498040245957244 0.697407982081299 0.6255071949273839
vn -0.4515173555861764 0.6317242552760829 0.6301242281489777
vn -0.3503817849168904 0.6970637903937633 0.62556748390588
vn -0.12029525256719494 0.801568293994231 0.5856768070130256
vn -0.28069581854137754 0.7347890544262666 0.6174908120358871
vn -0.13229489260232802 0.7974691947105846 0.5886772841540517
vn -0.4515173555861764 0.6317242552760829 0.6301242281489777
vn -0.3498040245957244 0.697407982081299 0.6255071949273839
vn -0.45181324874015977 0.6314185233217707 0.6302185626185705
vn -0.13229489260232802 0.7974691947105846 0.5886772841540517
vn 0.04069969106257797 0.8427935938553522 0.536695903937966
vn -0.12029525256719494 0.801568293994231 0.5856768070130256
vn 0.04069969106257797 0.8427935938553522 0.536695903937966
vn -0.13229489260232802 0.7974691947105846 0.5886772841540517
vn 0.03780139201024568 0.8425310172482093 0.5373197741911099
vn 0.04069969106257797 0.8427935938553522 0.536695903937966
vn 0.03780139201024568 0.8425310172482093 0.5373197741911099
vn 0.06840330183726526 0.8473409193060083 0.5266254406762066
vn -0.4515173555861764 0.6317242552760829 0.6301242281489777
vn -0.45181324874015977 0.6314185233217707 0.6302185626185705
vn -0.6150952682647093 0.4923961842713157 0.6157952652249072
vn -0.6150952682647093 0.4923961842713157 0.6157952652249072
vn -0.6078761812278591 0.49958038299290236 0.6171758171092739
vn -0.4515173555861764 0.6317242552760829 0.6301242281489777
vn -0.6078761812278591 0.49958038299290236 0.6171758171092739
vn -0.6150952682647093 0.4923961842713157 0.6157952652249072
vn -0.8169409190516616 0.22141108333885332 0.5325266819171995
vn -0.6078761812278591 0.49958038299290236 0.6171758171092739
vn -0.8169409190516616 0.22141108333885332 0.5325266819171995
vn -0.7977117468775898 0.25620377605706657 0.5459080453955635
vn -0.7977117468775898 0.25620377605706657 0.5459080453955635
vn -0.8169409190516616 0.22141108333885332 0.5325266819171995
vn -0.9239543412228355 -0.10509480235530008 0.3677818073985938
vn -0.29291745831104077 0.7362438392764459 -0.610036369197836
vn -0.36569931412713746 0.6970986592287045 -0.6166988494788067
vn -0.3651029730511494 0.6974056892116184 -0.6167050540772949
vn -0.36569931412713746 0.6970986592287045 -0.6166988494788067
vn -0.29291745831104077 0.7362438392764459 -0.610036369197836
vn -0.29588874397368015 0.7347720668446407 -0.6103768188377839
vn -0.3651029730511494 0.6974056892116184 -0.6167050540772949
vn -0.36569931412713746 0.6970986592287045 -0.6166988494788067
vn -0.4664317708744817 0.6319430526368267 -0.6189421470080574
vn -0.13469913471525646 0.8015948456440731 -0.5824962201970205
vn -0.29588874397368015 0.7347720668446407 -0.6103768188377839
vn -0.29291745831104077 0.7362438392764459 -0.610036369197836
vn -0.4664317708744817 0.6319430526368267 -0.6189421470080574
vn -0.4676338033036425 0.6313456157646347 -0.6186447603128505
vn -0.3651029730511494 0.6974056892116184 -0.6167050540772949
vn -0.29588874397368015 0.7347720668446407 -0.6103768188377839
vn -0.13469913471525646 0.8015948456440731 -0.5824962201970205
vn -0.146798846197187 0.7974937996206485 -0.5851954701822254
vn -0.4664317708744817 0.6319430526368267 -0.6189421470080574
vn -0.6300735432676797 0.4923793045463252 -0.6004747709342902
vn -0.4676338033036425 0.6313456157646347 -0.6186447603128505
vn 0.027398952944505738 0.8427678263651321 -0.537579471540102
vn -0.146798846197187 0.7974937996206485 -0.5851954701822254
vn -0.13469913471525646 0.8015948456440731 -0.5824962201970205
vn -0.146798846197187 0.7974937996206485 -0.5851954701822254
vn 0.027398952944505738 0.8427678263651321 -0.537579471540102
vn 0.024399999403265135 0.8424000100552802 -0.5382999750027715
vn 0.024399999403265135 0.8424000100552802 -0.5382999750027715
vn 0.027398952944505738 0.8427678263651321 -0.537579471540102
vn 0.055398736849786995 0.8473807084453506 -0.528087980274219
vn -0.6300735432676797 0.4923793045463252 -0.6004747709342902
vn -0.4664317708744817 0.6319430526368267 -0.6189421470080574
vn -0.6228973266461403 0.4995978472209891 -0.6019974348028776
vn -0.6228973266461403 0.4995978472209891 -0.6019974348028776
vn -0.8298270488630904 0.22140719916382143 -0.5122166740097454
vn -0.6300735432676797 0.4923793045463252 -0.6004747709342902
vn -0.8298270488630904 0.22140719916382143 -0.5122166740097454
vn -0.6228973266461403 0.4995978472209891 -0.6019974348028776
vn -0.810906417121802 0.2558020375097696 -0.5263041898717246
vn -0.8298270488630904 0.22140719916382143 -0.5122166740097454
vn -0.810906417121802 0.2558020375097696 -0.5263041898717246
vn -0.9327320276493244 -0.10510360991767055 -0.3449118666840186
vn 0.7144900496267956 0.6995902594734733 -0.008799876938775287
vn 0.7188186733007672 0.605815716011669 0.3410088461424333
vn 0.7188431630533195 0.60583639228632 0.3409204785767419
vn 0.7188186733007672 0.605815716011669 0.3410088461424333
vn 0.7219808702764829 0.3497907223770895 0.5969841484442667
vn 0.7188431630533195 0.60583639228632 0.3409204785767419
vn 0.7144900496267956 0.6995902594734733 -0.008799876938775287
vn 0.7188431630533195 0.60583639228632 0.3409204785767419
vn 0.7144900496267956 0.6995902594734733 -0.008799876938775287
vn 0.7219808702764829 0.3497907223770895 0.5969841484442667
vn 0.7188186733007672 0.605815716011669 0.3410088461424333
vn 0.7219808702764829 0.3497907223770895 0.5969841484442667
vn 0.7102100921535972 0.6058085622542438 -0.3586050904583266
vn 0.7144900496267956 0.6995902594734733 -0.008799876938775287
vn 0.7144900496267956 0.6995902594734733 -0.008799876938775287
vn 0.7219808702764829 0.3497907223770895 0.5969841484442667
vn 0.7231216557841154 0 0.6907206895236593
vn 0.7219808702764829 0.3497907223770895 0.5969841484442667
vn 0.7144900496267956 0.6995902594734733 -0.008799876938775287
vn 0.7102100921535972 0.6058085622542438 -0.3586050904583266
vn 0.7102100921535972 0.6058085622542438 -0.3586050904583266
vn 0.7231216557841154 0 0.6907206895236593
vn 0.7219808702764829 0.3497907223770895 0.5969841484442667
vn 0.7231216557841154 0 0.6907206895236593
vn 0.7070204503640769 0.34981008810226105 -0.6146177552177177
vn 0.7102100921535972 0.6058085622542438 -0.3586050904583266
vn 0.7102100921535972 0.6058085622542438 -0.3586050904583266
vn 0.7219808702764829 -0.3497907223770895 0.5969841484442667
vn 0.7231216557841154 0 0.6907206895236593
vn 0.7231216557841154 0 0.6907206895236593
vn 0.7102100921535972 0.6058085622542438 -0.3586050904583266
vn 0.7070204503640769 0.34981008810226105 -0.6146177552177177
vn 0.7070204503640769 0.34981008810226105 -0.6146177552177177
vn 0.7231216557841154 0 0.6907206895236593
vn 0.7219808702764829 -0.3497907223770895 0.5969841484442667
vn 0.7219808702764829 -0.3497907223770895 0.5969841484442667
vn 0.7070204503640769 0.34981008810226105 -0.6146177552177177
vn 0.7059057425922238 0 -0.7083057832428877
vn 0.7070204503640769 0.34981008810226105 -0.6146177552177177
vn 0.7219808702764829 -0.3497907223770895 0.5969841484442667
vn 0.7188186733007672 -0.605815716011669 0.3410088461424333
vn 0.7219808702764829 -0.3497907223770895 0.5969841484442667
vn 0.7059057425922238 0 -0.7083057832428877
vn 0.7070204503640769 0.34981008810226105 -0.6146177552177177
vn 0.7059057425922238 0 -0.7083057832428877
vn 0.7219808702764829 -0.3497907223770895 0.5969841484442667
vn 0.7188186733007672 -0.605815716011669 0.3410088461424333
vn 0.7188186733007672 -0.605815716011669 0.3410088461424333
vn 0.7070204503640769 -0.34981008810226105 -0.6146177552177177
vn 0.7059057425922238 0 -0.7083057832428877
vn 0.7059057425922238 0 -0.7083057832428877
vn 0.7144900496267956 -0.6995902594734733 -0.008799876938775287
vn 0.7188186733007672 -0.605815716011669 0.3410088461424333
vn 0.7188186733007672 -0.605815716011669 0.3410088461424333
vn 0.7070204503640769 -0.34981008810226105 -0.6146177552177177
vn 0.7059057425922238 0 -0.7083057832428877
vn 0.7070204503640769 -0.34981008810226105 -0.6146177552177177
vn 0.7188186733007672 -0.605815716011669 0.3410088461424333
vn 0.7144900496267956 -0.6995902594734733 -0.008799876938775287
vn 0.7144900496267956 -0.6995902594734733 -0.008799876938775287
vn 0.7102100921535972 -0.6058085622542438 -0.3586050904583266
vn 0.7070204503640769 -0.34981008810226105 -0.6146177552177177
vn 0.7070204503640769 -0.34981008810226105 -0.6146177552177177
vn 0.7102100921535972 -0.6058085622542438 -0.3586050904583266
vn 0.7144900496267956 -0.6995902594734733 -0.008799876938775287
vn 0.7144900496267956 -0.6995902594734733 -0.008799876938775287
vn 0.7070204503640769 -0.34981008810226105 -0.6146177552177177
vn 0.7102100921535972 -0.6058085622542438 -0.3586050904583266
vn 0.7102100921535972 -0.6058085622542438 -0.3586050904583266
vn 0.7144900496267956 -0.6995902594734733 -0.008799876938775287
vn 0.7102100921535972 -0.6058085622542438 -0.3586050904583266
vn 0.7102100921535972 -0.6058085622542438 -0.3586050904583266
vn 0.6997935721276026 -0.7142933555385521 -0.008599921067379189
vn 0.6995392063331327 -0.7145400269597237 -0.008800492895743547
vn 0.6953802747225131 -0.6185824312746611 -0.3657896242995029
vn 0.7041944368602187 -0.6185950727551224 0.3484972468445112
vn 0.6995392063331327 -0.7145400269597237 -0.008800492895743547
vn 0.6997935721276026 -0.7142933555385521 -0.008599921067379189
vn 0.6995392063331327 -0.7145400269597237 -0.008800492895743547
vn 0.6953802747225131 -0.6185824312746611 -0.3657896242995029
vn 0.6953802747225131 -0.6185824312746611 -0.3657896242995029
vn 0.6995392063331327 -0.7145400269597237 -0.008800492895743547
vn 0.7041944368602187 -0.6185950727551224 0.3484972468445112
vn 0.7041944368602187 -0.6185950727551224 0.3484972468445112
vn 0.6953802747225131 -0.6185824312746611 -0.3657896242995029
vn 0.6921089549678375 -0.3572046293909027 -0.6272081370606057
vn 0.6953802747225131 -0.6185824312746611 -0.3657896242995029
vn 0.7074054425849686 -0.35720273580942424 0.6099047018440072
vn 0.7041944368602187 -0.6185950727551224 0.3484972468445112
vn 0.7041944368602187 -0.6185950727551224 0.3484972468445112
vn 0.6921089549678375 -0.3572046293909027 -0.6272081370606057
vn 0.6953802747225131 -0.6185824312746611 -0.3657896242995029
vn 0.6921089549678375 -0.3572046293909027 -0.6272081370606057
vn 0.7041944368602187 -0.6185950727551224 0.3484972468445112
vn 0.7074054425849686 -0.35720273580942424 0.6099047018440072
vn 0.7074054425849686 -0.35720273580942424 0.6099047018440072
vn 0.6909773345187954 0.0004999836088573778 -0.7228762502653492
vn 0.6921089549678375 -0.3572046293909027 -0.6272081370606057
vn 0.6921089549678375 -0.3572046293909027 -0.6272081370606057
vn 0.7082058727214874 0.0004000033334393795 0.7060058653015071
vn 0.7074054425849686 -0.35720273580942424 0.6099047018440072
vn 0.7074054425849686 -0.35720273580942424 0.6099047018440072
vn 0.6921089549678375 -0.3572046293909027 -0.6272081370606057
vn 0.6909773345187954 0.0004999836088573778 -0.7228762502653492
vn 0.6909773924877397 0 -0.7228763677634261
vn 0.7083057216674409 0.00030000243204965105 0.7059057406281001
vn 0.7082058727214874 0.0004000033334393795 0.7060058653015071
vn 0.7074054425849686 -0.35720273580942424 0.6099047018440072
vn 0.6909773924877397 0 -0.7228763677634261
vn 0.6909773345187954 0.0004999836088573778 -0.7228762502653492
vn 0.6921089549678375 0.3572046293909027 -0.6272081370606057
vn 0.7074054425849686 0.35720273580942424 0.6099047018440072
vn 0.7082058727214874 0.0004000033334393795 0.7060058653015071
vn 0.7083057216674409 0.00030000243204965105 0.7059057406281001
vn 0.6909773345187954 0.0004999836088573778 -0.7228762502653492
vn 0.6919760092959694 0.3569876543871933 -0.6274783001618098
vn 0.6921089549678375 0.3572046293909027 -0.6272081370606057
vn 0.7082058727214874 0.0004000033334393795 0.7060058653015071
vn 0.7074054425849686 0.35720273580942424 0.6099047018440072
vn 0.7074054425849686 0.35720273580942424 0.6099047018440072
vn 0.6953802747225131 0.6185824312746611 -0.3657896242995029
vn 0.6921089549678375 0.3572046293909027 -0.6272081370606057
vn 0.6919760092959694 0.3569876543871933 -0.6274783001618098
vn 0.7041944368602187 0.6185950727551224 0.3484972468445112
vn 0.7074054425849686 0.35720273580942424 0.6099047018440072
vn 0.7074054425849686 0.35720273580942424 0.6099047018440072
vn 0.6921089549678375 0.3572046293909027 -0.6272081370606057
vn 0.6953802747225131 0.6185824312746611 -0.3657896242995029
vn 0.6953802747225131 0.6185824312746611 -0.3657896242995029
vn 0.7074054425849686 0.35720273580942424 0.6099047018440072
vn 0.7041944368602187 0.6185950727551224 0.3484972468445112
vn 0.7041944368602187 0.6185950727551224 0.3484972468445112
vn 0.6997935721276026 0.7142933555385521 -0.008599921067379189
vn 0.6953802747225131 0.6185824312746611 -0.3657896242995029
vn 0.6953802747225131 0.6185824312746611 -0.3657896242995029
vn 0.7041944368602187 0.6185950727551224 0.3484972468445112
vn 0.6997935721276026 0.7142933555385521 -0.008599921067379189
vn 0.7041944368602187 0.6185950727551224 0.3484972468445112
vn 0.6953802747225131 0.6185824312746611 -0.3657896242995029
vn 0.6997935721276026 0.7142933555385521 -0.008599921067379189
vn 0.6997935721276026 0.7142933555385521 -0.008599921067379189
vn 0.6997935721276026 0.7142933555385521 -0.008599921067379189
vn 0.7041944368602187 0.6185950727551224 0.3484972468445112
vn 0.6997935721276026 0.7142933555385521 -0.008599921067379189
vn 0.7144900496267956 0.6995902594734733 -0.008799876938775287
vn 0.7188186733007672 0.605815716011669 0.3410088461424333
vn 0.7188186733007672 0.605815716011669 0.3410088461424333
vn 0.7219808702764829 0.3497907223770895 0.5969841484442667
vn 0.7188186733007672 0.605815716011669 0.3410088461424333
vn 0.7188186733007672 0.605815716011669 0.3410088461424333
vn 0.7144900496267956 0.6995902594734733 -0.008799876938775287
vn 0.7188186733007672 0.605815716011669 0.3410088461424333
vn 0.7144900496267956 0.6995902594734733 -0.008799876938775287
vn 0.7188186733007672 0.605815716011669 0.3410088461424333
vn 0.7219808702764829 0.3497907223770895 0.5969841484442667
vn 0.7219808702764829 0.3497907223770895 0.5969841484442667
vn 0.7102100921535972 0.6058085622542438 -0.3586050904583266
vn 0.7144900496267956 0.6995902594734733 -0.008799876938775287
vn 0.7144900496267956 0.6995902594734733 -0.008799876938775287
vn 0.7219808702764829 0.3497907223770895 0.5969841484442667
vn 0.7231216557841154 0 0.6907206895236593
vn 0.7219808702764829 0.3497907223770895 0.5969841484442667
vn 0.7144900496267956 0.6995902594734733 -0.008799876938775287
vn 0.7102100921535972 0.6058085622542438 -0.3586050904583266
vn 0.7102100921535972 0.6058085622542438 -0.3586050904583266
vn 0.7231216557841154 0 0.6907206895236593
vn 0.7219808702764829 0.3497907223770895 0.5969841484442667
vn 0.7231216557841154 0 0.6907206895236593
vn 0.7070704212911688 0.3497853929772512 -0.6145743227591591
vn 0.7102100921535972 0.6058085622542438 -0.3586050904583266
vn 0.7102100921535972 0.6058085622542438 -0.3586050904583266
vn 0.7219808702764829 -0.3497907223770895 0.5969841484442667
vn 0.7231216557841154 0 0.6907206895236593
vn 0.7231216557841154 0 0.6907206895236593
vn 0.7102100921535972 0.6058085622542438 -0.3586050904583266
vn 0.7070704212911688 0.3497853929772512 -0.6145743227591591
vn 0.7070704212911688 0.3497853929772512 -0.6145743227591591
vn 0.7231216557841154 0 0.6907206895236593
vn 0.7219808702764829 -0.3497907223770895 0.5969841484442667
vn 0.7219808702764829 -0.3497907223770895 0.5969841484442667
vn 0.7070704212911688 0.3497853929772512 -0.6145743227591591
vn 0.7059057425922238 0 -0.7083057832428877
vn 0.7070704212911688 0.3497853929772512 -0.6145743227591591
vn 0.7219808702764829 -0.3497907223770895 0.5969841484442667
vn 0.7188186733007672 -0.605815716011669 0.3410088461424333
vn 0.7219808702764829 -0.3497907223770895 0.5969841484442667
vn 0.7059057425922238 0 -0.7083057832428877
vn 0.7070704212911688 0.3497853929772512 -0.6145743227591591
vn 0.7059056840533974 0.0005000040458609639 -0.7083056651030395
vn 0.7219808702764829 -0.3497907223770895 0.5969841484442667
vn 0.7188431630533195 -0.60583639228632 0.3409204785767419
vn 0.7188186733007672 -0.605815716011669 0.3410088461424333
vn 0.7070704212911688 -0.3497853929772512 -0.6145743227591591
vn 0.7059057425922238 0 -0.7083057832428877
vn 0.7059056840533974 0.0005000040458609639 -0.7083056651030395
vn 0.7188431630533195 -0.60583639228632 0.3409204785767419
vn 0.7144900496267956 -0.6995902594734733 -0.008799876938775287
vn 0.7188186733007672 -0.605815716011669 0.3410088461424333
vn 0.7059057425922238 0 -0.7083057832428877
vn 0.7070704212911688 -0.3497853929772512 -0.6145743227591591
vn 0.707095688440977 -0.3503978579274717 -0.6141962459572835
vn 0.7144900496267956 -0.6995902594734733 -0.008799876938775287
vn 0.7188431630533195 -0.60583639228632 0.3409204785767419
vn 0.7144900496267956 -0.6995902594734733 -0.008799876938775287
vn 0.7102100921535972 -0.6058085622542438 -0.3586050904583266
vn 0.707095688440977 -0.3503978579274717 -0.6141962459572835
vn 0.7070704212911688 -0.3497853929772512 -0.6145743227591591
vn 0.7102100921535972 -0.6058085622542438 -0.3586050904583266
vn 0.7144900496267956 -0.6995902594734733 -0.008799876938775287
vn 0.7144900496267956 -0.6995902594734733 -0.008799876938775287
vn 0.707095688440977 -0.3503978579274717 -0.6141962459572835
vn 0.7102100921535972 -0.6058085622542438 -0.3586050904583266
vn 0.7102100921535972 -0.6058085622542438 -0.3586050904583266
vn 0.7144900496267956 -0.6995902594734733 -0.008799876938775287
vn 0.7102100921535972 -0.6058085622542438 -0.3586050904583266
vn 0.7102100921535972 -0.6058085622542438 -0.3586050904583266
vn 0.6997935721276026 -0.7142933555385521 -0.008599921067379189
vn 0.6997935721276026 -0.7142933555385521 -0.008599921067379189
vn 0.6953802747225131 -0.6185824312746611 -0.3657896242995029
vn 0.7041944368602187 -0.6185950727551224 0.3484972468445112
vn 0.6997935721276026 -0.7142933555385521 -0.008599921067379189
vn 0.6997935721276026 -0.7142933555385521 -0.008599921067379189
vn 0.6997935721276026 -0.7142933555385521 -0.008599921067379189
vn 0.6953802747225131 -0.6185824312746611 -0.3657896242995029
vn 0.6953802747225131 -0.6185824312746611 -0.3657896242995029
vn 0.6997935721276026 -0.7142933555385521 -0.008599921067379189
vn 0.7041944368602187 -0.6185950727551224 0.3484972468445112
vn 0.7041944368602187 -0.6185950727551224 0.3484972468445112
vn 0.6953802747225131 -0.6185824312746611 -0.3657896242995029
vn 0.6921610690063258 -0.35717990260902854 -0.6271647086086918
vn 0.6953802747225131 -0.6185824312746611 -0.3657896242995029
vn 0.7074054425849686 -0.35720273580942424 0.6099047018440072
vn 0.7041944368602187 -0.6185950727551224 0.3484972468445112
vn 0.7041944368602187 -0.6185950727551224 0.3484972468445112
vn 0.6921610690063258 -0.35717990260902854 -0.6271647086086918
vn 0.6953802747225131 -0.6185824312746611 -0.3657896242995029
vn 0.6921610690063258 -0.35717990260902854 -0.6271647086086918
vn 0.7041944368602187 -0.6185950727551224 0.3484972468445112
vn 0.7074054425849686 -0.35720273580942424 0.6099047018440072
vn 0.7074054425849686 -0.35720273580942424 0.6099047018440072
vn 0.6909773924877397 0 -0.7228763677634261
vn 0.6921610690063258 -0.35717990260902854 -0.6271647086086918
vn 0.6921610690063258 -0.35717990260902854 -0.6271647086086918
vn 0.7083057216674409 0.00030000243204965105 0.7059057406281001
vn 0.7074054425849686 -0.35720273580942424 0.6099047018440072
vn 0.7074054425849686 -0.35720273580942424 0.6099047018440072
vn 0.6921610690063258 -0.35717990260902854 -0.6271647086086918
vn 0.6909773924877397 0 -0.7228763677634261
vn 0.6909773924877397 0 -0.7228763677634261
vn 0.7084056088628128 0.0002000015651325062 0.705805535066906
vn 0.7083057216674409 0.00030000243204965105 0.7059057406281001
vn 0.7074054425849686 -0.35720273580942424 0.6099047018440072
vn 0.6909773924877397 0 -0.7228763677634261
vn 0.6909773924877397 0 -0.7228763677634261
vn 0.6921610690063258 0.35717990260902854 -0.6271647086086918
vn 0.7074054425849686 0.35720273580942424 0.6099047018440072
vn 0.7083057216674409 0.00030000243204965105 0.7059057406281001
vn 0.7084056088628128 0.0002000015651325062 0.705805535066906
vn 0.6909773924877397 0 -0.7228763677634261
vn 0.6921610690063258 0.35717990260902854 -0.6271647086086918
vn 0.6921610690063258 0.35717990260902854 -0.6271647086086918
vn 0.7083057216674409 0.00030000243204965105 0.7059057406281001
vn 0.7074054425849686 0.35720273580942424 0.6099047018440072
vn 0.7073623072406161 0.35718095961211993 0.6099674814166717
vn 0.6953802747225131 0.6185824312746611 -0.3657896242995029
vn 0.6921610690063258 0.35717990260902854 -0.6271647086086918
vn 0.6921610690063258 0.35717990260902854 -0.6271647086086918
vn 0.704089345899726 0.6184906384146996 0.3488947164745736
vn 0.7073623072406161 0.35718095961211993 0.6099674814166717
vn 0.7074054425849686 0.35720273580942424 0.6099047018440072
vn 0.6921610690063258 0.35717990260902854 -0.6271647086086918
vn 0.6953802747225131 0.6185824312746611 -0.3657896242995029
vn 0.6953802747225131 0.6185824312746611 -0.3657896242995029
vn 0.7074054425849686 0.35720273580942424 0.6099047018440072
vn 0.7041944368602187 0.6185950727551224 0.3484972468445112
vn 0.704089345899726 0.6184906384146996 0.3488947164745736
vn 0.6997935721276026 0.7142933555385521 -0.008599921067379189
vn 0.6953802747225131 0.6185824312746611 -0.3657896242995029
vn 0.6953802747225131 0.6185824312746611 -0.3657896242995029
vn 0.7041944368602187 0.6185950727551224 0.3484972468445112
vn 0.6997935721276026 0.7142933555385521 -0.008599921067379189
vn 0.704089345899726 0.6184906384146996 0.3488947164745736
vn 0.6953802747225131 0.6185824312746611 -0.3657896242995029
vn 0.6997935721276026 0.7142933555385521 -0.008599921067379189
vn 0.6997935721276026 0.7142933555385521 -0.008599921067379189
vn 0.6997935721276026 0.7142933555385521 -0.008599921067379189
vn 0.7041944368602187 0.6185950727551224 0.3484972468445112
vn 0.6997935721276026 0.7142933555385521 -0.008599921067379189
vn -0.8972248630097638 0.25170699309208533 0.3628100533690479
vn -0.9413976794103001 0.3370991691929294 0.011599971135247663
vn -0.9413976794103001 0.3370991691929294 0.011599971135247663
vn -0.9058927223809955 0.2516979852680354 -0.3405972691451893
vn -0.9413976794103001 0.3370991691929294 0.011599971135247663
vn -0.9413976794103001 0.3370991691929294 0.011599971135247663
vn -0.8972248630097638 0.25170699309208533 0.3628100533690479
vn -0.9413976794103001 0.3370991691929294 0.011599971135247663
vn -0.8972248630097638 0.25170699309208533 0.3628100533690479
vn -0.9413976794103001 0.3370991691929294 0.011599971135247663
vn -0.9058927223809955 0.2516979852680354 -0.3405972691451893
vn -0.906050549081606 0.2512862942156349 -0.34048142511493024
vn -0.7852717751605645 0.018399339435411072 0.618877777468634
vn -0.8972248630097638 0.25170699309208533 0.3628100533690479
vn -0.8972248630097638 0.25170699309208533 0.3628100533690479
vn -0.8002603907189136 0.01839909016591314 -0.5993703200255067
vn -0.906050549081606 0.2512862942156349 -0.34048142511493024
vn -0.9058927223809955 0.2516979852680354 -0.3405972691451893
vn -0.7852717751605645 0.018399339435411072 0.618877777468634
vn -0.8972248630097638 0.25170699309208533 0.3628100533690479
vn -0.7852717751605645 0.018399339435411072 0.618877777468634
vn -0.906050549081606 0.2512862942156349 -0.34048142511493024
vn -0.8002603907189136 0.01839909016591314 -0.5993703200255067
vn -0.8002603907189136 0.01839909016591314 -0.5993703200255067
vn -0.7852717751605645 0.018399339435411072 0.618877777468634
vn -0.6354847027256108 -0.30039275037181884 0.7112829170771616
vn -0.7852717751605645 0.018399339435411072 0.618877777468634
vn -0.6528100861932672 -0.3004046033960258 -0.6954107172188358
vn -0.8002603907189136 0.01839909016591314 -0.5993703200255067
vn -0.8002603907189136 0.01839909016591314 -0.5993703200255067
vn -0.6354847027256108 -0.30039275037181884 0.7112829170771616
vn -0.7852717751605645 0.018399339435411072 0.618877777468634
vn -0.635682176404051 -0.30069157991174505 0.7109801293794277
vn -0.8002603907189136 0.01839909016591314 -0.5993703200255067
vn -0.6528100861932672 -0.3004046033960258 -0.6954107172188358
vn -0.6528100861932672 -0.3004046033960258 -0.6954107172188358
vn -0.48802445561954433 -0.6191309845650828 0.6152308141410983
vn -0.6354847027256108 -0.30039275037181884 0.7112829170771616
vn -0.635682176404051 -0.30069157991174505 0.7109801293794277
vn -0.6528100861932672 -0.3004046033960258 -0.6954107172188358
vn -0.5030244574902759 -0.6191300732609899 -0.6030293090310411
vn -0.6528100861932672 -0.3004046033960258 -0.6954107172188358
vn -0.6354847027256108 -0.30039275037181884 0.7112829170771616
vn -0.48802445561954433 -0.6191309845650828 0.6152308141410983
vn -0.48802445561954433 -0.6191309845650828 0.6152308141410983
vn -0.5030244574902759 -0.6191300732609899 -0.6030293090310411
vn -0.6528100861932672 -0.3004046033960258 -0.6954107172188358
vn -0.5030244574902759 -0.6191300732609899 -0.6030293090310411
vn -0.38238504423632524 -0.8524666405076126 0.356486051292401
vn -0.48802445561954433 -0.6191309845650828 0.6152308141410983
vn -0.48802445561954433 -0.6191309845650828 0.6152308141410983
vn -0.3910045342731648 -0.8525098599252563 -0.346904011086706
vn -0.5030244574902759 -0.6191300732609899 -0.6030293090310411
vn -0.5030244574902759 -0.6191300732609899 -0.6030293090310411
vn -0.38238504423632524 -0.8524666405076126 0.356486051292401
vn -0.48802445561954433 -0.6191309845650828 0.6152308141410983
vn -0.382398660880462 -0.8524970321500925 0.3563987574783525
vn -0.5030244574902759 -0.6191300732609899 -0.6030293090310411
vn -0.3910045342731648 -0.8525098599252563 -0.346904011086706
vn -0.3910045342731648 -0.8525098599252563 -0.346904011086706
vn -0.382398660880462 -0.8524970321500925 0.3563987574783525
vn -0.34689747763829776 -0.9378931976914012 0.004299968881850641
vn -0.38238504423632524 -0.8524666405076126 0.356486051292401
vn -0.34689747763829776 -0.9378931976914012 0.004299968881850641
vn -0.3910045342731648 -0.8525098599252563 -0.346904011086706
vn -0.3910045342731648 -0.8525098599252563 -0.346904011086706
vn -0.34689747763829776 -0.9378931976914012 0.004299968881850641
vn -0.382398660880462 -0.8524970321500925 0.3563987574783525
vn -0.34689747763829776 -0.9378931976914012 0.004299968881850641
vn -0.3910045342731648 -0.8525098599252563 -0.346904011086706
vn -0.34689747763829776 -0.9378931976914012 0.004299968881850641
vn -0.34689747763829776 -0.9378931976914012 0.004299968881850641
vn -0.3372074989598365 -0.9414209801464943 0.0042000934829579
vn -0.38180806265824363 -0.8551180742166039 -0.3507074028834369
vn -0.38180806265824363 -0.8551180742166039 -0.3507074028834369
vn -0.38180806265824363 -0.8551180742166039 -0.3507074028834369
vn -0.3372074989598365 -0.9414209801464943 0.0042000934829579
vn -0.3372074989598365 -0.9414209801464943 0.0042000934829579
vn -0.4949876873372684 -0.6193846350638507 -0.6093848235978011
vn -0.38180806265824363 -0.8551180742166039 -0.3507074028834369
vn -0.38180806265824363 -0.8551180742166039 -0.3507074028834369
vn -0.37310009930648735 -0.8551001488231766 0.36000007136120177
vn -0.3372074989598365 -0.9414209801464943 0.0042000934829579
vn -0.3372074989598365 -0.9414209801464943 0.0042000934829579
vn -0.38180806265824363 -0.8551180742166039 -0.3507074028834369
vn -0.4949876873372684 -0.6193846350638507 -0.6093848235978011
vn -0.4949876873372684 -0.6193846350638507 -0.6093848235978011
vn -0.37310009930648735 -0.8551001488231766 0.36000007136120177
vn -0.37310009930648735 -0.8551001488231766 0.36000007136120177
vn -0.3372074989598365 -0.9414209801464943 0.0042000934829579
vn -0.6462939408106156 -0.29729721072058424 -0.7027933626388663
vn -0.4949876873372684 -0.6193846350638507 -0.6093848235978011
vn -0.4949876873372684 -0.6193846350638507 -0.6093848235978011
vn -0.37310009930648735 -0.8551001488231766 0.36000007136120177
vn -0.37310009930648735 -0.8551001488231766 0.36000007136120177
vn -0.4797994060402633 -0.6193992915997517 0.6213992657938504
vn -0.6462939408106156 -0.29729721072058424 -0.7027933626388663
vn -0.4949876873372684 -0.6193846350638507 -0.6093848235978011
vn -0.6462939408106156 -0.29729721072058424 -0.7027933626388663
vn -0.4797994060402633 -0.6193992915997517 0.6213992657938504
vn -0.37310009930648735 -0.8551001488231766 0.36000007136120177
vn -0.47998288261999367 -0.6190779207613464 0.6215777991672559
vn -0.7953060817482224 0.02470018886048146 -0.6057046615344367
vn -0.6462939408106156 -0.29729721072058424 -0.7027933626388663
vn -0.6462939408106156 -0.29729721072058424 -0.7027933626388663
vn -0.628794002682745 -0.2972971741334846 0.7184932097399784
vn -0.4797994060402633 -0.6193992915997517 0.6213992657938504
vn -0.47998288261999367 -0.6190779207613464 0.6215777991672559
vn -0.6462939408106156 -0.29729721072058424 -0.7027933626388663
vn -0.7953060817482224 0.02470018886048146 -0.6057046615344367
vn -0.7953060817482224 0.02470018886048146 -0.6057046615344367
vn -0.4797994060402633 -0.6193992915997517 0.6213992657938504
vn -0.628794002682745 -0.2972971741334846 0.7184932097399784
vn -0.628794002682745 -0.2972971741334846 0.7184932097399784
vn -0.9019969627209827 0.2604991176053759 -0.3442988367231912
vn -0.7953060817482224 0.02470018886048146 -0.6057046615344367
vn -0.7953060817482224 0.02470018886048146 -0.6057046615344367
vn -0.780132708161173 0.024701036425066745 0.6251262404159992
vn -0.628794002682745 -0.2972971741334846 0.7184932097399784
vn -0.628794002682745 -0.2972971741334846 0.7184932097399784
vn -0.7953060817482224 0.02470018886048146 -0.6057046615344367
vn -0.9019969627209827 0.2604991176053759 -0.3442988367231912
vn -0.9020280166594318 0.2605080880808833 -0.34421068142330297
vn -0.628794002682745 -0.2972971741334846 0.7184932097399784
vn -0.780132708161173 0.024701036425066745 0.6251262404159992
vn -0.780132708161173 0.024701036425066745 0.6251262404159992
vn -0.938014443496331 0.3464053257717406 0.01150017692223757
vn -0.9020280166594318 0.2605080880808833 -0.34421068142330297
vn -0.9019969627209827 0.2604991176053759 -0.3442988367231912
vn -0.8932579637534136 0.2604877616254551 0.3663827728407346
vn -0.780132708161173 0.024701036425066745 0.6251262404159992
vn -0.780132708161173 0.024701036425066745 0.6251262404159992
vn -0.9020280166594318 0.2605080880808833 -0.34421068142330297
vn -0.938014443496331 0.3464053257717406 0.01150017692223757
vn -0.9378712935006781 0.3467893958271627 0.011599645218548917
vn -0.8932579637534136 0.2604877616254551 0.3663827728407346
vn -0.780132708161173 0.024701036425066745 0.6251262404159992
vn -0.8932579637534136 0.2604877616254551 0.3663827728407346
vn -0.938014443496331 0.3464053257717406 0.01150017692223757
vn -0.8932579637534136 0.2604877616254551 0.3663827728407346
vn -0.9378712935006781 0.3467893958271627 0.011599645218548917
vn -0.8932579637534136 0.2604877616254551 0.3663827728407346
vn -0.938014443496331 0.3464053257717406 0.01150017692223757
vn -0.8932579637534136 0.2604877616254551 0.3663827728407346
vn 0.7144900496267956 0.6995902594734733 -0.008799876938775287
vn 0.7189942046395822 0.6058951653449698 0.3404972574137509
vn 0.7188186733007672 0.605815716011669 0.3410088461424333
vn 0.7189942046395822 0.6058951653449698 0.3404972574137509
vn 0.7219808702764829 0.3497907223770895 0.5969841484442667
vn 0.7188186733007672 0.605815716011669 0.3410088461424333
vn 0.7144900496267956 0.6995902594734733 -0.008799876938775287
vn 0.7188186733007672 0.605815716011669 0.3410088461424333
vn 0.7144900496267956 0.6995902594734733 -0.008799876938775287
vn 0.7219808702764829 0.3497907223770895 0.5969841484442667
vn 0.7189942046395822 0.6058951653449698 0.3404972574137509
vn 0.7219808702764829 0.3497907223770895 0.5969841484442667
vn 0.710167060200404 0.6058718646064639 -0.35858336587828826
vn 0.7144900496267956 0.6995902594734733 -0.008799876938775287
vn 0.7144900496267956 0.6995902594734733 -0.008799876938775287
vn 0.7219808702764829 0.3497907223770895 0.5969841484442667
vn 0.7231216557841154 0 0.6907206895236593
vn 0.7219808702764829 0.3497907223770895 0.5969841484442667
vn 0.7144900496267956 0.6995902594734733 -0.008799876938775287
vn 0.7102100921535972 0.6058085622542438 -0.3586050904583266
vn 0.710167060200404 0.6058718646064639 -0.35858336587828826
vn 0.7231216557841154 0 0.6907206895236593
vn 0.7219808702764829 0.3497907223770895 0.5969841484442667
vn 0.7231216557841154 0 0.6907206895236593
vn 0.7102100921535972 0.6058085622542438 -0.3586050904583266
vn 0.7070204503640769 0.34981008810226105 -0.6146177552177177
vn 0.710167060200404 0.6058718646064639 -0.35858336587828826
vn 0.7219808702764829 -0.3497907223770895 0.5969841484442667
vn 0.7231216557841154 0 0.6907206895236593
vn 0.7231216557841154 0 0.6907206895236593
vn 0.7070204503640769 0.34981008810226105 -0.6146177552177177
vn 0.7102100921535972 0.6058085622542438 -0.3586050904583266
vn 0.7071017707447449 0.35020089567970586 -0.614301569650264
vn 0.7231216557841154 0 0.6907206895236593
vn 0.7219808702764829 -0.3497907223770895 0.5969841484442667
vn 0.7219808702764829 -0.3497907223770895 0.5969841484442667
vn 0.7071017707447449 0.35020089567970586 -0.614301569650264
vn 0.7059057425922238 0 -0.7083057832428877
vn 0.7070204503640769 0.34981008810226105 -0.6146177552177177
vn 0.7188431630533195 -0.60583639228632 0.3409204785767419
vn 0.7219808702764829 -0.3497907223770895 0.5969841484442667
vn 0.7219808702764829 -0.3497907223770895 0.5969841484442667
vn 0.7059057425922238 0 -0.7083057832428877
vn 0.7071017707447449 0.35020089567970586 -0.614301569650264
vn 0.7059057159210054 0.00040000320932997833 -0.7083056968763455
vn 0.7219808702764829 -0.3497907223770895 0.5969841484442667
vn 0.7188431630533195 -0.60583639228632 0.3409204785767419
vn 0.7188186733007672 -0.605815716011669 0.3410088461424333
vn 0.7070204503640769 -0.34981008810226105 -0.6146177552177177
vn 0.7059057425922238 0 -0.7083057832428877
vn 0.7059057159210054 0.00040000320932997833 -0.7083056968763455
vn 0.7144900496267956 -0.6995902594734733 -0.008799876938775287
vn 0.7188186733007672 -0.605815716011669 0.3410088461424333
vn 0.7188431630533195 -0.60583639228632 0.3409204785767419
vn 0.7059057425922238 0 -0.7083057832428877
vn 0.7070204503640769 -0.34981008810226105 -0.6146177552177177
vn 0.7070204503640769 -0.34981008810226105 -0.6146177552177177
vn 0.7188186733007672 -0.605815716011669 0.3410088461424333
vn 0.7144900496267956 -0.6995902594734733 -0.008799876938775287
vn 0.7144900496267956 -0.6995902594734733 -0.008799876938775287
vn 0.7102100921535972 -0.6058085622542438 -0.3586050904583266
vn 0.7070204503640769 -0.34981008810226105 -0.6146177552177177
vn 0.7070204503640769 -0.34981008810226105 -0.6146177552177177
vn 0.7102100921535972 -0.6058085622542438 -0.3586050904583266
vn 0.7144900496267956 -0.6995902594734733 -0.008799876938775287
vn 0.7144900496267956 -0.6995902594734733 -0.008799876938775287
vn 0.7070204503640769 -0.34981008810226105 -0.6146177552177177
vn 0.7102100921535972 -0.6058085622542438 -0.3586050904583266
vn 0.7102100921535972 -0.6058085622542438 -0.3586050904583266
vn 0.7144900496267956 -0.6995902594734733 -0.008799876938775287
vn 0.7102100921535972 -0.6058085622542438 -0.3586050904583266
vn 0.7102100921535972 -0.6058085622542438 -0.3586050904583266
vn 0.6997935721276026 -0.7142933555385521 -0.008599921067379189
vn 0.6997935721276026 -0.7142933555385521 -0.008599921067379189
vn 0.6953802747225131 -0.6185824312746611 -0.3657896242995029
vn 0.7041944368602187 -0.6185950727551224 0.3484972468445112
vn 0.6997935721276026 -0.7142933555385521 -0.008599921067379189
vn 0.6997935721276026 -0.7142933555385521 -0.008599921067379189
vn 0.6997935721276026 -0.7142933555385521 -0.008599921067379189
vn 0.6953802747225131 -0.6185824312746611 -0.3657896242995029
vn 0.6953802747225131 -0.6185824312746611 -0.3657896242995029
vn 0.6997935721276026 -0.7142933555385521 -0.008599921067379189
vn 0.7041944368602187 -0.6185950727551224 0.3484972468445112
vn 0.7041944368602187 -0.6185950727551224 0.3484972468445112
vn 0.6953802747225131 -0.6185824312746611 -0.3657896242995029
vn 0.6921089549678375 -0.3572046293909027 -0.6272081370606057
vn 0.6953802747225131 -0.6185824312746611 -0.3657896242995029
vn 0.7074054425849686 -0.35720273580942424 0.6099047018440072
vn 0.7041944368602187 -0.6185950727551224 0.3484972468445112
vn 0.7041944368602187 -0.6185950727551224 0.3484972468445112
vn 0.6921089549678375 -0.3572046293909027 -0.6272081370606057
vn 0.6953802747225131 -0.6185824312746611 -0.3657896242995029
vn 0.6918805170106429 -0.356989916451241 -0.6275823051466806
vn 0.7041944368602187 -0.6185950727551224 0.3484972468445112
vn 0.7074054425849686 -0.35720273580942424 0.6099047018440072
vn 0.7074054425849686 -0.35720273580942424 0.6099047018440072
vn 0.6909773345187954 0.0004999836088573778 -0.7228762502653492
vn 0.6921089549678375 -0.3572046293909027 -0.6272081370606057
vn 0.6918805170106429 -0.356989916451241 -0.6275823051466806
vn 0.7086051709249875 0 0.7056052095459395
vn 0.7074054425849686 -0.35720273580942424 0.6099047018440072
vn 0.7074054425849686 -0.35720273580942424 0.6099047018440072
vn 0.6921089549678375 -0.3572046293909027 -0.6272081370606057
vn 0.6909773345187954 0.0004999836088573778 -0.7228762502653492
vn 0.6909773924877397 0 -0.7228763677634261
vn 0.7083057216674409 0.00030000243204965105 0.7059057406281001
vn 0.7086051709249875 0 0.7056052095459395
vn 0.7074054425849686 -0.35720273580942424 0.6099047018440072
vn 0.6909773924877397 0 -0.7228763677634261
vn 0.6909773345187954 0.0004999836088573778 -0.7228762502653492
vn 0.6921089549678375 0.3572046293909027 -0.6272081370606057
vn 0.7074054425849686 0.35720273580942424 0.6099047018440072
vn 0.7086051709249875 0 0.7056052095459395
vn 0.7083057216674409 0.00030000243204965105 0.7059057406281001
vn 0.6909773345187954 0.0004999836088573778 -0.7228762502653492
vn 0.6921089549678375 0.3572046293909027 -0.6272081370606057
vn 0.6921089549678375 0.3572046293909027 -0.6272081370606057
vn 0.7086051709249875 0 0.7056052095459395
vn 0.7074054425849686 0.35720273580942424 0.6099047018440072
vn 0.7074054425849686 0.35720273580942424 0.6099047018440072
vn 0.6953802747225131 0.6185824312746611 -0.3657896242995029
vn 0.6921089549678375 0.3572046293909027 -0.6272081370606057
vn 0.6921089549678375 0.3572046293909027 -0.6272081370606057
vn 0.7041944368602187 0.6185950727551224 0.3484972468445112
vn 0.7074054425849686 0.35720273580942424 0.6099047018440072
vn 0.7074054425849686 0.35720273580942424 0.6099047018440072
vn 0.6921089549678375 0.3572046293909027 -0.6272081370606057
vn 0.6953802747225131 0.6185824312746611 -0.3657896242995029
vn 0.6952357284258988 0.6184317462555087 -0.366318791687612
vn 0.7074054425849686 0.35720273580942424 0.6099047018440072
vn 0.7041944368602187 0.6185950727551224 0.3484972468445112
vn 0.7041944368602187 0.6185950727551224 0.3484972468445112
vn 0.6997935721276026 0.7142933555385521 -0.008599921067379189
vn 0.6952357284258988 0.6184317462555087 -0.366318791687612
vn 0.6953802747225131 0.6185824312746611 -0.3657896242995029
vn 0.7041944368602187 0.6185950727551224 0.3484972468445112
vn 0.6997935721276026 0.7142933555385521 -0.008599921067379189
vn 0.7041944368602187 0.6185950727551224 0.3484972468445112
vn 0.6952357284258988 0.6184317462555087 -0.366318791687612
vn 0.6997935721276026 0.7142933555385521 -0.008599921067379189
vn 0.6997935721276026 0.7142933555385521 -0.008599921067379189
vn 0.6997935721276026 0.7142933555385521 -0.008599921067379189
vn 0.7041944368602187 0.6185950727551224 0.3484972468445112
vn 0.6997935721276026 0.7142933555385521 -0.008599921067379189
f 1/1/1 2/2/2 3/3/3
f 4/4/4 5/5/5 6/6/6
f 7/7/7 8/8/8 9/9/9
f 10/10/10 11/11/11 12/12/12
f 13/13/13 14/14/14 15/15/15
f 16/16/16 17/17/17 18/18/18
f 19/19/19 20/20/20 21/21/21
f 22/22/22 23/23/23 24/24/24
f 25/25/25 26/26/26 27/27/27
f 28/28/28 29/29/29 30/30/30
f 31/31/31 32/32/32 33/33/33
f 34/34/34 35/35/35 36/36/36
f 37/37/37 38/38/38 39/39/39
f 40/40/40 41/41/41 42/42/42
f 43/43/43 44/44/44 45/45/45
f 46/46/46 47/47/47 48/48/48
f 49/49/49 50/50/50 51/51/51
f 52/52/52 53/53/53 54/54/54
f 55/55/55 56/56/56 57/57/57
f 58/58/58 59/59/59 60/60/60
f 61/61/61 62/62/62 63/63/63
f 64/64/64 65/65/65 66/66/66
f 67/67/67 68/68/68 69/69/69
f 70/70/70 71/71/71 72/72/72
f 73/73/73 74/74/74 75/75/75
f 76/76/76 77/77/77 78/78/78
f 79/79/79 80/80/80 81/81/81
f 82/82/82 83/83/83 84/84/84
f 85/85/85 86/86/86 87/87/87
f 88/88/88 89/89/89 90/90/90
f 91/91/91 92/92/92 93/93/93
f 94/94/94 95/95/95 96/96/96
f 97/97/97 98/98/98 99/99/99
f 100/100/100 101/101/101 102/102/102
f 103/103/103 104/104/104 105/105/105
f 106/106/106 107/107/107 108/108/108
f 109/109/109 110/110/110 111/111/111
f 112/112/112 113/113/113 114/114/114
f 115/115/115 116/116/116 117/117/117
f 118/118/118 119/119/119 120/120/120
f 121/121/121 122/122/122 123/123/123
f 124/124/124 125/125/125 126/126/126
f 127/127/127 128/128/128 129/129/129
f 130/130/130 131/131/131 132/132/132
f 133/133/133 134/134/134 135/135/135
f 136/136/136 137/137/137 138/138/138
f 139/139/139 140/140/140 141/141/141
f 142/142/142 143/143/143 144/144/144
f 145/145/145 146/146/146 147/147/147
f 148/148/148 149/149/149 150/150/150
f 151/151/151 152/152/152 153/153/153
f 154/154/154 155/155/155 156/156/156
f 157/157/157 158/158/158 159/159/159
f 160/160/160 161/161/161 162/162/162
f 163/163/163 164/164/164 165/165/165
f 166/166/166 167/167/167 168/168/168
f 169/169/169 170/170/170 171/171/171
f 172/172/172 173/173/173 174/174/174
f 175/175/175 176/176/176 177/177/177
f 178/178/178 179/179/179 180/180/180
f 181/181/181 182/182/182 183/183/183
f 184/184/184 185/185/185 186/186/186
f 187/187/187 188/188/188 189/189/189
f 190/190/190 191/191/191 192/192/192
f 193/193/193 194/194/194 195/195/195
f 196/196/196 197/197/197 198/198/198
f 199/199/199 200/200/200 201/201/201
f 202/202/202 203/203/203 204/204/204
f 205/205/205 206/206/206 207/207/207
f 208/208/208 209/209/209 210/210/210
f 211/211/211 212/212/212 213/213/213
f 214/214/214 215/215/215 216/216/216
f 217/217/217 218/218/218 219/219/219
f 220/220/220 221/221/221 222/222/222
f 223/223/223 224/224/224 225/225/225
f 226/226/226 227/227/227 228/228/228
f 229/229/229 230/230/230 231/231/231
f 232/232/232 233/233/233 234/234/234
f 235/235/235 236/236/236 237/237/237
f 238/238/238 239/239/239 240/240/240
f 241/241/241 242/242/242 243/243/243
f 244/244/244 245/245/245 246/246/246
f 247/247/247 248/248/248 249/249/249
f 250/250/250 251/251/251 252/252/252
f 253/253/253 254/254/254 255/255/255
f 256/256/256 257/257/257 258/258/258
f 259/259/259 260/260/260 261/261/261
f 262/262/262 263/263/263 264/264/264
f 265/265/265 266/266/266 267/267/267
f 268/268/268 269/269/269 270/270/270
f 271/271/271 272/272/272 273/273/273
f 274/274/274 275/275/275 276/276/276
f 277/277/277 278/278/278 279/279/279
f 280/280/280 281/281/281 282/282/282
f 283/283/283 284/284/284 285/285/285
f 286/286/286 287/287/287 288/288/288
f 289/289/289 290/290/290 291/291/291
f 292/292/292 293/293/293 294/294/294
f 295/295/295 296/296/296 297/297/297
f 298/298/298 299/299/299 300/300/300
f 301/301/301 302/302/302 303/303/303
f 304/304/304 305/305/305 306/306/306
f 307/307/307 308/308/308 309/309/309
f 310/310/310 311/311/311 312/312/312
f 313/313/313 314/314/314 315/315/315
f 316/316/316 317/317/317 318/318/318
f 319/319/319 320/320/320 321/321/321
f 322/322/322 323/323/323 324/324/324
f 325/325/325 326/326/326 327/327/327
f 328/328/328 329/329/329 330/330/330
f 331/331/331 332/332/332 333/333/333
f 334/334/334 335/335/335 336/336/336
f 337/337/337 338/338/338 339/339/339
f 340/340/340 341/341/341 342/342/342
f 343/343/343 344/344/344 345/345/345
f 346/346/346 347/347/347 348/348/348
f 349/349/349 350/350/350 351/351/351
f 352/352/352 353/353/353 354/354/354
f 355/355/355 356/356/356 357/357/357
f 358/358/358 359/359/359 360/360/360
f 361/361/361 362/362/362 363/363/363
f 364/364/364 365/365/365 366/366/366
f 367/367/367 368/368/368 369/369/369
f 370/370/370 371/371/371 372/372/372
f 373/373/373 374/374/374 375/375/375
f 376/376/376 377/377/377 378/378/378
f 379/379/379 380/380/380 381/381/381
f 382/382/382 383/383/383 384/384/384
f 385/385/385 386/386/386 387/387/387
f 388/388/388 389/389/389 390/390/390
f 391/391/391 392/392/392 393/393/393
f 394/394/394 395/395/395 396/396/396
f 397/397/397 398/398/398 399/399/399
f 400/400/400 401/401/401 402/402/402
f 403/403/403 404/404/404 405/405/405
f 406/406/406 407/407/407 408/408/408
f 409/409/409 410/410/410 411/411/411
f 412/412/412 413/413/413 414/414/414
f 415/415/415 416/416/416 417/417/417
f 418/418/418 419/419/419 420/420/420
f 421/421/421 422/422/422 423/423/423
f 424/424/424 425/425/425 426/426/426
f 427/427/427 428/428/428 429/429/429
f 430/430/430 431/431/431 432/432/432
f 433/433/433 434/434/434 435/435/435
f 436/436/436 437/437/437 438/438/438
f 439/439/439 440/440/440 441/441/441
f 442/442/442 443/443/443 444/444/444
f 445/445/445 446/446/446 447/447/447
f 448/448/448 449/449/449 450/450/450
f 451/451/451 452/452/452 453/453/453
f 454/454/454 455/455/455 456/456/456
f 457/457/457 458/458/458 459/459/459
f 460/460/460 461/461/461 462/462/462
f 463/463/463 464/464/464 465/465/465
f 466/466/466 467/467/467 468/468/468
f 469/469/469 470/470/470 471/471/471
f 472/472/472 473/473/473 474/474/474
f 475/475/475 476/476/476 477/477/477
f 478/478/478 479/479/479 480/480/480
f 481/481/481 482/482/482 483/483/483
f 484/484/484 485/485/485 486/486/486
f 487/487/487 488/488/488 489/489/489
f 490/490/490 491/491/491 492/492/492
f 493/493/493 494/494/494 495/495/495
f 496/496/496 497/497/497 498/498/498
f 499/499/499 500/500/500 501/501/501
f 502/502/502 503/503/503 504/504/504
f 505/505/505 506/506/506 507/507/507
f 508/508/508 509/509/509 510/510/510
f 511/511/511 512/512/512 513/513/513
f 514/514/514 515/515/515 516/516/516
f 517/517/517 518/518/518 519/519/519
f 520/520/520 521/521/521 522/522/522
f 523/523/523 524/524/524 525/525/525
f 526/526/526 527/527/527 528/528/528
f 529/529/529 530/530/530 531/531/531
f 532/532/532 533/533/533 534/534/534
f 535/535/535 536/536/536 537/537/537
f 538/538/538 539/539/539 540/540/540
f 541/541/541 542/542/542 543/543/543
f 544/544/544 545/545/545 546/546/546
f 547/547/547 548/548/548 549/549/549
f 550/550/550 551/551/551 552/552/552
f 553/553/553 554/554/554 555/555/555
f 556/556/556 557/557/557 558/558/558
f 559/559/559 560/560/560 561/561/561
f 562/562/562 563/563/563 564/564/564
f 565/565/565 566/566/566 567/567/567
f 568/568/568 569/569/569 570/570/570
f 571/571/571 572/572/572 573/573/573
f 574/574/574 575/575/575 576/576/576
f 577/577/577 578/578/578 579/579/579
f 580/580/580 581/581/581 582/582/582
f 583/583/583 584/584/584 585/585/585
f 586/586/586 587/587/587 588/588/588
f 589/589/589 590/590/590 591/591/591
f 592/592/592 593/593/593 594/594/594
f 595/595/595 596/596/596 597/597/597
f 598/598/598 599/599/599 600/600/600
f 601/601/601 602/602/602 603/603/603
f 604/604/604 605/605/605 606/606/606
f 607/607/607 608/608/608 609/609/609
f 610/610/610 611/611/611 612/612/612
f 613/613/613 614/614/614 615/615/615
f 616/616/616 617/617/617 618/618/618
f 619/619/619 620/620/620 621/621/621
f 622/622/622 623/623/623 624/624/624
f 625/625/625 626/626/626 627/627/627
f 628/628/628 629/629/629 630/630/630
f 631/631/631 632/632/632 633/633/633
f 634/634/634 635/635/635 636/636/636
f 637/637/637 638/638/638 639/639/639
f 640/640/640 641/641/641 642/642/642
f 643/643/643 644/644/644 645/645/645
f 646/646/646 647/647/647 648/648/648
f 649/649/649 650/650/650 651/651/651
f 652/652/652 653/653/653 654/654/654
f 655/655/655 656/656/656 657/657/657
f 658/658/658 659/659/659 660/660/660
f 661/661/661 662/662/662 663/663/663
f 664/664/664 665/665/665 666/666/666
f 667/667/667 668/668/668 669/669/669
f 670/670/670 671/671/671 672/672/672
f 673/673/673 674/674/674 675/675/675
f 676/676/676 677/677/677 678/678/678
f 679/679/679 680/680/680 681/681/681
f 682/682/682 683/683/683 684/684/684
f 685/685/685 686/686/686 687/687/687
f 688/688/688 689/689/689 690/690/690
f 691/691/691 692/692/692 693/693/693
f 694/694/694 695/695/695 696/696/696
f 697/697/697 698/698/698 699/699/699
f 700/700/700 701/701/701 702/702/702
f 703/703/703 704/704/704 705/705/705
f 706/706/706 707/707/707 708/708/708
f 709/709/709 710/710/710 711/711/711
f 712/712/712 713/713/713 714/714/714
f 715/715/715 716/716/716 717/717/717
f 718/718/718 719/719/719 720/720/720
f 721/721/721 722/722/722 723/723/723
f 724/724/724 725/725/725 726/726/726
f 727/727/727 728/728/728 729/729/729
f 730/730/730 731/731/731 732/732/732
f 733/733/733 734/734/734 735/735/735
f 736/736/736 737/737/737 738/738/738
f 739/739/739 740/740/740 741/741/741
f 742/742/742 743/743/743 744/744/744
f 745/745/745 746/746/746 747/747/747
f 748/748/748 749/749/749 750/750/750
f 751/751/751 752/752/752 753/753/753
f 754/754/754 755/755/755 756/756/756
f 757/757/757 758/758/758 759/759/759
f 760/760/760 761/761/761 762/762/762
f 763/763/763 764/764/764 765/765/765
f 766/766/766 767/767/767 768/768/768
f 769/769/769 770/770/770 771/771/771
f 772/772/772 773/773/773 774/774/774
f 775/775/775 776/776/776 777/777/777
f 778/778/778 779/779/779 780/780/780
f 781/781/781 782/782/782 783/783/783
f 784/784/784 785/785/785 786/786/786
f 787/787/787 788/788/788 789/789/789
f 790/790/790 791/791/791 792/792/792
f 793/793/793 794/794/794 795/795/795
f 796/796/796 797/797/797 798/798/798
f 799/799/799 800/800/800 801/801/801
f 802/802/802 803/803/803 804/804/804
f 805/805/805 806/806/806 807/807/807
f 808/808/808 809/809/809 810/810/810
f 811/811/811 812/812/812 813/813/813
f 814/814/814 815/815/815 816/816/816
f 817/817/817 818/818/818 819/819/819
f 820/820/820 821/821/821 822/822/822
f 823/823/823 824/824/824 825/825/825
f 826/826/826 827/827/827 828/828/828
f 829/829/829 830/830/830 831/831/831
f 832/832/832 833/833/833 834/834/834
f 835/835/835 836/836/836 837/837/837
f 838/838/838 839/839/839 840/840/840
f 841/841/841 842/842/842 843/843/843
f 844/844/844 845/845/845 846/846/846
f 847/847/847 848/848/848 849/849/849
f 850/850/850 851/851/851 852/852/852
f 853/853/853 854/854/854 855/855/855
f 856/856/856 857/857/857 858/858/858
f 859/859/859 860/860/860 861/861/861
f 862/862/862 863/863/863 864/864/864
f 865/865/865 866/866/866 867/867/867
f 868/868/868 869/869/869 870/870/870
f 871/871/871 872/872/872 873/873/873
f 874/874/874 875/875/875 876/876/876
f 877/877/877 878/878/878 879/879/879
f 880/880/880 881/881/881 882/882/882
f 883/883/883 884/884/884 885/885/885
f 886/886/886 887/887/887 888/888/888
f 889/889/889 890/890/890 891/891/891
f 892/892/892 893/893/893 894/894/894
f 895/895/895 896/896/896 897/897/897
f 898/898/898 899/899/899 900/900/900
f 901/901/901 902/902/902 903/903/903
f 904/904/904 905/905/905 906/906/906
f 907/907/907 908/908/908 909/909/909
f 910/910/910 911/911/911 912/912/912
f 913/913/913 914/914/914 915/915/915
f 916/916/916 917/917/917 918/918/918
f 919/919/919 920/920/920 921/921/921
f 922/922/922 923/923/923 924/924/924
f 925/925/925 926/926/926 927/927/927
f 928/928/928 929/929/929 930/930/930
f 931/931/931 932/932/932 933/933/933
f 934/934/934 935/935/935 936/936/936
f 937/937/937 938/938/938 939/939/939
f 940/940/940 941/941/941 942/942/942
f 943/943/943 944/944/944 945/945/945
f 946/946/946 947/947/947 948/948/948
f 949/949/949 950/950/950 951/951/951
f 952/952/952 953/953/953 954/954/954
f 955/955/955 956/956/956 957/957/957
f 958/958/958 959/959/959 960/960/960
f 961/961/961 962/962/962 963/963/963
f 964/964/964 965/965/965 966/966/966
f 967/967/967 968/968/968 969/969/969
f 970/970/970 971/971/971 972/972/972
f 973/973/973 974/974/974 975/975/975
f 976/976/976 977/977/977 978/978/978
f 979/979/979 980/980/980 981/981/981
f 982/982/982 983/983/983 984/984/984
f 985/985/985 986/986/986 987/987/987
f 988/988/988 989/989/989 990/990/990
f 991/991/991 992/992/992 993/993/993
f 994/994/994 995/995/995 996/996/996
f 997/997/997 998/998/998 999/999/999
f 1000/1000/1000 1001/1001/1001 1002/1002/1002
f 1003/1003/1003 1004/1004/1004 1005/1005/1005
f 1006/1006/1006 1007/1007/1007 1008/1008/1008
f 1009/1009/1009 1010/1010/1010 1011/1011/1011
f 1012/1012/1012 1013/1013/1013 1014/1014/1014
f 1015/1015/1015 1016/1016/1016 1017/1017/1017
f 1018/1018/1018 1019/1019/1019 1020/1020/1020
f 1021/1021/1021 1022/1022/1022 1023/1023/1023
f 1024/1024/1024 1025/1025/1025 1026/1026/1026
f 1027/1027/1027 1028/1028/1028 1029/1029/1029
f 1030/1030/1030 1031/1031/1031 1032/1032/1032
f 1033/1033/1033 1034/1034/1034 1035/1035/1035
f 1036/1036/1036 1037/1037/1037 1038/1038/1038
f 1039/1039/1039 1040/1040/1040 1041/1041/1041
f 1042/1042/1042 1043/1043/1043 1044/1044/1044
f 1045/1045/1045 1046/1046/1046 1047/1047/1047
f 1048/1048/1048 1049/1049/1049 1050/1050/1050
f 1051/1051/1051 1052/1052/1052 1053/1053/1053
f 1054/1054/1054 1055/1055/1055 1056/1056/1056
f 1057/1057/1057 1058/1058/1058 1059/1059/1059
f 1060/1060/1060 1061/1061/1061 1062/1062/1062
f 1063/1063/1063 1064/1064/1064 1065/1065/1065
f 1066/1066/1066 1067/1067/1067 1068/1068/1068
f 1069/1069/1069 1070/1070/1070 1071/1071/1071
f 1072/1072/1072 1073/1073/1073 1074/1074/1074
f 1075/1075/1075 1076/1076/1076 1077/1077/1077
f 1078/1078/1078 1079/1079/1079 1080/1080/1080
f 1081/1081/1081 1082/1082/1082 1083/1083/1083
f 1084/1084/1084 1085/1085/1085 1086/1086/1086
f 1087/1087/1087 1088/1088/1088 1089/1089/1089
f 1090/1090/1090 1091/1091/1091 1092/1092/1092
f 1093/1093/1093 1094/1094/1094 1095/1095/1095
f 1096/1096/1096 1097/1097/1097 1098/1098/1098
f 1099/1099/1099 1100/1100/1100 1101/1101/1101
f 1102/1102/1102 1103/1103/1103 1104/1104/1104
f 1105/1105/1105 1106/1106/1106 1107/1107/1107
f 1108/1108/1108 1109/1109/1109 1110/1110/1110
f 1111/1111/1111 1112/1112/1112 1113/1113/1113
f 1114/1114/1114 1115/1115/1115 1116/1116/1116
f 1117/1117/1117 1118/1118/1118 1119/1119/1119
f 1120/1120/1120 1121/1121/1121 1122/1122/1122
f 1123/1123/1123 1124/1124/1124 1125/1125/1125
f 1126/1126/1126 1127/1127/1127 1128/1128/1128
f 1129/1129/1129 1130/1130/1130 1131/1131/1131
f 1132/1132/1132 1133/1133/1133 1134/1134/1134
f 1135/1135/1135 1136/1136/1136 1137/1137/1137
f 1138/1138/1138 1139/1139/1139 1140/1140/1140
f 1141/1141/1141 1142/1142/1142 1143/1143/1143
f 1144/1144/1144 1145/1145/1145 1146/1146/1146
f 1147/1147/1147 1148/1148/1148 1149/1149/1149
f 1150/1150/1150 1151/1151/1151 1152/1152/1152
f 1153/1153/1153 1154/1154/1154 1155/1155/1155
f 1156/1156/1156 1157/1157/1157 1158/1158/1158
f 1159/1159/1159 1160/1160/1160 1161/1161/1161
f 1162/1162/1162 1163/1163/1163 1164/1164/1164
f 1165/1165/1165 1166/1166/1166 1167/1167/1167
f 1168/1168/1168 1169/1169/1169 1170/1170/1170
f 1171/1171/1171 1172/1172/1172 1173/1173/1173
f 1174/1174/1174 1175/1175/1175 1176/1176/1176
f 1177/1177/1177 1178/1178/1178 1179/1179/1179
f 1180/1180/1180 1181/1181/1181 1182/1182/1182
f 1183/1183/1183 1184/1184/1184 1185/1185/1185
f 1186/1186/1186 1187/1187/1187 1188/1188/1188
f 1189/1189/1189 1190/1190/1190 1191/1191/1191
f 1192/1192/1192 1193/1193/1193 1194/1194/1194
f 1195/1195/1195 1196/1196/1196 1197/1197/1197
f 1198/1198/1198 1199/1199/1199 1200/1200/1200
f 1201/1201/1201 1202/1202/1202 1203/1203/1203
f 1204/1204/1204 1205/1205/1205 1206/1206/1206
f 1207/1207/1207 1208/1208/1208 1209/1209/1209
f 1210/1210/1210 1211/1211/1211 1212/1212/1212
f 1213/1213/1213 1214/1214/1214 1215/1215/1215
f 1216/1216/1216 1217/1217/1217 1218/1218/1218
f 1219/1219/1219 1220/1220/1220 1221/1221/1221
f 1222/1222/1222 1223/1223/1223 1224/1224/1224
f 1225/1225/1225 1226/1226/1226 1227/1227/1227
f 1228/1228/1228 1229/1229/1229 1230/1230/1230
f 1231/1231/1231 1232/1232/1232 1233/1233/1233
f 1234/1234/1234 1235/1235/1235 1236/1236/1236
f 1237/1237/1237 1238/1238/1238 1239/1239/1239
f 1240/1240/1240 1241/1241/1241 1242/1242/1242
f 1243/1243/1243 1244/1244/1244 1245/1245/1245
f 1246/1246/1246 1247/1247/1247 1248/1248/1248
f 1249/1249/1249 1250/1250/1250 1251/1251/1251
f 1252/1252/1252 1253/1253/1253 1254/1254/1254
f 1255/1255/1255 1256/1256/1256 1257/1257/1257
f 1258/1258/1258 1259/1259/1259 1260/1260/1260
f 1261/1261/1261 1262/1262/1262 1263/1263/1263
f 1264/1264/1264 1265/1265/1265 1266/1266/1266
f 1267/1267/1267 1268/1268/1268 1269/1269/1269
f 1270/1270/1270 1271/1271/1271 1272/1272/1272
f 1273/1273/1273 1274/1274/1274 1275/1275/1275
f 1276/1276/1276 1277/1277/1277 1278/1278/1278
f 1279/1279/1279 1280/1280/1280 1281/1281/1281
f 1282/1282/1282 1283/1283/1283 1284/1284/1284
f 1285/1285/1285 1286/1286/1286 1287/1287/1287
f 1288/1288/1288 1289/1289/1289 1290/1290/1290
f 1291/1291/1291 1292/1292/1292 1293/1293/1293
f 1294/1294/1294 1295/1295/1295 1296/1296/1296
f 1297/1297/1297 1298/1298/1298 1299/1299/1299
f 1300/1300/1300 1301/1301/1301 1302/1302/1302
f 1303/1303/1303 1304/1304/1304 1305/1305/1305
f 1306/1306/1306 1307/1307/1307 1308/1308/1308
f 1309/1309/1309 1310/1310/1310 1311/1311/1311
f 1312/1312/1312 1313/1313/1313 1314/1314/1314
f 1315/1315/1315 1316/1316/1316 1317/1317/1317
f 1318/1318/1318 1319/1319/1319 1320/1320/1320
f 1321/1321/1321 1322/1322/1322 1323/1323/1323
f 1324/1324/1324 1325/1325/1325 1326/1326/1326
f 1327/1327/1327 1328/1328/1328 1329/1329/1329
f 1330/1330/1330 1331/1331/1331 1332/1332/1332
f 1333/1333/1333 1334/1334/1334 1335/1335/1335
f 1336/1336/1336 1337/1337/1337 1338/1338/1338
f 1339/1339/1339 1340/1340/1340 1341/1341/1341
f 1342/1342/1342 1343/1343/1343 1344/1344/1344
f 1345/1345/1345 1346/1346/1346 1347/1347/1347
f 1348/1348/1348 1349/1349/1349 1350/1350/1350
f 1351/1351/1351 1352/1352/1352 1353/1353/1353
f 1354/1354/1354 1355/1355/1355 1356/1356/1356
f 1357/1357/1357 1358/1358/1358 1359/1359/1359
f 1360/1360/1360 1361/1361/1361 1362/1362/1362
f 1363/1363/1363 1364/1364/1364 1365/1365/1365
f 1366/1366/1366 1367/1367/1367 1368/1368/1368
f 1369/1369/1369 1370/1370/1370 1371/1371/1371
f 1372/1372/1372 1373/1373/1373 1374/1374/1374
f 1375/1375/1375 1376/1376/1376 1377/1377/1377
f 1378/1378/1378 1379/1379/1379 1380/1380/1380
f 1381/1381/1381 1382/1382/1382 1383/1383/1383
f 1384/1384/1384 1385/1385/1385 1386/1386/1386
f 1387/1387/1387 1388/1388/1388 1389/1389/1389
f 1390/1390/1390 1391/1391/1391 1392/1392/1392
f 1393/1393/1393 1394/1394/1394 1395/1395/1395
f 1396/1396/1396 1397/1397/1397 1398/1398/1398
f 1399/1399/1399 1400/1400/1400 1401/1401/1401
f 1402/1402/1402 1403/1403/1403 1404/1404/1404
f 1405/1405/1405 1406/1406/1406 1407/1407/1407
f 1408/1408/1408 1409/1409/1409 1410/1410/1410
f 1411/1411/1411 1412/1412/1412 1413/1413/1413
f 1414/1414/1414 1415/1415/1415 1416/1416/1416
f 1417/1417/1417 1418/1418/1418 1419/1419/1419
f 1420/1420/1420 1421/1421/1421 1422/1422/1422
f 1423/1423/1423 1424/1424/1424 1425/1425/1425
f 1426/1426/1426 1427/1427/1427 1428/1428/1428
f 1429/1429/1429 1430/1430/1430 1431/1431/1431
f 1432/1432/1432 1433/1433/1433 1434/1434/1434
f 1435/1435/1435 1436/1436/1436 1437/1437/1437
f 1438/1438/1438 1439/1439/1439 1440/1440/1440
f 1441/1441/1441 1442/1442/1442 1443/1443/1443
f 1444/1444/1444 1445/1445/1445 1446/1446/1446
f 1447/1447/1447 1448/1448/1448 1449/1449/1449
f 1450/1450/1450 1451/1451/1451 1452/1452/1452
f 1453/1453/1453 1454/1454/1454 1455/1455/1455
f 1456/1456/1456 1457/1457/1457 1458/1458/1458
f 1459/1459/1459 1460/1460/1460 1461/1461/1461
f 1462/1462/1462 1463/1463/1463 1464/1464/1464
f 1465/1465/1465 1466/1466/1466 1467/1467/1467
f 1468/1468/1468 1469/1469/1469 1470/1470/1470
f 1471/1471/1471 1472/1472/1472 1473/1473/1473
f 1474/1474/1474 1475/1475/1475 1476/1476/1476
f 1477/1477/1477 1478/1478/1478 1479/1479/1479
f 1480/1480/1480 1481/1481/1481 1482/1482/1482
f 1483/1483/1483 1484/1484/1484 1485/1485/1485
f 1486/1486/1486 1487/1487/1487 1488/1488/1488
f 1489/1489/1489 1490/1490/1490 1491/1491/1491
f 1492/1492/1492 1493/1493/1493 1494/1494/1494
f 1495/1495/1495 1496/1496/1496 1497/1497/1497
f 1498/1498/1498 1499/1499/1499 1500/1500/1500
f 1501/1501/1501 1502/1502/1502 1503/1503/1503
f 1504/1504/1504 1505/1505/1505 1506/1506/1506
f 1507/1507/1507 1508/1508/1508 1509/1509/1509
f 1510/1510/1510 1511/1511/1511 1512/1512/1512
f 1513/1513/1513 1514/1514/1514 1515/1515/1515
f 1516/1516/1516 1517/1517/1517 1518/1518/1518
f 1519/1519/1519 1520/1520/1520 1521/1521/1521
f 1522/1522/1522 1523/1523/1523 1524/1524/1524
f 1525/1525/1525 1526/1526/1526 1527/1527/1527
f 1528/1528/1528 1529/1529/1529 1530/1530/1530
f 1531/1531/1531 1532/1532/1532 1533/1533/1533
f 1534/1534/1534 1535/1535/1535 1536/1536/1536
f 1537/1537/1537 1538/1538/1538 1539/1539/1539
f 1540/1540/1540 1541/1541/1541 1542/1542/1542
f 1543/1543/1543 1544/1544/1544 1545/1545/1545
f 1546/1546/1546 1547/1547/1547 1548/1548/1548
f 1549/1549/1549 1550/1550/1550 1551/1551/1551
f 1552/1552/1552 1553/1553/1553 1554/1554/1554
f 1555/1555/1555 1556/1556/1556 1557/1557/1557
f 1558/1558/1558 1559/1559/1559 1560/1560/1560
f 1561/1561/1561 1562/1562/1562 1563/1563/1563
f 1564/1564/1564 1565/1565/1565 1566/1566/1566
f 1567/1567/1567 1568/1568/1568 1569/1569/1569
f 1570/1570/1570 1571/1571/1571 1572/1572/1572
f 1573/1573/1573 1574/1574/1574 1575/1575/1575
f 1576/1576/1576 1577/1577/1577 1578/1578/1578
f 1579/1579/1579 1580/1580/1580 1581/1581/1581
f 1582/1582/1582 1583/1583/1583 1584/1584/1584
f 1585/1585/1585 1586/1586/1586 1587/1587/1587
f 1588/1588/1588 1589/1589/1589 1590/1590/1590
f 1591/1591/1591 1592/1592/1592 1593/1593/1593
f 1594/1594/1594 1595/1595/1595 1596/1596/1596
f 1597/1597/1597 1598/1598/1598 1599/1599/1599
f 1600/1600/1600 1601/1601/1601 1602/1602/1602
f 1603/1603/1603 1604/1604/1604 1605/1605/1605
f 1606/1606/1606 1607/1607/1607 1608/1608/1608
f 1609/1609/1609 1610/1610/1610 1611/1611/1611
f 1612/1612/1612 1613/1613/1613 1614/1614/1614
f 1615/1615/1615 1616/1616/1616 1617/1617/1617
f 1618/1618/1618 1619/1619/1619 1620/1620/1620
f 1621/1621/1621 1622/1622/1622 1623/1623/1623
f 1624/1624/1624 1625/1625/1625 1626/1626/1626
f 1627/1627/1627 1628/1628/1628 1629/1629/1629
f 1630/1630/1630 1631/1631/1631 1632/1632/1632
f 1633/1633/1633 1634/1634/1634 1635/1635/1635
f 1636/1636/1636 1637/1637/1637 1638/1638/1638
f 1639/1639/1639 1640/1640/1640 1641/1641/1641
f 1642/1642/1642 1643/1643/1643 1644/1644/1644
f 1645/1645/1645 1646/1646/1646 1647/1647/1647
f 1648/1648/1648 1649/1649/1649 1650/1650/1650
f 1651/1651/1651 1652/1652/1652 1653/1653/1653
f 1654/1654/1654 1655/1655/1655 1656/1656/1656
f 1657/1657/1657 1658/1658/1658 1659/1659/1659
f 1660/1660/1660 1661/1661/1661 1662/1662/1662
f 1663/1663/1663 1664/1664/1664 1665/1665/1665
f 1666/1666/1666 1667/1667/1667 1668/1668/1668
f 1669/1669/1669 1670/1670/1670 1671/1671/1671
f 1672/1672/1672 1673/1673/1673 1674/1674/1674
f 1675/1675/1675 1676/1676/1676 1677/1677/1677
f 1678/1678/1678 1679/1679/1679 1680/1680/1680
f 1681/1681/1681 1682/1682/1682 1683/1683/1683
f 1684/1684/1684 1685/1685/1685 1686/1686/1686
f 1687/1687/1687 1688/1688/1688 1689/1689/1689
f 1690/1690/1690 1691/1691/1691 1692/1692/1692
f 1693/1693/1693 1694/1694/1694 1695/1695/1695
f 1696/1696/1696 1697/1697/1697 1698/1698/1698
f 1699/1699/1699 1700/1700/1700 1701/1701/1701
f 1702/1702/1702 1703/1703/1703 1704/1704/1704
f 1705/1705/1705 1706/1706/1706 1707/1707/1707
f 1708/1708/1708 1709/1709/1709 1710/1710/1710
f 1711/1711/1711 1712/1712/1712 1713/1713/1713
f 1714/1714/1714 1715/1715/1715 1716/1716/1716
f 1717/1717/1717 1718/1718/1718 1719/1719/1719
f 1720/1720/1720 1721/1721/1721 1722/1722/1722
f 1723/1723/1723 1724/1724/1724 1725/1725/1725
f 1726/1726/1726 1727/1727/1727 1728/1728/1728
f 1729/1729/1729 1730/1730/1730 1731/1731/1731
f 1732/1732/1732 1733/1733/1733 1734/1734/1734
f 1735/1735/1735 1736/1736/1736 1737/1737/1737
f 1738/1738/1738 1739/1739/1739 1740/1740/1740
f 1741/1741/1741 1742/1742/1742 1743/1743/1743
f 1744/1744/1744 1745/1745/1745 1746/1746/1746
f 1747/1747/1747 1748/1748/1748 1749/1749/1749
f 1750/1750/1750 1751/1751/1751 1752/1752/1752
f 1753/1753/1753 1754/1754/1754 1755/1755/1755
f 1756/1756/1756 1757/1757/1757 1758/1758/1758
f 1759/1759/1759 1760/1760/1760 1761/1761/1761
f 1762/1762/1762 1763/1763/1763 1764/1764/1764
f 1765/1765/1765 1766/1766/1766 1767/1767/1767
f 1768/1768/1768 1769/1769/1769 1770/1770/1770
f 1771/1771/1771 1772/1772/1772 1773/1773/1773
f 1774/1774/1774 1775/1775/1775 1776/1776/1776
f 1777/1777/1777 1778/1778/1778 1779/1779/1779
f 1780/1780/1780 1781/1781/1781 1782/1782/1782
f 1783/1783/1783 1784/1784/1784 1785/1785/1785
f 1786/1786/1786 1787/1787/1787 1788/1788/1788
f 1789/1789/1789 1790/1790/1790 1791/1791/1791
f 1792/1792/1792 1793/1793/1793 1794/1794/1794
f 1795/1795/1795 1796/1796/1796 1797/1797/1797
f 1798/1798/1798 1799/1799/1799 1800/1800/1800
f 1801/1801/1801 1802/1802/1802 1803/1803/1803
f 1804/1804/1804 1805/1805/1805 1806/1806/1806
f 1807/1807/1807 1808/1808/1808 1809/1809/1809
f 1810/1810/1810 1811/1811/1811 1812/1812/1812
f 1813/1813/1813 1814/1814/1814 1815/1815/1815
f 1816/1816/1816 1817/1817/1817 1818/1818/1818
f 1819/1819/1819 1820/1820/1820 1821/1821/1821
f 1822/1822/1822 1823/1823/1823 1824/1824/1824
f 1825/1825/1825 1826/1826/1826 1827/1827/1827
f 1828/1828/1828 1829/1829/1829 1830/1830/1830
f 1831/1831/1831 1832/1832/1832 1833/1833/1833
f 1834/1834/1834 1835/1835/1835 1836/1836/1836
f 1837/1837/1837 1838/1838/1838 1839/1839/1839
f 1840/1840/1840 1841/1841/1841 1842/1842/1842
f 1843/1843/1843 1844/1844/1844 1845/1845/1845
f 1846/1846/1846 1847/1847/1847 1848/1848/1848
f 1849/1849/1849 1850/1850/1850 1851/1851/1851
f 1852/1852/1852 1853/1853/1853 1854/1854/1854
f 1855/1855/1855 1856/1856/1856 1857/1857/1857
f 1858/1858/1858 1859/1859/1859 1860/1860/1860
f 1861/1861/1861 1862/1862/1862 1863/1863/1863
f 1864/1864/1864 1865/1865/1865 1866/1866/1866
f 1867/1867/1867 1868/1868/1868 1869/1869/1869
f 1870/1870/1870 1871/1871/1871 1872/1872/1872
f 1873/1873/1873 1874/1874/1874 1875/1875/1875
f 1876/1876/1876 1877/1877/1877 1878/1878/1878
f 1879/1879/1879 1880/1880/1880 1881/1881/1881
f 1882/1882/1882 1883/1883/1883 1884/1884/1884
f 1885/1885/1885 1886/1886/1886 1887/1887/1887
f 1888/1888/1888 1889/1889/1889 1890/1890/1890
f 1891/1891/1891 1892/1892/1892 1893/1893/1893
f 1894/1894/1894 1895/1895/1895 1896/1896/1896
f 1897/1897/1897 1898/1898/1898 1899/1899/1899
f 1900/1900/1900 1901/1901/1901 1902/1902/1902
f 1903/1903/1903 1904/1904/1904 1905/1905/1905
f 1906/1906/1906 1907/1907/1907 1908/1908/1908
f 1909/1909/1909 1910/1910/1910 1911/1911/1911
f 1912/1912/1912 1913/1913/1913 1914/1914/1914
f 1915/1915/1915 1916/1916/1916 1917/1917/1917
f 1918/1918/1918 1919/1919/1919 1920/1920/1920
f 1921/1921/1921 1922/1922/1922 1923/1923/1923
f 1924/1924/1924 1925/1925/1925 1926/1926/1926
f 1927/1927/1927 1928/1928/1928 1929/1929/1929
f 1930/1930/1930 1931/1931/1931 1932/1932/1932
f 1933/1933/1933 1934/1934/1934 1935/1935/1935
f 1936/1936/1936 1937/1937/1937 1938/1938/1938
f 1939/1939/1939 1940/1940/1940 1941/1941/1941
f 1942/1942/1942 1943/1943/1943 1944/1944/1944
f 1945/1945/1945 1946/1946/1946 1947/1947/1947
f 1948/1948/1948 1949/1949/1949 1950/1950/1950
f 1951/1951/1951 1952/1952/1952 1953/1953/1953
f 1954/1954/1954 1955/1955/1955 1956/1956/1956
f 1957/1957/1957 1958/1958/1958 1959/1959/1959
f 1960/1960/1960 1961/1961/1961 1962/1962/1962
f 1963/1963/1963 1964/1964/1964 1965/1965/1965
f 1966/1966/1966 1967/1967/1967 1968/1968/1968
f 1969/1969/1969 1970/1970/1970 1971/1971/1971
f 1972/1972/1972 1973/1973/1973 1974/1974/1974
f 1975/1975/1975 1976/1976/1976 1977/1977/1977
f 1978/1978/1978 1979/1979/1979 1980/1980/1980
f 1981/1981/1981 1982/1982/1982 1983/1983/1983
f 1984/1984/1984 1985/1985/1985 1986/1986/1986
f 1987/1987/1987 1988/1988/1988 1989/1989/1989
f 1990/1990/1990 1991/1991/1991 1992/1992/1992
f 1993/1993/1993 1994/1994/1994 1995/1995/1995
f 1996/1996/1996 1997/1997/1997 1998/1998/1998
f 1999/1999/1999 2000/2000/2000 2001/2001/2001
f 2002/2002/2002 2003/2003/2003 2004/2004/2004
f 2005/2005/2005 2006/2006/2006 2007/2007/2007
f 2008/2008/2008 2009/2009/2009 2010/2010/2010
f 2011/2011/2011 2012/2012/2012 2013/2013/2013
f 2014/2014/2014 2015/2015/2015 2016/2016/2016
f 2017/2017/2017 2018/2018/2018 2019/2019/2019
f 2020/2020/2020 2021/2021/2021 2022/2022/2022
f 2023/2023/2023 2024/2024/2024 2025/2025/2025
f 2026/2026/2026 2027/2027/2027 2028/2028/2028
f 2029/2029/2029 2030/2030/2030 2031/2031/2031
f 2032/2032/2032 2033/2033/2033 2034/2034/2034
f 2035/2035/2035 2036/2036/2036 2037/2037/2037
f 2038/2038/2038 2039/2039/2039 2040/2040/2040
f 2041/2041/2041 2042/2042/2042 2043/2043/2043
f 2044/2044/2044 2045/2045/2045 2046/2046/2046
f 2047/2047/2047 2048/2048/2048 2049/2049/2049
f 2050/2050/2050 2051/2051/2051 2052/2052/2052
f 2053/2053/2053 2054/2054/2054 2055/2055/2055
f 2056/2056/2056 2057/2057/2057 2058/2058/2058
f 2059/2059/2059 2060/2060/2060 2061/2061/2061
f 2062/2062/2062 2063/2063/2063 2064/2064/2064
f 2065/2065/2065 2066/2066/2066 2067/2067/2067
f 2068/2068/2068 2069/2069/2069 2070/2070/2070
f 2071/2071/2071 2072/2072/2072 2073/2073/2073
f 2074/2074/2074 2075/2075/2075 2076/2076/2076
f 2077/2077/2077 2078/2078/2078 2079/2079/2079
f 2080/2080/2080 2081/2081/2081 2082/2082/2082
f 2083/2083/2083 2084/2084/2084 2085/2085/2085
f 2086/2086/2086 2087/2087/2087 2088/2088/2088
f 2089/2089/2089 2090/2090/2090 2091/2091/2091
f 2092/2092/2092 2093/2093/2093 2094/2094/2094
f 2095/2095/2095 2096/2096/2096 2097/2097/2097
f 2098/2098/2098 2099/2099/2099 2100/2100/2100
f 2101/2101/2101 2102/2102/2102 2103/2103/2103
f 2104/2104/2104 2105/2105/2105 2106/2106/2106
f 2107/2107/2107 2108/2108/2108 2109/2109/2109
f 2110/2110/2110 2111/2111/2111 2112/2112/2112
f 2113/2113/2113 2114/2114/2114 2115/2115/2115
f 2116/2116/2116 2117/2117/2117 2118/2118/2118
f 2119/2119/2119 2120/2120/2120 2121/2121/2121
f 2122/2122/2122 2123/2123/2123 2124/2124/2124
f 2125/2125/2125 2126/2126/2126 2127/2127/2127
f 2128/2128/2128 2129/2129/2129 2130/2130/2130
f 2131/2131/2131 2132/2132/2132 2133/2133/2133
f 2134/2134/2134 2135/2135/2135 2136/2136/2136
f 2137/2137/2137 2138/2138/2138 2139/2139/2139
f 2140/2140/2140 2141/2141/2141 2142/2142/2142
f 2143/2143/2143 2144/2144/2144 2145/2145/2145
f 2146/2146/2146 2147/2147/2147 2148/2148/2148
f 2149/2149/2149 2150/2150/2150 2151/2151/2151
f 2152/2152/2152 2153/2153/2153 2154/2154/2154
f 2155/2155/2155 2156/2156/2156 2157/2157/2157
f 2158/2158/2158 2159/2159/2159 2160/2160/2160
f 2161/2161/2161 2162/2162/2162 2163/2163/2163
f 2164/2164/2164 2165/2165/2165 2166/2166/2166
f 2167/2167/2167 2168/2168/2168 2169/2169/2169
f 2170/2170/2170 2171/2171/2171 2172/2172/2172
f 2173/2173/2173 2174/2174/2174 2175/2175/2175
f 2176/2176/2176 2177/2177/2177 2178/2178/2178
f 2179/2179/2179 2180/2180/2180 2181/2181/2181
f 2182/2182/2182 2183/2183/2183 2184/2184/2184
f 2185/2185/2185 2186/2186/2186 2187/2187/2187
f 2188/2188/2188 2189/2189/2189 2190/2190/2190
f 2191/2191/2191 2192/2192/2192 2193/2193/2193
f 2194/2194/2194 2195/2195/2195 2196/2196/2196
f 2197/2197/2197 2198/2198/2198 2199/2199/2199
f 2200/2200/2200 2201/2201/2201 2202/2202/2202
f 2203/2203/2203 2204/2204/2204 2205/2205/2205
f 2206/2206/2206 2207/2207/2207 2208/2208/2208
f 2209/2209/2209 2210/2210/2210 2211/2211/2211
f 2212/2212/2212 2213/2213/2213 2214/2214/2214
f 2215/2215/2215 2216/2216/2216 2217/2217/2217
f 2218/2218/2218 2219/2219/2219 2220/2220/2220
f 2221/2221/2221 2222/2222/2222 2223/2223/2223
f 2224/2224/2224 2225/2225/2225 2226/2226/2226
f 2227/2227/2227 2228/2228/2228 2229/2229/2229
f 2230/2230/2230 2231/2231/2231 2232/2232/2232
f 2233/2233/2233 2234/2234/2234 2235/2235/2235
f 2236/2236/2236 2237/2237/2237 2238/2238/2238
f 2239/2239/2239 2240/2240/2240 2241/2241/2241
f 2242/2242/2242 2243/2243/2243 2244/2244/2244
f 2245/2245/2245 2246/2246/2246 2247/2247/2247
f 2248/2248/2248 2249/2249/2249 2250/2250/2250
f 2251/2251/2251 2252/2252/2252 2253/2253/2253
f 2254/2254/2254 2255/2255/2255 2256/2256/2256
f 2257/2257/2257 2258/2258/2258 2259/2259/2259
f 2260/2260/2260 2261/2261/2261 2262/2262/2262
f 2263/2263/2263 2264/2264/2264 2265/2265/2265
f 2266/2266/2266 2267/2267/2267 2268/2268/2268
f 2269/2269/2269 2270/2270/2270 2271/2271/2271
f 2272/2272/2272 2273/2273/2273 2274/2274/2274
f 2275/2275/2275 2276/2276/2276 2277/2277/2277
f 2278/2278/2278 2279/2279/2279 2280/2280/2280
f 2281/2281/2281 2282/2282/2282 2283/2283/2283
f 2284/2284/2284 2285/2285/2285 2286/2286/2286
f 2287/2287/2287 2288/2288/2288 2289/2289/2289
f 2290/2290/2290 2291/2291/2291 2292/2292/2292
f 2293/2293/2293 2294/2294/2294 2295/2295/2295
f 2296/2296/2296 2297/2297/2297 2298/2298/2298
f 2299/2299/2299 2300/2300/2300 2301/2301/2301
f 2302/2302/2302 2303/2303/2303 2304/2304/2304
f 2305/2305/2305 2306/2306/2306 2307/2307/2307
f 2308/2308/2308 2309/2309/2309 2310/2310/2310
f 2311/2311/2311 2312/2312/2312 2313/2313/2313
f 2314/2314/2314 2315/2315/2315 2316/2316/2316
f 2317/2317/2317 2318/2318/2318 2319/2319/2319
f 2320/2320/2320 2321/2321/2321 2322/2322/2322
f 2323/2323/2323 2324/2324/2324 2325/2325/2325
f 2326/2326/2326 2327/2327/2327 2328/2328/2328
f 2329/2329/2329 2330/2330/2330 2331/2331/2331
f 2332/2332/2332 2333/2333/2333 2334/2334/2334
f 2335/2335/2335 2336/2336/2336 2337/2337/2337
f 2338/2338/2338 2339/2339/2339 2340/2340/2340
f 2341/2341/2341 2342/2342/2342 2343/2343/2343
f 2344/2344/2344 2345/2345/2345 2346/2346/2346
f 2347/2347/2347 2348/2348/2348 2349/2349/2349
f 2350/2350/2350 2351/2351/2351 2352/2352/2352
f 2353/2353/2353 2354/2354/2354 2355/2355/2355
f 2356/2356/2356 2357/2357/2357 2358/2358/2358
f 2359/2359/2359 2360/2360/2360 2361/2361/2361
f 2362/2362/2362 2363/2363/2363 2364/2364/2364
f 2365/2365/2365 2366/2366/2366 2367/2367/2367
f 2368/2368/2368 2369/2369/2369 2370/2370/2370
f 2371/2371/2371 2372/2372/2372 2373/2373/2373
f 2374/2374/2374 2375/2375/2375 2376/2376/2376
f 2377/2377/2377 2378/2378/2378 2379/2379/2379
f 2380/2380/2380 2381/2381/2381 2382/2382/2382
f 2383/2383/2383 2384/2384/2384 2385/2385/2385
f 2386/2386/2386 2387/2387/2387 2388/2388/2388
f 2389/2389/2389 2390/2390/2390 2391/2391/2391
f 2392/2392/2392 2393/2393/2393 2394/2394/2394
f 2395/2395/2395 2396/2396/2396 2397/2397/2397
f 2398/2398/2398 2399/2399/2399 2400/2400/2400
f 2401/2401/2401 2402/2402/2402 2403/2403/2403
f 2404/2404/2404 2405/2405/2405 2406/2406/2406
f 2407/2407/2407 2408/2408/2408 2409/2409/2409
f 2410/2410/2410 2411/2411/2411 2412/2412/2412
f 2413/2413/2413 2414/2414/2414 2415/2415/2415
f 2416/2416/2416 2417/2417/2417 2418/2418/2418
f 2419/2419/2419 2420/2420/2420 2421/2421/2421
f 2422/2422/2422 2423/2423/2423 2424/2424/2424
f 2425/2425/2425 2426/2426/2426 2427/2427/2427
f 2428/2428/2428 2429/2429/2429 2430/2430/2430
f 2431/2431/2431 2432/2432/2432 2433/2433/2433
f 2434/2434/2434 2435/2435/2435 2436/2436/2436
f 2437/2437/2437 2438/2438/2438 2439/2439/2439
f 2440/2440/2440 2441/2441/2441 2442/2442/2442
f 2443/2443/2443 2444/2444/2444 2445/2445/2445
f 2446/2446/2446 2447/2447/2447 2448/2448/2448
f 2449/2449/2449 2450/2450/2450 2451/2451/2451
f 2452/2452/2452 2453/2453/2453 2454/2454/2454
f 2455/2455/2455 2456/2456/2456 2457/2457/2457
f 2458/2458/2458 2459/2459/2459 2460/2460/2460
f 2461/2461/2461 2462/2462/2462 2463/2463/2463
f 2464/2464/2464 2465/2465/2465 2466/2466/2466
f 2467/2467/2467 2468/2468/2468 2469/2469/2469
f 2470/2470/2470 2471/2471/2471 2472/2472/2472
f 2473/2473/2473 2474/2474/2474 2475/2475/2475
f 2476/2476/2476 2477/2477/2477 2478/2478/2478
f 2479/2479/2479 2480/2480/2480 2481/2481/2481
f 2482/2482/2482 2483/2483/2483 2484/2484/2484
f 2485/2485/2485 2486/2486/2486 2487/2487/2487
f 2488/2488/2488 2489/2489/2489 2490/2490/2490
f 2491/2491/2491 2492/2492/2492 2493/2493/2493
f 2494/2494/2494 2495/2495/2495 2496/2496/2496
f 2497/2497/2497 2498/2498/2498 2499/2499/2499
f 2500/2500/2500 2501/2501/2501 2502/2502/2502
f 2503/2503/2503 2504/2504/2504 2505/2505/2505
f 2506/2506/2506 2507/2507/2507 2508/2508/2508
f 2509/2509/2509 2510/2510/2510 2511/2511/2511
f 2512/2512/2512 2513/2513/2513 2514/2514/2514
f 2515/2515/2515 2516/2516/2516 2517/2517/2517
f 2518/2518/2518 2519/2519/2519 2520/2520/2520
f 2521/2521/2521 2522/2522/2522 2523/2523/2523
f 2524/2524/2524 2525/2525/2525 2526/2526/2526
f 2527/2527/2527 2528/2528/2528 2529/2529/2529
f 2530/2530/2530 2531/2531/2531 2532/2532/2532
f 2533/2533/2533 2534/2534/2534 2535/2535/2535
f 2536/2536/2536 2537/2537/2537 2538/2538/2538
f 2539/2539/2539 2540/2540/2540 2541/2541/2541
f 2542/2542/2542 2543/2543/2543 2544/2544/2544
f 2545/2545/2545 2546/2546/2546 2547/2547/2547
f 2548/2548/2548 2549/2549/2549 2550/2550/2550
f 2551/2551/2551 2552/2552/2552 2553/2553/2553
f 2554/2554/2554 2555/2555/2555 2556/2556/2556
f 2557/2557/2557 2558/2558/2558 2559/2559/2559
f 2560/2560/2560 2561/2561/2561 2562/2562/2562
f 2563/2563/2563 2564/2564/2564 2565/2565/2565
f 2566/2566/2566 2567/2567/2567 2568/2568/2568
f 2569/2569/2569 2570/2570/2570 2571/2571/2571
f 2572/2572/2572 2573/2573/2573 2574/2574/2574
f 2575/2575/2575 2576/2576/2576 2577/2577/2577
f 2578/2578/2578 2579/2579/2579 2580/2580/2580
f 2581/2581/2581 2582/2582/2582 2583/2583/2583
f 2584/2584/2584 2585/2585/2585 2586/2586/2586
f 2587/2587/2587 2588/2588/2588 2589/2589/2589
f 2590/2590/2590 2591/2591/2591 2592/2592/2592
f 2593/2593/2593 2594/2594/2594 2595/2595/2595
f 2596/2596/2596 2597/2597/2597 2598/2598/2598
f 2599/2599/2599 2600/2600/2600 2601/2601/2601
f 2602/2602/2602 2603/2603/2603 2604/2604/2604
f 2605/2605/2605 2606/2606/2606 2607/2607/2607
f 2608/2608/2608 2609/2609/2609 2610/2610/2610
f 2611/2611/2611 2612/2612/2612 2613/2613/2613
f 2614/2614/2614 2615/2615/2615 2616/2616/2616
f 2617/2617/2617 2618/2618/2618 2619/2619/2619
f 2620/2620/2620 2621/2621/2621 2622/2622/2622
f 2623/2623/2623 2624/2624/2624 2625/2625/2625
f 2626/2626/2626 2627/2627/2627 2628/2628/2628
f 2629/2629/2629 2630/2630/2630 2631/2631/2631
f 2632/2632/2632 2633/2633/2633 2634/2634/2634
f 2635/2635/2635 2636/2636/2636 2637/2637/2637
f 2638/2638/2638 2639/2639/2639 2640/2640/2640
f 2641/2641/2641 2642/2642/2642 2643/2643/2643
f 2644/2644/2644 2645/2645/2645 2646/2646/2646
f 2647/2647/2647 2648/2648/2648 2649/2649/2649
f 2650/2650/2650 2651/2651/2651 2652/2652/2652
f 2653/2653/2653 2654/2654/2654 2655/2655/2655
f 2656/2656/2656 2657/2657/2657 2658/2658/2658
f 2659/2659/2659 2660/2660/2660 2661/2661/2661
f 2662/2662/2662 2663/2663/2663 2664/2664/2664
f 2665/2665/2665 2666/2666/2666 2667/2667/2667
f 2668/2668/2668 2669/2669/2669 2670/2670/2670
f 2671/2671/2671 2672/2672/2672 2673/2673/2673
f 2674/2674/2674 2675/2675/2675 2676/2676/2676
f 2677/2677/2677 2678/2678/2678 2679/2679/2679
f 2680/2680/2680 2681/2681/2681 2682/2682/2682
f 2683/2683/2683 2684/2684/2684 2685/2685/2685
f 2686/2686/2686 2687/2687/2687 2688/2688/2688
f 2689/2689/2689 2690/2690/2690 2691/2691/2691
f 2692/2692/2692 2693/2693/2693 2694/2694/2694
f 2695/2695/2695 2696/2696/2696 2697/2697/2697
f 2698/2698/2698 2699/2699/2699 2700/2700/2700
f 2701/2701/2701 2702/2702/2702 2703/2703/2703
f 2704/2704/2704 2705/2705/2705 2706/2706/2706
f 2707/2707/2707 2708/2708/2708 2709/2709/2709
f 2710/2710/2710 2711/2711/2711 2712/2712/2712
f 2713/2713/2713 2714/2714/2714 2715/2715/2715
f 2716/2716/2716 2717/2717/2717 2718/2718/2718
f 2719/2719/2719 2720/2720/2720 2721/2721/2721
f 2722/2722/2722 2723/2723/2723 2724/2724/2724
f 2725/2725/2725 2726/2726/2726 2727/2727/2727
f 2728/2728/2728 2729/2729/2729 2730/2730/2730
f 2731/2731/2731 2732/2732/2732 2733/2733/2733
f 2734/2734/2734 2735/2735/2735 2736/2736/2736
f 2737/2737/2737 2738/2738/2738 2739/2739/2739
f 2740/2740/2740 2741/2741/2741 2742/2742/2742
f 2743/2743/2743 2744/2744/2744 2745/2745/2745
f 2746/2746/2746 2747/2747/2747 2748/2748/2748
f 2749/2749/2749 2750/2750/2750 2751/2751/2751
f 2752/2752/2752 2753/2753/2753 2754/2754/2754
f 2755/2755/2755 2756/2756/2756 2757/2757/2757
f 2758/2758/2758 2759/2759/2759 2760/2760/2760
f 2761/2761/2761 2762/2762/2762 2763/2763/2763
f 2764/2764/2764 2765/2765/2765 2766/2766/2766
f 2767/2767/2767 2768/2768/2768 2769/2769/2769
f 2770/2770/2770 2771/2771/2771 2772/2772/2772
f 2773/2773/2773 2774/2774/2774 2775/2775/2775
f 2776/2776/2776 2777/2777/2777 2778/2778/2778
f 2779/2779/2779 2780/2780/2780 2781/2781/2781
f 2782/2782/2782 2783/2783/2783 2784/2784/2784
f 2785/2785/2785 2786/2786/2786 2787/2787/2787
f 2788/2788/2788 2789/2789/2789 2790/2790/2790
f 2791/2791/2791 2792/2792/2792 2793/2793/2793
f 2794/2794/2794 2795/2795/2795 2796/2796/2796
f 2797/2797/2797 2798/2798/2798 2799/2799/2799
f 2800/2800/2800 2801/2801/2801 2802/2802/2802
f 2803/2803/2803 2804/2804/2804 2805/2805/2805
f 2806/2806/2806 2807/2807/2807 2808/2808/2808
f 2809/2809/2809 2810/2810/2810 2811/2811/2811
f 2812/2812/2812 2813/2813/2813 2814/2814/2814
f 2815/2815/2815 2816/2816/2816 2817/2817/2817
f 2818/2818/2818 2819/2819/2819 2820/2820/2820
f 2821/2821/2821 2822/2822/2822 2823/2823/2823
f 2824/2824/2824 2825/2825/2825 2826/2826/2826
f 2827/2827/2827 2828/2828/2828 2829/2829/2829
f 2830/2830/2830 2831/2831/2831 2832/2832/2832
f 2833/2833/2833 2834/2834/2834 2835/2835/2835
f 2836/2836/2836 2837/2837/2837 2838/2838/2838
f 2839/2839/2839 2840/2840/2840 2841/2841/2841
f 2842/2842/2842 2843/2843/2843 2844/2844/2844
f 2845/2845/2845 2846/2846/2846 2847/2847/2847
f 2848/2848/2848 2849/2849/2849 2850/2850/2850
f 2851/2851/2851 2852/2852/2852 2853/2853/2853
f 2854/2854/2854 2855/2855/2855 2856/2856/2856
f 2857/2857/2857 2858/2858/2858 2859/2859/2859
f 2860/2860/2860 2861/2861/2861 2862/2862/2862
f 2863/2863/2863 2864/2864/2864 2865/2865/2865
f 2866/2866/2866 2867/2867/2867 2868/2868/2868
f 2869/2869/2869 2870/2870/2870 2871/2871/2871
f 2872/2872/2872 2873/2873/2873 2874/2874/2874
f 2875/2875/2875 2876/2876/2876 2877/2877/2877
f 2878/2878/2878 2879/2879/2879 2880/2880/2880
f 2881/2881/2881 2882/2882/2882 2883/2883/2883
f 2884/2884/2884 2885/2885/2885 2886/2886/2886
f 2887/2887/2887 2888/2888/2888 2889/2889/2889
f 2890/2890/2890 2891/2891/2891 2892/2892/2892
f 2893/2893/2893 2894/2894/2894 2895/2895/2895
f 2896/2896/2896 2897/2897/2897 2898/2898/2898
f 2899/2899/2899 2900/2900/2900 2901/2901/2901
f 2902/2902/2902 2903/2903/2903 2904/2904/2904
f 2905/2905/2905 2906/2906/2906 2907/2907/2907
f 2908/2908/2908 2909/2909/2909 2910/2910/2910
f 2911/2911/2911 2912/2912/2912 2913/2913/2913
f 2914/2914/2914 2915/2915/2915 2916/2916/2916
f 2917/2917/2917 2918/2918/2918 2919/2919/2919
f 2920/2920/2920 2921/2921/2921 2922/2922/2922
f 2923/2923/2923 2924/2924/2924 2925/2925/2925
f 2926/2926/2926 2927/2927/2927 2928/2928/2928
f 2929/2929/2929 2930/2930/2930 2931/2931/2931
f 2932/2932/2932 2933/2933/2933 2934/2934/2934
f 2935/2935/2935 2936/2936/2936 2937/2937/2937
f 2938/2938/2938 2939/2939/2939 2940/2940/2940
f 2941/2941/2941 2942/2942/2942 2943/2943/2943
f 2944/2944/2944 2945/2945/2945 2946/2946/2946
f 2947/2947/2947 2948/2948/2948 2949/2949/2949
f 2950/2950/2950 2951/2951/2951 2952/2952/2952
f 2953/2953/2953 2954/2954/2954 2955/2955/2955
f 2956/2956/2956 2957/2957/2957 2958/2958/2958
f 2959/2959/2959 2960/2960/2960 2961/2961/2961
f 2962/2962/2962 2963/2963/2963 2964/2964/2964
f 2965/2965/2965 2966/2966/2966 2967/2967/2967
f 2968/2968/2968 2969/2969/2969 2970/2970/2970
f 2971/2971/2971 2972/2972/2972 2973/2973/2973
f 2974/2974/2974 2975/2975/2975 2976/2976/2976
f 2977/2977/2977 2978/2978/2978 2979/2979/2979
f 2980/2980/2980 2981/2981/2981 2982/2982/2982
f 2983/2983/2983 2984/2984/2984 2985/2985/2985
f 2986/2986/2986 2987/2987/2987 2988/2988/2988
f 2989/2989/2989 2990/2990/2990 2991/2991/2991
f 2992/2992/2992 2993/2993/2993 2994/2994/2994
f 2995/2995/2995 2996/2996/2996 2997/2997/2997
f 2998/2998/2998 2999/2999/2999 3000/3000/3000
f 3001/3001/3001 3002/3002/3002 3003/3003/3003
f 3004/3004/3004 3005/3005/3005 3006/3006/3006
f 3007/3007/3007 3008/3008/3008 3009/3009/3009
f 3010/3010/3010 3011/3011/3011 3012/3012/3012
f 3013/3013/3013 3014/3014/3014 3015/3015/3015
f 3016/3016/3016 3017/3017/3017 3018/3018/3018
f 3019/3019/3019 3020/3020/3020 3021/3021/3021
f 3022/3022/3022 3023/3023/3023 3024/3024/3024
f 3025/3025/3025 3026/3026/3026 3027/3027/3027
f 3028/3028/3028 3029/3029/3029 3030/3030/3030
f 3031/3031/3031 3032/3032/3032 3033/3033/3033
f 3034/3034/3034 3035/3035/3035 3036/3036/3036
f 3037/3037/3037 3038/3038/3038 3039/3039/3039
f 3040/3040/3040 3041/3041/3041 3042/3042/3042
f 3043/3043/3043 3044/3044/3044 3045/3045/3045
f 3046/3046/3046 3047/3047/3047 3048/3048/3048
f 3049/3049/3049 3050/3050/3050 3051/3051/3051
f 3052/3052/3052 3053/3053/3053 3054/3054/3054
f 3055/3055/3055 3056/3056/3056 3057/3057/3057
f 3058/3058/3058 3059/3059/3059 3060/3060/3060
f 3061/3061/3061 3062/3062/3062 3063/3063/3063
f 3064/3064/3064 3065/3065/3065 3066/3066/3066
f 3067/3067/3067 3068/3068/3068 3069/3069/3069
f 3070/3070/3070 3071/3071/3071 3072/3072/3072
f 3073/3073/3073 3074/3074/3074 3075/3075/3075
f 3076/3076/3076 3077/3077/3077 3078/3078/3078
f 3079/3079/3079 3080/3080/3080 3081/3081/3081
f 3082/3082/3082 3083/3083/3083 3084/3084/3084
f 3085/3085/3085 3086/3086/3086 3087/3087/3087
f 3088/3088/3088 3089/3089/3089 3090/3090/3090
f 3091/3091/3091 3092/3092/3092 3093/3093/3093
f 3094/3094/3094 3095/3095/3095 3096/3096/3096
f 3097/3097/3097 3098/3098/3098 3099/3099/3099
f 3100/3100/3100 3101/3101/3101 3102/3102/3102
f 3103/3103/3103 3104/3104/3104 3105/3105/3105
f 3106/3106/3106 3107/3107/3107 3108/3108/3108
f 3109/3109/3109 3110/3110/3110 3111/3111/3111
f 3112/3112/3112 3113/3113/3113 3114/3114/3114
f 3115/3115/3115 3116/3116/3116 3117/3117/3117
f 3118/3118/3118 3119/3119/3119 3120/3120/3120
f 3121/3121/3121 3122/3122/3122 3123/3123/3123
f 3124/3124/3124 3125/3125/3125 3126/3126/3126
f 3127/3127/3127 3128/3128/3128 3129/3129/3129
f 3130/3130/3130 3131/3131/3131 3132/3132/3132
f 3133/3133/3133 3134/3134/3134 3135/3135/3135
f 3136/3136/3136 3137/3137/3137 3138/3138/3138
f 3139/3139/3139 3140/3140/3140 3141/3141/3141
f 3142/3142/3142 3143/3143/3143 3144/3144/3144
f 3145/3145/3145 3146/3146/3146 3147/3147/3147
f 3148/3148/3148 3149/3149/3149 3150/3150/3150
f 3151/3151/3151 3152/3152/3152 3153/3153/3153
f 3154/3154/3154 3155/3155/3155 3156/3156/3156
f 3157/3157/3157 3158/3158/3158 3159/3159/3159
f 3160/3160/3160 3161/3161/3161 3162/3162/3162
f 3163/3163/3163 3164/3164/3164 3165/3165/3165
f 3166/3166/3166 3167/3167/3167 3168/3168/3168
f 3169/3169/3169 3170/3170/3170 3171/3171/3171
f 3172/3172/3172 3173/3173/3173 3174/3174/3174
f 3175/3175/3175 3176/3176/3176 3177/3177/3177
f 3178/3178/3178 3179/3179/3179 3180/3180/3180
f 3181/3181/3181 3182/3182/3182 3183/3183/3183
f 3184/3184/3184 3185/3185/3185 3186/3186/3186
f 3187/3187/3187 3188/3188/3188 3189/3189/3189
f 3190/3190/3190 3191/3191/3191 3192/3192/3192
f 3193/3193/3193 3194/3194/3194 3195/3195/3195
f 3196/3196/3196 3197/3197/3197 3198/3198/3198
f 3199/3199/3199 3200/3200/3200 3201/3201/3201
f 3202/3202/3202 3203/3203/3203 3204/3204/3204
f 3205/3205/3205 3206/3206/3206 3207/3207/3207
f 3208/3208/3208 3209/3209/3209 3210/3210/3210
f 3211/3211/3211 3212/3212/3212 3213/3213/3213
f 3214/3214/3214 3215/3215/3215 3216/3216/3216
f 3217/3217/3217 3218/3218/3218 3219/3219/3219
f 3220/3220/3220 3221/3221/3221 3222/3222/3222
f 3223/3223/3223 3224/3224/3224 3225/3225/3225
f 3226/3226/3226 3227/3227/3227 3228/3228/3228
f 3229/3229/3229 3230/3230/3230 3231/3231/3231
f 3232/3232/3232 3233/3233/3233 3234/3234/3234
f 3235/3235/3235 3236/3236/3236 3237/3237/3237
f 3238/3238/3238 3239/3239/3239 3240/3240/3240
f 3241/3241/3241 3242/3242/3242 3243/3243/3243
f 3244/3244/3244 3245/3245/3245 3246/3246/3246
f 3247/3247/3247 3248/3248/3248 3249/3249/3249
f 3250/3250/3250 3251/3251/3251 3252/3252/3252
f 3253/3253/3253 3254/3254/3254 3255/3255/3255
f 3256/3256/3256 3257/3257/3257 3258/3258/3258
