o eventhorizonblackthing
v 1.5628079891204834 -0.4502829909324646 0.06058900058269501
v 1.6039039611816406 -0.32837000489234924 0.11709599941968918
v 1.5625969886779785 -0.4209260046482086 0.17013999819755554
v 1.6039039611816406 -0.32837000489234924 0.11709599941968918
v 1.5628079891204834 -0.4502829909324646 0.06058900058269501
v 1.6040119647979736 -0.34356600046157837 0.06038900092244148
v 1.6040119647979736 -0.34356600046157837 0.06038900092244148
v 1.6161909818649292 -0.22982199490070343 0.06032000109553337
v 1.6039039611816406 -0.32837000489234924 0.11709599941968918
v 1.1883139729499816 -0.6198040246963501 0.2814289927482605
v 1.0715389966964721 -0.4547230005264282 0.42941200733184814
v 1.0745830059051513 -0.6096259951591492 0.27448299527168274
v 0.9651789784431457 -0.43540701270103455 0.39198601245880127
v 1.0745830059051513 -0.6096259951591492 0.27448299527168274
v 1.0715389966964721 -0.4547230005264282 0.42941200733184814
v 1.0745830059051513 -0.6096259951591492 0.27448299527168274
v 0.9651789784431457 -0.43540701270103455 0.39198601245880127
v 0.9679089903831481 -0.574288010597229 0.25307899713516235
v 0.8733310222625732 -0.4028030037879944 0.3320919871330261
v 0.9679089903831481 -0.574288010597229 0.25307899713516235
v 0.9651789784431457 -0.43540701270103455 0.39198601245880127
v 0.9679089903831481 -0.574288010597229 0.25307899713516235
v 0.8733310222625732 -0.4028030037879944 0.3320919871330261
v 0.8755589842796325 -0.516198992729187 0.21867600083351135
v 1.0715389966964721 -0.4547230005264282 0.42941200733184814
v 1.1883139729499816 -0.6198040246963501 0.2814289927482605
v 1.1851620197296142 -0.45943599939346313 0.4418239891529083
v 1.298302960395813 -0.4492270052433014 0.4283730089664459
v 1.1851620197296142 -0.45943599939346313 0.4418239891529083
v 1.1883139729499816 -0.6198040246963501 0.2814289927482605
v 1.298302960395813 -0.4492270052433014 0.4283730089664459
v 1.1883139729499816 -0.6198040246963501 0.2814289927482605
v 1.301348042488098 -0.6041290163993835 0.2734439969062805
v 1.4032550573348999 -0.4247879981994629 0.3899790048599243
v 1.298302960395813 -0.4492270052433014 0.4283730089664459
v 1.301348042488098 -0.6041290163993835 0.2734439969062805
v 1.4032550573348999 -0.4247879981994629 0.3899790048599243
v 1.301348042488098 -0.6041290163993835 0.2734439969062805
v 1.4059850692749023 -0.5636699795722961 0.2510719895362854
v 1.4059850692749023 -0.5636699795722961 0.2510719895362854
v 1.4928639650344848 -0.38778600096702576 0.32925400137901306
v 1.4032550573348999 -0.4247879981994629 0.3899790048599243
v 1.4928639650344848 -0.38778600096702576 0.32925400137901306
v 1.4059850692749023 -0.5636699795722961 0.2510719895362854
v 1.4950930595397949 -0.5011820197105408 0.2158380001783371
v 1.5625969886779785 -0.4209260046482086 0.17013999819755554
v 1.4928639650344848 -0.38778600096702576 0.32925400137901306
v 1.4950930595397949 -0.5011820197105408 0.2158380001783371
v 1.4928639650344848 -0.38778600096702576 0.32925400137901306
v 1.5625969886779785 -0.4209260046482086 0.17013999819755554
v 1.5610219955444335 -0.3407430052757263 0.25033700466156006
v 1.5625969886779785 -0.4209260046482086 0.17013999819755554
v 1.6030879735946655 -0.2868640124797821 0.158610001206398
v 1.5610219955444335 -0.3407430052757263 0.25033700466156006
v 1.6030879735946655 -0.2868640124797821 0.158610001206398
v 1.5625969886779785 -0.4209260046482086 0.17013999819755554
v 1.6039039611816406 -0.32837000489234924 0.11709599941968918
v 1.6039039611816406 -0.32837000489234924 0.11709599941968918
v 1.6161909818649292 -0.22982199490070343 0.06032000109553337
v 1.6030879735946655 -0.2868640124797821 0.158610001206398
v 1.298302960395813 -0.4492270052433014 0.4283730089664459
v 1.1801219701766967 -0.24039100110530853 0.5005329847335815
v 1.1851620197296142 -0.45943599939346313 0.4418239891529083
v 1.1801219701766967 -0.24039100110530853 0.5005329847335815
v 1.0715389966964721 -0.4547230005264282 0.42941200733184814
v 1.1851620197296142 -0.45943599939346313 0.4418239891529083
v 1.1801219701766967 -0.24039100110530853 0.5005329847335815
v 1.298302960395813 -0.4492270052433014 0.4283730089664459
v 1.2934339761734008 -0.2376450002193451 0.4850809872150421
v 1.4032550573348999 -0.4247879981994629 0.3899790048599243
v 1.2934339761734008 -0.2376450002193451 0.4850809872150421
v 1.298302960395813 -0.4492270052433014 0.4283730089664459
v 1.2934339761734008 -0.2376450002193451 0.4850809872150421
v 1.4032550573348999 -0.4247879981994629 0.3899790048599243
v 1.398889970779419 -0.23508800566196442 0.44082099199295044
v 1.4928639650344848 -0.38778600096702576 0.32925400137901306
v 1.398889970779419 -0.23508800566196442 0.44082099199295044
v 1.4032550573348999 -0.4247879981994629 0.3899790048599243
v 1.398889970779419 -0.23508800566196442 0.44082099199295044
v 1.4928639650344848 -0.38778600096702576 0.32925400137901306
v 1.4892999649047851 -0.23289699852466583 0.37076500058174133
v 1.5610219955444335 -0.3407430052757263 0.25033700466156006
v 1.4892999649047851 -0.23289699852466583 0.37076500058174133
v 1.4928639650344848 -0.38778600096702576 0.32925400137901306
v 1.4892999649047851 -0.23289699852466583 0.37076500058174133
v 1.5610219955444335 -0.3407430052757263 0.25033700466156006
v 1.5585009574890136 -0.23122000694274902 0.27969101071357727
v 1.6030879735946655 -0.2868640124797821 0.158610001206398
v 1.5585009574890136 -0.23122000694274902 0.27969101071357727
v 1.5610219955444335 -0.3407430052757263 0.25033700466156006
v 1.5585009574890136 -0.23122000694274902 0.27969101071357727
v 1.6030879735946655 -0.2868640124797821 0.158610001206398
v 1.601784062385559 -0.23017099499702454 0.17380499839782715
v 1.6030879735946655 -0.2868640124797821 0.158610001206398
v 1.6161909818649292 -0.22982199490070343 0.06032000109553337
v 1.601784062385559 -0.23017099499702454 0.17380499839782715
v 1.06667001247406 -0.24314099550247192 0.48611998558044434
v 1.0715389966964721 -0.4547230005264282 0.42941200733184814
v 1.1801219701766967 -0.24039100110530853 0.5005329847335815
v 1.06667001247406 -0.24314099550247192 0.48611998558044434
v 0.9651789784431457 -0.43540701270103455 0.39198601245880127
v 1.0715389966964721 -0.4547230005264282 0.42941200733184814
v 1.06667001247406 -0.24314099550247192 0.48611998558044434
v 0.9608140110969543 -0.24570700526237488 0.4428279995918274
v 0.9651789784431457 -0.43540701270103455 0.39198601245880127
v 0.9608140110969543 -0.24570700526237488 0.4428279995918274
v 0.8733310222625732 -0.4028030037879944 0.3320919871330261
v 0.9651789784431457 -0.43540701270103455 0.39198601245880127
v 0.9608140110969543 -0.24570700526237488 0.4428279995918274
v 0.8697670221328735 -0.24791300296783447 0.3736029863357544
v 0.8733310222625732 -0.4028030037879944 0.3320919871330261
v 1.0548799753189086 0.12325099855661392 -0.14879000186920166
v 1.1674969911575317 0.1976429969072342 0.062327999621629715
v 1.1679160118103027 0.13892699778079987 -0.15677399933338165
v 1.1674969911575317 0.1976429969072342 0.062327999621629715
v 1.2816450119018554 0.12874700129032135 -0.14982900023460388
v 1.1679160118103027 0.13892699778079987 -0.15677399933338165
v 1.1674969911575317 0.1976429969072342 0.062327999621629715
v 1.0548799753189086 0.12325099855661392 -0.14879000186920166
v 1.054475975036621 0.179966002702713 0.06284700334072113
v 1.2816450119018554 0.12874700129032135 -0.14982900023460388
v 1.1674969911575317 0.1976429969072342 0.062327999621629715
v 1.2812389850616455 0.18546199798583984 0.06180800125002861
v 0.9502440214157104 0.08279100060462952 -0.12641799449920654
v 1.054475975036621 0.179966002702713 0.06284700334072113
v 1.0548799753189086 0.12325099855661392 -0.14879000186920166
v 1.2812389850616455 0.18546199798583984 0.06180800125002861
v 1.3883200407028198 0.09340900182723999 -0.1284250020980835
v 1.2816450119018554 0.12874700129032135 -0.14982900023460388
v 1.054475975036621 0.179966002702713 0.06284700334072113
v 0.9502440214157104 0.08279100060462952 -0.12641799449920654
v 0.9498810291290283 0.13364200294017792 0.0633310005068779
v 0.8611360311508178 0.020302999764680862 -0.09118299931287766
v 0.9498810291290283 0.13364200294017792 0.0633310005068779
v 0.9502440214157104 0.08279100060462952 -0.12641799449920654
v 0.9498810291290283 0.13364200294017792 0.0633310005068779
v 0.8611360311508178 0.020302999764680862 -0.09118299931287766
v 0.8608399748802185 0.06182200089097023 0.06374700367450714
v 1.3879570484161377 0.1442600041627884 0.06132400035858154
v 1.3883200407028198 0.09340900182723999 -0.1284250020980835
v 1.2812389850616455 0.18546199798583984 0.06180800125002861
v 1.3883200407028198 0.09340900182723999 -0.1284250020980835
v 1.3879570484161377 0.1442600041627884 0.06132400035858154
v 1.4806700468063354 0.035319000482559204 -0.09402099996805191
v 1.4806700468063354 0.035319000482559204 -0.09402099996805191
v 1.3879570484161377 0.1442600041627884 0.06132400035858154
v 1.4803729772567749 0.07683800160884857 0.0609080009162426
v 1.5521890640258789 -0.01220299955457449 0.06058900058269501
v 1.4806700468063354 0.035319000482559204 -0.09402099996805191
v 1.4803729772567749 0.07683800160884857 0.0609080009162426
v 1.4806700468063354 0.035319000482559204 -0.09402099996805191
v 1.5521890640258789 -0.01220299955457449 0.06058900058269501
v 1.5523989915847778 -0.041561998426914215 -0.048962000757455826
v 1.5523989915847778 -0.041561998426914215 -0.048962000757455826
v 1.5521890640258789 -0.01220299955457449 0.06058900058269501
v 1.598624062538147 -0.1319960057735443 0.0036800000816583633
v 1.598624062538147 -0.1319960057735443 0.0036800000816583633
v 1.5521890640258789 -0.01220299955457449 0.06058900058269501
v 1.598516058921814 -0.11680000275373459 0.06038900092244148
v 1.598516058921814 -0.11680000275373459 0.06038900092244148
v 1.6161909818649292 -0.22982199490070343 0.06032000109553337
v 1.598624062538147 -0.1319960057735443 0.0036800000816583633
v 1.2835829973220825 0.12879399955272675 0.2734439969062805
v 1.1674969911575317 0.1976429969072342 0.062327999621629715
v 1.1699220061302185 0.13897499442100525 0.2814289927482605
v 1.1699220061302185 0.13897499442100525 0.2814289927482605
v 1.1674969911575317 0.1976429969072342 0.062327999621629715
v 1.0568189740180969 0.12329799681901932 0.27448299527168274
v 1.1674969911575317 0.1976429969072342 0.062327999621629715
v 1.2835829973220825 0.12879399955272675 0.2734439969062805
v 1.2812389850616455 0.18546199798583984 0.06180800125002861
v 1.0568189740180969 0.12329799681901932 0.27448299527168274
v 1.1674969911575317 0.1976429969072342 0.062327999621629715
v 1.054475975036621 0.179966002702713 0.06284700334072113
v 1.3900579929351806 0.09345100075006485 0.2510719895362854
v 1.2812389850616455 0.18546199798583984 0.06180800125002861
v 1.2835829973220825 0.12879399955272675 0.2734439969062805
v 1.0568189740180969 0.12329799681901932 0.27448299527168274
v 1.054475975036621 0.179966002702713 0.06284700334072113
v 0.9519810199737548 0.08283299952745438 0.25307899713516235
v 1.2812389850616455 0.18546199798583984 0.06180800125002861
v 1.3900579929351806 0.09345100075006485 0.2510719895362854
v 1.3879570484161377 0.1442600041627884 0.06132400035858154
v 0.9519810199737548 0.08283299952745438 0.25307899713516235
v 1.054475975036621 0.179966002702713 0.06284700334072113
v 0.9498810291290283 0.13364200294017792 0.0633310005068779
v 0.9519810199737548 0.08283299952745438 0.25307899713516235
v 0.9498810291290283 0.13364200294017792 0.0633310005068779
v 0.8625549793243408 0.020337000489234924 0.21867600083351135
v 0.8625549793243408 0.020337000489234924 0.21867600083351135
v 0.9498810291290283 0.13364200294017792 0.0633310005068779
v 0.8608399748802185 0.06182200089097023 0.06374700367450714
v 1.4820889949798584 0.035353999584913254 0.2158380001783371
v 1.3879570484161377 0.1442600041627884 0.06132400035858154
v 1.3900579929351806 0.09345100075006485 0.2510719895362854
v 1.3879570484161377 0.1442600041627884 0.06132400035858154
v 1.4820889949798584 0.035353999584913254 0.2158380001783371
v 1.4803729772567749 0.07683800160884857 0.0609080009162426
v 1.4820889949798584 0.035353999584913254 0.2158380001783371
v 1.5521890640258789 -0.01220299955457449 0.06058900058269501
v 1.4803729772567749 0.07683800160884857 0.0609080009162426
v 1.5521890640258789 -0.01220299955457449 0.06058900058269501
v 1.4820889949798584 0.035353999584913254 0.2158380001783371
v 1.553402018547058 -0.04153800010681152 0.17013999819755554
v 1.553402018547058 -0.04153800010681152 0.17013999819755554
v 1.598516058921814 -0.11680000275373459 0.06038900092244148
v 1.5521890640258789 -0.01220299955457449 0.06058900058269501
v 1.598516058921814 -0.11680000275373459 0.06038900092244148
v 1.553402018547058 -0.04153800010681152 0.17013999819755554
v 1.5991440534591674 -0.13198399543762207 0.11709599941968918
v 1.5991440534591674 -0.13198399543762207 0.11709599941968918
v 1.6161909818649292 -0.22982199490070343 0.06032000109553337
v 1.598516058921814 -0.11680000275373459 0.06038900092244148
v 0.9621700167655944 -0.435479998588562 -0.2653219997882843
v 0.874140989780426 -0.5162330269813538 -0.09118299931287766
v 0.870873999595642 -0.402862012386322 -0.20459899306297302
v 0.874140989780426 -0.5162330269813538 -0.09118299931287766
v 0.9621700167655944 -0.435479998588562 -0.2653219997882843
v 0.9661709785461425 -0.5743299722671509 -0.12641799449920654
v 1.0681820034980773 -0.454804003238678 -0.30371901392936707
v 0.9661709785461425 -0.5743299722671509 -0.12641799449920654
v 0.9621700167655944 -0.435479998588562 -0.2653219997882843
v 0.9661709785461425 -0.5743299722671509 -0.12641799449920654
v 1.0681820034980773 -0.454804003238678 -0.30371901392936707
v 1.0726450204849243 -0.609673023223877 -0.14879000186920166
v 1.1863070249557495 -0.6198530197143555 -0.15677399933338165
v 1.0726450204849243 -0.609673023223877 -0.14879000186920166
v 1.0681820034980773 -0.454804003238678 -0.30371901392936707
v 1.1863070249557495 -0.6198530197143555 -0.15677399933338165
v 1.0681820034980773 -0.454804003238678 -0.30371901392936707
v 1.181685996055603 -0.45952099561691284 -0.31716999411582947
v 1.294946026802063 -0.44930800795555115 -0.3047580122947693
v 1.1863070249557495 -0.6198530197143555 -0.15677399933338165
v 1.181685996055603 -0.45952099561691284 -0.31716999411582947
v 1.1863070249557495 -0.6198530197143555 -0.15677399933338165
v 1.294946026802063 -0.44930800795555115 -0.3047580122947693
v 1.299408984184265 -0.6041759848594666 -0.14982900023460388
v 1.4042480707168579 -0.5637120008468628 -0.1284250020980835
v 1.299408984184265 -0.6041759848594666 -0.14982900023460388
v 1.294946026802063 -0.44930800795555115 -0.3047580122947693
v 1.4042480707168579 -0.5637120008468628 -0.1284250020980835
v 1.294946026802063 -0.44930800795555115 -0.3047580122947693
v 1.400245976448059 -0.42486101388931274 -0.26732900738716125
v 1.4042480707168579 -0.5637120008468628 -0.1284250020980835
v 1.400245976448059 -0.42486101388931274 -0.26732900738716125
v 1.4936750650405883 -0.5012170076370239 -0.09402099996805191
v 1.4936750650405883 -0.5012170076370239 -0.09402099996805191
v 1.400245976448059 -0.42486101388931274 -0.26732900738716125
v 1.4904070615768432 -0.3878459930419922 -0.20743699371814728
v 1.5592840433120727 -0.3407849967479706 -0.12916000187397003
v 1.4936750650405883 -0.5012170076370239 -0.09402099996805191
v 1.4904070615768432 -0.3878459930419922 -0.20743699371814728
v 1.4936750650405883 -0.5012170076370239 -0.09402099996805191
v 1.5592840433120727 -0.3407849967479706 -0.12916000187397003
v 1.5615950345993042 -0.4209510087966919 -0.048962999135255814
v 1.5615950345993042 -0.4209510087966919 -0.048962999135255814
v 1.5592840433120727 -0.3407849967479706 -0.12916000187397003
v 1.60338397026062 -0.3283829987049103 0.0036800000816583633
v 1.5592840433120727 -0.3407849967479706 -0.12916000187397003
v 1.6021880626678466 -0.2868860065937042 -0.037831999361515045
v 1.60338397026062 -0.3283829987049103 0.0036800000816583633
v 1.6021880626678466 -0.2868860065937042 -0.037831999361515045
v 1.6161909818649292 -0.22982199490070343 0.06032000109553337
v 1.60338397026062 -0.3283829987049103 0.0036800000816583633
v 1.1887329936027526 -0.6785200238227844 0.06232700124382973
v 1.0726450204849243 -0.609673023223877 -0.14879000186920166
v 1.1863070249557495 -0.6198530197143555 -0.15677399933338165
v 1.299408984184265 -0.6041759848594666 -0.14982900023460388
v 1.1887329936027526 -0.6785200238227844 0.06232700124382973
v 1.1863070249557495 -0.6198530197143555 -0.15677399933338165
v 1.0749889731407165 -0.6663399934768677 0.06284700334072113
v 1.0726450204849243 -0.609673023223877 -0.14879000186920166
v 1.1887329936027526 -0.6785200238227844 0.06232700124382973
v 1.0749889731407165 -0.6663399934768677 0.06284700334072113
v 0.9661709785461425 -0.5743299722671509 -0.12641799449920654
v 1.0726450204849243 -0.609673023223877 -0.14879000186920166
v 1.0749889731407165 -0.6663399934768677 0.06284700334072113
v 0.9682719826698303 -0.6251369714736938 0.0633310005068779
v 0.9661709785461425 -0.5743299722671509 -0.12641799449920654
v 0.9682719826698303 -0.6251369714736938 0.0633310005068779
v 0.874140989780426 -0.5162330269813538 -0.09118299931287766
v 0.9661709785461425 -0.5743299722671509 -0.12641799449920654
v 0.9682719826698303 -0.6251369714736938 0.0633310005068779
v 0.8758559942245483 -0.5577179789543152 0.06374700367450714
v 0.874140989780426 -0.5162330269813538 -0.09118299931287766
v 1.1887329936027526 -0.6785200238227844 0.06232700124382973
v 1.299408984184265 -0.6041759848594666 -0.14982900023460388
v 1.3017520427703857 -0.660843014717102 0.06180800125002861
v 1.4042480707168579 -0.5637120008468628 -0.1284250020980835
v 1.3017520427703857 -0.660843014717102 0.06180800125002861
v 1.299408984184265 -0.6041759848594666 -0.14982900023460388
v 1.3017520427703857 -0.660843014717102 0.06180800125002861
v 1.4042480707168579 -0.5637120008468628 -0.1284250020980835
v 1.4063480615615844 -0.6145190000534058 0.06132400035858154
v 1.4936750650405883 -0.5012170076370239 -0.09402099996805191
v 1.4063480615615844 -0.6145190000534058 0.06132400035858154
v 1.4042480707168579 -0.5637120008468628 -0.1284250020980835
v 1.4063480615615844 -0.6145190000534058 0.06132400035858154
v 1.4936750650405883 -0.5012170076370239 -0.09402099996805191
v 1.4953890562057495 -0.5427020192146301 0.0609080009162426
v 1.5615950345993042 -0.4209510087966919 -0.048962999135255814
v 1.4953890562057495 -0.5427020192146301 0.0609080009162426
v 1.4936750650405883 -0.5012170076370239 -0.09402099996805191
v 1.4953890562057495 -0.5427020192146301 0.0609080009162426
v 1.5615950345993042 -0.4209510087966919 -0.048962999135255814
v 1.5628079891204834 -0.4502829909324646 0.06058900058269501
v 1.60338397026062 -0.3283829987049103 0.0036800000816583633
v 1.5628079891204834 -0.4502829909324646 0.06058900058269501
v 1.5615950345993042 -0.4209510087966919 -0.048962999135255814
v 1.5628079891204834 -0.4502829909324646 0.06058900058269501
v 1.60338397026062 -0.3283829987049103 0.0036800000816583633
v 1.6040119647979736 -0.34356600046157837 0.06038900092244148
v 1.60338397026062 -0.3283829987049103 0.0036800000816583633
v 1.6161909818649292 -0.22982199490070343 0.06032000109553337
v 1.6040119647979736 -0.34356600046157837 0.06038900092244148
v 1.1801219701766967 -0.24039100110530853 0.5005329847335815
v 1.061283004283905 -0.03156999871134758 0.42941200733184814
v 1.06667001247406 -0.24314099550247192 0.48611998558044434
v 0.9559829950332641 -0.05601799860596657 0.3919839859008789
v 1.06667001247406 -0.24314099550247192 0.48611998558044434
v 1.061283004283905 -0.03156999871134758 0.42941200733184814
v 1.06667001247406 -0.24314099550247192 0.48611998558044434
v 0.9559829950332641 -0.05601799860596657 0.3919839859008789
v 0.9608140110969543 -0.24570700526237488 0.4428279995918274
v 0.8658229827880859 -0.09303300082683563 0.3320919871330261
v 0.9608140110969543 -0.24570700526237488 0.4428279995918274
v 0.9559829950332641 -0.05601799860596657 0.3919839859008789
v 0.9608140110969543 -0.24570700526237488 0.4428279995918274
v 0.8658229827880859 -0.09303300082683563 0.3320919871330261
v 0.8697670221328735 -0.24791300296783447 0.3736029863357544
v 1.061283004283905 -0.03156999871134758 0.42941200733184814
v 1.1801219701766967 -0.24039100110530853 0.5005329847335815
v 1.1745429754257202 -0.02135699987411499 0.4418250024318695
v 1.1745429754257202 -0.02135699987411499 0.4418250024318695
v 1.1801219701766967 -0.24039100110530853 0.5005329847335815
v 1.2880459547042846 -0.02607399970293045 0.4283730089664459
v 1.2880459547042846 -0.02607399970293045 0.4283730089664459
v 1.1801219701766967 -0.24039100110530853 0.5005329847335815
v 1.2934339761734008 -0.2376450002193451 0.4850809872150421
v 1.2880459547042846 -0.02607399970293045 0.4283730089664459
v 1.2934339761734008 -0.2376450002193451 0.4850809872150421
v 1.39405996799469 -0.04540000110864639 0.38997700810432434
v 1.39405996799469 -0.04540000110864639 0.38997700810432434
v 1.2934339761734008 -0.2376450002193451 0.4850809872150421
v 1.398889970779419 -0.23508800566196442 0.44082099199295044
v 1.39405996799469 -0.04540000110864639 0.38997700810432434
v 1.398889970779419 -0.23508800566196442 0.44082099199295044
v 1.485356044769287 -0.078015998005867 0.32925400137901306
v 1.485356044769287 -0.078015998005867 0.32925400137901306
v 1.398889970779419 -0.23508800566196442 0.44082099199295044
v 1.4892999649047851 -0.23289699852466583 0.37076500058174133
v 1.485356044769287 -0.078015998005867 0.32925400137901306
v 1.4892999649047851 -0.23289699852466583 0.37076500058174133
v 1.5557130098342895 -0.12170299887657166 0.25033700466156006
v 1.4892999649047851 -0.23289699852466583 0.37076500058174133
v 1.5585009574890136 -0.23122000694274902 0.27969101071357727
v 1.5557130098342895 -0.12170299887657166 0.25033700466156006
v 1.601784062385559 -0.23017099499702454 0.17380499839782715
v 1.5557130098342895 -0.12170299887657166 0.25033700466156006
v 1.5585009574890136 -0.23122000694274902 0.27969101071357727
v 1.5557130098342895 -0.12170299887657166 0.25033700466156006
v 1.601784062385559 -0.23017099499702454 0.17380499839782715
v 1.6003399610519409 -0.17348000407218933 0.158610001206398
v 1.601784062385559 -0.23017099499702454 0.17380499839782715
v 1.6161909818649292 -0.22982199490070343 0.06032000109553337
v 1.6003399610519409 -0.17348000407218933 0.158610001206398
v 1.1745429754257202 -0.02135699987411499 0.4418250024318695
v 1.1699220061302185 0.13897499442100525 0.2814289927482605
v 1.061283004283905 -0.03156999871134758 0.42941200733184814
v 1.2880459547042846 -0.02607399970293045 0.4283730089664459
v 1.1699220061302185 0.13897499442100525 0.2814289927482605
v 1.1745429754257202 -0.02135699987411499 0.4418250024318695
v 1.061283004283905 -0.03156999871134758 0.42941200733184814
v 1.1699220061302185 0.13897499442100525 0.2814289927482605
v 1.0568189740180969 0.12329799681901932 0.27448299527168274
v 1.061283004283905 -0.03156999871134758 0.42941200733184814
v 1.0568189740180969 0.12329799681901932 0.27448299527168274
v 0.9559829950332641 -0.05601799860596657 0.3919839859008789
v 0.9559829950332641 -0.05601799860596657 0.3919839859008789
v 1.0568189740180969 0.12329799681901932 0.27448299527168274
v 0.9519810199737548 0.08283299952745438 0.25307899713516235
v 0.8658229827880859 -0.09303300082683563 0.3320919871330261
v 0.9559829950332641 -0.05601799860596657 0.3919839859008789
v 0.9519810199737548 0.08283299952745438 0.25307899713516235
v 0.8625549793243408 0.020337000489234924 0.21867600083351135
v 0.8658229827880859 -0.09303300082683563 0.3320919871330261
v 0.9519810199737548 0.08283299952745438 0.25307899713516235
v 1.1699220061302185 0.13897499442100525 0.2814289927482605
v 1.2880459547042846 -0.02607399970293045 0.4283730089664459
v 1.2835829973220825 0.12879399955272675 0.2734439969062805
v 1.39405996799469 -0.04540000110864639 0.38997700810432434
v 1.2835829973220825 0.12879399955272675 0.2734439969062805
v 1.2880459547042846 -0.02607399970293045 0.4283730089664459
v 1.2835829973220825 0.12879399955272675 0.2734439969062805
v 1.39405996799469 -0.04540000110864639 0.38997700810432434
v 1.3900579929351806 0.09345100075006485 0.2510719895362854
v 1.485356044769287 -0.078015998005867 0.32925400137901306
v 1.3900579929351806 0.09345100075006485 0.2510719895362854
v 1.39405996799469 -0.04540000110864639 0.38997700810432434
v 1.3900579929351806 0.09345100075006485 0.2510719895362854
v 1.485356044769287 -0.078015998005867 0.32925400137901306
v 1.4820889949798584 0.035353999584913254 0.2158380001783371
v 1.485356044769287 -0.078015998005867 0.32925400137901306
v 1.553402018547058 -0.04153800010681152 0.17013999819755554
v 1.4820889949798584 0.035353999584913254 0.2158380001783371
v 1.553402018547058 -0.04153800010681152 0.17013999819755554
v 1.485356044769287 -0.078015998005867 0.32925400137901306
v 1.5557130098342895 -0.12170299887657166 0.25033700466156006
v 1.6003399610519409 -0.17348000407218933 0.158610001206398
v 1.553402018547058 -0.04153800010681152 0.17013999819755554
v 1.5557130098342895 -0.12170299887657166 0.25033700466156006
v 1.553402018547058 -0.04153800010681152 0.17013999819755554
v 1.6003399610519409 -0.17348000407218933 0.158610001206398
v 1.5991440534591674 -0.13198399543762207 0.11709599941968918
v 1.6003399610519409 -0.17348000407218933 0.158610001206398
v 1.6161909818649292 -0.22982199490070343 0.06032000109553337
v 1.5991440534591674 -0.13198399543762207 0.11709599941968918
v 1.400245976448059 -0.42486101388931274 -0.26732900738716125
v 1.3954150199890136 -0.23517300188541412 -0.31817299127578735
v 1.4904070615768432 -0.3878459930419922 -0.20743699371814728
v 1.4904070615768432 -0.3878459930419922 -0.20743699371814728
v 1.3954150199890136 -0.23517300188541412 -0.31817299127578735
v 1.4864630222320556 -0.23296600580215454 -0.24894799292087555
v 1.400245976448059 -0.42486101388931274 -0.26732900738716125
v 1.2895580053329467 -0.23773899674415588 -0.3614639937877655
v 1.3954150199890136 -0.23517300188541412 -0.31817299127578735
v 1.4864630222320556 -0.23296600580215454 -0.24894799292087555
v 1.5592840433120727 -0.3407849967479706 -0.12916000187397003
v 1.4904070615768432 -0.3878459930419922 -0.20743699371814728
v 1.294946026802063 -0.44930800795555115 -0.3047580122947693
v 1.2895580053329467 -0.23773899674415588 -0.3614639937877655
v 1.400245976448059 -0.42486101388931274 -0.26732900738716125
v 1.5592840433120727 -0.3407849967479706 -0.12916000187397003
v 1.4864630222320556 -0.23296600580215454 -0.24894799292087555
v 1.5564950227737426 -0.2312680035829544 -0.15851199626922607
v 1.6007439613342285 -0.2301959991455078 -0.05302700027823448
v 1.5592840433120727 -0.3407849967479706 -0.12916000187397003
v 1.5564950227737426 -0.2312680035829544 -0.15851199626922607
v 1.5592840433120727 -0.3407849967479706 -0.12916000187397003
v 1.6007439613342285 -0.2301959991455078 -0.05302700027823448
v 1.6021880626678466 -0.2868860065937042 -0.037831999361515045
v 1.6007439613342285 -0.2301959991455078 -0.05302700027823448
v 1.6161909818649292 -0.22982199490070343 0.06032000109553337
v 1.6021880626678466 -0.2868860065937042 -0.037831999361515045
v 1.294946026802063 -0.44930800795555115 -0.3047580122947693
v 1.1761090278625488 -0.2404879927635193 -0.3758780062198639
v 1.2895580053329467 -0.23773899674415588 -0.3614639937877655
v 1.181685996055603 -0.45952099561691284 -0.31716999411582947
v 1.1761090278625488 -0.2404879927635193 -0.3758780062198639
v 1.294946026802063 -0.44930800795555115 -0.3047580122947693
v 1.0681820034980773 -0.454804003238678 -0.30371901392936707
v 1.1761090278625488 -0.2404879927635193 -0.3758780062198639
v 1.181685996055603 -0.45952099561691284 -0.31716999411582947
v 1.1761090278625488 -0.2404879927635193 -0.3758780062198639
v 1.0681820034980773 -0.454804003238678 -0.30371901392936707
v 1.0627939820289611 -0.2432350069284439 -0.36042600870132446
v 0.9621700167655944 -0.435479998588562 -0.2653219997882843
v 1.0627939820289611 -0.2432350069284439 -0.36042600870132446
v 1.0681820034980773 -0.454804003238678 -0.30371901392936707
v 1.0627939820289611 -0.2432350069284439 -0.36042600870132446
v 0.9621700167655944 -0.435479998588562 -0.2653219997882843
v 0.9573390007019043 -0.2457910031080246 -0.3161660134792328
v 0.870873999595642 -0.402862012386322 -0.20459899306297302
v 0.9573390007019043 -0.2457910031080246 -0.3161660134792328
v 0.9621700167655944 -0.435479998588562 -0.2653219997882843
v 0.9573390007019043 -0.2457910031080246 -0.3161660134792328
v 0.870873999595642 -0.402862012386322 -0.20459899306297302
v 0.866929006576538 -0.247981995344162 -0.2461100071668625
v 1.0627939820289611 -0.2432350069284439 -0.36042600870132446
v 1.0579260110855102 -0.031651999801397324 -0.30371901392936707
v 1.1761090278625488 -0.2404879927635193 -0.3758780062198639
v 1.0627939820289611 -0.2432350069284439 -0.36042600870132446
v 0.9529740333557128 -0.05609099939465523 -0.2653209865093231
v 1.0579260110855102 -0.031651999801397324 -0.30371901392936707
v 1.0627939820289611 -0.2432350069284439 -0.36042600870132446
v 0.9573390007019043 -0.2457910031080246 -0.3161660134792328
v 0.9529740333557128 -0.05609099939465523 -0.2653209865093231
v 0.9573390007019043 -0.2457910031080246 -0.3161660134792328
v 0.8633650064468383 -0.09309200197458267 -0.20459899306297302
v 0.9529740333557128 -0.05609099939465523 -0.2653209865093231
v 0.9573390007019043 -0.2457910031080246 -0.3161660134792328
v 0.866929006576538 -0.247981995344162 -0.2461100071668625
v 0.8633650064468383 -0.09309200197458267 -0.20459899306297302
v 1.1761090278625488 -0.2404879927635193 -0.3758780062198639
v 1.0579260110855102 -0.031651999801397324 -0.30371901392936707
v 1.1710670113563537 -0.02144099958240986 -0.3171690106391907
v 1.2846890211105346 -0.026155000552535057 -0.3047580122947693
v 1.1761090278625488 -0.2404879927635193 -0.3758780062198639
v 1.1710670113563537 -0.02144099958240986 -0.3171690106391907
v 1.1761090278625488 -0.2404879927635193 -0.3758780062198639
v 1.2846890211105346 -0.026155000552535057 -0.3047580122947693
v 1.2895580053329467 -0.23773899674415588 -0.3614639937877655
v 1.3910500526428222 -0.045472998172044754 -0.26732900738716125
v 1.2895580053329467 -0.23773899674415588 -0.3614639937877655
v 1.2846890211105346 -0.026155000552535057 -0.3047580122947693
v 1.2895580053329467 -0.23773899674415588 -0.3614639937877655
v 1.3910500526428222 -0.045472998172044754 -0.26732900738716125
v 1.3954150199890136 -0.23517300188541412 -0.31817299127578735
v 1.4828980684280395 -0.07807599753141403 -0.20743699371814728
v 1.3954150199890136 -0.23517300188541412 -0.31817299127578735
v 1.3910500526428222 -0.045472998172044754 -0.26732900738716125
v 1.3954150199890136 -0.23517300188541412 -0.31817299127578735
v 1.4828980684280395 -0.07807599753141403 -0.20743699371814728
v 1.4864630222320556 -0.23296600580215454 -0.24894799292087555
v 1.5539750576019287 -0.12174499779939651 -0.12916000187397003
v 1.4864630222320556 -0.23296600580215454 -0.24894799292087555
v 1.4828980684280395 -0.07807599753141403 -0.20743699371814728
v 1.4864630222320556 -0.23296600580215454 -0.24894799292087555
v 1.5539750576019287 -0.12174499779939651 -0.12916000187397003
v 1.5564950227737426 -0.2312680035829544 -0.15851199626922607
v 1.5539750576019287 -0.12174499779939651 -0.12916000187397003
v 1.6007439613342285 -0.2301959991455078 -0.05302700027823448
v 1.5564950227737426 -0.2312680035829544 -0.15851199626922607
v 1.6007439613342285 -0.2301959991455078 -0.05302700027823448
v 1.5539750576019287 -0.12174499779939651 -0.12916000187397003
v 1.599440050125122 -0.17350199818611145 -0.037831999361515045
v 1.599440050125122 -0.17350199818611145 -0.037831999361515045
v 1.6161909818649292 -0.22982199490070343 0.06032000109553337
v 1.6007439613342285 -0.2301959991455078 -0.05302700027823448
v 1.1679160118103027 0.13892699778079987 -0.15677399933338165
v 1.2846890211105346 -0.026155000552535057 -0.3047580122947693
v 1.1710670113563537 -0.02144099958240986 -0.3171690106391907
v 1.0579260110855102 -0.031651999801397324 -0.30371901392936707
v 1.1679160118103027 0.13892699778079987 -0.15677399933338165
v 1.1710670113563537 -0.02144099958240986 -0.3171690106391907
v 1.2816450119018554 0.12874700129032135 -0.14982900023460388
v 1.2846890211105346 -0.026155000552535057 -0.3047580122947693
v 1.1679160118103027 0.13892699778079987 -0.15677399933338165
v 1.2816450119018554 0.12874700129032135 -0.14982900023460388
v 1.3910500526428222 -0.045472998172044754 -0.26732900738716125
v 1.2846890211105346 -0.026155000552535057 -0.3047580122947693
v 1.3883200407028198 0.09340900182723999 -0.1284250020980835
v 1.3910500526428222 -0.045472998172044754 -0.26732900738716125
v 1.2816450119018554 0.12874700129032135 -0.14982900023460388
v 1.3910500526428222 -0.045472998172044754 -0.26732900738716125
v 1.3883200407028198 0.09340900182723999 -0.1284250020980835
v 1.4828980684280395 -0.07807599753141403 -0.20743699371814728
v 1.3883200407028198 0.09340900182723999 -0.1284250020980835
v 1.4806700468063354 0.035319000482559204 -0.09402099996805191
v 1.4828980684280395 -0.07807599753141403 -0.20743699371814728
v 1.5523989915847778 -0.041561998426914215 -0.048962000757455826
v 1.4828980684280395 -0.07807599753141403 -0.20743699371814728
v 1.4806700468063354 0.035319000482559204 -0.09402099996805191
v 1.4828980684280395 -0.07807599753141403 -0.20743699371814728
v 1.5523989915847778 -0.041561998426914215 -0.048962000757455826
v 1.5539750576019287 -0.12174499779939651 -0.12916000187397003
v 1.599440050125122 -0.17350199818611145 -0.037831999361515045
v 1.5539750576019287 -0.12174499779939651 -0.12916000187397003
v 1.5523989915847778 -0.041561998426914215 -0.048962000757455826
v 1.5523989915847778 -0.041561998426914215 -0.048962000757455826
v 1.598624062538147 -0.1319960057735443 0.0036800000816583633
v 1.599440050125122 -0.17350199818611145 -0.037831999361515045
v 1.598624062538147 -0.1319960057735443 0.0036800000816583633
v 1.6161909818649292 -0.22982199490070343 0.06032000109553337
v 1.599440050125122 -0.17350199818611145 -0.037831999361515045
v 1.1679160118103027 0.13892699778079987 -0.15677399933338165
v 1.0579260110855102 -0.031651999801397324 -0.30371901392936707
v 1.0548799753189086 0.12325099855661392 -0.14879000186920166
v 0.9529740333557128 -0.05609099939465523 -0.2653209865093231
v 1.0548799753189086 0.12325099855661392 -0.14879000186920166
v 1.0579260110855102 -0.031651999801397324 -0.30371901392936707
v 1.0548799753189086 0.12325099855661392 -0.14879000186920166
v 0.9529740333557128 -0.05609099939465523 -0.2653209865093231
v 0.9502440214157104 0.08279100060462952 -0.12641799449920654
v 0.8633650064468383 -0.09309200197458267 -0.20459899306297302
v 0.9502440214157104 0.08279100060462952 -0.12641799449920654
v 0.9529740333557128 -0.05609099939465523 -0.2653209865093231
v 0.9502440214157104 0.08279100060462952 -0.12641799449920654
v 0.8633650064468383 -0.09309200197458267 -0.20459899306297302
v 0.8611360311508178 0.020302999764680862 -0.09118299931287766
v 1.1887329936027526 -0.6785200238227844 0.06232700124382973
v 1.0745830059051513 -0.6096259951591492 0.27448299527168274
v 1.0749889731407165 -0.6663399934768677 0.06284700334072113
v 0.9679089903831481 -0.574288010597229 0.25307899713516235
v 1.0749889731407165 -0.6663399934768677 0.06284700334072113
v 1.0745830059051513 -0.6096259951591492 0.27448299527168274
v 1.0749889731407165 -0.6663399934768677 0.06284700334072113
v 0.9679089903831481 -0.574288010597229 0.25307899713516235
v 0.9682719826698303 -0.6251369714736938 0.0633310005068779
v 0.8755589842796325 -0.516198992729187 0.21867600083351135
v 0.9682719826698303 -0.6251369714736938 0.0633310005068779
v 0.9679089903831481 -0.574288010597229 0.25307899713516235
v 0.9682719826698303 -0.6251369714736938 0.0633310005068779
v 0.8755589842796325 -0.516198992729187 0.21867600083351135
v 0.8758559942245483 -0.5577179789543152 0.06374700367450714
v 1.0745830059051513 -0.6096259951591492 0.27448299527168274
v 1.1887329936027526 -0.6785200238227844 0.06232700124382973
v 1.1883139729499816 -0.6198040246963501 0.2814289927482605
v 1.1883139729499816 -0.6198040246963501 0.2814289927482605
v 1.1887329936027526 -0.6785200238227844 0.06232700124382973
v 1.301348042488098 -0.6041290163993835 0.2734439969062805
v 1.301348042488098 -0.6041290163993835 0.2734439969062805
v 1.1887329936027526 -0.6785200238227844 0.06232700124382973
v 1.3017520427703857 -0.660843014717102 0.06180800125002861
v 1.301348042488098 -0.6041290163993835 0.2734439969062805
v 1.3017520427703857 -0.660843014717102 0.06180800125002861
v 1.4059850692749023 -0.5636699795722961 0.2510719895362854
v 1.4059850692749023 -0.5636699795722961 0.2510719895362854
v 1.3017520427703857 -0.660843014717102 0.06180800125002861
v 1.4063480615615844 -0.6145190000534058 0.06132400035858154
v 1.4059850692749023 -0.5636699795722961 0.2510719895362854
v 1.4063480615615844 -0.6145190000534058 0.06132400035858154
v 1.4950930595397949 -0.5011820197105408 0.2158380001783371
v 1.4950930595397949 -0.5011820197105408 0.2158380001783371
v 1.4063480615615844 -0.6145190000534058 0.06132400035858154
v 1.4953890562057495 -0.5427020192146301 0.0609080009162426
v 1.5628079891204834 -0.4502829909324646 0.06058900058269501
v 1.4950930595397949 -0.5011820197105408 0.2158380001783371
v 1.4953890562057495 -0.5427020192146301 0.0609080009162426
v 1.4950930595397949 -0.5011820197105408 0.2158380001783371
v 1.5628079891204834 -0.4502829909324646 0.06058900058269501
v 1.5625969886779785 -0.4209260046482086 0.17013999819755554
v -2.6012831211090086 -0.3320449888706207 0.08474499732255936
v -2.6092591762542723 -0.3337849974632263 0.08235800266265869
v -2.6012239933013914 -0.33459600806236267 0.08406099677085876
v -2.6092591762542723 -0.3337849974632263 0.08235800266265869
v -2.6012831211090086 -0.3320449888706207 0.08474499732255936
v -2.6092951774597166 -0.3322399854660034 0.08277100324630737
v -2.609237003326416 -0.33491700887680054 0.08122599869966507
v -2.6012239933013914 -0.33459600806236267 0.08406099677085876
v -2.6092591762542723 -0.3337849974632263 0.08235800266265869
v -2.6092951774597166 -0.3322399854660034 0.08277100324630737
v -2.609237003326416 -0.33491700887680054 0.08122599869966507
v -2.6092591762542723 -0.3337849974632263 0.08235800266265869
v -2.601187992095947 -0.33646199107170105 0.0821940004825592
v -1.898945140838623 -0.3205449879169464 0.08598800003528595
v -2.6012239933013914 -0.33459600806236267 0.08406099677085876
v -2.6012239933013914 -0.33459600806236267 0.08406099677085876
v -2.609237003326416 -0.33491700887680054 0.08122599869966507
v -2.601187992095947 -0.33646199107170105 0.0821940004825592
v -1.898945140838623 -0.3205449879169464 0.08598800003528595
v -2.601187992095947 -0.33646199107170105 0.0821940004825592
v -1.898865032196045 -0.32458600401878357 0.08194699883460999
v -1.898865032196045 -0.32458600401878357 0.08194699883460999
v -1.0860080003738404 -0.30506300926208496 0.08957599848508835
v -1.898945140838623 -0.3205449879169464 0.08598800003528595
v -2.6093841075897215 -0.32914799451828003 0.07968000322580338
v -2.6093230724334715 -0.3322399854660034 0.0765869989991188
v -2.6092951774597166 -0.3322399854660034 0.08277100324630737
v -1.0860080003738404 -0.30506300926208496 0.08957599848508835
v -1.898865032196045 -0.32458600401878357 0.08194699883460999
v -1.0858679294586182 -0.31219398975372314 0.08244399726390839
v -1.0858679294586182 -0.31219398975372314 0.08244399726390839
v -0.15774996876716613 -0.29621198773384094 0.1089560016989708
v -1.0860080003738404 -0.30506300926208496 0.08957599848508835
v -2.6092951774597166 -0.3322399854660034 0.08277100324630737
v -2.609251070022583 -0.33491700887680054 0.0781330019235611
v -2.609237003326416 -0.33491700887680054 0.08122599869966507
v -2.609251070022583 -0.33491700887680054 0.0781330019235611
v -2.6092951774597166 -0.3322399854660034 0.08277100324630737
v -2.6093230724334715 -0.3322399854660034 0.0765869989991188
v -0.15774996876716613 -0.29621198773384094 0.1089560016989708
v -1.0858679294586182 -0.31219398975372314 0.08244399726390839
v -0.15741296410560607 -0.31332701444625854 0.09183699637651443
v -0.15741296410560607 -0.31332701444625854 0.09183699637651443
v 0.43025499284267427 -0.3396010100841522 0.11253499984741211
v -0.15774996876716613 -0.29621198773384094 0.1089560016989708
v -0.15741296410560607 -0.31332701444625854 0.09183699637651443
v 0.4303440123796463 -0.3521359860897064 0.06576400250196457
v 0.43025499284267427 -0.3396010100841522 0.11253499984741211
v -1.0858679294586182 -0.31219398975372314 0.08244399726390839
v -0.15736897587776183 -0.31959500908851624 0.06845100224018097
v -0.15741296410560607 -0.31332701444625854 0.09183699637651443
v 0.4303440123796463 -0.3521359860897064 0.06576400250196457
v -0.15741296410560607 -0.31332701444625854 0.09183699637651443
v -0.15736897587776183 -0.31959500908851624 0.06845100224018097
v -0.15736897587776183 -0.31959500908851624 0.06845100224018097
v -1.0858679294586182 -0.31219398975372314 0.08244399726390839
v -1.085849928855896 -0.3148050010204315 0.07270199805498123
v -1.898865032196045 -0.32458600401878357 0.08194699883460999
v -1.085849928855896 -0.3148050010204315 0.07270199805498123
v -1.0858679294586182 -0.31219398975372314 0.08244399726390839
v -0.1576279580593109 -0.31333300471305847 0.04506500065326691
v 0.4303440123796463 -0.3521359860897064 0.06576400250196457
v -0.15736897587776183 -0.31959500908851624 0.06845100224018097
v 0.4303440123796463 -0.3521359860897064 0.06576400250196457
v -0.1576279580593109 -0.31333300471305847 0.04506500065326691
v 0.4298259884119034 -0.3396120071411133 0.018990999087691307
v -1.0859569787979126 -0.3121959865093231 0.06295900046825409
v -0.15736897587776183 -0.31959500908851624 0.06845100224018097
v -1.085849928855896 -0.3148050010204315 0.07270199805498123
v -0.15736897587776183 -0.31959500908851624 0.06845100224018097
v -1.0859569787979126 -0.3121959865093231 0.06295900046825409
v -0.1576279580593109 -0.31333300471305847 0.04506500065326691
v -1.085849928855896 -0.3148050010204315 0.07270199805498123
v -1.898865032196045 -0.32458600401878357 0.08194699883460999
v -1.8988540649414063 -0.3260650038719177 0.07642599940299988
v -2.601187992095947 -0.33646199107170105 0.0821940004825592
v -1.8988540649414063 -0.3260650038719177 0.07642599940299988
v -1.898865032196045 -0.32458600401878357 0.08194699883460999
v -1.085849928855896 -0.3148050010204315 0.07270199805498123
v -1.8989151000976563 -0.32458698749542236 0.07090400159358978
v -1.0859569787979126 -0.3121959865093231 0.06295900046825409
v -1.8989151000976563 -0.32458698749542236 0.07090400159358978
v -1.085849928855896 -0.3148050010204315 0.07270199805498123
v -1.8988540649414063 -0.3260650038719177 0.07642599940299988
v -1.0861629724502564 -0.3050670027732849 0.05582699924707413
v -0.1576279580593109 -0.31333300471305847 0.04506500065326691
v -1.0859569787979126 -0.3121959865093231 0.06295900046825409
v -1.8989151000976563 -0.32458698749542236 0.07090400159358978
v -1.0861629724502564 -0.3050670027732849 0.05582699924707413
v -1.0859569787979126 -0.3121959865093231 0.06295900046825409
v -0.15812100768089293 -0.296220988035202 0.027946000918745995
v 0.4298259884119034 -0.3396120071411133 0.018990999087691307
v -0.1576279580593109 -0.31333300471305847 0.04506500065326691
v -0.1576279580593109 -0.31333300471305847 0.04506500065326691
v -1.0861629724502564 -0.3050670027732849 0.05582699924707413
v -0.15812100768089293 -0.296220988035202 0.027946000918745995
v 0.4298259884119034 -0.3396120071411133 0.018990999087691307
v -0.15812100768089293 -0.296220988035202 0.027946000918745995
v 0.4288400083780289 -0.3053869903087616 -0.015247000381350517
v -1.8988540649414063 -0.3260650038719177 0.07642599940299988
v -2.601187992095947 -0.33646199107170105 0.0821940004825592
v -2.601182985305786 -0.3371469974517822 0.07964300364255905
v -2.609237003326416 -0.33491700887680054 0.08122599869966507
v -2.601182985305786 -0.3371469974517822 0.07964300364255905
v -2.601187992095947 -0.33646199107170105 0.0821940004825592
v -2.601182985305786 -0.3371469974517822 0.07964300364255905
v -2.609237003326416 -0.33491700887680054 0.08122599869966507
v -2.6092341423034666 -0.3353320062160492 0.07968000322580338
v -2.609237003326416 -0.33491700887680054 0.08122599869966507
v -2.609251070022583 -0.33491700887680054 0.0781330019235611
v -2.6092341423034666 -0.3353320062160492 0.07968000322580338
v -2.609251070022583 -0.33491700887680054 0.0781330019235611
v -2.601182985305786 -0.3371469974517822 0.07964300364255905
v -2.6092341423034666 -0.3353320062160492 0.07968000322580338
v -2.60121111869812 -0.33646300435066223 0.0770919993519783
v -1.8988540649414063 -0.3260650038719177 0.07642599940299988
v -2.601182985305786 -0.3371469974517822 0.07964300364255905
v -2.601182985305786 -0.3371469974517822 0.07964300364255905
v -2.609251070022583 -0.33491700887680054 0.0781330019235611
v -2.60121111869812 -0.33646300435066223 0.0770919993519783
v -1.8988540649414063 -0.3260650038719177 0.07642599940299988
v -2.60121111869812 -0.33646300435066223 0.0770919993519783
v -1.8989151000976563 -0.32458698749542236 0.07090400159358978
v -2.6092830181121824 -0.3337860107421875 0.07700099796056747
v -2.60121111869812 -0.33646300435066223 0.0770919993519783
v -2.609251070022583 -0.33491700887680054 0.0781330019235611
v -2.609251070022583 -0.33491700887680054 0.0781330019235611
v -2.6093230724334715 -0.3322399854660034 0.0765869989991188
v -2.6092830181121824 -0.3337860107421875 0.07700099796056747
v -2.601265001296997 -0.33459699153900146 0.07522399723529816
v -1.8989151000976563 -0.32458698749542236 0.07090400159358978
v -2.60121111869812 -0.33646300435066223 0.0770919993519783
v -2.60121111869812 -0.33646300435066223 0.0770919993519783
v -2.6092830181121824 -0.3337860107421875 0.07700099796056747
v -2.601265001296997 -0.33459699153900146 0.07522399723529816
v -1.8989151000976563 -0.32458698749542236 0.07090400159358978
v -2.601265001296997 -0.33459699153900146 0.07522399723529816
v -1.8990321636199952 -0.3205470144748688 0.06686300039291382
v -1.8990321636199952 -0.3205470144748688 0.06686300039291382
v -1.0861629724502564 -0.3050670027732849 0.05582699924707413
v -1.8989151000976563 -0.32458698749542236 0.07090400159358978
v -2.6092830181121824 -0.3337860107421875 0.07700099796056747
v -2.6013300895690916 -0.3320469856262207 0.07454100251197815
v -2.601265001296997 -0.33459699153900146 0.07522399723529816
v -2.6013300895690916 -0.3320469856262207 0.07454100251197815
v -2.6092830181121824 -0.3337860107421875 0.07700099796056747
v -2.6093230724334715 -0.3322399854660034 0.0765869989991188
v -2.601265001296997 -0.33459699153900146 0.07522399723529816
v -1.8991730690002442 -0.31502801179885864 0.06538300216197968
v -1.8990321636199952 -0.3205470144748688 0.06686300039291382
v -1.8991730690002442 -0.31502801179885864 0.06538300216197968
v -2.601265001296997 -0.33459699153900146 0.07522399723529816
v -2.6013300895690916 -0.3320469856262207 0.07454100251197815
v -1.8990321636199952 -0.3205470144748688 0.06686300039291382
v -1.086410927772522 -0.2953279912471771 0.053217001259326935
v -1.0861629724502564 -0.3050670027732849 0.05582699924707413
v -1.086410927772522 -0.2953279912471771 0.053217001259326935
v -1.8990321636199952 -0.3205470144748688 0.06686300039291382
v -1.8991730690002442 -0.31502801179885864 0.06538300216197968
v -0.15871598124504088 -0.2728419899940491 0.02167999930679798
v -1.0861629724502564 -0.3050670027732849 0.05582699924707413
v -1.086410927772522 -0.2953279912471771 0.053217001259326935
v -1.0861629724502564 -0.3050670027732849 0.05582699924707413
v -0.15871598124504088 -0.2728419899940491 0.02167999930679798
v -0.15812100768089293 -0.296220988035202 0.027946000918745995
v -1.086634922027588 -0.28558701276779175 0.05582699924707413
v -0.15871598124504088 -0.2728419899940491 0.02167999930679798
v -1.086410927772522 -0.2953279912471771 0.053217001259326935
v -1.8993001461029053 -0.30950799584388733 0.06686300039291382
v -1.086410927772522 -0.2953279912471771 0.053217001259326935
v -1.8991730690002442 -0.31502801179885864 0.06538300216197968
v -1.086410927772522 -0.2953279912471771 0.053217001259326935
v -1.8993001461029053 -0.30950799584388733 0.06686300039291382
v -1.086634922027588 -0.28558701276779175 0.05582699924707413
v -2.6013889789581297 -0.32949599623680115 0.07522399723529816
v -1.8991730690002442 -0.31502801179885864 0.06538300216197968
v -2.6013300895690916 -0.3320469856262207 0.07454100251197815
v -1.8991730690002442 -0.31502801179885864 0.06538300216197968
v -2.6013889789581297 -0.32949599623680115 0.07522399723529816
v -1.8993001461029053 -0.30950799584388733 0.06686300039291382
v -2.6013300895690916 -0.3320469856262207 0.07454100251197815
v -2.6093581199645994 -0.3306939899921417 0.07700099796056747
v -2.6013889789581297 -0.32949599623680115 0.07522399723529816
v -2.6093581199645994 -0.3306939899921417 0.07700099796056747
v -2.6013300895690916 -0.3320469856262207 0.07454100251197815
v -2.6093230724334715 -0.3322399854660034 0.0765869989991188
v -2.601424980163574 -0.3276289999485016 0.0770919993519783
v -1.8993001461029053 -0.30950799584388733 0.06686300039291382
v -2.6013889789581297 -0.32949599623680115 0.07522399723529816
v -2.6013889789581297 -0.32949599623680115 0.07522399723529816
v -2.6093581199645994 -0.3306939899921417 0.07700099796056747
v -2.601424980163574 -0.3276289999485016 0.0770919993519783
v -2.6093230724334715 -0.3322399854660034 0.0765869989991188
v -2.6093800544738768 -0.3295620083808899 0.0781330019235611
v -2.6093581199645994 -0.3306939899921417 0.07700099796056747
v -2.6093800544738768 -0.3295620083808899 0.0781330019235611
v -2.601424980163574 -0.3276289999485016 0.0770919993519783
v -2.6093581199645994 -0.3306939899921417 0.07700099796056747
v -2.6093230724334715 -0.3322399854660034 0.0765869989991188
v -2.6093841075897215 -0.32914799451828003 0.07968000322580338
v -2.6093800544738768 -0.3295620083808899 0.0781330019235611
v -2.6093841075897215 -0.32914799451828003 0.07968000322580338
v -2.601429986953735 -0.3269459903240204 0.07964300364255905
v -2.6093800544738768 -0.3295620083808899 0.0781330019235611
v -2.601424980163574 -0.3276289999485016 0.0770919993519783
v -2.6093800544738768 -0.3295620083808899 0.0781330019235611
v -2.601429986953735 -0.3269459903240204 0.07964300364255905
v -2.601429986953735 -0.3269459903240204 0.07964300364255905
v -1.8993890762329102 -0.3039869964122772 0.07642599940299988
v -2.601424980163574 -0.3276289999485016 0.0770919993519783
v -1.8993001461029053 -0.30950799584388733 0.06686300039291382
v -2.601424980163574 -0.3276289999485016 0.0770919993519783
v -1.899379062652588 -0.30546700954437256 0.07090400159358978
v -1.899379062652588 -0.30546700954437256 0.07090400159358978
v -2.601424980163574 -0.3276289999485016 0.0770919993519783
v -1.8993890762329102 -0.3039869964122772 0.07642599940299988
v -1.899379062652588 -0.30546700954437256 0.07090400159358978
v -1.086634922027588 -0.28558701276779175 0.05582699924707413
v -1.8993001461029053 -0.30950799584388733 0.06686300039291382
v -1.8993890762329102 -0.3039869964122772 0.07642599940299988
v -1.0867939472198487 -0.275846004486084 0.07270199805498123
v -1.899379062652588 -0.30546700954437256 0.07090400159358978
v -1.08677499294281 -0.27845698595046997 0.06295900046825409
v -1.899379062652588 -0.30546700954437256 0.07090400159358978
v -1.0867939472198487 -0.275846004486084 0.07270199805498123
v -1.086634922027588 -0.28558701276779175 0.05582699924707413
v -1.899379062652588 -0.30546700954437256 0.07090400159358978
v -1.08677499294281 -0.27845698595046997 0.06295900046825409
v -1.0867939472198487 -0.275846004486084 0.07270199805498123
v -0.15963597893714904 -0.22607900202274323 0.06845100224018097
v -1.08677499294281 -0.27845698595046997 0.06295900046825409
v -0.15959097743034362 -0.23234499990940094 0.04506500065326691
v -1.08677499294281 -0.27845698595046997 0.06295900046825409
v -0.15963597893714904 -0.22607900202274323 0.06845100224018097
v -1.08677499294281 -0.27845698595046997 0.06295900046825409
v -0.15959097743034362 -0.23234499990940094 0.04506500065326691
v -1.086634922027588 -0.28558701276779175 0.05582699924707413
v -0.15963597893714904 -0.22607900202274323 0.06845100224018097
v 0.4258109897375107 -0.1651020050048828 0.06576400250196457
v -0.15959097743034362 -0.23234499990940094 0.04506500065326691
v -0.15925397276878356 -0.24946199357509613 0.027946000918745995
v -1.086634922027588 -0.28558701276779175 0.05582699924707413
v -0.15959097743034362 -0.23234499990940094 0.04506500065326691
v -0.15871598124504088 -0.2728419899940491 0.02167999930679798
v -1.086634922027588 -0.28558701276779175 0.05582699924707413
v -0.15925397276878356 -0.24946199357509613 0.027946000918745995
v 0.42590000927448274 -0.17763599753379822 0.018990999087691307
v -0.15959097743034362 -0.23234499990940094 0.04506500065326691
v 0.4258109897375107 -0.1651020050048828 0.06576400250196457
v 0.4258109897375107 -0.1651020050048828 0.06576400250196457
v 0.7494459867477417 -0.06125599890947342 0.06426999717950821
v 0.42590000927448274 -0.17763599753379822 0.018990999087691307
v -0.15959097743034362 -0.23234499990940094 0.04506500065326691
v 0.4265730053186417 -0.2118699997663498 -0.015247000381350517
v -0.15925397276878356 -0.24946199357509613 0.027946000918745995
v 0.4265730053186417 -0.2118699997663498 -0.015247000381350517
v -0.15959097743034362 -0.23234499990940094 0.04506500065326691
v 0.42590000927448274 -0.17763599753379822 0.018990999087691307
v -0.15925397276878356 -0.24946199357509613 0.027946000918745995
v 0.427648988366127 -0.25863000750541687 -0.027780000120401382
v -0.15871598124504088 -0.2728419899940491 0.02167999930679798
v 0.427648988366127 -0.25863000750541687 -0.027780000120401382
v -0.15925397276878356 -0.24946199357509613 0.027946000918745995
v 0.4265730053186417 -0.2118699997663498 -0.015247000381350517
v 0.427648988366127 -0.25863000750541687 -0.027780000120401382
v -0.15812100768089293 -0.296220988035202 0.027946000918745995
v -0.15871598124504088 -0.2728419899940491 0.02167999930679798
v -0.15812100768089293 -0.296220988035202 0.027946000918745995
v 0.427648988366127 -0.25863000750541687 -0.027780000120401382
v 0.4288400083780289 -0.3053869903087616 -0.015247000381350517
v 0.7531709790229797 -0.2507399916648865 -0.12524700164794922
v 0.4288400083780289 -0.3053869903087616 -0.015247000381350517
v 0.427648988366127 -0.25863000750541687 -0.027780000120401382
v 0.4265730053186417 -0.2118699997663498 -0.015247000381350517
v 0.7531709790229797 -0.2507399916648865 -0.12524700164794922
v 0.427648988366127 -0.25863000750541687 -0.027780000120401382
v 0.7531709790229797 -0.2507399916648865 -0.12524700164794922
v 0.4265730053186417 -0.2118699997663498 -0.015247000381350517
v 0.7509909987449646 -0.15600599348545074 -0.09985499829053879
v 0.42590000927448274 -0.17763599753379822 0.018990999087691307
v 0.7509909987449646 -0.15600599348545074 -0.09985499829053879
v 0.4265730053186417 -0.2118699997663498 -0.015247000381350517
v 0.7509909987449646 -0.15600599348545074 -0.09985499829053879
v 0.866929006576538 -0.247981995344162 -0.2461100071668625
v 0.7531709790229797 -0.2507399916648865 -0.12524700164794922
v 0.866929006576538 -0.247981995344162 -0.2461100071668625
v 0.7509909987449646 -0.15600599348545074 -0.09985499829053879
v 0.8633650064468383 -0.09309200197458267 -0.20459899306297302
v 0.7509909987449646 -0.15600599348545074 -0.09985499829053879
v 0.42590000927448274 -0.17763599753379822 0.018990999087691307
v 0.7496280193328857 -0.08664900064468384 -0.03048899956047535
v 0.7496280193328857 -0.08664900064468384 -0.03048899956047535
v 0.8633650064468383 -0.09309200197458267 -0.20459899306297302
v 0.7509909987449646 -0.15600599348545074 -0.09985499829053879
v 0.7496280193328857 -0.08664900064468384 -0.03048899956047535
v 0.42590000927448274 -0.17763599753379822 0.018990999087691307
v 0.7494459867477417 -0.06125599890947342 0.06426999717950821
v 0.8633650064468383 -0.09309200197458267 -0.20459899306297302
v 0.7496280193328857 -0.08664900064468384 -0.03048899956047535
v 0.8611360311508178 0.020302999764680862 -0.09118299931287766
v 0.8608399748802185 0.06182200089097023 0.06374700367450714
v 0.7496280193328857 -0.08664900064468384 -0.03048899956047535
v 0.7494459867477417 -0.06125599890947342 0.06426999717950821
v 0.8611360311508178 0.020302999764680862 -0.09118299931287766
v 0.7496280193328857 -0.08664900064468384 -0.03048899956047535
v 0.8608399748802185 0.06182200089097023 0.06374700367450714
v 0.7531709790229797 -0.2507399916648865 -0.12524700164794922
v 0.870873999595642 -0.402862012386322 -0.20459899306297302
v 0.7555830001831054 -0.34546801447868347 -0.09985499829053879
v 0.874140989780426 -0.5162330269813538 -0.09118299931287766
v 0.7555830001831054 -0.34546801447868347 -0.09985499829053879
v 0.870873999595642 -0.402862012386322 -0.20459899306297302
v 0.870873999595642 -0.402862012386322 -0.20459899306297302
v 0.7531709790229797 -0.2507399916648865 -0.12524700164794922
v 0.866929006576538 -0.247981995344162 -0.2461100071668625
v 0.7555830001831054 -0.34546801447868347 -0.09985499829053879
v 0.874140989780426 -0.5162330269813538 -0.09118299931287766
v 0.7575820207595825 -0.414808988571167 -0.030487999320030212
v 0.8758559942245483 -0.5577179789543152 0.06374700367450714
v 0.7575820207595825 -0.414808988571167 -0.030487999320030212
v 0.874140989780426 -0.5162330269813538 -0.09118299931287766
v 0.7575820207595825 -0.414808988571167 -0.030487999320030212
v 0.8758559942245483 -0.5577179789543152 0.06374700367450714
v 0.7586310029029846 -0.4401809871196747 0.06426999717950821
v 0.4298259884119034 -0.3396120071411133 0.018990999087691307
v 0.7555830001831054 -0.34546801447868347 -0.09985499829053879
v 0.7575820207595825 -0.414808988571167 -0.030487999320030212
v 0.7586310029029846 -0.4401809871196747 0.06426999717950821
v 0.4298259884119034 -0.3396120071411133 0.018990999087691307
v 0.7575820207595825 -0.414808988571167 -0.030487999320030212
v 0.8755589842796325 -0.516198992729187 0.21867600083351135
v 0.7586310029029846 -0.4401809871196747 0.06426999717950821
v 0.8758559942245483 -0.5577179789543152 0.06374700367450714
v 0.4288400083780289 -0.3053869903087616 -0.015247000381350517
v 0.7555830001831054 -0.34546801447868347 -0.09985499829053879
v 0.4298259884119034 -0.3396120071411133 0.018990999087691307
v 0.4288400083780289 -0.3053869903087616 -0.015247000381350517
v 0.7531709790229797 -0.2507399916648865 -0.12524700164794922
v 0.7555830001831054 -0.34546801447868347 -0.09985499829053879
v 0.7586310029029846 -0.4401809871196747 0.06426999717950821
v 0.8755589842796325 -0.516198992729187 0.21867600083351135
v 0.7584489703178405 -0.4147860109806061 0.15902799367904663
v 0.8733310222625732 -0.4028030037879944 0.3320919871330261
v 0.7584489703178405 -0.4147860109806061 0.15902799367904663
v 0.8755589842796325 -0.516198992729187 0.21867600083351135
v 0.7584489703178405 -0.4147860109806061 0.15902799367904663
v 0.8733310222625732 -0.4028030037879944 0.3320919871330261
v 0.7570870041847229 -0.34543099999427795 0.2283959984779358
v 0.8733310222625732 -0.4028030037879944 0.3320919871330261
v 0.7549060106277465 -0.25069698691368103 0.25378599762916565
v 0.7570870041847229 -0.34543099999427795 0.2283959984779358
v 0.8733310222625732 -0.4028030037879944 0.3320919871330261
v 0.8697670221328735 -0.24791300296783447 0.3736029863357544
v 0.7549060106277465 -0.25069698691368103 0.25378599762916565
v 0.42958199679851533 -0.30536898970603943 0.1467750072479248
v 0.7584489703178405 -0.4147860109806061 0.15902799367904663
v 0.7570870041847229 -0.34543099999427795 0.2283959984779358
v 0.7549060106277465 -0.25069698691368103 0.25378599762916565
v 0.42958199679851533 -0.30536898970603943 0.1467750072479248
v 0.7570870041847229 -0.34543099999427795 0.2283959984779358
v 0.43025499284267427 -0.3396010100841522 0.11253499984741211
v 0.7586310029029846 -0.4401809871196747 0.06426999717950821
v 0.7584489703178405 -0.4147860109806061 0.15902799367904663
v 0.43025499284267427 -0.3396010100841522 0.11253499984741211
v 0.7584489703178405 -0.4147860109806061 0.15902799367904663
v 0.42958199679851533 -0.30536898970603943 0.1467750072479248
v 0.7586310029029846 -0.4401809871196747 0.06426999717950821
v 0.43025499284267427 -0.3396010100841522 0.11253499984741211
v 0.4303440123796463 -0.3521359860897064 0.06576400250196457
v 0.4298259884119034 -0.3396120071411133 0.018990999087691307
v 0.7586310029029846 -0.4401809871196747 0.06426999717950821
v 0.4303440123796463 -0.3521359860897064 0.06576400250196457
v -0.15774996876716613 -0.29621198773384094 0.1089560016989708
v 0.43025499284267427 -0.3396010100841522 0.11253499984741211
v 0.42958199679851533 -0.30536898970603943 0.1467750072479248
v 0.8697670221328735 -0.24791300296783447 0.3736029863357544
v 0.7524939894676208 -0.15596899390220642 0.2283959984779358
v 0.7549060106277465 -0.25069698691368103 0.25378599762916565
v 0.7524939894676208 -0.15596899390220642 0.2283959984779358
v 0.8697670221328735 -0.24791300296783447 0.3736029863357544
v 0.8658229827880859 -0.09303300082683563 0.3320919871330261
v 0.42958199679851533 -0.30536898970603943 0.1467750072479248
v 0.7549060106277465 -0.25069698691368103 0.25378599762916565
v 0.4285059839487076 -0.25860899686813354 0.15930700302124023
v 0.4285059839487076 -0.25860899686813354 0.15930700302124023
v -0.15774996876716613 -0.29621198773384094 0.1089560016989708
v 0.42958199679851533 -0.30536898970603943 0.1467750072479248
v 0.4273149937391281 -0.21185199916362762 0.14677399396896362
v 0.7549060106277465 -0.25069698691368103 0.25378599762916565
v 0.7524939894676208 -0.15596899390220642 0.2283959984779358
v 0.7549060106277465 -0.25069698691368103 0.25378599762916565
v 0.4273149937391281 -0.21185199916362762 0.14677399396896362
v 0.4285059839487076 -0.25860899686813354 0.15930700302124023
v 0.8658229827880859 -0.09303300082683563 0.3320919871330261
v 0.7504950284957885 -0.08662799745798111 0.15902799367904663
v 0.7524939894676208 -0.15596899390220642 0.2283959984779358
v 0.7504950284957885 -0.08662799745798111 0.15902799367904663
v 0.8658229827880859 -0.09303300082683563 0.3320919871330261
v 0.8625549793243408 0.020337000489234924 0.21867600083351135
v 0.8608399748802185 0.06182200089097023 0.06374700367450714
v 0.7504950284957885 -0.08662799745798111 0.15902799367904663
v 0.8625549793243408 0.020337000489234924 0.21867600083351135
v 0.7504950284957885 -0.08662799745798111 0.15902799367904663
v 0.8608399748802185 0.06182200089097023 0.06374700367450714
v 0.7494459867477417 -0.06125599890947342 0.06426999717950821
v 0.4263289839029312 -0.17762599885463715 0.11253499984741211
v 0.7524939894676208 -0.15596899390220642 0.2283959984779358
v 0.7504950284957885 -0.08662799745798111 0.15902799367904663
v 0.7494459867477417 -0.06125599890947342 0.06426999717950821
v 0.4263289839029312 -0.17762599885463715 0.11253499984741211
v 0.7504950284957885 -0.08662799745798111 0.15902799367904663
v 0.4273149937391281 -0.21185199916362762 0.14677399396896362
v 0.7524939894676208 -0.15596899390220642 0.2283959984779358
v 0.4263289839029312 -0.17762599885463715 0.11253499984741211
v 0.4263289839029312 -0.17762599885463715 0.11253499984741211
v 0.7494459867477417 -0.06125599890947342 0.06426999717950821
v 0.4258109897375107 -0.1651020050048828 0.06576400250196457
v 0.4258109897375107 -0.1651020050048828 0.06576400250196457
v -0.15937598347663878 -0.2323399931192398 0.09183699637651443
v 0.4263289839029312 -0.17762599885463715 0.11253499984741211
v -0.15937598347663878 -0.2323399931192398 0.09183699637651443
v 0.4273149937391281 -0.21185199916362762 0.14677399396896362
v 0.4263289839029312 -0.17762599885463715 0.11253499984741211
v -0.15937598347663878 -0.2323399931192398 0.09183699637651443
v 0.4258109897375107 -0.1651020050048828 0.06576400250196457
v -0.15963597893714904 -0.22607900202274323 0.06845100224018097
v -0.15888299345970153 -0.24945299327373505 0.1089560016989708
v 0.4273149937391281 -0.21185199916362762 0.14677399396896362
v -0.15937598347663878 -0.2323399931192398 0.09183699637651443
v -0.15888299345970153 -0.24945299327373505 0.1089560016989708
v 0.4285059839487076 -0.25860899686813354 0.15930700302124023
v 0.4273149937391281 -0.21185199916362762 0.14677399396896362
v -0.15963597893714904 -0.22607900202274323 0.06845100224018097
v -1.0866859436035157 -0.2784540057182312 0.08244399726390839
v -0.15937598347663878 -0.2323399931192398 0.09183699637651443
v -1.0866859436035157 -0.2784540057182312 0.08244399726390839
v -0.15888299345970153 -0.24945299327373505 0.1089560016989708
v -0.15937598347663878 -0.2323399931192398 0.09183699637651443
v -1.0866859436035157 -0.2784540057182312 0.08244399726390839
v -0.15963597893714904 -0.22607900202274323 0.06845100224018097
v -1.0867939472198487 -0.275846004486084 0.07270199805498123
v 0.4285059839487076 -0.25860899686813354 0.15930700302124023
v -0.15888299345970153 -0.24945299327373505 0.1089560016989708
v -0.1582870066165924 -0.2728320062160492 0.1152229979634285
v -1.086479949951172 -0.2855840027332306 0.08957599848508835
v -0.15888299345970153 -0.24945299327373505 0.1089560016989708
v -1.0866859436035157 -0.2784540057182312 0.08244399726390839
v -1.086479949951172 -0.2855840027332306 0.08957599848508835
v -0.1582870066165924 -0.2728320062160492 0.1152229979634285
v -0.15888299345970153 -0.24945299327373505 0.1089560016989708
v -1.0867939472198487 -0.275846004486084 0.07270199805498123
v -1.8993289947509766 -0.3054659962654114 0.08194699883460999
v -1.0866859436035157 -0.2784540057182312 0.08244399726390839
v -1.8993289947509766 -0.3054659962654114 0.08194699883460999
v -1.086479949951172 -0.2855840027332306 0.08957599848508835
v -1.0866859436035157 -0.2784540057182312 0.08244399726390839
v -1.8993289947509766 -0.3054659962654114 0.08194699883460999
v -1.0867939472198487 -0.275846004486084 0.07270199805498123
v -1.8993890762329102 -0.3039869964122772 0.07642599940299988
v -0.15774996876716613 -0.29621198773384094 0.1089560016989708
v 0.4285059839487076 -0.25860899686813354 0.15930700302124023
v -0.1582870066165924 -0.2728320062160492 0.1152229979634285
v -1.8993890762329102 -0.3039869964122772 0.07642599940299988
v -2.6014020919799803 -0.3276279866695404 0.0821940004825592
v -1.8993289947509766 -0.3054659962654114 0.08194699883460999
v -2.6014020919799803 -0.3276279866695404 0.0821940004825592
v -1.8993890762329102 -0.3039869964122772 0.07642599940299988
v -2.601429986953735 -0.3269459903240204 0.07964300364255905
v -1.8992131233215332 -0.30950599908828735 0.08598800003528595
v -1.086479949951172 -0.2855840027332306 0.08957599848508835
v -1.8993289947509766 -0.3054659962654114 0.08194699883460999
v -2.6014020919799803 -0.3276279866695404 0.0821940004825592
v -1.8992131233215332 -0.30950599908828735 0.08598800003528595
v -1.8993289947509766 -0.3054659962654114 0.08194699883460999
v -0.1582870066165924 -0.2728320062160492 0.1152229979634285
v -1.086479949951172 -0.2855840027332306 0.08957599848508835
v -1.0862319946289063 -0.2953230142593384 0.09218599647283554
v -1.8992131233215332 -0.30950599908828735 0.08598800003528595
v -1.0862319946289063 -0.2953230142593384 0.09218599647283554
v -1.086479949951172 -0.2855840027332306 0.08957599848508835
v -0.1582870066165924 -0.2728320062160492 0.1152229979634285
v -1.0860080003738404 -0.30506300926208496 0.08957599848508835
v -0.15774996876716613 -0.29621198773384094 0.1089560016989708
v -1.0860080003738404 -0.30506300926208496 0.08957599848508835
v -0.1582870066165924 -0.2728320062160492 0.1152229979634285
v -1.0862319946289063 -0.2953230142593384 0.09218599647283554
v -2.601429986953735 -0.3269459903240204 0.07964300364255905
v -2.6093671798706053 -0.3295620083808899 0.08122599869966507
v -2.6014020919799803 -0.3276279866695404 0.0821940004825592
v -2.6093671798706053 -0.3295620083808899 0.08122599869966507
v -2.601429986953735 -0.3269459903240204 0.07964300364255905
v -2.6093841075897215 -0.32914799451828003 0.07968000322580338
v -2.6013479709625242 -0.32949501276016235 0.08406099677085876
v -1.8992131233215332 -0.30950599908828735 0.08598800003528595
v -2.6014020919799803 -0.3276279866695404 0.0821940004825592
v -2.6093671798706053 -0.3295620083808899 0.08122599869966507
v -2.6013479709625242 -0.32949501276016235 0.08406099677085876
v -2.6014020919799803 -0.3276279866695404 0.0821940004825592
v -1.0862319946289063 -0.2953230142593384 0.09218599647283554
v -1.8992131233215332 -0.30950599908828735 0.08598800003528595
v -1.8990719795227051 -0.3150250017642975 0.08746799826622009
v -2.6013479709625242 -0.32949501276016235 0.08406099677085876
v -1.8990719795227051 -0.3150250017642975 0.08746799826622009
v -1.8992131233215332 -0.30950599908828735 0.08598800003528595
v -2.6013479709625242 -0.32949501276016235 0.08406099677085876
v -2.6093671798706053 -0.3295620083808899 0.08122599869966507
v -2.60933403968811 -0.33069300651550293 0.08235800266265869
v -1.898945140838623 -0.3205449879169464 0.08598800003528595
v -1.0862319946289063 -0.2953230142593384 0.09218599647283554
v -1.8990719795227051 -0.3150250017642975 0.08746799826622009
v -1.0862319946289063 -0.2953230142593384 0.09218599647283554
v -1.898945140838623 -0.3205449879169464 0.08598800003528595
v -1.0860080003738404 -0.30506300926208496 0.08957599848508835
v -1.8990719795227051 -0.3150250017642975 0.08746799826622009
v -2.6013479709625242 -0.32949501276016235 0.08406099677085876
v -2.6012831211090086 -0.3320449888706207 0.08474499732255936
v -2.60933403968811 -0.33069300651550293 0.08235800266265869
v -2.6012831211090086 -0.3320449888706207 0.08474499732255936
v -2.6013479709625242 -0.32949501276016235 0.08406099677085876
v -2.6093841075897215 -0.32914799451828003 0.07968000322580338
v -2.60933403968811 -0.33069300651550293 0.08235800266265869
v -2.6093671798706053 -0.3295620083808899 0.08122599869966507
v -2.6012239933013914 -0.33459600806236267 0.08406099677085876
v -1.8990719795227051 -0.3150250017642975 0.08746799826622009
v -2.6012831211090086 -0.3320449888706207 0.08474499732255936
v -1.8990719795227051 -0.3150250017642975 0.08746799826622009
v -2.6012239933013914 -0.33459600806236267 0.08406099677085876
v -1.898945140838623 -0.3205449879169464 0.08598800003528595
v -2.6012831211090086 -0.3320449888706207 0.08474499732255936
v -2.60933403968811 -0.33069300651550293 0.08235800266265869
v -2.6092951774597166 -0.3322399854660034 0.08277100324630737
v -2.60933403968811 -0.33069300651550293 0.08235800266265869
v -2.6093841075897215 -0.32914799451828003 0.07968000322580338
v -2.6092951774597166 -0.3322399854660034 0.08277100324630737
vt 0.5 0.8333330154418945
vt 0.41666701436042786 0.9166669845581055
vt 0.41666701436042786 0.8333330154418945
vt 0.41666701436042786 0.9166669845581055
vt 0.5 0.8333330154418945
vt 0.5 0.9166669845581055
vt 0.5 0.9166669845581055
vt 0.45833298563957214 1
vt 0.41666701436042786 0.9166669845581055
vt 0.41666701436042786 0.5
vt 0.33333298563957214 0.41666701436042786
vt 0.41666701436042786 0.41666701436042786
vt 0.33333298563957214 0.33333298563957214
vt 0.41666701436042786 0.41666701436042786
vt 0.33333298563957214 0.41666701436042786
vt 0.41666701436042786 0.41666701436042786
vt 0.33333298563957214 0.33333298563957214
vt 0.41666701436042786 0.33333298563957214
vt 0.33333298563957214 0.25
vt 0.41666701436042786 0.33333298563957214
vt 0.33333298563957214 0.33333298563957214
vt 0.41666701436042786 0.33333298563957214
vt 0.33333298563957214 0.25
vt 0.41666701436042786 0.25
vt 0.33333298563957214 0.41666701436042786
vt 0.41666701436042786 0.5
vt 0.33333298563957214 0.5
vt 0.33333298563957214 0.5833330154418945
vt 0.33333298563957214 0.5
vt 0.41666701436042786 0.5
vt 0.33333298563957214 0.5833330154418945
vt 0.41666701436042786 0.5
vt 0.41666701436042786 0.5833330154418945
vt 0.33333298563957214 0.6666669845581055
vt 0.33333298563957214 0.5833330154418945
vt 0.41666701436042786 0.5833330154418945
vt 0.33333298563957214 0.6666669845581055
vt 0.41666701436042786 0.5833330154418945
vt 0.41666701436042786 0.6666669845581055
vt 0.41666701436042786 0.6666669845581055
vt 0.33333298563957214 0.75
vt 0.33333298563957214 0.6666669845581055
vt 0.33333298563957214 0.75
vt 0.41666701436042786 0.6666669845581055
vt 0.41666701436042786 0.75
vt 0.41666701436042786 0.8333330154418945
vt 0.33333298563957214 0.75
vt 0.41666701436042786 0.75
vt 0.33333298563957214 0.75
vt 0.41666701436042786 0.8333330154418945
vt 0.33333298563957214 0.8333330154418945
vt 0.41666701436042786 0.8333330154418945
vt 0.33333298563957214 0.9166669845581055
vt 0.33333298563957214 0.8333330154418945
vt 0.33333298563957214 0.9166669845581055
vt 0.41666701436042786 0.8333330154418945
vt 0.41666701436042786 0.9166669845581055
vt 0.41666701436042786 0.9166669845581055
vt 0.375 1
vt 0.33333298563957214 0.9166669845581055
vt 0.33333298563957214 0.5833330154418945
vt 0.25 0.5
vt 0.33333298563957214 0.5
vt 0.25 0.5
vt 0.33333298563957214 0.41666701436042786
vt 0.33333298563957214 0.5
vt 0.25 0.5
vt 0.33333298563957214 0.5833330154418945
vt 0.25 0.5833330154418945
vt 0.33333298563957214 0.6666669845581055
vt 0.25 0.5833330154418945
vt 0.33333298563957214 0.5833330154418945
vt 0.25 0.5833330154418945
vt 0.33333298563957214 0.6666669845581055
vt 0.25 0.6666669845581055
vt 0.33333298563957214 0.75
vt 0.25 0.6666669845581055
vt 0.33333298563957214 0.6666669845581055
vt 0.25 0.6666669845581055
vt 0.33333298563957214 0.75
vt 0.25 0.75
vt 0.33333298563957214 0.8333330154418945
vt 0.25 0.75
vt 0.33333298563957214 0.75
vt 0.25 0.75
vt 0.33333298563957214 0.8333330154418945
vt 0.25 0.8333330154418945
vt 0.33333298563957214 0.9166669845581055
vt 0.25 0.8333330154418945
vt 0.33333298563957214 0.8333330154418945
vt 0.25 0.8333330154418945
vt 0.33333298563957214 0.9166669845581055
vt 0.25 0.9166669845581055
vt 0.33333298563957214 0.9166669845581055
vt 0.29166701436042786 1
vt 0.25 0.9166669845581055
vt 0.25 0.41666701436042786
vt 0.33333298563957214 0.41666701436042786
vt 0.25 0.5
vt 0.25 0.41666701436042786
vt 0.33333298563957214 0.33333298563957214
vt 0.33333298563957214 0.41666701436042786
vt 0.25 0.41666701436042786
vt 0.25 0.33333298563957214
vt 0.33333298563957214 0.33333298563957214
vt 0.25 0.33333298563957214
vt 0.33333298563957214 0.25
vt 0.33333298563957214 0.33333298563957214
vt 0.25 0.33333298563957214
vt 0.25 0.25
vt 0.33333298563957214 0.25
vt 0.9166669845581055 0.41666701436042786
vt 1 0.5
vt 0.9166669845581055 0.5
vt 1 0.5
vt 0.9166669845581055 0.5833330154418945
vt 0.9166669845581055 0.5
vt 1 0.5
vt 0.9166669845581055 0.41666701436042786
vt 1 0.41666701436042786
vt 0.9166669845581055 0.5833330154418945
vt 1 0.5
vt 1 0.5833330154418945
vt 0.9166669845581055 0.33333298563957214
vt 1 0.41666701436042786
vt 0.9166669845581055 0.41666701436042786
vt 1 0.5833330154418945
vt 0.9166669845581055 0.6666669845581055
vt 0.9166669845581055 0.5833330154418945
vt 1 0.41666701436042786
vt 0.9166669845581055 0.33333298563957214
vt 1 0.33333298563957214
vt 0.9166669845581055 0.25
vt 1 0.33333298563957214
vt 0.9166669845581055 0.33333298563957214
vt 1 0.33333298563957214
vt 0.9166669845581055 0.25
vt 1 0.25
vt 1 0.6666669845581055
vt 0.9166669845581055 0.6666669845581055
vt 1 0.5833330154418945
vt 0.9166669845581055 0.6666669845581055
vt 1 0.6666669845581055
vt 0.9166669845581055 0.75
vt 0.9166669845581055 0.75
vt 1 0.6666669845581055
vt 1 0.75
vt 1 0.8333330154418945
vt 0.9166669845581055 0.75
vt 1 0.75
vt 0.9166669845581055 0.75
vt 1 0.8333330154418945
vt 0.9166669845581055 0.8333330154418945
vt 0.9166669845581055 0.8333330154418945
vt 1 0.8333330154418945
vt 0.9166669845581055 0.9166669845581055
vt 0.9166669845581055 0.9166669845581055
vt 1 0.8333330154418945
vt 1 0.9166669845581055
vt 1 0.9166669845581055
vt 0.9583330154418945 1
vt 0.9166669845581055 0.9166669845581055
vt 0.08333300054073334 0.5833330154418945
vt 0 0.5
vt 0.08333300054073334 0.5
vt 0.08333300054073334 0.5
vt 0 0.5
vt 0.08333300054073334 0.41666701436042786
vt 0 0.5
vt 0.08333300054073334 0.5833330154418945
vt 0 0.5833330154418945
vt 0.08333300054073334 0.41666701436042786
vt 0 0.5
vt 0 0.41666701436042786
vt 0.08333300054073334 0.6666669845581055
vt 0 0.5833330154418945
vt 0.08333300054073334 0.5833330154418945
vt 0.08333300054073334 0.41666701436042786
vt 0 0.41666701436042786
vt 0.08333300054073334 0.33333298563957214
vt 0 0.5833330154418945
vt 0.08333300054073334 0.6666669845581055
vt 0 0.6666669845581055
vt 0.08333300054073334 0.33333298563957214
vt 0 0.41666701436042786
vt 0 0.33333298563957214
vt 0.08333300054073334 0.33333298563957214
vt 0 0.33333298563957214
vt 0.08333300054073334 0.25
vt 0.08333300054073334 0.25
vt 0 0.33333298563957214
vt 0 0.25
vt 0.08333300054073334 0.75
vt 0 0.6666669845581055
vt 0.08333300054073334 0.6666669845581055
vt 0 0.6666669845581055
vt 0.08333300054073334 0.75
vt 0 0.75
vt 0.08333300054073334 0.75
vt 0 0.8333330154418945
vt 0 0.75
vt 0 0.8333330154418945
vt 0.08333300054073334 0.75
vt 0.08333300054073334 0.8333330154418945
vt 0.08333300054073334 0.8333330154418945
vt 0 0.9166669845581055
vt 0 0.8333330154418945
vt 0 0.9166669845581055
vt 0.08333300054073334 0.8333330154418945
vt 0.08333300054073334 0.9166669845581055
vt 0.08333300054073334 0.9166669845581055
vt 0.04166699945926666 1
vt 0 0.9166669845581055
vt 0.6666669845581055 0.33333298563957214
vt 0.5833330154418945 0.25
vt 0.6666669845581055 0.25
vt 0.5833330154418945 0.25
vt 0.6666669845581055 0.33333298563957214
vt 0.5833330154418945 0.33333298563957214
vt 0.6666669845581055 0.41666701436042786
vt 0.5833330154418945 0.33333298563957214
vt 0.6666669845581055 0.33333298563957214
vt 0.5833330154418945 0.33333298563957214
vt 0.6666669845581055 0.41666701436042786
vt 0.5833330154418945 0.41666701436042786
vt 0.5833330154418945 0.5
vt 0.5833330154418945 0.41666701436042786
vt 0.6666669845581055 0.41666701436042786
vt 0.5833330154418945 0.5
vt 0.6666669845581055 0.41666701436042786
vt 0.6666669845581055 0.5
vt 0.6666669845581055 0.5833330154418945
vt 0.5833330154418945 0.5
vt 0.6666669845581055 0.5
vt 0.5833330154418945 0.5
vt 0.6666669845581055 0.5833330154418945
vt 0.5833330154418945 0.5833330154418945
vt 0.5833330154418945 0.6666669845581055
vt 0.5833330154418945 0.5833330154418945
vt 0.6666669845581055 0.5833330154418945
vt 0.5833330154418945 0.6666669845581055
vt 0.6666669845581055 0.5833330154418945
vt 0.6666669845581055 0.6666669845581055
vt 0.5833330154418945 0.6666669845581055
vt 0.6666669845581055 0.6666669845581055
vt 0.5833330154418945 0.75
vt 0.5833330154418945 0.75
vt 0.6666669845581055 0.6666669845581055
vt 0.6666669845581055 0.75
vt 0.6666669845581055 0.8333330154418945
vt 0.5833330154418945 0.75
vt 0.6666669845581055 0.75
vt 0.5833330154418945 0.75
vt 0.6666669845581055 0.8333330154418945
vt 0.5833330154418945 0.8333330154418945
vt 0.5833330154418945 0.8333330154418945
vt 0.6666669845581055 0.8333330154418945
vt 0.5833330154418945 0.9166669845581055
vt 0.6666669845581055 0.8333330154418945
vt 0.6666669845581055 0.9166669845581055
vt 0.5833330154418945 0.9166669845581055
vt 0.6666669845581055 0.9166669845581055
vt 0.625 1
vt 0.5833330154418945 0.9166669845581055
vt 0.5 0.5
vt 0.5833330154418945 0.41666701436042786
vt 0.5833330154418945 0.5
vt 0.5833330154418945 0.5833330154418945
vt 0.5 0.5
vt 0.5833330154418945 0.5
vt 0.5 0.41666701436042786
vt 0.5833330154418945 0.41666701436042786
vt 0.5 0.5
vt 0.5 0.41666701436042786
vt 0.5833330154418945 0.33333298563957214
vt 0.5833330154418945 0.41666701436042786
vt 0.5 0.41666701436042786
vt 0.5 0.33333298563957214
vt 0.5833330154418945 0.33333298563957214
vt 0.5 0.33333298563957214
vt 0.5833330154418945 0.25
vt 0.5833330154418945 0.33333298563957214
vt 0.5 0.33333298563957214
vt 0.5 0.25
vt 0.5833330154418945 0.25
vt 0.5 0.5
vt 0.5833330154418945 0.5833330154418945
vt 0.5 0.5833330154418945
vt 0.5833330154418945 0.6666669845581055
vt 0.5 0.5833330154418945
vt 0.5833330154418945 0.5833330154418945
vt 0.5 0.5833330154418945
vt 0.5833330154418945 0.6666669845581055
vt 0.5 0.6666669845581055
vt 0.5833330154418945 0.75
vt 0.5 0.6666669845581055
vt 0.5833330154418945 0.6666669845581055
vt 0.5 0.6666669845581055
vt 0.5833330154418945 0.75
vt 0.5 0.75
vt 0.5833330154418945 0.8333330154418945
vt 0.5 0.75
vt 0.5833330154418945 0.75
vt 0.5 0.75
vt 0.5833330154418945 0.8333330154418945
vt 0.5 0.8333330154418945
vt 0.5833330154418945 0.9166669845581055
vt 0.5 0.8333330154418945
vt 0.5833330154418945 0.8333330154418945
vt 0.5 0.8333330154418945
vt 0.5833330154418945 0.9166669845581055
vt 0.5 0.9166669845581055
vt 0.5833330154418945 0.9166669845581055
vt 0.5416669845581055 1
vt 0.5 0.9166669845581055
vt 0.25 0.5
vt 0.16666699945926666 0.41666701436042786
vt 0.25 0.41666701436042786
vt 0.16666699945926666 0.33333298563957214
vt 0.25 0.41666701436042786
vt 0.16666699945926666 0.41666701436042786
vt 0.25 0.41666701436042786
vt 0.16666699945926666 0.33333298563957214
vt 0.25 0.33333298563957214
vt 0.16666699945926666 0.25
vt 0.25 0.33333298563957214
vt 0.16666699945926666 0.33333298563957214
vt 0.25 0.33333298563957214
vt 0.16666699945926666 0.25
vt 0.25 0.25
vt 0.16666699945926666 0.41666701436042786
vt 0.25 0.5
vt 0.16666699945926666 0.5
vt 0.16666699945926666 0.5
vt 0.25 0.5
vt 0.16666699945926666 0.5833330154418945
vt 0.16666699945926666 0.5833330154418945
vt 0.25 0.5
vt 0.25 0.5833330154418945
vt 0.16666699945926666 0.5833330154418945
vt 0.25 0.5833330154418945
vt 0.16666699945926666 0.6666669845581055
vt 0.16666699945926666 0.6666669845581055
vt 0.25 0.5833330154418945
vt 0.25 0.6666669845581055
vt 0.16666699945926666 0.6666669845581055
vt 0.25 0.6666669845581055
vt 0.16666699945926666 0.75
vt 0.16666699945926666 0.75
vt 0.25 0.6666669845581055
vt 0.25 0.75
vt 0.16666699945926666 0.75
vt 0.25 0.75
vt 0.16666699945926666 0.8333330154418945
vt 0.25 0.75
vt 0.25 0.8333330154418945
vt 0.16666699945926666 0.8333330154418945
vt 0.25 0.9166669845581055
vt 0.16666699945926666 0.8333330154418945
vt 0.25 0.8333330154418945
vt 0.16666699945926666 0.8333330154418945
vt 0.25 0.9166669845581055
vt 0.16666699945926666 0.9166669845581055
vt 0.25 0.9166669845581055
vt 0.20833300054073334 1
vt 0.16666699945926666 0.9166669845581055
vt 0.16666699945926666 0.5
vt 0.08333300054073334 0.5
vt 0.16666699945926666 0.41666701436042786
vt 0.16666699945926666 0.5833330154418945
vt 0.08333300054073334 0.5
vt 0.16666699945926666 0.5
vt 0.16666699945926666 0.41666701436042786
vt 0.08333300054073334 0.5
vt 0.08333300054073334 0.41666701436042786
vt 0.16666699945926666 0.41666701436042786
vt 0.08333300054073334 0.41666701436042786
vt 0.16666699945926666 0.33333298563957214
vt 0.16666699945926666 0.33333298563957214
vt 0.08333300054073334 0.41666701436042786
vt 0.08333300054073334 0.33333298563957214
vt 0.16666699945926666 0.25
vt 0.16666699945926666 0.33333298563957214
vt 0.08333300054073334 0.33333298563957214
vt 0.08333300054073334 0.25
vt 0.16666699945926666 0.25
vt 0.08333300054073334 0.33333298563957214
vt 0.08333300054073334 0.5
vt 0.16666699945926666 0.5833330154418945
vt 0.08333300054073334 0.5833330154418945
vt 0.16666699945926666 0.6666669845581055
vt 0.08333300054073334 0.5833330154418945
vt 0.16666699945926666 0.5833330154418945
vt 0.08333300054073334 0.5833330154418945
vt 0.16666699945926666 0.6666669845581055
vt 0.08333300054073334 0.6666669845581055
vt 0.16666699945926666 0.75
vt 0.08333300054073334 0.6666669845581055
vt 0.16666699945926666 0.6666669845581055
vt 0.08333300054073334 0.6666669845581055
vt 0.16666699945926666 0.75
vt 0.08333300054073334 0.75
vt 0.16666699945926666 0.75
vt 0.08333300054073334 0.8333330154418945
vt 0.08333300054073334 0.75
vt 0.08333300054073334 0.8333330154418945
vt 0.16666699945926666 0.75
vt 0.16666699945926666 0.8333330154418945
vt 0.16666699945926666 0.9166669845581055
vt 0.08333300054073334 0.8333330154418945
vt 0.16666699945926666 0.8333330154418945
vt 0.08333300054073334 0.8333330154418945
vt 0.16666699945926666 0.9166669845581055
vt 0.08333300054073334 0.9166669845581055
vt 0.16666699945926666 0.9166669845581055
vt 0.125 1
vt 0.08333300054073334 0.9166669845581055
vt 0.6666669845581055 0.6666669845581055
vt 0.75 0.6666669845581055
vt 0.6666669845581055 0.75
vt 0.6666669845581055 0.75
vt 0.75 0.6666669845581055
vt 0.75 0.75
vt 0.6666669845581055 0.6666669845581055
vt 0.75 0.5833330154418945
vt 0.75 0.6666669845581055
vt 0.75 0.75
vt 0.6666669845581055 0.8333330154418945
vt 0.6666669845581055 0.75
vt 0.6666669845581055 0.5833330154418945
vt 0.75 0.5833330154418945
vt 0.6666669845581055 0.6666669845581055
vt 0.6666669845581055 0.8333330154418945
vt 0.75 0.75
vt 0.75 0.8333330154418945
vt 0.75 0.9166669845581055
vt 0.6666669845581055 0.8333330154418945
vt 0.75 0.8333330154418945
vt 0.6666669845581055 0.8333330154418945
vt 0.75 0.9166669845581055
vt 0.6666669845581055 0.9166669845581055
vt 0.75 0.9166669845581055
vt 0.7083330154418945 1
vt 0.6666669845581055 0.9166669845581055
vt 0.6666669845581055 0.5833330154418945
vt 0.75 0.5
vt 0.75 0.5833330154418945
vt 0.6666669845581055 0.5
vt 0.75 0.5
vt 0.6666669845581055 0.5833330154418945
vt 0.6666669845581055 0.41666701436042786
vt 0.75 0.5
vt 0.6666669845581055 0.5
vt 0.75 0.5
vt 0.6666669845581055 0.41666701436042786
vt 0.75 0.41666701436042786
vt 0.6666669845581055 0.33333298563957214
vt 0.75 0.41666701436042786
vt 0.6666669845581055 0.41666701436042786
vt 0.75 0.41666701436042786
vt 0.6666669845581055 0.33333298563957214
vt 0.75 0.33333298563957214
vt 0.6666669845581055 0.25
vt 0.75 0.33333298563957214
vt 0.6666669845581055 0.33333298563957214
vt 0.75 0.33333298563957214
vt 0.6666669845581055 0.25
vt 0.75 0.25
vt 0.75 0.41666701436042786
vt 0.8333330154418945 0.41666701436042786
vt 0.75 0.5
vt 0.75 0.41666701436042786
vt 0.8333330154418945 0.33333298563957214
vt 0.8333330154418945 0.41666701436042786
vt 0.75 0.41666701436042786
vt 0.75 0.33333298563957214
vt 0.8333330154418945 0.33333298563957214
vt 0.75 0.33333298563957214
vt 0.8333330154418945 0.25
vt 0.8333330154418945 0.33333298563957214
vt 0.75 0.33333298563957214
vt 0.75 0.25
vt 0.8333330154418945 0.25
vt 0.75 0.5
vt 0.8333330154418945 0.41666701436042786
vt 0.8333330154418945 0.5
vt 0.8333330154418945 0.5833330154418945
vt 0.75 0.5
vt 0.8333330154418945 0.5
vt 0.75 0.5
vt 0.8333330154418945 0.5833330154418945
vt 0.75 0.5833330154418945
vt 0.8333330154418945 0.6666669845581055
vt 0.75 0.5833330154418945
vt 0.8333330154418945 0.5833330154418945
vt 0.75 0.5833330154418945
vt 0.8333330154418945 0.6666669845581055
vt 0.75 0.6666669845581055
vt 0.8333330154418945 0.75
vt 0.75 0.6666669845581055
vt 0.8333330154418945 0.6666669845581055
vt 0.75 0.6666669845581055
vt 0.8333330154418945 0.75
vt 0.75 0.75
vt 0.8333330154418945 0.8333330154418945
vt 0.75 0.75
vt 0.8333330154418945 0.75
vt 0.75 0.75
vt 0.8333330154418945 0.8333330154418945
vt 0.75 0.8333330154418945
vt 0.8333330154418945 0.8333330154418945
vt 0.75 0.9166669845581055
vt 0.75 0.8333330154418945
vt 0.75 0.9166669845581055
vt 0.8333330154418945 0.8333330154418945
vt 0.8333330154418945 0.9166669845581055
vt 0.8333330154418945 0.9166669845581055
vt 0.7916669845581055 1
vt 0.75 0.9166669845581055
vt 0.9166669845581055 0.5
vt 0.8333330154418945 0.5833330154418945
vt 0.8333330154418945 0.5
vt 0.8333330154418945 0.41666701436042786
vt 0.9166669845581055 0.5
vt 0.8333330154418945 0.5
vt 0.9166669845581055 0.5833330154418945
vt 0.8333330154418945 0.5833330154418945
vt 0.9166669845581055 0.5
vt 0.9166669845581055 0.5833330154418945
vt 0.8333330154418945 0.6666669845581055
vt 0.8333330154418945 0.5833330154418945
vt 0.9166669845581055 0.6666669845581055
vt 0.8333330154418945 0.6666669845581055
vt 0.9166669845581055 0.5833330154418945
vt 0.8333330154418945 0.6666669845581055
vt 0.9166669845581055 0.6666669845581055
vt 0.8333330154418945 0.75
vt 0.9166669845581055 0.6666669845581055
vt 0.9166669845581055 0.75
vt 0.8333330154418945 0.75
vt 0.9166669845581055 0.8333330154418945
vt 0.8333330154418945 0.75
vt 0.9166669845581055 0.75
vt 0.8333330154418945 0.75
vt 0.9166669845581055 0.8333330154418945
vt 0.8333330154418945 0.8333330154418945
vt 0.8333330154418945 0.9166669845581055
vt 0.8333330154418945 0.8333330154418945
vt 0.9166669845581055 0.8333330154418945
vt 0.9166669845581055 0.8333330154418945
vt 0.9166669845581055 0.9166669845581055
vt 0.8333330154418945 0.9166669845581055
vt 0.9166669845581055 0.9166669845581055
vt 0.875 1
vt 0.8333330154418945 0.9166669845581055
vt 0.9166669845581055 0.5
vt 0.8333330154418945 0.41666701436042786
vt 0.9166669845581055 0.41666701436042786
vt 0.8333330154418945 0.33333298563957214
vt 0.9166669845581055 0.41666701436042786
vt 0.8333330154418945 0.41666701436042786
vt 0.9166669845581055 0.41666701436042786
vt 0.8333330154418945 0.33333298563957214
vt 0.9166669845581055 0.33333298563957214
vt 0.8333330154418945 0.25
vt 0.9166669845581055 0.33333298563957214
vt 0.8333330154418945 0.33333298563957214
vt 0.9166669845581055 0.33333298563957214
vt 0.8333330154418945 0.25
vt 0.9166669845581055 0.25
vt 0.5 0.5
vt 0.41666701436042786 0.41666701436042786
vt 0.5 0.41666701436042786
vt 0.41666701436042786 0.33333298563957214
vt 0.5 0.41666701436042786
vt 0.41666701436042786 0.41666701436042786
vt 0.5 0.41666701436042786
vt 0.41666701436042786 0.33333298563957214
vt 0.5 0.33333298563957214
vt 0.41666701436042786 0.25
vt 0.5 0.33333298563957214
vt 0.41666701436042786 0.33333298563957214
vt 0.5 0.33333298563957214
vt 0.41666701436042786 0.25
vt 0.5 0.25
vt 0.41666701436042786 0.41666701436042786
vt 0.5 0.5
vt 0.41666701436042786 0.5
vt 0.41666701436042786 0.5
vt 0.5 0.5
vt 0.41666701436042786 0.5833330154418945
vt 0.41666701436042786 0.5833330154418945
vt 0.5 0.5
vt 0.5 0.5833330154418945
vt 0.41666701436042786 0.5833330154418945
vt 0.5 0.5833330154418945
vt 0.41666701436042786 0.6666669845581055
vt 0.41666701436042786 0.6666669845581055
vt 0.5 0.5833330154418945
vt 0.5 0.6666669845581055
vt 0.41666701436042786 0.6666669845581055
vt 0.5 0.6666669845581055
vt 0.41666701436042786 0.75
vt 0.41666701436042786 0.75
vt 0.5 0.6666669845581055
vt 0.5 0.75
vt 0.5 0.8333330154418945
vt 0.41666701436042786 0.75
vt 0.5 0.75
vt 0.41666701436042786 0.75
vt 0.5 0.8333330154418945
vt 0.41666701436042786 0.8333330154418945
vt 0.25 0.25
vt 0.33333298563957214 0.25
vt 0.33333298563957214 0.25
vt 0.33333298563957214 0.25
vt 0.25 0.25
vt 0.25 0.25
vt 0.41666701436042786 0.25
vt 0.33333298563957214 0.25
vt 0.33333298563957214 0.25
vt 0.25 0.25
vt 0.41666701436042786 0.25
vt 0.33333298563957214 0.25
vt 0.41666701436042786 0.25
vt 0.33333298563957214 0.25
vt 0.33333298563957214 0.25
vt 0.33333298563957214 0.25
vt 0.41666701436042786 0.25
vt 0.41666701436042786 0.25
vt 0.33333298563957214 0.25
vt 0.41666701436042786 0.25
vt 0.41666701436042786 0.25
vt 0.41666701436042786 0.25
vt 0.33333298563957214 0.25
vt 0.33333298563957214 0.25
vt 1 0.25
vt 0.75 0.25
vt 0.25 0.25
vt 0.33333298563957214 0.25
vt 0.41666701436042786 0.25
vt 0.41666701436042786 0.25
vt 0.41666701436042786 0.25
vt 0.33333298563957214 0.25
vt 0.33333298563957214 0.25
vt 0.25 0.25
vt 0.5833330154418945 0.25
vt 0.41666701436042786 0.25
vt 0.5833330154418945 0.25
vt 0.25 0.25
vt 0.75 0.25
vt 0.33333298563957214 0.25
vt 0.41666701436042786 0.25
vt 0.41666701436042786 0.25
vt 0.41666701436042786 0.25
vt 0.41666701436042786 0.25
vt 0.33333298563957214 0.25
vt 0.41666701436042786 0.25
vt 0.5 0.25
vt 0.41666701436042786 0.25
vt 0.41666701436042786 0.25
vt 0.5 0.25
vt 0.41666701436042786 0.25
vt 0.5 0.25
vt 0.41666701436042786 0.25
vt 0.5 0.25
vt 0.5 0.25
vt 0.41666701436042786 0.25
vt 0.5 0.25
vt 0.41666701436042786 0.25
vt 0.5 0.25
vt 0.41666701436042786 0.25
vt 0.5833330154418945 0.25
vt 0.5 0.25
vt 0.5 0.25
vt 0.5 0.25
vt 0.5833330154418945 0.25
vt 0.5833330154418945 0.25
vt 0.5833330154418945 0.25
vt 0.5 0.25
vt 0.5 0.25
vt 0.5 0.25
vt 0.5833330154418945 0.25
vt 0.5833330154418945 0.25
vt 0.5 0.25
vt 0.41666701436042786 0.25
vt 0.5 0.25
vt 0.41666701436042786 0.25
vt 0.5 0.25
vt 0.41666701436042786 0.25
vt 0.5 0.25
vt 0.5833330154418945 0.25
vt 0.5833330154418945 0.25
vt 0.5833330154418945 0.25
vt 0.5 0.25
vt 0.5 0.25
vt 0.6666669845581055 0.25
vt 0.5833330154418945 0.25
vt 0.5833330154418945 0.25
vt 0.5833330154418945 0.25
vt 0.6666669845581055 0.25
vt 0.5833330154418945 0.25
vt 0.6666669845581055 0.25
vt 0.5833330154418945 0.25
vt 0.5833330154418945 0.25
vt 0.5833330154418945 0.25
vt 0.6666669845581055 0.25
vt 0.6666669845581055 0.25
vt 0.5833330154418945 0.25
vt 0.6666669845581055 0.25
vt 0.6666669845581055 0.25
vt 0.5 0.25
vt 0.41666701436042786 0.25
vt 0.5 0.25
vt 0.41666701436042786 0.25
vt 0.5 0.25
vt 0.41666701436042786 0.25
vt 0.5 0.25
vt 0.41666701436042786 0.25
vt 0.5 0.25
vt 0.41666701436042786 0.25
vt 0.5833330154418945 0.25
vt 0.5 0.25
vt 0.5833330154418945 0.25
vt 0.5 0.25
vt 0.5 0.25
vt 0.5833330154418945 0.25
vt 0.5 0.25
vt 0.5 0.25
vt 0.5 0.25
vt 0.5833330154418945 0.25
vt 0.5833330154418945 0.25
vt 0.5 0.25
vt 0.5833330154418945 0.25
vt 0.5833330154418945 0.25
vt 0.6666669845581055 0.25
vt 0.5833330154418945 0.25
vt 0.5833330154418945 0.25
vt 0.5833330154418945 0.25
vt 0.75 0.25
vt 0.6666669845581055 0.25
vt 0.6666669845581055 0.25
vt 0.5833330154418945 0.25
vt 0.5833330154418945 0.25
vt 0.5833330154418945 0.25
vt 0.6666669845581055 0.25
vt 0.6666669845581055 0.25
vt 0.5833330154418945 0.25
vt 0.6666669845581055 0.25
vt 0.6666669845581055 0.25
vt 0.6666669845581055 0.25
vt 0.6666669845581055 0.25
vt 0.5833330154418945 0.25
vt 0.6666669845581055 0.25
vt 0.75 0.25
vt 0.6666669845581055 0.25
vt 0.75 0.25
vt 0.6666669845581055 0.25
vt 0.75 0.25
vt 0.6666669845581055 0.25
vt 0.75 0.25
vt 0.6666669845581055 0.25
vt 0.75 0.25
vt 0.6666669845581055 0.25
vt 0.75 0.25
vt 0.6666669845581055 0.25
vt 0.75 0.25
vt 0.6666669845581055 0.25
vt 0.75 0.25
vt 0.6666669845581055 0.25
vt 0.75 0.25
vt 0.75 0.25
vt 0.6666669845581055 0.25
vt 0.75 0.25
vt 0.6666669845581055 0.25
vt 0.75 0.25
vt 0.6666669845581055 0.25
vt 0.8333330154418945 0.25
vt 0.75 0.25
vt 0.75 0.25
vt 0.8333330154418945 0.25
vt 0.75 0.25
vt 0.75 0.25
vt 0.75 0.25
vt 0.8333330154418945 0.25
vt 0.8333330154418945 0.25
vt 0.8333330154418945 0.25
vt 0.75 0.25
vt 0.75 0.25
vt 0.75 0.25
vt 0.8333330154418945 0.25
vt 0.8333330154418945 0.25
vt 0.75 0.25
vt 0.8333330154418945 0.25
vt 0.8333330154418945 0.25
vt 0.8333330154418945 0.25
vt 0.75 0.25
vt 0.75 0.25
vt 0.9166669845581055 0.25
vt 0.8333330154418945 0.25
vt 0.8333330154418945 0.25
vt 0.8333330154418945 0.25
vt 0.8333330154418945 0.25
vt 0.9166669845581055 0.25
vt 0.75 0.25
vt 0.9166669845581055 0.25
vt 0.8333330154418945 0.25
vt 0.9166669845581055 0.25
vt 0.9166669845581055 0.25
vt 0.8333330154418945 0.25
vt 0.75 0.25
vt 1 0.25
vt 0.9166669845581055 0.25
vt 1 0.25
vt 1 0.25
vt 0.9166669845581055 0.25
vt 0.9166669845581055 0.25
vt 0.9166669845581055 0.25
vt 1 0.25
vt 1 0.25
vt 1 0.25
vt 0.9166669845581055 0.25
vt 0.8333330154418945 0.25
vt 0.9166669845581055 0.25
vt 0.9166669845581055 0.25
vt 0.9166669845581055 0.25
vt 0.9166669845581055 0.25
vt 1 0.25
vt 0.9166669845581055 0.25
vt 0.8333330154418945 0.25
vt 0.8333330154418945 0.25
vt 1 0.25
vt 1 0.25
vt 0.9166669845581055 0.25
vt 0.9166669845581055 0.25
vt 0.9166669845581055 0.25
vt 1 0.25
vt 0.8333330154418945 0.25
vt 0.9166669845581055 0.25
vt 0.9166669845581055 0.25
vt 1 0.25
vt 1 0.25
vt 0.9166669845581055 0.25
vt 0.9166669845581055 0.25
vt 0.9166669845581055 0.25
vt 1 0.25
vt 0.9166669845581055 0.25
vt 0.9166669845581055 0.25
vt 0.8333330154418945 0.25
vt 1 0.25
vt 1 0.25
vt 0.9166669845581055 0.25
vt 0.8333330154418945 0.25
vt 0.8333330154418945 0.25
vt 0.9166669845581055 0.25
vt 0.75 0.25
vt 0.8333330154418945 0.25
vt 0.8333330154418945 0.25
vt 0.9166669845581055 0.25
vt 0.9166669845581055 0.25
vt 1 0.25
vt 1 0.25
vt 1 0.25
vt 0.9166669845581055 0.25
vt 0.9166669845581055 0.25
vt 0.8333330154418945 0.25
vt 0.8333330154418945 0.25
vt 0.8333330154418945 0.25
vt 0.9166669845581055 0.25
vt 0.9166669845581055 0.25
vt 0.8333330154418945 0.25
vt 0.75 0.25
vt 0.75 0.25
vt 0.75 0.25
vt 0.8333330154418945 0.25
vt 0.8333330154418945 0.25
vt 0.75 0.25
vt 0.6666669845581055 0.25
vt 0.75 0.25
vt 0.6666669845581055 0.25
vt 0.75 0.25
vt 0.6666669845581055 0.25
vt 0.75 0.25
vt 0.6666669845581055 0.25
vt 0.75 0.25
vt 0.8333330154418945 0.25
vt 0.75 0.25
vt 0.75 0.25
vt 0.75 0.25
vt 0.8333330154418945 0.25
vt 0.8333330154418945 0.25
vt 0.9166669845581055 0.25
vt 0.8333330154418945 0.25
vt 0.8333330154418945 0.25
vt 0.8333330154418945 0.25
vt 0.75 0.25
vt 0.75 0.25
vt 0.75 0.25
vt 0.8333330154418945 0.25
vt 0.8333330154418945 0.25
vt 0.8333330154418945 0.25
vt 0.9166669845581055 0.25
vt 0.9166669845581055 0.25
vt 0.9166669845581055 0.25
vt 0.8333330154418945 0.25
vt 0.8333330154418945 0.25
vt 0.9166669845581055 0.25
vt 0.9166669845581055 0.25
vt 1 0.25
vt 0.8333330154418945 0.25
vt 0.9166669845581055 0.25
vt 0.9166669845581055 0.25
vt 1 0.25
vt 0.9166669845581055 0.25
vt 1 0.25
vt 0.9166669845581055 0.25
vt 0.9166669845581055 0.25
vt 1 0.25
vt 0.75 0.25
vt 0.6666669845581055 0.25
vt 0.6666669845581055 0.25
vt 0.5833330154418945 0.25
vt 0.6666669845581055 0.25
vt 0.6666669845581055 0.25
vt 0.6666669845581055 0.25
vt 0.75 0.25
vt 0.75 0.25
vt 0.6666669845581055 0.25
vt 0.5833330154418945 0.25
vt 0.5833330154418945 0.25
vt 0.5 0.25
vt 0.5833330154418945 0.25
vt 0.5833330154418945 0.25
vt 0.5833330154418945 0.25
vt 0.5 0.25
vt 0.5 0.25
vt 0.5833330154418945 0.25
vt 0.6666669845581055 0.25
vt 0.5833330154418945 0.25
vt 0.5 0.25
vt 0.5833330154418945 0.25
vt 0.5833330154418945 0.25
vt 0.41666701436042786 0.25
vt 0.5 0.25
vt 0.5 0.25
vt 0.6666669845581055 0.25
vt 0.6666669845581055 0.25
vt 0.5833330154418945 0.25
vt 0.6666669845581055 0.25
vt 0.75 0.25
vt 0.6666669845581055 0.25
vt 0.5 0.25
vt 0.41666701436042786 0.25
vt 0.41666701436042786 0.25
vt 0.33333298563957214 0.25
vt 0.41666701436042786 0.25
vt 0.41666701436042786 0.25
vt 0.41666701436042786 0.25
vt 0.33333298563957214 0.25
vt 0.33333298563957214 0.25
vt 0.33333298563957214 0.25
vt 0.25 0.25
vt 0.33333298563957214 0.25
vt 0.33333298563957214 0.25
vt 0.25 0.25
vt 0.25 0.25
vt 0.33333298563957214 0.25
vt 0.41666701436042786 0.25
vt 0.33333298563957214 0.25
vt 0.25 0.25
vt 0.33333298563957214 0.25
vt 0.33333298563957214 0.25
vt 0.41666701436042786 0.25
vt 0.5 0.25
vt 0.41666701436042786 0.25
vt 0.41666701436042786 0.25
vt 0.41666701436042786 0.25
vt 0.33333298563957214 0.25
vt 0.5 0.25
vt 0.41666701436042786 0.25
vt 0.5 0.25
vt 0.5833330154418945 0.25
vt 0.5 0.25
vt 0.5 0.25
vt 0.33333298563957214 0.25
vt 0.41666701436042786 0.25
vt 0.33333298563957214 0.25
vt 0.25 0.25
vt 0.16666699945926666 0.25
vt 0.25 0.25
vt 0.16666699945926666 0.25
vt 0.25 0.25
vt 0.16666699945926666 0.25
vt 0.33333298563957214 0.25
vt 0.25 0.25
vt 0.25 0.25
vt 0.25 0.25
vt 0.33333298563957214 0.25
vt 0.33333298563957214 0.25
vt 0.16666699945926666 0.25
vt 0.25 0.25
vt 0.16666699945926666 0.25
vt 0.25 0.25
vt 0.16666699945926666 0.25
vt 0.25 0.25
vt 0.16666699945926666 0.25
vt 0.08333300054073334 0.25
vt 0.16666699945926666 0.25
vt 0.08333300054073334 0.25
vt 0.16666699945926666 0.25
vt 0.08333300054073334 0.25
vt 0 0.25
vt 0.08333300054073334 0.25
vt 0.08333300054073334 0.25
vt 0.08333300054073334 0.25
vt 0 0.25
vt 0 0.25
vt 0.08333300054073334 0.25
vt 0.16666699945926666 0.25
vt 0.08333300054073334 0.25
vt 0 0.25
vt 0.08333300054073334 0.25
vt 0.08333300054073334 0.25
vt 0.16666699945926666 0.25
vt 0.16666699945926666 0.25
vt 0.08333300054073334 0.25
vt 0.08333300054073334 0.25
vt 0 0.25
vt 0 0.25
vt 0 0.25
vt 0.08333300054073334 0.25
vt 0.08333300054073334 0.25
vt 0.08333300054073334 0.25
vt 0.16666699945926666 0.25
vt 0.08333300054073334 0.25
vt 0.08333300054073334 0.25
vt 0 0.25
vt 0 0.25
vt 0.16666699945926666 0.25
vt 0.16666699945926666 0.25
vt 0.08333300054073334 0.25
vt 0.16666699945926666 0.25
vt 0.25 0.25
vt 0.16666699945926666 0.25
vt 0 0.25
vt 0.08333300054073334 0.25
vt 0.08333300054073334 0.25
vt 0.08333300054073334 0.25
vt 0.16666699945926666 0.25
vt 0.08333300054073334 0.25
vt 0.08333300054073334 0.25
vt 0 0.25
vt 0 0.25
vt 0.25 0.25
vt 0.16666699945926666 0.25
vt 0.25 0.25
vt 0.16666699945926666 0.25
vt 0.16666699945926666 0.25
vt 0.08333300054073334 0.25
vt 0.16666699945926666 0.25
vt 0.25 0.25
vt 0.16666699945926666 0.25
vt 0 0.25
vt 0.08333300054073334 0.25
vt 0.08333300054073334 0.25
vt 0.08333300054073334 0.25
vt 0.16666699945926666 0.25
vt 0.08333300054073334 0.25
vt 0.08333300054073334 0.25
vt 0 0.25
vt 0 0.25
vt 0.33333298563957214 0.25
vt 0.25 0.25
vt 0.25 0.25
vt 0 0.25
vt 0.08333300054073334 0.25
vt 0.08333300054073334 0.25
vt 0.08333300054073334 0.25
vt 0 0.25
vt 0 0.25
vt 0.16666699945926666 0.25
vt 0.16666699945926666 0.25
vt 0.08333300054073334 0.25
vt 0.08333300054073334 0.25
vt 0.16666699945926666 0.25
vt 0.08333300054073334 0.25
vt 0.25 0.25
vt 0.16666699945926666 0.25
vt 0.25 0.25
vt 0.16666699945926666 0.25
vt 0.25 0.25
vt 0.16666699945926666 0.25
vt 0.25 0.25
vt 0.33333298563957214 0.25
vt 0.33333298563957214 0.25
vt 0.33333298563957214 0.25
vt 0.25 0.25
vt 0.25 0.25
vt 0 0.25
vt 0.08333300054073334 0.25
vt 0.08333300054073334 0.25
vt 0.08333300054073334 0.25
vt 0 0.25
vt 0 0.25
vt 0.16666699945926666 0.25
vt 0.16666699945926666 0.25
vt 0.08333300054073334 0.25
vt 0.08333300054073334 0.25
vt 0.16666699945926666 0.25
vt 0.08333300054073334 0.25
vt 0.25 0.25
vt 0.16666699945926666 0.25
vt 0.25 0.25
vt 0.16666699945926666 0.25
vt 0.25 0.25
vt 0.16666699945926666 0.25
vt 0.16666699945926666 0.25
vt 0.08333300054073334 0.25
vt 0.16666699945926666 0.25
vt 0.33333298563957214 0.25
vt 0.25 0.25
vt 0.25 0.25
vt 0.25 0.25
vt 0.33333298563957214 0.25
vt 0.33333298563957214 0.25
vt 0.25 0.25
vt 0.16666699945926666 0.25
vt 0.25 0.25
vt 0.16666699945926666 0.25
vt 0.25 0.25
vt 0.16666699945926666 0.25
vt 1 0.25
vt 0.16666699945926666 0.25
vt 0.08333300054073334 0.25
vt 0.33333298563957214 0.25
vt 0.25 0.25
vt 0.25 0.25
vt 0.25 0.25
vt 0.33333298563957214 0.25
vt 0.33333298563957214 0.25
vt 0.25 0.25
vt 0.16666699945926666 0.25
vt 0.25 0.25
vt 0.16666699945926666 0.25
vt 1 0.25
vt 0.25 0.25
vn 0.8685975743722991 -0.49549863158336416 -0.004399987905897358
vn 0.9664486714510853 -0.21858839844165845 0.13489283716025408
vn 0.8681554213800248 -0.42607811169574755 0.25448694870711486
vn 0.9664486714510853 -0.21858839844165845 0.13489283716025408
vn 0.8685975743722991 -0.49549863158336416 -0.004399987905897358
vn 0.9667726206060676 -0.25559276466556546 -0.004799864278209165
vn 0.9667726206060676 -0.25559276466556546 -0.004799864278209165
vn 0.9996819108855292 0.02469955436307266 -0.005099908089587356
vn 0.9664486714510853 -0.21858839844165845 0.13489283716025408
vn 0.022799663837534376 -0.8657872305552607 0.49989263520914906
vn -0.23780038406729204 -0.49010078973610666 0.8386013315261865
vn -0.23079869957513482 -0.8433952677742007 0.4851972615035155
vn -0.47678929771238965 -0.4469899852318169 0.7568830284062302
vn -0.23079869957513482 -0.8433952677742007 0.4851972615035155
vn -0.23780038406729204 -0.49010078973610666 0.8386013315261865
vn -0.23079869957513482 -0.8433952677742007 0.4851972615035155
vn -0.47678929771238965 -0.4469899852318169 0.7568830284062302
vn -0.4705018145341462 -0.7663030097104584 0.4375017026581368
vn -0.6506292200866519 -0.3906175480347219 0.6512292600434787
vn -0.4705018145341462 -0.7663030097104584 0.4375017026581368
vn -0.47678929771238965 -0.4469899852318169 0.7568830284062302
vn -0.4705018145341462 -0.7663030097104584 0.4375017026581368
vn -0.6506292200866519 -0.3906175480347219 0.6512292600434787
vn -0.6453111761509757 -0.6640114777800238 0.37770655714593226
vn -0.23780038406729204 -0.49010078973610666 0.8386013315261865
vn 0.022799663837534376 -0.8657872305552607 0.49989263520914906
vn 0.015599432220710021 -0.4996818544219509 0.866068531974134
vn 0.26889067763723634 -0.47768342273726344 0.836370941103169
vn 0.015599432220710021 -0.4996818544219509 0.866068531974134
vn 0.022799663837534376 -0.8657872305552607 0.49989263520914906
vn 0.26889067763723634 -0.47768342273726344 0.836370941103169
vn 0.022799663837534376 -0.8657872305552607 0.49989263520914906
vn 0.2759040259716215 -0.831012118831685 0.4830070670368334
vn 0.5047931817496837 -0.423194301477095 0.7523898104415985
vn 0.26889067763723634 -0.47768342273726344 0.836370941103169
vn 0.2759040259716215 -0.831012118831685 0.4830070670368334
vn 0.5047931817496837 -0.423194301477095 0.7523898104415985
vn 0.2759040259716215 -0.831012118831685 0.4830070670368334
vn 0.5110213684634791 -0.7425311103259713 0.4330181418506542
vn 0.5110213684634791 -0.7425311103259713 0.4330181418506542
vn 0.7073841710899187 -0.34199234939375894 0.6185861843329236
vn 0.5047931817496837 -0.423194301477095 0.7523898104415985
vn 0.7073841710899187 -0.34199234939375894 0.6185861843329236
vn 0.5110213684634791 -0.7425311103259713 0.4330181418506542
vn 0.712580574473893 -0.6046835293021486 0.35579032346756445
vn 0.8681924163395274 -0.42599626493800136 0.25449776122670514
vn 0.7073841710899187 -0.34199234939375894 0.6185861843329236
vn 0.712580574473893 -0.6046835293021486 0.35579032346756445
vn 0.7073841710899187 -0.34199234939375894 0.6185861843329236
vn 0.8681924163395274 -0.42599626493800136 0.25449776122670514
vn 0.864409198276904 -0.2376025142543298 0.4431047090184228
vn 0.8681924163395274 -0.42599626493800136 0.25449776122670514
vn 0.9644339465206488 -0.11600407698864772 0.23750835126499845
vn 0.864409198276904 -0.2376025142543298 0.4431047090184228
vn 0.9644339465206488 -0.11600407698864772 0.23750835126499845
vn 0.8681924163395274 -0.42599626493800136 0.25449776122670514
vn 0.9664697896458915 -0.2184931841242869 0.13489579012354877
vn 0.9664697896458915 -0.2184931841242869 0.13489579012354877
vn 0.9996819108855292 0.02469955436307266 -0.005099908089587356
vn 0.9644339465206488 -0.11600407698864772 0.23750835126499845
vn 0.26890671625060103 -0.47741190259222854 0.8365208026215409
vn 0.004099964622397151 0.0005999949051323716 0.9999914151112544
vn 0.015600419258729292 -0.49941344946278554 0.8662233161342597
vn 0.004099964622397151 0.0005999949051323716 0.9999914151112544
vn -0.2377954439568171 -0.4897906217441471 0.8387839255045735
vn 0.015600419258729292 -0.49941344946278554 0.8662233161342597
vn 0.004099964622397151 0.0005999949051323716 0.9999914151112544
vn 0.26890671625060103 -0.47741190259222854 0.8365208026215409
vn 0.2577009545347788 0.0064000232363104915 0.9662035281111525
vn 0.5047979212155052 -0.42299823757288557 0.7524968769016502
vn 0.2577009545347788 0.0064000232363104915 0.9662035281111525
vn 0.26890671625060103 -0.47741190259222854 0.8365208026215409
vn 0.2577009545347788 0.0064000232363104915 0.9662035281111525
vn 0.5047979212155052 -0.42299823757288557 0.7524968769016502
vn 0.4948073020707901 0.01250018456587725 0.8689128145005371
vn 0.7074083617851163 -0.3419040408635865 0.61860733629472
vn 0.4948073020707901 0.01250018456587725 0.8689128145005371
vn 0.5047979212155052 -0.42299823757288557 0.7524968769016502
vn 0.4948073020707901 0.01250018456587725 0.8689128145005371
vn 0.7074083617851163 -0.3419040408635865 0.61860733629472
vn 0.6993082311302675 0.017400205497589426 0.714608445739412
vn 0.8644297270522863 -0.2375081669106243 0.44311524193945834
vn 0.6993082311302675 0.017400205497589426 0.714608445739412
vn 0.7074083617851163 -0.3419040408635865 0.61860733629472
vn 0.6993082311302675 0.017400205497589426 0.714608445739412
vn 0.8644297270522863 -0.2375081669106243 0.44311524193945834
vn 0.8584890834818988 0.0211997289803927 0.5123934670090626
vn 0.9644451261944337 -0.11590542789181683 0.2375111162556775
vn 0.8584890834818988 0.0211997289803927 0.5123934670090626
vn 0.8644297270522863 -0.2375081669106243 0.44311524193945834
vn 0.8584890834818988 0.0211997289803927 0.5123934670090626
vn 0.9644451261944337 -0.11590542789181683 0.2375111162556775
vn 0.9612689765885852 0.023699235544811095 0.27459115222986663
vn 0.9644451261944337 -0.11590542789181683 0.2375111162556775
vn 0.9996819108855292 0.02469955436307266 -0.005099908089587356
vn 0.9612689765885852 0.023699235544811095 0.27459115222986663
vn -0.24890269753759078 -0.0059000641159193375 0.9685105246727774
vn -0.2377954439568171 -0.4897906217441471 0.8387839255045735
vn 0.004099964622397151 0.0005999949051323716 0.9999914151112544
vn -0.24890269753759078 -0.0059000641159193375 0.9685105246727774
vn -0.47669725620167125 -0.4468974080256247 0.7569956622265259
vn -0.2377954439568171 -0.4897906217441471 0.8387839255045735
vn -0.24890269753759078 -0.0059000641159193375 0.9685105246727774
vn -0.4868934632616118 -0.011299848282800881 0.8733882692490774
vn -0.47669725620167125 -0.4468974080256247 0.7569956622265259
vn -0.4868934632616118 -0.011299848282800881 0.8733882692490774
vn -0.6506376962222553 -0.390422588608752 0.6513376931812235
vn -0.47669725620167125 -0.4468974080256247 0.7569956622265259
vn -0.4868934632616118 -0.011299848282800881 0.8733882692490774
vn -0.6592039272459802 -0.015500091492762512 0.7518044489541098
vn -0.6506376962222553 -0.390422588608752 0.6513376931812235
vn -0.2758981252800465 0.8311943903396795 -0.48269670594981695
vn -0.024699872901933515 0.9996947865629854 -0.0004999974153817185
vn -0.0238006020604183 0.865921910126917 -0.49961262684575247
vn -0.024699872901933515 0.9996947865629854 -0.0004999974153817185
vn 0.23079043892119078 0.8434650398904283 -0.4850798901059518
vn -0.0238006020604183 0.865921910126917 -0.49961262684575247
vn -0.024699872901933515 0.9996947865629854 -0.0004999974153817185
vn -0.2758981252800465 0.8311943903396795 -0.48269670594981695
vn -0.27671495503057697 0.9609519986204671 0.00030001625877351375
vn 0.23079043892119078 0.8434650398904283 -0.4850798901059518
vn -0.024699872901933515 0.9996947865629854 -0.0004999974153817185
vn 0.22990284330671498 0.973212100504254 -0.00170002105456004
vn -0.5109897368606326 0.7426850959559608 -0.4327913320157726
vn -0.27671495503057697 0.9609519986204671 0.00030001625877351375
vn -0.2758981252800465 0.8311943903396795 -0.48269670594981695
vn 0.22990284330671498 0.973212100504254 -0.00170002105456004
vn 0.4704657829104385 0.7663442551222303 -0.4374682042750331
vn 0.23079043892119078 0.8434650398904283 -0.4850798901059518
vn -0.27671495503057697 0.9609519986204671 0.00030001625877351375
vn -0.5109897368606326 0.7426850959559608 -0.4327913320157726
vn -0.511993114404974 0.8589884113625365 0.0013999809859365842
vn -0.6801094297310308 0.6320087802373396 -0.3715051349494948
vn -0.511993114404974 0.8589884113625365 0.0013999809859365842
vn -0.5109897368606326 0.7426850959559608 -0.4327913320157726
vn -0.511993114404974 0.8589884113625365 0.0013999809859365842
vn -0.6801094297310308 0.6320087802373396 -0.3715051349494948
vn -0.6807293944575823 0.7325316724233869 0.0022000950000041564
vn 0.4697869039740502 0.8827754104482604 -0.00279992185285318
vn 0.4704657829104385 0.7663442551222303 -0.4374682042750331
vn 0.22990284330671498 0.973212100504254 -0.00170002105456004
vn 0.4704657829104385 0.7663442551222303 -0.4374682042750331
vn 0.4697869039740502 0.8827754104482604 -0.00279992185285318
vn 0.6790837495209099 0.6384847022819433 -0.36219131144819044
vn 0.6790837495209099 0.6384847022819433 -0.36219131144819044
vn 0.4697869039740502 0.8827754104482604 -0.00279992185285318
vn 0.6787031198193589 0.734403421166013 -0.003700017178946716
vn 0.8435791859172572 0.5369867764122118 -0.004399891543991913
vn 0.6790837495209099 0.6384847022819433 -0.36219131144819044
vn 0.6787031198193589 0.734403421166013 -0.003700017178946716
vn 0.6790837495209099 0.6384847022819433 -0.36219131144819044
vn 0.8435791859172572 0.5369867764122118 -0.004399891543991913
vn 0.8441186436565725 0.4676102934541268 -0.26230579270602017
vn 0.8441186436565725 0.4676102934541268 -0.26230579270602017
vn 0.8435791859172572 0.5369867764122118 -0.004399891543991913
vn 0.9534571162650545 0.26508808113309396 -0.14369355129824296
vn 0.9534571162650545 0.26508808113309396 -0.14369355129824296
vn 0.8435791859172572 0.5369867764122118 -0.004399891543991913
vn 0.9532290306880588 0.30220920500044024 -0.0049001496411959205
vn 0.9532290306880588 0.30220920500044024 -0.0049001496411959205
vn 0.9996794367983128 0.02479949011376678 -0.00509989536217264
vn 0.9534571162650545 0.26508808113309396 -0.14369355129824296
vn 0.23529690516317217 0.8435888890841138 0.48269364262901165
vn -0.024699872901933515 0.9996947865629854 -0.0004999974153817185
vn -0.019199060251005807 0.8660575736147224 0.49957549506561855
vn -0.019199060251005807 0.8660575736147224 0.49957549506561855
vn -0.024699872901933515 0.9996947865629854 -0.0004999974153817185
vn -0.27148723235325656 0.831260967939414 0.4850771957633109
vn -0.024699872901933515 0.9996947865629854 -0.0004999974153817185
vn 0.23529690516317217 0.8435888890841138 0.48269364262901165
vn 0.22990300236138198 0.9732126794597644 -0.0013000169106113088
vn -0.27148723235325656 0.831260967939414 0.4850771957633109
vn -0.024699872901933515 0.9996947865629854 -0.0004999974153817185
vn -0.27680727277502254 0.9609252019346974 0.0007000182962421349
vn 0.47449806938053835 0.7663968303245187 0.43299824551916233
vn 0.22990300236138198 0.9732126794597644 -0.0013000169106113088
vn 0.23529690516317217 0.8435888890841138 0.48269364262901165
vn -0.27148723235325656 0.831260967939414 0.4850771957633109
vn -0.27680727277502254 0.9609252019346974 0.0007000182962421349
vn -0.5069851968172211 0.7426782386444476 0.43748719301504685
vn 0.22990300236138198 0.9732126794597644 -0.0013000169106113088
vn 0.47449806938053835 0.7663968303245187 0.43299824551916233
vn 0.46978702718086807 0.8827756563785849 -0.002699925539911921
vn -0.5069851968172211 0.7426782386444476 0.43748719301504685
vn -0.27680727277502254 0.9609252019346974 0.0007000182962421349
vn -0.5119927587838047 0.8589878782874426 0.0017999744960331841
vn -0.5069851968172211 0.7426782386444476 0.43748719301504685
vn -0.5119927587838047 0.8589878782874426 0.0017999744960331841
vn -0.6767069029048489 0.6321064762305397 0.37750386788526746
vn -0.6767069029048489 0.6321064762305397 0.37750386788526746
vn -0.5119927587838047 0.8589878782874426 0.0017999744960331841
vn -0.680728558550146 0.7325307768015412 0.0027001134737288128
vn 0.6824185435827484 0.638517337338507 0.355809698142903
vn 0.46978702718086807 0.8827756563785849 -0.002699925539911921
vn 0.47449806938053835 0.7663968303245187 0.43299824551916233
vn 0.46978702718086807 0.8827756563785849 -0.002699925539911921
vn 0.6824185435827484 0.638517337338507 0.355809698142903
vn 0.6787031198193589 0.734403421166013 -0.003700017178946716
vn 0.6824185435827484 0.638517337338507 0.355809698142903
vn 0.8435791859172572 0.5369867764122118 -0.004399891543991913
vn 0.6787031198193589 0.734403421166013 -0.003700017178946716
vn 0.8435791859172572 0.5369867764122118 -0.004399891543991913
vn 0.6824185435827484 0.638517337338507 0.355809698142903
vn 0.8465074962195674 0.46760416392055704 0.25450226861117686
vn 0.8465074962195674 0.46760416392055704 0.25450226861117686
vn 0.9532290306880588 0.30220920500044024 -0.0049001496411959205
vn 0.8435791859172572 0.5369867764122118 -0.004399891543991913
vn 0.9532290306880588 0.30220920500044024 -0.0049001496411959205
vn 0.8465074962195674 0.46760416392055704 0.25450226861117686
vn 0.9547471922904067 0.2651131131664882 0.1348066617076391
vn 0.9547471922904067 0.2651131131664882 0.1348066617076391
vn 0.9996794367983128 0.02479949011376678 -0.00509989536217264
vn 0.9532290306880588 0.30220920500044024 -0.0049001496411959205
vn -0.48368567345064595 -0.4471867393320155 -0.7523776907007511
vn -0.6486995833595848 -0.664099516262137 -0.371699721616114
vn -0.6565000068844455 -0.3908000141215451 -0.645200038688253
vn -0.6486995833595848 -0.664099516262137 -0.371699721616114
vn -0.48368567345064595 -0.4471867393320155 -0.7523776907007511
vn -0.47451384828673504 -0.7663224173628245 -0.4331126417357389
vn -0.24549593451604332 -0.490091868682896 -0.8363860988724056
vn -0.47451384828673504 -0.7663224173628245 -0.4331126417357389
vn -0.48368567345064595 -0.4471867393320155 -0.7523776907007511
vn -0.47451384828673504 -0.7663224173628245 -0.4331126417357389
vn -0.24549593451604332 -0.490091868682896 -0.8363860988724056
vn -0.23530538299713932 -0.8435193271414011 -0.48281106187771594
vn 0.018199872322558926 -0.8658939050111106 -0.4998964991996367
vn -0.23530538299713932 -0.8435193271414011 -0.48281106187771594
vn -0.24549593451604332 -0.490091868682896 -0.8363860988724056
vn 0.018199872322558926 -0.8658939050111106 -0.4998964991996367
vn -0.24549593451604332 -0.490091868682896 -0.8363860988724056
vn 0.007600049553760358 -0.4998032493759984 -0.8661056235586821
vn 0.2612890553502221 -0.4778799625498481 -0.838664874039413
vn 0.018199872322558926 -0.8658939050111106 -0.4998964991996367
vn 0.007600049553760358 -0.4998032493759984 -0.8661056235586821
vn 0.018199872322558926 -0.8658939050111106 -0.4998964991996367
vn 0.2612890553502221 -0.4778799625498481 -0.838664874039413
vn 0.2714040276009826 -0.8312122811460426 -0.4852071696440163
vn 0.5070006314808231 -0.7426009271130289 -0.43760052871187954
vn 0.2714040276009826 -0.8312122811460426 -0.4852071696440163
vn 0.2612890553502221 -0.4778799625498481 -0.838664874039413
vn 0.5070006314808231 -0.7426009271130289 -0.43760052871187954
vn 0.2612890553502221 -0.4778799625498481 -0.838664874039413
vn 0.4978826701859007 -0.42338526757646006 -0.756873676334279
vn 0.5070006314808231 -0.7426009271130289 -0.43760052871187954
vn 0.4978826701859007 -0.42338526757646006 -0.756873676334279
vn 0.709239709182975 -0.6047338740044916 -0.3623202679254488
vn 0.709239709182975 -0.6047338740044916 -0.3623202679254488
vn 0.4978826701859007 -0.42338526757646006 -0.756873676334279
vn 0.7016858452662313 -0.34209310979900337 -0.6249874228983024
vn 0.860330894621186 -0.23770854289662696 -0.45091617890054936
vn 0.709239709182975 -0.6047338740044916 -0.3623202679254488
vn 0.7016858452662313 -0.34209310979900337 -0.6249874228983024
vn 0.709239709182975 -0.6047338740044916 -0.3623202679254488
vn 0.860330894621186 -0.23770854289662696 -0.45091617890054936
vn 0.8657893517845002 -0.4260947396138974 -0.26239678201140326
vn 0.8657893517845002 -0.4260947396138974 -0.26239678201140326
vn 0.860330894621186 -0.23770854289662696 -0.45091617890054936
vn 0.965177468669248 -0.2185948920608796 -0.1436966497108234
vn 0.860330894621186 -0.23770854289662696 -0.45091617890054936
vn 0.9622247632036602 -0.1160029821376134 -0.24630634017994826
vn 0.965177468669248 -0.2185948920608796 -0.1436966497108234
vn 0.9622247632036602 -0.1160029821376134 -0.24630634017994826
vn 0.9996819108855292 0.02469955436307266 -0.005099908089587356
vn 0.965177468669248 -0.2185948920608796 -0.1436966497108234
vn 0.023700449988970064 -0.9997189798442365 -0.0005000095194719936
vn -0.23529690516317217 -0.8435888890841138 -0.48269364262901165
vn 0.018200116294828168 -0.8660054832771887 -0.4997031705930006
vn 0.2713946131224604 -0.8312835180549893 -0.4850903798038361
vn 0.023700449988970064 -0.9997189798442365 -0.0005000095194719936
vn 0.018200116294828168 -0.8660054832771887 -0.4997031705930006
vn -0.22990318228037177 -0.9732134589980068 0.0003000041546314608
vn -0.23529690516317217 -0.8435888890841138 -0.48269364262901165
vn 0.023700449988970064 -0.9997189798442365 -0.0005000095194719936
vn -0.22990318228037177 -0.9732134589980068 0.0003000041546314608
vn -0.4744047592622348 -0.7665076369024288 -0.4329043392709238
vn -0.23529690516317217 -0.8435888890841138 -0.48269364262901165
vn -0.22990318228037177 -0.9732134589980068 0.0003000041546314608
vn -0.46978808251554627 -0.8827775867525408 0.0016999569778975287
vn -0.4744047592622348 -0.7665076369024288 -0.4329043392709238
vn -0.46978808251554627 -0.8827775867525408 0.0016999569778975287
vn -0.6487046683595936 -0.6642047971148334 -0.3715026793148503
vn -0.4744047592622348 -0.7665076369024288 -0.4329043392709238
vn -0.46978808251554627 -0.8827775867525408 0.0016999569778975287
vn -0.6443928383823065 -0.7646914606227526 0.0021999755079757724
vn -0.6487046683595936 -0.6642047971148334 -0.3715026793148503
vn 0.023700449988970064 -0.9997189798442365 -0.0005000095194719936
vn 0.2713946131224604 -0.8312835180549893 -0.4850903798038361
vn 0.2768069274500925 -0.9609240525509546 -0.001700042555176519
vn 0.5070816183624428 -0.7426730851516874 -0.4373841799953451
vn 0.2768069274500925 -0.9609240525509546 -0.001700042555176519
vn 0.2713946131224604 -0.8312835180549893 -0.4850903798038361
vn 0.2768069274500925 -0.9609240525509546 -0.001700042555176519
vn 0.5070816183624428 -0.7426730851516874 -0.4373841799953451
vn 0.5119916106775516 -0.858985885131306 -0.0027999537483638375
vn 0.7092721984793546 -0.6047763165742809 -0.3621858022826242
vn 0.5119916106775516 -0.858985885131306 -0.0027999537483638375
vn 0.5070816183624428 -0.7426730851516874 -0.4373841799953451
vn 0.5119916106775516 -0.858985885131306 -0.0027999537483638375
vn 0.7092721984793546 -0.6047763165742809 -0.3621858022826242
vn 0.7134727597961565 -0.7006731991988621 -0.0036998585496559994
vn 0.8657751744382524 -0.42618775687519966 -0.26229247647635506
vn 0.7134727597961565 -0.7006731991988621 -0.0036998585496559994
vn 0.7092721984793546 -0.6047763165742809 -0.3621858022826242
vn 0.7134727597961565 -0.7006731991988621 -0.0036998585496559994
vn 0.8657751744382524 -0.42618775687519966 -0.26229247647635506
vn 0.8685975743722991 -0.49549863158336416 -0.004399987905897358
vn 0.965177468669248 -0.2185948920608796 -0.1436966497108234
vn 0.8685975743722991 -0.49549863158336416 -0.004399987905897358
vn 0.8657751744382524 -0.42618775687519966 -0.26229247647635506
vn 0.8685975743722991 -0.49549863158336416 -0.004399987905897358
vn 0.965177468669248 -0.2185948920608796 -0.1436966497108234
vn 0.9667721500543988 -0.2555926471180169 -0.00489985901840408
vn 0.965177468669248 -0.2185948920608796 -0.1436966497108234
vn 0.999689273428191 0.024399736711672216 -0.005099945197437037
vn 0.9667721500543988 -0.2555926471180169 -0.00489985901840408
vn 0.004099964622397151 0.0005999949051323716 0.9999914151112544
vn -0.2612920958231582 0.4776855631673703 0.8387746678350592
vn -0.24890326455650988 -0.005500072256449565 0.9685127330594503
vn -0.49788712554867803 0.4231890661484864 0.7569804650750553
vn -0.24890326455650988 -0.005500072256449565 0.9685127330594503
vn -0.2612920958231582 0.4776855631673703 0.8387746678350592
vn -0.24890326455650988 -0.005500072256449565 0.9685127330594503
vn -0.49788712554867803 0.4231890661484864 0.7569804650750553
vn -0.4868934632616118 -0.011299848282800881 0.8733882692490774
vn -0.6687735375695169 0.3585858077333804 0.651274269366565
vn -0.4868934632616118 -0.011299848282800881 0.8733882692490774
vn -0.49788712554867803 0.4231890661484864 0.7569804650750553
vn -0.4868934632616118 -0.011299848282800881 0.8733882692490774
vn -0.6687735375695169 0.3585858077333804 0.651274269366565
vn -0.6592049571893761 -0.015400115337943325 0.7518056004477027
vn -0.2612920958231582 0.4776855631673703 0.8387746678350592
vn 0.004099964622397151 0.0005999949051323716 0.9999914151112544
vn -0.008600531034072994 0.49953081554182305 0.8662534243453548
vn -0.008600531034072994 0.49953081554182305 0.8662534243453548
vn 0.004099964622397151 0.0005999949051323716 0.9999914151112544
vn 0.24549944189080877 0.48989888008512705 0.8364981239205738
vn 0.24549944189080877 0.48989888008512705 0.8364981239205738
vn 0.004099964622397151 0.0005999949051323716 0.9999914151112544
vn 0.25779363023421137 0.00679983139163152 0.9661760742761706
vn 0.24549944189080877 0.48989888008512705 0.8364981239205738
vn 0.25779363023421137 0.00679983139163152 0.9661760742761706
vn 0.48369251941450137 0.446993075920622 0.7524883631933942
vn 0.48369251941450137 0.446993075920622 0.7524883631933942
vn 0.25779363023421137 0.00679983139163152 0.9661760742761706
vn 0.494882787786488 0.012499566077600506 0.8688698332895127
vn 0.48369251941450137 0.446993075920622 0.7524883631933942
vn 0.494882787786488 0.012499566077600506 0.8688698332895127
vn 0.6900029151606849 0.3758015913862946 0.6186025711078843
vn 0.6900029151606849 0.3758015913862946 0.6186025711078843
vn 0.494882787786488 0.012499566077600506 0.8688698332895127
vn 0.6993581025569471 0.017498951327656803 0.7145572273025995
vn 0.6900029151606849 0.3758015913862946 0.6186025711078843
vn 0.6993581025569471 0.017498951327656803 0.7145572273025995
vn 0.8519136134695124 0.2791044654756436 0.44310708924240133
vn 0.6993581025569471 0.017498951327656803 0.7145572273025995
vn 0.8584872722818877 0.021299683149595607 0.512392356332265
vn 0.8519136134695124 0.2791044654756436 0.44310708924240133
vn 0.9612666960240356 0.023799175385938922 0.2745904921259724
vn 0.8519136134695124 0.2791044654756436 0.44310708924240133
vn 0.8584872722818877 0.021299683149595607 0.512392356332265
vn 0.8519136134695124 0.2791044654756436 0.44310708924240133
vn 0.9612666960240356 0.023799175385938922 0.2745904921259724
vn 0.9577147015025149 0.16240249992105757 0.23750363901494087
vn 0.9612666960240356 0.023799175385938922 0.2745904921259724
vn 0.9996824157153632 0.024699566620538717 -0.004999911824555514
vn 0.9577147015025149 0.16240249992105757 0.23750363901494087
vn -0.008599986105850348 0.4997991793769123 0.8660986205583889
vn -0.01920116857036597 0.8658527036600513 0.4999304058467655
vn -0.26129848294655816 0.4779972232917086 0.838595109296044
vn 0.24549593451604332 0.490091868682896 0.8363860988724056
vn -0.01920116857036597 0.8658527036600513 0.4999304058467655
vn -0.008599986105850348 0.4997991793769123 0.8660986205583889
vn -0.26129848294655816 0.4779972232917086 0.838595109296044
vn -0.01920116857036597 0.8658527036600513 0.4999304058467655
vn -0.27149661897010774 0.83118973697759 0.48519398907130445
vn -0.26129848294655816 0.4779972232917086 0.838595109296044
vn -0.27149661897010774 0.83118973697759 0.48519398907130445
vn -0.497802976222077 0.4236025243369853 0.756804531064512
vn -0.497802976222077 0.4236025243369853 0.756804531064512
vn -0.27149661897010774 0.83118973697759 0.48519398907130445
vn -0.5070970646003355 0.7425957905742725 0.43749749587294123
vn -0.6687735375695169 0.3585858077333804 0.651274269366565
vn -0.497802976222077 0.4236025243369853 0.756804531064512
vn -0.5070970646003355 0.7425957905742725 0.43749749587294123
vn -0.6765932368456409 0.6319937042411806 0.37789621545372676
vn -0.6687735375695169 0.3585858077333804 0.651274269366565
vn -0.5070970646003355 0.7425957905742725 0.43749749587294123
vn -0.01920116857036597 0.8658527036600513 0.4999304058467655
vn 0.24549593451604332 0.490091868682896 0.8363860988724056
vn 0.23530250728777313 0.8434089997139845 0.48300516484354855
vn 0.48368567345064595 0.4471867393320155 0.7523776907007511
vn 0.23530250728777313 0.8434089997139845 0.48300516484354855
vn 0.24549593451604332 0.490091868682896 0.8363860988724056
vn 0.23530250728777313 0.8434089997139845 0.48300516484354855
vn 0.48368567345064595 0.4471867393320155 0.7523776907007511
vn 0.47449806938053835 0.7663968303245187 0.43299824551916233
vn 0.6900029151606849 0.3758015913862946 0.6186025711078843
vn 0.47449806938053835 0.7663968303245187 0.43299824551916233
vn 0.48368567345064595 0.4471867393320155 0.7523776907007511
vn 0.47449806938053835 0.7663968303245187 0.43299824551916233
vn 0.6900029151606849 0.3758015913862946 0.6186025711078843
vn 0.6824185435827484 0.638517337338507 0.355809698142903
vn 0.6900029151606849 0.3758015913862946 0.6186025711078843
vn 0.8465074962195674 0.46760416392055704 0.25450226861117686
vn 0.6824185435827484 0.638517337338507 0.355809698142903
vn 0.8465074962195674 0.46760416392055704 0.25450226861117686
vn 0.6900029151606849 0.3758015913862946 0.6186025711078843
vn 0.8519275747950487 0.279209046358303 0.4430143516134818
vn 0.9576991422344922 0.16249984879302723 0.23749979390635517
vn 0.8465074962195674 0.46760416392055704 0.25450226861117686
vn 0.8519275747950487 0.279209046358303 0.4430143516134818
vn 0.8465074962195674 0.46760416392055704 0.25450226861117686
vn 0.9576991422344922 0.16249984879302723 0.23749979390635517
vn 0.9547343170921382 0.2651095367225836 0.13490484537386294
vn 0.9576991422344922 0.16249984879302723 0.23749979390635517
vn 0.9996799415888139 0.024799503845733793 -0.004999899398087321
vn 0.9547343170921382 0.2651095367225836 0.13490484537386294
vn 0.49781191224667987 -0.4232101429857206 -0.7570181470079232
vn 0.4868877156054852 0.012299689272230699 -0.8733779651652993
vn 0.7016858452662313 -0.34209310979900337 -0.6249874228983024
vn 0.7016858452662313 -0.34209310979900337 -0.6249874228983024
vn 0.4868877156054852 0.012299689272230699 -0.8733779651652993
vn 0.6927611299278096 0.017299030144620257 -0.720959610808539
vn 0.49781191224667987 -0.4232101429857206 -0.7570181470079232
vn 0.24890224313542744 0.006200055977199911 -0.9685087674709155
vn 0.4868877156054852 0.012299689272230699 -0.8733779651652993
vn 0.6927611299278096 0.017299030144620257 -0.720959610808539
vn 0.860377323284231 -0.23759372852086275 -0.4508881033536109
vn 0.7016858452662313 -0.34209310979900337 -0.6249874228983024
vn 0.26119894395980325 -0.4776980391831478 -0.8387965754787385
vn 0.24890224313542744 0.006200055977199911 -0.9685087674709155
vn 0.49781191224667987 -0.4232101429857206 -0.7570181470079232
vn 0.860377323284231 -0.23759372852086275 -0.4508881033536109
vn 0.6927611299278096 0.017299030144620257 -0.720959610808539
vn 0.8537148639583629 0.021200367699876113 -0.5203090192048797
vn 0.9587081780802297 0.02370020401858982 -0.28340241638271907
vn 0.860377323284231 -0.23759372852086275 -0.4508881033536109
vn 0.8537148639583629 0.021200367699876113 -0.5203090192048797
vn 0.860377323284231 -0.23759372852086275 -0.4508881033536109
vn 0.9587081780802297 0.02370020401858982 -0.28340241638271907
vn 0.9622359218626333 -0.1159043305183854 -0.2463091895245752
vn 0.9587081780802297 0.02370020401858982 -0.28340241638271907
vn 0.9996803364686246 0.02469951463734678 -0.005399893948655413
vn 0.9622359218626333 -0.1159043305183854 -0.2463091895245752
vn 0.26119894395980325 -0.4776980391831478 -0.8387965754787385
vn -0.005099933613191449 0.00029999608633366447 -0.9999869502545966
vn 0.24890224313542744 0.006200055977199911 -0.9685087674709155
vn 0.007600151157352791 -0.4996099275879094 -0.8662171540427893
vn -0.005099933613191449 0.00029999608633366447 -0.9999869502545966
vn 0.26119894395980325 -0.4776980391831478 -0.8387965754787385
vn -0.24549944189080877 -0.48989888008512705 -0.8364981239205738
vn -0.005099933613191449 0.00029999608633366447 -0.9999869502545966
vn 0.007600151157352791 -0.4996099275879094 -0.8662171540427893
vn -0.005099933613191449 0.00029999608633366447 -0.9999869502545966
vn -0.24549944189080877 -0.48989888008512705 -0.8364981239205738
vn -0.2577014228063104 -0.0061000337823350894 -0.9662053437398582
vn -0.48369251941450137 -0.446993075920622 -0.7524883631933942
vn -0.2577014228063104 -0.0061000337823350894 -0.9662053437398582
vn -0.24549944189080877 -0.48989888008512705 -0.8364981239205738
vn -0.2577014228063104 -0.0061000337823350894 -0.9662053437398582
vn -0.48369251941450137 -0.446993075920622 -0.7524883631933942
vn -0.49488874071107763 -0.011499738042147083 -0.8688802508645053
vn -0.6565256724076166 -0.3907153015876417 -0.6452252277887196
vn -0.49488874071107763 -0.011499738042147083 -0.8688802508645053
vn -0.48369251941450137 -0.446993075920622 -0.7524883631933942
vn -0.49488874071107763 -0.011499738042147083 -0.8688802508645053
vn -0.6565256724076166 -0.3907153015876417 -0.6452252277887196
vn -0.6660985919834785 -0.01569996581610512 -0.7456984489932916
vn -0.2577953959933531 -0.005699898172149765 -0.9661827182088579
vn -0.26890671625060103 0.47741190259222854 -0.8365208026215409
vn -0.00509993373867425 0.0003999947625161761 -0.9999869152544203
vn -0.2577953959933531 -0.005699898172149765 -0.9661827182088579
vn -0.504776576797486 0.4230803379768731 -0.7524650391440034
vn -0.26890671625060103 0.47741190259222854 -0.8365208026215409
vn -0.2577953959933531 -0.005699898172149765 -0.9661827182088579
vn -0.494889324738614 -0.011399754456566456 -0.8688812357613028
vn -0.504776576797486 0.4230803379768731 -0.7524650391440034
vn -0.494889324738614 -0.011399754456566456 -0.8688812357613028
vn -0.6747942624235701 0.3582969636381417 -0.64519453597184
vn -0.504776576797486 0.4230803379768731 -0.7524650391440034
vn -0.494889324738614 -0.011399754456566456 -0.8688812357613028
vn -0.6660439939889095 -0.015601030484796136 -0.745749291598131
vn -0.6747942624235701 0.3582969636381417 -0.64519453597184
vn -0.00509993373867425 0.0003999947625161761 -0.9999869152544203
vn -0.26890671625060103 0.47741190259222854 -0.8365208026215409
vn -0.016601009686497862 0.4993303536098708 -0.8662526216071328
vn 0.2377954439568171 0.4897906217441471 -0.8387839255045735
vn -0.00509993373867425 0.0003999947625161761 -0.9999869152544203
vn -0.016601009686497862 0.4993303536098708 -0.8662526216071328
vn -0.00509993373867425 0.0003999947625161761 -0.9999869152544203
vn 0.2377954439568171 0.4897906217441471 -0.8387839255045735
vn 0.24890144716632742 0.006700039057237317 -0.9685056422526095
vn 0.47679581545987443 0.4467960829242177 -0.7569934019815026
vn 0.24890144716632742 0.006700039057237317 -0.9685056422526095
vn 0.2377954439568171 0.4897906217441471 -0.8387839255045735
vn 0.24890144716632742 0.006700039057237317 -0.9685056422526095
vn 0.47679581545987443 0.4467960829242177 -0.7569934019815026
vn 0.4868114306631149 0.01230028834008451 -0.8734204794269954
vn 0.6842856405500678 0.37569209924140456 -0.6249868868260917
vn 0.4868114306631149 0.01230028834008451 -0.8734204794269954
vn 0.47679581545987443 0.4467960829242177 -0.7569934019815026
vn 0.4868114306631149 0.01230028834008451 -0.8734204794269954
vn 0.6842856405500678 0.37569209924140456 -0.6249868868260917
vn 0.6927611299278096 0.017299030144620257 -0.720959610808539
vn 0.8478353508648333 0.27901163332195794 -0.4509187579763323
vn 0.6927611299278096 0.017299030144620257 -0.720959610808539
vn 0.6842856405500678 0.37569209924140456 -0.6249868868260917
vn 0.6927611299278096 0.017299030144620257 -0.720959610808539
vn 0.8478353508648333 0.27901163332195794 -0.4509187579763323
vn 0.8537148639583629 0.021200367699876113 -0.5203090192048797
vn 0.8478353508648333 0.27901163332195794 -0.4509187579763323
vn 0.9587058973573399 0.023800147579601326 -0.2834017560768581
vn 0.8537148639583629 0.021200367699876113 -0.5203090192048797
vn 0.9587058973573399 0.023800147579601326 -0.2834017560768581
vn 0.8478353508648333 0.27901163332195794 -0.4509187579763323
vn 0.9554915437205243 0.16239856198899744 -0.2462978216356679
vn 0.9554915437205243 0.16239856198899744 -0.2462978216356679
vn 0.9996794367983128 0.02479949011376678 -0.00509989536217264
vn 0.9587058973573399 0.023800147579601326 -0.2834017560768581
vn -0.02380115501157656 0.8657420140546227 -0.4999242643848771
vn 0.2377920889303524 0.48998370632469307 -0.8386720992011458
vn -0.016599958704278855 0.4995987695806505 -0.8660978644498072
vn -0.2689834189521665 0.47767057169979443 -0.8363484592326305
vn -0.02380115501157656 0.8657420140546227 -0.4999242643848771
vn -0.016599958704278855 0.4995987695806505 -0.8660978644498072
vn 0.23100752608792874 0.8433274436994592 -0.48521577220250234
vn 0.2377920889303524 0.48998370632469307 -0.8386720992011458
vn -0.02380115501157656 0.8657420140546227 -0.4999242643848771
vn 0.23100752608792874 0.8433274436994592 -0.48521577220250234
vn 0.4767054956101781 0.4472051599035336 -0.7568087046346053
vn 0.2377920889303524 0.48998370632469307 -0.8386720992011458
vn 0.4705018145341462 0.7663030097104584 -0.4375017026581368
vn 0.4767054956101781 0.4472051599035336 -0.7568087046346053
vn 0.23100752608792874 0.8433274436994592 -0.48521577220250234
vn 0.4767054956101781 0.4472051599035336 -0.7568087046346053
vn 0.4705018145341462 0.7663030097104584 -0.4375017026581368
vn 0.6843026938084628 0.3758015070431333 -0.6249024328249897
vn 0.4705018145341462 0.7663030097104584 -0.4375017026581368
vn 0.6791270974785936 0.6384254697263677 -0.36221444625382854
vn 0.6843026938084628 0.3758015070431333 -0.6249024328249897
vn 0.8440964861399363 0.4675980532368677 -0.2623988999506357
vn 0.6843026938084628 0.3758015070431333 -0.6249024328249897
vn 0.6791270974785936 0.6384254697263677 -0.36221444625382854
vn 0.6843026938084628 0.3758015070431333 -0.6249024328249897
vn 0.8440964861399363 0.4675980532368677 -0.2623988999506357
vn 0.8477880266573182 0.2791960209072251 -0.4508936058163416
vn 0.9554760278461711 0.16249590810056097 -0.2462938084115738
vn 0.8477880266573182 0.2791960209072251 -0.4508936058163416
vn 0.8440964861399363 0.4675980532368677 -0.2623988999506357
vn 0.8440964861399363 0.4675980532368677 -0.2623988999506357
vn 0.9534571162650545 0.26508808113309396 -0.14369355129824296
vn 0.9554760278461711 0.16249590810056097 -0.2462938084115738
vn 0.9534571162650545 0.26508808113309396 -0.14369355129824296
vn 0.9996794367983128 0.02479949011376678 -0.00509989536217264
vn 0.9554760278461711 0.16249590810056097 -0.2462938084115738
vn -0.02380115501157656 0.8657420140546227 -0.4999242643848771
vn -0.2689834189521665 0.47767057169979443 -0.8363484592326305
vn -0.2759040259716215 0.831012118831685 -0.4830070670368334
vn -0.5047931817496837 0.423194301477095 -0.7523898104415985
vn -0.2759040259716215 0.831012118831685 -0.4830070670368334
vn -0.2689834189521665 0.47767057169979443 -0.8363484592326305
vn -0.2759040259716215 0.831012118831685 -0.4830070670368334
vn -0.5047931817496837 0.423194301477095 -0.7523898104415985
vn -0.5110213684634791 0.7425311103259713 -0.4330181418506542
vn -0.6746914504806268 0.3584954503322983 -0.6451917999629183
vn -0.5110213684634791 0.7425311103259713 -0.4330181418506542
vn -0.5047931817496837 0.423194301477095 -0.7523898104415985
vn -0.5110213684634791 0.7425311103259713 -0.4330181418506542
vn -0.6746914504806268 0.3584954503322983 -0.6451917999629183
vn -0.6801018711855918 0.6319017407445533 -0.37170100195433975
vn 0.023700449988970064 -0.9997189798442365 -0.0005000095194719936
vn -0.2309045837142308 -0.8434167074519996 0.48510960700710315
vn -0.2299031339665245 -0.9732132649008802 0.0007000095279268029
vn -0.47048637986031255 -0.7663777587072326 0.43738735386933253
vn -0.2299031339665245 -0.9732132649008802 0.0007000095279268029
vn -0.2309045837142308 -0.8434167074519996 0.48510960700710315
vn -0.2299031339665245 -0.9732132649008802 0.0007000095279268029
vn -0.47048637986031255 -0.7663777587072326 0.43738735386933253
vn -0.46978798007066563 -0.8827774430437408 0.0017999539658104383
vn -0.6452099611602872 -0.6641102361876997 0.37770583819985937
vn -0.46978798007066563 -0.8827774430437408 0.0017999539658104383
vn -0.47048637986031255 -0.7663777587072326 0.43738735386933253
vn -0.46978798007066563 -0.8827774430437408 0.0017999539658104383
vn -0.6452099611602872 -0.6641102361876997 0.37770583819985937
vn -0.6444414831671818 -0.7646492097051811 0.002600167403281905
vn -0.2309045837142308 -0.8434167074519996 0.48510960700710315
vn 0.023700449988970064 -0.9997189798442365 -0.0005000095194719936
vn 0.022799134315191247 -0.8659670972051142 0.49958101048040865
vn 0.022799134315191247 -0.8659670972051142 0.49958101048040865
vn 0.023700449988970064 -0.9997189798442365 -0.0005000095194719936
vn 0.2758981252800465 -0.8311943903396795 0.48269670594981695
vn 0.2758981252800465 -0.8311943903396795 0.48269670594981695
vn 0.023700449988970064 -0.9997189798442365 -0.0005000095194719936
vn 0.2768071001124095 -0.9609246272423116 -0.0013000333008179544
vn 0.2758981252800465 -0.8311943903396795 0.48269670594981695
vn 0.2768071001124095 -0.9609246272423116 -0.0013000333008179544
vn 0.5109834059946817 -0.7425760008908432 0.43298596016387964
vn 0.5109834059946817 -0.7425760008908432 0.43298596016387964
vn 0.2768071001124095 -0.9609246272423116 -0.0013000333008179544
vn 0.5119917345747603 -0.8589861314149675 -0.0026999562730982024
vn 0.5109834059946817 -0.7425760008908432 0.43298596016387964
vn 0.5119917345747603 -0.8589861314149675 -0.0026999562730982024
vn 0.712580574473893 -0.6046835293021486 0.35579032346756445
vn 0.712580574473893 -0.6046835293021486 0.35579032346756445
vn 0.5119917345747603 -0.8589861314149675 -0.0026999562730982024
vn 0.7134727597961565 -0.7006731991988621 -0.0036998585496559994
vn 0.8685975743722991 -0.49549863158336416 -0.004399987905897358
vn 0.712580574473893 -0.6046835293021486 0.35579032346756445
vn 0.7134727597961565 -0.7006731991988621 -0.0036998585496559994
vn 0.712580574473893 -0.6046835293021486 0.35579032346756445
vn 0.8685975743722991 -0.49549863158336416 -0.004399987905897358
vn 0.8681554213800248 -0.42607811169574755 0.25448694870711486
vn -0.11989782800001461 -0.0028999473553412225 0.9927820008170049
vn -0.7304843643339832 -0.3528924574326141 0.5846875293272015
vn -0.10849840875154547 -0.49899270836724835 0.8597873994742543
vn -0.7304843643339832 -0.3528924574326141 0.5846875293272015
vn -0.11989782800001461 -0.0028999473553412225 0.9927820008170049
vn -0.7382220910827448 -0.01790053466512245 0.6743201873710458
vn -0.7255172238417413 -0.5989142742980382 0.33900803818055203
vn -0.10849840875154547 -0.49899270836724835 0.8597873994742543
vn -0.7304843643339832 -0.3528924574326141 0.5846875293272015
vn -0.7382220910827448 -0.01790053466512245 0.6743201873710458
vn -0.7255172238417413 -0.5989142742980382 0.33900803818055203
vn -0.7304843643339832 -0.3528924574326141 0.5846875293272015
vn -0.10130285973034607 -0.8619243295266348 0.496814030378083
vn 0.006699996812290225 -0.4999997773459797 0.8659996147208647
vn -0.10849840875154547 -0.49899270836724835 0.8597873994742543
vn -0.10849840875154547 -0.49899270836724835 0.8597873994742543
vn -0.7255172238417413 -0.5989142742980382 0.33900803818055203
vn -0.10130285973034607 -0.8619243295266348 0.496814030378083
vn 0.006699996812290225 -0.4999997773459797 0.8659996147208647
vn -0.10130285973034607 -0.8619243295266348 0.496814030378083
vn 0.013900166577738423 -0.8659103637549029 0.5000060272746346
vn 0.013900166577738423 -0.8659103637549029 0.5000060272746346
vn -0.003800195512464179 -0.500125719814233 0.8659444687128398
vn 0.006699996812290225 -0.4999997773459797 0.8659996147208647
vn -0.7576062796066633 0.6527053814405177 0.002900023989376291
vn -0.7442057533228505 -0.018100140140719388 -0.6677051607169553
vn -0.7382220910827448 -0.01790053466512245 0.6743201873710458
vn -0.003800195512464179 -0.500125719814233 0.8659444687128398
vn 0.013900166577738423 -0.8659103637549029 0.5000060272746346
vn 0.00340005518410546 -0.8660140527031707 0.5000081000797634
vn 0.00340005518410546 -0.8660140527031707 0.5000081000797634
vn -0.03859778002754203 -0.5003712023838454 0.8649502131347735
vn -0.003800195512464179 -0.500125719814233 0.8659444687128398
vn -0.7382220910827448 -0.01790053466512245 0.6743201873710458
vn -0.7285231291357609 -0.5990189860193902 -0.33231055460599057
vn -0.7255172238417413 -0.5989142742980382 0.33900803818055203
vn -0.7285231291357609 -0.5990189860193902 -0.33231055460599057
vn -0.7382220910827448 -0.01790053466512245 0.6743201873710458
vn -0.7442057533228505 -0.018100140140719388 -0.6677051607169553
vn -0.03859778002754203 -0.5003712023838454 0.8649502131347735
vn 0.00340005518410546 -0.8660140527031707 0.5000081000797634
vn -0.03109993943552575 -0.8656983296685227 0.49959903500330805
vn -0.03109993943552575 -0.8656983296685227 0.49959903500330805
vn -0.1620938962140409 -0.8552677817133993 0.49218146081825653
vn -0.03859778002754203 -0.5003712023838454 0.8649502131347735
vn -0.03109993943552575 -0.8656983296685227 0.49959903500330805
vn -0.16110599224953456 -0.9869366996930737 0.0009000334642226319
vn -0.1620938962140409 -0.8552677817133993 0.49218146081825653
vn 0.00340005518410546 -0.8660140527031707 0.5000081000797634
vn -0.030101411163664576 -0.9995468298395074 -0.0002000093671721246
vn -0.03109993943552575 -0.8656983296685227 0.49959903500330805
vn -0.16110599224953456 -0.9869366996930737 0.0009000334642226319
vn -0.03109993943552575 -0.8656983296685227 0.49959903500330805
vn -0.030101411163664576 -0.9995468298395074 -0.0002000093671721246
vn -0.030101411163664576 -0.9995468298395074 -0.0002000093671721246
vn 0.00340005518410546 -0.8660140527031707 0.5000081000797634
vn 0.004299960516864183 -0.9999907501270894 0.0000999990723118735
vn 0.013900166577738423 -0.8659103637549029 0.5000060272746346
vn 0.004299960516864183 -0.9999907501270894 0.0000999990723118735
vn 0.00340005518410546 -0.8660140527031707 0.5000081000797634
vn -0.03560039403994552 -0.8658096201417831 -0.49910551350805754
vn -0.16110599224953456 -0.9869366996930737 0.0009000334642226319
vn -0.030101411163664576 -0.9995468298395074 -0.0002000093671721246
vn -0.16110599224953456 -0.9869366996930737 0.0009000334642226319
vn -0.03560039403994552 -0.8658096201417831 -0.49910551350805754
vn -0.1665954170035344 -0.8553764959891726 -0.4904865106633446
vn -0.0012000416458129398 -0.8661300149955461 -0.49981732365321613
vn -0.030101411163664576 -0.9995468298395074 -0.0002000093671721246
vn 0.004299960516864183 -0.9999907501270894 0.0000999990723118735
vn -0.030101411163664576 -0.9995468298395074 -0.0002000093671721246
vn -0.0012000416458129398 -0.8661300149955461 -0.49981732365321613
vn -0.03560039403994552 -0.8658096201417831 -0.49910551350805754
vn 0.004299960516864183 -0.9999907501270894 0.0000999990723118735
vn 0.013900166577738423 -0.8659103637549029 0.5000060272746346
vn 0.014799859736136711 -0.9998904710776984 0.00009999904676506377
vn -0.10130285973034607 -0.8619243295266348 0.496814030378083
vn 0.014799859736136711 -0.9998904710776984 0.00009999904676506377
vn 0.013900166577738423 -0.8659103637549029 0.5000060272746346
vn 0.004299960516864183 -0.9999907501270894 0.0000999990723118735
vn 0.009300267196424324 -0.8660248995378484 -0.49991437107822223
vn -0.0012000416458129398 -0.8661300149955461 -0.49981732365321613
vn 0.009300267196424324 -0.8660248995378484 -0.49991437107822223
vn 0.004299960516864183 -0.9999907501270894 0.0000999990723118735
vn 0.014799859736136711 -0.9998904710776984 0.00009999904676506377
vn -0.011999999999745664 -0.4999000088524912 -0.8659999891162155
vn -0.03560039403994552 -0.8658096201417831 -0.49910551350805754
vn -0.0012000416458129398 -0.8661300149955461 -0.49981732365321613
vn 0.009300267196424324 -0.8660248995378484 -0.49991437107822223
vn -0.011999999999745664 -0.4999000088524912 -0.8659999891162155
vn -0.0012000416458129398 -0.8661300149955461 -0.49981732365321613
vn -0.04649947284530941 -0.5004943092178287 -0.8644901650485545
vn -0.1665954170035344 -0.8553764959891726 -0.4904865106633446
vn -0.03560039403994552 -0.8658096201417831 -0.49910551350805754
vn -0.03560039403994552 -0.8658096201417831 -0.49910551350805754
vn -0.011999999999745664 -0.4999000088524912 -0.8659999891162155
vn -0.04649947284530941 -0.5004943092178287 -0.8644901650485545
vn -0.1665954170035344 -0.8553764959891726 -0.4904865106633446
vn -0.04649947284530941 -0.5004943092178287 -0.8644901650485545
vn -0.17690430252740638 -0.49581204923265626 -0.8502207240375912
vn 0.014799859736136711 -0.9998904710776984 0.00009999904676506377
vn -0.10130285973034607 -0.8619243295266348 0.496814030378083
vn -0.10040469666401422 -0.99494649949336 0.0006000280964692089
vn -0.7255172238417413 -0.5989142742980382 0.33900803818055203
vn -0.10040469666401422 -0.99494649949336 0.0006000280964692089
vn -0.10130285973034607 -0.8619243295266348 0.496814030378083
vn -0.10040469666401422 -0.99494649949336 0.0006000280964692089
vn -0.7255172238417413 -0.5989142742980382 0.33900803818055203
vn -0.7247759688298541 -0.6889771808160905 0.003199893976130951
vn -0.7255172238417413 -0.5989142742980382 0.33900803818055203
vn -0.7285231291357609 -0.5990189860193902 -0.33231055460599057
vn -0.7247759688298541 -0.6889771808160905 0.003199893976130951
vn -0.7285231291357609 -0.5990189860193902 -0.33231055460599057
vn -0.10040469666401422 -0.99494649949336 0.0006000280964692089
vn -0.7247759688298541 -0.6889771808160905 0.003199893976130951
vn -0.10590256770492769 -0.862120928000899 -0.4955120095985284
vn 0.014799859736136711 -0.9998904710776984 0.00009999904676506377
vn -0.10040469666401422 -0.99494649949336 0.0006000280964692089
vn -0.10040469666401422 -0.99494649949336 0.0006000280964692089
vn -0.7285231291357609 -0.5990189860193902 -0.33231055460599057
vn -0.10590256770492769 -0.862120928000899 -0.4955120095985284
vn 0.014799859736136711 -0.9998904710776984 0.00009999904676506377
vn -0.10590256770492769 -0.862120928000899 -0.4955120095985284
vn 0.009300267196424324 -0.8660248995378484 -0.49991437107822223
vn -0.7354257006234408 -0.353612328701599 -0.5780202071318558
vn -0.10590256770492769 -0.862120928000899 -0.4955120095985284
vn -0.7285231291357609 -0.5990189860193902 -0.33231055460599057
vn -0.7285231291357609 -0.5990189860193902 -0.33231055460599057
vn -0.7442057533228505 -0.018100140140719388 -0.6677051607169553
vn -0.7354257006234408 -0.353612328701599 -0.5780202071318558
vn -0.11639910857942656 -0.4990961518044358 -0.858693355497711
vn 0.009300267196424324 -0.8660248995378484 -0.49991437107822223
vn -0.10590256770492769 -0.862120928000899 -0.4955120095985284
vn -0.10590256770492769 -0.862120928000899 -0.4955120095985284
vn -0.7354257006234408 -0.353612328701599 -0.5780202071318558
vn -0.11639910857942656 -0.4990961518044358 -0.858693355497711
vn 0.009300267196424324 -0.8660248995378484 -0.49991437107822223
vn -0.11639910857942656 -0.4990961518044358 -0.858693355497711
vn -0.0013000101191735693 -0.5002038430761112 -0.865906707068134
vn -0.0013000101191735693 -0.5002038430761112 -0.865906707068134
vn -0.011999999999745664 -0.4999000088524912 -0.8659999891162155
vn 0.009300267196424324 -0.8660248995378484 -0.49991437107822223
vn -0.7354257006234408 -0.353612328701599 -0.5780202071318558
vn -0.1290051927960112 -0.0028001128031787735 -0.9916399647049091
vn -0.11639910857942656 -0.4990961518044358 -0.858693355497711
vn -0.1290051927960112 -0.0028001128031787735 -0.9916399647049091
vn -0.7354257006234408 -0.353612328701599 -0.5780202071318558
vn -0.7442057533228505 -0.018100140140719388 -0.6677051607169553
vn -0.11639910857942656 -0.4990961518044358 -0.858693355497711
vn -0.014000028363920565 -0.00030000059615676564 -0.9999019497958046
vn -0.0013000101191735693 -0.5002038430761112 -0.865906707068134
vn -0.014000028363920565 -0.00030000059615676564 -0.9999019497958046
vn -0.11639910857942656 -0.4990961518044358 -0.858693355497711
vn -0.1290051927960112 -0.0028001128031787735 -0.9916399647049091
vn -0.0013000101191735693 -0.5002038430761112 -0.865906707068134
vn -0.024499989995667437 -0.0005999997944345972 -0.9996996501402102
vn -0.011999999999745664 -0.4999000088524912 -0.8659999891162155
vn -0.024499989995667437 -0.0005999997944345972 -0.9996996501402102
vn -0.0013000101191735693 -0.5002038430761112 -0.865906707068134
vn -0.014000028363920565 -0.00030000059615676564 -0.9999019497958046
vn -0.05899748275056219 -0.001199948848272479 -0.9982574102664397
vn -0.011999999999745664 -0.4999000088524912 -0.8659999891162155
vn -0.024499989995667437 -0.0005999997944345972 -0.9996996501402102
vn -0.011999999999745664 -0.4999000088524912 -0.8659999891162155
vn -0.05899748275056219 -0.001199948848272479 -0.9982574102664397
vn -0.04649947284530941 -0.5004943092178287 -0.8644901650485545
vn -0.03619877223850554 0.49878307830426116 -0.8659706055552636
vn -0.05899748275056219 -0.001199948848272479 -0.9982574102664397
vn -0.024499989995667437 -0.0005999997944345972 -0.9996996501402102
vn -0.02550085033677693 0.49951665780210674 -0.8659288742213845
vn -0.024499989995667437 -0.0005999997944345972 -0.9996996501402102
vn -0.014000028363920565 -0.00030000059615676564 -0.9999019497958046
vn -0.024499989995667437 -0.0005999997944345972 -0.9996996501402102
vn -0.02550085033677693 0.49951665780210674 -0.8659288742213845
vn -0.03619877223850554 0.49878307830426116 -0.8659706055552636
vn -0.14039288812245032 0.4927750055025156 -0.8587564444687638
vn -0.014000028363920565 -0.00030000059615676564 -0.9999019497958046
vn -0.1290051927960112 -0.0028001128031787735 -0.9916399647049091
vn -0.014000028363920565 -0.00030000059615676564 -0.9999019497958046
vn -0.14039288812245032 0.4927750055025156 -0.8587564444687638
vn -0.02550085033677693 0.49951665780210674 -0.8659288742213845
vn -0.1290051927960112 -0.0028001128031787735 -0.9916399647049091
vn -0.751630139100824 0.3177127291420844 -0.5780231446372754
vn -0.14039288812245032 0.4927750055025156 -0.8587564444687638
vn -0.751630139100824 0.3177127291420844 -0.5780231446372754
vn -0.1290051927960112 -0.0028001128031787735 -0.9916399647049091
vn -0.7442057533228505 -0.018100140140719388 -0.6677051607169553
vn -0.1475063678576756 0.8560370612365371 -0.49542145818580513
vn -0.02550085033677693 0.49951665780210674 -0.8659288742213845
vn -0.14039288812245032 0.4927750055025156 -0.8587564444687638
vn -0.14039288812245032 0.4927750055025156 -0.8587564444687638
vn -0.751630139100824 0.3177127291420844 -0.5780231446372754
vn -0.1475063678576756 0.8560370612365371 -0.49542145818580513
vn -0.7442057533228505 -0.018100140140719388 -0.6677051607169553
vn -0.7565594210876111 0.56326978619572 -0.3321821643655879
vn -0.751630139100824 0.3177127291420844 -0.5780231446372754
vn -0.7565594210876111 0.56326978619572 -0.3321821643655879
vn -0.1475063678576756 0.8560370612365371 -0.49542145818580513
vn -0.751630139100824 0.3177127291420844 -0.5780231446372754
vn -0.7442057533228505 -0.018100140140719388 -0.6677051607169553
vn -0.7576062796066633 0.6527053814405177 0.002900023989376291
vn -0.7565594210876111 0.56326978619572 -0.3321821643655879
vn -0.7576062796066633 0.6527053814405177 0.002900023989376291
vn -0.14859960702634373 0.9888974248079673 -0.0001999994674362525
vn -0.7565594210876111 0.56326978619572 -0.3321821643655879
vn -0.1475063678576756 0.8560370612365371 -0.49542145818580513
vn -0.7565594210876111 0.56326978619572 -0.3321821643655879
vn -0.14859960702634373 0.9888974248079673 -0.0001999994674362525
vn -0.14859960702634373 0.9888974248079673 -0.0001999994674362525
vn -0.03350128635213257 0.9994383541588205 -0.0008000306622130236
vn -0.1475063678576756 0.8560370612365371 -0.49542145818580513
vn -0.02550085033677693 0.49951665780210674 -0.8659288742213845
vn -0.1475063678576756 0.8560370612365371 -0.49542145818580513
vn -0.03270021825938981 0.865405857539242 -0.5000033974510147
vn -0.03270021825938981 0.865405857539242 -0.5000033974510147
vn -0.1475063678576756 0.8560370612365371 -0.49542145818580513
vn -0.03350128635213257 0.9994383541588205 -0.0008000306622130236
vn -0.03270021825938981 0.865405857539242 -0.5000033974510147
vn -0.03619877223850554 0.49878307830426116 -0.8659706055552636
vn -0.02550085033677693 0.49951665780210674 -0.8659288742213845
vn -0.03350128635213257 0.9994383541588205 -0.0008000306622130236
vn -0.04420099670370512 0.9990225782649745 -0.00040000900216467523
vn -0.03270021825938981 0.865405857539242 -0.5000033974510147
vn -0.043198611692698126 0.8650721928724929 -0.499783934382249
vn -0.03270021825938981 0.865405857539242 -0.5000033974510147
vn -0.04420099670370512 0.9990225782649745 -0.00040000900216467523
vn -0.03619877223850554 0.49878307830426116 -0.8659706055552636
vn -0.03270021825938981 0.865405857539242 -0.5000033974510147
vn -0.043198611692698126 0.8650721928724929 -0.499783934382249
vn -0.04420099670370512 0.9990225782649745 -0.00040000900216467523
vn -0.07840171653308643 0.9969218027712722 -0.0003000065701482694
vn -0.043198611692698126 0.8650721928724929 -0.499783934382249
vn -0.07789956837833031 0.8630952305010134 -0.49899727487519635
vn -0.043198611692698126 0.8650721928724929 -0.499783934382249
vn -0.07840171653308643 0.9969218027712722 -0.0003000065701482694
vn -0.043198611692698126 0.8650721928724929 -0.499783934382249
vn -0.07789956837833031 0.8630952305010134 -0.49899727487519635
vn -0.03619877223850554 0.49878307830426116 -0.8659706055552636
vn -0.07840171653308643 0.9969218027712722 -0.0003000065701482694
vn -0.20900317728843026 0.9779149154607436 0.0003000045792774163
vn -0.07789956837833031 0.8630952305010134 -0.49899727487519635
vn -0.07029880567924478 0.4978915740100371 -0.8643853645509506
vn -0.03619877223850554 0.49878307830426116 -0.8659706055552636
vn -0.07789956837833031 0.8630952305010134 -0.49899727487519635
vn -0.05899748275056219 -0.001199948848272479 -0.9982574102664397
vn -0.03619877223850554 0.49878307830426116 -0.8659706055552636
vn -0.07029880567924478 0.4978915740100371 -0.8643853645509506
vn -0.20780053668897586 0.8463022086014927 -0.4905012830442026
vn -0.07789956837833031 0.8630952305010134 -0.49899727487519635
vn -0.20900317728843026 0.9779149154607436 0.0003000045792774163
vn -0.20900317728843026 0.9779149154607436 0.0003000045792774163
vn -0.5619012915012156 0.8272018729372557 0.002000004590526498
vn -0.20780053668897586 0.8463022086014927 -0.4905012830442026
vn -0.07789956837833031 0.8630952305010134 -0.49899727487519635
vn -0.20071002283588044 0.48662431676778095 -0.8502424719240452
vn -0.07029880567924478 0.4978915740100371 -0.8643853645509506
vn -0.20071002283588044 0.48662431676778095 -0.8502424719240452
vn -0.07789956837833031 0.8630952305010134 -0.49899727487519635
vn -0.20780053668897586 0.8463022086014927 -0.4905012830442026
vn -0.07029880567924478 0.4978915740100371 -0.8643853645509506
vn -0.18939800924924408 -0.004599951761813863 -0.9818896244162132
vn -0.05899748275056219 -0.001199948848272479 -0.9982574102664397
vn -0.18939800924924408 -0.004599951761813863 -0.9818896244162132
vn -0.07029880567924478 0.4978915740100371 -0.8643853645509506
vn -0.20071002283588044 0.48662431676778095 -0.8502424719240452
vn -0.18939800924924408 -0.004599951761813863 -0.9818896244162132
vn -0.04649947284530941 -0.5004943092178287 -0.8644901650485545
vn -0.05899748275056219 -0.001199948848272479 -0.9982574102664397
vn -0.04649947284530941 -0.5004943092178287 -0.8644901650485545
vn -0.18939800924924408 -0.004599951761813863 -0.9818896244162132
vn -0.17690430252740638 -0.49581204923265626 -0.8502207240375912
vn -0.5453204548441294 -0.012700475835836807 -0.8381314332741227
vn -0.17690430252740638 -0.49581204923265626 -0.8502207240375912
vn -0.18939800924924408 -0.004599951761813863 -0.9818896244162132
vn -0.20071002283588044 0.48662431676778095 -0.8502424719240452
vn -0.5453204548441294 -0.012700475835836807 -0.8381314332741227
vn -0.18939800924924408 -0.004599951761813863 -0.9818896244162132
vn -0.5453204548441294 -0.012700475835836807 -0.8381314332741227
vn -0.20071002283588044 0.48662431676778095 -0.8502424719240452
vn -0.5548837803476289 0.4069881157706217 -0.7255788474925404
vn -0.20780053668897586 0.8463022086014927 -0.4905012830442026
vn -0.5548837803476289 0.4069881157706217 -0.7255788474925404
vn -0.20071002283588044 0.48662431676778095 -0.8502424719240452
vn -0.5548837803476289 0.4069881157706217 -0.7255788474925404
vn -0.6660996685036186 -0.015599991217257806 -0.745699585552648
vn -0.5453204548441294 -0.012700475835836807 -0.8381314332741227
vn -0.6660996685036186 -0.015599991217257806 -0.745699585552648
vn -0.5548837803476289 0.4069881157706217 -0.7255788474925404
vn -0.6747700789726633 0.3583841141461 -0.6451714247011727
vn -0.5548837803476289 0.4069881157706217 -0.7255788474925404
vn -0.20780053668897586 0.8463022086014927 -0.4905012830442026
vn -0.5608872697622957 0.7146838213548212 -0.4178905432194747
vn -0.5608872697622957 0.7146838213548212 -0.4178905432194747
vn -0.6747700789726633 0.3583841141461 -0.6451714247011727
vn -0.5548837803476289 0.4069881157706217 -0.7255788474925404
vn -0.5608872697622957 0.7146838213548212 -0.4178905432194747
vn -0.20780053668897586 0.8463022086014927 -0.4905012830442026
vn -0.5619012915012156 0.8272018729372557 0.002000004590526498
vn -0.6747700789726633 0.3583841141461 -0.6451714247011727
vn -0.5608872697622957 0.7146838213548212 -0.4178905432194747
vn -0.6801271465901533 0.6319252277946626 -0.3716148152964302
vn -0.6807826199289964 0.7324812453045878 0.0024999359296130653
vn -0.5608872697622957 0.7146838213548212 -0.4178905432194747
vn -0.5619012915012156 0.8272018729372557 0.002000004590526498
vn -0.6801271465901533 0.6319252277946626 -0.3716148152964302
vn -0.5608872697622957 0.7146838213548212 -0.4178905432194747
vn -0.6807826199289964 0.7324812453045878 0.0024999359296130653
vn -0.5453204548441294 -0.012700475835836807 -0.8381314332741227
vn -0.6565825328784564 -0.390689640383535 -0.645182906171494
vn -0.5344943420155844 -0.4333954168384786 -0.7255923173633585
vn -0.6487816024190397 -0.6640811015672264 -0.37158945478019434
vn -0.5344943420155844 -0.4333954168384786 -0.7255923173633585
vn -0.6565825328784564 -0.390689640383535 -0.645182906171494
vn -0.6565825328784564 -0.390689640383535 -0.645182906171494
vn -0.5453204548441294 -0.012700475835836807 -0.8381314332741227
vn -0.6660996685036186 -0.015599991217257806 -0.745699585552648
vn -0.5344943420155844 -0.4333954168384786 -0.7255923173633585
vn -0.6487816024190397 -0.6640811015672264 -0.37158945478019434
vn -0.5256061089272226 -0.7410085982508549 -0.41790486426540646
vn -0.6444999601657732 -0.7645999224087301 0.0025999997847534254
vn -0.5256061089272226 -0.7410085982508549 -0.41790486426540646
vn -0.6487816024190397 -0.6640811015672264 -0.37158945478019434
vn -0.5256061089272226 -0.7410085982508549 -0.41790486426540646
vn -0.6444999601657732 -0.7645999224087301 0.0025999997847534254
vn -0.5209791135422317 -0.853565764165011 0.002499899628259067
vn -0.1665954170035344 -0.8553764959891726 -0.4904865106633446
vn -0.5344943420155844 -0.4333954168384786 -0.7255923173633585
vn -0.5256061089272226 -0.7410085982508549 -0.41790486426540646
vn -0.5209791135422317 -0.853565764165011 0.002499899628259067
vn -0.1665954170035344 -0.8553764959891726 -0.4904865106633446
vn -0.5256061089272226 -0.7410085982508549 -0.41790486426540646
vn -0.6453111761509757 -0.6640114777800238 0.37770655714593226
vn -0.5209791135422317 -0.853565764165011 0.002499899628259067
vn -0.6444999601657732 -0.7645999224087301 0.0025999997847534254
vn -0.17690430252740638 -0.49581204923265626 -0.8502207240375912
vn -0.5344943420155844 -0.4333954168384786 -0.7255923173633585
vn -0.1665954170035344 -0.8553764959891726 -0.4904865106633446
vn -0.17690430252740638 -0.49581204923265626 -0.8502207240375912
vn -0.5453204548441294 -0.012700475835836807 -0.8381314332741227
vn -0.5344943420155844 -0.4333954168384786 -0.7255923173633585
vn -0.5209791135422317 -0.853565764165011 0.002499899628259067
vn -0.6453111761509757 -0.6640114777800238 0.37770655714593226
vn -0.5218083790105975 -0.7409118912873657 0.4228067938708074
vn -0.6505868510841396 -0.39059210279500856 0.651286848040552
vn -0.5218083790105975 -0.7409118912873657 0.4228067938708074
vn -0.6453111761509757 -0.6640114777800238 0.37770655714593226
vn -0.5218083790105975 -0.7409118912873657 0.4228067938708074
vn -0.6505868510841396 -0.39059210279500856 0.651286848040552
vn -0.5278127225606375 -0.43331039215855466 0.7305175110498906
vn -0.6505868510841396 -0.39059210279500856 0.651286848040552
vn -0.537483449603869 -0.012999599699220538 0.8431740934170033
vn -0.5278127225606375 -0.43331039215855466 0.7305175110498906
vn -0.6505868510841396 -0.39059210279500856 0.651286848040552
vn -0.6592039272459802 -0.015500091492762512 0.7518044489541098
vn -0.537483449603869 -0.012999599699220538 0.8431740934170033
vn -0.16910442177838372 -0.49561293353853586 0.851922246830264
vn -0.5218083790105975 -0.7409118912873657 0.4228067938708074
vn -0.5278127225606375 -0.43331039215855466 0.7305175110498906
vn -0.537483449603869 -0.012999599699220538 0.8431740934170033
vn -0.16910442177838372 -0.49561293353853586 0.851922246830264
vn -0.5278127225606375 -0.43331039215855466 0.7305175110498906
vn -0.1620938962140409 -0.8552677817133993 0.49218146081825653
vn -0.5209791135422317 -0.853565764165011 0.002499899628259067
vn -0.5218083790105975 -0.7409118912873657 0.4228067938708074
vn -0.1620938962140409 -0.8552677817133993 0.49218146081825653
vn -0.5218083790105975 -0.7409118912873657 0.4228067938708074
vn -0.16910442177838372 -0.49561293353853586 0.851922246830264
vn -0.5209791135422317 -0.853565764165011 0.002499899628259067
vn -0.1620938962140409 -0.8552677817133993 0.49218146081825653
vn -0.16110599224953456 -0.9869366996930737 0.0009000334642226319
vn -0.1665954170035344 -0.8553764959891726 -0.4904865106633446
vn -0.5209791135422317 -0.853565764165011 0.002499899628259067
vn -0.16110599224953456 -0.9869366996930737 0.0009000334642226319
vn -0.03859778002754203 -0.5003712023838454 0.8649502131347735
vn -0.1620938962140409 -0.8552677817133993 0.49218146081825653
vn -0.16910442177838372 -0.49561293353853586 0.851922246830264
vn -0.6592039272459802 -0.015500091492762512 0.7518044489541098
vn -0.5482095078487047 0.4072070862335865 0.7305126449456119
vn -0.537483449603869 -0.012999599699220538 0.8431740934170033
vn -0.5482095078487047 0.4072070862335865 0.7305126449456119
vn -0.6592039272459802 -0.015500091492762512 0.7518044489541098
vn -0.6688170943549455 0.35860916513500724 0.6512166774429081
vn -0.16910442177838372 -0.49561293353853586 0.851922246830264
vn -0.537483449603869 -0.012999599699220538 0.8431740934170033
vn -0.18039706023329197 -0.004399928184797053 0.9835840285868588
vn -0.18039706023329197 -0.004399928184797053 0.9835840285868588
vn -0.03859778002754203 -0.5003712023838454 0.8649502131347735
vn -0.16910442177838372 -0.49561293353853586 0.851922246830264
vn -0.1930041722335566 0.4868104958381286 0.851918382617886
vn -0.537483449603869 -0.012999599699220538 0.8431740934170033
vn -0.5482095078487047 0.4072070862335865 0.7305126449456119
vn -0.537483449603869 -0.012999599699220538 0.8431740934170033
vn -0.1930041722335566 0.4868104958381286 0.851918382617886
vn -0.18039706023329197 -0.004399928184797053 0.9835840285868588
vn -0.6688170943549455 0.35860916513500724 0.6512166774429081
vn -0.5570835008451999 0.7147787980463558 0.42278746782451243
vn -0.5482095078487047 0.4072070862335865 0.7305126449456119
vn -0.5570835008451999 0.7147787980463558 0.42278746782451243
vn -0.6688170943549455 0.35860916513500724 0.6512166774429081
vn -0.676698561854813 0.6319987143962702 0.37769919431352955
vn -0.6807820584209671 0.7324806818930283 0.0027999260053453577
vn -0.5570835008451999 0.7147787980463558 0.42278746782451243
vn -0.676698561854813 0.6319987143962702 0.37769919431352955
vn -0.5570835008451999 0.7147787980463558 0.42278746782451243
vn -0.6807820584209671 0.7324806818930283 0.0027999260053453577
vn -0.5619012915012156 0.8272018729372557 0.002000004590526498
vn -0.2033958010460043 0.8466824982579318 0.49168983644220454
vn -0.5482095078487047 0.4072070862335865 0.7305126449456119
vn -0.5570835008451999 0.7147787980463558 0.42278746782451243
vn -0.5619012915012156 0.8272018729372557 0.002000004590526498
vn -0.2033958010460043 0.8466824982579318 0.49168983644220454
vn -0.5570835008451999 0.7147787980463558 0.42278746782451243
vn -0.1930041722335566 0.4868104958381286 0.851918382617886
vn -0.5482095078487047 0.4072070862335865 0.7305126449456119
vn -0.2033958010460043 0.8466824982579318 0.49168983644220454
vn -0.2033958010460043 0.8466824982579318 0.49168983644220454
vn -0.5619012915012156 0.8272018729372557 0.002000004590526498
vn -0.2090031821555325 0.9779148786290146 0.0004000060762131429
vn -0.2090031821555325 0.9779148786290146 0.0004000060762131429
vn -0.07330045889704381 0.8632054376753078 0.49950316825147684
vn -0.2033958010460043 0.8466824982579318 0.49168983644220454
vn -0.07330045889704381 0.8632054376753078 0.49950316825147684
vn -0.1930041722335566 0.4868104958381286 0.851918382617886
vn -0.2033958010460043 0.8466824982579318 0.49168983644220454
vn -0.07330045889704381 0.8632054376753078 0.49950316825147684
vn -0.2090031821555325 0.9779148786290146 0.0004000060762131429
vn -0.07840171383449338 0.996921828061792 -0.00020000437321468023
vn -0.06279769642345041 0.4978817782614746 0.8649683139856049
vn -0.1930041722335566 0.4868104958381286 0.851918382617886
vn -0.07330045889704381 0.8632054376753078 0.49950316825147684
vn -0.06279769642345041 0.4978817782614746 0.8649683139856049
vn -0.18039706023329197 -0.004399928184797053 0.9835840285868588
vn -0.1930041722335566 0.4868104958381286 0.851918382617886
vn -0.07840171383449338 0.996921828061792 -0.00020000437321468023
vn -0.03859882305452019 0.8651736101200291 0.49998475497827083
vn -0.07330045889704381 0.8632054376753078 0.49950316825147684
vn -0.03859882305452019 0.8651736101200291 0.49998475497827083
vn -0.06279769642345041 0.4978817782614746 0.8649683139856049
vn -0.07330045889704381 0.8632054376753078 0.49950316825147684
vn -0.03859882305452019 0.8651736101200291 0.49998475497827083
vn -0.07840171383449338 0.996921828061792 -0.00020000437321468023
vn -0.04420099670370512 0.9990225782649745 -0.00040000900216467523
vn -0.18039706023329197 -0.004399928184797053 0.9835840285868588
vn -0.06279769642345041 0.4978817782614746 0.8649683139856049
vn -0.049698211105082574 -0.0006999747690444107 0.9987640351195459
vn -0.028298525496718525 0.49897400174247725 0.8661548008524861
vn -0.06279769642345041 0.4978817782614746 0.8649683139856049
vn -0.03859882305452019 0.8651736101200291 0.49998475497827083
vn -0.028298525496718525 0.49897400174247725 0.8661548008524861
vn -0.049698211105082574 -0.0006999747690444107 0.9987640351195459
vn -0.06279769642345041 0.4978817782614746 0.8649683139856049
vn -0.04420099670370512 0.9990225782649745 -0.00040000900216467523
vn -0.02810028399239586 0.8655086809943043 0.5001050861199536
vn -0.03859882305452019 0.8651736101200291 0.49998475497827083
vn -0.02810028399239586 0.8655086809943043 0.5001050861199536
vn -0.028298525496718525 0.49897400174247725 0.8661548008524861
vn -0.03859882305452019 0.8651736101200291 0.49998475497827083
vn -0.02810028399239586 0.8655086809943043 0.5001050861199536
vn -0.04420099670370512 0.9990225782649745 -0.00040000900216467523
vn -0.03350129385243102 0.9994385940606243 -0.00040001541901164915
vn -0.03859778002754203 -0.5003712023838454 0.8649502131347735
vn -0.18039706023329197 -0.004399928184797053 0.9835840285868588
vn -0.049698211105082574 -0.0006999747690444107 0.9987640351195459
vn -0.03350129385243102 0.9994385940606243 -0.00040001541901164915
vn -0.14299520717143382 0.8560712853894192 0.49668332472281196
vn -0.02810028399239586 0.8655086809943043 0.5001050861199536
vn -0.14299520717143382 0.8560712853894192 0.49668332472281196
vn -0.03350129385243102 0.9994385940606243 -0.00040001541901164915
vn -0.14859960925532603 0.98889743964135 0.00009999973521811432
vn -0.017600299917483 0.4997085368923103 0.8660147848621067
vn -0.028298525496718525 0.49897400174247725 0.8661548008524861
vn -0.02810028399239586 0.8655086809943043 0.5001050861199536
vn -0.14299520717143382 0.8560712853894192 0.49668332472281196
vn -0.017600299917483 0.4997085368923103 0.8660147848621067
vn -0.02810028399239586 0.8655086809943043 0.5001050861199536
vn -0.049698211105082574 -0.0006999747690444107 0.9987640351195459
vn -0.028298525496718525 0.49897400174247725 0.8661548008524861
vn -0.01529973831246888 -0.00039999314860442056 0.9998828721470585
vn -0.017600299917483 0.4997085368923103 0.8660147848621067
vn -0.01529973831246888 -0.00039999314860442056 0.9998828721470585
vn -0.028298525496718525 0.49897400174247725 0.8661548008524861
vn -0.049698211105082574 -0.0006999747690444107 0.9987640351195459
vn -0.003800195512464179 -0.500125719814233 0.8659444687128398
vn -0.03859778002754203 -0.5003712023838454 0.8649502131347735
vn -0.003800195512464179 -0.500125719814233 0.8659444687128398
vn -0.049698211105082574 -0.0006999747690444107 0.9987640351195459
vn -0.01529973831246888 -0.00039999314860442056 0.9998828721470585
vn -0.14859960925532603 0.98889743964135 0.00009999973521811432
vn -0.7538030554444648 0.5629023172271401 0.3390013788510382
vn -0.14299520717143382 0.8560712853894192 0.49668332472281196
vn -0.7538030554444648 0.5629023172271401 0.3390013788510382
vn -0.14859960925532603 0.98889743964135 0.00009999973521811432
vn -0.7574649508832905 0.6528698253930433 0.002799870466901949
vn -0.13249778827781628 0.49299180806150167 0.8598856978027594
vn -0.017600299917483 0.4997085368923103 0.8660147848621067
vn -0.14299520717143382 0.8560712853894192 0.49668332472281196
vn -0.7538030554444648 0.5629023172271401 0.3390013788510382
vn -0.13249778827781628 0.49299180806150167 0.8598856978027594
vn -0.14299520717143382 0.8560712853894192 0.49668332472281196
vn -0.01529973831246888 -0.00039999314860442056 0.9998828721470585
vn -0.017600299917483 0.4997085368923103 0.8660147848621067
vn -0.004799944712993085 -0.0000999988457620368 0.9999884751990812
vn -0.13249778827781628 0.49299180806150167 0.8598856978027594
vn -0.004799944712993085 -0.0000999988457620368 0.9999884751990812
vn -0.017600299917483 0.4997085368923103 0.8660147848621067
vn -0.13249778827781628 0.49299180806150167 0.8598856978027594
vn -0.7538030554444648 0.5629023172271401 0.3390013788510382
vn -0.7463784752979452 0.3180908236774718 0.5845830988868068
vn 0.006699996812290225 -0.4999997773459797 0.8659996147208647
vn -0.01529973831246888 -0.00039999314860442056 0.9998828721470585
vn -0.004799944712993085 -0.0000999988457620368 0.9999884751990812
vn -0.01529973831246888 -0.00039999314860442056 0.9998828721470585
vn 0.006699996812290225 -0.4999997773459797 0.8659996147208647
vn -0.003800195512464179 -0.500125719814233 0.8659444687128398
vn -0.004799944712993085 -0.0000999988457620368 0.9999884751990812
vn -0.13249778827781628 0.49299180806150167 0.8598856978027594
vn -0.11989782800001461 -0.0028999473553412225 0.9927820008170049
vn -0.7463784752979452 0.3180908236774718 0.5845830988868068
vn -0.11989782800001461 -0.0028999473553412225 0.9927820008170049
vn -0.13249778827781628 0.49299180806150167 0.8598856978027594
vn -0.7576062796066633 0.6527053814405177 0.002900023989376291
vn -0.7463784752979452 0.3180908236774718 0.5845830988868068
vn -0.7538030554444648 0.5629023172271401 0.3390013788510382
vn -0.10849840875154547 -0.49899270836724835 0.8597873994742543
vn -0.004799944712993085 -0.0000999988457620368 0.9999884751990812
vn -0.11989782800001461 -0.0028999473553412225 0.9927820008170049
vn -0.004799944712993085 -0.0000999988457620368 0.9999884751990812
vn -0.10849840875154547 -0.49899270836724835 0.8597873994742543
vn 0.006699996812290225 -0.4999997773459797 0.8659996147208647
vn -0.11989782800001461 -0.0028999473553412225 0.9927820008170049
vn -0.7463784752979452 0.3180908236774718 0.5845830988868068
vn -0.7382220910827448 -0.01790053466512245 0.6743201873710458
vn -0.7463784752979452 0.3180908236774718 0.5845830988868068
vn -0.7576062796066633 0.6527053814405177 0.002900023989376291
vn -0.7382220910827448 -0.01790053466512245 0.6743201873710458
f 1/1/1 2/2/2 3/3/3
f 4/4/4 5/5/5 6/6/6
f 7/7/7 8/8/8 9/9/9
f 10/10/10 11/11/11 12/12/12
f 13/13/13 14/14/14 15/15/15
f 16/16/16 17/17/17 18/18/18
f 19/19/19 20/20/20 21/21/21
f 22/22/22 23/23/23 24/24/24
f 25/25/25 26/26/26 27/27/27
f 28/28/28 29/29/29 30/30/30
f 31/31/31 32/32/32 33/33/33
f 34/34/34 35/35/35 36/36/36
f 37/37/37 38/38/38 39/39/39
f 40/40/40 41/41/41 42/42/42
f 43/43/43 44/44/44 45/45/45
f 46/46/46 47/47/47 48/48/48
f 49/49/49 50/50/50 51/51/51
f 52/52/52 53/53/53 54/54/54
f 55/55/55 56/56/56 57/57/57
f 58/58/58 59/59/59 60/60/60
f 61/61/61 62/62/62 63/63/63
f 64/64/64 65/65/65 66/66/66
f 67/67/67 68/68/68 69/69/69
f 70/70/70 71/71/71 72/72/72
f 73/73/73 74/74/74 75/75/75
f 76/76/76 77/77/77 78/78/78
f 79/79/79 80/80/80 81/81/81
f 82/82/82 83/83/83 84/84/84
f 85/85/85 86/86/86 87/87/87
f 88/88/88 89/89/89 90/90/90
f 91/91/91 92/92/92 93/93/93
f 94/94/94 95/95/95 96/96/96
f 97/97/97 98/98/98 99/99/99
f 100/100/100 101/101/101 102/102/102
f 103/103/103 104/104/104 105/105/105
f 106/106/106 107/107/107 108/108/108
f 109/109/109 110/110/110 111/111/111
f 112/112/112 113/113/113 114/114/114
f 115/115/115 116/116/116 117/117/117
f 118/118/118 119/119/119 120/120/120
f 121/121/121 122/122/122 123/123/123
f 124/124/124 125/125/125 126/126/126
f 127/127/127 128/128/128 129/129/129
f 130/130/130 131/131/131 132/132/132
f 133/133/133 134/134/134 135/135/135
f 136/136/136 137/137/137 138/138/138
f 139/139/139 140/140/140 141/141/141
f 142/142/142 143/143/143 144/144/144
f 145/145/145 146/146/146 147/147/147
f 148/148/148 149/149/149 150/150/150
f 151/151/151 152/152/152 153/153/153
f 154/154/154 155/155/155 156/156/156
f 157/157/157 158/158/158 159/159/159
f 160/160/160 161/161/161 162/162/162
f 163/163/163 164/164/164 165/165/165
f 166/166/166 167/167/167 168/168/168
f 169/169/169 170/170/170 171/171/171
f 172/172/172 173/173/173 174/174/174
f 175/175/175 176/176/176 177/177/177
f 178/178/178 179/179/179 180/180/180
f 181/181/181 182/182/182 183/183/183
f 184/184/184 185/185/185 186/186/186
f 187/187/187 188/188/188 189/189/189
f 190/190/190 191/191/191 192/192/192
f 193/193/193 194/194/194 195/195/195
f 196/196/196 197/197/197 198/198/198
f 199/199/199 200/200/200 201/201/201
f 202/202/202 203/203/203 204/204/204
f 205/205/205 206/206/206 207/207/207
f 208/208/208 209/209/209 210/210/210
f 211/211/211 212/212/212 213/213/213
f 214/214/214 215/215/215 216/216/216
f 217/217/217 218/218/218 219/219/219
f 220/220/220 221/221/221 222/222/222
f 223/223/223 224/224/224 225/225/225
f 226/226/226 227/227/227 228/228/228
f 229/229/229 230/230/230 231/231/231
f 232/232/232 233/233/233 234/234/234
f 235/235/235 236/236/236 237/237/237
f 238/238/238 239/239/239 240/240/240
f 241/241/241 242/242/242 243/243/243
f 244/244/244 245/245/245 246/246/246
f 247/247/247 248/248/248 249/249/249
f 250/250/250 251/251/251 252/252/252
f 253/253/253 254/254/254 255/255/255
f 256/256/256 257/257/257 258/258/258
f 259/259/259 260/260/260 261/261/261
f 262/262/262 263/263/263 264/264/264
f 265/265/265 266/266/266 267/267/267
f 268/268/268 269/269/269 270/270/270
f 271/271/271 272/272/272 273/273/273
f 274/274/274 275/275/275 276/276/276
f 277/277/277 278/278/278 279/279/279
f 280/280/280 281/281/281 282/282/282
f 283/283/283 284/284/284 285/285/285
f 286/286/286 287/287/287 288/288/288
f 289/289/289 290/290/290 291/291/291
f 292/292/292 293/293/293 294/294/294
f 295/295/295 296/296/296 297/297/297
f 298/298/298 299/299/299 300/300/300
f 301/301/301 302/302/302 303/303/303
f 304/304/304 305/305/305 306/306/306
f 307/307/307 308/308/308 309/309/309
f 310/310/310 311/311/311 312/312/312
f 313/313/313 314/314/314 315/315/315
f 316/316/316 317/317/317 318/318/318
f 319/319/319 320/320/320 321/321/321
f 322/322/322 323/323/323 324/324/324
f 325/325/325 326/326/326 327/327/327
f 328/328/328 329/329/329 330/330/330
f 331/331/331 332/332/332 333/333/333
f 334/334/334 335/335/335 336/336/336
f 337/337/337 338/338/338 339/339/339
f 340/340/340 341/341/341 342/342/342
f 343/343/343 344/344/344 345/345/345
f 346/346/346 347/347/347 348/348/348
f 349/349/349 350/350/350 351/351/351
f 352/352/352 353/353/353 354/354/354
f 355/355/355 356/356/356 357/357/357
f 358/358/358 359/359/359 360/360/360
f 361/361/361 362/362/362 363/363/363
f 364/364/364 365/365/365 366/366/366
f 367/367/367 368/368/368 369/369/369
f 370/370/370 371/371/371 372/372/372
f 373/373/373 374/374/374 375/375/375
f 376/376/376 377/377/377 378/378/378
f 379/379/379 380/380/380 381/381/381
f 382/382/382 383/383/383 384/384/384
f 385/385/385 386/386/386 387/387/387
f 388/388/388 389/389/389 390/390/390
f 391/391/391 392/392/392 393/393/393
f 394/394/394 395/395/395 396/396/396
f 397/397/397 398/398/398 399/399/399
f 400/400/400 401/401/401 402/402/402
f 403/403/403 404/404/404 405/405/405
f 406/406/406 407/407/407 408/408/408
f 409/409/409 410/410/410 411/411/411
f 412/412/412 413/413/413 414/414/414
f 415/415/415 416/416/416 417/417/417
f 418/418/418 419/419/419 420/420/420
f 421/421/421 422/422/422 423/423/423
f 424/424/424 425/425/425 426/426/426
f 427/427/427 428/428/428 429/429/429
f 430/430/430 431/431/431 432/432/432
f 433/433/433 434/434/434 435/435/435
f 436/436/436 437/437/437 438/438/438
f 439/439/439 440/440/440 441/441/441
f 442/442/442 443/443/443 444/444/444
f 445/445/445 446/446/446 447/447/447
f 448/448/448 449/449/449 450/450/450
f 451/451/451 452/452/452 453/453/453
f 454/454/454 455/455/455 456/456/456
f 457/457/457 458/458/458 459/459/459
f 460/460/460 461/461/461 462/462/462
f 463/463/463 464/464/464 465/465/465
f 466/466/466 467/467/467 468/468/468
f 469/469/469 470/470/470 471/471/471
f 472/472/472 473/473/473 474/474/474
f 475/475/475 476/476/476 477/477/477
f 478/478/478 479/479/479 480/480/480
f 481/481/481 482/482/482 483/483/483
f 484/484/484 485/485/485 486/486/486
f 487/487/487 488/488/488 489/489/489
f 490/490/490 491/491/491 492/492/492
f 493/493/493 494/494/494 495/495/495
f 496/496/496 497/497/497 498/498/498
f 499/499/499 500/500/500 501/501/501
f 502/502/502 503/503/503 504/504/504
f 505/505/505 506/506/506 507/507/507
f 508/508/508 509/509/509 510/510/510
f 511/511/511 512/512/512 513/513/513
f 514/514/514 515/515/515 516/516/516
f 517/517/517 518/518/518 519/519/519
f 520/520/520 521/521/521 522/522/522
f 523/523/523 524/524/524 525/525/525
f 526/526/526 527/527/527 528/528/528
f 529/529/529 530/530/530 531/531/531
f 532/532/532 533/533/533 534/534/534
f 535/535/535 536/536/536 537/537/537
f 538/538/538 539/539/539 540/540/540
f 541/541/541 542/542/542 543/543/543
f 544/544/544 545/545/545 546/546/546
f 547/547/547 548/548/548 549/549/549
f 550/550/550 551/551/551 552/552/552
f 553/553/553 554/554/554 555/555/555
f 556/556/556 557/557/557 558/558/558
f 559/559/559 560/560/560 561/561/561
f 562/562/562 563/563/563 564/564/564
f 565/565/565 566/566/566 567/567/567
f 568/568/568 569/569/569 570/570/570
f 571/571/571 572/572/572 573/573/573
f 574/574/574 575/575/575 576/576/576
f 577/577/577 578/578/578 579/579/579
f 580/580/580 581/581/581 582/582/582
f 583/583/583 584/584/584 585/585/585
f 586/586/586 587/587/587 588/588/588
f 589/589/589 590/590/590 591/591/591
f 592/592/592 593/593/593 594/594/594
f 595/595/595 596/596/596 597/597/597
f 598/598/598 599/599/599 600/600/600
f 601/601/601 602/602/602 603/603/603
f 604/604/604 605/605/605 606/606/606
f 607/607/607 608/608/608 609/609/609
f 610/610/610 611/611/611 612/612/612
f 613/613/613 614/614/614 615/615/615
f 616/616/616 617/617/617 618/618/618
f 619/619/619 620/620/620 621/621/621
f 622/622/622 623/623/623 624/624/624
f 625/625/625 626/626/626 627/627/627
f 628/628/628 629/629/629 630/630/630
f 631/631/631 632/632/632 633/633/633
f 634/634/634 635/635/635 636/636/636
f 637/637/637 638/638/638 639/639/639
f 640/640/640 641/641/641 642/642/642
f 643/643/643 644/644/644 645/645/645
f 646/646/646 647/647/647 648/648/648
f 649/649/649 650/650/650 651/651/651
f 652/652/652 653/653/653 654/654/654
f 655/655/655 656/656/656 657/657/657
f 658/658/658 659/659/659 660/660/660
f 661/661/661 662/662/662 663/663/663
f 664/664/664 665/665/665 666/666/666
f 667/667/667 668/668/668 669/669/669
f 670/670/670 671/671/671 672/672/672
f 673/673/673 674/674/674 675/675/675
f 676/676/676 677/677/677 678/678/678
f 679/679/679 680/680/680 681/681/681
f 682/682/682 683/683/683 684/684/684
f 685/685/685 686/686/686 687/687/687
f 688/688/688 689/689/689 690/690/690
f 691/691/691 692/692/692 693/693/693
f 694/694/694 695/695/695 696/696/696
f 697/697/697 698/698/698 699/699/699
f 700/700/700 701/701/701 702/702/702
f 703/703/703 704/704/704 705/705/705
f 706/706/706 707/707/707 708/708/708
f 709/709/709 710/710/710 711/711/711
f 712/712/712 713/713/713 714/714/714
f 715/715/715 716/716/716 717/717/717
f 718/718/718 719/719/719 720/720/720
f 721/721/721 722/722/722 723/723/723
f 724/724/724 725/725/725 726/726/726
f 727/727/727 728/728/728 729/729/729
f 730/730/730 731/731/731 732/732/732
f 733/733/733 734/734/734 735/735/735
f 736/736/736 737/737/737 738/738/738
f 739/739/739 740/740/740 741/741/741
f 742/742/742 743/743/743 744/744/744
f 745/745/745 746/746/746 747/747/747
f 748/748/748 749/749/749 750/750/750
f 751/751/751 752/752/752 753/753/753
f 754/754/754 755/755/755 756/756/756
f 757/757/757 758/758/758 759/759/759
f 760/760/760 761/761/761 762/762/762
f 763/763/763 764/764/764 765/765/765
f 766/766/766 767/767/767 768/768/768
f 769/769/769 770/770/770 771/771/771
f 772/772/772 773/773/773 774/774/774
f 775/775/775 776/776/776 777/777/777
f 778/778/778 779/779/779 780/780/780
f 781/781/781 782/782/782 783/783/783
f 784/784/784 785/785/785 786/786/786
f 787/787/787 788/788/788 789/789/789
f 790/790/790 791/791/791 792/792/792
f 793/793/793 794/794/794 795/795/795
f 796/796/796 797/797/797 798/798/798
f 799/799/799 800/800/800 801/801/801
f 802/802/802 803/803/803 804/804/804
f 805/805/805 806/806/806 807/807/807
f 808/808/808 809/809/809 810/810/810
f 811/811/811 812/812/812 813/813/813
f 814/814/814 815/815/815 816/816/816
f 817/817/817 818/818/818 819/819/819
f 820/820/820 821/821/821 822/822/822
f 823/823/823 824/824/824 825/825/825
f 826/826/826 827/827/827 828/828/828
f 829/829/829 830/830/830 831/831/831
f 832/832/832 833/833/833 834/834/834
f 835/835/835 836/836/836 837/837/837
f 838/838/838 839/839/839 840/840/840
f 841/841/841 842/842/842 843/843/843
f 844/844/844 845/845/845 846/846/846
f 847/847/847 848/848/848 849/849/849
f 850/850/850 851/851/851 852/852/852
f 853/853/853 854/854/854 855/855/855
f 856/856/856 857/857/857 858/858/858
f 859/859/859 860/860/860 861/861/861
f 862/862/862 863/863/863 864/864/864
f 865/865/865 866/866/866 867/867/867
f 868/868/868 869/869/869 870/870/870
f 871/871/871 872/872/872 873/873/873
f 874/874/874 875/875/875 876/876/876
f 877/877/877 878/878/878 879/879/879
f 880/880/880 881/881/881 882/882/882
f 883/883/883 884/884/884 885/885/885
f 886/886/886 887/887/887 888/888/888
f 889/889/889 890/890/890 891/891/891
f 892/892/892 893/893/893 894/894/894
f 895/895/895 896/896/896 897/897/897
f 898/898/898 899/899/899 900/900/900
f 901/901/901 902/902/902 903/903/903
f 904/904/904 905/905/905 906/906/906
f 907/907/907 908/908/908 909/909/909
f 910/910/910 911/911/911 912/912/912
f 913/913/913 914/914/914 915/915/915
f 916/916/916 917/917/917 918/918/918
f 919/919/919 920/920/920 921/921/921
f 922/922/922 923/923/923 924/924/924
f 925/925/925 926/926/926 927/927/927
f 928/928/928 929/929/929 930/930/930
f 931/931/931 932/932/932 933/933/933
f 934/934/934 935/935/935 936/936/936
f 937/937/937 938/938/938 939/939/939
f 940/940/940 941/941/941 942/942/942
f 943/943/943 944/944/944 945/945/945
f 946/946/946 947/947/947 948/948/948
f 949/949/949 950/950/950 951/951/951
f 952/952/952 953/953/953 954/954/954
f 955/955/955 956/956/956 957/957/957
f 958/958/958 959/959/959 960/960/960
f 961/961/961 962/962/962 963/963/963
f 964/964/964 965/965/965 966/966/966
f 967/967/967 968/968/968 969/969/969
f 970/970/970 971/971/971 972/972/972
f 973/973/973 974/974/974 975/975/975
f 976/976/976 977/977/977 978/978/978
f 979/979/979 980/980/980 981/981/981
f 982/982/982 983/983/983 984/984/984
f 985/985/985 986/986/986 987/987/987
f 988/988/988 989/989/989 990/990/990
f 991/991/991 992/992/992 993/993/993
f 994/994/994 995/995/995 996/996/996
f 997/997/997 998/998/998 999/999/999
f 1000/1000/1000 1001/1001/1001 1002/1002/1002
f 1003/1003/1003 1004/1004/1004 1005/1005/1005
f 1006/1006/1006 1007/1007/1007 1008/1008/1008
f 1009/1009/1009 1010/1010/1010 1011/1011/1011
f 1012/1012/1012 1013/1013/1013 1014/1014/1014
f 1015/1015/1015 1016/1016/1016 1017/1017/1017
f 1018/1018/1018 1019/1019/1019 1020/1020/1020
f 1021/1021/1021 1022/1022/1022 1023/1023/1023
f 1024/1024/1024 1025/1025/1025 1026/1026/1026
f 1027/1027/1027 1028/1028/1028 1029/1029/1029
f 1030/1030/1030 1031/1031/1031 1032/1032/1032
f 1033/1033/1033 1034/1034/1034 1035/1035/1035
f 1036/1036/1036 1037/1037/1037 1038/1038/1038
f 1039/1039/1039 1040/1040/1040 1041/1041/1041
f 1042/1042/1042 1043/1043/1043 1044/1044/1044
f 1045/1045/1045 1046/1046/1046 1047/1047/1047
f 1048/1048/1048 1049/1049/1049 1050/1050/1050
f 1051/1051/1051 1052/1052/1052 1053/1053/1053
f 1054/1054/1054 1055/1055/1055 1056/1056/1056
f 1057/1057/1057 1058/1058/1058 1059/1059/1059
f 1060/1060/1060 1061/1061/1061 1062/1062/1062
f 1063/1063/1063 1064/1064/1064 1065/1065/1065
f 1066/1066/1066 1067/1067/1067 1068/1068/1068
f 1069/1069/1069 1070/1070/1070 1071/1071/1071
f 1072/1072/1072 1073/1073/1073 1074/1074/1074
f 1075/1075/1075 1076/1076/1076 1077/1077/1077
f 1078/1078/1078 1079/1079/1079 1080/1080/1080
f 1081/1081/1081 1082/1082/1082 1083/1083/1083
f 1084/1084/1084 1085/1085/1085 1086/1086/1086
f 1087/1087/1087 1088/1088/1088 1089/1089/1089
f 1090/1090/1090 1091/1091/1091 1092/1092/1092
f 1093/1093/1093 1094/1094/1094 1095/1095/1095
f 1096/1096/1096 1097/1097/1097 1098/1098/1098
f 1099/1099/1099 1100/1100/1100 1101/1101/1101
f 1102/1102/1102 1103/1103/1103 1104/1104/1104
f 1105/1105/1105 1106/1106/1106 1107/1107/1107
f 1108/1108/1108 1109/1109/1109 1110/1110/1110
f 1111/1111/1111 1112/1112/1112 1113/1113/1113
f 1114/1114/1114 1115/1115/1115 1116/1116/1116
f 1117/1117/1117 1118/1118/1118 1119/1119/1119
f 1120/1120/1120 1121/1121/1121 1122/1122/1122
f 1123/1123/1123 1124/1124/1124 1125/1125/1125
f 1126/1126/1126 1127/1127/1127 1128/1128/1128
f 1129/1129/1129 1130/1130/1130 1131/1131/1131
f 1132/1132/1132 1133/1133/1133 1134/1134/1134
f 1135/1135/1135 1136/1136/1136 1137/1137/1137
f 1138/1138/1138 1139/1139/1139 1140/1140/1140
f 1141/1141/1141 1142/1142/1142 1143/1143/1143
f 1144/1144/1144 1145/1145/1145 1146/1146/1146
