o eventhorizonbody
v -2.125252045322754 -0.22326010562059917 0.052325755708683364
v -2.0729930769694827 -0.15495810381648578 -0.0015002434357813677
v -2.126240051914551 -0.2017691070544485 -0.027873242388646968
v -2.0734720598948977 -0.11602910471660532 -0.040426241348665126
v -2.126240051914551 -0.2017691070544485 -0.027873242388646968
v -2.0729930769694827 -0.15495810381648578 -0.0015002434357813677
v -2.0729930769694827 -0.15495810381648578 -0.0015002434357813677
v -2.125252045322754 -0.22326010562059917 0.052325755708683364
v -2.0723381411326907 -0.1692071045148138 0.05167375540064656
v -2.126240051914551 -0.2017691070544485 -0.027873242388646968
v -2.0734720598948977 -0.11602910471660532 -0.040426241348665126
v -2.1269641291392825 -0.1430561049240593 -0.08658324379770077
v -2.1242640387309573 -0.2017691070544485 0.13252375822218143
v -2.0723381411326907 -0.1692071045148138 0.05167375540064656
v -2.125252045322754 -0.22326010562059917 0.052325755708683364
v -2.073648966480591 -0.06285110584971942 -0.054674247394483455
v -2.1269641291392825 -0.1430561049240593 -0.08658324379770077
v -2.0734720598948977 -0.11602910471660532 -0.040426241348665126
v -2.0723381411326907 -0.1692071045148138 0.05167375540064656
v -2.1242640387309573 -0.2017691070544485 0.13252375822218143
v -2.0716829668773196 -0.15495810381648578 0.10484775703104221
v -2.1269641291392825 -0.1430561049240593 -0.08658324379770077
v -2.073648966480591 -0.06285110584971942 -0.054674247394483455
v -2.127228058506348 -0.06285110584971942 -0.10807223815767086
v -2.1235411535991213 -0.1430561049240593 0.19123275380285465
v -2.0716829668773196 -0.15495810381648578 0.10484775703104221
v -2.1242640387309573 -0.2017691070544485 0.13252375822218143
v -2.073648966480591 -0.06285110584971942 -0.054674247394483455
v -2.1269641291392825 0.017353891361975293 -0.08658324379770077
v -2.127228058506348 -0.06285110584971942 -0.10807223815767086
v -2.0716829668773196 -0.15495810381648578 0.10484775703104221
v -2.1235411535991213 -0.1430561049240593 0.19123275380285465
v -2.071203030277588 -0.11602910471660532 0.14377375494392597
v -2.073648966480591 -0.06285110584971942 -0.054674247394483455
v -2.0734720598948977 -0.009673104654527087 -0.040426241348665126
v -2.1269641291392825 0.017353891361975293 -0.08658324379770077
v -2.1232760321391604 -0.06285110584971942 0.21272276144178592
v -2.071203030277588 -0.11602910471660532 0.14377375494392597
v -2.1235411535991213 -0.1430561049240593 0.19123275380285465
v -2.126240051914551 0.07606789373280964 -0.027873242388646968
v -2.1269641291392825 0.017353891361975293 -0.08658324379770077
v -2.0734720598948977 -0.009673104654527087 -0.040426241348665126
v -2.071203030277588 -0.11602910471660532 0.14377375494392597
v -2.1232760321391604 -0.06285110584971942 0.21272276144178592
v -2.0710280310405276 -0.06285110584971942 0.1580217535391637
v -2.126240051914551 0.07606789373280964 -0.027873242388646968
v -2.0734720598948977 -0.009673104654527087 -0.040426241348665126
v -2.0729930769694827 0.02925589584233723 -0.0015002434357813677
v -2.1232760321391604 -0.06285110584971942 0.21272276144178592
v -2.071203030277588 -0.009673104654527087 0.14377375494392597
v -2.0710280310405276 -0.06285110584971942 0.1580217535391637
v -2.125252045322754 0.09755790137174092 0.052325755708683364
v -2.126240051914551 0.07606789373280964 -0.027873242388646968
v -2.0729930769694827 0.02925589584233723 -0.0015002434357813677
v -2.1232760321391604 -0.06285110584971942 0.21272276144178592
v -2.1235411535991213 0.017353891361975293 0.19123275380285465
v -2.071203030277588 -0.009673104654527087 0.14377375494392597
v -2.125252045322754 0.09755790137174092 0.052325755708683364
v -2.0729930769694827 0.02925589584233723 -0.0015002434357813677
v -2.0723381411326907 0.04350489281537495 0.05167375540064656
v -2.0716829668773196 0.02925589584233723 0.10484775703104221
v -2.071203030277588 -0.009673104654527087 0.14377375494392597
v -2.1235411535991213 0.017353891361975293 0.19123275380285465
v -2.0723381411326907 0.04350489281537495 0.05167375540064656
v -2.1242640387309573 0.07606789373280964 0.13252375822218143
v -2.125252045322754 0.09755790137174092 0.052325755708683364
v -2.0716829668773196 0.02925589584233723 0.10484775703104221
v -2.1235411535991213 0.017353891361975293 0.19123275380285465
v -2.1242640387309573 0.07606789373280964 0.13252375822218143
v -2.1242640387309573 0.07606789373280964 0.13252375822218143
v -2.0723381411326907 0.04350489281537495 0.05167375540064656
v -2.0716829668773196 0.02925589584233723 0.10484775703104221
v -2.0723381411326907 -0.27510610319254436 0.05167375540064656
v -2.126240051914551 -0.2017691070544485 -0.027873242388646968
v -2.073646105457642 -0.24666810132143535 -0.054445246349256404
v -2.126240051914551 -0.2017691070544485 -0.027873242388646968
v -2.0723381411326907 -0.27510610319254436 0.05167375540064656
v -2.125252045322754 -0.22326010562059917 0.052325755708683364
v -2.1269641291392825 -0.1430561049240593 -0.08658324379770077
v -2.073646105457642 -0.24666810132143535 -0.054445246349256404
v -2.126240051914551 -0.2017691070544485 -0.027873242388646968
v -2.1242640387309573 -0.2017691070544485 0.13252375822218143
v -2.125252045322754 -0.22326010562059917 0.052325755708683364
v -2.0723381411326907 -0.27510610319254436 0.05167375540064656
v -2.073646105457642 -0.24666810132143535 -0.054445246349256404
v -2.1269641291392825 -0.1430561049240593 -0.08658324379770077
v -2.0746031176341555 -0.16897810346958675 -0.13213023741094387
v -2.071031130482056 -0.24666810132143535 0.15779275249393665
v -2.1242640387309573 -0.2017691070544485 0.13252375822218143
v -2.0723381411326907 -0.27510610319254436 0.05167375540064656
v -2.0746031176341555 -0.16897810346958675 -0.13213023741094387
v -2.1269641291392825 -0.1430561049240593 -0.08658324379770077
v -2.074954069782593 -0.06285110584971942 -0.16056424577085293
v -2.071031130482056 -0.24666810132143535 0.15779275249393665
v -2.1235411535991213 -0.1430561049240593 0.19123275380285465
v -2.1242640387309573 -0.2017691070544485 0.13252375822218143
v -2.1269641291392825 -0.1430561049240593 -0.08658324379770077
v -2.127228058506348 -0.06285110584971942 -0.10807223815767086
v -2.074954069782593 -0.06285110584971942 -0.16056424577085293
v -2.1235411535991213 -0.1430561049240593 0.19123275380285465
v -2.071031130482056 -0.24666810132143535 0.15779275249393665
v -2.0700729262126467 -0.16897810346958675 0.23547676007898533
v -2.1269641291392825 0.017353891361975293 -0.08658324379770077
v -2.074954069782593 -0.06285110584971942 -0.16056424577085293
v -2.127228058506348 -0.06285110584971942 -0.10807223815767086
v -2.0697229277385256 -0.06285110584971942 0.2639107535377332
v -2.1235411535991213 -0.1430561049240593 0.19123275380285465
v -2.0700729262126467 -0.16897810346958675 0.23547676007898533
v -2.074954069782593 -0.06285110584971942 -0.16056424577085293
v -2.1269641291392825 0.017353891361975293 -0.08658324379770077
v -2.0746031176341555 0.0432758917701479 -0.13213023741094387
v -2.1235411535991213 -0.1430561049240593 0.19123275380285465
v -2.0697229277385256 -0.06285110584971942 0.2639107535377332
v -2.1232760321391604 -0.06285110584971942 0.21272276144178592
v -2.073646105457642 0.1209658970725771 -0.054445246349256404
v -2.0746031176341555 0.0432758917701479 -0.13213023741094387
v -2.1269641291392825 0.017353891361975293 -0.08658324379770077
v -2.1235411535991213 0.017353891361975293 0.19123275380285465
v -2.1232760321391604 -0.06285110584971942 0.21272276144178592
v -2.0697229277385256 -0.06285110584971942 0.2639107535377332
v -2.073646105457642 0.1209658970725771 -0.054445246349256404
v -2.1269641291392825 0.017353891361975293 -0.08658324379770077
v -2.126240051914551 0.07606789373280964 -0.027873242388646968
v -2.0700729262126467 0.0432758917701479 0.23547676007898533
v -2.1235411535991213 0.017353891361975293 0.19123275380285465
v -2.0697229277385256 -0.06285110584971942 0.2639107535377332
v -2.0723381411326907 0.14940288566472493 0.05167375540064656
v -2.073646105457642 0.1209658970725771 -0.054445246349256404
v -2.126240051914551 0.07606789373280964 -0.027873242388646968
v -2.071031130482056 0.1209658970725771 0.15779175411613666
v -2.1235411535991213 0.017353891361975293 0.19123275380285465
v -2.0700729262126467 0.0432758917701479 0.23547676007898533
v -2.0723381411326907 0.14940288566472493 0.05167375540064656
v -2.126240051914551 0.07606789373280964 -0.027873242388646968
v -2.125252045322754 0.09755790137174092 0.052325755708683364
v -2.1235411535991213 0.017353891361975293 0.19123275380285465
v -2.071031130482056 0.1209658970725771 0.15779175411613666
v -2.1242640387309573 0.07606789373280964 0.13252375822218143
v -2.0723381411326907 0.14940288566472493 0.05167375540064656
v -2.1242640387309573 0.07606789373280964 0.13252375822218143
v -2.071031130482056 0.1209658970725771 0.15779175411613666
v -2.1242640387309573 0.07606789373280964 0.13252375822218143
v -2.0723381411326907 0.14940288566472493 0.05167375540064656
v -2.125252045322754 0.09755790137174092 0.052325755708683364
v 1.918442927669189 -0.1746581057417158 0.0024957562580891768
v 2.052635990451477 -0.2242981056082014 0.0008417571678944746
v 1.903059922526977 -0.14490410409448184 -0.11984524328557766
v 1.9060788977848506 -0.14490410409448184 0.12517775397451603
v 2.052635990451477 -0.2242981056082014 0.0008417571678944746
v 1.918442927669189 -0.1746581057417158 0.0024957562580891768
v 2.052635990451477 -0.2242981056082014 0.0008417571678944746
v 2.030868970225952 -0.18219510562298336 -0.1722772439226321
v 1.903059922526977 -0.14490410409448184 -0.11984524328557766
v 2.052635990451477 -0.2242981056082014 0.0008417571678944746
v 1.9060788977848506 -0.14490410409448184 0.12517775397451603
v 2.0351409543262937 -0.18219510562298336 0.17444475542457782
v 2.030868970225952 -0.18219510562298336 -0.1722772439226321
v 1.8640539277302242 -0.06361610538837947 -0.20906324882356442
v 1.903059922526977 -0.14490410409448184 -0.11984524328557766
v 1.8692829240070796 -0.06361610538837947 0.21532974939497196
v 2.0351409543262937 -0.18219510562298336 0.17444475542457782
v 1.9060788977848506 -0.14490410409448184 0.12517775397451603
v 1.9756699431644893 -0.06716810635802783 -0.29852424759713925
v 1.8640539277302242 -0.06361610538837947 -0.20906324882356442
v 2.030868970225952 -0.18219510562298336 -0.1722772439226321
v 2.0351409543262937 -0.18219510562298336 0.17444475542457782
v 1.8692829240070796 -0.06361610538837947 0.21532974939497196
v 1.9830699790226436 -0.06716810635802783 0.30201375286730014
v 1.9018319476353145 0.08996190034272633 -0.3440742363437823
v 1.8640539277302242 -0.06361610538837947 -0.20906324882356442
v 1.9756699431644893 -0.06716810635802783 -0.29852424759713925
v 1.8692829240070796 -0.06361610538837947 0.21532974939497196
v 1.910376988719604 0.08996190034272633 0.34937076072843753
v 1.9830699790226436 -0.06716810635802783 0.30201375286730014
v 1.8640539277302242 -0.06361610538837947 -0.20906324882356442
v 1.9018319476353145 0.08996190034272633 -0.3440742363437823
v 1.8118719685780025 0.04742589496495686 -0.24125223059503353
v 1.910376988719604 0.08996190034272633 0.34937076072843753
v 1.8692829240070796 -0.06361610538837947 0.21532974939497196
v 1.8179109919773555 0.04742589496495686 0.24879374902399265
v 1.8118719685780025 0.04742589496495686 -0.24125223059503353
v 1.9018319476353145 0.08996190034272633 -0.3440742363437823
v 1.7604999173389888 0.1584669043910738 -0.20778723258821286
v 1.7657299864994502 0.1584669043910738 0.21660575072916233
v 1.910376988719604 0.08996190034272633 0.34937076072843753
v 1.8179109919773555 0.04742589496495686 0.24879374902399265
v 1.9018319476353145 0.08996190034272633 -0.3440742363437823
v 1.829138957332275 0.24709290169599019 -0.2967182566627673
v 1.7604999173389888 0.1584669043910738 -0.20778723258821286
v 1.910376988719604 0.08996190034272633 0.34937076072843753
v 1.7657299864994502 0.1584669043910738 0.21660575072916233
v 1.8365389931904292 0.24709290169599019 0.3038197587028333
v 1.829138957332275 0.24709290169599019 -0.2967182566627673
v 1.7237039435612178 0.23975589774968586 -0.11763523716775692
v 1.7604999173389888 0.1584669043910738 -0.20778723258821286
v 1.7267229188190913 0.23975589774968586 0.12738775264175617
v 1.8365389931904292 0.24709290169599019 0.3038197587028333
v 1.7657299864994502 0.1584669043910738 0.21660575072916233
v 1.7770689357029414 0.3621198823344942 -0.16914925176946438
v 1.7237039435612178 0.23975589774968586 -0.11763523716775692
v 1.829138957332275 0.24709290169599019 -0.2967182566627673
v 1.8365389931904292 0.24709290169599019 0.3038197587028333
v 1.7267229188190913 0.23975589774968586 0.12738775264175617
v 1.7813409198032832 0.3621198823344942 0.17757175665052616
v 1.7770689357029414 0.3621198823344942 -0.16914925176946438
v 1.7113409865604854 0.26950889729382954 0.005047755201179616
v 1.7237039435612178 0.23975589774968586 -0.11763523716775692
v 1.7113409865604854 0.26950889729382954 0.005047755201179616
v 1.7813409198032832 0.3621198823344942 0.17757175665052616
v 1.7267229188190913 0.23975589774968586 0.12738775264175617
v 1.7113409865604854 0.26950889729382954 0.005047755201179616
v 1.7770689357029414 0.3621198823344942 -0.16914925176946438
v 1.7595738995777583 0.40422189139249287 0.004453753937799565
v 1.7813409198032832 0.3621198823344942 0.17757175665052616
v 1.7113409865604854 0.26950889729382954 0.005047755201179616
v 1.7595738995777583 0.40422189139249287 0.004453753937799565
v 1.975504957507751 -0.302936107884622 -0.22141625184861935
v 2.052635990451477 -0.2242981056082014 0.0008417571678944746
v 2.003527008365295 -0.35713709987280406 0.0014467554882355849
v 1.9810049164997554 -0.302936107884622 0.2249337564006635
v 2.003527008365295 -0.35713709987280406 0.0014467554882355849
v 2.052635990451477 -0.2242981056082014 0.0008417571678944746
v 2.052635990451477 -0.2242981056082014 0.0008417571678944746
v 1.975504957507751 -0.302936107884622 -0.22141625184861935
v 2.030868970225952 -0.18219510562298336 -0.1722772439226321
v 2.052635990451477 -0.2242981056082014 0.0008417571678944746
v 2.0351409543262937 -0.18219510562298336 0.17444475542457782
v 1.9810049164997554 -0.302936107884622 0.2249337564006635
v 1.9044469226109004 -0.1548561053681139 -0.3839432467922381
v 2.030868970225952 -0.18219510562298336 -0.1722772439226321
v 1.975504957507751 -0.302936107884622 -0.22141625184861935
v 2.0351409543262937 -0.18219510562298336 0.17444475542457782
v 1.9139740098225093 -0.1548561053681139 0.38916076522024357
v 1.9810049164997554 -0.302936107884622 0.2249337564006635
v 2.030868970225952 -0.18219510562298336 -0.1722772439226321
v 1.9044469226109004 -0.1548561053681139 -0.3839432467922381
v 1.9756699431644893 -0.06716810635802783 -0.29852424759713925
v 1.9139740098225093 -0.1548561053681139 0.38916076522024357
v 2.0351409543262937 -0.18219510562298336 0.17444475542457782
v 1.9830699790226436 -0.06716810635802783 0.30201375286730014
v 1.8093909848438716 0.04742589496495686 -0.44258023996202267
v 1.9756699431644893 -0.06716810635802783 -0.29852424759713925
v 1.9044469226109004 -0.1548561053681139 -0.3839432467922381
v 1.9830699790226436 -0.06716810635802783 0.30201375286730014
v 1.8203919757114864 0.04742589496495686 0.45012377004774295
v 1.9139740098225093 -0.1548561053681139 0.38916076522024357
v 1.9756699431644893 -0.06716810635802783 -0.29852424759713925
v 1.8093909848438716 0.04742589496495686 -0.44258023996202267
v 1.9018319476353145 0.08996190034272633 -0.3440742363437823
v 1.8203919757114864 0.04742589496495686 0.45012377004774295
v 1.9830699790226436 -0.06716810635802783 0.30201375286730014
v 1.910376988719604 0.08996190034272633 0.34937076072843753
v 1.829138957332275 0.24709290169599019 -0.2967182566627673
v 1.9018319476353145 0.08996190034272633 -0.3440742363437823
v 1.8093909848438716 0.04742589496495686 -0.44258023996202267
v 1.8365389931904292 0.24709290169599019 0.3038197587028333
v 1.8203919757114864 0.04742589496495686 0.45012377004774295
v 1.910376988719604 0.08996190034272633 0.34937076072843753
v 1.8093909848438716 0.04742589496495686 -0.44258023996202267
v 1.715809904407165 0.24970689319493733 -0.38161824841348446
v 1.829138957332275 0.24709290169599019 -0.2967182566627673
v 1.8203919757114864 0.04742589496495686 0.45012377004774295
v 1.8365389931904292 0.24709290169599019 0.3038197587028333
v 1.725336991618774 0.24970689319493733 0.3914857635989972
v 1.6487769711719966 0.39778590105893574 -0.2173902561172656
v 1.829138957332275 0.24709290169599019 -0.2967182566627673
v 1.715809904407165 0.24970689319493733 -0.38161824841348446
v 1.654276930164001 0.39778590105893574 0.22895975213201725
v 1.725336991618774 0.24970689319493733 0.3914857635989972
v 1.8365389931904292 0.24709290169599019 0.3038197587028333
v 1.829138957332275 0.24709290169599019 -0.2967182566627673
v 1.6487769711719966 0.39778590105893574 -0.2173902561172656
v 1.7770689357029414 0.3621198823344942 -0.16914925176946438
v 1.8365389931904292 0.24709290169599019 0.3038197587028333
v 1.7813409198032832 0.3621198823344942 0.17757175665052616
v 1.654276930164001 0.39778590105893574 0.22895975213201725
v 1.6262549985157466 0.4519879212272402 0.006095753867942921
v 1.7770689357029414 0.3621198823344942 -0.16914925176946438
v 1.6487769711719966 0.39778590105893574 -0.2173902561172656
v 1.7813409198032832 0.3621198823344942 0.17757175665052616
v 1.6262549985157466 0.4519879212272402 0.006095753867942921
v 1.654276930164001 0.39778590105893574 0.22895975213201725
v 1.7770689357029414 0.3621198823344942 -0.16914925176946438
v 1.6262549985157466 0.4519879212272402 0.006095753867942921
v 1.7595738995777583 0.40422189139249287 0.004453753937799565
v 1.6262549985157466 0.4519879212272402 0.006095753867942921
v 1.7813409198032832 0.3621198823344942 0.17757175665052616
v 1.7595738995777583 0.40422189139249287 0.004453753937799565
v -1.894299067188599 -0.26336310900328197 0.04947975545825445
v -1.828974999119141 -0.17798510662791767 -0.017803246270101436
v -1.8955340754283452 -0.2364991018879179 -0.05076924164144314
v -1.8964391123546147 -0.16310710556385555 -0.12415524024812497
v -1.8955340754283452 -0.2364991018879179 -0.05076924164144314
v -1.828974999119141 -0.17798510662791767 -0.017803246270101436
v -1.828974999119141 -0.17798510662791767 -0.017803246270101436
v -1.894299067188599 -0.26336310900328197 0.04947975545825445
v -1.8281560312999272 -0.19579610324976482 0.04866475507320844
v -1.8964391123546147 -0.16310710556385555 -0.12415524024812497
v -1.828974999119141 -0.17798510662791767 -0.017803246270101436
v -1.8295750986827397 -0.1293241046699647 -0.06646124471275128
v -1.8273370634807133 -0.17798510662791767 0.11513175617607319
v -1.8281560312999272 -0.19579610324976482 0.04866475507320844
v -1.894299067188599 -0.26336310900328197 0.04947975545825445
v -1.8297930132640385 -0.06285110584971942 -0.08427024085370816
v -1.8964391123546147 -0.16310710556385555 -0.12415524024812497
v -1.8295750986827397 -0.1293241046699647 -0.06646124471275128
v -1.8273370634807133 -0.17798510662791767 0.11513175617607319
v -1.894299067188599 -0.26336310900328197 0.04947975545825445
v -1.8930631052745366 -0.2364991018879179 0.1497267539397069
v -1.8964391123546147 -0.16310710556385555 -0.12415524024812497
v -1.8297930132640385 -0.06285110584971942 -0.08427024085370816
v -1.8967700373424077 -0.06285110584971942 -0.15101725060788906
v -1.8930631052745366 -0.2364991018879179 0.1497267539397069
v -1.8267360102427983 -0.1293241046699647 0.16378875624092304
v -1.8273370634807133 -0.17798510662791767 0.11513175617607319
v -1.8295750986827397 0.00362089179875813 -0.06646124471275128
v -1.8967700373424077 -0.06285110584971942 -0.15101725060788906
v -1.8297930132640385 -0.06285110584971942 -0.08427024085370816
v -1.8267360102427983 -0.1293241046699647 0.16378875624092304
v -1.8930631052745366 -0.2364991018879179 0.1497267539397069
v -1.8921590220225835 -0.16310710556385555 0.2231147567525693
v -1.8967700373424077 -0.06285110584971942 -0.15101725060788906
v -1.8295750986827397 0.00362089179875813 -0.06646124471275128
v -1.8964391123546147 0.0374048938644167 -0.12415524024812497
v -1.8918280970347905 -0.06285110584971942 0.24997675221117222
v -1.8267360102427983 -0.1293241046699647 0.16378875624092304
v -1.8921590220225835 -0.16310710556385555 0.2231147567525693
v -1.828974999119141 0.052282898653769116 -0.017803246270101436
v -1.8964391123546147 0.0374048938644167 -0.12415524024812497
v -1.8295750986827397 0.00362089179875813 -0.06646124471275128
v -1.8267360102427983 -0.1293241046699647 0.16378875624092304
v -1.8918280970347905 -0.06285110584971942 0.24997675221117222
v -1.8265180956614995 -0.06285110584971942 0.1815987582102605
v -1.8964391123546147 0.0374048938644167 -0.12415524024812497
v -1.828974999119141 0.052282898653769116 -0.017803246270101436
v -1.8955340754283452 0.11079689763905964 -0.05076924164144314
v -1.8918280970347905 -0.06285110584971942 0.24997675221117222
v -1.8267360102427983 0.00362089179875813 0.16378875624092304
v -1.8265180956614995 -0.06285110584971942 0.1815987582102605
v -1.8281560312999272 0.07009389900090657 0.04866475507320844
v -1.8955340754283452 0.11079689763905964 -0.05076924164144314
v -1.828974999119141 0.052282898653769116 -0.017803246270101436
v -1.8918280970347905 -0.06285110584971942 0.24997675221117222
v -1.8921590220225835 0.0374048938644167 0.2231147567525693
v -1.8267360102427983 0.00362089179875813 0.16378875624092304
v -1.8955340754283452 0.11079689763905964 -0.05076924164144314
v -1.8281560312999272 0.07009389900090657 0.04866475507320844
v -1.894299067188599 0.13766088985326252 0.04947975545825445
v -1.8273370634807133 0.052282898653769116 0.11513175617607319
v -1.8267360102427983 0.00362089179875813 0.16378875624092304
v -1.8921590220225835 0.0374048938644167 0.2231147567525693
v -1.8281560312999272 0.07009389900090657 0.04866475507320844
v -1.8930631052745366 0.11079689763905964 0.1497267539397069
v -1.894299067188599 0.13766088985326252 0.04947975545825445
v -1.8273370634807133 0.052282898653769116 0.11513175617607319
v -1.8921590220225835 0.0374048938644167 0.2231147567525693
v -1.8930631052745366 0.11079689763905964 0.1497267539397069
v -1.8930631052745366 0.11079689763905964 0.1497267539397069
v -1.8281560312999272 0.07009389900090657 0.04866475507320844
v -1.8273370634807133 0.052282898653769116 0.11513175617607319
v -1.8281560312999272 -0.3281681100237135 0.04866475507320844
v -1.8955340754283452 -0.2364991018879179 -0.05076924164144314
v -1.8297911059154057 -0.2926221052515272 -0.08398424286691464
v -1.8955340754283452 -0.2364991018879179 -0.05076924164144314
v -1.8281560312999272 -0.3281681100237135 0.04866475507320844
v -1.894299067188599 -0.26336310900328197 0.04947975545825445
v -1.8964391123546147 -0.16310710556385555 -0.12415524024812497
v -1.8297911059154057 -0.2926221052515272 -0.08398424286691464
v -1.8955340754283452 -0.2364991018879179 -0.05076924164144314
v -1.8930631052745366 -0.2364991018879179 0.1497267539397069
v -1.894299067188599 -0.26336310900328197 0.04947975545825445
v -1.8281560312999272 -0.3281681100237135 0.04866475507320844
v -1.8297911059154057 -0.2926221052515272 -0.08398424286691464
v -1.8964391123546147 -0.16310710556385555 -0.12415524024812497
v -1.8309860598338628 -0.1955101052629713 -0.18109023768750943
v -1.8265200030101323 -0.2926221052515272 0.1813127527728864
v -1.8930631052745366 -0.2364991018879179 0.1497267539397069
v -1.8281560312999272 -0.3281681100237135 0.04866475507320844
v -1.8309860598338628 -0.1955101052629713 -0.18109023768750943
v -1.8964391123546147 -0.16310710556385555 -0.12415524024812497
v -1.8314249884379887 -0.06285110584971942 -0.21663223404733456
v -1.8265200030101323 -0.2926221052515272 0.1813127527728864
v -1.8921590220225835 -0.16310710556385555 0.2231147567525693
v -1.8930631052745366 -0.2364991018879179 0.1497267539397069
v -1.8964391123546147 -0.16310710556385555 -0.12415524024812497
v -1.8967700373424077 -0.06285110584971942 -0.15101725060788906
v -1.8314249884379887 -0.06285110584971942 -0.21663223404733456
v -1.8921590220225835 -0.16310710556385555 0.2231147567525693
v -1.8265200030101323 -0.2926221052515272 0.1813127527728864
v -1.8253250490916753 -0.1955101052629713 0.2784177492156812
v -1.8964391123546147 0.0374048938644167 -0.12415524024812497
v -1.8314249884379887 -0.06285110584971942 -0.21663223404733456
v -1.8967700373424077 -0.06285110584971942 -0.15101725060788906
v -1.8248870741618657 -0.06285110584971942 0.3139617572322675
v -1.8921590220225835 -0.16310710556385555 0.2231147567525693
v -1.8253250490916753 -0.1955101052629713 0.2784177492156812
v -1.8314249884379887 -0.06285110584971942 -0.21663223404733456
v -1.8964391123546147 0.0374048938644167 -0.12415524024812497
v -1.8309860598338628 0.06980688773515187 -0.18109023768750943
v -1.8921590220225835 -0.16310710556385555 0.2231147567525693
v -1.8248870741618657 -0.06285110584971942 0.3139617572322675
v -1.8918280970347905 -0.06285110584971942 0.24997675221117222
v -1.8297911059154057 0.16691890262486897 -0.08398424286691464
v -1.8309860598338628 0.06980688773515187 -0.18109023768750943
v -1.8964391123546147 0.0374048938644167 -0.12415524024812497
v -1.8921590220225835 0.0374048938644167 0.2231147567525693
v -1.8918280970347905 -0.06285110584971942 0.24997675221117222
v -1.8248870741618657 -0.06285110584971942 0.3139617572322675
v -1.8297911059154057 0.16691890262486897 -0.08398424286691464
v -1.8964391123546147 0.0374048938644167 -0.12415524024812497
v -1.8955340754283452 0.11079689763905964 -0.05076924164144314
v -1.8253250490916753 0.06980688773515187 0.2784177492156812
v -1.8921590220225835 0.0374048938644167 0.2231147567525693
v -1.8248870741618657 -0.06285110584971942 0.3139617572322675
v -1.8281560312999272 0.20246589087369404 0.04866475507320844
v -1.8297911059154057 0.16691890262486897 -0.08398424286691464
v -1.8955340754283452 0.11079689763905964 -0.05076924164144314
v -1.8265200030101323 0.16691890262486897 0.1813127527728864
v -1.8921590220225835 0.0374048938644167 0.2231147567525693
v -1.8253250490916753 0.06980688773515187 0.2784177492156812
v -1.8281560312999272 0.20246589087369404 0.04866475507320844
v -1.8955340754283452 0.11079689763905964 -0.05076924164144314
v -1.894299067188599 0.13766088985326252 0.04947975545825445
v -1.8921590220225835 0.0374048938644167 0.2231147567525693
v -1.8265200030101323 0.16691890262486897 0.1813127527728864
v -1.8930631052745366 0.11079689763905964 0.1497267539397069
v -1.8281560312999272 0.20246589087369404 0.04866475507320844
v -1.8930631052745366 0.11079689763905964 0.1497267539397069
v -1.8265200030101323 0.16691890262486897 0.1813127527728864
v -1.8930631052745366 0.11079689763905964 0.1497267539397069
v -1.8281560312999272 0.20246589087369404 0.04866475507320844
v -1.894299067188599 0.13766088985326252 0.04947975545825445
v -1.5346640717280888 -0.3134901086199049 0.04504775523843252
v -1.453009046245911 -0.20676810390827693 -0.03905524511186398
v -1.5362080704463505 -0.2799111018287901 -0.08026224572507656
v -1.453758991886475 -0.14594210408208408 -0.09987724025098599
v -1.5362080704463505 -0.2799111018287901 -0.08026224572507656
v -1.453009046245911 -0.20676810390827693 -0.03905524511186398
v -1.453009046245911 -0.20676810390827693 -0.03905524511186398
v -1.5346640717280888 -0.3134901086199049 0.04504775523843252
v -1.4519850384486699 -0.22903210766193904 0.044028755162675015
v -1.5362080704463505 -0.2799111018287901 -0.08026224572507656
v -1.453758991886475 -0.14594210408208408 -0.09987724025098599
v -1.5373390089763188 -0.188171104561067 -0.17199523944703854
v -1.5331200730098271 -0.2799111018287901 0.17035775433929645
v -1.4519850384486699 -0.22903210766193904 0.044028755162675015
v -1.5346640717280888 -0.3134901086199049 0.04504775523843252
v -1.4540330540431523 -0.06285110584971942 -0.12213924724904812
v -1.5373390089763188 -0.188171104561067 -0.17199523944703854
v -1.453758991886475 -0.14594210408208408 -0.09987724025098599
v -1.4519850384486699 -0.22903210766193904 0.044028755162675015
v -1.5331200730098271 -0.2799111018287901 0.17035775433929645
v -1.4509621035350346 -0.20676810390827693 0.1271127591625043
v -1.5373390089763188 -0.188171104561067 -0.17199523944703854
v -1.4540330540431523 -0.06285110584971942 -0.12213924724904812
v -1.5377520691646123 -0.06285110584971942 -0.20557223458139218
v -1.5331200730098271 -0.2799111018287901 0.17035775433929645
v -1.4502120386851811 -0.14594210408208408 0.1879357526794263
v -1.4509621035350346 -0.20676810390827693 0.1271127591625043
v -1.4540330540431523 -0.06285110584971942 -0.12213924724904812
v -1.5373390089763188 0.062467901934408765 -0.17199523944703854
v -1.5377520691646123 -0.06285110584971942 -0.20557223458139218
v -1.4502120386851811 -0.14594210408208408 0.1879357526794263
v -1.5331200730098271 -0.2799111018287901 0.17035775433929645
v -1.5319900881541753 -0.188171104561067 0.262091753889639
v -1.4540330540431523 -0.06285110584971942 -0.12213924724904812
v -1.453758991886475 0.020238890279554944 -0.09987724025098599
v -1.5373390089763188 0.062467901934408765 -0.17199523944703854
v -1.5315760742915654 -0.06285110584971942 0.29566775064619266
v -1.4502120386851811 -0.14594210408208408 0.1879357526794263
v -1.5319900881541753 -0.188171104561067 0.262091753889639
v -1.453009046245911 0.08106589220883809 -0.03905524511186398
v -1.5373390089763188 0.062467901934408765 -0.17199523944703854
v -1.453758991886475 0.020238890279554944 -0.09987724025098599
v -1.4502120386851811 -0.14594210408208408 0.1879357526794263
v -1.5315760742915654 -0.06285110584971942 0.29566775064619266
v -1.4499380957377934 -0.06285110584971942 0.21019775967748844
v -1.5373390089763188 0.062467901934408765 -0.17199523944703854
v -1.453009046245911 0.08106589220883809 -0.03905524511186398
v -1.5362080704463505 0.15420889757993184 -0.08026224572507656
v -1.5319900881541753 0.062467901934408765 0.262091753889639
v -1.4499380957377934 -0.06285110584971942 0.21019775967748844
v -1.5315760742915654 -0.06285110584971942 0.29566775064619266
v -1.5346640717280888 0.18778690599324666 0.04504775523843252
v -1.5362080704463505 0.15420889757993184 -0.08026224572507656
v -1.453009046245911 0.08106589220883809 -0.03905524511186398
v -1.4499380957377934 -0.06285110584971942 0.21019775967748844
v -1.5319900881541753 0.062467901934408765 0.262091753889639
v -1.4502120386851811 0.020238890279554944 0.1879357526794263
v -1.5346640717280888 0.18778690599324666 0.04504775523843252
v -1.453009046245911 0.08106589220883809 -0.03905524511186398
v -1.4519850384486699 0.1033298959625002 0.044028755162675015
v -1.5331200730098271 0.15420889757993184 0.17035775433929645
v -1.4502120386851811 0.020238890279554944 0.1879357526794263
v -1.5319900881541753 0.062467901934408765 0.262091753889639
v -1.4519850384486699 0.1033298959625002 0.044028755162675015
v -1.5331200730098271 0.15420889757993184 0.17035775433929645
v -1.5346640717280888 0.18778690599324666 0.04504775523843252
v -1.4502120386851811 0.020238890279554944 0.1879357526794263
v -1.5331200730098271 0.15420889757993184 0.17035775433929645
v -1.4509621035350346 0.08106589220883809 0.1271127591625043
v -1.5331200730098271 0.15420889757993184 0.17035775433929645
v -1.4519850384486699 0.1033298959625002 0.044028755162675015
v -1.4509621035350346 0.08106589220883809 0.1271127591625043
v -1.4519850384486699 -0.39449909425852336 0.044028755162675015
v -1.5362080704463505 -0.2799111018287901 -0.08026224572507656
v -1.4540290009273076 -0.3500661114561323 -0.12178224522916592
v -1.5362080704463505 -0.2799111018287901 -0.08026224572507656
v -1.4519850384486699 -0.39449909425852336 0.044028755162675015
v -1.5346640717280888 -0.3134901086199049 0.04504775523843252
v -1.5373390089763188 -0.188171104561067 -0.17199523944703854
v -1.4540290009273076 -0.3500661114561323 -0.12178224522916592
v -1.5362080704463505 -0.2799111018287901 -0.08026224572507656
v -1.5331200730098271 -0.2799111018287901 0.17035775433929645
v -1.5346640717280888 -0.3134901086199049 0.04504775523843252
v -1.4519850384486699 -0.39449909425852336 0.044028755162675015
v -1.4540290009273076 -0.3500661114561323 -0.12178224522916592
v -1.5373390089763188 -0.188171104561067 -0.17199523944703854
v -1.4555250775111699 -0.22867410726425685 -0.2431642581924609
v -1.4499420296443486 -0.3500661114561323 0.20983975927980625
v -1.5331200730098271 -0.2799111018287901 0.17035775433929645
v -1.4519850384486699 -0.39449909425852336 0.044028755162675015
v -1.4555250775111699 -0.22867410726425685 -0.2431642581924609
v -1.5373390089763188 -0.188171104561067 -0.17199523944703854
v -1.4560720097316289 -0.06285110584971942 -0.2875932325824908
v -1.4499420296443486 -0.3500661114561323 0.20983975927980625
v -1.5319900881541753 -0.188171104561067 0.262091753889639
v -1.5331200730098271 -0.2799111018287901 0.17035775433929645
v -1.5373390089763188 -0.188171104561067 -0.17199523944703854
v -1.5377520691646123 -0.06285110584971942 -0.20557223458139218
v -1.4560720097316289 -0.06285110584971942 -0.2875932325824908
v -1.5319900881541753 -0.188171104561067 0.262091753889639
v -1.4499420296443486 -0.3500661114561323 0.20983975927980625
v -1.4484460722697758 -0.22867410726425685 0.33122075896414005
v -1.5373390089763188 0.062467901934408765 -0.17199523944703854
v -1.4560720097316289 -0.06285110584971942 -0.2875932325824908
v -1.5377520691646123 -0.06285110584971942 -0.20557223458139218
v -1.4478990208400273 -0.06285110584971942 0.37565074663313114
v -1.5319900881541753 -0.188171104561067 0.262091753889639
v -1.4484460722697758 -0.22867410726425685 0.33122075896414005
v -1.4560720097316289 -0.06285110584971942 -0.2875932325824908
v -1.5373390089763188 0.062467901934408765 -0.17199523944703854
v -1.4555250775111699 0.102971895564818 -0.2431642581924609
v -1.5319900881541753 -0.188171104561067 0.262091753889639
v -1.4478990208400273 -0.06285110584971942 0.37565074663313114
v -1.5315760742915654 -0.06285110584971942 0.29566775064619266
v -1.4540290009273076 0.22436290882947407 -0.12178224522916592
v -1.4555250775111699 0.102971895564818 -0.2431642581924609
v -1.5373390089763188 0.062467901934408765 -0.17199523944703854
v -1.5319900881541753 0.062467901934408765 0.262091753889639
v -1.5315760742915654 -0.06285110584971942 0.29566775064619266
v -1.4478990208400273 -0.06285110584971942 0.37565074663313114
v -1.4540290009273076 0.22436290882947407 -0.12178224522916592
v -1.5373390089763188 0.062467901934408765 -0.17199523944703854
v -1.5362080704463505 0.15420889757993184 -0.08026224572507656
v -1.4484460722697758 0.102971895564818 0.33122075896414005
v -1.5319900881541753 0.062467901934408765 0.262091753889639
v -1.4478990208400273 -0.06285110584971942 0.37565074663313114
v -1.4519850384486699 0.26879489325406514 0.044028755162675015
v -1.4540290009273076 0.22436290882947407 -0.12178224522916592
v -1.5362080704463505 0.15420889757993184 -0.08026224572507656
v -1.4499420296443486 0.22436290882947407 0.20983975927980625
v -1.5319900881541753 0.062467901934408765 0.262091753889639
v -1.4484460722697758 0.102971895564818 0.33122075896414005
v -1.4519850384486699 0.26879489325406514 0.044028755162675015
v -1.5362080704463505 0.15420889757993184 -0.08026224572507656
v -1.5346640717280888 0.18778690599324666 0.04504775523843252
v -1.5319900881541753 0.062467901934408765 0.262091753889639
v -1.4499420296443486 0.22436290882947407 0.20983975927980625
v -1.5331200730098271 0.15420889757993184 0.17035775433929645
v -1.4519850384486699 0.26879489325406514 0.044028755162675015
v -1.5331200730098271 0.15420889757993184 0.17035775433929645
v -1.4499420296443486 0.22436290882947407 0.20983975927980625
v -1.5331200730098271 0.15420889757993184 0.17035775433929645
v -1.4519850384486699 0.26879489325406514 0.044028755162675015
v -1.5346640717280888 0.18778690599324666 0.04504775523843252
v 1.6334999430881953 -0.41253909565088787 0.006006756682712666
v 1.4695030081974483 -0.3646041015493635 -0.17815324861852444
v 1.5562119115101314 -0.3047671029674772 -0.15736924309579647
v 1.4695030081974483 -0.3646041015493635 -0.17815324861852444
v 1.6334999430881953 -0.41253909565088787 0.006006756682712666
v 1.557069979976318 -0.4867070922958616 0.0069487559393235365
v 1.5562119115101314 -0.3047671029674772 -0.15736924309579647
v 1.7052169669376827 -0.31683410800573863 0.005122756470758549
v 1.6334999430881953 -0.41253909565088787 0.006006756682712666
v 1.557069979976318 -0.4867070922958616 0.0069487559393235365
v 1.349973939727447 -0.4471890936004881 -0.19530724186746395
v 1.4695030081974483 -0.3646041015493635 -0.17815324861852444
v 1.7052169669376827 -0.31683410800573863 0.005122756470758549
v 1.5562119115101314 -0.3047671029674772 -0.15736924309579647
v 1.6501940119968868 -0.240109101902223 -0.11118424136487759
v 1.349973939727447 -0.4471890936004881 -0.19530724186746395
v 1.557069979976318 -0.4867070922958616 0.0069487559393235365
v 1.4463019002186275 -0.5815100977527861 0.00831375445874416
v 1.6501940119968868 -0.240109101902223 -0.11118424136487759
v 1.742717944453857 -0.2095511043774847 0.004660757143814198
v 1.7052169669376827 -0.31683410800573863 0.005122756470758549
v 1.742717944453857 -0.2095511043774847 0.004660757143814198
v 1.6501940119968868 -0.240109101902223 -0.11118424136487759
v 1.7270089019047237 -0.18764710522768535 -0.028544241677205928
v 1.742717944453857 -0.2095511043774847 0.004660757143814198
v 1.7270089019047237 -0.18764710522768535 -0.028544241677205928
v 1.754579984019897 -0.16884610525844135 0.004514755566436879
v 1.34285595304837 -0.6320000896560911 0.009588753689844243
v 1.349973939727447 -0.4471890936004881 -0.19530724186746395
v 1.4463019002186275 -0.5815100977527861 0.00831375445874416
v 1.349973939727447 -0.4471890936004881 -0.19530724186746395
v 1.34285595304837 -0.6320000896560911 0.009588753689844243
v 1.2567409504162288 -0.511918098698831 -0.1724482496484927
v 1.2394309271084285 -0.6455571065056089 0.010862754543144337
v 1.2567409504162288 -0.511918098698831 -0.1724482496484927
v 1.34285595304837 -0.6320000896560911 0.009588753689844243
v 1.2567409504162288 -0.511918098698831 -0.1724482496484927
v 1.2394309271084285 -0.6455571065056089 0.010862754543144337
v 1.1813739765392757 -0.5645990977394346 -0.11186324257699765
v 1.1813739765392757 -0.5645990977394346 -0.11186324257699765
v 1.2394309271084285 -0.6455571065056089 0.010862754543144337
v 1.1389619339214778 -0.5950120995151762 0.012100754191000096
v 1.4740908969150996 -0.3646041015493635 0.19415175717027866
v 1.6334999430881953 -0.41253909565088787 0.006006756682712666
v 1.5602619279133296 -0.3047671029674772 0.17123675893696033
v 1.5602619279133296 -0.3047671029674772 0.17123675893696033
v 1.6334999430881953 -0.41253909565088787 0.006006756682712666
v 1.7052169669376827 -0.31683410800573863 0.005122756470758549
v 1.6334999430881953 -0.41253909565088787 0.006006756682712666
v 1.4740908969150996 -0.3646041015493635 0.19415175717027866
v 1.557069979976318 -0.4867070922958616 0.0069487559393235365
v 1.7052169669376827 -0.31683410800573863 0.005122756470758549
v 1.6530769694553828 -0.240109101902223 0.12275175552519046
v 1.5602619279133296 -0.3047671029674772 0.17123675893696033
v 1.3550209630238033 -0.4471890936004881 0.21424574952276432
v 1.557069979976318 -0.4867070922958616 0.0069487559393235365
v 1.4740908969150996 -0.3646041015493635 0.19415175717027866
v 1.6530769694553828 -0.240109101902223 0.12275175552519046
v 1.7052169669376827 -0.31683410800573863 0.005122756470758549
v 1.742717944453857 -0.2095511043774847 0.004660757143814198
v 1.6530769694553828 -0.240109101902223 0.12275175552519046
v 1.742717944453857 -0.2095511043774847 0.004660757143814198
v 1.7278319228397823 -0.18764710522768535 0.03824175510259353
v 1.7278319228397823 -0.18764710522768535 0.03824175510259353
v 1.742717944453857 -0.2095511043774847 0.004660757143814198
v 1.754579984019897 -0.16884610525844135 0.004514755566436879
v 1.3550209630238033 -0.4471890936004881 0.21424574952276432
v 1.4463019002186275 -0.5815100977527861 0.00831375445874416
v 1.557069979976318 -0.4867070922958616 0.0069487559393235365
v 1.3550209630238033 -0.4471890936004881 0.21424574952276432
v 1.34285595304837 -0.6320000896560911 0.009588753689844243
v 1.4463019002186275 -0.5815100977527861 0.00831375445874416
v 1.34285595304837 -0.6320000896560911 0.009588753689844243
v 1.3550209630238033 -0.4471890936004881 0.21424574952276432
v 1.261252962421081 -0.511918098698831 0.1936907599464246
v 1.261252962421081 -0.511918098698831 0.1936907599464246
v 1.2394309271084285 -0.6455571065056089 0.010862754543144337
v 1.34285595304837 -0.6320000896560911 0.009588753689844243
v 1.2394309271084285 -0.6455571065056089 0.010862754543144337
v 1.261252962421081 -0.511918098698831 0.1936907599464246
v 1.1844149459110713 -0.5645990977394346 0.13498175691517078
v 1.2394309271084285 -0.6455571065056089 0.010862754543144337
v 1.1844149459110713 -0.5645990977394346 0.13498175691517078
v 1.1389619339214778 -0.5950120995151762 0.012100754191000096
v -1.021150029827454 -0.40734511710283794 0.03871975641401493
v -0.9426960121882939 -0.2929701069700483 -0.09511624474374569
v -1.023273028065064 -0.36119110978720226 -0.13351424236146725
v -1.0248260866893315 -0.23509810216305294 -0.2595972587570361
v -1.023273028065064 -0.36119110978720226 -0.13351424236146725
v -0.9426960121882939 -0.2929701069700483 -0.09511624474374569
v -0.9426960121882939 -0.2929701069700483 -0.09511624474374569
v -1.021150029827454 -0.40734511710283794 0.03871975641401493
v -0.9410590302241826 -0.3285700986492399 0.03773275565059864
v -1.0248260866893315 -0.23509810216305294 -0.2595972587570361
v -0.9426960121882939 -0.2929701069700483 -0.09511624474374569
v -0.9438950192225957 -0.19571010119793453 -0.1923692395195178
v -0.9394220482600713 -0.2929701069700483 0.17058175604494297
v -0.9410590302241826 -0.3285700986492399 0.03773275565059864
v -1.021150029827454 -0.40734511710283794 0.03871975641401493
v -1.0253950726283574 -0.06285110584971942 -0.30574824113694943
v -1.0248260866893315 -0.23509810216305294 -0.2595972587570361
v -0.9438950192225957 -0.19571010119793453 -0.1923692395195178
v -1.021150029827454 -0.40734511710283794 0.03871975641401493
v -1.0190281044734502 -0.36119110978720226 0.2109537551894971
v -0.9394220482600713 -0.2929701069700483 0.17058175604494297
v -1.0253950726283574 -0.06285110584971942 -0.30574824113694943
v -0.9438950192225957 -0.19571010119793453 -0.1923692395195178
v -0.9443340670360112 -0.06285110584971942 -0.2279662360653094
v -1.0174740921748662 -0.23509810216305294 0.33703674178274357
v -0.9394220482600713 -0.2929701069700483 0.17058175604494297
v -1.0190281044734502 -0.36119110978720226 0.2109537551894971
v -0.9438950192225957 0.07000788949849568 -0.1923692395195178
v -1.0253950726283574 -0.06285110584971942 -0.30574824113694943
v -0.9443340670360112 -0.06285110584971942 -0.2279662360653094
v -0.9394220482600713 -0.2929701069700483 0.17058175604494297
v -1.0174740921748662 -0.23509810216305294 0.33703674178274357
v -0.9382239949000859 -0.19571010119793453 0.26783475082071506
v -1.0253950726283574 -0.06285110584971942 -0.30574824113694943
v -0.9438950192225957 0.07000788949849568 -0.1923692395195178
v -1.0248260866893315 0.10939589046361409 -0.2595972587570361
v -1.0169049870265507 -0.06285110584971942 0.3831877539649793
v -0.9382239949000859 -0.19571010119793453 0.26783475082071506
v -1.0174740921748662 -0.23509810216305294 0.33703674178274357
v -0.9426960121882939 0.1672669043433901 -0.09511624474374569
v -1.0248260866893315 0.10939589046361409 -0.2595972587570361
v -0.9438950192225957 0.07000788949849568 -0.1923692395195178
v -0.9382239949000859 -0.19571010119793453 0.26783475082071506
v -1.0169049870265507 -0.06285110584971942 0.3831877539649793
v -0.9377850662959599 -0.06285110584971942 0.3034307489887067
v -1.0248260866893315 0.10939589046361409 -0.2595972587570361
v -0.9426960121882939 0.1672669043433901 -0.09511624474374569
v -1.023273028065064 0.23548790716054402 -0.13351424236146725
v -1.0169049870265507 -0.06285110584971942 0.3831877539649793
v -0.9382239949000859 0.07000788949849568 0.26783475082071506
v -0.9377850662959599 -0.06285110584971942 0.3034307489887067
v -1.021150029827454 0.2816428830516573 0.03871975641401493
v -1.023273028065064 0.23548790716054402 -0.13351424236146725
v -0.9426960121882939 0.1672669043433901 -0.09511624474374569
v -1.0169049870265507 -0.06285110584971942 0.3831877539649793
v -1.0174740921748662 0.10939589046361409 0.33703674178274357
v -0.9382239949000859 0.07000788949849568 0.26783475082071506
v -1.021150029827454 0.2816428830516573 0.03871975641401493
v -0.9426960121882939 0.1672669043433901 -0.09511624474374569
v -0.9410590302241826 0.20286789440038167 0.03773275565059864
v -0.9394220482600713 0.1672669043433901 0.17058175604494297
v -0.9382239949000859 0.07000788949849568 0.26783475082071506
v -1.0174740921748662 0.10939589046361409 0.33703674178274357
v -0.9394220482600713 0.1672669043433901 0.17058175604494297
v -1.021150029827454 0.2816428830516573 0.03871975641401493
v -0.9410590302241826 0.20286789440038167 0.03773275565059864
v -0.9394220482600713 0.1672669043433901 0.17058175604494297
v -1.0174740921748662 0.10939589046361409 0.33703674178274357
v -1.0190281044734502 0.23548790716054402 0.2109537551894971
v -1.021150029827454 0.2816428830516573 0.03871975641401493
v -0.9394220482600713 0.1672669043433901 0.17058175604494297
v -1.0190281044734502 0.23548790716054402 0.2109537551894971
v -0.9436819922221684 -0.4315260956394438 -0.17510624427644528
v -0.9410590302241826 -0.48856011129496135 0.03773275565059864
v -1.021150029827454 -0.40734511710283794 0.03871975641401493
v -0.9384370219005131 -0.4315260956394438 0.25057075719984256
v -1.021150029827454 -0.40734511710283794 0.03871975641401493
v -0.9410590302241826 -0.48856011129496135 0.03773275565059864
v -0.9436819922221684 -0.4315260956394438 -0.17510624427644528
v -1.021150029827454 -0.40734511710283794 0.03871975641401493
v -1.023273028065064 -0.36119110978720226 -0.13351424236146725
v -1.021150029827454 -0.40734511710283794 0.03871975641401493
v -0.9384370219005131 -0.4315260956394438 0.25057075719984256
v -1.0190281044734502 -0.36119110978720226 0.2109537551894971
v -1.0248260866893315 -0.23509810216305294 -0.2595972587570361
v -0.9436819922221684 -0.4315260956394438 -0.17510624427644528
v -1.023273028065064 -0.36119110978720226 -0.13351424236146725
v -0.9384370219005131 -0.4315260956394438 0.25057075719984256
v -1.0174740921748662 -0.23509810216305294 0.33703674178274357
v -1.0190281044734502 -0.36119110978720226 0.2109537551894971
v -0.9436819922221684 -0.4315260956394438 -0.17510624427644528
v -1.0248260866893315 -0.23509810216305294 -0.2595972587570361
v -0.9456020962489629 -0.27570510007021465 -0.33091424603311337
v -1.0174740921748662 -0.23509810216305294 0.33703674178274357
v -0.9384370219005131 -0.4315260956394438 0.25057075719984256
v -0.9365170370830083 -0.27570510007021465 0.40637875895651066
v -1.0253950726283574 -0.06285110584971942 -0.30574824113694943
v -0.9456020962489629 -0.27570510007021465 -0.33091424603311337
v -1.0248260866893315 -0.23509810216305294 -0.2595972587570361
v -0.9365170370830083 -0.27570510007021465 0.40637875895651066
v -1.0169049870265507 -0.06285110584971942 0.3831877539649793
v -1.0174740921748662 -0.23509810216305294 0.33703674178274357
v -0.9456020962489629 -0.27570510007021465 -0.33091424603311337
v -1.0253950726283574 -0.06285110584971942 -0.30574824113694943
v -0.9463050734294438 -0.06285110584971942 -0.3879442383751086
v -0.9365170370830083 -0.27570510007021465 0.40637875895651066
v -0.9358140599025273 -0.06285110584971942 0.4634097645774671
v -1.0169049870265507 -0.06285110584971942 0.3831877539649793
v -1.0253950726283574 -0.06285110584971942 -0.30574824113694943
v -0.9456020962489629 0.1500028958213564 -0.33091424603311337
v -0.9463050734294438 -0.06285110584971942 -0.3879442383751086
v -0.9365170370830083 0.1500028958213564 0.40637875895651066
v -1.0169049870265507 -0.06285110584971942 0.3831877539649793
v -0.9358140599025273 -0.06285110584971942 0.4634097645774671
v -1.0253950726283574 -0.06285110584971942 -0.30574824113694943
v -1.0248260866893315 0.10939589046361409 -0.2595972587570361
v -0.9456020962489629 0.1500028958213564 -0.33091424603311337
v -1.0169049870265507 -0.06285110584971942 0.3831877539649793
v -0.9365170370830083 0.1500028958213564 0.40637875895651066
v -1.0174740921748662 0.10939589046361409 0.33703674178274357
v -0.9436819922221684 0.30582290791394673 -0.17510624427644528
v -0.9456020962489629 0.1500028958213564 -0.33091424603311337
v -1.0248260866893315 0.10939589046361409 -0.2595972587570361
v -0.9384370219005131 0.30582290791394673 0.25057075719984256
v -1.0174740921748662 0.10939589046361409 0.33703674178274357
v -0.9365170370830083 0.1500028958213564 0.40637875895651066
v -0.9436819922221684 0.30582290791394673 -0.17510624427644528
v -1.0248260866893315 0.10939589046361409 -0.2595972587570361
v -1.023273028065064 0.23548790716054402 -0.13351424236146725
v -1.0174740921748662 0.10939589046361409 0.33703674178274357
v -0.9384370219005131 0.30582290791394673 0.25057075719984256
v -1.0190281044734502 0.23548790716054402 0.2109537551894971
v -0.9410590302241826 0.3628568937671419 0.03773275565059864
v -0.9436819922221684 0.30582290791394673 -0.17510624427644528
v -1.023273028065064 0.23548790716054402 -0.13351424236146725
v -0.9410590302241826 0.3628568937671419 0.03773275565059864
v -1.0190281044734502 0.23548790716054402 0.2109537551894971
v -0.9384370219005131 0.30582290791394673 0.25057075719984256
v -0.9410590302241826 0.3628568937671419 0.03773275565059864
v -1.023273028065064 0.23548790716054402 -0.13351424236146725
v -1.021150029827454 0.2816428830516573 0.03871975641401493
v -1.0190281044734502 0.23548790716054402 0.2109537551894971
v -0.9410590302241826 0.3628568937671419 0.03773275565059864
v -1.021150029827454 0.2816428830516573 0.03871975641401493
v 0.5589379597412563 -0.22265010423538723 0.019248755534011952
v 0.5279649574266887 -0.11862310491082706 0.15312475513370716
v 0.6022739488588786 -0.17141710318205394 0.19315175514372074
v 0.5279649574266887 -0.11862310491082706 0.15312475513370716
v 0.5589379597412563 -0.22265010423538723 0.019248755534011952
v 0.4858749587046123 -0.16030110515234508 0.020148755867797963
v 0.5578209537970042 -0.01674310214397945 0.2493557612195798
v 0.6022739488588786 -0.17141710318205394 0.19315175514372074
v 0.5279649574266887 -0.11862310491082706 0.15312475513370716
v 0.5589379597412563 -0.22265010423538723 0.019248755534011952
v 0.5246749598490215 -0.11862310491082706 -0.11382223863450802
v 0.4858749587046123 -0.16030110515234508 0.020148755867797963
v 0.6022739488588786 -0.17141710318205394 0.19315175514372074
v 0.5578209537970042 -0.01674310214397945 0.2493557612195798
v 0.6355179477440334 -0.03763310707685985 0.31988276343496524
v 0.5589379597412563 -0.22265010423538723 0.019248755534011952
v 0.5979749489532924 -0.17141710318205394 -0.15566924412099636
v 0.5246749598490215 -0.11862310491082706 -0.11382223863450802
v 0.616474949191711 0.13757190011861287 0.36699776153715336
v 0.6355179477440334 -0.03763310707685985 0.31988276343496524
v 0.5578209537970042 -0.01674310214397945 0.2493557612195798
v 0.5979749489532924 -0.17141710318205394 -0.15566924412099636
v 0.5521509576546169 -0.016744107972360034 -0.21076224942056454
v 0.5246749598490215 -0.11862310491082706 -0.11382223863450802
v 0.5578209537970042 -0.01674310214397945 0.2493557612195798
v 0.5332269597755885 0.11599889301183186 0.28526074986608707
v 0.616474949191711 0.13757190011861287 0.36699776153715336
v 0.5979749489532924 -0.17141710318205394 -0.15566924412099636
v 0.6280859637962795 -0.03763310707685985 -0.2831812371715716
v 0.5521509576546169 -0.016744107972360034 -0.21076224942056454
v 0.4902389574753261 0.24066290162923298 0.25007375877054416
v 0.616474949191711 0.13757190011861287 0.36699776153715336
v 0.5332269597755885 0.11599889301183186 0.28526074986608707
v 0.6078879613386607 0.13757190011861287 -0.32981424231378353
v 0.5521509576546169 -0.016744107972360034 -0.21076224942056454
v 0.6280859637962795 -0.03763310707685985 -0.2831812371715716
v 0.616474949191711 0.13757190011861287 0.36699776153715336
v 0.4902389574753261 0.24066290162923298 0.25007375877054416
v 0.5470059592234111 0.2990989079368349 0.32103274564893924
v 0.5521509576546169 -0.016744107972360034 -0.21076224942056454
v 0.6078879613386607 0.13757190011861287 -0.32981424231378353
v 0.5266789574133373 0.11599889301183186 -0.24604924220887936
v 0.41139395571818116 0.3254028847110506 0.15440175484569751
v 0.5470059592234111 0.2990989079368349 0.32103274564893924
v 0.4902389574753261 0.24066290162923298 0.25007375877054416
v 0.6078879613386607 0.13757190011861287 -0.32981424231378353
v 0.48457195646633866 0.24066290162923298 -0.20981325406877316
v 0.5266789574133373 0.11599889301183186 -0.24604924220887936
v 0.5470059592234111 0.2990989079368349 0.32103274564893924
v 0.41139395571818116 0.3254028847110506 0.15440175484569751
v 0.4494449574457622 0.4111918797385927 0.1952757517591306
v 0.48457195646633866 0.24066290162923298 -0.20981325406877316
v 0.6078879613386607 0.13757190011861287 -0.32981424231378353
v 0.539573960374496 0.2990989079368349 -0.2821492423519305
v 0.41139395571818116 0.3254028847110506 0.15440175484569751
v 0.3832699548410392 0.44786089562299214 0.021413756419736973
v 0.4494449574457622 0.4111918797385927 0.1952757517591306
v 0.539573960374496 0.2990989079368349 -0.2821492423519305
v 0.4081079553770042 0.3254028847110506 -0.11222824652044094
v 0.48457195646633866 0.24066290162923298 -0.20981325406877316
v 0.41139395571818116 0.3254028847110506 0.15440175484569751
v 0.3515309546100116 0.35323890947225056 0.02180475543888294
v 0.3832699548410392 0.44786089562299214 0.021413756419736973
v 0.4081079553770042 0.3254028847110506 -0.11222824652044094
v 0.3832699548410392 0.44786089562299214 0.021413756419736973
v 0.3515309546100116 0.35323890947225056 0.02180475543888294
v 0.539573960374496 0.2990989079368349 -0.2821492423519305
v 0.4451409582005954 0.4111928930175539 -0.1540282388433627
v 0.4081079553770042 0.3254028847110506 -0.11222824652044094
v 0.3832699548410392 0.44786089562299214 0.021413756419736973
v 0.4081079553770042 0.3254028847110506 -0.11222824652044094
v 0.4451409582005954 0.4111928930175539 -0.1540282388433627
v 0.1493689496027446 0.6927279224288698 -0.06558024335948742
v 0.11984994299282792 0.7222508778465029 -0.06521624524442471
v 0.12069996483196976 0.6927279224288698 0.0038177537515946547
v 0.11984994299282792 0.7222508778465029 -0.06521624524442471
v 0.1493689496027446 0.6927279224288698 -0.06558024335948742
v 0.1577399600254512 0.6927279224288698 -0.10514524776784695
v 0.1577399600254512 0.6927279224288698 -0.10514524776784695
v 0.11936294324269059 0.7311078896415468 -0.10467224020807064
v 0.11984994299282792 0.7222508778465029 -0.06521624524442471
v 0.1577399600254512 0.6927279224288698 -0.10514524776784695
v 0.11883195526470902 0.7222508778465029 -0.14783224661199368
v 0.11936294324269059 0.7311078896415468 -0.10467224020807064
v 0.11883195526470902 0.7222508778465029 -0.14783224661199368
v 0.1577399600254512 0.6927279224288698 -0.10514524776784695
v 0.1483509618746257 0.6927279224288698 -0.1481962372764758
v 0.11798094994892838 0.6927279224288698 -0.21686525840608395
v 0.11883195526470902 0.7222508778465029 -0.14783224661199368
v 0.1483509618746257 0.6927279224288698 -0.1481962372764758
v 0.15158394760956528 0.6927279224288698 0.11414275493176662
v 0.12121396548619034 0.6927279224288698 0.04547475546302282
v 0.1220639575230098 0.7222508778465029 0.11450675677211963
v 0.16092696077694657 0.6927279224288698 0.15349075745495044
v 0.15158394760956528 0.6927279224288698 0.11414275493176662
v 0.1220639575230098 0.7222508778465029 0.11450675677211963
v 0.12255095727314713 0.7311078896415468 0.15396375756414615
v 0.16092696077694657 0.6927279224288698 0.15349075745495044
v 0.1220639575230098 0.7222508778465029 0.11450675677211963
v 0.1230819452511287 0.7222508778465029 0.197122750689108
v 0.16092696077694657 0.6927279224288698 0.15349075745495044
v 0.12255095727314713 0.7311078896415468 0.15396375756414615
v 0.16092696077694657 0.6927279224288698 0.15349075745495044
v 0.1230819452511287 0.7222508778465029 0.197122750689108
v 0.15260195023884537 0.6927279224288698 0.1967587600246259
v 0.12393295056690934 0.6927279224288698 0.26615676086099826
v 0.15260195023884537 0.6927279224288698 0.1967587600246259
v 0.1230819452511287 0.7222508778465029 0.197122750689108
v 0.5134799558626628 -0.2666151086199049 0.23653675418050968
v 0.5589379597412563 -0.22265010423538723 0.019248755534011952
v 0.6022739488588786 -0.17141710318205394 0.19315175514372074
v 0.5589379597412563 -0.22265010423538723 0.019248755534011952
v 0.5134799558626628 -0.2666151086199049 0.23653675418050968
v 0.4769419584380603 -0.3288211087095503 0.020258756239730946
v 0.6022739488588786 -0.17141710318205394 0.19315175514372074
v 0.5481469560371852 -0.10335310458717384 0.39459876518400394
v 0.5134799558626628 -0.2666151086199049 0.23653675418050968
v 0.5081389475571132 -0.2666151086199049 -0.19685523409692562
v 0.5589379597412563 -0.22265010423538723 0.019248755534011952
v 0.4769419584380603 -0.3288211087095503 0.020258756239730946
v 0.6022739488588786 -0.17141710318205394 0.19315175514372074
v 0.6355179477440334 -0.03763310707685985 0.31988276343496524
v 0.5481469560371852 -0.10335310458717384 0.39459876518400394
v 0.5589379597412563 -0.22265010423538723 0.019248755534011952
v 0.5081389475571132 -0.2666151086199049 -0.19685523409692562
v 0.5979749489532924 -0.17141710318205394 -0.15566924412099636
v 0.5356319475876308 0.11599390112283192 0.45298276643903934
v 0.5481469560371852 -0.10335310458717384 0.39459876518400394
v 0.6355179477440334 -0.03763310707685985 0.31988276343496524
v 0.5389009494291759 -0.10335310458717384 -0.35572125215379513
v 0.5979749489532924 -0.17141710318205394 -0.15566924412099636
v 0.5081389475571132 -0.2666151086199049 -0.19685523409692562
v 0.6355179477440334 -0.03763310707685985 0.31988276343496524
v 0.616474949191711 0.13757190011861287 0.36699776153715336
v 0.5356319475876308 0.11599390112283192 0.45298276643903934
v 0.5979749489532924 -0.17141710318205394 -0.15566924412099636
v 0.5389009494291759 -0.10335310458717384 -0.35572125215379513
v 0.6280859637962795 -0.03763310707685985 -0.2831812371715716
v 0.5470059592234111 0.2990989079368349 0.32103274564893924
v 0.5356319475876308 0.11599390112283192 0.45298276643903934
v 0.616474949191711 0.13757190011861287 0.36699776153715336
v 0.5249509591566539 0.11599390112283192 -0.41377924580423153
v 0.6280859637962795 -0.03763310707685985 -0.2831812371715716
v 0.5389009494291759 -0.10335310458717384 -0.35572125215379513
v 0.5356319475876308 0.11599390112283192 0.45298276643903934
v 0.5470059592234111 0.2990989079368349 0.32103274564893924
v 0.43815695531239274 0.3155468990695711 0.39595074753912174
v 0.6280859637962795 -0.03763310707685985 -0.2831812371715716
v 0.5249509591566539 0.11599390112283192 -0.41377924580423153
v 0.6078879613386607 0.13757190011861287 -0.32981424231378353
v 0.4494449574457622 0.4111918797385927 0.1952757517591306
v 0.43815695531239274 0.3155468990695711 0.39595074753912174
v 0.5470059592234111 0.2990989079368349 0.32103274564893924
v 0.5249509591566539 0.11599390112283192 -0.41377924580423153
v 0.539573960374496 0.2990989079368349 -0.2821492423519305
v 0.6078879613386607 0.13757190011861287 -0.32981424231378353
v 0.43815695531239274 0.3155468990695711 0.39595074753912174
v 0.4494449574457622 0.4111918797385927 0.1952757517591306
v 0.32351595572700265 0.4581218948257204 0.23881375591905796
v 0.539573960374496 0.2990989079368349 -0.2821492423519305
v 0.5249509591566539 0.11599390112283192 -0.41377924580423153
v 0.428910956154964 0.3155468990695711 -0.35436023969499386
v 0.3832699548410392 0.44786089562299214 0.021413756419736973
v 0.32351595572700265 0.4581218948257204 0.23881375591905796
v 0.4494449574457622 0.4111918797385927 0.1952757517591306
v 0.428910956154964 0.3155468990695711 -0.35436023969499386
v 0.4451409582005954 0.4111928930175539 -0.1540282388433627
v 0.539573960374496 0.2990989079368349 -0.2821492423519305
v 0.32351595572700265 0.4581218948257204 0.23881375591905796
v 0.3832699548410392 0.44786089562299214 0.021413756419736973
v 0.25722695178856614 0.5082648982894655 0.022966755439359776
v 0.428910956154964 0.3155468990695711 -0.35436023969499386
v 0.3181769553529239 0.4581218948257204 -0.1944492330059222
v 0.4451409582005954 0.4111928930175539 -0.1540282388433627
v 0.3832699548410392 0.44786089562299214 0.021413756419736973
v 0.4451409582005954 0.4111928930175539 -0.1540282388433627
v 0.3181769553529239 0.4581218948257204 -0.1944492330059222
v 0.3181769553529239 0.4581218948257204 -0.1944492330059222
v 0.25722695178856614 0.5082648982894655 0.022966755439359776
v 0.3832699548410392 0.44786089562299214 0.021413756419736973
v 0.06619795448651078 -0.8773460993873838 0.025320755203086964
v 0.16838295049538377 -0.7311640987503294 0.20474575262220585
v 0.02886395938267472 -0.7288171062576536 0.18525875907095157
v -0.12261504643092391 -0.7128781089889769 0.14118075918110096
v 0.06619795448651078 -0.8773460993873838 0.025320755203086964
v 0.02886395938267472 -0.7288171062576536 0.18525875907095157
v 0.16838295049538377 -0.7311640987503294 0.20474575262220585
v 0.06619795448651078 -0.8773460993873838 0.025320755203086964
v 0.22693394906391862 -0.9033451089966062 0.023339753855783574
v 0.06619795448651078 -0.8773460993873838 0.025320755203086964
v -0.12261504643092391 -0.7128781089889769 0.14118075918110096
v -0.1321680318606877 -0.8261311063873533 0.027764756117779843
v 0.22693394906391862 -0.9033451089966062 0.023339753855783574
v 0.3513339556710935 -0.676441133986688 0.22056975762994968
v 0.16838295049538377 -0.7311640987503294 0.20474575262220585
v -0.12261504643092391 -0.7128781089889769 0.14118075918110096
v -0.2525260221255803 -0.6998060951339964 0.029247755070049397
v -0.1321680318606877 -0.8261311063873533 0.027764756117779843
v -0.2525260221255803 -0.6998060951339964 0.029247755070049397
v -0.12261504643092391 -0.7128781089889769 0.14118075918110096
v -0.2389040362132573 -0.669426084529138 0.06149275542872035
v -0.2525260221255803 -0.6998060951339964 0.029247755070049397
v -0.2389040362132573 -0.669426084529138 0.06149275542872035
v -0.2773980271113896 -0.6521770963775877 0.029554756243545643
v 0.3513339556710935 -0.676441133986688 0.22056975762994968
v 0.22693394906391862 -0.9033451089966062 0.023339753855783574
v 0.43595795370211365 -0.8587660799133543 0.020763756592590443
v 0.43595795370211365 -0.8587660799133543 0.020763756592590443
v 0.5879959542261577 -0.7028741250145201 0.018890755136329762
v 0.3513339556710935 -0.676441133986688 0.22056975762994968
v 0.3513339556710935 -0.676441133986688 0.22056975762994968
v 0.5879959542261577 -0.7028741250145201 0.018890755136329762
v 0.49122895337214234 -0.5572851011860136 0.19777676265390598
v 0.49122895337214234 -0.5572851011860136 0.19777676265390598
v 0.5879959542261577 -0.7028741250145201 0.018890755136329762
v 0.6328799653755641 -0.5034520933735136 0.018337754417974583
v 0.6328799653755641 -0.5034520933735136 0.018337754417974583
v 0.5398999530779338 -0.4280920932399992 0.13928075682075702
v 0.49122895337214234 -0.5572851011860136 0.19777676265390598
v 0.6328799653755641 -0.5034520933735136 0.018337754417974583
v 0.5588339496361232 -0.27022910214540996 0.01924975391181194
v 0.5398999530779338 -0.4280920932399992 0.13928075682075702
v 0.06619795448651078 -0.8773460993873838 0.025320755203086964
v 0.1639299619900203 -0.7311640987503294 -0.1565682460769824
v 0.22693394906391862 -0.9033451089966062 0.023339753855783574
v 0.1639299619900203 -0.7311640987503294 -0.1565682460769824
v 0.06619795448651078 -0.8773460993873838 0.025320755203086964
v 0.024933956931731727 -0.7288171062576536 -0.1336492468818835
v 0.22693394906391862 -0.9033451089966062 0.023339753855783574
v 0.1639299619900203 -0.7311640987503294 -0.1565682460769824
v 0.34643595516254666 -0.676441133986688 -0.17689624626485623
v 0.06619795448651078 -0.8773460993873838 0.025320755203086964
v -0.1254130374682927 -0.7128781089889769 -0.08585223753301419
v 0.024933956931731727 -0.7288171062576536 -0.1336492468818835
v 0.34643595516254666 -0.676441133986688 -0.17689624626485623
v 0.43595795370211365 -0.8587660799133543 0.020763756592590443
v 0.22693394906391862 -0.9033451089966062 0.023339753855783574
v -0.1254130374682927 -0.7128781089889769 -0.08585223753301419
v 0.06619795448651078 -0.8773460993873838 0.025320755203086964
v -0.1321680318606877 -0.8261311063873533 0.027764756117779843
v 0.34643595516254666 -0.676441133986688 -0.17689624626485623
v 0.5879959542261577 -0.7028741250145201 0.018890755136329762
v 0.43595795370211365 -0.8587660799133543 0.020763756592590443
v -0.1254130374682927 -0.7128781089889769 -0.08585223753301419
v -0.1321680318606877 -0.8261311063873533 0.027764756117779843
v -0.2525260221255803 -0.6998060951339964 0.029247755070049397
v -0.2397030364764714 -0.669426084529138 -0.003322245667856105
v -0.1254130374682927 -0.7128781089889769 -0.08585223753301419
v -0.2525260221255803 -0.6998060951339964 0.029247755070049397
v -0.2397030364764714 -0.669426084529138 -0.003322245667856105
v -0.2525260221255803 -0.6998060951339964 0.029247755070049397
v -0.2773980271113896 -0.6521770963775877 0.029554756243545643
v 0.5879959542261577 -0.7028741250145201 0.018890755136329762
v 0.34643595516254666 -0.676441133986688 -0.17689624626485623
v 0.4868509549604869 -0.5572851011860136 -0.15755725104657925
v 0.4868509549604869 -0.5572851011860136 -0.15755725104657925
v 0.6328799653755641 -0.5034520933735136 0.018337754417974583
v 0.5879959542261577 -0.7028741250145201 0.018890755136329762
v 0.6328799653755641 -0.5034520933735136 0.018337754417974583
v 0.4868509549604869 -0.5572851011860136 -0.15755725104657925
v 0.5369479585396266 -0.4280920932399992 -0.10027724702207363
v 0.6328799653755641 -0.5034520933735136 0.018337754417974583
v 0.5369479585396266 -0.4280920932399992 -0.10027724702207363
v 0.5588339496361232 -0.27022910214540996 0.01924975391181194
v 0.8975689638363338 -0.22079410500404872 0.015075756122190587
v 0.9630249369846797 -0.2903871098863844 0.01426875393541538
v 0.8042799461590266 -0.3821091065513853 -0.16520624060479916
v 0.8975689638363338 -0.22079410500404872 0.015075756122190587
v 0.8042799461590266 -0.3821091065513853 -0.16520624060479916
v 0.7574549544559932 -0.30175010956404247 -0.1433352400764636
v 0.9630249369846797 -0.2903871098863844 0.01426875393541538
v 0.8690419424282527 -0.49301809168932476 -0.18415723938791073
v 0.8042799461590266 -0.3821091065513853 -0.16520624060479916
v 0.7574549544559932 -0.30175010956404247 -0.1433352400764636
v 0.806892954181335 -0.15728610477922 0.016192754615862004
v 0.8975689638363338 -0.22079410500404872 0.015075756122190587
v 0.8690419424282527 -0.49301809168932476 -0.18415723938791073
v 0.9630249369846797 -0.2903871098863844 0.01426875393541538
v 1.0436709750400996 -0.3921200940716032 0.013274757076818577
v 0.806892954181335 -0.15728610477922 0.016192754615862004
v 0.7574549544559932 -0.30175010956404247 -0.1433352400764636
v 0.7071449685799098 -0.21492110289213695 -0.09658023912755764
v 1.0763559568630672 -0.48974111772654094 0.012872757275421254
v 0.8690419424282527 -0.49301809168932476 -0.18415723938791073
v 1.0436709750400996 -0.3921200940716032 0.013274757076818577
v 0.7071449685799098 -0.21492110289213695 -0.09658023912755764
v 0.6953399408565974 -0.1280121049242977 0.017567755539733998
v 0.806892954181335 -0.15728610477922 0.016192754615862004
v 0.6953399408565974 -0.1280121049242977 0.017567755539733998
v 0.7071449685799098 -0.21492110289213695 -0.09658023912755764
v 0.6668639410244441 -0.14446610495028533 -0.014628240953367122
v 0.6953399408565974 -0.1280121049242977 0.017567755539733998
v 0.6668639410244441 -0.14446610495028533 -0.014628240953367122
v 0.6524699557529903 -0.11921710477722325 0.0180957558348962
v 0.8690419424282527 -0.49301809168932476 -0.18415723938791073
v 1.0763559568630672 -0.48974111772654094 0.012872757275421254
v 0.9202379811512447 -0.5799451181995634 -0.16363124747125424
v 1.067661963771484 -0.5898790965187315 0.012979755063373677
v 0.9202379811512447 -0.5799451181995634 -0.16363124747125424
v 1.0763559568630672 -0.48974111772654094 0.012872757275421254
v 0.9202379811512447 -0.5799451181995634 -0.16363124747125424
v 1.067661963771484 -0.5898790965187315 0.012979755063373677
v 0.9624109495388484 -0.6506931195366148 -0.10601523716298855
v 0.9624109495388484 -0.6506931195366148 -0.10601523716298855
v 1.067661963771484 -0.5898790965187315 0.012979755063373677
v 0.9878229726063228 -0.6915361294853453 0.013963756968099705
v 0.8087499666916347 -0.3821091065513853 0.19760075013788425
v 0.8975689638363338 -0.22079410500404872 0.015075756122190587
v 0.7614009607540584 -0.30175010956404247 0.17688975285442554
v 0.7614009607540584 -0.30175010956404247 0.17688975285442554
v 0.8975689638363338 -0.22079410500404872 0.015075756122190587
v 0.806892954181335 -0.15728610477922 0.016192754615862004
v 0.8975689638363338 -0.22079410500404872 0.015075756122190587
v 0.8087499666916347 -0.3821091065513853 0.19760075013788425
v 0.9630249369846797 -0.2903871098863844 0.01426875393541538
v 0.7099539566742397 -0.21492110289213695 0.13138975750358783
v 0.7614009607540584 -0.30175010956404247 0.17688975285442554
v 0.806892954181335 -0.15728610477922 0.016192754615862004
v 0.8739599514709926 -0.49301809168932476 0.21494975488336765
v 0.9630249369846797 -0.2903871098863844 0.01426875393541538
v 0.8087499666916347 -0.3821091065513853 0.19760075013788425
v 0.7099539566742397 -0.21492110289213695 0.13138975750358783
v 0.806892954181335 -0.15728610477922 0.016192754615862004
v 0.6953399408565974 -0.1280121049242977 0.017567755539733998
v 0.7099539566742397 -0.21492110289213695 0.13138975750358783
v 0.6953399408565974 -0.1280121049242977 0.017567755539733998
v 0.6676659513222194 -0.14446610495028533 0.050453755424190394
v 0.6676659513222194 -0.14446610495028533 0.050453755424190394
v 0.6953399408565974 -0.1280121049242977 0.017567755539733998
v 0.6524699557529903 -0.11921710477722325 0.0180957558348962
v 0.9630249369846797 -0.2903871098863844 0.01426875393541538
v 0.8739599514709926 -0.49301809168932476 0.21494975488336765
v 1.0436709750400996 -0.3921200940716032 0.013274757076818577
v 0.8739599514709926 -0.49301809168932476 0.21494975488336765
v 1.0763559568630672 -0.48974111772654094 0.012872757275421254
v 1.0436709750400996 -0.3921200940716032 0.013274757076818577
v 1.0763559568630672 -0.48974111772654094 0.012872757275421254
v 0.8739599514709926 -0.49301809168932476 0.21494975488336765
v 0.9246349561916805 -0.5799451181995634 0.19316875736864292
v 0.9246349561916805 -0.5799451181995634 0.19316875736864292
v 1.067661963771484 -0.5898790965187315 0.012979755063373677
v 1.0763559568630672 -0.48974111772654094 0.012872757275421254
v 1.067661963771484 -0.5898790965187315 0.012979755063373677
v 0.9246349561916805 -0.5799451181995634 0.19316875736864292
v 0.965374969314239 -0.6506931195366148 0.13453175674827778
v 1.067661963771484 -0.5898790965187315 0.012979755063373677
v 0.965374969314239 -0.6506931195366148 0.13453175674827778
v 0.9878229726063228 -0.6915361294853453 0.013963756968099705
v -0.3120910298121953 -0.5576820979225401 0.029981754605490796
v -0.3553270470393681 -0.42777809597132244 -0.1363522430166415
v -0.39368007295260665 -0.5347531149494413 -0.18706023890821255
v -0.3553270470393681 -0.42777809597132244 -0.1363522430166415
v -0.3120910298121953 -0.5576820979225401 0.029981754605490796
v -0.2819780480159306 -0.44145110345957317 0.029610754807312123
v -0.4592070352328801 -0.3440120974886183 -0.2558232416614703
v -0.39368007295260665 -0.5347531149494413 -0.18706023890821255
v -0.3553270470393681 -0.42777809597132244 -0.1363522430166415
v -0.3512150418056035 -0.42777809597132244 0.1973317543760129
v -0.2819780480159306 -0.44145110345957317 0.029610754807312123
v -0.3120910298121953 -0.5576820979225401 0.029981754605490796
v -0.39368007295260665 -0.5347531149494413 -0.18706023890821255
v -0.4592070352328801 -0.3440120974886183 -0.2558232416614703
v -0.5239860188258672 -0.4204801032650236 -0.3443782498344592
v -0.38830707185397384 -0.5347531149494413 0.2489677498832532
v -0.3512150418056035 -0.42777809597132244 0.1973317543760129
v -0.3120910298121953 -0.5576820979225401 0.029981754605490796
v -0.6462639939082646 -0.23824310399172344 -0.401473241041582
v -0.5239860188258672 -0.4204801032650236 -0.3443782498344592
v -0.4592070352328801 -0.3440120974886183 -0.2558232416614703
v -0.38830707185397384 -0.5347531149494413 0.2489677498832532
v -0.45211902969012496 -0.3440120974886183 0.3193257580295392
v -0.3512150418056035 -0.42777809597132244 0.1973317543760129
v -0.6462639939082646 -0.23824310399172344 -0.401473241041582
v -0.4592070352328801 -0.3440120974886183 -0.2558232416614703
v -0.54532501809726 -0.20137210286734142 -0.29926325578538693
v -0.45211902969012496 -0.3440120974886183 0.3193257580295392
v -0.38830707185397384 -0.5347531149494413 0.2489677498832532
v -0.514697052170136 -0.4204801032650236 0.4094507525459119
v -0.5745440494311833 -0.03198610342619457 -0.25425724882928646
v -0.6462639939082646 -0.23824310399172344 -0.401473241041582
v -0.54532501809726 -0.20137210286734142 -0.29926325578538693
v -0.6355300318492436 -0.23824310399172344 0.46954075794370853
v -0.45211902969012496 -0.3440120974886183 0.3193257580295392
v -0.514697052170136 -0.4204801032650236 0.4094507525459119
v -0.6462639939082646 -0.23824310399172344 -0.401473241041582
v -0.5745440494311833 -0.03198610342619457 -0.25425724882928646
v -0.6747640740169072 -0.012221106361127276 -0.34259425301400936
v -0.45211902969012496 -0.3440120974886183 0.3193257580295392
v -0.6355300318492436 -0.23824310399172344 0.46954075794370853
v -0.5371410619510197 -0.20137210286734142 0.3648747632995435
v -0.6548760306132817 0.17138790987851582 -0.18414224881974972
v -0.6747640740169072 -0.012221106361127276 -0.34259425301400936
v -0.5745440494311833 -0.03198610342619457 -0.25425724882928646
v -0.6355300318492436 -0.23824310399172344 0.46954075794370853
v -0.5674600373996281 -0.03198610342619457 0.3206027577415296
v -0.5371410619510197 -0.20137210286734142 0.3648747632995435
v -0.6548760306132817 0.17138790987851582 -0.18414224881974972
v -0.5745440494311833 -0.03198610342619457 -0.25425724882928646
v -0.5542940270198369 0.11046288811089955 -0.13370324869005001
v -0.5674600373996281 -0.03198610342619457 0.3206027577415296
v -0.6355300318492436 -0.23824310399172344 0.46954075794370853
v -0.6654720675242924 -0.012221106361127276 0.411382747699339
v -0.6129180561793828 0.2548409094703432 0.03368975583167755
v -0.6548760306132817 0.17138790987851582 -0.18414224881974972
v -0.5542940270198369 0.11046288811089955 -0.13370324869005001
v -0.6494959961665654 0.17138790987851582 0.25248876016290867
v -0.5674600373996281 -0.03198610342619457 0.3206027577415296
v -0.6654720675242924 -0.012221106361127276 0.411382747699339
v -0.6129180561793828 0.2548409094703432 0.03368975583167755
v -0.5542940270198369 0.11046288811089955 -0.13370324869005001
v -0.5125830542338872 0.18071088098409138 0.032452756424266926
v -0.5674600373996281 -0.03198610342619457 0.3206027577415296
v -0.6494959961665654 0.17138790987851582 0.25248876016290867
v -0.5501870285762334 0.11046288811089955 0.1995847503438779
v -0.6129180561793828 0.2548409094703432 0.03368975583167755
v -0.5501870285762334 0.11046288811089955 0.1995847503438779
v -0.6494959961665654 0.17138790987851582 0.25248876016290867
v -0.5501870285762334 0.11046288811089955 0.1995847503438779
v -0.6129180561793828 0.2548409094703432 0.03368975583167755
v -0.5125830542338872 0.18071088098409138 0.032452756424266926
v -0.23462907188067672 -0.5681891152965788 -0.2418842484459094
v -0.15201703422198531 -0.6076000938522581 0.02800975542219364
v -0.3120910298121953 -0.5576820979225401 0.029981754605490796
v -0.2279530536426091 -0.5681891152965788 0.2998567501798459
v -0.3120910298121953 -0.5576820979225401 0.029981754605490796
v -0.15201703422198531 -0.6076000938522581 0.02800975542219364
v -0.3120910298121953 -0.5576820979225401 0.029981754605490796
v -0.39368007295260665 -0.5347531149494413 -0.18706023890821255
v -0.23462907188067672 -0.5681891152965788 -0.2418842484459094
v -0.3120910298121953 -0.5576820979225401 0.029981754605490796
v -0.2279530536426091 -0.5681891152965788 0.2998567501798459
v -0.38830707185397384 -0.5347531149494413 0.2489677498832532
v -0.3876130353702092 -0.42447611786005535 -0.438110249231737
v -0.23462907188067672 -0.5681891152965788 -0.2418842484459094
v -0.39368007295260665 -0.5347531149494413 -0.18706023890821255
v -0.3760550390971684 -0.42447611786005535 0.4997917542949506
v -0.38830707185397384 -0.5347531149494413 0.2489677498832532
v -0.2279530536426091 -0.5681891152965788 0.2998567501798459
v -0.3876130353702092 -0.42447611786005535 -0.438110249231737
v -0.39368007295260665 -0.5347531149494413 -0.18706023890821255
v -0.5239860188258672 -0.4204801032650236 -0.3443782498344592
v -0.38830707185397384 -0.5347531149494413 0.2489677498832532
v -0.3760550390971684 -0.42447611786005535 0.4997917542949506
v -0.514697052170136 -0.4204801032650236 0.4094507525459119
v -0.5482520233882451 -0.2016211012708906 -0.5089162160858325
v -0.3876130353702092 -0.42447611786005535 -0.438110249231737
v -0.5239860188258672 -0.4204801032650236 -0.3443782498344592
v -0.5349010597957158 -0.2016211012708906 0.5745357702270337
v -0.514697052170136 -0.4204801032650236 0.4094507525459119
v -0.3760550390971684 -0.42447611786005535 0.4997917542949506
v -0.5239860188258672 -0.4204801032650236 -0.3443782498344592
v -0.6462639939082646 -0.23824310399172344 -0.401473241041582
v -0.5482520233882451 -0.2016211012708906 -0.5089162160858325
v -0.514697052170136 -0.4204801032650236 0.4094507525459119
v -0.5349010597957158 -0.2016211012708906 0.5745357702270337
v -0.6355300318492436 -0.23824310399172344 0.46954075794370853
v -0.6747640740169072 -0.012221106361127276 -0.34259425301400936
v -0.5482520233882451 -0.2016211012708906 -0.5089162160858325
v -0.6462639939082646 -0.23824310399172344 -0.401473241041582
v -0.6654720675242924 -0.012221106361127276 0.411382747699339
v -0.6355300318492436 -0.23824310399172344 0.46954075794370853
v -0.5349010597957158 -0.2016211012708906 0.5745357702270337
v -0.5482520233882451 -0.2016211012708906 -0.5089162160858325
v -0.6747640740169072 -0.012221106361127276 -0.34259425301400936
v -0.5753060352099919 0.08331888817670308 -0.4357902576431445
v -0.5349010597957158 -0.2016211012708906 0.5745357702270337
v -0.5637490522159123 0.08331888817670308 0.5020987520709821
v -0.6654720675242924 -0.012221106361127276 0.411382747699339
v -0.6548760306132817 0.17138790987851582 -0.18414224881974972
v -0.5753060352099919 0.08331888817670308 -0.4357902576431445
v -0.6747640740169072 -0.012221106361127276 -0.34259425301400936
v -0.6494959961665654 0.17138790987851582 0.25248876016290867
v -0.6654720675242924 -0.012221106361127276 0.411382747699339
v -0.5637490522159123 0.08331888817670308 0.5020987520709821
v -0.5753060352099919 0.08331888817670308 -0.4357902576431445
v -0.6548760306132817 0.17138790987851582 -0.18414224881974972
v -0.5596940290225529 0.3101049055946108 -0.23779724736062802
v -0.6494959961665654 0.17138790987851582 0.25248876016290867
v -0.5637490522159123 0.08331888817670308 0.5020987520709821
v -0.5530210506213689 0.31010690235021077 0.303781760741789
v -0.6129180561793828 0.2548409094703432 0.03368975583167755
v -0.5596940290225529 0.3101049055946108 -0.23779724736062802
v -0.6548760306132817 0.17138790987851582 -0.18414224881974972
v -0.5530210506213689 0.31010690235021077 0.303781760741789
v -0.6129180561793828 0.2548409094703432 0.03368975583167755
v -0.6494959961665654 0.17138790987851582 0.25248876016290867
v -0.5596940290225529 0.3101049055946108 -0.23779724736062802
v -0.6129180561793828 0.2548409094703432 0.03368975583167755
v -0.527163065601685 0.40706688069226704 0.03263275500090801
v -0.6129180561793828 0.2548409094703432 0.03368975583167755
v -0.5530210506213689 0.31010690235021077 0.303781760741789
v -0.527163065601685 0.40706688069226704 0.03263275500090801
v 0.1208839643703914 0.5830779065978762 0.024646757055837742
v 0.15468595213761094 0.5507909049880739 0.024229755510408513
v 0.1202469695316768 0.5969219198119875 -0.02701424259988583
v 0.121520959209106 0.5969219198119875 0.07630675460847103
v 0.15468595213761094 0.5507909049880739 0.024229755510408513
v 0.1208839643703914 0.5830779065978762 0.024646757055837742
v 0.15468595213761094 0.5507909049880739 0.024229755510408513
v 0.1538499522911525 0.5689609041106936 -0.043572241555135616
v 0.1202469695316768 0.5969219198119875 -0.02701424259988583
v 0.15468595213761094 0.5507909049880739 0.024229755510408513
v 0.121520959209106 0.5969219198119875 0.07630675460847103
v 0.15552095360626939 0.5689609041106936 0.09203175630124294
v 0.15323796160092118 0.6185988774192568 -0.09320824045984066
v 0.1202469695316768 0.5969219198119875 -0.02701424259988583
v 0.1538499522911525 0.5689609041106936 -0.043572241555135616
v 0.121520959209106 0.5969219198119875 0.07630675460847103
v 0.1561329591976619 0.6185988774192568 0.14166775893123829
v 0.15552095360626939 0.5689609041106936 0.09203175630124294
v 0.1202469695316768 0.5969219198119875 -0.02701424259988583
v 0.15323796160092118 0.6185988774192568 -0.09320824045984066
v 0.1197809506165004 0.6347419013869997 -0.06483124394265927
v 0.1561329591976619 0.6185988774192568 0.14166775893123829
v 0.121520959209106 0.5969219198119875 0.07630675460847103
v 0.12198694832196 0.6347419013869997 0.11412475432904445
v 0.15301395244469407 0.6864058961761232 -0.11137424607126034
v 0.1197809506165004 0.6347419013869997 -0.06483124394265927
v 0.15323796160092118 0.6185988774192568 -0.09320824045984066
v 0.12198694832196 0.6347419013869997 0.11412475432904445
v 0.15635695345272782 0.6864058961761232 0.15983475546987735
v 0.1561329591976619 0.6185988774192568 0.14166775893123829
v 0.1197809506165004 0.6347419013869997 -0.06483124394265927
v 0.15301395244469407 0.6864058961761232 -0.11137424607126034
v 0.11961095816960099 0.6864058961761232 -0.07867424387780941
v 0.15635695345272782 0.6864058961761232 0.15983475546987735
v 0.12198694832196 0.6347419013869997 0.11412475432904445
v 0.12215694076885941 0.6864058961761232 0.1279667521611043
v 0.15301395244469407 0.6864058961761232 -0.11137424607126034
v 0.1197809506165004 0.7380698909652468 -0.06483124394265927
v 0.11961095816960099 0.6864058961761232 -0.07867424387780941
v 0.12198694832196 0.7380698909652468 0.11412475432904445
v 0.15635695345272782 0.6864058961761232 0.15983475546987735
v 0.12215694076885941 0.6864058961761232 0.1279667521611043
v 0.1197809506165004 0.7380698909652468 -0.06483124394265927
v 0.15301395244469407 0.6864058961761232 -0.11137424607126034
v 0.15323796160092118 0.7542138686073061 -0.09320824045984066
v 0.15635695345272782 0.6864058961761232 0.15983475546987735
v 0.12198694832196 0.7380698909652468 0.11412475432904445
v 0.1561329591976619 0.7542138686073061 0.14166775893123829
v 0.15323796160092118 0.7542138686073061 -0.09320824045984066
v 0.1202469695316768 0.7758918990981813 -0.02701424259988583
v 0.1197809506165004 0.7380698909652468 -0.06483124394265927
v 0.121520959209106 0.7758918990981813 0.07630675460847103
v 0.1561329591976619 0.7542138686073061 0.14166775893123829
v 0.12198694832196 0.7380698909652468 0.11412475432904445
v 0.15323796160092118 0.7542138686073061 -0.09320824045984066
v 0.1538499522911525 0.8038529147994753 -0.043572241555135616
v 0.1202469695316768 0.7758918990981813 -0.02701424259988583
v 0.1561329591976619 0.7542138686073061 0.14166775893123829
v 0.121520959209106 0.7758918990981813 0.07630675460847103
v 0.15552095360626939 0.8038529147994753 0.09203175630124294
v 0.15468595213761094 0.8220229139220949 0.024229755510408513
v 0.1202469695316768 0.7758918990981813 -0.02701424259988583
v 0.1538499522911525 0.8038529147994753 -0.043572241555135616
v 0.121520959209106 0.7758918990981813 0.07630675460847103
v 0.15468595213761094 0.8220229139220949 0.024229755510408513
v 0.15552095360626939 0.8038529147994753 0.09203175630124294
v 0.1202469695316768 0.7758918990981813 -0.02701424259988583
v 0.15468595213761094 0.8220229139220949 0.024229755510408513
v 0.1208839643703914 0.7897359123122927 0.024646757055837742
v 0.15468595213761094 0.8220229139220949 0.024229755510408513
v 0.121520959209106 0.7758918990981813 0.07630675460847103
v 0.1208839643703914 0.7897359123122927 0.024646757055837742
v 0.11983295566906693 0.5386108746421572 -0.060677247236650356
v 0.15468595213761094 0.5507909049880739 0.024229755510408513
v 0.1208839643703914 0.515746890534186 0.024646757055837742
v 0.15552095360626939 0.5689609041106936 0.09203175630124294
v 0.1208839643703914 0.515746890534186 0.024646757055837742
v 0.15468595213761094 0.5507909049880739 0.024229755510408513
v 0.15468595213761094 0.5507909049880739 0.024229755510408513
v 0.11983295566906693 0.5386108746421572 -0.060677247236650356
v 0.1538499522911525 0.5689609041106936 -0.043572241555135616
v 0.1208839643703914 0.515746890534186 0.024646757055837742
v 0.15552095360626939 0.5689609041106936 0.09203175630124294
v 0.12193494326939347 0.5386108746421572 0.10996975551994526
v 0.11906295306553605 0.6010768999946352 -0.12313723761884487
v 0.1538499522911525 0.5689609041106936 -0.043572241555135616
v 0.11983295566906693 0.5386108746421572 -0.060677247236650356
v 0.1561329591976619 0.6185988774192568 0.14166775893123829
v 0.12193494326939347 0.5386108746421572 0.10996975551994526
v 0.15552095360626939 0.5689609041106936 0.09203175630124294
v 0.1538499522911525 0.5689609041106936 -0.043572241555135616
v 0.11906295306553605 0.6010768999946352 -0.12313723761884487
v 0.15323796160092118 0.6185988774192568 -0.09320824045984066
v 0.12193494326939347 0.5386108746421572 0.10996975551994526
v 0.1561329591976619 0.6185988774192568 0.14166775893123829
v 0.12270494587292435 0.6010768999946352 0.17243175755890094
v 0.11906295306553605 0.6010768999946352 -0.12313723761884487
v 0.15301395244469407 0.6864058961761232 -0.11137424607126034
v 0.15323796160092118 0.6185988774192568 -0.09320824045984066
v 0.15635695345272782 0.6864058961761232 0.15983475546987735
v 0.12270494587292435 0.6010768999946352 0.17243175755890094
v 0.1561329591976619 0.6185988774192568 0.14166775893123829
v 0.15301395244469407 0.6864058961761232 -0.11137424607126034
v 0.11906295306553605 0.6010768999946352 -0.12313723761884487
v 0.11878096349110367 0.6864058961761232 -0.14600125152913845
v 0.12270494587292435 0.6010768999946352 0.17243175755890094
v 0.15635695345272782 0.6864058961761232 0.15983475546987735
v 0.12298696524967911 0.6864058961761232 0.19529375236185276
v 0.11906295306553605 0.7717359056365725 -0.12313723761884487
v 0.15301395244469407 0.6864058961761232 -0.11137424607126034
v 0.11878096349110367 0.6864058961761232 -0.14600125152913845
v 0.12270494587292435 0.7717359056365725 0.17243175755890094
v 0.12298696524967911 0.6864058961761232 0.19529375236185276
v 0.15635695345272782 0.6864058961761232 0.15983475546987735
v 0.15301395244469407 0.6864058961761232 -0.11137424607126034
v 0.11906295306553605 0.7717359056365725 -0.12313723761884487
v 0.15323796160092118 0.7542138686073061 -0.09320824045984066
v 0.12270494587292435 0.7717359056365725 0.17243175755890094
v 0.15635695345272782 0.6864058961761232 0.15983475546987735
v 0.1561329591976619 0.7542138686073061 0.14166775893123829
v 0.11983295566906693 0.8342018713844057 -0.060677247236650356
v 0.15323796160092118 0.7542138686073061 -0.09320824045984066
v 0.11906295306553605 0.7717359056365725 -0.12313723761884487
v 0.12193494326939347 0.8342018713844057 0.10997075389774524
v 0.12270494587292435 0.7717359056365725 0.17243175755890094
v 0.1561329591976619 0.7542138686073061 0.14166775893123829
v 0.15323796160092118 0.7542138686073061 -0.09320824045984066
v 0.11983295566906693 0.8342018713844057 -0.060677247236650356
v 0.1538499522911525 0.8038529147994753 -0.043572241555135616
v 0.1561329591976619 0.7542138686073061 0.14166775893123829
v 0.15552095360626939 0.8038529147994753 0.09203175630124294
v 0.12193494326939347 0.8342018713844057 0.10997075389774524
v 0.1208839643703914 0.8570659150970217 0.024646757055837742
v 0.1538499522911525 0.8038529147994753 -0.043572241555135616
v 0.11983295566906693 0.8342018713844057 -0.060677247236650356
v 0.15552095360626939 0.8038529147994753 0.09203175630124294
v 0.1208839643703914 0.8570659150970217 0.024646757055837742
v 0.12193494326939347 0.8342018713844057 0.10997075389774524
v 0.1538499522911525 0.8038529147994753 -0.043572241555135616
v 0.1208839643703914 0.8570659150970217 0.024646757055837742
v 0.15468595213761094 0.8220229139220949 0.024229755510408513
v 0.1208839643703914 0.8570659150970217 0.024646757055837742
v 0.15552095360626939 0.8038529147994753 0.09203175630124294
v 0.15468595213761094 0.8220229139220949 0.024229755510408513
v 0.08931195027699235 0.6927279224288698 -0.14746824104635037
v 0.11883195526470902 0.7222508778465029 -0.14783224661199368
v 0.11798094994892838 0.6927279224288698 -0.21686525840608395
v 0.08931195027699235 0.6927279224288698 -0.14746824104635037
v 0.11936294324269059 0.7311078896415468 -0.10467224020807064
v 0.11883195526470902 0.7222508778465029 -0.14783224661199368
v 0.11936294324269059 0.7311078896415468 -0.10467224020807064
v 0.08931195027699235 0.6927279224288698 -0.14746824104635037
v 0.08098696954121354 0.6927279224288698 -0.10419924754945553
v 0.09032996780743363 0.6927279224288698 -0.064852247129362
v 0.11936294324269059 0.7311078896415468 -0.10467224020807064
v 0.08098696954121354 0.6927279224288698 -0.10419924754945553
v 0.11984994299282792 0.7222508778465029 -0.06521624524442471
v 0.11936294324269059 0.7311078896415468 -0.10467224020807064
v 0.09032996780743363 0.6927279224288698 -0.064852247129362
v 0.12069996483196976 0.6927279224288698 0.0038177537515946547
v 0.11984994299282792 0.7222508778465029 -0.06521624524442471
v 0.09032996780743363 0.6927279224288698 -0.064852247129362
v 0.0935629535423732 0.6927279224288698 0.19748675625475132
v 0.12393295056690934 0.6927279224288698 0.26615676086099826
v 0.1230819452511287 0.7222508778465029 0.197122750689108
v 0.12255095727314713 0.7311078896415468 0.15396375756414615
v 0.0935629535423732 0.6927279224288698 0.19748675625475132
v 0.1230819452511287 0.7222508778465029 0.197122750689108
v 0.0935629535423732 0.6927279224288698 0.19748675625475132
v 0.12255095727314713 0.7311078896415468 0.15396375756414615
v 0.0841749537693477 0.6927279224288698 0.15443675767334186
v 0.12255095727314713 0.7311078896415468 0.15396375756414615
v 0.09254496581425431 0.6927279224288698 0.11487075488718235
v 0.0841749537693477 0.6927279224288698 0.15443675767334186
v 0.09254496581425431 0.6927279224288698 0.11487075488718235
v 0.12255095727314713 0.7311078896415468 0.15396375756414615
v 0.1220639575230098 0.7222508778465029 0.11450675677211963
v 0.12121396548619034 0.6927279224288698 0.04547475546302282
v 0.09254496581425431 0.6927279224288698 0.11487075488718235
v 0.1220639575230098 0.7222508778465029 0.11450675677211963
v 0.1593329537617183 0.8220558752906557 0.024172754843551747
v 0.12059294469227555 0.8652198901069399 -0.004875244687478908
v 0.15047695524563554 0.8652209033859011 0.024281756837684743
v 0.12095695025791886 0.9342589368713137 0.024645754952747456
v 0.15047695524563554 0.8652209033859011 0.024281756837684743
v 0.12059294469227555 0.8652198901069399 -0.004875244687478908
v 0.12059294469227555 0.8652198901069399 -0.004875244687478908
v 0.1593329537617183 0.8220558752906557 0.024172754843551747
v 0.12048395759930375 0.8220558752906557 -0.013730244825761684
v 0.1593329537617183 0.8220558752906557 0.024172754843551747
v 0.12059294469227555 0.782597898472571 -0.004875244687478908
v 0.12048395759930375 0.8220558752906557 -0.013730244825761684
v 0.12059294469227555 0.782597898472571 -0.004875244687478908
v 0.1593329537617183 0.8220558752906557 0.024172754843551747
v 0.15047695524563554 0.782597898472571 0.024281756837684743
v 0.12059294469227555 0.782597898472571 -0.004875244687478908
v 0.15047695524563554 0.782597898472571 0.024281756837684743
v 0.12095695025791886 0.713558911312842 0.024645754952747456
v 0.15047695524563554 0.782597898472571 0.024281756837684743
v 0.12132095582356217 0.782597898472571 0.0541657555166819
v 0.12095695025791886 0.713558911312842 0.024645754952747456
v 0.15047695524563554 0.782597898472571 0.024281756837684743
v 0.12142994291653397 0.8220558752906557 0.06302075542213403
v 0.12132095582356217 0.782597898472571 0.0541657555166819
v 0.12142994291653397 0.8220558752906557 0.06302075542213403
v 0.15047695524563554 0.782597898472571 0.024281756837684743
v 0.1593329537617183 0.8220558752906557 0.024172754843551747
v 0.15047695524563554 0.8652209033859011 0.024281756837684743
v 0.12142994291653397 0.8220558752906557 0.06302075542213403
v 0.1593329537617183 0.8220558752906557 0.024172754843551747
v 0.12132095582356217 0.8652198901069399 0.0541657555166819
v 0.12142994291653397 0.8220558752906557 0.06302075542213403
v 0.15047695524563554 0.8652209033859011 0.024281756837684743
v 0.12095695025791886 0.9342589368713137 0.024645754952747456
v 0.12132095582356217 0.8652198901069399 0.0541657555166819
v 0.15047695524563554 0.8652209033859011 0.024281756837684743
v 0.1593329537617183 0.5634018769157167 0.024172754843551747
v 0.15047695524563554 0.5202379217040773 0.024281756837684743
v 0.12059294469227555 0.5202379217040773 -0.004875244687478908
v 0.12095695025791886 0.45119988821866475 0.024645754952747456
v 0.12059294469227555 0.5202379217040773 -0.004875244687478908
v 0.15047695524563554 0.5202379217040773 0.024281756837684743
v 0.1593329537617183 0.5634018769157167 0.024172754843551747
v 0.12059294469227555 0.5202379217040773 -0.004875244687478908
v 0.12048395759930375 0.5634018769157167 -0.013730244825761684
v 0.12059294469227555 0.6028608670127626 -0.004875244687478908
v 0.1593329537617183 0.5634018769157167 0.024172754843551747
v 0.12048395759930375 0.5634018769157167 -0.013730244825761684
v 0.1593329537617183 0.5634018769157167 0.024172754843551747
v 0.12059294469227555 0.6028608670127626 -0.004875244687478908
v 0.15047695524563554 0.6028608670127626 0.024281756837684743
v 0.12059294469227555 0.6028608670127626 -0.004875244687478908
v 0.12095695025791886 0.6718989004981752 0.024645754952747456
v 0.15047695524563554 0.6028608670127626 0.024281756837684743
v 0.15047695524563554 0.6028608670127626 0.024281756837684743
v 0.12095695025791886 0.6718989004981752 0.024645754952747456
v 0.12132095582356217 0.6028608670127626 0.0541657555166819
v 0.12142994291653397 0.5634018769157167 0.06302075542213403
v 0.15047695524563554 0.6028608670127626 0.024281756837684743
v 0.12132095582356217 0.6028608670127626 0.0541657555166819
v 0.15047695524563554 0.6028608670127626 0.024281756837684743
v 0.12142994291653397 0.5634018769157167 0.06302075542213403
v 0.1593329537617183 0.5634018769157167 0.024172754843551747
v 0.12142994291653397 0.5634018769157167 0.06302075542213403
v 0.15047695524563554 0.5202379217040773 0.024281756837684743
v 0.1593329537617183 0.5634018769157167 0.024172754843551747
v 0.15047695524563554 0.5202379217040773 0.024281756837684743
v 0.12142994291653397 0.5634018769157167 0.06302075542213403
v 0.12132095582356217 0.5202379217040773 0.0541657555166819
v 0.12095695025791886 0.45119988821866475 0.024645754952747456
v 0.15047695524563554 0.5202379217040773 0.024281756837684743
v 0.12132095582356217 0.5202379217040773 0.0541657555166819
v 1.2628959644543147 0.3608469059360262 0.010573753972370259
v 1.1292809475170589 0.37164389990689717 0.01222075696738445
v 1.1508339274631953 0.18224090241315327 0.1949167529836484
v 1.2628959644543147 0.3608469059360262 0.010573753972370259
v 1.1508339274631953 0.18224090241315327 0.1949167529836484
v 1.2819199789272762 0.19367590450170002 0.17182675551326954
v 1.1292809475170589 0.37164389990689717 0.01222075696738445
v 0.9697759378658748 0.1664589037788149 0.21545275848062717
v 1.1508339274631953 0.18224090241315327 0.1949167529836484
v 1.2819199789272762 0.19367590450170002 0.17182675551326954
v 1.409728967021606 0.32504090570332966 0.008764756728727452
v 1.2628959644543147 0.3608469059360262 0.010573753972370259
v 0.9697759378658748 0.1664589037788149 0.21545275848062717
v 1.1292809475170589 0.37164389990689717 0.01222075696738445
v 0.9460659254299617 0.3748109033000704 0.014477753897029988
v 1.409728967021606 0.32504090570332966 0.008764756728727452
v 1.2819199789272762 0.19367590450170002 0.17182675551326954
v 1.4232719767796016 0.20603090428235493 0.12356075446756565
v 0.8062339652286983 0.34035688542249165 0.0162007565394231
v 0.9697759378658748 0.1664589037788149 0.21545275848062717
v 0.9460659254299617 0.3748109033000704 0.014477753897029988
v 1.409728967021606 0.32504090570332966 0.008764756728727452
v 1.4232719767796016 0.20603090428235493 0.12356075446756565
v 1.5374199975239253 0.21605589889409504 0.04001175600739204
v 1.409728967021606 0.32504090570332966 0.008764756728727452
v 1.5374199975239253 0.21605589889409504 0.04001175600739204
v 1.5335559476124263 0.25003090404393635 0.007238754887897603
v 1.5335559476124263 0.25003090404393635 0.007238754887897603
v 1.5374199975239253 0.21605589889409504 0.04001175600739204
v 1.5782858956562495 0.21964889668347798 0.006687754650432698
v 0.9697759378658748 0.1664589037788149 0.21545275848062717
v 0.8062339652286983 0.34035688542249165 0.0162007565394231
v 0.8274289596783138 0.15409088038327656 0.1958727518812009
v 0.6967749524818874 0.26960089706304036 0.01754975493701183
v 0.8274289596783138 0.15409088038327656 0.1958727518812009
v 0.8062339652286983 0.34035688542249165 0.0162007565394231
v 0.8274289596783138 0.15409088038327656 0.1958727518812009
v 0.6967749524818874 0.26960089706304036 0.01754975493701183
v 0.7110639441715694 0.144022881020331 0.13868075411470615
v 0.7110639441715694 0.144022881020331 0.13868075411470615
v 0.6967749524818874 0.26960089706304036 0.01754975493701183
v 0.6428119469391322 0.13821190499188862 0.018214756508190266
v 1.1463259685741878 0.18224090241315327 -0.17095124919263638
v 1.2628959644543147 0.3608469059360262 0.010573753972370259
v 1.2779399383770442 0.19367590450170002 -0.1511002500757388
v 1.2628959644543147 0.3608469059360262 0.010573753972370259
v 1.1463259685741878 0.18224090241315327 -0.17095124919263638
v 1.1292809475170589 0.37164389990689717 0.01222075696738445
v 1.2779399383770442 0.19367590450170002 -0.1511002500757388
v 1.2628959644543147 0.3608469059360262 0.010573753972370259
v 1.409728967021606 0.32504090570332966 0.008764756728727452
v 0.9648159373508907 0.1664589037788149 -0.18702124256936825
v 1.1292809475170589 0.37164389990689717 0.01222075696738445
v 1.1463259685741878 0.18224090241315327 -0.17095124919263638
v 1.4204389680134273 0.20603090428235493 -0.10633124608842648
v 1.2779399383770442 0.19367590450170002 -0.1511002500757388
v 1.409728967021606 0.32504090570332966 0.008764756728727452
v 1.1292809475170589 0.37164389990689717 0.01222075696738445
v 0.9648159373508907 0.1664589037788149 -0.18702124256936825
v 0.9460659254299617 0.3748109033000704 0.014477753897029988
v 1.409728967021606 0.32504090570332966 0.008764756728727452
v 1.5366109240757442 0.21605589889409504 -0.025620246420781978
v 1.4204389680134273 0.20603090428235493 -0.10633124608842648
v 1.5366109240757442 0.21605589889409504 -0.025620246420781978
v 1.409728967021606 0.32504090570332966 0.008764756728727452
v 1.5335559476124263 0.25003090404393635 0.007238754887897603
v 1.5366109240757442 0.21605589889409504 -0.025620246420781978
v 1.5335559476124263 0.25003090404393635 0.007238754887897603
v 1.5782858956562495 0.21964889668347798 0.006687754650432698
v 0.9648159373508907 0.1664589037788149 -0.18702124256936825
v 0.8062339652286983 0.34035688542249165 0.0162007565394231
v 0.9460659254299617 0.3748109033000704 0.014477753897029988
v 0.8062339652286983 0.34035688542249165 0.0162007565394231
v 0.9648159373508907 0.1664589037788149 -0.18702124256936825
v 0.8229949403511501 0.15409088038327656 -0.16393923957196987
v 0.8229949403511501 0.15409088038327656 -0.16393923957196987
v 0.6967749524818874 0.26960089706304036 0.01754975493701183
v 0.8062339652286983 0.34035688542249165 0.0162007565394231
v 0.6967749524818874 0.26960089706304036 0.01754975493701183
v 0.8229949403511501 0.15409088038327656 -0.16393923957196987
v 0.7080749500500179 0.144022881020331 -0.10389724571553982
v 0.6967749524818874 0.26960089706304036 0.01754975493701183
v 0.7080749500500179 0.144022881020331 -0.10389724571553982
v 0.6428119469391322 0.13821190499188862 0.018214756508190266
v 1.2969619262920833 0.02650388978841267 0.010153757293541066
v 1.167877935241363 -0.007162102531171222 0.01174475427420818
v 1.1463259685741878 0.18224090241315327 -0.17095124919263638
v 1.2969619262920833 0.02650388978841267 0.010153757293541066
v 1.1463259685741878 0.18224090241315327 -0.17095124919263638
v 1.2779399383770442 0.19367590450170002 -0.1511002500757388
v 1.167877935241363 -0.007162102531171222 0.01174475427420818
v 0.9648159373508907 0.1664589037788149 -0.18702124256936825
v 1.1463259685741878 0.18224090241315327 -0.17095124919263638
v 1.2779399383770442 0.19367590450170002 -0.1511002500757388
v 1.433980904887817 0.08701988958241902 0.008465753753502003
v 1.2969619262920833 0.02650388978841267 0.010153757293541066
v 0.9648159373508907 0.1664589037788149 -0.18702124256936825
v 1.167877935241363 -0.007162102531171222 0.01174475427420818
v 0.9885239828335262 -0.0418931031930212 0.013954756666738621
v 1.433980904887817 0.08701988958241902 0.008465753753502003
v 1.2779399383770442 0.19367590450170002 -0.1511002500757388
v 1.4204389680134273 0.20603090428235493 -0.10633124608842648
v 0.8441899646030879 -0.03217610813257732 0.015733754147607915
v 0.9648159373508907 0.1664589037788149 -0.18702124256936825
v 0.9885239828335262 -0.0418931031930212 0.013954756666738621
v 1.4204389680134273 0.20603090428235493 -0.10633124608842648
v 1.540477954219482 0.18207988046529255 0.007152756561357609
v 1.433980904887817 0.08701988958241902 0.008465753753502003
v 1.540477954219482 0.18207988046529255 0.007152756561357609
v 1.4204389680134273 0.20603090428235493 -0.10633124608842648
v 1.5366109240757442 0.21605589889409504 -0.025620246420781978
v 1.540477954219482 0.18207988046529255 0.007152756561357609
v 1.5366109240757442 0.21605589889409504 -0.025620246420781978
v 1.5782858956562495 0.21964889668347798 0.006687754650432698
v 0.9648159373508907 0.1664589037788149 -0.18702124256936825
v 0.8441899646030879 -0.03217610813257732 0.015733754147607915
v 0.8229949403511501 0.15409088038327656 -0.16393923957196987
v 0.8441899646030879 -0.03217610813257732 0.015733754147607915
v 0.7080749500500179 0.144022881020331 -0.10389724571553982
v 0.8229949403511501 0.15409088038327656 -0.16393923957196987
v 0.7080749500500179 0.144022881020331 -0.10389724571553982
v 0.8441899646030879 -0.03217610813257732 0.015733754147607915
v 0.7223639417396999 0.018444894779944043 0.017234755565244786
v 0.7080749500500179 0.144022881020331 -0.10389724571553982
v 0.7223639417396999 0.018444894779944043 0.017234755565244786
v 0.6428119469391322 0.13821190499188862 0.018214756508190266
v 1.1508339274631953 0.18224090241315327 0.1949167529836484
v 1.2969619262920833 0.02650388978841267 0.010153757293541066
v 1.2819199789272762 0.19367590450170002 0.17182675551326954
v 1.2819199789272762 0.19367590450170002 0.17182675551326954
v 1.2969619262920833 0.02650388978841267 0.010153757293541066
v 1.433980904887817 0.08701988958241902 0.008465753753502003
v 1.2969619262920833 0.02650388978841267 0.010153757293541066
v 1.1508339274631953 0.18224090241315327 0.1949167529836484
v 1.167877935241363 -0.007162102531171222 0.01174475427420818
v 1.4232719767796016 0.20603090428235493 0.12356075446756565
v 1.2819199789272762 0.19367590450170002 0.17182675551326954
v 1.433980904887817 0.08701988958241902 0.008465753753502003
v 0.9697759378658748 0.1664589037788149 0.21545275848062717
v 1.167877935241363 -0.007162102531171222 0.01174475427420818
v 1.1508339274631953 0.18224090241315327 0.1949167529836484
v 1.433980904887817 0.08701988958241902 0.008465753753502003
v 1.540477954219482 0.18207988046529255 0.007152756561357609
v 1.4232719767796016 0.20603090428235493 0.12356075446756565
v 1.5374199975239253 0.21605589889409504 0.04001175600739204
v 1.4232719767796016 0.20603090428235493 0.12356075446756565
v 1.540477954219482 0.18207988046529255 0.007152756561357609
v 1.5374199975239253 0.21605589889409504 0.04001175600739204
v 1.540477954219482 0.18207988046529255 0.007152756561357609
v 1.5782858956562495 0.21964889668347798 0.006687754650432698
v 1.167877935241363 -0.007162102531171222 0.01174475427420818
v 0.9697759378658748 0.1664589037788149 0.21545275848062717
v 0.9885239828335262 -0.0418931031930212 0.013954756666738621
v 0.9697759378658748 0.1664589037788149 0.21545275848062717
v 0.8441899646030879 -0.03217610813257732 0.015733754147607915
v 0.9885239828335262 -0.0418931031930212 0.013954756666738621
v 0.8441899646030879 -0.03217610813257732 0.015733754147607915
v 0.9697759378658748 0.1664589037788149 0.21545275848062717
v 0.8274289596783138 0.15409088038327656 0.1958727518812009
v 0.7110639441715694 0.144022881020331 0.13868075411470615
v 0.8441899646030879 -0.03217610813257732 0.015733754147607915
v 0.8274289596783138 0.15409088038327656 0.1958727518812009
v 0.8441899646030879 -0.03217610813257732 0.015733754147607915
v 0.7110639441715694 0.144022881020331 0.13868075411470615
v 0.7223639417396999 0.018444894779944043 0.017234755565244786
v 0.7223639417396999 0.018444894779944043 0.017234755565244786
v 0.7110639441715694 0.144022881020331 0.13868075411470615
v 0.6428119469391322 0.13821190499188862 0.018214756508190266
v 0.09143694527020219 0.8652198901069399 0.025008754690010182
v 0.12132095582356217 0.8652198901069399 0.0541657555166819
v 0.12095695025791886 0.9342589368713137 0.024645754952747456
v 0.09143694527020219 0.8652198901069399 0.025008754690010182
v 0.12142994291653397 0.8220558752906557 0.06302075542213403
v 0.12132095582356217 0.8652198901069399 0.0541657555166819
v 0.12142994291653397 0.8220558752906557 0.06302075542213403
v 0.09143694527020219 0.8652198901069399 0.025008754690010182
v 0.08258094675411942 0.8220558752906557 0.025118755061943165
v 0.12142994291653397 0.8220558752906557 0.06302075542213403
v 0.08258094675411942 0.8220558752906557 0.025118755061943165
v 0.09143694527020219 0.782597898472571 0.025008754690010182
v 0.12142994291653397 0.8220558752906557 0.06302075542213403
v 0.09143694527020219 0.782597898472571 0.025008754690010182
v 0.12132095582356217 0.782597898472571 0.0541657555166819
v 0.12095695025791886 0.713558911312842 0.024645754952747456
v 0.12132095582356217 0.782597898472571 0.0541657555166819
v 0.09143694527020219 0.782597898472571 0.025008754690010182
v 0.12048395759930375 0.8220558752906557 -0.013730244825761684
v 0.08258094675411942 0.8220558752906557 0.025118755061943165
v 0.09143694527020219 0.8652198901069399 0.025008754690010182
v 0.12048395759930375 0.8220558752906557 -0.013730244825761684
v 0.09143694527020219 0.782597898472571 0.025008754690010182
v 0.08258094675411942 0.8220558752906557 0.025118755061943165
v 0.12048395759930375 0.8220558752906557 -0.013730244825761684
v 0.09143694527020219 0.8652198901069399 0.025008754690010182
v 0.12059294469227555 0.8652198901069399 -0.004875244687478908
v 0.12095695025791886 0.9342589368713137 0.024645754952747456
v 0.12059294469227555 0.8652198901069399 -0.004875244687478908
v 0.09143694527020219 0.8652198901069399 0.025008754690010182
v 0.09143694527020219 0.782597898472571 0.025008754690010182
v 0.12048395759930375 0.8220558752906557 -0.013730244825761684
v 0.12059294469227555 0.782597898472571 -0.004875244687478908
v 0.09143694527020219 0.782597898472571 0.025008754690010182
v 0.12059294469227555 0.782597898472571 -0.004875244687478908
v 0.12095695025791886 0.713558911312842 0.024645754952747456
v 0.09143694527020219 0.5202379217040773 0.025008754690010182
v 0.12095695025791886 0.45119988821866475 0.024645754952747456
v 0.12132095582356217 0.5202379217040773 0.0541657555166819
v 0.12142994291653397 0.5634018769157167 0.06302075542213403
v 0.09143694527020219 0.5202379217040773 0.025008754690010182
v 0.12132095582356217 0.5202379217040773 0.0541657555166819
v 0.09143694527020219 0.5202379217040773 0.025008754690010182
v 0.12142994291653397 0.5634018769157167 0.06302075542213403
v 0.08258094675411942 0.5634018769157167 0.025118755061943165
v 0.12132095582356217 0.6028608670127626 0.0541657555166819
v 0.08258094675411942 0.5634018769157167 0.025118755061943165
v 0.12142994291653397 0.5634018769157167 0.06302075542213403
v 0.08258094675411942 0.5634018769157167 0.025118755061943165
v 0.12132095582356217 0.6028608670127626 0.0541657555166819
v 0.09143694527020219 0.6028608670127626 0.025008754690010182
v 0.12095695025791886 0.6718989004981752 0.024645754952747456
v 0.09143694527020219 0.6028608670127626 0.025008754690010182
v 0.12132095582356217 0.6028608670127626 0.0541657555166819
v 0.12059294469227555 0.5202379217040773 -0.004875244687478908
v 0.09143694527020219 0.5202379217040773 0.025008754690010182
v 0.12048395759930375 0.5634018769157167 -0.013730244825761684
v 0.12095695025791886 0.45119988821866475 0.024645754952747456
v 0.09143694527020219 0.5202379217040773 0.025008754690010182
v 0.12059294469227555 0.5202379217040773 -0.004875244687478908
v 0.09143694527020219 0.5202379217040773 0.025008754690010182
v 0.08258094675411942 0.5634018769157167 0.025118755061943165
v 0.12048395759930375 0.5634018769157167 -0.013730244825761684
v 0.08258094675411942 0.5634018769157167 0.025118755061943165
v 0.12059294469227555 0.6028608670127626 -0.004875244687478908
v 0.12048395759930375 0.5634018769157167 -0.013730244825761684
v 0.12059294469227555 0.6028608670127626 -0.004875244687478908
v 0.08258094675411942 0.5634018769157167 0.025118755061943165
v 0.09143694527020219 0.6028608670127626 0.025008754690010182
v 0.09143694527020219 0.6028608670127626 0.025008754690010182
v 0.12095695025791886 0.6718989004981752 0.024645754952747456
v 0.12059294469227555 0.6028608670127626 -0.004875244687478908
v 0.1577399600254512 0.6927279224288698 -0.10514524776784695
v 0.11936294324269059 0.6543499221694704 -0.10467224020807064
v 0.11883195526470902 0.6632068743598696 -0.14783224661199368
v 0.1577399600254512 0.6927279224288698 -0.10514524776784695
v 0.11984994299282792 0.6632068743598696 -0.06521624524442471
v 0.11936294324269059 0.6543499221694704 -0.10467224020807064
v 0.1577399600254512 0.6927279224288698 -0.10514524776784695
v 0.11883195526470902 0.6632068743598696 -0.14783224661199368
v 0.1483509618746257 0.6927279224288698 -0.1481962372764758
v 0.11798094994892838 0.6927279224288698 -0.21686525840608395
v 0.1483509618746257 0.6927279224288698 -0.1481962372764758
v 0.11883195526470902 0.6632068743598696 -0.14783224661199368
v 0.11984994299282792 0.6632068743598696 -0.06521624524442471
v 0.1577399600254512 0.6927279224288698 -0.10514524776784695
v 0.1493689496027446 0.6927279224288698 -0.06558024335948742
v 0.11984994299282792 0.6632068743598696 -0.06521624524442471
v 0.1493689496027446 0.6927279224288698 -0.06558024335948742
v 0.12069996483196976 0.6927279224288698 0.0038177537515946547
v 0.15260195023884537 0.6927279224288698 0.1967587600246259
v 0.1230819452511287 0.6632068743598696 0.197122750689108
v 0.16092696077694657 0.6927279224288698 0.15349075745495044
v 0.12393295056690934 0.6927279224288698 0.26615676086099826
v 0.1230819452511287 0.6632068743598696 0.197122750689108
v 0.15260195023884537 0.6927279224288698 0.1967587600246259
v 0.1230819452511287 0.6632068743598696 0.197122750689108
v 0.12255095727314713 0.6543499221694704 0.15396375756414615
v 0.16092696077694657 0.6927279224288698 0.15349075745495044
v 0.1220639575230098 0.6632068743598696 0.11450675677211963
v 0.16092696077694657 0.6927279224288698 0.15349075745495044
v 0.12255095727314713 0.6543499221694704 0.15396375756414615
v 0.16092696077694657 0.6927279224288698 0.15349075745495044
v 0.1220639575230098 0.6632068743598696 0.11450675677211963
v 0.15158394760956528 0.6927279224288698 0.11414275493176662
v 0.1220639575230098 0.6632068743598696 0.11450675677211963
v 0.12121396548619034 0.6927279224288698 0.04547475546302282
v 0.15158394760956528 0.6927279224288698 0.11414275493176662
v -0.15201703422198531 -0.6076000938522581 0.02800975542219364
v -0.23462907188067672 -0.5681891152965788 -0.2418842484459094
v -0.19246707074771163 -0.4567860970604185 -0.188672246526163
v -0.15201703422198531 -0.6076000938522581 0.02800975542219364
v -0.19246707074771163 -0.4567860970604185 -0.188672246526163
v -0.10986904018054244 -0.48090210653421916 0.027489755187947384
v -0.23462907188067672 -0.5681891152965788 -0.2418842484459094
v -0.3274350535167241 -0.3470871011125807 -0.3464272489055804
v -0.19246707074771163 -0.4567860970604185 -0.188672246526163
v -0.18711505048403976 -0.4567860970604185 0.2456217537418195
v -0.15201703422198531 -0.6076000938522581 0.02800975542219364
v -0.10986904018054244 -0.48090210653421916 0.027489755187947384
v -0.3274350535167241 -0.3470871011125807 -0.3464272489055804
v -0.23462907188067672 -0.5681891152965788 -0.2418842484459094
v -0.3876130353702092 -0.42447611786005535 -0.438110249231737
v -0.15201703422198531 -0.6076000938522581 0.02800975542219364
v -0.18711505048403976 -0.4567860970604185 0.2456217537418195
v -0.2279530536426091 -0.5681891152965788 0.2998567501798459
v -0.5482520233882451 -0.2016211012708906 -0.5089162160858325
v -0.3274350535167241 -0.3470871011125807 -0.3464272489055804
v -0.3876130353702092 -0.42447611786005535 -0.438110249231737
v -0.3181550275577092 -0.3470871011125807 0.4066557417407819
v -0.2279530536426091 -0.5681891152965788 0.2998567501798459
v -0.18711505048403976 -0.4567860970604185 0.2456217537418195
v -0.3274350535167241 -0.3470871011125807 -0.3464272489055804
v -0.5482520233882451 -0.2016211012708906 -0.5089162160858325
v -0.4494070183528447 -0.16556610635993518 -0.40241722960321225
v -0.2279530536426091 -0.5681891152965788 0.2998567501798459
v -0.3181550275577092 -0.3470871011125807 0.4066557417407819
v -0.3760550390971684 -0.42447611786005535 0.4997917542949506
v -0.5753060352099919 0.08331888817670308 -0.4357902576431445
v -0.4494070183528447 -0.16556610635993518 -0.40241722960321225
v -0.5482520233882451 -0.2016211012708906 -0.5089162160858325
v -0.3181550275577092 -0.3470871011125807 0.4066557417407819
v -0.5349010597957158 -0.2016211012708906 0.5745357702270337
v -0.3760550390971684 -0.42447611786005535 0.4997917542949506
v -0.4494070183528447 -0.16556610635993518 -0.40241722960321225
v -0.5753060352099919 0.08331888817670308 -0.4357902576431445
v -0.4777560602916264 0.05976889931085072 -0.34473724860994137
v -0.5349010597957158 -0.2016211012708906 0.5745357702270337
v -0.3181550275577092 -0.3470871011125807 0.4066557417407819
v -0.4387110244525456 -0.16556610635993518 0.4656357596412488
v -0.5596940290225529 0.3101049055946108 -0.23779724736062802
v -0.4777560602916264 0.05976889931085072 -0.34473724860994137
v -0.5753060352099919 0.08331888817670308 -0.4357902576431445
v -0.5637490522159123 0.08331888817670308 0.5020987520709821
v -0.5349010597957158 -0.2016211012708906 0.5745357702270337
v -0.4387110244525456 -0.16556610635993518 0.4656357596412488
v -0.4777560602916264 0.05976889931085072 -0.34473724860994137
v -0.5596940290225529 0.3101049055946108 -0.23779724736062802
v -0.453436053921082 0.24835389756085835 -0.1856572498783282
v -0.5637490522159123 0.08331888817670308 0.5020987520709821
v -0.4387110244525456 -0.16556610635993518 0.4656357596412488
v -0.4684720408214116 0.05976889931085072 0.40866975288541996
v -0.527163065601685 0.40706688069226704 0.03263275500090801
v -0.453436053921082 0.24835389756085835 -0.1856572498783282
v -0.5596940290225529 0.3101049055946108 -0.23779724736062802
v -0.5530210506213689 0.31010690235021077 0.303781760741789
v -0.5637490522159123 0.08331888817670308 0.5020987520709821
v -0.4684720408214116 0.05976889931085072 0.40866975288541996
v -0.453436053921082 0.24835389756085835 -0.1856572498783282
v -0.527163065601685 0.40706688069226704 0.03263275500090801
v -0.4114300381434941 0.334086894024634 0.03120675485285007
v -0.4684720408214116 0.05976889931085072 0.40866975288541996
v -0.448079026867249 0.24835389756085835 0.2490387539163419
v -0.5530210506213689 0.31010690235021077 0.303781760741789
v -0.448079026867249 0.24835389756085835 0.2490387539163419
v -0.527163065601685 0.40706688069226704 0.03263275500090801
v -0.5530210506213689 0.31010690235021077 0.303781760741789
v -0.527163065601685 0.40706688069226704 0.03263275500090801
v -0.448079026867249 0.24835389756085835 0.2490387539163419
v -0.4114300381434941 0.334086894024634 0.03120675485285007
v -0.19246707074771163 -0.4567860970604185 -0.188672246526163
v -0.2819780480159306 -0.44145110345957317 0.029610754807312123
v -0.10986904018054244 -0.48090210653421916 0.027489755187947384
v -0.18711505048403976 -0.4567860970604185 0.2456217537418195
v -0.10986904018054244 -0.48090210653421916 0.027489755187947384
v -0.2819780480159306 -0.44145110345957317 0.029610754807312123
v -0.2819780480159306 -0.44145110345957317 0.029610754807312123
v -0.19246707074771163 -0.4567860970604185 -0.188672246526163
v -0.3553270470393681 -0.42777809597132244 -0.1363522430166415
v -0.2819780480159306 -0.44145110345957317 0.029610754807312123
v -0.3512150418056035 -0.42777809597132244 0.1973317543760129
v -0.18711505048403976 -0.4567860970604185 0.2456217537418195
v -0.3274350535167241 -0.3470871011125807 -0.3464272489055804
v -0.3553270470393681 -0.42777809597132244 -0.1363522430166415
v -0.19246707074771163 -0.4567860970604185 -0.188672246526163
v -0.3181550275577092 -0.3470871011125807 0.4066557417407819
v -0.18711505048403976 -0.4567860970604185 0.2456217537418195
v -0.3512150418056035 -0.42777809597132244 0.1973317543760129
v -0.3553270470393681 -0.42777809597132244 -0.1363522430166415
v -0.3274350535167241 -0.3470871011125807 -0.3464272489055804
v -0.4592070352328801 -0.3440120974886183 -0.2558232416614703
v -0.3512150418056035 -0.42777809597132244 0.1973317543760129
v -0.45211902969012496 -0.3440120974886183 0.3193257580295392
v -0.3181550275577092 -0.3470871011125807 0.4066557417407819
v -0.4494070183528447 -0.16556610635993518 -0.40241722960321225
v -0.4592070352328801 -0.3440120974886183 -0.2558232416614703
v -0.3274350535167241 -0.3470871011125807 -0.3464272489055804
v -0.3181550275577092 -0.3470871011125807 0.4066557417407819
v -0.45211902969012496 -0.3440120974886183 0.3193257580295392
v -0.4387110244525456 -0.16556610635993518 0.4656357596412488
v -0.4592070352328801 -0.3440120974886183 -0.2558232416614703
v -0.4494070183528447 -0.16556610635993518 -0.40241722960321225
v -0.54532501809726 -0.20137210286734142 -0.29926325578538693
v -0.4387110244525456 -0.16556610635993518 0.4656357596412488
v -0.45211902969012496 -0.3440120974886183 0.3193257580295392
v -0.5371410619510197 -0.20137210286734142 0.3648747632995435
v -0.5745440494311833 -0.03198610342619457 -0.25425724882928646
v -0.54532501809726 -0.20137210286734142 -0.29926325578538693
v -0.4494070183528447 -0.16556610635993518 -0.40241722960321225
v -0.5674600373996281 -0.03198610342619457 0.3206027577415296
v -0.4387110244525456 -0.16556610635993518 0.4656357596412488
v -0.5371410619510197 -0.20137210286734142 0.3648747632995435
v -0.4494070183528447 -0.16556610635993518 -0.40241722960321225
v -0.4777560602916264 0.05976889931085072 -0.34473724860994137
v -0.5745440494311833 -0.03198610342619457 -0.25425724882928646
v -0.4387110244525456 -0.16556610635993518 0.4656357596412488
v -0.5674600373996281 -0.03198610342619457 0.3206027577415296
v -0.4684720408214116 0.05976889931085072 0.40866975288541996
v -0.4777560602916264 0.05976889931085072 -0.34473724860994137
v -0.5542940270198369 0.11046288811089955 -0.13370324869005001
v -0.5745440494311833 -0.03198610342619457 -0.25425724882928646
v -0.5501870285762334 0.11046288811089955 0.1995847503438779
v -0.4684720408214116 0.05976889931085072 0.40866975288541996
v -0.5674600373996281 -0.03198610342619457 0.3206027577415296
v -0.4777560602916264 0.05976889931085072 -0.34473724860994137
v -0.453436053921082 0.24835389756085835 -0.1856572498783282
v -0.5542940270198369 0.11046288811089955 -0.13370324869005001
v -0.4684720408214116 0.05976889931085072 0.40866975288541996
v -0.5501870285762334 0.11046288811089955 0.1995847503438779
v -0.448079026867249 0.24835389756085835 0.2490387539163419
v -0.453436053921082 0.24835389756085835 -0.1856572498783282
v -0.5125830542338872 0.18071088098409138 0.032452756424266926
v -0.5542940270198369 0.11046288811089955 -0.13370324869005001
v -0.5125830542338872 0.18071088098409138 0.032452756424266926
v -0.448079026867249 0.24835389756085835 0.2490387539163419
v -0.5501870285762334 0.11046288811089955 0.1995847503438779
v -0.5125830542338872 0.18071088098409138 0.032452756424266926
v -0.453436053921082 0.24835389756085835 -0.1856572498783282
v -0.4114300381434941 0.334086894024634 0.03120675485285007
v -0.448079026867249 0.24835389756085835 0.2490387539163419
v -0.5125830542338872 0.18071088098409138 0.032452756424266926
v -0.4114300381434941 0.334086894024634 0.03120675485285007
v 0.08708196170201066 0.5507909049880739 0.025063754875976674
v 0.1202469695316768 0.5969219198119875 -0.02701424259988583
v 0.08624594695439103 0.5689609041106936 -0.04273924429265774
v 0.0856339562641597 0.6185988774192568 -0.09237525064794339
v 0.08624594695439103 0.5689609041106936 -0.04273924429265774
v 0.1202469695316768 0.5969219198119875 -0.02701424259988583
v 0.1202469695316768 0.5969219198119875 -0.02701424259988583
v 0.08708196170201066 0.5507909049880739 0.025063754875976674
v 0.1208839643703914 0.5830779065978762 0.024646757055837742
v 0.0856339562641597 0.6185988774192568 -0.09237525064794339
v 0.1202469695316768 0.5969219198119875 -0.02701424259988583
v 0.1197809506165004 0.6347419013869997 -0.06483124394265927
v 0.121520959209106 0.5969219198119875 0.07630675460847103
v 0.1208839643703914 0.5830779065978762 0.024646757055837742
v 0.08708196170201066 0.5507909049880739 0.025063754875976674
v 0.08541094548573258 0.6864058961761232 -0.11054124135820187
v 0.0856339562641597 0.6185988774192568 -0.09237525064794339
v 0.1197809506165004 0.6347419013869997 -0.06483124394265927
v 0.0879169631706691 0.5689609041106936 0.09286475728901111
v 0.121520959209106 0.5969219198119875 0.07630675460847103
v 0.08708196170201066 0.5507909049880739 0.025063754875976674
v 0.08541094548573258 0.6864058961761232 -0.11054124135820187
v 0.1197809506165004 0.6347419013869997 -0.06483124394265927
v 0.11961095816960099 0.6864058961761232 -0.07867424387780941
v 0.08852895386090043 0.6185988774192568 0.14250075619371616
v 0.121520959209106 0.5969219198119875 0.07630675460847103
v 0.0879169631706691 0.5689609041106936 0.09286475728901111
v 0.1197809506165004 0.7380698909652468 -0.06483124394265927
v 0.08541094548573258 0.6864058961761232 -0.11054124135820187
v 0.11961095816960099 0.6864058961761232 -0.07867424387780941
v 0.121520959209106 0.5969219198119875 0.07630675460847103
v 0.08852895386090043 0.6185988774192568 0.14250075619371616
v 0.12198694832196 0.6347419013869997 0.11412475432904445
v 0.08541094548573258 0.6864058961761232 -0.11054124135820187
v 0.1197809506165004 0.7380698909652468 -0.06483124394265927
v 0.0856339562641597 0.7542138686073061 -0.09237525064794339
v 0.08875294811596635 0.6864058961761232 0.16066775273235523
v 0.12198694832196 0.6347419013869997 0.11412475432904445
v 0.08852895386090043 0.6185988774192568 0.14250075619371616
v 0.1202469695316768 0.7758918990981813 -0.02701424259988583
v 0.0856339562641597 0.7542138686073061 -0.09237525064794339
v 0.1197809506165004 0.7380698909652468 -0.06483124394265927
v 0.12198694832196 0.6347419013869997 0.11412475432904445
v 0.08875294811596635 0.6864058961761232 0.16066775273235523
v 0.12215694076885941 0.6864058961761232 0.1279667521611043
v 0.0856339562641597 0.7542138686073061 -0.09237525064794339
v 0.1202469695316768 0.7758918990981813 -0.02701424259988583
v 0.08624594695439103 0.8038529147994753 -0.04273924429265774
v 0.08875294811596635 0.6864058961761232 0.16066775273235523
v 0.12198694832196 0.7380698909652468 0.11412475432904445
v 0.12215694076885941 0.6864058961761232 0.1279667521611043
v 0.08708196170201066 0.8220229139220949 0.025063754875976674
v 0.08624594695439103 0.8038529147994753 -0.04273924429265774
v 0.1202469695316768 0.7758918990981813 -0.02701424259988583
v 0.08875294811596635 0.6864058961761232 0.16066775273235523
v 0.08852895386090043 0.7542138686073061 0.14250075619371616
v 0.12198694832196 0.7380698909652468 0.11412475432904445
v 0.08708196170201066 0.8220229139220949 0.025063754875976674
v 0.1202469695316768 0.7758918990981813 -0.02701424259988583
v 0.1208839643703914 0.7897359123122927 0.024646757055837742
v 0.121520959209106 0.7758918990981813 0.07630675460847103
v 0.12198694832196 0.7380698909652468 0.11412475432904445
v 0.08852895386090043 0.7542138686073061 0.14250075619371616
v 0.121520959209106 0.7758918990981813 0.07630675460847103
v 0.08708196170201066 0.8220229139220949 0.025063754875976674
v 0.1208839643703914 0.7897359123122927 0.024646757055837742
v 0.121520959209106 0.7758918990981813 0.07630675460847103
v 0.08852895386090043 0.7542138686073061 0.14250075619371616
v 0.0879169631706691 0.8038529147994753 0.09286475728901111
v 0.08708196170201066 0.8220229139220949 0.025063754875976674
v 0.121520959209106 0.7758918990981813 0.07630675460847103
v 0.0879169631706691 0.8038529147994753 0.09286475728901111
v 0.11983295566906693 0.5386108746421572 -0.060677247236650356
v 0.1208839643703914 0.515746890534186 0.024646757055837742
v 0.08708196170201066 0.5507909049880739 0.025063754875976674
v 0.0879169631706691 0.5689609041106936 0.09286475728901111
v 0.08708196170201066 0.5507909049880739 0.025063754875976674
v 0.1208839643703914 0.515746890534186 0.024646757055837742
v 0.11983295566906693 0.5386108746421572 -0.060677247236650356
v 0.08708196170201066 0.5507909049880739 0.025063754875976674
v 0.08624594695439103 0.5689609041106936 -0.04273924429265774
v 0.0879169631706691 0.5689609041106936 0.09286475728901111
v 0.1208839643703914 0.515746890534186 0.024646757055837742
v 0.12193494326939347 0.5386108746421572 0.10996975551994526
v 0.11906295306553605 0.6010768999946352 -0.12313723761884487
v 0.11983295566906693 0.5386108746421572 -0.060677247236650356
v 0.08624594695439103 0.5689609041106936 -0.04273924429265774
v 0.12193494326939347 0.5386108746421572 0.10996975551994526
v 0.08852895386090043 0.6185988774192568 0.14250075619371616
v 0.0879169631706691 0.5689609041106936 0.09286475728901111
v 0.11906295306553605 0.6010768999946352 -0.12313723761884487
v 0.08624594695439103 0.5689609041106936 -0.04273924429265774
v 0.0856339562641597 0.6185988774192568 -0.09237525064794339
v 0.08852895386090043 0.6185988774192568 0.14250075619371616
v 0.12193494326939347 0.5386108746421572 0.10996975551994526
v 0.12270494587292435 0.6010768999946352 0.17243175755890094
v 0.08541094548573258 0.6864058961761232 -0.11054124135820187
v 0.11906295306553605 0.6010768999946352 -0.12313723761884487
v 0.0856339562641597 0.6185988774192568 -0.09237525064794339
v 0.12270494587292435 0.6010768999946352 0.17243175755890094
v 0.08875294811596635 0.6864058961761232 0.16066775273235523
v 0.08852895386090043 0.6185988774192568 0.14250075619371616
v 0.11906295306553605 0.6010768999946352 -0.12313723761884487
v 0.08541094548573258 0.6864058961761232 -0.11054124135820187
v 0.11878096349110367 0.6864058961761232 -0.14600125152913845
v 0.12270494587292435 0.6010768999946352 0.17243175755890094
v 0.12298696524967911 0.6864058961761232 0.19529375236185276
v 0.08875294811596635 0.6864058961761232 0.16066775273235523
v 0.08541094548573258 0.6864058961761232 -0.11054124135820187
v 0.11906295306553605 0.7717359056365725 -0.12313723761884487
v 0.11878096349110367 0.6864058961761232 -0.14600125152913845
v 0.12270494587292435 0.7717359056365725 0.17243175755890094
v 0.08875294811596635 0.6864058961761232 0.16066775273235523
v 0.12298696524967911 0.6864058961761232 0.19529375236185276
v 0.08541094548573258 0.6864058961761232 -0.11054124135820187
v 0.0856339562641597 0.7542138686073061 -0.09237525064794339
v 0.11906295306553605 0.7717359056365725 -0.12313723761884487
v 0.08875294811596635 0.6864058961761232 0.16066775273235523
v 0.12270494587292435 0.7717359056365725 0.17243175755890094
v 0.08852895386090043 0.7542138686073061 0.14250075619371616
v 0.11983295566906693 0.8342018713844057 -0.060677247236650356
v 0.11906295306553605 0.7717359056365725 -0.12313723761884487
v 0.0856339562641597 0.7542138686073061 -0.09237525064794339
v 0.12193494326939347 0.8342018713844057 0.10997075389774524
v 0.08852895386090043 0.7542138686073061 0.14250075619371616
v 0.12270494587292435 0.7717359056365725 0.17243175755890094
v 0.11983295566906693 0.8342018713844057 -0.060677247236650356
v 0.0856339562641597 0.7542138686073061 -0.09237525064794339
v 0.08624594695439103 0.8038529147994753 -0.04273924429265774
v 0.08852895386090043 0.7542138686073061 0.14250075619371616
v 0.12193494326939347 0.8342018713844057 0.10997075389774524
v 0.0879169631706691 0.8038529147994753 0.09286475728901111
v 0.1208839643703914 0.8570659150970217 0.024646757055837742
v 0.11983295566906693 0.8342018713844057 -0.060677247236650356
v 0.08624594695439103 0.8038529147994753 -0.04273924429265774
v 0.1208839643703914 0.8570659150970217 0.024646757055837742
v 0.0879169631706691 0.8038529147994753 0.09286475728901111
v 0.12193494326939347 0.8342018713844057 0.10997075389774524
v 0.1208839643703914 0.8570659150970217 0.024646757055837742
v 0.08624594695439103 0.8038529147994753 -0.04273924429265774
v 0.08708196170201066 0.8220229139220949 0.025063754875976674
v 0.0879169631706691 0.8038529147994753 0.09286475728901111
v 0.1208839643703914 0.8570659150970217 0.024646757055837742
v 0.08708196170201066 0.8220229139220949 0.025063754875976674
v 0.6500039625870204 -0.4738321015941862 0.0181267539754697
v 0.8087499666916347 -0.3821091065513853 0.19760075013788425
v 0.6212859529959178 -0.3827070901500944 0.01848075713666164
v 0.6212859529959178 -0.3827070901500944 0.01848075713666164
v 0.8087499666916347 -0.3821091065513853 0.19760075013788425
v 0.7614009607540584 -0.30175010956404247 0.17688975285442554
v 0.6500039625870204 -0.4738321015941862 0.0181267539754697
v 0.8739599514709926 -0.49301809168932476 0.21494975488336765
v 0.8087499666916347 -0.3821091065513853 0.19760075013788425
v 0.7614009607540584 -0.30175010956404247 0.17688975285442554
v 0.6102059561716533 -0.2725541005241636 0.01861675630958759
v 0.6212859529959178 -0.3827070901500944 0.01848075713666164
v 0.8739599514709926 -0.49301809168932476 0.21494975488336765
v 0.6500039625870204 -0.4738321015941862 0.0181267539754697
v 0.699330948661468 -0.5939181158649687 0.01751875679643833
v 0.6102059561716533 -0.2725541005241636 0.01861675630958759
v 0.7614009607540584 -0.30175010956404247 0.17688975285442554
v 0.7099539566742397 -0.21492110289213695 0.13138975750358783
v 0.7685179639564967 -0.6701471219169859 0.016665754725057713
v 0.8739599514709926 -0.49301809168932476 0.21494975488336765
v 0.699330948661468 -0.5939181158649687 0.01751875679643833
v 0.7099539566742397 -0.21492110289213695 0.13138975750358783
v 0.6391899514900661 -0.16091910473582782 0.018259754289705388
v 0.6102059561716533 -0.2725541005241636 0.01861675630958759
v 0.6391899514900661 -0.16091910473582782 0.018259754289705388
v 0.7099539566742397 -0.21492110289213695 0.13138975750358783
v 0.6676659513222194 -0.14446610495028533 0.050453755424190394
v 0.6391899514900661 -0.16091910473582782 0.018259754289705388
v 0.6676659513222194 -0.14446610495028533 0.050453755424190394
v 0.6524699557529903 -0.11921710477722325 0.0180957558348962
v 0.8739599514709926 -0.49301809168932476 0.21494975488336765
v 0.7685179639564967 -0.6701471219169859 0.016665754725057713
v 0.9246349561916805 -0.5799451181995634 0.19316875736864292
v 0.9246349561916805 -0.5799451181995634 0.19316875736864292
v 0.7685179639564967 -0.6701471219169859 0.016665754725057713
v 0.8601229418026424 -0.7115070829498533 0.01553675707133495
v 0.9246349561916805 -0.5799451181995634 0.19316875736864292
v 0.8601229418026424 -0.7115070829498533 0.01553675707133495
v 0.965374969314239 -0.6506931195366148 0.13453175674827778
v 0.965374969314239 -0.6506931195366148 0.13453175674827778
v 0.8601229418026424 -0.7115070829498533 0.01553675707133495
v 0.9878229726063228 -0.6915361294853453 0.013963756968099705
v 0.8042799461590266 -0.3821091065513853 -0.16520624060479916
v 0.6212859529959178 -0.3827070901500944 0.01848075713666164
v 0.7574549544559932 -0.30175010956404247 -0.1433352400764636
v 0.6102059561716533 -0.2725541005241636 0.01861675630958759
v 0.7574549544559932 -0.30175010956404247 -0.1433352400764636
v 0.6212859529959178 -0.3827070901500944 0.01848075713666164
v 0.6212859529959178 -0.3827070901500944 0.01848075713666164
v 0.8042799461590266 -0.3821091065513853 -0.16520624060479916
v 0.6500039625870204 -0.4738321015941862 0.0181267539754697
v 0.7574549544559932 -0.30175010956404247 -0.1433352400764636
v 0.6102059561716533 -0.2725541005241636 0.01861675630958759
v 0.7071449685799098 -0.21492110289213695 -0.09658023912755764
v 0.8690419424282527 -0.49301809168932476 -0.18415723938791073
v 0.6500039625870204 -0.4738321015941862 0.0181267539754697
v 0.8042799461590266 -0.3821091065513853 -0.16520624060479916
v 0.6102059561716533 -0.2725541005241636 0.01861675630958759
v 0.6391899514900661 -0.16091910473582782 0.018259754289705388
v 0.7071449685799098 -0.21492110289213695 -0.09658023912755764
v 0.7071449685799098 -0.21492110289213695 -0.09658023912755764
v 0.6391899514900661 -0.16091910473582782 0.018259754289705388
v 0.6668639410244441 -0.14446610495028533 -0.014628240953367122
v 0.6668639410244441 -0.14446610495028533 -0.014628240953367122
v 0.6391899514900661 -0.16091910473582782 0.018259754289705388
v 0.6524699557529903 -0.11921710477722325 0.0180957558348962
v 0.6500039625870204 -0.4738321015941862 0.0181267539754697
v 0.8690419424282527 -0.49301809168932476 -0.18415723938791073
v 0.699330948661468 -0.5939181158649687 0.01751875679643833
v 0.8690419424282527 -0.49301809168932476 -0.18415723938791073
v 0.7685179639564967 -0.6701471219169859 0.016665754725057713
v 0.699330948661468 -0.5939181158649687 0.01751875679643833
v 0.7685179639564967 -0.6701471219169859 0.016665754725057713
v 0.8690419424282527 -0.49301809168932476 -0.18415723938791073
v 0.9202379811512447 -0.5799451181995634 -0.16363124747125424
v 0.9202379811512447 -0.5799451181995634 -0.16363124747125424
v 0.8601229418026424 -0.7115070829498533 0.01553675707133495
v 0.7685179639564967 -0.6701471219169859 0.016665754725057713
v 0.8601229418026424 -0.7115070829498533 0.01553675707133495
v 0.9202379811512447 -0.5799451181995634 -0.16363124747125424
v 0.9624109495388484 -0.6506931195366148 -0.10601523716298855
v 0.8601229418026424 -0.7115070829498533 0.01553675707133495
v 0.9624109495388484 -0.6506931195366148 -0.10601523716298855
v 0.9878229726063228 -0.6915361294853453 0.013963756968099705
v -0.2773980271113896 -0.6521770963775877 0.029554756243545643
v -0.2259790670169377 -0.6392411003219847 0.028920754675585858
v -0.2397030364764714 -0.669426084529138 -0.003322245667856105
v -0.11210203879008529 -0.5982390949833158 0.027517756332475773
v -0.2397030364764714 -0.669426084529138 -0.003322245667856105
v -0.2259790670169377 -0.6392411003219847 0.028920754675585858
v -0.11210203879008529 -0.5982390949833158 0.027517756332475773
v -0.1254130374682927 -0.7128781089889769 -0.08585223753301419
v -0.2397030364764714 -0.669426084529138 -0.003322245667856105
v -0.11210203879008529 -0.5982390949833158 0.027517756332475773
v 0.024933956931731727 -0.7288171062576536 -0.1336492468818835
v -0.1254130374682927 -0.7128781089889769 -0.08585223753301419
v -0.11210203879008529 -0.5982390949833158 0.027517756332475773
v 0.10696496851315263 -0.5610030899154905 0.02481775533111774
v 0.024933956931731727 -0.7288171062576536 -0.1336492468818835
v 0.024933956931731727 -0.7288171062576536 -0.1336492468818835
v 0.10696496851315263 -0.5610030899154905 0.02481775533111774
v 0.1639299619900203 -0.7311640987503294 -0.1565682460769824
v 0.25635695494284394 -0.4994910965072874 0.022976754118520848
v 0.1639299619900203 -0.7311640987503294 -0.1565682460769824
v 0.10696496851315263 -0.5610030899154905 0.02481775533111774
v 0.25635695494284394 -0.4994910965072874 0.022976754118520848
v 0.34643595516254666 -0.676441133986688 -0.17689624626485623
v 0.1639299619900203 -0.7311640987503294 -0.1565682460769824
v 0.25635695494284394 -0.4994910965072874 0.022976754118520848
v 0.4868509549604869 -0.5572851011860136 -0.15755725104657925
v 0.34643595516254666 -0.676441133986688 -0.17689624626485623
v 0.4868509549604869 -0.5572851011860136 -0.15755725104657925
v 0.25635695494284394 -0.4994910965072874 0.022976754118520848
v 0.37249595499170485 -0.42585909463045635 0.021545754630882374
v 0.37249595499170485 -0.42585909463045635 0.021545754630882374
v 0.5369479585396266 -0.4280920932399992 -0.10027724702207363
v 0.4868509549604869 -0.5572851011860136 -0.15755725104657925
v 0.5369479585396266 -0.4280920932399992 -0.10027724702207363
v 0.37249595499170485 -0.42585909463045635 0.021545754630882374
v 0.4447929564820743 -0.35222309924242534 0.020654754598457448
v 0.5369479585396266 -0.4280920932399992 -0.10027724702207363
v 0.4447929564820743 -0.35222309924242534 0.020654754598457448
v 0.5588339496361232 -0.27022910214540996 0.01924975391181194
v 0.16838295049538377 -0.7311640987503294 0.20474575262220585
v 0.25635695494284394 -0.4994910965072874 0.022976754118520848
v 0.10696496851315263 -0.5610030899154905 0.02481775533111774
v 0.25635695494284394 -0.4994910965072874 0.022976754118520848
v 0.16838295049538377 -0.7311640987503294 0.20474575262220585
v 0.3513339556710935 -0.676441133986688 0.22056975762994968
v 0.16838295049538377 -0.7311640987503294 0.20474575262220585
v 0.10696496851315263 -0.5610030899154905 0.02481775533111774
v 0.02886395938267472 -0.7288171062576536 0.18525875907095157
v 0.3513339556710935 -0.676441133986688 0.22056975762994968
v 0.49122895337214234 -0.5572851011860136 0.19777676265390598
v 0.25635695494284394 -0.4994910965072874 0.022976754118520848
v -0.11210203879008529 -0.5982390949833158 0.027517756332475773
v 0.02886395938267472 -0.7288171062576536 0.18525875907095157
v 0.10696496851315263 -0.5610030899154905 0.02481775533111774
v 0.25635695494284394 -0.4994910965072874 0.022976754118520848
v 0.49122895337214234 -0.5572851011860136 0.19777676265390598
v 0.37249595499170485 -0.42585909463045635 0.021545754630882374
v 0.02886395938267472 -0.7288171062576536 0.18525875907095157
v -0.11210203879008529 -0.5982390949833158 0.027517756332475773
v -0.12261504643092391 -0.7128781089889769 0.14118075918110096
v 0.5398999530779338 -0.4280920932399992 0.13928075682075702
v 0.37249595499170485 -0.42585909463045635 0.021545754630882374
v 0.49122895337214234 -0.5572851011860136 0.19777676265390598
v 0.37249595499170485 -0.42585909463045635 0.021545754630882374
v 0.5398999530779338 -0.4280920932399992 0.13928075682075702
v 0.4447929564820743 -0.35222309924242534 0.020654754598457448
v 0.4447929564820743 -0.35222309924242534 0.020654754598457448
v 0.5398999530779338 -0.4280920932399992 0.13928075682075702
v 0.5588339496361232 -0.27022910214540996 0.01924975391181194
v -0.11210203879008529 -0.5982390949833158 0.027517756332475773
v -0.2389040362132573 -0.669426084529138 0.06149275542872035
v -0.12261504643092391 -0.7128781089889769 0.14118075918110096
v -0.2389040362132573 -0.669426084529138 0.06149275542872035
v -0.11210203879008529 -0.5982390949833158 0.027517756332475773
v -0.2259790670169377 -0.6392411003219847 0.028920754675585858
v -0.2389040362132573 -0.669426084529138 0.06149275542872035
v -0.2259790670169377 -0.6392411003219847 0.028920754675585858
v -0.2773980271113896 -0.6521770963775877 0.029554756243545643
v 0.4346399534450984 -0.21265410728333034 0.19452474813612186
v 0.4769419584380603 -0.3288211087095503 0.020258756239730946
v 0.5134799558626628 -0.2666151086199049 0.23653675418050968
v 0.4769419584380603 -0.3288211087095503 0.020258756239730946
v 0.4346399534450984 -0.21265410728333034 0.19452474813612186
v 0.3911899555431819 -0.2651330987322096 0.021315755207855336
v 0.47303895689120057 -0.07973110399720706 0.3215867410198041
v 0.4346399534450984 -0.21265410728333034 0.19452474813612186
v 0.5134799558626628 -0.2666151086199049 0.23653675418050968
v 0.43035895414223435 -0.21265510566113033 -0.15291124780027188
v 0.4769419584380603 -0.3288211087095503 0.020258756239730946
v 0.3911899555431819 -0.2651330987322096 0.021315755207855336
v 0.5134799558626628 -0.2666151086199049 0.23653675418050968
v 0.5481469560371852 -0.10335310458717384 0.39459876518400394
v 0.47303895689120057 -0.07973110399720706 0.3215867410198041
v 0.4769419584380603 -0.3288211087095503 0.020258756239730946
v 0.43035895414223435 -0.21265510566113033 -0.15291124780027188
v 0.5081389475571132 -0.2666151086199049 -0.19685523409692562
v 0.5481469560371852 -0.10335310458717384 0.39459876518400394
v 0.45412295348515275 0.09487089418294392 0.36781374912412845
v 0.47303895689120057 -0.07973110399720706 0.3215867410198041
v 0.46561495251526597 -0.07973110399720706 -0.28087924618570126
v 0.5081389475571132 -0.2666151086199049 -0.19685523409692562
v 0.43035895414223435 -0.21265510566113033 -0.15291124780027188
v 0.5481469560371852 -0.10335310458717384 0.39459876518400394
v 0.5356319475876308 0.11599390112283192 0.45298276643903934
v 0.45412295348515275 0.09487089418294392 0.36781374912412845
v 0.5081389475571132 -0.2666151086199049 -0.19685523409692562
v 0.46561495251526597 -0.07973110399720706 -0.28087924618570126
v 0.5389009494291759 -0.10335310458717384 -0.35572125215379513
v 0.5356319475876308 0.11599390112283192 0.45298276643903934
v 0.38487095515748027 0.25587090753438435 0.32280175190122806
v 0.45412295348515275 0.09487089418294392 0.36781374912412845
v 0.44556495584120515 0.09487089418294392 -0.32662825484124935
v 0.5389009494291759 -0.10335310458717384 -0.35572125215379513
v 0.46561495251526597 -0.07973110399720706 -0.28087924618570126
v 0.38487095515748027 0.25587090753438435 0.32280175190122806
v 0.5356319475876308 0.11599390112283192 0.45298276643903934
v 0.43815695531239274 0.3155468990695711 0.39595074753912174
v 0.5389009494291759 -0.10335310458717384 -0.35572125215379513
v 0.44556495584120515 0.09487089418294392 -0.32662825484124935
v 0.5249509591566539 0.11599390112283192 -0.41377924580423153
v 0.43815695531239274 0.3155468990695711 0.39595074753912174
v 0.28212195671667817 0.3691948940646883 0.196563748528082
v 0.38487095515748027 0.25587090753438435 0.32280175190122806
v 0.37744395494965377 0.25587090753438435 -0.2799222340091876
v 0.5249509591566539 0.11599390112283192 -0.41377924580423153
v 0.44556495584120515 0.09487089418294392 -0.32662825484124935
v 0.28212195671667817 0.3691948940646883 0.196563748528082
v 0.43815695531239274 0.3155468990695711 0.39595074753912174
v 0.32351595572700265 0.4581218948257204 0.23881375591905796
v 0.5249509591566539 0.11599390112283192 -0.41377924580423153
v 0.37744395494965377 0.25587090753438435 -0.2799222340091876
v 0.428910956154964 0.3155468990695711 -0.35436023969499386
v 0.25722695178856614 0.5082648982894655 0.022966755439359776
v 0.28212195671667817 0.3691948940646883 0.196563748528082
v 0.32351595572700265 0.4581218948257204 0.23881375591905796
v 0.27783595807423356 0.3691948940646883 -0.15119125146714962
v 0.428910956154964 0.3155468990695711 -0.35436023969499386
v 0.37744395494965377 0.25587090753438435 -0.2799222340091876
v 0.28212195671667817 0.3691948940646883 0.196563748528082
v 0.25722695178856614 0.5082648982894655 0.022966755439359776
v 0.21486995406021836 0.40733086966397725 0.023488754291851155
v 0.25722695178856614 0.5082648982894655 0.022966755439359776
v 0.27783595807423356 0.3691948940646883 -0.15119125146714962
v 0.21486995406021836 0.40733086966397725 0.023488754291851155
v 0.428910956154964 0.3155468990695711 -0.35436023969499386
v 0.27783595807423356 0.3691948940646883 -0.15119125146714962
v 0.3181769553529239 0.4581218948257204 -0.1944492330059222
v 0.25722695178856614 0.5082648982894655 0.022966755439359776
v 0.3181769553529239 0.4581218948257204 -0.1944492330059222
v 0.27783595807423356 0.3691948940646883 -0.15119125146714962
v 0.4858749587046123 -0.16030110515234508 0.020148755867797963
v 0.4346399534450984 -0.21265410728333034 0.19452474813612186
v 0.5279649574266887 -0.11862310491082706 0.15312475513370716
v 0.47303895689120057 -0.07973110399720706 0.3215867410198041
v 0.5279649574266887 -0.11862310491082706 0.15312475513370716
v 0.4346399534450984 -0.21265410728333034 0.19452474813612186
v 0.4346399534450984 -0.21265410728333034 0.19452474813612186
v 0.4858749587046123 -0.16030110515234508 0.020148755867797963
v 0.3911899555431819 -0.2651330987322096 0.021315755207855336
v 0.5279649574266887 -0.11862310491082706 0.15312475513370716
v 0.47303895689120057 -0.07973110399720706 0.3215867410198041
v 0.5578209537970042 -0.01674310214397945 0.2493557612195798
v 0.4858749587046123 -0.16030110515234508 0.020148755867797963
v 0.43035895414223435 -0.21265510566113033 -0.15291124780027188
v 0.3911899555431819 -0.2651330987322096 0.021315755207855336
v 0.45412295348515275 0.09487089418294392 0.36781374912412845
v 0.5578209537970042 -0.01674310214397945 0.2493557612195798
v 0.47303895689120057 -0.07973110399720706 0.3215867410198041
v 0.43035895414223435 -0.21265510566113033 -0.15291124780027188
v 0.4858749587046123 -0.16030110515234508 0.020148755867797963
v 0.5246749598490215 -0.11862310491082706 -0.11382223863450802
v 0.5578209537970042 -0.01674310214397945 0.2493557612195798
v 0.45412295348515275 0.09487089418294392 0.36781374912412845
v 0.5332269597755885 0.11599889301183186 0.28526074986608707
v 0.46561495251526597 -0.07973110399720706 -0.28087924618570126
v 0.43035895414223435 -0.21265510566113033 -0.15291124780027188
v 0.5246749598490215 -0.11862310491082706 -0.11382223863450802
v 0.4902389574753261 0.24066290162923298 0.25007375877054416
v 0.5332269597755885 0.11599889301183186 0.28526074986608707
v 0.45412295348515275 0.09487089418294392 0.36781374912412845
v 0.46561495251526597 -0.07973110399720706 -0.28087924618570126
v 0.5246749598490215 -0.11862310491082706 -0.11382223863450802
v 0.5521509576546169 -0.016744107972360034 -0.21076224942056454
v 0.45412295348515275 0.09487089418294392 0.36781374912412845
v 0.38487095515748027 0.25587090753438435 0.32280175190122806
v 0.4902389574753261 0.24066290162923298 0.25007375877054416
v 0.44556495584120515 0.09487089418294392 -0.32662825484124935
v 0.46561495251526597 -0.07973110399720706 -0.28087924618570126
v 0.5521509576546169 -0.016744107972360034 -0.21076224942056454
v 0.41139395571818116 0.3254028847110506 0.15440175484569751
v 0.4902389574753261 0.24066290162923298 0.25007375877054416
v 0.38487095515748027 0.25587090753438435 0.32280175190122806
v 0.44556495584120515 0.09487089418294392 -0.32662825484124935
v 0.5521509576546169 -0.016744107972360034 -0.21076224942056454
v 0.5266789574133373 0.11599889301183186 -0.24604924220887936
v 0.38487095515748027 0.25587090753438435 0.32280175190122806
v 0.28212195671667817 0.3691948940646883 0.196563748528082
v 0.41139395571818116 0.3254028847110506 0.15440175484569751
v 0.48457195646633866 0.24066290162923298 -0.20981325406877316
v 0.44556495584120515 0.09487089418294392 -0.32662825484124935
v 0.5266789574133373 0.11599889301183186 -0.24604924220887936
v 0.3515309546100116 0.35323890947225056 0.02180475543888294
v 0.41139395571818116 0.3254028847110506 0.15440175484569751
v 0.28212195671667817 0.3691948940646883 0.196563748528082
v 0.44556495584120515 0.09487089418294392 -0.32662825484124935
v 0.48457195646633866 0.24066290162923298 -0.20981325406877316
v 0.37744395494965377 0.25587090753438435 -0.2799222340091876
v 0.28212195671667817 0.3691948940646883 0.196563748528082
v 0.21486995406021836 0.40733086966397725 0.023488754291851155
v 0.3515309546100116 0.35323890947225056 0.02180475543888294
v 0.4081079553770042 0.3254028847110506 -0.11222824652044094
v 0.37744395494965377 0.25587090753438435 -0.2799222340091876
v 0.48457195646633866 0.24066290162923298 -0.20981325406877316
v 0.27783595807423356 0.3691948940646883 -0.15119125146714962
v 0.3515309546100116 0.35323890947225056 0.02180475543888294
v 0.21486995406021836 0.40733086966397725 0.023488754291851155
v 0.37744395494965377 0.25587090753438435 -0.2799222340091876
v 0.4081079553770042 0.3254028847110506 -0.11222824652044094
v 0.27783595807423356 0.3691948940646883 -0.15119125146714962
v 0.3515309546100116 0.35323890947225056 0.02180475543888294
v 0.27783595807423356 0.3691948940646883 -0.15119125146714962
v 0.4081079553770042 0.3254028847110506 -0.11222824652044094
v 0.11936294324269059 0.6543499221694704 -0.10467224020807064
v 0.08098696954121354 0.6927279224288698 -0.10419924754945553
v 0.08931195027699235 0.6927279224288698 -0.14746824104635037
v 0.11936294324269059 0.6543499221694704 -0.10467224020807064
v 0.09032996780743363 0.6927279224288698 -0.064852247129362
v 0.08098696954121354 0.6927279224288698 -0.10419924754945553
v 0.11936294324269059 0.6543499221694704 -0.10467224020807064
v 0.08931195027699235 0.6927279224288698 -0.14746824104635037
v 0.11883195526470902 0.6632068743598696 -0.14783224661199368
v 0.11798094994892838 0.6927279224288698 -0.21686525840608395
v 0.11883195526470902 0.6632068743598696 -0.14783224661199368
v 0.08931195027699235 0.6927279224288698 -0.14746824104635037
v 0.09032996780743363 0.6927279224288698 -0.064852247129362
v 0.11936294324269059 0.6543499221694704 -0.10467224020807064
v 0.11984994299282792 0.6632068743598696 -0.06521624524442471
v 0.09032996780743363 0.6927279224288698 -0.064852247129362
v 0.11984994299282792 0.6632068743598696 -0.06521624524442471
v 0.12069996483196976 0.6927279224288698 0.0038177537515946547
v 0.1230819452511287 0.6632068743598696 0.197122750689108
v 0.0935629535423732 0.6927279224288698 0.19748675625475132
v 0.12255095727314713 0.6543499221694704 0.15396375756414615
v 0.12393295056690934 0.6927279224288698 0.26615676086099826
v 0.0935629535423732 0.6927279224288698 0.19748675625475132
v 0.1230819452511287 0.6632068743598696 0.197122750689108
v 0.0935629535423732 0.6927279224288698 0.19748675625475132
v 0.0841749537693477 0.6927279224288698 0.15443675767334186
v 0.12255095727314713 0.6543499221694704 0.15396375756414615
v 0.09254496581425431 0.6927279224288698 0.11487075488718235
v 0.12255095727314713 0.6543499221694704 0.15396375756414615
v 0.0841749537693477 0.6927279224288698 0.15443675767334186
v 0.12255095727314713 0.6543499221694704 0.15396375756414615
v 0.09254496581425431 0.6927279224288698 0.11487075488718235
v 0.1220639575230098 0.6632068743598696 0.11450675677211963
v 0.09254496581425431 0.6927279224288698 0.11487075488718235
v 0.12121396548619034 0.6927279224288698 0.04547475546302282
v 0.1220639575230098 0.6632068743598696 0.11450675677211963
v -0.9410590302241826 -0.3285700986492399 0.03773275565059864
v -0.8609670769465947 -0.40734511710283794 0.03674575488718235
v -0.9426960121882939 -0.2929701069700483 -0.09511624474374569
v -0.9394220482600713 -0.2929701069700483 0.17058175604494297
v -0.8609670769465947 -0.40734511710283794 0.03674575488718235
v -0.9410590302241826 -0.3285700986492399 0.03773275565059864
v -0.8609670769465947 -0.40734511710283794 0.03674575488718235
v -0.8630900751842046 -0.36119110978720226 -0.13548824388829983
v -0.9426960121882939 -0.2929701069700483 -0.09511624474374569
v -0.8609670769465947 -0.40734511710283794 0.03674575488718235
v -0.9394220482600713 -0.2929701069700483 0.17058175604494297
v -0.8588450323833012 -0.36119110978720226 0.20897975366266452
v -0.8646430145991826 -0.23509810216305294 -0.2615712453827075
v -0.9426960121882939 -0.2929701069700483 -0.09511624474374569
v -0.8630900751842046 -0.36119110978720226 -0.13548824388829983
v -0.9394220482600713 -0.2929701069700483 0.17058175604494297
v -0.8572900664104008 -0.23509810216305294 0.33506376843603336
v -0.8588450323833012 -0.36119110978720226 0.20897975366266452
v -0.9426960121882939 -0.2929701069700483 -0.09511624474374569
v -0.8646430145991826 -0.23509810216305294 -0.2615712453827075
v -0.9438950192225957 -0.19571010119793453 -0.1923692395195178
v -0.8572900664104008 -0.23509810216305294 0.33506376843603336
v -0.9394220482600713 -0.2929701069700483 0.17058175604494297
v -0.9382239949000859 -0.19571010119793453 0.26783475082071506
v -0.865211046863892 -0.06285110584971942 -0.3077222575649432
v -0.9438950192225957 -0.19571010119793453 -0.1923692395195178
v -0.8646430145991826 -0.23509810216305294 -0.2615712453827075
v -0.9382239949000859 -0.19571010119793453 0.26783475082071506
v -0.8567220341456914 -0.06285110584971942 0.3812137673393079
v -0.8572900664104008 -0.23509810216305294 0.33506376843603336
v -0.9438950192225957 -0.19571010119793453 -0.1923692395195178
v -0.865211046863892 -0.06285110584971942 -0.3077222575649432
v -0.9443340670360112 -0.06285110584971942 -0.2279662360653094
v -0.8567220341456914 -0.06285110584971942 0.3812137673393079
v -0.9382239949000859 -0.19571010119793453 0.26783475082071506
v -0.9377850662959599 -0.06285110584971942 0.3034307489887067
v -0.865211046863892 -0.06285110584971942 -0.3077222575649432
v -0.9438950192225957 0.07000788949849568 -0.1923692395195178
v -0.9443340670360112 -0.06285110584971942 -0.2279662360653094
v -0.9382239949000859 0.07000788949849568 0.26783475082071506
v -0.8567220341456914 -0.06285110584971942 0.3812137673393079
v -0.9377850662959599 -0.06285110584971942 0.3034307489887067
v -0.9438950192225957 0.07000788949849568 -0.1923692395195178
v -0.865211046863892 -0.06285110584971942 -0.3077222575649432
v -0.8646430145991826 0.10939589046361409 -0.2615712453827075
v -0.8567220341456914 -0.06285110584971942 0.3812137673393079
v -0.9382239949000859 0.07000788949849568 0.26783475082071506
v -0.8572900664104008 0.10939589046361409 0.33506376843603336
v -0.8646430145991826 0.10939589046361409 -0.2615712453827075
v -0.9426960121882939 0.1672669043433901 -0.09511624474374569
v -0.9438950192225957 0.07000788949849568 -0.1923692395195178
v -0.9394220482600713 0.1672669043433901 0.17058175604494297
v -0.8572900664104008 0.10939589046361409 0.33506376843603336
v -0.9382239949000859 0.07000788949849568 0.26783475082071506
v -0.8646430145991826 0.10939589046361409 -0.2615712453827075
v -0.8630900751842046 0.23548790716054402 -0.13548824388829983
v -0.9426960121882939 0.1672669043433901 -0.09511624474374569
v -0.8572900664104008 0.10939589046361409 0.33506376843603336
v -0.9394220482600713 0.1672669043433901 0.17058175604494297
v -0.8588450323833012 0.23548790716054402 0.20897975366266452
v -0.8609670769465947 0.2816428830516573 0.03674575488718235
v -0.9426960121882939 0.1672669043433901 -0.09511624474374569
v -0.8630900751842046 0.23548790716054402 -0.13548824388829983
v -0.9394220482600713 0.1672669043433901 0.17058175604494297
v -0.8609670769465947 0.2816428830516573 0.03674575488718235
v -0.8588450323833012 0.23548790716054402 0.20897975366266452
v -0.9426960121882939 0.1672669043433901 -0.09511624474374569
v -0.8609670769465947 0.2816428830516573 0.03674575488718235
v -0.9410590302241826 0.20286789440038167 0.03773275565059864
v -0.8609670769465947 0.2816428830516573 0.03674575488718235
v -0.9394220482600713 0.1672669043433901 0.17058175604494297
v -0.9410590302241826 0.20286789440038167 0.03773275565059864
v -0.9436819922221684 -0.4315260956394438 -0.17510624427644528
v -0.8609670769465947 -0.40734511710283794 0.03674575488718235
v -0.9410590302241826 -0.48856011129496135 0.03773275565059864
v -0.9384370219005131 -0.4315260956394438 0.25057075719984256
v -0.9410590302241826 -0.48856011129496135 0.03773275565059864
v -0.8609670769465947 -0.40734511710283794 0.03674575488718235
v -0.8609670769465947 -0.40734511710283794 0.03674575488718235
v -0.9436819922221684 -0.4315260956394438 -0.17510624427644528
v -0.8630900751842046 -0.36119110978720226 -0.13548824388829983
v -0.8609670769465947 -0.40734511710283794 0.03674575488718235
v -0.8588450323833012 -0.36119110978720226 0.20897975366266452
v -0.9384370219005131 -0.4315260956394438 0.25057075719984256
v -0.9436819922221684 -0.4315260956394438 -0.17510624427644528
v -0.8646430145991826 -0.23509810216305294 -0.2615712453827075
v -0.8630900751842046 -0.36119110978720226 -0.13548824388829983
v -0.8572900664104008 -0.23509810216305294 0.33506376843603336
v -0.9384370219005131 -0.4315260956394438 0.25057075719984256
v -0.8588450323833012 -0.36119110978720226 0.20897975366266452
v -0.8646430145991826 -0.23509810216305294 -0.2615712453827075
v -0.9436819922221684 -0.4315260956394438 -0.17510624427644528
v -0.9456020962489629 -0.27570510007021465 -0.33091424603311337
v -0.9384370219005131 -0.4315260956394438 0.25057075719984256
v -0.8572900664104008 -0.23509810216305294 0.33506376843603336
v -0.9365170370830083 -0.27570510007021465 0.40637875895651066
v -0.9456020962489629 -0.27570510007021465 -0.33091424603311337
v -0.865211046863892 -0.06285110584971942 -0.3077222575649432
v -0.8646430145991826 -0.23509810216305294 -0.2615712453827075
v -0.8567220341456914 -0.06285110584971942 0.3812137673393079
v -0.9365170370830083 -0.27570510007021465 0.40637875895651066
v -0.8572900664104008 -0.23509810216305294 0.33506376843603336
v -0.865211046863892 -0.06285110584971942 -0.3077222575649432
v -0.9456020962489629 -0.27570510007021465 -0.33091424603311337
v -0.9463050734294438 -0.06285110584971942 -0.3879442383751086
v -0.9365170370830083 -0.27570510007021465 0.40637875895651066
v -0.8567220341456914 -0.06285110584971942 0.3812137673393079
v -0.9358140599025273 -0.06285110584971942 0.4634097645774671
v -0.9456020962489629 0.1500028958213564 -0.33091424603311337
v -0.865211046863892 -0.06285110584971942 -0.3077222575649432
v -0.9463050734294438 -0.06285110584971942 -0.3879442383751086
v -0.9365170370830083 0.1500028958213564 0.40637875895651066
v -0.9358140599025273 -0.06285110584971942 0.4634097645774671
v -0.8567220341456914 -0.06285110584971942 0.3812137673393079
v -0.865211046863892 -0.06285110584971942 -0.3077222575649432
v -0.9456020962489629 0.1500028958213564 -0.33091424603311337
v -0.8646430145991826 0.10939589046361409 -0.2615712453827075
v -0.9365170370830083 0.1500028958213564 0.40637875895651066
v -0.8567220341456914 -0.06285110584971942 0.3812137673393079
v -0.8572900664104008 0.10939589046361409 0.33506376843603336
v -0.9436819922221684 0.30582290791394673 -0.17510624427644528
v -0.8646430145991826 0.10939589046361409 -0.2615712453827075
v -0.9456020962489629 0.1500028958213564 -0.33091424603311337
v -0.9384370219005131 0.30582290791394673 0.25057075719984256
v -0.9365170370830083 0.1500028958213564 0.40637875895651066
v -0.8572900664104008 0.10939589046361409 0.33506376843603336
v -0.8646430145991826 0.10939589046361409 -0.2615712453827075
v -0.9436819922221684 0.30582290791394673 -0.17510624427644528
v -0.8630900751842046 0.23548790716054402 -0.13548824388829983
v -0.8572900664104008 0.10939589046361409 0.33506376843603336
v -0.8588450323833012 0.23548790716054402 0.20897975366266452
v -0.9384370219005131 0.30582290791394673 0.25057075719984256
v -0.9410590302241826 0.3628568937671419 0.03773275565059864
v -0.8630900751842046 0.23548790716054402 -0.13548824388829983
v -0.9436819922221684 0.30582290791394673 -0.17510624427644528
v -0.8588450323833012 0.23548790716054402 0.20897975366266452
v -0.9410590302241826 0.3628568937671419 0.03773275565059864
v -0.9384370219005131 0.30582290791394673 0.25057075719984256
v -0.8630900751842046 0.23548790716054402 -0.13548824388829983
v -0.9410590302241826 0.3628568937671419 0.03773275565059864
v -0.8609670769465947 0.2816428830516573 0.03674575488718235
v -0.9410590302241826 0.3628568937671419 0.03773275565059864
v -0.8588450323833012 0.23548790716054402 0.20897975366266452
v -0.8609670769465947 0.2816428830516573 0.03674575488718235
v 1.4829738963352657 -0.196994104455686 0.007861753810960881
v 1.4740908969150996 -0.3646041015493635 0.19415175717027866
v 1.5602619279133296 -0.3047671029674772 0.17123675893696033
v 1.4740908969150996 -0.3646041015493635 0.19415175717027866
v 1.4829738963352657 -0.196994104455686 0.007861753810960881
v 1.386524998019836 -0.24250010497448482 0.00905075471552097
v 1.5602619279133296 -0.3047671029674772 0.17123675893696033
v 1.5980549681889034 -0.16338610373017826 0.0064437555864640395
v 1.4829738963352657 -0.196994104455686 0.007861753810960881
v 1.386524998019836 -0.24250010497448482 0.00905075471552097
v 1.3550209630238033 -0.4471890936004881 0.21424574952276432
v 1.4740908969150996 -0.3646041015493635 0.19415175717027866
v 1.5980549681889034 -0.16338610373017826 0.0064437555864640395
v 1.5602619279133296 -0.3047671029674772 0.17123675893696033
v 1.6530769694553828 -0.240109101902223 0.12275175552519046
v 1.3550209630238033 -0.4471890936004881 0.21424574952276432
v 1.386524998019836 -0.24250010497448482 0.00905075471552097
v 1.2586939562069392 -0.3128691027271513 0.010625755299646489
v 1.6530769694553828 -0.240109101902223 0.12275175552519046
v 1.712123953174255 -0.165743106077886 0.005037756522018544
v 1.5980549681889034 -0.16338610373017826 0.0064437555864640395
v 1.712123953174255 -0.165743106077886 0.005037756522018544
v 1.6530769694553828 -0.240109101902223 0.12275175552519046
v 1.7278319228397823 -0.18764710522768535 0.03824175510259353
v 1.712123953174255 -0.165743106077886 0.005037756522018544
v 1.7278319228397823 -0.18764710522768535 0.03824175510259353
v 1.754579984019897 -0.16884610525844135 0.004514755566436879
v 1.3550209630238033 -0.4471890936004881 0.21424574952276432
v 1.2586939562069392 -0.3128691027271513 0.010625755299646489
v 1.1751349795567012 -0.39183509446260967 0.011654754985887639
v 1.1751349795567012 -0.39183509446260967 0.011654754985887639
v 1.261252962421081 -0.511918098698831 0.1936907599464246
v 1.3550209630238033 -0.4471890936004881 0.21424574952276432
v 1.261252962421081 -0.511918098698831 0.1936907599464246
v 1.1751349795567012 -0.39183509446260967 0.011654754985887639
v 1.1263559687839961 -0.4836421022522215 0.012256754447538487
v 1.261252962421081 -0.511918098698831 0.1936907599464246
v 1.1263559687839961 -0.4836421022522215 0.012256754447538487
v 1.1844149459110713 -0.5645990977394346 0.13498175691517078
v 1.1844149459110713 -0.5645990977394346 0.13498175691517078
v 1.1263559687839961 -0.4836421022522215 0.012256754447538487
v 1.1389619339214778 -0.5950120995151762 0.012100754191000096
v 1.4829738963352657 -0.196994104455686 0.007861753810960881
v 1.4695030081974483 -0.3646041015493635 -0.17815324861852444
v 1.386524998019836 -0.24250010497448482 0.00905075471552097
v 1.4695030081974483 -0.3646041015493635 -0.17815324861852444
v 1.4829738963352657 -0.196994104455686 0.007861753810960881
v 1.5562119115101314 -0.3047671029674772 -0.15736924309579647
v 1.386524998019836 -0.24250010497448482 0.00905075471552097
v 1.4695030081974483 -0.3646041015493635 -0.17815324861852444
v 1.349973939727447 -0.4471890936004881 -0.19530724186746395
v 1.5980549681889034 -0.16338610373017826 0.0064437555864640395
v 1.5562119115101314 -0.3047671029674772 -0.15736924309579647
v 1.4829738963352657 -0.196994104455686 0.007861753810960881
v 1.349973939727447 -0.4471890936004881 -0.19530724186746395
v 1.2586939562069392 -0.3128691027271513 0.010625755299646489
v 1.386524998019836 -0.24250010497448482 0.00905075471552097
v 1.5562119115101314 -0.3047671029674772 -0.15736924309579647
v 1.5980549681889034 -0.16338610373017826 0.0064437555864640395
v 1.6501940119968868 -0.240109101902223 -0.11118424136487759
v 1.349973939727447 -0.4471890936004881 -0.19530724186746395
v 1.1751349795567012 -0.39183509446260967 0.011654754985887639
v 1.2586939562069392 -0.3128691027271513 0.010625755299646489
v 1.712123953174255 -0.165743106077886 0.005037756522018544
v 1.6501940119968868 -0.240109101902223 -0.11118424136487759
v 1.5980549681889034 -0.16338610373017826 0.0064437555864640395
v 1.6501940119968868 -0.240109101902223 -0.11118424136487759
v 1.712123953174255 -0.165743106077886 0.005037756522018544
v 1.7270089019047237 -0.18764710522768535 -0.028544241677205928
v 1.7270089019047237 -0.18764710522768535 -0.028544241677205928
v 1.712123953174255 -0.165743106077886 0.005037756522018544
v 1.754579984019897 -0.16884610525844135 0.004514755566436879
v 1.1751349795567012 -0.39183509446260967 0.011654754985887639
v 1.349973939727447 -0.4471890936004881 -0.19530724186746395
v 1.2567409504162288 -0.511918098698831 -0.1724482496484927
v 1.2567409504162288 -0.511918098698831 -0.1724482496484927
v 1.1263559687839961 -0.4836421022522215 0.012256754447538487
v 1.1751349795567012 -0.39183509446260967 0.011654754985887639
v 1.1263559687839961 -0.4836421022522215 0.012256754447538487
v 1.2567409504162288 -0.511918098698831 -0.1724482496484927
v 1.1813739765392757 -0.5645990977394346 -0.11186324257699765
v 1.1263559687839961 -0.4836421022522215 0.012256754447538487
v 1.1813739765392757 -0.5645990977394346 -0.11186324257699765
v 1.1389619339214778 -0.5950120995151762 0.012100754191000096
v -1.369307078052857 -0.3134901086199049 0.04300975508691751
v -1.3708510767711186 -0.2799111018287901 -0.08230024773923672
v -1.453009046245911 -0.20676810390827693 -0.03905524511186398
v -1.3708510767711186 -0.2799111018287901 -0.08230024773923672
v -1.453758991886475 -0.14594210408208408 -0.09987724025098599
v -1.453009046245911 -0.20676810390827693 -0.03905524511186398
v -1.369307078052857 -0.3134901086199049 0.04300975508691751
v -1.453009046245911 -0.20676810390827693 -0.03905524511186398
v -1.4519850384486699 -0.22903210766193904 0.044028755162675015
v -1.453758991886475 -0.14594210408208408 -0.09987724025098599
v -1.3708510767711186 -0.2799111018287901 -0.08230024773923672
v -1.3719810616267705 -0.188171104561067 -0.1740332414611987
v -1.3677630793345952 -0.2799111018287901 0.1683197523251363
v -1.369307078052857 -0.3134901086199049 0.04300975508691751
v -1.4519850384486699 -0.22903210766193904 0.044028755162675015
v -1.3719810616267705 -0.188171104561067 -0.1740332414611987
v -1.4540330540431523 -0.06285110584971942 -0.12213924724904812
v -1.453758991886475 -0.14594210408208408 -0.09987724025098599
v -1.4519850384486699 -0.22903210766193904 0.044028755162675015
v -1.4509621035350346 -0.20676810390827693 0.1271127591625043
v -1.3677630793345952 -0.2799111018287901 0.1683197523251363
v -1.4540330540431523 -0.06285110584971942 -0.12213924724904812
v -1.3719810616267705 -0.188171104561067 -0.1740332414611987
v -1.3723950754893803 -0.06285110584971942 -0.20761023659555233
v -1.4502120386851811 -0.14594210408208408 0.1879357526794263
v -1.3677630793345952 -0.2799111018287901 0.1683197523251363
v -1.4509621035350346 -0.20676810390827693 0.1271127591625043
v -1.3719810616267705 0.062467901934408765 -0.1740332414611987
v -1.4540330540431523 -0.06285110584971942 -0.12213924724904812
v -1.3723950754893803 -0.06285110584971942 -0.20761023659555233
v -1.3677630793345952 -0.2799111018287901 0.1683197523251363
v -1.4502120386851811 -0.14594210408208408 0.1879357526794263
v -1.3666320215953374 -0.188171104561067 0.26005375187547886
v -1.4540330540431523 -0.06285110584971942 -0.12213924724904812
v -1.3719810616267705 0.062467901934408765 -0.1740332414611987
v -1.453758991886475 0.020238890279554944 -0.09987724025098599
v -1.4502120386851811 -0.14594210408208408 0.1879357526794263
v -1.3662180077327275 -0.06285110584971942 0.2936297486320325
v -1.3666320215953374 -0.188171104561067 0.26005375187547886
v -1.3719810616267705 0.062467901934408765 -0.1740332414611987
v -1.453009046245911 0.08106589220883809 -0.03905524511186398
v -1.453758991886475 0.020238890279554944 -0.09987724025098599
v -1.3662180077327275 -0.06285110584971942 0.2936297486320325
v -1.4502120386851811 -0.14594210408208408 0.1879357526794263
v -1.4499380957377934 -0.06285110584971942 0.21019775967748844
v -1.3719810616267705 0.062467901934408765 -0.1740332414611987
v -1.3708510767711186 0.15420889757993184 -0.08230024773923672
v -1.453009046245911 0.08106589220883809 -0.03905524511186398
v -1.3666320215953374 0.062467901934408765 0.26005375187547886
v -1.3662180077327275 -0.06285110584971942 0.2936297486320325
v -1.4499380957377934 -0.06285110584971942 0.21019775967748844
v -1.369307078052857 0.18778690599324666 0.04300975508691751
v -1.453009046245911 0.08106589220883809 -0.03905524511186398
v -1.3708510767711186 0.15420889757993184 -0.08230024773923672
v -1.3666320215953374 0.062467901934408765 0.26005375187547886
v -1.4499380957377934 -0.06285110584971942 0.21019775967748844
v -1.4502120386851811 0.020238890279554944 0.1879357526794263
v -1.453009046245911 0.08106589220883809 -0.03905524511186398
v -1.369307078052857 0.18778690599324666 0.04300975508691751
v -1.4519850384486699 0.1033298959625002 0.044028755162675015
v -1.3677630793345952 0.15420889757993184 0.1683197523251363
v -1.3666320215953374 0.062467901934408765 0.26005375187547886
v -1.4502120386851811 0.020238890279554944 0.1879357526794263
v -1.3677630793345952 0.15420889757993184 0.1683197523251363
v -1.4519850384486699 0.1033298959625002 0.044028755162675015
v -1.369307078052857 0.18778690599324666 0.04300975508691751
v -1.4502120386851811 0.020238890279554944 0.1879357526794263
v -1.4509621035350346 0.08106589220883809 0.1271127591625043
v -1.3677630793345952 0.15420889757993184 0.1683197523251363
v -1.4519850384486699 0.1033298959625002 0.044028755162675015
v -1.3677630793345952 0.15420889757993184 0.1683197523251363
v -1.4509621035350346 0.08106589220883809 0.1271127591625043
v -1.369307078052857 -0.3134901086199049 0.04300975508691751
v -1.4519850384486699 -0.39449909425852336 0.044028755162675015
v -1.3708510767711186 -0.2799111018287901 -0.08230024773923672
v -1.3677630793345952 -0.2799111018287901 0.1683197523251363
v -1.4519850384486699 -0.39449909425852336 0.044028755162675015
v -1.369307078052857 -0.3134901086199049 0.04300975508691751
v -1.4519850384486699 -0.39449909425852336 0.044028755162675015
v -1.4540290009273076 -0.3500661114561323 -0.12178224522916592
v -1.3708510767711186 -0.2799111018287901 -0.08230024773923672
v -1.4519850384486699 -0.39449909425852336 0.044028755162675015
v -1.3677630793345952 -0.2799111018287901 0.1683197523251363
v -1.4499420296443486 -0.3500661114561323 0.20983975927980625
v -1.4540290009273076 -0.3500661114561323 -0.12178224522916592
v -1.3719810616267705 -0.188171104561067 -0.1740332414611987
v -1.3708510767711186 -0.2799111018287901 -0.08230024773923672
v -1.3666320215953374 -0.188171104561067 0.26005375187547886
v -1.4499420296443486 -0.3500661114561323 0.20983975927980625
v -1.3677630793345952 -0.2799111018287901 0.1683197523251363
v -1.3719810616267705 -0.188171104561067 -0.1740332414611987
v -1.4540290009273076 -0.3500661114561323 -0.12178224522916592
v -1.4555250775111699 -0.22867410726425685 -0.2431642581924609
v -1.4499420296443486 -0.3500661114561323 0.20983975927980625
v -1.3666320215953374 -0.188171104561067 0.26005375187547886
v -1.4484460722697758 -0.22867410726425685 0.33122075896414005
v -1.4560720097316289 -0.06285110584971942 -0.2875932325824908
v -1.3719810616267705 -0.188171104561067 -0.1740332414611987
v -1.4555250775111699 -0.22867410726425685 -0.2431642581924609
v -1.4478990208400273 -0.06285110584971942 0.37565074663313114
v -1.4484460722697758 -0.22867410726425685 0.33122075896414005
v -1.3666320215953374 -0.188171104561067 0.26005375187547886
v -1.3719810616267705 -0.188171104561067 -0.1740332414611987
v -1.4560720097316289 -0.06285110584971942 -0.2875932325824908
v -1.3723950754893803 -0.06285110584971942 -0.20761023659555233
v -1.3662180077327275 -0.06285110584971942 0.2936297486320325
v -1.4478990208400273 -0.06285110584971942 0.37565074663313114
v -1.3666320215953374 -0.188171104561067 0.26005375187547886
v -1.3723950754893803 -0.06285110584971942 -0.20761023659555233
v -1.4560720097316289 -0.06285110584971942 -0.2875932325824908
v -1.3719810616267705 0.062467901934408765 -0.1740332414611987
v -1.3666320215953374 0.062467901934408765 0.26005375187547886
v -1.4478990208400273 -0.06285110584971942 0.37565074663313114
v -1.3662180077327275 -0.06285110584971942 0.2936297486320325
v -1.4560720097316289 -0.06285110584971942 -0.2875932325824908
v -1.4555250775111699 0.102971895564818 -0.2431642581924609
v -1.3719810616267705 0.062467901934408765 -0.1740332414611987
v -1.4478990208400273 -0.06285110584971942 0.37565074663313114
v -1.3666320215953374 0.062467901934408765 0.26005375187547886
v -1.4484460722697758 0.102971895564818 0.33122075896414005
v -1.4540290009273076 0.22436290882947407 -0.12178224522916592
v -1.3719810616267705 0.062467901934408765 -0.1740332414611987
v -1.4555250775111699 0.102971895564818 -0.2431642581924609
v -1.4499420296443486 0.22436290882947407 0.20983975927980625
v -1.4484460722697758 0.102971895564818 0.33122075896414005
v -1.3666320215953374 0.062467901934408765 0.26005375187547886
v -1.3719810616267705 0.062467901934408765 -0.1740332414611987
v -1.4540290009273076 0.22436290882947407 -0.12178224522916592
v -1.3708510767711186 0.15420889757993184 -0.08230024773923672
v -1.3666320215953374 0.062467901934408765 0.26005375187547886
v -1.3677630793345952 0.15420889757993184 0.1683197523251363
v -1.4499420296443486 0.22436290882947407 0.20983975927980625
v -1.4519850384486699 0.26879489325406514 0.044028755162675015
v -1.3708510767711186 0.15420889757993184 -0.08230024773923672
v -1.4540290009273076 0.22436290882947407 -0.12178224522916592
v -1.3677630793345952 0.15420889757993184 0.1683197523251363
v -1.4519850384486699 0.26879489325406514 0.044028755162675015
v -1.4499420296443486 0.22436290882947407 0.20983975927980625
v -1.3708510767711186 0.15420889757993184 -0.08230024773923672
v -1.4519850384486699 0.26879489325406514 0.044028755162675015
v -1.369307078052857 0.18778690599324666 0.04300975508691751
v -1.4519850384486699 0.26879489325406514 0.044028755162675015
v -1.3677630793345952 0.15420889757993184 0.1683197523251363
v -1.369307078052857 0.18778690599324666 0.04300975508691751
v -1.7620129954112553 -0.26336310900328197 0.04784975561948501
v -1.7632480036510014 -0.2364991018879179 -0.05239924241153515
v -1.828974999119141 -0.17798510662791767 -0.017803246270101436
v -1.764153040577271 -0.16310710556385555 -0.12578524846879757
v -1.828974999119141 -0.17798510662791767 -0.017803246270101436
v -1.7632480036510014 -0.2364991018879179 -0.05239924241153515
v -1.7620129954112553 -0.26336310900328197 0.04784975561948501
v -1.828974999119141 -0.17798510662791767 -0.017803246270101436
v -1.8281560312999272 -0.19579610324976482 0.04866475507320844
v -1.828974999119141 -0.17798510662791767 -0.017803246270101436
v -1.764153040577271 -0.16310710556385555 -0.12578524846879757
v -1.8295750986827397 -0.1293241046699647 -0.06646124471275128
v -1.8273370634807133 -0.17798510662791767 0.11513175617607319
v -1.7620129954112553 -0.26336310900328197 0.04784975561948501
v -1.8281560312999272 -0.19579610324976482 0.04866475507320844
v -1.764153040577271 -0.16310710556385555 -0.12578524846879757
v -1.8297930132640385 -0.06285110584971942 -0.08427024085370816
v -1.8295750986827397 -0.1293241046699647 -0.06646124471275128
v -1.7620129954112553 -0.26336310900328197 0.04784975561948501
v -1.8273370634807133 -0.17798510662791767 0.11513175617607319
v -1.7607779871715092 -0.2364991018879179 0.1480967531696149
v -1.8297930132640385 -0.06285110584971942 -0.08427024085370816
v -1.764153040577271 -0.16310710556385555 -0.12578524846879757
v -1.764483965565064 -0.06285110584971942 -0.15264724392740048
v -1.8267360102427983 -0.1293241046699647 0.16378875624092304
v -1.7607779871715092 -0.2364991018879179 0.1480967531696149
v -1.8273370634807133 -0.17798510662791767 0.11513175617607319
v -1.8295750986827397 0.00362089179875813 -0.06646124471275128
v -1.8297930132640385 -0.06285110584971942 -0.08427024085370816
v -1.764483965565064 -0.06285110584971942 -0.15264724392740048
v -1.7607779871715092 -0.2364991018879179 0.1480967531696149
v -1.8267360102427983 -0.1293241046699647 0.16378875624092304
v -1.7598741423381352 -0.16310710556385555 0.22148375015409671
v -1.764483965565064 -0.06285110584971942 -0.15264724392740048
v -1.764153040577271 0.0374048938644167 -0.12578524846879757
v -1.8295750986827397 0.00362089179875813 -0.06646124471275128
v -1.8267360102427983 -0.1293241046699647 0.16378875624092304
v -1.7595420252574467 -0.06285110584971942 0.2483457605138608
v -1.7598741423381352 -0.16310710556385555 0.22148375015409671
v -1.764153040577271 0.0374048938644167 -0.12578524846879757
v -1.828974999119141 0.052282898653769116 -0.017803246270101436
v -1.8295750986827397 0.00362089179875813 -0.06646124471275128
v -1.7595420252574467 -0.06285110584971942 0.2483457605138608
v -1.8267360102427983 -0.1293241046699647 0.16378875624092304
v -1.8265180956614995 -0.06285110584971942 0.1815987582102605
v -1.764153040577271 0.0374048938644167 -0.12578524846879757
v -1.7632480036510014 0.11079689763905964 -0.05239924241153515
v -1.828974999119141 0.052282898653769116 -0.017803246270101436
v -1.8267360102427983 0.00362089179875813 0.16378875624092304
v -1.7595420252574467 -0.06285110584971942 0.2483457605138608
v -1.8265180956614995 -0.06285110584971942 0.1815987582102605
v -1.7632480036510014 0.11079689763905964 -0.05239924241153515
v -1.8281560312999272 0.07009389900090657 0.04866475507320844
v -1.828974999119141 0.052282898653769116 -0.017803246270101436
v -1.7595420252574467 -0.06285110584971942 0.2483457605138608
v -1.8267360102427983 0.00362089179875813 0.16378875624092304
v -1.7598741423381352 0.0374048938644167 0.2214847485318967
v -1.8281560312999272 0.07009389900090657 0.04866475507320844
v -1.7632480036510014 0.11079689763905964 -0.05239924241153515
v -1.7620129954112553 0.13766088985326252 0.04784975561948501
v -1.8273370634807133 0.052282898653769116 0.11513175617607319
v -1.7598741423381352 0.0374048938644167 0.2214847485318967
v -1.8267360102427983 0.00362089179875813 0.16378875624092304
v -1.7607779871715092 0.11079689763905964 0.1480967531696149
v -1.8281560312999272 0.07009389900090657 0.04866475507320844
v -1.7620129954112553 0.13766088985326252 0.04784975561948501
v -1.7598741423381352 0.0374048938644167 0.2214847485318967
v -1.8273370634807133 0.052282898653769116 0.11513175617607319
v -1.7607779871715092 0.11079689763905964 0.1480967531696149
v -1.8281560312999272 0.07009389900090657 0.04866475507320844
v -1.7607779871715092 0.11079689763905964 0.1480967531696149
v -1.8273370634807133 0.052282898653769116 0.11513175617607319
v -1.7620129954112553 -0.26336310900328197 0.04784975561948501
v -1.8281560312999272 -0.3281681100237135 0.04866475507320844
v -1.7632480036510014 -0.2364991018879179 -0.05239924241153515
v -1.7607779871715092 -0.2364991018879179 0.1480967531696149
v -1.8281560312999272 -0.3281681100237135 0.04866475507320844
v -1.7620129954112553 -0.26336310900328197 0.04784975561948501
v -1.8281560312999272 -0.3281681100237135 0.04866475507320844
v -1.8297911059154057 -0.2926221052515272 -0.08398424286691464
v -1.7632480036510014 -0.2364991018879179 -0.05239924241153515
v -1.8281560312999272 -0.3281681100237135 0.04866475507320844
v -1.7607779871715092 -0.2364991018879179 0.1480967531696149
v -1.8265200030101323 -0.2926221052515272 0.1813127527728864
v -1.8297911059154057 -0.2926221052515272 -0.08398424286691464
v -1.764153040577271 -0.16310710556385555 -0.12578524846879757
v -1.7632480036510014 -0.2364991018879179 -0.05239924241153515
v -1.7598741423381352 -0.16310710556385555 0.22148375015409671
v -1.8265200030101323 -0.2926221052515272 0.1813127527728864
v -1.7607779871715092 -0.2364991018879179 0.1480967531696149
v -1.764153040577271 -0.16310710556385555 -0.12578524846879757
v -1.8297911059154057 -0.2926221052515272 -0.08398424286691464
v -1.8309860598338628 -0.1955101052629713 -0.18109023768750943
v -1.8265200030101323 -0.2926221052515272 0.1813127527728864
v -1.7598741423381352 -0.16310710556385555 0.22148375015409671
v -1.8253250490916753 -0.1955101052629713 0.2784177492156812
v -1.8314249884379887 -0.06285110584971942 -0.21663223404733456
v -1.764153040577271 -0.16310710556385555 -0.12578524846879757
v -1.8309860598338628 -0.1955101052629713 -0.18109023768750943
v -1.8248870741618657 -0.06285110584971942 0.3139617572322675
v -1.8253250490916753 -0.1955101052629713 0.2784177492156812
v -1.7598741423381352 -0.16310710556385555 0.22148375015409671
v -1.764153040577271 -0.16310710556385555 -0.12578524846879757
v -1.8314249884379887 -0.06285110584971942 -0.21663223404733456
v -1.764483965565064 -0.06285110584971942 -0.15264724392740048
v -1.7595420252574467 -0.06285110584971942 0.2483457605138608
v -1.8248870741618657 -0.06285110584971942 0.3139617572322675
v -1.7598741423381352 -0.16310710556385555 0.22148375015409671
v -1.764483965565064 -0.06285110584971942 -0.15264724392740048
v -1.8314249884379887 -0.06285110584971942 -0.21663223404733456
v -1.764153040577271 0.0374048938644167 -0.12578524846879757
v -1.7598741423381352 0.0374048938644167 0.2214847485318967
v -1.8248870741618657 -0.06285110584971942 0.3139617572322675
v -1.7595420252574467 -0.06285110584971942 0.2483457605138608
v -1.8314249884379887 -0.06285110584971942 -0.21663223404733456
v -1.8309860598338628 0.06980688773515187 -0.18109023768750943
v -1.764153040577271 0.0374048938644167 -0.12578524846879757
v -1.8248870741618657 -0.06285110584971942 0.3139617572322675
v -1.7598741423381352 0.0374048938644167 0.2214847485318967
v -1.8253250490916753 0.06980688773515187 0.2784177492156812
v -1.8297911059154057 0.16691890262486897 -0.08398424286691464
v -1.764153040577271 0.0374048938644167 -0.12578524846879757
v -1.8309860598338628 0.06980688773515187 -0.18109023768750943
v -1.8265200030101323 0.16691890262486897 0.1813127527728864
v -1.8253250490916753 0.06980688773515187 0.2784177492156812
v -1.7598741423381352 0.0374048938644167 0.2214847485318967
v -1.764153040577271 0.0374048938644167 -0.12578524846879757
v -1.8297911059154057 0.16691890262486897 -0.08398424286691464
v -1.7632480036510014 0.11079689763905964 -0.05239924241153515
v -1.7598741423381352 0.0374048938644167 0.2214847485318967
v -1.7607779871715092 0.11079689763905964 0.1480967531696149
v -1.8265200030101323 0.16691890262486897 0.1813127527728864
v -1.8281560312999272 0.20246589087369404 0.04866475507320844
v -1.7632480036510014 0.11079689763905964 -0.05239924241153515
v -1.8297911059154057 0.16691890262486897 -0.08398424286691464
v -1.7607779871715092 0.11079689763905964 0.1480967531696149
v -1.8281560312999272 0.20246589087369404 0.04866475507320844
v -1.8265200030101323 0.16691890262486897 0.1813127527728864
v -1.7632480036510014 0.11079689763905964 -0.05239924241153515
v -1.8281560312999272 0.20246589087369404 0.04866475507320844
v -1.7620129954112553 0.13766088985326252 0.04784975561948501
v -1.8281560312999272 0.20246589087369404 0.04866475507320844
v -1.7607779871715092 0.11079689763905964 0.1480967531696149
v -1.7620129954112553 0.13766088985326252 0.04784975561948501
v 1.8484409678684688 -0.2672691056835417 -0.17002923984376705
v 1.87020894176831 -0.3093720982181791 0.003089753796178929
v 1.918442927669189 -0.1746581057417158 0.0024957562580891768
v 1.852713905643127 -0.2672691056835417 0.17669275205286228
v 1.918442927669189 -0.1746581057417158 0.0024957562580891768
v 1.87020894176831 -0.3093720982181791 0.003089753796178929
v 1.8484409678684688 -0.2672691056835417 -0.17002923984376705
v 1.918442927669189 -0.1746581057417158 0.0024957562580891768
v 1.903059922526977 -0.14490410409448184 -0.11984524328557766
v 1.918442927669189 -0.1746581057417158 0.0024957562580891768
v 1.852713905643127 -0.2672691056835417 0.17669275205286228
v 1.9060788977848506 -0.14490410409448184 0.12517775397451603
v 1.7932430136906123 -0.152242104555941 -0.2962762584194354
v 1.8484409678684688 -0.2672691056835417 -0.17002923984376705
v 1.903059922526977 -0.14490410409448184 -0.11984524328557766
v 1.800642930339477 -0.152242104555941 0.3042617569461652
v 1.9060788977848506 -0.14490410409448184 0.12517775397451603
v 1.852713905643127 -0.2672691056835417 0.17669275205286228
v 1.7932430136906123 -0.152242104555941 -0.2962762584194354
v 1.903059922526977 -0.14490410409448184 -0.11984524328557766
v 1.8640539277302242 -0.06361610538837947 -0.20906324882356442
v 1.9060788977848506 -0.14490410409448184 0.12517775397451603
v 1.800642930339477 -0.152242104555941 0.3042617569461652
v 1.8692829240070796 -0.06361610538837947 0.21532974939497196
v 1.8640539277302242 -0.06361610538837947 -0.20906324882356442
v 1.719404898952148 0.004888891209387403 -0.34182624716607846
v 1.7932430136906123 -0.152242104555941 -0.2962762584194354
v 1.7279499400364375 0.004888891209387403 0.3516187499061414
v 1.8692829240070796 -0.06361610538837947 0.21532974939497196
v 1.800642930339477 -0.152242104555941 0.3042617569461652
v 1.719404898952148 0.004888891209387403 -0.34182624716607846
v 1.8640539277302242 -0.06361610538837947 -0.20906324882356442
v 1.8118719685780025 0.04742589496495686 -0.24125223059503353
v 1.8692829240070796 -0.06361610538837947 0.21532974939497196
v 1.7279499400364375 0.004888891209387403 0.3516187499061414
v 1.8179109919773555 0.04742589496495686 0.24879374902399265
v 1.7604999173389888 0.1584669043910738 -0.20778723258821286
v 1.719404898952148 0.004888891209387403 -0.34182624716607846
v 1.8118719685780025 0.04742589496495686 -0.24125223059503353
v 1.7279499400364375 0.004888891209387403 0.3516187499061414
v 1.7657299864994502 0.1584669043910738 0.21660575072916233
v 1.8179109919773555 0.04742589496495686 0.24879374902399265
v 1.719404898952148 0.004888891209387403 -0.34182624716607846
v 1.7604999173389888 0.1584669043910738 -0.20778723258821286
v 1.6467119086491084 0.16201889418485127 -0.29447023768274105
v 1.7657299864994502 0.1584669043910738 0.21660575072916233
v 1.7279499400364375 0.004888891209387403 0.3516187499061414
v 1.6541119445072627 0.16201889418485127 0.30606776278169834
v 1.5946420062290645 0.2770459046256777 -0.16690124769059933
v 1.6467119086491084 0.16201889418485127 -0.29447023768274105
v 1.7604999173389888 0.1584669043910738 -0.20778723258821286
v 1.5989139903294063 0.2770459046256777 0.1798197532788106
v 1.7657299864994502 0.1584669043910738 0.21660575072916233
v 1.6541119445072627 0.16201889418485127 0.30606776278169834
v 1.5946420062290645 0.2770459046256777 -0.16690124769059933
v 1.7604999173389888 0.1584669043910738 -0.20778723258821286
v 1.7237039435612178 0.23975589774968586 -0.11763523716775692
v 1.7657299864994502 0.1584669043910738 0.21660575072916233
v 1.5989139903294063 0.2770459046256777 0.1798197532788106
v 1.7267229188190913 0.23975589774968586 0.12738775264175617
v 1.7237039435612178 0.23975589774968586 -0.11763523716775692
v 1.5771458972202754 0.31914889716031514 0.006701754291374318
v 1.5946420062290645 0.2770459046256777 -0.16690124769059933
v 1.5771458972202754 0.31914889716031514 0.006701754291374318
v 1.7267229188190913 0.23975589774968586 0.12738775264175617
v 1.5989139903294063 0.2770459046256777 0.1798197532788106
v 1.5771458972202754 0.31914889716031514 0.006701754291374318
v 1.7237039435612178 0.23975589774968586 -0.11763523716775692
v 1.7113409865604854 0.26950889729382954 0.005047755201179616
v 1.7267229188190913 0.23975589774968586 0.12738775264175617
v 1.5771458972202754 0.31914889716031514 0.006701754291374318
v 1.7113409865604854 0.26950889729382954 0.005047755201179616
v 2.003527008365295 -0.35713709987280406 0.0014467554882355849
v 1.8484409678684688 -0.2672691056835417 -0.17002923984376705
v 1.975504957507751 -0.302936107884622 -0.22141625184861935
v 1.8484409678684688 -0.2672691056835417 -0.17002923984376705
v 2.003527008365295 -0.35713709987280406 0.0014467554882355849
v 1.87020894176831 -0.3093720982181791 0.003089753796178929
v 1.7932430136906123 -0.152242104555941 -0.2962762584194354
v 1.975504957507751 -0.302936107884622 -0.22141625184861935
v 1.8484409678684688 -0.2672691056835417 -0.17002923984376705
v 1.852713905643127 -0.2672691056835417 0.17669275205286228
v 1.87020894176831 -0.3093720982181791 0.003089753796178929
v 2.003527008365295 -0.35713709987280406 0.0014467554882355849
v 1.975504957507751 -0.302936107884622 -0.22141625184861935
v 1.7932430136906123 -0.152242104555941 -0.2962762584194354
v 1.9044469226109004 -0.1548561053681139 -0.3839432467922381
v 1.9810049164997554 -0.302936107884622 0.2249337564006635
v 1.852713905643127 -0.2672691056835417 0.17669275205286228
v 2.003527008365295 -0.35713709987280406 0.0014467554882355849
v 1.8093909848438716 0.04742589496495686 -0.44258023996202267
v 1.9044469226109004 -0.1548561053681139 -0.3839432467922381
v 1.7932430136906123 -0.152242104555941 -0.2962762584194354
v 1.852713905643127 -0.2672691056835417 0.17669275205286228
v 1.9810049164997554 -0.302936107884622 0.2249337564006635
v 1.800642930339477 -0.152242104555941 0.3042617569461652
v 1.8093909848438716 0.04742589496495686 -0.44258023996202267
v 1.7932430136906123 -0.152242104555941 -0.2962762584194354
v 1.719404898952148 0.004888891209387403 -0.34182624716607846
v 1.800642930339477 -0.152242104555941 0.3042617569461652
v 1.9810049164997554 -0.302936107884622 0.2249337564006635
v 1.9139740098225093 -0.1548561053681139 0.38916076522024357
v 1.6467119086491084 0.16201889418485127 -0.29447023768274105
v 1.8093909848438716 0.04742589496495686 -0.44258023996202267
v 1.719404898952148 0.004888891209387403 -0.34182624716607846
v 1.8203919757114864 0.04742589496495686 0.45012377004774295
v 1.800642930339477 -0.152242104555941 0.3042617569461652
v 1.9139740098225093 -0.1548561053681139 0.38916076522024357
v 1.8093909848438716 0.04742589496495686 -0.44258023996202267
v 1.6467119086491084 0.16201889418485127 -0.29447023768274105
v 1.715809904407165 0.24970689319493733 -0.38161824841348446
v 1.800642930339477 -0.152242104555941 0.3042617569461652
v 1.8203919757114864 0.04742589496495686 0.45012377004774295
v 1.7279499400364375 0.004888891209387403 0.3516187499061414
v 1.5946420062290645 0.2770459046256777 -0.16690124769059933
v 1.715809904407165 0.24970689319493733 -0.38161824841348446
v 1.6467119086491084 0.16201889418485127 -0.29447023768274105
v 1.6541119445072627 0.16201889418485127 0.30606776278169834
v 1.7279499400364375 0.004888891209387403 0.3516187499061414
v 1.8203919757114864 0.04742589496495686 0.45012377004774295
v 1.715809904407165 0.24970689319493733 -0.38161824841348446
v 1.5946420062290645 0.2770459046256777 -0.16690124769059933
v 1.6487769711719966 0.39778590105893574 -0.2173902561172656
v 1.8203919757114864 0.04742589496495686 0.45012377004774295
v 1.725336991618774 0.24970689319493733 0.3914857635989972
v 1.6541119445072627 0.16201889418485127 0.30606776278169834
v 1.5771458972202754 0.31914889716031514 0.006701754291374318
v 1.6487769711719966 0.39778590105893574 -0.2173902561172656
v 1.5946420062290645 0.2770459046256777 -0.16690124769059933
v 1.5989139903294063 0.2770459046256777 0.1798197532788106
v 1.6541119445072627 0.16201889418485127 0.30606776278169834
v 1.725336991618774 0.24970689319493733 0.3914857635989972
v 1.6487769711719966 0.39778590105893574 -0.2173902561172656
v 1.5771458972202754 0.31914889716031514 0.006701754291374318
v 1.6262549985157466 0.4519879212272402 0.006095753867942921
v 1.5989139903294063 0.2770459046256777 0.1798197532788106
v 1.725336991618774 0.24970689319493733 0.3914857635989972
v 1.654276930164001 0.39778590105893574 0.22895975213201725
v 1.5771458972202754 0.31914889716031514 0.006701754291374318
v 1.654276930164001 0.39778590105893574 0.22895975213201725
v 1.6262549985157466 0.4519879212272402 0.006095753867942921
v 1.654276930164001 0.39778590105893574 0.22895975213201725
v 1.5771458972202754 0.31914889716031514 0.006701754291374318
v 1.5989139903294063 0.2770459046256777 0.1798197532788106
v -2.0194230448497317 -0.22326010562059917 0.05102175555827104
v -2.0204110514415285 -0.2017691070544485 -0.029177243004720577
v -2.0729930769694827 -0.15495810381648578 -0.0015002434357813677
v -2.0204110514415285 -0.2017691070544485 -0.029177243004720577
v -2.0734720598948977 -0.11602910471660532 -0.040426241348665126
v -2.0729930769694827 -0.15495810381648578 -0.0015002434357813677
v -2.0194230448497317 -0.22326010562059917 0.05102175555827104
v -2.0729930769694827 -0.15495810381648578 -0.0015002434357813677
v -2.0723381411326907 -0.1692071045148138 0.05167375540064656
v -2.0734720598948977 -0.11602910471660532 -0.040426241348665126
v -2.0204110514415285 -0.2017691070544485 -0.029177243004720577
v -2.02113512866626 -0.1430561049240593 -0.08788724441377438
v -2.018435038257935 -0.2017691070544485 0.13121975760610782
v -2.0194230448497317 -0.22326010562059917 0.05102175555827104
v -2.0723381411326907 -0.1692071045148138 0.05167375540064656
v -2.02113512866626 -0.1430561049240593 -0.08788724441377438
v -2.073648966480591 -0.06285110584971942 -0.054674247394483455
v -2.0734720598948977 -0.11602910471660532 -0.040426241348665126
v -2.0723381411326907 -0.1692071045148138 0.05167375540064656
v -2.0716829668773196 -0.15495810381648578 0.10484775703104221
v -2.018435038257935 -0.2017691070544485 0.13121975760610782
v -2.073648966480591 -0.06285110584971942 -0.054674247394483455
v -2.02113512866626 -0.1430561049240593 -0.08788724441377438
v -2.0213990580333254 -0.06285110584971942 -0.10937623877374447
v -2.0716829668773196 -0.15495810381648578 0.10484775703104221
v -2.017712153126099 -0.1430561049240593 0.18992875318678104
v -2.018435038257935 -0.2017691070544485 0.13121975760610782
v -2.02113512866626 0.017353891361975293 -0.08788724441377438
v -2.073648966480591 -0.06285110584971942 -0.054674247394483455
v -2.0213990580333254 -0.06285110584971942 -0.10937623877374447
v -2.017712153126099 -0.1430561049240593 0.18992875318678104
v -2.0716829668773196 -0.15495810381648578 0.10484775703104221
v -2.071203030277588 -0.11602910471660532 0.14377375494392597
v -2.073648966480591 -0.06285110584971942 -0.054674247394483455
v -2.02113512866626 0.017353891361975293 -0.08788724441377438
v -2.0734720598948977 -0.009673104654527087 -0.040426241348665126
v -2.071203030277588 -0.11602910471660532 0.14377375494392597
v -2.017447031666138 -0.06285110584971942 0.21141876082571232
v -2.017712153126099 -0.1430561049240593 0.18992875318678104
v -2.0204110514415285 0.07606789373280964 -0.029177243004720577
v -2.0734720598948977 -0.009673104654527087 -0.040426241348665126
v -2.02113512866626 0.017353891361975293 -0.08788724441377438
v -2.017447031666138 -0.06285110584971942 0.21141876082571232
v -2.071203030277588 -0.11602910471660532 0.14377375494392597
v -2.0710280310405276 -0.06285110584971942 0.1580217535391637
v -2.0734720598948977 -0.009673104654527087 -0.040426241348665126
v -2.0204110514415285 0.07606789373280964 -0.029177243004720577
v -2.0729930769694827 0.02925589584233723 -0.0015002434357813677
v -2.071203030277588 -0.009673104654527087 0.14377375494392597
v -2.017447031666138 -0.06285110584971942 0.21141876082571232
v -2.0710280310405276 -0.06285110584971942 0.1580217535391637
v -2.0194230448497317 0.09755790137174092 0.05102175555827104
v -2.0729930769694827 0.02925589584233723 -0.0015002434357813677
v -2.0204110514415285 0.07606789373280964 -0.029177243004720577
v -2.017447031666138 -0.06285110584971942 0.21141876082571232
v -2.071203030277588 -0.009673104654527087 0.14377375494392597
v -2.017712153126099 0.017353891361975293 0.18992875318678104
v -2.0729930769694827 0.02925589584233723 -0.0015002434357813677
v -2.0194230448497317 0.09755790137174092 0.05102175555827104
v -2.0723381411326907 0.04350489281537495 0.05167375540064656
v -2.0716829668773196 0.02925589584233723 0.10484775703104221
v -2.017712153126099 0.017353891361975293 0.18992875318678104
v -2.071203030277588 -0.009673104654527087 0.14377375494392597
v -2.018435038257935 0.07606789373280964 0.13121975760610782
v -2.0723381411326907 0.04350489281537495 0.05167375540064656
v -2.0194230448497317 0.09755790137174092 0.05102175555827104
v -2.017712153126099 0.017353891361975293 0.18992875318678104
v -2.0716829668773196 0.02925589584233723 0.10484775703104221
v -2.018435038257935 0.07606789373280964 0.13121975760610782
v -2.0723381411326907 0.04350489281537495 0.05167375540064656
v -2.018435038257935 0.07606789373280964 0.13121975760610782
v -2.0716829668773196 0.02925589584233723 0.10484775703104221
v -2.0194230448497317 -0.22326010562059917 0.05102175555827104
v -2.0723381411326907 -0.27510610319254436 0.05167375540064656
v -2.0204110514415285 -0.2017691070544485 -0.029177243004720577
v -2.018435038257935 -0.2017691070544485 0.13121975760610782
v -2.0723381411326907 -0.27510610319254436 0.05167375540064656
v -2.0194230448497317 -0.22326010562059917 0.05102175555827104
v -2.0723381411326907 -0.27510610319254436 0.05167375540064656
v -2.073646105457642 -0.24666810132143535 -0.054445246349256404
v -2.0204110514415285 -0.2017691070544485 -0.029177243004720577
v -2.0723381411326907 -0.27510610319254436 0.05167375540064656
v -2.018435038257935 -0.2017691070544485 0.13121975760610782
v -2.071031130482056 -0.24666810132143535 0.15779275249393665
v -2.073646105457642 -0.24666810132143535 -0.054445246349256404
v -2.02113512866626 -0.1430561049240593 -0.08788724441377438
v -2.0204110514415285 -0.2017691070544485 -0.029177243004720577
v -2.017712153126099 -0.1430561049240593 0.18992875318678104
v -2.071031130482056 -0.24666810132143535 0.15779275249393665
v -2.018435038257935 -0.2017691070544485 0.13121975760610782
v -2.02113512866626 -0.1430561049240593 -0.08788724441377438
v -2.073646105457642 -0.24666810132143535 -0.054445246349256404
v -2.0746031176341555 -0.16897810346958675 -0.13213023741094387
v -2.071031130482056 -0.24666810132143535 0.15779275249393665
v -2.017712153126099 -0.1430561049240593 0.18992875318678104
v -2.0700729262126467 -0.16897810346958675 0.23547676007898533
v -2.074954069782593 -0.06285110584971942 -0.16056424577085293
v -2.02113512866626 -0.1430561049240593 -0.08788724441377438
v -2.0746031176341555 -0.16897810346958675 -0.13213023741094387
v -2.0697229277385256 -0.06285110584971942 0.2639107535377332
v -2.0700729262126467 -0.16897810346958675 0.23547676007898533
v -2.017712153126099 -0.1430561049240593 0.18992875318678104
v -2.02113512866626 -0.1430561049240593 -0.08788724441377438
v -2.074954069782593 -0.06285110584971942 -0.16056424577085293
v -2.0213990580333254 -0.06285110584971942 -0.10937623877374447
v -2.017447031666138 -0.06285110584971942 0.21141876082571232
v -2.0697229277385256 -0.06285110584971942 0.2639107535377332
v -2.017712153126099 -0.1430561049240593 0.18992875318678104
v -2.0213990580333254 -0.06285110584971942 -0.10937623877374447
v -2.074954069782593 -0.06285110584971942 -0.16056424577085293
v -2.02113512866626 0.017353891361975293 -0.08788724441377438
v -2.017712153126099 0.017353891361975293 0.18992875318678104
v -2.0697229277385256 -0.06285110584971942 0.2639107535377332
v -2.017447031666138 -0.06285110584971942 0.21141876082571232
v -2.074954069782593 -0.06285110584971942 -0.16056424577085293
v -2.0746031176341555 0.0432758917701479 -0.13213023741094387
v -2.02113512866626 0.017353891361975293 -0.08788724441377438
v -2.0697229277385256 -0.06285110584971942 0.2639107535377332
v -2.017712153126099 0.017353891361975293 0.18992875318678104
v -2.0700729262126467 0.0432758917701479 0.23547676007898533
v -2.073646105457642 0.1209658970725771 -0.054445246349256404
v -2.02113512866626 0.017353891361975293 -0.08788724441377438
v -2.0746031176341555 0.0432758917701479 -0.13213023741094387
v -2.071031130482056 0.1209658970725771 0.15779175411613666
v -2.0700729262126467 0.0432758917701479 0.23547676007898533
v -2.017712153126099 0.017353891361975293 0.18992875318678104
v -2.02113512866626 0.017353891361975293 -0.08788724441377438
v -2.073646105457642 0.1209658970725771 -0.054445246349256404
v -2.0204110514415285 0.07606789373280964 -0.029177243004720577
v -2.017712153126099 0.017353891361975293 0.18992875318678104
v -2.018435038257935 0.07606789373280964 0.13121975760610782
v -2.071031130482056 0.1209658970725771 0.15779175411613666
v -2.0723381411326907 0.14940288566472493 0.05167375540064656
v -2.0204110514415285 0.07606789373280964 -0.029177243004720577
v -2.073646105457642 0.1209658970725771 -0.054445246349256404
v -2.018435038257935 0.07606789373280964 0.13121975760610782
v -2.0723381411326907 0.14940288566472493 0.05167375540064656
v -2.071031130482056 0.1209658970725771 0.15779175411613666
v -2.0204110514415285 0.07606789373280964 -0.029177243004720577
v -2.0723381411326907 0.14940288566472493 0.05167375540064656
v -2.0194230448497317 0.09755790137174092 0.05102175555827104
v -2.0723381411326907 0.14940288566472493 0.05167375540064656
v -2.018435038257935 0.07606789373280964 0.13121975760610782
v -2.0194230448497317 0.09755790137174092 0.05102175555827104
vt 0 0
vt 0 0
vt 0 0
vt 0 0
vt 0 0
vt 0 0
vt 0 0
vt 0 0
vt 0 0
vt 0 0
vt 0 0
vt 0 0
vt 0 0
vt 0 0
vt 0 0
vt 0 0
vt 0 0
vt 0 0
vt 0 0
vt 0 0
vt 0 0
vt 0 0
vt 0 0
vt 0 0
vt 0 0
vt 0 0
vt 0 0
vt 0 0
vt 0 0
vt 0 0
vt 0 0
vt 0 0
vt 0 0
vt 0 0
vt 0 0
vt 0 0
vt 0 0
vt 0 0
vt 0 0
vt 0 0
vt 0 0
vt 0 0
vt 0 0
vt 0 0
vt 0 0
vt 0 0
vt 0 0
vt 0 0
vt 0 0
vt 0 0
vt 0 0
vt 0 0
vt 0 0
vt 0 0
vt 0 0
vt 0 0
vt 0 0
vt 0 0
vt 0 0
vt 0 0
vt 0 0
vt 0 0
vt 0 0
vt 0 0
vt 0 0
vt 0 0
vt 0 0
vt 0 0
vt 0 0
vt 0 0
vt 0 0
vt 0 0
vt 0 0
vt 0 0
vt 0 0
vt 0 0
vt 0 0
vt 0 0
vt 0 0
vt 0 0
vt 0 0
vt 0 0
vt 0 0
vt 0 0
vt 0 0
vt 0 0
vt 0 0
vt 0 0
vt 0 0
vt 0 0
vt 0 0
vt 0 0
vt 0 0
vt 0 0
vt 0 0
vt 0 0
vt 0 0
vt 0 0
vt 0 0
vt 0 0
vt 0 0
vt 0 0
vt 0 0
vt 0 0
vt 0 0
vt 0 0
vt 0 0
vt 0 0
vt 0 0
vt 0 0
vt 0 0
vt 0 0
vt 0 0
vt 0 0
vt 0 0
vt 0 0
vt 0 0
vt 0 0
vt 0 0
vt 0 0
vt 0 0
vt 0 0
vt 0 0
vt 0 0
vt 0 0
vt 0 0
vt 0 0
vt 0 0
vt 0 0
vt 0 0
vt 0 0
vt 0 0
vt 0 0
vt 0 0
vt 0 0
vt 0 0
vt 0 0
vt 0 0
vt 0 0
vt 0 0
vt 0 0
vt 0 0
vt 0 0
vt 0 0
vt 0 0
vt 0 0
vt 0 0
vt 0 0
vt 0 0
vt 0 0
vt 0 0
vt 0 0
vt 0 0
vt 0 0
vt 0 0
vt 0 0
vt 0 0
vt 0 0
vt 0 0
vt 0 0
vt 0 0
vt 0 0
vt 0 0
vt 0 0
vt 0 0
vt 0 0
vt 0 0
vt 0 0
vt 0 0
vt 0 0
vt 0 0
vt 0 0
vt 0 0
vt 0 0
vt 0 0
vt 0 0
vt 0 0
vt 0 0
vt 0 0
vt 0 0
vt 0 0
vt 0 0
vt 0 0
vt 0 0
vt 0 0
vt 0 0
vt 0 0
vt 0 0
vt 0 0
vt 0 0
vt 0 0
vt 0 0
vt 0 0
vt 0 0
vt 0 0
vt 0 0
vt 0 0
vt 0 0
vt 0 0
vt 0 0
vt 0 0
vt 0 0
vt 0 0
vt 0 0
vt 0 0
vt 0 0
vt 0 0
vt 0 0
vt 0 0
vt 0 0
vt 0 0
vt 0 0
vt 0 0
vt 0 0
vt 0 0
vt 0 0
vt 0 0
vt 0 0
vt 0 0
vt 0 0
vt 0 0
vt 0 0
vt 0 0
vt 0 0
vt 0 0
vt 0 0
vt 0 0
vt 0 0
vt 0 0
vt 0 0
vt 0 0
vt 0 0
vt 0 0
vt 0 0
vt 0 0
vt 0 0
vt 0 0
vt 0 0
vt 0 0
vt 0 0
vt 0 0
vt 0 0
vt 0 0
vt 0 0
vt 0 0
vt 0 0
vt 0 0
vt 0 0
vt 0 0
vt 0 0
vt 0 0
vt 0 0
vt 0 0
vt 0 0
vt 0 0
vt 0 0
vt 0 0
vt 0 0
vt 0 0
vt 0 0
vt 0 0
vt 0 0
vt 0 0
vt 0 0
vt 0 0
vt 0 0
vt 0 0
vt 0 0
vt 0 0
vt 0 0
vt 0 0
vt 0 0
vt 0 0
vt 0 0
vt 0 0
vt 0 0
vt 0 0
vt 0 0
vt 0 0
vt 0 0
vt 0 0
vt 0 0
vt 0 0
vt 0 0
vt 0 0
vt 0 0
vt 0 0
vt 0 0
vt 0 0
vt 0 0
vt 0 0
vt 0 0
vt 0 0
vt 0 0
vt 0 0
vt 0 0
vt 0 0
vt 0 0
vt 0 0
vt 0 0
vt 0 0
vt 0 0
vt 0 0
vt 0 0
vt 0 0
vt 0 0
vt 0 0
vt 0 0
vt 0 0
vt 0 0
vt 0 0
vt 0 0
vt 0 0
vt 0 0
vt 0 0
vt 0 0
vt 0 0
vt 0 0
vt 0 0
vt 0 0
vt 0 0
vt 0 0
vt 0 0
vt 0 0
vt 0 0
vt 0 0
vt 0 0
vt 0 0
vt 0 0
vt 0 0
vt 0 0
vt 0 0
vt 0 0
vt 0 0
vt 0 0
vt 0 0
vt 0 0
vt 0 0
vt 0 0
vt 0 0
vt 0 0
vt 0 0
vt 0 0
vt 0 0
vt 0 0
vt 0 0
vt 0 0
vt 0 0
vt 0 0
vt 0 0
vt 0 0
vt 0 0
vt 0 0
vt 0 0
vt 0 0
vt 0 0
vt 0 0
vt 0 0
vt 0 0
vt 0 0
vt 0 0
vt 0 0
vt 0 0
vt 0 0
vt 0 0
vt 0 0
vt 0 0
vt 0 0
vt 0 0
vt 0 0
vt 0 0
vt 0 0
vt 0 0
vt 0 0
vt 0 0
vt 0 0
vt 0 0
vt 0 0
vt 0 0
vt 0 0
vt 0 0
vt 0 0
vt 0 0
vt 0 0
vt 0 0
vt 0 0
vt 0 0
vt 0 0
vt 0 0
vt 0 0
vt 0 0
vt 0 0
vt 0 0
vt 0 0
vt 0 0
vt 0 0
vt 0 0
vt 0 0
vt 0 0
vt 0 0
vt 0 0
vt 0 0
vt 0 0
vt 0 0
vt 0 0
vt 0 0
vt 0 0
vt 0 0
vt 0 0
vt 0 0
vt 0 0
vt 0 0
vt 0 0
vt 0 0
vt 0 0
vt 0 0
vt 0 0
vt 0 0
vt 0 0
vt 0 0
vt 0 0
vt 0 0
vt 0 0
vt 0 0
vt 0 0
vt 0 0
vt 0 0
vt 0 0
vt 0 0
vt 0 0
vt 0 0
vt 0 0
vt 0 0
vt 0 0
vt 0 0
vt 0 0
vt 0 0
vt 0 0
vt 0 0
vt 0 0
vt 0 0
vt 0 0
vt 0 0
vt 0 0
vt 0 0
vt 0 0
vt 0 0
vt 0 0
vt 0 0
vt 0 0
vt 0 0
vt 0 0
vt 0 0
vt 0 0
vt 0 0
vt 0 0
vt 0 0
vt 0 0
vt 0 0
vt 0 0
vt 0 0
vt 0 0
vt 0 0
vt 0 0
vt 0 0
vt 0 0
vt 0 0
vt 0 0
vt 0 0
vt 0 0
vt 0 0
vt 0 0
vt 0 0
vt 0 0
vt 0 0
vt 0 0
vt 0 0
vt 0 0
vt 0 0
vt 0 0
vt 0 0
vt 0 0
vt 0 0
vt 0 0
vt 0 0
vt 0 0
vt 0 0
vt 0 0
vt 0 0
vt 0 0
vt 0 0
vt 0 0
vt 0 0
vt 0 0
vt 0 0
vt 0 0
vt 0 0
vt 0 0
vt 0 0
vt 0 0
vt 0 0
vt 0 0
vt 0 0
vt 0 0
vt 0 0
vt 0 0
vt 0 0
vt 0 0
vt 0 0
vt 0 0
vt 0 0
vt 0 0
vt 0 0
vt 0 0
vt 0 0
vt 0 0
vt 0 0
vt 0 0
vt 0 0
vt 0 0
vt 0 0
vt 0 0
vt 0 0
vt 0 0
vt 0 0
vt 0 0
vt 0 0
vt 0 0
vt 0 0
vt 0 0
vt 0 0
vt 0 0
vt 0 0
vt 0 0
vt 0 0
vt 0 0
vt 0 0
vt 0 0
vt 0 0
vt 0 0
vt 0 0
vt 0 0
vt 0 0
vt 0 0
vt 0 0
vt 0 0
vt 0 0
vt 0 0
vt 0 0
vt 0 0
vt 0 0
vt 0 0
vt 0 0
vt 0 0
vt 0 0
vt 0 0
vt 0 0
vt 0 0
vt 0 0
vt 0 0
vt 0 0
vt 0 0
vt 0 0
vt 0 0
vt 0 0
vt 0 0
vt 0 0
vt 0 0
vt 0 0
vt 0 0
vt 0 0
vt 0 0
vt 0 0
vt 0 0
vt 0 0
vt 0 0
vt 0 0
vt 0 0
vt 0 0
vt 0 0
vt 0 0
vt 0 0
vt 0 0
vt 0 0
vt 0 0
vt 0 0
vt 0 0
vt 0 0
vt 0 0
vt 0 0
vt 0 0
vt 0 0
vt 0 0
vt 0 0
vt 0 0
vt 0 0
vt 0 0
vt 0 0
vt 0 0
vt 0 0
vt 0 0
vt 0 0
vt 0 0
vt 0 0
vt 0 0
vt 0 0
vt 0 0
vt 0 0
vt 0 0
vt 0 0
vt 0 0
vt 0 0
vt 0 0
vt 0 0
vt 0 0
vt 0 0
vt 0 0
vt 0 0
vt 0 0
vt 0 0
vt 0 0
vt 0 0
vt 0 0
vt 0 0
vt 0 0
vt 0 0
vt 0 0
vt 0 0
vt 0 0
vt 0 0
vt 0 0
vt 0 0
vt 0 0
vt 0 0
vt 0 0
vt 0 0
vt 0 0
vt 0 0
vt 0 0
vt 0 0
vt 0 0
vt 0 0
vt 0 0
vt 0 0
vt 0 0
vt 0 0
vt 0 0
vt 0 0
vt 0 0
vt 0 0
vt 0 0
vt 0 0
vt 0 0
vt 0 0
vt 0 0
vt 0 0
vt 0 0
vt 0 0
vt 0 0
vt 0 0
vt 0 0
vt 0 0
vt 0 0
vt 0 0
vt 0 0
vt 0 0
vt 0 0
vt 0 0
vt 0 0
vt 0 0
vt 0 0
vt 0 0
vt 0 0
vt 0 0
vt 0 0
vt 0 0
vt 0 0
vt 0 0
vt 0 0
vt 0 0
vt 0 0
vt 0 0
vt 0 0
vt 0 0
vt 0 0
vt 0 0
vt 0 0
vt 0 0
vt 0 0
vt 0 0
vt 0 0
vt 0 0
vt 0 0
vt 0 0
vt 0 0
vt 0 0
vt 0 0
vt 0 0
vt 0 0
vt 0 0
vt 0 0
vt 0 0
vt 0 0
vt 0 0
vt 0 0
vt 0 0
vt 0 0
vt 0 0
vt 0 0
vt 0 0
vt 0 0
vt 0 0
vt 0 0
vt 0 0
vt 0 0
vt 0 0
vt 0 0
vt 0 0
vt 0 0
vt 0 0
vt 0 0
vt 0 0
vt 0 0
vt 0 0
vt 0 0
vt 0 0
vt 0 0
vt 0 0
vt 0 0
vt 0 0
vt 0 0
vt 0 0
vt 0 0
vt 0 0
vt 0 0
vt 0 0
vt 0 0
vt 0 0
vt 0 0
vt 0 0
vt 0 0
vt 0 0
vt 0 0
vt 0 0
vt 0 0
vt 0 0
vt 0 0
vt 0 0
vt 0 0
vt 0 0
vt 0 0
vt 0 0
vt 0 0
vt 0 0
vt 0 0
vt 0 0
vt 0 0
vt 0 0
vt 0 0
vt 0 0
vt 0 0
vt 0 0
vt 0 0
vt 0 0
vt 0 0
vt 0 0
vt 0 0
vt 0 0
vt 0 0
vt 0 0
vt 0 0
vt 0 0
vt 0 0
vt 0 0
vt 0 0
vt 0 0
vt 0 0
vt 0 0
vt 0 0
vt 0 0
vt 0 0
vt 0 0
vt 0 0
vt 0 0
vt 0 0
vt 0 0
vt 0 0
vt 0 0
vt 0 0
vt 0 0
vt 0 0
vt 0 0
vt 0 0
vt 0 0
vt 0 0
vt 0 0
vt 0 0
vt 0 0
vt 0 0
vt 0 0
vt 0 0
vt 0 0
vt 0 0
vt 0 0
vt 0 0
vt 0 0
vt 0 0
vt 0 0
vt 0 0
vt 0 0
vt 0 0
vt 0 0
vt 0 0
vt 0 0
vt 0 0
vt 0 0
vt 0 0
vt 0 0
vt 0 0
vt 0 0
vt 0 0
vt 0 0
vt 0 0
vt 0 0
vt 0 0
vt 0 0
vt 0 0
vt 0 0
vt 0 0
vt 0 0
vt 0 0
vt 0 0
vt 0 0
vt 0 0
vt 0 0
vt 0 0
vt 0 0
vt 0 0
vt 0 0
vt 0 0
vt 0 0
vt 0 0
vt 0 0
vt 0 0
vt 0 0
vt 0 0
vt 0 0
vt 0 0
vt 0 0
vt 0 0
vt 0 0
vt 0 0
vt 0 0
vt 0 0
vt 0 0
vt 0 0
vt 0 0
vt 0 0
vt 0 0
vt 0 0
vt 0 0
vt 0 0
vt 0 0
vt 0 0
vt 0 0
vt 0 0
vt 0 0
vt 0 0
vt 0 0
vt 0 0
vt 0 0
vt 0 0
vt 0 0
vt 0 0
vt 0 0
vt 0 0
vt 0 0
vt 0 0
vt 0 0
vt 0 0
vt 0 0
vt 0 0
vt 0 0
vt 0 0
vt 0 0
vt 0 0
vt 0 0
vt 0 0
vt 0 0
vt 0 0
vt 0 0
vt 0 0
vt 0 0
vt 0 0
vt 0 0
vt 0 0
vt 0 0
vt 0 0
vt 0 0
vt 0 0
vt 0 0
vt 0 0
vt 0 0
vt 0 0
vt 0 0
vt 0 0
vt 0 0
vt 0 0
vt 0 0
vt 0 0
vt 0 0
vt 0 0
vt 0 0
vt 0 0
vt 0 0
vt 0 0
vt 0 0
vt 0 0
vt 0 0
vt 0 0
vt 0 0
vt 0 0
vt 0 0
vt 0 0
vt 0 0
vt 0 0
vt 0 0
vt 0 0
vt 0 0
vt 0 0
vt 0 0
vt 0 0
vt 0 0
vt 0 0
vt 0 0
vt 0 0
vt 0 0
vt 0 0
vt 0 0
vt 0 0
vt 0 0
vt 0 0
vt 0 0
vt 0 0
vt 0 0
vt 0 0
vt 0 0
vt 0 0
vt 0 0
vt 0 0
vt 0 0
vt 0 0
vt 0 0
vt 0 0
vt 0 0
vt 0 0
vt 0 0
vt 0 0
vt 0 0
vt 0 0
vt 0 0
vt 0 0
vt 0 0
vt 0 0
vt 0 0
vt 0 0
vt 0 0
vt 0 0
vt 0 0
vt 0 0
vt 0 0
vt 0 0
vt 0 0
vt 0 0
vt 0 0
vt 0 0
vt 0 0
vt 0 0
vt 0 0
vt 0 0
vt 0 0
vt 0 0
vt 0 0
vt 0 0
vt 0 0
vt 0 0
vt 0 0
vt 0 0
vt 0 0
vt 0 0
vt 0 0
vt 0 0
vt 0 0
vt 0 0
vt 0 0
vt 0 0
vt 0 0
vt 0 0
vt 0 0
vt 0 0
vt 0 0
vt 0 0
vt 0 0
vt 0 0
vt 0 0
vt 0 0
vt 0 0
vt 0 0
vt 0 0
vt 0 0
vt 0 0
vt 0 0
vt 0 0
vt 0 0
vt 0 0
vt 0 0
vt 0 0
vt 0 0
vt 0 0
vt 0 0
vt 0 0
vt 0 0
vt 0 0
vt 0 0
vt 0 0
vt 0 0
vt 0 0
vt 0 0
vt 0 0
vt 0 0
vt 0 0
vt 0 0
vt 0 0
vt 0 0
vt 0 0
vt 0 0
vt 0 0
vt 0 0
vt 0 0
vt 0 0
vt 0 0
vt 0 0
vt 0 0
vt 0 0
vt 0 0
vt 0 0
vt 0 0
vt 0 0
vt 0 0
vt 0 0
vt 0 0
vt 0 0
vt 0 0
vt 0 0
vt 0 0
vt 0 0
vt 0 0
vt 0 0
vt 0 0
vt 0 0
vt 0 0
vt 0 0
vt 0 0
vt 0 0
vt 0 0
vt 0 0
vt 0 0
vt 0 0
vt 0 0
vt 0 0
vt 0 0
vt 0 0
vt 0 0
vt 0 0
vt 0 0
vt 0 0
vt 0 0
vt 0 0
vt 0 0
vt 0 0
vt 0 0
vt 0 0
vt 0 0
vt 0 0
vt 0 0
vt 0 0
vt 0 0
vt 0 0
vt 0 0
vt 0 0
vt 0 0
vt 0 0
vt 0 0
vt 0 0
vt 0 0
vt 0 0
vt 0 0
vt 0 0
vt 0 0
vt 0 0
vt 0 0
vt 0 0
vt 0 0
vt 0 0
vt 0 0
vt 0 0
vt 0 0
vt 0 0
vt 0 0
vt 0 0
vt 0 0
vt 0 0
vt 0 0
vt 0 0
vt 0 0
vt 0 0
vt 0 0
vt 0 0
vt 0 0
vt 0 0
vt 0 0
vt 0 0
vt 0 0
vt 0 0
vt 0 0
vt 0 0
vt 0 0
vt 0 0
vt 0 0
vt 0 0
vt 0 0
vt 0 0
vt 0 0
vt 0 0
vt 0 0
vt 0 0
vt 0 0
vt 0 0
vt 0 0
vt 0 0
vt 0 0
vt 0 0
vt 0 0
vt 0 0
vt 0 0
vt 0 0
vt 0 0
vt 0 0
vt 0 0
vt 0 0
vt 0 0
vt 0 0
vt 0 0
vt 0 0
vt 0 0
vt 0 0
vt 0 0
vt 0 0
vt 0 0
vt 0 0
vt 0 0
vt 0 0
vt 0 0
vt 0 0
vt 0 0
vt 0 0
vt 0 0
vt 0 0
vt 0 0
vt 0 0
vt 0 0
vt 0 0
vt 0 0
vt 0 0
vt 0 0
vt 0 0
vt 0 0
vt 0 0
vt 0 0
vt 0 0
vt 0 0
vt 0 0
vt 0 0
vt 0 0
vt 0 0
vt 0 0
vt 0 0
vt 0 0
vt 0 0
vt 0 0
vt 0 0
vt 0 0
vt 0 0
vt 0 0
vt 0 0
vt 0 0
vt 0 0
vt 0 0
vt 0 0
vt 0 0
vt 0 0
vt 0 0
vt 0 0
vt 0 0
vt 0 0
vt 0 0
vt 0 0
vt 0 0
vt 0 0
vt 0 0
vt 0 0
vt 0 0
vt 0 0
vt 0 0
vt 0 0
vt 0 0
vt 0 0
vt 0 0
vt 0 0
vt 0 0
vt 0 0
vt 0 0
vt 0 0
vt 0 0
vt 0 0
vt 0 0
vt 0 0
vt 0 0
vt 0 0
vt 0 0
vt 0 0
vt 0 0
vt 0 0
vt 0 0
vt 0 0
vt 0 0
vt 0 0
vt 0 0
vt 0 0
vt 0 0
vt 0 0
vt 0 0
vt 0 0
vt 0 0
vt 0 0
vt 0 0
vt 0 0
vt 0 0
vt 0 0
vt 0 0
vt 0 0
vt 0 0
vt 0 0
vt 0 0
vt 0 0
vt 0 0
vt 0 0
vt 0 0
vt 0 0
vt 0 0
vt 0 0
vt 0 0
vt 0 0
vt 0 0
vt 0 0
vt 0 0
vt 0 0
vt 0 0
vt 0 0
vt 0 0
vt 0 0
vt 0 0
vt 0 0
vt 0 0
vt 0 0
vt 0 0
vt 0 0
vt 0 0
vt 0 0
vt 0 0
vt 0 0
vt 0 0
vt 0 0
vt 0 0
vt 0 0
vt 0 0
vt 0 0
vt 0 0
vt 0 0
vt 0 0
vt 0 0
vt 0 0
vt 0 0
vt 0 0
vt 0 0
vt 0 0
vt 0 0
vt 0 0
vt 0 0
vt 0 0
vt 0 0
vt 0 0
vt 0 0
vt 0 0
vt 0 0
vt 0 0
vt 0 0
vt 0 0
vt 0 0
vt 0 0
vt 0 0
vt 0 0
vt 0 0
vt 0 0
vt 0 0
vt 0 0
vt 0 0
vt 0 0
vt 0 0
vt 0 0
vt 0 0
vt 0 0
vt 0 0
vt 0 0
vt 0 0
vt 0 0
vt 0 0
vt 0 0
vt 0 0
vt 0 0
vt 0 0
vt 0 0
vt 0 0
vt 0 0
vt 0 0
vt 0 0
vt 0 0
vt 0 0
vt 0 0
vt 0 0
vt 0 0
vt 0 0
vt 0 0
vt 0 0
vt 0 0
vt 0 0
vt 0 0
vt 0 0
vt 0 0
vt 0 0
vt 0 0
vt 0 0
vt 0 0
vt 0 0
vt 0 0
vt 0 0
vt 0 0
vt 0 0
vt 0 0
vt 0 0
vt 0 0
vt 0 0
vt 0 0
vt 0 0
vt 0 0
vt 0 0
vt 0 0
vt 0 0
vt 0 0
vt 0 0
vt 0 0
vt 0 0
vt 0 0
vt 0 0
vt 0 0
vt 0 0
vt 0 0
vt 0 0
vt 0 0
vt 0 0
vt 0 0
vt 0 0
vt 0 0
vt 0 0
vt 0 0
vt 0 0
vt 0 0
vt 0 0
vt 0 0
vt 0 0
vt 0 0
vt 0 0
vt 0 0
vt 0 0
vt 0 0
vt 0 0
vt 0 0
vt 0 0
vt 0 0
vt 0 0
vt 0 0
vt 0 0
vt 0 0
vt 0 0
vt 0 0
vt 0 0
vt 0 0
vt 0 0
vt 0 0
vt 0 0
vt 0 0
vt 0 0
vt 0 0
vt 0 0
vt 0 0
vt 0 0
vt 0 0
vt 0 0
vt 0 0
vt 0 0
vt 0 0
vt 0 0
vt 0 0
vt 0 0
vt 0 0
vt 0 0
vt 0 0
vt 0 0
vt 0 0
vt 0 0
vt 0 0
vt 0 0
vt 0 0
vt 0 0
vt 0 0
vt 0 0
vt 0 0
vt 0 0
vt 0 0
vt 0 0
vt 0 0
vt 0 0
vt 0 0
vt 0 0
vt 0 0
vt 0 0
vt 0 0
vt 0 0
vt 0 0
vt 0 0
vt 0 0
vt 0 0
vt 0 0
vt 0 0
vt 0 0
vt 0 0
vt 0 0
vt 0 0
vt 0 0
vt 0 0
vt 0 0
vt 0 0
vt 0 0
vt 0 0
vt 0 0
vt 0 0
vt 0 0
vt 0 0
vt 0 0
vt 0 0
vt 0 0
vt 0 0
vt 0 0
vt 0 0
vt 0 0
vt 0 0
vt 0 0
vt 0 0
vt 0 0
vt 0 0
vt 0 0
vt 0 0
vt 0 0
vt 0 0
vt 0 0
vt 0 0
vt 0 0
vt 0 0
vt 0 0
vt 0 0
vt 0 0
vt 0 0
vt 0 0
vt 0 0
vt 0 0
vt 0 0
vt 0 0
vt 0 0
vt 0 0
vt 0 0
vt 0 0
vt 0 0
vt 0 0
vt 0 0
vt 0 0
vt 0 0
vt 0 0
vt 0 0
vt 0 0
vt 0 0
vt 0 0
vt 0 0
vt 0 0
vt 0 0
vt 0 0
vt 0 0
vt 0 0
vt 0 0
vt 0 0
vt 0 0
vt 0 0
vt 0 0
vt 0 0
vt 0 0
vt 0 0
vt 0 0
vt 0 0
vt 0 0
vt 0 0
vt 0 0
vt 0 0
vt 0 0
vt 0 0
vt 0 0
vt 0 0
vt 0 0
vt 0 0
vt 0 0
vt 0 0
vt 0 0
vt 0 0
vt 0 0
vt 0 0
vt 0 0
vt 0 0
vt 0 0
vt 0 0
vt 0 0
vt 0 0
vt 0 0
vt 0 0
vt 0 0
vt 0 0
vt 0 0
vt 0 0
vt 0 0
vt 0 0
vt 0 0
vt 0 0
vt 0 0
vt 0 0
vt 0 0
vt 0 0
vt 0 0
vt 0 0
vt 0 0
vt 0 0
vt 0 0
vt 0 0
vt 0 0
vt 0 0
vt 0 0
vt 0 0
vt 0 0
vt 0 0
vt 0 0
vt 0 0
vt 0 0
vt 0 0
vt 0 0
vt 0 0
vt 0 0
vt 0 0
vt 0 0
vt 0 0
vt 0 0
vt 0 0
vt 0 0
vt 0 0
vt 0 0
vt 0 0
vt 0 0
vt 0 0
vt 0 0
vt 0 0
vt 0 0
vt 0 0
vt 0 0
vt 0 0
vt 0 0
vt 0 0
vt 0 0
vt 0 0
vt 0 0
vt 0 0
vt 0 0
vt 0 0
vt 0 0
vt 0 0
vt 0 0
vt 0 0
vt 0 0
vt 0 0
vt 0 0
vt 0 0
vt 0 0
vt 0 0
vt 0 0
vt 0 0
vt 0 0
vt 0 0
vt 0 0
vt 0 0
vt 0 0
vt 0 0
vt 0 0
vt 0 0
vt 0 0
vt 0 0
vt 0 0
vt 0 0
vt 0 0
vt 0 0
vt 0 0
vt 0 0
vt 0 0
vt 0 0
vt 0 0
vt 0 0
vt 0 0
vt 0 0
vt 0 0
vt 0 0
vt 0 0
vt 0 0
vt 0 0
vt 0 0
vt 0 0
vt 0 0
vt 0 0
vt 0 0
vt 0 0
vt 0 0
vt 0 0
vt 0 0
vt 0 0
vt 0 0
vt 0 0
vt 0 0
vt 0 0
vt 0 0
vt 0 0
vt 0 0
vt 0 0
vt 0 0
vt 0 0
vt 0 0
vt 0 0
vt 0 0
vt 0 0
vt 0 0
vt 0 0
vt 0 0
vt 0 0
vt 0 0
vt 0 0
vt 0 0
vt 0 0
vt 0 0
vt 0 0
vt 0 0
vt 0 0
vt 0 0
vt 0 0
vt 0 0
vt 0 0
vt 0 0
vt 0 0
vt 0 0
vt 0 0
vt 0 0
vt 0 0
vt 0 0
vt 0 0
vt 0 0
vt 0 0
vt 0 0
vt 0 0
vt 0 0
vt 0 0
vt 0 0
vt 0 0
vt 0 0
vt 0 0
vt 0 0
vt 0 0
vt 0 0
vt 0 0
vt 0 0
vt 0 0
vt 0 0
vt 0 0
vt 0 0
vt 0 0
vt 0 0
vt 0 0
vt 0 0
vt 0 0
vt 0 0
vt 0 0
vt 0 0
vt 0 0
vt 0 0
vt 0 0
vt 0 0
vt 0 0
vt 0 0
vt 0 0
vt 0 0
vt 0 0
vt 0 0
vt 0 0
vt 0 0
vt 0 0
vt 0 0
vt 0 0
vt 0 0
vt 0 0
vt 0 0
vt 0 0
vt 0 0
vt 0 0
vt 0 0
vt 0 0
vt 0 0
vt 0 0
vt 0 0
vt 0 0
vt 0 0
vt 0 0
vt 0 0
vt 0 0
vt 0 0
vt 0 0
vt 0 0
vt 0 0
vt 0 0
vt 0 0
vt 0 0
vt 0 0
vt 0 0
vt 0 0
vt 0 0
vt 0 0
vt 0 0
vt 0 0
vt 0 0
vt 0 0
vt 0 0
vt 0 0
vt 0 0
vt 0 0
vt 0 0
vt 0 0
vt 0 0
vt 0 0
vt 0 0
vt 0 0
vt 0 0
vt 0 0
vt 0 0
vt 0 0
vt 0 0
vt 0 0
vt 0 0
vt 0 0
vt 0 0
vt 0 0
vt 0 0
vt 0 0
vt 0 0
vt 0 0
vt 0 0
vt 0 0
vt 0 0
vt 0 0
vt 0 0
vt 0 0
vt 0 0
vt 0 0
vt 0 0
vt 0 0
vt 0 0
vt 0 0
vt 0 0
vt 0 0
vt 0 0
vt 0 0
vt 0 0
vt 0 0
vt 0 0
vt 0 0
vt 0 0
vt 0 0
vt 0 0
vt 0 0
vt 0 0
vt 0 0
vt 0 0
vt 0 0
vt 0 0
vt 0 0
vt 0 0
vt 0 0
vt 0 0
vt 0 0
vt 0 0
vt 0 0
vt 0 0
vt 0 0
vt 0 0
vt 0 0
vt 0 0
vt 0 0
vt 0 0
vt 0 0
vt 0 0
vt 0 0
vt 0 0
vt 0 0
vt 0 0
vt 0 0
vt 0 0
vt 0 0
vt 0 0
vt 0 0
vt 0 0
vt 0 0
vt 0 0
vt 0 0
vt 0 0
vt 0 0
vt 0 0
vt 0 0
vt 0 0
vt 0 0
vt 0 0
vt 0 0
vt 0 0
vt 0 0
vt 0 0
vt 0 0
vt 0 0
vt 0 0
vt 0 0
vt 0 0
vt 0 0
vt 0 0
vt 0 0
vt 0 0
vt 0 0
vt 0 0
vt 0 0
vt 0 0
vt 0 0
vt 0 0
vt 0 0
vt 0 0
vt 0 0
vt 0 0
vt 0 0
vt 0 0
vt 0 0
vt 0 0
vt 0 0
vt 0 0
vt 0 0
vt 0 0
vt 0 0
vt 0 0
vt 0 0
vt 0 0
vt 0 0
vt 0 0
vt 0 0
vt 0 0
vt 0 0
vt 0 0
vt 0 0
vt 0 0
vt 0 0
vt 0 0
vt 0 0
vt 0 0
vt 0 0
vt 0 0
vt 0 0
vt 0 0
vt 0 0
vt 0 0
vt 0 0
vt 0 0
vt 0 0
vt 0 0
vt 0 0
vt 0 0
vt 0 0
vt 0 0
vt 0 0
vt 0 0
vt 0 0
vt 0 0
vt 0 0
vt 0 0
vt 0 0
vt 0 0
vt 0 0
vt 0 0
vt 0 0
vt 0 0
vt 0 0
vt 0 0
vt 0 0
vt 0 0
vt 0 0
vt 0 0
vt 0 0
vt 0 0
vt 0 0
vt 0 0
vt 0 0
vt 0 0
vt 0 0
vt 0 0
vt 0 0
vt 0 0
vt 0 0
vt 0 0
vt 0 0
vt 0 0
vt 0 0
vt 0 0
vt 0 0
vt 0 0
vt 0 0
vt 0 0
vt 0 0
vt 0 0
vt 0 0
vt 0 0
vt 0 0
vt 0 0
vt 0 0
vt 0 0
vt 0 0
vt 0 0
vt 0 0
vt 0 0
vt 0 0
vt 0 0
vt 0 0
vt 0 0
vt 0 0
vt 0 0
vt 0 0
vt 0 0
vt 0 0
vt 0 0
vt 0 0
vt 0 0
vt 0 0
vt 0 0
vt 0 0
vt 0 0
vt 0 0
vt 0 0
vt 0 0
vt 0 0
vt 0 0
vt 0 0
vt 0 0
vt 0 0
vt 0 0
vt 0 0
vt 0 0
vt 0 0
vt 0 0
vt 0 0
vt 0 0
vt 0 0
vt 0 0
vt 0 0
vt 0 0
vt 0 0
vt 0 0
vt 0 0
vt 0 0
vt 0 0
vt 0 0
vt 0 0
vt 0 0
vt 0 0
vt 0 0
vt 0 0
vt 0 0
vt 0 0
vt 0 0
vt 0 0
vt 0 0
vt 0 0
vt 0 0
vt 0 0
vt 0 0
vt 0 0
vt 0 0
vt 0 0
vt 0 0
vt 0 0
vt 0 0
vt 0 0
vt 0 0
vt 0 0
vt 0 0
vt 0 0
vt 0 0
vt 0 0
vt 0 0
vt 0 0
vt 0 0
vt 0 0
vt 0 0
vt 0 0
vt 0 0
vt 0 0
vt 0 0
vt 0 0
vt 0 0
vt 0 0
vt 0 0
vt 0 0
vt 0 0
vt 0 0
vt 0 0
vt 0 0
vt 0 0
vt 0 0
vt 0 0
vt 0 0
vt 0 0
vt 0 0
vt 0 0
vt 0 0
vt 0 0
vt 0 0
vt 0 0
vt 0 0
vt 0 0
vt 0 0
vt 0 0
vt 0 0
vt 0 0
vt 0 0
vt 0 0
vt 0 0
vt 0 0
vt 0 0
vt 0 0
vt 0 0
vt 0 0
vt 0 0
vt 0 0
vt 0 0
vt 0 0
vt 0 0
vt 0 0
vt 0 0
vt 0 0
vt 0 0
vt 0 0
vt 0 0
vt 0 0
vt 0 0
vt 0 0
vt 0 0
vt 0 0
vt 0 0
vt 0 0
vt 0 0
vt 0 0
vt 0 0
vt 0 0
vt 0 0
vt 0 0
vt 0 0
vt 0 0
vt 0 0
vt 0 0
vt 0 0
vt 0 0
vt 0 0
vt 0 0
vt 0 0
vt 0 0
vt 0 0
vt 0 0
vt 0 0
vt 0 0
vt 0 0
vt 0 0
vt 0 0
vt 0 0
vt 0 0
vt 0 0
vt 0 0
vt 0 0
vt 0 0
vt 0 0
vt 0 0
vt 0 0
vt 0 0
vt 0 0
vt 0 0
vt 0 0
vt 0 0
vt 0 0
vt 0 0
vt 0 0
vt 0 0
vt 0 0
vt 0 0
vt 0 0
vt 0 0
vt 0 0
vt 0 0
vt 0 0
vt 0 0
vt 0 0
vt 0 0
vt 0 0
vt 0 0
vt 0 0
vt 0 0
vt 0 0
vt 0 0
vt 0 0
vt 0 0
vt 0 0
vt 0 0
vt 0 0
vt 0 0
vt 0 0
vt 0 0
vt 0 0
vt 0 0
vt 0 0
vt 0 0
vt 0 0
vt 0 0
vt 0 0
vt 0 0
vt 0 0
vt 0 0
vt 0 0
vt 0 0
vt 0 0
vt 0 0
vt 0 0
vt 0 0
vt 0 0
vt 0 0
vt 0 0
vt 0 0
vt 0 0
vt 0 0
vt 0 0
vt 0 0
vt 0 0
vt 0 0
vt 0 0
vt 0 0
vt 0 0
vt 0 0
vt 0 0
vt 0 0
vt 0 0
vt 0 0
vt 0 0
vt 0 0
vt 0 0
vt 0 0
vt 0 0
vt 0 0
vt 0 0
vt 0 0
vt 0 0
vt 0 0
vt 0 0
vt 0 0
vt 0 0
vt 0 0
vt 0 0
vt 0 0
vt 0 0
vt 0 0
vt 0 0
vt 0 0
vt 0 0
vt 0 0
vt 0 0
vt 0 0
vt 0 0
vt 0 0
vt 0 0
vt 0 0
vt 0 0
vt 0 0
vt 0 0
vt 0 0
vt 0 0
vt 0 0
vt 0 0
vt 0 0
vt 0 0
vt 0 0
vt 0 0
vt 0 0
vt 0 0
vt 0 0
vt 0 0
vt 0 0
vt 0 0
vt 0 0
vt 0 0
vt 0 0
vt 0 0
vt 0 0
vt 0 0
vt 0 0
vt 0 0
vt 0 0
vt 0 0
vt 0 0
vt 0 0
vt 0 0
vt 0 0
vt 0 0
vt 0 0
vt 0 0
vt 0 0
vt 0 0
vt 0 0
vt 0 0
vt 0 0
vt 0 0
vt 0 0
vt 0 0
vt 0 0
vt 0 0
vt 0 0
vt 0 0
vt 0 0
vt 0 0
vt 0 0
vt 0 0
vt 0 0
vt 0 0
vt 0 0
vt 0 0
vt 0 0
vt 0 0
vt 0 0
vt 0 0
vt 0 0
vt 0 0
vt 0 0
vt 0 0
vt 0 0
vt 0 0
vt 0 0
vt 0 0
vt 0 0
vt 0 0
vt 0 0
vt 0 0
vt 0 0
vt 0 0
vt 0 0
vt 0 0
vt 0 0
vt 0 0
vt 0 0
vt 0 0
vt 0 0
vt 0 0
vt 0 0
vt 0 0
vt 0 0
vt 0 0
vt 0 0
vt 0 0
vt 0 0
vt 0 0
vt 0 0
vt 0 0
vt 0 0
vt 0 0
vt 0 0
vt 0 0
vt 0 0
vt 0 0
vt 0 0
vt 0 0
vt 0 0
vt 0 0
vt 0 0
vt 0 0
vt 0 0
vt 0 0
vt 0 0
vt 0 0
vt 0 0
vt 0 0
vt 0 0
vt 0 0
vt 0 0
vt 0 0
vt 0 0
vt 0 0
vt 0 0
vt 0 0
vt 0 0
vt 0 0
vt 0 0
vt 0 0
vt 0 0
vt 0 0
vt 0 0
vt 0 0
vt 0 0
vt 0 0
vt 0 0
vt 0 0
vt 0 0
vt 0 0
vt 0 0
vt 0 0
vt 0 0
vt 0 0
vt 0 0
vt 0 0
vt 0 0
vt 0 0
vt 0 0
vt 0 0
vt 0 0
vt 0 0
vt 0 0
vt 0 0
vt 0 0
vt 0 0
vt 0 0
vt 0 0
vt 0 0
vt 0 0
vt 0 0
vt 0 0
vt 0 0
vt 0 0
vt 0 0
vt 0 0
vt 0 0
vt 0 0
vt 0 0
vt 0 0
vt 0 0
vt 0 0
vt 0 0
vt 0 0
vt 0 0
vt 0 0
vt 0 0
vt 0 0
vt 0 0
vt 0 0
vt 0 0
vt 0 0
vt 0 0
vt 0 0
vt 0 0
vt 0 0
vt 0 0
vt 0 0
vt 0 0
vt 0 0
vt 0 0
vt 0 0
vt 0 0
vt 0 0
vt 0 0
vt 0 0
vt 0 0
vt 0 0
vt 0 0
vt 0 0
vt 0 0
vt 0 0
vt 0 0
vt 0 0
vt 0 0
vt 0 0
vt 0 0
vt 0 0
vt 0 0
vt 0 0
vt 0 0
vt 0 0
vt 0 0
vt 0 0
vt 0 0
vt 0 0
vt 0 0
vt 0 0
vt 0 0
vt 0 0
vt 0 0
vt 0 0
vt 0 0
vt 0 0
vt 0 0
vt 0 0
vt 0 0
vt 0 0
vt 0 0
vt 0 0
vt 0 0
vt 0 0
vt 0 0
vt 0 0
vt 0 0
vt 0 0
vt 0 0
vt 0 0
vt 0 0
vt 0 0
vt 0 0
vt 0 0
vt 0 0
vt 0 0
vt 0 0
vt 0 0
vt 0 0
vt 0 0
vt 0 0
vt 0 0
vt 0 0
vt 0 0
vt 0 0
vt 0 0
vt 0 0
vt 0 0
vt 0 0
vt 0 0
vt 0 0
vt 0 0
vt 0 0
vt 0 0
vt 0 0
vt 0 0
vt 0 0
vt 0 0
vt 0 0
vt 0 0
vt 0 0
vt 0 0
vt 0 0
vt 0 0
vt 0 0
vt 0 0
vt 0 0
vt 0 0
vt 0 0
vt 0 0
vt 0 0
vt 0 0
vt 0 0
vt 0 0
vt 0 0
vt 0 0
vt 0 0
vt 0 0
vt 0 0
vt 0 0
vt 0 0
vt 0 0
vt 0 0
vt 0 0
vt 0 0
vt 0 0
vt 0 0
vt 0 0
vt 0 0
vt 0 0
vt 0 0
vt 0 0
vt 0 0
vt 0 0
vt 0 0
vt 0 0
vt 0 0
vt 0 0
vt 0 0
vt 0 0
vt 0 0
vt 0 0
vt 0 0
vt 0 0
vt 0 0
vt 0 0
vt 0 0
vt 0 0
vt 0 0
vt 0 0
vt 0 0
vt 0 0
vt 0 0
vt 0 0
vt 0 0
vt 0 0
vt 0 0
vt 0 0
vt 0 0
vt 0 0
vt 0 0
vt 0 0
vt 0 0
vt 0 0
vt 0 0
vt 0 0
vt 0 0
vt 0 0
vt 0 0
vt 0 0
vt 0 0
vt 0 0
vt 0 0
vt 0 0
vt 0 0
vt 0 0
vt 0 0
vt 0 0
vt 0 0
vt 0 0
vt 0 0
vt 0 0
vt 0 0
vt 0 0
vt 0 0
vt 0 0
vt 0 0
vt 0 0
vt 0 0
vt 0 0
vt 0 0
vt 0 0
vt 0 0
vt 0 0
vt 0 0
vt 0 0
vt 0 0
vt 0 0
vt 0 0
vt 0 0
vt 0 0
vt 0 0
vt 0 0
vt 0 0
vt 0 0
vt 0 0
vt 0 0
vt 0 0
vt 0 0
vt 0 0
vt 0 0
vt 0 0
vt 0 0
vt 0 0
vt 0 0
vt 0 0
vt 0 0
vt 0 0
vt 0 0
vt 0 0
vt 0 0
vt 0 0
vt 0 0
vt 0 0
vt 0 0
vt 0 0
vt 0 0
vt 0 0
vt 0 0
vt 0 0
vt 0 0
vt 0 0
vt 0 0
vt 0 0
vt 0 0
vt 0 0
vt 0 0
vt 0 0
vt 0 0
vt 0 0
vt 0 0
vt 0 0
vt 0 0
vt 0 0
vt 0 0
vt 0 0
vt 0 0
vt 0 0
vt 0 0
vt 0 0
vt 0 0
vt 0 0
vt 0 0
vt 0 0
vt 0 0
vt 0 0
vt 0 0
vt 0 0
vt 0 0
vt 0 0
vt 0 0
vt 0 0
vt 0 0
vt 0 0
vt 0 0
vt 0 0
vt 0 0
vt 0 0
vt 0 0
vt 0 0
vt 0 0
vt 0 0
vt 0 0
vt 0 0
vt 0 0
vt 0 0
vt 0 0
vt 0 0
vt 0 0
vt 0 0
vt 0 0
vt 0 0
vt 0 0
vt 0 0
vt 0 0
vt 0 0
vt 0 0
vt 0 0
vt 0 0
vt 0 0
vt 0 0
vt 0 0
vt 0 0
vt 0 0
vt 0 0
vt 0 0
vt 0 0
vt 0 0
vt 0 0
vt 0 0
vt 0 0
vt 0 0
vt 0 0
vt 0 0
vt 0 0
vt 0 0
vt 0 0
vt 0 0
vt 0 0
vt 0 0
vt 0 0
vt 0 0
vt 0 0
vt 0 0
vt 0 0
vt 0 0
vt 0 0
vt 0 0
vt 0 0
vt 0 0
vt 0 0
vt 0 0
vt 0 0
vt 0 0
vt 0 0
vt 0 0
vt 0 0
vt 0 0
vt 0 0
vt 0 0
vt 0 0
vt 0 0
vt 0 0
vt 0 0
vt 0 0
vt 0 0
vt 0 0
vt 0 0
vt 0 0
vt 0 0
vt 0 0
vt 0 0
vt 0 0
vt 0 0
vt 0 0
vt 0 0
vt 0 0
vt 0 0
vt 0 0
vt 0 0
vt 0 0
vt 0 0
vt 0 0
vt 0 0
vt 0 0
vt 0 0
vt 0 0
vt 0 0
vt 0 0
vt 0 0
vt 0 0
vt 0 0
vt 0 0
vt 0 0
vt 0 0
vt 0 0
vt 0 0
vt 0 0
vt 0 0
vt 0 0
vt 0 0
vt 0 0
vt 0 0
vt 0 0
vt 0 0
vt 0 0
vt 0 0
vt 0 0
vt 0 0
vt 0 0
vt 0 0
vt 0 0
vt 0 0
vt 0 0
vt 0 0
vt 0 0
vt 0 0
vt 0 0
vt 0 0
vt 0 0
vt 0 0
vt 0 0
vt 0 0
vt 0 0
vt 0 0
vt 0 0
vt 0 0
vt 0 0
vt 0 0
vt 0 0
vt 0 0
vt 0 0
vt 0 0
vt 0 0
vt 0 0
vt 0 0
vt 0 0
vt 0 0
vt 0 0
vt 0 0
vt 0 0
vt 0 0
vt 0 0
vt 0 0
vt 0 0
vt 0 0
vt 0 0
vt 0 0
vt 0 0
vt 0 0
vt 0 0
vt 0 0
vt 0 0
vt 0 0
vt 0 0
vt 0 0
vt 0 0
vt 0 0
vt 0 0
vt 0 0
vt 0 0
vt 0 0
vt 0 0
vt 0 0
vt 0 0
vt 0 0
vt 0 0
vt 0 0
vt 0 0
vt 0 0
vt 0 0
vt 0 0
vt 0 0
vt 0 0
vt 0 0
vt 0 0
vt 0 0
vt 0 0
vt 0 0
vt 0 0
vt 0 0
vt 0 0
vt 0 0
vt 0 0
vt 0 0
vt 0 0
vt 0 0
vt 0 0
vt 0 0
vt 0 0
vt 0 0
vt 0 0
vt 0 0
vt 0 0
vt 0 0
vt 0 0
vt 0 0
vt 0 0
vt 0 0
vt 0 0
vt 0 0
vt 0 0
vt 0 0
vt 0 0
vt 0 0
vt 0 0
vt 0 0
vt 0 0
vt 0 0
vt 0 0
vt 0 0
vt 0 0
vt 0 0
vt 0 0
vt 0 0
vt 0 0
vt 0 0
vt 0 0
vt 0 0
vt 0 0
vt 0 0
vt 0 0
vt 0 0
vt 0 0
vt 0 0
vt 0 0
vt 0 0
vt 0 0
vt 0 0
vt 0 0
vt 0 0
vt 0 0
vt 0 0
vt 0 0
vt 0 0
vt 0 0
vt 0 0
vt 0 0
vt 0 0
vt 0 0
vt 0 0
vt 0 0
vt 0 0
vt 0 0
vt 0 0
vt 0 0
vt 0 0
vt 0 0
vt 0 0
vt 0 0
vt 0 0
vt 0 0
vt 0 0
vt 0 0
vt 0 0
vt 0 0
vt 0 0
vt 0 0
vt 0 0
vt 0 0
vt 0 0
vt 0 0
vt 0 0
vt 0 0
vt 0 0
vt 0 0
vt 0 0
vt 0 0
vt 0 0
vt 0 0
vt 0 0
vt 0 0
vt 0 0
vt 0 0
vt 0 0
vt 0 0
vt 0 0
vt 0 0
vt 0 0
vt 0 0
vt 0 0
vt 0 0
vt 0 0
vt 0 0
vt 0 0
vt 0 0
vt 0 0
vt 0 0
vt 0 0
vt 0 0
vt 0 0
vt 0 0
vt 0 0
vt 0 0
vt 0 0
vt 0 0
vt 0 0
vt 0 0
vt 0 0
vt 0 0
vt 0 0
vt 0 0
vt 0 0
vt 0 0
vt 0 0
vt 0 0
vt 0 0
vt 0 0
vt 0 0
vt 0 0
vt 0 0
vt 0 0
vt 0 0
vt 0 0
vt 0 0
vt 0 0
vt 0 0
vt 0 0
vt 0 0
vt 0 0
vt 0 0
vt 0 0
vt 0 0
vt 0 0
vt 0 0
vt 0 0
vt 0 0
vt 0 0
vt 0 0
vt 0 0
vt 0 0
vt 0 0
vt 0 0
vt 0 0
vt 0 0
vt 0 0
vt 0 0
vt 0 0
vt 0 0
vt 0 0
vt 0 0
vt 0 0
vt 0 0
vt 0 0
vt 0 0
vt 0 0
vt 0 0
vt 0 0
vt 0 0
vt 0 0
vt 0 0
vt 0 0
vt 0 0
vt 0 0
vt 0 0
vt 0 0
vt 0 0
vt 0 0
vt 0 0
vt 0 0
vt 0 0
vt 0 0
vt 0 0
vt 0 0
vt 0 0
vt 0 0
vt 0 0
vt 0 0
vt 0 0
vt 0 0
vt 0 0
vt 0 0
vt 0 0
vt 0 0
vt 0 0
vt 0 0
vt 0 0
vt 0 0
vt 0 0
vt 0 0
vt 0 0
vt 0 0
vt 0 0
vt 0 0
vt 0 0
vt 0 0
vt 0 0
vt 0 0
vt 0 0
vt 0 0
vt 0 0
vt 0 0
vt 0 0
vt 0 0
vt 0 0
vt 0 0
vt 0 0
vt 0 0
vt 0 0
vt 0 0
vt 0 0
vt 0 0
vt 0 0
vt 0 0
vt 0 0
vt 0 0
vt 0 0
vt 0 0
vt 0 0
vt 0 0
vt 0 0
vt 0 0
vt 0 0
vt 0 0
vt 0 0
vt 0 0
vt 0 0
vt 0 0
vt 0 0
vt 0 0
vt 0 0
vt 0 0
vt 0 0
vt 0 0
vt 0 0
vt 0 0
vt 0 0
vt 0 0
vt 0 0
vt 0 0
vt 0 0
vt 0 0
vt 0 0
vt 0 0
vt 0 0
vt 0 0
vt 0 0
vt 0 0
vt 0 0
vt 0 0
vt 0 0
vt 0 0
vt 0 0
vt 0 0
vt 0 0
vt 0 0
vt 0 0
vt 0 0
vt 0 0
vt 0 0
vt 0 0
vt 0 0
vt 0 0
vt 0 0
vt 0 0
vt 0 0
vt 0 0
vt 0 0
vt 0 0
vt 0 0
vt 0 0
vt 0 0
vt 0 0
vt 0 0
vt 0 0
vt 0 0
vt 0 0
vt 0 0
vt 0 0
vt 0 0
vt 0 0
vt 0 0
vt 0 0
vt 0 0
vt 0 0
vt 0 0
vt 0 0
vt 0 0
vt 0 0
vt 0 0
vt 0 0
vt 0 0
vt 0 0
vt 0 0
vt 0 0
vt 0 0
vt 0 0
vt 0 0
vt 0 0
vt 0 0
vt 0 0
vt 0 0
vt 0 0
vt 0 0
vt 0 0
vt 0 0
vt 0 0
vt 0 0
vt 0 0
vt 0 0
vt 0 0
vt 0 0
vt 0 0
vt 0 0
vt 0 0
vt 0 0
vt 0 0
vt 0 0
vt 0 0
vt 0 0
vt 0 0
vt 0 0
vt 0 0
vt 0 0
vt 0 0
vt 0 0
vt 0 0
vt 0 0
vt 0 0
vt 0 0
vt 0 0
vt 0 0
vt 0 0
vt 0 0
vt 0 0
vt 0 0
vt 0 0
vt 0 0
vt 0 0
vt 0 0
vt 0 0
vt 0 0
vt 0 0
vt 0 0
vt 0 0
vt 0 0
vt 0 0
vt 0 0
vt 0 0
vt 0 0
vt 0 0
vt 0 0
vt 0 0
vt 0 0
vt 0 0
vt 0 0
vt 0 0
vt 0 0
vt 0 0
vt 0 0
vt 0 0
vt 0 0
vt 0 0
vt 0 0
vt 0 0
vt 0 0
vt 0 0
vt 0 0
vt 0 0
vt 0 0
vt 0 0
vt 0 0
vt 0 0
vt 0 0
vt 0 0
vt 0 0
vt 0 0
vt 0 0
vt 0 0
vt 0 0
vt 0 0
vt 0 0
vt 0 0
vt 0 0
vt 0 0
vt 0 0
vt 0 0
vt 0 0
vt 0 0
vt 0 0
vt 0 0
vt 0 0
vt 0 0
vt 0 0
vt 0 0
vt 0 0
vt 0 0
vt 0 0
vt 0 0
vt 0 0
vt 0 0
vt 0 0
vt 0 0
vt 0 0
vt 0 0
vt 0 0
vt 0 0
vt 0 0
vt 0 0
vt 0 0
vt 0 0
vt 0 0
vt 0 0
vt 0 0
vt 0 0
vt 0 0
vn -0.7144900650403119 0.6995902437250371 0.008799877466993596
vn -0.7102100906684707 0.6058085703363267 0.35860507974614414
vn -0.7102100906684707 0.6058085703363267 0.35860507974614414
vn -0.7070704297245765 0.3497853751229313 0.6145743232182852
vn -0.7102100906684707 0.6058085703363267 0.35860507974614414
vn -0.7102100906684707 0.6058085703363267 0.35860507974614414
vn -0.7102100906684707 0.6058085703363267 0.35860507974614414
vn -0.7144900650403119 0.6995902437250371 0.008799877466993596
vn -0.7144900650403119 0.6995902437250371 0.008799877466993596
vn -0.7102100906684707 0.6058085703363267 0.35860507974614414
vn -0.7070704297245765 0.3497853751229313 0.6145743232182852
vn -0.7070704297245765 0.3497853751229313 0.6145743232182852
vn -0.718818678817219 0.6058157084040809 -0.34100884802938686
vn -0.7144900650403119 0.6995902437250371 0.008799877466993596
vn -0.7144900650403119 0.6995902437250371 0.008799877466993596
vn -0.7061059920415441 0.0004000033916860995 0.7081060429062255
vn -0.7070704297245765 0.3497853751229313 0.6145743232182852
vn -0.7070704297245765 0.3497853751229313 0.6145743232182852
vn -0.7144900650403119 0.6995902437250371 0.008799877466993596
vn -0.718818678817219 0.6058157084040809 -0.34100884802938686
vn -0.718818678817219 0.6058157084040809 -0.34100884802938686
vn -0.7070704297245765 0.3497853751229313 0.6145743232182852
vn -0.7061059920415441 0.0004000033916860995 0.7081060429062255
vn -0.7061059920415441 0.0004000033916860995 0.7081060429062255
vn -0.7219808558184105 0.34979071415080565 -0.5969841707495976
vn -0.718818678817219 0.6058157084040809 -0.34100884802938686
vn -0.718818678817219 0.6058157084040809 -0.34100884802938686
vn -0.7061059920415441 0.0004000033916860995 0.7081060429062255
vn -0.7070704297245765 -0.3497853751229313 0.6145743232182852
vn -0.7061059920415441 0.0004000033916860995 0.7081060429062255
vn -0.718818678817219 0.6058157084040809 -0.34100884802938686
vn -0.7219808558184105 0.34979071415080565 -0.5969841707495976
vn -0.7219808558184105 0.34979071415080565 -0.5969841707495976
vn -0.7061059920415441 0.0004000033916860995 0.7081060429062255
vn -0.7070704297245765 -0.3497853751229313 0.6145743232182852
vn -0.7070704297245765 -0.3497853751229313 0.6145743232182852
vn -0.7231216636727298 0 -0.6907206812649982
vn -0.7219808558184105 0.34979071415080565 -0.5969841707495976
vn -0.7219808558184105 0.34979071415080565 -0.5969841707495976
vn -0.7102100906684707 -0.6058085703363267 0.35860507974614414
vn -0.7070704297245765 -0.3497853751229313 0.6145743232182852
vn -0.7070704297245765 -0.3497853751229313 0.6145743232182852
vn -0.7219808558184105 0.34979071415080565 -0.5969841707495976
vn -0.7231216636727298 0 -0.6907206812649982
vn -0.7232192418630262 0.0005000133110060799 -0.6906183303285239
vn -0.7102100906684707 -0.6058085703363267 0.35860507974614414
vn -0.7070704297245765 -0.3497853751229313 0.6145743232182852
vn -0.7102100906684707 -0.6058085703363267 0.35860507974614414
vn -0.7231216636727298 0 -0.6907206812649982
vn -0.7219808558184105 -0.34979071415080565 -0.5969841707495976
vn -0.7232192418630262 0.0005000133110060799 -0.6906183303285239
vn -0.7144900650403119 -0.6995902437250371 0.008799877466993596
vn -0.7102100906684707 -0.6058085703363267 0.35860507974614414
vn -0.7102100906684707 -0.6058085703363267 0.35860507974614414
vn -0.7231216636727298 0 -0.6907206812649982
vn -0.7219808558184105 -0.34979071415080565 -0.5969841707495976
vn -0.7219808558184105 -0.34979071415080565 -0.5969841707495976
vn -0.7144900650403119 -0.6995902437250371 0.008799877466993596
vn -0.7102100906684707 -0.6058085703363267 0.35860507974614414
vn -0.7144900650403119 -0.6995902437250371 0.008799877466993596
vn -0.718818678817219 -0.6058157084040809 -0.34100884802938686
vn -0.7219808558184105 -0.34979071415080565 -0.5969841707495976
vn -0.7219808558184105 -0.34979071415080565 -0.5969841707495976
vn -0.7144900650403119 -0.6995902437250371 0.008799877466993596
vn -0.718818678817219 -0.6058157084040809 -0.34100884802938686
vn -0.7144900650403119 -0.6995902437250371 0.008799877466993596
vn -0.718818678817219 -0.6058157084040809 -0.34100884802938686
vn -0.7219808558184105 -0.34979071415080565 -0.5969841707495976
vn -0.718818678817219 -0.6058157084040809 -0.34100884802938686
vn -0.718818678817219 -0.6058157084040809 -0.34100884802938686
vn -0.7144900650403119 -0.6995902437250371 0.008799877466993596
vn -0.718818678817219 -0.6058157084040809 -0.34100884802938686
vn -0.6997935494177059 -0.7142933777901718 0.008599920841258568
vn -0.7041329093554244 -0.6184288702299827 -0.3489162914349698
vn -0.7041329093554244 -0.6184288702299827 -0.3489162914349698
vn -0.7041329093554244 -0.6184288702299827 -0.3489162914349698
vn -0.6997935494177059 -0.7142933777901718 0.008599920841258568
vn -0.6997935494177059 -0.7142933777901718 0.008599920841258568
vn -0.7074054572833334 -0.35720274026530313 -0.6099046821862547
vn -0.7041329093554244 -0.6184288702299827 -0.3489162914349698
vn -0.7041329093554244 -0.6184288702299827 -0.3489162914349698
vn -0.695405692349911 -0.6186050748979096 0.3657030002035703
vn -0.6997935494177059 -0.7142933777901718 0.008599920841258568
vn -0.6997935494177059 -0.7142933777901718 0.008599920841258568
vn -0.7041329093554244 -0.6184288702299827 -0.3489162914349698
vn -0.7074054572833334 -0.35720274026530313 -0.6099046821862547
vn -0.7074054572833334 -0.35720274026530313 -0.6099046821862547
vn -0.6953802622248214 -0.6185824532763025 0.3657896108513876
vn -0.695405692349911 -0.6186050748979096 0.3657030002035703
vn -0.6997935494177059 -0.7142933777901718 0.008599920841258568
vn -0.7074054572833334 -0.35720274026530313 -0.6099046821862547
vn -0.7074054572833334 -0.35720274026530313 -0.6099046821862547
vn -0.7087049227955903 0.0004000027676886766 -0.7055049060092228
vn -0.6953802622248214 -0.6185824532763025 0.3657896108513876
vn -0.6921089579020592 -0.3572046259318064 0.6272081357927717
vn -0.695405692349911 -0.6186050748979096 0.3657030002035703
vn -0.7074054572833334 -0.35720274026530313 -0.6099046821862547
vn -0.7087049227955903 0.0004000027676886766 -0.7055049060092228
vn -0.7087049227955903 0.0004000027676886766 -0.7055049060092228
vn -0.6921089579020592 -0.3572046259318064 0.6272081357927717
vn -0.6953802622248214 -0.6185824532763025 0.3657896108513876
vn -0.6921089579020592 -0.3572046259318064 0.6272081357927717
vn -0.7072086410070848 0.3569043720262765 -0.6103074694884879
vn -0.7087049227955903 0.0004000027676886766 -0.7055049060092228
vn -0.7087049227955903 0.0004000027676886766 -0.7055049060092228
vn -0.6907729213254905 0.0003999843038318165 0.7230716500983871
vn -0.6921089579020592 -0.3572046259318064 0.6272081357927717
vn -0.6921089579020592 -0.3572046259318064 0.6272081357927717
vn -0.7087049227955903 0.0004000027676886766 -0.7055049060092228
vn -0.7072086410070848 0.3569043720262765 -0.6103074694884879
vn -0.7072765541444532 0.35698815564332115 -0.6101797544067881
vn -0.6921089579020592 -0.3572046259318064 0.6272081357927717
vn -0.6907729213254905 0.0003999843038318165 0.7230716500983871
vn -0.6908229016306824 0.00030000995510335107 0.7230239474433687
vn -0.7042078967466426 0.6184068864931344 -0.34880390034736936
vn -0.7072765541444532 0.35698815564332115 -0.6101797544067881
vn -0.7072086410070848 0.3569043720262765 -0.6103074694884879
vn -0.6920775399555547 0.3567884170063754 0.6274796444341062
vn -0.6908229016306824 0.00030000995510335107 0.7230239474433687
vn -0.6907729213254905 0.0003999843038318165 0.7230716500983871
vn -0.7042078967466426 0.6184068864931344 -0.34880390034736936
vn -0.7072086410070848 0.3569043720262765 -0.6103074694884879
vn -0.7041944260761107 0.618595088691432 -0.34849724034800655
vn -0.6920962702261035 0.3568980891248999 0.6273966103814329
vn -0.6920775399555547 0.3567884170063754 0.6274796444341062
vn -0.6907729213254905 0.0003999843038318165 0.7230716500983871
vn -0.6997935494177059 0.7142933777901718 0.008599920841258568
vn -0.7042078967466426 0.6184068864931344 -0.34880390034736936
vn -0.7041944260761107 0.618595088691432 -0.34849724034800655
vn -0.6953802622248214 0.6185824532763025 0.3657896108513876
vn -0.6920775399555547 0.3567884170063754 0.6274796444341062
vn -0.6920962702261035 0.3568980891248999 0.6273966103814329
vn -0.6997935494177059 0.7142933777901718 0.008599920841258568
vn -0.7041944260761107 0.618595088691432 -0.34849724034800655
vn -0.6997935494177059 0.7142933777901718 0.008599920841258568
vn -0.6920775399555547 0.3567884170063754 0.6274796444341062
vn -0.6953802622248214 0.6185824532763025 0.3657896108513876
vn -0.6953802622248214 0.6185824532763025 0.3657896108513876
vn -0.6997935494177059 0.7142933777901718 0.008599920841258568
vn -0.6953802622248214 0.6185824532763025 0.3657896108513876
vn -0.6953802622248214 0.6185824532763025 0.3657896108513876
vn -0.6953802622248214 0.6185824532763025 0.3657896108513876
vn -0.6997935494177059 0.7142933777901718 0.008599920841258568
vn -0.6997935494177059 0.7142933777901718 0.008599920841258568
vn 0.3468974689844608 0.9378932008919055 -0.004299968943044637
vn 0.3468974689844608 0.9378932008919055 -0.004299968943044637
vn 0.39089380254620476 0.8526865065383175 0.34659451337037706
vn 0.382398663750577 0.8524970290014994 -0.35639876193021475
vn 0.3468974689844608 0.9378932008919055 -0.004299968943044637
vn 0.3468974689844608 0.9378932008919055 -0.004299968943044637
vn 0.3468974689844608 0.9378932008919055 -0.004299968943044637
vn 0.391004520880275 0.8525098726462534 0.3469039949205767
vn 0.39089380254620476 0.8526865065383175 0.34659451337037706
vn 0.3468974689844608 0.9378932008919055 -0.004299968943044637
vn 0.382398663750577 0.8524970290014994 -0.35639876193021475
vn 0.382398663750577 0.8524970290014994 -0.35639876193021475
vn 0.391004520880275 0.8525098726462534 0.3469039949205767
vn 0.5030244731246202 0.6191300706978013 0.6030292986210819
vn 0.39089380254620476 0.8526865065383175 0.34659451337037706
vn 0.4880244553471779 0.6191309928899145 -0.6152308059795437
vn 0.382398663750577 0.8524970290014994 -0.35639876193021475
vn 0.382398663750577 0.8524970290014994 -0.35639876193021475
vn 0.5033099850709795 0.6190122843868252 0.6029119759185867
vn 0.5030244731246202 0.6191300706978013 0.6030292986210819
vn 0.391004520880275 0.8525098726462534 0.3469039949205767
vn 0.382398663750577 0.8524970290014994 -0.35639876193021475
vn 0.4880244553471779 0.6191309928899145 -0.6152308059795437
vn 0.4880244553471779 0.6191309928899145 -0.6152308059795437
vn 0.6528100822782794 0.30040461762747817 0.6954107147462674
vn 0.5030244731246202 0.6191300706978013 0.6030292986210819
vn 0.5033099850709795 0.6190122843868252 0.6029119759185867
vn 0.4880244553471779 0.6191309928899145 -0.6152308059795437
vn 0.635484720157685 0.3003927595924855 -0.7112828976086236
vn 0.4880244553471779 0.6191309928899145 -0.6152308059795437
vn 0.5030244731246202 0.6191300706978013 0.6030292986210819
vn 0.6528100822782794 0.30040461762747817 0.6954107147462674
vn 0.6528100822782794 0.30040461762747817 0.6954107147462674
vn 0.635484720157685 0.3003927595924855 -0.7112828976086236
vn 0.4880244553471779 0.6191309928899145 -0.6152308059795437
vn 0.6354129946792366 0.3007061598477852 -0.7112145468298318
vn 0.6528100822782794 0.30040461762747817 0.6954107147462674
vn 0.6528100822782794 0.30040461762747817 0.6954107147462674
vn 0.8002603925688611 -0.018399089730606007 0.5993703175688777
vn 0.7852717914638103 -0.01839933908282968 -0.6188777567925131
vn 0.635484720157685 0.3003927595924855 -0.7112828976086236
vn 0.6354129946792366 0.3007061598477852 -0.7112145468298318
vn 0.6528100822782794 0.30040461762747817 0.6954107147462674
vn 0.8002603925688611 -0.018399089730606007 0.5993703175688777
vn 0.8002603925688611 -0.018399089730606007 0.5993703175688777
vn 0.635484720157685 0.3003927595924855 -0.7112828976086236
vn 0.7852717914638103 -0.01839933908282968 -0.6188777567925131
vn 0.7850080214510116 -0.01860018950953895 -0.6192062977778708
vn 0.8002603925688611 -0.018399089730606007 0.5993703175688777
vn 0.9058927185832631 -0.2516979903449376 0.34059727549430685
vn 0.8002603925688611 -0.018399089730606007 0.5993703175688777
vn 0.8972248608462815 -0.25170699158875803 -0.3628100597622779
vn 0.7850080214510116 -0.01860018950953895 -0.6192062977778708
vn 0.7852717914638103 -0.01839933908282968 -0.6188777567925131
vn 0.9058927185832631 -0.2516979903449376 0.34059727549430685
vn 0.9058927185832631 -0.2516979903449376 0.34059727549430685
vn 0.8002603925688611 -0.018399089730606007 0.5993703175688777
vn 0.7850080214510116 -0.01860018950953895 -0.6192062977778708
vn 0.8972248608462815 -0.25170699158875803 -0.3628100597622779
vn 0.8972248608462815 -0.25170699158875803 -0.3628100597622779
vn 0.9058927185832631 -0.2516979903449376 0.34059727549430685
vn 0.9413976787507903 -0.3370991710271614 -0.0115999713544613
vn 0.9058927185832631 -0.2516979903449376 0.34059727549430685
vn 0.9413976787507903 -0.3370991710271614 -0.0115999713544613
vn 0.8972248608462815 -0.25170699158875803 -0.3628100597622779
vn 0.8972248608462815 -0.25170699158875803 -0.3628100597622779
vn 0.9413976787507903 -0.3370991710271614 -0.0115999713544613
vn 0.9058927185832631 -0.2516979903449376 0.34059727549430685
vn 0.9413976787507903 -0.3370991710271614 -0.0115999713544613
vn 0.8972248608462815 -0.25170699158875803 -0.3628100597622779
vn 0.9413976787507903 -0.3370991710271614 -0.0115999713544613
vn 0.9413976787507903 -0.3370991710271614 -0.0115999713544613
vn 0.89325796822404 -0.260487757633907 -0.36638276477902
vn 0.9378712978755747 -0.34678938401020887 -0.011599644779249683
vn 0.9378712978755747 -0.34678938401020887 -0.011599644779249683
vn 0.9020280161063652 -0.26050810206273073 0.344210672290806
vn 0.9378712978755747 -0.34678938401020887 -0.011599644779249683
vn 0.9378712978755747 -0.34678938401020887 -0.011599644779249683
vn 0.9378712978755747 -0.34678938401020887 -0.011599644779249683
vn 0.89325796822404 -0.260487757633907 -0.36638276477902
vn 0.89325796822404 -0.260487757633907 -0.36638276477902
vn 0.9378712978755747 -0.34678938401020887 -0.011599644779249683
vn 0.9020280161063652 -0.26050810206273073 0.344210672290806
vn 0.9020280161063652 -0.26050810206273073 0.344210672290806
vn 0.7803161729913688 -0.02430050269682508 -0.6249129185228816
vn 0.89325796822404 -0.260487757633907 -0.36638276477902
vn 0.89325796822404 -0.260487757633907 -0.36638276477902
vn 0.9020280161063652 -0.26050810206273073 0.344210672290806
vn 0.7953060908325651 -0.024700189834703734 0.6057046495667284
vn 0.9020280161063652 -0.26050810206273073 0.344210672290806
vn 0.89325796822404 -0.260487757633907 -0.36638276477902
vn 0.7803161729913688 -0.02430050269682508 -0.6249129185228816
vn 0.780132710540203 -0.024701036963659894 -0.6251262374257825
vn 0.7953060908325651 -0.024700189834703734 0.6057046495667284
vn 0.9020280161063652 -0.26050810206273073 0.344210672290806
vn 0.795180782150116 -0.024299412730467377 0.6058853540399242
vn 0.6287940073808392 0.2972971894357247 -0.7184931992966699
vn 0.780132710540203 -0.024701036963659894 -0.6251262374257825
vn 0.7803161729913688 -0.02430050269682508 -0.6249129185228816
vn 0.795180782150116 -0.024299412730467377 0.6058853540399242
vn 0.6462939376483895 0.2972972140154827 0.7027933641530573
vn 0.7953060908325651 -0.024700189834703734 0.6057046495667284
vn 0.780132710540203 -0.024701036963659894 -0.6251262374257825
vn 0.6287940073808392 0.2972971894357247 -0.7184931992966699
vn 0.6287940073808392 0.2972971894357247 -0.7184931992966699
vn 0.6462939376483895 0.2972972140154827 0.7027933641530573
vn 0.795180782150116 -0.024299412730467377 0.6058853540399242
vn 0.6462939376483895 0.2972972140154827 0.7027933641530573
vn 0.4797994161143961 0.6193992888652495 -0.6213992607410371
vn 0.6287940073808392 0.2972971894357247 -0.7184931992966699
vn 0.6287940073808392 0.2972971894357247 -0.7184931992966699
vn 0.4949891391998687 0.6190863849895971 0.609686640820254
vn 0.6462939376483895 0.2972972140154827 0.7027933641530573
vn 0.6462939376483895 0.2972972140154827 0.7027933641530573
vn 0.6287940073808392 0.2972971894357247 -0.7184931992966699
vn 0.4797994161143961 0.6193992888652495 -0.6213992607410371
vn 0.4797994161143961 0.6193992888652495 -0.6213992607410371
vn 0.6462939376483895 0.2972972140154827 0.7027933641530573
vn 0.4949891391998687 0.6190863849895971 0.609686640820254
vn 0.4950197698211883 0.619024733941812 0.6097243690836434
vn 0.3731000873995893 0.8551001476300005 -0.3600000865355036
vn 0.4797994161143961 0.6193992888652495 -0.6213992607410371
vn 0.4797994161143961 0.6193992888652495 -0.6213992607410371
vn 0.38180807320887844 0.8551180664435669 0.35070741034990893
vn 0.4950197698211883 0.619024733941812 0.6097243690836434
vn 0.4949891391998687 0.6190863849895971 0.609686640820254
vn 0.4797994161143961 0.6193992888652495 -0.6213992607410371
vn 0.3731000873995893 0.8551001476300005 -0.3600000865355036
vn 0.3731000873995893 0.8551001476300005 -0.3600000865355036
vn 0.4949891391998687 0.6190863849895971 0.609686640820254
vn 0.38180807320887844 0.8551180664435669 0.35070741034990893
vn 0.38180807320887844 0.8551180664435669 0.35070741034990893
vn 0.3372075033366136 0.9414209785787778 -0.00420009348278727
vn 0.3731000873995893 0.8551001476300005 -0.3600000865355036
vn 0.3731000873995893 0.8551001476300005 -0.3600000865355036
vn 0.38180807320887844 0.8551180664435669 0.35070741034990893
vn 0.3372075033366136 0.9414209785787778 -0.00420009348278727
vn 0.38180807320887844 0.8551180664435669 0.35070741034990893
vn 0.3731000873995893 0.8551001476300005 -0.3600000865355036
vn 0.3372075033366136 0.9414209785787778 -0.00420009348278727
vn 0.3372075033366136 0.9414209785787778 -0.00420009348278727
vn 0.3372075033366136 0.9414209785787778 -0.00420009348278727
vn 0.38180807320887844 0.8551180664435669 0.35070741034990893
vn 0.3372075033366136 0.9414209785787778 -0.00420009348278727
vn -0.7144900650403119 0.6995902437250371 0.008799877466993596
vn -0.7102100906684707 0.6058085703363267 0.35860507974614414
vn -0.7102100906684707 0.6058085703363267 0.35860507974614414
vn -0.7070204428809014 0.3498100966153212 0.6146177589807127
vn -0.7102100906684707 0.6058085703363267 0.35860507974614414
vn -0.7102100906684707 0.6058085703363267 0.35860507974614414
vn -0.7102100906684707 0.6058085703363267 0.35860507974614414
vn -0.7144900650403119 0.6995902437250371 0.008799877466993596
vn -0.7144900650403119 0.6995902437250371 0.008799877466993596
vn -0.7070204428809014 0.3498100966153212 0.6146177589807127
vn -0.7102100906684707 0.6058085703363267 0.35860507974614414
vn -0.7070204428809014 0.3498100966153212 0.6146177589807127
vn -0.7188431862290524 0.6058363630914153 -0.3409204815909871
vn -0.7144900650403119 0.6995902437250371 0.008799877466993596
vn -0.7144900650403119 0.6995902437250371 0.008799877466993596
vn -0.7059057626672735 0 0.7083057632358606
vn -0.7070204428809014 0.3498100966153212 0.6146177589807127
vn -0.7070204428809014 0.3498100966153212 0.6146177589807127
vn -0.7188431862290524 0.6058363630914153 -0.3409204815909871
vn -0.7144900650403119 0.6995902437250371 0.008799877466993596
vn -0.718818678817219 0.6058157084040809 -0.34100884802938686
vn -0.7070204428809014 0.3498100966153212 0.6146177589807127
vn -0.7059057626672735 0 0.7083057632358606
vn -0.7059057626672735 0 0.7083057632358606
vn -0.718818678817219 0.6058157084040809 -0.34100884802938686
vn -0.7221074792026142 0.35000360975974815 -0.5967061769705355
vn -0.7188431862290524 0.6058363630914153 -0.3409204815909871
vn -0.7070204428809014 -0.3498100966153212 0.6146177589807127
vn -0.7059057626672735 0 0.7083057632358606
vn -0.7059057626672735 0 0.7083057632358606
vn -0.7221074792026142 0.35000360975974815 -0.5967061769705355
vn -0.718818678817219 0.6058157084040809 -0.34100884802938686
vn -0.7220821984409437 0.350091370366155 -0.5966852864700466
vn -0.7059057626672735 0 0.7083057632358606
vn -0.7070204428809014 -0.3498100966153212 0.6146177589807127
vn -0.7070204428809014 -0.3498100966153212 0.6146177589807127
vn -0.7231216636727298 0 -0.6907206812649982
vn -0.7221074792026142 0.35000360975974815 -0.5967061769705355
vn -0.7220821984409437 0.350091370366155 -0.5966852864700466
vn -0.7102100906684707 -0.6058085703363267 0.35860507974614414
vn -0.7070204428809014 -0.3498100966153212 0.6146177589807127
vn -0.7070204428809014 -0.3498100966153212 0.6146177589807127
vn -0.7221074792026142 0.35000360975974815 -0.5967061769705355
vn -0.7231216636727298 0 -0.6907206812649982
vn -0.7232192997236532 0.00030000801060556774 -0.6906183855809388
vn -0.7070204428809014 -0.3498100966153212 0.6146177589807127
vn -0.7102100906684707 -0.6058085703363267 0.35860507974614414
vn -0.7102100906684707 -0.6058085703363267 0.35860507974614414
vn -0.7231216636727298 0 -0.6907206812649982
vn -0.7219808558184105 -0.34979071415080565 -0.5969841707495976
vn -0.7232192997236532 0.00030000801060556774 -0.6906183855809388
vn -0.7144900650403119 -0.6995902437250371 0.008799877466993596
vn -0.7102100906684707 -0.6058085703363267 0.35860507974614414
vn -0.7102100906684707 -0.6058085703363267 0.35860507974614414
vn -0.7231216636727298 0 -0.6907206812649982
vn -0.7220821984409437 -0.350091370366155 -0.5966852864700466
vn -0.7219808558184105 -0.34979071415080565 -0.5969841707495976
vn -0.7102100906684707 -0.6058085703363267 0.35860507974614414
vn -0.7144900650403119 -0.6995902437250371 0.008799877466993596
vn -0.7144900650403119 -0.6995902437250371 0.008799877466993596
vn -0.718818678817219 -0.6058157084040809 -0.34100884802938686
vn -0.7219808558184105 -0.34979071415080565 -0.5969841707495976
vn -0.7220821984409437 -0.350091370366155 -0.5966852864700466
vn -0.7144900650403119 -0.6995902437250371 0.008799877466993596
vn -0.7188431862290524 -0.6058363630914153 -0.3409204815909871
vn -0.7144900650403119 -0.6995902437250371 0.008799877466993596
vn -0.718818678817219 -0.6058157084040809 -0.34100884802938686
vn -0.7220821984409437 -0.350091370366155 -0.5966852864700466
vn -0.7188431862290524 -0.6058363630914153 -0.3409204815909871
vn -0.7188431862290524 -0.6058363630914153 -0.3409204815909871
vn -0.7144900650403119 -0.6995902437250371 0.008799877466993596
vn -0.718818678817219 -0.6058157084040809 -0.34100884802938686
vn -0.6997935494177059 -0.7142933777901718 0.008599920841258568
vn -0.7041944260761107 -0.618595088691432 -0.34849724034800655
vn -0.7041329093554244 -0.6184288702299827 -0.3489162914349698
vn -0.7041944260761107 -0.618595088691432 -0.34849724034800655
vn -0.6997935494177059 -0.7142933777901718 0.008599920841258568
vn -0.6997935494177059 -0.7142933777901718 0.008599920841258568
vn -0.7074054572833334 -0.35720274026530313 -0.6099046821862547
vn -0.7041329093554244 -0.6184288702299827 -0.3489162914349698
vn -0.7041944260761107 -0.618595088691432 -0.34849724034800655
vn -0.6953899472818285 -0.618391038419144 0.3660947211068038
vn -0.6997935494177059 -0.7142933777901718 0.008599920841258568
vn -0.6997935494177059 -0.7142933777901718 0.008599920841258568
vn -0.7041329093554244 -0.6184288702299827 -0.3489162914349698
vn -0.7074054572833334 -0.35720274026530313 -0.6099046821862547
vn -0.7074054572833334 -0.35720274026530313 -0.6099046821862547
vn -0.6953802622248214 -0.6185824532763025 0.3657896108513876
vn -0.6953899472818285 -0.618391038419144 0.3660947211068038
vn -0.6997935494177059 -0.7142933777901718 0.008599920841258568
vn -0.7074054572833334 -0.35720274026530313 -0.6099046821862547
vn -0.7074054572833334 -0.35720274026530313 -0.6099046821862547
vn -0.7086051819018946 0 -0.7056051985223629
vn -0.6953802622248214 -0.6185824532763025 0.3657896108513876
vn -0.6921089579020592 -0.3572046259318064 0.6272081357927717
vn -0.6953899472818285 -0.618391038419144 0.3660947211068038
vn -0.7074054572833334 -0.35720274026530313 -0.6099046821862547
vn -0.7087049227955903 0.0004000027676886766 -0.7055049060092228
vn -0.7086051819018946 0 -0.7056051985223629
vn -0.6921089579020592 -0.3572046259318064 0.6272081357927717
vn -0.6953802622248214 -0.6185824532763025 0.3657896108513876
vn -0.6921089579020592 -0.3572046259318064 0.6272081357927717
vn -0.7072765541444532 0.35698815564332115 -0.6101797544067881
vn -0.7086051819018946 0 -0.7056051985223629
vn -0.7087049227955903 0.0004000027676886766 -0.7055049060092228
vn -0.6909774072701598 0 0.7228763536333221
vn -0.6921089579020592 -0.3572046259318064 0.6272081357927717
vn -0.6921089579020592 -0.3572046259318064 0.6272081357927717
vn -0.7086051819018946 0 -0.7056051985223629
vn -0.7072765541444532 0.35698815564332115 -0.6101797544067881
vn -0.7074054572833334 0.35720274026530313 -0.6099046821862547
vn -0.6921089579020592 -0.3572046259318064 0.6272081357927717
vn -0.6909774072701598 0 0.7228763536333221
vn -0.6908229016306824 0.00030000995510335107 0.7230239474433687
vn -0.7041944260761107 0.618595088691432 -0.34849724034800655
vn -0.7074054572833334 0.35720274026530313 -0.6099046821862547
vn -0.7072765541444532 0.35698815564332115 -0.6101797544067881
vn -0.6921089579020592 0.3572046259318064 0.6272081357927717
vn -0.6908229016306824 0.00030000995510335107 0.7230239474433687
vn -0.6909774072701598 0 0.7228763536333221
vn -0.7041944260761107 0.618595088691432 -0.34849724034800655
vn -0.7072765541444532 0.35698815564332115 -0.6101797544067881
vn -0.7041944260761107 0.618595088691432 -0.34849724034800655
vn -0.6921089579020592 0.3572046259318064 0.6272081357927717
vn -0.6921089579020592 0.3572046259318064 0.6272081357927717
vn -0.6909774072701598 0 0.7228763536333221
vn -0.6997935494177059 0.7142933777901718 0.008599920841258568
vn -0.7041944260761107 0.618595088691432 -0.34849724034800655
vn -0.7041944260761107 0.618595088691432 -0.34849724034800655
vn -0.6953802622248214 0.6185824532763025 0.3657896108513876
vn -0.6921089579020592 0.3572046259318064 0.6272081357927717
vn -0.6921089579020592 0.3572046259318064 0.6272081357927717
vn -0.6997935494177059 0.7142933777901718 0.008599920841258568
vn -0.7041944260761107 0.618595088691432 -0.34849724034800655
vn -0.6997935494177059 0.7142933777901718 0.008599920841258568
vn -0.6921089579020592 0.3572046259318064 0.6272081357927717
vn -0.6953802622248214 0.6185824532763025 0.3657896108513876
vn -0.6953802622248214 0.6185824532763025 0.3657896108513876
vn -0.6997935494177059 0.7142933777901718 0.008599920841258568
vn -0.6953802622248214 0.6185824532763025 0.3657896108513876
vn -0.6953802622248214 0.6185824532763025 0.3657896108513876
vn -0.6953802622248214 0.6185824532763025 0.3657896108513876
vn -0.6997935494177059 0.7142933777901718 0.008599920841258568
vn -0.6997935494177059 0.7142933777901718 0.008599920841258568
vn -0.7144900650403119 0.6995902437250371 0.008799877466993596
vn -0.7102100906684707 0.6058085703363267 0.35860507974614414
vn -0.7102100906684707 0.6058085703363267 0.35860507974614414
vn -0.7070204428809014 0.3498100966153212 0.6146177589807127
vn -0.7102100906684707 0.6058085703363267 0.35860507974614414
vn -0.7102100906684707 0.6058085703363267 0.35860507974614414
vn -0.7102100906684707 0.6058085703363267 0.35860507974614414
vn -0.7144900650403119 0.6995902437250371 0.008799877466993596
vn -0.7144900650403119 0.6995902437250371 0.008799877466993596
vn -0.7102100906684707 0.6058085703363267 0.35860507974614414
vn -0.7070204428809014 0.3498100966153212 0.6146177589807127
vn -0.7070204428809014 0.3498100966153212 0.6146177589807127
vn -0.718818678817219 0.6058157084040809 -0.34100884802938686
vn -0.7144900650403119 0.6995902437250371 0.008799877466993596
vn -0.7144900650403119 0.6995902437250371 0.008799877466993596
vn -0.7062060730691669 0.0006000051852065946 0.7080060892068684
vn -0.7070204428809014 0.3498100966153212 0.6146177589807127
vn -0.7070204428809014 0.3498100966153212 0.6146177589807127
vn -0.7144900650403119 0.6995902437250371 0.008799877466993596
vn -0.718818678817219 0.6058157084040809 -0.34100884802938686
vn -0.7190942347139359 0.6054951296052423 -0.3409972575043819
vn -0.7070204428809014 0.3498100966153212 0.6146177589807127
vn -0.7062060730691669 0.0006000051852065946 0.7080060892068684
vn -0.7061059920415441 0.0004000033916860995 0.7081060429062255
vn -0.718818678817219 0.6058157084040809 -0.34100884802938686
vn -0.7220821984409437 0.350091370366155 -0.5966852864700466
vn -0.7190942347139359 0.6054951296052423 -0.3409972575043819
vn -0.7062060730691669 0.0006000051852065946 0.7080060892068684
vn -0.7070204428809014 -0.3498100966153212 0.6146177589807127
vn -0.7061059920415441 0.0004000033916860995 0.7081060429062255
vn -0.7220821984409437 0.350091370366155 -0.5966852864700466
vn -0.718818678817219 0.6058157084040809 -0.34100884802938686
vn -0.7220821984409437 0.350091370366155 -0.5966852864700466
vn -0.7062060730691669 0.0006000051852065946 0.7080060892068684
vn -0.7070204428809014 -0.3498100966153212 0.6146177589807127
vn -0.7070204428809014 -0.3498100966153212 0.6146177589807127
vn -0.7232192418630262 0.0005000133110060799 -0.6906183303285239
vn -0.7220821984409437 0.350091370366155 -0.5966852864700466
vn -0.7220821984409437 0.350091370366155 -0.5966852864700466
vn -0.7102100906684707 -0.6058085703363267 0.35860507974614414
vn -0.7070204428809014 -0.3498100966153212 0.6146177589807127
vn -0.7070204428809014 -0.3498100966153212 0.6146177589807127
vn -0.7220821984409437 0.350091370366155 -0.5966852864700466
vn -0.7232192418630262 0.0005000133110060799 -0.6906183303285239
vn -0.7232192997236532 0.00030000801060556774 -0.6906183855809388
vn -0.7070204428809014 -0.3498100966153212 0.6146177589807127
vn -0.7102100906684707 -0.6058085703363267 0.35860507974614414
vn -0.7102100906684707 -0.6058085703363267 0.35860507974614414
vn -0.7220821984409437 -0.350091370366155 -0.5966852864700466
vn -0.7232192997236532 0.00030000801060556774 -0.6906183855809388
vn -0.7232192418630262 0.0005000133110060799 -0.6906183303285239
vn -0.7144900650403119 -0.6995902437250371 0.008799877466993596
vn -0.7102100906684707 -0.6058085703363267 0.35860507974614414
vn -0.7102100906684707 -0.6058085703363267 0.35860507974614414
vn -0.7232192997236532 0.00030000801060556774 -0.6906183855809388
vn -0.7220821984409437 -0.350091370366155 -0.5966852864700466
vn -0.7221074792026142 -0.35000360975974815 -0.5967061769705355
vn -0.7144900650403119 -0.6995902437250371 0.008799877466993596
vn -0.7102100906684707 -0.6058085703363267 0.35860507974614414
vn -0.7144900650403119 -0.6995902437250371 0.008799877466993596
vn -0.718818678817219 -0.6058157084040809 -0.34100884802938686
vn -0.7221074792026142 -0.35000360975974815 -0.5967061769705355
vn -0.7220821984409437 -0.350091370366155 -0.5966852864700466
vn -0.7144900650403119 -0.6995902437250371 0.008799877466993596
vn -0.718818678817219 -0.6058157084040809 -0.34100884802938686
vn -0.7144900650403119 -0.6995902437250371 0.008799877466993596
vn -0.7221074792026142 -0.35000360975974815 -0.5967061769705355
vn -0.718818678817219 -0.6058157084040809 -0.34100884802938686
vn -0.7188431862290524 -0.6058363630914153 -0.3409204815909871
vn -0.718818678817219 -0.6058157084040809 -0.34100884802938686
vn -0.7144900650403119 -0.6995902437250371 0.008799877466993596
vn -0.7188431862290524 -0.6058363630914153 -0.3409204815909871
vn -0.6997935494177059 -0.7142933777901718 0.008599920841258568
vn -0.7041944260761107 -0.618595088691432 -0.34849724034800655
vn -0.7041139144560761 -0.6185122058770026 -0.3488068901992993
vn -0.7041944260761107 -0.618595088691432 -0.34849724034800655
vn -0.6997935494177059 -0.7142933777901718 0.008599920841258568
vn -0.6997935494177059 -0.7142933777901718 0.008599920841258568
vn -0.7072765541444532 -0.35698815564332115 -0.6101797544067881
vn -0.7041139144560761 -0.6185122058770026 -0.3488068901992993
vn -0.7041944260761107 -0.618595088691432 -0.34849724034800655
vn -0.6953899472818285 -0.618391038419144 0.3660947211068038
vn -0.6997935494177059 -0.7142933777901718 0.008599920841258568
vn -0.6997935494177059 -0.7142933777901718 0.008599920841258568
vn -0.7041139144560761 -0.6185122058770026 -0.3488068901992993
vn -0.7072765541444532 -0.35698815564332115 -0.6101797544067881
vn -0.7074054572833334 -0.35720274026530313 -0.6099046821862547
vn -0.6953802622248214 -0.6185824532763025 0.3657896108513876
vn -0.6953899472818285 -0.618391038419144 0.3660947211068038
vn -0.6997935494177059 -0.7142933777901718 0.008599920841258568
vn -0.7074054572833334 -0.35720274026530313 -0.6099046821862547
vn -0.7072765541444532 -0.35698815564332115 -0.6101797544067881
vn -0.7087049476006025 0.00030000210809474925 -0.705504930702233
vn -0.6953802622248214 -0.6185824532763025 0.3657896108513876
vn -0.6921089579020592 -0.3572046259318064 0.6272081357927717
vn -0.6953899472818285 -0.618391038419144 0.3660947211068038
vn -0.7072765541444532 -0.35698815564332115 -0.6101797544067881
vn -0.7087049227955903 0.0004000027676886766 -0.7055049060092228
vn -0.7087049476006025 0.00030000210809474925 -0.705504930702233
vn -0.6921089579020592 -0.3572046259318064 0.6272081357927717
vn -0.6953802622248214 -0.6185824532763025 0.3657896108513876
vn -0.6921089579020592 -0.3572046259318064 0.6272081357927717
vn -0.7074054572833334 0.35720274026530313 -0.6099046821862547
vn -0.7087049476006025 0.00030000210809474925 -0.705504930702233
vn -0.7087049227955903 0.0004000027676886766 -0.7055049060092228
vn -0.6909774072701598 0 0.7228763536333221
vn -0.6921089579020592 -0.3572046259318064 0.6272081357927717
vn -0.6921089579020592 -0.3572046259318064 0.6272081357927717
vn -0.7087049476006025 0.00030000210809474925 -0.705504930702233
vn -0.7074054572833334 0.35720274026530313 -0.6099046821862547
vn -0.7072086410070848 0.3569043720262765 -0.6103074694884879
vn -0.6921089579020592 -0.3572046259318064 0.6272081357927717
vn -0.6909774072701598 0 0.7228763536333221
vn -0.6909774072701598 0 0.7228763536333221
vn -0.7041272809205882 0.6183239660037179 -0.3491135135293565
vn -0.7072086410070848 0.3569043720262765 -0.6103074694884879
vn -0.7074054572833334 0.35720274026530313 -0.6099046821862547
vn -0.6920962702261035 0.3568980891248999 0.6273966103814329
vn -0.6909774072701598 0 0.7228763536333221
vn -0.6909774072701598 0 0.7228763536333221
vn -0.7041272809205882 0.6183239660037179 -0.3491135135293565
vn -0.7074054572833334 0.35720274026530313 -0.6099046821862547
vn -0.7041833344354852 0.6183853168651338 -0.3488917187164663
vn -0.6921089579020592 0.3572046259318064 0.6272081357927717
vn -0.6920962702261035 0.3568980891248999 0.6273966103814329
vn -0.6909774072701598 0 0.7228763536333221
vn -0.6997935494177059 0.7142933777901718 0.008599920841258568
vn -0.7041272809205882 0.6183239660037179 -0.3491135135293565
vn -0.7041833344354852 0.6183853168651338 -0.3488917187164663
vn -0.6953802622248214 0.6185824532763025 0.3657896108513876
vn -0.6920962702261035 0.3568980891248999 0.6273966103814329
vn -0.6921089579020592 0.3572046259318064 0.6272081357927717
vn -0.6997935494177059 0.7142933777901718 0.008599920841258568
vn -0.7041833344354852 0.6183853168651338 -0.3488917187164663
vn -0.6997935494177059 0.7142933777901718 0.008599920841258568
vn -0.6920962702261035 0.3568980891248999 0.6273966103814329
vn -0.6953802622248214 0.6185824532763025 0.3657896108513876
vn -0.6953802622248214 0.6185824532763025 0.3657896108513876
vn -0.6997935494177059 0.7142933777901718 0.008599920841258568
vn -0.6953802622248214 0.6185824532763025 0.3657896108513876
vn -0.6953802622248214 0.6185824532763025 0.3657896108513876
vn -0.6953802622248214 0.6185824532763025 0.3657896108513876
vn -0.6997935494177059 0.7142933777901718 0.008599920841258568
vn -0.6997935494177059 0.7142933777901718 0.008599920841258568
vn 0.5806315978382773 -0.526128590589239 -0.6213337700112153
vn 0.5184009943926076 -0.580301071564256 -0.6281011664963949
vn 0.5782102512181588 -0.5281093925547329 -0.6219110666982094
vn 0.5184009943926076 -0.580301071564256 -0.6281011664963949
vn 0.5806315978382773 -0.526128590589239 -0.6213337700112153
vn 0.5190956244645855 -0.579795110936349 -0.6279947149427525
vn 0.5782102512181588 -0.5281093925547329 -0.6219110666982094
vn 0.6978012931069308 -0.39970073776210535 -0.5944011066365235
vn 0.5806315978382773 -0.526128590589239 -0.6213337700112153
vn 0.5190956244645855 -0.579795110936349 -0.6279947149427525
vn 0.42200705870528255 -0.6521109481477183 -0.6298105697023509
vn 0.5184009943926076 -0.580301071564256 -0.6281011664963949
vn 0.6978012931069308 -0.39970073776210535 -0.5944011066365235
vn 0.5782102512181588 -0.5281093925547329 -0.6219110666982094
vn 0.6896060379705383 -0.41020359686703745 -0.5968052626375889
vn 0.42200705870528255 -0.6521109481477183 -0.6298105697023509
vn 0.5190956244645855 -0.579795110936349 -0.6279947149427525
vn 0.421787632095679 -0.6522808928743247 -0.629781573406363
vn 0.6896060379705383 -0.41020359686703745 -0.5968052626375889
vn 0.7940060980404132 -0.2621020143189976 -0.548504193570625
vn 0.6978012931069308 -0.39970073776210535 -0.5944011066365235
vn 0.7940060980404132 -0.2621020143189976 -0.548504193570625
vn 0.6896060379705383 -0.41020359686703745 -0.5968052626375889
vn 0.7925939138979375 -0.2644979691160373 -0.5493957699012987
vn 0.7940060980404132 -0.2621020143189976 -0.548504193570625
vn 0.7925939138979375 -0.2644979691160373 -0.5493957699012987
vn 0.8083330781604248 -0.23720970843415054 -0.5388220383171773
vn 0.23530316566818554 -0.756410151138088 -0.6103082036821933
vn 0.42200705870528255 -0.6521109481477183 -0.6298105697023509
vn 0.421787632095679 -0.6522808928743247 -0.629781573406363
vn 0.42200705870528255 -0.6521109481477183 -0.6298105697023509
vn 0.23530316566818554 -0.756410151138088 -0.6103082036821933
vn 0.2443008149106057 -0.7525025295385452 -0.6116020396238918
vn -0.0858033611964703 -0.8498332859900096 -0.5200203546312497
vn 0.2443008149106057 -0.7525025295385452 -0.6116020396238918
vn 0.23530316566818554 -0.756410151138088 -0.6103082036821933
vn 0.2443008149106057 -0.7525025295385452 -0.6116020396238918
vn -0.0858033611964703 -0.8498332859900096 -0.5200203546312497
vn -0.04840250217715185 -0.8441436412244422 -0.5339276268965027
vn -0.04840250217715185 -0.8441436412244422 -0.5339276268965027
vn -0.0858033611964703 -0.8498332859900096 -0.5200203546312497
vn -0.42438358250719 -0.8350676866502251 -0.3500864659066448
vn 0.5337181947636682 -0.5803197685400521 0.6151210082738446
vn 0.5959110558903682 -0.5261097415073827 0.6067112602866883
vn 0.5938045851585204 -0.5278040917059782 0.6073046644174116
vn 0.5938045851585204 -0.5278040917059782 0.6073046644174116
vn 0.5959110558903682 -0.5261097415073827 0.6067112602866883
vn 0.7125905844985403 -0.39969470885659203 0.576592402478625
vn 0.5959110558903682 -0.5261097415073827 0.6067112602866883
vn 0.5337181947636682 -0.5803197685400521 0.6151210082738446
vn 0.5344062900720371 -0.5798068490730313 0.61500726410299
vn 0.7125905844985403 -0.39969470885659203 0.576592402478625
vn 0.7040743321791626 -0.4101850386077967 0.5796788497683754
vn 0.5938045851585204 -0.5278040917059782 0.6073046644174116
vn 0.4371042850005 -0.6526063980781163 0.6189060778678046
vn 0.5344062900720371 -0.5798068490730313 0.61500726410299
vn 0.5337181947636682 -0.5803197685400521 0.6151210082738446
vn 0.7040743321791626 -0.4101850386077967 0.5796788497683754
vn 0.7125905844985403 -0.39969470885659203 0.576592402478625
vn 0.8074730220063168 -0.26169125958515604 0.528682327479102
vn 0.7040743321791626 -0.4101850386077967 0.5796788497683754
vn 0.8074730220063168 -0.26169125958515604 0.528682327479102
vn 0.8059144008795633 -0.26440473730866654 0.5297094612555734
vn 0.8059144008795633 -0.26440473730866654 0.5297094612555734
vn 0.8074730220063168 -0.26169125958515604 0.528682327479102
vn 0.8210093051638645 -0.23720270103923796 0.5193058823603276
vn 0.4371042850005 -0.6526063980781163 0.6189060778678046
vn 0.43718956811791604 -0.6522844212246451 0.6191852027919432
vn 0.5344062900720371 -0.5798068490730313 0.61500726410299
vn 0.4371042850005 -0.6526063980781163 0.6189060778678046
vn 0.25030380166022376 -0.756411507329732 0.6043092242003278
vn 0.43718956811791604 -0.6522844212246451 0.6191852027919432
vn 0.25030380166022376 -0.756411507329732 0.6043092242003278
vn 0.4371042850005 -0.6526063980781163 0.6189060778678046
vn 0.25878245759730406 -0.7525490003896781 0.6055589497748305
vn 0.25878245759730406 -0.7525490003896781 0.6055589497748305
vn -0.07300098300922025 -0.8498114464481692 0.5220070516433261
vn 0.25030380166022376 -0.756411507329732 0.6043092242003278
vn -0.07300098300922025 -0.8498114464481692 0.5220070516433261
vn 0.25878245759730406 -0.7525490003896781 0.6055589497748305
vn -0.03530042642303 -0.8441101592614935 0.5350064662468001
vn -0.07300098300922025 -0.8498114464481692 0.5220070516433261
vn -0.03530042642303 -0.8441101592614935 0.5350064662468001
vn -0.41568198245822174 -0.8350638225783507 0.36038438046124543
vn -0.7011055453388475 0.7130056473257332 0.00860006841422796
vn -0.6971127783714469 0.6172113451585216 0.3648067017460758
vn -0.6967961658070405 0.6173965990160165 0.3650979907368207
vn -0.6935310326999155 0.3565159614739313 0.6260280152648979
vn -0.6967961658070405 0.6173965990160165 0.3650979907368207
vn -0.6971127783714469 0.6172113451585216 0.3648067017460758
vn -0.6971127783714469 0.6172113451585216 0.3648067017460758
vn -0.7011055453388475 0.7130056473257332 0.00860006841422796
vn -0.7011055453388475 0.7130056473257332 0.00860006841422796
vn -0.6935310326999155 0.3565159614739313 0.6260280152648979
vn -0.6971127783714469 0.6172113451585216 0.3648067017460758
vn -0.6935310326999155 0.3565159614739313 0.6260280152648979
vn -0.7057808255682091 0.6171832522867178 -0.3477905394875582
vn -0.7011055453388475 0.7130056473257332 0.00860006841422796
vn -0.7011055453388475 0.7130056473257332 0.00860006841422796
vn -0.6926108738117439 0.00040000626306045325 0.7213113179984922
vn -0.6935310326999155 0.3565159614739313 0.6260280152648979
vn -0.6935310326999155 0.3565159614739313 0.6260280152648979
vn -0.7011055453388475 0.7130056473257332 0.00860006841422796
vn -0.705543103114722 0.6174377052868752 -0.34782123244179086
vn -0.7057808255682091 0.6171832522867178 -0.3477905394875582
vn -0.6926108738117439 0.00040000626306045325 0.7213113179984922
vn -0.6935310326999155 0.3565159614739313 0.6260280152648979
vn -0.692712842351981 0.0005000092730143307 0.7212133304587252
vn -0.7087549609504489 0.35647733782807745 -0.6087612938937024
vn -0.7057808255682091 0.6171832522867178 -0.3477905394875582
vn -0.705543103114722 0.6174377052868752 -0.34782123244179086
vn -0.6935310326999155 -0.3565159614739313 0.6260280152648979
vn -0.6926108738117439 0.00040000626306045325 0.7213113179984922
vn -0.692712842351981 0.0005000092730143307 0.7212133304587252
vn -0.7057808255682091 0.6171832522867178 -0.3477905394875582
vn -0.7087549609504489 0.35647733782807745 -0.6087612938937024
vn -0.7087549609504489 0.35647733782807745 -0.6087612938937024
vn -0.6926108738117439 0.00040000626306045325 0.7213113179984922
vn -0.6935310326999155 -0.3565159614739313 0.6260280152648979
vn -0.6935310326999155 -0.3565159614739313 0.6260280152648979
vn -0.7101002361840155 0.0007000002126597964 -0.7041002517902599
vn -0.7087549609504489 0.35647733782807745 -0.6087612938937024
vn -0.7087549609504489 0.35647733782807745 -0.6087612938937024
vn -0.6967961658070405 -0.6173965990160165 0.3650979907368207
vn -0.6935310326999155 -0.3565159614739313 0.6260280152648979
vn -0.6935310326999155 -0.3565159614739313 0.6260280152648979
vn -0.7087549609504489 0.35647733782807745 -0.6087612938937024
vn -0.7101002361840155 0.0007000002126597964 -0.7041002517902599
vn -0.7101003533506536 0.0004000001916776517 -0.7041003679668997
vn -0.6935310326999155 -0.3565159614739313 0.6260280152648979
vn -0.6967961658070405 -0.6173965990160165 0.3650979907368207
vn -0.6967961658070405 -0.6173965990160165 0.3650979907368207
vn -0.7101002361840155 0.0007000002126597964 -0.7041002517902599
vn -0.7087549609504489 -0.35647733782807745 -0.6087612938937024
vn -0.7101003533506536 0.0004000001916776517 -0.7041003679668997
vn -0.701107901104203 -0.7130080430762923 0.008200092546735281
vn -0.6967961658070405 -0.6173965990160165 0.3650979907368207
vn -0.6967961658070405 -0.6173965990160165 0.3650979907368207
vn -0.7101002361840155 0.0007000002126597964 -0.7041002517902599
vn -0.7087549609504489 -0.35647733782807745 -0.6087612938937024
vn -0.7087549609504489 -0.35647733782807745 -0.6087612938937024
vn -0.701107901104203 -0.7130080430762923 0.008200092546735281
vn -0.6967961658070405 -0.6173965990160165 0.3650979907368207
vn -0.7011055453388475 -0.7130056473257332 0.00860006841422796
vn -0.705874577667184 -0.6170777643433388 -0.347787454282355
vn -0.7087549609504489 -0.35647733782807745 -0.6087612938937024
vn -0.7087549609504489 -0.35647733782807745 -0.6087612938937024
vn -0.705874577667184 -0.6170777643433388 -0.347787454282355
vn -0.701107901104203 -0.7130080430762923 0.008200092546735281
vn -0.7011055453388475 -0.7130056473257332 0.00860006841422796
vn -0.705874577667184 -0.6170777643433388 -0.347787454282355
vn -0.7087549609504489 -0.35647733782807745 -0.6087612938937024
vn -0.7057808255682091 -0.6171832522867178 -0.3477905394875582
vn -0.701107901104203 -0.7130080430762923 0.008200092546735281
vn -0.705874577667184 -0.6170777643433388 -0.347787454282355
vn -0.7057808255682091 -0.6171832522867178 -0.3477905394875582
vn -0.7162854701604103 -0.6080876529273338 -0.3422930492931554
vn -0.7119128538741973 -0.7022126783903329 0.008800158894610511
vn -0.7119128538741973 -0.7022126783903329 0.008800158894610511
vn -0.7076214349700899 -0.6081184200412216 0.3598109114207618
vn -0.7119128538741973 -0.7022126783903329 0.008800158894610511
vn -0.7119128538741973 -0.7022126783903329 0.008800158894610511
vn -0.7162854701604103 -0.6080876529273338 -0.3422930492931554
vn -0.7119128538741973 -0.7022126783903329 0.008800158894610511
vn -0.7162854701604103 -0.6080876529273338 -0.3422930492931554
vn -0.7119128538741973 -0.7022126783903329 0.008800158894610511
vn -0.7076214349700899 -0.6081184200412216 0.3598109114207618
vn -0.7076055783254602 -0.6079048179368021 0.36020282876723003
vn -0.7194114725886983 -0.3511056024439737 -0.599309593649405
vn -0.7162854701604103 -0.6080876529273338 -0.3422930492931554
vn -0.7162854701604103 -0.6080876529273338 -0.3422930492931554
vn -0.7076214349700899 -0.6081184200412216 0.3598109114207618
vn -0.7044377529628206 -0.3511188138109912 0.6168330655766231
vn -0.7076055783254602 -0.6079048179368021 0.36020282876723003
vn -0.7162854701604103 -0.6080876529273338 -0.3422930492931554
vn -0.7194114725886983 -0.3511056024439737 -0.599309593649405
vn -0.7194114725886983 -0.3511056024439737 -0.599309593649405
vn -0.7044377529628206 -0.3511188138109912 0.6168330655766231
vn -0.7076214349700899 -0.6081184200412216 0.3598109114207618
vn -0.7044377529628206 -0.3511188138109912 0.6168330655766231
vn -0.7205755213062 0 -0.6933764620278784
vn -0.7194114725886983 -0.3511056024439737 -0.599309593649405
vn -0.7194114725886983 -0.3511056024439737 -0.599309593649405
vn -0.7044377529628206 -0.3511188138109912 0.6168330655766231
vn -0.7032965280321298 0.0003999980156566477 0.7108964999629265
vn -0.7044377529628206 -0.3511188138109912 0.6168330655766231
vn -0.7194114725886983 -0.3511056024439737 -0.599309593649405
vn -0.7205755213062 0 -0.6933764620278784
vn -0.7204774581567294 0.00029999063150870035 -0.6934782925900703
vn -0.7044377529628206 -0.3511188138109912 0.6168330655766231
vn -0.7032965842953006 0 0.710896556834089
vn -0.7032965280321298 0.0003999980156566477 0.7108964999629265
vn -0.7205755213062 0 -0.6933764620278784
vn -0.7194114725886983 0.3511056024439737 -0.599309593649405
vn -0.7204774581567294 0.00029999063150870035 -0.6934782925900703
vn -0.7044377529628206 0.3511188138109912 0.6168330655766231
vn -0.7032965280321298 0.0003999980156566477 0.7108964999629265
vn -0.7032965842953006 0 0.710896556834089
vn -0.7205755213062 0 -0.6933764620278784
vn -0.7194114725886983 0.3511056024439737 -0.599309593649405
vn -0.7194114725886983 0.3511056024439737 -0.599309593649405
vn -0.7032965280321298 0.0003999980156566477 0.7108964999629265
vn -0.7044377529628206 0.3511188138109912 0.6168330655766231
vn -0.7044377529628206 0.3511188138109912 0.6168330655766231
vn -0.7162854701604103 0.6080876529273338 -0.3422930492931554
vn -0.7194114725886983 0.3511056024439737 -0.599309593649405
vn -0.7194114725886983 0.3511056024439737 -0.599309593649405
vn -0.7076214349700899 0.6081184200412216 0.3598109114207618
vn -0.7044377529628206 0.3511188138109912 0.6168330655766231
vn -0.7044377529628206 0.3511188138109912 0.6168330655766231
vn -0.7162854701604103 0.6080876529273338 -0.3422930492931554
vn -0.7194114725886983 0.3511056024439737 -0.599309593649405
vn -0.7162854701604103 0.6080876529273338 -0.3422930492931554
vn -0.7044377529628206 0.3511188138109912 0.6168330655766231
vn -0.7076214349700899 0.6081184200412216 0.3598109114207618
vn -0.7076310611523244 0.6079267102645337 0.36011580948269556
vn -0.7119128538741973 0.7022126783903329 0.008800158894610511
vn -0.7162854701604103 0.6080876529273338 -0.3422930492931554
vn -0.7162854701604103 0.6080876529273338 -0.3422930492931554
vn -0.7119128538741973 0.7022126783903329 0.008800158894610511
vn -0.7076310611523244 0.6079267102645337 0.36011580948269556
vn -0.7076214349700899 0.6081184200412216 0.3598109114207618
vn -0.7119128538741973 0.7022126783903329 0.008800158894610511
vn -0.7162854701604103 0.6080876529273338 -0.3422930492931554
vn -0.7119128538741973 0.7022126783903329 0.008800158894610511
vn -0.7076310611523244 0.6079267102645337 0.36011580948269556
vn -0.7119128538741973 0.7022126783903329 0.008800158894610511
vn -0.7119128538741973 0.7022126783903329 0.008800158894610511
vn 0.6840688267674072 0.7293667712299076 -0.008599608754051174
vn 0.6526035480511974 0.5746031137701232 -0.4939026935709778
vn 0.6568019246403534 0.5345015918617374 -0.5319015699224776
vn 0.6526035480511974 0.5746031137701232 -0.4939026935709778
vn 0.6840688267674072 0.7293667712299076 -0.008599608754051174
vn 0.6840688267674072 0.7293667712299076 -0.008599608754051174
vn 0.6601270559531667 0.35601460685799835 -0.6614271461788891
vn 0.6568019246403534 0.5345015918617374 -0.5319015699224776
vn 0.6526035480511974 0.5746031137701232 -0.4939026935709778
vn 0.6840688267674072 0.7293667712299076 -0.008599608754051174
vn 0.6643873803853527 0.5743891135648943 0.4781909189882464
vn 0.6840688267674072 0.7293667712299076 -0.008599608754051174
vn 0.6568019246403534 0.5345015918617374 -0.5319015699224776
vn 0.6601270559531667 0.35601460685799835 -0.6614271461788891
vn 0.6607912117555717 0.3406954796457365 -0.6687911218127562
vn 0.6840688267674072 0.7293667712299076 -0.008599608754051174
vn 0.6697226439147851 0.53461807420098 0.5154173987802753
vn 0.6643873803853527 0.5743891135648943 0.4781909189882464
vn 0.6898080438017297 0.1829021230745072 -0.7005081556136721
vn 0.6607912117555717 0.3406954796457365 -0.6687911218127562
vn 0.6601270559531667 0.35601460685799835 -0.6614271461788891
vn 0.6697226439147851 0.53461807420098 0.5154173987802753
vn 0.6763148920196556 0.3561078399307542 0.6448142160128714
vn 0.6643873803853527 0.5743891135648943 0.4781909189882464
vn 0.6601270559531667 0.35601460685799835 -0.6614271461788891
vn 0.6898080438017297 0.1829021230745072 -0.7005081556136721
vn 0.6898080438017297 0.1829021230745072 -0.7005081556136721
vn 0.6697226439147851 0.53461807420098 0.5154173987802753
vn 0.6767946645174833 0.3404973065093489 0.6526948493289538
vn 0.6763148920196556 0.3561078399307542 0.6448142160128714
vn 0.7471412464779933 0.02890159503876125 -0.6640366372539439
vn 0.6898080438017297 0.1829021230745072 -0.7005081556136721
vn 0.6898080438017297 0.1829021230745072 -0.7005081556136721
vn 0.7064986501515788 0.18279964728928982 0.6836987247939756
vn 0.6763148920196556 0.3561078399307542 0.6448142160128714
vn 0.6767946645174833 0.3404973065093489 0.6526948493289538
vn 0.6898080438017297 0.1829021230745072 -0.7005081556136721
vn 0.7471412464779933 0.02890159503876125 -0.6640366372539439
vn 0.7415967162521204 0.03749983660517684 -0.6697970384367617
vn 0.6763148920196556 0.3561078399307542 0.6448142160128714
vn 0.7064986501515788 0.18279964728928982 0.6836987247939756
vn 0.7064986501515788 0.18279964728928982 0.6836987247939756
vn 0.842389999867596 -0.1449982720536935 -0.5189938238789695
vn 0.7415967162521204 0.03749983660517684 -0.6697970384367617
vn 0.7471412464779933 0.02890159503876125 -0.6640366372539439
vn 0.7064986501515788 0.18279964728928982 0.6836987247939756
vn 0.76338755965288 0.028999525890334988 0.6452894399146454
vn 0.7064986501515788 0.18279964728928982 0.6836987247939756
vn 0.7415967162521204 0.03749983660517684 -0.6697970384367617
vn 0.842389999867596 -0.1449982720536935 -0.5189938238789695
vn 0.8312769796296866 -0.12119664351025372 -0.5424849829622884
vn 0.76338755965288 0.028999525890334988 0.6452894399146454
vn 0.7064986501515788 0.18279964728928982 0.6836987247939756
vn 0.7579879983723147 0.037499406939965924 0.6511896719103297
vn 0.842389999867596 -0.1449982720536935 -0.5189938238789695
vn 0.9628977975091957 -0.2695993920673545 -0.011999972868830817
vn 0.8312769796296866 -0.12119664351025372 -0.5424849829622884
vn 0.7579879983723147 0.037499406939965924 0.6511896719103297
vn 0.8545834026777529 -0.14489717792324944 0.498690300384509
vn 0.76338755965288 0.028999525890334988 0.6452894399146454
vn 0.842389999867596 -0.1449982720536935 -0.5189938238789695
vn 0.9628977975091957 -0.2695993920673545 -0.011999972868830817
vn 0.9628977975091957 -0.2695993920673545 -0.011999972868830817
vn 0.8545834026777529 -0.14489717792324944 0.498690300384509
vn 0.9628977975091957 -0.2695993920673545 -0.011999972868830817
vn 0.9628977975091957 -0.2695993920673545 -0.011999972868830817
vn 0.7579879983723147 0.037499406939965924 0.6511896719103297
vn 0.844526917420352 -0.12120386508120187 0.5216166301431119
vn 0.8545834026777529 -0.14489717792324944 0.498690300384509
vn 0.9628977975091957 -0.2695993920673545 -0.011999972868830817
vn 0.8545834026777529 -0.14489717792324944 0.498690300384509
vn 0.844526917420352 -0.12120386508120187 0.5216166301431119
vn 0.693327552900735 0.6907274353949824 0.20540816532297043
vn 0.693327552900735 0.6907274353949824 0.20540816532297043
vn 0.6800020069935957 0.6771019940779472 0.28130083558416474
vn 0.693327552900735 0.6907274353949824 0.20540816532297043
vn 0.693327552900735 0.6907274353949824 0.20540816532297043
vn 0.706803075818205 0.7074031184019856 -0.0032000139173046097
vn 0.706803075818205 0.7074031184019856 -0.0032000139173046097
vn 0.7069535984692733 0.7072535689503135 -0.0029998030584837895
vn 0.693327552900735 0.6907274353949824 0.20540816532297043
vn 0.706803075818205 0.7074031184019856 -0.0032000139173046097
vn 0.6894185456314315 0.6917185718734071 -0.21500578193354686
vn 0.7069535984692733 0.7072535689503135 -0.0029998030584837895
vn 0.6894185456314315 0.6917185718734071 -0.21500578193354686
vn 0.706803075818205 0.7074031184019856 -0.0032000139173046097
vn 0.6892213699168311 0.6918214648048975 -0.2153066745021449
vn 0.6731340417657136 0.6770342305494823 -0.2975150626109959
vn 0.6894185456314315 0.6917185718734071 -0.21500578193354686
vn 0.6892213699168311 0.6918214648048975 -0.2153066745021449
vn 0.6880812944314717 0.6906812380356875 -0.22249395425269503
vn 0.6731340417657136 0.6770342305494823 -0.2975150626109959
vn 0.6880812944314717 0.6906812380356875 -0.22249395425269503
vn 0.7069804030698364 0.707080357286047 -0.014699592356504764
vn 0.6880812944314717 0.6906812380356875 -0.22249395425269503
vn 0.6880812944314717 0.6906812380356875 -0.22249395425269503
vn 0.7067313399291497 0.707331346867792 -0.01460064725085295
vn 0.7069804030698364 0.707080357286047 -0.014699592356504764
vn 0.6880812944314717 0.6906812380356875 -0.22249395425269503
vn 0.6943267408918942 0.6918266469741667 0.1982076371357123
vn 0.7069804030698364 0.707080357286047 -0.014699592356504764
vn 0.7067313399291497 0.707331346867792 -0.01460064725085295
vn 0.7069804030698364 0.707080357286047 -0.014699592356504764
vn 0.6943267408918942 0.6918266469741667 0.1982076371357123
vn 0.6943267408918942 0.6918266469741667 0.1982076371357123
vn 0.6800020069935957 0.6771019940779472 0.28130083558416474
vn 0.6943267408918942 0.6918266469741667 0.1982076371357123
vn 0.6943267408918942 0.6918266469741667 0.1982076371357123
vn 0.7719853149929498 -0.6077884336388834 0.18609646254034123
vn 0.7658035190982104 -0.6430029621089209 -0.00960004458064082
vn 0.7695824511239372 -0.5942864404338057 0.23359468666600638
vn 0.7658035190982104 -0.6430029621089209 -0.00960004458064082
vn 0.7719853149929498 -0.6077884336388834 0.18609646254034123
vn 0.7658941217217524 -0.642895042539426 -0.009599926577596849
vn 0.7695824511239372 -0.5942864404338057 0.23359468666600638
vn 0.7612836207213846 -0.37029201467250805 0.5322885239145346
vn 0.7719853149929498 -0.6077884336388834 0.18609646254034123
vn 0.7673193792296475 -0.6078153499961336 -0.20440516277165235
vn 0.7658035190982104 -0.6430029621089209 -0.00960004458064082
vn 0.7658941217217524 -0.642895042539426 -0.009599926577596849
vn 0.7695824511239372 -0.5942864404338057 0.23359468666600638
vn 0.7577293079586329 -0.32071238350320563 0.5683219711820262
vn 0.7612836207213846 -0.37029201467250805 0.5322885239145346
vn 0.7658035190982104 -0.6430029621089209 -0.00960004458064082
vn 0.7673193792296475 -0.6078153499961336 -0.20440516277165235
vn 0.7635329208825051 -0.5942256553077686 -0.2528108963290213
vn 0.674605083654591 0.17430131223187464 0.7173053977641802
vn 0.7612836207213846 -0.37029201467250805 0.5322885239145346
vn 0.7577293079586329 -0.32071238350320563 0.5683219711820262
vn 0.7478134151284821 -0.3702066530248899 -0.5511099075592684
vn 0.7635329208825051 -0.5942256553077686 -0.2528108963290213
vn 0.7673193792296475 -0.6078153499961336 -0.20440516277165235
vn 0.7577293079586329 -0.32071238350320563 0.5683219711820262
vn 0.6741271352867492 0.17440702679161127 0.7177289143372941
vn 0.674605083654591 0.17430131223187464 0.7173053977641802
vn 0.7635329208825051 -0.5942256553077686 -0.2528108963290213
vn 0.7478134151284821 -0.3702066530248899 -0.5511099075592684
vn 0.7433325723962184 -0.320714034367249 -0.5870257191765145
vn 0.5193167006859932 0.6286202365032942 0.578918614873591
vn 0.674605083654591 0.17430131223187464 0.7173053977641802
vn 0.6741271352867492 0.17440702679161127 0.7177289143372941
vn 0.6570765841475327 0.1743937811992052 -0.7333738280331895
vn 0.7433325723962184 -0.320714034367249 -0.5870257191765145
vn 0.7478134151284821 -0.3702066530248899 -0.5511099075592684
vn 0.674605083654591 0.17430131223187464 0.7173053977641802
vn 0.5193167006859932 0.6286202365032942 0.578918614873591
vn 0.49988905403915157 0.6761851484852327 0.5411881175892963
vn 0.7433325723962184 -0.320714034367249 -0.5870257191765145
vn 0.6570765841475327 0.1743937811992052 -0.7333738280331895
vn 0.6565881010790695 0.174496841569341 -0.7337866977560344
vn 0.4213058551177962 0.8660120444549732 0.2693037602826592
vn 0.49988905403915157 0.6761851484852327 0.5411881175892963
vn 0.5193167006859932 0.6286202365032942 0.578918614873591
vn 0.6570765841475327 0.1743937811992052 -0.7333738280331895
vn 0.5048141053181618 0.6285175195784661 -0.5917165255886947
vn 0.6565881010790695 0.174496841569341 -0.7337866977560344
vn 0.49988905403915157 0.6761851484852327 0.5411881175892963
vn 0.4213058551177962 0.8660120444549732 0.2693037602826592
vn 0.4170886705526893 0.8836759836616122 0.21249422767753529
vn 0.5048141053181618 0.6285175195784661 -0.5917165255886947
vn 0.6570765841475327 0.1743937811992052 -0.7333738280331895
vn 0.48630943600092913 0.6761131461246164 -0.5535107461413293
vn 0.40110738140103364 0.9160168435283581 -0.005100093915714132
vn 0.4170886705526893 0.8836759836616122 0.21249422767753529
vn 0.4213058551177962 0.8660120444549732 0.2693037602826592
vn 0.48630943600092913 0.6761131461246164 -0.5535107461413293
vn 0.4146040012846104 0.8662082992153785 -0.2789026792434818
vn 0.5048141053181618 0.6285175195784661 -0.5917165255886947
vn 0.4170886705526893 0.8836759836616122 0.21249422767753529
vn 0.40110738140103364 0.9160168435283581 -0.005100093915714132
vn 0.40110738140103364 0.9160168435283581 -0.005100093915714132
vn 0.48630943600092913 0.6761131461246164 -0.5535107461413293
vn 0.41180705316313115 0.8838151734082187 -0.22200380676578071
vn 0.4146040012846104 0.8662082992153785 -0.2789026792434818
vn 0.40110738140103364 0.9160168435283581 -0.005100093915714132
vn 0.4146040012846104 0.8662082992153785 -0.2789026792434818
vn 0.41180705316313115 0.8838151734082187 -0.22200380676578071
vn 0.41180705316313115 0.8838151734082187 -0.22200380676578071
vn 0.40110738140103364 0.9160168435283581 -0.005100093915714132
vn 0.40110738140103364 0.9160168435283581 -0.005100093915714132
vn -0.151503749253445 -0.7311181082466128 0.6652164503047436
vn 0.01779944903766111 -0.7242776253827389 0.6892786816548853
vn -0.16480512238302186 -0.7283225987079562 0.6651206385668742
vn -0.38460343870653263 -0.6488057936022728 0.6566058460927952
vn -0.151503749253445 -0.7311181082466128 0.6652164503047436
vn -0.16480512238302186 -0.7283225987079562 0.6651206385668742
vn 0.01779944903766111 -0.7242776253827389 0.6892786816548853
vn -0.151503749253445 -0.7311181082466128 0.6652164503047436
vn 0.041900573508887096 -0.719709804581221 0.6930094798264215
vn -0.151503749253445 -0.7311181082466128 0.6652164503047436
vn -0.38460343870653263 -0.6488057936022728 0.6566058460927952
vn -0.36650222634587976 -0.6573040057972325 0.6585040334321618
vn 0.041900573508887096 -0.719709804581221 0.6930094798264215
vn 0.35179586360400317 -0.6096928645665608 0.7102916874409658
vn 0.01779944903766111 -0.7242776253827389 0.6892786816548853
vn -0.38460343870653263 -0.6488057936022728 0.6566058460927952
vn -0.6244827254747072 -0.4690870400761066 0.6244827254747072
vn -0.36650222634587976 -0.6573040057972325 0.6585040334321618
vn -0.6244827254747072 -0.4690870400761066 0.6244827254747072
vn -0.38460343870653263 -0.6488057936022728 0.6566058460927952
vn -0.6237191558857719 -0.47111445441875427 0.6237191558857719
vn -0.6244827254747072 -0.4690870400761066 0.6244827254747072
vn -0.6237191558857719 -0.47111445441875427 0.6237191558857719
vn -0.6858974770399859 -0.36229869018604866 0.631097702483265
vn 0.35179586360400317 -0.6096928645665608 0.7102916874409658
vn 0.041900573508887096 -0.719709804581221 0.6930094798264215
vn 0.34219904132844914 -0.6141982555462375 0.7110979672294453
vn 0.34219904132844914 -0.6141982555462375 0.7110979672294453
vn 0.6490873944033563 -0.36379292103234023 0.6680870190577117
vn 0.35179586360400317 -0.6096928645665608 0.7102916874409658
vn 0.35179586360400317 -0.6096928645665608 0.7102916874409658
vn 0.6490873944033563 -0.36379292103234023 0.6680870190577117
vn 0.6858013342366166 -0.31330061579736823 0.65690125140714
vn 0.6858013342366166 -0.31330061579736823 0.65690125140714
vn 0.6490873944033563 -0.36379292103234023 0.6680870190577117
vn 0.825191871609283 0.008099920214678584 0.5647944460797082
vn 0.825191871609283 0.008099920214678584 0.5647944460797082
vn 0.8322706206096301 0.06029787094785203 0.5510805574770509
vn 0.6858013342366166 -0.31330061579736823 0.65690125140714
vn 0.825191871609283 0.008099920214678584 0.5647944460797082
vn 0.8371349909259108 0.2639110337042076 0.4791199988068247
vn 0.8322706206096301 0.06029787094785203 0.5510805574770509
vn -0.16789987814704194 -0.7309994929088234 -0.661399555703851
vn 0.0009000428086656619 -0.7246344952515323 -0.6891328160917164
vn 0.02430100880233472 -0.7197298657280234 -0.6938287838871419
vn 0.0009000428086656619 -0.7246344952515323 -0.6891328160917164
vn -0.16789987814704194 -0.7309994929088234 -0.661399555703851
vn -0.18130109412569317 -0.7286044247855636 -0.6605039783769091
vn 0.02430100880233472 -0.7197298657280234 -0.6938287838871419
vn 0.0009000428086656619 -0.7246344952515323 -0.6891328160917164
vn 0.3340912832763866 -0.609584088353914 -0.7188812514348004
vn -0.16789987814704194 -0.7309994929088234 -0.661399555703851
vn -0.4005939552248711 -0.6485902174964621 -0.6471902446770854
vn -0.18130109412569317 -0.7286044247855636 -0.6605039783769091
vn 0.3340912832763866 -0.609584088353914 -0.7188812514348004
vn 0.32469978756369255 -0.6144995881032391 -0.7189995161173911
vn 0.02430100880233472 -0.7197298657280234 -0.6938287838871419
vn -0.4005939552248711 -0.6485902174964621 -0.6471902446770854
vn -0.16789987814704194 -0.7309994929088234 -0.661399555703851
vn -0.38259715260930927 -0.657195071588683 -0.6493951468056987
vn 0.3340912832763866 -0.609584088353914 -0.7188812514348004
vn 0.6323799166559549 -0.36368846594237975 -0.6839783189185794
vn 0.32469978756369255 -0.6144995881032391 -0.7189995161173911
vn -0.4005939552248711 -0.6485902174964621 -0.6471902446770854
vn -0.38259715260930927 -0.657195071588683 -0.6493951468056987
vn -0.6399632758696366 -0.46927308323241096 -0.6084651008001611
vn -0.6388206870376739 -0.4710152204754787 -0.6083196461508953
vn -0.4005939552248711 -0.6485902174964621 -0.6471902446770854
vn -0.6399632758696366 -0.46927308323241096 -0.6084651008001611
vn -0.6388206870376739 -0.4710152204754787 -0.6083196461508953
vn -0.6399632758696366 -0.46927308323241096 -0.6084651008001611
vn -0.7012723081837496 -0.3622856897026019 -0.6139757558823851
vn 0.6323799166559549 -0.36368846594237975 -0.6839783189185794
vn 0.3340912832763866 -0.609584088353914 -0.7188812514348004
vn 0.6693239783381173 -0.3132112084114193 -0.6737240911137836
vn 0.6693239783381173 -0.3132112084114193 -0.6737240911137836
vn 0.8108668011104838 0.007999673120807342 -0.5851760727223998
vn 0.6323799166559549 -0.36368846594237975 -0.6839783189185794
vn 0.8108668011104838 0.007999673120807342 -0.5851760727223998
vn 0.6693239783381173 -0.3132112084114193 -0.6737240911137836
vn 0.8188014786119717 0.06030011092605615 -0.5709010730811023
vn 0.8108668011104838 0.007999673120807342 -0.5851760727223998
vn 0.8188014786119717 0.06030011092605615 -0.5709010730811023
vn 0.8250862311441013 0.26389560645195476 -0.4995916533247703
vn 0.47330801845131043 0.5411091808743774 -0.6951117708995831
vn 0.5322046478032607 0.4642040624470234 -0.7080062155548407
vn 0.5322046478032607 0.4642040624470234 -0.7080062155548407
vn 0.47330801845131043 0.5411091808743774 -0.6951117708995831
vn 0.5322046478032607 0.4642040624470234 -0.7080062155548407
vn 0.47330801845131043 0.5411091808743774 -0.6951117708995831
vn 0.5322046478032607 0.4642040624470234 -0.7080062155548407
vn 0.6122988234533113 0.33849935440841317 -0.7144986619041199
vn 0.5322046478032607 0.4642040624470234 -0.7080062155548407
vn 0.47330801845131043 0.5411091808743774 -0.6951117708995831
vn 0.34209082119975426 0.6789818130189329 -0.649582610327894
vn 0.47330801845131043 0.5411091808743774 -0.6951117708995831
vn 0.6122988234533113 0.33849935440841317 -0.7144986619041199
vn 0.5322046478032607 0.4642040624470234 -0.7080062155548407
vn 0.6122988234533113 0.33849935440841317 -0.7144986619041199
vn 0.34209082119975426 0.6789818130189329 -0.649582610327894
vn 0.47330801845131043 0.5411091808743774 -0.6951117708995831
vn 0.34209082119975426 0.6789818130189329 -0.649582610327894
vn 0.7156816369713969 0.11079715973333418 -0.68958232568488
vn 0.6122988234533113 0.33849935440841317 -0.7144986619041199
vn 0.6122988234533113 0.33849935440841317 -0.7144986619041199
vn 0.34209082119975426 0.6789818130189329 -0.649582610327894
vn 0.18679325531897095 0.7980711650801242 -0.5728793025018404
vn 0.34209082119975426 0.6789818130189329 -0.649582610327894
vn 0.18679325531897095 0.7980711650801242 -0.5728793025018404
vn 0.34209082119975426 0.6789818130189329 -0.649582610327894
vn 0.18709536452938408 0.7977802675681162 -0.5731858069165372
vn 0.18679325531897095 0.7980711650801242 -0.5728793025018404
vn 0.18709536452938408 0.7977802675681162 -0.5731858069165372
vn 0.16039404811173041 0.8140698024384716 -0.5581792777308378
vn 0.6122988234533113 0.33849935440841317 -0.7144986619041199
vn 0.7156816369713969 0.11079715973333418 -0.68958232568488
vn 0.7156737040445876 0.11089592963202582 -0.6895746820541985
vn 0.784277568835392 -0.22929344063041407 -0.576483489013791
vn 0.7156737040445876 0.11089592963202582 -0.6895746820541985
vn 0.7156816369713969 0.11079715973333418 -0.68958232568488
vn 0.7156737040445876 0.11089592963202582 -0.6895746820541985
vn 0.784277568835392 -0.22929344063041407 -0.576483489013791
vn 0.7844993348329612 -0.22949980028152261 -0.5760995012299375
vn 0.7844993348329612 -0.22949980028152261 -0.5760995012299375
vn 0.784277568835392 -0.22929344063041407 -0.576483489013791
vn 0.7342043947507404 -0.5800034544532335 -0.3529021104371789
vn 0.5494890093584746 0.46419071515977145 0.6946861223269846
vn 0.4903076643789299 0.5415084373973004 0.68291068704393
vn 0.49027983933377234 0.5410777759781445 0.6832719220671921
vn 0.49027983933377234 0.5410777759781445 0.6832719220671921
vn 0.4903076643789299 0.5415084373973004 0.68291068704393
vn 0.35750001600533154 0.6792000489311826 0.641000025029693
vn 0.4903076643789299 0.5415084373973004 0.68291068704393
vn 0.5494890093584746 0.46419071515977145 0.6946861223269846
vn 0.5494890093584746 0.46419071515977145 0.6946861223269846
vn 0.3579846172993605 0.678970825013612 0.6409724116975437
vn 0.49027983933377234 0.5410777759781445 0.6832719220671921
vn 0.35750001600533154 0.6792000489311826 0.641000025029693
vn 0.6297047448356424 0.3385025409910222 0.6992052374475608
vn 0.5494890093584746 0.46419071515977145 0.6946861223269846
vn 0.5494890093584746 0.46419071515977145 0.6946861223269846
vn 0.3579846172993605 0.678970825013612 0.6409724116975437
vn 0.35750001600533154 0.6792000489311826 0.641000025029693
vn 0.20109953927594804 0.7977981501284704 0.5683987042161445
vn 0.3579846172993605 0.678970825013612 0.6409724116975437
vn 0.20109953927594804 0.7977981501284704 0.5683987042161445
vn 0.20109953927594804 0.7977981501284704 0.5683987042161445
vn 0.20109953927594804 0.7977981501284704 0.5683987042161445
vn 0.20109953927594804 0.7977981501284704 0.5683987042161445
vn 0.17389824352943747 0.8142918072312194 0.5537944145380043
vn 0.5494890093584746 0.46419071515977145 0.6946861223269846
vn 0.6297047448356424 0.3385025409910222 0.6992052374475608
vn 0.6298921204750708 0.33859578555845604 0.6989912807506765
vn 0.6297047448356424 0.3385025409910222 0.6992052374475608
vn 0.7325736849461298 0.11039603711357579 0.6716758973746686
vn 0.6298921204750708 0.33859578555845604 0.6989912807506765
vn 0.7325736849461298 0.11039603711357579 0.6716758973746686
vn 0.6297047448356424 0.3385025409910222 0.6992052374475608
vn 0.7325736849461298 0.11039603711357579 0.6716758973746686
vn 0.7325736849461298 0.11039603711357579 0.6716758973746686
vn 0.7982196754133111 -0.2293056561741656 0.5570137034486707
vn 0.7325736849461298 0.11039603711357579 0.6716758973746686
vn 0.7982196754133111 -0.2293056561741656 0.5570137034486707
vn 0.7325736849461298 0.11039603711357579 0.6716758973746686
vn 0.797940737046201 -0.22951170684356162 0.5573284099917396
vn 0.7982196754133111 -0.2293056561741656 0.5570137034486707
vn 0.797940737046201 -0.22951170684356162 0.5573284099917396
vn 0.7426201418848041 -0.5800156963722575 0.33480907518882874
vn -0.9785409296657825 0.2057085975785416 0.011900497934775378
vn -0.8626853727462576 0.09259843438892675 0.49719159043408034
vn -0.8434741506355558 0.05749823769946568 0.5340836169281767
vn -0.8626853727462576 0.09259843438892675 0.49719159043408034
vn -0.9785409296657825 0.2057085975785416 0.011900497934775378
vn -0.9785409296657825 0.2057085975785416 0.011900497934775378
vn -0.7342980841356155 -0.11739968892549743 0.6685982625425833
vn -0.8434741506355558 0.05749823769946568 0.5340836169281767
vn -0.8626853727462576 0.09259843438892675 0.49719159043408034
vn -0.874985419793119 0.09269845245832928 -0.4751920791230538
vn -0.9785409296657825 0.2057085975785416 0.011900497934775378
vn -0.9785409296657825 0.2057085975785416 0.011900497934775378
vn -0.8434741506355558 0.05749823769946568 0.5340836169281767
vn -0.7342980841356155 -0.11739968892549743 0.6685982625425833
vn -0.7208078833337195 -0.14020154073276925 0.6788074272576284
vn -0.8562859424509024 0.057499057330932093 -0.5132915771440477
vn -0.874985419793119 0.09269845245832928 -0.4751920791230538
vn -0.9785409296657825 0.2057085975785416 0.011900497934775378
vn -0.6602815188417158 -0.2465930938290062 0.7093801251458317
vn -0.7208078833337195 -0.14020154073276925 0.6788074272576284
vn -0.7342980841356155 -0.11739968892549743 0.6685982625425833
vn -0.8562859424509024 0.057499057330932093 -0.5132915771440477
vn -0.7503875582920897 -0.11739805044604337 -0.6504892082978042
vn -0.874985419793119 0.09269845245832928 -0.4751920791230538
vn -0.6602815188417158 -0.2465930938290062 0.7093801251458317
vn -0.7342980841356155 -0.11739968892549743 0.6685982625425833
vn -0.6603847352706236 -0.24659431198220771 0.7092836151495182
vn -0.7503875582920897 -0.11739805044604337 -0.6504892082978042
vn -0.8562859424509024 0.057499057330932093 -0.5132915771440477
vn -0.7371392675748389 -0.14020747188567728 -0.6610352222284807
vn -0.6369159676588383 -0.38150956564490285 0.669916786968832
vn -0.6602815188417158 -0.2465930938290062 0.7093801251458317
vn -0.6603847352706236 -0.24659431198220771 0.7092836151495182
vn -0.6775243206604352 -0.24660885094053692 -0.692924865733222
vn -0.7503875582920897 -0.11739805044604337 -0.6504892082978042
vn -0.7371392675748389 -0.14020747188567728 -0.6610352222284807
vn -0.6602815188417158 -0.2465930938290062 0.7093801251458317
vn -0.6369159676588383 -0.38150956564490285 0.669916786968832
vn -0.639791189048437 -0.3624950129205158 0.6776906374030427
vn -0.7503875582920897 -0.11739805044604337 -0.6504892082978042
vn -0.6775243206604352 -0.24660885094053692 -0.692924865733222
vn -0.6774773653329824 -0.24659175989451015 -0.6929768563333186
vn -0.6102243109834538 -0.5801231231884009 0.5395215030255094
vn -0.639791189048437 -0.3624950129205158 0.6776906374030427
vn -0.6369159676588383 -0.38150956564490285 0.669916786968832
vn -0.6775243206604352 -0.24660885094053692 -0.692924865733222
vn -0.6535985345307304 -0.3815991500495816 -0.6535985345307304
vn -0.6774773653329824 -0.24659175989451015 -0.6929768563333186
vn -0.6102243109834538 -0.5801231231884009 0.5395215030255094
vn -0.6369159676588383 -0.38150956564490285 0.669916786968832
vn -0.6048694463637301 -0.6058693829754513 0.5167738805595544
vn -0.6535985345307304 -0.3815991500495816 -0.6535985345307304
vn -0.6775243206604352 -0.24660885094053692 -0.692924865733222
vn -0.6561618447374573 -0.3624789386572122 -0.6618615055588881
vn -0.6339974128330025 -0.7732968324041004 0.0076999684963095704
vn -0.6102243109834538 -0.5801231231884009 0.5395215030255094
vn -0.6048694463637301 -0.6058693829754513 0.5167738805595544
vn -0.6232990331405504 -0.5799990687980422 -0.5244991853944664
vn -0.6535985345307304 -0.3815991500495816 -0.6535985345307304
vn -0.6561618447374573 -0.3624789386572122 -0.6618615055588881
vn -0.6339974128330025 -0.7732968324041004 0.0076999684963095704
vn -0.6048694463637301 -0.6058693829754513 0.5167738805595544
vn -0.6339974128330025 -0.7732968324041004 0.0076999684963095704
vn -0.6535985345307304 -0.3815991500495816 -0.6535985345307304
vn -0.6232990331405504 -0.5799990687980422 -0.5244991853944664
vn -0.6176035788919406 -0.6061035117397973 -0.5012029054151141
vn -0.6339974128330025 -0.7732968324041004 0.0076999684963095704
vn -0.6176035788919406 -0.6061035117397973 -0.5012029054151141
vn -0.6232990331405504 -0.5799990687980422 -0.5244991853944664
vn -0.6176035788919406 -0.6061035117397973 -0.5012029054151141
vn -0.6339974128330025 -0.7732968324041004 0.0076999684963095704
vn -0.6339974128330025 -0.7732968324041004 0.0076999684963095704
vn -0.28379109025213506 -0.9395704730346964 -0.1914939771764676
vn -0.2585948754254356 -0.9659808904858148 0.0030999386987064755
vn -0.2585015731110592 -0.9660058626024577 0.0031000188369695947
vn -0.2788879746954335 -0.9394594744333182 0.19909141987477247
vn -0.2585015731110592 -0.9660058626024577 0.0031000188369695947
vn -0.2585948754254356 -0.9659808904858148 0.0030999386987064755
vn -0.2585015731110592 -0.9660058626024577 0.0031000188369695947
vn -0.29011059861395194 -0.9264338248922569 -0.2399087507102597
vn -0.28379109025213506 -0.9395704730346964 -0.1914939771764676
vn -0.2585015731110592 -0.9660058626024577 0.0031000188369695947
vn -0.2788879746954335 -0.9394594744333182 0.19909141987477247
vn -0.2841883354231702 -0.9264619542135429 0.24678986487339902
vn -0.3971229718857533 -0.7550436683253724 -0.5217302024249625
vn -0.28379109025213506 -0.9395704730346964 -0.1914939771764676
vn -0.29011059861395194 -0.9264338248922569 -0.2399087507102597
vn -0.38420786304566734 -0.7551154525047135 0.5312108539577136
vn -0.2841883354231702 -0.9264619542135429 0.24678986487339902
vn -0.2788879746954335 -0.9394594744333182 0.19909141987477247
vn -0.3971229718857533 -0.7550436683253724 -0.5217302024249625
vn -0.29011059861395194 -0.9264338248922569 -0.2399087507102597
vn -0.4231981674065085 -0.7120969264317765 -0.5601975352232372
vn -0.2841883354231702 -0.9264619542135429 0.24678986487339902
vn -0.38420786304566734 -0.7551154525047135 0.5312108539577136
vn -0.40930053561045643 -0.7122009188794087 0.5703007300506632
vn -0.6578313231345698 -0.24751178077546251 -0.7113338658326205
vn -0.3971229718857533 -0.7550436683253724 -0.5217302024249625
vn -0.4231981674065085 -0.7120969264317765 -0.5601975352232372
vn -0.640205900800917 -0.2476022789331258 0.7272066529170431
vn -0.40930053561045643 -0.7122009188794087 0.5703007300506632
vn -0.38420786304566734 -0.7551154525047135 0.5312108539577136
vn -0.4231981674065085 -0.7120969264317765 -0.5601975352232372
vn -0.6578313231345698 -0.24751178077546251 -0.7113338658326205
vn -0.6578313231345698 -0.24751178077546251 -0.7113338658326205
vn -0.40930053561045643 -0.7122009188794087 0.5703007300506632
vn -0.640205900800917 -0.2476022789331258 0.7272066529170431
vn -0.640205900800917 -0.2476022789331258 0.7272066529170431
vn -0.7885249829392951 0.23910756665219485 -0.5666179690499151
vn -0.6578313231345698 -0.24751178077546251 -0.7113338658326205
vn -0.6578313231345698 -0.24751178077546251 -0.7113338658326205
vn -0.7744754085688087 0.23909239872365606 0.5856813693423627
vn -0.640205900800917 -0.2476022789331258 0.7272066529170431
vn -0.640205900800917 -0.2476022789331258 0.7272066529170431
vn -0.6578313231345698 -0.24751178077546251 -0.7113338658326205
vn -0.7885249829392951 0.23910756665219485 -0.5666179690499151
vn -0.7994020033830305 0.28940074671922555 -0.526501324581004
vn -0.640205900800917 -0.2476022789331258 0.7272066529170431
vn -0.7863096152863013 0.2895035369503713 0.5458066425040411
vn -0.7744754085688087 0.23909239872365606 0.5856813693423627
vn -0.8425034353579497 0.4699019440266754 -0.26340107139114693
vn -0.7994020033830305 0.28940074671922555 -0.526501324581004
vn -0.7885249829392951 0.23910756665219485 -0.5666179690499151
vn -0.8355789360024055 0.46978814219395704 0.28479280742855534
vn -0.7744754085688087 0.23909239872365606 0.5856813693423627
vn -0.7863096152863013 0.2895035369503713 0.5458066425040411
vn -0.7994020033830305 0.28940074671922555 -0.526501324581004
vn -0.8425034353579497 0.4699019440266754 -0.26340107139114693
vn -0.8492719040319816 0.485983908518276 -0.2062931741071253
vn -0.8355789360024055 0.46978814219395704 0.28479280742855534
vn -0.7863096152863013 0.2895035369503713 0.5458066425040411
vn -0.8438041780753509 0.4859024157948122 0.2278011224453187
vn -0.8540577318364208 0.5200742652661584 0.010399485482173764
vn -0.8492719040319816 0.485983908518276 -0.2062931741071253
vn -0.8425034353579497 0.4699019440266754 -0.26340107139114693
vn -0.8438041780753509 0.4859024157948122 0.2278011224453187
vn -0.8540577318364208 0.5200742652661584 0.010399485482173764
vn -0.8355789360024055 0.46978814219395704 0.28479280742855534
vn -0.8492719040319816 0.485983908518276 -0.2062931741071253
vn -0.8540577318364208 0.5200742652661584 0.010399485482173764
vn -0.8540577318364208 0.5200742652661584 0.010399485482173764
vn -0.8540577318364208 0.5200742652661584 0.010399485482173764
vn -0.8438041780753509 0.4859024157948122 0.2278011224453187
vn -0.8540577318364208 0.5200742652661584 0.010399485482173764
vn 0.6910011827216909 0.722801269515108 -0.008700015205301753
vn 0.6908996201615158 0.7228995469239927 -0.008599995218568076
vn 0.695091434061404 0.6262922507017619 0.3529956302921926
vn 0.6861670406509286 0.6262698743379583 -0.3700822027888733
vn 0.6908996201615158 0.7228995469239927 -0.008599995218568076
vn 0.6910011827216909 0.722801269515108 -0.008700015205301753
vn 0.6908996201615158 0.7228995469239927 -0.008599995218568076
vn 0.695091434061404 0.6262922507017619 0.3529956302921926
vn 0.695091434061404 0.6262922507017619 0.3529956302921926
vn 0.6908996201615158 0.7228995469239927 -0.008599995218568076
vn 0.6861670406509286 0.6262698743379583 -0.3700822027888733
vn 0.6861670406509286 0.6262698743379583 -0.3700822027888733
vn 0.6983754300622275 0.36158727971679405 0.617678231632302
vn 0.695091434061404 0.6262922507017619 0.3529956302921926
vn 0.695091434061404 0.6262922507017619 0.3529956302921926
vn 0.6861670406509286 0.6262698743379583 -0.3700822027888733
vn 0.6829167143487617 0.3616088558336435 -0.6347155241884158
vn 0.6861670406509286 0.6262698743379583 -0.3700822027888733
vn 0.695091434061404 0.6262922507017619 0.3529956302921926
vn 0.6983754300622275 0.36158727971679405 0.617678231632302
vn 0.6983754300622275 0.36158727971679405 0.617678231632302
vn 0.6829167143487617 0.3616088558336435 -0.6347155241884158
vn 0.6861670406509286 0.6262698743379583 -0.3700822027888733
vn 0.6829167143487617 0.3616088558336435 -0.6347155241884158
vn 0.6995673361045847 0 0.7145666814619437
vn 0.6983754300622275 0.36158727971679405 0.617678231632302
vn 0.6983754300622275 0.36158727971679405 0.617678231632302
vn 0.6829167143487617 0.3616088558336435 -0.6347155241884158
vn 0.6817157839134296 0.0005000116070611701 -0.7316169352548443
vn 0.6829167143487617 0.3616088558336435 -0.6347155241884158
vn 0.6983754300622275 0.36158727971679405 0.617678231632302
vn 0.6995673361045847 0 0.7145666814619437
vn 0.6995162945401584 0 0.7146166480518112
vn 0.6817157839134296 0.0005000116070611701 -0.7316169352548443
vn 0.6829167143487617 0.3616088558336435 -0.6347155241884158
vn 0.6817158691318751 0 -0.7316170267112244
vn 0.6995673361045847 0 0.7145666814619437
vn 0.6983754300622275 -0.36158727971679405 0.617678231632302
vn 0.6995162945401584 0 0.7146166480518112
vn 0.6829167143487617 -0.3616088558336435 -0.6347155241884158
vn 0.6817157839134296 0.0005000116070611701 -0.7316169352548443
vn 0.6817158691318751 0 -0.7316170267112244
vn 0.6983754300622275 -0.36158727971679405 0.617678231632302
vn 0.6995673361045847 0 0.7145666814619437
vn 0.6983754300622275 -0.36158727971679405 0.617678231632302
vn 0.6817157839134296 0.0005000116070611701 -0.7316169352548443
vn 0.6829167143487617 -0.3616088558336435 -0.6347155241884158
vn 0.6829167143487617 -0.3616088558336435 -0.6347155241884158
vn 0.6983754300622275 -0.36158727971679405 0.617678231632302
vn 0.6952895609167372 -0.6257906331949883 0.3534947098410756
vn 0.6983754300622275 -0.36158727971679405 0.617678231632302
vn 0.6861670406509286 -0.6262698743379583 -0.3700822027888733
vn 0.6829167143487617 -0.3616088558336435 -0.6347155241884158
vn 0.6829167143487617 -0.3616088558336435 -0.6347155241884158
vn 0.6983754300622275 -0.36158727971679405 0.617678231632302
vn 0.695091434061404 -0.6262922507017619 0.3529956302921926
vn 0.6952895609167372 -0.6257906331949883 0.3534947098410756
vn 0.6829167143487617 -0.3616088558336435 -0.6347155241884158
vn 0.6861670406509286 -0.6262698743379583 -0.3700822027888733
vn 0.6864095474604153 -0.626108715831373 -0.3699051352917082
vn 0.6908996201615158 -0.7228995469239927 -0.008599995218568076
vn 0.6952895609167372 -0.6257906331949883 0.3534947098410756
vn 0.695091434061404 -0.6262922507017619 0.3529956302921926
vn 0.6861670406509286 -0.6262698743379583 -0.3700822027888733
vn 0.6908996201615158 -0.7228995469239927 -0.008599995218568076
vn 0.6864095474604153 -0.626108715831373 -0.3699051352917082
vn 0.6952895609167372 -0.6257906331949883 0.3534947098410756
vn 0.6908996201615158 -0.7228995469239927 -0.008599995218568076
vn 0.6905934680871306 -0.7231932059896908 -0.008499920337391819
vn 0.6908996201615158 -0.7228995469239927 -0.008599995218568076
vn 0.6861670406509286 -0.6262698743379583 -0.3700822027888733
vn 0.6905934680871306 -0.7231932059896908 -0.008499920337391819
vn 0.7154090813215147 -0.6012076325611309 -0.35600453496120915
vn 0.7196640851000765 -0.6942653689488296 -0.008899555911130088
vn 0.7196640851000765 -0.6942653689488296 -0.008899555911130088
vn 0.7240011969647762 -0.601200997500205 0.3382005727350707
vn 0.7196640851000765 -0.6942653689488296 -0.008899555911130088
vn 0.7196640851000765 -0.6942653689488296 -0.008899555911130088
vn 0.7196640851000765 -0.6942653689488296 -0.008899555911130088
vn 0.7154090813215147 -0.6012076325611309 -0.35600453496120915
vn 0.7154090813215147 -0.6012076325611309 -0.35600453496120915
vn 0.7196640851000765 -0.6942653689488296 -0.008899555911130088
vn 0.7240011969647762 -0.601200997500205 0.3382005727350707
vn 0.7240011969647762 -0.601200997500205 0.3382005727350707
vn 0.7117799783619214 -0.3473902480488241 -0.6104828236434497
vn 0.7154090813215147 -0.6012076325611309 -0.35600453496120915
vn 0.7154090813215147 -0.6012076325611309 -0.35600453496120915
vn 0.7267165721714327 -0.34740792819906946 0.5926134955903661
vn 0.7240011969647762 -0.601200997500205 0.3382005727350707
vn 0.7240011969647762 -0.601200997500205 0.3382005727350707
vn 0.7154090813215147 -0.6012076325611309 -0.35600453496120915
vn 0.7117799783619214 -0.3473902480488241 -0.6104828236434497
vn 0.7118047060410873 -0.3473022993440027 -0.6105040321964551
vn 0.7240011969647762 -0.601200997500205 0.3382005727350707
vn 0.7267165721714327 -0.34740792819906946 0.5926134955903661
vn 0.7271101500998535 -0.3471048280541874 0.5923082541744981
vn 0.7117799783619214 -0.3473902480488241 -0.6104828236434497
vn 0.7110953634111415 0.00039999739175113953 -0.7030954587659226
vn 0.7118047060410873 -0.3473022993440027 -0.6105040321964551
vn 0.7279885541372246 0.0002999953036386865 0.6855892174239696
vn 0.7271101500998535 -0.3471048280541874 0.5923082541744981
vn 0.7267165721714327 -0.34740792819906946 0.5926134955903661
vn 0.7110953634111415 0.00039999739175113953 -0.7030954587659226
vn 0.7117799783619214 -0.3473902480488241 -0.6104828236434497
vn 0.7111454267915637 0 -0.7030449359418249
vn 0.7271101500998535 -0.3471048280541874 0.5923082541744981
vn 0.7279885541372246 0.0002999953036386865 0.6855892174239696
vn 0.7279885541372246 0.0002999953036386865 0.6855892174239696
vn 0.7122744781568969 0.3470875517399566 -0.6100781090921746
vn 0.7110953634111415 0.00039999739175113953 -0.7030954587659226
vn 0.7111454267915637 0 -0.7030449359418249
vn 0.7271101500998535 0.3471048280541874 0.5923082541744981
vn 0.7279885541372246 0.0002999953036386865 0.6855892174239696
vn 0.7279885541372246 0.0002999953036386865 0.6855892174239696
vn 0.7110953634111415 0.00039999739175113953 -0.7030954587659226
vn 0.7122744781568969 0.3470875517399566 -0.6100781090921746
vn 0.7119221959867257 0.34721083347466686 -0.610419056042048
vn 0.7271101500998535 0.3471048280541874 0.5923082541744981
vn 0.7279885541372246 0.0002999953036386865 0.6855892174239696
vn 0.7271101500998535 0.3471048280541874 0.5923082541744981
vn 0.7154090813215147 0.6012076325611309 -0.35600453496120915
vn 0.7119221959867257 0.34721083347466686 -0.610419056042048
vn 0.7122744781568969 0.3470875517399566 -0.6100781090921746
vn 0.7240011969647762 0.601200997500205 0.3382005727350707
vn 0.7271101500998535 0.3471048280541874 0.5923082541744981
vn 0.7271101500998535 0.3471048280541874 0.5923082541744981
vn 0.7119221959867257 0.34721083347466686 -0.610419056042048
vn 0.7154090813215147 0.6012076325611309 -0.35600453496120915
vn 0.7154090813215147 0.6012076325611309 -0.35600453496120915
vn 0.7271101500998535 0.3471048280541874 0.5923082541744981
vn 0.7239536299600184 0.6012445075958899 0.338225048974035
vn 0.7240011969647762 0.601200997500205 0.3382005727350707
vn 0.7192693377643046 0.6946704160662536 -0.009199608384997915
vn 0.7154090813215147 0.6012076325611309 -0.35600453496120915
vn 0.7154090813215147 0.6012076325611309 -0.35600453496120915
vn 0.7239536299600184 0.6012445075958899 0.338225048974035
vn 0.7192693377643046 0.6946704160662536 -0.009199608384997915
vn 0.7240011969647762 0.601200997500205 0.3382005727350707
vn 0.7154090813215147 0.6012076325611309 -0.35600453496120915
vn 0.7192693377643046 0.6946704160662536 -0.009199608384997915
vn 0.7196640851000765 0.6942653689488296 -0.008899555911130088
vn 0.7192693377643046 0.6946704160662536 -0.009199608384997915
vn 0.7239536299600184 0.6012445075958899 0.338225048974035
vn 0.7196640851000765 0.6942653689488296 -0.008899555911130088
vn -0.6945058787103007 0.6917058077284948 -0.1980016666381971
vn -0.6946193857719681 0.6916193406089384 -0.19790552444394013
vn -0.6803933295178439 0.6767933635499387 -0.2810972433204982
vn -0.6945058787103007 0.6917058077284948 -0.1980016666381971
vn -0.7067844321575641 0.7072844445204997 0.014299685277579114
vn -0.6946193857719681 0.6916193406089384 -0.19790552444394013
vn -0.7067844321575641 0.7072844445204997 0.014299685277579114
vn -0.6945058787103007 0.6917058077284948 -0.1980016666381971
vn -0.7067844321575641 0.7072844445204997 0.014299685277579114
vn -0.6883122399616163 0.6905122864794757 0.22230394180020444
vn -0.7067844321575641 0.7072844445204997 0.014299685277579114
vn -0.7067844321575641 0.7072844445204997 0.014299685277579114
vn -0.6880812944314717 0.6906812380356875 0.22249395425269503
vn -0.7067844321575641 0.7072844445204997 0.014299685277579114
vn -0.6883122399616163 0.6905122864794757 0.22230394180020444
vn -0.6732398025914305 0.6768400167145541 0.29771758426484324
vn -0.6880812944314717 0.6906812380356875 0.22249395425269503
vn -0.6883122399616163 0.6905122864794757 0.22230394180020444
vn -0.6892213699168311 0.6918214648048975 0.2153066745021449
vn -0.6732398025914305 0.6768400167145541 0.29771758426484324
vn -0.6893920111461367 0.6915919930357495 0.21549749450219755
vn -0.7068035140401153 0.7074035569959257 0.0030000150093620684
vn -0.6892213699168311 0.6918214648048975 0.2153066745021449
vn -0.6893920111461367 0.6915919930357495 0.21549749450219755
vn -0.6892213699168311 0.6918214648048975 0.2153066745021449
vn -0.7068035140401153 0.7074035569959257 0.0030000150093620684
vn -0.7071042037466648 0.7071042037466648 0.002700016220363641
vn -0.7068035140401153 0.7074035569959257 0.0030000150093620684
vn -0.693327552900735 0.6907274353949824 -0.20540816532297043
vn -0.7071042037466648 0.7071042037466648 0.002700016220363641
vn -0.693327552900735 0.6907274353949824 -0.20540816532297043
vn -0.7068035140401153 0.7074035569959257 0.0030000150093620684
vn -0.693327552900735 0.6907274353949824 -0.20540816532297043
vn -0.6803048561122093 0.6770048213851524 -0.2808020202409596
vn -0.693327552900735 0.6907274353949824 -0.20540816532297043
vn -0.693327552900735 0.6907274353949824 -0.20540816532297043
vn 0.6982900473554137 -0.005999914501673916 -0.7157897811441195
vn 0.68327090677118 0.20679118830406734 -0.7002701424449577
vn 0.68327090677118 0.20679118830406734 -0.7002701424449577
vn 0.6684977798266318 0.28939904748331635 -0.6850977373211893
vn 0.68327090677118 0.20679118830406734 -0.7002701424449577
vn 0.68327090677118 0.20679118830406734 -0.7002701424449577
vn 0.68327090677118 0.20679118830406734 -0.7002701424449577
vn 0.6982900473554137 -0.005999914501673916 -0.7157897811441195
vn 0.698135805354504 -0.006400328360081744 -0.7159367521498677
vn 0.6982900473554137 -0.005999914501673916 -0.7157897811441195
vn 0.6821749570721125 -0.21399214123161386 -0.6991742926014733
vn 0.698135805354504 -0.006400328360081744 -0.7159367521498677
vn 0.6821749570721125 -0.21399214123161386 -0.6991742926014733
vn 0.6982900473554137 -0.005999914501673916 -0.7157897811441195
vn 0.6821749570721125 -0.21399214123161386 -0.6991742926014733
vn 0.6821749570721125 -0.21399214123161386 -0.6991742926014733
vn 0.6821749570721125 -0.21399214123161386 -0.6991742926014733
vn 0.6684977798266318 -0.28939904748331635 -0.6850977373211893
vn 0.6991742926014733 -0.21399214123161386 0.6821749570721125
vn 0.6991892510698728 -0.21389671932251209 0.6821895518486171
vn 0.6851435445672249 -0.2894183973842843 0.6684424542123067
vn 0.6991742926014733 -0.21399214123161386 0.6821749570721125
vn 0.7157897811441195 -0.005999914501673916 0.6982900473554137
vn 0.6991892510698728 -0.21389671932251209 0.6821895518486171
vn 0.7157897811441195 -0.005999914501673916 0.6982900473554137
vn 0.6991742926014733 -0.21399214123161386 0.6821749570721125
vn 0.7157884605534749 -0.006299898557223135 0.6982887590507633
vn 0.7002701424449577 0.20679118830406734 0.68327090677118
vn 0.7157897811441195 -0.005999914501673916 0.6982900473554137
vn 0.7157884605534749 -0.006299898557223135 0.6982887590507633
vn 0.7003179971701511 0.20680531990113096 0.6832175806433696
vn 0.7157897811441195 -0.005999914501673916 0.6982900473554137
vn 0.7002701424449577 0.20679118830406734 0.68327090677118
vn 0.6851435445672249 0.2894183973842843 0.6684424542123067
vn 0.7003179971701511 0.20680531990113096 0.6832175806433696
vn 0.7002701424449577 0.20679118830406734 0.68327090677118
vn 0.6982900473554137 0.005999914501673916 -0.7157897811441195
vn 0.68327090677118 -0.20679118830406734 -0.7002701424449577
vn 0.68327090677118 -0.20679118830406734 -0.7002701424449577
vn 0.6684977798266318 -0.28939904748331635 -0.6850977373211893
vn 0.68327090677118 -0.20679118830406734 -0.7002701424449577
vn 0.68327090677118 -0.20679118830406734 -0.7002701424449577
vn 0.6982900473554137 0.005999914501673916 -0.7157897811441195
vn 0.68327090677118 -0.20679118830406734 -0.7002701424449577
vn 0.6982900473554137 0.005999914501673916 -0.7157897811441195
vn 0.6821749570721125 0.21399214123161386 -0.6991742926014733
vn 0.6982900473554137 0.005999914501673916 -0.7157897811441195
vn 0.6982900473554137 0.005999914501673916 -0.7157897811441195
vn 0.6982900473554137 0.005999914501673916 -0.7157897811441195
vn 0.6821749570721125 0.21399214123161386 -0.6991742926014733
vn 0.6819910834064242 0.2141972102856494 -0.699290867422117
vn 0.6821749570721125 0.21399214123161386 -0.6991742926014733
vn 0.6684977798266318 0.28939904748331635 -0.6850977373211893
vn 0.6819910834064242 0.2141972102856494 -0.699290867422117
vn 0.6991742926014733 0.21399214123161386 0.6821749570721125
vn 0.6851435445672249 0.2894183973842843 0.6684424542123067
vn 0.6991892510698728 0.21389671932251209 0.6821895518486171
vn 0.7157897811441195 0.005999914501673916 0.6982900473554137
vn 0.6991742926014733 0.21399214123161386 0.6821749570721125
vn 0.6991892510698728 0.21389671932251209 0.6821895518486171
vn 0.6991742926014733 0.21399214123161386 0.6821749570721125
vn 0.7157897811441195 0.005999914501673916 0.6982900473554137
vn 0.7157875443749253 0.006499887142882534 0.6982878652710816
vn 0.7157897811441195 0.005999914501673916 0.6982900473554137
vn 0.7003179971701511 -0.20680531990113096 0.6832175806433696
vn 0.7157875443749253 0.006499887142882534 0.6982878652710816
vn 0.7003179971701511 -0.20680531990113096 0.6832175806433696
vn 0.7157897811441195 0.005999914501673916 0.6982900473554137
vn 0.7003179971701511 -0.20680531990113096 0.6832175806433696
vn 0.6851435445672249 -0.2894183973842843 0.6684424542123067
vn 0.7003179971701511 -0.20680531990113096 0.6832175806433696
vn 0.7003179971701511 -0.20680531990113096 0.6832175806433696
vn 0.11460363129758741 0.6964220365652908 0.7084224408357344
vn 0.041398523201675815 0.6960751580492079 0.7167743972991016
vn 0.04190063562966869 0.6961105321543914 0.7167108648245538
vn 0.11460363129758741 0.6964220365652908 0.7084224408357344
vn 0.04190063562966869 0.6961105321543914 0.7167108648245538
vn 0.11589451875354179 0.6963670374330274 0.708266482123525
vn 0.041398523201675815 0.6960751580492079 0.7167743972991016
vn -0.06710169036627302 0.6887173353657837 0.7219181360214215
vn 0.04190063562966869 0.6961105321543914 0.7167108648245538
vn 0.11589451875354179 0.6963670374330274 0.708266482123525
vn 0.2668995109435512 0.6845987335974225 0.6782987726768334
vn 0.11460363129758741 0.6964220365652908 0.7084224408357344
vn -0.06710169036627302 0.6887173353657837 0.7219181360214215
vn 0.041398523201675815 0.6960751580492079 0.7167743972991016
vn -0.06830087402698 0.6886088023108173 0.7219092103493432
vn 0.2668995109435512 0.6845987335974225 0.6782987726768334
vn 0.11589451875354179 0.6963670374330274 0.708266482123525
vn 0.2706991246378908 0.684097740674134 0.6772977669569161
vn -0.25830606915111504 0.6553154022309549 0.7098166652302419
vn -0.06710169036627302 0.6887173353657837 0.7219181360214215
vn -0.06830087402698 0.6886088023108173 0.7219092103493432
vn 0.2668995109435512 0.6845987335974225 0.6782987726768334
vn 0.2706991246378908 0.684097740674134 0.6772977669569161
vn 0.4213061939001163 0.6540096086174838 0.6283092573067844
vn 0.2668995109435512 0.6845987335974225 0.6782987726768334
vn 0.4213061939001163 0.6540096086174838 0.6283092573067844
vn 0.4206781124456712 0.6541659605003975 0.6285672770927067
vn 0.4206781124456712 0.6541659605003975 0.6285672770927067
vn 0.4213061939001163 0.6540096086174838 0.6283092573067844
vn 0.44698009955684087 0.6468712026808507 0.6178725092949081
vn -0.06710169036627302 0.6887173353657837 0.7219181360214215
vn -0.25830606915111504 0.6553154022309549 0.7098166652302419
vn -0.25810106510515457 0.6553027177808393 0.7099029428454501
vn -0.5466791669739616 0.5482791330840546 0.6328758808970784
vn -0.25810106510515457 0.6553027177808393 0.7099029428454501
vn -0.25830606915111504 0.6553154022309549 0.7098166652302419
vn -0.25810106510515457 0.6553027177808393 0.7099029428454501
vn -0.5466791669739616 0.5482791330840546 0.6328758808970784
vn -0.5506949494646554 0.5461949593362014 0.6311942165687562
vn -0.5506949494646554 0.5461949593362014 0.6311942165687562
vn -0.5466791669739616 0.5482791330840546 0.6328758808970784
vn -0.8249949266523043 0.34069791030860935 0.4508972221130953
vn 0.02420064053899239 0.6961184250986966 -0.7175189664640321
vn 0.0975064860427162 0.6961463291198571 -0.7112473364678065
vn 0.0983983080977323 0.6963880357003935 -0.7108878087974578
vn 0.0975064860427162 0.6961463291198571 -0.7112473364678065
vn 0.02420064053899239 0.6961184250986966 -0.7175189664640321
vn 0.023399282511645643 0.695878704247405 -0.7177780315340478
vn 0.0983983080977323 0.6963880357003935 -0.7108878087974578
vn 0.0975064860427162 0.6961463291198571 -0.7112473364678065
vn 0.25011195351171683 0.6846327521783312 -0.6846327521783312
vn -0.08489692771992396 0.6884750788226145 -0.7202739600345918
vn 0.023399282511645643 0.695878704247405 -0.7177780315340478
vn 0.02420064053899239 0.6961184250986966 -0.7175189664640321
vn 0.25391222757869825 0.6839329574914575 -0.6839329574914575
vn 0.0983983080977323 0.6963880357003935 -0.7108878087974578
vn 0.25011195351171683 0.6846327521783312 -0.6846327521783312
vn 0.023399282511645643 0.695878704247405 -0.7177780315340478
vn -0.08489692771992396 0.6884750788226145 -0.7202739600345918
vn -0.08590111060020739 0.688208884841585 -0.720409279522934
vn 0.25011195351171683 0.6846327521783312 -0.6846327521783312
vn 0.4055905373044986 0.6542846912395527 -0.6382850921481806
vn 0.25391222757869825 0.6839329574914575 -0.6839329574914575
vn 0.4055905373044986 0.6542846912395527 -0.6382850921481806
vn 0.25011195351171683 0.6846327521783312 -0.6846327521783312
vn 0.40509566081157133 0.654193029458736 -0.6386931859658733
vn 0.4055905373044986 0.6542846912395527 -0.6382850921481806
vn 0.40509566081157133 0.654193029458736 -0.6386931859658733
vn 0.431595281938888 0.6468929199154823 -0.6286931387977074
vn -0.08489692771992396 0.6884750788226145 -0.7202739600345918
vn -0.27569180143695265 0.6552805274299763 -0.7032790776011612
vn -0.08590111060020739 0.688208884841585 -0.720409279522934
vn -0.27569180143695265 0.6552805274299763 -0.7032790776011612
vn -0.08489692771992396 0.6884750788226145 -0.7202739600345918
vn -0.2755993856285137 0.6552985929069169 -0.7032984663536531
vn -0.2755993856285137 0.6552985929069169 -0.7032984663536531
vn -0.5619128951119827 0.5479125757443035 -0.6197142144957729
vn -0.27569180143695265 0.6552805274299763 -0.7032790776011612
vn -0.5619128951119827 0.5479125757443035 -0.6197142144957729
vn -0.2755993856285137 0.6552985929069169 -0.7032984663536531
vn -0.565791037325782 0.5460913590267727 -0.617790198755296
vn -0.5619128951119827 0.5479125757443035 -0.6197142144957729
vn -0.565791037325782 0.5460913590267727 -0.617790198755296
vn -0.8357050582652453 0.34110208188520963 -0.43040263164095405
vn 0.21690611439689808 -0.6648187107419513 -0.7148201307914106
vn 0.14389672745433726 -0.6784845332982566 -0.7203835574907155
vn 0.14410172695742107 -0.6783081733342313 -0.7205086496884456
vn 0.21690611439689808 -0.6648187107419513 -0.7148201307914106
vn 0.14410172695742107 -0.6783081733342313 -0.7205086496884456
vn 0.21670109171017665 -0.6649033467275182 -0.7148035928576209
vn 0.14389672745433726 -0.6784845332982566 -0.7203835574907155
vn 0.03419947866595566 -0.6917894221983655 -0.7212889788381828
vn 0.14410172695742107 -0.6783081733342313 -0.7205086496884456
vn 0.21670109171017665 -0.6649033467275182 -0.7148035928576209
vn 0.3672979822030729 -0.6236965899463931 -0.6899961999596751
vn 0.21690611439689808 -0.6648187107419513 -0.7148201307914106
vn 0.03419947866595566 -0.6917894221983655 -0.7212889788381828
vn 0.14389672745433726 -0.6784845332982566 -0.7203835574907155
vn 0.03560017849928469 -0.6917034667987663 -0.7213036401609154
vn 0.3672979822030729 -0.6236965899463931 -0.6899961999596751
vn 0.21670109171017665 -0.6649033467275182 -0.7148035928576209
vn 0.36791349262269524 -0.6235228325875883 -0.6898252961352752
vn -0.15509792291181096 -0.6948906572773725 -0.7021905786444753
vn 0.03419947866595566 -0.6917894221983655 -0.7212889788381828
vn 0.03560017849928469 -0.6917034667987663 -0.7213036401609154
vn 0.36791349262269524 -0.6235228325875883 -0.6898252961352752
vn 0.5152115065031814 -0.5639125673996926 -0.6454143784386969
vn 0.3672979822030729 -0.6236965899463931 -0.6899961999596751
vn 0.5152115065031814 -0.5639125673996926 -0.6454143784386969
vn 0.36791349262269524 -0.6235228325875883 -0.6898252961352752
vn 0.5154207078088743 -0.5638226379739295 -0.6453259074838993
vn 0.5152115065031814 -0.5639125673996926 -0.6454143784386969
vn 0.5154207078088743 -0.5638226379739295 -0.6453259074838993
vn 0.5402873400399912 -0.5515870427889381 -0.6354851095185983
vn 0.03419947866595566 -0.6917894221983655 -0.7212889788381828
vn -0.15509792291181096 -0.6948906572773725 -0.7021905786444753
vn -0.15879481709184448 -0.6948772702622554 -0.7013770635953559
vn -0.15509792291181096 -0.6948906572773725 -0.7021905786444753
vn -0.46030336967878677 -0.6429046985692892 -0.6122045053900579
vn -0.15879481709184448 -0.6948772702622554 -0.7013770635953559
vn -0.46030336967878677 -0.6429046985692892 -0.6122045053900579
vn -0.15509792291181096 -0.6948906572773725 -0.7021905786444753
vn -0.4520950221464686 -0.6453928690548595 -0.6156932154275545
vn -0.46030336967878677 -0.6429046985692892 -0.6122045053900579
vn -0.4520950221464686 -0.6453928690548595 -0.6156932154275545
vn -0.7547842075150969 -0.4978895774423773 -0.42709105441352685
vn 0.16189214254499118 -0.6783670605347214 0.7166652393995915
vn 0.2345100956156781 -0.6648285924563769 0.7092305391808773
vn 0.2342888773358631 -0.6648684338344445 0.7092663023485846
vn 0.2342888773358631 -0.6648684338344445 0.7092663023485846
vn 0.2345100956156781 -0.6648285924563769 0.7092305391808773
vn 0.38420694958592805 -0.6237112935549138 0.680712305002585
vn 0.2345100956156781 -0.6648285924563769 0.7092305391808773
vn 0.16189214254499118 -0.6783670605347214 0.7166652393995915
vn 0.16160061064421752 -0.6785025869639022 0.7166027366140242
vn 0.38479236634655534 -0.6234876414691553 0.680586508635492
vn 0.2342888773358631 -0.6648684338344445 0.7092663023485846
vn 0.38420694958592805 -0.6237112935549138 0.680712305002585
vn 0.05160101104283787 -0.6914135152214591 0.7206141038228868
vn 0.16160061064421752 -0.6785025869639022 0.7166027366140242
vn 0.16189214254499118 -0.6783670605347214 0.7166652393995915
vn 0.38420694958592805 -0.6237112935549138 0.680712305002585
vn 0.5309280735797726 -0.5639298108694996 0.6325334371379604
vn 0.38479236634655534 -0.6234876414691553 0.680586508635492
vn 0.5313914188945655 -0.5639908765389773 0.6320897492492791
vn 0.38479236634655534 -0.6234876414691553 0.680586508635492
vn 0.5309280735797726 -0.5639298108694996 0.6325334371379604
vn 0.5313914188945655 -0.5639908765389773 0.6320897492492791
vn 0.5309280735797726 -0.5639298108694996 0.6325334371379604
vn 0.5557141734001153 -0.5516140441570735 0.6220158388424727
vn 0.16160061064421752 -0.6785025869639022 0.7166027366140242
vn 0.05160101104283787 -0.6914135152214591 0.7206141038228868
vn 0.05349956069478618 -0.6913943092041092 0.7204940709024866
vn 0.05160101104283787 -0.6914135152214591 0.7206141038228868
vn -0.1377000928450038 -0.6950004293257279 0.7057004234571006
vn 0.05349956069478618 -0.6913943092041092 0.7204940709024866
vn -0.1377000928450038 -0.6950004293257279 0.7057004234571006
vn 0.05160101104283787 -0.6914135152214591 0.7206141038228868
vn -0.141495021367675 -0.695075571307996 0.7048752436417555
vn -0.4450060189121909 -0.6429086960526391 0.6234084148227532
vn -0.1377000928450038 -0.6950004293257279 0.7057004234571006
vn -0.141495021367675 -0.695075571307996 0.7048752436417555
vn -0.1377000928450038 -0.6950004293257279 0.7057004234571006
vn -0.4450060189121909 -0.6429086960526391 0.6234084148227532
vn -0.43702384176982895 -0.6455352118590906 0.6263341376412263
vn -0.43702384176982895 -0.6455352118590906 0.6263341376412263
vn -0.4450060189121909 -0.6429086960526391 0.6234084148227532
vn -0.7440000890495775 -0.49790005694203054 0.44560004577125367
vn -0.68327090677118 0.20679118830406734 0.7002701424449577
vn -0.68327090677118 0.20679118830406734 0.7002701424449577
vn -0.6684977798266318 0.28939904748331635 0.6850977373211893
vn -0.68327090677118 0.20679118830406734 0.7002701424449577
vn -0.6982900473554137 -0.005999914501673916 0.7157897811441195
vn -0.68327090677118 0.20679118830406734 0.7002701424449577
vn -0.6982900473554137 -0.005999914501673916 0.7157897811441195
vn -0.68327090677118 0.20679118830406734 0.7002701424449577
vn -0.6982900473554137 -0.005999914501673916 0.7157897811441195
vn -0.6982900473554137 -0.005999914501673916 0.7157897811441195
vn -0.6982900473554137 -0.005999914501673916 0.7157897811441195
vn -0.6821749570721125 -0.21399214123161386 0.6991742926014733
vn -0.6982900473554137 -0.005999914501673916 0.7157897811441195
vn -0.6821749570721125 -0.21399214123161386 0.6991742926014733
vn -0.6821895518486171 -0.21389671932251209 0.6991892510698728
vn -0.6684977798266318 -0.28939904748331635 0.6850977373211893
vn -0.6821895518486171 -0.21389671932251209 0.6991892510698728
vn -0.6821749570721125 -0.21399214123161386 0.6991742926014733
vn -0.7157897811441195 -0.005999914501673916 -0.6982900473554137
vn -0.7157897811441195 -0.005999914501673916 -0.6982900473554137
vn -0.7003179971701511 0.20680531990113096 -0.6832175806433696
vn -0.7157897811441195 -0.005999914501673916 -0.6982900473554137
vn -0.6991742926014733 -0.21399214123161386 -0.6821749570721125
vn -0.7157897811441195 -0.005999914501673916 -0.6982900473554137
vn -0.7157897811441195 -0.005999914501673916 -0.6982900473554137
vn -0.7003179971701511 0.20680531990113096 -0.6832175806433696
vn -0.7003179971701511 0.20680531990113096 -0.6832175806433696
vn -0.6851435445672249 0.2894183973842843 -0.6684424542123067
vn -0.7003179971701511 0.20680531990113096 -0.6832175806433696
vn -0.7003179971701511 0.20680531990113096 -0.6832175806433696
vn -0.6991742926014733 -0.21399214123161386 -0.6821749570721125
vn -0.7157897811441195 -0.005999914501673916 -0.6982900473554137
vn -0.6991742926014733 -0.21399214123161386 -0.6821749570721125
vn -0.6991742926014733 -0.21399214123161386 -0.6821749570721125
vn -0.6991742926014733 -0.21399214123161386 -0.6821749570721125
vn -0.6851435445672249 -0.2894183973842843 -0.6684424542123067
vn -0.68327090677118 -0.20679118830406734 0.7002701424449577
vn -0.6684977798266318 -0.28939904748331635 0.6850977373211893
vn -0.68327090677118 -0.20679118830406734 0.7002701424449577
vn -0.6982900473554137 0.005999914501673916 0.7157897811441195
vn -0.68327090677118 -0.20679118830406734 0.7002701424449577
vn -0.68327090677118 -0.20679118830406734 0.7002701424449577
vn -0.68327090677118 -0.20679118830406734 0.7002701424449577
vn -0.6982900473554137 0.005999914501673916 0.7157897811441195
vn -0.6982900473554137 0.005999914501673916 0.7157897811441195
vn -0.6821749570721125 0.21399214123161386 0.6991742926014733
vn -0.6982900473554137 0.005999914501673916 0.7157897811441195
vn -0.6982900473554137 0.005999914501673916 0.7157897811441195
vn -0.6982900473554137 0.005999914501673916 0.7157897811441195
vn -0.6821749570721125 0.21399214123161386 0.6991742926014733
vn -0.6821749570721125 0.21399214123161386 0.6991742926014733
vn -0.6684977798266318 0.28939904748331635 0.6850977373211893
vn -0.6821749570721125 0.21399214123161386 0.6991742926014733
vn -0.6821749570721125 0.21399214123161386 0.6991742926014733
vn -0.7003179971701511 -0.20680531990113096 -0.6832175806433696
vn -0.7003179971701511 -0.20680531990113096 -0.6832175806433696
vn -0.7157897811441195 0.005999914501673916 -0.6982900473554137
vn -0.6851435445672249 -0.2894183973842843 -0.6684424542123067
vn -0.7003179971701511 -0.20680531990113096 -0.6832175806433696
vn -0.7003179971701511 -0.20680531990113096 -0.6832175806433696
vn -0.7003179971701511 -0.20680531990113096 -0.6832175806433696
vn -0.7157897811441195 0.005999914501673916 -0.6982900473554137
vn -0.7157897811441195 0.005999914501673916 -0.6982900473554137
vn -0.7157897811441195 0.005999914501673916 -0.6982900473554137
vn -0.6991742926014733 0.21399214123161386 -0.6821749570721125
vn -0.7157897811441195 0.005999914501673916 -0.6982900473554137
vn -0.6991742926014733 0.21399214123161386 -0.6821749570721125
vn -0.7157897811441195 0.005999914501673916 -0.6982900473554137
vn -0.6991742926014733 0.21399214123161386 -0.6821749570721125
vn -0.6991742926014733 0.21399214123161386 -0.6821749570721125
vn -0.6851435445672249 0.2894183973842843 -0.6684424542123067
vn -0.6991742926014733 0.21399214123161386 -0.6821749570721125
vn 0.706803075818205 -0.7074031184019856 -0.0032000139173046097
vn 0.706803075818205 -0.7074031184019856 -0.0032000139173046097
vn 0.6892213699168311 -0.6918214648048975 -0.2153066745021449
vn 0.706803075818205 -0.7074031184019856 -0.0032000139173046097
vn 0.693327552900735 -0.6907274353949824 0.20540816532297043
vn 0.706803075818205 -0.7074031184019856 -0.0032000139173046097
vn 0.706803075818205 -0.7074031184019856 -0.0032000139173046097
vn 0.6892213699168311 -0.6918214648048975 -0.2153066745021449
vn 0.6892213699168311 -0.6918214648048975 -0.2153066745021449
vn 0.6732398025914305 -0.6768400167145541 -0.29771758426484324
vn 0.6892213699168311 -0.6918214648048975 -0.2153066745021449
vn 0.6892213699168311 -0.6918214648048975 -0.2153066745021449
vn 0.693327552900735 -0.6907274353949824 0.20540816532297043
vn 0.706803075818205 -0.7074031184019856 -0.0032000139173046097
vn 0.693327552900735 -0.6907274353949824 0.20540816532297043
vn 0.693327552900735 -0.6907274353949824 0.20540816532297043
vn 0.693327552900735 -0.6907274353949824 0.20540816532297043
vn 0.6799828783586778 -0.6770829470211537 0.2813929067908377
vn 0.6944712638994998 -0.6915713796265888 0.19859176845782903
vn 0.6943267408918942 -0.6918266469741667 0.1982076371357123
vn 0.7066813418666369 -0.7073813203069859 -0.014599614320752456
vn 0.680293552043075 -0.6768936161077174 0.2810973417185484
vn 0.6943267408918942 -0.6918266469741667 0.1982076371357123
vn 0.6944712638994998 -0.6915713796265888 0.19859176845782903
vn 0.6943267408918942 -0.6918266469741667 0.1982076371357123
vn 0.7069804030698364 -0.707080357286047 -0.014699592356504764
vn 0.7066813418666369 -0.7073813203069859 -0.014599614320752456
vn 0.6880286586645751 -0.6907287422393105 -0.2225092571124307
vn 0.7066813418666369 -0.7073813203069859 -0.014599614320752456
vn 0.7069804030698364 -0.707080357286047 -0.014699592356504764
vn 0.7066813418666369 -0.7073813203069859 -0.014599614320752456
vn 0.6880286586645751 -0.6907287422393105 -0.2225092571124307
vn 0.6880286586645751 -0.6907287422393105 -0.2225092571124307
vn 0.6880286586645751 -0.6907287422393105 -0.2225092571124307
vn 0.673008190385179 -0.6772082829305146 -0.2974036267512056
vn 0.6880286586645751 -0.6907287422393105 -0.2225092571124307
vn 0.9652918472416172 -0.2608977809138652 -0.01199989846153581
vn 0.8585780965746805 -0.08319787576464552 -0.5058871075155498
vn 0.8749890650727796 -0.12399844833806703 -0.4679941461309264
vn 0.9652918472416172 -0.2608977809138652 -0.01199989846153581
vn 0.8749890650727796 -0.12399844833806703 -0.4679941461309264
vn 0.9652918472416172 -0.2608977809138652 -0.01199989846153581
vn 0.8585780965746805 -0.08319787576464552 -0.5058871075155498
vn 0.7456412060336878 0.13830764761396747 -0.6518360119509492
vn 0.8749890650727796 -0.12399844833806703 -0.4679941461309264
vn 0.8863618101515571 -0.12399465771868014 0.44608078456943456
vn 0.9652918472416172 -0.2608977809138652 -0.01199989846153581
vn 0.9652918472416172 -0.2608977809138652 -0.01199989846153581
vn 0.7456412060336878 0.13830764761396747 -0.6518360119509492
vn 0.8585780965746805 -0.08319787576464552 -0.5058871075155498
vn 0.7304657448987014 0.16679218944452595 -0.662268949196538
vn 0.9652918472416172 -0.2608977809138652 -0.01199989846153581
vn 0.8863618101515571 -0.12399465771868014 0.44608078456943456
vn 0.8705009335416295 -0.08310008496614475 0.4851005056498819
vn 0.6778170349924522 0.2533063773961862 -0.690217318128473
vn 0.7456412060336878 0.13830764761396747 -0.6518360119509492
vn 0.7304657448987014 0.16679218944452595 -0.662268949196538
vn 0.761608755822495 0.1383015884166813 0.6331072371217487
vn 0.8705009335416295 -0.08310008496614475 0.4851005056498819
vn 0.8863618101515571 -0.12399465771868014 0.44608078456943456
vn 0.7456412060336878 0.13830764761396747 -0.6518360119509492
vn 0.6778170349924522 0.2533063773961862 -0.690217318128473
vn 0.6778170349924522 0.2533063773961862 -0.690217318128473
vn 0.8705009335416295 -0.08310008496614475 0.4851005056498819
vn 0.761608755822495 0.1383015884166813 0.6331072371217487
vn 0.7466911547962524 0.16689801945803168 0.6438923593660866
vn 0.6618687720901985 0.3511834535697299 -0.6622687599990279
vn 0.6778170349924522 0.2533063773961862 -0.690217318128473
vn 0.6778170349924522 0.2533063773961862 -0.690217318128473
vn 0.761608755822495 0.1383015884166813 0.6331072371217487
vn 0.6943348156374199 0.2532126927601963 0.6736337996410812
vn 0.7466911547962524 0.16689801945803168 0.6438923593660866
vn 0.6778170349924522 0.2533063773961862 -0.690217318128473
vn 0.6618687720901985 0.3511834535697299 -0.6622687599990279
vn 0.6571833976331525 0.37209060750766776 -0.6554834564502148
vn 0.6943348156374199 0.2532126927601963 0.6736337996410812
vn 0.761608755822495 0.1383015884166813 0.6331072371217487
vn 0.6943348156374199 0.2532126927601963 0.6736337996410812
vn 0.601982607853543 0.6116823279314645 -0.5132851736980057
vn 0.6571833976331525 0.37209060750766776 -0.6554834564502148
vn 0.6618687720901985 0.3511834535697299 -0.6622687599990279
vn 0.6776821208670033 0.35099075960065956 0.64618296923716
vn 0.6943348156374199 0.2532126927601963 0.6736337996410812
vn 0.6943348156374199 0.2532126927601963 0.6736337996410812
vn 0.6571833976331525 0.37209060750766776 -0.6554834564502148
vn 0.601982607853543 0.6116823279314645 -0.5132851736980057
vn 0.59358387701869 0.6381826774102485 -0.4902867030594931
vn 0.6776821208670033 0.35099075960065956 0.64618296923716
vn 0.6943348156374199 0.2532126927601963 0.6736337996410812
vn 0.6732075310037532 0.37210415202878844 0.6390071363003443
vn 0.5862154635974133 0.8101213905026298 -0.007400195224155583
vn 0.59358387701869 0.6381826774102485 -0.4902867030594931
vn 0.601982607853543 0.6116823279314645 -0.5132851736980057
vn 0.6145958008164096 0.6116958162565028 0.4980966070885513
vn 0.6776821208670033 0.35099075960065956 0.64618296923716
vn 0.6732075310037532 0.37210415202878844 0.6390071363003443
vn 0.59358387701869 0.6381826774102485 -0.4902867030594931
vn 0.5862154635974133 0.8101213905026298 -0.007400195224155583
vn 0.5862158944882613 0.8101219859729213 -0.007300198121820894
vn 0.6732075310037532 0.37210415202878844 0.6390071363003443
vn 0.6056119048082965 0.6382125312850159 0.4753093578557437
vn 0.6145958008164096 0.6116958162565028 0.4980966070885513
vn 0.6056119048082965 0.6382125312850159 0.4753093578557437
vn 0.5862154635974133 0.8101213905026298 -0.007400195224155583
vn 0.6145958008164096 0.6116958162565028 0.4980966070885513
vn 0.5862154635974133 0.8101213905026298 -0.007400195224155583
vn 0.6056119048082965 0.6382125312850159 0.4753093578557437
vn 0.5862158944882613 0.8101219859729213 -0.007300198121820894
vn 0.23779758693353645 0.9569902976014085 0.16619830909294728
vn 0.20230398443819606 0.9793193236191751 -0.0026000512517254768
vn 0.20230398443819606 0.9793193236191751 -0.0026000512517254768
vn 0.2335109440293538 0.9571448173202823 -0.17130801993906514
vn 0.20230398443819606 0.9793193236191751 -0.0026000512517254768
vn 0.20230398443819606 0.9793193236191751 -0.0026000512517254768
vn 0.20230398443819606 0.9793193236191751 -0.0026000512517254768
vn 0.23779758693353645 0.9569902976014085 0.16619830909294728
vn 0.25080845915651334 0.9406316523889087 0.22870769847044212
vn 0.20230398443819606 0.9793193236191751 -0.0026000512517254768
vn 0.24519051215882953 0.9407636334519717 -0.23419094500329227
vn 0.2335109440293538 0.9571448173202823 -0.17130801993906514
vn 0.3875027001468979 0.7588053405087317 0.5235036891888071
vn 0.25080845915651334 0.9406316523889087 0.22870769847044212
vn 0.23779758693353645 0.9569902976014085 0.16619830909294728
vn 0.3744006109889567 0.7587012718764607 -0.5331008934002427
vn 0.2335109440293538 0.9571448173202823 -0.17130801993906514
vn 0.24519051215882953 0.9407636334519717 -0.23419094500329227
vn 0.25080845915651334 0.9406316523889087 0.22870769847044212
vn 0.3875027001468979 0.7588053405087317 0.5235036891888071
vn 0.4182176875877474 0.7104300547831048 0.566023942116967
vn 0.24519051215882953 0.9407636334519717 -0.23419094500329227
vn 0.4042785088281092 0.7102622638070611 -0.5762693848465221
vn 0.3744006109889567 0.7587012718764607 -0.5331008934002427
vn 0.651101827516518 0.24370068921570975 0.7188020480496968
vn 0.4182176875877474 0.7104300547831048 0.566023942116967
vn 0.3875027001468979 0.7588053405087317 0.5235036891888071
vn 0.3744006109889567 0.7587012718764607 -0.5331008934002427
vn 0.4042785088281092 0.7102622638070611 -0.5762693848465221
vn 0.6331033317026354 0.24370129045561947 -0.7347039216019529
vn 0.4182176875877474 0.7104300547831048 0.566023942116967
vn 0.651101827516518 0.24370068921570975 0.7188020480496968
vn 0.651101827516518 0.24370068921570975 0.7188020480496968
vn 0.6331033317026354 0.24370129045561947 -0.7347039216019529
vn 0.4042785088281092 0.7102622638070611 -0.5762693848465221
vn 0.6331033317026354 0.24370129045561947 -0.7347039216019529
vn 0.7834124329799168 -0.2390037859294821 0.5737091163332351
vn 0.651101827516518 0.24370068921570975 0.7188020480496968
vn 0.651101827516518 0.24370068921570975 0.7188020480496968
vn 0.7689087561978624 -0.23900272141481085 -0.5930067653902193
vn 0.6331033317026354 0.24370129045561947 -0.7347039216019529
vn 0.6331033317026354 0.24370129045561947 -0.7347039216019529
vn 0.651101827516518 0.24370068921570975 0.7188020480496968
vn 0.7941530417948093 -0.29598250122037645 0.5307685985242363
vn 0.7834124329799168 -0.2390037859294821 0.5737091163332351
vn 0.6331033317026354 0.24370129045561947 -0.7347039216019529
vn 0.7689087561978624 -0.23900272141481085 -0.5930067653902193
vn 0.7807470973342124 -0.29591782740503614 -0.5503331803808353
vn 0.7941530417948093 -0.29598250122037645 0.5307685985242363
vn 0.825313968215041 -0.5014084933093639 0.259704402554858
vn 0.7834124329799168 -0.2390037859294821 0.5737091163332351
vn 0.81861476876501 -0.5014090405428134 -0.2801050417642359
vn 0.7807470973342124 -0.29591782740503614 -0.5503331803808353
vn 0.7689087561978624 -0.23900272141481085 -0.5930067653902193
vn 0.7941530417948093 -0.29598250122037645 0.5307685985242363
vn 0.8296750541124347 -0.5248842417881534 0.19009428530601286
vn 0.825313968215041 -0.5014084933093639 0.259704402554858
vn 0.7807470973342124 -0.29591782740503614 -0.5503331803808353
vn 0.81861476876501 -0.5014090405428134 -0.2801050417642359
vn 0.8250866987475842 -0.524691524438336 -0.2095966214717893
vn 0.8296750541124347 -0.5248842417881534 0.19009428530601286
vn 0.82566060367524 -0.5640731226127822 -0.010299508944774381
vn 0.825313968215041 -0.5014084933093639 0.259704402554858
vn 0.82566060367524 -0.5640731226127822 -0.010299508944774381
vn 0.8250866987475842 -0.524691524438336 -0.2095966214717893
vn 0.81861476876501 -0.5014090405428134 -0.2801050417642359
vn 0.82566060367524 -0.5640731226127822 -0.010299508944774381
vn 0.8296750541124347 -0.5248842417881534 0.19009428530601286
vn 0.8257071822893518 -0.564004926629377 -0.010300089978737421
vn 0.8250866987475842 -0.524691524438336 -0.2095966214717893
vn 0.82566060367524 -0.5640731226127822 -0.010299508944774381
vn 0.8257071822893518 -0.564004926629377 -0.010300089978737421
vn -0.691105163369301 0.7227053978733325 0.008400062442615567
vn -0.6861670406509286 0.6262698743379583 0.3700822027888733
vn -0.6861670406509286 0.6262698743379583 0.3700822027888733
vn -0.6829167143487617 0.3616088558336435 0.6347155241884158
vn -0.6861670406509286 0.6262698743379583 0.3700822027888733
vn -0.6861670406509286 0.6262698743379583 0.3700822027888733
vn -0.6861670406509286 0.6262698743379583 0.3700822027888733
vn -0.691105163369301 0.7227053978733325 0.008400062442615567
vn -0.691105163369301 0.7227053978733325 0.008400062442615567
vn -0.6829167143487617 0.3616088558336435 0.6347155241884158
vn -0.6861670406509286 0.6262698743379583 0.3700822027888733
vn -0.6829167143487617 0.3616088558336435 0.6347155241884158
vn -0.6951024242010546 0.6265021869354522 -0.3526012331727056
vn -0.691105163369301 0.7227053978733325 0.008400062442615567
vn -0.691105163369301 0.7227053978733325 0.008400062442615567
vn -0.681922602471779 0.0004000132340988971 0.7314242299975634
vn -0.6829167143487617 0.3616088558336435 0.6347155241884158
vn -0.6829167143487617 0.3616088558336435 0.6347155241884158
vn -0.6951024242010546 0.6265021869354522 -0.3526012331727056
vn -0.6951024242010546 0.6265021869354522 -0.3526012331727056
vn -0.691105163369301 0.7227053978733325 0.008400062442615567
vn -0.681922602471779 0.0004000132340988971 0.7314242299975634
vn -0.6829167143487617 0.3616088558336435 0.6347155241884158
vn -0.6818727409991164 0.0002999880109869102 0.7314707616094749
vn -0.6983241908216127 0.3616125362226305 -0.6177213758321601
vn -0.6951024242010546 0.6265021869354522 -0.3526012331727056
vn -0.6951024242010546 0.6265021869354522 -0.3526012331727056
vn -0.6829167143487617 -0.3616088558336435 0.6347155241884158
vn -0.681922602471779 0.0004000132340988971 0.7314242299975634
vn -0.6818727409991164 0.0002999880109869102 0.7314707616094749
vn -0.6951024242010546 0.6265021869354522 -0.3526012331727056
vn -0.6983241908216127 0.3616125362226305 -0.6177213758321601
vn -0.6983241908216127 0.3616125362226305 -0.6177213758321601
vn -0.681922602471779 0.0004000132340988971 0.7314242299975634
vn -0.6829167143487617 -0.3616088558336435 0.6347155241884158
vn -0.6829167143487617 -0.3616088558336435 0.6347155241884158
vn -0.6995162945401584 0 -0.7146166480518112
vn -0.6983241908216127 0.3616125362226305 -0.6177213758321601
vn -0.6983241908216127 0.3616125362226305 -0.6177213758321601
vn -0.6863938825076525 -0.6258943956329026 0.37029669667902004
vn -0.6829167143487617 -0.3616088558336435 0.6347155241884158
vn -0.6829167143487617 -0.3616088558336435 0.6347155241884158
vn -0.6983241908216127 0.3616125362226305 -0.6177213758321601
vn -0.6995162945401584 0 -0.7146166480518112
vn -0.6995162945401584 0 -0.7146166480518112
vn -0.6829167143487617 -0.3616088558336435 0.6347155241884158
vn -0.6863938825076525 -0.6258943956329026 0.37029669667902004
vn -0.6863938825076525 -0.6258943956329026 0.37029669667902004
vn -0.6995162945401584 0 -0.7146166480518112
vn -0.6983754300622275 -0.36158727971679405 -0.617678231632302
vn -0.6995162945401584 0 -0.7146166480518112
vn -0.691105163369301 -0.7227053978733325 0.008400062442615567
vn -0.6863938825076525 -0.6258943956329026 0.37029669667902004
vn -0.6863938825076525 -0.6258943956329026 0.37029669667902004
vn -0.6995162945401584 0 -0.7146166480518112
vn -0.6983241908216127 -0.3616125362226305 -0.6177213758321601
vn -0.6983754300622275 -0.36158727971679405 -0.617678231632302
vn -0.691105163369301 -0.7227053978733325 0.008400062442615567
vn -0.6863938825076525 -0.6258943956329026 0.37029669667902004
vn -0.6905934680871306 -0.7231932059896908 0.008499920337391819
vn -0.6954260815203913 -0.6260234660874878 -0.3528132438684837
vn -0.6983754300622275 -0.36158727971679405 -0.617678231632302
vn -0.6983241908216127 -0.3616125362226305 -0.6177213758321601
vn -0.6954260815203913 -0.6260234660874878 -0.3528132438684837
vn -0.691105163369301 -0.7227053978733325 0.008400062442615567
vn -0.6905934680871306 -0.7231932059896908 0.008499920337391819
vn -0.6954260815203913 -0.6260234660874878 -0.3528132438684837
vn -0.6983241908216127 -0.3616125362226305 -0.6177213758321601
vn -0.6954777248943917 -0.6259799233374735 -0.3527887041192383
vn -0.691105163369301 -0.7227053978733325 0.008400062442615567
vn -0.6954260815203913 -0.6260234660874878 -0.3528132438684837
vn -0.6954777248943917 -0.6259799233374735 -0.3527887041192383
vn -0.7239536299600184 -0.6012445075958899 -0.338225048974035
vn -0.7196640851000765 -0.6942653689488296 0.008899555911130088
vn -0.7196640851000765 -0.6942653689488296 0.008899555911130088
vn -0.7154090813215147 -0.6012076325611309 0.35600453496120915
vn -0.7196640851000765 -0.6942653689488296 0.008899555911130088
vn -0.7196640851000765 -0.6942653689488296 0.008899555911130088
vn -0.7239536299600184 -0.6012445075958899 -0.338225048974035
vn -0.7196640851000765 -0.6942653689488296 0.008899555911130088
vn -0.7239100925049349 -0.6013083676637964 -0.3382047086410794
vn -0.7154090813215147 -0.6012076325611309 0.35600453496120915
vn -0.7196640851000765 -0.6942653689488296 0.008899555911130088
vn -0.7154090813215147 -0.6012076325611309 0.35600453496120915
vn -0.7266987426995575 -0.34729938837396646 -0.592698972661461
vn -0.7239536299600184 -0.6012445075958899 -0.338225048974035
vn -0.7239100925049349 -0.6013083676637964 -0.3382047086410794
vn -0.7154090813215147 -0.6012076325611309 0.35600453496120915
vn -0.7122744781568969 -0.3470875517399566 0.6100781090921746
vn -0.7154090813215147 -0.6012076325611309 0.35600453496120915
vn -0.7266987426995575 -0.34729938837396646 -0.592698972661461
vn -0.7239100925049349 -0.6013083676637964 -0.3382047086410794
vn -0.7267418213271669 -0.34731997624641164 -0.5926340854475586
vn -0.7122744781568969 -0.3470875517399566 0.6100781090921746
vn -0.7154090813215147 -0.6012076325611309 0.35600453496120915
vn -0.7122744781568969 -0.3470875517399566 0.6100781090921746
vn -0.728232299252055 0 -0.6853303716646924
vn -0.7266987426995575 -0.34729938837396646 -0.592698972661461
vn -0.7267418213271669 -0.34731997624641164 -0.5926340854475586
vn -0.7122744781568969 -0.3470875517399566 0.6100781090921746
vn -0.7109959933938107 0.0002999983130346333 0.7031959949963881
vn -0.7122744781568969 -0.3470875517399566 0.6100781090921746
vn -0.7266987426995575 -0.34729938837396646 -0.592698972661461
vn -0.728232299252055 0 -0.6853303716646924
vn -0.7282791527479974 0.0004999857283698311 -0.6852803993161708
vn -0.7122744781568969 -0.3470875517399566 0.6100781090921746
vn -0.7108964999629265 0.0003999980156566477 0.7032965280321298
vn -0.7109959933938107 0.0002999983130346333 0.7031959949963881
vn -0.728232299252055 0 -0.6853303716646924
vn -0.727067075209649 0.3470842651417376 -0.5923731771755932
vn -0.7282791527479974 0.0004999857283698311 -0.6852803993161708
vn -0.7122744781568969 0.3470875517399566 0.6100781090921746
vn -0.7109959933938107 0.0002999983130346333 0.7031959949963881
vn -0.7108964999629265 0.0003999980156566477 0.7032965280321298
vn -0.728232299252055 0 -0.6853303716646924
vn -0.7266987426995575 0.34729938837396646 -0.592698972661461
vn -0.727067075209649 0.3470842651417376 -0.5923731771755932
vn -0.7109959933938107 0.0002999983130346333 0.7031959949963881
vn -0.7122744781568969 0.3470875517399566 0.6100781090921746
vn -0.7122744781568969 0.3470875517399566 0.6100781090921746
vn -0.7239100925049349 0.6013083676637964 -0.3382047086410794
vn -0.727067075209649 0.3470842651417376 -0.5923731771755932
vn -0.7266987426995575 0.34729938837396646 -0.592698972661461
vn -0.7154090813215147 0.6012076325611309 0.35600453496120915
vn -0.7122744781568969 0.3470875517399566 0.6100781090921746
vn -0.7122744781568969 0.3470875517399566 0.6100781090921746
vn -0.7239100925049349 0.6013083676637964 -0.3382047086410794
vn -0.7266987426995575 0.34729938837396646 -0.592698972661461
vn -0.7239100925049349 0.6013083676637964 -0.3382047086410794
vn -0.7122744781568969 0.3470875517399566 0.6100781090921746
vn -0.7154090813215147 0.6012076325611309 0.35600453496120915
vn -0.7154090813215147 0.6012076325611309 0.35600453496120915
vn -0.7196640851000765 0.6942653689488296 0.008899555911130088
vn -0.7239100925049349 0.6013083676637964 -0.3382047086410794
vn -0.7239100925049349 0.6013083676637964 -0.3382047086410794
vn -0.7196640851000765 0.6942653689488296 0.008899555911130088
vn -0.7154090813215147 0.6012076325611309 0.35600453496120915
vn -0.7154090813215147 0.6012076325611309 0.35600453496120915
vn -0.7196640851000765 0.6942653689488296 0.008899555911130088
vn -0.7239100925049349 0.6013083676637964 -0.3382047086410794
vn -0.7196640851000765 0.6942653689488296 0.008899555911130088
vn -0.7154090813215147 0.6012076325611309 0.35600453496120915
vn -0.7196640851000765 0.6942653689488296 0.008899555911130088
vn -0.7196640851000765 0.6942653689488296 0.008899555911130088
vn -0.660673054093763 -0.2449900041256821 0.7095710066462115
vn -0.660673054093763 -0.2449900041256821 0.7095710066462115
vn -0.6989265313722872 -0.15620593970424873 0.6979265062633859
vn -0.6989265313722872 -0.15620593970424873 0.6979265062633859
vn -0.660673054093763 -0.2449900041256821 0.7095710066462115
vn -0.6990104100131195 -0.15590232308865595 0.6979103899132402
vn -0.660673054093763 -0.2449900041256821 0.7095710066462115
vn -0.5901987648701552 -0.3758992092422024 0.7143984899457935
vn -0.660673054093763 -0.2449900041256821 0.7095710066462115
vn -0.6990104100131195 -0.15590232308865595 0.6979103899132402
vn -0.7554567346274842 0.026498481453930554 0.6546624722607939
vn -0.6989265313722872 -0.15620593970424873 0.6979265062633859
vn -0.5901987648701552 -0.3758992092422024 0.7143984899457935
vn -0.660673054093763 -0.2449900041256821 0.7095710066462115
vn -0.5900869640845028 -0.37629170039311133 0.7142842088642278
vn -0.7554567346274842 0.026498481453930554 0.6546624722607939
vn -0.6990104100131195 -0.15590232308865595 0.6979103899132402
vn -0.7554567346274842 0.026498481453930554 0.6546624722607939
vn -0.44179423049295014 -0.5778924478619383 0.6861910642140998
vn -0.5901987648701552 -0.3758992092422024 0.7143984899457935
vn -0.5900869640845028 -0.37629170039311133 0.7142842088642278
vn -0.7554567346274842 0.026498481453930554 0.6546624722607939
vn -0.7838050754235837 0.2206014208738451 0.5805037612700462
vn -0.7554567346274842 0.026498481453930554 0.6546624722607939
vn -0.7838050754235837 0.2206014208738451 0.5805037612700462
vn -0.7554567346274842 0.026498481453930554 0.6546624722607939
vn -0.7838050754235837 0.2206014208738451 0.5805037612700462
vn -0.7838050754235837 0.2206014208738451 0.5805037612700462
vn -0.7838050754235837 0.2206014208738451 0.5805037612700462
vn -0.7851616605677454 0.2522876750881199 0.5655723612174943
vn -0.5901987648701552 -0.3758992092422024 0.7143984899457935
vn -0.44179423049295014 -0.5778924478619383 0.6861910642140998
vn -0.4419950482621601 -0.5780935470009658 0.6858922861700464
vn -0.4419950482621601 -0.5780935470009658 0.6858922861700464
vn -0.44179423049295014 -0.5778924478619383 0.6861910642140998
vn -0.17939831747334206 -0.8023924809643709 0.5691946505191137
vn -0.4419950482621601 -0.5780935470009658 0.6858922861700464
vn -0.17939831747334206 -0.8023924809643709 0.5691946505191137
vn -0.17970909145695185 -0.8024405790337302 0.5690287862382085
vn -0.17970909145695185 -0.8024405790337302 0.5690287862382085
vn -0.17939831747334206 -0.8023924809643709 0.5691946505191137
vn 0.14930371532072997 -0.9277231054661346 0.34210852105099304
vn -0.6779132321504209 -0.24500478110915885 -0.6931134877558094
vn -0.7157943852550231 -0.15629877014611301 -0.6805946609313034
vn -0.7159853249665179 -0.15589680175737342 -0.6804860039959763
vn -0.7713502215079754 0.026498290505230185 -0.6358590066830048
vn -0.7159853249665179 -0.15589680175737342 -0.6804860039959763
vn -0.7157943852550231 -0.15629877014611301 -0.6805946609313034
vn -0.7157943852550231 -0.15629877014611301 -0.6805946609313034
vn -0.6779132321504209 -0.24500478110915885 -0.6931134877558094
vn -0.6779132321504209 -0.24500478110915885 -0.6931134877558094
vn -0.7159853249665179 -0.15589680175737342 -0.6804860039959763
vn -0.7713502215079754 0.026498290505230185 -0.6358590066830048
vn -0.7713502215079754 0.026498290505230185 -0.6358590066830048
vn -0.607522246859687 -0.37571374489016307 -0.6998256221882468
vn -0.6779132321504209 -0.24500478110915885 -0.6931134877558094
vn -0.6779132321504209 -0.24500478110915885 -0.6931134877558094
vn -0.7713502215079754 0.026498290505230185 -0.6358590066830048
vn -0.7978881369225416 0.2205967083832699 -0.5609916338135016
vn -0.7713502215079754 0.026498290505230185 -0.6358590066830048
vn -0.7713502215079754 0.026498290505230185 -0.6358590066830048
vn -0.7978881369225416 0.2205967083832699 -0.5609916338135016
vn -0.7980058578482944 0.2209016267658184 -0.5607041306536118
vn -0.7980058578482944 0.2209016267658184 -0.5607041306536118
vn -0.7978881369225416 0.2205967083832699 -0.5609916338135016
vn -0.7986917403003293 0.25229739298047793 -0.546294361559119
vn -0.6779132321504209 -0.24500478110915885 -0.6931134877558094
vn -0.607522246859687 -0.37571374489016307 -0.6998256221882468
vn -0.6075191029330693 -0.3759118102413448 -0.6997219808555923
vn -0.607522246859687 -0.37571374489016307 -0.6998256221882468
vn -0.45859028715318245 -0.5778877347173454 -0.6750857090710901
vn -0.6075191029330693 -0.3759118102413448 -0.6997219808555923
vn -0.45859028715318245 -0.5778877347173454 -0.6750857090710901
vn -0.607522246859687 -0.37571374489016307 -0.6998256221882468
vn -0.45859028715318245 -0.5778877347173454 -0.6750857090710901
vn -0.45859028715318245 -0.5778877347173454 -0.6750857090710901
vn -0.19370844473299778 -0.8024349724840916 -0.5644246215160873
vn -0.45859028715318245 -0.5778877347173454 -0.6750857090710901
vn -0.19370844473299778 -0.8024349724840916 -0.5644246215160873
vn -0.45859028715318245 -0.5778877347173454 -0.6750857090710901
vn -0.19370844473299778 -0.8024349724840916 -0.5644246215160873
vn -0.19370844473299778 -0.8024349724840916 -0.5644246215160873
vn -0.19370844473299778 -0.8024349724840916 -0.5644246215160873
vn 0.14110503704067412 -0.9276331115734475 -0.34581234627224344
vn -0.233490344578728 0.7142704282521969 -0.6597726989751319
vn -0.233490344578728 0.7142704282521969 -0.6597726989751319
vn -0.233490344578728 0.7142704282521969 -0.6597726989751319
vn -0.17000501584373262 0.7130210290619747 -0.6802200428562617
vn -0.233490344578728 0.7142704282521969 -0.6597726989751319
vn -0.233490344578728 0.7142704282521969 -0.6597726989751319
vn -0.17000501584373262 0.7130210290619747 -0.6802200428562617
vn -0.16450088672964924 0.7127038593861544 -0.6819037080711906
vn -0.233490344578728 0.7142704282521969 -0.6597726989751319
vn -0.17000501584373262 0.7130210290619747 -0.6802200428562617
vn -0.12550267214711078 0.7099151731644311 -0.6930148095061538
vn -0.16450088672964924 0.7127038593861544 -0.6819037080711906
vn -0.17000501584373262 0.7130210290619747 -0.6802200428562617
vn -0.19969355174262501 0.6856778654742992 -0.6999773926285222
vn -0.12550267214711078 0.7099151731644311 -0.6930148095061538
vn -0.12550267214711078 0.7099151731644311 -0.6930148095061538
vn -0.19969355174262501 0.6856778654742992 -0.6999773926285222
vn -0.2130023095194132 0.6808074040069325 -0.7008076018342962
vn -0.3375894904297949 0.6268805151697985 -0.7021781509359283
vn -0.2130023095194132 0.6808074040069325 -0.7008076018342962
vn -0.19969355174262501 0.6856778654742992 -0.6999773926285222
vn -0.3375894904297949 0.6268805151697985 -0.7021781509359283
vn -0.33761065641245813 0.6268197991938713 -0.7022221756789685
vn -0.2130023095194132 0.6808074040069325 -0.7008076018342962
vn -0.3375894904297949 0.6268805151697985 -0.7021781509359283
vn -0.4407981171275957 0.5619975618323247 -0.6998969641535021
vn -0.33761065641245813 0.6268197991938713 -0.7022221756789685
vn -0.4407981171275957 0.5619975618323247 -0.6998969641535021
vn -0.3375894904297949 0.6268805151697985 -0.7021781509359283
vn -0.4543002467628567 0.5505002912226165 -0.700400396312725
vn -0.4543002467628567 0.5505002912226165 -0.700400396312725
vn -0.488696399538022 0.5240961417497062 -0.6974948482115446
vn -0.4407981171275957 0.5619975618323247 -0.6998969641535021
vn -0.488696399538022 0.5240961417497062 -0.6974948482115446
vn -0.4543002467628567 0.5505002912226165 -0.700400396312725
vn -0.47341844448824466 0.5402210458734265 -0.6957271002438759
vn -0.488696399538022 0.5240961417497062 -0.6974948482115446
vn -0.47341844448824466 0.5402210458734265 -0.6957271002438759
vn -0.42740230810180224 0.582603153373618 -0.6913037195823328
vn -0.19578913091418307 0.680962168953811 0.7056607830038384
vn -0.3200031967901296 0.626606300805036 0.7106071332568553
vn -0.18240805652229183 0.6858302958264522 0.7045311251054572
vn -0.3200031967901296 0.626606300805036 0.7106071332568553
vn -0.19578913091418307 0.680962168953811 0.7056607830038384
vn -0.3201103454014709 0.6264202202168516 0.7107229238391163
vn -0.19578913091418307 0.680962168953811 0.7056607830038384
vn -0.18240805652229183 0.6858302958264522 0.7045311251054572
vn -0.1084004877921975 0.7101031766348878 0.6957031067772048
vn -0.3201103454014709 0.6264202202168516 0.7107229238391163
vn -0.4230926238536375 0.562190215762014 0.7105876391706406
vn -0.3200031967901296 0.626606300805036 0.7106071332568553
vn -0.15320194274092305 0.7131090565514494 0.6841086450299461
vn -0.1084004877921975 0.7101031766348878 0.6957031067772048
vn -0.18240805652229183 0.6858302958264522 0.7045311251054572
vn -0.3200031967901296 0.626606300805036 0.7106071332568553
vn -0.4230926238536375 0.562190215762014 0.7105876391706406
vn -0.43698316781239677 0.5505787763791146 0.7112726074083832
vn -0.1084004877921975 0.7101031766348878 0.6957031067772048
vn -0.15320194274092305 0.7131090565514494 0.6841086450299461
vn -0.14749975347981215 0.7123988601848833 0.6860988899063121
vn -0.47141619963970766 0.5243180048695962 0.7091243871753539
vn -0.43698316781239677 0.5505787763791146 0.7112726074083832
vn -0.4230926238536375 0.562190215762014 0.7105876391706406
vn -0.43698316781239677 0.5505787763791146 0.7112726074083832
vn -0.47141619963970766 0.5243180048695962 0.7091243871753539
vn -0.4558997698947067 0.5399997329774441 0.7074996029640178
vn -0.4558997698947067 0.5399997329774441 0.7074996029640178
vn -0.47141619963970766 0.5243180048695962 0.7091243871753539
vn -0.4102976443428728 0.5825966716624128 0.7015960099762314
vn -0.15320194274092305 0.7131090565514494 0.6841086450299461
vn -0.21719627966612517 0.7143877695235809 0.6651886129920727
vn -0.14749975347981215 0.7123988601848833 0.6860988899063121
vn -0.21719627966612517 0.7143877695235809 0.6651886129920727
vn -0.15320194274092305 0.7131090565514494 0.6841086450299461
vn -0.21719627966612517 0.7143877695235809 0.6651886129920727
vn -0.21719627966612517 0.7143877695235809 0.6651886129920727
vn -0.21719627966612517 0.7143877695235809 0.6651886129920727
vn -0.21719627966612517 0.7143877695235809 0.6651886129920727
vn -0.6445216550209371 -0.6069203522357376 0.4650156150616023
vn -0.6413249101950715 -0.7672297666568543 0.007800302491059392
vn -0.6542977298388268 -0.5638980594145967 0.5038982628628619
vn -0.6413249101950715 -0.7672297666568543 0.007800302491059392
vn -0.6445216550209371 -0.6069203522357376 0.4650156150616023
vn -0.6413249101950715 -0.7672297666568543 0.007800302491059392
vn -0.6832981878336557 -0.33989907643199463 0.646198270149278
vn -0.6445216550209371 -0.6069203522357376 0.4650156150616023
vn -0.6542977298388268 -0.5638980594145967 0.5038982628628619
vn -0.6557231640672505 -0.6068214304475728 -0.4492158541894922
vn -0.6413249101950715 -0.7672297666568543 0.007800302491059392
vn -0.6413249101950715 -0.7672297666568543 0.007800302491059392
vn -0.6542977298388268 -0.5638980594145967 0.5038982628628619
vn -0.6856803621252467 -0.3187908724813156 0.6543812502038793
vn -0.6832981878336557 -0.33989907643199463 0.646198270149278
vn -0.6413249101950715 -0.7672297666568543 0.007800302491059392
vn -0.6557231640672505 -0.6068214304475728 -0.4492158541894922
vn -0.6667119554671427 -0.5641101380174094 -0.48710873593393733
vn -0.6856803621252467 -0.3187908724813156 0.6543812502038793
vn -0.7063863880255853 -0.187696392556673 0.6824868753561334
vn -0.6832981878336557 -0.33989907643199463 0.646198270149278
vn -0.6989196535959609 -0.3398095632278228 -0.6293177087578408
vn -0.6667119554671427 -0.5641101380174094 -0.48710873593393733
vn -0.6557231640672505 -0.6068214304475728 -0.4492158541894922
vn -0.6856803621252467 -0.3187908724813156 0.6543812502038793
vn -0.7063863880255853 -0.187696392556673 0.6824868753561334
vn -0.7063863880255853 -0.187696392556673 0.6824868753561334
vn -0.6667119554671427 -0.5641101380174094 -0.48710873593393733
vn -0.6989196535959609 -0.3398095632278228 -0.6293177087578408
vn -0.70189914888277 -0.3188996000066097 -0.6368992305798992
vn -0.7063863880255853 -0.187696392556673 0.6824868753561334
vn -0.7567771709916086 -0.05469834861003174 0.6513803835895529
vn -0.7063863880255853 -0.187696392556673 0.6824868753561334
vn -0.7228852659568533 -0.18769618461971208 -0.6649864919994183
vn -0.70189914888277 -0.3188996000066097 -0.6368992305798992
vn -0.6989196535959609 -0.3398095632278228 -0.6293177087578408
vn -0.7567771709916086 -0.05469834861003174 0.6513803835895529
vn -0.7063863880255853 -0.187696392556673 0.6824868753561334
vn -0.7513673311631772 -0.06799704779183662 0.6563714917272985
vn -0.70189914888277 -0.3188996000066097 -0.6368992305798992
vn -0.7228852659568533 -0.18769618461971208 -0.6649864919994183
vn -0.7228852659568533 -0.18769618461971208 -0.6649864919994183
vn -0.7513673311631772 -0.06799704779183662 0.6563714917272985
vn -0.8514076321106915 0.17820160019085068 0.4933044026492017
vn -0.7567771709916086 -0.05469834861003174 0.6513803835895529
vn -0.7729321130920074 -0.05470227210942401 -0.632126261103896
vn -0.7228852659568533 -0.18769618461971208 -0.6649864919994183
vn -0.7228852659568533 -0.18769618461971208 -0.6649864919994183
vn -0.8514076321106915 0.17820160019085068 0.4933044026492017
vn -0.7513673311631772 -0.06799704779183662 0.6563714917272985
vn -0.8428177894883135 0.15260322245599958 0.5161108700832385
vn -0.7228852659568533 -0.18769618461971208 -0.6649864919994183
vn -0.7729321130920074 -0.05470227210942401 -0.632126261103896
vn -0.767196677995504 -0.067999709861545 -0.6377972222669276
vn -0.9448141511044227 0.32740489598664896 0.01150017203352799
vn -0.8514076321106915 0.17820160019085068 0.4933044026492017
vn -0.8428177894883135 0.15260322245599958 0.5161108700832385
vn -0.863227295463411 0.17820563956100544 -0.4723149229016357
vn -0.767196677995504 -0.067999709861545 -0.6377972222669276
vn -0.7729321130920074 -0.05470227210942401 -0.632126261103896
vn -0.8514076321106915 0.17820160019085068 0.4933044026492017
vn -0.9448141511044227 0.32740489598664896 0.01150017203352799
vn -0.9448141511044227 0.32740489598664896 0.01150017203352799
vn -0.9448141511044227 0.32740489598664896 0.01150017203352799
vn -0.863227295463411 0.17820563956100544 -0.4723149229016357
vn -0.9448141511044227 0.32740489598664896 0.01150017203352799
vn -0.767196677995504 -0.067999709861545 -0.6377972222669276
vn -0.863227295463411 0.17820563956100544 -0.4723149229016357
vn -0.8551809864858395 0.15249661437942383 -0.4953890016501371
vn -0.9448141511044227 0.32740489598664896 0.01150017203352799
vn -0.8551809864858395 0.15249661437942383 -0.4953890016501371
vn -0.863227295463411 0.17820563956100544 -0.4723149229016357
vn -0.7270404572376212 0.6865382181065366 0.00880048969162129
vn -0.7442966294933504 0.6485970383107429 -0.15919927518481647
vn -0.7460859606208692 0.6277881673258391 -0.22189582314703268
vn -0.7555803389863288 0.37199034125205427 -0.5391859951375633
vn -0.7460859606208692 0.6277881673258391 -0.22189582314703268
vn -0.7442966294933504 0.6485970383107429 -0.15919927518481647
vn -0.7442966294933504 0.6485970383107429 -0.15919927518481647
vn -0.7270404572376212 0.6865382181065366 0.00880048969162129
vn -0.7269905335764336 0.6865910909030191 0.008799885388709017
vn -0.7460859606208692 0.6277881673258391 -0.22189582314703268
vn -0.7555803389863288 0.37199034125205427 -0.5391859951375633
vn -0.7524054263316832 0.3170022958784727 -0.5774042074962872
vn -0.7270404572376212 0.6865382181065366 0.00880048969162129
vn -0.7400926462730057 0.6484935587979512 0.17809822887998525
vn -0.7269905335764336 0.6865910909030191 0.008799885388709017
vn -0.6647970557605911 -0.17349923610204887 -0.7265967862054271
vn -0.7524054263316832 0.3170022958784727 -0.5774042074962872
vn -0.7555803389863288 0.37199034125205427 -0.5391859951375633
vn -0.7400926462730057 0.6484935587979512 0.17809822887998525
vn -0.7270404572376212 0.6865382181065366 0.00880048969162129
vn -0.7403152966409303 0.627612982400517 0.24090497272115324
vn -0.7524054263316832 0.3170022958784727 -0.5774042074962872
vn -0.6647970557605911 -0.17349923610204887 -0.7265967862054271
vn -0.664685472969838 -0.17439619768055176 -0.7264841280148028
vn -0.7421948146717002 0.3720973874520356 0.5573960811898575
vn -0.7400926462730057 0.6484935587979512 0.17809822887998525
vn -0.7403152966409303 0.627612982400517 0.24090497272115324
vn -0.517599822330373 -0.6209997788458284 -0.5885997779450809
vn -0.664685472969838 -0.17439619768055176 -0.7264841280148028
vn -0.6647970557605911 -0.17349923610204887 -0.7265967862054271
vn -0.7421948146717002 0.3720973874520356 0.5573960811898575
vn -0.7403152966409303 0.627612982400517 0.24090497272115324
vn -0.7380236896985768 0.3171101777760571 0.5956191472699114
vn -0.6647970557605911 -0.17349923610204887 -0.7265967862054271
vn -0.4953138998332057 -0.6724188744455635 -0.5500154524387314
vn -0.517599822330373 -0.6209997788458284 -0.5885997779450809
vn -0.6467819598895329 -0.17349516722232552 0.7426792869819058
vn -0.7421948146717002 0.3720973874520356 0.5573960811898575
vn -0.7380236896985768 0.3171101777760571 0.5956191472699114
vn -0.3890986862546357 -0.8821970572275516 -0.2651991036447238
vn -0.517599822330373 -0.6209997788458284 -0.5885997779450809
vn -0.4953138998332057 -0.6724188744455635 -0.5500154524387314
vn -0.6467819598895329 -0.17349516722232552 0.7426792869819058
vn -0.7380236896985768 0.3171101777760571 0.5956191472699114
vn -0.6467186041074459 -0.1744050122253635 0.7425213389606979
vn -0.4953138998332057 -0.6724188744455635 -0.5500154524387314
vn -0.37918487001307893 -0.9045639034913112 -0.19489222368716042
vn -0.3890986862546357 -0.8821970572275516 -0.2651991036447238
vn -0.5030062445061514 -0.6211076932421062 0.6010074470281441
vn -0.6467819598895329 -0.17349516722232552 0.7426792869819058
vn -0.6467186041074459 -0.1744050122253635 0.7425213389606979
vn -0.3525883596937753 -0.9357691006734556 0.004199861098314111
vn -0.3890986862546357 -0.8821970572275516 -0.2651991036447238
vn -0.37918487001307893 -0.9045639034913112 -0.19489222368716042
vn -0.6467819598895329 -0.17349516722232552 0.7426792869819058
vn -0.5030062445061514 -0.6211076932421062 0.6010074470281441
vn -0.4816945132217106 -0.6724923498357442 0.5618936156822735
vn -0.37918487001307893 -0.9045639034913112 -0.19489222368716042
vn -0.3527089159996522 -0.9357236663049878 0.004200106082242131
vn -0.3525883596937753 -0.9357691006734556 0.004199861098314111
vn -0.3825127410531754 -0.8822294051992863 0.2745091611106998
vn -0.4816945132217106 -0.6724923498357442 0.5618936156822735
vn -0.5030062445061514 -0.6211076932421062 0.6010074470281441
vn -0.3739960349432863 -0.9044903872048419 0.2049978177950564
vn -0.3525883596937753 -0.9357691006734556 0.004199861098314111
vn -0.3527089159996522 -0.9357236663049878 0.004200106082242131
vn -0.4816945132217106 -0.6724923498357442 0.5618936156822735
vn -0.3825127410531754 -0.8822294051992863 0.2745091611106998
vn -0.3739960349432863 -0.9044903872048419 0.2049978177950564
vn -0.3525883596937753 -0.9357691006734556 0.004199861098314111
vn -0.3739960349432863 -0.9044903872048419 0.2049978177950564
vn -0.3825127410531754 -0.8822294051992863 0.2745091611106998
vn -0.7069804030698364 -0.707080357286047 0.014699592356504764
vn -0.7068334164838171 -0.7072334421757153 0.01440068089027867
vn -0.6943267408918942 -0.6918266469741667 -0.1982076371357123
vn -0.7069804030698364 -0.707080357286047 0.014699592356504764
vn -0.6882647322345773 -0.6905645787695268 0.22228859824770952
vn -0.7068334164838171 -0.7072334421757153 0.01440068089027867
vn -0.7069804030698364 -0.707080357286047 0.014699592356504764
vn -0.6943267408918942 -0.6918266469741667 -0.1982076371357123
vn -0.6945058787103007 -0.6917058077284948 -0.1980016666381971
vn -0.680293552043075 -0.6768936161077174 -0.2810973417185484
vn -0.6945058787103007 -0.6917058077284948 -0.1980016666381971
vn -0.6943267408918942 -0.6918266469741667 -0.1982076371357123
vn -0.6882647322345773 -0.6905645787695268 0.22228859824770952
vn -0.7069804030698364 -0.707080357286047 0.014699592356504764
vn -0.6882647322345773 -0.6905645787695268 0.22228859824770952
vn -0.6882647322345773 -0.6905645787695268 0.22228859824770952
vn -0.6882647322345773 -0.6905645787695268 0.22228859824770952
vn -0.6728040861977097 -0.677104110568149 0.29810180316023077
vn -0.6894248354485553 -0.6915249018923016 0.21560776036491555
vn -0.6892213699168311 -0.6918214648048975 0.2153066745021449
vn -0.7071042037466648 -0.7071042037466648 0.002700016220363641
vn -0.672904386067416 -0.6770043777587319 0.2981019283848165
vn -0.6892213699168311 -0.6918214648048975 0.2153066745021449
vn -0.6894248354485553 -0.6915249018923016 0.21560776036491555
vn -0.6892213699168311 -0.6918214648048975 0.2153066745021449
vn -0.7071042037466648 -0.7071042037466648 0.002700016220363641
vn -0.7071042037466648 -0.7071042037466648 0.002700016220363641
vn -0.693327552900735 -0.6907274353949824 -0.20540816532297043
vn -0.7071042037466648 -0.7071042037466648 0.002700016220363641
vn -0.7071042037466648 -0.7071042037466648 0.002700016220363641
vn -0.7071042037466648 -0.7071042037466648 0.002700016220363641
vn -0.693327552900735 -0.6907274353949824 -0.20540816532297043
vn -0.693327552900735 -0.6907274353949824 -0.20540816532297043
vn -0.693327552900735 -0.6907274353949824 -0.20540816532297043
vn -0.6802241575243563 -0.6771240693697077 -0.28070997524221825
vn -0.693327552900735 -0.6907274353949824 -0.20540816532297043
vn 0.7011055453388475 0.7130056473257332 -0.00860006841422796
vn 0.7011055453388475 0.7130056473257332 -0.00860006841422796
vn 0.7058108872711 0.6173094988370584 0.3475053583113824
vn 0.6967016754838545 0.6175015126248686 -0.3651008864464574
vn 0.7011055453388475 0.7130056473257332 -0.00860006841422796
vn 0.7011055453388475 0.7130056473257332 -0.00860006841422796
vn 0.7011055453388475 0.7130056473257332 -0.00860006841422796
vn 0.705543103114722 0.6174377052868752 0.34782123244179086
vn 0.7058108872711 0.6173094988370584 0.3475053583113824
vn 0.7011055453388475 0.7130056473257332 -0.00860006841422796
vn 0.6967016754838545 0.6175015126248686 -0.3651008864464574
vn 0.6967447046628478 0.6174396272864252 -0.36512343554020343
vn 0.708705183923443 0.35650260682623863 0.6088044461123251
vn 0.7058108872711 0.6173094988370584 0.3475053583113824
vn 0.705543103114722 0.6174377052868752 0.34782123244179086
vn 0.6967016754838545 0.6175015126248686 -0.3651008864464574
vn 0.6935310326999155 0.3565159614739313 -0.6260280152648979
vn 0.6967447046628478 0.6174396272864252 -0.36512343554020343
vn 0.7058108872711 0.6173094988370584 0.3475053583113824
vn 0.708705183923443 0.35650260682623863 0.6088044461123251
vn 0.708705183923443 0.35650260682623863 0.6088044461123251
vn 0.6935310326999155 0.3565159614739313 -0.6260280152648979
vn 0.6967016754838545 0.6175015126248686 -0.3651008864464574
vn 0.6935310326999155 0.3565159614739313 -0.6260280152648979
vn 0.7101003533506536 0.0004000001916776517 0.7041003679668997
vn 0.708705183923443 0.35650260682623863 0.6088044461123251
vn 0.708705183923443 0.35650260682623863 0.6088044461123251
vn 0.6935310326999155 0.3565159614739313 -0.6260280152648979
vn 0.6924068332118424 0.0005000049736149043 -0.7215071221523556
vn 0.6935310326999155 0.3565159614739313 -0.6260280152648979
vn 0.708705183923443 0.35650260682623863 0.6088044461123251
vn 0.7101003533506536 0.0004000001916776517 0.7041003679668997
vn 0.7101003533506536 0.0004000001916776517 0.7041003679668997
vn 0.6924068332118424 0.0005000049736149043 -0.7215071221523556
vn 0.6935310326999155 0.3565159614739313 -0.6260280152648979
vn 0.692356955260421 0 -0.7215551583229931
vn 0.7101003533506536 0.0004000001916776517 0.7041003679668997
vn 0.708705183923443 -0.35650260682623863 0.6088044461123251
vn 0.7101003533506536 0.0004000001916776517 0.7041003679668997
vn 0.6935310326999155 -0.3565159614739313 -0.6260280152648979
vn 0.6924068332118424 0.0005000049736149043 -0.7215071221523556
vn 0.692356955260421 0 -0.7215551583229931
vn 0.708705183923443 -0.35650260682623863 0.6088044461123251
vn 0.7101003533506536 0.0004000001916776517 0.7041003679668997
vn 0.708705183923443 -0.35650260682623863 0.6088044461123251
vn 0.6924068332118424 0.0005000049736149043 -0.7215071221523556
vn 0.6935310326999155 -0.3565159614739313 -0.6260280152648979
vn 0.6935310326999155 -0.3565159614739313 -0.6260280152648979
vn 0.708705183923443 -0.35650260682623863 0.6088044461123251
vn 0.7057863532649393 -0.6172880411416324 0.347593293675964
vn 0.708705183923443 -0.35650260682623863 0.6088044461123251
vn 0.6967016754838545 -0.6175015126248686 -0.3651008864464574
vn 0.6935310326999155 -0.3565159614739313 -0.6260280152648979
vn 0.6935310326999155 -0.3565159614739313 -0.6260280152648979
vn 0.708705183923443 -0.35650260682623863 0.6088044461123251
vn 0.705543103114722 -0.6174377052868752 0.34782123244179086
vn 0.7057863532649393 -0.6172880411416324 0.347593293675964
vn 0.6935310326999155 -0.3565159614739313 -0.6260280152648979
vn 0.6967016754838545 -0.6175015126248686 -0.3651008864464574
vn 0.6967447046628478 -0.6174396272864252 -0.36512343554020343
vn 0.7011055453388475 -0.7130056473257332 -0.00860006841422796
vn 0.7057863532649393 -0.6172880411416324 0.347593293675964
vn 0.705543103114722 -0.6174377052868752 0.34782123244179086
vn 0.6967016754838545 -0.6175015126248686 -0.3651008864464574
vn 0.7011055453388475 -0.7130056473257332 -0.00860006841422796
vn 0.6967447046628478 -0.6174396272864252 -0.36512343554020343
vn 0.7057863532649393 -0.6172880411416324 0.347593293675964
vn 0.7011055453388475 -0.7130056473257332 -0.00860006841422796
vn 0.7011055453388475 -0.7130056473257332 -0.00860006841422796
vn 0.7011055453388475 -0.7130056473257332 -0.00860006841422796
vn 0.6967016754838545 -0.6175015126248686 -0.3651008864464574
vn 0.7011055453388475 -0.7130056473257332 -0.00860006841422796
vn 0.7076214349700899 -0.6081184200412216 -0.3598109114207618
vn 0.7119128538741973 -0.7022126783903329 -0.008800158894610511
vn 0.7119128538741973 -0.7022126783903329 -0.008800158894610511
vn 0.7162854701604103 -0.6080876529273338 0.3422930492931554
vn 0.7119128538741973 -0.7022126783903329 -0.008800158894610511
vn 0.7119128538741973 -0.7022126783903329 -0.008800158894610511
vn 0.7119128538741973 -0.7022126783903329 -0.008800158894610511
vn 0.7076214349700899 -0.6081184200412216 -0.3598109114207618
vn 0.7076214349700899 -0.6081184200412216 -0.3598109114207618
vn 0.7119128538741973 -0.7022126783903329 -0.008800158894610511
vn 0.7162854701604103 -0.6080876529273338 0.3422930492931554
vn 0.7162854701604103 -0.6080876529273338 0.3422930492931554
vn 0.7076214349700899 -0.6081184200412216 -0.3598109114207618
vn 0.7044377529628206 -0.3511188138109912 -0.6168330655766231
vn 0.7076214349700899 -0.6081184200412216 -0.3598109114207618
vn 0.7194114725886983 -0.3511056024439737 0.599309593649405
vn 0.7162854701604103 -0.6080876529273338 0.3422930492931554
vn 0.7162854701604103 -0.6080876529273338 0.3422930492931554
vn 0.7044377529628206 -0.3511188138109912 -0.6168330655766231
vn 0.7076214349700899 -0.6081184200412216 -0.3598109114207618
vn 0.7044377529628206 -0.3511188138109912 -0.6168330655766231
vn 0.7162854701604103 -0.6080876529273338 0.3422930492931554
vn 0.7194114725886983 -0.3511056024439737 0.599309593649405
vn 0.7194114725886983 -0.3511056024439737 0.599309593649405
vn 0.7044377529628206 -0.3511188138109912 -0.6168330655766231
vn 0.7030954833739393 0.0002999980761408796 -0.7110953882991512
vn 0.7044377529628206 -0.3511188138109912 -0.6168330655766231
vn 0.7204774581567294 0.00029999063150870035 0.6934782925900703
vn 0.7194114725886983 -0.3511056024439737 0.599309593649405
vn 0.7194114725886983 -0.3511056024439737 0.599309593649405
vn 0.7030954833739393 0.0002999980761408796 -0.7110953882991512
vn 0.7044377529628206 -0.3511188138109912 -0.6168330655766231
vn 0.7030954833739393 0.0002999980761408796 -0.7110953882991512
vn 0.7194114725886983 -0.3511056024439737 0.599309593649405
vn 0.7204774581567294 0.00029999063150870035 0.6934782925900703
vn 0.7205755213062 0 0.6933764620278784
vn 0.7044377529628206 0.3511188138109912 -0.6168330655766231
vn 0.7030954833739393 0.0002999980761408796 -0.7110953882991512
vn 0.7030954833739393 0.0002999980761408796 -0.7110953882991512
vn 0.7194114725886983 0.3511056024439737 0.599309593649405
vn 0.7205755213062 0 0.6933764620278784
vn 0.7204774581567294 0.00029999063150870035 0.6934782925900703
vn 0.7030954833739393 0.0002999980761408796 -0.7110953882991512
vn 0.7044377529628206 0.3511188138109912 -0.6168330655766231
vn 0.7044377529628206 0.3511188138109912 -0.6168330655766231
vn 0.7194114725886983 0.3511056024439737 0.599309593649405
vn 0.7204774581567294 0.00029999063150870035 0.6934782925900703
vn 0.7194114725886983 0.3511056024439737 0.599309593649405
vn 0.7076214349700899 0.6081184200412216 -0.3598109114207618
vn 0.7044377529628206 0.3511188138109912 -0.6168330655766231
vn 0.7044377529628206 0.3511188138109912 -0.6168330655766231
vn 0.7162854701604103 0.6080876529273338 0.3422930492931554
vn 0.7194114725886983 0.3511056024439737 0.599309593649405
vn 0.7194114725886983 0.3511056024439737 0.599309593649405
vn 0.7044377529628206 0.3511188138109912 -0.6168330655766231
vn 0.7076214349700899 0.6081184200412216 -0.3598109114207618
vn 0.7076214349700899 0.6081184200412216 -0.3598109114207618
vn 0.7194114725886983 0.3511056024439737 0.599309593649405
vn 0.7161821968603205 0.6079848719413048 0.3426914886466258
vn 0.7162854701604103 0.6080876529273338 0.3422930492931554
vn 0.7119128538741973 0.7022126783903329 -0.008800158894610511
vn 0.7076214349700899 0.6081184200412216 -0.3598109114207618
vn 0.7076214349700899 0.6081184200412216 -0.3598109114207618
vn 0.7161821968603205 0.6079848719413048 0.3426914886466258
vn 0.7119128538741973 0.7022126783903329 -0.008800158894610511
vn 0.7162854701604103 0.6080876529273338 0.3422930492931554
vn 0.7076214349700899 0.6081184200412216 -0.3598109114207618
vn 0.7119128538741973 0.7022126783903329 -0.008800158894610511
vn 0.7119128538741973 0.7022126783903329 -0.008800158894610511
vn 0.7119128538741973 0.7022126783903329 -0.008800158894610511
vn 0.7161821968603205 0.6079848719413048 0.3426914886466258
vn 0.7119128538741973 0.7022126783903329 -0.008800158894610511
vn -0.27780337600089516 0.7362089383346578 0.6171075136462537
vn -0.350381801882913 0.6970637780067223 0.6255674882059312
vn -0.28069582141207133 0.7347890475231278 0.6174908189453973
vn -0.350381801882913 0.6970637780067223 0.6255674882059312
vn -0.27780337600089516 0.7362089383346578 0.6171075136462537
vn -0.3498040070839643 0.697407981468617 0.6255072054036396
vn -0.28069582141207133 0.7347890475231278 0.6174908189453973
vn -0.12029524608580124 0.8015682864815412 0.585676818626282
vn -0.27780337600089516 0.7362089383346578 0.6171075136462537
vn -0.3498040070839643 0.697407981468617 0.6255072054036396
vn -0.45151735128702497 0.6317242577357067 0.6301242287636779
vn -0.350381801882913 0.6970637780067223 0.6255674882059312
vn -0.12029524608580124 0.8015682864815412 0.585676818626282
vn -0.28069582141207133 0.7347890475231278 0.6174908189453973
vn -0.13229489458357152 0.7974692127247612 0.588677259305361
vn -0.45151735128702497 0.6317242577357067 0.6301242287636779
vn -0.3498040070839643 0.697407981468617 0.6255072054036396
vn -0.4521089700322424 0.6314125044310968 0.6300124827846154
vn -0.13229489458357152 0.7974692127247612 0.588677259305361
vn 0.040699689105177614 0.8427935878473545 0.5366959135209856
vn -0.12029524608580124 0.8015682864815412 0.585676818626282
vn 0.040699689105177614 0.8427935878473545 0.5366959135209856
vn -0.13229489458357152 0.7974692127247612 0.588677259305361
vn 0.037801391714985366 0.8425310100954062 0.5373197854276585
vn 0.040699689105177614 0.8427935878473545 0.5366959135209856
vn 0.037801391714985366 0.8425310100954062 0.5373197854276585
vn 0.0684033069060758 0.8473409197328997 0.5266254393309507
vn -0.45151735128702497 0.6317242577357067 0.6301242287636779
vn -0.4521089700322424 0.6314125044310968 0.6300124827846154
vn -0.615095271071383 0.49239618403764934 0.6157952626082662
vn -0.615095271071383 0.49239618403764934 0.6157952626082662
vn -0.607876179160662 0.49958039689477507 0.6171758078922841
vn -0.45151735128702497 0.6317242577357067 0.6301242287636779
vn -0.607876179160662 0.49958039689477507 0.6171758078922841
vn -0.615095271071383 0.49239618403764934 0.6157952626082662
vn -0.8167663406283403 0.22169086225128615 0.5326780513695596
vn -0.607876179160662 0.49958039689477507 0.6171758078922841
vn -0.8167663406283403 0.22169086225128615 0.5326780513695596
vn -0.7977117544551606 0.256203764850377 0.5459080395822743
vn -0.7977117544551606 0.256203764850377 0.5459080395822743
vn -0.8167663406283403 0.22169086225128615 0.5326780513695596
vn -0.9239543393744019 -0.10509480194529619 0.36778181215945344
vn -0.29279398106177135 0.7360848631412639 -0.6102874395793394
vn -0.36589215565606176 0.697185034562732 -0.616486786566527
vn -0.3651029878135934 0.6974056880893973 -0.6167050466066752
vn -0.36589215565606176 0.697185034562732 -0.616486786566527
vn -0.29279398106177135 0.7360848631412639 -0.6102874395793394
vn -0.2958887436004426 0.7347720601562591 -0.6103768270701947
vn -0.3651029878135934 0.6974056880893973 -0.6167050466066752
vn -0.36589215565606176 0.697185034562732 -0.616486786566527
vn -0.4668331404308625 0.6316448569695048 -0.6189439341809825
vn -0.13469913519502863 0.801594831241872 -0.582496239905483
vn -0.2958887436004426 0.7347720601562591 -0.6103768270701947
vn -0.29279398106177135 0.7360848631412639 -0.6102874395793394
vn -0.4668331404308625 0.6316448569695048 -0.6189439341809825
vn -0.4676338043832209 0.631345627565478 -0.6186447474536807
vn -0.3651029878135934 0.6974056880893973 -0.6167050466066752
vn -0.2958887436004426 0.7347720601562591 -0.6103768270701947
vn -0.13469913519502863 0.801594831241872 -0.582496239905483
vn -0.14679885399968734 0.7974938076276841 -0.5851954573130905
vn -0.4668331404308625 0.6316448569695048 -0.6189439341809825
vn -0.6300735459168607 0.49237930842412203 -0.6004747649747962
vn -0.4676338043832209 0.631345627565478 -0.6186447474536807
vn 0.027398953742229667 0.8427678385565153 -0.5375794523869106
vn -0.14679885399968734 0.7974938076276841 -0.5851954573130905
vn -0.13469913519502863 0.801594831241872 -0.582496239905483
vn -0.14679885399968734 0.7974938076276841 -0.5851954573130905
vn 0.027398953742229667 0.8427678385565153 -0.5375794523869106
vn 0.024299319884543126 0.8424764016916368 -0.5381849641581045
vn 0.024299319884543126 0.8424764016916368 -0.5381849641581045
vn 0.027398953742229667 0.8427678385565153 -0.5375794523869106
vn 0.05539873703366006 0.8473807062140548 -0.5280879838353123
vn -0.6300735459168607 0.49237930842412203 -0.6004747649747962
vn -0.4668331404308625 0.6316448569695048 -0.6189439341809825
vn -0.6228973393160095 0.49959785187129707 -0.6019974178338487
vn -0.6228973393160095 0.49959785187129707 -0.6019974178338487
vn -0.8295324715026989 0.22180867680260413 -0.5125200382596781
vn -0.6300735459168607 0.49237930842412203 -0.6004747649747962
vn -0.8295324715026989 0.22180867680260413 -0.5125200382596781
vn -0.6228973393160095 0.49959785187129707 -0.6019974178338487
vn -0.8109064138428101 0.2558020405770831 -0.5263041934330309
vn -0.8295324715026989 0.22180867680260413 -0.5125200382596781
vn -0.8109064138428101 0.2558020405770831 -0.5263041934330309
vn -0.9327320287067941 -0.10510360996416693 -0.34491186381017497
vn 0.7144900650403119 0.6995902437250371 -0.008799877466993596
vn 0.718818678817219 0.6058157084040809 0.34100884802938686
vn 0.7188431862290524 0.6058363630914153 0.3409204815909871
vn 0.718818678817219 0.6058157084040809 0.34100884802938686
vn 0.7219808558184105 0.34979071415080565 0.5969841707495976
vn 0.7188431862290524 0.6058363630914153 0.3409204815909871
vn 0.7144900650403119 0.6995902437250371 -0.008799877466993596
vn 0.7188431862290524 0.6058363630914153 0.3409204815909871
vn 0.7144900650403119 0.6995902437250371 -0.008799877466993596
vn 0.7219808558184105 0.34979071415080565 0.5969841707495976
vn 0.718818678817219 0.6058157084040809 0.34100884802938686
vn 0.7219808558184105 0.34979071415080565 0.5969841707495976
vn 0.7102100906684707 0.6058085703363267 -0.35860507974614414
vn 0.7144900650403119 0.6995902437250371 -0.008799877466993596
vn 0.7144900650403119 0.6995902437250371 -0.008799877466993596
vn 0.7219808558184105 0.34979071415080565 0.5969841707495976
vn 0.7231216636727298 0 0.6907206812649982
vn 0.7219808558184105 0.34979071415080565 0.5969841707495976
vn 0.7144900650403119 0.6995902437250371 -0.008799877466993596
vn 0.7102100906684707 0.6058085703363267 -0.35860507974614414
vn 0.7102100906684707 0.6058085703363267 -0.35860507974614414
vn 0.7231216636727298 0 0.6907206812649982
vn 0.7219808558184105 0.34979071415080565 0.5969841707495976
vn 0.7231216636727298 0 0.6907206812649982
vn 0.7070204428809014 0.3498100966153212 -0.6146177589807127
vn 0.7102100906684707 0.6058085703363267 -0.35860507974614414
vn 0.7102100906684707 0.6058085703363267 -0.35860507974614414
vn 0.7219808558184105 -0.34979071415080565 0.5969841707495976
vn 0.7231216636727298 0 0.6907206812649982
vn 0.7231216636727298 0 0.6907206812649982
vn 0.7102100906684707 0.6058085703363267 -0.35860507974614414
vn 0.7070204428809014 0.3498100966153212 -0.6146177589807127
vn 0.7070204428809014 0.3498100966153212 -0.6146177589807127
vn 0.7231216636727298 0 0.6907206812649982
vn 0.7219808558184105 -0.34979071415080565 0.5969841707495976
vn 0.7219808558184105 -0.34979071415080565 0.5969841707495976
vn 0.7070204428809014 0.3498100966153212 -0.6146177589807127
vn 0.7059057626672735 0 -0.7083057632358606
vn 0.7070204428809014 0.3498100966153212 -0.6146177589807127
vn 0.7219808558184105 -0.34979071415080565 0.5969841707495976
vn 0.718818678817219 -0.6058157084040809 0.34100884802938686
vn 0.7219808558184105 -0.34979071415080565 0.5969841707495976
vn 0.7059057626672735 0 -0.7083057632358606
vn 0.7070204428809014 0.3498100966153212 -0.6146177589807127
vn 0.7059057626672735 0 -0.7083057632358606
vn 0.7219808558184105 -0.34979071415080565 0.5969841707495976
vn 0.718818678817219 -0.6058157084040809 0.34100884802938686
vn 0.718818678817219 -0.6058157084040809 0.34100884802938686
vn 0.7070204428809014 -0.3498100966153212 -0.6146177589807127
vn 0.7059057626672735 0 -0.7083057632358606
vn 0.7059057626672735 0 -0.7083057632358606
vn 0.7144900650403119 -0.6995902437250371 -0.008799877466993596
vn 0.718818678817219 -0.6058157084040809 0.34100884802938686
vn 0.718818678817219 -0.6058157084040809 0.34100884802938686
vn 0.7070204428809014 -0.3498100966153212 -0.6146177589807127
vn 0.7059057626672735 0 -0.7083057632358606
vn 0.7070204428809014 -0.3498100966153212 -0.6146177589807127
vn 0.718818678817219 -0.6058157084040809 0.34100884802938686
vn 0.7144900650403119 -0.6995902437250371 -0.008799877466993596
vn 0.7144900650403119 -0.6995902437250371 -0.008799877466993596
vn 0.7102100906684707 -0.6058085703363267 -0.35860507974614414
vn 0.7070204428809014 -0.3498100966153212 -0.6146177589807127
vn 0.7070204428809014 -0.3498100966153212 -0.6146177589807127
vn 0.7102100906684707 -0.6058085703363267 -0.35860507974614414
vn 0.7144900650403119 -0.6995902437250371 -0.008799877466993596
vn 0.7144900650403119 -0.6995902437250371 -0.008799877466993596
vn 0.7070204428809014 -0.3498100966153212 -0.6146177589807127
vn 0.7102100906684707 -0.6058085703363267 -0.35860507974614414
vn 0.7102100906684707 -0.6058085703363267 -0.35860507974614414
vn 0.7144900650403119 -0.6995902437250371 -0.008799877466993596
vn 0.7102100906684707 -0.6058085703363267 -0.35860507974614414
vn 0.7102100906684707 -0.6058085703363267 -0.35860507974614414
vn 0.6997935494177059 -0.7142933777901718 -0.008599920841258568
vn 0.6995392036929331 -0.7145400295451202 -0.008800492845067448
vn 0.6953802622248214 -0.6185824532763025 -0.3657896108513876
vn 0.7041944260761107 -0.618595088691432 0.34849724034800655
vn 0.6995392036929331 -0.7145400295451202 -0.008800492845067448
vn 0.6997935494177059 -0.7142933777901718 -0.008599920841258568
vn 0.6995392036929331 -0.7145400295451202 -0.008800492845067448
vn 0.6953802622248214 -0.6185824532763025 -0.3657896108513876
vn 0.6953802622248214 -0.6185824532763025 -0.3657896108513876
vn 0.6995392036929331 -0.7145400295451202 -0.008800492845067448
vn 0.7041944260761107 -0.618595088691432 0.34849724034800655
vn 0.7041944260761107 -0.618595088691432 0.34849724034800655
vn 0.6953802622248214 -0.6185824532763025 -0.3657896108513876
vn 0.6921089579020592 -0.3572046259318064 -0.6272081357927717
vn 0.6953802622248214 -0.6185824532763025 -0.3657896108513876
vn 0.7074054572833334 -0.35720274026530313 0.6099046821862547
vn 0.7041944260761107 -0.618595088691432 0.34849724034800655
vn 0.7041944260761107 -0.618595088691432 0.34849724034800655
vn 0.6921089579020592 -0.3572046259318064 -0.6272081357927717
vn 0.6953802622248214 -0.6185824532763025 -0.3657896108513876
vn 0.6921089579020592 -0.3572046259318064 -0.6272081357927717
vn 0.7041944260761107 -0.618595088691432 0.34849724034800655
vn 0.7074054572833334 -0.35720274026530313 0.6099046821862547
vn 0.7074054572833334 -0.35720274026530313 0.6099046821862547
vn 0.690977320903636 0.0004999836244439848 -0.722876263279691
vn 0.6921089579020592 -0.3572046259318064 -0.6272081357927717
vn 0.6921089579020592 -0.3572046259318064 -0.6272081357927717
vn 0.7083057313615813 0.00030000244410658804 0.705905730900996
vn 0.7074054572833334 -0.35720274026530313 0.6099046821862547
vn 0.7074054572833334 -0.35720274026530313 0.6099046821862547
vn 0.6921089579020592 -0.3572046259318064 -0.6272081357927717
vn 0.690977320903636 0.0004999836244439848 -0.722876263279691
vn 0.6909774072701598 0 -0.7228763536333221
vn 0.7083057313615813 0.00030000244410658804 0.705905730900996
vn 0.7083057313615813 0.00030000244410658804 0.705905730900996
vn 0.7074054572833334 -0.35720274026530313 0.6099046821862547
vn 0.6909774072701598 0 -0.7228763536333221
vn 0.690977320903636 0.0004999836244439848 -0.722876263279691
vn 0.6919760287668303 0.356987641175713 -0.6274782862058951
vn 0.7074054572833334 0.35720274026530313 0.6099046821862547
vn 0.7083057313615813 0.00030000244410658804 0.705905730900996
vn 0.7083057313615813 0.00030000244410658804 0.705905730900996
vn 0.690977320903636 0.0004999836244439848 -0.722876263279691
vn 0.6918805028572221 0.35698992569760735 -0.6275823154905292
vn 0.6919760287668303 0.356987641175713 -0.6274782862058951
vn 0.7083057313615813 0.00030000244410658804 0.705905730900996
vn 0.7074054572833334 0.35720274026530313 0.6099046821862547
vn 0.7074054572833334 0.35720274026530313 0.6099046821862547
vn 0.6953802622248214 0.6185824532763025 -0.3657896108513876
vn 0.6919760287668303 0.356987641175713 -0.6274782862058951
vn 0.6918805028572221 0.35698992569760735 -0.6275823154905292
vn 0.7041944260761107 0.618595088691432 0.34849724034800655
vn 0.7074054572833334 0.35720274026530313 0.6099046821862547
vn 0.7074054572833334 0.35720274026530313 0.6099046821862547
vn 0.6919760287668303 0.356987641175713 -0.6274782862058951
vn 0.6953802622248214 0.6185824532763025 -0.3657896108513876
vn 0.6953802622248214 0.6185824532763025 -0.3657896108513876
vn 0.7074054572833334 0.35720274026530313 0.6099046821862547
vn 0.7041944260761107 0.618595088691432 0.34849724034800655
vn 0.7041944260761107 0.618595088691432 0.34849724034800655
vn 0.6997935494177059 0.7142933777901718 -0.008599920841258568
vn 0.6953802622248214 0.6185824532763025 -0.3657896108513876
vn 0.6953802622248214 0.6185824532763025 -0.3657896108513876
vn 0.7041944260761107 0.618595088691432 0.34849724034800655
vn 0.6997935494177059 0.7142933777901718 -0.008599920841258568
vn 0.7041944260761107 0.618595088691432 0.34849724034800655
vn 0.6953802622248214 0.6185824532763025 -0.3657896108513876
vn 0.6997935494177059 0.7142933777901718 -0.008599920841258568
vn 0.6997935494177059 0.7142933777901718 -0.008599920841258568
vn 0.6997935494177059 0.7142933777901718 -0.008599920841258568
vn 0.7041944260761107 0.618595088691432 0.34849724034800655
vn 0.6997935494177059 0.7142933777901718 -0.008599920841258568
vn 0.7144900650403119 0.6995902437250371 -0.008799877466993596
vn 0.718818678817219 0.6058157084040809 0.34100884802938686
vn 0.7188431862290524 0.6058363630914153 0.3409204815909871
vn 0.7219808558184105 0.34979071415080565 0.5969841707495976
vn 0.7188431862290524 0.6058363630914153 0.3409204815909871
vn 0.718818678817219 0.6058157084040809 0.34100884802938686
vn 0.7144900650403119 0.6995902437250371 -0.008799877466993596
vn 0.7188431862290524 0.6058363630914153 0.3409204815909871
vn 0.7144900650403119 0.6995902437250371 -0.008799877466993596
vn 0.7188431862290524 0.6058363630914153 0.3409204815909871
vn 0.7219808558184105 0.34979071415080565 0.5969841707495976
vn 0.7219808558184105 0.34979071415080565 0.5969841707495976
vn 0.7102100906684707 0.6058085703363267 -0.35860507974614414
vn 0.7144900650403119 0.6995902437250371 -0.008799877466993596
vn 0.7144900650403119 0.6995902437250371 -0.008799877466993596
vn 0.7219808558184105 0.34979071415080565 0.5969841707495976
vn 0.7231216636727298 0 0.6907206812649982
vn 0.7219808558184105 0.34979071415080565 0.5969841707495976
vn 0.7144900650403119 0.6995902437250371 -0.008799877466993596
vn 0.7102100906684707 0.6058085703363267 -0.35860507974614414
vn 0.7102100906684707 0.6058085703363267 -0.35860507974614414
vn 0.7231216636727298 0 0.6907206812649982
vn 0.7219808558184105 0.34979071415080565 0.5969841707495976
vn 0.7231216636727298 0 0.6907206812649982
vn 0.7070704297245765 0.3497853751229313 -0.6145743232182852
vn 0.7102100906684707 0.6058085703363267 -0.35860507974614414
vn 0.7102100906684707 0.6058085703363267 -0.35860507974614414
vn 0.7219808558184105 -0.34979071415080565 0.5969841707495976
vn 0.7231216636727298 0 0.6907206812649982
vn 0.7231216636727298 0 0.6907206812649982
vn 0.7102100906684707 0.6058085703363267 -0.35860507974614414
vn 0.7070704297245765 0.3497853751229313 -0.6145743232182852
vn 0.7070830797541182 0.350091645861451 -0.614385349616551
vn 0.7231216636727298 0 0.6907206812649982
vn 0.7219808558184105 -0.34979071415080565 0.5969841707495976
vn 0.7219808558184105 -0.34979071415080565 0.5969841707495976
vn 0.7070704297245765 0.3497853751229313 -0.6145743232182852
vn 0.7059057626672735 0 -0.7083057632358606
vn 0.7070830797541182 0.350091645861451 -0.614385349616551
vn 0.7219808558184105 -0.34979071415080565 0.5969841707495976
vn 0.718818678817219 -0.6058157084040809 0.34100884802938686
vn 0.7219808558184105 -0.34979071415080565 0.5969841707495976
vn 0.7059057626672735 0 -0.7083057632358606
vn 0.7070704297245765 0.3497853751229313 -0.6145743232182852
vn 0.7059056744276239 0.000500004033510007 -0.708305674696206
vn 0.7219808558184105 -0.34979071415080565 0.5969841707495976
vn 0.7188431862290524 -0.6058363630914153 0.3409204815909871
vn 0.718818678817219 -0.6058157084040809 0.34100884802938686
vn 0.7070704297245765 -0.3497853751229313 -0.6145743232182852
vn 0.7059057626672735 0 -0.7083057632358606
vn 0.7059056744276239 0.000500004033510007 -0.708305674696206
vn 0.7188431862290524 -0.6058363630914153 0.3409204815909871
vn 0.7144900650403119 -0.6995902437250371 -0.008799877466993596
vn 0.718818678817219 -0.6058157084040809 0.34100884802938686
vn 0.7059057626672735 0 -0.7083057632358606
vn 0.7070704297245765 -0.3497853751229313 -0.6145743232182852
vn 0.7071017712167819 -0.35020088744191596 -0.6143015738031155
vn 0.7144900650403119 -0.6995902437250371 -0.008799877466993596
vn 0.7188431862290524 -0.6058363630914153 0.3409204815909871
vn 0.7144900650403119 -0.6995902437250371 -0.008799877466993596
vn 0.7102100906684707 -0.6058085703363267 -0.35860507974614414
vn 0.7071017712167819 -0.35020088744191596 -0.6143015738031155
vn 0.7070704297245765 -0.3497853751229313 -0.6145743232182852
vn 0.7102100906684707 -0.6058085703363267 -0.35860507974614414
vn 0.7144900650403119 -0.6995902437250371 -0.008799877466993596
vn 0.7144900650403119 -0.6995902437250371 -0.008799877466993596
vn 0.7071017712167819 -0.35020088744191596 -0.6143015738031155
vn 0.7102100906684707 -0.6058085703363267 -0.35860507974614414
vn 0.7102100906684707 -0.6058085703363267 -0.35860507974614414
vn 0.7144900650403119 -0.6995902437250371 -0.008799877466993596
vn 0.7102100906684707 -0.6058085703363267 -0.35860507974614414
vn 0.7102100906684707 -0.6058085703363267 -0.35860507974614414
vn 0.6997935494177059 -0.7142933777901718 -0.008599920841258568
vn 0.6997935494177059 -0.7142933777901718 -0.008599920841258568
vn 0.6953802622248214 -0.6185824532763025 -0.3657896108513876
vn 0.7041944260761107 -0.618595088691432 0.34849724034800655
vn 0.6997935494177059 -0.7142933777901718 -0.008599920841258568
vn 0.6997935494177059 -0.7142933777901718 -0.008599920841258568
vn 0.6997935494177059 -0.7142933777901718 -0.008599920841258568
vn 0.6953802622248214 -0.6185824532763025 -0.3657896108513876
vn 0.6953802622248214 -0.6185824532763025 -0.3657896108513876
vn 0.6997935494177059 -0.7142933777901718 -0.008599920841258568
vn 0.7041944260761107 -0.618595088691432 0.34849724034800655
vn 0.7041944260761107 -0.618595088691432 0.34849724034800655
vn 0.6953802622248214 -0.6185824532763025 -0.3657896108513876
vn 0.692161060331338 -0.35717989983771375 -0.62716471976102
vn 0.6953802622248214 -0.6185824532763025 -0.3657896108513876
vn 0.7072265662174828 -0.3570134088249399 0.6102229182482617
vn 0.7041944260761107 -0.618595088691432 0.34849724034800655
vn 0.7041944260761107 -0.618595088691432 0.34849724034800655
vn 0.692161060331338 -0.35717989983771375 -0.62716471976102
vn 0.6953802622248214 -0.6185824532763025 -0.3657896108513876
vn 0.6919760287668303 -0.356987641175713 -0.6274782862058951
vn 0.7041944260761107 -0.618595088691432 0.34849724034800655
vn 0.7072265662174828 -0.3570134088249399 0.6102229182482617
vn 0.7074054572833334 -0.35720274026530313 0.6099046821862547
vn 0.6909774072701598 0 -0.7228763536333221
vn 0.692161060331338 -0.35717989983771375 -0.62716471976102
vn 0.6919760287668303 -0.356987641175713 -0.6274782862058951
vn 0.7083057313615813 0.00030000244410658804 0.705905730900996
vn 0.7074054572833334 -0.35720274026530313 0.6099046821862547
vn 0.7072265662174828 -0.3570134088249399 0.6102229182482617
vn 0.692161060331338 -0.35717989983771375 -0.62716471976102
vn 0.6909774072701598 0 -0.7228763536333221
vn 0.6909774072701598 0 -0.7228763536333221
vn 0.7083057313615813 0.00030000244410658804 0.705905730900996
vn 0.7083057313615813 0.00030000244410658804 0.705905730900996
vn 0.7072265662174828 -0.3570134088249399 0.6102229182482617
vn 0.6909774072701598 0 -0.7228763536333221
vn 0.6909774072701598 0 -0.7228763536333221
vn 0.692161060331338 0.35717989983771375 -0.62716471976102
vn 0.7074054572833334 0.35720274026530313 0.6099046821862547
vn 0.7083057313615813 0.00030000244410658804 0.705905730900996
vn 0.7083057313615813 0.00030000244410658804 0.705905730900996
vn 0.6909774072701598 0 -0.7228763536333221
vn 0.6919760287668303 0.356987641175713 -0.6274782862058951
vn 0.692161060331338 0.35717989983771375 -0.62716471976102
vn 0.7083057313615813 0.00030000244410658804 0.705905730900996
vn 0.7074054572833334 0.35720274026530313 0.6099046821862547
vn 0.7073623052128936 0.3571809507277041 0.6099674889706457
vn 0.6953802622248214 0.6185824532763025 -0.3657896108513876
vn 0.692161060331338 0.35717989983771375 -0.62716471976102
vn 0.6919760287668303 0.356987641175713 -0.6274782862058951
vn 0.704089355001953 0.6184906322057075 0.3488947091125316
vn 0.7073623052128936 0.3571809507277041 0.6099674889706457
vn 0.7074054572833334 0.35720274026530313 0.6099046821862547
vn 0.692161060331338 0.35717989983771375 -0.62716471976102
vn 0.6953802622248214 0.6185824532763025 -0.3657896108513876
vn 0.6953802622248214 0.6185824532763025 -0.3657896108513876
vn 0.7074054572833334 0.35720274026530313 0.6099046821862547
vn 0.7041944260761107 0.618595088691432 0.34849724034800655
vn 0.704089355001953 0.6184906322057075 0.3488947091125316
vn 0.6997935494177059 0.7142933777901718 -0.008599920841258568
vn 0.6953802622248214 0.6185824532763025 -0.3657896108513876
vn 0.6953802622248214 0.6185824532763025 -0.3657896108513876
vn 0.7041944260761107 0.618595088691432 0.34849724034800655
vn 0.6997935494177059 0.7142933777901718 -0.008599920841258568
vn 0.704089355001953 0.6184906322057075 0.3488947091125316
vn 0.6953802622248214 0.6185824532763025 -0.3657896108513876
vn 0.6997935494177059 0.7142933777901718 -0.008599920841258568
vn 0.6997935494177059 0.7142933777901718 -0.008599920841258568
vn 0.6997935494177059 0.7142933777901718 -0.008599920841258568
vn 0.7041944260761107 0.618595088691432 0.34849724034800655
vn 0.6997935494177059 0.7142933777901718 -0.008599920841258568
vn -0.8974711864695065 0.251291945324063 0.362488382810076
vn -0.9413976787507903 0.3370991710271614 0.0115999713544613
vn -0.9415052987523355 0.33680190161938117 0.01150006464521928
vn -0.9060554178006377 0.25121535077475887 -0.34052081787935823
vn -0.9415052987523355 0.33680190161938117 0.01150006464521928
vn -0.9413976787507903 0.3370991710271614 0.0115999713544613
vn -0.8974711864695065 0.251291945324063 0.362488382810076
vn -0.9415052987523355 0.33680190161938117 0.01150006464521928
vn -0.8973641119586462 0.25138993408860105 0.3626854720106657
vn -0.9415052987523355 0.33680190161938117 0.01150006464521928
vn -0.9060554178006377 0.25121535077475887 -0.34052081787935823
vn -0.9060554178006377 0.25121535077475887 -0.34052081787935823
vn -0.7852717914638103 0.01839933908282968 0.6188777567925131
vn -0.8974711864695065 0.251291945324063 0.362488382810076
vn -0.8973641119586462 0.25138993408860105 0.3626854720106657
vn -0.8002603925688611 0.018399089730606007 -0.5993703175688777
vn -0.9060554178006377 0.25121535077475887 -0.34052081787935823
vn -0.9060554178006377 0.25121535077475887 -0.34052081787935823
vn -0.7852717914638103 0.01839933908282968 0.6188777567925131
vn -0.8973641119586462 0.25138993408860105 0.3626854720106657
vn -0.7852717914638103 0.01839933908282968 0.6188777567925131
vn -0.9060554178006377 0.25121535077475887 -0.34052081787935823
vn -0.8002603925688611 0.018399089730606007 -0.5993703175688777
vn -0.8002603925688611 0.018399089730606007 -0.5993703175688777
vn -0.7852717914638103 0.01839933908282968 0.6188777567925131
vn -0.6356821868856758 -0.3006915888308214 0.7109801162357785
vn -0.7852717914638103 0.01839933908282968 0.6188777567925131
vn -0.6528993419676445 -0.3006997147655789 -0.6951993460857945
vn -0.8002603925688611 0.018399089730606007 -0.5993703175688777
vn -0.8002603925688611 0.018399089730606007 -0.5993703175688777
vn -0.6356821868856758 -0.3006915888308214 0.7109801162357785
vn -0.7852717914638103 0.01839933908282968 0.6188777567925131
vn -0.6356821868856758 -0.3006915888308214 0.7109801162357785
vn -0.8002603925688611 0.018399089730606007 -0.5993703175688777
vn -0.6528993419676445 -0.3006997147655789 -0.6951993460857945
vn -0.6529251039179591 -0.3008115703440244 -0.6951267566572907
vn -0.4880244553471779 -0.6191309928899145 0.6152308059795437
vn -0.6356821868856758 -0.3006915888308214 0.7109801162357785
vn -0.6356821868856758 -0.3006915888308214 0.7109801162357785
vn -0.6528993419676445 -0.3006997147655789 -0.6951993460857945
vn -0.5026034661700557 -0.6192042440191374 -0.6033041189835636
vn -0.6529251039179591 -0.3008115703440244 -0.6951267566572907
vn -0.6356821868856758 -0.3006915888308214 0.7109801162357785
vn -0.4880244553471779 -0.6191309928899145 0.6152308059795437
vn -0.4880244553471779 -0.6191309928899145 0.6152308059795437
vn -0.5026034661700557 -0.6192042440191374 -0.6033041189835636
vn -0.6528993419676445 -0.3006997147655789 -0.6951993460857945
vn -0.5027084790130767 -0.6192104707143232 -0.6032102271066905
vn -0.3823850357745749 -0.8524666475955102 0.3564860434195834
vn -0.4880244553471779 -0.6191309928899145 0.6152308059795437
vn -0.4880244553471779 -0.6191309928899145 0.6152308059795437
vn -0.391004520880275 -0.8525098726462534 -0.3469039949205767
vn -0.5026034661700557 -0.6192042440191374 -0.6033041189835636
vn -0.5027084790130767 -0.6192104707143232 -0.6032102271066905
vn -0.3823850357745749 -0.8524666475955102 0.3564860434195834
vn -0.4880244553471779 -0.6191309928899145 0.6152308059795437
vn -0.382398663750577 -0.8524970290014994 0.35639876193021475
vn -0.5026034661700557 -0.6192042440191374 -0.6033041189835636
vn -0.391004520880275 -0.8525098726462534 -0.3469039949205767
vn -0.391004520880275 -0.8525098726462534 -0.3469039949205767
vn -0.382398663750577 -0.8524970290014994 0.35639876193021475
vn -0.3468974689844608 -0.9378932008919055 0.004299968943044637
vn -0.3823850357745749 -0.8524666475955102 0.3564860434195834
vn -0.3468974689844608 -0.9378932008919055 0.004299968943044637
vn -0.391004520880275 -0.8525098726462534 -0.3469039949205767
vn -0.391004520880275 -0.8525098726462534 -0.3469039949205767
vn -0.3468974689844608 -0.9378932008919055 0.004299968943044637
vn -0.382398663750577 -0.8524970290014994 0.35639876193021475
vn -0.3468974689844608 -0.9378932008919055 0.004299968943044637
vn -0.391004520880275 -0.8525098726462534 -0.3469039949205767
vn -0.3468974689844608 -0.9378932008919055 0.004299968943044637
vn -0.3468974689844608 -0.9378932008919055 0.004299968943044637
vn -0.3372075033366136 -0.9414209785787778 0.00420009348278727
vn -0.38180807320887844 -0.8551180664435669 -0.35070741034990893
vn -0.38180807320887844 -0.8551180664435669 -0.35070741034990893
vn -0.38180807320887844 -0.8551180664435669 -0.35070741034990893
vn -0.3372075033366136 -0.9414209785787778 0.00420009348278727
vn -0.3372075033366136 -0.9414209785787778 0.00420009348278727
vn -0.494987698611944 -0.6193846255584701 -0.6093848241010316
vn -0.38180807320887844 -0.8551180664435669 -0.35070741034990893
vn -0.38180807320887844 -0.8551180664435669 -0.35070741034990893
vn -0.3731000873995893 -0.8551001476300005 0.3600000865355036
vn -0.3372075033366136 -0.9414209785787778 0.00420009348278727
vn -0.3372075033366136 -0.9414209785787778 0.00420009348278727
vn -0.38180807320887844 -0.8551180664435669 -0.35070741034990893
vn -0.494987698611944 -0.6193846255584701 -0.6093848241010316
vn -0.494987698611944 -0.6193846255584701 -0.6093848241010316
vn -0.3731000873995893 -0.8551001476300005 0.3600000865355036
vn -0.3731000873995893 -0.8551001476300005 0.3600000865355036
vn -0.3372075033366136 -0.9414209785787778 0.00420009348278727
vn -0.6462939376483895 -0.2972972140154827 -0.7027933641530573
vn -0.494987698611944 -0.6193846255584701 -0.6093848241010316
vn -0.494987698611944 -0.6193846255584701 -0.6093848241010316
vn -0.3731000873995893 -0.8551001476300005 0.3600000865355036
vn -0.3731000873995893 -0.8551001476300005 0.3600000865355036
vn -0.4797994161143961 -0.6193992888652495 0.6213992607410371
vn -0.6462939376483895 -0.2972972140154827 -0.7027933641530573
vn -0.494987698611944 -0.6193846255584701 -0.6093848241010316
vn -0.6462939376483895 -0.2972972140154827 -0.7027933641530573
vn -0.4797994161143961 -0.6193992888652495 0.6213992607410371
vn -0.3731000873995893 -0.8551001476300005 0.3600000865355036
vn -0.47998287967708547 -0.6190779068208117 0.6215778153242397
vn -0.7953060908325651 0.024700189834703734 -0.6057046495667284
vn -0.6462939376483895 -0.2972972140154827 -0.7027933641530573
vn -0.6462939376483895 -0.2972972140154827 -0.7027933641530573
vn -0.6287940073808392 -0.2972971894357247 0.7184931992966699
vn -0.4797994161143961 -0.6193992888652495 0.6213992607410371
vn -0.47998287967708547 -0.6190779068208117 0.6215778153242397
vn -0.6462939376483895 -0.2972972140154827 -0.7027933641530573
vn -0.7953060908325651 0.024700189834703734 -0.6057046495667284
vn -0.7953060908325651 0.024700189834703734 -0.6057046495667284
vn -0.4797994161143961 -0.6193992888652495 0.6213992607410371
vn -0.6287940073808392 -0.2972971894357247 0.7184931992966699
vn -0.6289105352918584 -0.29700497027301814 0.7185120640824563
vn -0.9019969583151652 0.2604991324896185 -0.344298837004057
vn -0.7953060908325651 0.024700189834703734 -0.6057046495667284
vn -0.7953060908325651 0.024700189834703734 -0.6057046495667284
vn -0.7800761928124137 0.025099234584384546 0.6251809032836559
vn -0.6289105352918584 -0.29700497027301814 0.7185120640824563
vn -0.6287940073808392 -0.2972971894357247 0.7184931992966699
vn -0.7953060908325651 0.024700189834703734 -0.6057046495667284
vn -0.9019969583151652 0.2604991324896185 -0.344298837004057
vn -0.9019077807504507 0.26080225584701056 -0.34430297467043075
vn -0.6287940073808392 -0.2972971894357247 0.7184931992966699
vn -0.780132710540203 0.024701036963659894 0.6251262374257825
vn -0.7800761928124137 0.025099234584384546 0.6251809032836559
vn -0.9380600070731607 0.3462852497590787 0.011399514427996946
vn -0.9019077807504507 0.26080225584701056 -0.34430297467043075
vn -0.9019969583151652 0.2604991324896185 -0.344298837004057
vn -0.89325796822404 0.260487757633907 0.36638276477902
vn -0.7800761928124137 0.025099234584384546 0.6251809032836559
vn -0.780132710540203 0.024701036963659894 0.6251262374257825
vn -0.9019077807504507 0.26080225584701056 -0.34430297467043075
vn -0.9380600070731607 0.3462852497590787 0.011399514427996946
vn -0.9379830177553242 0.3464937273753276 0.011399793514240992
vn -0.89325796822404 0.260487757633907 0.36638276477902
vn -0.780132710540203 0.024701036963659894 0.6251262374257825
vn -0.89325796822404 0.260487757633907 0.36638276477902
vn -0.9380600070731607 0.3462852497590787 0.011399514427996946
vn -0.89325796822404 0.260487757633907 0.36638276477902
vn -0.9379830177553242 0.3464937273753276 0.011399793514240992
vn -0.89325796822404 0.260487757633907 0.36638276477902
vn -0.9380600070731607 0.3462852497590787 0.011399514427996946
vn -0.89325796822404 0.260487757633907 0.36638276477902
vn 0.7144900650403119 0.6995902437250371 -0.008799877466993596
vn 0.7189942229757154 0.6058951365865243 0.3404972698691497
vn 0.7188431862290524 0.6058363630914153 0.3409204815909871
vn 0.7189942229757154 0.6058951365865243 0.3404972698691497
vn 0.7219808558184105 0.34979071415080565 0.5969841707495976
vn 0.7188431862290524 0.6058363630914153 0.3409204815909871
vn 0.7144900650403119 0.6995902437250371 -0.008799877466993596
vn 0.7188431862290524 0.6058363630914153 0.3409204815909871
vn 0.7144900650403119 0.6995902437250371 -0.008799877466993596
vn 0.7219808558184105 0.34979071415080565 0.5969841707495976
vn 0.7189942229757154 0.6058951365865243 0.3404972698691497
vn 0.7219808558184105 0.34979071415080565 0.5969841707495976
vn 0.7101670581413201 0.6058718755823839 -0.35858335141105946
vn 0.7144900650403119 0.6995902437250371 -0.008799877466993596
vn 0.7144900650403119 0.6995902437250371 -0.008799877466993596
vn 0.7219808558184105 0.34979071415080565 0.5969841707495976
vn 0.7231216636727298 0 0.6907206812649982
vn 0.7219808558184105 0.34979071415080565 0.5969841707495976
vn 0.7144900650403119 0.6995902437250371 -0.008799877466993596
vn 0.7102100906684707 0.6058085703363267 -0.35860507974614414
vn 0.7101670581413201 0.6058718755823839 -0.35858335141105946
vn 0.7231216636727298 0 0.6907206812649982
vn 0.7219808558184105 0.34979071415080565 0.5969841707495976
vn 0.7231216636727298 0 0.6907206812649982
vn 0.7102100906684707 0.6058085703363267 -0.35860507974614414
vn 0.7070204428809014 0.3498100966153212 -0.6146177589807127
vn 0.7101670581413201 0.6058718755823839 -0.35858335141105946
vn 0.7219808558184105 -0.34979071415080565 0.5969841707495976
vn 0.7231216636727298 0 0.6907206812649982
vn 0.7231216636727298 0 0.6907206812649982
vn 0.7070204428809014 0.3498100966153212 -0.6146177589807127
vn 0.7102100906684707 0.6058085703363267 -0.35860507974614414
vn 0.7071017712167819 0.35020088744191596 -0.6143015738031155
vn 0.7231216636727298 0 0.6907206812649982
vn 0.7219808558184105 -0.34979071415080565 0.5969841707495976
vn 0.7219808558184105 -0.34979071415080565 0.5969841707495976
vn 0.7071017712167819 0.35020088744191596 -0.6143015738031155
vn 0.7059056744276239 0.000500004033510007 -0.708305674696206
vn 0.7070204428809014 0.3498100966153212 -0.6146177589807127
vn 0.7188431862290524 -0.6058363630914153 0.3409204815909871
vn 0.7219808558184105 -0.34979071415080565 0.5969841707495976
vn 0.7219808558184105 -0.34979071415080565 0.5969841707495976
vn 0.7059056744276239 0.000500004033510007 -0.708305674696206
vn 0.7071017712167819 0.35020088744191596 -0.6143015738031155
vn 0.7059057061939022 0.000400003215704382 -0.7083057065704862
vn 0.7219808558184105 -0.34979071415080565 0.5969841707495976
vn 0.7188431862290524 -0.6058363630914153 0.3409204815909871
vn 0.7188431862290524 -0.6058363630914153 0.3409204815909871
vn 0.7070204428809014 -0.3498100966153212 -0.6146177589807127
vn 0.7059056744276239 0.000500004033510007 -0.708305674696206
vn 0.7059057061939022 0.000400003215704382 -0.7083057065704862
vn 0.7144900650403119 -0.6995902437250371 -0.008799877466993596
vn 0.7188431862290524 -0.6058363630914153 0.3409204815909871
vn 0.7188431862290524 -0.6058363630914153 0.3409204815909871
vn 0.7059056744276239 0.000500004033510007 -0.708305674696206
vn 0.7070204428809014 -0.3498100966153212 -0.6146177589807127
vn 0.7070204428809014 -0.3498100966153212 -0.6146177589807127
vn 0.7188431862290524 -0.6058363630914153 0.3409204815909871
vn 0.7144900650403119 -0.6995902437250371 -0.008799877466993596
vn 0.7144900650403119 -0.6995902437250371 -0.008799877466993596
vn 0.7102100906684707 -0.6058085703363267 -0.35860507974614414
vn 0.7070204428809014 -0.3498100966153212 -0.6146177589807127
vn 0.7070204428809014 -0.3498100966153212 -0.6146177589807127
vn 0.7102100906684707 -0.6058085703363267 -0.35860507974614414
vn 0.7144900650403119 -0.6995902437250371 -0.008799877466993596
vn 0.7144900650403119 -0.6995902437250371 -0.008799877466993596
vn 0.7070204428809014 -0.3498100966153212 -0.6146177589807127
vn 0.7102100906684707 -0.6058085703363267 -0.35860507974614414
vn 0.7102100906684707 -0.6058085703363267 -0.35860507974614414
vn 0.7144900650403119 -0.6995902437250371 -0.008799877466993596
vn 0.7102100906684707 -0.6058085703363267 -0.35860507974614414
vn 0.7102100906684707 -0.6058085703363267 -0.35860507974614414
vn 0.6997935494177059 -0.7142933777901718 -0.008599920841258568
vn 0.6997935494177059 -0.7142933777901718 -0.008599920841258568
vn 0.6953802622248214 -0.6185824532763025 -0.3657896108513876
vn 0.7041944260761107 -0.618595088691432 0.34849724034800655
vn 0.6997935494177059 -0.7142933777901718 -0.008599920841258568
vn 0.6997935494177059 -0.7142933777901718 -0.008599920841258568
vn 0.6997935494177059 -0.7142933777901718 -0.008599920841258568
vn 0.6953802622248214 -0.6185824532763025 -0.3657896108513876
vn 0.6953802622248214 -0.6185824532763025 -0.3657896108513876
vn 0.6997935494177059 -0.7142933777901718 -0.008599920841258568
vn 0.7041944260761107 -0.618595088691432 0.34849724034800655
vn 0.7041944260761107 -0.618595088691432 0.34849724034800655
vn 0.6953802622248214 -0.6185824532763025 -0.3657896108513876
vn 0.6921089579020592 -0.3572046259318064 -0.6272081357927717
vn 0.6953802622248214 -0.6185824532763025 -0.3657896108513876
vn 0.7074054572833334 -0.35720274026530313 0.6099046821862547
vn 0.7041944260761107 -0.618595088691432 0.34849724034800655
vn 0.7041944260761107 -0.618595088691432 0.34849724034800655
vn 0.6921089579020592 -0.3572046259318064 -0.6272081357927717
vn 0.6953802622248214 -0.6185824532763025 -0.3657896108513876
vn 0.6918805028572221 -0.35698992569760735 -0.6275823154905292
vn 0.7041944260761107 -0.618595088691432 0.34849724034800655
vn 0.7074054572833334 -0.35720274026530313 0.6099046821862547
vn 0.7074054572833334 -0.35720274026530313 0.6099046821862547
vn 0.690977320903636 0.0004999836244439848 -0.722876263279691
vn 0.6921089579020592 -0.3572046259318064 -0.6272081357927717
vn 0.6918805028572221 -0.35698992569760735 -0.6275823154905292
vn 0.7084055893425635 0.00020000156984303335 0.7058055546590628
vn 0.7074054572833334 -0.35720274026530313 0.6099046821862547
vn 0.7074054572833334 -0.35720274026530313 0.6099046821862547
vn 0.6921089579020592 -0.3572046259318064 -0.6272081357927717
vn 0.690977320903636 0.0004999836244439848 -0.722876263279691
vn 0.6909774072701598 0 -0.7228763536333221
vn 0.7083057313615813 0.00030000244410658804 0.705905730900996
vn 0.7084055893425635 0.00020000156984303335 0.7058055546590628
vn 0.7074054572833334 -0.35720274026530313 0.6099046821862547
vn 0.6909774072701598 0 -0.7228763536333221
vn 0.690977320903636 0.0004999836244439848 -0.722876263279691
vn 0.6919051961989154 0.35690267919298374 -0.6276047140181552
vn 0.7074054572833334 0.35720274026530313 0.6099046821862547
vn 0.7084055893425635 0.00020000156984303335 0.7058055546590628
vn 0.7083057313615813 0.00030000244410658804 0.705905730900996
vn 0.690977320903636 0.0004999836244439848 -0.722876263279691
vn 0.6918805028572221 0.35698992569760735 -0.6275823154905292
vn 0.6919051961989154 0.35690267919298374 -0.6276047140181552
vn 0.7084055893425635 0.00020000156984303335 0.7058055546590628
vn 0.7074054572833334 0.35720274026530313 0.6099046821862547
vn 0.7074054572833334 0.35720274026530313 0.6099046821862547
vn 0.6953802622248214 0.6185824532763025 -0.3657896108513876
vn 0.6919051961989154 0.35690267919298374 -0.6276047140181552
vn 0.6918805028572221 0.35698992569760735 -0.6275823154905292
vn 0.7040647837572115 0.6184690481772227 0.34898254500715553
vn 0.7074054572833334 0.35720274026530313 0.6099046821862547
vn 0.7074054572833334 0.35720274026530313 0.6099046821862547
vn 0.6919051961989154 0.35690267919298374 -0.6276047140181552
vn 0.6953802622248214 0.6185824532763025 -0.3657896108513876
vn 0.6952698265755676 0.6184731687867883 -0.36618411727491557
vn 0.7074054572833334 0.35720274026530313 0.6099046821862547
vn 0.7041944260761107 0.618595088691432 0.34849724034800655
vn 0.7040647837572115 0.6184690481772227 0.34898254500715553
vn 0.6997935494177059 0.7142933777901718 -0.008599920841258568
vn 0.6952698265755676 0.6184731687867883 -0.36618411727491557
vn 0.6953802622248214 0.6185824532763025 -0.3657896108513876
vn 0.7041944260761107 0.618595088691432 0.34849724034800655
vn 0.6997935494177059 0.7142933777901718 -0.008599920841258568
vn 0.7040647837572115 0.6184690481772227 0.34898254500715553
vn 0.6952698265755676 0.6184731687867883 -0.36618411727491557
vn 0.6997935494177059 0.7142933777901718 -0.008599920841258568
vn 0.6997935494177059 0.7142933777901718 -0.008599920841258568
vn 0.6997935494177059 0.7142933777901718 -0.008599920841258568
vn 0.7041944260761107 0.618595088691432 0.34849724034800655
vn 0.6997935494177059 0.7142933777901718 -0.008599920841258568
f 1/1/1 2/2/2 3/3/3
f 4/4/4 5/5/5 6/6/6
f 7/7/7 8/8/8 9/9/9
f 10/10/10 11/11/11 12/12/12
f 13/13/13 14/14/14 15/15/15
f 16/16/16 17/17/17 18/18/18
f 19/19/19 20/20/20 21/21/21
f 22/22/22 23/23/23 24/24/24
f 25/25/25 26/26/26 27/27/27
f 28/28/28 29/29/29 30/30/30
f 31/31/31 32/32/32 33/33/33
f 34/34/34 35/35/35 36/36/36
f 37/37/37 38/38/38 39/39/39
f 40/40/40 41/41/41 42/42/42
f 43/43/43 44/44/44 45/45/45
f 46/46/46 47/47/47 48/48/48
f 49/49/49 50/50/50 51/51/51
f 52/52/52 53/53/53 54/54/54
f 55/55/55 56/56/56 57/57/57
f 58/58/58 59/59/59 60/60/60
f 61/61/61 62/62/62 63/63/63
f 64/64/64 65/65/65 66/66/66
f 67/67/67 68/68/68 69/69/69
f 70/70/70 71/71/71 72/72/72
f 73/73/73 74/74/74 75/75/75
f 76/76/76 77/77/77 78/78/78
f 79/79/79 80/80/80 81/81/81
f 82/82/82 83/83/83 84/84/84
f 85/85/85 86/86/86 87/87/87
f 88/88/88 89/89/89 90/90/90
f 91/91/91 92/92/92 93/93/93
f 94/94/94 95/95/95 96/96/96
f 97/97/97 98/98/98 99/99/99
f 100/100/100 101/101/101 102/102/102
f 103/103/103 104/104/104 105/105/105
f 106/106/106 107/107/107 108/108/108
f 109/109/109 110/110/110 111/111/111
f 112/112/112 113/113/113 114/114/114
f 115/115/115 116/116/116 117/117/117
f 118/118/118 119/119/119 120/120/120
f 121/121/121 122/122/122 123/123/123
f 124/124/124 125/125/125 126/126/126
f 127/127/127 128/128/128 129/129/129
f 130/130/130 131/131/131 132/132/132
f 133/133/133 134/134/134 135/135/135
f 136/136/136 137/137/137 138/138/138
f 139/139/139 140/140/140 141/141/141
f 142/142/142 143/143/143 144/144/144
f 145/145/145 146/146/146 147/147/147
f 148/148/148 149/149/149 150/150/150
f 151/151/151 152/152/152 153/153/153
f 154/154/154 155/155/155 156/156/156
f 157/157/157 158/158/158 159/159/159
f 160/160/160 161/161/161 162/162/162
f 163/163/163 164/164/164 165/165/165
f 166/166/166 167/167/167 168/168/168
f 169/169/169 170/170/170 171/171/171
f 172/172/172 173/173/173 174/174/174
f 175/175/175 176/176/176 177/177/177
f 178/178/178 179/179/179 180/180/180
f 181/181/181 182/182/182 183/183/183
f 184/184/184 185/185/185 186/186/186
f 187/187/187 188/188/188 189/189/189
f 190/190/190 191/191/191 192/192/192
f 193/193/193 194/194/194 195/195/195
f 196/196/196 197/197/197 198/198/198
f 199/199/199 200/200/200 201/201/201
f 202/202/202 203/203/203 204/204/204
f 205/205/205 206/206/206 207/207/207
f 208/208/208 209/209/209 210/210/210
f 211/211/211 212/212/212 213/213/213
f 214/214/214 215/215/215 216/216/216
f 217/217/217 218/218/218 219/219/219
f 220/220/220 221/221/221 222/222/222
f 223/223/223 224/224/224 225/225/225
f 226/226/226 227/227/227 228/228/228
f 229/229/229 230/230/230 231/231/231
f 232/232/232 233/233/233 234/234/234
f 235/235/235 236/236/236 237/237/237
f 238/238/238 239/239/239 240/240/240
f 241/241/241 242/242/242 243/243/243
f 244/244/244 245/245/245 246/246/246
f 247/247/247 248/248/248 249/249/249
f 250/250/250 251/251/251 252/252/252
f 253/253/253 254/254/254 255/255/255
f 256/256/256 257/257/257 258/258/258
f 259/259/259 260/260/260 261/261/261
f 262/262/262 263/263/263 264/264/264
f 265/265/265 266/266/266 267/267/267
f 268/268/268 269/269/269 270/270/270
f 271/271/271 272/272/272 273/273/273
f 274/274/274 275/275/275 276/276/276
f 277/277/277 278/278/278 279/279/279
f 280/280/280 281/281/281 282/282/282
f 283/283/283 284/284/284 285/285/285
f 286/286/286 287/287/287 288/288/288
f 289/289/289 290/290/290 291/291/291
f 292/292/292 293/293/293 294/294/294
f 295/295/295 296/296/296 297/297/297
f 298/298/298 299/299/299 300/300/300
f 301/301/301 302/302/302 303/303/303
f 304/304/304 305/305/305 306/306/306
f 307/307/307 308/308/308 309/309/309
f 310/310/310 311/311/311 312/312/312
f 313/313/313 314/314/314 315/315/315
f 316/316/316 317/317/317 318/318/318
f 319/319/319 320/320/320 321/321/321
f 322/322/322 323/323/323 324/324/324
f 325/325/325 326/326/326 327/327/327
f 328/328/328 329/329/329 330/330/330
f 331/331/331 332/332/332 333/333/333
f 334/334/334 335/335/335 336/336/336
f 337/337/337 338/338/338 339/339/339
f 340/340/340 341/341/341 342/342/342
f 343/343/343 344/344/344 345/345/345
f 346/346/346 347/347/347 348/348/348
f 349/349/349 350/350/350 351/351/351
f 352/352/352 353/353/353 354/354/354
f 355/355/355 356/356/356 357/357/357
f 358/358/358 359/359/359 360/360/360
f 361/361/361 362/362/362 363/363/363
f 364/364/364 365/365/365 366/366/366
f 367/367/367 368/368/368 369/369/369
f 370/370/370 371/371/371 372/372/372
f 373/373/373 374/374/374 375/375/375
f 376/376/376 377/377/377 378/378/378
f 379/379/379 380/380/380 381/381/381
f 382/382/382 383/383/383 384/384/384
f 385/385/385 386/386/386 387/387/387
f 388/388/388 389/389/389 390/390/390
f 391/391/391 392/392/392 393/393/393
f 394/394/394 395/395/395 396/396/396
f 397/397/397 398/398/398 399/399/399
f 400/400/400 401/401/401 402/402/402
f 403/403/403 404/404/404 405/405/405
f 406/406/406 407/407/407 408/408/408
f 409/409/409 410/410/410 411/411/411
f 412/412/412 413/413/413 414/414/414
f 415/415/415 416/416/416 417/417/417
f 418/418/418 419/419/419 420/420/420
f 421/421/421 422/422/422 423/423/423
f 424/424/424 425/425/425 426/426/426
f 427/427/427 428/428/428 429/429/429
f 430/430/430 431/431/431 432/432/432
f 433/433/433 434/434/434 435/435/435
f 436/436/436 437/437/437 438/438/438
f 439/439/439 440/440/440 441/441/441
f 442/442/442 443/443/443 444/444/444
f 445/445/445 446/446/446 447/447/447
f 448/448/448 449/449/449 450/450/450
f 451/451/451 452/452/452 453/453/453
f 454/454/454 455/455/455 456/456/456
f 457/457/457 458/458/458 459/459/459
f 460/460/460 461/461/461 462/462/462
f 463/463/463 464/464/464 465/465/465
f 466/466/466 467/467/467 468/468/468
f 469/469/469 470/470/470 471/471/471
f 472/472/472 473/473/473 474/474/474
f 475/475/475 476/476/476 477/477/477
f 478/478/478 479/479/479 480/480/480
f 481/481/481 482/482/482 483/483/483
f 484/484/484 485/485/485 486/486/486
f 487/487/487 488/488/488 489/489/489
f 490/490/490 491/491/491 492/492/492
f 493/493/493 494/494/494 495/495/495
f 496/496/496 497/497/497 498/498/498
f 499/499/499 500/500/500 501/501/501
f 502/502/502 503/503/503 504/504/504
f 505/505/505 506/506/506 507/507/507
f 508/508/508 509/509/509 510/510/510
f 511/511/511 512/512/512 513/513/513
f 514/514/514 515/515/515 516/516/516
f 517/517/517 518/518/518 519/519/519
f 520/520/520 521/521/521 522/522/522
f 523/523/523 524/524/524 525/525/525
f 526/526/526 527/527/527 528/528/528
f 529/529/529 530/530/530 531/531/531
f 532/532/532 533/533/533 534/534/534
f 535/535/535 536/536/536 537/537/537
f 538/538/538 539/539/539 540/540/540
f 541/541/541 542/542/542 543/543/543
f 544/544/544 545/545/545 546/546/546
f 547/547/547 548/548/548 549/549/549
f 550/550/550 551/551/551 552/552/552
f 553/553/553 554/554/554 555/555/555
f 556/556/556 557/557/557 558/558/558
f 559/559/559 560/560/560 561/561/561
f 562/562/562 563/563/563 564/564/564
f 565/565/565 566/566/566 567/567/567
f 568/568/568 569/569/569 570/570/570
f 571/571/571 572/572/572 573/573/573
f 574/574/574 575/575/575 576/576/576
f 577/577/577 578/578/578 579/579/579
f 580/580/580 581/581/581 582/582/582
f 583/583/583 584/584/584 585/585/585
f 586/586/586 587/587/587 588/588/588
f 589/589/589 590/590/590 591/591/591
f 592/592/592 593/593/593 594/594/594
f 595/595/595 596/596/596 597/597/597
f 598/598/598 599/599/599 600/600/600
f 601/601/601 602/602/602 603/603/603
f 604/604/604 605/605/605 606/606/606
f 607/607/607 608/608/608 609/609/609
f 610/610/610 611/611/611 612/612/612
f 613/613/613 614/614/614 615/615/615
f 616/616/616 617/617/617 618/618/618
f 619/619/619 620/620/620 621/621/621
f 622/622/622 623/623/623 624/624/624
f 625/625/625 626/626/626 627/627/627
f 628/628/628 629/629/629 630/630/630
f 631/631/631 632/632/632 633/633/633
f 634/634/634 635/635/635 636/636/636
f 637/637/637 638/638/638 639/639/639
f 640/640/640 641/641/641 642/642/642
f 643/643/643 644/644/644 645/645/645
f 646/646/646 647/647/647 648/648/648
f 649/649/649 650/650/650 651/651/651
f 652/652/652 653/653/653 654/654/654
f 655/655/655 656/656/656 657/657/657
f 658/658/658 659/659/659 660/660/660
f 661/661/661 662/662/662 663/663/663
f 664/664/664 665/665/665 666/666/666
f 667/667/667 668/668/668 669/669/669
f 670/670/670 671/671/671 672/672/672
f 673/673/673 674/674/674 675/675/675
f 676/676/676 677/677/677 678/678/678
f 679/679/679 680/680/680 681/681/681
f 682/682/682 683/683/683 684/684/684
f 685/685/685 686/686/686 687/687/687
f 688/688/688 689/689/689 690/690/690
f 691/691/691 692/692/692 693/693/693
f 694/694/694 695/695/695 696/696/696
f 697/697/697 698/698/698 699/699/699
f 700/700/700 701/701/701 702/702/702
f 703/703/703 704/704/704 705/705/705
f 706/706/706 707/707/707 708/708/708
f 709/709/709 710/710/710 711/711/711
f 712/712/712 713/713/713 714/714/714
f 715/715/715 716/716/716 717/717/717
f 718/718/718 719/719/719 720/720/720
f 721/721/721 722/722/722 723/723/723
f 724/724/724 725/725/725 726/726/726
f 727/727/727 728/728/728 729/729/729
f 730/730/730 731/731/731 732/732/732
f 733/733/733 734/734/734 735/735/735
f 736/736/736 737/737/737 738/738/738
f 739/739/739 740/740/740 741/741/741
f 742/742/742 743/743/743 744/744/744
f 745/745/745 746/746/746 747/747/747
f 748/748/748 749/749/749 750/750/750
f 751/751/751 752/752/752 753/753/753
f 754/754/754 755/755/755 756/756/756
f 757/757/757 758/758/758 759/759/759
f 760/760/760 761/761/761 762/762/762
f 763/763/763 764/764/764 765/765/765
f 766/766/766 767/767/767 768/768/768
f 769/769/769 770/770/770 771/771/771
f 772/772/772 773/773/773 774/774/774
f 775/775/775 776/776/776 777/777/777
f 778/778/778 779/779/779 780/780/780
f 781/781/781 782/782/782 783/783/783
f 784/784/784 785/785/785 786/786/786
f 787/787/787 788/788/788 789/789/789
f 790/790/790 791/791/791 792/792/792
f 793/793/793 794/794/794 795/795/795
f 796/796/796 797/797/797 798/798/798
f 799/799/799 800/800/800 801/801/801
f 802/802/802 803/803/803 804/804/804
f 805/805/805 806/806/806 807/807/807
f 808/808/808 809/809/809 810/810/810
f 811/811/811 812/812/812 813/813/813
f 814/814/814 815/815/815 816/816/816
f 817/817/817 818/818/818 819/819/819
f 820/820/820 821/821/821 822/822/822
f 823/823/823 824/824/824 825/825/825
f 826/826/826 827/827/827 828/828/828
f 829/829/829 830/830/830 831/831/831
f 832/832/832 833/833/833 834/834/834
f 835/835/835 836/836/836 837/837/837
f 838/838/838 839/839/839 840/840/840
f 841/841/841 842/842/842 843/843/843
f 844/844/844 845/845/845 846/846/846
f 847/847/847 848/848/848 849/849/849
f 850/850/850 851/851/851 852/852/852
f 853/853/853 854/854/854 855/855/855
f 856/856/856 857/857/857 858/858/858
f 859/859/859 860/860/860 861/861/861
f 862/862/862 863/863/863 864/864/864
f 865/865/865 866/866/866 867/867/867
f 868/868/868 869/869/869 870/870/870
f 871/871/871 872/872/872 873/873/873
f 874/874/874 875/875/875 876/876/876
f 877/877/877 878/878/878 879/879/879
f 880/880/880 881/881/881 882/882/882
f 883/883/883 884/884/884 885/885/885
f 886/886/886 887/887/887 888/888/888
f 889/889/889 890/890/890 891/891/891
f 892/892/892 893/893/893 894/894/894
f 895/895/895 896/896/896 897/897/897
f 898/898/898 899/899/899 900/900/900
f 901/901/901 902/902/902 903/903/903
f 904/904/904 905/905/905 906/906/906
f 907/907/907 908/908/908 909/909/909
f 910/910/910 911/911/911 912/912/912
f 913/913/913 914/914/914 915/915/915
f 916/916/916 917/917/917 918/918/918
f 919/919/919 920/920/920 921/921/921
f 922/922/922 923/923/923 924/924/924
f 925/925/925 926/926/926 927/927/927
f 928/928/928 929/929/929 930/930/930
f 931/931/931 932/932/932 933/933/933
f 934/934/934 935/935/935 936/936/936
f 937/937/937 938/938/938 939/939/939
f 940/940/940 941/941/941 942/942/942
f 943/943/943 944/944/944 945/945/945
f 946/946/946 947/947/947 948/948/948
f 949/949/949 950/950/950 951/951/951
f 952/952/952 953/953/953 954/954/954
f 955/955/955 956/956/956 957/957/957
f 958/958/958 959/959/959 960/960/960
f 961/961/961 962/962/962 963/963/963
f 964/964/964 965/965/965 966/966/966
f 967/967/967 968/968/968 969/969/969
f 970/970/970 971/971/971 972/972/972
f 973/973/973 974/974/974 975/975/975
f 976/976/976 977/977/977 978/978/978
f 979/979/979 980/980/980 981/981/981
f 982/982/982 983/983/983 984/984/984
f 985/985/985 986/986/986 987/987/987
f 988/988/988 989/989/989 990/990/990
f 991/991/991 992/992/992 993/993/993
f 994/994/994 995/995/995 996/996/996
f 997/997/997 998/998/998 999/999/999
f 1000/1000/1000 1001/1001/1001 1002/1002/1002
f 1003/1003/1003 1004/1004/1004 1005/1005/1005
f 1006/1006/1006 1007/1007/1007 1008/1008/1008
f 1009/1009/1009 1010/1010/1010 1011/1011/1011
f 1012/1012/1012 1013/1013/1013 1014/1014/1014
f 1015/1015/1015 1016/1016/1016 1017/1017/1017
f 1018/1018/1018 1019/1019/1019 1020/1020/1020
f 1021/1021/1021 1022/1022/1022 1023/1023/1023
f 1024/1024/1024 1025/1025/1025 1026/1026/1026
f 1027/1027/1027 1028/1028/1028 1029/1029/1029
f 1030/1030/1030 1031/1031/1031 1032/1032/1032
f 1033/1033/1033 1034/1034/1034 1035/1035/1035
f 1036/1036/1036 1037/1037/1037 1038/1038/1038
f 1039/1039/1039 1040/1040/1040 1041/1041/1041
f 1042/1042/1042 1043/1043/1043 1044/1044/1044
f 1045/1045/1045 1046/1046/1046 1047/1047/1047
f 1048/1048/1048 1049/1049/1049 1050/1050/1050
f 1051/1051/1051 1052/1052/1052 1053/1053/1053
f 1054/1054/1054 1055/1055/1055 1056/1056/1056
f 1057/1057/1057 1058/1058/1058 1059/1059/1059
f 1060/1060/1060 1061/1061/1061 1062/1062/1062
f 1063/1063/1063 1064/1064/1064 1065/1065/1065
f 1066/1066/1066 1067/1067/1067 1068/1068/1068
f 1069/1069/1069 1070/1070/1070 1071/1071/1071
f 1072/1072/1072 1073/1073/1073 1074/1074/1074
f 1075/1075/1075 1076/1076/1076 1077/1077/1077
f 1078/1078/1078 1079/1079/1079 1080/1080/1080
f 1081/1081/1081 1082/1082/1082 1083/1083/1083
f 1084/1084/1084 1085/1085/1085 1086/1086/1086
f 1087/1087/1087 1088/1088/1088 1089/1089/1089
f 1090/1090/1090 1091/1091/1091 1092/1092/1092
f 1093/1093/1093 1094/1094/1094 1095/1095/1095
f 1096/1096/1096 1097/1097/1097 1098/1098/1098
f 1099/1099/1099 1100/1100/1100 1101/1101/1101
f 1102/1102/1102 1103/1103/1103 1104/1104/1104
f 1105/1105/1105 1106/1106/1106 1107/1107/1107
f 1108/1108/1108 1109/1109/1109 1110/1110/1110
f 1111/1111/1111 1112/1112/1112 1113/1113/1113
f 1114/1114/1114 1115/1115/1115 1116/1116/1116
f 1117/1117/1117 1118/1118/1118 1119/1119/1119
f 1120/1120/1120 1121/1121/1121 1122/1122/1122
f 1123/1123/1123 1124/1124/1124 1125/1125/1125
f 1126/1126/1126 1127/1127/1127 1128/1128/1128
f 1129/1129/1129 1130/1130/1130 1131/1131/1131
f 1132/1132/1132 1133/1133/1133 1134/1134/1134
f 1135/1135/1135 1136/1136/1136 1137/1137/1137
f 1138/1138/1138 1139/1139/1139 1140/1140/1140
f 1141/1141/1141 1142/1142/1142 1143/1143/1143
f 1144/1144/1144 1145/1145/1145 1146/1146/1146
f 1147/1147/1147 1148/1148/1148 1149/1149/1149
f 1150/1150/1150 1151/1151/1151 1152/1152/1152
f 1153/1153/1153 1154/1154/1154 1155/1155/1155
f 1156/1156/1156 1157/1157/1157 1158/1158/1158
f 1159/1159/1159 1160/1160/1160 1161/1161/1161
f 1162/1162/1162 1163/1163/1163 1164/1164/1164
f 1165/1165/1165 1166/1166/1166 1167/1167/1167
f 1168/1168/1168 1169/1169/1169 1170/1170/1170
f 1171/1171/1171 1172/1172/1172 1173/1173/1173
f 1174/1174/1174 1175/1175/1175 1176/1176/1176
f 1177/1177/1177 1178/1178/1178 1179/1179/1179
f 1180/1180/1180 1181/1181/1181 1182/1182/1182
f 1183/1183/1183 1184/1184/1184 1185/1185/1185
f 1186/1186/1186 1187/1187/1187 1188/1188/1188
f 1189/1189/1189 1190/1190/1190 1191/1191/1191
f 1192/1192/1192 1193/1193/1193 1194/1194/1194
f 1195/1195/1195 1196/1196/1196 1197/1197/1197
f 1198/1198/1198 1199/1199/1199 1200/1200/1200
f 1201/1201/1201 1202/1202/1202 1203/1203/1203
f 1204/1204/1204 1205/1205/1205 1206/1206/1206
f 1207/1207/1207 1208/1208/1208 1209/1209/1209
f 1210/1210/1210 1211/1211/1211 1212/1212/1212
f 1213/1213/1213 1214/1214/1214 1215/1215/1215
f 1216/1216/1216 1217/1217/1217 1218/1218/1218
f 1219/1219/1219 1220/1220/1220 1221/1221/1221
f 1222/1222/1222 1223/1223/1223 1224/1224/1224
f 1225/1225/1225 1226/1226/1226 1227/1227/1227
f 1228/1228/1228 1229/1229/1229 1230/1230/1230
f 1231/1231/1231 1232/1232/1232 1233/1233/1233
f 1234/1234/1234 1235/1235/1235 1236/1236/1236
f 1237/1237/1237 1238/1238/1238 1239/1239/1239
f 1240/1240/1240 1241/1241/1241 1242/1242/1242
f 1243/1243/1243 1244/1244/1244 1245/1245/1245
f 1246/1246/1246 1247/1247/1247 1248/1248/1248
f 1249/1249/1249 1250/1250/1250 1251/1251/1251
f 1252/1252/1252 1253/1253/1253 1254/1254/1254
f 1255/1255/1255 1256/1256/1256 1257/1257/1257
f 1258/1258/1258 1259/1259/1259 1260/1260/1260
f 1261/1261/1261 1262/1262/1262 1263/1263/1263
f 1264/1264/1264 1265/1265/1265 1266/1266/1266
f 1267/1267/1267 1268/1268/1268 1269/1269/1269
f 1270/1270/1270 1271/1271/1271 1272/1272/1272
f 1273/1273/1273 1274/1274/1274 1275/1275/1275
f 1276/1276/1276 1277/1277/1277 1278/1278/1278
f 1279/1279/1279 1280/1280/1280 1281/1281/1281
f 1282/1282/1282 1283/1283/1283 1284/1284/1284
f 1285/1285/1285 1286/1286/1286 1287/1287/1287
f 1288/1288/1288 1289/1289/1289 1290/1290/1290
f 1291/1291/1291 1292/1292/1292 1293/1293/1293
f 1294/1294/1294 1295/1295/1295 1296/1296/1296
f 1297/1297/1297 1298/1298/1298 1299/1299/1299
f 1300/1300/1300 1301/1301/1301 1302/1302/1302
f 1303/1303/1303 1304/1304/1304 1305/1305/1305
f 1306/1306/1306 1307/1307/1307 1308/1308/1308
f 1309/1309/1309 1310/1310/1310 1311/1311/1311
f 1312/1312/1312 1313/1313/1313 1314/1314/1314
f 1315/1315/1315 1316/1316/1316 1317/1317/1317
f 1318/1318/1318 1319/1319/1319 1320/1320/1320
f 1321/1321/1321 1322/1322/1322 1323/1323/1323
f 1324/1324/1324 1325/1325/1325 1326/1326/1326
f 1327/1327/1327 1328/1328/1328 1329/1329/1329
f 1330/1330/1330 1331/1331/1331 1332/1332/1332
f 1333/1333/1333 1334/1334/1334 1335/1335/1335
f 1336/1336/1336 1337/1337/1337 1338/1338/1338
f 1339/1339/1339 1340/1340/1340 1341/1341/1341
f 1342/1342/1342 1343/1343/1343 1344/1344/1344
f 1345/1345/1345 1346/1346/1346 1347/1347/1347
f 1348/1348/1348 1349/1349/1349 1350/1350/1350
f 1351/1351/1351 1352/1352/1352 1353/1353/1353
f 1354/1354/1354 1355/1355/1355 1356/1356/1356
f 1357/1357/1357 1358/1358/1358 1359/1359/1359
f 1360/1360/1360 1361/1361/1361 1362/1362/1362
f 1363/1363/1363 1364/1364/1364 1365/1365/1365
f 1366/1366/1366 1367/1367/1367 1368/1368/1368
f 1369/1369/1369 1370/1370/1370 1371/1371/1371
f 1372/1372/1372 1373/1373/1373 1374/1374/1374
f 1375/1375/1375 1376/1376/1376 1377/1377/1377
f 1378/1378/1378 1379/1379/1379 1380/1380/1380
f 1381/1381/1381 1382/1382/1382 1383/1383/1383
f 1384/1384/1384 1385/1385/1385 1386/1386/1386
f 1387/1387/1387 1388/1388/1388 1389/1389/1389
f 1390/1390/1390 1391/1391/1391 1392/1392/1392
f 1393/1393/1393 1394/1394/1394 1395/1395/1395
f 1396/1396/1396 1397/1397/1397 1398/1398/1398
f 1399/1399/1399 1400/1400/1400 1401/1401/1401
f 1402/1402/1402 1403/1403/1403 1404/1404/1404
f 1405/1405/1405 1406/1406/1406 1407/1407/1407
f 1408/1408/1408 1409/1409/1409 1410/1410/1410
f 1411/1411/1411 1412/1412/1412 1413/1413/1413
f 1414/1414/1414 1415/1415/1415 1416/1416/1416
f 1417/1417/1417 1418/1418/1418 1419/1419/1419
f 1420/1420/1420 1421/1421/1421 1422/1422/1422
f 1423/1423/1423 1424/1424/1424 1425/1425/1425
f 1426/1426/1426 1427/1427/1427 1428/1428/1428
f 1429/1429/1429 1430/1430/1430 1431/1431/1431
f 1432/1432/1432 1433/1433/1433 1434/1434/1434
f 1435/1435/1435 1436/1436/1436 1437/1437/1437
f 1438/1438/1438 1439/1439/1439 1440/1440/1440
f 1441/1441/1441 1442/1442/1442 1443/1443/1443
f 1444/1444/1444 1445/1445/1445 1446/1446/1446
f 1447/1447/1447 1448/1448/1448 1449/1449/1449
f 1450/1450/1450 1451/1451/1451 1452/1452/1452
f 1453/1453/1453 1454/1454/1454 1455/1455/1455
f 1456/1456/1456 1457/1457/1457 1458/1458/1458
f 1459/1459/1459 1460/1460/1460 1461/1461/1461
f 1462/1462/1462 1463/1463/1463 1464/1464/1464
f 1465/1465/1465 1466/1466/1466 1467/1467/1467
f 1468/1468/1468 1469/1469/1469 1470/1470/1470
f 1471/1471/1471 1472/1472/1472 1473/1473/1473
f 1474/1474/1474 1475/1475/1475 1476/1476/1476
f 1477/1477/1477 1478/1478/1478 1479/1479/1479
f 1480/1480/1480 1481/1481/1481 1482/1482/1482
f 1483/1483/1483 1484/1484/1484 1485/1485/1485
f 1486/1486/1486 1487/1487/1487 1488/1488/1488
f 1489/1489/1489 1490/1490/1490 1491/1491/1491
f 1492/1492/1492 1493/1493/1493 1494/1494/1494
f 1495/1495/1495 1496/1496/1496 1497/1497/1497
f 1498/1498/1498 1499/1499/1499 1500/1500/1500
f 1501/1501/1501 1502/1502/1502 1503/1503/1503
f 1504/1504/1504 1505/1505/1505 1506/1506/1506
f 1507/1507/1507 1508/1508/1508 1509/1509/1509
f 1510/1510/1510 1511/1511/1511 1512/1512/1512
f 1513/1513/1513 1514/1514/1514 1515/1515/1515
f 1516/1516/1516 1517/1517/1517 1518/1518/1518
f 1519/1519/1519 1520/1520/1520 1521/1521/1521
f 1522/1522/1522 1523/1523/1523 1524/1524/1524
f 1525/1525/1525 1526/1526/1526 1527/1527/1527
f 1528/1528/1528 1529/1529/1529 1530/1530/1530
f 1531/1531/1531 1532/1532/1532 1533/1533/1533
f 1534/1534/1534 1535/1535/1535 1536/1536/1536
f 1537/1537/1537 1538/1538/1538 1539/1539/1539
f 1540/1540/1540 1541/1541/1541 1542/1542/1542
f 1543/1543/1543 1544/1544/1544 1545/1545/1545
f 1546/1546/1546 1547/1547/1547 1548/1548/1548
f 1549/1549/1549 1550/1550/1550 1551/1551/1551
f 1552/1552/1552 1553/1553/1553 1554/1554/1554
f 1555/1555/1555 1556/1556/1556 1557/1557/1557
f 1558/1558/1558 1559/1559/1559 1560/1560/1560
f 1561/1561/1561 1562/1562/1562 1563/1563/1563
f 1564/1564/1564 1565/1565/1565 1566/1566/1566
f 1567/1567/1567 1568/1568/1568 1569/1569/1569
f 1570/1570/1570 1571/1571/1571 1572/1572/1572
f 1573/1573/1573 1574/1574/1574 1575/1575/1575
f 1576/1576/1576 1577/1577/1577 1578/1578/1578
f 1579/1579/1579 1580/1580/1580 1581/1581/1581
f 1582/1582/1582 1583/1583/1583 1584/1584/1584
f 1585/1585/1585 1586/1586/1586 1587/1587/1587
f 1588/1588/1588 1589/1589/1589 1590/1590/1590
f 1591/1591/1591 1592/1592/1592 1593/1593/1593
f 1594/1594/1594 1595/1595/1595 1596/1596/1596
f 1597/1597/1597 1598/1598/1598 1599/1599/1599
f 1600/1600/1600 1601/1601/1601 1602/1602/1602
f 1603/1603/1603 1604/1604/1604 1605/1605/1605
f 1606/1606/1606 1607/1607/1607 1608/1608/1608
f 1609/1609/1609 1610/1610/1610 1611/1611/1611
f 1612/1612/1612 1613/1613/1613 1614/1614/1614
f 1615/1615/1615 1616/1616/1616 1617/1617/1617
f 1618/1618/1618 1619/1619/1619 1620/1620/1620
f 1621/1621/1621 1622/1622/1622 1623/1623/1623
f 1624/1624/1624 1625/1625/1625 1626/1626/1626
f 1627/1627/1627 1628/1628/1628 1629/1629/1629
f 1630/1630/1630 1631/1631/1631 1632/1632/1632
f 1633/1633/1633 1634/1634/1634 1635/1635/1635
f 1636/1636/1636 1637/1637/1637 1638/1638/1638
f 1639/1639/1639 1640/1640/1640 1641/1641/1641
f 1642/1642/1642 1643/1643/1643 1644/1644/1644
f 1645/1645/1645 1646/1646/1646 1647/1647/1647
f 1648/1648/1648 1649/1649/1649 1650/1650/1650
f 1651/1651/1651 1652/1652/1652 1653/1653/1653
f 1654/1654/1654 1655/1655/1655 1656/1656/1656
f 1657/1657/1657 1658/1658/1658 1659/1659/1659
f 1660/1660/1660 1661/1661/1661 1662/1662/1662
f 1663/1663/1663 1664/1664/1664 1665/1665/1665
f 1666/1666/1666 1667/1667/1667 1668/1668/1668
f 1669/1669/1669 1670/1670/1670 1671/1671/1671
f 1672/1672/1672 1673/1673/1673 1674/1674/1674
f 1675/1675/1675 1676/1676/1676 1677/1677/1677
f 1678/1678/1678 1679/1679/1679 1680/1680/1680
f 1681/1681/1681 1682/1682/1682 1683/1683/1683
f 1684/1684/1684 1685/1685/1685 1686/1686/1686
f 1687/1687/1687 1688/1688/1688 1689/1689/1689
f 1690/1690/1690 1691/1691/1691 1692/1692/1692
f 1693/1693/1693 1694/1694/1694 1695/1695/1695
f 1696/1696/1696 1697/1697/1697 1698/1698/1698
f 1699/1699/1699 1700/1700/1700 1701/1701/1701
f 1702/1702/1702 1703/1703/1703 1704/1704/1704
f 1705/1705/1705 1706/1706/1706 1707/1707/1707
f 1708/1708/1708 1709/1709/1709 1710/1710/1710
f 1711/1711/1711 1712/1712/1712 1713/1713/1713
f 1714/1714/1714 1715/1715/1715 1716/1716/1716
f 1717/1717/1717 1718/1718/1718 1719/1719/1719
f 1720/1720/1720 1721/1721/1721 1722/1722/1722
f 1723/1723/1723 1724/1724/1724 1725/1725/1725
f 1726/1726/1726 1727/1727/1727 1728/1728/1728
f 1729/1729/1729 1730/1730/1730 1731/1731/1731
f 1732/1732/1732 1733/1733/1733 1734/1734/1734
f 1735/1735/1735 1736/1736/1736 1737/1737/1737
f 1738/1738/1738 1739/1739/1739 1740/1740/1740
f 1741/1741/1741 1742/1742/1742 1743/1743/1743
f 1744/1744/1744 1745/1745/1745 1746/1746/1746
f 1747/1747/1747 1748/1748/1748 1749/1749/1749
f 1750/1750/1750 1751/1751/1751 1752/1752/1752
f 1753/1753/1753 1754/1754/1754 1755/1755/1755
f 1756/1756/1756 1757/1757/1757 1758/1758/1758
f 1759/1759/1759 1760/1760/1760 1761/1761/1761
f 1762/1762/1762 1763/1763/1763 1764/1764/1764
f 1765/1765/1765 1766/1766/1766 1767/1767/1767
f 1768/1768/1768 1769/1769/1769 1770/1770/1770
f 1771/1771/1771 1772/1772/1772 1773/1773/1773
f 1774/1774/1774 1775/1775/1775 1776/1776/1776
f 1777/1777/1777 1778/1778/1778 1779/1779/1779
f 1780/1780/1780 1781/1781/1781 1782/1782/1782
f 1783/1783/1783 1784/1784/1784 1785/1785/1785
f 1786/1786/1786 1787/1787/1787 1788/1788/1788
f 1789/1789/1789 1790/1790/1790 1791/1791/1791
f 1792/1792/1792 1793/1793/1793 1794/1794/1794
f 1795/1795/1795 1796/1796/1796 1797/1797/1797
f 1798/1798/1798 1799/1799/1799 1800/1800/1800
f 1801/1801/1801 1802/1802/1802 1803/1803/1803
f 1804/1804/1804 1805/1805/1805 1806/1806/1806
f 1807/1807/1807 1808/1808/1808 1809/1809/1809
f 1810/1810/1810 1811/1811/1811 1812/1812/1812
f 1813/1813/1813 1814/1814/1814 1815/1815/1815
f 1816/1816/1816 1817/1817/1817 1818/1818/1818
f 1819/1819/1819 1820/1820/1820 1821/1821/1821
f 1822/1822/1822 1823/1823/1823 1824/1824/1824
f 1825/1825/1825 1826/1826/1826 1827/1827/1827
f 1828/1828/1828 1829/1829/1829 1830/1830/1830
f 1831/1831/1831 1832/1832/1832 1833/1833/1833
f 1834/1834/1834 1835/1835/1835 1836/1836/1836
f 1837/1837/1837 1838/1838/1838 1839/1839/1839
f 1840/1840/1840 1841/1841/1841 1842/1842/1842
f 1843/1843/1843 1844/1844/1844 1845/1845/1845
f 1846/1846/1846 1847/1847/1847 1848/1848/1848
f 1849/1849/1849 1850/1850/1850 1851/1851/1851
f 1852/1852/1852 1853/1853/1853 1854/1854/1854
f 1855/1855/1855 1856/1856/1856 1857/1857/1857
f 1858/1858/1858 1859/1859/1859 1860/1860/1860
f 1861/1861/1861 1862/1862/1862 1863/1863/1863
f 1864/1864/1864 1865/1865/1865 1866/1866/1866
f 1867/1867/1867 1868/1868/1868 1869/1869/1869
f 1870/1870/1870 1871/1871/1871 1872/1872/1872
f 1873/1873/1873 1874/1874/1874 1875/1875/1875
f 1876/1876/1876 1877/1877/1877 1878/1878/1878
f 1879/1879/1879 1880/1880/1880 1881/1881/1881
f 1882/1882/1882 1883/1883/1883 1884/1884/1884
f 1885/1885/1885 1886/1886/1886 1887/1887/1887
f 1888/1888/1888 1889/1889/1889 1890/1890/1890
f 1891/1891/1891 1892/1892/1892 1893/1893/1893
f 1894/1894/1894 1895/1895/1895 1896/1896/1896
f 1897/1897/1897 1898/1898/1898 1899/1899/1899
f 1900/1900/1900 1901/1901/1901 1902/1902/1902
f 1903/1903/1903 1904/1904/1904 1905/1905/1905
f 1906/1906/1906 1907/1907/1907 1908/1908/1908
f 1909/1909/1909 1910/1910/1910 1911/1911/1911
f 1912/1912/1912 1913/1913/1913 1914/1914/1914
f 1915/1915/1915 1916/1916/1916 1917/1917/1917
f 1918/1918/1918 1919/1919/1919 1920/1920/1920
f 1921/1921/1921 1922/1922/1922 1923/1923/1923
f 1924/1924/1924 1925/1925/1925 1926/1926/1926
f 1927/1927/1927 1928/1928/1928 1929/1929/1929
f 1930/1930/1930 1931/1931/1931 1932/1932/1932
f 1933/1933/1933 1934/1934/1934 1935/1935/1935
f 1936/1936/1936 1937/1937/1937 1938/1938/1938
f 1939/1939/1939 1940/1940/1940 1941/1941/1941
f 1942/1942/1942 1943/1943/1943 1944/1944/1944
f 1945/1945/1945 1946/1946/1946 1947/1947/1947
f 1948/1948/1948 1949/1949/1949 1950/1950/1950
f 1951/1951/1951 1952/1952/1952 1953/1953/1953
f 1954/1954/1954 1955/1955/1955 1956/1956/1956
f 1957/1957/1957 1958/1958/1958 1959/1959/1959
f 1960/1960/1960 1961/1961/1961 1962/1962/1962
f 1963/1963/1963 1964/1964/1964 1965/1965/1965
f 1966/1966/1966 1967/1967/1967 1968/1968/1968
f 1969/1969/1969 1970/1970/1970 1971/1971/1971
f 1972/1972/1972 1973/1973/1973 1974/1974/1974
f 1975/1975/1975 1976/1976/1976 1977/1977/1977
f 1978/1978/1978 1979/1979/1979 1980/1980/1980
f 1981/1981/1981 1982/1982/1982 1983/1983/1983
f 1984/1984/1984 1985/1985/1985 1986/1986/1986
f 1987/1987/1987 1988/1988/1988 1989/1989/1989
f 1990/1990/1990 1991/1991/1991 1992/1992/1992
f 1993/1993/1993 1994/1994/1994 1995/1995/1995
f 1996/1996/1996 1997/1997/1997 1998/1998/1998
f 1999/1999/1999 2000/2000/2000 2001/2001/2001
f 2002/2002/2002 2003/2003/2003 2004/2004/2004
f 2005/2005/2005 2006/2006/2006 2007/2007/2007
f 2008/2008/2008 2009/2009/2009 2010/2010/2010
f 2011/2011/2011 2012/2012/2012 2013/2013/2013
f 2014/2014/2014 2015/2015/2015 2016/2016/2016
f 2017/2017/2017 2018/2018/2018 2019/2019/2019
f 2020/2020/2020 2021/2021/2021 2022/2022/2022
f 2023/2023/2023 2024/2024/2024 2025/2025/2025
f 2026/2026/2026 2027/2027/2027 2028/2028/2028
f 2029/2029/2029 2030/2030/2030 2031/2031/2031
f 2032/2032/2032 2033/2033/2033 2034/2034/2034
f 2035/2035/2035 2036/2036/2036 2037/2037/2037
f 2038/2038/2038 2039/2039/2039 2040/2040/2040
f 2041/2041/2041 2042/2042/2042 2043/2043/2043
f 2044/2044/2044 2045/2045/2045 2046/2046/2046
f 2047/2047/2047 2048/2048/2048 2049/2049/2049
f 2050/2050/2050 2051/2051/2051 2052/2052/2052
f 2053/2053/2053 2054/2054/2054 2055/2055/2055
f 2056/2056/2056 2057/2057/2057 2058/2058/2058
f 2059/2059/2059 2060/2060/2060 2061/2061/2061
f 2062/2062/2062 2063/2063/2063 2064/2064/2064
f 2065/2065/2065 2066/2066/2066 2067/2067/2067
f 2068/2068/2068 2069/2069/2069 2070/2070/2070
f 2071/2071/2071 2072/2072/2072 2073/2073/2073
f 2074/2074/2074 2075/2075/2075 2076/2076/2076
f 2077/2077/2077 2078/2078/2078 2079/2079/2079
f 2080/2080/2080 2081/2081/2081 2082/2082/2082
f 2083/2083/2083 2084/2084/2084 2085/2085/2085
f 2086/2086/2086 2087/2087/2087 2088/2088/2088
f 2089/2089/2089 2090/2090/2090 2091/2091/2091
f 2092/2092/2092 2093/2093/2093 2094/2094/2094
f 2095/2095/2095 2096/2096/2096 2097/2097/2097
f 2098/2098/2098 2099/2099/2099 2100/2100/2100
f 2101/2101/2101 2102/2102/2102 2103/2103/2103
f 2104/2104/2104 2105/2105/2105 2106/2106/2106
f 2107/2107/2107 2108/2108/2108 2109/2109/2109
f 2110/2110/2110 2111/2111/2111 2112/2112/2112
f 2113/2113/2113 2114/2114/2114 2115/2115/2115
f 2116/2116/2116 2117/2117/2117 2118/2118/2118
f 2119/2119/2119 2120/2120/2120 2121/2121/2121
f 2122/2122/2122 2123/2123/2123 2124/2124/2124
f 2125/2125/2125 2126/2126/2126 2127/2127/2127
f 2128/2128/2128 2129/2129/2129 2130/2130/2130
f 2131/2131/2131 2132/2132/2132 2133/2133/2133
f 2134/2134/2134 2135/2135/2135 2136/2136/2136
f 2137/2137/2137 2138/2138/2138 2139/2139/2139
f 2140/2140/2140 2141/2141/2141 2142/2142/2142
f 2143/2143/2143 2144/2144/2144 2145/2145/2145
f 2146/2146/2146 2147/2147/2147 2148/2148/2148
f 2149/2149/2149 2150/2150/2150 2151/2151/2151
f 2152/2152/2152 2153/2153/2153 2154/2154/2154
f 2155/2155/2155 2156/2156/2156 2157/2157/2157
f 2158/2158/2158 2159/2159/2159 2160/2160/2160
f 2161/2161/2161 2162/2162/2162 2163/2163/2163
f 2164/2164/2164 2165/2165/2165 2166/2166/2166
f 2167/2167/2167 2168/2168/2168 2169/2169/2169
f 2170/2170/2170 2171/2171/2171 2172/2172/2172
f 2173/2173/2173 2174/2174/2174 2175/2175/2175
f 2176/2176/2176 2177/2177/2177 2178/2178/2178
f 2179/2179/2179 2180/2180/2180 2181/2181/2181
f 2182/2182/2182 2183/2183/2183 2184/2184/2184
f 2185/2185/2185 2186/2186/2186 2187/2187/2187
f 2188/2188/2188 2189/2189/2189 2190/2190/2190
f 2191/2191/2191 2192/2192/2192 2193/2193/2193
f 2194/2194/2194 2195/2195/2195 2196/2196/2196
f 2197/2197/2197 2198/2198/2198 2199/2199/2199
f 2200/2200/2200 2201/2201/2201 2202/2202/2202
f 2203/2203/2203 2204/2204/2204 2205/2205/2205
f 2206/2206/2206 2207/2207/2207 2208/2208/2208
f 2209/2209/2209 2210/2210/2210 2211/2211/2211
f 2212/2212/2212 2213/2213/2213 2214/2214/2214
f 2215/2215/2215 2216/2216/2216 2217/2217/2217
f 2218/2218/2218 2219/2219/2219 2220/2220/2220
f 2221/2221/2221 2222/2222/2222 2223/2223/2223
f 2224/2224/2224 2225/2225/2225 2226/2226/2226
f 2227/2227/2227 2228/2228/2228 2229/2229/2229
f 2230/2230/2230 2231/2231/2231 2232/2232/2232
f 2233/2233/2233 2234/2234/2234 2235/2235/2235
f 2236/2236/2236 2237/2237/2237 2238/2238/2238
f 2239/2239/2239 2240/2240/2240 2241/2241/2241
f 2242/2242/2242 2243/2243/2243 2244/2244/2244
f 2245/2245/2245 2246/2246/2246 2247/2247/2247
f 2248/2248/2248 2249/2249/2249 2250/2250/2250
f 2251/2251/2251 2252/2252/2252 2253/2253/2253
f 2254/2254/2254 2255/2255/2255 2256/2256/2256
f 2257/2257/2257 2258/2258/2258 2259/2259/2259
f 2260/2260/2260 2261/2261/2261 2262/2262/2262
f 2263/2263/2263 2264/2264/2264 2265/2265/2265
f 2266/2266/2266 2267/2267/2267 2268/2268/2268
f 2269/2269/2269 2270/2270/2270 2271/2271/2271
f 2272/2272/2272 2273/2273/2273 2274/2274/2274
f 2275/2275/2275 2276/2276/2276 2277/2277/2277
f 2278/2278/2278 2279/2279/2279 2280/2280/2280
f 2281/2281/2281 2282/2282/2282 2283/2283/2283
f 2284/2284/2284 2285/2285/2285 2286/2286/2286
f 2287/2287/2287 2288/2288/2288 2289/2289/2289
f 2290/2290/2290 2291/2291/2291 2292/2292/2292
f 2293/2293/2293 2294/2294/2294 2295/2295/2295
f 2296/2296/2296 2297/2297/2297 2298/2298/2298
f 2299/2299/2299 2300/2300/2300 2301/2301/2301
f 2302/2302/2302 2303/2303/2303 2304/2304/2304
f 2305/2305/2305 2306/2306/2306 2307/2307/2307
f 2308/2308/2308 2309/2309/2309 2310/2310/2310
f 2311/2311/2311 2312/2312/2312 2313/2313/2313
f 2314/2314/2314 2315/2315/2315 2316/2316/2316
f 2317/2317/2317 2318/2318/2318 2319/2319/2319
f 2320/2320/2320 2321/2321/2321 2322/2322/2322
f 2323/2323/2323 2324/2324/2324 2325/2325/2325
f 2326/2326/2326 2327/2327/2327 2328/2328/2328
f 2329/2329/2329 2330/2330/2330 2331/2331/2331
f 2332/2332/2332 2333/2333/2333 2334/2334/2334
f 2335/2335/2335 2336/2336/2336 2337/2337/2337
f 2338/2338/2338 2339/2339/2339 2340/2340/2340
f 2341/2341/2341 2342/2342/2342 2343/2343/2343
f 2344/2344/2344 2345/2345/2345 2346/2346/2346
f 2347/2347/2347 2348/2348/2348 2349/2349/2349
f 2350/2350/2350 2351/2351/2351 2352/2352/2352
f 2353/2353/2353 2354/2354/2354 2355/2355/2355
f 2356/2356/2356 2357/2357/2357 2358/2358/2358
f 2359/2359/2359 2360/2360/2360 2361/2361/2361
f 2362/2362/2362 2363/2363/2363 2364/2364/2364
f 2365/2365/2365 2366/2366/2366 2367/2367/2367
f 2368/2368/2368 2369/2369/2369 2370/2370/2370
f 2371/2371/2371 2372/2372/2372 2373/2373/2373
f 2374/2374/2374 2375/2375/2375 2376/2376/2376
f 2377/2377/2377 2378/2378/2378 2379/2379/2379
f 2380/2380/2380 2381/2381/2381 2382/2382/2382
f 2383/2383/2383 2384/2384/2384 2385/2385/2385
f 2386/2386/2386 2387/2387/2387 2388/2388/2388
f 2389/2389/2389 2390/2390/2390 2391/2391/2391
f 2392/2392/2392 2393/2393/2393 2394/2394/2394
f 2395/2395/2395 2396/2396/2396 2397/2397/2397
f 2398/2398/2398 2399/2399/2399 2400/2400/2400
f 2401/2401/2401 2402/2402/2402 2403/2403/2403
f 2404/2404/2404 2405/2405/2405 2406/2406/2406
f 2407/2407/2407 2408/2408/2408 2409/2409/2409
f 2410/2410/2410 2411/2411/2411 2412/2412/2412
f 2413/2413/2413 2414/2414/2414 2415/2415/2415
f 2416/2416/2416 2417/2417/2417 2418/2418/2418
f 2419/2419/2419 2420/2420/2420 2421/2421/2421
f 2422/2422/2422 2423/2423/2423 2424/2424/2424
f 2425/2425/2425 2426/2426/2426 2427/2427/2427
f 2428/2428/2428 2429/2429/2429 2430/2430/2430
f 2431/2431/2431 2432/2432/2432 2433/2433/2433
f 2434/2434/2434 2435/2435/2435 2436/2436/2436
f 2437/2437/2437 2438/2438/2438 2439/2439/2439
f 2440/2440/2440 2441/2441/2441 2442/2442/2442
f 2443/2443/2443 2444/2444/2444 2445/2445/2445
f 2446/2446/2446 2447/2447/2447 2448/2448/2448
f 2449/2449/2449 2450/2450/2450 2451/2451/2451
f 2452/2452/2452 2453/2453/2453 2454/2454/2454
f 2455/2455/2455 2456/2456/2456 2457/2457/2457
f 2458/2458/2458 2459/2459/2459 2460/2460/2460
f 2461/2461/2461 2462/2462/2462 2463/2463/2463
f 2464/2464/2464 2465/2465/2465 2466/2466/2466
f 2467/2467/2467 2468/2468/2468 2469/2469/2469
f 2470/2470/2470 2471/2471/2471 2472/2472/2472
f 2473/2473/2473 2474/2474/2474 2475/2475/2475
f 2476/2476/2476 2477/2477/2477 2478/2478/2478
f 2479/2479/2479 2480/2480/2480 2481/2481/2481
f 2482/2482/2482 2483/2483/2483 2484/2484/2484
f 2485/2485/2485 2486/2486/2486 2487/2487/2487
f 2488/2488/2488 2489/2489/2489 2490/2490/2490
f 2491/2491/2491 2492/2492/2492 2493/2493/2493
f 2494/2494/2494 2495/2495/2495 2496/2496/2496
f 2497/2497/2497 2498/2498/2498 2499/2499/2499
f 2500/2500/2500 2501/2501/2501 2502/2502/2502
f 2503/2503/2503 2504/2504/2504 2505/2505/2505
f 2506/2506/2506 2507/2507/2507 2508/2508/2508
f 2509/2509/2509 2510/2510/2510 2511/2511/2511
f 2512/2512/2512 2513/2513/2513 2514/2514/2514
f 2515/2515/2515 2516/2516/2516 2517/2517/2517
f 2518/2518/2518 2519/2519/2519 2520/2520/2520
f 2521/2521/2521 2522/2522/2522 2523/2523/2523
f 2524/2524/2524 2525/2525/2525 2526/2526/2526
f 2527/2527/2527 2528/2528/2528 2529/2529/2529
f 2530/2530/2530 2531/2531/2531 2532/2532/2532
f 2533/2533/2533 2534/2534/2534 2535/2535/2535
f 2536/2536/2536 2537/2537/2537 2538/2538/2538
f 2539/2539/2539 2540/2540/2540 2541/2541/2541
f 2542/2542/2542 2543/2543/2543 2544/2544/2544
f 2545/2545/2545 2546/2546/2546 2547/2547/2547
f 2548/2548/2548 2549/2549/2549 2550/2550/2550
f 2551/2551/2551 2552/2552/2552 2553/2553/2553
f 2554/2554/2554 2555/2555/2555 2556/2556/2556
f 2557/2557/2557 2558/2558/2558 2559/2559/2559
f 2560/2560/2560 2561/2561/2561 2562/2562/2562
f 2563/2563/2563 2564/2564/2564 2565/2565/2565
f 2566/2566/2566 2567/2567/2567 2568/2568/2568
f 2569/2569/2569 2570/2570/2570 2571/2571/2571
f 2572/2572/2572 2573/2573/2573 2574/2574/2574
f 2575/2575/2575 2576/2576/2576 2577/2577/2577
f 2578/2578/2578 2579/2579/2579 2580/2580/2580
f 2581/2581/2581 2582/2582/2582 2583/2583/2583
f 2584/2584/2584 2585/2585/2585 2586/2586/2586
f 2587/2587/2587 2588/2588/2588 2589/2589/2589
f 2590/2590/2590 2591/2591/2591 2592/2592/2592
f 2593/2593/2593 2594/2594/2594 2595/2595/2595
f 2596/2596/2596 2597/2597/2597 2598/2598/2598
f 2599/2599/2599 2600/2600/2600 2601/2601/2601
f 2602/2602/2602 2603/2603/2603 2604/2604/2604
f 2605/2605/2605 2606/2606/2606 2607/2607/2607
f 2608/2608/2608 2609/2609/2609 2610/2610/2610
f 2611/2611/2611 2612/2612/2612 2613/2613/2613
f 2614/2614/2614 2615/2615/2615 2616/2616/2616
f 2617/2617/2617 2618/2618/2618 2619/2619/2619
f 2620/2620/2620 2621/2621/2621 2622/2622/2622
f 2623/2623/2623 2624/2624/2624 2625/2625/2625
f 2626/2626/2626 2627/2627/2627 2628/2628/2628
f 2629/2629/2629 2630/2630/2630 2631/2631/2631
f 2632/2632/2632 2633/2633/2633 2634/2634/2634
f 2635/2635/2635 2636/2636/2636 2637/2637/2637
f 2638/2638/2638 2639/2639/2639 2640/2640/2640
f 2641/2641/2641 2642/2642/2642 2643/2643/2643
f 2644/2644/2644 2645/2645/2645 2646/2646/2646
f 2647/2647/2647 2648/2648/2648 2649/2649/2649
f 2650/2650/2650 2651/2651/2651 2652/2652/2652
f 2653/2653/2653 2654/2654/2654 2655/2655/2655
f 2656/2656/2656 2657/2657/2657 2658/2658/2658
f 2659/2659/2659 2660/2660/2660 2661/2661/2661
f 2662/2662/2662 2663/2663/2663 2664/2664/2664
f 2665/2665/2665 2666/2666/2666 2667/2667/2667
f 2668/2668/2668 2669/2669/2669 2670/2670/2670
f 2671/2671/2671 2672/2672/2672 2673/2673/2673
f 2674/2674/2674 2675/2675/2675 2676/2676/2676
f 2677/2677/2677 2678/2678/2678 2679/2679/2679
f 2680/2680/2680 2681/2681/2681 2682/2682/2682
f 2683/2683/2683 2684/2684/2684 2685/2685/2685
f 2686/2686/2686 2687/2687/2687 2688/2688/2688
f 2689/2689/2689 2690/2690/2690 2691/2691/2691
f 2692/2692/2692 2693/2693/2693 2694/2694/2694
f 2695/2695/2695 2696/2696/2696 2697/2697/2697
f 2698/2698/2698 2699/2699/2699 2700/2700/2700
f 2701/2701/2701 2702/2702/2702 2703/2703/2703
f 2704/2704/2704 2705/2705/2705 2706/2706/2706
f 2707/2707/2707 2708/2708/2708 2709/2709/2709
f 2710/2710/2710 2711/2711/2711 2712/2712/2712
f 2713/2713/2713 2714/2714/2714 2715/2715/2715
f 2716/2716/2716 2717/2717/2717 2718/2718/2718
f 2719/2719/2719 2720/2720/2720 2721/2721/2721
f 2722/2722/2722 2723/2723/2723 2724/2724/2724
f 2725/2725/2725 2726/2726/2726 2727/2727/2727
f 2728/2728/2728 2729/2729/2729 2730/2730/2730
f 2731/2731/2731 2732/2732/2732 2733/2733/2733
f 2734/2734/2734 2735/2735/2735 2736/2736/2736
f 2737/2737/2737 2738/2738/2738 2739/2739/2739
f 2740/2740/2740 2741/2741/2741 2742/2742/2742
f 2743/2743/2743 2744/2744/2744 2745/2745/2745
f 2746/2746/2746 2747/2747/2747 2748/2748/2748
f 2749/2749/2749 2750/2750/2750 2751/2751/2751
f 2752/2752/2752 2753/2753/2753 2754/2754/2754
f 2755/2755/2755 2756/2756/2756 2757/2757/2757
f 2758/2758/2758 2759/2759/2759 2760/2760/2760
f 2761/2761/2761 2762/2762/2762 2763/2763/2763
f 2764/2764/2764 2765/2765/2765 2766/2766/2766
f 2767/2767/2767 2768/2768/2768 2769/2769/2769
f 2770/2770/2770 2771/2771/2771 2772/2772/2772
f 2773/2773/2773 2774/2774/2774 2775/2775/2775
f 2776/2776/2776 2777/2777/2777 2778/2778/2778
f 2779/2779/2779 2780/2780/2780 2781/2781/2781
f 2782/2782/2782 2783/2783/2783 2784/2784/2784
f 2785/2785/2785 2786/2786/2786 2787/2787/2787
f 2788/2788/2788 2789/2789/2789 2790/2790/2790
f 2791/2791/2791 2792/2792/2792 2793/2793/2793
f 2794/2794/2794 2795/2795/2795 2796/2796/2796
f 2797/2797/2797 2798/2798/2798 2799/2799/2799
f 2800/2800/2800 2801/2801/2801 2802/2802/2802
f 2803/2803/2803 2804/2804/2804 2805/2805/2805
f 2806/2806/2806 2807/2807/2807 2808/2808/2808
f 2809/2809/2809 2810/2810/2810 2811/2811/2811
f 2812/2812/2812 2813/2813/2813 2814/2814/2814
f 2815/2815/2815 2816/2816/2816 2817/2817/2817
f 2818/2818/2818 2819/2819/2819 2820/2820/2820
f 2821/2821/2821 2822/2822/2822 2823/2823/2823
f 2824/2824/2824 2825/2825/2825 2826/2826/2826
f 2827/2827/2827 2828/2828/2828 2829/2829/2829
f 2830/2830/2830 2831/2831/2831 2832/2832/2832
f 2833/2833/2833 2834/2834/2834 2835/2835/2835
f 2836/2836/2836 2837/2837/2837 2838/2838/2838
f 2839/2839/2839 2840/2840/2840 2841/2841/2841
f 2842/2842/2842 2843/2843/2843 2844/2844/2844
f 2845/2845/2845 2846/2846/2846 2847/2847/2847
f 2848/2848/2848 2849/2849/2849 2850/2850/2850
f 2851/2851/2851 2852/2852/2852 2853/2853/2853
f 2854/2854/2854 2855/2855/2855 2856/2856/2856
f 2857/2857/2857 2858/2858/2858 2859/2859/2859
f 2860/2860/2860 2861/2861/2861 2862/2862/2862
f 2863/2863/2863 2864/2864/2864 2865/2865/2865
f 2866/2866/2866 2867/2867/2867 2868/2868/2868
f 2869/2869/2869 2870/2870/2870 2871/2871/2871
f 2872/2872/2872 2873/2873/2873 2874/2874/2874
f 2875/2875/2875 2876/2876/2876 2877/2877/2877
f 2878/2878/2878 2879/2879/2879 2880/2880/2880
f 2881/2881/2881 2882/2882/2882 2883/2883/2883
f 2884/2884/2884 2885/2885/2885 2886/2886/2886
f 2887/2887/2887 2888/2888/2888 2889/2889/2889
f 2890/2890/2890 2891/2891/2891 2892/2892/2892
f 2893/2893/2893 2894/2894/2894 2895/2895/2895
f 2896/2896/2896 2897/2897/2897 2898/2898/2898
f 2899/2899/2899 2900/2900/2900 2901/2901/2901
f 2902/2902/2902 2903/2903/2903 2904/2904/2904
f 2905/2905/2905 2906/2906/2906 2907/2907/2907
f 2908/2908/2908 2909/2909/2909 2910/2910/2910
f 2911/2911/2911 2912/2912/2912 2913/2913/2913
f 2914/2914/2914 2915/2915/2915 2916/2916/2916
f 2917/2917/2917 2918/2918/2918 2919/2919/2919
f 2920/2920/2920 2921/2921/2921 2922/2922/2922
f 2923/2923/2923 2924/2924/2924 2925/2925/2925
f 2926/2926/2926 2927/2927/2927 2928/2928/2928
f 2929/2929/2929 2930/2930/2930 2931/2931/2931
f 2932/2932/2932 2933/2933/2933 2934/2934/2934
f 2935/2935/2935 2936/2936/2936 2937/2937/2937
f 2938/2938/2938 2939/2939/2939 2940/2940/2940
f 2941/2941/2941 2942/2942/2942 2943/2943/2943
f 2944/2944/2944 2945/2945/2945 2946/2946/2946
f 2947/2947/2947 2948/2948/2948 2949/2949/2949
f 2950/2950/2950 2951/2951/2951 2952/2952/2952
f 2953/2953/2953 2954/2954/2954 2955/2955/2955
f 2956/2956/2956 2957/2957/2957 2958/2958/2958
f 2959/2959/2959 2960/2960/2960 2961/2961/2961
f 2962/2962/2962 2963/2963/2963 2964/2964/2964
f 2965/2965/2965 2966/2966/2966 2967/2967/2967
f 2968/2968/2968 2969/2969/2969 2970/2970/2970
f 2971/2971/2971 2972/2972/2972 2973/2973/2973
f 2974/2974/2974 2975/2975/2975 2976/2976/2976
f 2977/2977/2977 2978/2978/2978 2979/2979/2979
f 2980/2980/2980 2981/2981/2981 2982/2982/2982
f 2983/2983/2983 2984/2984/2984 2985/2985/2985
f 2986/2986/2986 2987/2987/2987 2988/2988/2988
f 2989/2989/2989 2990/2990/2990 2991/2991/2991
f 2992/2992/2992 2993/2993/2993 2994/2994/2994
f 2995/2995/2995 2996/2996/2996 2997/2997/2997
f 2998/2998/2998 2999/2999/2999 3000/3000/3000
f 3001/3001/3001 3002/3002/3002 3003/3003/3003
f 3004/3004/3004 3005/3005/3005 3006/3006/3006
f 3007/3007/3007 3008/3008/3008 3009/3009/3009
f 3010/3010/3010 3011/3011/3011 3012/3012/3012
f 3013/3013/3013 3014/3014/3014 3015/3015/3015
f 3016/3016/3016 3017/3017/3017 3018/3018/3018
f 3019/3019/3019 3020/3020/3020 3021/3021/3021
f 3022/3022/3022 3023/3023/3023 3024/3024/3024
f 3025/3025/3025 3026/3026/3026 3027/3027/3027
f 3028/3028/3028 3029/3029/3029 3030/3030/3030
f 3031/3031/3031 3032/3032/3032 3033/3033/3033
f 3034/3034/3034 3035/3035/3035 3036/3036/3036
f 3037/3037/3037 3038/3038/3038 3039/3039/3039
f 3040/3040/3040 3041/3041/3041 3042/3042/3042
f 3043/3043/3043 3044/3044/3044 3045/3045/3045
f 3046/3046/3046 3047/3047/3047 3048/3048/3048
f 3049/3049/3049 3050/3050/3050 3051/3051/3051
f 3052/3052/3052 3053/3053/3053 3054/3054/3054
f 3055/3055/3055 3056/3056/3056 3057/3057/3057
f 3058/3058/3058 3059/3059/3059 3060/3060/3060
f 3061/3061/3061 3062/3062/3062 3063/3063/3063
f 3064/3064/3064 3065/3065/3065 3066/3066/3066
f 3067/3067/3067 3068/3068/3068 3069/3069/3069
f 3070/3070/3070 3071/3071/3071 3072/3072/3072
f 3073/3073/3073 3074/3074/3074 3075/3075/3075
f 3076/3076/3076 3077/3077/3077 3078/3078/3078
f 3079/3079/3079 3080/3080/3080 3081/3081/3081
f 3082/3082/3082 3083/3083/3083 3084/3084/3084
f 3085/3085/3085 3086/3086/3086 3087/3087/3087
f 3088/3088/3088 3089/3089/3089 3090/3090/3090
f 3091/3091/3091 3092/3092/3092 3093/3093/3093
f 3094/3094/3094 3095/3095/3095 3096/3096/3096
f 3097/3097/3097 3098/3098/3098 3099/3099/3099
f 3100/3100/3100 3101/3101/3101 3102/3102/3102
f 3103/3103/3103 3104/3104/3104 3105/3105/3105
f 3106/3106/3106 3107/3107/3107 3108/3108/3108
f 3109/3109/3109 3110/3110/3110 3111/3111/3111
f 3112/3112/3112 3113/3113/3113 3114/3114/3114
f 3115/3115/3115 3116/3116/3116 3117/3117/3117
f 3118/3118/3118 3119/3119/3119 3120/3120/3120
f 3121/3121/3121 3122/3122/3122 3123/3123/3123
f 3124/3124/3124 3125/3125/3125 3126/3126/3126
f 3127/3127/3127 3128/3128/3128 3129/3129/3129
f 3130/3130/3130 3131/3131/3131 3132/3132/3132
f 3133/3133/3133 3134/3134/3134 3135/3135/3135
f 3136/3136/3136 3137/3137/3137 3138/3138/3138
f 3139/3139/3139 3140/3140/3140 3141/3141/3141
f 3142/3142/3142 3143/3143/3143 3144/3144/3144
f 3145/3145/3145 3146/3146/3146 3147/3147/3147
f 3148/3148/3148 3149/3149/3149 3150/3150/3150
f 3151/3151/3151 3152/3152/3152 3153/3153/3153
f 3154/3154/3154 3155/3155/3155 3156/3156/3156
f 3157/3157/3157 3158/3158/3158 3159/3159/3159
f 3160/3160/3160 3161/3161/3161 3162/3162/3162
f 3163/3163/3163 3164/3164/3164 3165/3165/3165
f 3166/3166/3166 3167/3167/3167 3168/3168/3168
f 3169/3169/3169 3170/3170/3170 3171/3171/3171
f 3172/3172/3172 3173/3173/3173 3174/3174/3174
f 3175/3175/3175 3176/3176/3176 3177/3177/3177
f 3178/3178/3178 3179/3179/3179 3180/3180/3180
f 3181/3181/3181 3182/3182/3182 3183/3183/3183
f 3184/3184/3184 3185/3185/3185 3186/3186/3186
f 3187/3187/3187 3188/3188/3188 3189/3189/3189
f 3190/3190/3190 3191/3191/3191 3192/3192/3192
f 3193/3193/3193 3194/3194/3194 3195/3195/3195
f 3196/3196/3196 3197/3197/3197 3198/3198/3198
f 3199/3199/3199 3200/3200/3200 3201/3201/3201
f 3202/3202/3202 3203/3203/3203 3204/3204/3204
f 3205/3205/3205 3206/3206/3206 3207/3207/3207
f 3208/3208/3208 3209/3209/3209 3210/3210/3210
f 3211/3211/3211 3212/3212/3212 3213/3213/3213
f 3214/3214/3214 3215/3215/3215 3216/3216/3216
f 3217/3217/3217 3218/3218/3218 3219/3219/3219
f 3220/3220/3220 3221/3221/3221 3222/3222/3222
f 3223/3223/3223 3224/3224/3224 3225/3225/3225
f 3226/3226/3226 3227/3227/3227 3228/3228/3228
f 3229/3229/3229 3230/3230/3230 3231/3231/3231
f 3232/3232/3232 3233/3233/3233 3234/3234/3234
f 3235/3235/3235 3236/3236/3236 3237/3237/3237
f 3238/3238/3238 3239/3239/3239 3240/3240/3240
f 3241/3241/3241 3242/3242/3242 3243/3243/3243
f 3244/3244/3244 3245/3245/3245 3246/3246/3246
f 3247/3247/3247 3248/3248/3248 3249/3249/3249
f 3250/3250/3250 3251/3251/3251 3252/3252/3252
f 3253/3253/3253 3254/3254/3254 3255/3255/3255
f 3256/3256/3256 3257/3257/3257 3258/3258/3258
