o eventhorizonblackthing
v 1.362808005809784 -0.4502829909324646 0.06058900058269501
v 1.4039039778709412 -0.32837000489234924 0.11709599941968918
v 1.3625970053672791 -0.4209260046482086 0.17013999819755554
v 1.4039039778709412 -0.32837000489234924 0.11709599941968918
v 1.362808005809784 -0.4502829909324646 0.06058900058269501
v 1.4040119814872742 -0.34356600046157837 0.06038900092244148
v 1.4040119814872742 -0.34356600046157837 0.06038900092244148
v 1.4161909985542298 -0.22982199490070343 0.06032000109553337
v 1.4039039778709412 -0.32837000489234924 0.11709599941968918
v 0.9883139896392822 -0.6198040246963501 0.2814289927482605
v 0.8715390133857727 -0.4547230005264282 0.42941200733184814
v 0.8745829927921295 -0.6096259951591492 0.27448299527168274
v 0.7651789951324462 -0.43540701270103455 0.39198601245880127
v 0.8745829927921295 -0.6096259951591492 0.27448299527168274
v 0.8715390133857727 -0.4547230005264282 0.42941200733184814
v 0.8745829927921295 -0.6096259951591492 0.27448299527168274
v 0.7651789951324462 -0.43540701270103455 0.39198601245880127
v 0.7679090070724487 -0.574288010597229 0.25307899713516235
v 0.6733310016989708 -0.4028030037879944 0.3320919871330261
v 0.7679090070724487 -0.574288010597229 0.25307899713516235
v 0.7651789951324462 -0.43540701270103455 0.39198601245880127
v 0.7679090070724487 -0.574288010597229 0.25307899713516235
v 0.6733310016989708 -0.4028030037879944 0.3320919871330261
v 0.6755590009689331 -0.516198992729187 0.21867600083351135
v 0.8715390133857727 -0.4547230005264282 0.42941200733184814
v 0.9883139896392822 -0.6198040246963501 0.2814289927482605
v 0.9851620066165924 -0.45943599939346313 0.4418239891529083
v 1.0983029770851136 -0.4492270052433014 0.4283730089664459
v 0.9851620066165924 -0.45943599939346313 0.4418239891529083
v 0.9883139896392822 -0.6198040246963501 0.2814289927482605
v 1.0983029770851136 -0.4492270052433014 0.4283730089664459
v 0.9883139896392822 -0.6198040246963501 0.2814289927482605
v 1.101347999572754 -0.6041290163993835 0.2734439969062805
v 1.2032550144195557 -0.4247879981994629 0.3899790048599243
v 1.0983029770851136 -0.4492270052433014 0.4283730089664459
v 1.101347999572754 -0.6041290163993835 0.2734439969062805
v 1.2032550144195557 -0.4247879981994629 0.3899790048599243
v 1.101347999572754 -0.6041290163993835 0.2734439969062805
v 1.2059850263595582 -0.5636699795722961 0.2510719895362854
v 1.2059850263595582 -0.5636699795722961 0.2510719895362854
v 1.2928639817237855 -0.38778600096702576 0.32925400137901306
v 1.2032550144195557 -0.4247879981994629 0.3899790048599243
v 1.2928639817237855 -0.38778600096702576 0.32925400137901306
v 1.2059850263595582 -0.5636699795722961 0.2510719895362854
v 1.2950930166244508 -0.5011820197105408 0.2158380001783371
v 1.3625970053672791 -0.4209260046482086 0.17013999819755554
v 1.2928639817237855 -0.38778600096702576 0.32925400137901306
v 1.2950930166244508 -0.5011820197105408 0.2158380001783371
v 1.2928639817237855 -0.38778600096702576 0.32925400137901306
v 1.3625970053672791 -0.4209260046482086 0.17013999819755554
v 1.3610220122337342 -0.3407430052757263 0.25033700466156006
v 1.3625970053672791 -0.4209260046482086 0.17013999819755554
v 1.4030879902839661 -0.2868640124797821 0.158610001206398
v 1.3610220122337342 -0.3407430052757263 0.25033700466156006
v 1.4030879902839661 -0.2868640124797821 0.158610001206398
v 1.3625970053672791 -0.4209260046482086 0.17013999819755554
v 1.4039039778709412 -0.32837000489234924 0.11709599941968918
v 1.4039039778709412 -0.32837000489234924 0.11709599941968918
v 1.4161909985542298 -0.22982199490070343 0.06032000109553337
v 1.4030879902839661 -0.2868640124797821 0.158610001206398
v 1.0983029770851136 -0.4492270052433014 0.4283730089664459
v 0.9801219868659973 -0.24039100110530853 0.5005329847335815
v 0.9851620066165924 -0.45943599939346313 0.4418239891529083
v 0.9801219868659973 -0.24039100110530853 0.5005329847335815
v 0.8715390133857727 -0.4547230005264282 0.42941200733184814
v 0.9851620066165924 -0.45943599939346313 0.4418239891529083
v 0.9801219868659973 -0.24039100110530853 0.5005329847335815
v 1.0983029770851136 -0.4492270052433014 0.4283730089664459
v 1.0934339928627015 -0.2376450002193451 0.4850809872150421
v 1.2032550144195557 -0.4247879981994629 0.3899790048599243
v 1.0934339928627015 -0.2376450002193451 0.4850809872150421
v 1.0983029770851136 -0.4492270052433014 0.4283730089664459
v 1.0934339928627015 -0.2376450002193451 0.4850809872150421
v 1.2032550144195557 -0.4247879981994629 0.3899790048599243
v 1.1988899874687196 -0.23508800566196442 0.44082099199295044
v 1.2928639817237855 -0.38778600096702576 0.32925400137901306
v 1.1988899874687196 -0.23508800566196442 0.44082099199295044
v 1.2032550144195557 -0.4247879981994629 0.3899790048599243
v 1.1988899874687196 -0.23508800566196442 0.44082099199295044
v 1.2928639817237855 -0.38778600096702576 0.32925400137901306
v 1.2892999815940858 -0.23289699852466583 0.37076500058174133
v 1.3610220122337342 -0.3407430052757263 0.25033700466156006
v 1.2892999815940858 -0.23289699852466583 0.37076500058174133
v 1.2928639817237855 -0.38778600096702576 0.32925400137901306
v 1.2892999815940858 -0.23289699852466583 0.37076500058174133
v 1.3610220122337342 -0.3407430052757263 0.25033700466156006
v 1.3585009741783143 -0.23122000694274902 0.27969101071357727
v 1.4030879902839661 -0.2868640124797821 0.158610001206398
v 1.3585009741783143 -0.23122000694274902 0.27969101071357727
v 1.3610220122337342 -0.3407430052757263 0.25033700466156006
v 1.3585009741783143 -0.23122000694274902 0.27969101071357727
v 1.4030879902839661 -0.2868640124797821 0.158610001206398
v 1.401784019470215 -0.23017099499702454 0.17380499839782715
v 1.4030879902839661 -0.2868640124797821 0.158610001206398
v 1.4161909985542298 -0.22982199490070343 0.06032000109553337
v 1.401784019470215 -0.23017099499702454 0.17380499839782715
v 0.8666699993610382 -0.24314099550247192 0.48611998558044434
v 0.8715390133857727 -0.4547230005264282 0.42941200733184814
v 0.9801219868659973 -0.24039100110530853 0.5005329847335815
v 0.8666699993610382 -0.24314099550247192 0.48611998558044434
v 0.7651789951324462 -0.43540701270103455 0.39198601245880127
v 0.8715390133857727 -0.4547230005264282 0.42941200733184814
v 0.8666699993610382 -0.24314099550247192 0.48611998558044434
v 0.7608139979839325 -0.24570700526237488 0.4428279995918274
v 0.7651789951324462 -0.43540701270103455 0.39198601245880127
v 0.7608139979839325 -0.24570700526237488 0.4428279995918274
v 0.6733310016989708 -0.4028030037879944 0.3320919871330261
v 0.7651789951324462 -0.43540701270103455 0.39198601245880127
v 0.7608139979839325 -0.24570700526237488 0.4428279995918274
v 0.669767001569271 -0.24791300296783447 0.3736029863357544
v 0.6733310016989708 -0.4028030037879944 0.3320919871330261
v 0.8548799920082092 0.12325099855661392 -0.14879000186920166
v 0.9674970078468322 0.1976429969072342 0.062327999621629715
v 0.9679159986972808 0.13892699778079987 -0.15677399933338165
v 0.9674970078468322 0.1976429969072342 0.062327999621629715
v 1.081645028591156 0.12874700129032135 -0.14982900023460388
v 0.9679159986972808 0.13892699778079987 -0.15677399933338165
v 0.9674970078468322 0.1976429969072342 0.062327999621629715
v 0.8548799920082092 0.12325099855661392 -0.14879000186920166
v 0.8544759917259216 0.179966002702713 0.06284700334072113
v 1.081645028591156 0.12874700129032135 -0.14982900023460388
v 0.9674970078468322 0.1976429969072342 0.062327999621629715
v 1.0812390017509461 0.18546199798583984 0.06180800125002861
v 0.7502439934015274 0.08279100060462952 -0.12641799449920654
v 0.8544759917259216 0.179966002702713 0.06284700334072113
v 0.8548799920082092 0.12325099855661392 -0.14879000186920166
v 1.0812390017509461 0.18546199798583984 0.06180800125002861
v 1.1883199977874757 0.09340900182723999 -0.1284250020980835
v 1.081645028591156 0.12874700129032135 -0.14982900023460388
v 0.8544759917259216 0.179966002702713 0.06284700334072113
v 0.7502439934015274 0.08279100060462952 -0.12641799449920654
v 0.7498810011148452 0.13364200294017792 0.0633310005068779
v 0.6611360031366348 0.020302999764680862 -0.09118299931287766
v 0.7498810011148452 0.13364200294017792 0.0633310005068779
v 0.7502439934015274 0.08279100060462952 -0.12641799449920654
v 0.7498810011148452 0.13364200294017792 0.0633310005068779
v 0.6611360031366348 0.020302999764680862 -0.09118299931287766
v 0.6608399990200996 0.06182200089097023 0.06374700367450714
v 1.1879570055007935 0.1442600041627884 0.06132400035858154
v 1.1883199977874757 0.09340900182723999 -0.1284250020980835
v 1.0812390017509461 0.18546199798583984 0.06180800125002861
v 1.1883199977874757 0.09340900182723999 -0.1284250020980835
v 1.1879570055007935 0.1442600041627884 0.06132400035858154
v 1.2806700038909913 0.035319000482559204 -0.09402099996805191
v 1.2806700038909913 0.035319000482559204 -0.09402099996805191
v 1.1879570055007935 0.1442600041627884 0.06132400035858154
v 1.2803729939460755 0.07683800160884857 0.0609080009162426
v 1.3521890211105347 -0.01220299955457449 0.06058900058269501
v 1.2806700038909913 0.035319000482559204 -0.09402099996805191
v 1.2803729939460755 0.07683800160884857 0.0609080009162426
v 1.2806700038909913 0.035319000482559204 -0.09402099996805191
v 1.3521890211105347 -0.01220299955457449 0.06058900058269501
v 1.3523990082740784 -0.041561998426914215 -0.048962000757455826
v 1.3523990082740784 -0.041561998426914215 -0.048962000757455826
v 1.3521890211105347 -0.01220299955457449 0.06058900058269501
v 1.3986240196228028 -0.1319960057735443 0.0036800000816583633
v 1.3986240196228028 -0.1319960057735443 0.0036800000816583633
v 1.3521890211105347 -0.01220299955457449 0.06058900058269501
v 1.3985160160064698 -0.11680000275373459 0.06038900092244148
v 1.3985160160064698 -0.11680000275373459 0.06038900092244148
v 1.4161909985542298 -0.22982199490070343 0.06032000109553337
v 1.3986240196228028 -0.1319960057735443 0.0036800000816583633
v 1.0835830140113831 0.12879399955272675 0.2734439969062805
v 0.9674970078468322 0.1976429969072342 0.062327999621629715
v 0.9699219930171966 0.13897499442100525 0.2814289927482605
v 0.9699219930171966 0.13897499442100525 0.2814289927482605
v 0.9674970078468322 0.1976429969072342 0.062327999621629715
v 0.8568189907073974 0.12329799681901932 0.27448299527168274
v 0.9674970078468322 0.1976429969072342 0.062327999621629715
v 1.0835830140113831 0.12879399955272675 0.2734439969062805
v 1.0812390017509461 0.18546199798583984 0.06180800125002861
v 0.8568189907073974 0.12329799681901932 0.27448299527168274
v 0.9674970078468322 0.1976429969072342 0.062327999621629715
v 0.8544759917259216 0.179966002702713 0.06284700334072113
v 1.1900580096244813 0.09345100075006485 0.2510719895362854
v 1.0812390017509461 0.18546199798583984 0.06180800125002861
v 1.0835830140113831 0.12879399955272675 0.2734439969062805
v 0.8568189907073974 0.12329799681901932 0.27448299527168274
v 0.8544759917259216 0.179966002702713 0.06284700334072113
v 0.751981006860733 0.08283299952745438 0.25307899713516235
v 1.0812390017509461 0.18546199798583984 0.06180800125002861
v 1.1900580096244813 0.09345100075006485 0.2510719895362854
v 1.1879570055007935 0.1442600041627884 0.06132400035858154
v 0.751981006860733 0.08283299952745438 0.25307899713516235
v 0.8544759917259216 0.179966002702713 0.06284700334072113
v 0.7498810011148452 0.13364200294017792 0.0633310005068779
v 0.751981006860733 0.08283299952745438 0.25307899713516235
v 0.7498810011148452 0.13364200294017792 0.0633310005068779
v 0.6625550034642219 0.020337000489234924 0.21867600083351135
v 0.6625550034642219 0.020337000489234924 0.21867600083351135
v 0.7498810011148452 0.13364200294017792 0.0633310005068779
v 0.6608399990200996 0.06182200089097023 0.06374700367450714
v 1.282089011669159 0.035353999584913254 0.2158380001783371
v 1.1879570055007935 0.1442600041627884 0.06132400035858154
v 1.1900580096244813 0.09345100075006485 0.2510719895362854
v 1.1879570055007935 0.1442600041627884 0.06132400035858154
v 1.282089011669159 0.035353999584913254 0.2158380001783371
v 1.2803729939460755 0.07683800160884857 0.0609080009162426
v 1.282089011669159 0.035353999584913254 0.2158380001783371
v 1.3521890211105347 -0.01220299955457449 0.06058900058269501
v 1.2803729939460755 0.07683800160884857 0.0609080009162426
v 1.3521890211105347 -0.01220299955457449 0.06058900058269501
v 1.282089011669159 0.035353999584913254 0.2158380001783371
v 1.353401975631714 -0.04153800010681152 0.17013999819755554
v 1.353401975631714 -0.04153800010681152 0.17013999819755554
v 1.3985160160064698 -0.11680000275373459 0.06038900092244148
v 1.3521890211105347 -0.01220299955457449 0.06058900058269501
v 1.3985160160064698 -0.11680000275373459 0.06038900092244148
v 1.353401975631714 -0.04153800010681152 0.17013999819755554
v 1.3991440105438233 -0.13198399543762207 0.11709599941968918
v 1.3991440105438233 -0.13198399543762207 0.11709599941968918
v 1.4161909985542298 -0.22982199490070343 0.06032000109553337
v 1.3985160160064698 -0.11680000275373459 0.06038900092244148
v 0.7621700036525726 -0.435479998588562 -0.2653219997882843
v 0.6741409990191459 -0.5162330269813538 -0.09118299931287766
v 0.6708740013837814 -0.402862012386322 -0.20459899306297302
v 0.6741409990191459 -0.5162330269813538 -0.09118299931287766
v 0.7621700036525726 -0.435479998588562 -0.2653219997882843
v 0.7661709952354431 -0.5743299722671509 -0.12641799449920654
v 0.8681819903850555 -0.454804003238678 -0.30371901392936707
v 0.7661709952354431 -0.5743299722671509 -0.12641799449920654
v 0.7621700036525726 -0.435479998588562 -0.2653219997882843
v 0.7661709952354431 -0.5743299722671509 -0.12641799449920654
v 0.8681819903850555 -0.454804003238678 -0.30371901392936707
v 0.8726450073719024 -0.609673023223877 -0.14879000186920166
v 0.9863070118427276 -0.6198530197143555 -0.15677399933338165
v 0.8726450073719024 -0.609673023223877 -0.14879000186920166
v 0.8681819903850555 -0.454804003238678 -0.30371901392936707
v 0.9863070118427276 -0.6198530197143555 -0.15677399933338165
v 0.8681819903850555 -0.454804003238678 -0.30371901392936707
v 0.9816860127449035 -0.45952099561691284 -0.31716999411582947
v 1.0949459838867188 -0.44930800795555115 -0.3047580122947693
v 0.9863070118427276 -0.6198530197143555 -0.15677399933338165
v 0.9816860127449035 -0.45952099561691284 -0.31716999411582947
v 0.9863070118427276 -0.6198530197143555 -0.15677399933338165
v 1.0949459838867188 -0.44930800795555115 -0.3047580122947693
v 1.0994090008735657 -0.6041759848594666 -0.14982900023460388
v 1.2042480278015137 -0.5637120008468628 -0.1284250020980835
v 1.0994090008735657 -0.6041759848594666 -0.14982900023460388
v 1.0949459838867188 -0.44930800795555115 -0.3047580122947693
v 1.2042480278015137 -0.5637120008468628 -0.1284250020980835
v 1.0949459838867188 -0.44930800795555115 -0.3047580122947693
v 1.2002459931373597 -0.42486101388931274 -0.26732900738716125
v 1.2042480278015137 -0.5637120008468628 -0.1284250020980835
v 1.2002459931373597 -0.42486101388931274 -0.26732900738716125
v 1.2936750221252442 -0.5012170076370239 -0.09402099996805191
v 1.2936750221252442 -0.5012170076370239 -0.09402099996805191
v 1.2002459931373597 -0.42486101388931274 -0.26732900738716125
v 1.290407018661499 -0.3878459930419922 -0.20743699371814728
v 1.3592840003967286 -0.3407849967479706 -0.12916000187397003
v 1.2936750221252442 -0.5012170076370239 -0.09402099996805191
v 1.290407018661499 -0.3878459930419922 -0.20743699371814728
v 1.2936750221252442 -0.5012170076370239 -0.09402099996805191
v 1.3592840003967286 -0.3407849967479706 -0.12916000187397003
v 1.36159499168396 -0.4209510087966919 -0.048962999135255814
v 1.36159499168396 -0.4209510087966919 -0.048962999135255814
v 1.3592840003967286 -0.3407849967479706 -0.12916000187397003
v 1.4033839869499207 -0.3283829987049103 0.0036800000816583633
v 1.3592840003967286 -0.3407849967479706 -0.12916000187397003
v 1.4021880197525025 -0.2868860065937042 -0.037831999361515045
v 1.4033839869499207 -0.3283829987049103 0.0036800000816583633
v 1.4021880197525025 -0.2868860065937042 -0.037831999361515045
v 1.4161909985542298 -0.22982199490070343 0.06032000109553337
v 1.4033839869499207 -0.3283829987049103 0.0036800000816583633
v 0.9887330102920532 -0.6785200238227844 0.06232700124382973
v 0.8726450073719024 -0.609673023223877 -0.14879000186920166
v 0.9863070118427276 -0.6198530197143555 -0.15677399933338165
v 1.0994090008735657 -0.6041759848594666 -0.14982900023460388
v 0.9887330102920532 -0.6785200238227844 0.06232700124382973
v 0.9863070118427276 -0.6198530197143555 -0.15677399933338165
v 0.874988989830017 -0.6663399934768677 0.06284700334072113
v 0.8726450073719024 -0.609673023223877 -0.14879000186920166
v 0.9887330102920532 -0.6785200238227844 0.06232700124382973
v 0.874988989830017 -0.6663399934768677 0.06284700334072113
v 0.7661709952354431 -0.5743299722671509 -0.12641799449920654
v 0.8726450073719024 -0.609673023223877 -0.14879000186920166
v 0.874988989830017 -0.6663399934768677 0.06284700334072113
v 0.7682719993591308 -0.6251369714736938 0.0633310005068779
v 0.7661709952354431 -0.5743299722671509 -0.12641799449920654
v 0.7682719993591308 -0.6251369714736938 0.0633310005068779
v 0.6741409990191459 -0.5162330269813538 -0.09118299931287766
v 0.7661709952354431 -0.5743299722671509 -0.12641799449920654
v 0.7682719993591308 -0.6251369714736938 0.0633310005068779
v 0.6758560034632682 -0.5577179789543152 0.06374700367450714
v 0.6741409990191459 -0.5162330269813538 -0.09118299931287766
v 0.9887330102920532 -0.6785200238227844 0.06232700124382973
v 1.0994090008735657 -0.6041759848594666 -0.14982900023460388
v 1.1017519998550416 -0.660843014717102 0.06180800125002861
v 1.2042480278015137 -0.5637120008468628 -0.1284250020980835
v 1.1017519998550416 -0.660843014717102 0.06180800125002861
v 1.0994090008735657 -0.6041759848594666 -0.14982900023460388
v 1.1017519998550416 -0.660843014717102 0.06180800125002861
v 1.2042480278015137 -0.5637120008468628 -0.1284250020980835
v 1.2063480186462403 -0.6145190000534058 0.06132400035858154
v 1.2936750221252442 -0.5012170076370239 -0.09402099996805191
v 1.2063480186462403 -0.6145190000534058 0.06132400035858154
v 1.2042480278015137 -0.5637120008468628 -0.1284250020980835
v 1.2063480186462403 -0.6145190000534058 0.06132400035858154
v 1.2936750221252442 -0.5012170076370239 -0.09402099996805191
v 1.2953890132904053 -0.5427020192146301 0.0609080009162426
v 1.36159499168396 -0.4209510087966919 -0.048962999135255814
v 1.2953890132904053 -0.5427020192146301 0.0609080009162426
v 1.2936750221252442 -0.5012170076370239 -0.09402099996805191
v 1.2953890132904053 -0.5427020192146301 0.0609080009162426
v 1.36159499168396 -0.4209510087966919 -0.048962999135255814
v 1.362808005809784 -0.4502829909324646 0.06058900058269501
v 1.4033839869499207 -0.3283829987049103 0.0036800000816583633
v 1.362808005809784 -0.4502829909324646 0.06058900058269501
v 1.36159499168396 -0.4209510087966919 -0.048962999135255814
v 1.362808005809784 -0.4502829909324646 0.06058900058269501
v 1.4033839869499207 -0.3283829987049103 0.0036800000816583633
v 1.4040119814872742 -0.34356600046157837 0.06038900092244148
v 1.4033839869499207 -0.3283829987049103 0.0036800000816583633
v 1.4161909985542298 -0.22982199490070343 0.06032000109553337
v 1.4040119814872742 -0.34356600046157837 0.06038900092244148
v 0.9801219868659973 -0.24039100110530853 0.5005329847335815
v 0.8612829911708831 -0.03156999871134758 0.42941200733184814
v 0.8666699993610382 -0.24314099550247192 0.48611998558044434
v 0.7559829968214035 -0.05601799860596657 0.3919839859008789
v 0.8666699993610382 -0.24314099550247192 0.48611998558044434
v 0.8612829911708831 -0.03156999871134758 0.42941200733184814
v 0.8666699993610382 -0.24314099550247192 0.48611998558044434
v 0.7559829968214035 -0.05601799860596657 0.3919839859008789
v 0.7608139979839325 -0.24570700526237488 0.4428279995918274
v 0.6658229994773864 -0.09303300082683563 0.3320919871330261
v 0.7608139979839325 -0.24570700526237488 0.4428279995918274
v 0.7559829968214035 -0.05601799860596657 0.3919839859008789
v 0.7608139979839325 -0.24570700526237488 0.4428279995918274
v 0.6658229994773864 -0.09303300082683563 0.3320919871330261
v 0.669767001569271 -0.24791300296783447 0.3736029863357544
v 0.8612829911708831 -0.03156999871134758 0.42941200733184814
v 0.9801219868659973 -0.24039100110530853 0.5005329847335815
v 0.9745429921150207 -0.02135699987411499 0.4418250024318695
v 0.9745429921150207 -0.02135699987411499 0.4418250024318695
v 0.9801219868659973 -0.24039100110530853 0.5005329847335815
v 1.0880459713935853 -0.02607399970293045 0.4283730089664459
v 1.0880459713935853 -0.02607399970293045 0.4283730089664459
v 0.9801219868659973 -0.24039100110530853 0.5005329847335815
v 1.0934339928627015 -0.2376450002193451 0.4850809872150421
v 1.0880459713935853 -0.02607399970293045 0.4283730089664459
v 1.0934339928627015 -0.2376450002193451 0.4850809872150421
v 1.1940599846839905 -0.04540000110864639 0.38997700810432434
v 1.1940599846839905 -0.04540000110864639 0.38997700810432434
v 1.0934339928627015 -0.2376450002193451 0.4850809872150421
v 1.1988899874687196 -0.23508800566196442 0.44082099199295044
v 1.1940599846839905 -0.04540000110864639 0.38997700810432434
v 1.1988899874687196 -0.23508800566196442 0.44082099199295044
v 1.285356001853943 -0.078015998005867 0.32925400137901306
v 1.285356001853943 -0.078015998005867 0.32925400137901306
v 1.1988899874687196 -0.23508800566196442 0.44082099199295044
v 1.2892999815940858 -0.23289699852466583 0.37076500058174133
v 1.285356001853943 -0.078015998005867 0.32925400137901306
v 1.2892999815940858 -0.23289699852466583 0.37076500058174133
v 1.3557130265235902 -0.12170299887657166 0.25033700466156006
v 1.2892999815940858 -0.23289699852466583 0.37076500058174133
v 1.3585009741783143 -0.23122000694274902 0.27969101071357727
v 1.3557130265235902 -0.12170299887657166 0.25033700466156006
v 1.401784019470215 -0.23017099499702454 0.17380499839782715
v 1.3557130265235902 -0.12170299887657166 0.25033700466156006
v 1.3585009741783143 -0.23122000694274902 0.27969101071357727
v 1.3557130265235902 -0.12170299887657166 0.25033700466156006
v 1.401784019470215 -0.23017099499702454 0.17380499839782715
v 1.4003399777412415 -0.17348000407218933 0.158610001206398
v 1.401784019470215 -0.23017099499702454 0.17380499839782715
v 1.4161909985542298 -0.22982199490070343 0.06032000109553337
v 1.4003399777412415 -0.17348000407218933 0.158610001206398
v 0.9745429921150207 -0.02135699987411499 0.4418250024318695
v 0.9699219930171966 0.13897499442100525 0.2814289927482605
v 0.8612829911708831 -0.03156999871134758 0.42941200733184814
v 1.0880459713935853 -0.02607399970293045 0.4283730089664459
v 0.9699219930171966 0.13897499442100525 0.2814289927482605
v 0.9745429921150207 -0.02135699987411499 0.4418250024318695
v 0.8612829911708831 -0.03156999871134758 0.42941200733184814
v 0.9699219930171966 0.13897499442100525 0.2814289927482605
v 0.8568189907073974 0.12329799681901932 0.27448299527168274
v 0.8612829911708831 -0.03156999871134758 0.42941200733184814
v 0.8568189907073974 0.12329799681901932 0.27448299527168274
v 0.7559829968214035 -0.05601799860596657 0.3919839859008789
v 0.7559829968214035 -0.05601799860596657 0.3919839859008789
v 0.8568189907073974 0.12329799681901932 0.27448299527168274
v 0.751981006860733 0.08283299952745438 0.25307899713516235
v 0.6658229994773864 -0.09303300082683563 0.3320919871330261
v 0.7559829968214035 -0.05601799860596657 0.3919839859008789
v 0.751981006860733 0.08283299952745438 0.25307899713516235
v 0.6625550034642219 0.020337000489234924 0.21867600083351135
v 0.6658229994773864 -0.09303300082683563 0.3320919871330261
v 0.751981006860733 0.08283299952745438 0.25307899713516235
v 0.9699219930171966 0.13897499442100525 0.2814289927482605
v 1.0880459713935853 -0.02607399970293045 0.4283730089664459
v 1.0835830140113831 0.12879399955272675 0.2734439969062805
v 1.1940599846839905 -0.04540000110864639 0.38997700810432434
v 1.0835830140113831 0.12879399955272675 0.2734439969062805
v 1.0880459713935853 -0.02607399970293045 0.4283730089664459
v 1.0835830140113831 0.12879399955272675 0.2734439969062805
v 1.1940599846839905 -0.04540000110864639 0.38997700810432434
v 1.1900580096244813 0.09345100075006485 0.2510719895362854
v 1.285356001853943 -0.078015998005867 0.32925400137901306
v 1.1900580096244813 0.09345100075006485 0.2510719895362854
v 1.1940599846839905 -0.04540000110864639 0.38997700810432434
v 1.1900580096244813 0.09345100075006485 0.2510719895362854
v 1.285356001853943 -0.078015998005867 0.32925400137901306
v 1.282089011669159 0.035353999584913254 0.2158380001783371
v 1.285356001853943 -0.078015998005867 0.32925400137901306
v 1.353401975631714 -0.04153800010681152 0.17013999819755554
v 1.282089011669159 0.035353999584913254 0.2158380001783371
v 1.353401975631714 -0.04153800010681152 0.17013999819755554
v 1.285356001853943 -0.078015998005867 0.32925400137901306
v 1.3557130265235902 -0.12170299887657166 0.25033700466156006
v 1.4003399777412415 -0.17348000407218933 0.158610001206398
v 1.353401975631714 -0.04153800010681152 0.17013999819755554
v 1.3557130265235902 -0.12170299887657166 0.25033700466156006
v 1.353401975631714 -0.04153800010681152 0.17013999819755554
v 1.4003399777412415 -0.17348000407218933 0.158610001206398
v 1.3991440105438233 -0.13198399543762207 0.11709599941968918
v 1.4003399777412415 -0.17348000407218933 0.158610001206398
v 1.4161909985542298 -0.22982199490070343 0.06032000109553337
v 1.3991440105438233 -0.13198399543762207 0.11709599941968918
v 1.2002459931373597 -0.42486101388931274 -0.26732900738716125
v 1.1954149770736695 -0.23517300188541412 -0.31817299127578735
v 1.290407018661499 -0.3878459930419922 -0.20743699371814728
v 1.290407018661499 -0.3878459930419922 -0.20743699371814728
v 1.1954149770736695 -0.23517300188541412 -0.31817299127578735
v 1.2864629793167115 -0.23296600580215454 -0.24894799292087555
v 1.2002459931373597 -0.42486101388931274 -0.26732900738716125
v 1.0895580220222474 -0.23773899674415588 -0.3614639937877655
v 1.1954149770736695 -0.23517300188541412 -0.31817299127578735
v 1.2864629793167115 -0.23296600580215454 -0.24894799292087555
v 1.3592840003967286 -0.3407849967479706 -0.12916000187397003
v 1.290407018661499 -0.3878459930419922 -0.20743699371814728
v 1.0949459838867188 -0.44930800795555115 -0.3047580122947693
v 1.0895580220222474 -0.23773899674415588 -0.3614639937877655
v 1.2002459931373597 -0.42486101388931274 -0.26732900738716125
v 1.3592840003967286 -0.3407849967479706 -0.12916000187397003
v 1.2864629793167115 -0.23296600580215454 -0.24894799292087555
v 1.3564949798583985 -0.2312680035829544 -0.15851199626922607
v 1.4007439780235291 -0.2301959991455078 -0.05302700027823448
v 1.3592840003967286 -0.3407849967479706 -0.12916000187397003
v 1.3564949798583985 -0.2312680035829544 -0.15851199626922607
v 1.3592840003967286 -0.3407849967479706 -0.12916000187397003
v 1.4007439780235291 -0.2301959991455078 -0.05302700027823448
v 1.4021880197525025 -0.2868860065937042 -0.037831999361515045
v 1.4007439780235291 -0.2301959991455078 -0.05302700027823448
v 1.4161909985542298 -0.22982199490070343 0.06032000109553337
v 1.4021880197525025 -0.2868860065937042 -0.037831999361515045
v 1.0949459838867188 -0.44930800795555115 -0.3047580122947693
v 0.9761090147495269 -0.2404879927635193 -0.3758780062198639
v 1.0895580220222474 -0.23773899674415588 -0.3614639937877655
v 0.9816860127449035 -0.45952099561691284 -0.31716999411582947
v 0.9761090147495269 -0.2404879927635193 -0.3758780062198639
v 1.0949459838867188 -0.44930800795555115 -0.3047580122947693
v 0.8681819903850555 -0.454804003238678 -0.30371901392936707
v 0.9761090147495269 -0.2404879927635193 -0.3758780062198639
v 0.9816860127449035 -0.45952099561691284 -0.31716999411582947
v 0.9761090147495269 -0.2404879927635193 -0.3758780062198639
v 0.8681819903850555 -0.454804003238678 -0.30371901392936707
v 0.8627939987182617 -0.2432350069284439 -0.36042600870132446
v 0.7621700036525726 -0.435479998588562 -0.2653219997882843
v 0.8627939987182617 -0.2432350069284439 -0.36042600870132446
v 0.8681819903850555 -0.454804003238678 -0.30371901392936707
v 0.8627939987182617 -0.2432350069284439 -0.36042600870132446
v 0.7621700036525726 -0.435479998588562 -0.2653219997882843
v 0.7573390024900436 -0.2457910031080246 -0.3161660134792328
v 0.6708740013837814 -0.402862012386322 -0.20459899306297302
v 0.7573390024900436 -0.2457910031080246 -0.3161660134792328
v 0.7621700036525726 -0.435479998588562 -0.2653219997882843
v 0.7573390024900436 -0.2457910031080246 -0.3161660134792328
v 0.6708740013837814 -0.402862012386322 -0.20459899306297302
v 0.6669290009140968 -0.247981995344162 -0.2461100071668625
v 0.8627939987182617 -0.2432350069284439 -0.36042600870132446
v 0.8579259979724884 -0.031651999801397324 -0.30371901392936707
v 0.9761090147495269 -0.2404879927635193 -0.3758780062198639
v 0.8627939987182617 -0.2432350069284439 -0.36042600870132446
v 0.7529740053415298 -0.05609099939465523 -0.2653209865093231
v 0.8579259979724884 -0.031651999801397324 -0.30371901392936707
v 0.8627939987182617 -0.2432350069284439 -0.36042600870132446
v 0.7573390024900436 -0.2457910031080246 -0.3161660134792328
v 0.7529740053415298 -0.05609099939465523 -0.2653209865093231
v 0.7573390024900436 -0.2457910031080246 -0.3161660134792328
v 0.6633650007843971 -0.09309200197458267 -0.20459899306297302
v 0.7529740053415298 -0.05609099939465523 -0.2653209865093231
v 0.7573390024900436 -0.2457910031080246 -0.3161660134792328
v 0.6669290009140968 -0.247981995344162 -0.2461100071668625
v 0.6633650007843971 -0.09309200197458267 -0.20459899306297302
v 0.9761090147495269 -0.2404879927635193 -0.3758780062198639
v 0.8579259979724884 -0.031651999801397324 -0.30371901392936707
v 0.9710669982433319 -0.02144099958240986 -0.3171690106391907
v 1.0846889781951905 -0.026155000552535057 -0.3047580122947693
v 0.9761090147495269 -0.2404879927635193 -0.3758780062198639
v 0.9710669982433319 -0.02144099958240986 -0.3171690106391907
v 0.9761090147495269 -0.2404879927635193 -0.3758780062198639
v 1.0846889781951905 -0.026155000552535057 -0.3047580122947693
v 1.0895580220222474 -0.23773899674415588 -0.3614639937877655
v 1.191050009727478 -0.045472998172044754 -0.26732900738716125
v 1.0895580220222474 -0.23773899674415588 -0.3614639937877655
v 1.0846889781951905 -0.026155000552535057 -0.3047580122947693
v 1.0895580220222474 -0.23773899674415588 -0.3614639937877655
v 1.191050009727478 -0.045472998172044754 -0.26732900738716125
v 1.1954149770736695 -0.23517300188541412 -0.31817299127578735
v 1.2828980255126954 -0.07807599753141403 -0.20743699371814728
v 1.1954149770736695 -0.23517300188541412 -0.31817299127578735
v 1.191050009727478 -0.045472998172044754 -0.26732900738716125
v 1.1954149770736695 -0.23517300188541412 -0.31817299127578735
v 1.2828980255126954 -0.07807599753141403 -0.20743699371814728
v 1.2864629793167115 -0.23296600580215454 -0.24894799292087555
v 1.3539750146865845 -0.12174499779939651 -0.12916000187397003
v 1.2864629793167115 -0.23296600580215454 -0.24894799292087555
v 1.2828980255126954 -0.07807599753141403 -0.20743699371814728
v 1.2864629793167115 -0.23296600580215454 -0.24894799292087555
v 1.3539750146865845 -0.12174499779939651 -0.12916000187397003
v 1.3564949798583985 -0.2312680035829544 -0.15851199626922607
v 1.3539750146865845 -0.12174499779939651 -0.12916000187397003
v 1.4007439780235291 -0.2301959991455078 -0.05302700027823448
v 1.3564949798583985 -0.2312680035829544 -0.15851199626922607
v 1.4007439780235291 -0.2301959991455078 -0.05302700027823448
v 1.3539750146865845 -0.12174499779939651 -0.12916000187397003
v 1.399440007209778 -0.17350199818611145 -0.037831999361515045
v 1.399440007209778 -0.17350199818611145 -0.037831999361515045
v 1.4161909985542298 -0.22982199490070343 0.06032000109553337
v 1.4007439780235291 -0.2301959991455078 -0.05302700027823448
v 0.9679159986972808 0.13892699778079987 -0.15677399933338165
v 1.0846889781951905 -0.026155000552535057 -0.3047580122947693
v 0.9710669982433319 -0.02144099958240986 -0.3171690106391907
v 0.8579259979724884 -0.031651999801397324 -0.30371901392936707
v 0.9679159986972808 0.13892699778079987 -0.15677399933338165
v 0.9710669982433319 -0.02144099958240986 -0.3171690106391907
v 1.081645028591156 0.12874700129032135 -0.14982900023460388
v 1.0846889781951905 -0.026155000552535057 -0.3047580122947693
v 0.9679159986972808 0.13892699778079987 -0.15677399933338165
v 1.081645028591156 0.12874700129032135 -0.14982900023460388
v 1.191050009727478 -0.045472998172044754 -0.26732900738716125
v 1.0846889781951905 -0.026155000552535057 -0.3047580122947693
v 1.1883199977874757 0.09340900182723999 -0.1284250020980835
v 1.191050009727478 -0.045472998172044754 -0.26732900738716125
v 1.081645028591156 0.12874700129032135 -0.14982900023460388
v 1.191050009727478 -0.045472998172044754 -0.26732900738716125
v 1.1883199977874757 0.09340900182723999 -0.1284250020980835
v 1.2828980255126954 -0.07807599753141403 -0.20743699371814728
v 1.1883199977874757 0.09340900182723999 -0.1284250020980835
v 1.2806700038909913 0.035319000482559204 -0.09402099996805191
v 1.2828980255126954 -0.07807599753141403 -0.20743699371814728
v 1.3523990082740784 -0.041561998426914215 -0.048962000757455826
v 1.2828980255126954 -0.07807599753141403 -0.20743699371814728
v 1.2806700038909913 0.035319000482559204 -0.09402099996805191
v 1.2828980255126954 -0.07807599753141403 -0.20743699371814728
v 1.3523990082740784 -0.041561998426914215 -0.048962000757455826
v 1.3539750146865845 -0.12174499779939651 -0.12916000187397003
v 1.399440007209778 -0.17350199818611145 -0.037831999361515045
v 1.3539750146865845 -0.12174499779939651 -0.12916000187397003
v 1.3523990082740784 -0.041561998426914215 -0.048962000757455826
v 1.3523990082740784 -0.041561998426914215 -0.048962000757455826
v 1.3986240196228028 -0.1319960057735443 0.0036800000816583633
v 1.399440007209778 -0.17350199818611145 -0.037831999361515045
v 1.3986240196228028 -0.1319960057735443 0.0036800000816583633
v 1.4161909985542298 -0.22982199490070343 0.06032000109553337
v 1.399440007209778 -0.17350199818611145 -0.037831999361515045
v 0.9679159986972808 0.13892699778079987 -0.15677399933338165
v 0.8579259979724884 -0.031651999801397324 -0.30371901392936707
v 0.8548799920082092 0.12325099855661392 -0.14879000186920166
v 0.7529740053415298 -0.05609099939465523 -0.2653209865093231
v 0.8548799920082092 0.12325099855661392 -0.14879000186920166
v 0.8579259979724884 -0.031651999801397324 -0.30371901392936707
v 0.8548799920082092 0.12325099855661392 -0.14879000186920166
v 0.7529740053415298 -0.05609099939465523 -0.2653209865093231
v 0.7502439934015274 0.08279100060462952 -0.12641799449920654
v 0.6633650007843971 -0.09309200197458267 -0.20459899306297302
v 0.7502439934015274 0.08279100060462952 -0.12641799449920654
v 0.7529740053415298 -0.05609099939465523 -0.2653209865093231
v 0.7502439934015274 0.08279100060462952 -0.12641799449920654
v 0.6633650007843971 -0.09309200197458267 -0.20459899306297302
v 0.6611360031366348 0.020302999764680862 -0.09118299931287766
v 0.9887330102920532 -0.6785200238227844 0.06232700124382973
v 0.8745829927921295 -0.6096259951591492 0.27448299527168274
v 0.874988989830017 -0.6663399934768677 0.06284700334072113
v 0.7679090070724487 -0.574288010597229 0.25307899713516235
v 0.874988989830017 -0.6663399934768677 0.06284700334072113
v 0.8745829927921295 -0.6096259951591492 0.27448299527168274
v 0.874988989830017 -0.6663399934768677 0.06284700334072113
v 0.7679090070724487 -0.574288010597229 0.25307899713516235
v 0.7682719993591308 -0.6251369714736938 0.0633310005068779
v 0.6755590009689331 -0.516198992729187 0.21867600083351135
v 0.7682719993591308 -0.6251369714736938 0.0633310005068779
v 0.7679090070724487 -0.574288010597229 0.25307899713516235
v 0.7682719993591308 -0.6251369714736938 0.0633310005068779
v 0.6755590009689331 -0.516198992729187 0.21867600083351135
v 0.6758560034632682 -0.5577179789543152 0.06374700367450714
v 0.8745829927921295 -0.6096259951591492 0.27448299527168274
v 0.9887330102920532 -0.6785200238227844 0.06232700124382973
v 0.9883139896392822 -0.6198040246963501 0.2814289927482605
v 0.9883139896392822 -0.6198040246963501 0.2814289927482605
v 0.9887330102920532 -0.6785200238227844 0.06232700124382973
v 1.101347999572754 -0.6041290163993835 0.2734439969062805
v 1.101347999572754 -0.6041290163993835 0.2734439969062805
v 0.9887330102920532 -0.6785200238227844 0.06232700124382973
v 1.1017519998550416 -0.660843014717102 0.06180800125002861
v 1.101347999572754 -0.6041290163993835 0.2734439969062805
v 1.1017519998550416 -0.660843014717102 0.06180800125002861
v 1.2059850263595582 -0.5636699795722961 0.2510719895362854
v 1.2059850263595582 -0.5636699795722961 0.2510719895362854
v 1.1017519998550416 -0.660843014717102 0.06180800125002861
v 1.2063480186462403 -0.6145190000534058 0.06132400035858154
v 1.2059850263595582 -0.5636699795722961 0.2510719895362854
v 1.2063480186462403 -0.6145190000534058 0.06132400035858154
v 1.2950930166244508 -0.5011820197105408 0.2158380001783371
v 1.2950930166244508 -0.5011820197105408 0.2158380001783371
v 1.2063480186462403 -0.6145190000534058 0.06132400035858154
v 1.2953890132904053 -0.5427020192146301 0.0609080009162426
v 1.362808005809784 -0.4502829909324646 0.06058900058269501
v 1.2950930166244508 -0.5011820197105408 0.2158380001783371
v 1.2953890132904053 -0.5427020192146301 0.0609080009162426
v 1.2950930166244508 -0.5011820197105408 0.2158380001783371
v 1.362808005809784 -0.4502829909324646 0.06058900058269501
v 1.3625970053672791 -0.4209260046482086 0.17013999819755554
v -2.8012830448150634 -0.3320449888706207 0.08474499732255936
v -2.809259099960327 -0.3337849974632263 0.08235800266265869
v -2.801223917007446 -0.33459600806236267 0.08406099677085876
v -2.809259099960327 -0.3337849974632263 0.08235800266265869
v -2.8012830448150634 -0.3320449888706207 0.08474499732255936
v -2.8092951011657714 -0.3322399854660034 0.08277100324630737
v -2.8092369270324706 -0.33491700887680054 0.08122599869966507
v -2.801223917007446 -0.33459600806236267 0.08406099677085876
v -2.809259099960327 -0.3337849974632263 0.08235800266265869
v -2.8092951011657714 -0.3322399854660034 0.08277100324630737
v -2.8092369270324706 -0.33491700887680054 0.08122599869966507
v -2.809259099960327 -0.3337849974632263 0.08235800266265869
v -2.801187915802002 -0.33646199107170105 0.0821940004825592
v -2.0989450645446777 -0.3205449879169464 0.08598800003528595
v -2.801223917007446 -0.33459600806236267 0.08406099677085876
v -2.801223917007446 -0.33459600806236267 0.08406099677085876
v -2.8092369270324706 -0.33491700887680054 0.08122599869966507
v -2.801187915802002 -0.33646199107170105 0.0821940004825592
v -2.0989450645446777 -0.3205449879169464 0.08598800003528595
v -2.801187915802002 -0.33646199107170105 0.0821940004825592
v -2.0988649559020995 -0.32458600401878357 0.08194699883460999
v -2.0988649559020995 -0.32458600401878357 0.08194699883460999
v -1.2860080432891845 -0.30506300926208496 0.08957599848508835
v -2.0989450645446777 -0.3205449879169464 0.08598800003528595
v -2.8093840312957763 -0.32914799451828003 0.07968000322580338
v -2.8093229961395263 -0.3322399854660034 0.0765869989991188
v -2.8092951011657714 -0.3322399854660034 0.08277100324630737
v -1.2860080432891845 -0.30506300926208496 0.08957599848508835
v -2.0988649559020995 -0.32458600401878357 0.08194699883460999
v -1.2858679723739623 -0.31219398975372314 0.08244399726390839
v -1.2858679723739623 -0.31219398975372314 0.08244399726390839
v -0.35774998188018803 -0.29621198773384094 0.1089560016989708
v -1.2860080432891845 -0.30506300926208496 0.08957599848508835
v -2.8092951011657714 -0.3322399854660034 0.08277100324630737
v -2.8092509937286376 -0.33491700887680054 0.0781330019235611
v -2.8092369270324706 -0.33491700887680054 0.08122599869966507
v -2.8092509937286376 -0.33491700887680054 0.0781330019235611
v -2.8092951011657714 -0.3322399854660034 0.08277100324630737
v -2.8093229961395263 -0.3322399854660034 0.0765869989991188
v -0.35774998188018803 -0.29621198773384094 0.1089560016989708
v -1.2858679723739623 -0.31219398975372314 0.08244399726390839
v -0.35741297721862797 -0.31332701444625854 0.09183699637651443
v -0.35741297721862797 -0.31332701444625854 0.09183699637651443
v 0.23025499463081356 -0.3396010100841522 0.11253499984741211
v -0.35774998188018803 -0.29621198773384094 0.1089560016989708
v -0.35741297721862797 -0.31332701444625854 0.09183699637651443
v 0.2303440141677856 -0.3521359860897064 0.06576400250196457
v 0.23025499463081356 -0.3396010100841522 0.11253499984741211
v -1.2858679723739623 -0.31219398975372314 0.08244399726390839
v -0.35736898899078373 -0.31959500908851624 0.06845100224018097
v -0.35741297721862797 -0.31332701444625854 0.09183699637651443
v 0.2303440141677856 -0.3521359860897064 0.06576400250196457
v -0.35741297721862797 -0.31332701444625854 0.09183699637651443
v -0.35736898899078373 -0.31959500908851624 0.06845100224018097
v -0.35736898899078373 -0.31959500908851624 0.06845100224018097
v -1.2858679723739623 -0.31219398975372314 0.08244399726390839
v -1.2858499717712402 -0.3148050010204315 0.07270199805498123
v -2.0988649559020995 -0.32458600401878357 0.08194699883460999
v -1.2858499717712402 -0.3148050010204315 0.07270199805498123
v -1.2858679723739623 -0.31219398975372314 0.08244399726390839
v -0.3576279711723328 -0.31333300471305847 0.04506500065326691
v 0.2303440141677856 -0.3521359860897064 0.06576400250196457
v -0.35736898899078373 -0.31959500908851624 0.06845100224018097
v 0.2303440141677856 -0.3521359860897064 0.06576400250196457
v -0.3576279711723328 -0.31333300471305847 0.04506500065326691
v 0.22982599020004268 -0.3396120071411133 0.018990999087691307
v -1.2859570217132568 -0.3121959865093231 0.06295900046825409
v -0.35736898899078373 -0.31959500908851624 0.06845100224018097
v -1.2858499717712402 -0.3148050010204315 0.07270199805498123
v -0.35736898899078373 -0.31959500908851624 0.06845100224018097
v -1.2859570217132568 -0.3121959865093231 0.06295900046825409
v -0.3576279711723328 -0.31333300471305847 0.04506500065326691
v -1.2858499717712402 -0.3148050010204315 0.07270199805498123
v -2.0988649559020995 -0.32458600401878357 0.08194699883460999
v -2.098853988647461 -0.3260650038719177 0.07642599940299988
v -2.801187915802002 -0.33646199107170105 0.0821940004825592
v -2.098853988647461 -0.3260650038719177 0.07642599940299988
v -2.0988649559020995 -0.32458600401878357 0.08194699883460999
v -1.2858499717712402 -0.3148050010204315 0.07270199805498123
v -2.098915023803711 -0.32458698749542236 0.07090400159358978
v -1.2859570217132568 -0.3121959865093231 0.06295900046825409
v -2.098915023803711 -0.32458698749542236 0.07090400159358978
v -1.2858499717712402 -0.3148050010204315 0.07270199805498123
v -2.098853988647461 -0.3260650038719177 0.07642599940299988
v -1.2861630153656005 -0.3050670027732849 0.05582699924707413
v -0.3576279711723328 -0.31333300471305847 0.04506500065326691
v -1.2859570217132568 -0.3121959865093231 0.06295900046825409
v -2.098915023803711 -0.32458698749542236 0.07090400159358978
v -1.2861630153656005 -0.3050670027732849 0.05582699924707413
v -1.2859570217132568 -0.3121959865093231 0.06295900046825409
v -0.35812102079391483 -0.296220988035202 0.027946000918745995
v 0.22982599020004268 -0.3396120071411133 0.018990999087691307
v -0.3576279711723328 -0.31333300471305847 0.04506500065326691
v -0.3576279711723328 -0.31333300471305847 0.04506500065326691
v -1.2861630153656005 -0.3050670027732849 0.05582699924707413
v -0.35812102079391483 -0.296220988035202 0.027946000918745995
v 0.22982599020004268 -0.3396120071411133 0.018990999087691307
v -0.35812102079391483 -0.296220988035202 0.027946000918745995
v 0.22884001016616817 -0.3053869903087616 -0.015247000381350517
v -2.098853988647461 -0.3260650038719177 0.07642599940299988
v -2.801187915802002 -0.33646199107170105 0.0821940004825592
v -2.8011829090118407 -0.3371469974517822 0.07964300364255905
v -2.8092369270324706 -0.33491700887680054 0.08122599869966507
v -2.8011829090118407 -0.3371469974517822 0.07964300364255905
v -2.801187915802002 -0.33646199107170105 0.0821940004825592
v -2.8011829090118407 -0.3371469974517822 0.07964300364255905
v -2.8092369270324706 -0.33491700887680054 0.08122599869966507
v -2.8092340660095214 -0.3353320062160492 0.07968000322580338
v -2.8092369270324706 -0.33491700887680054 0.08122599869966507
v -2.8092509937286376 -0.33491700887680054 0.0781330019235611
v -2.8092340660095214 -0.3353320062160492 0.07968000322580338
v -2.8092509937286376 -0.33491700887680054 0.0781330019235611
v -2.8011829090118407 -0.3371469974517822 0.07964300364255905
v -2.8092340660095214 -0.3353320062160492 0.07968000322580338
v -2.8012110424041747 -0.33646300435066223 0.0770919993519783
v -2.098853988647461 -0.3260650038719177 0.07642599940299988
v -2.8011829090118407 -0.3371469974517822 0.07964300364255905
v -2.8011829090118407 -0.3371469974517822 0.07964300364255905
v -2.8092509937286376 -0.33491700887680054 0.0781330019235611
v -2.8012110424041747 -0.33646300435066223 0.0770919993519783
v -2.098853988647461 -0.3260650038719177 0.07642599940299988
v -2.8012110424041747 -0.33646300435066223 0.0770919993519783
v -2.098915023803711 -0.32458698749542236 0.07090400159358978
v -2.8092829418182372 -0.3337860107421875 0.07700099796056747
v -2.8012110424041747 -0.33646300435066223 0.0770919993519783
v -2.8092509937286376 -0.33491700887680054 0.0781330019235611
v -2.8092509937286376 -0.33491700887680054 0.0781330019235611
v -2.8093229961395263 -0.3322399854660034 0.0765869989991188
v -2.8092829418182372 -0.3337860107421875 0.07700099796056747
v -2.8012649250030517 -0.33459699153900146 0.07522399723529816
v -2.098915023803711 -0.32458698749542236 0.07090400159358978
v -2.8012110424041747 -0.33646300435066223 0.0770919993519783
v -2.8012110424041747 -0.33646300435066223 0.0770919993519783
v -2.8092829418182372 -0.3337860107421875 0.07700099796056747
v -2.8012649250030517 -0.33459699153900146 0.07522399723529816
v -2.098915023803711 -0.32458698749542236 0.07090400159358978
v -2.8012649250030517 -0.33459699153900146 0.07522399723529816
v -2.0990320873260497 -0.3205470144748688 0.06686300039291382
v -2.0990320873260497 -0.3205470144748688 0.06686300039291382
v -1.2861630153656005 -0.3050670027732849 0.05582699924707413
v -2.098915023803711 -0.32458698749542236 0.07090400159358978
v -2.8092829418182372 -0.3337860107421875 0.07700099796056747
v -2.8013300132751464 -0.3320469856262207 0.07454100251197815
v -2.8012649250030517 -0.33459699153900146 0.07522399723529816
v -2.8013300132751464 -0.3320469856262207 0.07454100251197815
v -2.8092829418182372 -0.3337860107421875 0.07700099796056747
v -2.8093229961395263 -0.3322399854660034 0.0765869989991188
v -2.8012649250030517 -0.33459699153900146 0.07522399723529816
v -2.0991729927062988 -0.31502801179885864 0.06538300216197968
v -2.0990320873260497 -0.3205470144748688 0.06686300039291382
v -2.0991729927062988 -0.31502801179885864 0.06538300216197968
v -2.8012649250030517 -0.33459699153900146 0.07522399723529816
v -2.8013300132751464 -0.3320469856262207 0.07454100251197815
v -2.0990320873260497 -0.3205470144748688 0.06686300039291382
v -1.2864109706878661 -0.2953279912471771 0.053217001259326935
v -1.2861630153656005 -0.3050670027732849 0.05582699924707413
v -1.2864109706878661 -0.2953279912471771 0.053217001259326935
v -2.0990320873260497 -0.3205470144748688 0.06686300039291382
v -2.0991729927062988 -0.31502801179885864 0.06538300216197968
v -0.3587159943580628 -0.2728419899940491 0.02167999930679798
v -1.2861630153656005 -0.3050670027732849 0.05582699924707413
v -1.2864109706878661 -0.2953279912471771 0.053217001259326935
v -1.2861630153656005 -0.3050670027732849 0.05582699924707413
v -0.3587159943580628 -0.2728419899940491 0.02167999930679798
v -0.35812102079391483 -0.296220988035202 0.027946000918745995
v -1.286634964942932 -0.28558701276779175 0.05582699924707413
v -0.3587159943580628 -0.2728419899940491 0.02167999930679798
v -1.2864109706878661 -0.2953279912471771 0.053217001259326935
v -2.09930006980896 -0.30950799584388733 0.06686300039291382
v -1.2864109706878661 -0.2953279912471771 0.053217001259326935
v -2.0991729927062988 -0.31502801179885864 0.06538300216197968
v -1.2864109706878661 -0.2953279912471771 0.053217001259326935
v -2.09930006980896 -0.30950799584388733 0.06686300039291382
v -1.286634964942932 -0.28558701276779175 0.05582699924707413
v -2.8013889026641845 -0.32949599623680115 0.07522399723529816
v -2.0991729927062988 -0.31502801179885864 0.06538300216197968
v -2.8013300132751464 -0.3320469856262207 0.07454100251197815
v -2.0991729927062988 -0.31502801179885864 0.06538300216197968
v -2.8013889026641845 -0.32949599623680115 0.07522399723529816
v -2.09930006980896 -0.30950799584388733 0.06686300039291382
v -2.8013300132751464 -0.3320469856262207 0.07454100251197815
v -2.8093580436706542 -0.3306939899921417 0.07700099796056747
v -2.8013889026641845 -0.32949599623680115 0.07522399723529816
v -2.8093580436706542 -0.3306939899921417 0.07700099796056747
v -2.8013300132751464 -0.3320469856262207 0.07454100251197815
v -2.8093229961395263 -0.3322399854660034 0.0765869989991188
v -2.801424903869629 -0.3276289999485016 0.0770919993519783
v -2.09930006980896 -0.30950799584388733 0.06686300039291382
v -2.8013889026641845 -0.32949599623680115 0.07522399723529816
v -2.8013889026641845 -0.32949599623680115 0.07522399723529816
v -2.8093580436706542 -0.3306939899921417 0.07700099796056747
v -2.801424903869629 -0.3276289999485016 0.0770919993519783
v -2.8093229961395263 -0.3322399854660034 0.0765869989991188
v -2.8093799781799316 -0.3295620083808899 0.0781330019235611
v -2.8093580436706542 -0.3306939899921417 0.07700099796056747
v -2.8093799781799316 -0.3295620083808899 0.0781330019235611
v -2.801424903869629 -0.3276289999485016 0.0770919993519783
v -2.8093580436706542 -0.3306939899921417 0.07700099796056747
v -2.8093229961395263 -0.3322399854660034 0.0765869989991188
v -2.8093840312957763 -0.32914799451828003 0.07968000322580338
v -2.8093799781799316 -0.3295620083808899 0.0781330019235611
v -2.8093840312957763 -0.32914799451828003 0.07968000322580338
v -2.80142991065979 -0.3269459903240204 0.07964300364255905
v -2.8093799781799316 -0.3295620083808899 0.0781330019235611
v -2.801424903869629 -0.3276289999485016 0.0770919993519783
v -2.8093799781799316 -0.3295620083808899 0.0781330019235611
v -2.80142991065979 -0.3269459903240204 0.07964300364255905
v -2.80142991065979 -0.3269459903240204 0.07964300364255905
v -2.0993889999389648 -0.3039869964122772 0.07642599940299988
v -2.801424903869629 -0.3276289999485016 0.0770919993519783
v -2.09930006980896 -0.30950799584388733 0.06686300039291382
v -2.801424903869629 -0.3276289999485016 0.0770919993519783
v -2.0993789863586425 -0.30546700954437256 0.07090400159358978
v -2.0993789863586425 -0.30546700954437256 0.07090400159358978
v -2.801424903869629 -0.3276289999485016 0.0770919993519783
v -2.0993889999389648 -0.3039869964122772 0.07642599940299988
v -2.0993789863586425 -0.30546700954437256 0.07090400159358978
v -1.286634964942932 -0.28558701276779175 0.05582699924707413
v -2.09930006980896 -0.30950799584388733 0.06686300039291382
v -2.0993889999389648 -0.3039869964122772 0.07642599940299988
v -1.2867939901351928 -0.275846004486084 0.07270199805498123
v -2.0993789863586425 -0.30546700954437256 0.07090400159358978
v -1.2867750358581542 -0.27845698595046997 0.06295900046825409
v -2.0993789863586425 -0.30546700954437256 0.07090400159358978
v -1.2867939901351928 -0.275846004486084 0.07270199805498123
v -1.286634964942932 -0.28558701276779175 0.05582699924707413
v -2.0993789863586425 -0.30546700954437256 0.07090400159358978
v -1.2867750358581542 -0.27845698595046997 0.06295900046825409
v -1.2867939901351928 -0.275846004486084 0.07270199805498123
v -0.35963599205017094 -0.22607900202274323 0.06845100224018097
v -1.2867750358581542 -0.27845698595046997 0.06295900046825409
v -0.3595909905433655 -0.23234499990940094 0.04506500065326691
v -1.2867750358581542 -0.27845698595046997 0.06295900046825409
v -0.35963599205017094 -0.22607900202274323 0.06845100224018097
v -1.2867750358581542 -0.27845698595046997 0.06295900046825409
v -0.3595909905433655 -0.23234499990940094 0.04506500065326691
v -1.286634964942932 -0.28558701276779175 0.05582699924707413
v -0.35963599205017094 -0.22607900202274323 0.06845100224018097
v 0.22581099152564998 -0.1651020050048828 0.06576400250196457
v -0.3595909905433655 -0.23234499990940094 0.04506500065326691
v -0.35925398588180546 -0.24946199357509613 0.027946000918745995
v -1.286634964942932 -0.28558701276779175 0.05582699924707413
v -0.3595909905433655 -0.23234499990940094 0.04506500065326691
v -0.3587159943580628 -0.2728419899940491 0.02167999930679798
v -1.286634964942932 -0.28558701276779175 0.05582699924707413
v -0.35925398588180546 -0.24946199357509613 0.027946000918745995
v 0.22590001106262203 -0.17763599753379822 0.018990999087691307
v -0.3595909905433655 -0.23234499990940094 0.04506500065326691
v 0.22581099152564998 -0.1651020050048828 0.06576400250196457
v 0.22581099152564998 -0.1651020050048828 0.06576400250196457
v 0.5494459997117519 -0.06125599890947342 0.06426999717950821
v 0.22590001106262203 -0.17763599753379822 0.018990999087691307
v -0.3595909905433655 -0.23234499990940094 0.04506500065326691
v 0.22657300710678097 -0.2118699997663498 -0.015247000381350517
v -0.35925398588180546 -0.24946199357509613 0.027946000918745995
v 0.22657300710678097 -0.2118699997663498 -0.015247000381350517
v -0.3595909905433655 -0.23234499990940094 0.04506500065326691
v 0.22590001106262203 -0.17763599753379822 0.018990999087691307
v -0.35925398588180546 -0.24946199357509613 0.027946000918745995
v 0.22764899015426632 -0.25863000750541687 -0.027780000120401382
v -0.3587159943580628 -0.2728419899940491 0.02167999930679798
v 0.22764899015426632 -0.25863000750541687 -0.027780000120401382
v -0.35925398588180546 -0.24946199357509613 0.027946000918745995
v 0.22657300710678097 -0.2118699997663498 -0.015247000381350517
v 0.22764899015426632 -0.25863000750541687 -0.027780000120401382
v -0.35812102079391483 -0.296220988035202 0.027946000918745995
v -0.3587159943580628 -0.2728419899940491 0.02167999930679798
v -0.35812102079391483 -0.296220988035202 0.027946000918745995
v 0.22764899015426632 -0.25863000750541687 -0.027780000120401382
v 0.22884001016616817 -0.3053869903087616 -0.015247000381350517
v 0.5531709994375705 -0.2507399916648865 -0.12524700164794922
v 0.22884001016616817 -0.3053869903087616 -0.015247000381350517
v 0.22764899015426632 -0.25863000750541687 -0.027780000120401382
v 0.22657300710678097 -0.2118699997663498 -0.015247000381350517
v 0.5531709994375705 -0.2507399916648865 -0.12524700164794922
v 0.22764899015426632 -0.25863000750541687 -0.027780000120401382
v 0.5531709994375705 -0.2507399916648865 -0.12524700164794922
v 0.22657300710678097 -0.2118699997663498 -0.015247000381350517
v 0.5509910005331039 -0.15600599348545074 -0.09985499829053879
v 0.22590001106262203 -0.17763599753379822 0.018990999087691307
v 0.5509910005331039 -0.15600599348545074 -0.09985499829053879
v 0.22657300710678097 -0.2118699997663498 -0.015247000381350517
v 0.5509910005331039 -0.15600599348545074 -0.09985499829053879
v 0.6669290009140968 -0.247981995344162 -0.2461100071668625
v 0.5531709994375705 -0.2507399916648865 -0.12524700164794922
v 0.6669290009140968 -0.247981995344162 -0.2461100071668625
v 0.5509910005331039 -0.15600599348545074 -0.09985499829053879
v 0.6633650007843971 -0.09309200197458267 -0.20459899306297302
v 0.5509910005331039 -0.15600599348545074 -0.09985499829053879
v 0.22590001106262203 -0.17763599753379822 0.018990999087691307
v 0.5496280006319284 -0.08664900064468384 -0.03048899956047535
v 0.5496280006319284 -0.08664900064468384 -0.03048899956047535
v 0.6633650007843971 -0.09309200197458267 -0.20459899306297302
v 0.5509910005331039 -0.15600599348545074 -0.09985499829053879
v 0.5496280006319284 -0.08664900064468384 -0.03048899956047535
v 0.22590001106262203 -0.17763599753379822 0.018990999087691307
v 0.5494459997117519 -0.06125599890947342 0.06426999717950821
v 0.6633650007843971 -0.09309200197458267 -0.20459899306297302
v 0.5496280006319284 -0.08664900064468384 -0.03048899956047535
v 0.6611360031366348 0.020302999764680862 -0.09118299931287766
v 0.6608399990200996 0.06182200089097023 0.06374700367450714
v 0.5496280006319284 -0.08664900064468384 -0.03048899956047535
v 0.5494459997117519 -0.06125599890947342 0.06426999717950821
v 0.6611360031366348 0.020302999764680862 -0.09118299931287766
v 0.5496280006319284 -0.08664900064468384 -0.03048899956047535
v 0.6608399990200996 0.06182200089097023 0.06374700367450714
v 0.5531709994375705 -0.2507399916648865 -0.12524700164794922
v 0.6708740013837814 -0.402862012386322 -0.20459899306297302
v 0.5555830001085996 -0.34546801447868347 -0.09985499829053879
v 0.6741409990191459 -0.5162330269813538 -0.09118299931287766
v 0.5555830001085996 -0.34546801447868347 -0.09985499829053879
v 0.6708740013837814 -0.402862012386322 -0.20459899306297302
v 0.6708740013837814 -0.402862012386322 -0.20459899306297302
v 0.5531709994375705 -0.2507399916648865 -0.12524700164794922
v 0.6669290009140968 -0.247981995344162 -0.2461100071668625
v 0.5555830001085996 -0.34546801447868347 -0.09985499829053879
v 0.6741409990191459 -0.5162330269813538 -0.09118299931287766
v 0.55758200019598 -0.414808988571167 -0.030487999320030212
v 0.6758560034632682 -0.5577179789543152 0.06374700367450714
v 0.55758200019598 -0.414808988571167 -0.030487999320030212
v 0.6741409990191459 -0.5162330269813538 -0.09118299931287766
v 0.55758200019598 -0.414808988571167 -0.030487999320030212
v 0.6758560034632682 -0.5577179789543152 0.06374700367450714
v 0.5586309991031885 -0.4401809871196747 0.06426999717950821
v 0.22982599020004268 -0.3396120071411133 0.018990999087691307
v 0.5555830001085996 -0.34546801447868347 -0.09985499829053879
v 0.55758200019598 -0.414808988571167 -0.030487999320030212
v 0.5586309991031885 -0.4401809871196747 0.06426999717950821
v 0.22982599020004268 -0.3396120071411133 0.018990999087691307
v 0.55758200019598 -0.414808988571167 -0.030487999320030212
v 0.6755590009689331 -0.516198992729187 0.21867600083351135
v 0.5586309991031885 -0.4401809871196747 0.06426999717950821
v 0.6758560034632682 -0.5577179789543152 0.06374700367450714
v 0.22884001016616817 -0.3053869903087616 -0.015247000381350517
v 0.5555830001085996 -0.34546801447868347 -0.09985499829053879
v 0.22982599020004268 -0.3396120071411133 0.018990999087691307
v 0.22884001016616817 -0.3053869903087616 -0.015247000381350517
v 0.5531709994375705 -0.2507399916648865 -0.12524700164794922
v 0.5555830001085996 -0.34546801447868347 -0.09985499829053879
v 0.5586309991031885 -0.4401809871196747 0.06426999717950821
v 0.6755590009689331 -0.516198992729187 0.21867600083351135
v 0.5584490000456571 -0.4147860109806061 0.15902799367904663
v 0.6733310016989708 -0.4028030037879944 0.3320919871330261
v 0.5584490000456571 -0.4147860109806061 0.15902799367904663
v 0.6755590009689331 -0.516198992729187 0.21867600083351135
v 0.5584490000456571 -0.4147860109806061 0.15902799367904663
v 0.6733310016989708 -0.4028030037879944 0.3320919871330261
v 0.5570870003849268 -0.34543099999427795 0.2283959984779358
v 0.6733310016989708 -0.4028030037879944 0.3320919871330261
v 0.5549059993773698 -0.25069698691368103 0.25378599762916565
v 0.5570870003849268 -0.34543099999427795 0.2283959984779358
v 0.6733310016989708 -0.4028030037879944 0.3320919871330261
v 0.669767001569271 -0.24791300296783447 0.3736029863357544
v 0.5549059993773698 -0.25069698691368103 0.25378599762916565
v 0.22958199858665462 -0.30536898970603943 0.1467750072479248
v 0.5584490000456571 -0.4147860109806061 0.15902799367904663
v 0.5570870003849268 -0.34543099999427795 0.2283959984779358
v 0.5549059993773698 -0.25069698691368103 0.25378599762916565
v 0.22958199858665462 -0.30536898970603943 0.1467750072479248
v 0.5570870003849268 -0.34543099999427795 0.2283959984779358
v 0.23025499463081356 -0.3396010100841522 0.11253499984741211
v 0.5586309991031885 -0.4401809871196747 0.06426999717950821
v 0.5584490000456571 -0.4147860109806061 0.15902799367904663
v 0.23025499463081356 -0.3396010100841522 0.11253499984741211
v 0.5584490000456571 -0.4147860109806061 0.15902799367904663
v 0.22958199858665462 -0.30536898970603943 0.1467750072479248
v 0.5586309991031885 -0.4401809871196747 0.06426999717950821
v 0.23025499463081356 -0.3396010100841522 0.11253499984741211
v 0.2303440141677856 -0.3521359860897064 0.06576400250196457
v 0.22982599020004268 -0.3396120071411133 0.018990999087691307
v 0.5586309991031885 -0.4401809871196747 0.06426999717950821
v 0.2303440141677856 -0.3521359860897064 0.06576400250196457
v -0.35774998188018803 -0.29621198773384094 0.1089560016989708
v 0.23025499463081356 -0.3396010100841522 0.11253499984741211
v 0.22958199858665462 -0.30536898970603943 0.1467750072479248
v 0.669767001569271 -0.24791300296783447 0.3736029863357544
v 0.5524940005689859 -0.15596899390220642 0.2283959984779358
v 0.5549059993773698 -0.25069698691368103 0.25378599762916565
v 0.5524940005689859 -0.15596899390220642 0.2283959984779358
v 0.669767001569271 -0.24791300296783447 0.3736029863357544
v 0.6658229994773864 -0.09303300082683563 0.3320919871330261
v 0.22958199858665462 -0.30536898970603943 0.1467750072479248
v 0.5549059993773698 -0.25069698691368103 0.25378599762916565
v 0.22850598573684688 -0.25860899686813354 0.15930700302124023
v 0.22850598573684688 -0.25860899686813354 0.15930700302124023
v -0.35774998188018803 -0.29621198773384094 0.1089560016989708
v 0.22958199858665462 -0.30536898970603943 0.1467750072479248
v 0.22731499552726742 -0.21185199916362762 0.14677399396896362
v 0.5549059993773698 -0.25069698691368103 0.25378599762916565
v 0.5524940005689859 -0.15596899390220642 0.2283959984779358
v 0.5549059993773698 -0.25069698691368103 0.25378599762916565
v 0.22731499552726742 -0.21185199916362762 0.14677399396896362
v 0.22850598573684688 -0.25860899686813354 0.15930700302124023
v 0.6658229994773864 -0.09303300082683563 0.3320919871330261
v 0.5504950004816055 -0.08662799745798111 0.15902799367904663
v 0.5524940005689859 -0.15596899390220642 0.2283959984779358
v 0.5504950004816055 -0.08662799745798111 0.15902799367904663
v 0.6658229994773864 -0.09303300082683563 0.3320919871330261
v 0.6625550034642219 0.020337000489234924 0.21867600083351135
v 0.6608399990200996 0.06182200089097023 0.06374700367450714
v 0.5504950004816055 -0.08662799745798111 0.15902799367904663
v 0.6625550034642219 0.020337000489234924 0.21867600083351135
v 0.5504950004816055 -0.08662799745798111 0.15902799367904663
v 0.6608399990200996 0.06182200089097023 0.06374700367450714
v 0.5494459997117519 -0.06125599890947342 0.06426999717950821
v 0.22632898569107052 -0.17762599885463715 0.11253499984741211
v 0.5524940005689859 -0.15596899390220642 0.2283959984779358
v 0.5504950004816055 -0.08662799745798111 0.15902799367904663
v 0.5494459997117519 -0.06125599890947342 0.06426999717950821
v 0.22632898569107052 -0.17762599885463715 0.11253499984741211
v 0.5504950004816055 -0.08662799745798111 0.15902799367904663
v 0.22731499552726742 -0.21185199916362762 0.14677399396896362
v 0.5524940005689859 -0.15596899390220642 0.2283959984779358
v 0.22632898569107052 -0.17762599885463715 0.11253499984741211
v 0.22632898569107052 -0.17762599885463715 0.11253499984741211
v 0.5494459997117519 -0.06125599890947342 0.06426999717950821
v 0.22581099152564998 -0.1651020050048828 0.06576400250196457
v 0.22581099152564998 -0.1651020050048828 0.06576400250196457
v -0.3593759965896607 -0.2323399931192398 0.09183699637651443
v 0.22632898569107052 -0.17762599885463715 0.11253499984741211
v -0.3593759965896607 -0.2323399931192398 0.09183699637651443
v 0.22731499552726742 -0.21185199916362762 0.14677399396896362
v 0.22632898569107052 -0.17762599885463715 0.11253499984741211
v -0.3593759965896607 -0.2323399931192398 0.09183699637651443
v 0.22581099152564998 -0.1651020050048828 0.06576400250196457
v -0.35963599205017094 -0.22607900202274323 0.06845100224018097
v -0.35888300657272343 -0.24945299327373505 0.1089560016989708
v 0.22731499552726742 -0.21185199916362762 0.14677399396896362
v -0.3593759965896607 -0.2323399931192398 0.09183699637651443
v -0.35888300657272343 -0.24945299327373505 0.1089560016989708
v 0.22850598573684688 -0.25860899686813354 0.15930700302124023
v 0.22731499552726742 -0.21185199916362762 0.14677399396896362
v -0.35963599205017094 -0.22607900202274323 0.06845100224018097
v -1.2866859865188598 -0.2784540057182312 0.08244399726390839
v -0.3593759965896607 -0.2323399931192398 0.09183699637651443
v -1.2866859865188598 -0.2784540057182312 0.08244399726390839
v -0.35888300657272343 -0.24945299327373505 0.1089560016989708
v -0.3593759965896607 -0.2323399931192398 0.09183699637651443
v -1.2866859865188598 -0.2784540057182312 0.08244399726390839
v -0.35963599205017094 -0.22607900202274323 0.06845100224018097
v -1.2867939901351928 -0.275846004486084 0.07270199805498123
v 0.22850598573684688 -0.25860899686813354 0.15930700302124023
v -0.35888300657272343 -0.24945299327373505 0.1089560016989708
v -0.3582870197296143 -0.2728320062160492 0.1152229979634285
v -1.286479992866516 -0.2855840027332306 0.08957599848508835
v -0.35888300657272343 -0.24945299327373505 0.1089560016989708
v -1.2866859865188598 -0.2784540057182312 0.08244399726390839
v -1.286479992866516 -0.2855840027332306 0.08957599848508835
v -0.3582870197296143 -0.2728320062160492 0.1152229979634285
v -0.35888300657272343 -0.24945299327373505 0.1089560016989708
v -1.2867939901351928 -0.275846004486084 0.07270199805498123
v -2.099328918457031 -0.3054659962654114 0.08194699883460999
v -1.2866859865188598 -0.2784540057182312 0.08244399726390839
v -2.099328918457031 -0.3054659962654114 0.08194699883460999
v -1.286479992866516 -0.2855840027332306 0.08957599848508835
v -1.2866859865188598 -0.2784540057182312 0.08244399726390839
v -2.099328918457031 -0.3054659962654114 0.08194699883460999
v -1.2867939901351928 -0.275846004486084 0.07270199805498123
v -2.0993889999389648 -0.3039869964122772 0.07642599940299988
v -0.35774998188018803 -0.29621198773384094 0.1089560016989708
v 0.22850598573684688 -0.25860899686813354 0.15930700302124023
v -0.3582870197296143 -0.2728320062160492 0.1152229979634285
v -2.0993889999389648 -0.3039869964122772 0.07642599940299988
v -2.801402015686035 -0.3276279866695404 0.0821940004825592
v -2.099328918457031 -0.3054659962654114 0.08194699883460999
v -2.801402015686035 -0.3276279866695404 0.0821940004825592
v -2.0993889999389648 -0.3039869964122772 0.07642599940299988
v -2.80142991065979 -0.3269459903240204 0.07964300364255905
v -2.099213047027588 -0.30950599908828735 0.08598800003528595
v -1.286479992866516 -0.2855840027332306 0.08957599848508835
v -2.099328918457031 -0.3054659962654114 0.08194699883460999
v -2.801402015686035 -0.3276279866695404 0.0821940004825592
v -2.099213047027588 -0.30950599908828735 0.08598800003528595
v -2.099328918457031 -0.3054659962654114 0.08194699883460999
v -0.3582870197296143 -0.2728320062160492 0.1152229979634285
v -1.286479992866516 -0.2855840027332306 0.08957599848508835
v -1.2862320375442504 -0.2953230142593384 0.09218599647283554
v -2.099213047027588 -0.30950599908828735 0.08598800003528595
v -1.2862320375442504 -0.2953230142593384 0.09218599647283554
v -1.286479992866516 -0.2855840027332306 0.08957599848508835
v -0.3582870197296143 -0.2728320062160492 0.1152229979634285
v -1.2860080432891845 -0.30506300926208496 0.08957599848508835
v -0.35774998188018803 -0.29621198773384094 0.1089560016989708
v -1.2860080432891845 -0.30506300926208496 0.08957599848508835
v -0.3582870197296143 -0.2728320062160492 0.1152229979634285
v -1.2862320375442504 -0.2953230142593384 0.09218599647283554
v -2.80142991065979 -0.3269459903240204 0.07964300364255905
v -2.80936710357666 -0.3295620083808899 0.08122599869966507
v -2.801402015686035 -0.3276279866695404 0.0821940004825592
v -2.80936710357666 -0.3295620083808899 0.08122599869966507
v -2.80142991065979 -0.3269459903240204 0.07964300364255905
v -2.8093840312957763 -0.32914799451828003 0.07968000322580338
v -2.801347894668579 -0.32949501276016235 0.08406099677085876
v -2.099213047027588 -0.30950599908828735 0.08598800003528595
v -2.801402015686035 -0.3276279866695404 0.0821940004825592
v -2.80936710357666 -0.3295620083808899 0.08122599869966507
v -2.801347894668579 -0.32949501276016235 0.08406099677085876
v -2.801402015686035 -0.3276279866695404 0.0821940004825592
v -1.2862320375442504 -0.2953230142593384 0.09218599647283554
v -2.099213047027588 -0.30950599908828735 0.08598800003528595
v -2.0990719032287597 -0.3150250017642975 0.08746799826622009
v -2.801347894668579 -0.32949501276016235 0.08406099677085876
v -2.0990719032287597 -0.3150250017642975 0.08746799826622009
v -2.099213047027588 -0.30950599908828735 0.08598800003528595
v -2.801347894668579 -0.32949501276016235 0.08406099677085876
v -2.80936710357666 -0.3295620083808899 0.08122599869966507
v -2.809333963394165 -0.33069300651550293 0.08235800266265869
v -2.0989450645446777 -0.3205449879169464 0.08598800003528595
v -1.2862320375442504 -0.2953230142593384 0.09218599647283554
v -2.0990719032287597 -0.3150250017642975 0.08746799826622009
v -1.2862320375442504 -0.2953230142593384 0.09218599647283554
v -2.0989450645446777 -0.3205449879169464 0.08598800003528595
v -1.2860080432891845 -0.30506300926208496 0.08957599848508835
v -2.0990719032287597 -0.3150250017642975 0.08746799826622009
v -2.801347894668579 -0.32949501276016235 0.08406099677085876
v -2.8012830448150634 -0.3320449888706207 0.08474499732255936
v -2.809333963394165 -0.33069300651550293 0.08235800266265869
v -2.8012830448150634 -0.3320449888706207 0.08474499732255936
v -2.801347894668579 -0.32949501276016235 0.08406099677085876
v -2.8093840312957763 -0.32914799451828003 0.07968000322580338
v -2.809333963394165 -0.33069300651550293 0.08235800266265869
v -2.80936710357666 -0.3295620083808899 0.08122599869966507
v -2.801223917007446 -0.33459600806236267 0.08406099677085876
v -2.0990719032287597 -0.3150250017642975 0.08746799826622009
v -2.8012830448150634 -0.3320449888706207 0.08474499732255936
v -2.0990719032287597 -0.3150250017642975 0.08746799826622009
v -2.801223917007446 -0.33459600806236267 0.08406099677085876
v -2.0989450645446777 -0.3205449879169464 0.08598800003528595
v -2.8012830448150634 -0.3320449888706207 0.08474499732255936
v -2.809333963394165 -0.33069300651550293 0.08235800266265869
v -2.8092951011657714 -0.3322399854660034 0.08277100324630737
v -2.809333963394165 -0.33069300651550293 0.08235800266265869
v -2.8093840312957763 -0.32914799451828003 0.07968000322580338
v -2.8092951011657714 -0.3322399854660034 0.08277100324630737
vt 0.5 0.8333330154418945
vt 0.41666701436042786 0.9166669845581055
vt 0.41666701436042786 0.8333330154418945
vt 0.41666701436042786 0.9166669845581055
vt 0.5 0.8333330154418945
vt 0.5 0.9166669845581055
vt 0.5 0.9166669845581055
vt 0.45833298563957214 1
vt 0.41666701436042786 0.9166669845581055
vt 0.41666701436042786 0.5
vt 0.33333298563957214 0.41666701436042786
vt 0.41666701436042786 0.41666701436042786
vt 0.33333298563957214 0.33333298563957214
vt 0.41666701436042786 0.41666701436042786
vt 0.33333298563957214 0.41666701436042786
vt 0.41666701436042786 0.41666701436042786
vt 0.33333298563957214 0.33333298563957214
vt 0.41666701436042786 0.33333298563957214
vt 0.33333298563957214 0.25
vt 0.41666701436042786 0.33333298563957214
vt 0.33333298563957214 0.33333298563957214
vt 0.41666701436042786 0.33333298563957214
vt 0.33333298563957214 0.25
vt 0.41666701436042786 0.25
vt 0.33333298563957214 0.41666701436042786
vt 0.41666701436042786 0.5
vt 0.33333298563957214 0.5
vt 0.33333298563957214 0.5833330154418945
vt 0.33333298563957214 0.5
vt 0.41666701436042786 0.5
vt 0.33333298563957214 0.5833330154418945
vt 0.41666701436042786 0.5
vt 0.41666701436042786 0.5833330154418945
vt 0.33333298563957214 0.6666669845581055
vt 0.33333298563957214 0.5833330154418945
vt 0.41666701436042786 0.5833330154418945
vt 0.33333298563957214 0.6666669845581055
vt 0.41666701436042786 0.5833330154418945
vt 0.41666701436042786 0.6666669845581055
vt 0.41666701436042786 0.6666669845581055
vt 0.33333298563957214 0.75
vt 0.33333298563957214 0.6666669845581055
vt 0.33333298563957214 0.75
vt 0.41666701436042786 0.6666669845581055
vt 0.41666701436042786 0.75
vt 0.41666701436042786 0.8333330154418945
vt 0.33333298563957214 0.75
vt 0.41666701436042786 0.75
vt 0.33333298563957214 0.75
vt 0.41666701436042786 0.8333330154418945
vt 0.33333298563957214 0.8333330154418945
vt 0.41666701436042786 0.8333330154418945
vt 0.33333298563957214 0.9166669845581055
vt 0.33333298563957214 0.8333330154418945
vt 0.33333298563957214 0.9166669845581055
vt 0.41666701436042786 0.8333330154418945
vt 0.41666701436042786 0.9166669845581055
vt 0.41666701436042786 0.9166669845581055
vt 0.375 1
vt 0.33333298563957214 0.9166669845581055
vt 0.33333298563957214 0.5833330154418945
vt 0.25 0.5
vt 0.33333298563957214 0.5
vt 0.25 0.5
vt 0.33333298563957214 0.41666701436042786
vt 0.33333298563957214 0.5
vt 0.25 0.5
vt 0.33333298563957214 0.5833330154418945
vt 0.25 0.5833330154418945
vt 0.33333298563957214 0.6666669845581055
vt 0.25 0.5833330154418945
vt 0.33333298563957214 0.5833330154418945
vt 0.25 0.5833330154418945
vt 0.33333298563957214 0.6666669845581055
vt 0.25 0.6666669845581055
vt 0.33333298563957214 0.75
vt 0.25 0.6666669845581055
vt 0.33333298563957214 0.6666669845581055
vt 0.25 0.6666669845581055
vt 0.33333298563957214 0.75
vt 0.25 0.75
vt 0.33333298563957214 0.8333330154418945
vt 0.25 0.75
vt 0.33333298563957214 0.75
vt 0.25 0.75
vt 0.33333298563957214 0.8333330154418945
vt 0.25 0.8333330154418945
vt 0.33333298563957214 0.9166669845581055
vt 0.25 0.8333330154418945
vt 0.33333298563957214 0.8333330154418945
vt 0.25 0.8333330154418945
vt 0.33333298563957214 0.9166669845581055
vt 0.25 0.9166669845581055
vt 0.33333298563957214 0.9166669845581055
vt 0.29166701436042786 1
vt 0.25 0.9166669845581055
vt 0.25 0.41666701436042786
vt 0.33333298563957214 0.41666701436042786
vt 0.25 0.5
vt 0.25 0.41666701436042786
vt 0.33333298563957214 0.33333298563957214
vt 0.33333298563957214 0.41666701436042786
vt 0.25 0.41666701436042786
vt 0.25 0.33333298563957214
vt 0.33333298563957214 0.33333298563957214
vt 0.25 0.33333298563957214
vt 0.33333298563957214 0.25
vt 0.33333298563957214 0.33333298563957214
vt 0.25 0.33333298563957214
vt 0.25 0.25
vt 0.33333298563957214 0.25
vt 0.9166669845581055 0.41666701436042786
vt 1 0.5
vt 0.9166669845581055 0.5
vt 1 0.5
vt 0.9166669845581055 0.5833330154418945
vt 0.9166669845581055 0.5
vt 1 0.5
vt 0.9166669845581055 0.41666701436042786
vt 1 0.41666701436042786
vt 0.9166669845581055 0.5833330154418945
vt 1 0.5
vt 1 0.5833330154418945
vt 0.9166669845581055 0.33333298563957214
vt 1 0.41666701436042786
vt 0.9166669845581055 0.41666701436042786
vt 1 0.5833330154418945
vt 0.9166669845581055 0.6666669845581055
vt 0.9166669845581055 0.5833330154418945
vt 1 0.41666701436042786
vt 0.9166669845581055 0.33333298563957214
vt 1 0.33333298563957214
vt 0.9166669845581055 0.25
vt 1 0.33333298563957214
vt 0.9166669845581055 0.33333298563957214
vt 1 0.33333298563957214
vt 0.9166669845581055 0.25
vt 1 0.25
vt 1 0.6666669845581055
vt 0.9166669845581055 0.6666669845581055
vt 1 0.5833330154418945
vt 0.9166669845581055 0.6666669845581055
vt 1 0.6666669845581055
vt 0.9166669845581055 0.75
vt 0.9166669845581055 0.75
vt 1 0.6666669845581055
vt 1 0.75
vt 1 0.8333330154418945
vt 0.9166669845581055 0.75
vt 1 0.75
vt 0.9166669845581055 0.75
vt 1 0.8333330154418945
vt 0.9166669845581055 0.8333330154418945
vt 0.9166669845581055 0.8333330154418945
vt 1 0.8333330154418945
vt 0.9166669845581055 0.9166669845581055
vt 0.9166669845581055 0.9166669845581055
vt 1 0.8333330154418945
vt 1 0.9166669845581055
vt 1 0.9166669845581055
vt 0.9583330154418945 1
vt 0.9166669845581055 0.9166669845581055
vt 0.08333300054073334 0.5833330154418945
vt 0 0.5
vt 0.08333300054073334 0.5
vt 0.08333300054073334 0.5
vt 0 0.5
vt 0.08333300054073334 0.41666701436042786
vt 0 0.5
vt 0.08333300054073334 0.5833330154418945
vt 0 0.5833330154418945
vt 0.08333300054073334 0.41666701436042786
vt 0 0.5
vt 0 0.41666701436042786
vt 0.08333300054073334 0.6666669845581055
vt 0 0.5833330154418945
vt 0.08333300054073334 0.5833330154418945
vt 0.08333300054073334 0.41666701436042786
vt 0 0.41666701436042786
vt 0.08333300054073334 0.33333298563957214
vt 0 0.5833330154418945
vt 0.08333300054073334 0.6666669845581055
vt 0 0.6666669845581055
vt 0.08333300054073334 0.33333298563957214
vt 0 0.41666701436042786
vt 0 0.33333298563957214
vt 0.08333300054073334 0.33333298563957214
vt 0 0.33333298563957214
vt 0.08333300054073334 0.25
vt 0.08333300054073334 0.25
vt 0 0.33333298563957214
vt 0 0.25
vt 0.08333300054073334 0.75
vt 0 0.6666669845581055
vt 0.08333300054073334 0.6666669845581055
vt 0 0.6666669845581055
vt 0.08333300054073334 0.75
vt 0 0.75
vt 0.08333300054073334 0.75
vt 0 0.8333330154418945
vt 0 0.75
vt 0 0.8333330154418945
vt 0.08333300054073334 0.75
vt 0.08333300054073334 0.8333330154418945
vt 0.08333300054073334 0.8333330154418945
vt 0 0.9166669845581055
vt 0 0.8333330154418945
vt 0 0.9166669845581055
vt 0.08333300054073334 0.8333330154418945
vt 0.08333300054073334 0.9166669845581055
vt 0.08333300054073334 0.9166669845581055
vt 0.04166699945926666 1
vt 0 0.9166669845581055
vt 0.6666669845581055 0.33333298563957214
vt 0.5833330154418945 0.25
vt 0.6666669845581055 0.25
vt 0.5833330154418945 0.25
vt 0.6666669845581055 0.33333298563957214
vt 0.5833330154418945 0.33333298563957214
vt 0.6666669845581055 0.41666701436042786
vt 0.5833330154418945 0.33333298563957214
vt 0.6666669845581055 0.33333298563957214
vt 0.5833330154418945 0.33333298563957214
vt 0.6666669845581055 0.41666701436042786
vt 0.5833330154418945 0.41666701436042786
vt 0.5833330154418945 0.5
vt 0.5833330154418945 0.41666701436042786
vt 0.6666669845581055 0.41666701436042786
vt 0.5833330154418945 0.5
vt 0.6666669845581055 0.41666701436042786
vt 0.6666669845581055 0.5
vt 0.6666669845581055 0.5833330154418945
vt 0.5833330154418945 0.5
vt 0.6666669845581055 0.5
vt 0.5833330154418945 0.5
vt 0.6666669845581055 0.5833330154418945
vt 0.5833330154418945 0.5833330154418945
vt 0.5833330154418945 0.6666669845581055
vt 0.5833330154418945 0.5833330154418945
vt 0.6666669845581055 0.5833330154418945
vt 0.5833330154418945 0.6666669845581055
vt 0.6666669845581055 0.5833330154418945
vt 0.6666669845581055 0.6666669845581055
vt 0.5833330154418945 0.6666669845581055
vt 0.6666669845581055 0.6666669845581055
vt 0.5833330154418945 0.75
vt 0.5833330154418945 0.75
vt 0.6666669845581055 0.6666669845581055
vt 0.6666669845581055 0.75
vt 0.6666669845581055 0.8333330154418945
vt 0.5833330154418945 0.75
vt 0.6666669845581055 0.75
vt 0.5833330154418945 0.75
vt 0.6666669845581055 0.8333330154418945
vt 0.5833330154418945 0.8333330154418945
vt 0.5833330154418945 0.8333330154418945
vt 0.6666669845581055 0.8333330154418945
vt 0.5833330154418945 0.9166669845581055
vt 0.6666669845581055 0.8333330154418945
vt 0.6666669845581055 0.9166669845581055
vt 0.5833330154418945 0.9166669845581055
vt 0.6666669845581055 0.9166669845581055
vt 0.625 1
vt 0.5833330154418945 0.9166669845581055
vt 0.5 0.5
vt 0.5833330154418945 0.41666701436042786
vt 0.5833330154418945 0.5
vt 0.5833330154418945 0.5833330154418945
vt 0.5 0.5
vt 0.5833330154418945 0.5
vt 0.5 0.41666701436042786
vt 0.5833330154418945 0.41666701436042786
vt 0.5 0.5
vt 0.5 0.41666701436042786
vt 0.5833330154418945 0.33333298563957214
vt 0.5833330154418945 0.41666701436042786
vt 0.5 0.41666701436042786
vt 0.5 0.33333298563957214
vt 0.5833330154418945 0.33333298563957214
vt 0.5 0.33333298563957214
vt 0.5833330154418945 0.25
vt 0.5833330154418945 0.33333298563957214
vt 0.5 0.33333298563957214
vt 0.5 0.25
vt 0.5833330154418945 0.25
vt 0.5 0.5
vt 0.5833330154418945 0.5833330154418945
vt 0.5 0.5833330154418945
vt 0.5833330154418945 0.6666669845581055
vt 0.5 0.5833330154418945
vt 0.5833330154418945 0.5833330154418945
vt 0.5 0.5833330154418945
vt 0.5833330154418945 0.6666669845581055
vt 0.5 0.6666669845581055
vt 0.5833330154418945 0.75
vt 0.5 0.6666669845581055
vt 0.5833330154418945 0.6666669845581055
vt 0.5 0.6666669845581055
vt 0.5833330154418945 0.75
vt 0.5 0.75
vt 0.5833330154418945 0.8333330154418945
vt 0.5 0.75
vt 0.5833330154418945 0.75
vt 0.5 0.75
vt 0.5833330154418945 0.8333330154418945
vt 0.5 0.8333330154418945
vt 0.5833330154418945 0.9166669845581055
vt 0.5 0.8333330154418945
vt 0.5833330154418945 0.8333330154418945
vt 0.5 0.8333330154418945
vt 0.5833330154418945 0.9166669845581055
vt 0.5 0.9166669845581055
vt 0.5833330154418945 0.9166669845581055
vt 0.5416669845581055 1
vt 0.5 0.9166669845581055
vt 0.25 0.5
vt 0.16666699945926666 0.41666701436042786
vt 0.25 0.41666701436042786
vt 0.16666699945926666 0.33333298563957214
vt 0.25 0.41666701436042786
vt 0.16666699945926666 0.41666701436042786
vt 0.25 0.41666701436042786
vt 0.16666699945926666 0.33333298563957214
vt 0.25 0.33333298563957214
vt 0.16666699945926666 0.25
vt 0.25 0.33333298563957214
vt 0.16666699945926666 0.33333298563957214
vt 0.25 0.33333298563957214
vt 0.16666699945926666 0.25
vt 0.25 0.25
vt 0.16666699945926666 0.41666701436042786
vt 0.25 0.5
vt 0.16666699945926666 0.5
vt 0.16666699945926666 0.5
vt 0.25 0.5
vt 0.16666699945926666 0.5833330154418945
vt 0.16666699945926666 0.5833330154418945
vt 0.25 0.5
vt 0.25 0.5833330154418945
vt 0.16666699945926666 0.5833330154418945
vt 0.25 0.5833330154418945
vt 0.16666699945926666 0.6666669845581055
vt 0.16666699945926666 0.6666669845581055
vt 0.25 0.5833330154418945
vt 0.25 0.6666669845581055
vt 0.16666699945926666 0.6666669845581055
vt 0.25 0.6666669845581055
vt 0.16666699945926666 0.75
vt 0.16666699945926666 0.75
vt 0.25 0.6666669845581055
vt 0.25 0.75
vt 0.16666699945926666 0.75
vt 0.25 0.75
vt 0.16666699945926666 0.8333330154418945
vt 0.25 0.75
vt 0.25 0.8333330154418945
vt 0.16666699945926666 0.8333330154418945
vt 0.25 0.9166669845581055
vt 0.16666699945926666 0.8333330154418945
vt 0.25 0.8333330154418945
vt 0.16666699945926666 0.8333330154418945
vt 0.25 0.9166669845581055
vt 0.16666699945926666 0.9166669845581055
vt 0.25 0.9166669845581055
vt 0.20833300054073334 1
vt 0.16666699945926666 0.9166669845581055
vt 0.16666699945926666 0.5
vt 0.08333300054073334 0.5
vt 0.16666699945926666 0.41666701436042786
vt 0.16666699945926666 0.5833330154418945
vt 0.08333300054073334 0.5
vt 0.16666699945926666 0.5
vt 0.16666699945926666 0.41666701436042786
vt 0.08333300054073334 0.5
vt 0.08333300054073334 0.41666701436042786
vt 0.16666699945926666 0.41666701436042786
vt 0.08333300054073334 0.41666701436042786
vt 0.16666699945926666 0.33333298563957214
vt 0.16666699945926666 0.33333298563957214
vt 0.08333300054073334 0.41666701436042786
vt 0.08333300054073334 0.33333298563957214
vt 0.16666699945926666 0.25
vt 0.16666699945926666 0.33333298563957214
vt 0.08333300054073334 0.33333298563957214
vt 0.08333300054073334 0.25
vt 0.16666699945926666 0.25
vt 0.08333300054073334 0.33333298563957214
vt 0.08333300054073334 0.5
vt 0.16666699945926666 0.5833330154418945
vt 0.08333300054073334 0.5833330154418945
vt 0.16666699945926666 0.6666669845581055
vt 0.08333300054073334 0.5833330154418945
vt 0.16666699945926666 0.5833330154418945
vt 0.08333300054073334 0.5833330154418945
vt 0.16666699945926666 0.6666669845581055
vt 0.08333300054073334 0.6666669845581055
vt 0.16666699945926666 0.75
vt 0.08333300054073334 0.6666669845581055
vt 0.16666699945926666 0.6666669845581055
vt 0.08333300054073334 0.6666669845581055
vt 0.16666699945926666 0.75
vt 0.08333300054073334 0.75
vt 0.16666699945926666 0.75
vt 0.08333300054073334 0.8333330154418945
vt 0.08333300054073334 0.75
vt 0.08333300054073334 0.8333330154418945
vt 0.16666699945926666 0.75
vt 0.16666699945926666 0.8333330154418945
vt 0.16666699945926666 0.9166669845581055
vt 0.08333300054073334 0.8333330154418945
vt 0.16666699945926666 0.8333330154418945
vt 0.08333300054073334 0.8333330154418945
vt 0.16666699945926666 0.9166669845581055
vt 0.08333300054073334 0.9166669845581055
vt 0.16666699945926666 0.9166669845581055
vt 0.125 1
vt 0.08333300054073334 0.9166669845581055
vt 0.6666669845581055 0.6666669845581055
vt 0.75 0.6666669845581055
vt 0.6666669845581055 0.75
vt 0.6666669845581055 0.75
vt 0.75 0.6666669845581055
vt 0.75 0.75
vt 0.6666669845581055 0.6666669845581055
vt 0.75 0.5833330154418945
vt 0.75 0.6666669845581055
vt 0.75 0.75
vt 0.6666669845581055 0.8333330154418945
vt 0.6666669845581055 0.75
vt 0.6666669845581055 0.5833330154418945
vt 0.75 0.5833330154418945
vt 0.6666669845581055 0.6666669845581055
vt 0.6666669845581055 0.8333330154418945
vt 0.75 0.75
vt 0.75 0.8333330154418945
vt 0.75 0.9166669845581055
vt 0.6666669845581055 0.8333330154418945
vt 0.75 0.8333330154418945
vt 0.6666669845581055 0.8333330154418945
vt 0.75 0.9166669845581055
vt 0.6666669845581055 0.9166669845581055
vt 0.75 0.9166669845581055
vt 0.7083330154418945 1
vt 0.6666669845581055 0.9166669845581055
vt 0.6666669845581055 0.5833330154418945
vt 0.75 0.5
vt 0.75 0.5833330154418945
vt 0.6666669845581055 0.5
vt 0.75 0.5
vt 0.6666669845581055 0.5833330154418945
vt 0.6666669845581055 0.41666701436042786
vt 0.75 0.5
vt 0.6666669845581055 0.5
vt 0.75 0.5
vt 0.6666669845581055 0.41666701436042786
vt 0.75 0.41666701436042786
vt 0.6666669845581055 0.33333298563957214
vt 0.75 0.41666701436042786
vt 0.6666669845581055 0.41666701436042786
vt 0.75 0.41666701436042786
vt 0.6666669845581055 0.33333298563957214
vt 0.75 0.33333298563957214
vt 0.6666669845581055 0.25
vt 0.75 0.33333298563957214
vt 0.6666669845581055 0.33333298563957214
vt 0.75 0.33333298563957214
vt 0.6666669845581055 0.25
vt 0.75 0.25
vt 0.75 0.41666701436042786
vt 0.8333330154418945 0.41666701436042786
vt 0.75 0.5
vt 0.75 0.41666701436042786
vt 0.8333330154418945 0.33333298563957214
vt 0.8333330154418945 0.41666701436042786
vt 0.75 0.41666701436042786
vt 0.75 0.33333298563957214
vt 0.8333330154418945 0.33333298563957214
vt 0.75 0.33333298563957214
vt 0.8333330154418945 0.25
vt 0.8333330154418945 0.33333298563957214
vt 0.75 0.33333298563957214
vt 0.75 0.25
vt 0.8333330154418945 0.25
vt 0.75 0.5
vt 0.8333330154418945 0.41666701436042786
vt 0.8333330154418945 0.5
vt 0.8333330154418945 0.5833330154418945
vt 0.75 0.5
vt 0.8333330154418945 0.5
vt 0.75 0.5
vt 0.8333330154418945 0.5833330154418945
vt 0.75 0.5833330154418945
vt 0.8333330154418945 0.6666669845581055
vt 0.75 0.5833330154418945
vt 0.8333330154418945 0.5833330154418945
vt 0.75 0.5833330154418945
vt 0.8333330154418945 0.6666669845581055
vt 0.75 0.6666669845581055
vt 0.8333330154418945 0.75
vt 0.75 0.6666669845581055
vt 0.8333330154418945 0.6666669845581055
vt 0.75 0.6666669845581055
vt 0.8333330154418945 0.75
vt 0.75 0.75
vt 0.8333330154418945 0.8333330154418945
vt 0.75 0.75
vt 0.8333330154418945 0.75
vt 0.75 0.75
vt 0.8333330154418945 0.8333330154418945
vt 0.75 0.8333330154418945
vt 0.8333330154418945 0.8333330154418945
vt 0.75 0.9166669845581055
vt 0.75 0.8333330154418945
vt 0.75 0.9166669845581055
vt 0.8333330154418945 0.8333330154418945
vt 0.8333330154418945 0.9166669845581055
vt 0.8333330154418945 0.9166669845581055
vt 0.7916669845581055 1
vt 0.75 0.9166669845581055
vt 0.9166669845581055 0.5
vt 0.8333330154418945 0.5833330154418945
vt 0.8333330154418945 0.5
vt 0.8333330154418945 0.41666701436042786
vt 0.9166669845581055 0.5
vt 0.8333330154418945 0.5
vt 0.9166669845581055 0.5833330154418945
vt 0.8333330154418945 0.5833330154418945
vt 0.9166669845581055 0.5
vt 0.9166669845581055 0.5833330154418945
vt 0.8333330154418945 0.6666669845581055
vt 0.8333330154418945 0.5833330154418945
vt 0.9166669845581055 0.6666669845581055
vt 0.8333330154418945 0.6666669845581055
vt 0.9166669845581055 0.5833330154418945
vt 0.8333330154418945 0.6666669845581055
vt 0.9166669845581055 0.6666669845581055
vt 0.8333330154418945 0.75
vt 0.9166669845581055 0.6666669845581055
vt 0.9166669845581055 0.75
vt 0.8333330154418945 0.75
vt 0.9166669845581055 0.8333330154418945
vt 0.8333330154418945 0.75
vt 0.9166669845581055 0.75
vt 0.8333330154418945 0.75
vt 0.9166669845581055 0.8333330154418945
vt 0.8333330154418945 0.8333330154418945
vt 0.8333330154418945 0.9166669845581055
vt 0.8333330154418945 0.8333330154418945
vt 0.9166669845581055 0.8333330154418945
vt 0.9166669845581055 0.8333330154418945
vt 0.9166669845581055 0.9166669845581055
vt 0.8333330154418945 0.9166669845581055
vt 0.9166669845581055 0.9166669845581055
vt 0.875 1
vt 0.8333330154418945 0.9166669845581055
vt 0.9166669845581055 0.5
vt 0.8333330154418945 0.41666701436042786
vt 0.9166669845581055 0.41666701436042786
vt 0.8333330154418945 0.33333298563957214
vt 0.9166669845581055 0.41666701436042786
vt 0.8333330154418945 0.41666701436042786
vt 0.9166669845581055 0.41666701436042786
vt 0.8333330154418945 0.33333298563957214
vt 0.9166669845581055 0.33333298563957214
vt 0.8333330154418945 0.25
vt 0.9166669845581055 0.33333298563957214
vt 0.8333330154418945 0.33333298563957214
vt 0.9166669845581055 0.33333298563957214
vt 0.8333330154418945 0.25
vt 0.9166669845581055 0.25
vt 0.5 0.5
vt 0.41666701436042786 0.41666701436042786
vt 0.5 0.41666701436042786
vt 0.41666701436042786 0.33333298563957214
vt 0.5 0.41666701436042786
vt 0.41666701436042786 0.41666701436042786
vt 0.5 0.41666701436042786
vt 0.41666701436042786 0.33333298563957214
vt 0.5 0.33333298563957214
vt 0.41666701436042786 0.25
vt 0.5 0.33333298563957214
vt 0.41666701436042786 0.33333298563957214
vt 0.5 0.33333298563957214
vt 0.41666701436042786 0.25
vt 0.5 0.25
vt 0.41666701436042786 0.41666701436042786
vt 0.5 0.5
vt 0.41666701436042786 0.5
vt 0.41666701436042786 0.5
vt 0.5 0.5
vt 0.41666701436042786 0.5833330154418945
vt 0.41666701436042786 0.5833330154418945
vt 0.5 0.5
vt 0.5 0.5833330154418945
vt 0.41666701436042786 0.5833330154418945
vt 0.5 0.5833330154418945
vt 0.41666701436042786 0.6666669845581055
vt 0.41666701436042786 0.6666669845581055
vt 0.5 0.5833330154418945
vt 0.5 0.6666669845581055
vt 0.41666701436042786 0.6666669845581055
vt 0.5 0.6666669845581055
vt 0.41666701436042786 0.75
vt 0.41666701436042786 0.75
vt 0.5 0.6666669845581055
vt 0.5 0.75
vt 0.5 0.8333330154418945
vt 0.41666701436042786 0.75
vt 0.5 0.75
vt 0.41666701436042786 0.75
vt 0.5 0.8333330154418945
vt 0.41666701436042786 0.8333330154418945
vt 0.25 0.25
vt 0.33333298563957214 0.25
vt 0.33333298563957214 0.25
vt 0.33333298563957214 0.25
vt 0.25 0.25
vt 0.25 0.25
vt 0.41666701436042786 0.25
vt 0.33333298563957214 0.25
vt 0.33333298563957214 0.25
vt 0.25 0.25
vt 0.41666701436042786 0.25
vt 0.33333298563957214 0.25
vt 0.41666701436042786 0.25
vt 0.33333298563957214 0.25
vt 0.33333298563957214 0.25
vt 0.33333298563957214 0.25
vt 0.41666701436042786 0.25
vt 0.41666701436042786 0.25
vt 0.33333298563957214 0.25
vt 0.41666701436042786 0.25
vt 0.41666701436042786 0.25
vt 0.41666701436042786 0.25
vt 0.33333298563957214 0.25
vt 0.33333298563957214 0.25
vt 1 0.25
vt 0.75 0.25
vt 0.25 0.25
vt 0.33333298563957214 0.25
vt 0.41666701436042786 0.25
vt 0.41666701436042786 0.25
vt 0.41666701436042786 0.25
vt 0.33333298563957214 0.25
vt 0.33333298563957214 0.25
vt 0.25 0.25
vt 0.5833330154418945 0.25
vt 0.41666701436042786 0.25
vt 0.5833330154418945 0.25
vt 0.25 0.25
vt 0.75 0.25
vt 0.33333298563957214 0.25
vt 0.41666701436042786 0.25
vt 0.41666701436042786 0.25
vt 0.41666701436042786 0.25
vt 0.41666701436042786 0.25
vt 0.33333298563957214 0.25
vt 0.41666701436042786 0.25
vt 0.5 0.25
vt 0.41666701436042786 0.25
vt 0.41666701436042786 0.25
vt 0.5 0.25
vt 0.41666701436042786 0.25
vt 0.5 0.25
vt 0.41666701436042786 0.25
vt 0.5 0.25
vt 0.5 0.25
vt 0.41666701436042786 0.25
vt 0.5 0.25
vt 0.41666701436042786 0.25
vt 0.5 0.25
vt 0.41666701436042786 0.25
vt 0.5833330154418945 0.25
vt 0.5 0.25
vt 0.5 0.25
vt 0.5 0.25
vt 0.5833330154418945 0.25
vt 0.5833330154418945 0.25
vt 0.5833330154418945 0.25
vt 0.5 0.25
vt 0.5 0.25
vt 0.5 0.25
vt 0.5833330154418945 0.25
vt 0.5833330154418945 0.25
vt 0.5 0.25
vt 0.41666701436042786 0.25
vt 0.5 0.25
vt 0.41666701436042786 0.25
vt 0.5 0.25
vt 0.41666701436042786 0.25
vt 0.5 0.25
vt 0.5833330154418945 0.25
vt 0.5833330154418945 0.25
vt 0.5833330154418945 0.25
vt 0.5 0.25
vt 0.5 0.25
vt 0.6666669845581055 0.25
vt 0.5833330154418945 0.25
vt 0.5833330154418945 0.25
vt 0.5833330154418945 0.25
vt 0.6666669845581055 0.25
vt 0.5833330154418945 0.25
vt 0.6666669845581055 0.25
vt 0.5833330154418945 0.25
vt 0.5833330154418945 0.25
vt 0.5833330154418945 0.25
vt 0.6666669845581055 0.25
vt 0.6666669845581055 0.25
vt 0.5833330154418945 0.25
vt 0.6666669845581055 0.25
vt 0.6666669845581055 0.25
vt 0.5 0.25
vt 0.41666701436042786 0.25
vt 0.5 0.25
vt 0.41666701436042786 0.25
vt 0.5 0.25
vt 0.41666701436042786 0.25
vt 0.5 0.25
vt 0.41666701436042786 0.25
vt 0.5 0.25
vt 0.41666701436042786 0.25
vt 0.5833330154418945 0.25
vt 0.5 0.25
vt 0.5833330154418945 0.25
vt 0.5 0.25
vt 0.5 0.25
vt 0.5833330154418945 0.25
vt 0.5 0.25
vt 0.5 0.25
vt 0.5 0.25
vt 0.5833330154418945 0.25
vt 0.5833330154418945 0.25
vt 0.5 0.25
vt 0.5833330154418945 0.25
vt 0.5833330154418945 0.25
vt 0.6666669845581055 0.25
vt 0.5833330154418945 0.25
vt 0.5833330154418945 0.25
vt 0.5833330154418945 0.25
vt 0.75 0.25
vt 0.6666669845581055 0.25
vt 0.6666669845581055 0.25
vt 0.5833330154418945 0.25
vt 0.5833330154418945 0.25
vt 0.5833330154418945 0.25
vt 0.6666669845581055 0.25
vt 0.6666669845581055 0.25
vt 0.5833330154418945 0.25
vt 0.6666669845581055 0.25
vt 0.6666669845581055 0.25
vt 0.6666669845581055 0.25
vt 0.6666669845581055 0.25
vt 0.5833330154418945 0.25
vt 0.6666669845581055 0.25
vt 0.75 0.25
vt 0.6666669845581055 0.25
vt 0.75 0.25
vt 0.6666669845581055 0.25
vt 0.75 0.25
vt 0.6666669845581055 0.25
vt 0.75 0.25
vt 0.6666669845581055 0.25
vt 0.75 0.25
vt 0.6666669845581055 0.25
vt 0.75 0.25
vt 0.6666669845581055 0.25
vt 0.75 0.25
vt 0.6666669845581055 0.25
vt 0.75 0.25
vt 0.6666669845581055 0.25
vt 0.75 0.25
vt 0.75 0.25
vt 0.6666669845581055 0.25
vt 0.75 0.25
vt 0.6666669845581055 0.25
vt 0.75 0.25
vt 0.6666669845581055 0.25
vt 0.8333330154418945 0.25
vt 0.75 0.25
vt 0.75 0.25
vt 0.8333330154418945 0.25
vt 0.75 0.25
vt 0.75 0.25
vt 0.75 0.25
vt 0.8333330154418945 0.25
vt 0.8333330154418945 0.25
vt 0.8333330154418945 0.25
vt 0.75 0.25
vt 0.75 0.25
vt 0.75 0.25
vt 0.8333330154418945 0.25
vt 0.8333330154418945 0.25
vt 0.75 0.25
vt 0.8333330154418945 0.25
vt 0.8333330154418945 0.25
vt 0.8333330154418945 0.25
vt 0.75 0.25
vt 0.75 0.25
vt 0.9166669845581055 0.25
vt 0.8333330154418945 0.25
vt 0.8333330154418945 0.25
vt 0.8333330154418945 0.25
vt 0.8333330154418945 0.25
vt 0.9166669845581055 0.25
vt 0.75 0.25
vt 0.9166669845581055 0.25
vt 0.8333330154418945 0.25
vt 0.9166669845581055 0.25
vt 0.9166669845581055 0.25
vt 0.8333330154418945 0.25
vt 0.75 0.25
vt 1 0.25
vt 0.9166669845581055 0.25
vt 1 0.25
vt 1 0.25
vt 0.9166669845581055 0.25
vt 0.9166669845581055 0.25
vt 0.9166669845581055 0.25
vt 1 0.25
vt 1 0.25
vt 1 0.25
vt 0.9166669845581055 0.25
vt 0.8333330154418945 0.25
vt 0.9166669845581055 0.25
vt 0.9166669845581055 0.25
vt 0.9166669845581055 0.25
vt 0.9166669845581055 0.25
vt 1 0.25
vt 0.9166669845581055 0.25
vt 0.8333330154418945 0.25
vt 0.8333330154418945 0.25
vt 1 0.25
vt 1 0.25
vt 0.9166669845581055 0.25
vt 0.9166669845581055 0.25
vt 0.9166669845581055 0.25
vt 1 0.25
vt 0.8333330154418945 0.25
vt 0.9166669845581055 0.25
vt 0.9166669845581055 0.25
vt 1 0.25
vt 1 0.25
vt 0.9166669845581055 0.25
vt 0.9166669845581055 0.25
vt 0.9166669845581055 0.25
vt 1 0.25
vt 0.9166669845581055 0.25
vt 0.9166669845581055 0.25
vt 0.8333330154418945 0.25
vt 1 0.25
vt 1 0.25
vt 0.9166669845581055 0.25
vt 0.8333330154418945 0.25
vt 0.8333330154418945 0.25
vt 0.9166669845581055 0.25
vt 0.75 0.25
vt 0.8333330154418945 0.25
vt 0.8333330154418945 0.25
vt 0.9166669845581055 0.25
vt 0.9166669845581055 0.25
vt 1 0.25
vt 1 0.25
vt 1 0.25
vt 0.9166669845581055 0.25
vt 0.9166669845581055 0.25
vt 0.8333330154418945 0.25
vt 0.8333330154418945 0.25
vt 0.8333330154418945 0.25
vt 0.9166669845581055 0.25
vt 0.9166669845581055 0.25
vt 0.8333330154418945 0.25
vt 0.75 0.25
vt 0.75 0.25
vt 0.75 0.25
vt 0.8333330154418945 0.25
vt 0.8333330154418945 0.25
vt 0.75 0.25
vt 0.6666669845581055 0.25
vt 0.75 0.25
vt 0.6666669845581055 0.25
vt 0.75 0.25
vt 0.6666669845581055 0.25
vt 0.75 0.25
vt 0.6666669845581055 0.25
vt 0.75 0.25
vt 0.8333330154418945 0.25
vt 0.75 0.25
vt 0.75 0.25
vt 0.75 0.25
vt 0.8333330154418945 0.25
vt 0.8333330154418945 0.25
vt 0.9166669845581055 0.25
vt 0.8333330154418945 0.25
vt 0.8333330154418945 0.25
vt 0.8333330154418945 0.25
vt 0.75 0.25
vt 0.75 0.25
vt 0.75 0.25
vt 0.8333330154418945 0.25
vt 0.8333330154418945 0.25
vt 0.8333330154418945 0.25
vt 0.9166669845581055 0.25
vt 0.9166669845581055 0.25
vt 0.9166669845581055 0.25
vt 0.8333330154418945 0.25
vt 0.8333330154418945 0.25
vt 0.9166669845581055 0.25
vt 0.9166669845581055 0.25
vt 1 0.25
vt 0.8333330154418945 0.25
vt 0.9166669845581055 0.25
vt 0.9166669845581055 0.25
vt 1 0.25
vt 0.9166669845581055 0.25
vt 1 0.25
vt 0.9166669845581055 0.25
vt 0.9166669845581055 0.25
vt 1 0.25
vt 0.75 0.25
vt 0.6666669845581055 0.25
vt 0.6666669845581055 0.25
vt 0.5833330154418945 0.25
vt 0.6666669845581055 0.25
vt 0.6666669845581055 0.25
vt 0.6666669845581055 0.25
vt 0.75 0.25
vt 0.75 0.25
vt 0.6666669845581055 0.25
vt 0.5833330154418945 0.25
vt 0.5833330154418945 0.25
vt 0.5 0.25
vt 0.5833330154418945 0.25
vt 0.5833330154418945 0.25
vt 0.5833330154418945 0.25
vt 0.5 0.25
vt 0.5 0.25
vt 0.5833330154418945 0.25
vt 0.6666669845581055 0.25
vt 0.5833330154418945 0.25
vt 0.5 0.25
vt 0.5833330154418945 0.25
vt 0.5833330154418945 0.25
vt 0.41666701436042786 0.25
vt 0.5 0.25
vt 0.5 0.25
vt 0.6666669845581055 0.25
vt 0.6666669845581055 0.25
vt 0.5833330154418945 0.25
vt 0.6666669845581055 0.25
vt 0.75 0.25
vt 0.6666669845581055 0.25
vt 0.5 0.25
vt 0.41666701436042786 0.25
vt 0.41666701436042786 0.25
vt 0.33333298563957214 0.25
vt 0.41666701436042786 0.25
vt 0.41666701436042786 0.25
vt 0.41666701436042786 0.25
vt 0.33333298563957214 0.25
vt 0.33333298563957214 0.25
vt 0.33333298563957214 0.25
vt 0.25 0.25
vt 0.33333298563957214 0.25
vt 0.33333298563957214 0.25
vt 0.25 0.25
vt 0.25 0.25
vt 0.33333298563957214 0.25
vt 0.41666701436042786 0.25
vt 0.33333298563957214 0.25
vt 0.25 0.25
vt 0.33333298563957214 0.25
vt 0.33333298563957214 0.25
vt 0.41666701436042786 0.25
vt 0.5 0.25
vt 0.41666701436042786 0.25
vt 0.41666701436042786 0.25
vt 0.41666701436042786 0.25
vt 0.33333298563957214 0.25
vt 0.5 0.25
vt 0.41666701436042786 0.25
vt 0.5 0.25
vt 0.5833330154418945 0.25
vt 0.5 0.25
vt 0.5 0.25
vt 0.33333298563957214 0.25
vt 0.41666701436042786 0.25
vt 0.33333298563957214 0.25
vt 0.25 0.25
vt 0.16666699945926666 0.25
vt 0.25 0.25
vt 0.16666699945926666 0.25
vt 0.25 0.25
vt 0.16666699945926666 0.25
vt 0.33333298563957214 0.25
vt 0.25 0.25
vt 0.25 0.25
vt 0.25 0.25
vt 0.33333298563957214 0.25
vt 0.33333298563957214 0.25
vt 0.16666699945926666 0.25
vt 0.25 0.25
vt 0.16666699945926666 0.25
vt 0.25 0.25
vt 0.16666699945926666 0.25
vt 0.25 0.25
vt 0.16666699945926666 0.25
vt 0.08333300054073334 0.25
vt 0.16666699945926666 0.25
vt 0.08333300054073334 0.25
vt 0.16666699945926666 0.25
vt 0.08333300054073334 0.25
vt 0 0.25
vt 0.08333300054073334 0.25
vt 0.08333300054073334 0.25
vt 0.08333300054073334 0.25
vt 0 0.25
vt 0 0.25
vt 0.08333300054073334 0.25
vt 0.16666699945926666 0.25
vt 0.08333300054073334 0.25
vt 0 0.25
vt 0.08333300054073334 0.25
vt 0.08333300054073334 0.25
vt 0.16666699945926666 0.25
vt 0.16666699945926666 0.25
vt 0.08333300054073334 0.25
vt 0.08333300054073334 0.25
vt 0 0.25
vt 0 0.25
vt 0 0.25
vt 0.08333300054073334 0.25
vt 0.08333300054073334 0.25
vt 0.08333300054073334 0.25
vt 0.16666699945926666 0.25
vt 0.08333300054073334 0.25
vt 0.08333300054073334 0.25
vt 0 0.25
vt 0 0.25
vt 0.16666699945926666 0.25
vt 0.16666699945926666 0.25
vt 0.08333300054073334 0.25
vt 0.16666699945926666 0.25
vt 0.25 0.25
vt 0.16666699945926666 0.25
vt 0 0.25
vt 0.08333300054073334 0.25
vt 0.08333300054073334 0.25
vt 0.08333300054073334 0.25
vt 0.16666699945926666 0.25
vt 0.08333300054073334 0.25
vt 0.08333300054073334 0.25
vt 0 0.25
vt 0 0.25
vt 0.25 0.25
vt 0.16666699945926666 0.25
vt 0.25 0.25
vt 0.16666699945926666 0.25
vt 0.16666699945926666 0.25
vt 0.08333300054073334 0.25
vt 0.16666699945926666 0.25
vt 0.25 0.25
vt 0.16666699945926666 0.25
vt 0 0.25
vt 0.08333300054073334 0.25
vt 0.08333300054073334 0.25
vt 0.08333300054073334 0.25
vt 0.16666699945926666 0.25
vt 0.08333300054073334 0.25
vt 0.08333300054073334 0.25
vt 0 0.25
vt 0 0.25
vt 0.33333298563957214 0.25
vt 0.25 0.25
vt 0.25 0.25
vt 0 0.25
vt 0.08333300054073334 0.25
vt 0.08333300054073334 0.25
vt 0.08333300054073334 0.25
vt 0 0.25
vt 0 0.25
vt 0.16666699945926666 0.25
vt 0.16666699945926666 0.25
vt 0.08333300054073334 0.25
vt 0.08333300054073334 0.25
vt 0.16666699945926666 0.25
vt 0.08333300054073334 0.25
vt 0.25 0.25
vt 0.16666699945926666 0.25
vt 0.25 0.25
vt 0.16666699945926666 0.25
vt 0.25 0.25
vt 0.16666699945926666 0.25
vt 0.25 0.25
vt 0.33333298563957214 0.25
vt 0.33333298563957214 0.25
vt 0.33333298563957214 0.25
vt 0.25 0.25
vt 0.25 0.25
vt 0 0.25
vt 0.08333300054073334 0.25
vt 0.08333300054073334 0.25
vt 0.08333300054073334 0.25
vt 0 0.25
vt 0 0.25
vt 0.16666699945926666 0.25
vt 0.16666699945926666 0.25
vt 0.08333300054073334 0.25
vt 0.08333300054073334 0.25
vt 0.16666699945926666 0.25
vt 0.08333300054073334 0.25
vt 0.25 0.25
vt 0.16666699945926666 0.25
vt 0.25 0.25
vt 0.16666699945926666 0.25
vt 0.25 0.25
vt 0.16666699945926666 0.25
vt 0.16666699945926666 0.25
vt 0.08333300054073334 0.25
vt 0.16666699945926666 0.25
vt 0.33333298563957214 0.25
vt 0.25 0.25
vt 0.25 0.25
vt 0.25 0.25
vt 0.33333298563957214 0.25
vt 0.33333298563957214 0.25
vt 0.25 0.25
vt 0.16666699945926666 0.25
vt 0.25 0.25
vt 0.16666699945926666 0.25
vt 0.25 0.25
vt 0.16666699945926666 0.25
vt 1 0.25
vt 0.16666699945926666 0.25
vt 0.08333300054073334 0.25
vt 0.33333298563957214 0.25
vt 0.25 0.25
vt 0.25 0.25
vt 0.25 0.25
vt 0.33333298563957214 0.25
vt 0.33333298563957214 0.25
vt 0.25 0.25
vt 0.16666699945926666 0.25
vt 0.25 0.25
vt 0.16666699945926666 0.25
vt 1 0.25
vt 0.25 0.25
vn 0.8685975843469401 -0.4954986141000175 -0.004399987684298166
vn 0.9664486707196327 -0.2185883989711071 0.1348928415428446
vn 0.8681554272432427 -0.42607810816195857 0.2544869346218568
vn 0.9664486707196327 -0.2185883989711071 0.1348928415428446
vn 0.8685975843469401 -0.4954986141000175 -0.004399987684298166
vn 0.9667726183843613 -0.2555927730666379 -0.004799864409737756
vn 0.9667726183843613 -0.2555927730666379 -0.004799864409737756
vn 0.9996819109030097 0.024699553704663983 -0.005099907851836097
vn 0.9664486707196327 -0.2185883989711071 0.1348928415428446
vn 0.022799663599577764 -0.8657872341164096 0.49989262905228316
vn -0.2378003857121018 -0.4901007869474763 0.8386013326895206
vn -0.23079870663767169 -0.8433952649810493 0.4851972629992091
vn -0.4767893001822645 -0.44698997078347635 0.7568830353830724
vn -0.23079870663767169 -0.8433952649810493 0.4851972629992091
vn -0.2378003857121018 -0.4901007869474763 0.8386013326895206
vn -0.23079870663767169 -0.8433952649810493 0.4851972629992091
vn -0.4767893001822645 -0.44698997078347635 0.7568830353830724
vn -0.470501823223635 -0.7663030044995109 0.43750170244041103
vn -0.6506292387657115 -0.39061754022001544 0.6512292460690133
vn -0.470501823223635 -0.7663030044995109 0.43750170244041103
vn -0.4767893001822645 -0.44698997078347635 0.7568830353830724
vn -0.470501823223635 -0.7663030044995109 0.43750170244041103
vn -0.6506292387657115 -0.39061754022001544 0.6512292460690133
vn -0.6453111641547892 -0.6640114921396781 0.3777065523970018
vn -0.2378003857121018 -0.4901007869474763 0.8386013326895206
vn 0.022799663599577764 -0.8657872341164096 0.49989262905228316
vn 0.015599432604159164 -0.49968184852506403 0.8660685353694609
vn 0.2688906749269928 -0.47768341662641167 0.8363709454646451
vn 0.015599432604159164 -0.49968184852506403 0.8660685353694609
vn 0.022799663599577764 -0.8657872341164096 0.49989262905228316
vn 0.2688906749269928 -0.47768341662641167 0.8363709454646451
vn 0.022799663599577764 -0.8657872341164096 0.49989262905228316
vn 0.2759040380761167 -0.8310121140045456 0.4830070684275635
vn 0.504793196178074 -0.42319428910795714 0.7523898077185358
vn 0.2688906749269928 -0.47768341662641167 0.8363709454646451
vn 0.2759040380761167 -0.8310121140045456 0.4830070684275635
vn 0.504793196178074 -0.42319428910795714 0.7523898077185358
vn 0.2759040380761167 -0.8310121140045456 0.4830070684275635
vn 0.5110213805648591 -0.742531106390684 0.4330181343175039
vn 0.5110213805648591 -0.742531106390684 0.4330181343175039
vn 0.7073841884225958 -0.34199235178271536 0.6185861631913804
vn 0.504793196178074 -0.42319428910795714 0.7523898077185358
vn 0.7073841884225958 -0.34199235178271536 0.6185861631913804
vn 0.5110213805648591 -0.742531106390684 0.4330181343175039
vn 0.7125805692749342 -0.6046835464695736 0.3557903047031909
vn 0.8681924086843303 -0.42599627220067565 0.2544977751848308
vn 0.7073841884225958 -0.34199235178271536 0.6185861631913804
vn 0.7125805692749342 -0.6046835464695736 0.3557903047031909
vn 0.7073841884225958 -0.34199235178271536 0.6185861631913804
vn 0.8681924086843303 -0.42599627220067565 0.2544977751848308
vn 0.86440919861853 -0.23760251914050248 0.44310470573190447
vn 0.8681924086843303 -0.42599627220067565 0.2544977751848308
vn 0.964433944446351 -0.11600408036082424 0.23750835804091666
vn 0.86440919861853 -0.23760251914050248 0.44310470573190447
vn 0.964433944446351 -0.11600408036082424 0.23750835804091666
vn 0.8681924086843303 -0.42599627220067565 0.2544977751848308
vn 0.9664697912628174 -0.21849317738208107 0.13489578945945044
vn 0.9664697912628174 -0.21849317738208107 0.13489578945945044
vn 0.9996819109030097 0.024699553704663983 -0.005099907851836097
vn 0.964433944446351 -0.11600408036082424 0.23750835804091666
vn 0.2689067015163789 -0.47741189016507873 0.8365208144502968
vn 0.004099964822069249 0.0005999948775644975 0.9999914151104522
vn 0.015600420027088675 -0.49941344964286105 0.8662233160166009
vn 0.004099964822069249 0.0005999948775644975 0.9999914151104522
vn -0.23779544253998272 -0.4897906147653032 0.838783929981399
vn 0.015600420027088675 -0.49941344964286105 0.8662233160166009
vn 0.004099964822069249 0.0005999948775644975 0.9999914151104522
vn 0.2689067015163789 -0.47741189016507873 0.8365208144502968
vn 0.2577009398543086 0.006400023273232753 0.9662035320264091
vn 0.504797922974536 -0.4229982492722785 0.7524968691451027
vn 0.2577009398543086 0.006400023273232753 0.9662035320264091
vn 0.2689067015163789 -0.47741189016507873 0.8365208144502968
vn 0.2577009398543086 0.006400023273232753 0.9662035320264091
vn 0.504797922974536 -0.4229982492722785 0.7524968691451027
vn 0.49480729905357 0.012500184545369976 0.8689128162190051
vn 0.7074083815967301 -0.3419040304525 0.618607319393354
vn 0.49480729905357 0.012500184545369976 0.8689128162190051
vn 0.504797922974536 -0.4229982492722785 0.7524968691451027
vn 0.49480729905357 0.012500184545369976 0.8689128162190051
vn 0.7074083815967301 -0.3419040304525 0.618607319393354
vn 0.699308230557774 0.01740020525801079 0.7146084463054814
vn 0.8644297341738716 -0.23750815867541294 0.4431152324607051
vn 0.699308230557774 0.01740020525801079 0.7146084463054814
vn 0.7074083815967301 -0.3419040304525 0.618607319393354
vn 0.699308230557774 0.01740020525801079 0.7146084463054814
vn 0.8644297341738716 -0.23750815867541294 0.4431152324607051
vn 0.8584890893536682 0.02119972985288453 0.5123934571351144
vn 0.9644451273958422 -0.11590542654685226 0.2375111120335431
vn 0.8584890893536682 0.02119972985288453 0.5123934571351144
vn 0.8644297341738716 -0.23750815867541294 0.4431152324607051
vn 0.8584890893536682 0.02119972985288453 0.5123934571351144
vn 0.9644451273958422 -0.11590542654685226 0.2375111120335431
vn 0.9612689817216362 0.023699235609153053 0.2745911342548966
vn 0.9644451273958422 -0.11590542654685226 0.2375111120335431
vn 0.9996819109030097 0.024699553704663983 -0.005099907851836097
vn 0.9612689817216362 0.023699235609153053 0.2745911342548966
vn -0.2489026964852045 -0.005900064228486081 0.9685105249425501
vn -0.23779544253998272 -0.4897906147653032 0.838783929981399
vn 0.004099964822069249 0.0005999948775644975 0.9999914151104522
vn -0.2489026964852045 -0.005900064228486081 0.9685105249425501
vn -0.4766972524656051 -0.4468974269107854 0.7569956534302311
vn -0.23779544253998272 -0.4897906147653032 0.838783929981399
vn -0.2489026964852045 -0.005900064228486081 0.9685105249425501
vn -0.4868934739261456 -0.011299848863693592 0.8733882632963347
vn -0.4766972524656051 -0.4468974269107854 0.7569956534302311
vn -0.4868934739261456 -0.011299848863693592 0.8733882632963347
vn -0.6506376754298803 -0.3904225903680065 0.6513377128967258
vn -0.4766972524656051 -0.4468974269107854 0.7569956534302311
vn -0.4868934739261456 -0.011299848863693592 0.8733882632963347
vn -0.6592039192307112 -0.0155000916026783 0.7518044559798635
vn -0.6506376754298803 -0.3904225903680065 0.6513377128967258
vn -0.27589813845545175 0.8311943764127233 -0.48269672240101263
vn -0.02469987182956557 0.9996947865894829 -0.0004999974113482258
vn -0.023800603083220663 0.8659219017030577 -0.49961264139714795
vn -0.02469987182956557 0.9996947865894829 -0.0004999974113482258
vn 0.23079043294824644 0.8434650433309006 -0.48507988696539783
vn -0.023800603083220663 0.8659219017030577 -0.49961264139714795
vn -0.02469987182956557 0.9996947865894829 -0.0004999974113482258
vn -0.27589813845545175 0.8311943764127233 -0.48269672240101263
vn -0.27671496055750516 0.9609519970289415 0.00030001624539269624
vn 0.23079043294824644 0.8434650433309006 -0.48507988696539783
vn -0.02469987182956557 0.9996947865894829 -0.0004999974113482258
vn 0.22990285487362072 0.9732120977716876 -0.0017000211146212022
vn -0.5109897389629053 0.7426850996643903 -0.4327913231698579
vn -0.27671496055750516 0.9609519970289415 0.00030001624539269624
vn -0.27589813845545175 0.8311943764127233 -0.48269672240101263
vn 0.22990285487362072 0.9732120977716876 -0.0017000211146212022
vn 0.470465785685 0.7663442601363749 -0.4374681925075557
vn 0.23079043294824644 0.8434650433309006 -0.48507988696539783
vn -0.27671496055750516 0.9609519970289415 0.00030001624539269624
vn -0.5109897389629053 0.7426850996643903 -0.4327913231698579
vn -0.511993104369837 0.8589884173438298 0.0013999810283475249
vn -0.6801094371178776 0.6320087766988631 -0.37150512744619074
vn -0.511993104369837 0.8589884173438298 0.0013999810283475249
vn -0.5109897389629053 0.7426850996643903 -0.4327913231698579
vn -0.511993104369837 0.8589884173438298 0.0013999810283475249
vn -0.6801094371178776 0.6320087766988631 -0.37150512744619074
vn -0.6807294088315997 0.7325316590657837 0.0022000950232002993
vn 0.4697869153916063 0.8827754043718881 -0.002799921943403662
vn 0.470465785685 0.7663442601363749 -0.4374681925075557
vn 0.22990285487362072 0.9732120977716876 -0.0017000211146212022
vn 0.470465785685 0.7663442601363749 -0.4374681925075557
vn 0.4697869153916063 0.8827754043718881 -0.002799921943403662
vn 0.6790837364877172 0.6384847056159779 -0.36219133000716425
vn 0.6790837364877172 0.6384847056159779 -0.36219133000716425
vn 0.4697869153916063 0.8827754043718881 -0.002799921943403662
vn 0.6787031391412314 0.7344034033091014 -0.0037000172766667792
vn 0.8435791901998538 0.5369867696842759 -0.004399891567430206
vn 0.6790837364877172 0.6384847056159779 -0.36219133000716425
vn 0.6787031391412314 0.7344034033091014 -0.0037000172766667792
vn 0.6790837364877172 0.6384847056159779 -0.36219133000716425
vn 0.8435791901998538 0.5369867696842759 -0.004399891567430206
vn 0.8441186309985594 0.4676103097088774 -0.2623058044631984
vn 0.8441186309985594 0.4676103097088774 -0.2623058044631984
vn 0.8435791901998538 0.5369867696842759 -0.004399891567430206
vn 0.9534571156843121 0.2650880867910024 -0.14369354471387355
vn 0.9534571156843121 0.2650880867910024 -0.14369354471387355
vn 0.8435791901998538 0.5369867696842759 -0.004399891567430206
vn 0.9532290324546481 0.3022091994323166 -0.004900149390973038
vn 0.9532290324546481 0.3022091994323166 -0.004900149390973038
vn 0.9996794367931754 0.024799490348020772 -0.005099895230089087
vn 0.9534571156843121 0.2650880867910024 -0.14369354471387355
vn 0.23529691143969408 0.8435888859013241 0.4826936451318823
vn -0.02469987182956557 0.9996947865894829 -0.0004999974113482258
vn -0.019199059929263965 0.8660575661165386 0.4995755080767367
vn -0.019199059929263965 0.8660575661165386 0.4995755080767367
vn -0.02469987182956557 0.9996947865894829 -0.0004999974113482258
vn -0.2714872345290927 0.8312609601757104 0.48507720784994807
vn -0.02469987182956557 0.9996947865894829 -0.0004999974113482258
vn 0.23529691143969408 0.8435888859013241 0.4826936451318823
vn 0.22990299281888849 0.9732126817139944 -0.0013000169128087279
vn -0.2714872345290927 0.8312609601757104 0.48507720784994807
vn -0.02469987182956557 0.9996947865894829 -0.0004999974113482258
vn -0.276807264561575 0.9609252043006659 0.0007000183296401725
vn 0.47449806032350766 0.7663968459065 0.4329982278644997
vn 0.22990299281888849 0.9732126817139944 -0.0013000169128087279
vn 0.23529691143969408 0.8435888859013241 0.4826936451318823
vn -0.2714872345290927 0.8312609601757104 0.48507720784994807
vn -0.276807264561575 0.9609252043006659 0.0007000183296401725
vn -0.506985189624868 0.7426782425352724 0.4374871947448926
vn 0.22990299281888849 0.9732126817139944 -0.0013000169128087279
vn 0.47449806032350766 0.7663968459065 0.4329982278644997
vn 0.46978704457564746 0.882775647121293 -0.0026999256398792626
vn -0.506985189624868 0.7426782425352724 0.4374871947448926
vn -0.276807264561575 0.9609252043006659 0.0007000183296401725
vn -0.5119927767034149 0.8589878676066185 0.001799974489184269
vn -0.506985189624868 0.7426782425352724 0.4374871947448926
vn -0.5119927767034149 0.8589878676066185 0.001799974489184269
vn -0.6767069237573687 0.6321064572434835 0.37750386229803123
vn -0.6767069237573687 0.6321064572434835 0.37750386229803123
vn -0.5119927767034149 0.8589878676066185 0.001799974489184269
vn -0.6807285748674134 0.7325307616384639 0.0027001133961282943
vn 0.6824185487787886 0.6385173417719102 0.35580968022130294
vn 0.46978704457564746 0.882775647121293 -0.0026999256398792626
vn 0.47449806032350766 0.7663968459065 0.4329982278644997
vn 0.46978704457564746 0.882775647121293 -0.0026999256398792626
vn 0.6824185487787886 0.6385173417719102 0.35580968022130294
vn 0.6787031391412314 0.7344034033091014 -0.0037000172766667792
vn 0.6824185487787886 0.6385173417719102 0.35580968022130294
vn 0.8435791901998538 0.5369867696842759 -0.004399891567430206
vn 0.6787031391412314 0.7344034033091014 -0.0037000172766667792
vn 0.8435791901998538 0.5369867696842759 -0.004399891567430206
vn 0.6824185487787886 0.6385173417719102 0.35580968022130294
vn 0.8465075071404071 0.46760414619577517 0.2545022648532892
vn 0.8465075071404071 0.46760414619577517 0.2545022648532892
vn 0.9532290324546481 0.3022091994323166 -0.004900149390973038
vn 0.8435791901998538 0.5369867696842759 -0.004399891567430206
vn 0.9532290324546481 0.3022091994323166 -0.004900149390973038
vn 0.8465075071404071 0.46760414619577517 0.2545022648532892
vn 0.9547471928787588 0.26511310866009125 0.13480666640308495
vn 0.9547471928787588 0.26511310866009125 0.13480666640308495
vn 0.9996794367931754 0.024799490348020772 -0.005099895230089087
vn 0.9532290324546481 0.3022091994323166 -0.004900149390973038
vn -0.48368567371099164 -0.4471867484020811 -0.7523776851424543
vn -0.6486995549202473 -0.6640995368472947 -0.371699734470556
vn -0.6565000068844455 -0.3908000141215451 -0.645200038688253
vn -0.6486995549202473 -0.6640995368472947 -0.371699734470556
vn -0.48368567371099164 -0.4471867484020811 -0.7523776851424543
vn -0.4745138630785143 -0.7663224101931622 -0.433112638215566
vn -0.2454959268790504 -0.49009186835021373 -0.8363861013089544
vn -0.4745138630785143 -0.7663224101931622 -0.433112638215566
vn -0.48368567371099164 -0.4471867484020811 -0.7523776851424543
vn -0.4745138630785143 -0.7663224101931622 -0.433112638215566
vn -0.2454959268790504 -0.49009186835021373 -0.8363861013089544
vn -0.2353053907657592 -0.8435193267901682 -0.48281105870519875
vn 0.018199872997070748 -0.8658939020706407 -0.4998965042684037
vn -0.2353053907657592 -0.8435193267901682 -0.48281105870519875
vn -0.2454959268790504 -0.49009186835021373 -0.8363861013089544
vn 0.018199872997070748 -0.8658939020706407 -0.4998965042684037
vn -0.2454959268790504 -0.49009186835021373 -0.8363861013089544
vn 0.007600049416226557 -0.49980323795394144 -0.8661056301512113
vn 0.26128905222832993 -0.4778799801412397 -0.8386648649882916
vn 0.018199872997070748 -0.8658939020706407 -0.4998965042684037
vn 0.007600049416226557 -0.49980323795394144 -0.8661056301512113
vn 0.018199872997070748 -0.8658939020706407 -0.4998965042684037
vn 0.26128905222832993 -0.4778799801412397 -0.8386648649882916
vn 0.27140401644303136 -0.831212290369869 -0.48520716008388365
vn 0.5070006442813644 -0.7426009248180366 -0.43760051777583386
vn 0.27140401644303136 -0.831212290369869 -0.48520716008388365
vn 0.26128905222832993 -0.4778799801412397 -0.8386648649882916
vn 0.5070006442813644 -0.7426009248180366 -0.43760051777583386
vn 0.26128905222832993 -0.4778799801412397 -0.8386648649882916
vn 0.49788267805505765 -0.42338527676392557 -0.7568736660184827
vn 0.5070006442813644 -0.7426009248180366 -0.43760051777583386
vn 0.49788267805505765 -0.42338527676392557 -0.7568736660184827
vn 0.7092397090841052 -0.6047338659027497 -0.3623202816412694
vn 0.7092397090841052 -0.6047338659027497 -0.3623202816412694
vn 0.49788267805505765 -0.42338527676392557 -0.7568736660184827
vn 0.7016858483754812 -0.3420931086517265 -0.6249874200354592
vn 0.8603308963122329 -0.2377085357859423 -0.4509161794226212
vn 0.7092397090841052 -0.6047338659027497 -0.3623202816412694
vn 0.7016858483754812 -0.3420931086517265 -0.6249874200354592
vn 0.7092397090841052 -0.6047338659027497 -0.3623202816412694
vn 0.8603308963122329 -0.2377085357859423 -0.4509161794226212
vn 0.8657893572386856 -0.4260947366877273 -0.26239676876676704
vn 0.8657893572386856 -0.4260947366877273 -0.26239676876676704
vn 0.8603308963122329 -0.2377085357859423 -0.4509161794226212
vn 0.9651774671326004 -0.21859490005570048 -0.14369664787021444
vn 0.8603308963122329 -0.2377085357859423 -0.4509161794226212
vn 0.9622247632239848 -0.11600298373358747 -0.24630633934889148
vn 0.9651774671326004 -0.21859490005570048 -0.14369664787021444
vn 0.9622247632239848 -0.11600298373358747 -0.24630633934889148
vn 0.9996819109030097 0.024699553704663983 -0.005099907851836097
vn 0.9651774671326004 -0.21859490005570048 -0.14369664787021444
vn 0.02370045044241472 -0.9997189798334906 -0.0005000095116007611
vn -0.23529691143969408 -0.8435888859013241 -0.4826936451318823
vn 0.018200116009164588 -0.8660054810649358 -0.4997031744373276
vn 0.271394617877068 -0.8312835205721517 -0.48509037283018663
vn 0.02370045044241472 -0.9997189798334906 -0.0005000095116007611
vn 0.018200116009164588 -0.8660054810649358 -0.4997031744373276
vn -0.22990317674628816 -0.9732134603053285 0.0003000041563982369
vn -0.23529691143969408 -0.8435888859013241 -0.4826936451318823
vn 0.02370045044241472 -0.9997189798334906 -0.0005000095116007611
vn -0.22990317674628816 -0.9732134603053285 0.0003000041563982369
vn -0.4744047489496229 -0.7665076470707098 -0.4329043325680274
vn -0.23529691143969408 -0.8435888859013241 -0.4826936451318823
vn -0.22990317674628816 -0.9732134603053285 0.0003000041563982369
vn -0.4697880780536453 -0.8827775891271846 0.0016999568988102785
vn -0.4744047489496229 -0.7665076470707098 -0.4329043325680274
vn -0.4697880780536453 -0.8827775891271846 0.0016999568988102785
vn -0.6487046766091126 -0.6642047974390543 -0.37150266433016543
vn -0.4744047489496229 -0.7665076470707098 -0.4329043325680274
vn -0.4697880780536453 -0.8827775891271846 0.0016999568988102785
vn -0.6443928208253406 -0.7646914754178085 0.0021999754762184235
vn -0.6487046766091126 -0.6642047974390543 -0.37150266433016543
vn 0.02370045044241472 -0.9997189798334906 -0.0005000095116007611
vn 0.271394617877068 -0.8312835205721517 -0.48509037283018663
vn 0.2768069323760204 -0.9609240511319712 -0.001700042557839476
vn 0.5070816227475078 -0.7426730857557837 -0.4373841738857688
vn 0.2768069323760204 -0.9609240511319712 -0.001700042557839476
vn 0.271394617877068 -0.8312835205721517 -0.48509037283018663
vn 0.2768069323760204 -0.9609240511319712 -0.001700042557839476
vn 0.5070816227475078 -0.7426730857557837 -0.4373841738857688
vn 0.5119915991575438 -0.8589858919974638 -0.0027999538250660055
vn 0.7092722066911101 -0.6047763030132621 -0.36218580884558993
vn 0.5119915991575438 -0.8589858919974638 -0.0027999538250660055
vn 0.5070816227475078 -0.7426730857557837 -0.4373841738857688
vn 0.5119915991575438 -0.8589858919974638 -0.0027999538250660055
vn 0.7092722066911101 -0.6047763030132621 -0.36218580884558993
vn 0.7134727538817807 -0.7006732052210549 -0.00369985859211901
vn 0.8657751671861156 -0.4261877668332432 -0.262292484233816
vn 0.7134727538817807 -0.7006732052210549 -0.00369985859211901
vn 0.7092722066911101 -0.6047763030132621 -0.36218580884558993
vn 0.7134727538817807 -0.7006732052210549 -0.00369985859211901
vn 0.8657751671861156 -0.4261877668332432 -0.262292484233816
vn 0.8685975843469401 -0.4954986141000175 -0.004399987684298166
vn 0.9651774671326004 -0.21859490005570048 -0.14369664787021444
vn 0.8685975843469401 -0.4954986141000175 -0.004399987684298166
vn 0.8657751671861156 -0.4261877668332432 -0.262292484233816
vn 0.8685975843469401 -0.4954986141000175 -0.004399987684298166
vn 0.9651774671326004 -0.21859490005570048 -0.14369664787021444
vn 0.9667721495272995 -0.25559264911145513 -0.004899859034029979
vn 0.9651774671326004 -0.21859490005570048 -0.14369664787021444
vn 0.9996892734082953 0.024399737482001777 -0.005099945411882053
vn 0.9667721495272995 -0.25559264911145513 -0.004899859034029979
vn 0.004099964822069249 0.0005999948775644975 0.9999914151104522
vn -0.26129210197449776 0.47768556057830536 0.8387746673932986
vn -0.24890326399797344 -0.0055000721776920095 0.9685127332034388
vn -0.49788713578276483 0.4231890692744649 0.7569804565962367
vn -0.24890326399797344 -0.0055000721776920095 0.9685127332034388
vn -0.26129210197449776 0.47768556057830536 0.8387746673932986
vn -0.24890326399797344 -0.0055000721776920095 0.9685127332034388
vn -0.49788713578276483 0.4231890692744649 0.7569804565962367
vn -0.4868934739261456 -0.011299848863693592 0.8733882632963347
vn -0.6687735484318604 0.3585858096365339 0.6512742571644986
vn -0.4868934739261456 -0.011299848863693592 0.8733882632963347
vn -0.49788713578276483 0.4231890692744649 0.7569804565962367
vn -0.4868934739261456 -0.011299848863693592 0.8733882632963347
vn -0.6687735484318604 0.3585858096365339 0.6512742571644986
vn -0.6592049377134569 -0.015400114973370538 0.7518056175322212
vn -0.26129210197449776 0.47768556057830536 0.8387746673932986
vn 0.004099964822069249 0.0005999948775644975 0.9999914151104522
vn -0.008600530940168325 0.4995308272190626 0.8662534176125289
vn -0.008600530940168325 0.4995308272190626 0.8662534176125289
vn 0.004099964822069249 0.0005999948775644975 0.9999914151104522
vn 0.24549944793202647 0.4898988946108779 0.8364981136404971
vn 0.24549944793202647 0.4898988946108779 0.8364981136404971
vn 0.004099964822069249 0.0005999948775644975 0.9999914151104522
vn 0.25779363055576265 0.006799831744759151 0.9661760741878894
vn 0.24549944793202647 0.4898988946108779 0.8364981136404971
vn 0.25779363055576265 0.006799831744759151 0.9661760741878894
vn 0.4836925243881104 0.44699308183554 0.7524883564828254
vn 0.4836925243881104 0.44699308183554 0.7524883564828254
vn 0.25779363055576265 0.006799831744759151 0.9661760741878894
vn 0.49488280116283073 0.012499566083105429 0.8688698256706605
vn 0.4836925243881104 0.44699308183554 0.7524883564828254
vn 0.49488280116283073 0.012499566083105429 0.8688698256706605
vn 0.69000288861708 0.3758015880904631 0.6186026027174243
vn 0.69000288861708 0.3758015880904631 0.6186026027174243
vn 0.49488280116283073 0.012499566083105429 0.8688698256706605
vn 0.6993581108425267 0.01749895175389651 0.7145572191828217
vn 0.69000288861708 0.3758015880904631 0.6186026027174243
vn 0.6993581108425267 0.01749895175389651 0.7145572191828217
vn 0.8519136106359669 0.27910446604471423 0.44310709433170337
vn 0.6993581108425267 0.01749895175389651 0.7145572191828217
vn 0.858487265119713 0.021299683151123266 0.5123923683320597
vn 0.8519136106359669 0.27910446604471423 0.44310709433170337
vn 0.9612666988671568 0.02379917569174579 0.27459048214647247
vn 0.8519136106359669 0.27910446604471423 0.44310709433170337
vn 0.858487265119713 0.021299683151123266 0.5123923683320597
vn 0.8519136106359669 0.27910446604471423 0.44310709433170337
vn 0.9612666988671568 0.02379917569174579 0.27459048214647247
vn 0.9577147017525055 0.16240249787390676 0.23750363940669442
vn 0.9612666988671568 0.02379917569174579 0.27459048214647247
vn 0.9996824157259746 0.024699566177533397 -0.004999911891360703
vn 0.9577147017525055 0.16240249787390676 0.23750363940669442
vn -0.00859998640488901 0.49979918954362396 0.8660986146885196
vn -0.01920116892381952 0.8658526931130139 0.49993042410009425
vn -0.2612984819305331 0.47799721263957173 0.8385951156843204
vn 0.2454959268790504 0.49009186835021373 0.8363861013089544
vn -0.01920116892381952 0.8658526931130139 0.49993042410009425
vn -0.00859998640488901 0.49979918954362396 0.8660986146885196
vn -0.2612984819305331 0.47799721263957173 0.8385951156843204
vn -0.01920116892381952 0.8658526931130139 0.49993042410009425
vn -0.27149663579209543 0.8311897303441695 0.4851939910221074
vn -0.2612984819305331 0.47799721263957173 0.8385951156843204
vn -0.27149663579209543 0.8311897303441695 0.4851939910221074
vn -0.4978029753039329 0.42360252636946244 0.7568045305308106
vn -0.4978029753039329 0.42360252636946244 0.7568045305308106
vn -0.27149663579209543 0.8311897303441695 0.4851939910221074
vn -0.5070970851985231 0.7425957756849525 0.4374974972705852
vn -0.6687735484318604 0.3585858096365339 0.6512742571644986
vn -0.4978029753039329 0.42360252636946244 0.7568045305308106
vn -0.5070970851985231 0.7425957756849525 0.4374974972705852
vn -0.6765932195216512 0.6319937148041161 0.3778962288055017
vn -0.6687735484318604 0.3585858096365339 0.6512742571644986
vn -0.5070970851985231 0.7425957756849525 0.4374974972705852
vn -0.01920116892381952 0.8658526931130139 0.49993042410009425
vn 0.2454959268790504 0.49009186835021373 0.8363861013089544
vn 0.23530251463386537 0.8434089988136803 0.4830051628368844
vn 0.48368567371099164 0.4471867484020811 0.7523776851424543
vn 0.23530251463386537 0.8434089988136803 0.4830051628368844
vn 0.2454959268790504 0.49009186835021373 0.8363861013089544
vn 0.23530251463386537 0.8434089988136803 0.4830051628368844
vn 0.48368567371099164 0.4471867484020811 0.7523776851424543
vn 0.47449806032350766 0.7663968459065 0.4329982278644997
vn 0.69000288861708 0.3758015880904631 0.6186026027174243
vn 0.47449806032350766 0.7663968459065 0.4329982278644997
vn 0.48368567371099164 0.4471867484020811 0.7523776851424543
vn 0.47449806032350766 0.7663968459065 0.4329982278644997
vn 0.69000288861708 0.3758015880904631 0.6186026027174243
vn 0.6824185487787886 0.6385173417719102 0.35580968022130294
vn 0.69000288861708 0.3758015880904631 0.6186026027174243
vn 0.8465075071404071 0.46760414619577517 0.2545022648532892
vn 0.6824185487787886 0.6385173417719102 0.35580968022130294
vn 0.8465075071404071 0.46760414619577517 0.2545022648532892
vn 0.69000288861708 0.3758015880904631 0.6186026027174243
vn 0.8519275836954614 0.27920903393839885 0.44301434232539083
vn 0.95769914563396 0.16249984667808517 0.23749978164533514
vn 0.8465075071404071 0.46760414619577517 0.2545022648532892
vn 0.8519275836954614 0.27920903393839885 0.44301434232539083
vn 0.8465075071404071 0.46760414619577517 0.2545022648532892
vn 0.95769914563396 0.16249984667808517 0.23749978164533514
vn 0.9547343168820384 0.26510953326804704 0.13490485364947274
vn 0.95769914563396 0.16249984667808517 0.23749978164533514
vn 0.9996799416123922 0.024799502871294565 -0.0049998995170809045
vn 0.9547343168820384 0.26510953326804704 0.13490485364947274
vn 0.4978119087886102 -0.42321014172260174 -0.7570181499880805
vn 0.4868877288433115 0.01229968955787879 -0.8733779577814988
vn 0.7016858483754812 -0.3420931086517265 -0.6249874200354592
vn 0.7016858483754812 -0.3420931086517265 -0.6249874200354592
vn 0.4868877288433115 0.01229968955787879 -0.8733779577814988
vn 0.692761145982266 0.017299030549776266 -0.7209595953722896
vn 0.4978119087886102 -0.42321014172260174 -0.7570181499880805
vn 0.24890224471828967 0.0062000561857581075 -0.9685087670627922
vn 0.4868877288433115 0.01229968955787879 -0.8733779577814988
vn 0.692761145982266 0.017299030549776266 -0.7209595953722896
vn 0.8603773266835941 -0.237593731641965 -0.45088809522234863
vn 0.7016858483754812 -0.3420931086517265 -0.6249874200354592
vn 0.26119894080204653 -0.47769803820023704 -0.838796577021827
vn 0.24890224471828967 0.0062000561857581075 -0.9685087670627922
vn 0.4978119087886102 -0.42321014172260174 -0.7570181499880805
vn 0.8603773266835941 -0.237593731641965 -0.45088809522234863
vn 0.692761145982266 0.017299030549776266 -0.7209595953722896
vn 0.853714854241316 0.021200368696550308 -0.5203090351078474
vn 0.9587081781327922 0.02370020285902046 -0.2834024163018794
vn 0.8603773266835941 -0.237593731641965 -0.45088809522234863
vn 0.853714854241316 0.021200368696550308 -0.5203090351078474
vn 0.8603773266835941 -0.237593731641965 -0.45088809522234863
vn 0.9587081781327922 0.02370020285902046 -0.2834024163018794
vn 0.9622359203462947 -0.11590433082681487 -0.24630919530319537
vn 0.9587081781327922 0.02370020285902046 -0.2834024163018794
vn 0.9996803364649117 0.024699514804371867 -0.005399893872055956
vn 0.9622359203462947 -0.11590433082681487 -0.24630919530319537
vn 0.26119894080204653 -0.47769803820023704 -0.838796577021827
vn -0.005099933630324917 0.00029999609932540106 -0.9999869502545055
vn 0.24890224471828967 0.0062000561857581075 -0.9685087670627922
vn 0.007600150986224653 -0.49960991016204537 -0.8662171640950435
vn -0.005099933630324917 0.00029999609932540106 -0.9999869502545055
vn 0.26119894080204653 -0.47769803820023704 -0.838796577021827
vn -0.24549944793202647 -0.4898988946108779 -0.8364981136404971
vn -0.005099933630324917 0.00029999609932540106 -0.9999869502545055
vn 0.007600150986224653 -0.49960991016204537 -0.8662171640950435
vn -0.005099933630324917 0.00029999609932540106 -0.9999869502545055
vn -0.24549944793202647 -0.4898988946108779 -0.8364981136404971
vn -0.25770142304838684 -0.006100033656335548 -0.9662053436760885
vn -0.4836925243881104 -0.44699308183554 -0.7524883564828254
vn -0.25770142304838684 -0.006100033656335548 -0.9662053436760885
vn -0.24549944793202647 -0.4898988946108779 -0.8364981136404971
vn -0.25770142304838684 -0.006100033656335548 -0.9662053436760885
vn -0.4836925243881104 -0.44699308183554 -0.7524883564828254
vn -0.4948887394518849 -0.011499738635581265 -0.8688802515738504
vn -0.6565256577395103 -0.3907152928092482 -0.6452252480294666
vn -0.4948887394518849 -0.011499738635581265 -0.8688802515738504
vn -0.4836925243881104 -0.44699308183554 -0.7524883564828254
vn -0.4948887394518849 -0.011499738635581265 -0.8688802515738504
vn -0.6565256577395103 -0.3907152928092482 -0.6452252480294666
vn -0.6660986176846873 -0.015699966232293833 -0.7456984260268047
vn -0.2577954028175121 -0.005699898168056796 -0.9661827163880704
vn -0.2689067015163789 0.47741189016507873 -0.8365208144502968
vn -0.00509993345183195 0.0003999947559976366 -0.9999869152558858
vn -0.2577954028175121 -0.005699898168056796 -0.9661827163880704
vn -0.5047765718512885 0.4230803401257271 -0.752465041253851
vn -0.2689067015163789 0.47741189016507873 -0.8365208144502968
vn -0.2577954028175121 -0.005699898168056796 -0.9661827163880704
vn -0.4948893060737488 -0.011399754130489628 -0.8688812463965417
vn -0.5047765718512885 0.4230803401257271 -0.752465041253851
vn -0.4948893060737488 -0.011399754130489628 -0.8688812463965417
vn -0.6747942565631416 0.35829696211624623 -0.6451945429462853
vn -0.5047765718512885 0.4230803401257271 -0.752465041253851
vn -0.4948893060737488 -0.011399754130489628 -0.8688812463965417
vn -0.6660440142395258 -0.015601030339889993 -0.7457492735149209
vn -0.6747942565631416 0.35829696211624623 -0.6451945429462853
vn -0.00509993345183195 0.0003999947559976366 -0.9999869152558858
vn -0.2689067015163789 0.47741189016507873 -0.8365208144502968
vn -0.016601008768313764 0.4993303529004697 -0.8662526220336458
vn 0.23779544253998272 0.4897906147653032 -0.838783929981399
vn -0.00509993345183195 0.0003999947559976366 -0.9999869152558858
vn -0.016601008768313764 0.4993303529004697 -0.8662526220336458
vn -0.00509993345183195 0.0003999947559976366 -0.9999869152558858
vn 0.23779544253998272 0.4897906147653032 -0.838783929981399
vn 0.2489014419985488 0.006700038710834985 -0.9685056435831008
vn 0.47679581961617773 0.4467960811185778 -0.7569934004293687
vn 0.2489014419985488 0.006700038710834985 -0.9685056435831008
vn 0.23779544253998272 0.4897906147653032 -0.838783929981399
vn 0.2489014419985488 0.006700038710834985 -0.9685056435831008
vn 0.47679581961617773 0.4467960811185778 -0.7569934004293687
vn 0.4868114184989523 0.012300288481174202 -0.8734204862048508
vn 0.6842856406702689 0.37569211028686955 -0.6249868800548365
vn 0.4868114184989523 0.012300288481174202 -0.8734204862048508
vn 0.47679581961617773 0.4467960811185778 -0.7569934004293687
vn 0.4868114184989523 0.012300288481174202 -0.8734204862048508
vn 0.6842856406702689 0.37569211028686955 -0.6249868800548365
vn 0.692761145982266 0.017299030549776266 -0.7209595953722896
vn 0.8478353399885216 0.2790116386015056 -0.45091877515961903
vn 0.692761145982266 0.017299030549776266 -0.7209595953722896
vn 0.6842856406702689 0.37569211028686955 -0.6249868800548365
vn 0.692761145982266 0.017299030549776266 -0.7209595953722896
vn 0.8478353399885216 0.2790116386015056 -0.45091877515961903
vn 0.853714854241316 0.021200368696550308 -0.5203090351078474
vn 0.8478353399885216 0.2790116386015056 -0.45091877515961903
vn 0.9587059011739474 0.0238001470159087 -0.2834017432131824
vn 0.853714854241316 0.021200368696550308 -0.5203090351078474
vn 0.9587059011739474 0.0238001470159087 -0.2834017432131824
vn 0.8478353399885216 0.2790116386015056 -0.45091877515961903
vn 0.9554915441061922 0.16239856892103513 -0.2462978155688035
vn 0.9554915441061922 0.16239856892103513 -0.2462978155688035
vn 0.9996794367931754 0.024799490348020772 -0.005099895230089087
vn 0.9587059011739474 0.0238001470159087 -0.2834017432131824
vn -0.02380115535535956 0.8657420113758092 -0.4999242690075349
vn 0.23779209154962286 0.48998370941568786 -0.8386720966526182
vn -0.016599958687513235 0.49959875767577744 -0.8660978713173199
vn -0.26898342549418736 0.47767057243747163 -0.8363484567072932
vn -0.02380115535535956 0.8657420113758092 -0.4999242690075349
vn -0.016599958687513235 0.49959875767577744 -0.8660978713173199
vn 0.2310075261132737 0.8433274375013057 -0.4852157829631126
vn 0.23779209154962286 0.48998370941568786 -0.8386720966526182
vn -0.02380115535535956 0.8657420113758092 -0.4999242690075349
vn 0.2310075261132737 0.8433274375013057 -0.4852157829631126
vn 0.4767054968305885 0.4472051495262739 -0.7568087099978996
vn 0.23779209154962286 0.48998370941568786 -0.8386720966526182
vn 0.470501823223635 0.7663030044995109 -0.43750170244041103
vn 0.4767054968305885 0.4472051495262739 -0.7568087099978996
vn 0.2310075261132737 0.8433274375013057 -0.4852157829631126
vn 0.4767054968305885 0.4472051495262739 -0.7568087099978996
vn 0.470501823223635 0.7663030044995109 -0.43750170244041103
vn 0.6843026958187379 0.37580149103140886 -0.6249024402526988
vn 0.470501823223635 0.7663030044995109 -0.43750170244041103
vn 0.6791270760166743 0.6384254931125775 -0.3622144452737969
vn 0.6843026958187379 0.37580149103140886 -0.6249024402526988
vn 0.8440964883644023 0.4675980435135398 -0.2623989101219629
vn 0.6843026958187379 0.37580149103140886 -0.6249024402526988
vn 0.6791270760166743 0.6384254931125775 -0.3622144452737969
vn 0.6843026958187379 0.37580149103140886 -0.6249024402526988
vn 0.8440964883644023 0.4675980435135398 -0.2623989101219629
vn 0.847788020089337 0.2791960369886566 -0.4508936082080017
vn 0.9554760248492143 0.16249591549779085 -0.24629381515758428
vn 0.847788020089337 0.2791960369886566 -0.4508936082080017
vn 0.8440964883644023 0.4675980435135398 -0.2623989101219629
vn 0.8440964883644023 0.4675980435135398 -0.2623989101219629
vn 0.9534571156843121 0.2650880867910024 -0.14369354471387355
vn 0.9554760248492143 0.16249591549779085 -0.24629381515758428
vn 0.9534571156843121 0.2650880867910024 -0.14369354471387355
vn 0.9996794367931754 0.024799490348020772 -0.005099895230089087
vn 0.9554760248492143 0.16249591549779085 -0.24629381515758428
vn -0.02380115535535956 0.8657420113758092 -0.4999242690075349
vn -0.26898342549418736 0.47767057243747163 -0.8363484567072932
vn -0.2759040380761167 0.8310121140045456 -0.4830070684275635
vn -0.504793196178074 0.42319428910795714 -0.7523898077185358
vn -0.2759040380761167 0.8310121140045456 -0.4830070684275635
vn -0.26898342549418736 0.47767057243747163 -0.8363484567072932
vn -0.2759040380761167 0.8310121140045456 -0.4830070684275635
vn -0.504793196178074 0.42319428910795714 -0.7523898077185358
vn -0.5110213805648591 0.742531106390684 -0.4330181343175039
vn -0.674691442998994 0.3584954455222156 -0.645191810459311
vn -0.5110213805648591 0.742531106390684 -0.4330181343175039
vn -0.504793196178074 0.42319428910795714 -0.7523898077185358
vn -0.5110213805648591 0.742531106390684 -0.4330181343175039
vn -0.674691442998994 0.3584954455222156 -0.645191810459311
vn -0.6801018770966983 0.6319017344928081 -0.37170100176691495
vn 0.02370045044241472 -0.9997189798334906 -0.0005000095116007611
vn -0.23090457811084836 -0.8434167073646276 0.48510960982613105
vn -0.2299031307644019 -0.973213265657341 0.0007000095000483513
vn -0.47048636185051995 -0.7663777767635593 0.437387341604219
vn -0.2299031307644019 -0.973213265657341 0.0007000095000483513
vn -0.23090457811084836 -0.8434167073646276 0.48510960982613105
vn -0.2299031307644019 -0.973213265657341 0.0007000095000483513
vn -0.47048636185051995 -0.7663777767635593 0.437387341604219
vn -0.4697879958449683 -0.8827774346490674 0.0017999539936881142
vn -0.6452099673798241 -0.6641102361500673 0.3777058276416029
vn -0.4697879958449683 -0.8827774346490674 0.0017999539936881142
vn -0.47048636185051995 -0.7663777767635593 0.437387341604219
vn -0.4697879958449683 -0.8827774346490674 0.0017999539936881142
vn -0.6452099673798241 -0.6641102361500673 0.3777058276416029
vn -0.6444414883092883 -0.7646492053714569 0.002600167400182669
vn -0.23090457811084836 -0.8434167073646276 0.48510960982613105
vn 0.02370045044241472 -0.9997189798334906 -0.0005000095116007611
vn 0.02279913417663492 -0.8659670959624783 0.49958101264070043
vn 0.02279913417663492 -0.8659670959624783 0.49958101264070043
vn 0.02370045044241472 -0.9997189798334906 -0.0005000095116007611
vn 0.27589813845545175 -0.8311943764127233 0.48269672240101263
vn 0.27589813845545175 -0.8311943764127233 0.48269672240101263
vn 0.02370045044241472 -0.9997189798334906 -0.0005000095116007611
vn 0.27680709846864976 -0.960924627715805 -0.0013000333105932223
vn 0.27589813845545175 -0.8311943764127233 0.48269672240101263
vn 0.27680709846864976 -0.960924627715805 -0.0013000333105932223
vn 0.5109834294235529 -0.7425759754718609 0.4329859761084178
vn 0.5109834294235529 -0.7425759754718609 0.4329859761084178
vn 0.27680709846864976 -0.960924627715805 -0.0013000333105932223
vn 0.5119917399504179 -0.8589861282105048 -0.002699956382938063
vn 0.5109834294235529 -0.7425759754718609 0.4329859761084178
vn 0.5119917399504179 -0.8589861282105048 -0.002699956382938063
vn 0.7125805692749342 -0.6046835464695736 0.3557903047031909
vn 0.7125805692749342 -0.6046835464695736 0.3557903047031909
vn 0.5119917399504179 -0.8589861282105048 -0.002699956382938063
vn 0.7134727538817807 -0.7006732052210549 -0.00369985859211901
vn 0.8685975843469401 -0.4954986141000175 -0.004399987684298166
vn 0.7125805692749342 -0.6046835464695736 0.3557903047031909
vn 0.7134727538817807 -0.7006732052210549 -0.00369985859211901
vn 0.7125805692749342 -0.6046835464695736 0.3557903047031909
vn 0.8685975843469401 -0.4954986141000175 -0.004399987684298166
vn 0.8681554272432427 -0.42607810816195857 0.2544869346218568
vn -0.1198978296213037 -0.0028999473941686963 0.992782000621089
vn -0.7304843834319479 -0.3528924624523916 0.5846875024372716
vn -0.10849840852381831 -0.498992710272245 0.8597873983973933
vn -0.7304843834319479 -0.3528924624523916 0.5846875024372716
vn -0.1198978296213037 -0.0028999473941686963 0.992782000621089
vn -0.7382220919082149 -0.017900534868300275 0.6743201864619566
vn -0.7255172344179175 -0.5989142573636534 0.3390080454637028
vn -0.10849840852381831 -0.498992710272245 0.8597873983973933
vn -0.7304843834319479 -0.3528924624523916 0.5846875024372716
vn -0.7382220919082149 -0.017900534868300275 0.6743201864619566
vn -0.7255172344179175 -0.5989142573636534 0.3390080454637028
vn -0.7304843834319479 -0.3528924624523916 0.5846875024372716
vn -0.1013028631274255 -0.8619243228312116 0.4968140413013138
vn 0.006699996832242194 -0.49999977894612896 0.8659996137968368
vn -0.10849840852381831 -0.498992710272245 0.8597873983973933
vn -0.10849840852381831 -0.498992710272245 0.8597873983973933
vn -0.7255172344179175 -0.5989142573636534 0.3390080454637028
vn -0.1013028631274255 -0.8619243228312116 0.4968140413013138
vn 0.006699996832242194 -0.49999977894612896 0.8659996137968368
vn -0.1013028631274255 -0.8619243228312116 0.4968140413013138
vn 0.013900166574649367 -0.8659103773447114 0.5000060037398915
vn 0.013900166574649367 -0.8659103773447114 0.5000060037398915
vn -0.003800195319174686 -0.5001257131931305 0.8659444725377019
vn 0.006699996832242194 -0.49999977894612896 0.8659996137968368
vn -0.7576062660095664 0.6527053972232411 0.002900023912495677
vn -0.7442057524547909 -0.01810014103917474 -0.6677051616601151
vn -0.7382220919082149 -0.017900534868300275 0.6743201864619566
vn -0.003800195319174686 -0.5001257131931305 0.8659444725377019
vn 0.013900166574649367 -0.8659103773447114 0.5000060037398915
vn 0.0034000552042464834 -0.8660140460270841 0.5000081116426087
vn 0.0034000552042464834 -0.8660140460270841 0.5000081116426087
vn -0.038597779408541165 -0.5003712003822331 0.8649502143203229
vn -0.003800195319174686 -0.5001257131931305 0.8659444725377019
vn -0.7382220919082149 -0.017900534868300275 0.6743201864619566
vn -0.7285231286438631 -0.5990189872912582 -0.33231055339172216
vn -0.7255172344179175 -0.5989142573636534 0.3390080454637028
vn -0.7285231286438631 -0.5990189872912582 -0.33231055339172216
vn -0.7382220919082149 -0.017900534868300275 0.6743201864619566
vn -0.7442057524547909 -0.01810014103917474 -0.6677051616601151
vn -0.038597779408541165 -0.5003712003822331 0.8649502143203229
vn 0.0034000552042464834 -0.8660140460270841 0.5000081116426087
vn -0.031099939231926253 -0.8656983337754707 0.4995990278995189
vn -0.031099939231926253 -0.8656983337754707 0.4995990278995189
vn -0.1620938958914254 -0.8552677902517694 0.4921814460873096
vn -0.038597779408541165 -0.5003712003822331 0.8649502143203229
vn -0.031099939231926253 -0.8656983337754707 0.4995990278995189
vn -0.16110599543525322 -0.9869366991730296 0.0009000334777919658
vn -0.1620938958914254 -0.8552677902517694 0.4921814460873096
vn 0.0034000552042464834 -0.8660140460270841 0.5000081116426087
vn -0.030101410147439476 -0.9995468298701103 -0.00020000937028225092
vn -0.031099939231926253 -0.8656983337754707 0.4995990278995189
vn -0.16110599543525322 -0.9869366991730296 0.0009000334777919658
vn -0.031099939231926253 -0.8656983337754707 0.4995990278995189
vn -0.030101410147439476 -0.9995468298701103 -0.00020000937028225092
vn -0.030101410147439476 -0.9995468298701103 -0.00020000937028225092
vn 0.0034000552042464834 -0.8660140460270841 0.5000081116426087
vn 0.0042999603715792 -0.9999907501277141 0.00009999907248658229
vn 0.013900166574649367 -0.8659103773447114 0.5000060037398915
vn 0.0042999603715792 -0.9999907501277141 0.00009999907248658229
vn 0.0034000552042464834 -0.8660140460270841 0.5000081116426087
vn -0.03560039341399681 -0.8658096121603545 -0.49910552739826985
vn -0.16110599543525322 -0.9869366991730296 0.0009000334777919658
vn -0.030101410147439476 -0.9995468298701103 -0.00020000937028225092
vn -0.16110599543525322 -0.9869366991730296 0.0009000334777919658
vn -0.03560039341399681 -0.8658096121603545 -0.49910552739826985
vn -0.16659542098361935 -0.8553764953876322 -0.4904865103605426
vn -0.001200041633412694 -0.8661300210331763 -0.4998173131906773
vn -0.030101410147439476 -0.9995468298701103 -0.00020000937028225092
vn 0.0042999603715792 -0.9999907501277141 0.00009999907248658229
vn -0.030101410147439476 -0.9995468298701103 -0.00020000937028225092
vn -0.001200041633412694 -0.8661300210331763 -0.4998173131906773
vn -0.03560039341399681 -0.8658096121603545 -0.49910552739826985
vn 0.0042999603715792 -0.9999907501277141 0.00009999907248658229
vn 0.013900166574649367 -0.8659103773447114 0.5000060037398915
vn 0.014799859208044159 -0.999890471085515 0.00009999904614660785
vn -0.1013028631274255 -0.8619243228312116 0.4968140413013138
vn 0.014799859208044159 -0.999890471085515 0.00009999904614660785
vn 0.013900166574649367 -0.8659103773447114 0.5000060037398915
vn 0.0042999603715792 -0.9999907501277141 0.00009999907248658229
vn 0.009300267386274543 -0.8660248920204061 -0.4999143840975049
vn -0.001200041633412694 -0.8661300210331763 -0.4998173131906773
vn 0.009300267386274543 -0.8660248920204061 -0.4999143840975049
vn 0.0042999603715792 -0.9999907501277141 0.00009999907248658229
vn 0.014799859208044159 -0.999890471085515 0.00009999904614660785
vn -0.011999999999745664 -0.4999000088524912 -0.8659999891162155
vn -0.03560039341399681 -0.8658096121603545 -0.49910552739826985
vn -0.001200041633412694 -0.8661300210331763 -0.4998173131906773
vn 0.009300267386274543 -0.8660248920204061 -0.4999143840975049
vn -0.011999999999745664 -0.4999000088524912 -0.8659999891162155
vn -0.001200041633412694 -0.8661300210331763 -0.4998173131906773
vn -0.04649947218392 -0.500494330379033 -0.8644901528329054
vn -0.16659542098361935 -0.8553764953876322 -0.4904865103605426
vn -0.03560039341399681 -0.8658096121603545 -0.49910552739826985
vn -0.03560039341399681 -0.8658096121603545 -0.49910552739826985
vn -0.011999999999745664 -0.4999000088524912 -0.8659999891162155
vn -0.04649947218392 -0.500494330379033 -0.8644901528329054
vn -0.16659542098361935 -0.8553764953876322 -0.4904865103605426
vn -0.04649947218392 -0.500494330379033 -0.8644901528329054
vn -0.17690430935167992 -0.4958120681230435 -0.8502207116016144
vn 0.014799859208044159 -0.999890471085515 0.00009999904614660785
vn -0.1013028631274255 -0.8619243228312116 0.4968140413013138
vn -0.100404694506844 -0.994946499711061 0.0006000280784769919
vn -0.7255172344179175 -0.5989142573636534 0.3390080454637028
vn -0.100404694506844 -0.994946499711061 0.0006000280784769919
vn -0.1013028631274255 -0.8619243228312116 0.4968140413013138
vn -0.100404694506844 -0.994946499711061 0.0006000280784769919
vn -0.7255172344179175 -0.5989142573636534 0.3390080454637028
vn -0.724775971647489 -0.6889771778525232 0.003199893874983692
vn -0.7255172344179175 -0.5989142573636534 0.3390080454637028
vn -0.7285231286438631 -0.5990189872912582 -0.33231055339172216
vn -0.724775971647489 -0.6889771778525232 0.003199893874983692
vn -0.7285231286438631 -0.5990189872912582 -0.33231055339172216
vn -0.100404694506844 -0.994946499711061 0.0006000280784769919
vn -0.724775971647489 -0.6889771778525232 0.003199893874983692
vn -0.10590256646290104 -0.8621209219219746 -0.4955120204404485
vn 0.014799859208044159 -0.999890471085515 0.00009999904614660785
vn -0.100404694506844 -0.994946499711061 0.0006000280784769919
vn -0.100404694506844 -0.994946499711061 0.0006000280784769919
vn -0.7285231286438631 -0.5990189872912582 -0.33231055339172216
vn -0.10590256646290104 -0.8621209219219746 -0.4955120204404485
vn 0.014799859208044159 -0.999890471085515 0.00009999904614660785
vn -0.10590256646290104 -0.8621209219219746 -0.4955120204404485
vn 0.009300267386274543 -0.8660248920204061 -0.4999143840975049
vn -0.7354257032516673 -0.353612344051407 -0.5780201943974448
vn -0.10590256646290104 -0.8621209219219746 -0.4955120204404485
vn -0.7285231286438631 -0.5990189872912582 -0.33231055339172216
vn -0.7285231286438631 -0.5990189872912582 -0.33231055339172216
vn -0.7442057524547909 -0.01810014103917474 -0.6677051616601151
vn -0.7354257032516673 -0.353612344051407 -0.5780201943974448
vn -0.11639910590359538 -0.4990961512381564 -0.8586933561895672
vn 0.009300267386274543 -0.8660248920204061 -0.4999143840975049
vn -0.10590256646290104 -0.8621209219219746 -0.4955120204404485
vn -0.10590256646290104 -0.8621209219219746 -0.4955120204404485
vn -0.7354257032516673 -0.353612344051407 -0.5780201943974448
vn -0.11639910590359538 -0.4990961512381564 -0.8586933561895672
vn 0.009300267386274543 -0.8660248920204061 -0.4999143840975049
vn -0.11639910590359538 -0.4990961512381564 -0.8586933561895672
vn -0.0013000100922708829 -0.500203855416602 -0.8659066999395069
vn -0.0013000100922708829 -0.500203855416602 -0.8659066999395069
vn -0.011999999999745664 -0.4999000088524912 -0.8659999891162155
vn 0.009300267386274543 -0.8660248920204061 -0.4999143840975049
vn -0.7354257032516673 -0.353612344051407 -0.5780201943974448
vn -0.12900519527253182 -0.002800112813256325 -0.9916399643827032
vn -0.11639910590359538 -0.4990961512381564 -0.8586933561895672
vn -0.12900519527253182 -0.002800112813256325 -0.9916399643827032
vn -0.7354257032516673 -0.353612344051407 -0.5780201943974448
vn -0.7442057524547909 -0.01810014103917474 -0.6677051616601151
vn -0.11639910590359538 -0.4990961512381564 -0.8586933561895672
vn -0.014000027964422816 -0.00030000060422686963 -0.9999019498013958
vn -0.0013000100922708829 -0.500203855416602 -0.8659066999395069
vn -0.014000027964422816 -0.00030000060422686963 -0.9999019498013958
vn -0.11639910590359538 -0.4990961512381564 -0.8586933561895672
vn -0.12900519527253182 -0.002800112813256325 -0.9916399643827032
vn -0.0013000100922708829 -0.500203855416602 -0.8659066999395069
vn -0.02449999054405173 -0.0005999998126160465 -0.9996996501267599
vn -0.011999999999745664 -0.4999000088524912 -0.8659999891162155
vn -0.02449999054405173 -0.0005999998126160465 -0.9996996501267599
vn -0.0013000100922708829 -0.500203855416602 -0.8659066999395069
vn -0.014000027964422816 -0.00030000060422686963 -0.9999019498013958
vn -0.058997482344511305 -0.00119994884316872 -0.9982574102904436
vn -0.011999999999745664 -0.4999000088524912 -0.8659999891162155
vn -0.02449999054405173 -0.0005999998126160465 -0.9996996501267599
vn -0.011999999999745664 -0.4999000088524912 -0.8659999891162155
vn -0.058997482344511305 -0.00119994884316872 -0.9982574102904436
vn -0.04649947218392 -0.500494330379033 -0.8644901528329054
vn -0.036198773201207436 0.49878308012643924 -0.8659706044654806
vn -0.058997482344511305 -0.00119994884316872 -0.9982574102904436
vn -0.02449999054405173 -0.0005999998126160465 -0.9996996501267599
vn -0.025500850221634418 0.49951667011965356 -0.8659288671193188
vn -0.02449999054405173 -0.0005999998126160465 -0.9996996501267599
vn -0.014000027964422816 -0.00030000060422686963 -0.9999019498013958
vn -0.02449999054405173 -0.0005999998126160465 -0.9996996501267599
vn -0.025500850221634418 0.49951667011965356 -0.8659288671193188
vn -0.036198773201207436 0.49878308012643924 -0.8659706044654806
vn -0.14039288758433918 0.4927750070963913 -0.8587564436421321
vn -0.014000027964422816 -0.00030000060422686963 -0.9999019498013958
vn -0.12900519527253182 -0.002800112813256325 -0.9916399643827032
vn -0.014000027964422816 -0.00030000060422686963 -0.9999019498013958
vn -0.14039288758433918 0.4927750070963913 -0.8587564436421321
vn -0.025500850221634418 0.49951667011965356 -0.8659288671193188
vn -0.12900519527253182 -0.002800112813256325 -0.9916399643827032
vn -0.7516301303582237 0.31771272321765553 -0.5780231592620673
vn -0.14039288758433918 0.4927750070963913 -0.8587564436421321
vn -0.7516301303582237 0.31771272321765553 -0.5780231592620673
vn -0.12900519527253182 -0.002800112813256325 -0.9916399643827032
vn -0.7442057524547909 -0.01810014103917474 -0.6677051616601151
vn -0.14750637838703465 0.8560370605172393 -0.49542145629367457
vn -0.025500850221634418 0.49951667011965356 -0.8659288671193188
vn -0.14039288758433918 0.4927750070963913 -0.8587564436421321
vn -0.14039288758433918 0.4927750070963913 -0.8587564436421321
vn -0.7516301303582237 0.31771272321765553 -0.5780231592620673
vn -0.14750637838703465 0.8560370605172393 -0.49542145629367457
vn -0.7442057524547909 -0.01810014103917474 -0.6677051616601151
vn -0.7565594215549629 0.5632697856693817 -0.3321821641936677
vn -0.7516301303582237 0.31771272321765553 -0.5780231592620673
vn -0.7565594215549629 0.5632697856693817 -0.3321821641936677
vn -0.14750637838703465 0.8560370605172393 -0.49542145629367457
vn -0.7516301303582237 0.31771272321765553 -0.5780231592620673
vn -0.7442057524547909 -0.01810014103917474 -0.6677051616601151
vn -0.7576062660095664 0.6527053972232411 0.002900023912495677
vn -0.7565594215549629 0.5632697856693817 -0.3321821641936677
vn -0.7576062660095664 0.6527053972232411 0.002900023912495677
vn -0.14859960926912374 0.9888974244709482 -0.00019999947288338557
vn -0.7565594215549629 0.5632697856693817 -0.3321821641936677
vn -0.14750637838703465 0.8560370605172393 -0.49542145629367457
vn -0.7565594215549629 0.5632697856693817 -0.3321821641936677
vn -0.14859960926912374 0.9888974244709482 -0.00019999947288338557
vn -0.14859960926912374 0.9888974244709482 -0.00019999947288338557
vn -0.03350128581225443 0.9994383541769144 -0.0008000306658255225
vn -0.14750637838703465 0.8560370605172393 -0.49542145629367457
vn -0.025500850221634418 0.49951667011965356 -0.8659288671193188
vn -0.14750637838703465 0.8560370605172393 -0.49542145629367457
vn -0.03270021955304191 0.8654058672824128 -0.5000033805029303
vn -0.03270021955304191 0.8654058672824128 -0.5000033805029303
vn -0.14750637838703465 0.8560370605172393 -0.49542145629367457
vn -0.03350128581225443 0.9994383541769144 -0.0008000306658255225
vn -0.03270021955304191 0.8654058672824128 -0.5000033805029303
vn -0.036198773201207436 0.49878308012643924 -0.8659706044654806
vn -0.025500850221634418 0.49951667011965356 -0.8659288671193188
vn -0.03350128581225443 0.9994383541769144 -0.0008000306658255225
vn -0.044200997808289386 0.9990225782160939 -0.0004000090250665734
vn -0.03270021955304191 0.8654058672824128 -0.5000033805029303
vn -0.043198611618016185 0.8650722006986827 -0.49978392084241124
vn -0.03270021955304191 0.8654058672824128 -0.5000033805029303
vn -0.044200997808289386 0.9990225782160939 -0.0004000090250665734
vn -0.036198773201207436 0.49878308012643924 -0.8659706044654806
vn -0.03270021955304191 0.8654058672824128 -0.5000033805029303
vn -0.043198611618016185 0.8650722006986827 -0.49978392084241124
vn -0.044200997808289386 0.9990225782160939 -0.0004000090250665734
vn -0.07840171386648542 0.9969218029809841 -0.0003000065688540084
vn -0.043198611618016185 0.8650722006986827 -0.49978392084241124
vn -0.07789957071052285 0.8630952368487664 -0.49899726353166296
vn -0.043198611618016185 0.8650722006986827 -0.49978392084241124
vn -0.07840171386648542 0.9969218029809841 -0.0003000065688540084
vn -0.043198611618016185 0.8650722006986827 -0.49978392084241124
vn -0.07789957071052285 0.8630952368487664 -0.49899726353166296
vn -0.036198773201207436 0.49878308012643924 -0.8659706044654806
vn -0.07840171386648542 0.9969218029809841 -0.0003000065688540084
vn -0.20900318759541583 0.9779149132579005 0.0003000045806760944
vn -0.07789957071052285 0.8630952368487664 -0.49899726353166296
vn -0.07029880569357967 0.4978915651662236 -0.8643853696438785
vn -0.036198773201207436 0.49878308012643924 -0.8659706044654806
vn -0.07789957071052285 0.8630952368487664 -0.49899726353166296
vn -0.058997482344511305 -0.00119994884316872 -0.9982574102904436
vn -0.036198773201207436 0.49878308012643924 -0.8659706044654806
vn -0.07029880569357967 0.4978915651662236 -0.8643853696438785
vn -0.2078005418712422 0.8463022090835874 -0.4905012800169412
vn -0.07789957071052285 0.8630952368487664 -0.49899726353166296
vn -0.20900318759541583 0.9779149132579005 0.0003000045806760944
vn -0.20900318759541583 0.9779149132579005 0.0003000045806760944
vn -0.5619012938530724 0.8272018713395912 0.0020000046303478036
vn -0.2078005418712422 0.8463022090835874 -0.4905012800169412
vn -0.07789957071052285 0.8630952368487664 -0.49899726353166296
vn -0.20071002595884643 0.48662431984074 -0.8502424694280665
vn -0.07029880569357967 0.4978915651662236 -0.8643853696438785
vn -0.20071002595884643 0.48662431984074 -0.8502424694280665
vn -0.07789957071052285 0.8630952368487664 -0.49899726353166296
vn -0.2078005418712422 0.8463022090835874 -0.4905012800169412
vn -0.07029880569357967 0.4978915651662236 -0.8643853696438785
vn -0.18939800562363582 -0.0045999516068831615 -0.9818896251162875
vn -0.058997482344511305 -0.00119994884316872 -0.9982574102904436
vn -0.18939800562363582 -0.0045999516068831615 -0.9818896251162875
vn -0.07029880569357967 0.4978915651662236 -0.8643853696438785
vn -0.20071002595884643 0.48662431984074 -0.8502424694280665
vn -0.18939800562363582 -0.0045999516068831615 -0.9818896251162875
vn -0.04649947218392 -0.500494330379033 -0.8644901528329054
vn -0.058997482344511305 -0.00119994884316872 -0.9982574102904436
vn -0.04649947218392 -0.500494330379033 -0.8644901528329054
vn -0.18939800562363582 -0.0045999516068831615 -0.9818896251162875
vn -0.17690430935167992 -0.4958120681230435 -0.8502207116016144
vn -0.5453204500863137 -0.012700475967709672 -0.8381314363677419
vn -0.17690430935167992 -0.4958120681230435 -0.8502207116016144
vn -0.18939800562363582 -0.0045999516068831615 -0.9818896251162875
vn -0.20071002595884643 0.48662431984074 -0.8502424694280665
vn -0.5453204500863137 -0.012700475967709672 -0.8381314363677419
vn -0.18939800562363582 -0.0045999516068831615 -0.9818896251162875
vn -0.5453204500863137 -0.012700475967709672 -0.8381314363677419
vn -0.20071002595884643 0.48662431984074 -0.8502424694280665
vn -0.5548837965443342 0.40698812749423896 -0.725578828530215
vn -0.2078005418712422 0.8463022090835874 -0.4905012800169412
vn -0.5548837965443342 0.40698812749423896 -0.725578828530215
vn -0.20071002595884643 0.48662431984074 -0.8502424694280665
vn -0.5548837965443342 0.40698812749423896 -0.725578828530215
vn -0.6660996601252609 -0.01559999102732978 -0.7456995930406287
vn -0.5453204500863137 -0.012700475967709672 -0.8381314363677419
vn -0.6660996601252609 -0.01559999102732978 -0.7456995930406287
vn -0.5548837965443342 0.40698812749423896 -0.725578828530215
vn -0.6747700802147145 0.35838410750984 -0.6451714270884934
vn -0.5548837965443342 0.40698812749423896 -0.725578828530215
vn -0.2078005418712422 0.8463022090835874 -0.4905012800169412
vn -0.5608872821817872 0.7146838130357015 -0.41789054077770016
vn -0.5608872821817872 0.7146838130357015 -0.41789054077770016
vn -0.6747700802147145 0.35838410750984 -0.6451714270884934
vn -0.5548837965443342 0.40698812749423896 -0.725578828530215
vn -0.5608872821817872 0.7146838130357015 -0.41789054077770016
vn -0.2078005418712422 0.8463022090835874 -0.4905012800169412
vn -0.5619012938530724 0.8272018713395912 0.0020000046303478036
vn -0.6747700802147145 0.35838410750984 -0.6451714270884934
vn -0.5608872821817872 0.7146838130357015 -0.41789054077770016
vn -0.6801271512906455 0.6319252174554802 -0.37161482427523684
vn -0.6807825953928361 0.7324812681088921 0.0024999359557944948
vn -0.5608872821817872 0.7146838130357015 -0.41789054077770016
vn -0.5619012938530724 0.8272018713395912 0.0020000046303478036
vn -0.6801271512906455 0.6319252174554802 -0.37161482427523684
vn -0.5608872821817872 0.7146838130357015 -0.41789054077770016
vn -0.6807825953928361 0.7324812681088921 0.0024999359557944948
vn -0.5453204500863137 -0.012700475967709672 -0.8381314363677419
vn -0.6565825612075799 -0.39068963666069423 -0.6451828795961881
vn -0.5344943416417304 -0.4333954146953154 -0.7255923189188602
vn -0.6487815838121231 -0.6640811250300309 -0.37158944533595334
vn -0.5344943416417304 -0.4333954146953154 -0.7255923189188602
vn -0.6565825612075799 -0.39068963666069423 -0.6451828795961881
vn -0.6565825612075799 -0.39068963666069423 -0.6451828795961881
vn -0.5453204500863137 -0.012700475967709672 -0.8381314363677419
vn -0.6660996601252609 -0.01559999102732978 -0.7456995930406287
vn -0.5344943416417304 -0.4333954146953154 -0.7255923189188602
vn -0.6487815838121231 -0.6640811250300309 -0.37158944533595334
vn -0.5256061187844405 -0.7410086003081507 -0.417904848219917
vn -0.644499965639186 -0.7645999177950076 0.0025999997992113776
vn -0.5256061187844405 -0.7410086003081507 -0.417904848219917
vn -0.6487815838121231 -0.6640811250300309 -0.37158944533595334
vn -0.5256061187844405 -0.7410086003081507 -0.417904848219917
vn -0.644499965639186 -0.7645999177950076 0.0025999997992113776
vn -0.5209791155056777 -0.8535657629666986 0.0024998995979147913
vn -0.16659542098361935 -0.8553764953876322 -0.4904865103605426
vn -0.5344943416417304 -0.4333954146953154 -0.7255923189188602
vn -0.5256061187844405 -0.7410086003081507 -0.417904848219917
vn -0.5209791155056777 -0.8535657629666986 0.0024998995979147913
vn -0.16659542098361935 -0.8553764953876322 -0.4904865103605426
vn -0.5256061187844405 -0.7410086003081507 -0.417904848219917
vn -0.6453111641547892 -0.6640114921396781 0.3777065523970018
vn -0.5209791155056777 -0.8535657629666986 0.0024998995979147913
vn -0.644499965639186 -0.7645999177950076 0.0025999997992113776
vn -0.17690430935167992 -0.4958120681230435 -0.8502207116016144
vn -0.5344943416417304 -0.4333954146953154 -0.7255923189188602
vn -0.16659542098361935 -0.8553764953876322 -0.4904865103605426
vn -0.17690430935167992 -0.4958120681230435 -0.8502207116016144
vn -0.5453204500863137 -0.012700475967709672 -0.8381314363677419
vn -0.5344943416417304 -0.4333954146953154 -0.7255923189188602
vn -0.5209791155056777 -0.8535657629666986 0.0024998995979147913
vn -0.6453111641547892 -0.6640114921396781 0.3777065523970018
vn -0.5218083710233847 -0.7409118921575507 0.42280680220336997
vn -0.6505868598387745 -0.39059209723158056 0.6512868426318453
vn -0.5218083710233847 -0.7409118921575507 0.42280680220336997
vn -0.6453111641547892 -0.6640114921396781 0.3777065523970018
vn -0.5218083710233847 -0.7409118921575507 0.42280680220336997
vn -0.6505868598387745 -0.39059209723158056 0.6512868426318453
vn -0.5278126991755984 -0.43331039461979526 0.730517526486125
vn -0.6505868598387745 -0.39059209723158056 0.6512868426318453
vn -0.5374834796133939 -0.012999600128751265 0.8431740742807331
vn -0.5278126991755984 -0.43331039461979526 0.730517526486125
vn -0.6505868598387745 -0.39059209723158056 0.6512868426318453
vn -0.6592039192307112 -0.0155000916026783 0.7518044559798635
vn -0.5374834796133939 -0.012999600128751265 0.8431740742807331
vn -0.16910442069907058 -0.49561293708954807 0.8519222449786737
vn -0.5218083710233847 -0.7409118921575507 0.42280680220336997
vn -0.5278126991755984 -0.43331039461979526 0.730517526486125
vn -0.5374834796133939 -0.012999600128751265 0.8431740742807331
vn -0.16910442069907058 -0.49561293708954807 0.8519222449786737
vn -0.5278126991755984 -0.43331039461979526 0.730517526486125
vn -0.1620938958914254 -0.8552677902517694 0.4921814460873096
vn -0.5209791155056777 -0.8535657629666986 0.0024998995979147913
vn -0.5218083710233847 -0.7409118921575507 0.42280680220336997
vn -0.1620938958914254 -0.8552677902517694 0.4921814460873096
vn -0.5218083710233847 -0.7409118921575507 0.42280680220336997
vn -0.16910442069907058 -0.49561293708954807 0.8519222449786737
vn -0.5209791155056777 -0.8535657629666986 0.0024998995979147913
vn -0.1620938958914254 -0.8552677902517694 0.4921814460873096
vn -0.16110599543525322 -0.9869366991730296 0.0009000334777919658
vn -0.16659542098361935 -0.8553764953876322 -0.4904865103605426
vn -0.5209791155056777 -0.8535657629666986 0.0024998995979147913
vn -0.16110599543525322 -0.9869366991730296 0.0009000334777919658
vn -0.038597779408541165 -0.5003712003822331 0.8649502143203229
vn -0.1620938958914254 -0.8552677902517694 0.4921814460873096
vn -0.16910442069907058 -0.49561293708954807 0.8519222449786737
vn -0.6592039192307112 -0.0155000916026783 0.7518044559798635
vn -0.548209516113584 0.40720706878961255 0.7305126484670075
vn -0.5374834796133939 -0.012999600128751265 0.8431740742807331
vn -0.548209516113584 0.40720706878961255 0.7305126484670075
vn -0.6592039192307112 -0.0155000916026783 0.7518044559798635
vn -0.6688171103474807 0.35860916684738453 0.6512166600751785
vn -0.16910442069907058 -0.49561293708954807 0.8519222449786737
vn -0.5374834796133939 -0.012999600128751265 0.8431740742807331
vn -0.18039706580853473 -0.0043999284343545055 0.983584027563199
vn -0.18039706580853473 -0.0043999284343545055 0.983584027563199
vn -0.038597779408541165 -0.5003712003822331 0.8649502143203229
vn -0.16910442069907058 -0.49561293708954807 0.8519222449786737
vn -0.19300417210315388 0.4868104990602664 0.8519183808062077
vn -0.5374834796133939 -0.012999600128751265 0.8431740742807331
vn -0.548209516113584 0.40720706878961255 0.7305126484670075
vn -0.5374834796133939 -0.012999600128751265 0.8431740742807331
vn -0.19300417210315388 0.4868104990602664 0.8519183808062077
vn -0.18039706580853473 -0.0043999284343545055 0.983584027563199
vn -0.6688171103474807 0.35860916684738453 0.6512166600751785
vn -0.5570834829920915 0.714778810232456 0.42278747074632517
vn -0.548209516113584 0.40720706878961255 0.7305126484670075
vn -0.5570834829920915 0.714778810232456 0.42278747074632517
vn -0.6688171103474807 0.35860916684738453 0.6512166600751785
vn -0.6766985708345269 0.6319986980671277 0.37769920554849545
vn -0.6807820541991185 0.73248068581689 0.002799926007411931
vn -0.5570834829920915 0.714778810232456 0.42278747074632517
vn -0.6766985708345269 0.6319986980671277 0.37769920554849545
vn -0.5570834829920915 0.714778810232456 0.42278747074632517
vn -0.6807820541991185 0.73248068581689 0.002799926007411931
vn -0.5619012938530724 0.8272018713395912 0.0020000046303478036
vn -0.2033957951984287 0.8466825053445537 0.49168982665809646
vn -0.548209516113584 0.40720706878961255 0.7305126484670075
vn -0.5570834829920915 0.714778810232456 0.42278747074632517
vn -0.5619012938530724 0.8272018713395912 0.0020000046303478036
vn -0.2033957951984287 0.8466825053445537 0.49168982665809646
vn -0.5570834829920915 0.714778810232456 0.42278747074632517
vn -0.19300417210315388 0.4868104990602664 0.8519183808062077
vn -0.548209516113584 0.40720706878961255 0.7305126484670075
vn -0.2033957951984287 0.8466825053445537 0.49168982665809646
vn -0.2033957951984287 0.8466825053445537 0.49168982665809646
vn -0.5619012938530724 0.8272018713395912 0.0020000046303478036
vn -0.20900318028008372 0.9779148790298464 0.0004000060644632175
vn -0.20900318028008372 0.9779148790298464 0.0004000060644632175
vn -0.073300458303837 0.8632054465464847 0.4995031530079981
vn -0.2033957951984287 0.8466825053445537 0.49168982665809646
vn -0.073300458303837 0.8632054465464847 0.4995031530079981
vn -0.19300417210315388 0.4868104990602664 0.8519183808062077
vn -0.2033957951984287 0.8466825053445537 0.49168982665809646
vn -0.073300458303837 0.8632054465464847 0.4995031530079981
vn -0.20900318028008372 0.9779148790298464 0.0004000060644632175
vn -0.07840171582661441 0.9969218279051245 -0.00020000436968410127
vn -0.06279769690929336 0.4978817682671127 0.8649683197031564
vn -0.19300417210315388 0.4868104990602664 0.8519183808062077
vn -0.073300458303837 0.8632054465464847 0.4995031530079981
vn -0.06279769690929336 0.4978817682671127 0.8649683197031564
vn -0.18039706580853473 -0.0043999284343545055 0.983584027563199
vn -0.19300417210315388 0.4868104990602664 0.8519183808062077
vn -0.07840171582661441 0.9969218279051245 -0.00020000436968410127
vn -0.038598824799444265 0.8651736083128846 0.4999847579706458
vn -0.073300458303837 0.8632054465464847 0.4995031530079981
vn -0.038598824799444265 0.8651736083128846 0.4999847579706458
vn -0.06279769690929336 0.4978817682671127 0.8649683197031564
vn -0.073300458303837 0.8632054465464847 0.4995031530079981
vn -0.038598824799444265 0.8651736083128846 0.4999847579706458
vn -0.07840171582661441 0.9969218279051245 -0.00020000436968410127
vn -0.044200997808289386 0.9990225782160939 -0.0004000090250665734
vn -0.18039706580853473 -0.0043999284343545055 0.983584027563199
vn -0.06279769690929336 0.4978817682671127 0.8649683197031564
vn -0.04969821080147041 -0.0006999747836247759 0.9987640351346433
vn -0.02829852474784169 0.4989739942242168 0.8661548052080685
vn -0.06279769690929336 0.4978817682671127 0.8649683197031564
vn -0.038598824799444265 0.8651736083128846 0.4999847579706458
vn -0.02829852474784169 0.4989739942242168 0.8661548052080685
vn -0.04969821080147041 -0.0006999747836247759 0.9987640351346433
vn -0.06279769690929336 0.4978817682671127 0.8649683197031564
vn -0.044200997808289386 0.9990225782160939 -0.0004000090250665734
vn -0.02810028394087276 0.8655086974897757 0.5001050575749
vn -0.038598824799444265 0.8651736083128846 0.4999847579706458
vn -0.02810028394087276 0.8655086974897757 0.5001050575749
vn -0.02829852474784169 0.4989739942242168 0.8661548052080685
vn -0.038598824799444265 0.8651736083128846 0.4999847579706458
vn -0.02810028394087276 0.8655086974897757 0.5001050575749
vn -0.044200997808289386 0.9990225782160939 -0.0004000090250665734
vn -0.03350129385318234 0.9994385940605953 -0.00040001542892383594
vn -0.038597779408541165 -0.5003712003822331 0.8649502143203229
vn -0.18039706580853473 -0.0043999284343545055 0.983584027563199
vn -0.04969821080147041 -0.0006999747836247759 0.9987640351346433
vn -0.03350129385318234 0.9994385940605953 -0.00040001542892383594
vn -0.1429952071328092 0.856071289306077 0.4966833179832758
vn -0.02810028394087276 0.8655086974897757 0.5001050575749
vn -0.1429952071328092 0.856071289306077 0.4966833179832758
vn -0.03350129385318234 0.9994385940605953 -0.00040001542892383594
vn -0.1485996114981062 0.9888974393043317 0.00009999973794168096
vn -0.017600300396841104 0.4997085414115029 0.8660147822446966
vn -0.02829852474784169 0.4989739942242168 0.8661548052080685
vn -0.02810028394087276 0.8655086974897757 0.5001050575749
vn -0.1429952071328092 0.856071289306077 0.4966833179832758
vn -0.017600300396841104 0.4997085414115029 0.8660147822446966
vn -0.02810028394087276 0.8655086974897757 0.5001050575749
vn -0.04969821080147041 -0.0006999747836247759 0.9987640351346433
vn -0.02829852474784169 0.4989739942242168 0.8661548052080685
vn -0.015299738257988018 -0.00039999314470742136 0.9998828721478938
vn -0.017600300396841104 0.4997085414115029 0.8660147822446966
vn -0.015299738257988018 -0.00039999314470742136 0.9998828721478938
vn -0.02829852474784169 0.4989739942242168 0.8661548052080685
vn -0.04969821080147041 -0.0006999747836247759 0.9987640351346433
vn -0.003800195319174686 -0.5001257131931305 0.8659444725377019
vn -0.038597779408541165 -0.5003712003822331 0.8649502143203229
vn -0.003800195319174686 -0.5001257131931305 0.8659444725377019
vn -0.04969821080147041 -0.0006999747836247759 0.9987640351346433
vn -0.015299738257988018 -0.00039999314470742136 0.9998828721478938
vn -0.1485996114981062 0.9888974393043317 0.00009999973794168096
vn -0.7538030614627024 0.5629023116475614 0.33900137473362696
vn -0.1429952071328092 0.856071289306077 0.4966833179832758
vn -0.7538030614627024 0.5629023116475614 0.33900137473362696
vn -0.1485996114981062 0.9888974393043317 0.00009999973794168096
vn -0.7574649746274572 0.6528697978448946 0.0027998704598805185
vn -0.13249778976713905 0.49299180359336997 0.8598857001349532
vn -0.017600300396841104 0.4997085414115029 0.8660147822446966
vn -0.1429952071328092 0.856071289306077 0.4966833179832758
vn -0.7538030614627024 0.5629023116475614 0.33900137473362696
vn -0.13249778976713905 0.49299180359336997 0.8598857001349532
vn -0.1429952071328092 0.856071289306077 0.4966833179832758
vn -0.015299738257988018 -0.00039999314470742136 0.9998828721478938
vn -0.017600300396841104 0.4997085414115029 0.8660147822446966
vn -0.004799944908936213 -0.00009999884499363068 0.9999884751981405
vn -0.13249778976713905 0.49299180359336997 0.8598857001349532
vn -0.004799944908936213 -0.00009999884499363068 0.9999884751981405
vn -0.017600300396841104 0.4997085414115029 0.8660147822446966
vn -0.13249778976713905 0.49299180359336997 0.8598857001349532
vn -0.7538030614627024 0.5629023116475614 0.33900137473362696
vn -0.7463784665426499 0.31809082884993994 0.5845831072508003
vn 0.006699996832242194 -0.49999977894612896 0.8659996137968368
vn -0.015299738257988018 -0.00039999314470742136 0.9998828721478938
vn -0.004799944908936213 -0.00009999884499363068 0.9999884751981405
vn -0.015299738257988018 -0.00039999314470742136 0.9998828721478938
vn 0.006699996832242194 -0.49999977894612896 0.8659996137968368
vn -0.003800195319174686 -0.5001257131931305 0.8659444725377019
vn -0.004799944908936213 -0.00009999884499363068 0.9999884751981405
vn -0.13249778976713905 0.49299180359336997 0.8598857001349532
vn -0.1198978296213037 -0.0028999473941686963 0.992782000621089
vn -0.7463784665426499 0.31809082884993994 0.5845831072508003
vn -0.1198978296213037 -0.0028999473941686963 0.992782000621089
vn -0.13249778976713905 0.49299180359336997 0.8598857001349532
vn -0.7576062660095664 0.6527053972232411 0.002900023912495677
vn -0.7463784665426499 0.31809082884993994 0.5845831072508003
vn -0.7538030614627024 0.5629023116475614 0.33900137473362696
vn -0.10849840852381831 -0.498992710272245 0.8597873983973933
vn -0.004799944908936213 -0.00009999884499363068 0.9999884751981405
vn -0.1198978296213037 -0.0028999473941686963 0.992782000621089
vn -0.004799944908936213 -0.00009999884499363068 0.9999884751981405
vn -0.10849840852381831 -0.498992710272245 0.8597873983973933
vn 0.006699996832242194 -0.49999977894612896 0.8659996137968368
vn -0.1198978296213037 -0.0028999473941686963 0.992782000621089
vn -0.7463784665426499 0.31809082884993994 0.5845831072508003
vn -0.7382220919082149 -0.017900534868300275 0.6743201864619566
vn -0.7463784665426499 0.31809082884993994 0.5845831072508003
vn -0.7576062660095664 0.6527053972232411 0.002900023912495677
vn -0.7382220919082149 -0.017900534868300275 0.6743201864619566
f 1/1/1 2/2/2 3/3/3
f 4/4/4 5/5/5 6/6/6
f 7/7/7 8/8/8 9/9/9
f 10/10/10 11/11/11 12/12/12
f 13/13/13 14/14/14 15/15/15
f 16/16/16 17/17/17 18/18/18
f 19/19/19 20/20/20 21/21/21
f 22/22/22 23/23/23 24/24/24
f 25/25/25 26/26/26 27/27/27
f 28/28/28 29/29/29 30/30/30
f 31/31/31 32/32/32 33/33/33
f 34/34/34 35/35/35 36/36/36
f 37/37/37 38/38/38 39/39/39
f 40/40/40 41/41/41 42/42/42
f 43/43/43 44/44/44 45/45/45
f 46/46/46 47/47/47 48/48/48
f 49/49/49 50/50/50 51/51/51
f 52/52/52 53/53/53 54/54/54
f 55/55/55 56/56/56 57/57/57
f 58/58/58 59/59/59 60/60/60
f 61/61/61 62/62/62 63/63/63
f 64/64/64 65/65/65 66/66/66
f 67/67/67 68/68/68 69/69/69
f 70/70/70 71/71/71 72/72/72
f 73/73/73 74/74/74 75/75/75
f 76/76/76 77/77/77 78/78/78
f 79/79/79 80/80/80 81/81/81
f 82/82/82 83/83/83 84/84/84
f 85/85/85 86/86/86 87/87/87
f 88/88/88 89/89/89 90/90/90
f 91/91/91 92/92/92 93/93/93
f 94/94/94 95/95/95 96/96/96
f 97/97/97 98/98/98 99/99/99
f 100/100/100 101/101/101 102/102/102
f 103/103/103 104/104/104 105/105/105
f 106/106/106 107/107/107 108/108/108
f 109/109/109 110/110/110 111/111/111
f 112/112/112 113/113/113 114/114/114
f 115/115/115 116/116/116 117/117/117
f 118/118/118 119/119/119 120/120/120
f 121/121/121 122/122/122 123/123/123
f 124/124/124 125/125/125 126/126/126
f 127/127/127 128/128/128 129/129/129
f 130/130/130 131/131/131 132/132/132
f 133/133/133 134/134/134 135/135/135
f 136/136/136 137/137/137 138/138/138
f 139/139/139 140/140/140 141/141/141
f 142/142/142 143/143/143 144/144/144
f 145/145/145 146/146/146 147/147/147
f 148/148/148 149/149/149 150/150/150
f 151/151/151 152/152/152 153/153/153
f 154/154/154 155/155/155 156/156/156
f 157/157/157 158/158/158 159/159/159
f 160/160/160 161/161/161 162/162/162
f 163/163/163 164/164/164 165/165/165
f 166/166/166 167/167/167 168/168/168
f 169/169/169 170/170/170 171/171/171
f 172/172/172 173/173/173 174/174/174
f 175/175/175 176/176/176 177/177/177
f 178/178/178 179/179/179 180/180/180
f 181/181/181 182/182/182 183/183/183
f 184/184/184 185/185/185 186/186/186
f 187/187/187 188/188/188 189/189/189
f 190/190/190 191/191/191 192/192/192
f 193/193/193 194/194/194 195/195/195
f 196/196/196 197/197/197 198/198/198
f 199/199/199 200/200/200 201/201/201
f 202/202/202 203/203/203 204/204/204
f 205/205/205 206/206/206 207/207/207
f 208/208/208 209/209/209 210/210/210
f 211/211/211 212/212/212 213/213/213
f 214/214/214 215/215/215 216/216/216
f 217/217/217 218/218/218 219/219/219
f 220/220/220 221/221/221 222/222/222
f 223/223/223 224/224/224 225/225/225
f 226/226/226 227/227/227 228/228/228
f 229/229/229 230/230/230 231/231/231
f 232/232/232 233/233/233 234/234/234
f 235/235/235 236/236/236 237/237/237
f 238/238/238 239/239/239 240/240/240
f 241/241/241 242/242/242 243/243/243
f 244/244/244 245/245/245 246/246/246
f 247/247/247 248/248/248 249/249/249
f 250/250/250 251/251/251 252/252/252
f 253/253/253 254/254/254 255/255/255
f 256/256/256 257/257/257 258/258/258
f 259/259/259 260/260/260 261/261/261
f 262/262/262 263/263/263 264/264/264
f 265/265/265 266/266/266 267/267/267
f 268/268/268 269/269/269 270/270/270
f 271/271/271 272/272/272 273/273/273
f 274/274/274 275/275/275 276/276/276
f 277/277/277 278/278/278 279/279/279
f 280/280/280 281/281/281 282/282/282
f 283/283/283 284/284/284 285/285/285
f 286/286/286 287/287/287 288/288/288
f 289/289/289 290/290/290 291/291/291
f 292/292/292 293/293/293 294/294/294
f 295/295/295 296/296/296 297/297/297
f 298/298/298 299/299/299 300/300/300
f 301/301/301 302/302/302 303/303/303
f 304/304/304 305/305/305 306/306/306
f 307/307/307 308/308/308 309/309/309
f 310/310/310 311/311/311 312/312/312
f 313/313/313 314/314/314 315/315/315
f 316/316/316 317/317/317 318/318/318
f 319/319/319 320/320/320 321/321/321
f 322/322/322 323/323/323 324/324/324
f 325/325/325 326/326/326 327/327/327
f 328/328/328 329/329/329 330/330/330
f 331/331/331 332/332/332 333/333/333
f 334/334/334 335/335/335 336/336/336
f 337/337/337 338/338/338 339/339/339
f 340/340/340 341/341/341 342/342/342
f 343/343/343 344/344/344 345/345/345
f 346/346/346 347/347/347 348/348/348
f 349/349/349 350/350/350 351/351/351
f 352/352/352 353/353/353 354/354/354
f 355/355/355 356/356/356 357/357/357
f 358/358/358 359/359/359 360/360/360
f 361/361/361 362/362/362 363/363/363
f 364/364/364 365/365/365 366/366/366
f 367/367/367 368/368/368 369/369/369
f 370/370/370 371/371/371 372/372/372
f 373/373/373 374/374/374 375/375/375
f 376/376/376 377/377/377 378/378/378
f 379/379/379 380/380/380 381/381/381
f 382/382/382 383/383/383 384/384/384
f 385/385/385 386/386/386 387/387/387
f 388/388/388 389/389/389 390/390/390
f 391/391/391 392/392/392 393/393/393
f 394/394/394 395/395/395 396/396/396
f 397/397/397 398/398/398 399/399/399
f 400/400/400 401/401/401 402/402/402
f 403/403/403 404/404/404 405/405/405
f 406/406/406 407/407/407 408/408/408
f 409/409/409 410/410/410 411/411/411
f 412/412/412 413/413/413 414/414/414
f 415/415/415 416/416/416 417/417/417
f 418/418/418 419/419/419 420/420/420
f 421/421/421 422/422/422 423/423/423
f 424/424/424 425/425/425 426/426/426
f 427/427/427 428/428/428 429/429/429
f 430/430/430 431/431/431 432/432/432
f 433/433/433 434/434/434 435/435/435
f 436/436/436 437/437/437 438/438/438
f 439/439/439 440/440/440 441/441/441
f 442/442/442 443/443/443 444/444/444
f 445/445/445 446/446/446 447/447/447
f 448/448/448 449/449/449 450/450/450
f 451/451/451 452/452/452 453/453/453
f 454/454/454 455/455/455 456/456/456
f 457/457/457 458/458/458 459/459/459
f 460/460/460 461/461/461 462/462/462
f 463/463/463 464/464/464 465/465/465
f 466/466/466 467/467/467 468/468/468
f 469/469/469 470/470/470 471/471/471
f 472/472/472 473/473/473 474/474/474
f 475/475/475 476/476/476 477/477/477
f 478/478/478 479/479/479 480/480/480
f 481/481/481 482/482/482 483/483/483
f 484/484/484 485/485/485 486/486/486
f 487/487/487 488/488/488 489/489/489
f 490/490/490 491/491/491 492/492/492
f 493/493/493 494/494/494 495/495/495
f 496/496/496 497/497/497 498/498/498
f 499/499/499 500/500/500 501/501/501
f 502/502/502 503/503/503 504/504/504
f 505/505/505 506/506/506 507/507/507
f 508/508/508 509/509/509 510/510/510
f 511/511/511 512/512/512 513/513/513
f 514/514/514 515/515/515 516/516/516
f 517/517/517 518/518/518 519/519/519
f 520/520/520 521/521/521 522/522/522
f 523/523/523 524/524/524 525/525/525
f 526/526/526 527/527/527 528/528/528
f 529/529/529 530/530/530 531/531/531
f 532/532/532 533/533/533 534/534/534
f 535/535/535 536/536/536 537/537/537
f 538/538/538 539/539/539 540/540/540
f 541/541/541 542/542/542 543/543/543
f 544/544/544 545/545/545 546/546/546
f 547/547/547 548/548/548 549/549/549
f 550/550/550 551/551/551 552/552/552
f 553/553/553 554/554/554 555/555/555
f 556/556/556 557/557/557 558/558/558
f 559/559/559 560/560/560 561/561/561
f 562/562/562 563/563/563 564/564/564
f 565/565/565 566/566/566 567/567/567
f 568/568/568 569/569/569 570/570/570
f 571/571/571 572/572/572 573/573/573
f 574/574/574 575/575/575 576/576/576
f 577/577/577 578/578/578 579/579/579
f 580/580/580 581/581/581 582/582/582
f 583/583/583 584/584/584 585/585/585
f 586/586/586 587/587/587 588/588/588
f 589/589/589 590/590/590 591/591/591
f 592/592/592 593/593/593 594/594/594
f 595/595/595 596/596/596 597/597/597
f 598/598/598 599/599/599 600/600/600
f 601/601/601 602/602/602 603/603/603
f 604/604/604 605/605/605 606/606/606
f 607/607/607 608/608/608 609/609/609
f 610/610/610 611/611/611 612/612/612
f 613/613/613 614/614/614 615/615/615
f 616/616/616 617/617/617 618/618/618
f 619/619/619 620/620/620 621/621/621
f 622/622/622 623/623/623 624/624/624
f 625/625/625 626/626/626 627/627/627
f 628/628/628 629/629/629 630/630/630
f 631/631/631 632/632/632 633/633/633
f 634/634/634 635/635/635 636/636/636
f 637/637/637 638/638/638 639/639/639
f 640/640/640 641/641/641 642/642/642
f 643/643/643 644/644/644 645/645/645
f 646/646/646 647/647/647 648/648/648
f 649/649/649 650/650/650 651/651/651
f 652/652/652 653/653/653 654/654/654
f 655/655/655 656/656/656 657/657/657
f 658/658/658 659/659/659 660/660/660
f 661/661/661 662/662/662 663/663/663
f 664/664/664 665/665/665 666/666/666
f 667/667/667 668/668/668 669/669/669
f 670/670/670 671/671/671 672/672/672
f 673/673/673 674/674/674 675/675/675
f 676/676/676 677/677/677 678/678/678
f 679/679/679 680/680/680 681/681/681
f 682/682/682 683/683/683 684/684/684
f 685/685/685 686/686/686 687/687/687
f 688/688/688 689/689/689 690/690/690
f 691/691/691 692/692/692 693/693/693
f 694/694/694 695/695/695 696/696/696
f 697/697/697 698/698/698 699/699/699
f 700/700/700 701/701/701 702/702/702
f 703/703/703 704/704/704 705/705/705
f 706/706/706 707/707/707 708/708/708
f 709/709/709 710/710/710 711/711/711
f 712/712/712 713/713/713 714/714/714
f 715/715/715 716/716/716 717/717/717
f 718/718/718 719/719/719 720/720/720
f 721/721/721 722/722/722 723/723/723
f 724/724/724 725/725/725 726/726/726
f 727/727/727 728/728/728 729/729/729
f 730/730/730 731/731/731 732/732/732
f 733/733/733 734/734/734 735/735/735
f 736/736/736 737/737/737 738/738/738
f 739/739/739 740/740/740 741/741/741
f 742/742/742 743/743/743 744/744/744
f 745/745/745 746/746/746 747/747/747
f 748/748/748 749/749/749 750/750/750
f 751/751/751 752/752/752 753/753/753
f 754/754/754 755/755/755 756/756/756
f 757/757/757 758/758/758 759/759/759
f 760/760/760 761/761/761 762/762/762
f 763/763/763 764/764/764 765/765/765
f 766/766/766 767/767/767 768/768/768
f 769/769/769 770/770/770 771/771/771
f 772/772/772 773/773/773 774/774/774
f 775/775/775 776/776/776 777/777/777
f 778/778/778 779/779/779 780/780/780
f 781/781/781 782/782/782 783/783/783
f 784/784/784 785/785/785 786/786/786
f 787/787/787 788/788/788 789/789/789
f 790/790/790 791/791/791 792/792/792
f 793/793/793 794/794/794 795/795/795
f 796/796/796 797/797/797 798/798/798
f 799/799/799 800/800/800 801/801/801
f 802/802/802 803/803/803 804/804/804
f 805/805/805 806/806/806 807/807/807
f 808/808/808 809/809/809 810/810/810
f 811/811/811 812/812/812 813/813/813
f 814/814/814 815/815/815 816/816/816
f 817/817/817 818/818/818 819/819/819
f 820/820/820 821/821/821 822/822/822
f 823/823/823 824/824/824 825/825/825
f 826/826/826 827/827/827 828/828/828
f 829/829/829 830/830/830 831/831/831
f 832/832/832 833/833/833 834/834/834
f 835/835/835 836/836/836 837/837/837
f 838/838/838 839/839/839 840/840/840
f 841/841/841 842/842/842 843/843/843
f 844/844/844 845/845/845 846/846/846
f 847/847/847 848/848/848 849/849/849
f 850/850/850 851/851/851 852/852/852
f 853/853/853 854/854/854 855/855/855
f 856/856/856 857/857/857 858/858/858
f 859/859/859 860/860/860 861/861/861
f 862/862/862 863/863/863 864/864/864
f 865/865/865 866/866/866 867/867/867
f 868/868/868 869/869/869 870/870/870
f 871/871/871 872/872/872 873/873/873
f 874/874/874 875/875/875 876/876/876
f 877/877/877 878/878/878 879/879/879
f 880/880/880 881/881/881 882/882/882
f 883/883/883 884/884/884 885/885/885
f 886/886/886 887/887/887 888/888/888
f 889/889/889 890/890/890 891/891/891
f 892/892/892 893/893/893 894/894/894
f 895/895/895 896/896/896 897/897/897
f 898/898/898 899/899/899 900/900/900
f 901/901/901 902/902/902 903/903/903
f 904/904/904 905/905/905 906/906/906
f 907/907/907 908/908/908 909/909/909
f 910/910/910 911/911/911 912/912/912
f 913/913/913 914/914/914 915/915/915
f 916/916/916 917/917/917 918/918/918
f 919/919/919 920/920/920 921/921/921
f 922/922/922 923/923/923 924/924/924
f 925/925/925 926/926/926 927/927/927
f 928/928/928 929/929/929 930/930/930
f 931/931/931 932/932/932 933/933/933
f 934/934/934 935/935/935 936/936/936
f 937/937/937 938/938/938 939/939/939
f 940/940/940 941/941/941 942/942/942
f 943/943/943 944/944/944 945/945/945
f 946/946/946 947/947/947 948/948/948
f 949/949/949 950/950/950 951/951/951
f 952/952/952 953/953/953 954/954/954
f 955/955/955 956/956/956 957/957/957
f 958/958/958 959/959/959 960/960/960
f 961/961/961 962/962/962 963/963/963
f 964/964/964 965/965/965 966/966/966
f 967/967/967 968/968/968 969/969/969
f 970/970/970 971/971/971 972/972/972
f 973/973/973 974/974/974 975/975/975
f 976/976/976 977/977/977 978/978/978
f 979/979/979 980/980/980 981/981/981
f 982/982/982 983/983/983 984/984/984
f 985/985/985 986/986/986 987/987/987
f 988/988/988 989/989/989 990/990/990
f 991/991/991 992/992/992 993/993/993
f 994/994/994 995/995/995 996/996/996
f 997/997/997 998/998/998 999/999/999
f 1000/1000/1000 1001/1001/1001 1002/1002/1002
f 1003/1003/1003 1004/1004/1004 1005/1005/1005
f 1006/1006/1006 1007/1007/1007 1008/1008/1008
f 1009/1009/1009 1010/1010/1010 1011/1011/1011
f 1012/1012/1012 1013/1013/1013 1014/1014/1014
f 1015/1015/1015 1016/1016/1016 1017/1017/1017
f 1018/1018/1018 1019/1019/1019 1020/1020/1020
f 1021/1021/1021 1022/1022/1022 1023/1023/1023
f 1024/1024/1024 1025/1025/1025 1026/1026/1026
f 1027/1027/1027 1028/1028/1028 1029/1029/1029
f 1030/1030/1030 1031/1031/1031 1032/1032/1032
f 1033/1033/1033 1034/1034/1034 1035/1035/1035
f 1036/1036/1036 1037/1037/1037 1038/1038/1038
f 1039/1039/1039 1040/1040/1040 1041/1041/1041
f 1042/1042/1042 1043/1043/1043 1044/1044/1044
f 1045/1045/1045 1046/1046/1046 1047/1047/1047
f 1048/1048/1048 1049/1049/1049 1050/1050/1050
f 1051/1051/1051 1052/1052/1052 1053/1053/1053
f 1054/1054/1054 1055/1055/1055 1056/1056/1056
f 1057/1057/1057 1058/1058/1058 1059/1059/1059
f 1060/1060/1060 1061/1061/1061 1062/1062/1062
f 1063/1063/1063 1064/1064/1064 1065/1065/1065
f 1066/1066/1066 1067/1067/1067 1068/1068/1068
f 1069/1069/1069 1070/1070/1070 1071/1071/1071
f 1072/1072/1072 1073/1073/1073 1074/1074/1074
f 1075/1075/1075 1076/1076/1076 1077/1077/1077
f 1078/1078/1078 1079/1079/1079 1080/1080/1080
f 1081/1081/1081 1082/1082/1082 1083/1083/1083
f 1084/1084/1084 1085/1085/1085 1086/1086/1086
f 1087/1087/1087 1088/1088/1088 1089/1089/1089
f 1090/1090/1090 1091/1091/1091 1092/1092/1092
f 1093/1093/1093 1094/1094/1094 1095/1095/1095
f 1096/1096/1096 1097/1097/1097 1098/1098/1098
f 1099/1099/1099 1100/1100/1100 1101/1101/1101
f 1102/1102/1102 1103/1103/1103 1104/1104/1104
f 1105/1105/1105 1106/1106/1106 1107/1107/1107
f 1108/1108/1108 1109/1109/1109 1110/1110/1110
f 1111/1111/1111 1112/1112/1112 1113/1113/1113
f 1114/1114/1114 1115/1115/1115 1116/1116/1116
f 1117/1117/1117 1118/1118/1118 1119/1119/1119
f 1120/1120/1120 1121/1121/1121 1122/1122/1122
f 1123/1123/1123 1124/1124/1124 1125/1125/1125
f 1126/1126/1126 1127/1127/1127 1128/1128/1128
f 1129/1129/1129 1130/1130/1130 1131/1131/1131
f 1132/1132/1132 1133/1133/1133 1134/1134/1134
f 1135/1135/1135 1136/1136/1136 1137/1137/1137
f 1138/1138/1138 1139/1139/1139 1140/1140/1140
f 1141/1141/1141 1142/1142/1142 1143/1143/1143
f 1144/1144/1144 1145/1145/1145 1146/1146/1146
