o eventhorizonblackthing
v 1.0442548547730328 -0.3263369121127817 0.020374125006698097
v 1.0882928524956585 -0.2054559208923075 0.07688112384369226
v 1.04475583181237 -0.2969839193397257 0.12992512262155864
v 1.0882928524956585 -0.2054559208923075 0.07688112384369226
v 1.0442548547730328 -0.3263369121127817 0.020374125006698097
v 1.0880328570351483 -0.22064991970593664 0.020174124415121997
v 1.0880328570351483 -0.22064991970593664 0.020174124415121997
v 1.1029648338303448 -0.10723391850526068 0.020105124588213886
v 1.0882928524956585 -0.2054559208923075 0.07688112384369226
v 0.6657628570542218 -0.4867339350753519 0.2412141246228442
v 0.5530228470311047 -0.3188719369941446 0.38919713920643184
v 0.5523128365025403 -0.4738029160075876 0.23426812714626644
v 0.4471618388638379 -0.2969839193397257 0.3517711145310626
v 0.5523128365025403 -0.4738029160075876 0.23426812714626644
v 0.5530228470311047 -0.3188719369941446 0.38919713920643184
v 0.5523128365025403 -0.4738029160075876 0.23426812714626644
v 0.4471618388638379 -0.2969839193397257 0.3517711145310626
v 0.4465258424029233 -0.4358909346633646 0.21286412900974605
v 0.3561308462962987 -0.26216392894322604 0.2918771190076098
v 0.4465258424029233 -0.4358909346633646 0.21286412900974605
v 0.4471618388638379 -0.2969839193397257 0.3517711145310626
v 0.4465258424029233 -0.4358909346633646 0.21286412900974605
v 0.3561308462962987 -0.26216392894322604 0.2918771190076098
v 0.355610840474117 -0.375580928521702 0.17846111780693386
v 0.5530228470311047 -0.3188719369941446 0.38919713920643184
v 0.6657628570542218 -0.4867339350753519 0.2412141246228442
v 0.6664978419289471 -0.3263369121127817 0.401609121027492
v 0.7798528228745343 -0.3188719369941446 0.38815811103870723
v 0.6664978419289471 -0.3263369121127817 0.401609121027492
v 0.6657628570542218 -0.4867339350753519 0.2412141246228442
v 0.7798528228745343 -0.3188719369941446 0.38815811103870723
v 0.6657628570542218 -0.4867339350753519 0.2412141246228442
v 0.779143825624931 -0.4738029160075876 0.23322912878086421
v 0.8853668724045636 -0.2969839193397257 0.349764136734508
v 0.7798528228745343 -0.3188719369941446 0.38815811103870723
v 0.779143825624931 -0.4738029160075876 0.23322912878086421
v 0.8853668724045636 -0.2969839193397257 0.349764136734508
v 0.779143825624931 -0.4738029160075876 0.23322912878086421
v 0.8847308312401654 -0.4358909346633646 0.2108571214108691
v 0.8847308312401654 -0.4358909346633646 0.2108571214108691
v 0.9758458291039349 -0.26216392894322604 0.28903913325359676
v 0.8853668724045636 -0.2969839193397257 0.349764136734508
v 0.9758458291039349 -0.26216392894322604 0.28903913325359676
v 0.8847308312401654 -0.4358909346633646 0.2108571214108691
v 0.9753268514618756 -0.375580928521702 0.1756231320529208
v 1.04475583181237 -0.2969839193397257 0.12992512262155864
v 0.9758458291039349 -0.26216392894322604 0.28903913325359676
v 0.9753268514618756 -0.375580928521702 0.1756231320529208
v 0.9758458291039349 -0.26216392894322604 0.28903913325359676
v 1.04475583181237 -0.2969839193397257 0.12992512262155864
v 1.0451238308892132 -0.2167859293990824 0.21012212163498256
v 1.04475583181237 -0.2969839193397257 0.12992512262155864
v 1.0884828721032025 -0.16394192655617926 0.1183951256304011
v 1.0451238308892132 -0.2167859293990824 0.21012212163498256
v 1.0884828721032025 -0.16394192655617926 0.1183951256304011
v 1.04475583181237 -0.2969839193397257 0.12992512262155864
v 1.0882928524956585 -0.2054559208923075 0.07688112384369226
v 1.0882928524956585 -0.2054559208923075 0.07688112384369226
v 1.1029648338303448 -0.10723391850526068 0.020105124588213886
v 1.0884828721032025 -0.16394192655617926 0.1183951256304011
v 0.7798528228745343 -0.3188719369941446 0.38815811103870723
v 0.6667668376908185 -0.10723391850526068 0.46031811660816524
v 0.6664978419289471 -0.3263369121127817 0.401609121027492
v 0.6667668376908185 -0.10723391850526068 0.46031811660816524
v 0.5530228470311047 -0.3188719369941446 0.38919713920643184
v 0.6664978419289471 -0.3263369121127817 0.401609121027492
v 0.6667668376908185 -0.10723391850526068 0.46031811660816524
v 0.7798528228745343 -0.3188719369941446 0.38815811103870723
v 0.7801128183350445 -0.10723391850526068 0.4448661190896258
v 0.8853668724045636 -0.2969839193397257 0.349764136734508
v 0.7801128183350445 -0.10723391850526068 0.4448661190896258
v 0.7798528228745343 -0.3188719369941446 0.38815811103870723
v 0.7801128183350445 -0.10723391850526068 0.4448661190896258
v 0.8853668724045636 -0.2969839193397257 0.349764136734508
v 0.8855998669609906 -0.10723391850526068 0.40060612386753414
v 0.9758458291039349 -0.26216392894322604 0.28903913325359676
v 0.8855998669609906 -0.10723391850526068 0.40060612386753414
v 0.8853668724045636 -0.2969839193397257 0.349764136734508
v 0.8855998669609906 -0.10723391850526068 0.40060612386753414
v 0.9758458291039349 -0.26216392894322604 0.28903913325359676
v 0.9760358487114789 -0.10723391850526068 0.33055013245632503
v 1.0451238308892132 -0.2167859293990824 0.21012212163498256
v 0.9760358487114789 -0.10723391850526068 0.33055013245632503
v 0.9758458291039349 -0.26216392894322604 0.28903913325359676
v 0.9760358487114789 -0.10723391850526068 0.33055013245632503
v 1.0451238308892132 -0.2167859293990824 0.21012212163498256
v 1.0452578221306683 -0.10723391850526068 0.23947612768699977
v 1.0884828721032025 -0.16394192655617926 0.1183951256304011
v 1.0452578221306683 -0.10723391850526068 0.23947612768699977
v 1.0451238308892132 -0.2167859293990824 0.21012212163498256
v 1.0452578221306683 -0.10723391850526068 0.23947612768699977
v 1.0884828721032025 -0.16394192655617926 0.1183951256304011
v 1.0885528479561688 -0.10723391850526068 0.13359012282183025
v 1.0884828721032025 -0.16394192655617926 0.1183951256304011
v 1.1029648338303448 -0.10723391850526068 0.020105124588213886
v 1.0885528479561688 -0.10723391850526068 0.13359012282183025
v 0.5532818292126538 -0.10723391850526068 0.44590511745502803
v 0.5530228470311047 -0.3188719369941446 0.38919713920643184
v 0.6667668376908185 -0.10723391850526068 0.46031811660816524
v 0.5532818292126538 -0.10723391850526068 0.44590511745502803
v 0.4471618388638379 -0.2969839193397257 0.3517711145310626
v 0.5530228470311047 -0.3188719369941446 0.38919713920643184
v 0.5532818292126538 -0.10723391850526068 0.44590511745502803
v 0.4473948483214261 -0.10723391850526068 0.4026131314664111
v 0.4471618388638379 -0.2969839193397257 0.3517711145310626
v 0.4473948483214261 -0.10723391850526068 0.4026131314664111
v 0.3561308462962987 -0.26216392894322604 0.2918771190076098
v 0.4471618388638379 -0.2969839193397257 0.3517711145310626
v 0.4473948483214261 -0.10723391850526068 0.4026131314664111
v 0.35632084355210086 -0.10723391850526068 0.3333881182103381
v 0.3561308462962987 -0.26216392894322604 0.2918771190076098
v 0.550373837803352 0.2593360773748663 -0.18900486999461796
v 0.6647598300919415 0.3309770904011038 0.022113124511294092
v 0.6637558494553448 0.2722680799192694 -0.19698888235995915
v 0.6647598300919415 0.3309770904011038 0.022113124511294092
v 0.7772048269257428 0.2593360773748663 -0.19004386836002019
v 0.6637558494553448 0.2722680799192694 -0.19698888235995915
v 0.6647598300919415 0.3309770904011038 0.022113124511294092
v 0.550373837803352 0.2593360773748663 -0.18900486999461796
v 0.5513438437924267 0.3160440705246237 0.02263212450509521
v 0.7772048269257428 0.2593360773748663 -0.19004386836002019
v 0.6647598300919415 0.3309770904011038 0.022113124511294092
v 0.7781738196358563 0.3160440705246237 0.021593124742709125
v 0.4447878454670789 0.22142308275168207 -0.16663287752578404
v 0.5513438437924267 0.3160440705246237 0.02263212450509521
v 0.550373837803352 0.2593360773748663 -0.18900486999461796
v 0.7781738196358563 0.3160440705246237 0.021593124742709125
v 0.8829928194031598 0.22142308275168207 -0.1686398702234998
v 0.7772048269257428 0.2593360773748663 -0.19004386836002019
v 0.5513438437924267 0.3160440705246237 0.02263212450509521
v 0.4447878454670789 0.22142308275168207 -0.16663287752578404
v 0.4456568364844205 0.2722680799192694 0.02311612493088099
v 0.3541918401465299 0.16111307661001947 -0.13139787488887456
v 0.4456568364844205 0.2722680799192694 0.02311612493088099
v 0.4447878454670789 0.22142308275168207 -0.16663287752578404
v 0.4456568364844205 0.2722680799192694 0.02311612493088099
v 0.3541918401465299 0.16111307661001947 -0.13139787488887456
v 0.35490184322451374 0.2026270709461477 0.02353212483888122
v 0.883861855123985 0.2722680799192694 0.021109124782584632
v 0.8829928194031598 0.22142308275168207 -0.1686398702234998
v 0.7781738196358563 0.3160440705246237 0.021593124742709125
v 0.8829928194031598 0.22142308275168207 -0.1686398702234998
v 0.883861855123985 0.2722680799192694 0.021109124782584632
v 0.9739078436837079 0.16111307661001947 -0.1342358755440488
v 0.9739078436837079 0.16111307661001947 -0.1342358755440488
v 0.883861855123985 0.2722680799192694 0.021109124782584632
v 0.9746168409333111 0.2026270709461477 0.020693124408923114
v 1.0442548547730328 0.11187107930844095 0.020374125006698097
v 0.9739078436837079 0.16111307661001947 -0.1342358755440488
v 0.9746168409333111 0.2026270709461477 0.020693124408923114
v 0.9739078436837079 0.16111307661001947 -0.1342358755440488
v 1.0442548547730328 0.11187107930844095 0.020374125006698097
v 1.0437528644547345 0.08251607487862375 -0.08917687260816244
v 1.0437528644547345 0.08251607487862375 -0.08917687260816244
v 1.0442548547730328 0.11187107930844095 0.020374125006698097
v 1.087772861574638 -0.009011923568794461 -0.0365348773569837
v 1.087772861574638 -0.009011923568794461 -0.0365348773569837
v 1.0442548547730328 0.11187107930844095 0.020374125006698097
v 1.0880328570351483 0.006183075485279826 0.020174124415121997
v 1.0880328570351483 0.006183075485279826 0.020174124415121997
v 1.1029648338303448 -0.10723391850526068 0.020105124588213886
v 1.087772861574638 -0.009011923568794461 -0.0365348773569837
v 0.779143825624931 0.2593360773748663 0.23322912878086421
v 0.6647598300919415 0.3309770904011038 0.022113124511294092
v 0.6657628570542218 0.2722680799192694 0.2412141246228442
v 0.6657628570542218 0.2722680799192694 0.2412141246228442
v 0.6647598300919415 0.3309770904011038 0.022113124511294092
v 0.5523128365025403 0.2593360773748663 0.23426812714626644
v 0.6647598300919415 0.3309770904011038 0.022113124511294092
v 0.779143825624931 0.2593360773748663 0.23322912878086421
v 0.7781738196358563 0.3160440705246237 0.021593124742709125
v 0.5523128365025403 0.2593360773748663 0.23426812714626644
v 0.6647598300919415 0.3309770904011038 0.022113124511294092
v 0.5513438437924267 0.3160440705246237 0.02263212450509521
v 0.8847308312401654 0.22142308275168207 0.2108571214108691
v 0.7781738196358563 0.3160440705246237 0.021593124742709125
v 0.779143825624931 0.2593360773748663 0.23322912878086421
v 0.5523128365025403 0.2593360773748663 0.23426812714626644
v 0.5513438437924267 0.3160440705246237 0.02263212450509521
v 0.4465258424029233 0.22142308275168207 0.21286412900974605
v 0.7781738196358563 0.3160440705246237 0.021593124742709125
v 0.8847308312401654 0.22142308275168207 0.2108571214108691
v 0.883861855123985 0.2722680799192694 0.021109124782584632
v 0.4465258424029233 0.22142308275168207 0.21286412900974605
v 0.5513438437924267 0.3160440705246237 0.02263212450509521
v 0.4456568364844205 0.2722680799192694 0.02311612493088099
v 0.4465258424029233 0.22142308275168207 0.21286412900974605
v 0.4456568364844205 0.2722680799192694 0.02311612493088099
v 0.355610840474117 0.16111307661001947 0.17846111780693386
v 0.355610840474117 0.16111307661001947 0.17846111780693386
v 0.4456568364844205 0.2722680799192694 0.02311612493088099
v 0.35490184322451374 0.2026270709461477 0.02353212483888122
v 0.9753268514618756 0.16111307661001947 0.1756231320529208
v 0.883861855123985 0.2722680799192694 0.021109124782584632
v 0.8847308312401654 0.22142308275168207 0.2108571214108691
v 0.883861855123985 0.2722680799192694 0.021109124782584632
v 0.9753268514618756 0.16111307661001947 0.1756231320529208
v 0.9746168409333111 0.2026270709461477 0.020693124408923114
v 0.9753268514618756 0.16111307661001947 0.1756231320529208
v 1.0442548547730328 0.11187107930844095 0.020374125006698097
v 0.9746168409333111 0.2026270709461477 0.020693124408923114
v 1.0442548547730328 0.11187107930844095 0.020374125006698097
v 0.9753268514618756 0.16111307661001947 0.1756231320529208
v 1.04475583181237 0.08251607487862375 0.12992512262155864
v 1.04475583181237 0.08251607487862375 0.12992512262155864
v 1.0880328570351483 0.006183075485279826 0.020174124415121997
v 1.0442548547730328 0.11187107930844095 0.020374125006698097
v 1.0880328570351483 0.006183075485279826 0.020174124415121997
v 1.04475583181237 0.08251607487862375 0.12992512262155864
v 1.0882928524956585 -0.009011923568794461 0.07688112384369226
v 1.0882928524956585 -0.009011923568794461 0.07688112384369226
v 1.1029648338303448 -0.10723391850526068 0.020105124588213886
v 1.0880328570351483 0.006183075485279826 0.020174124415121997
v 0.4441518490061643 -0.2969839193397257 -0.3055368679137006
v 0.3541918401465299 -0.375580928521702 -0.13139787488887456
v 0.35367284015272876 -0.26216392894322604 -0.24481386118838933
v 0.3541918401465299 -0.375580928521702 -0.13139787488887456
v 0.4441518490061643 -0.2969839193397257 -0.3055368679137006
v 0.4447878454670789 -0.4358909346633646 -0.16663287752578404
v 0.5496648405537488 -0.3188719369941446 -0.34393388205478337
v 0.4447878454670789 -0.4358909346633646 -0.16663287752578404
v 0.4441518490061643 -0.2969839193397257 -0.3055368679137006
v 0.4447878454670789 -0.4358909346633646 -0.16663287752578404
v 0.5496648405537488 -0.3188719369941446 -0.34393388205478337
v 0.550373837803352 -0.4738029160075876 -0.18900486999461796
v 0.6637558494553448 -0.4867339350753519 -0.19698888235995915
v 0.550373837803352 -0.4738029160075876 -0.18900486999461796
v 0.5496648405537488 -0.3188719369941446 -0.34393388205478337
v 0.6637558494553448 -0.4867339350753519 -0.19698888235995915
v 0.5496648405537488 -0.3188719369941446 -0.34393388205478337
v 0.6630208347782971 -0.3263369121127817 -0.35738486224124577
v 0.7764948163971783 -0.3188719369941446 -0.3449728804201856
v 0.6637558494553448 -0.4867339350753519 -0.19698888235995915
v 0.6630208347782971 -0.3263369121127817 -0.35738486224124577
v 0.6637558494553448 -0.4867339350753519 -0.19698888235995915
v 0.7764948163971783 -0.3188719369941446 -0.3449728804201856
v 0.7772048269257428 -0.4738029160075876 -0.19004386836002019
v 0.8829928194031598 -0.4358909346633646 -0.1686398702234998
v 0.7772048269257428 -0.4738029160075876 -0.19004386836002019
v 0.7764948163971783 -0.3188719369941446 -0.3449728804201856
v 0.8829928194031598 -0.4358909346633646 -0.1686398702234998
v 0.7764948163971783 -0.3188719369941446 -0.3449728804201856
v 0.8823568378434063 -0.2969839193397257 -0.30754387551257756
v 0.8829928194031598 -0.4358909346633646 -0.1686398702234998
v 0.8823568378434063 -0.2969839193397257 -0.30754387551257756
v 0.9739078436837079 -0.375580928521702 -0.1342358755440488
v 0.9739078436837079 -0.375580928521702 -0.1342358755440488
v 0.8823568378434063 -0.2969839193397257 -0.30754387551257756
v 0.9733878527626874 -0.26216392894322604 -0.24765187674472477
v 1.0433858190522076 -0.2167859293990824 -0.16937486999938633
v 0.9739078436837079 -0.375580928521702 -0.1342358755440488
v 0.9733878527626874 -0.26216392894322604 -0.24765187674472477
v 0.9739078436837079 -0.375580928521702 -0.1342358755440488
v 1.0433858190522076 -0.2167859293990824 -0.16937486999938633
v 1.0437528644547345 -0.2969839193397257 -0.08917787843654303
v 1.0437528644547345 -0.2969839193397257 -0.08917787843654303
v 1.0433858190522076 -0.2167859293990824 -0.16937486999938633
v 1.087772861574638 -0.2054559208923075 -0.0365348773569837
v 1.0433858190522076 -0.2167859293990824 -0.16937486999938633
v 1.087582841967094 -0.16394192655617926 -0.07804687493751196
v 1.087772861574638 -0.2054559208923075 -0.0365348773569837
v 1.087582841967094 -0.16394192655617926 -0.07804687493751196
v 1.1029648338303448 -0.10723391850526068 0.020105124588213886
v 1.087772861574638 -0.2054559208923075 -0.0365348773569837
v 0.6647598300919415 -0.5454429008537027 0.022112124736510242
v 0.550373837803352 -0.4738029160075876 -0.18900486999461796
v 0.6637558494553448 -0.4867339350753519 -0.19698888235995915
v 0.7772048269257428 -0.4738029160075876 -0.19004386836002019
v 0.6647598300919415 -0.5454429008537027 0.022112124736510242
v 0.6637558494553448 -0.4867339350753519 -0.19698888235995915
v 0.5513438437924267 -0.530509910779545 0.02263212450509521
v 0.550373837803352 -0.4738029160075876 -0.18900486999461796
v 0.6647598300919415 -0.5454429008537027 0.022112124736510242
v 0.5513438437924267 -0.530509910779545 0.02263212450509521
v 0.4447878454670789 -0.4358909346633646 -0.16663287752578404
v 0.550373837803352 -0.4738029160075876 -0.18900486999461796
v 0.5513438437924267 -0.530509910779545 0.02263212450509521
v 0.4456568364844205 -0.4867339350753519 0.02311612493088099
v 0.4447878454670789 -0.4358909346633646 -0.16663287752578404
v 0.4456568364844205 -0.4867339350753519 0.02311612493088099
v 0.3541918401465299 -0.375580928521702 -0.13139787488887456
v 0.4447878454670789 -0.4358909346633646 -0.16663287752578404
v 0.4456568364844205 -0.4867339350753519 0.02311612493088099
v 0.35490184322451374 -0.4170949377589914 0.02353212483888122
v 0.3541918401465299 -0.375580928521702 -0.13139787488887456
v 0.6647598300919415 -0.5454429008537027 0.022112124736510242
v 0.7772048269257428 -0.4738029160075876 -0.19004386836002019
v 0.7781738196358563 -0.530509910779545 0.021593124742709125
v 0.8829928194031598 -0.4358909346633646 -0.1686398702234998
v 0.7781738196358563 -0.530509910779545 0.021593124742709125
v 0.7772048269257428 -0.4738029160075876 -0.19004386836002019
v 0.7781738196358563 -0.530509910779545 0.021593124742709125
v 0.8829928194031598 -0.4358909346633646 -0.1686398702234998
v 0.883861855123985 -0.4867339350753519 0.021109124782584632
v 0.9739078436837079 -0.375580928521702 -0.1342358755440488
v 0.883861855123985 -0.4867339350753519 0.021109124782584632
v 0.8829928194031598 -0.4358909346633646 -0.1686398702234998
v 0.883861855123985 -0.4867339350753519 0.021109124782584632
v 0.9739078436837079 -0.375580928521702 -0.1342358755440488
v 0.9746168409333111 -0.4170949377589914 0.020693124408923114
v 1.0437528644547345 -0.2969839193397257 -0.08917787843654303
v 0.9746168409333111 -0.4170949377589914 0.020693124408923114
v 0.9739078436837079 -0.375580928521702 -0.1342358755440488
v 0.9746168409333111 -0.4170949377589914 0.020693124408923114
v 1.0437528644547345 -0.2969839193397257 -0.08917787843654303
v 1.0442548547730328 -0.3263369121127817 0.020374125006698097
v 1.087772861574638 -0.2054559208923075 -0.0365348773569837
v 1.0442548547730328 -0.3263369121127817 0.020374125006698097
v 1.0437528644547345 -0.2969839193397257 -0.08917787843654303
v 1.0442548547730328 -0.3263369121127817 0.020374125006698097
v 1.087772861574638 -0.2054559208923075 -0.0365348773569837
v 1.0880328570351483 -0.22064991970593664 0.020174124415121997
v 1.087772861574638 -0.2054559208923075 -0.0365348773569837
v 1.1029648338303448 -0.10723391850526068 0.020105124588213886
v 1.0880328570351483 -0.22064991970593664 0.020174124415121997
v 0.6667668376908185 -0.10723391850526068 0.46031811660816524
v 0.5530228470311047 0.10440507600968149 0.38919713920643184
v 0.5532818292126538 -0.10723391850526068 0.44590511745502803
v 0.4471618388638379 0.08251607487862375 0.3517691177754626
v 0.5532818292126538 -0.10723391850526068 0.44590511745502803
v 0.5530228470311047 0.10440507600968149 0.38919713920643184
v 0.5532818292126538 -0.10723391850526068 0.44590511745502803
v 0.4471618388638379 0.08251607487862375 0.3517691177754626
v 0.4473948483214261 -0.10723391850526068 0.4026131314664111
v 0.3561308462962987 0.04769707540934351 0.2918771190076098
v 0.4473948483214261 -0.10723391850526068 0.4026131314664111
v 0.4471618388638379 0.08251607487862375 0.3517691177754626
v 0.4473948483214261 -0.10723391850526068 0.4026131314664111
v 0.3561308462962987 0.04769707540934351 0.2918771190076098
v 0.35632084355210086 -0.10723391850526068 0.3333881182103381
v 0.5530228470311047 0.10440507600968149 0.38919713920643184
v 0.6667668376908185 -0.10723391850526068 0.46031811660816524
v 0.6664978419289471 0.11187107930844095 0.4016101343064532
v 0.6664978419289471 0.11187107930844095 0.4016101343064532
v 0.6667668376908185 -0.10723391850526068 0.46031811660816524
v 0.7798528228745343 0.10440507600968149 0.38815811103870723
v 0.7798528228745343 0.10440507600968149 0.38815811103870723
v 0.6667668376908185 -0.10723391850526068 0.46031811660816524
v 0.7801128183350445 -0.10723391850526068 0.4448661190896258
v 0.7798528228745343 0.10440507600968149 0.38815811103870723
v 0.7801128183350445 -0.10723391850526068 0.4448661190896258
v 0.8853668724045636 0.08251607487862375 0.34976211017658565
v 0.8853668724045636 0.08251607487862375 0.34976211017658565
v 0.7801128183350445 -0.10723391850526068 0.4448661190896258
v 0.8855998669609906 -0.10723391850526068 0.40060612386753414
v 0.8853668724045636 0.08251607487862375 0.34976211017658565
v 0.8855998669609906 -0.10723391850526068 0.40060612386753414
v 0.9758458291039349 0.04769707540934351 0.28903913325359676
v 0.9758458291039349 0.04769707540934351 0.28903913325359676
v 0.8855998669609906 -0.10723391850526068 0.40060612386753414
v 0.9760358487114789 -0.10723391850526068 0.33055013245632503
v 0.9758458291039349 0.04769707540934351 0.28903913325359676
v 0.9760358487114789 -0.10723391850526068 0.33055013245632503
v 1.0451238308892132 0.002318075624754695 0.21012212163498256
v 0.9760358487114789 -0.10723391850526068 0.33055013245632503
v 1.0452578221306683 -0.10723391850526068 0.23947612768699977
v 1.0451238308892132 0.002318075624754695 0.21012212163498256
v 1.0885528479561688 -0.10723391850526068 0.13359012282183025
v 1.0451238308892132 0.002318075624754695 0.21012212163498256
v 1.0452578221306683 -0.10723391850526068 0.23947612768699977
v 1.0451238308892132 0.002318075624754695 0.21012212163498256
v 1.0885528479561688 -0.10723391850526068 0.13359012282183025
v 1.0884828721032025 -0.050524926977703305 0.1183951256304011
v 1.0885528479561688 -0.10723391850526068 0.13359012282183025
v 1.1029648338303448 -0.10723391850526068 0.020105124588213886
v 1.0884828721032025 -0.050524926977703305 0.1183951256304011
v 0.6664978419289471 0.11187107930844095 0.4016101343064532
v 0.6657628570542218 0.2722680799192694 0.2412141246228442
v 0.5530228470311047 0.10440507600968149 0.38919713920643184
v 0.7798528228745343 0.10440507600968149 0.38815811103870723
v 0.6657628570542218 0.2722680799192694 0.2412141246228442
v 0.6664978419289471 0.11187107930844095 0.4016101343064532
v 0.5530228470311047 0.10440507600968149 0.38919713920643184
v 0.6657628570542218 0.2722680799192694 0.2412141246228442
v 0.5523128365025403 0.2593360773748663 0.23426812714626644
v 0.5530228470311047 0.10440507600968149 0.38919713920643184
v 0.5523128365025403 0.2593360773748663 0.23426812714626644
v 0.4471618388638379 0.08251607487862375 0.3517691177754626
v 0.4471618388638379 0.08251607487862375 0.3517691177754626
v 0.5523128365025403 0.2593360773748663 0.23426812714626644
v 0.4465258424029233 0.22142308275168207 0.21286412900974605
v 0.3561308462962987 0.04769707540934351 0.2918771190076098
v 0.4471618388638379 0.08251607487862375 0.3517691177754626
v 0.4465258424029233 0.22142308275168207 0.21286412900974605
v 0.355610840474117 0.16111307661001947 0.17846111780693386
v 0.3561308462962987 0.04769707540934351 0.2918771190076098
v 0.4465258424029233 0.22142308275168207 0.21286412900974605
v 0.6657628570542218 0.2722680799192694 0.2412141246228442
v 0.7798528228745343 0.10440507600968149 0.38815811103870723
v 0.779143825624931 0.2593360773748663 0.23322912878086421
v 0.8853668724045636 0.08251607487862375 0.34976211017658565
v 0.779143825624931 0.2593360773748663 0.23322912878086421
v 0.7798528228745343 0.10440507600968149 0.38815811103870723
v 0.779143825624931 0.2593360773748663 0.23322912878086421
v 0.8853668724045636 0.08251607487862375 0.34976211017658565
v 0.8847308312401654 0.22142308275168207 0.2108571214108691
v 0.9758458291039349 0.04769707540934351 0.28903913325359676
v 0.8847308312401654 0.22142308275168207 0.2108571214108691
v 0.8853668724045636 0.08251607487862375 0.34976211017658565
v 0.8847308312401654 0.22142308275168207 0.2108571214108691
v 0.9758458291039349 0.04769707540934351 0.28903913325359676
v 0.9753268514618756 0.16111307661001947 0.1756231320529208
v 0.9758458291039349 0.04769707540934351 0.28903913325359676
v 1.04475583181237 0.08251607487862375 0.12992512262155864
v 0.9753268514618756 0.16111307661001947 0.1756231320529208
v 1.04475583181237 0.08251607487862375 0.12992512262155864
v 0.9758458291039349 0.04769707540934351 0.28903913325359676
v 1.0451238308892132 0.002318075624754695 0.21012212163498256
v 1.0884828721032025 -0.050524926977703305 0.1183951256304011
v 1.04475583181237 0.08251607487862375 0.12992512262155864
v 1.0451238308892132 0.002318075624754695 0.21012212163498256
v 1.04475583181237 0.08251607487862375 0.12992512262155864
v 1.0884828721032025 -0.050524926977703305 0.1183951256304011
v 1.0882928524956585 -0.009011923568794461 0.07688112384369226
v 1.0884828721032025 -0.050524926977703305 0.1183951256304011
v 1.1029648338303448 -0.10723391850526068 0.020105124588213886
v 1.0882928524956585 -0.009011923568794461 0.07688112384369226
v 0.8823568378434063 -0.2969839193397257 -0.30754387551257756
v 0.8821238432869793 -0.10723391850526068 -0.35838788920352604
v 0.9733878527626874 -0.26216392894322604 -0.24765187674472477
v 0.9733878527626874 -0.26216392894322604 -0.24765187674472477
v 0.8821238432869793 -0.10723391850526068 -0.35838788920352604
v 0.9731978331551434 -0.10723391850526068 -0.28916287594745305
v 0.8823568378434063 -0.2969839193397257 -0.30754387551257756
v 0.7762358342156293 -0.10723391850526068 -0.4016788619131818
v 0.8821238432869793 -0.10723391850526068 -0.35838788920352604
v 0.9731978331551434 -0.10723391850526068 -0.28916287594745305
v 1.0433858190522076 -0.2167859293990824 -0.16937486999938633
v 0.9733878527626874 -0.26216392894322604 -0.24765187674472477
v 0.7764948163971783 -0.3188719369941446 -0.3449728804201856
v 0.7762358342156293 -0.10723391850526068 -0.4016788619131818
v 0.8823568378434063 -0.2969839193397257 -0.30754387551257756
v 1.0433858190522076 -0.2167859293990824 -0.16937486999938633
v 0.9731978331551434 -0.10723391850526068 -0.28916287594745305
v 1.0432508145317914 -0.10723391850526068 -0.19872687929580357
v 1.0875128661141278 -0.10723391850526068 -0.0932418721289411
v 1.0433858190522076 -0.2167859293990824 -0.16937486999938633
v 1.0432508145317914 -0.10723391850526068 -0.19872687929580357
v 1.0433858190522076 -0.2167859293990824 -0.16937486999938633
v 1.0875128661141278 -0.10723391850526068 -0.0932418721289411
v 1.087582841967094 -0.16394192655617926 -0.07804687493751196
v 1.0875128661141278 -0.10723391850526068 -0.0932418721289411
v 1.1029648338303448 -0.10723391850526068 0.020105124588213886
v 1.087582841967094 -0.16394192655617926 -0.07804687493751196
v 0.7764948163971783 -0.3188719369941446 -0.3449728804201856
v 0.6627528522953869 -0.10723391850526068 -0.4160928743452802
v 0.7762358342156293 -0.10723391850526068 -0.4016788619131818
v 0.6630208347782971 -0.3263369121127817 -0.35738486224124577
v 0.6627528522953869 -0.10723391850526068 -0.4160928743452802
v 0.7764948163971783 -0.3188719369941446 -0.3449728804201856
v 0.5496648405537488 -0.3188719369941446 -0.34393388205478337
v 0.6627528522953869 -0.10723391850526068 -0.4160928743452802
v 0.6630208347782971 -0.3263369121127817 -0.35738486224124577
v 0.6627528522953869 -0.10723391850526068 -0.4160928743452802
v 0.5496648405537488 -0.3188719369941446 -0.34393388205478337
v 0.5494048450932385 -0.10723391850526068 -0.40064087682674077
v 0.4441518490061643 -0.2969839193397257 -0.3055368679137006
v 0.5494048450932385 -0.10723391850526068 -0.40064087682674077
v 0.5496648405537488 -0.3188719369941446 -0.34393388205478337
v 0.5494048450932385 -0.10723391850526068 -0.40064087682674077
v 0.4441518490061643 -0.2969839193397257 -0.3055368679137006
v 0.4439188395485761 -0.10723391850526068 -0.3563808816046491
v 0.35367284015272876 -0.26216392894322604 -0.24481386118838933
v 0.4439188395485761 -0.10723391850526068 -0.3563808816046491
v 0.4441518490061643 -0.2969839193397257 -0.3055368679137006
v 0.4439188395485761 -0.10723391850526068 -0.3563808816046491
v 0.35367284015272876 -0.26216392894322604 -0.24481386118838933
v 0.3534828428969266 -0.10723391850526068 -0.2863248603911176
v 0.5494048450932385 -0.10723391850526068 -0.40064087682674077
v 0.5496648405537488 0.10440507600968149 -0.34393388205478337
v 0.6627528522953869 -0.10723391850526068 -0.4160928743452802
v 0.5494048450932385 -0.10723391850526068 -0.40064087682674077
v 0.4441518490061643 0.08251607487862375 -0.3055358844370618
v 0.5496648405537488 0.10440507600968149 -0.34393388205478337
v 0.5494048450932385 -0.10723391850526068 -0.40064087682674077
v 0.4439188395485761 -0.10723391850526068 -0.3563808816046491
v 0.4441518490061643 0.08251607487862375 -0.3055358844370618
v 0.4439188395485761 -0.10723391850526068 -0.3563808816046491
v 0.35367284015272876 0.04769707540934351 -0.24481386118838933
v 0.4441518490061643 0.08251607487862375 -0.3055358844370618
v 0.4439188395485761 -0.10723391850526068 -0.3563808816046491
v 0.3534828428969266 -0.10723391850526068 -0.2863248603911176
v 0.35367284015272876 0.04769707540934351 -0.24481386118838933
v 0.6627528522953869 -0.10723391850526068 -0.4160928743452802
v 0.5496648405537488 0.10440507600968149 -0.34393388205478337
v 0.6630208347782971 0.11187107930844095 -0.357383878764607
v 0.7764948163971783 0.10440507600968149 -0.3449728804201856
v 0.6627528522953869 -0.10723391850526068 -0.4160928743452802
v 0.6630208347782971 0.11187107930844095 -0.357383878764607
v 0.6627528522953869 -0.10723391850526068 -0.4160928743452802
v 0.7764948163971783 0.10440507600968149 -0.3449728804201856
v 0.7762358342156293 -0.10723391850526068 -0.4016788619131818
v 0.8823568378434063 0.08251607487862375 -0.30754387551257756
v 0.7762358342156293 -0.10723391850526068 -0.4016788619131818
v 0.7764948163971783 0.10440507600968149 -0.3449728804201856
v 0.7762358342156293 -0.10723391850526068 -0.4016788619131818
v 0.8823568378434063 0.08251607487862375 -0.30754387551257756
v 0.8821238432869793 -0.10723391850526068 -0.35838788920352604
v 0.9733878527626874 0.04769707540934351 -0.24765187674472477
v 0.8821238432869793 -0.10723391850526068 -0.35838788920352604
v 0.8823568378434063 0.08251607487862375 -0.30754387551257756
v 0.8821238432869793 -0.10723391850526068 -0.35838788920352604
v 0.9733878527626874 0.04769707540934351 -0.24765187674472477
v 0.9731978331551434 -0.10723391850526068 -0.28916287594745305
v 1.0433858190522076 0.002318075624754695 -0.16937486999938633
v 0.9731978331551434 -0.10723391850526068 -0.28916287594745305
v 0.9733878527626874 0.04769707540934351 -0.24765187674472477
v 0.9731978331551434 -0.10723391850526068 -0.28916287594745305
v 1.0433858190522076 0.002318075624754695 -0.16937486999938633
v 1.0432508145317914 -0.10723391850526068 -0.19872687929580357
v 1.0433858190522076 0.002318075624754695 -0.16937486999938633
v 1.0875128661141278 -0.10723391850526068 -0.0932418721289411
v 1.0432508145317914 -0.10723391850526068 -0.19872687929580357
v 1.0875128661141278 -0.10723391850526068 -0.0932418721289411
v 1.0433858190522076 0.002318075624754695 -0.16937486999938633
v 1.087582841967094 -0.050524926977703305 -0.07804687493751196
v 1.087582841967094 -0.050524926977703305 -0.07804687493751196
v 1.1029648338303448 -0.10723391850526068 0.020105124588213886
v 1.0875128661141278 -0.10723391850526068 -0.0932418721289411
v 0.6637558494553448 0.2722680799192694 -0.19698888235995915
v 0.7764948163971783 0.10440507600968149 -0.3449728804201856
v 0.6630208347782971 0.11187107930844095 -0.357383878764607
v 0.5496648405537488 0.10440507600968149 -0.34393388205478337
v 0.6637558494553448 0.2722680799192694 -0.19698888235995915
v 0.6630208347782971 0.11187107930844095 -0.357383878764607
v 0.7772048269257428 0.2593360773748663 -0.19004386836002019
v 0.7764948163971783 0.10440507600968149 -0.3449728804201856
v 0.6637558494553448 0.2722680799192694 -0.19698888235995915
v 0.7772048269257428 0.2593360773748663 -0.19004386836002019
v 0.8823568378434063 0.08251607487862375 -0.30754387551257756
v 0.7764948163971783 0.10440507600968149 -0.3449728804201856
v 0.8829928194031598 0.22142308275168207 -0.1686398702234998
v 0.8823568378434063 0.08251607487862375 -0.30754387551257756
v 0.7772048269257428 0.2593360773748663 -0.19004386836002019
v 0.8823568378434063 0.08251607487862375 -0.30754387551257756
v 0.8829928194031598 0.22142308275168207 -0.1686398702234998
v 0.9733878527626874 0.04769707540934351 -0.24765187674472477
v 0.8829928194031598 0.22142308275168207 -0.1686398702234998
v 0.9739078436837079 0.16111307661001947 -0.1342358755440488
v 0.9733878527626874 0.04769707540934351 -0.24765187674472477
v 1.0437528644547345 0.08251607487862375 -0.08917687260816244
v 0.9733878527626874 0.04769707540934351 -0.24765187674472477
v 0.9739078436837079 0.16111307661001947 -0.1342358755440488
v 0.9733878527626874 0.04769707540934351 -0.24765187674472477
v 1.0437528644547345 0.08251607487862375 -0.08917687260816244
v 1.0433858190522076 0.002318075624754695 -0.16937486999938633
v 1.087582841967094 -0.050524926977703305 -0.07804687493751196
v 1.0433858190522076 0.002318075624754695 -0.16937486999938633
v 1.0437528644547345 0.08251607487862375 -0.08917687260816244
v 1.0437528644547345 0.08251607487862375 -0.08917687260816244
v 1.087772861574638 -0.009011923568794461 -0.0365348773569837
v 1.087582841967094 -0.050524926977703305 -0.07804687493751196
v 1.087772861574638 -0.009011923568794461 -0.0365348773569837
v 1.1029648338303448 -0.10723391850526068 0.020105124588213886
v 1.087582841967094 -0.050524926977703305 -0.07804687493751196
v 0.6637558494553448 0.2722680799192694 -0.19698888235995915
v 0.5496648405537488 0.10440507600968149 -0.34393388205478337
v 0.550373837803352 0.2593360773748663 -0.18900486999461796
v 0.4441518490061643 0.08251607487862375 -0.3055358844370618
v 0.550373837803352 0.2593360773748663 -0.18900486999461796
v 0.5496648405537488 0.10440507600968149 -0.34393388205478337
v 0.550373837803352 0.2593360773748663 -0.18900486999461796
v 0.4441518490061643 0.08251607487862375 -0.3055358844370618
v 0.4447878454670789 0.22142308275168207 -0.16663287752578404
v 0.35367284015272876 0.04769707540934351 -0.24481386118838933
v 0.4447878454670789 0.22142308275168207 -0.16663287752578404
v 0.4441518490061643 0.08251607487862375 -0.3055358844370618
v 0.4447878454670789 0.22142308275168207 -0.16663287752578404
v 0.35367284015272876 0.04769707540934351 -0.24481386118838933
v 0.3541918401465299 0.16111307661001947 -0.13139787488887456
v 0.6647598300919415 -0.5454429008537027 0.022112124736510242
v 0.5523128365025403 -0.4738029160075876 0.23426812714626644
v 0.5513438437924267 -0.530509910779545 0.02263212450509521
v 0.4465258424029233 -0.4358909346633646 0.21286412900974605
v 0.5513438437924267 -0.530509910779545 0.02263212450509521
v 0.5523128365025403 -0.4738029160075876 0.23426812714626644
v 0.5513438437924267 -0.530509910779545 0.02263212450509521
v 0.4465258424029233 -0.4358909346633646 0.21286412900974605
v 0.4456568364844205 -0.4867339350753519 0.02311612493088099
v 0.355610840474117 -0.375580928521702 0.17846111780693386
v 0.4456568364844205 -0.4867339350753519 0.02311612493088099
v 0.4465258424029233 -0.4358909346633646 0.21286412900974605
v 0.4456568364844205 -0.4867339350753519 0.02311612493088099
v 0.355610840474117 -0.375580928521702 0.17846111780693386
v 0.35490184322451374 -0.4170949377589914 0.02353212483888122
v 0.5523128365025403 -0.4738029160075876 0.23426812714626644
v 0.6647598300919415 -0.5454429008537027 0.022112124736510242
v 0.6657628570542218 -0.4867339350753519 0.2412141246228442
v 0.6657628570542218 -0.4867339350753519 0.2412141246228442
v 0.6647598300919415 -0.5454429008537027 0.022112124736510242
v 0.779143825624931 -0.4738029160075876 0.23322912878086421
v 0.779143825624931 -0.4738029160075876 0.23322912878086421
v 0.6647598300919415 -0.5454429008537027 0.022112124736510242
v 0.7781738196358563 -0.530509910779545 0.021593124742709125
v 0.779143825624931 -0.4738029160075876 0.23322912878086421
v 0.7781738196358563 -0.530509910779545 0.021593124742709125
v 0.8847308312401654 -0.4358909346633646 0.2108571214108691
v 0.8847308312401654 -0.4358909346633646 0.2108571214108691
v 0.7781738196358563 -0.530509910779545 0.021593124742709125
v 0.883861855123985 -0.4867339350753519 0.021109124782584632
v 0.8847308312401654 -0.4358909346633646 0.2108571214108691
v 0.883861855123985 -0.4867339350753519 0.021109124782584632
v 0.9753268514618756 -0.375580928521702 0.1756231320529208
v 0.9753268514618756 -0.375580928521702 0.1756231320529208
v 0.883861855123985 -0.4867339350753519 0.021109124782584632
v 0.9746168409333111 -0.4170949377589914 0.020693124408923114
v 1.0442548547730328 -0.3263369121127817 0.020374125006698097
v 0.9753268514618756 -0.375580928521702 0.1756231320529208
v 0.9746168409333111 -0.4170949377589914 0.020693124408923114
v 0.9753268514618756 -0.375580928521702 0.1756231320529208
v 1.0442548547730328 -0.3263369121127817 0.020374125006698097
v 1.04475583181237 -0.2969839193397257 0.12992512262155864
v -3.1157481516852497 -0.10723391850526068 0.04453012454053017
v -3.1237642611518024 -0.10877992888028357 0.042143124292694054
v -3.115751251126778 -0.10978492279584143 0.04384612492015215
v -3.1237642611518024 -0.10877992888028357 0.042143124292694054
v -3.1157481516852497 -0.10723391850526068 0.04453012454053017
v -3.1237621153845905 -0.10723391850526068 0.042556124876342735
v -3.1237692679419635 -0.10991192539269659 0.041011124986313305
v -3.115751251126778 -0.10978492279584143 0.04384612492015215
v -3.1237642611518024 -0.10877992888028357 0.042143124292694054
v -3.1237621153845905 -0.10723391850526068 0.042556124876342735
v -3.1237692679419635 -0.10991192539269659 0.041011124986313305
v -3.1237642611518024 -0.10877992888028357 0.042143124292694054
v -3.1157600726142047 -0.11165191908414099 0.04197912490656229
v -2.4133381690039752 -0.11275491793687079 0.045773124459289036
v -3.115751251126778 -0.10978492279584143 0.04384612492015215
v -3.115751251126778 -0.10978492279584143 0.04384612492015215
v -3.1237692679419635 -0.10991192539269659 0.041011124986313305
v -3.1157600726142047 -0.11165191908414099 0.04197912490656229
v -2.4133381690039752 -0.11275491793687079 0.045773124459289036
v -3.1157600726142047 -0.11165191908414099 0.04197912490656229
v -2.413356050397408 -0.11679691751534674 0.04173212512125822
v -2.413356050397408 -0.11679691751534674 0.04173212512125822
v -1.6002641762747882 -0.11697592516476843 0.049361124771736584
v -2.4133381690039752 -0.11275491793687079 0.045773124459289036
v -3.1237761820807575 -0.1041409291797373 0.03946512485583874
v -3.1237902487769245 -0.10723391850526068 0.03637212482010575
v -3.1237621153845905 -0.10723391850526068 0.042556124876342735
v -1.6002641762747882 -0.11697592516476843 0.049361124771736584
v -2.413356050397408 -0.11679691751534674 0.04173212512125822
v -1.6002971972479938 -0.1241079189353678 0.042229124481879196
v -1.6002971972479938 -0.1241079189353678 0.042229124481879196
v -0.6720641697898029 -0.13061992009217474 0.06874112612297388
v -1.6002641762747882 -0.11697592516476843 0.049361124771736584
v -3.1237621153845905 -0.10723391850526068 0.042556124876342735
v -3.1237830962195514 -0.10991192539269659 0.03791812448491903
v -3.1237692679419635 -0.10991192539269659 0.041011124986313305
v -3.1237830962195514 -0.10991192539269659 0.03791812448491903
v -3.1237621153845905 -0.10723391850526068 0.042556124876342735
v -3.1237902487769245 -0.10723391850526068 0.03637212482010575
v -0.6720641697898029 -0.13061992009217474 0.06874112612297388
v -1.6002971972479938 -0.1241079189353678 0.042229124481879196
v -0.6721421326651691 -0.1477389254146311 0.05162212452580782
v -0.6721421326651691 -0.1477389254146311 0.05162212452580782
v -0.0852831448569415 -0.1882449307018015 0.0723201242714152
v -0.6720641697898029 -0.13061992009217474 0.06874112612297388
v -0.6721421326651691 -0.1477389254146311 0.05162212452580782
v -0.08549816861296872 -0.20077792485291693 0.025549124597661222
v -0.0852831448569415 -0.1882449307018015 0.0723201242714152
v -1.6002971972479938 -0.1241079189353678 0.042229124481879196
v -0.6722501362815021 -0.1540059216790888 0.028236124685123588
v -0.6721421326651691 -0.1477389254146311 0.05162212452580782
v -0.08549816861296872 -0.20077792485291693 0.025549124597661222
v -0.6721421326651691 -0.1477389254146311 0.05162212452580782
v -0.6722501362815021 -0.1540059216790888 0.028236124685123588
v -0.6722501362815021 -0.1540059216790888 0.028236124685123588
v -1.6002971972479938 -0.1241079189353678 0.042229124481879196
v -1.6003421391501544 -0.12671893020207617 0.032487124807290754
v -2.413356050397408 -0.11679691751534674 0.04173212512125822
v -1.6003421391501544 -0.12671893020207617 0.032487124807290754
v -1.6002971972479938 -0.1241079189353678 0.042229124481879196
v -0.6723571862235187 -0.1477389254146311 0.004850125077269996
v -0.08549816861296872 -0.20077792485291693 0.025549124597661222
v -0.6722501362815021 -0.1540059216790888 0.028236124685123588
v -0.08549816861296872 -0.20077792485291693 0.025549124597661222
v -0.6723571862235187 -0.1477389254146311 0.004850125077269996
v -0.08571214928771237 -0.1882449307018015 -0.021223874625660454
v -1.6003861273779987 -0.1241079189353678 0.02274412489225718
v -0.6722501362815021 -0.1540059216790888 0.028236124685123588
v -1.6003421391501544 -0.12671893020207617 0.032487124807290754
v -0.6722501362815021 -0.1540059216790888 0.028236124685123588
v -1.6003861273779987 -0.1241079189353678 0.02274412489225718
v -0.6723571862235187 -0.1477389254146311 0.004850125077269996
v -1.6003421391501544 -0.12671893020207617 0.032487124807290754
v -2.413356050397408 -0.11679691751534674 0.04173212512125822
v -2.4133810843482135 -0.11827591736848089 0.03621112475832554
v -3.1157600726142047 -0.11165191908414099 0.04197912490656229
v -2.4133810843482135 -0.11827591736848089 0.03621112475832554
v -2.413356050397408 -0.11679691751534674 0.04173212512125822
v -1.6003421391501544 -0.12671893020207617 0.032487124807290754
v -2.413406118299019 -0.11679691751534674 0.030689124737024332
v -1.6003861273779987 -0.1241079189353678 0.02274412489225718
v -2.413406118299019 -0.11679691751534674 0.030689124737024332
v -1.6003421391501544 -0.12671893020207617 0.032487124807290754
v -2.4133810843482135 -0.11827591736848089 0.03621112475832554
v -1.6004191483512042 -0.11697592516476843 0.015612124602399791
v -0.6723571862235187 -0.1477389254146311 0.004850125077269996
v -1.6003861273779987 -0.1241079189353678 0.02274412489225718
v -2.413406118299019 -0.11679691751534674 0.030689124737024332
v -1.6004191483512042 -0.11697592516476843 0.015612124602399791
v -1.6003861273779987 -0.1241079189353678 0.02274412489225718
v -0.6724351490988849 -0.13061992009217474 -0.012268876519896065
v -0.08571214928771237 -0.1882449307018015 -0.021223874625660454
v -0.6723571862235187 -0.1477389254146311 0.004850125077269996
v -0.6723571862235187 -0.1477389254146311 0.004850125077269996
v -1.6004191483512042 -0.11697592516476843 0.015612124602399791
v -0.6724351490988849 -0.13061992009217474 -0.012268876519896065
v -0.08571214928771237 -0.1882449307018015 -0.021223874625660454
v -0.6724351490988849 -0.13061992009217474 -0.012268876519896065
v -0.08586914792205075 -0.1540059216790888 -0.05546187781999258
v -2.4133810843482135 -0.11827591736848089 0.03621112475832554
v -3.1157600726142047 -0.11165191908414099 0.04197912490656229
v -3.115772231961739 -0.11233592708642218 0.03942812434127184
v -3.1237692679419635 -0.10991192539269659 0.041011124986313305
v -3.115772231961739 -0.11233592708642218 0.03942812434127184
v -3.1157600726142047 -0.11165191908414099 0.04197912490656229
v -3.115772231961739 -0.11233592708642218 0.03942812434127184
v -3.1237692679419635 -0.10991192539269659 0.041011124986313305
v -3.1237761820807575 -0.11032692273194525 0.03946512485583874
v -3.1237692679419635 -0.10991192539269659 0.041011124986313305
v -3.1237830962195514 -0.10991192539269659 0.03791812448491903
v -3.1237761820807575 -0.11032692273194525 0.03946512485583874
v -3.1237830962195514 -0.10991192539269659 0.03791812448491903
v -3.115772231961739 -0.11233592708642218 0.03942812434127184
v -3.1237761820807575 -0.11032692273194525 0.03946512485583874
v -3.1157831992163776 -0.11165191908414099 0.03687712470730396
v -2.4133810843482135 -0.11827591736848089 0.03621112475832554
v -3.115772231961739 -0.11233592708642218 0.03942812434127184
v -3.115772231961739 -0.11233592708642218 0.03942812434127184
v -3.1237830962195514 -0.10991192539269659 0.03791812448491903
v -3.1157831992163776 -0.11165191908414099 0.03687712470730396
v -2.4133810843482135 -0.11827591736848089 0.03621112475832554
v -3.1157831992163776 -0.11165191908414099 0.03687712470730396
v -2.413406118299019 -0.11679691751534674 0.030689124737024332
v -3.1237881030097125 -0.10877992888028357 0.036786124712877
v -3.1157831992163776 -0.11165191908414099 0.03687712470730396
v -3.1237830962195514 -0.10991192539269659 0.03791812448491903
v -3.1237830962195514 -0.10991192539269659 0.03791812448491903
v -3.1237902487769245 -0.10723391850526068 0.03637212482010575
v -3.1237881030097125 -0.10877992888028357 0.036786124712877
v -3.1157922591223834 -0.10978492279584143 0.035009124918930254
v -2.413406118299019 -0.11679691751534674 0.030689124737024332
v -3.1157831992163776 -0.11165191908414099 0.03687712470730396
v -3.1157831992163776 -0.11165191908414099 0.03687712470730396
v -3.1237881030097125 -0.10877992888028357 0.036786124712877
v -3.1157922591223834 -0.10978492279584143 0.035009124918930254
v -2.413406118299019 -0.11679691751534674 0.030689124737024332
v -3.1157922591223834 -0.10978492279584143 0.035009124918930254
v -2.4134251917853473 -0.11275491793687079 0.026648124816916908
v -2.4134251917853473 -0.11275491793687079 0.026648124816916908
v -1.6004191483512042 -0.11697592516476843 0.015612124602399791
v -2.413406118299019 -0.11679691751534674 0.030689124737024332
v -3.1237881030097125 -0.10877992888028357 0.036786124712877
v -3.1157951201453327 -0.10723391850526068 0.0343261246076748
v -3.1157922591223834 -0.10978492279584143 0.035009124918930254
v -3.1157951201453327 -0.10723391850526068 0.0343261246076748
v -3.1237881030097125 -0.10877992888028357 0.036786124712877
v -3.1237902487769245 -0.10723391850526068 0.03637212482010575
v -3.1157922591223834 -0.10978492279584143 0.035009124918930254
v -2.4134321059241413 -0.10723391850526068 0.025168124723337616
v -2.4134251917853473 -0.11275491793687079 0.026648124816916908
v -2.4134321059241413 -0.10723391850526068 0.025168124723337616
v -3.1157922591223834 -0.10978492279584143 0.035009124918930254
v -3.1157951201453327 -0.10723391850526068 0.0343261246076748
v -2.4134251917853473 -0.11275491793687079 0.026648124816916908
v -1.6004311884894489 -0.10723391850526068 0.013002123820684875
v -1.6004191483512042 -0.11697592516476843 0.015612124602399791
v -1.6004311884894489 -0.10723391850526068 0.013002123820684875
v -2.4134251917853473 -0.11275491793687079 0.026648124816916908
v -2.4134321059241413 -0.10723391850526068 0.025168124723337616
v -0.6724641765608905 -0.10723391850526068 -0.01853487440655378
v -1.6004191483512042 -0.11697592516476843 0.015612124602399791
v -1.6004311884894489 -0.10723391850526068 0.013002123820684875
v -1.6004191483512042 -0.11697592516476843 0.015612124602399791
v -0.6724641765608905 -0.10723391850526068 -0.01853487440655378
v -0.6724351490988849 -0.13061992009217474 -0.012268876519896065
v -1.6004191483512042 -0.09749092091853354 0.015612124602399791
v -0.6724641765608905 -0.10723391850526068 -0.01853487440655378
v -1.6004311884894489 -0.10723391850526068 0.013002123820684875
v -2.4134251917853473 -0.10171292652423117 0.026648124816916908
v -1.6004311884894489 -0.10723391850526068 0.013002123820684875
v -2.4134321059241413 -0.10723391850526068 0.025168124723337616
v -1.6004311884894489 -0.10723391850526068 0.013002123820684875
v -2.4134251917853473 -0.10171292652423117 0.026648124816916908
v -1.6004191483512042 -0.09749092091853354 0.015612124602399791
v -3.1157922591223834 -0.10468292911584112 0.035009124918930254
v -2.4134321059241413 -0.10723391850526068 0.025168124723337616
v -3.1157951201453327 -0.10723391850526068 0.0343261246076748
v -2.4134321059241413 -0.10723391850526068 0.025168124723337616
v -3.1157922591223834 -0.10468292911584112 0.035009124918930254
v -2.4134251917853473 -0.10171292652423117 0.026648124816916908
v -3.1157951201453327 -0.10723391850526068 0.0343261246076748
v -3.1237881030097125 -0.105686924653599 0.036786124712877
v -3.1157922591223834 -0.10468292911584112 0.035009124918930254
v -3.1237881030097125 -0.105686924653599 0.036786124712877
v -3.1157951201453327 -0.10723391850526068 0.0343261246076748
v -3.1237902487769245 -0.10723391850526068 0.03637212482010575
v -3.1157831992163776 -0.10281491954858038 0.03687712470730396
v -2.4134251917853473 -0.10171292652423117 0.026648124816916908
v -3.1157922591223834 -0.10468292911584112 0.035009124918930254
v -3.1157922591223834 -0.10468292911584112 0.035009124918930254
v -3.1237881030097125 -0.105686924653599 0.036786124712877
v -3.1157831992163776 -0.10281491954858038 0.03687712470730396
v -3.1237902487769245 -0.10723391850526068 0.03637212482010575
v -3.1237830962195514 -0.10455492814118597 0.03791812448491903
v -3.1237881030097125 -0.105686924653599 0.036786124712877
v -3.1237830962195514 -0.10455492814118597 0.03791812448491903
v -3.1157831992163776 -0.10281491954858038 0.03687712470730396
v -3.1237881030097125 -0.105686924653599 0.036786124712877
v -3.1237902487769245 -0.10723391850526068 0.03637212482010575
v -3.1237761820807575 -0.1041409291797373 0.03946512485583874
v -3.1237830962195514 -0.10455492814118597 0.03791812448491903
v -3.1237761820807575 -0.1041409291797373 0.03946512485583874
v -3.115772231961739 -0.10213192482526037 0.03942812434127184
v -3.1237830962195514 -0.10455492814118597 0.03791812448491903
v -3.1157831992163776 -0.10281491954858038 0.03687712470730396
v -3.1237830962195514 -0.10455492814118597 0.03791812448491903
v -3.115772231961739 -0.10213192482526037 0.03942812434127184
v -3.115772231961739 -0.10213192482526037 0.03942812434127184
v -2.4133810843482135 -0.09619092126424048 0.03621112475832554
v -3.1157831992163776 -0.10281491954858038 0.03687712470730396
v -2.4134251917853473 -0.10171292652423117 0.026648124816916908
v -3.1157831992163776 -0.10281491954858038 0.03687712470730396
v -2.413406118299019 -0.09767092694575522 0.030689124737024332
v -2.413406118299019 -0.09767092694575522 0.030689124737024332
v -3.1157831992163776 -0.10281491954858038 0.03687712470730396
v -2.4133810843482135 -0.09619092126424048 0.03621112475832554
v -2.413406118299019 -0.09767092694575522 0.030689124737024332
v -1.6004191483512042 -0.09749092091853354 0.015612124602399791
v -2.4134251917853473 -0.10171292652423117 0.026648124816916908
v -2.4133810843482135 -0.09619092126424048 0.03621112475832554
v -1.6003421391501544 -0.08774892170960638 0.032487124807290754
v -2.413406118299019 -0.09767092694575522 0.030689124737024332
v -1.6003861273779987 -0.09035892714793417 0.02274412489225718
v -2.413406118299019 -0.09767092694575522 0.030689124737024332
v -1.6003421391501544 -0.08774892170960638 0.032487124807290754
v -1.6004191483512042 -0.09749092091853354 0.015612124602399791
v -2.413406118299019 -0.09767092694575522 0.030689124737024332
v -1.6003861273779987 -0.09035892714793417 0.02274412489225718
v -1.6003421391501544 -0.08774892170960638 0.032487124807290754
v -0.6722501362815021 -0.06046192278201315 0.028236124685123588
v -1.6003861273779987 -0.09035892714793417 0.02274412489225718
v -0.6723571862235187 -0.06672792066867086 0.004850125077269996
v -1.6003861273779987 -0.09035892714793417 0.02274412489225718
v -0.6722501362815021 -0.06046192278201315 0.028236124685123588
v -1.6003861273779987 -0.09035892714793417 0.02274412489225718
v -0.6723571862235187 -0.06672792066867086 0.004850125077269996
v -1.6004191483512042 -0.09749092091853354 0.015612124602399791
v -0.6722501362815021 -0.06046192278201315 0.028236124685123588
v -0.08549816861296872 -0.013688924955675336 0.025549124597661222
v -0.6723571862235187 -0.06672792066867086 0.004850125077269996
v -0.6724351490988849 -0.08384792436892721 -0.012268876519896065
v -1.6004191483512042 -0.09749092091853354 0.015612124602399791
v -0.6723571862235187 -0.06672792066867086 0.004850125077269996
v -0.6724641765608905 -0.10723391850526068 -0.01853487440655378
v -1.6004191483512042 -0.09749092091853354 0.015612124602399791
v -0.6724351490988849 -0.08384792436892721 -0.012268876519896065
v -0.08571214928771237 -0.02622192283208105 -0.021223874625660454
v -0.6723571862235187 -0.06672792066867086 0.004850125077269996
v -0.08549816861296872 -0.013688924955675336 0.025549124597661222
v -0.08549816861296872 -0.013688924955675336 0.025549124597661222
v 0.24055884264861366 0.08228407497470644 0.02405512486314031
v -0.08571214928771237 -0.02622192283208105 -0.021223874625660454
v -0.6723571862235187 -0.06672792066867086 0.004850125077269996
v -0.08586914792205075 -0.06046192278201315 -0.05546187781999258
v -0.6724351490988849 -0.08384792436892721 -0.012268876519896065
v -0.08586914792205075 -0.06046192278201315 -0.05546187781999258
v -0.6723571862235187 -0.06672792066867086 0.004850125077269996
v -0.08571214928771237 -0.02622192283208105 -0.021223874625660454
v -0.6724351490988849 -0.08384792436892721 -0.012268876519896065
v -0.08592615976477841 -0.10723391850526068 -0.067994871971108
v -0.6724641765608905 -0.10723391850526068 -0.01853487440655378
v -0.08592615976477841 -0.10723391850526068 -0.067994871971108
v -0.6724351490988849 -0.08384792436892721 -0.012268876519896065
v -0.08586914792205075 -0.06046192278201315 -0.05546187781999258
v -0.08592615976477841 -0.10723391850526068 -0.067994871971108
v -0.6724351490988849 -0.13061992009217474 -0.012268876519896065
v -0.6724641765608905 -0.10723391850526068 -0.01853487440655378
v -0.6724351490988849 -0.13061992009217474 -0.012268876519896065
v -0.08592615976477841 -0.10723391850526068 -0.067994871971108
v -0.08586914792205075 -0.1540059216790888 -0.05546187781999258
v 0.23969084255849143 -0.10723391850526068 -0.16546186977336552
v -0.08586914792205075 -0.1540059216790888 -0.05546187781999258
v -0.08592615976477841 -0.10723391850526068 -0.067994871971108
v -0.08586914792205075 -0.06046192278201315 -0.05546187781999258
v 0.23969084255849143 -0.10723391850526068 -0.16546186977336552
v -0.08592615976477841 -0.10723391850526068 -0.067994871971108
v 0.23969084255849143 -0.10723391850526068 -0.16546186977336552
v -0.08586914792205075 -0.06046192278201315 -0.05546187781999258
v 0.2398068425104501 -0.012474923627922269 -0.1400698738665357
v -0.08571214928771237 -0.02622192283208105 -0.021223874625660454
v 0.2398068425104501 -0.012474923627922269 -0.1400698738665357
v -0.08586914792205075 -0.06046192278201315 -0.05546187781999258
v 0.2398068425104501 -0.012474923627922269 -0.1400698738665357
v 0.3534828428969266 -0.10723391850526068 -0.2863248603911176
v 0.23969084255849143 -0.10723391850526068 -0.16546186977336552
v 0.3534828428969266 -0.10723391850526068 -0.2863248603911176
v 0.2398068425104501 -0.012474923627922269 -0.1400698738665357
v 0.35367284015272876 0.04769707540934351 -0.24481386118838933
v 0.2398068425104501 -0.012474923627922269 -0.1400698738665357
v -0.08571214928771237 -0.02622192283208105 -0.021223874625660454
v 0.24012484260355255 0.05689407582347658 -0.07070387327382711
v 0.24012484260355255 0.05689407582347658 -0.07070387327382711
v 0.35367284015272876 0.04769707540934351 -0.24481386118838933
v 0.2398068425104501 -0.012474923627922269 -0.1400698738665357
v 0.24012484260355255 0.05689407582347658 -0.07070387327382711
v -0.08571214928771237 -0.02622192283208105 -0.021223874625660454
v 0.24055884264861366 0.08228407497470644 0.02405512486314031
v 0.35367284015272876 0.04769707540934351 -0.24481386118838933
v 0.24012484260355255 0.05689407582347658 -0.07070387327382711
v 0.3541918401465299 0.16111307661001947 -0.13139787488887456
v 0.35490184322451374 0.2026270709461477 0.02353212483888122
v 0.24012484260355255 0.05689407582347658 -0.07070387327382711
v 0.24055884264861366 0.08228407497470644 0.02405512486314031
v 0.3541918401465299 0.16111307661001947 -0.13139787488887456
v 0.24012484260355255 0.05689407582347658 -0.07070387327382711
v 0.35490184322451374 0.2026270709461477 0.02353212483888122
v 0.23969084255849143 -0.10723391850526068 -0.16546186977336552
v 0.35367284015272876 -0.26216392894322604 -0.24481386118838933
v 0.2398068425104501 -0.20199292083317968 -0.1400698738665357
v 0.3541918401465299 -0.375580928521702 -0.13139787488887456
v 0.2398068425104501 -0.20199292083317968 -0.1400698738665357
v 0.35367284015272876 -0.26216392894322604 -0.24481386118838933
v 0.35367284015272876 -0.26216392894322604 -0.24481386118838933
v 0.23969084255849143 -0.10723391850526068 -0.16546186977336552
v 0.3534828428969266 -0.10723391850526068 -0.2863248603911176
v 0.2398068425104501 -0.20199292083317968 -0.1400698738665357
v 0.3541918401465299 -0.375580928521702 -0.13139787488887456
v 0.24012484260355255 -0.2713619091087076 -0.07070287489602713
v 0.35490184322451374 -0.4170949377589914 0.02353212483888122
v 0.24012484260355255 -0.2713619091087076 -0.07070287489602713
v 0.3541918401465299 -0.375580928521702 -0.13139787488887456
v 0.24012484260355255 -0.2713619091087076 -0.07070287489602713
v 0.35490184322451374 -0.4170949377589914 0.02353212483888122
v 0.24055884264861366 -0.29675193806225986 0.02405512486314031
v -0.08571214928771237 -0.1882449307018015 -0.021223874625660454
v 0.2398068425104501 -0.20199292083317968 -0.1400698738665357
v 0.24012484260355255 -0.2713619091087076 -0.07070287489602713
v 0.24055884264861366 -0.29675193806225986 0.02405512486314031
v -0.08571214928771237 -0.1882449307018015 -0.021223874625660454
v 0.24012484260355255 -0.2713619091087076 -0.07070287489602713
v 0.355610840474117 -0.375580928521702 0.17846111780693386
v 0.24055884264861366 -0.29675193806225986 0.02405512486314031
v 0.35490184322451374 -0.4170949377589914 0.02353212483888122
v -0.08586914792205075 -0.1540059216790888 -0.05546187781999258
v 0.2398068425104501 -0.20199292083317968 -0.1400698738665357
v -0.08571214928771237 -0.1882449307018015 -0.021223874625660454
v -0.08586914792205075 -0.1540059216790888 -0.05546187781999258
v 0.23969084255849143 -0.10723391850526068 -0.16546186977336552
v 0.2398068425104501 -0.20199292083317968 -0.1400698738665357
v 0.24055884264861366 -0.29675193806225986 0.02405512486314031
v 0.355610840474117 -0.375580928521702 0.17846111780693386
v 0.24099284269367477 -0.27135991235310764 0.11881312555363031
v 0.3561308462962987 -0.26216392894322604 0.2918771190076098
v 0.24099284269367477 -0.27135991235310764 0.11881312555363031
v 0.355610840474117 -0.375580928521702 0.17846111780693386
v 0.24099284269367477 -0.27135991235310764 0.11881312555363031
v 0.3561308462962987 -0.26216392894322604 0.2918771190076098
v 0.24131084278677722 -0.20199292083317968 0.1881811303525195
v 0.3561308462962987 -0.26216392894322604 0.2918771190076098
v 0.24142684273873588 -0.10723391850526068 0.21357112950374935
v 0.24131084278677722 -0.20199292083317968 0.1881811303525195
v 0.3561308462962987 -0.26216392894322604 0.2918771190076098
v 0.35632084355210086 -0.10723391850526068 0.3333881182103381
v 0.24142684273873588 -0.10723391850526068 0.21357112950374935
v -0.0851271595015643 -0.1540059216790888 0.1065601242213473
v 0.24099284269367477 -0.27135991235310764 0.11881312555363031
v 0.24131084278677722 -0.20199292083317968 0.1881811303525195
v 0.24142684273873588 -0.10723391850526068 0.21357112950374935
v -0.0851271595015643 -0.1540059216790888 0.1065601242213473
v 0.24131084278677722 -0.20199292083317968 0.1881811303525195
v -0.0852831448569415 -0.1882449307018015 0.0723201242714152
v 0.24055884264861366 -0.29675193806225986 0.02405512486314031
v 0.24099284269367477 -0.27135991235310764 0.11881312555363031
v -0.0852831448569415 -0.1882449307018015 0.0723201242714152
v 0.24099284269367477 -0.27135991235310764 0.11881312555363031
v -0.0851271595015643 -0.1540059216790888 0.1065601242213473
v 0.24055884264861366 -0.29675193806225986 0.02405512486314031
v -0.0852831448569415 -0.1882449307018015 0.0723201242714152
v -0.08549816861296872 -0.20077792485291693 0.025549124597661222
v -0.08571214928771237 -0.1882449307018015 -0.021223874625660454
v 0.24055884264861366 -0.29675193806225986 0.02405512486314031
v -0.08549816861296872 -0.20077792485291693 0.025549124597661222
v -0.6720641697898029 -0.13061992009217474 0.06874112612297388
v -0.0852831448569415 -0.1882449307018015 0.0723201242714152
v -0.0851271595015643 -0.1540059216790888 0.1065601242213473
v 0.35632084355210086 -0.10723391850526068 0.3333881182103381
v 0.24131084278677722 -0.012474923627922269 0.1881811303525195
v 0.24142684273873588 -0.10723391850526068 0.21357112950374935
v 0.24131084278677722 -0.012474923627922269 0.1881811303525195
v 0.35632084355210086 -0.10723391850526068 0.3333881182103381
v 0.3561308462962987 0.04769707540934351 0.2918771190076098
v -0.0851271595015643 -0.1540059216790888 0.1065601242213473
v 0.24142684273873588 -0.10723391850526068 0.21357112950374935
v -0.08506916418219784 -0.10723391850526068 0.11909212744524332
v -0.08506916418219784 -0.10723391850526068 0.11909212744524332
v -0.6720641697898029 -0.13061992009217474 0.06874112612297388
v -0.0851271595015643 -0.1540059216790888 0.1065601242213473
v -0.0851271595015643 -0.06046192278201315 0.1065591258435473
v 0.24142684273873588 -0.10723391850526068 0.21357112950374935
v 0.24131084278677722 -0.012474923627922269 0.1881811303525195
v 0.24142684273873588 -0.10723391850526068 0.21357112950374935
v -0.0851271595015643 -0.06046192278201315 0.1065591258435473
v -0.08506916418219784 -0.10723391850526068 0.11909212744524332
v 0.3561308462962987 0.04769707540934351 0.2918771190076098
v 0.24099284269367477 0.05689407582347658 0.11881312555363031
v 0.24131084278677722 -0.012474923627922269 0.1881811303525195
v 0.24099284269367477 0.05689407582347658 0.11881312555363031
v 0.3561308462962987 0.04769707540934351 0.2918771190076098
v 0.355610840474117 0.16111307661001947 0.17846111780693386
v 0.35490184322451374 0.2026270709461477 0.02353212483888122
v 0.24099284269367477 0.05689407582347658 0.11881312555363031
v 0.355610840474117 0.16111307661001947 0.17846111780693386
v 0.24099284269367477 0.05689407582347658 0.11881312555363031
v 0.35490184322451374 0.2026270709461477 0.02353212483888122
v 0.24055884264861366 0.08228407497470644 0.02405512486314031
v -0.0852831448569415 -0.02622192283208105 0.0723201242714152
v 0.24131084278677722 -0.012474923627922269 0.1881811303525195
v 0.24099284269367477 0.05689407582347658 0.11881312555363031
v 0.24055884264861366 0.08228407497470644 0.02405512486314031
v -0.0852831448569415 -0.02622192283208105 0.0723201242714152
v 0.24099284269367477 0.05689407582347658 0.11881312555363031
v -0.0851271595015643 -0.06046192278201315 0.1065591258435473
v 0.24131084278677722 -0.012474923627922269 0.1881811303525195
v -0.0852831448569415 -0.02622192283208105 0.0723201242714152
v -0.0852831448569415 -0.02622192283208105 0.0723201242714152
v 0.24055884264861366 0.08228407497470644 0.02405512486314031
v -0.08549816861296872 -0.013688924955675336 0.025549124597661222
v -0.08549816861296872 -0.013688924955675336 0.025549124597661222
v -0.6721421326651691 -0.06672792066867086 0.05162212452580782
v -0.0852831448569415 -0.02622192283208105 0.0723201242714152
v -0.6721421326651691 -0.06672792066867086 0.05162212452580782
v -0.0851271595015643 -0.06046192278201315 0.1065591258435473
v -0.0852831448569415 -0.02622192283208105 0.0723201242714152
v -0.6721421326651691 -0.06672792066867086 0.05162212452580782
v -0.08549816861296872 -0.013688924955675336 0.025549124597661222
v -0.6722501362815021 -0.06046192278201315 0.028236124685123588
v -0.6720641697898029 -0.08384792436892721 0.06874112612297388
v -0.0851271595015643 -0.06046192278201315 0.1065591258435473
v -0.6721421326651691 -0.06672792066867086 0.05162212452580782
v -0.6720641697898029 -0.08384792436892721 0.06874112612297388
v -0.08506916418219784 -0.10723391850526068 0.11909212744524332
v -0.0851271595015643 -0.06046192278201315 0.1065591258435473
v -0.6722501362815021 -0.06046192278201315 0.028236124685123588
v -1.6002971972479938 -0.09035892714793417 0.042229124481879196
v -0.6721421326651691 -0.06672792066867086 0.05162212452580782
v -1.6002971972479938 -0.09035892714793417 0.042229124481879196
v -0.6720641697898029 -0.08384792436892721 0.06874112612297388
v -0.6721421326651691 -0.06672792066867086 0.05162212452580782
v -1.6002971972479938 -0.09035892714793417 0.042229124481879196
v -0.6722501362815021 -0.06046192278201315 0.028236124685123588
v -1.6003421391501544 -0.08774892170960638 0.032487124807290754
v -0.08506916418219784 -0.10723391850526068 0.11909212744524332
v -0.6720641697898029 -0.08384792436892721 0.06874112612297388
v -0.6720351423277973 -0.10723391850526068 0.07500812611272188
v -1.6002641762747882 -0.09749092091853354 0.049361124771736584
v -0.6720641697898029 -0.08384792436892721 0.06874112612297388
v -1.6002971972479938 -0.09035892714793417 0.042229124481879196
v -1.6002641762747882 -0.09749092091853354 0.049361124771736584
v -0.6720351423277973 -0.10723391850526068 0.07500812611272188
v -0.6720641697898029 -0.08384792436892721 0.06874112612297388
v -1.6003421391501544 -0.08774892170960638 0.032487124807290754
v -2.413356050397408 -0.09767092694575522 0.04173212512125822
v -1.6002971972479938 -0.09035892714793417 0.042229124481879196
v -2.413356050397408 -0.09767092694575522 0.04173212512125822
v -1.6002641762747882 -0.09749092091853354 0.049361124771736584
v -1.6002971972479938 -0.09035892714793417 0.042229124481879196
v -2.413356050397408 -0.09767092694575522 0.04173212512125822
v -1.6003421391501544 -0.08774892170960638 0.032487124807290754
v -2.4133810843482135 -0.09619092126424048 0.03621112475832554
v -0.6720641697898029 -0.13061992009217474 0.06874112612297388
v -0.08506916418219784 -0.10723391850526068 0.11909212744524332
v -0.6720351423277973 -0.10723391850526068 0.07500812611272188
v -2.4133810843482135 -0.09619092126424048 0.03621112475832554
v -3.1157600726142047 -0.10281491954858038 0.04197912490656229
v -2.413356050397408 -0.09767092694575522 0.04173212512125822
v -3.1157600726142047 -0.10281491954858038 0.04197912490656229
v -2.4133810843482135 -0.09619092126424048 0.03621112475832554
v -3.115772231961739 -0.10213192482526037 0.03942812434127184
v -2.4133381690039752 -0.10171292652423117 0.045773124459289036
v -1.6002641762747882 -0.09749092091853354 0.049361124771736584
v -2.413356050397408 -0.09767092694575522 0.04173212512125822
v -3.1157600726142047 -0.10281491954858038 0.04197912490656229
v -2.4133381690039752 -0.10171292652423117 0.045773124459289036
v -2.413356050397408 -0.09767092694575522 0.04173212512125822
v -0.6720351423277973 -0.10723391850526068 0.07500812611272188
v -1.6002641762747882 -0.09749092091853354 0.049361124771736584
v -1.6002521361365436 -0.10723391850526068 0.051971124622128925
v -2.4133381690039752 -0.10171292652423117 0.045773124459289036
v -1.6002521361365436 -0.10723391850526068 0.051971124622128925
v -1.6002641762747882 -0.09749092091853354 0.049361124771736584
v -0.6720351423277973 -0.10723391850526068 0.07500812611272188
v -1.6002641762747882 -0.11697592516476843 0.049361124771736584
v -0.6720641697898029 -0.13061992009217474 0.06874112612297388
v -1.6002641762747882 -0.11697592516476843 0.049361124771736584
v -0.6720351423277973 -0.10723391850526068 0.07500812611272188
v -1.6002521361365436 -0.10723391850526068 0.051971124622128925
v -3.115772231961739 -0.10213192482526037 0.03942812434127184
v -3.1237692679419635 -0.10455492814118597 0.041011124986313305
v -3.1157600726142047 -0.10281491954858038 0.04197912490656229
v -3.1237692679419635 -0.10455492814118597 0.041011124986313305
v -3.115772231961739 -0.10213192482526037 0.03942812434127184
v -3.1237761820807575 -0.1041409291797373 0.03946512485583874
v -3.115751251126778 -0.10468292911584112 0.04384612492015215
v -2.4133381690039752 -0.10171292652423117 0.045773124459289036
v -3.1157600726142047 -0.10281491954858038 0.04197912490656229
v -3.1237692679419635 -0.10455492814118597 0.041011124986313305
v -3.115751251126778 -0.10468292911584112 0.04384612492015215
v -3.1157600726142047 -0.10281491954858038 0.04197912490656229
v -1.6002521361365436 -0.10723391850526068 0.051971124622128925
v -2.4133381690039752 -0.10171292652423117 0.045773124459289036
v -2.4133312548651813 -0.10723391850526068 0.04725312455286833
v -3.115751251126778 -0.10468292911584112 0.04384612492015215
v -2.4133312548651813 -0.10723391850526068 0.04725312455286833
v -2.4133381690039752 -0.10171292652423117 0.045773124459289036
v -3.115751251126778 -0.10468292911584112 0.04384612492015215
v -3.1237692679419635 -0.10455492814118597 0.041011124986313305
v -3.1237642611518024 -0.105686924653599 0.042143124292694054
v -2.4133381690039752 -0.11275491793687079 0.045773124459289036
v -1.6002521361365436 -0.10723391850526068 0.051971124622128925
v -2.4133312548651813 -0.10723391850526068 0.04725312455286833
v -1.6002521361365436 -0.10723391850526068 0.051971124622128925
v -2.4133381690039752 -0.11275491793687079 0.045773124459289036
v -1.6002641762747882 -0.11697592516476843 0.049361124771736584
v -2.4133312548651813 -0.10723391850526068 0.04725312455286833
v -3.115751251126778 -0.10468292911584112 0.04384612492015215
v -3.1157481516852497 -0.10723391850526068 0.04453012454053017
v -3.1237642611518024 -0.105686924653599 0.042143124292694054
v -3.1157481516852497 -0.10723391850526068 0.04453012454053017
v -3.115751251126778 -0.10468292911584112 0.04384612492015215
v -3.1237761820807575 -0.1041409291797373 0.03946512485583874
v -3.1237642611518024 -0.105686924653599 0.042143124292694054
v -3.1237692679419635 -0.10455492814118597 0.041011124986313305
v -3.115751251126778 -0.10978492279584143 0.04384612492015215
v -2.4133312548651813 -0.10723391850526068 0.04725312455286833
v -3.1157481516852497 -0.10723391850526068 0.04453012454053017
v -2.4133312548651813 -0.10723391850526068 0.04725312455286833
v -3.115751251126778 -0.10978492279584143 0.04384612492015215
v -2.4133381690039752 -0.11275491793687079 0.045773124459289036
v -3.1157481516852497 -0.10723391850526068 0.04453012454053017
v -3.1237642611518024 -0.105686924653599 0.042143124292694054
v -3.1237621153845905 -0.10723391850526068 0.042556124876342735
v -3.1237642611518024 -0.105686924653599 0.042143124292694054
v -3.1237761820807575 -0.1041409291797373 0.03946512485583874
v -3.1237621153845905 -0.10723391850526068 0.042556124876342735
vt 0.5 0.8333330154418945
vt 0.41666701436042786 0.9166669845581055
vt 0.41666701436042786 0.8333330154418945
vt 0.41666701436042786 0.9166669845581055
vt 0.5 0.8333330154418945
vt 0.5 0.9166669845581055
vt 0.5 0.9166669845581055
vt 0.45833298563957214 1
vt 0.41666701436042786 0.9166669845581055
vt 0.41666701436042786 0.5
vt 0.33333298563957214 0.41666701436042786
vt 0.41666701436042786 0.41666701436042786
vt 0.33333298563957214 0.33333298563957214
vt 0.41666701436042786 0.41666701436042786
vt 0.33333298563957214 0.41666701436042786
vt 0.41666701436042786 0.41666701436042786
vt 0.33333298563957214 0.33333298563957214
vt 0.41666701436042786 0.33333298563957214
vt 0.33333298563957214 0.25
vt 0.41666701436042786 0.33333298563957214
vt 0.33333298563957214 0.33333298563957214
vt 0.41666701436042786 0.33333298563957214
vt 0.33333298563957214 0.25
vt 0.41666701436042786 0.25
vt 0.33333298563957214 0.41666701436042786
vt 0.41666701436042786 0.5
vt 0.33333298563957214 0.5
vt 0.33333298563957214 0.5833330154418945
vt 0.33333298563957214 0.5
vt 0.41666701436042786 0.5
vt 0.33333298563957214 0.5833330154418945
vt 0.41666701436042786 0.5
vt 0.41666701436042786 0.5833330154418945
vt 0.33333298563957214 0.6666669845581055
vt 0.33333298563957214 0.5833330154418945
vt 0.41666701436042786 0.5833330154418945
vt 0.33333298563957214 0.6666669845581055
vt 0.41666701436042786 0.5833330154418945
vt 0.41666701436042786 0.6666669845581055
vt 0.41666701436042786 0.6666669845581055
vt 0.33333298563957214 0.75
vt 0.33333298563957214 0.6666669845581055
vt 0.33333298563957214 0.75
vt 0.41666701436042786 0.6666669845581055
vt 0.41666701436042786 0.75
vt 0.41666701436042786 0.8333330154418945
vt 0.33333298563957214 0.75
vt 0.41666701436042786 0.75
vt 0.33333298563957214 0.75
vt 0.41666701436042786 0.8333330154418945
vt 0.33333298563957214 0.8333330154418945
vt 0.41666701436042786 0.8333330154418945
vt 0.33333298563957214 0.9166669845581055
vt 0.33333298563957214 0.8333330154418945
vt 0.33333298563957214 0.9166669845581055
vt 0.41666701436042786 0.8333330154418945
vt 0.41666701436042786 0.9166669845581055
vt 0.41666701436042786 0.9166669845581055
vt 0.375 1
vt 0.33333298563957214 0.9166669845581055
vt 0.33333298563957214 0.5833330154418945
vt 0.25 0.5
vt 0.33333298563957214 0.5
vt 0.25 0.5
vt 0.33333298563957214 0.41666701436042786
vt 0.33333298563957214 0.5
vt 0.25 0.5
vt 0.33333298563957214 0.5833330154418945
vt 0.25 0.5833330154418945
vt 0.33333298563957214 0.6666669845581055
vt 0.25 0.5833330154418945
vt 0.33333298563957214 0.5833330154418945
vt 0.25 0.5833330154418945
vt 0.33333298563957214 0.6666669845581055
vt 0.25 0.6666669845581055
vt 0.33333298563957214 0.75
vt 0.25 0.6666669845581055
vt 0.33333298563957214 0.6666669845581055
vt 0.25 0.6666669845581055
vt 0.33333298563957214 0.75
vt 0.25 0.75
vt 0.33333298563957214 0.8333330154418945
vt 0.25 0.75
vt 0.33333298563957214 0.75
vt 0.25 0.75
vt 0.33333298563957214 0.8333330154418945
vt 0.25 0.8333330154418945
vt 0.33333298563957214 0.9166669845581055
vt 0.25 0.8333330154418945
vt 0.33333298563957214 0.8333330154418945
vt 0.25 0.8333330154418945
vt 0.33333298563957214 0.9166669845581055
vt 0.25 0.9166669845581055
vt 0.33333298563957214 0.9166669845581055
vt 0.29166701436042786 1
vt 0.25 0.9166669845581055
vt 0.25 0.41666701436042786
vt 0.33333298563957214 0.41666701436042786
vt 0.25 0.5
vt 0.25 0.41666701436042786
vt 0.33333298563957214 0.33333298563957214
vt 0.33333298563957214 0.41666701436042786
vt 0.25 0.41666701436042786
vt 0.25 0.33333298563957214
vt 0.33333298563957214 0.33333298563957214
vt 0.25 0.33333298563957214
vt 0.33333298563957214 0.25
vt 0.33333298563957214 0.33333298563957214
vt 0.25 0.33333298563957214
vt 0.25 0.25
vt 0.33333298563957214 0.25
vt 0.9166669845581055 0.41666701436042786
vt 1 0.5
vt 0.9166669845581055 0.5
vt 1 0.5
vt 0.9166669845581055 0.5833330154418945
vt 0.9166669845581055 0.5
vt 1 0.5
vt 0.9166669845581055 0.41666701436042786
vt 1 0.41666701436042786
vt 0.9166669845581055 0.5833330154418945
vt 1 0.5
vt 1 0.5833330154418945
vt 0.9166669845581055 0.33333298563957214
vt 1 0.41666701436042786
vt 0.9166669845581055 0.41666701436042786
vt 1 0.5833330154418945
vt 0.9166669845581055 0.6666669845581055
vt 0.9166669845581055 0.5833330154418945
vt 1 0.41666701436042786
vt 0.9166669845581055 0.33333298563957214
vt 1 0.33333298563957214
vt 0.9166669845581055 0.25
vt 1 0.33333298563957214
vt 0.9166669845581055 0.33333298563957214
vt 1 0.33333298563957214
vt 0.9166669845581055 0.25
vt 1 0.25
vt 1 0.6666669845581055
vt 0.9166669845581055 0.6666669845581055
vt 1 0.5833330154418945
vt 0.9166669845581055 0.6666669845581055
vt 1 0.6666669845581055
vt 0.9166669845581055 0.75
vt 0.9166669845581055 0.75
vt 1 0.6666669845581055
vt 1 0.75
vt 1 0.8333330154418945
vt 0.9166669845581055 0.75
vt 1 0.75
vt 0.9166669845581055 0.75
vt 1 0.8333330154418945
vt 0.9166669845581055 0.8333330154418945
vt 0.9166669845581055 0.8333330154418945
vt 1 0.8333330154418945
vt 0.9166669845581055 0.9166669845581055
vt 0.9166669845581055 0.9166669845581055
vt 1 0.8333330154418945
vt 1 0.9166669845581055
vt 1 0.9166669845581055
vt 0.9583330154418945 1
vt 0.9166669845581055 0.9166669845581055
vt 0.08333300054073334 0.5833330154418945
vt 0 0.5
vt 0.08333300054073334 0.5
vt 0.08333300054073334 0.5
vt 0 0.5
vt 0.08333300054073334 0.41666701436042786
vt 0 0.5
vt 0.08333300054073334 0.5833330154418945
vt 0 0.5833330154418945
vt 0.08333300054073334 0.41666701436042786
vt 0 0.5
vt 0 0.41666701436042786
vt 0.08333300054073334 0.6666669845581055
vt 0 0.5833330154418945
vt 0.08333300054073334 0.5833330154418945
vt 0.08333300054073334 0.41666701436042786
vt 0 0.41666701436042786
vt 0.08333300054073334 0.33333298563957214
vt 0 0.5833330154418945
vt 0.08333300054073334 0.6666669845581055
vt 0 0.6666669845581055
vt 0.08333300054073334 0.33333298563957214
vt 0 0.41666701436042786
vt 0 0.33333298563957214
vt 0.08333300054073334 0.33333298563957214
vt 0 0.33333298563957214
vt 0.08333300054073334 0.25
vt 0.08333300054073334 0.25
vt 0 0.33333298563957214
vt 0 0.25
vt 0.08333300054073334 0.75
vt 0 0.6666669845581055
vt 0.08333300054073334 0.6666669845581055
vt 0 0.6666669845581055
vt 0.08333300054073334 0.75
vt 0 0.75
vt 0.08333300054073334 0.75
vt 0 0.8333330154418945
vt 0 0.75
vt 0 0.8333330154418945
vt 0.08333300054073334 0.75
vt 0.08333300054073334 0.8333330154418945
vt 0.08333300054073334 0.8333330154418945
vt 0 0.9166669845581055
vt 0 0.8333330154418945
vt 0 0.9166669845581055
vt 0.08333300054073334 0.8333330154418945
vt 0.08333300054073334 0.9166669845581055
vt 0.08333300054073334 0.9166669845581055
vt 0.04166699945926666 1
vt 0 0.9166669845581055
vt 0.6666669845581055 0.33333298563957214
vt 0.5833330154418945 0.25
vt 0.6666669845581055 0.25
vt 0.5833330154418945 0.25
vt 0.6666669845581055 0.33333298563957214
vt 0.5833330154418945 0.33333298563957214
vt 0.6666669845581055 0.41666701436042786
vt 0.5833330154418945 0.33333298563957214
vt 0.6666669845581055 0.33333298563957214
vt 0.5833330154418945 0.33333298563957214
vt 0.6666669845581055 0.41666701436042786
vt 0.5833330154418945 0.41666701436042786
vt 0.5833330154418945 0.5
vt 0.5833330154418945 0.41666701436042786
vt 0.6666669845581055 0.41666701436042786
vt 0.5833330154418945 0.5
vt 0.6666669845581055 0.41666701436042786
vt 0.6666669845581055 0.5
vt 0.6666669845581055 0.5833330154418945
vt 0.5833330154418945 0.5
vt 0.6666669845581055 0.5
vt 0.5833330154418945 0.5
vt 0.6666669845581055 0.5833330154418945
vt 0.5833330154418945 0.5833330154418945
vt 0.5833330154418945 0.6666669845581055
vt 0.5833330154418945 0.5833330154418945
vt 0.6666669845581055 0.5833330154418945
vt 0.5833330154418945 0.6666669845581055
vt 0.6666669845581055 0.5833330154418945
vt 0.6666669845581055 0.6666669845581055
vt 0.5833330154418945 0.6666669845581055
vt 0.6666669845581055 0.6666669845581055
vt 0.5833330154418945 0.75
vt 0.5833330154418945 0.75
vt 0.6666669845581055 0.6666669845581055
vt 0.6666669845581055 0.75
vt 0.6666669845581055 0.8333330154418945
vt 0.5833330154418945 0.75
vt 0.6666669845581055 0.75
vt 0.5833330154418945 0.75
vt 0.6666669845581055 0.8333330154418945
vt 0.5833330154418945 0.8333330154418945
vt 0.5833330154418945 0.8333330154418945
vt 0.6666669845581055 0.8333330154418945
vt 0.5833330154418945 0.9166669845581055
vt 0.6666669845581055 0.8333330154418945
vt 0.6666669845581055 0.9166669845581055
vt 0.5833330154418945 0.9166669845581055
vt 0.6666669845581055 0.9166669845581055
vt 0.625 1
vt 0.5833330154418945 0.9166669845581055
vt 0.5 0.5
vt 0.5833330154418945 0.41666701436042786
vt 0.5833330154418945 0.5
vt 0.5833330154418945 0.5833330154418945
vt 0.5 0.5
vt 0.5833330154418945 0.5
vt 0.5 0.41666701436042786
vt 0.5833330154418945 0.41666701436042786
vt 0.5 0.5
vt 0.5 0.41666701436042786
vt 0.5833330154418945 0.33333298563957214
vt 0.5833330154418945 0.41666701436042786
vt 0.5 0.41666701436042786
vt 0.5 0.33333298563957214
vt 0.5833330154418945 0.33333298563957214
vt 0.5 0.33333298563957214
vt 0.5833330154418945 0.25
vt 0.5833330154418945 0.33333298563957214
vt 0.5 0.33333298563957214
vt 0.5 0.25
vt 0.5833330154418945 0.25
vt 0.5 0.5
vt 0.5833330154418945 0.5833330154418945
vt 0.5 0.5833330154418945
vt 0.5833330154418945 0.6666669845581055
vt 0.5 0.5833330154418945
vt 0.5833330154418945 0.5833330154418945
vt 0.5 0.5833330154418945
vt 0.5833330154418945 0.6666669845581055
vt 0.5 0.6666669845581055
vt 0.5833330154418945 0.75
vt 0.5 0.6666669845581055
vt 0.5833330154418945 0.6666669845581055
vt 0.5 0.6666669845581055
vt 0.5833330154418945 0.75
vt 0.5 0.75
vt 0.5833330154418945 0.8333330154418945
vt 0.5 0.75
vt 0.5833330154418945 0.75
vt 0.5 0.75
vt 0.5833330154418945 0.8333330154418945
vt 0.5 0.8333330154418945
vt 0.5833330154418945 0.9166669845581055
vt 0.5 0.8333330154418945
vt 0.5833330154418945 0.8333330154418945
vt 0.5 0.8333330154418945
vt 0.5833330154418945 0.9166669845581055
vt 0.5 0.9166669845581055
vt 0.5833330154418945 0.9166669845581055
vt 0.5416669845581055 1
vt 0.5 0.9166669845581055
vt 0.25 0.5
vt 0.16666699945926666 0.41666701436042786
vt 0.25 0.41666701436042786
vt 0.16666699945926666 0.33333298563957214
vt 0.25 0.41666701436042786
vt 0.16666699945926666 0.41666701436042786
vt 0.25 0.41666701436042786
vt 0.16666699945926666 0.33333298563957214
vt 0.25 0.33333298563957214
vt 0.16666699945926666 0.25
vt 0.25 0.33333298563957214
vt 0.16666699945926666 0.33333298563957214
vt 0.25 0.33333298563957214
vt 0.16666699945926666 0.25
vt 0.25 0.25
vt 0.16666699945926666 0.41666701436042786
vt 0.25 0.5
vt 0.16666699945926666 0.5
vt 0.16666699945926666 0.5
vt 0.25 0.5
vt 0.16666699945926666 0.5833330154418945
vt 0.16666699945926666 0.5833330154418945
vt 0.25 0.5
vt 0.25 0.5833330154418945
vt 0.16666699945926666 0.5833330154418945
vt 0.25 0.5833330154418945
vt 0.16666699945926666 0.6666669845581055
vt 0.16666699945926666 0.6666669845581055
vt 0.25 0.5833330154418945
vt 0.25 0.6666669845581055
vt 0.16666699945926666 0.6666669845581055
vt 0.25 0.6666669845581055
vt 0.16666699945926666 0.75
vt 0.16666699945926666 0.75
vt 0.25 0.6666669845581055
vt 0.25 0.75
vt 0.16666699945926666 0.75
vt 0.25 0.75
vt 0.16666699945926666 0.8333330154418945
vt 0.25 0.75
vt 0.25 0.8333330154418945
vt 0.16666699945926666 0.8333330154418945
vt 0.25 0.9166669845581055
vt 0.16666699945926666 0.8333330154418945
vt 0.25 0.8333330154418945
vt 0.16666699945926666 0.8333330154418945
vt 0.25 0.9166669845581055
vt 0.16666699945926666 0.9166669845581055
vt 0.25 0.9166669845581055
vt 0.20833300054073334 1
vt 0.16666699945926666 0.9166669845581055
vt 0.16666699945926666 0.5
vt 0.08333300054073334 0.5
vt 0.16666699945926666 0.41666701436042786
vt 0.16666699945926666 0.5833330154418945
vt 0.08333300054073334 0.5
vt 0.16666699945926666 0.5
vt 0.16666699945926666 0.41666701436042786
vt 0.08333300054073334 0.5
vt 0.08333300054073334 0.41666701436042786
vt 0.16666699945926666 0.41666701436042786
vt 0.08333300054073334 0.41666701436042786
vt 0.16666699945926666 0.33333298563957214
vt 0.16666699945926666 0.33333298563957214
vt 0.08333300054073334 0.41666701436042786
vt 0.08333300054073334 0.33333298563957214
vt 0.16666699945926666 0.25
vt 0.16666699945926666 0.33333298563957214
vt 0.08333300054073334 0.33333298563957214
vt 0.08333300054073334 0.25
vt 0.16666699945926666 0.25
vt 0.08333300054073334 0.33333298563957214
vt 0.08333300054073334 0.5
vt 0.16666699945926666 0.5833330154418945
vt 0.08333300054073334 0.5833330154418945
vt 0.16666699945926666 0.6666669845581055
vt 0.08333300054073334 0.5833330154418945
vt 0.16666699945926666 0.5833330154418945
vt 0.08333300054073334 0.5833330154418945
vt 0.16666699945926666 0.6666669845581055
vt 0.08333300054073334 0.6666669845581055
vt 0.16666699945926666 0.75
vt 0.08333300054073334 0.6666669845581055
vt 0.16666699945926666 0.6666669845581055
vt 0.08333300054073334 0.6666669845581055
vt 0.16666699945926666 0.75
vt 0.08333300054073334 0.75
vt 0.16666699945926666 0.75
vt 0.08333300054073334 0.8333330154418945
vt 0.08333300054073334 0.75
vt 0.08333300054073334 0.8333330154418945
vt 0.16666699945926666 0.75
vt 0.16666699945926666 0.8333330154418945
vt 0.16666699945926666 0.9166669845581055
vt 0.08333300054073334 0.8333330154418945
vt 0.16666699945926666 0.8333330154418945
vt 0.08333300054073334 0.8333330154418945
vt 0.16666699945926666 0.9166669845581055
vt 0.08333300054073334 0.9166669845581055
vt 0.16666699945926666 0.9166669845581055
vt 0.125 1
vt 0.08333300054073334 0.9166669845581055
vt 0.6666669845581055 0.6666669845581055
vt 0.75 0.6666669845581055
vt 0.6666669845581055 0.75
vt 0.6666669845581055 0.75
vt 0.75 0.6666669845581055
vt 0.75 0.75
vt 0.6666669845581055 0.6666669845581055
vt 0.75 0.5833330154418945
vt 0.75 0.6666669845581055
vt 0.75 0.75
vt 0.6666669845581055 0.8333330154418945
vt 0.6666669845581055 0.75
vt 0.6666669845581055 0.5833330154418945
vt 0.75 0.5833330154418945
vt 0.6666669845581055 0.6666669845581055
vt 0.6666669845581055 0.8333330154418945
vt 0.75 0.75
vt 0.75 0.8333330154418945
vt 0.75 0.9166669845581055
vt 0.6666669845581055 0.8333330154418945
vt 0.75 0.8333330154418945
vt 0.6666669845581055 0.8333330154418945
vt 0.75 0.9166669845581055
vt 0.6666669845581055 0.9166669845581055
vt 0.75 0.9166669845581055
vt 0.7083330154418945 1
vt 0.6666669845581055 0.9166669845581055
vt 0.6666669845581055 0.5833330154418945
vt 0.75 0.5
vt 0.75 0.5833330154418945
vt 0.6666669845581055 0.5
vt 0.75 0.5
vt 0.6666669845581055 0.5833330154418945
vt 0.6666669845581055 0.41666701436042786
vt 0.75 0.5
vt 0.6666669845581055 0.5
vt 0.75 0.5
vt 0.6666669845581055 0.41666701436042786
vt 0.75 0.41666701436042786
vt 0.6666669845581055 0.33333298563957214
vt 0.75 0.41666701436042786
vt 0.6666669845581055 0.41666701436042786
vt 0.75 0.41666701436042786
vt 0.6666669845581055 0.33333298563957214
vt 0.75 0.33333298563957214
vt 0.6666669845581055 0.25
vt 0.75 0.33333298563957214
vt 0.6666669845581055 0.33333298563957214
vt 0.75 0.33333298563957214
vt 0.6666669845581055 0.25
vt 0.75 0.25
vt 0.75 0.41666701436042786
vt 0.8333330154418945 0.41666701436042786
vt 0.75 0.5
vt 0.75 0.41666701436042786
vt 0.8333330154418945 0.33333298563957214
vt 0.8333330154418945 0.41666701436042786
vt 0.75 0.41666701436042786
vt 0.75 0.33333298563957214
vt 0.8333330154418945 0.33333298563957214
vt 0.75 0.33333298563957214
vt 0.8333330154418945 0.25
vt 0.8333330154418945 0.33333298563957214
vt 0.75 0.33333298563957214
vt 0.75 0.25
vt 0.8333330154418945 0.25
vt 0.75 0.5
vt 0.8333330154418945 0.41666701436042786
vt 0.8333330154418945 0.5
vt 0.8333330154418945 0.5833330154418945
vt 0.75 0.5
vt 0.8333330154418945 0.5
vt 0.75 0.5
vt 0.8333330154418945 0.5833330154418945
vt 0.75 0.5833330154418945
vt 0.8333330154418945 0.6666669845581055
vt 0.75 0.5833330154418945
vt 0.8333330154418945 0.5833330154418945
vt 0.75 0.5833330154418945
vt 0.8333330154418945 0.6666669845581055
vt 0.75 0.6666669845581055
vt 0.8333330154418945 0.75
vt 0.75 0.6666669845581055
vt 0.8333330154418945 0.6666669845581055
vt 0.75 0.6666669845581055
vt 0.8333330154418945 0.75
vt 0.75 0.75
vt 0.8333330154418945 0.8333330154418945
vt 0.75 0.75
vt 0.8333330154418945 0.75
vt 0.75 0.75
vt 0.8333330154418945 0.8333330154418945
vt 0.75 0.8333330154418945
vt 0.8333330154418945 0.8333330154418945
vt 0.75 0.9166669845581055
vt 0.75 0.8333330154418945
vt 0.75 0.9166669845581055
vt 0.8333330154418945 0.8333330154418945
vt 0.8333330154418945 0.9166669845581055
vt 0.8333330154418945 0.9166669845581055
vt 0.7916669845581055 1
vt 0.75 0.9166669845581055
vt 0.9166669845581055 0.5
vt 0.8333330154418945 0.5833330154418945
vt 0.8333330154418945 0.5
vt 0.8333330154418945 0.41666701436042786
vt 0.9166669845581055 0.5
vt 0.8333330154418945 0.5
vt 0.9166669845581055 0.5833330154418945
vt 0.8333330154418945 0.5833330154418945
vt 0.9166669845581055 0.5
vt 0.9166669845581055 0.5833330154418945
vt 0.8333330154418945 0.6666669845581055
vt 0.8333330154418945 0.5833330154418945
vt 0.9166669845581055 0.6666669845581055
vt 0.8333330154418945 0.6666669845581055
vt 0.9166669845581055 0.5833330154418945
vt 0.8333330154418945 0.6666669845581055
vt 0.9166669845581055 0.6666669845581055
vt 0.8333330154418945 0.75
vt 0.9166669845581055 0.6666669845581055
vt 0.9166669845581055 0.75
vt 0.8333330154418945 0.75
vt 0.9166669845581055 0.8333330154418945
vt 0.8333330154418945 0.75
vt 0.9166669845581055 0.75
vt 0.8333330154418945 0.75
vt 0.9166669845581055 0.8333330154418945
vt 0.8333330154418945 0.8333330154418945
vt 0.8333330154418945 0.9166669845581055
vt 0.8333330154418945 0.8333330154418945
vt 0.9166669845581055 0.8333330154418945
vt 0.9166669845581055 0.8333330154418945
vt 0.9166669845581055 0.9166669845581055
vt 0.8333330154418945 0.9166669845581055
vt 0.9166669845581055 0.9166669845581055
vt 0.875 1
vt 0.8333330154418945 0.9166669845581055
vt 0.9166669845581055 0.5
vt 0.8333330154418945 0.41666701436042786
vt 0.9166669845581055 0.41666701436042786
vt 0.8333330154418945 0.33333298563957214
vt 0.9166669845581055 0.41666701436042786
vt 0.8333330154418945 0.41666701436042786
vt 0.9166669845581055 0.41666701436042786
vt 0.8333330154418945 0.33333298563957214
vt 0.9166669845581055 0.33333298563957214
vt 0.8333330154418945 0.25
vt 0.9166669845581055 0.33333298563957214
vt 0.8333330154418945 0.33333298563957214
vt 0.9166669845581055 0.33333298563957214
vt 0.8333330154418945 0.25
vt 0.9166669845581055 0.25
vt 0.5 0.5
vt 0.41666701436042786 0.41666701436042786
vt 0.5 0.41666701436042786
vt 0.41666701436042786 0.33333298563957214
vt 0.5 0.41666701436042786
vt 0.41666701436042786 0.41666701436042786
vt 0.5 0.41666701436042786
vt 0.41666701436042786 0.33333298563957214
vt 0.5 0.33333298563957214
vt 0.41666701436042786 0.25
vt 0.5 0.33333298563957214
vt 0.41666701436042786 0.33333298563957214
vt 0.5 0.33333298563957214
vt 0.41666701436042786 0.25
vt 0.5 0.25
vt 0.41666701436042786 0.41666701436042786
vt 0.5 0.5
vt 0.41666701436042786 0.5
vt 0.41666701436042786 0.5
vt 0.5 0.5
vt 0.41666701436042786 0.5833330154418945
vt 0.41666701436042786 0.5833330154418945
vt 0.5 0.5
vt 0.5 0.5833330154418945
vt 0.41666701436042786 0.5833330154418945
vt 0.5 0.5833330154418945
vt 0.41666701436042786 0.6666669845581055
vt 0.41666701436042786 0.6666669845581055
vt 0.5 0.5833330154418945
vt 0.5 0.6666669845581055
vt 0.41666701436042786 0.6666669845581055
vt 0.5 0.6666669845581055
vt 0.41666701436042786 0.75
vt 0.41666701436042786 0.75
vt 0.5 0.6666669845581055
vt 0.5 0.75
vt 0.5 0.8333330154418945
vt 0.41666701436042786 0.75
vt 0.5 0.75
vt 0.41666701436042786 0.75
vt 0.5 0.8333330154418945
vt 0.41666701436042786 0.8333330154418945
vt 0.25 0.25
vt 0.33333298563957214 0.25
vt 0.33333298563957214 0.25
vt 0.33333298563957214 0.25
vt 0.25 0.25
vt 0.25 0.25
vt 0.41666701436042786 0.25
vt 0.33333298563957214 0.25
vt 0.33333298563957214 0.25
vt 0.25 0.25
vt 0.41666701436042786 0.25
vt 0.33333298563957214 0.25
vt 0.41666701436042786 0.25
vt 0.33333298563957214 0.25
vt 0.33333298563957214 0.25
vt 0.33333298563957214 0.25
vt 0.41666701436042786 0.25
vt 0.41666701436042786 0.25
vt 0.33333298563957214 0.25
vt 0.41666701436042786 0.25
vt 0.41666701436042786 0.25
vt 0.41666701436042786 0.25
vt 0.33333298563957214 0.25
vt 0.33333298563957214 0.25
vt 1 0.25
vt 0.75 0.25
vt 0.25 0.25
vt 0.33333298563957214 0.25
vt 0.41666701436042786 0.25
vt 0.41666701436042786 0.25
vt 0.41666701436042786 0.25
vt 0.33333298563957214 0.25
vt 0.33333298563957214 0.25
vt 0.25 0.25
vt 0.5833330154418945 0.25
vt 0.41666701436042786 0.25
vt 0.5833330154418945 0.25
vt 0.25 0.25
vt 0.75 0.25
vt 0.33333298563957214 0.25
vt 0.41666701436042786 0.25
vt 0.41666701436042786 0.25
vt 0.41666701436042786 0.25
vt 0.41666701436042786 0.25
vt 0.33333298563957214 0.25
vt 0.41666701436042786 0.25
vt 0.5 0.25
vt 0.41666701436042786 0.25
vt 0.41666701436042786 0.25
vt 0.5 0.25
vt 0.41666701436042786 0.25
vt 0.5 0.25
vt 0.41666701436042786 0.25
vt 0.5 0.25
vt 0.5 0.25
vt 0.41666701436042786 0.25
vt 0.5 0.25
vt 0.41666701436042786 0.25
vt 0.5 0.25
vt 0.41666701436042786 0.25
vt 0.5833330154418945 0.25
vt 0.5 0.25
vt 0.5 0.25
vt 0.5 0.25
vt 0.5833330154418945 0.25
vt 0.5833330154418945 0.25
vt 0.5833330154418945 0.25
vt 0.5 0.25
vt 0.5 0.25
vt 0.5 0.25
vt 0.5833330154418945 0.25
vt 0.5833330154418945 0.25
vt 0.5 0.25
vt 0.41666701436042786 0.25
vt 0.5 0.25
vt 0.41666701436042786 0.25
vt 0.5 0.25
vt 0.41666701436042786 0.25
vt 0.5 0.25
vt 0.5833330154418945 0.25
vt 0.5833330154418945 0.25
vt 0.5833330154418945 0.25
vt 0.5 0.25
vt 0.5 0.25
vt 0.6666669845581055 0.25
vt 0.5833330154418945 0.25
vt 0.5833330154418945 0.25
vt 0.5833330154418945 0.25
vt 0.6666669845581055 0.25
vt 0.5833330154418945 0.25
vt 0.6666669845581055 0.25
vt 0.5833330154418945 0.25
vt 0.5833330154418945 0.25
vt 0.5833330154418945 0.25
vt 0.6666669845581055 0.25
vt 0.6666669845581055 0.25
vt 0.5833330154418945 0.25
vt 0.6666669845581055 0.25
vt 0.6666669845581055 0.25
vt 0.5 0.25
vt 0.41666701436042786 0.25
vt 0.5 0.25
vt 0.41666701436042786 0.25
vt 0.5 0.25
vt 0.41666701436042786 0.25
vt 0.5 0.25
vt 0.41666701436042786 0.25
vt 0.5 0.25
vt 0.41666701436042786 0.25
vt 0.5833330154418945 0.25
vt 0.5 0.25
vt 0.5833330154418945 0.25
vt 0.5 0.25
vt 0.5 0.25
vt 0.5833330154418945 0.25
vt 0.5 0.25
vt 0.5 0.25
vt 0.5 0.25
vt 0.5833330154418945 0.25
vt 0.5833330154418945 0.25
vt 0.5 0.25
vt 0.5833330154418945 0.25
vt 0.5833330154418945 0.25
vt 0.6666669845581055 0.25
vt 0.5833330154418945 0.25
vt 0.5833330154418945 0.25
vt 0.5833330154418945 0.25
vt 0.75 0.25
vt 0.6666669845581055 0.25
vt 0.6666669845581055 0.25
vt 0.5833330154418945 0.25
vt 0.5833330154418945 0.25
vt 0.5833330154418945 0.25
vt 0.6666669845581055 0.25
vt 0.6666669845581055 0.25
vt 0.5833330154418945 0.25
vt 0.6666669845581055 0.25
vt 0.6666669845581055 0.25
vt 0.6666669845581055 0.25
vt 0.6666669845581055 0.25
vt 0.5833330154418945 0.25
vt 0.6666669845581055 0.25
vt 0.75 0.25
vt 0.6666669845581055 0.25
vt 0.75 0.25
vt 0.6666669845581055 0.25
vt 0.75 0.25
vt 0.6666669845581055 0.25
vt 0.75 0.25
vt 0.6666669845581055 0.25
vt 0.75 0.25
vt 0.6666669845581055 0.25
vt 0.75 0.25
vt 0.6666669845581055 0.25
vt 0.75 0.25
vt 0.6666669845581055 0.25
vt 0.75 0.25
vt 0.6666669845581055 0.25
vt 0.75 0.25
vt 0.75 0.25
vt 0.6666669845581055 0.25
vt 0.75 0.25
vt 0.6666669845581055 0.25
vt 0.75 0.25
vt 0.6666669845581055 0.25
vt 0.8333330154418945 0.25
vt 0.75 0.25
vt 0.75 0.25
vt 0.8333330154418945 0.25
vt 0.75 0.25
vt 0.75 0.25
vt 0.75 0.25
vt 0.8333330154418945 0.25
vt 0.8333330154418945 0.25
vt 0.8333330154418945 0.25
vt 0.75 0.25
vt 0.75 0.25
vt 0.75 0.25
vt 0.8333330154418945 0.25
vt 0.8333330154418945 0.25
vt 0.75 0.25
vt 0.8333330154418945 0.25
vt 0.8333330154418945 0.25
vt 0.8333330154418945 0.25
vt 0.75 0.25
vt 0.75 0.25
vt 0.9166669845581055 0.25
vt 0.8333330154418945 0.25
vt 0.8333330154418945 0.25
vt 0.8333330154418945 0.25
vt 0.8333330154418945 0.25
vt 0.9166669845581055 0.25
vt 0.75 0.25
vt 0.9166669845581055 0.25
vt 0.8333330154418945 0.25
vt 0.9166669845581055 0.25
vt 0.9166669845581055 0.25
vt 0.8333330154418945 0.25
vt 0.75 0.25
vt 1 0.25
vt 0.9166669845581055 0.25
vt 1 0.25
vt 1 0.25
vt 0.9166669845581055 0.25
vt 0.9166669845581055 0.25
vt 0.9166669845581055 0.25
vt 1 0.25
vt 1 0.25
vt 1 0.25
vt 0.9166669845581055 0.25
vt 0.8333330154418945 0.25
vt 0.9166669845581055 0.25
vt 0.9166669845581055 0.25
vt 0.9166669845581055 0.25
vt 0.9166669845581055 0.25
vt 1 0.25
vt 0.9166669845581055 0.25
vt 0.8333330154418945 0.25
vt 0.8333330154418945 0.25
vt 1 0.25
vt 1 0.25
vt 0.9166669845581055 0.25
vt 0.9166669845581055 0.25
vt 0.9166669845581055 0.25
vt 1 0.25
vt 0.8333330154418945 0.25
vt 0.9166669845581055 0.25
vt 0.9166669845581055 0.25
vt 1 0.25
vt 1 0.25
vt 0.9166669845581055 0.25
vt 0.9166669845581055 0.25
vt 0.9166669845581055 0.25
vt 1 0.25
vt 0.9166669845581055 0.25
vt 0.9166669845581055 0.25
vt 0.8333330154418945 0.25
vt 1 0.25
vt 1 0.25
vt 0.9166669845581055 0.25
vt 0.8333330154418945 0.25
vt 0.8333330154418945 0.25
vt 0.9166669845581055 0.25
vt 0.75 0.25
vt 0.8333330154418945 0.25
vt 0.8333330154418945 0.25
vt 0.9166669845581055 0.25
vt 0.9166669845581055 0.25
vt 1 0.25
vt 1 0.25
vt 1 0.25
vt 0.9166669845581055 0.25
vt 0.9166669845581055 0.25
vt 0.8333330154418945 0.25
vt 0.8333330154418945 0.25
vt 0.8333330154418945 0.25
vt 0.9166669845581055 0.25
vt 0.9166669845581055 0.25
vt 0.8333330154418945 0.25
vt 0.75 0.25
vt 0.75 0.25
vt 0.75 0.25
vt 0.8333330154418945 0.25
vt 0.8333330154418945 0.25
vt 0.75 0.25
vt 0.6666669845581055 0.25
vt 0.75 0.25
vt 0.6666669845581055 0.25
vt 0.75 0.25
vt 0.6666669845581055 0.25
vt 0.75 0.25
vt 0.6666669845581055 0.25
vt 0.75 0.25
vt 0.8333330154418945 0.25
vt 0.75 0.25
vt 0.75 0.25
vt 0.75 0.25
vt 0.8333330154418945 0.25
vt 0.8333330154418945 0.25
vt 0.9166669845581055 0.25
vt 0.8333330154418945 0.25
vt 0.8333330154418945 0.25
vt 0.8333330154418945 0.25
vt 0.75 0.25
vt 0.75 0.25
vt 0.75 0.25
vt 0.8333330154418945 0.25
vt 0.8333330154418945 0.25
vt 0.8333330154418945 0.25
vt 0.9166669845581055 0.25
vt 0.9166669845581055 0.25
vt 0.9166669845581055 0.25
vt 0.8333330154418945 0.25
vt 0.8333330154418945 0.25
vt 0.9166669845581055 0.25
vt 0.9166669845581055 0.25
vt 1 0.25
vt 0.8333330154418945 0.25
vt 0.9166669845581055 0.25
vt 0.9166669845581055 0.25
vt 1 0.25
vt 0.9166669845581055 0.25
vt 1 0.25
vt 0.9166669845581055 0.25
vt 0.9166669845581055 0.25
vt 1 0.25
vt 0.75 0.25
vt 0.6666669845581055 0.25
vt 0.6666669845581055 0.25
vt 0.5833330154418945 0.25
vt 0.6666669845581055 0.25
vt 0.6666669845581055 0.25
vt 0.6666669845581055 0.25
vt 0.75 0.25
vt 0.75 0.25
vt 0.6666669845581055 0.25
vt 0.5833330154418945 0.25
vt 0.5833330154418945 0.25
vt 0.5 0.25
vt 0.5833330154418945 0.25
vt 0.5833330154418945 0.25
vt 0.5833330154418945 0.25
vt 0.5 0.25
vt 0.5 0.25
vt 0.5833330154418945 0.25
vt 0.6666669845581055 0.25
vt 0.5833330154418945 0.25
vt 0.5 0.25
vt 0.5833330154418945 0.25
vt 0.5833330154418945 0.25
vt 0.41666701436042786 0.25
vt 0.5 0.25
vt 0.5 0.25
vt 0.6666669845581055 0.25
vt 0.6666669845581055 0.25
vt 0.5833330154418945 0.25
vt 0.6666669845581055 0.25
vt 0.75 0.25
vt 0.6666669845581055 0.25
vt 0.5 0.25
vt 0.41666701436042786 0.25
vt 0.41666701436042786 0.25
vt 0.33333298563957214 0.25
vt 0.41666701436042786 0.25
vt 0.41666701436042786 0.25
vt 0.41666701436042786 0.25
vt 0.33333298563957214 0.25
vt 0.33333298563957214 0.25
vt 0.33333298563957214 0.25
vt 0.25 0.25
vt 0.33333298563957214 0.25
vt 0.33333298563957214 0.25
vt 0.25 0.25
vt 0.25 0.25
vt 0.33333298563957214 0.25
vt 0.41666701436042786 0.25
vt 0.33333298563957214 0.25
vt 0.25 0.25
vt 0.33333298563957214 0.25
vt 0.33333298563957214 0.25
vt 0.41666701436042786 0.25
vt 0.5 0.25
vt 0.41666701436042786 0.25
vt 0.41666701436042786 0.25
vt 0.41666701436042786 0.25
vt 0.33333298563957214 0.25
vt 0.5 0.25
vt 0.41666701436042786 0.25
vt 0.5 0.25
vt 0.5833330154418945 0.25
vt 0.5 0.25
vt 0.5 0.25
vt 0.33333298563957214 0.25
vt 0.41666701436042786 0.25
vt 0.33333298563957214 0.25
vt 0.25 0.25
vt 0.16666699945926666 0.25
vt 0.25 0.25
vt 0.16666699945926666 0.25
vt 0.25 0.25
vt 0.16666699945926666 0.25
vt 0.33333298563957214 0.25
vt 0.25 0.25
vt 0.25 0.25
vt 0.25 0.25
vt 0.33333298563957214 0.25
vt 0.33333298563957214 0.25
vt 0.16666699945926666 0.25
vt 0.25 0.25
vt 0.16666699945926666 0.25
vt 0.25 0.25
vt 0.16666699945926666 0.25
vt 0.25 0.25
vt 0.16666699945926666 0.25
vt 0.08333300054073334 0.25
vt 0.16666699945926666 0.25
vt 0.08333300054073334 0.25
vt 0.16666699945926666 0.25
vt 0.08333300054073334 0.25
vt 0 0.25
vt 0.08333300054073334 0.25
vt 0.08333300054073334 0.25
vt 0.08333300054073334 0.25
vt 0 0.25
vt 0 0.25
vt 0.08333300054073334 0.25
vt 0.16666699945926666 0.25
vt 0.08333300054073334 0.25
vt 0 0.25
vt 0.08333300054073334 0.25
vt 0.08333300054073334 0.25
vt 0.16666699945926666 0.25
vt 0.16666699945926666 0.25
vt 0.08333300054073334 0.25
vt 0.08333300054073334 0.25
vt 0 0.25
vt 0 0.25
vt 0 0.25
vt 0.08333300054073334 0.25
vt 0.08333300054073334 0.25
vt 0.08333300054073334 0.25
vt 0.16666699945926666 0.25
vt 0.08333300054073334 0.25
vt 0.08333300054073334 0.25
vt 0 0.25
vt 0 0.25
vt 0.16666699945926666 0.25
vt 0.16666699945926666 0.25
vt 0.08333300054073334 0.25
vt 0.16666699945926666 0.25
vt 0.25 0.25
vt 0.16666699945926666 0.25
vt 0 0.25
vt 0.08333300054073334 0.25
vt 0.08333300054073334 0.25
vt 0.08333300054073334 0.25
vt 0.16666699945926666 0.25
vt 0.08333300054073334 0.25
vt 0.08333300054073334 0.25
vt 0 0.25
vt 0 0.25
vt 0.25 0.25
vt 0.16666699945926666 0.25
vt 0.25 0.25
vt 0.16666699945926666 0.25
vt 0.16666699945926666 0.25
vt 0.08333300054073334 0.25
vt 0.16666699945926666 0.25
vt 0.25 0.25
vt 0.16666699945926666 0.25
vt 0 0.25
vt 0.08333300054073334 0.25
vt 0.08333300054073334 0.25
vt 0.08333300054073334 0.25
vt 0.16666699945926666 0.25
vt 0.08333300054073334 0.25
vt 0.08333300054073334 0.25
vt 0 0.25
vt 0 0.25
vt 0.33333298563957214 0.25
vt 0.25 0.25
vt 0.25 0.25
vt 0 0.25
vt 0.08333300054073334 0.25
vt 0.08333300054073334 0.25
vt 0.08333300054073334 0.25
vt 0 0.25
vt 0 0.25
vt 0.16666699945926666 0.25
vt 0.16666699945926666 0.25
vt 0.08333300054073334 0.25
vt 0.08333300054073334 0.25
vt 0.16666699945926666 0.25
vt 0.08333300054073334 0.25
vt 0.25 0.25
vt 0.16666699945926666 0.25
vt 0.25 0.25
vt 0.16666699945926666 0.25
vt 0.25 0.25
vt 0.16666699945926666 0.25
vt 0.25 0.25
vt 0.33333298563957214 0.25
vt 0.33333298563957214 0.25
vt 0.33333298563957214 0.25
vt 0.25 0.25
vt 0.25 0.25
vt 0 0.25
vt 0.08333300054073334 0.25
vt 0.08333300054073334 0.25
vt 0.08333300054073334 0.25
vt 0 0.25
vt 0 0.25
vt 0.16666699945926666 0.25
vt 0.16666699945926666 0.25
vt 0.08333300054073334 0.25
vt 0.08333300054073334 0.25
vt 0.16666699945926666 0.25
vt 0.08333300054073334 0.25
vt 0.25 0.25
vt 0.16666699945926666 0.25
vt 0.25 0.25
vt 0.16666699945926666 0.25
vt 0.25 0.25
vt 0.16666699945926666 0.25
vt 0.16666699945926666 0.25
vt 0.08333300054073334 0.25
vt 0.16666699945926666 0.25
vt 0.33333298563957214 0.25
vt 0.25 0.25
vt 0.25 0.25
vt 0.25 0.25
vt 0.33333298563957214 0.25
vt 0.33333298563957214 0.25
vt 0.25 0.25
vt 0.16666699945926666 0.25
vt 0.25 0.25
vt 0.16666699945926666 0.25
vt 0.25 0.25
vt 0.16666699945926666 0.25
vt 1 0.25
vt 0.16666699945926666 0.25
vt 0.08333300054073334 0.25
vt 0.33333298563957214 0.25
vt 0.25 0.25
vt 0.25 0.25
vt 0.25 0.25
vt 0.33333298563957214 0.25
vt 0.33333298563957214 0.25
vt 0.25 0.25
vt 0.16666699945926666 0.25
vt 0.25 0.25
vt 0.16666699945926666 0.25
vt 1 0.25
vt 0.25 0.25
vn 0.8563532226214591 -0.5163717655154115 -0.004399759577361765
vn 0.9608796160432257 -0.24189486328965923 0.13489714076547488
vn 0.8575755490175239 -0.4469872662292018 0.2544927534454312
vn 0.9608796160432257 -0.24189486328965923 0.13489714076547488
vn 0.8563532226214591 -0.5163717655154115 -0.004399759577361765
vn 0.9602807305960849 -0.27899440741644477 -0.004799903769489099
vn 0.9602807305960849 -0.27899440741644477 -0.004799903769489099
vn 0.9999868702576392 0.0004999934588772334 -0.0050999332223408845
vn 0.9608796160432257 -0.24189486328965923 0.13489714076547488
vn 0.0018000607135337339 -0.8661292414633004 0.49981686332459324
vn -0.24960325829023056 -0.48400632866630716 0.8387109676532574
vn -0.25120920081993525 -0.837530683299284 0.48521777786437714
vn -0.48749026853594124 -0.43529129246839887 0.7568848847638237
vn -0.25120920081993525 -0.837530683299284 0.48521777786437714
vn -0.24960325829023056 -0.48400632866630716 0.8387109676532574
vn -0.25120920081993525 -0.837530683299284 0.48521777786437714
vn -0.48749026853594124 -0.43529129246839887 0.7568848847638237
vn -0.4888996236648965 -0.7546994151373069 0.4374996580247001
vn -0.6599232540305522 -0.37471320830170174 0.6512229344195217
vn -0.4888996236648965 -0.7546994151373069 0.4374996580247001
vn -0.48749026853594124 -0.43529129246839887 0.7568848847638237
vn -0.4888996236648965 -0.7546994151373069 0.4374996580247001
vn -0.6599232540305522 -0.37471320830170174 0.6512229344195217
vn -0.6611980292277889 -0.6481980562746412 0.3776988826923706
vn -0.24960325829023056 -0.48400632866630716 0.8387109676532574
vn 0.0018000607135337339 -0.8661292414633004 0.49981686332459324
vn 0.0035001024532627044 -0.49981461151264805 0.8661253393137031
vn 0.2572968767115965 -0.4839941420676411 0.8363898538831431
vn 0.0035001024532627044 -0.49981461151264805 0.8661253393137031
vn 0.0018000607135337339 -0.8661292414633004 0.49981686332459324
vn 0.2572968767115965 -0.4839941420676411 0.8363898538831431
vn 0.0018000607135337339 -0.8661292414633004 0.49981686332459324
vn 0.2557024085866393 -0.8375078906699648 0.48290455714202735
vn 0.4943942671768852 -0.43529494977740646 0.7523912647558554
vn 0.2572968767115965 -0.4839941420676411 0.8363898538831431
vn 0.2557024085866393 -0.8375078906699648 0.48290455714202735
vn 0.4943942671768852 -0.43529494977740646 0.7523912647558554
vn 0.2557024085866393 -0.8375078906699648 0.48290455714202735
vn 0.49289717486630935 -0.7546956580540173 0.43299750429214345
vn 0.49289717486630935 -0.7546956580540173 0.43299750429214345
vn 0.6988971329680926 -0.3589985327191938 0.61859748709031
vn 0.4943942671768852 -0.43529494977740646 0.7523912647558554
vn 0.6988971329680926 -0.3589985327191938 0.61859748709031
vn 0.49289717486630935 -0.7546956580540173 0.43299750429214345
vn 0.6976950659296168 -0.6217955870452957 0.35579747456729355
vn 0.8575755490175239 -0.4469872662292018 0.2544927534454312
vn 0.6988971329680926 -0.3589985327191938 0.61859748709031
vn 0.6976950659296168 -0.6217955870452957 0.35579747456729355
vn 0.6988971329680926 -0.3589985327191938 0.61859748709031
vn 0.8575755490175239 -0.4469872662292018 0.2544927534454312
vn 0.8583955201895511 -0.258498664565901 0.4430976995383251
vn 0.8575755490175239 -0.4469872662292018 0.2544927534454312
vn 0.9613515952684047 -0.1392929941406195 0.23748804613755745
vn 0.8583955201895511 -0.258498664565901 0.4430976995383251
vn 0.9613515952684047 -0.1392929941406195 0.23748804613755745
vn 0.8575755490175239 -0.4469872662292018 0.2544927534454312
vn 0.9608796160432257 -0.24189486328965923 0.13489714076547488
vn 0.9608796160432257 -0.24189486328965923 0.13489714076547488
vn 0.9999868702576392 0.0004999934588772334 -0.0050999332223408845
vn 0.9613515952684047 -0.1392929941406195 0.23748804613755745
vn 0.2573093275518201 -0.4839175725834408 0.8364303275825072
vn 0.004099965047563482 0.0004999957588030458 0.9999914701090454
vn 0.0034999743163438633 -0.49969632750652365 0.8661935871710654
vn 0.004099965047563482 0.0004999957588030458 0.9999914701090454
vn -0.24961533743726036 -0.483929758433475 0.8387515557175446
vn 0.0034999743163438633 -0.49969632750652365 0.8661935871710654
vn 0.004099965047563482 0.0004999957588030458 0.9999914701090454
vn 0.2573093275518201 -0.4839175725834408 0.8364303275825072
vn 0.25779957003234455 0.0003999993028593986 0.9661983345523298
vn 0.4943785770864034 -0.43518115280198755 0.7524673991369702
vn 0.25779957003234455 0.0003999993028593986 0.9661983345523298
vn 0.2573093275518201 -0.4839175725834408 0.8364303275825072
vn 0.25779957003234455 0.0003999993028593986 0.9661983345523298
vn 0.4943785770864034 -0.43518115280198755 0.7524673991369702
vn 0.4949969193276156 0.0004999969071417834 0.8688945850097483
vn 0.6988971329680926 -0.3589985327191938 0.61859748709031
vn 0.4949969193276156 0.0004999969071417834 0.8688945850097483
vn 0.4943785770864034 -0.43518115280198755 0.7524673991369702
vn 0.4949969193276156 0.0004999969071417834 0.8688945850097483
vn 0.6988971329680926 -0.3589985327191938 0.61859748709031
vn 0.6995672486668365 0.0004999766299211269 0.7145665921494525
vn 0.8584177097327332 -0.2584053281032232 0.44310915362365816
vn 0.6995672486668365 0.0004999766299211269 0.7145665921494525
vn 0.6988971329680926 -0.3589985327191938 0.61859748709031
vn 0.6995672486668365 0.0004999766299211269 0.7145665921494525
vn 0.8584177097327332 -0.2584053281032232 0.44310915362365816
vn 0.8587345241406769 0.0004000160824736034 0.5124205860775103
vn 0.9613515952684047 -0.1392929941406195 0.23748804613755745
vn 0.8587345241406769 0.0004000160824736034 0.5124205860775103
vn 0.8584177097327332 -0.2584053281032232 0.44310915362365816
vn 0.8587345241406769 0.0004000160824736034 0.5124205860775103
vn 0.9613515952684047 -0.1392929941406195 0.23748804613755745
vn 0.9615540546675573 0.00040002248209860836 0.2746154400873954
vn 0.9613515952684047 -0.1392929941406195 0.23748804613755745
vn 0.9999868702576392 0.0004999934588772334 -0.0050999332223408845
vn 0.9615540546675573 0.00040002248209860836 0.2746154400873954
vn -0.24900081418838782 0.00040000130108379546 0.9685031928354593
vn -0.24961533743726036 -0.483929758433475 0.8387515557175446
vn 0.004099965047563482 0.0004999957588030458 0.9999914701090454
vn -0.24900081418838782 0.00040000130108379546 0.9685031928354593
vn -0.487398327329816 -0.4351985164131657 0.7569974384552944
vn -0.24961533743726036 -0.483929758433475 0.8387515557175446
vn -0.24900081418838782 0.00040000130108379546 0.9685031928354593
vn -0.4870007795572094 0.0005000008358651089 0.8734013915204364
vn -0.487398327329816 -0.4351985164131657 0.7569974384552944
vn -0.4870007795572094 0.0005000008358651089 0.8734013915204364
vn -0.6599049969956604 -0.3746028243644249 0.6513049354322085
vn -0.487398327329816 -0.4351985164131657 0.7569974384552944
vn -0.4870007795572094 0.0005000008358651089 0.8734013915204364
vn -0.6593960849970296 0.0004999970655516322 0.7517955527226297
vn -0.6599049969956604 -0.3746028243644249 0.6513049354322085
vn -0.2556933339495876 0.8375781822952612 -0.4827874351272111
vn -0.0004999998987487548 0.99999975000007 -0.0004999998987487548
vn -0.0027999854406975007 0.8661954971066627 -0.49969742932465977
vn -0.0004999998987487548 0.99999975000007 -0.0004999998987487548
vn 0.25120034292579885 0.8376011678424171 -0.48510068165586
vn -0.0027999854406975007 0.8661954971066627 -0.49969742932465977
vn -0.0004999998987487548 0.99999975000007 -0.0004999998987487548
vn -0.2556933339495876 0.8375781822952612 -0.4827874351272111
vn -0.2533905331255216 0.9673638807342468 0.0005999776177061944
vn 0.25120034292579885 0.8376011678424171 -0.48510068165586
vn -0.0004999998987487548 0.99999975000007 -0.0004999998987487548
vn 0.25341473004541176 0.9673562344141319 -0.0017000988566477707
vn -0.4929185131708448 0.7547283300322803 -0.43291625890018154
vn -0.2533905331255216 0.9673638807342468 0.0005999776177061944
vn -0.2556933339495876 0.8375781822952612 -0.4827874351272111
vn 0.25341473004541176 0.9673562344141319 -0.0017000988566477707
vn 0.4888996236648965 0.7546994151373069 -0.4374996580247001
vn 0.25120034292579885 0.8376011678424171 -0.48510068165586
vn -0.2533905331255216 0.9673638807342468 0.0005999776177061944
vn -0.4929185131708448 0.7547283300322803 -0.43291625890018154
vn -0.49102476666064326 0.8711439537953454 0.0017000857842453386
vn -0.6645758841144597 0.6482764533403386 -0.3715865098438802
vn -0.49102476666064326 0.8711439537953454 0.0017000857842453386
vn -0.4929185131708448 0.7547283300322803 -0.43291625890018154
vn -0.49102476666064326 0.8711439537953454 0.0017000857842453386
vn -0.6645758841144597 0.6482764533403386 -0.3715865098438802
vn -0.6627961969329591 0.7487956673241861 0.0024999855465426156
vn 0.49102355125639385 0.8711417975047971 -0.0028001342237100975
vn 0.4888996236648965 0.7546994151373069 -0.4374996580247001
vn 0.25341473004541176 0.9673562344141319 -0.0017000988566477707
vn 0.4888996236648965 0.7546994151373069 -0.4374996580247001
vn 0.49102355125639385 0.8711417975047971 -0.0028001342237100975
vn 0.6943946454428782 0.6217951995145469 -0.3621971924807316
vn 0.6943946454428782 0.6217951995145469 -0.3621971924807316
vn 0.49102355125639385 0.8711417975047971 -0.0028001342237100975
vn 0.6962706854077952 0.7177697707451941 -0.003699844071089275
vn 0.8563532226214591 0.5163717655154115 -0.004399759577361765
vn 0.6943946454428782 0.6217951995145469 -0.3621971924807316
vn 0.6962706854077952 0.7177697707451941 -0.003699844071089275
vn 0.6943946454428782 0.6217951995145469 -0.3621971924807316
vn 0.8563532226214591 0.5163717655154115 -0.004399759577361765
vn 0.855209689817342 0.4470050654585691 -0.26230298873041086
vn 0.855209689817342 0.4470050654585691 -0.26230298873041086
vn 0.8563532226214591 0.5163717655154115 -0.004399759577361765
vn 0.9596012166571783 0.24190031081200922 -0.1437001900455121
vn 0.9596012166571783 0.24190031081200922 -0.1437001900455121
vn 0.8563532226214591 0.5163717655154115 -0.004399759577361765
vn 0.960280264879765 0.2789942721099197 -0.0048998992137162505
vn 0.960280264879765 0.2789942721099197 -0.0048998992137162505
vn 0.9999868702576392 0.0004999934588772334 -0.0050999332223408845
vn 0.9596012166571783 0.24190031081200922 -0.1437001900455121
vn 0.2556933339495876 0.8375781822952612 0.4827874351272111
vn -0.0004999998987487548 0.99999975000007 -0.0004999998987487548
vn 0.0017999948136594127 0.8661974893424089 0.49969857862073014
vn 0.0017999948136594127 0.8661974893424089 0.49969857862073014
vn -0.0004999998987487548 0.99999975000007 -0.0004999998987487548
vn -0.25129404491112073 0.837580120355326 0.48508849190407
vn -0.0004999998987487548 0.99999975000007 -0.0004999998987487548
vn 0.2556933339495876 0.8375781822952612 0.4827874351272111
vn 0.25339025441723717 0.9673628167153022 -0.0015999384376724976
vn -0.25129404491112073 0.837580120355326 0.48508849190407
vn -0.0004999998987487548 0.99999975000007 -0.0004999998987487548
vn -0.25341503417900957 0.9673573953787368 0.0007000415115847397
vn 0.49289717486630935 0.7546956580540173 0.43299750429214345
vn 0.25339025441723717 0.9673628167153022 -0.0015999384376724976
vn 0.2556933339495876 0.8375781822952612 0.4827874351272111
vn -0.25129404491112073 0.837580120355326 0.48508849190407
vn -0.25341503417900957 0.9673573953787368 0.0007000415115847397
vn -0.4888996236648965 0.7546994151373069 0.4374996580247001
vn 0.25339025441723717 0.9673628167153022 -0.0015999384376724976
vn 0.49289717486630935 0.7546956580540173 0.43299750429214345
vn 0.4910236863006518 0.8711420370914674 -0.0027001303389276696
vn -0.4888996236648965 0.7546994151373069 0.4374996580247001
vn -0.25341503417900957 0.9673573953787368 0.0007000415115847397
vn -0.49102468072270766 0.8711438013298934 0.0018000904605435545
vn -0.4888996236648965 0.7546994151373069 0.4374996580247001
vn -0.49102468072270766 0.8711438013298934 0.0018000904605435545
vn -0.6611551643766482 0.6482560440134512 0.37767439682631093
vn -0.6611551643766482 0.6482560440134512 0.37767439682631093
vn -0.49102468072270766 0.8711438013298934 0.0018000904605435545
vn -0.6627960279218355 0.7487954763834449 0.0025999843706078205
vn 0.6976950659296168 0.6217955870452957 0.35579747456729355
vn 0.4910236863006518 0.8711420370914674 -0.0027001303389276696
vn 0.49289717486630935 0.7546956580540173 0.43299750429214345
vn 0.4910236863006518 0.8711420370914674 -0.0027001303389276696
vn 0.6976950659296168 0.6217955870452957 0.35579747456729355
vn 0.6962706854077952 0.7177697707451941 -0.003699844071089275
vn 0.6976950659296168 0.6217955870452957 0.35579747456729355
vn 0.8563532226214591 0.5163717655154115 -0.004399759577361765
vn 0.6962706854077952 0.7177697707451941 -0.003699844071089275
vn 0.8563532226214591 0.5163717655154115 -0.004399759577361765
vn 0.6976950659296168 0.6217955870452957 0.35579747456729355
vn 0.8575755490175239 0.4469872662292018 0.2544927534454312
vn 0.8575755490175239 0.4469872662292018 0.2544927534454312
vn 0.960280264879765 0.2789942721099197 -0.0048998992137162505
vn 0.8563532226214591 0.5163717655154115 -0.004399759577361765
vn 0.960280264879765 0.2789942721099197 -0.0048998992137162505
vn 0.8575755490175239 0.4469872662292018 0.2544927534454312
vn 0.9608925734365681 0.2418981252247017 0.13479895892485247
vn 0.9608925734365681 0.2418981252247017 0.13479895892485247
vn 0.9999868702576392 0.0004999934588772334 -0.0050999332223408845
vn 0.960280264879765 0.2789942721099197 -0.0048998992137162505
vn -0.4943942671768852 -0.43529494977740646 -0.7523912647558554
vn -0.6645942761217066 -0.6481943785337073 -0.37169677935592277
vn -0.6658090428404184 -0.37470511281464025 -0.645208801011342
vn -0.6645942761217066 -0.6481943785337073 -0.37169677935592277
vn -0.4943942671768852 -0.43529494977740646 -0.7523912647558554
vn -0.49289717486630935 -0.7546956580540173 -0.43299750429214345
vn -0.2572968767115965 -0.4839941420676411 -0.8363898538831431
vn -0.49289717486630935 -0.7546956580540173 -0.43299750429214345
vn -0.4943942671768852 -0.43529494977740646 -0.7523912647558554
vn -0.49289717486630935 -0.7546956580540173 -0.43299750429214345
vn -0.2572968767115965 -0.4839941420676411 -0.8363898538831431
vn -0.2556933339495876 -0.8375781822952612 -0.4827874351272111
vn -0.0028000879509038745 -0.8661272492386562 -0.49981571367229544
vn -0.2556933339495876 -0.8375781822952612 -0.4827874351272111
vn -0.2572968767115965 -0.4839941420676411 -0.8363898538831431
vn -0.0028000879509038745 -0.8661272492386562 -0.49981571367229544
vn -0.2572968767115965 -0.4839941420676411 -0.8363898538831431
vn -0.004500113391533873 -0.49981261214989925 -0.8661218746316003
vn 0.24960325829023056 -0.48400632866630716 -0.8387109676532574
vn -0.0028000879509038745 -0.8661272492386562 -0.49981571367229544
vn -0.004500113391533873 -0.49981261214989925 -0.8661218746316003
vn -0.0028000879509038745 -0.8661272492386562 -0.49981571367229544
vn 0.24960325829023056 -0.48400632866630716 -0.8387109676532574
vn 0.25120920081993525 -0.837530683299284 -0.48521777786437714
vn 0.4888996236648965 -0.7546994151373069 -0.4374996580247001
vn 0.25120920081993525 -0.837530683299284 -0.48521777786437714
vn 0.24960325829023056 -0.48400632866630716 -0.8387109676532574
vn 0.4888996236648965 -0.7546994151373069 -0.4374996580247001
vn 0.24960325829023056 -0.48400632866630716 -0.8387109676532574
vn 0.48749026853594124 -0.43529129246839887 -0.7568848847638237
vn 0.4888996236648965 -0.7546994151373069 -0.4374996580247001
vn 0.48749026853594124 -0.43529129246839887 -0.7568848847638237
vn 0.6943946454428782 -0.6217951995145469 -0.3621971924807316
vn 0.6943946454428782 -0.6217951995145469 -0.3621971924807316
vn 0.48749026853594124 -0.43529129246839887 -0.7568848847638237
vn 0.6931888224764083 -0.35899421272136717 -0.6249899292199326
vn 0.8543164326730763 -0.2585049753922344 -0.4509086499083923
vn 0.6943946454428782 -0.6217951995145469 -0.3621971924807316
vn 0.6931888224764083 -0.35899421272136717 -0.6249899292199326
vn 0.6943946454428782 -0.6217951995145469 -0.3621971924807316
vn 0.8543164326730763 -0.2585049753922344 -0.4509086499083923
vn 0.8551872567278915 -0.44699334002475133 -0.26239609353749954
vn 0.8551872567278915 -0.44699334002475133 -0.26239609353749954
vn 0.8543164326730763 -0.2585049753922344 -0.4509086499083923
vn 0.9596012166571783 -0.24190031081200922 -0.1437001900455121
vn 0.8543164326730763 -0.2585049753922344 -0.4509086499083923
vn 0.9591283003673805 -0.1393041128390596 -0.24630726254112387
vn 0.9596012166571783 -0.24190031081200922 -0.1437001900455121
vn 0.9591283003673805 -0.1393041128390596 -0.24630726254112387
vn 0.9999868702576392 0.0004999934588772334 -0.0050999332223408845
vn 0.9596012166571783 -0.24190031081200922 -0.1437001900455121
vn -0.0004999998987487548 -0.99999975000007 -0.0004999998987487548
vn -0.2556933339495876 -0.8375781822952612 -0.4827874351272111
vn -0.0027999854406975007 -0.8661954971066627 -0.49969742932465977
vn 0.25120034292579885 -0.8376011678424171 -0.48510068165586
vn -0.0004999998987487548 -0.99999975000007 -0.0004999998987487548
vn -0.0027999854406975007 -0.8661954971066627 -0.49969742932465977
vn -0.2534150506529345 -0.9673574582644024 0.0006000356702605174
vn -0.2556933339495876 -0.8375781822952612 -0.4827874351272111
vn -0.0004999998987487548 -0.99999975000007 -0.0004999998987487548
vn -0.2534150506529345 -0.9673574582644024 0.0006000356702605174
vn -0.49289717486630935 -0.7546956580540173 -0.43299750429214345
vn -0.2556933339495876 -0.8375781822952612 -0.4827874351272111
vn -0.2534150506529345 -0.9673574582644024 0.0006000356702605174
vn -0.49102476666064326 -0.8711439537953454 0.0017000857842453386
vn -0.49289717486630935 -0.7546956580540173 -0.43299750429214345
vn -0.49102476666064326 -0.8711439537953454 0.0017000857842453386
vn -0.6645758841144597 -0.6482764533403386 -0.3715865098438802
vn -0.49289717486630935 -0.7546956580540173 -0.43299750429214345
vn -0.49102476666064326 -0.8711439537953454 0.0017000857842453386
vn -0.6627961969329591 -0.7487956673241861 0.0024999855465426156
vn -0.6645758841144597 -0.6482764533403386 -0.3715865098438802
vn -0.0004999998987487548 -0.99999975000007 -0.0004999998987487548
vn 0.25120034292579885 -0.8376011678424171 -0.48510068165586
vn 0.2533902126110446 -0.9673626571126519 -0.0016999343750403754
vn 0.4889210091240426 -0.7547324272173511 -0.4374188040582313
vn 0.2533902126110446 -0.9673626571126519 -0.0016999343750403754
vn 0.25120034292579885 -0.8376011678424171 -0.48510068165586
vn 0.2533902126110446 -0.9673626571126519 -0.0016999343750403754
vn 0.4889210091240426 -0.7547324272173511 -0.4374188040582313
vn 0.49102355125639385 -0.8711417975047971 -0.0028001342237100975
vn 0.6943946454428782 -0.6217951995145469 -0.3621971924807316
vn 0.49102355125639385 -0.8711417975047971 -0.0028001342237100975
vn 0.4889210091240426 -0.7547324272173511 -0.4374188040582313
vn 0.49102355125639385 -0.8711417975047971 -0.0028001342237100975
vn 0.6943946454428782 -0.6217951995145469 -0.3621971924807316
vn 0.6962706854077952 -0.7177697707451941 -0.003699844071089275
vn 0.855209689817342 -0.4470050654585691 -0.26230298873041086
vn 0.6962706854077952 -0.7177697707451941 -0.003699844071089275
vn 0.6943946454428782 -0.6217951995145469 -0.3621971924807316
vn 0.6962706854077952 -0.7177697707451941 -0.003699844071089275
vn 0.855209689817342 -0.4470050654585691 -0.26230298873041086
vn 0.8563532226214591 -0.5163717655154115 -0.004399759577361765
vn 0.9596012166571783 -0.24190031081200922 -0.1437001900455121
vn 0.8563532226214591 -0.5163717655154115 -0.004399759577361765
vn 0.855209689817342 -0.4470050654585691 -0.26230298873041086
vn 0.8563532226214591 -0.5163717655154115 -0.004399759577361765
vn 0.9596012166571783 -0.24190031081200922 -0.1437001900455121
vn 0.960280264879765 -0.2789942721099197 -0.0048998992137162505
vn 0.9596012166571783 -0.24190031081200922 -0.1437001900455121
vn 0.9999869152558858 0.0003999947559976366 -0.00509993345183195
vn 0.960280264879765 -0.2789942721099197 -0.0048998992137162505
vn 0.004099965047563482 0.0004999957588030458 0.9999914701090454
vn -0.24961533743726036 0.483929758433475 0.8387515557175446
vn -0.2490008029832745 0.0005000016402344229 0.9685031492525175
vn -0.4874745784318834 0.43517730083781436 0.7569605354430124
vn -0.2490008029832745 0.0005000016402344229 0.9685031492525175
vn -0.24961533743726036 0.483929758433475 0.8387515557175446
vn -0.2490008029832745 0.0005000016402344229 0.9685031492525175
vn -0.4874745784318834 0.43517730083781436 0.7569605354430124
vn -0.4870007795572094 0.0005000008358651089 0.8734013915204364
vn -0.6598802705683096 0.37468880171965985 0.6512805312463901
vn -0.4870007795572094 0.0005000008358651089 0.8734013915204364
vn -0.4874745784318834 0.43517730083781436 0.7569605354430124
vn -0.4870007795572094 0.0005000008358651089 0.8734013915204364
vn -0.6598802705683096 0.37468880171965985 0.6512805312463901
vn -0.6593960849970296 0.0004999970655516322 0.7517955527226297
vn -0.24961533743726036 0.483929758433475 0.8387515557175446
vn 0.004099965047563482 0.0004999957588030458 0.9999914701090454
vn 0.0034999743163438633 0.49969632750652365 0.8661935871710654
vn 0.0034999743163438633 0.49969632750652365 0.8661935871710654
vn 0.004099965047563482 0.0004999957588030458 0.9999914701090454
vn 0.2573093275518201 0.4839175725834408 0.8364303275825072
vn 0.2573093275518201 0.4839175725834408 0.8364303275825072
vn 0.004099965047563482 0.0004999957588030458 0.9999914701090454
vn 0.2578928962657573 0.0004999862522227062 0.966173381991766
vn 0.2573093275518201 0.4839175725834408 0.8364303275825072
vn 0.2578928962657573 0.0004999862522227062 0.966173381991766
vn 0.4943785770864034 0.43518115280198755 0.7524673991369702
vn 0.4943785770864034 0.43518115280198755 0.7524673991369702
vn 0.2578928962657573 0.0004999862522227062 0.966173381991766
vn 0.4949969193276156 0.0004999969071417834 0.8688945850097483
vn 0.4943785770864034 0.43518115280198755 0.7524673991369702
vn 0.4949969193276156 0.0004999969071417834 0.8688945850097483
vn 0.6988971329680926 0.3589985327191938 0.61859748709031
vn 0.6988971329680926 0.3589985327191938 0.61859748709031
vn 0.4949969193276156 0.0004999969071417834 0.8688945850097483
vn 0.6995672486668365 0.0004999766299211269 0.7145665921494525
vn 0.6988971329680926 0.3589985327191938 0.61859748709031
vn 0.6995672486668365 0.0004999766299211269 0.7145665921494525
vn 0.8584177097327332 0.2584053281032232 0.44310915362365816
vn 0.6995672486668365 0.0004999766299211269 0.7145665921494525
vn 0.8587344854945027 0.0005000201169705327 0.5124205630167218
vn 0.8584177097327332 0.2584053281032232 0.44310915362365816
vn 0.9615540113927463 0.0005000281165012909 0.2746154277283073
vn 0.8584177097327332 0.2584053281032232 0.44310915362365816
vn 0.8587344854945027 0.0005000201169705327 0.5124205630167218
vn 0.8584177097327332 0.2584053281032232 0.44310915362365816
vn 0.9615540113927463 0.0005000281165012909 0.2746154277283073
vn 0.9613649812485983 0.13919493562063892 0.23749135295089965
vn 0.9615540113927463 0.0005000281165012909 0.2746154277283073
vn 0.9999873752396279 0.0004999937113682398 -0.004999936764440841
vn 0.9613649812485983 0.13919493562063892 0.23749135295089965
vn 0.0035001024532627044 0.49981461151264805 0.8661253393137031
vn 0.0018000607135337339 0.8661292414633004 0.49981686332459324
vn -0.24960325829023056 0.48400632866630716 0.8387109676532574
vn 0.2572968767115965 0.4839941420676411 0.8363898538831431
vn 0.0018000607135337339 0.8661292414633004 0.49981686332459324
vn 0.0035001024532627044 0.49981461151264805 0.8661253393137031
vn -0.24960325829023056 0.48400632866630716 0.8387109676532574
vn 0.0018000607135337339 0.8661292414633004 0.49981686332459324
vn -0.2513029056640502 0.8375096360991394 0.4852055843102924
vn -0.24960325829023056 0.48400632866630716 0.8387109676532574
vn -0.2513029056640502 0.8375096360991394 0.4852055843102924
vn -0.48741401650932337 0.435312514967211 0.7569217864635492
vn -0.48741401650932337 0.435312514967211 0.7569217864635492
vn -0.2513029056640502 0.8375096360991394 0.4852055843102924
vn -0.4888996236648965 0.7546994151373069 0.4374996580247001
vn -0.6598802705683096 0.37468880171965985 0.6512805312463901
vn -0.48741401650932337 0.435312514967211 0.7569217864635492
vn -0.4888996236648965 0.7546994151373069 0.4374996580247001
vn -0.661116759684484 0.6482164372251017 0.37780958242940854
vn -0.6598802705683096 0.37468880171965985 0.6512805312463901
vn -0.4888996236648965 0.7546994151373069 0.4374996580247001
vn 0.0018000607135337339 0.8661292414633004 0.49981686332459324
vn 0.2572968767115965 0.4839941420676411 0.8363898538831431
vn 0.2557024085866393 0.8375078906699648 0.48290455714202735
vn 0.4943942671768852 0.43529494977740646 0.7523912647558554
vn 0.2557024085866393 0.8375078906699648 0.48290455714202735
vn 0.2572968767115965 0.4839941420676411 0.8363898538831431
vn 0.2557024085866393 0.8375078906699648 0.48290455714202735
vn 0.4943942671768852 0.43529494977740646 0.7523912647558554
vn 0.49289717486630935 0.7546956580540173 0.43299750429214345
vn 0.6988971329680926 0.3589985327191938 0.61859748709031
vn 0.49289717486630935 0.7546956580540173 0.43299750429214345
vn 0.4943942671768852 0.43529494977740646 0.7523912647558554
vn 0.49289717486630935 0.7546956580540173 0.43299750429214345
vn 0.6988971329680926 0.3589985327191938 0.61859748709031
vn 0.6976950659296168 0.6217955870452957 0.35579747456729355
vn 0.6988971329680926 0.3589985327191938 0.61859748709031
vn 0.8575755490175239 0.4469872662292018 0.2544927534454312
vn 0.6976950659296168 0.6217955870452957 0.35579747456729355
vn 0.8575755490175239 0.4469872662292018 0.2544927534454312
vn 0.6988971329680926 0.3589985327191938 0.61859748709031
vn 0.8584335598462437 0.2585101198918251 0.44301731483455586
vn 0.9613515952684047 0.1392929941406195 0.23748804613755745
vn 0.8575755490175239 0.4469872662292018 0.2544927534454312
vn 0.8584335598462437 0.2585101198918251 0.44301731483455586
vn 0.8575755490175239 0.4469872662292018 0.2544927534454312
vn 0.9613515952684047 0.1392929941406195 0.23748804613755745
vn 0.9608796160432257 0.24189486328965923 0.13489714076547488
vn 0.9613515952684047 0.1392929941406195 0.23748804613755745
vn 0.9999873752396279 0.0004999937113682398 -0.004999936764440841
vn 0.9608796160432257 0.24189486328965923 0.13489714076547488
vn 0.487398327329816 -0.4351985164131657 -0.7569974384552944
vn 0.4870007795572094 0.0005000008358651089 -0.8734013915204364
vn 0.6931888224764083 -0.35899421272136717 -0.6249899292199326
vn 0.6931888224764083 -0.35899421272136717 -0.6249899292199326
vn 0.4870007795572094 0.0005000008358651089 -0.8734013915204364
vn 0.6929687322962388 0.0004999774506599401 -0.7209674653424331
vn 0.487398327329816 -0.4351985164131657 -0.7569974384552944
vn 0.24900081418838782 0.00040000130108379546 -0.9685031928354593
vn 0.4870007795572094 0.0005000008358651089 -0.8734013915204364
vn 0.6929687322962388 0.0004999774506599401 -0.7209674653424331
vn 0.8543385178501061 -0.25841163697706643 -0.45092030647611897
vn 0.6931888224764083 -0.35899421272136717 -0.6249899292199326
vn 0.24961533743726036 -0.483929758433475 -0.8387515557175446
vn 0.24900081418838782 0.00040000130108379546 -0.9685031928354593
vn 0.487398327329816 -0.4351985164131657 -0.7569974384552944
vn 0.8543385178501061 -0.25841163697706643 -0.45092030647611897
vn 0.6929687322962388 0.0004999774506599401 -0.7209674653424331
vn 0.8539879044296825 0.0004999929582248812 -0.5202926187203132
vn 0.959001529152561 0.0005000008254878898 -0.2834004535674283
vn 0.8543385178501061 -0.25841163697706643 -0.45092030647611897
vn 0.8539879044296825 0.0004999929582248812 -0.5202926187203132
vn 0.8543385178501061 -0.25841163697706643 -0.45092030647611897
vn 0.959001529152561 0.0005000008254878898 -0.2834004535674283
vn 0.959141657522326 -0.13920604680127205 -0.24631069270189454
vn 0.959001529152561 0.0005000008254878898 -0.2834004535674283
vn 0.9999868702576392 0.0004999934588772334 -0.0050999332223408845
vn 0.959141657522326 -0.13920604680127205 -0.24631069270189454
vn 0.24961533743726036 -0.483929758433475 -0.8387515557175446
vn -0.005099933222340885 0.0004999934588772335 -0.9999868702576394
vn 0.24900081418838782 0.00040000130108379546 -0.9685031928354593
vn -0.0044999486460559615 -0.4996943287632886 -0.8661901224696512
vn -0.005099933222340885 0.0004999934588772335 -0.9999868702576394
vn 0.24961533743726036 -0.483929758433475 -0.8387515557175446
vn -0.2573093275518201 -0.4839175725834408 -0.8364303275825072
vn -0.005099933222340885 0.0004999934588772335 -0.9999868702576394
vn -0.0044999486460559615 -0.4996943287632886 -0.8661901224696512
vn -0.005099933222340885 0.0004999934588772335 -0.9999868702576394
vn -0.2573093275518201 -0.4839175725834408 -0.8364303275825072
vn -0.25779957003234455 0.0003999993028593986 -0.9661983345523298
vn -0.4943785770864034 -0.43518115280198755 -0.7524673991369702
vn -0.25779957003234455 0.0003999993028593986 -0.9661983345523298
vn -0.2573093275518201 -0.4839175725834408 -0.8364303275825072
vn -0.25779957003234455 0.0003999993028593986 -0.9661983345523298
vn -0.4943785770864034 -0.43518115280198755 -0.7524673991369702
vn -0.4949969193276156 0.0004999969071417834 -0.8688945850097483
vn -0.6658090428404184 -0.37470511281464025 -0.645208801011342
vn -0.4949969193276156 0.0004999969071417834 -0.8688945850097483
vn -0.4943785770864034 -0.43518115280198755 -0.7524673991369702
vn -0.4949969193276156 0.0004999969071417834 -0.8688945850097483
vn -0.6658090428404184 -0.37470511281464025 -0.645208801011342
vn -0.6662362401293208 0.0005000272362717843 -0.7457405864716691
vn -0.2578928962657573 0.0004999862522227062 -0.966173381991766
vn -0.2573093275518201 0.4839175725834408 -0.8364303275825072
vn -0.005099933222340885 0.0004999934588772335 -0.9999868702576394
vn -0.2578928962657573 0.0004999862522227062 -0.966173381991766
vn -0.4943785770864034 0.43518115280198755 -0.7524673991369702
vn -0.2573093275518201 0.4839175725834408 -0.8364303275825072
vn -0.2578928962657573 0.0004999862522227062 -0.966173381991766
vn -0.4949969193276156 0.0004999969071417834 -0.8688945850097483
vn -0.4943785770864034 0.43518115280198755 -0.7524673991369702
vn -0.4949969193276156 0.0004999969071417834 -0.8688945850097483
vn -0.6658896666270586 0.3745941847282205 -0.6451900097235733
vn -0.4943785770864034 0.43518115280198755 -0.7524673991369702
vn -0.4949969193276156 0.0004999969071417834 -0.8688945850097483
vn -0.6662362401293208 0.0005000272362717843 -0.7457405864716691
vn -0.6658896666270586 0.3745941847282205 -0.6451900097235733
vn -0.005099933222340885 0.0004999934588772335 -0.9999868702576394
vn -0.2573093275518201 0.4839175725834408 -0.8364303275825072
vn -0.0044999486460559615 0.4996943287632886 -0.8661901224696512
vn 0.24961533743726036 0.483929758433475 -0.8387515557175446
vn -0.005099933222340885 0.0004999934588772335 -0.9999868702576394
vn -0.0044999486460559615 0.4996943287632886 -0.8661901224696512
vn -0.005099933222340885 0.0004999934588772335 -0.9999868702576394
vn 0.24961533743726036 0.483929758433475 -0.8387515557175446
vn 0.2490008029832745 0.0005000016402344229 -0.9685031492525175
vn 0.4874745784318834 0.43517730083781436 -0.7569605354430124
vn 0.2490008029832745 0.0005000016402344229 -0.9685031492525175
vn 0.24961533743726036 0.483929758433475 -0.8387515557175446
vn 0.2490008029832745 0.0005000016402344229 -0.9685031492525175
vn 0.4874745784318834 0.43517730083781436 -0.7569605354430124
vn 0.4870007795572094 0.0005000008358651089 -0.8734013915204364
vn 0.6931888224764083 0.35899421272136717 -0.6249899292199326
vn 0.4870007795572094 0.0005000008358651089 -0.8734013915204364
vn 0.4874745784318834 0.43517730083781436 -0.7569605354430124
vn 0.4870007795572094 0.0005000008358651089 -0.8734013915204364
vn 0.6931888224764083 0.35899421272136717 -0.6249899292199326
vn 0.6929687322962388 0.0004999774506599401 -0.7209674653424331
vn 0.8543385178501061 0.25841163697706643 -0.45092030647611897
vn 0.6929687322962388 0.0004999774506599401 -0.7209674653424331
vn 0.6931888224764083 0.35899421272136717 -0.6249899292199326
vn 0.6929687322962388 0.0004999774506599401 -0.7209674653424331
vn 0.8543385178501061 0.25841163697706643 -0.45092030647611897
vn 0.8539879044296825 0.0004999929582248812 -0.5202926187203132
vn 0.8543385178501061 0.25841163697706643 -0.45092030647611897
vn 0.959001529152561 0.0005000008254878898 -0.2834004535674283
vn 0.8539879044296825 0.0004999929582248812 -0.5202926187203132
vn 0.959001529152561 0.0005000008254878898 -0.2834004535674283
vn 0.8543385178501061 0.25841163697706643 -0.45092030647611897
vn 0.959141657522326 0.13920604680127205 -0.24631069270189454
vn 0.959141657522326 0.13920604680127205 -0.24631069270189454
vn 0.9999868702576392 0.0004999934588772334 -0.0050999332223408845
vn 0.959001529152561 0.0005000008254878898 -0.2834004535674283
vn -0.0028000879509038745 0.8661272492386562 -0.49981571367229544
vn 0.24960325829023056 0.48400632866630716 -0.8387109676532574
vn -0.004500113391533873 0.49981261214989925 -0.8661218746316003
vn -0.2572968767115965 0.4839941420676411 -0.8363898538831431
vn -0.0028000879509038745 0.8661272492386562 -0.49981571367229544
vn -0.004500113391533873 0.49981261214989925 -0.8661218746316003
vn 0.2513029056640502 0.8375096360991394 -0.4852055843102924
vn 0.24960325829023056 0.48400632866630716 -0.8387109676532574
vn -0.0028000879509038745 0.8661272492386562 -0.49981571367229544
vn 0.2513029056640502 0.8375096360991394 -0.4852055843102924
vn 0.48741401650932337 0.435312514967211 -0.7569217864635492
vn 0.24960325829023056 0.48400632866630716 -0.8387109676532574
vn 0.4888996236648965 0.7546994151373069 -0.4374996580247001
vn 0.48741401650932337 0.435312514967211 -0.7569217864635492
vn 0.2513029056640502 0.8375096360991394 -0.4852055843102924
vn 0.48741401650932337 0.435312514967211 -0.7569217864635492
vn 0.4888996236648965 0.7546994151373069 -0.4374996580247001
vn 0.6931639315442337 0.3590813333958713 -0.6249674871645595
vn 0.4888996236648965 0.7546994151373069 -0.4374996580247001
vn 0.6943946454428782 0.6217951995145469 -0.3621971924807316
vn 0.6931639315442337 0.3590813333958713 -0.6249674871645595
vn 0.8551872567278915 0.44699334002475133 -0.26239609353749954
vn 0.6931639315442337 0.3590813333958713 -0.6249674871645595
vn 0.6943946454428782 0.6217951995145469 -0.3621971924807316
vn 0.6931639315442337 0.3590813333958713 -0.6249674871645595
vn 0.8551872567278915 0.44699334002475133 -0.26239609353749954
vn 0.8543164326730763 0.2585049753922344 -0.4509086499083923
vn 0.9591283003673805 0.1393041128390596 -0.24630726254112387
vn 0.8543164326730763 0.2585049753922344 -0.4509086499083923
vn 0.8551872567278915 0.44699334002475133 -0.26239609353749954
vn 0.8551872567278915 0.44699334002475133 -0.26239609353749954
vn 0.9596012166571783 0.24190031081200922 -0.1437001900455121
vn 0.9591283003673805 0.1393041128390596 -0.24630726254112387
vn 0.9596012166571783 0.24190031081200922 -0.1437001900455121
vn 0.9999868702576392 0.0004999934588772334 -0.0050999332223408845
vn 0.9591283003673805 0.1393041128390596 -0.24630726254112387
vn -0.0028000879509038745 0.8661272492386562 -0.49981571367229544
vn -0.2572968767115965 0.4839941420676411 -0.8363898538831431
vn -0.2557024085866393 0.8375078906699648 -0.48290455714202735
vn -0.4943942671768852 0.43529494977740646 -0.7523912647558554
vn -0.2557024085866393 0.8375078906699648 -0.48290455714202735
vn -0.2572968767115965 0.4839941420676411 -0.8363898538831431
vn -0.2557024085866393 0.8375078906699648 -0.48290455714202735
vn -0.4943942671768852 0.43529494977740646 -0.7523912647558554
vn -0.49289717486630935 0.7546956580540173 -0.43299750429214345
vn -0.6658090428404184 0.37470511281464025 -0.645208801011342
vn -0.49289717486630935 0.7546956580540173 -0.43299750429214345
vn -0.4943942671768852 0.43529494977740646 -0.7523912647558554
vn -0.49289717486630935 0.7546956580540173 -0.43299750429214345
vn -0.6658090428404184 0.37470511281464025 -0.645208801011342
vn -0.6645942761217066 0.6481943785337073 -0.37169677935592277
vn -0.0004999998987487548 -0.99999975000007 -0.0004999998987487548
vn -0.25129404491112073 -0.837580120355326 0.48508849190407
vn -0.2533905166563777 -0.9673638178603312 0.0006999737836235351
vn -0.4889210091240426 -0.7547324272173511 0.4374188040582313
vn -0.2533905166563777 -0.9673638178603312 0.0006999737836235351
vn -0.25129404491112073 -0.837580120355326 0.48508849190407
vn -0.2533905166563777 -0.9673638178603312 0.0006999737836235351
vn -0.4889210091240426 -0.7547324272173511 0.4374188040582313
vn -0.49102468072270766 -0.8711438013298934 0.0018000904605435545
vn -0.6610988658842006 -0.6482989090120624 0.377699370002643
vn -0.49102468072270766 -0.8711438013298934 0.0018000904605435545
vn -0.4889210091240426 -0.7547324272173511 0.4374188040582313
vn -0.49102468072270766 -0.8711438013298934 0.0018000904605435545
vn -0.6610988658842006 -0.6482989090120624 0.377699370002643
vn -0.6627960279218355 -0.7487954763834449 0.0025999843706078205
vn -0.25129404491112073 -0.837580120355326 0.48508849190407
vn -0.0004999998987487548 -0.99999975000007 -0.0004999998987487548
vn 0.0017999948136594127 -0.8661974893424089 0.49969857862073014
vn 0.0017999948136594127 -0.8661974893424089 0.49969857862073014
vn -0.0004999998987487548 -0.99999975000007 -0.0004999998987487548
vn 0.2556933339495876 -0.8375781822952612 0.4827874351272111
vn 0.2556933339495876 -0.8375781822952612 0.4827874351272111
vn -0.0004999998987487548 -0.99999975000007 -0.0004999998987487548
vn 0.2534147718637407 -0.9673563940466093 -0.0016000932439618899
vn 0.2556933339495876 -0.8375781822952612 0.4827874351272111
vn 0.2534147718637407 -0.9673563940466093 -0.0016000932439618899
vn 0.49289717486630935 -0.7546956580540173 0.43299750429214345
vn 0.49289717486630935 -0.7546956580540173 0.43299750429214345
vn 0.2534147718637407 -0.9673563940466093 -0.0016000932439618899
vn 0.4910236863006518 -0.8711420370914674 -0.0027001303389276696
vn 0.49289717486630935 -0.7546956580540173 0.43299750429214345
vn 0.4910236863006518 -0.8711420370914674 -0.0027001303389276696
vn 0.6976950659296168 -0.6217955870452957 0.35579747456729355
vn 0.6976950659296168 -0.6217955870452957 0.35579747456729355
vn 0.4910236863006518 -0.8711420370914674 -0.0027001303389276696
vn 0.6962706854077952 -0.7177697707451941 -0.003699844071089275
vn 0.8563532226214591 -0.5163717655154115 -0.004399759577361765
vn 0.6976950659296168 -0.6217955870452957 0.35579747456729355
vn 0.6962706854077952 -0.7177697707451941 -0.003699844071089275
vn 0.6976950659296168 -0.6217955870452957 0.35579747456729355
vn 0.8563532226214591 -0.5163717655154115 -0.004399759577361765
vn 0.8575755490175239 -0.4469872662292018 0.2544927534454312
vn -0.11999687239667906 0.0004999870032431831 0.9927741438152042
vn -0.7386563915382881 -0.3355256099678629 0.5846445931464076
vn -0.12050055911533439 -0.4962023045005007 0.8598039824641918
vn -0.7386563915382881 -0.3355256099678629 0.5846445931464076
vn -0.11999687239667906 0.0004999870032431831 0.9927741438152042
vn -0.738336053530656 0.00040001950936712573 0.6744328817911892
vn -0.7397680703157986 -0.5811749376775801 0.3390853785651931
vn -0.12050055911533439 -0.4962023045005007 0.8598039824641918
vn -0.7386563915382881 -0.3355256099678629 0.5846445931464076
vn -0.738336053530656 0.00040001950936712573 0.6744328817911892
vn -0.7397680703157986 -0.5811749376775801 0.3390853785651931
vn -0.7386563915382881 -0.3355256099678629 0.5846445931464076
vn -0.12220196929167582 -0.8592138659858787 0.4968080224783382
vn -0.005500037798986875 -0.5000034389808548 0.8660059529769574
vn -0.12050055911533439 -0.4962023045005007 0.8598039824641918
vn -0.12050055911533439 -0.4962023045005007 0.8598039824641918
vn -0.7397680703157986 -0.5811749376775801 0.3390853785651931
vn -0.12220196929167582 -0.8592138659858787 0.4968080224783382
vn -0.005500037798986875 -0.5000034389808548 0.8660059529769574
vn -0.12220196929167582 -0.8592138659858787 0.4968080224783382
vn -0.007099977311323489 -0.865997223648434 0.49999839895281956
vn -0.007099977311323489 -0.865997223648434 0.49999839895281956
vn -0.016000490392759713 -0.49991531117287724 0.8659264783814599
vn -0.005500037798986875 -0.5000034389808548 0.8660059529769574
vn -0.7414284080218249 0.6710257112317041 0.002900111068198535
vn -0.7444613960373088 0.0003999792590067519 -0.6676653876207556
vn -0.738336053530656 0.00040001950936712573 0.6744328817911892
vn -0.016000490392759713 -0.49991531117287724 0.8659264783814599
vn -0.007099977311323489 -0.865997223648434 0.49999839895281956
vn -0.017700270692343468 -0.8660132536830707 0.4997076593996525
vn -0.017700270692343468 -0.8660132536830707 0.4997076593996525
vn -0.05069756800158764 -0.49927603845446034 0.8649584926595869
vn -0.016000490392759713 -0.49991531117287724 0.8659264783814599
vn -0.738336053530656 0.00040001950936712573 0.6744328817911892
vn -0.742811668803005 -0.5812091359076789 -0.33230522870930584
vn -0.7397680703157986 -0.5811749376775801 0.3390853785651931
vn -0.742811668803005 -0.5812091359076789 -0.33230522870930584
vn -0.738336053530656 0.00040001950936712573 0.6744328817911892
vn -0.7444613960373088 0.0003999792590067519 -0.6676653876207556
vn -0.05069756800158764 -0.49927603845446034 0.8649584926595869
vn -0.017700270692343468 -0.8660132536830707 0.4997076593996525
vn -0.05190189708998515 -0.8646316166381302 0.49971828122272466
vn -0.05190189708998515 -0.8646316166381302 0.49971828122272466
vn -0.18269895444567696 -0.8510951883232856 0.49219718859153155
vn -0.05069756800158764 -0.49927603845446034 0.8649584926595869
vn -0.05190189708998515 -0.8646316166381302 0.49971828122272466
vn -0.18500694843730778 -0.9827368869549405 0.0008000300167756276
vn -0.18269895444567696 -0.8510951883232856 0.49219718859153155
vn -0.017700270692343468 -0.8660132536830707 0.4997076593996525
vn -0.054301335972434875 -0.9985245740139004 -0.0002000049192347969
vn -0.05190189708998515 -0.8646316166381302 0.49971828122272466
vn -0.18500694843730778 -0.9827368869549405 0.0008000300167756276
vn -0.05190189708998515 -0.8646316166381302 0.49971828122272466
vn -0.054301335972434875 -0.9985245740139004 -0.0002000049192347969
vn -0.054301335972434875 -0.9985245740139004 -0.0002000049192347969
vn -0.017700270692343468 -0.8660132536830707 0.4997076593996525
vn -0.019900038400471626 -0.9998019696277965 0.00010000019183375125
vn -0.007099977311323489 -0.865997223648434 0.49999839895281956
vn -0.019900038400471626 -0.9998019696277965 0.00010000019183375125
vn -0.017700270692343468 -0.8660132536830707 0.4997076593996525
vn -0.05659970375328805 -0.8646954826482462 -0.499097381101881
vn -0.18500694843730778 -0.9827368869549405 0.0008000300167756276
vn -0.054301335972434875 -0.9985245740139004 -0.0002000049192347969
vn -0.18500694843730778 -0.9827368869549405 0.0008000300167756276
vn -0.05659970375328805 -0.8646954826482462 -0.499097381101881
vn -0.18719949434586203 -0.8510977517059117 -0.4904986914944788
vn -0.02220108124227237 -0.8658422094288124 -0.49982434951001187
vn -0.054301335972434875 -0.9985245740139004 -0.0002000049192347969
vn -0.019900038400471626 -0.9998019696277965 0.00010000019183375125
vn -0.054301335972434875 -0.9985245740139004 -0.0002000049192347969
vn -0.02220108124227237 -0.8658422094288124 -0.49982434951001187
vn -0.05659970375328805 -0.8646954826482462 -0.499097381101881
vn -0.019900038400471626 -0.9998019696277965 0.00010000019183375125
vn -0.007099977311323489 -0.865997223648434 0.49999839895281956
vn -0.009399584552943012 -0.9999558179295305 0.00009999557926685217
vn -0.12220196929167582 -0.8592138659858787 0.4968080224783382
vn -0.009399584552943012 -0.9999558179295305 0.00009999557926685217
vn -0.007099977311323489 -0.865997223648434 0.49999839895281956
vn -0.019900038400471626 -0.9998019696277965 0.00010000019183375125
vn -0.011700041174434543 -0.8660030677668399 -0.49990178600895047
vn -0.02220108124227237 -0.8658422094288124 -0.49982434951001187
vn -0.011700041174434543 -0.8660030677668399 -0.49990178600895047
vn -0.019900038400471626 -0.9998019696277965 0.00010000019183375125
vn -0.009399584552943012 -0.9999558179295305 0.00009999557926685217
vn -0.024000493079085142 -0.49961025314894475 -0.8659177624234349
vn -0.05659970375328805 -0.8646954826482462 -0.499097381101881
vn -0.02220108124227237 -0.8658422094288124 -0.49982434951001187
vn -0.011700041174434543 -0.8660030677668399 -0.49990178600895047
vn -0.024000493079085142 -0.49961025314894475 -0.8659177624234349
vn -0.02220108124227237 -0.8658422094288124 -0.49982434951001187
vn -0.05859722713172729 -0.49927636805266323 -0.8644590639681062
vn -0.18719949434586203 -0.8510977517059117 -0.4904986914944788
vn -0.05659970375328805 -0.8646954826482462 -0.499097381101881
vn -0.05659970375328805 -0.8646954826482462 -0.499097381101881
vn -0.024000493079085142 -0.49961025314894475 -0.8659177624234349
vn -0.05859722713172729 -0.49927636805266323 -0.8644590639681062
vn -0.18719949434586203 -0.8510977517059117 -0.4904986914944788
vn -0.05859722713172729 -0.49927636805266323 -0.8644590639681062
vn -0.18901096528043485 -0.4909285020484842 -0.850449328814004
vn -0.009399584552943012 -0.9999558179295305 0.00009999557926685217
vn -0.12220196929167582 -0.8592138659858787 0.4968080224783382
vn -0.12460087077942526 -0.9922069456524727 0
vn -0.7397680703157986 -0.5811749376775801 0.3390853785651931
vn -0.12460087077942526 -0.9922069456524727 0
vn -0.12220196929167582 -0.8592138659858787 0.4968080224783382
vn -0.12460087077942526 -0.9922069456524727 0
vn -0.7397680703157986 -0.5811749376775801 0.3390853785651931
vn -0.7413784287142994 -0.6710804914172007 0.0029999127261619426
vn -0.7397680703157986 -0.5811749376775801 0.3390853785651931
vn -0.742811668803005 -0.5812091359076789 -0.33230522870930584
vn -0.7413784287142994 -0.6710804914172007 0.0029999127261619426
vn -0.742811668803005 -0.5812091359076789 -0.33230522870930584
vn -0.12460087077942526 -0.9922069456524727 0
vn -0.7413784287142994 -0.6710804914172007 0.0029999127261619426
vn -0.12670192118956008 -0.859313054130274 -0.4955075157534698
vn -0.009399584552943012 -0.9999558179295305 0.00009999557926685217
vn -0.12460087077942526 -0.9922069456524727 0
vn -0.12460087077942526 -0.9922069456524727 0
vn -0.742811668803005 -0.5812091359076789 -0.33230522870930584
vn -0.12670192118956008 -0.859313054130274 -0.4955075157534698
vn -0.009399584552943012 -0.9999558179295305 0.00009999557926685217
vn -0.12670192118956008 -0.859313054130274 -0.4955075157534698
vn -0.011700041174434543 -0.8660030677668399 -0.49990178600895047
vn -0.7439063371986891 -0.3356028471634668 -0.5779049147147003
vn -0.12670192118956008 -0.859313054130274 -0.4955075157534698
vn -0.742811668803005 -0.5812091359076789 -0.33230522870930584
vn -0.742811668803005 -0.5812091359076789 -0.33230522870930584
vn -0.7444613960373088 0.0003999792590067519 -0.6676653876207556
vn -0.7439063371986891 -0.3356028471634668 -0.5779049147147003
vn -0.1284020890538322 -0.4961080879023728 -0.8587139620644718
vn -0.011700041174434543 -0.8660030677668399 -0.49990178600895047
vn -0.12670192118956008 -0.859313054130274 -0.4955075157534698
vn -0.12670192118956008 -0.859313054130274 -0.4955075157534698
vn -0.7439063371986891 -0.3356028471634668 -0.5779049147147003
vn -0.1284020890538322 -0.4961080879023728 -0.8587139620644718
vn -0.011700041174434543 -0.8660030677668399 -0.49990178600895047
vn -0.1284020890538322 -0.4961080879023728 -0.8587139620644718
vn -0.013400251948192617 -0.5000094163982243 -0.8659162873862762
vn -0.013400251948192617 -0.5000094163982243 -0.8659162873862762
vn -0.024000493079085142 -0.49961025314894475 -0.8659177624234349
vn -0.011700041174434543 -0.8660030677668399 -0.49990178600895047
vn -0.7439063371986891 -0.3356028471634668 -0.5779049147147003
vn -0.12910402474264945 0.0005000156312047973 -0.9916309297211428
vn -0.1284020890538322 -0.4961080879023728 -0.8587139620644718
vn -0.12910402474264945 0.0005000156312047973 -0.9916309297211428
vn -0.7439063371986891 -0.3356028471634668 -0.5779049147147003
vn -0.7444613960373088 0.0003999792590067519 -0.6676653876207556
vn -0.1284020890538322 -0.4961080879023728 -0.8587139620644718
vn -0.014000028594426651 0 -0.9999019947971677
vn -0.013400251948192617 -0.5000094163982243 -0.8659162873862762
vn -0.014000028594426651 0 -0.9999019947971677
vn -0.1284020890538322 -0.4961080879023728 -0.8587139620644718
vn -0.12910402474264945 0.0005000156312047973 -0.9916309297211428
vn -0.013400251948192617 -0.5000094163982243 -0.8659162873862762
vn -0.024499994954048462 0 -0.9996998300726331
vn -0.024000493079085142 -0.49961025314894475 -0.8659177624234349
vn -0.024499994954048462 0 -0.9996998300726331
vn -0.013400251948192617 -0.5000094163982243 -0.8659162873862762
vn -0.014000028594426651 0 -0.9999019947971677
vn -0.058997522164456875 0.0002999874132664879 -0.9982580840574277
vn -0.024000493079085142 -0.49961025314894475 -0.8659177624234349
vn -0.024499994954048462 0 -0.9996998300726331
vn -0.024000493079085142 -0.49961025314894475 -0.8659177624234349
vn -0.058997522164456875 0.0002999874132664879 -0.9982580840574277
vn -0.05859722713172729 -0.49927636805266323 -0.8644590639681062
vn -0.024099553470303573 0.49949075079671995 -0.8659839498461047
vn -0.058997522164456875 0.0002999874132664879 -0.9982580840574277
vn -0.024499994954048462 0 -0.9996998300726331
vn -0.013400251948192617 0.5000094163982243 -0.8659162873862762
vn -0.024499994954048462 0 -0.9996998300726331
vn -0.014000028594426651 0 -0.9999019947971677
vn -0.024499994954048462 0 -0.9996998300726331
vn -0.013400251948192617 0.5000094163982243 -0.8659162873862762
vn -0.024099553470303573 0.49949075079671995 -0.8659839498461047
vn -0.12839743123918468 0.4959900768753444 -0.8587828266170493
vn -0.014000028594426651 0 -0.9999019947971677
vn -0.12910402474264945 0.0005000156312047973 -0.9916309297211428
vn -0.014000028594426651 0 -0.9999019947971677
vn -0.12839743123918468 0.4959900768753444 -0.8587828266170493
vn -0.013400251948192617 0.5000094163982243 -0.8659162873862762
vn -0.12910402474264945 0.0005000156312047973 -0.9916309297211428
vn -0.7439312973597738 0.33551411658982677 -0.5779243050586745
vn -0.12839743123918468 0.4959900768753444 -0.8587828266170493
vn -0.7439312973597738 0.33551411658982677 -0.5779243050586745
vn -0.12910402474264945 0.0005000156312047973 -0.9916309297211428
vn -0.7444613960373088 0.0003999792590067519 -0.6676653876207556
vn -0.12670819846407755 0.8593556276278704 -0.49543207173768755
vn -0.013400251948192617 0.5000094163982243 -0.8659162873862762
vn -0.12839743123918468 0.4959900768753444 -0.8587828266170493
vn -0.12839743123918468 0.4959900768753444 -0.8587828266170493
vn -0.7439312973597738 0.33551411658982677 -0.5779243050586745
vn -0.12670819846407755 0.8593556276278704 -0.49543207173768755
vn -0.7444613960373088 0.0003999792590067519 -0.6676653876207556
vn -0.7428178392236106 0.5813139829175741 -0.3321079809273979
vn -0.7439312973597738 0.33551411658982677 -0.5779243050586745
vn -0.7428178392236106 0.5813139829175741 -0.3321079809273979
vn -0.12670819846407755 0.8593556276278704 -0.49543207173768755
vn -0.7439312973597738 0.33551411658982677 -0.5779243050586745
vn -0.7444613960373088 0.0003999792590067519 -0.6676653876207556
vn -0.7414284080218249 0.6710257112317041 0.002900111068198535
vn -0.7428178392236106 0.5813139829175741 -0.3321079809273979
vn -0.7414284080218249 0.6710257112317041 0.002900111068198535
vn -0.12460087077942526 0.9922069456524727 0
vn -0.7428178392236106 0.5813139829175741 -0.3321079809273979
vn -0.12670819846407755 0.8593556276278704 -0.49543207173768755
vn -0.7428178392236106 0.5813139829175741 -0.3321079809273979
vn -0.12460087077942526 0.9922069456524727 0
vn -0.12460087077942526 0.9922069456524727 0
vn -0.009299596719505563 0.9999566328209009 -0.0004999783401581462
vn -0.12670819846407755 0.8593556276278704 -0.49543207173768755
vn -0.013400251948192617 0.5000094163982243 -0.8659162873862762
vn -0.12670819846407755 0.8593556276278704 -0.49543207173768755
vn -0.01170046966788278 0.8659347629958538 -0.5000200848414642
vn -0.01170046966788278 0.8659347629958538 -0.5000200848414642
vn -0.12670819846407755 0.8593556276278704 -0.49543207173768755
vn -0.009299596719505563 0.9999566328209009 -0.0004999783401581462
vn -0.01170046966788278 0.8659347629958538 -0.5000200848414642
vn -0.024099553470303573 0.49949075079671995 -0.8659839498461047
vn -0.013400251948192617 0.5000094163982243 -0.8659162873862762
vn -0.009299596719505563 0.9999566328209009 -0.0004999783401581462
vn -0.019999997024914683 0.9997999000395288 -0.0003999999393341406
vn -0.01170046966788278 0.8659347629958538 -0.5000200848414642
vn -0.022400469497215844 0.8660181786388369 -0.49951049361687694
vn -0.01170046966788278 0.8659347629958538 -0.5000200848414642
vn -0.019999997024914683 0.9997999000395288 -0.0003999999393341406
vn -0.024099553470303573 0.49949075079671995 -0.8659839498461047
vn -0.01170046966788278 0.8659347629958538 -0.5000200848414642
vn -0.022400469497215844 0.8660181786388369 -0.49951049361687694
vn -0.019999997024914683 0.9997999000395288 -0.0003999999393341406
vn -0.05420162824087862 0.9985299662456931 -0.0003000090207803869
vn -0.022400469497215844 0.8660181786388369 -0.49951049361687694
vn -0.05700125018544778 0.8647189844404705 -0.4990109572199165
vn -0.022400469497215844 0.8660181786388369 -0.49951049361687694
vn -0.05420162824087862 0.9985299662456931 -0.0003000090207803869
vn -0.022400469497215844 0.8660181786388369 -0.49951049361687694
vn -0.05700125018544778 0.8647189844404705 -0.4990109572199165
vn -0.024099553470303573 0.49949075079671995 -0.8659839498461047
vn -0.05420162824087862 0.9985299662456931 -0.0003000090207803869
vn -0.18520015365037681 0.9827007749502004 0.00030000025379672395
vn -0.05700125018544778 0.8647189844404705 -0.4990109572199165
vn -0.05820072921555206 0.49940623233394715 -0.8644108341667114
vn -0.024099553470303573 0.49949075079671995 -0.8659839498461047
vn -0.05700125018544778 0.8647189844404705 -0.4990109572199165
vn -0.058997522164456875 0.0002999874132664879 -0.9982580840574277
vn -0.024099553470303573 0.49949075079671995 -0.8659839498461047
vn -0.05820072921555206 0.49940623233394715 -0.8644108341667114
vn -0.18719949434586203 0.8510977517059117 -0.4904986914944788
vn -0.05700125018544778 0.8647189844404705 -0.4990109572199165
vn -0.18520015365037681 0.9827007749502004 0.00030000025379672395
vn -0.18520015365037681 0.9827007749502004 0.00030000025379672395
vn -0.5416861171262785 0.8405784619637725 0.0019999488178837695
vn -0.18719949434586203 0.8510977517059117 -0.4904986914944788
vn -0.05700125018544778 0.8647189844404705 -0.4990109572199165
vn -0.18890025772517005 0.49140068975096834 -0.8502011848636984
vn -0.05820072921555206 0.49940623233394715 -0.8644108341667114
vn -0.18890025772517005 0.49140068975096834 -0.8502011848636984
vn -0.05700125018544778 0.8647189844404705 -0.4990109572199165
vn -0.18719949434586203 0.8510977517059117 -0.4904986914944788
vn -0.05820072921555206 0.49940623233394715 -0.8644108341667114
vn -0.18949642110389514 0 -0.9818814115710792
vn -0.058997522164456875 0.0002999874132664879 -0.9982580840574277
vn -0.18949642110389514 0 -0.9818814115710792
vn -0.05820072921555206 0.49940623233394715 -0.8644108341667114
vn -0.18890025772517005 0.49140068975096834 -0.8502011848636984
vn -0.18949642110389514 0 -0.9818814115710792
vn -0.05859722713172729 -0.49927636805266323 -0.8644590639681062
vn -0.058997522164456875 0.0002999874132664879 -0.9982580840574277
vn -0.05859722713172729 -0.49927636805266323 -0.8644590639681062
vn -0.18949642110389514 0 -0.9818814115710792
vn -0.18901096528043485 -0.4909285020484842 -0.850449328814004
vn -0.5455048584615486 0.0005000044948873861 -0.8381075106395068
vn -0.18901096528043485 -0.4909285020484842 -0.850449328814004
vn -0.18949642110389514 0 -0.9818814115710792
vn -0.18890025772517005 0.49140068975096834 -0.8502011848636984
vn -0.5455048584615486 0.0005000044948873861 -0.8381075106395068
vn -0.18949642110389514 0 -0.9818814115710792
vn -0.5455048584615486 0.0005000044948873861 -0.8381075106395068
vn -0.18890025772517005 0.49140068975096834 -0.8502011848636984
vn -0.5448123825141662 0.4203095724048071 -0.7256165180066713
vn -0.18719949434586203 0.8510977517059117 -0.4904986914944788
vn -0.5448123825141662 0.4203095724048071 -0.7256165180066713
vn -0.18890025772517005 0.49140068975096834 -0.8502011848636984
vn -0.5448123825141662 0.4203095724048071 -0.7256165180066713
vn -0.6662362401293208 0.0005000272362717843 -0.7457405864716691
vn -0.5455048584615486 0.0005000044948873861 -0.8381075106395068
vn -0.6662362401293208 0.0005000272362717843 -0.7457405864716691
vn -0.5448123825141662 0.4203095724048071 -0.7256165180066713
vn -0.6658647171068868 0.3746801607480832 -0.645165835777094
vn -0.5448123825141662 0.4203095724048071 -0.7256165180066713
vn -0.18719949434586203 0.8510977517059117 -0.4904986914944788
vn -0.5433854357552721 0.728080501152836 -0.4178888034514545
vn -0.5433854357552721 0.728080501152836 -0.4178888034514545
vn -0.6658647171068868 0.3746801607480832 -0.645165835777094
vn -0.5448123825141662 0.4203095724048071 -0.7256165180066713
vn -0.5433854357552721 0.728080501152836 -0.4178888034514545
vn -0.18719949434586203 0.8510977517059117 -0.4904986914944788
vn -0.5416861171262785 0.8405784619637725 0.0019999488178837695
vn -0.6658647171068868 0.3746801607480832 -0.645165835777094
vn -0.5433854357552721 0.728080501152836 -0.4178888034514545
vn -0.6646189734553825 0.6482184664222562 -0.37161060252943756
vn -0.6627961969329591 0.7487956673241861 0.0024999855465426156
vn -0.5433854357552721 0.728080501152836 -0.4178888034514545
vn -0.5416861171262785 0.8405784619637725 0.0019999488178837695
vn -0.6646189734553825 0.6482184664222562 -0.37161060252943756
vn -0.5433854357552721 0.728080501152836 -0.4178888034514545
vn -0.6627961969329591 0.7487956673241861 0.0024999855465426156
vn -0.5455048584615486 0.0005000044948873861 -0.8381075106395068
vn -0.6658647171068868 -0.3746801607480832 -0.645165835777094
vn -0.5447894847518743 -0.4203918921999488 -0.7255860212795819
vn -0.6646189734553825 -0.6482184664222562 -0.37161060252943756
vn -0.5447894847518743 -0.4203918921999488 -0.7255860212795819
vn -0.6658647171068868 -0.3746801607480832 -0.645165835777094
vn -0.6658647171068868 -0.3746801607480832 -0.645165835777094
vn -0.5455048584615486 0.0005000044948873861 -0.8381075106395068
vn -0.6662362401293208 0.0005000272362717843 -0.7457405864716691
vn -0.5447894847518743 -0.4203918921999488 -0.7255860212795819
vn -0.6646189734553825 -0.6482184664222562 -0.37161060252943756
vn -0.5433854357552721 -0.728080501152836 -0.4178888034514545
vn -0.6627960279218355 -0.7487954763834449 0.0025999843706078205
vn -0.5433854357552721 -0.728080501152836 -0.4178888034514545
vn -0.6646189734553825 -0.6482184664222562 -0.37161060252943756
vn -0.5433854357552721 -0.728080501152836 -0.4178888034514545
vn -0.6627960279218355 -0.7487954763834449 0.0025999843706078205
vn -0.5416861171262785 -0.8405784619637725 0.0019999488178837695
vn -0.18719949434586203 -0.8510977517059117 -0.4904986914944788
vn -0.5447894847518743 -0.4203918921999488 -0.7255860212795819
vn -0.5433854357552721 -0.728080501152836 -0.4178888034514545
vn -0.5416861171262785 -0.8405784619637725 0.0019999488178837695
vn -0.18719949434586203 -0.8510977517059117 -0.4904986914944788
vn -0.5433854357552721 -0.728080501152836 -0.4178888034514545
vn -0.6611980292277889 -0.6481980562746412 0.3776988826923706
vn -0.5416861171262785 -0.8405784619637725 0.0019999488178837695
vn -0.6627960279218355 -0.7487954763834449 0.0025999843706078205
vn -0.18901096528043485 -0.4909285020484842 -0.850449328814004
vn -0.5447894847518743 -0.4203918921999488 -0.7255860212795819
vn -0.18719949434586203 -0.8510977517059117 -0.4904986914944788
vn -0.18901096528043485 -0.4909285020484842 -0.850449328814004
vn -0.5455048584615486 0.0005000044948873861 -0.8381075106395068
vn -0.5447894847518743 -0.4203918921999488 -0.7255860212795819
vn -0.5416861171262785 -0.8405784619637725 0.0019999488178837695
vn -0.6611980292277889 -0.6481980562746412 0.3776988826923706
vn -0.5395844661694705 -0.7280790216877583 0.42278782154504446
vn -0.6598802705683096 -0.37468880171965985 0.6512805312463901
vn -0.5395844661694705 -0.7280790216877583 0.42278782154504446
vn -0.6611980292277889 -0.6481980562746412 0.3776988826923706
vn -0.5395844661694705 -0.7280790216877583 0.42278782154504446
vn -0.6598802705683096 -0.37468880171965985 0.6512805312463901
vn -0.5381931206693641 -0.42039460382045596 0.7304906172859534
vn -0.6598802705683096 -0.37468880171965985 0.6512805312463901
vn -0.537787447628705 0.0004999883406038979 0.8430803112305862
vn -0.5381931206693641 -0.42039460382045596 0.7304906172859534
vn -0.6598802705683096 -0.37468880171965985 0.6512805312463901
vn -0.6593960849970296 0.0004999970655516322 0.7517955527226297
vn -0.537787447628705 0.0004999883406038979 0.8430803112305862
vn -0.18120990161040404 -0.4909268412595836 0.8521465883809165
vn -0.5395844661694705 -0.7280790216877583 0.42278782154504446
vn -0.5381931206693641 -0.42039460382045596 0.7304906172859534
vn -0.537787447628705 0.0004999883406038979 0.8430803112305862
vn -0.18120990161040404 -0.4909268412595836 0.8521465883809165
vn -0.5381931206693641 -0.42039460382045596 0.7304906172859534
vn -0.18269895444567696 -0.8510951883232856 0.49219718859153155
vn -0.5416861171262785 -0.8405784619637725 0.0019999488178837695
vn -0.5395844661694705 -0.7280790216877583 0.42278782154504446
vn -0.18269895444567696 -0.8510951883232856 0.49219718859153155
vn -0.5395844661694705 -0.7280790216877583 0.42278782154504446
vn -0.18120990161040404 -0.4909268412595836 0.8521465883809165
vn -0.5416861171262785 -0.8405784619637725 0.0019999488178837695
vn -0.18269895444567696 -0.8510951883232856 0.49219718859153155
vn -0.18500694843730778 -0.9827368869549405 0.0008000300167756276
vn -0.18719949434586203 -0.8510977517059117 -0.4904986914944788
vn -0.5416861171262785 -0.8405784619637725 0.0019999488178837695
vn -0.18500694843730778 -0.9827368869549405 0.0008000300167756276
vn -0.05069756800158764 -0.49927603845446034 0.8649584926595869
vn -0.18269895444567696 -0.8510951883232856 0.49219718859153155
vn -0.18120990161040404 -0.4909268412595836 0.8521465883809165
vn -0.6593960849970296 0.0004999970655516322 0.7517955527226297
vn -0.5382157414751564 0.4203122837222371 0.7305213205516627
vn -0.537787447628705 0.0004999883406038979 0.8430803112305862
vn -0.5382157414751564 0.4203122837222371 0.7305213205516627
vn -0.6593960849970296 0.0004999970655516322 0.7517955527226297
vn -0.6599232540305522 0.37471320830170174 0.6512229344195217
vn -0.18120990161040404 -0.4909268412595836 0.8521465883809165
vn -0.537787447628705 0.0004999883406038979 0.8430803112305862
vn -0.18049555603026693 0 0.9835757999530715
vn -0.18049555603026693 0 0.9835757999530715
vn -0.05069756800158764 -0.49927603845446034 0.8649584926595869
vn -0.18120990161040404 -0.4909268412595836 0.8521465883809165
vn -0.18109956582424627 0.4913988362659922 0.8518979580763755
vn -0.537787447628705 0.0004999883406038979 0.8430803112305862
vn -0.5382157414751564 0.4203122837222371 0.7305213205516627
vn -0.537787447628705 0.0004999883406038979 0.8430803112305862
vn -0.18109956582424627 0.4913988362659922 0.8518979580763755
vn -0.18049555603026693 0 0.9835757999530715
vn -0.6599232540305522 0.37471320830170174 0.6512229344195217
vn -0.5395844661694705 0.7280790216877583 0.42278782154504446
vn -0.5382157414751564 0.4203122837222371 0.7305213205516627
vn -0.5395844661694705 0.7280790216877583 0.42278782154504446
vn -0.6599232540305522 0.37471320830170174 0.6512229344195217
vn -0.6611980292277889 0.6481980562746412 0.3776988826923706
vn -0.6627960279218355 0.7487954763834449 0.0025999843706078205
vn -0.5395844661694705 0.7280790216877583 0.42278782154504446
vn -0.6611980292277889 0.6481980562746412 0.3776988826923706
vn -0.5395844661694705 0.7280790216877583 0.42278782154504446
vn -0.6627960279218355 0.7487954763834449 0.0025999843706078205
vn -0.5416861171262785 0.8405784619637725 0.0019999488178837695
vn -0.1828070460502411 0.8512328177035964 0.49191897094824544
vn -0.5382157414751564 0.4203122837222371 0.7305213205516627
vn -0.5395844661694705 0.7280790216877583 0.42278782154504446
vn -0.5416861171262785 0.8405784619637725 0.0019999488178837695
vn -0.1828070460502411 0.8512328177035964 0.49191897094824544
vn -0.5395844661694705 0.7280790216877583 0.42278782154504446
vn -0.18109956582424627 0.4913988362659922 0.8518979580763755
vn -0.5382157414751564 0.4203122837222371 0.7305213205516627
vn -0.1828070460502411 0.8512328177035964 0.49191897094824544
vn -0.1828070460502411 0.8512328177035964 0.49191897094824544
vn -0.5416861171262785 0.8405784619637725 0.0019999488178837695
vn -0.185200147168363 0.9827007405556284 0.0004000002952917492
vn -0.185200147168363 0.9827007405556284 0.0004000002952917492
vn -0.05190189708998515 0.8646316166381302 0.49971828122272466
vn -0.1828070460502411 0.8512328177035964 0.49191897094824544
vn -0.05190189708998515 0.8646316166381302 0.49971828122272466
vn -0.18109956582424627 0.4913988362659922 0.8518979580763755
vn -0.1828070460502411 0.8512328177035964 0.49191897094824544
vn -0.05190189708998515 0.8646316166381302 0.49971828122272466
vn -0.185200147168363 0.9827007405556284 0.0004000002952917492
vn -0.054201629596001034 0.9985299912104475 -0.00020000600430169067
vn -0.050300440075866024 0.49940437526120585 0.8649075879526893
vn -0.18109956582424627 0.4913988362659922 0.8518979580763755
vn -0.05190189708998515 0.8646316166381302 0.49971828122272466
vn -0.050300440075866024 0.49940437526120585 0.8649075879526893
vn -0.18049555603026693 0 0.9835757999530715
vn -0.18109956582424627 0.4913988362659922 0.8518979580763755
vn -0.054201629596001034 0.9985299912104475 -0.00020000600430169067
vn -0.017599185648934076 0.8658599196138367 0.499976867735713
vn -0.05190189708998515 0.8646316166381302 0.49971828122272466
vn -0.017599185648934076 0.8658599196138367 0.499976867735713
vn -0.050300440075866024 0.49940437526120585 0.8649075879526893
vn -0.05190189708998515 0.8646316166381302 0.49971828122272466
vn -0.017599185648934076 0.8658599196138367 0.499976867735713
vn -0.054201629596001034 0.9985299912104475 -0.00020000600430169067
vn -0.019999997024914683 0.9997999000395288 -0.0003999999393341406
vn -0.18049555603026693 0 0.9835757999530715
vn -0.050300440075866024 0.49940437526120585 0.8649075879526893
vn -0.04969821676482608 0.0004999820898723372 0.9987641549776934
vn -0.016199473258261536 0.4994837522773515 0.8661717833531016
vn -0.050300440075866024 0.49940437526120585 0.8649075879526893
vn -0.017599185648934076 0.8658599196138367 0.499976867735713
vn -0.016199473258261536 0.4994837522773515 0.8661717833531016
vn -0.04969821676482608 0.0004999820898723372 0.9987641549776934
vn -0.050300440075866024 0.49940437526120585 0.8649075879526893
vn -0.019999997024914683 0.9997999000395288 -0.0003999999393341406
vn -0.007100237155188117 0.8659288973459942 0.5001167177504572
vn -0.017599185648934076 0.8658599196138367 0.499976867735713
vn -0.007100237155188117 0.8659288973459942 0.5001167177504572
vn -0.016199473258261536 0.4994837522773515 0.8661717833531016
vn -0.017599185648934076 0.8658599196138367 0.499976867735713
vn -0.007100237155188117 0.8659288973459942 0.5001167177504572
vn -0.019999997024914683 0.9997999000395288 -0.0003999999393341406
vn -0.009299597137951294 0.9999566778150654 -0.00039998266102161397
vn -0.05069756800158764 -0.49927603845446034 0.8649584926595869
vn -0.18049555603026693 0 0.9835757999530715
vn -0.04969821676482608 0.0004999820898723372 0.9987641549776934
vn -0.009299597137951294 0.9999566778150654 -0.00039998266102161397
vn -0.12219753883301801 0.8592827295842784 0.4966899960149639
vn -0.007100237155188117 0.8659288973459942 0.5001167177504572
vn -0.12219753883301801 0.8592827295842784 0.4966899960149639
vn -0.009299597137951294 0.9999566778150654 -0.00039998266102161397
vn -0.12460087015641226 0.992206940691369 0.00010000069528830807
vn -0.005500037798986875 0.5000034389808548 0.8660059529769574
vn -0.016199473258261536 0.4994837522773515 0.8661717833531016
vn -0.007100237155188117 0.8659288973459942 0.5001167177504572
vn -0.12219753883301801 0.8592827295842784 0.4966899960149639
vn -0.005500037798986875 0.5000034389808548 0.8660059529769574
vn -0.007100237155188117 0.8659288973459942 0.5001167177504572
vn -0.04969821676482608 0.0004999820898723372 0.9987641549776934
vn -0.016199473258261536 0.4994837522773515 0.8661717833531016
vn -0.01529973948192527 0 0.9998829521357913
vn -0.005500037798986875 0.5000034389808548 0.8660059529769574
vn -0.01529973948192527 0 0.9998829521357913
vn -0.016199473258261536 0.4994837522773515 0.8661717833531016
vn -0.04969821676482608 0.0004999820898723372 0.9987641549776934
vn -0.016000490392759713 -0.49991531117287724 0.8659264783814599
vn -0.05069756800158764 -0.49927603845446034 0.8649584926595869
vn -0.016000490392759713 -0.49991531117287724 0.8659264783814599
vn -0.04969821676482608 0.0004999820898723372 0.9987641549776934
vn -0.01529973948192527 0 0.9998829521357913
vn -0.12460087015641226 0.992206940691369 0.00010000069528830807
vn -0.7398289767735692 0.5810227458435407 0.33921328679549984
vn -0.12219753883301801 0.8592827295842784 0.4966899960149639
vn -0.7398289767735692 0.5810227458435407 0.33921328679549984
vn -0.12460087015641226 0.992206940691369 0.00010000069528830807
vn -0.7414286193453311 0.6710259024888836 0.00280010797212157
vn -0.1204961741996726 0.4960842644906478 0.8598727083283985
vn -0.005500037798986875 0.5000034389808548 0.8660059529769574
vn -0.12219753883301801 0.8592827295842784 0.4966899960149639
vn -0.7398289767735692 0.5810227458435407 0.33921328679549984
vn -0.1204961741996726 0.4960842644906478 0.8598727083283985
vn -0.12219753883301801 0.8592827295842784 0.4966899960149639
vn -0.01529973948192527 0 0.9998829521357913
vn -0.005500037798986875 0.5000034389808548 0.8660059529769574
vn -0.004799944932935384 0 0.9999884801979675
vn -0.1204961741996726 0.4960842644906478 0.8598727083283985
vn -0.004799944932935384 0 0.9999884801979675
vn -0.005500037798986875 0.5000034389808548 0.8660059529769574
vn -0.1204961741996726 0.4960842644906478 0.8598727083283985
vn -0.7398289767735692 0.5810227458435407 0.33921328679549984
vn -0.7385884154939151 0.33559471790434875 0.5846908053090014
vn -0.005500037798986875 -0.5000034389808548 0.8660059529769574
vn -0.01529973948192527 0 0.9998829521357913
vn -0.004799944932935384 0 0.9999884801979675
vn -0.01529973948192527 0 0.9998829521357913
vn -0.005500037798986875 -0.5000034389808548 0.8660059529769574
vn -0.016000490392759713 -0.49991531117287724 0.8659264783814599
vn -0.004799944932935384 0 0.9999884801979675
vn -0.1204961741996726 0.4960842644906478 0.8598727083283985
vn -0.11999687239667906 0.0004999870032431831 0.9927741438152042
vn -0.7385884154939151 0.33559471790434875 0.5846908053090014
vn -0.11999687239667906 0.0004999870032431831 0.9927741438152042
vn -0.1204961741996726 0.4960842644906478 0.8598727083283985
vn -0.7414284080218249 0.6710257112317041 0.002900111068198535
vn -0.7385884154939151 0.33559471790434875 0.5846908053090014
vn -0.7398289767735692 0.5810227458435407 0.33921328679549984
vn -0.12050055911533439 -0.4962023045005007 0.8598039824641918
vn -0.004799944932935384 0 0.9999884801979675
vn -0.11999687239667906 0.0004999870032431831 0.9927741438152042
vn -0.004799944932935384 0 0.9999884801979675
vn -0.12050055911533439 -0.4962023045005007 0.8598039824641918
vn -0.005500037798986875 -0.5000034389808548 0.8660059529769574
vn -0.11999687239667906 0.0004999870032431831 0.9927741438152042
vn -0.7385884154939151 0.33559471790434875 0.5846908053090014
vn -0.738336053530656 0.00040001950936712573 0.6744328817911892
vn -0.7385884154939151 0.33559471790434875 0.5846908053090014
vn -0.7414284080218249 0.6710257112317041 0.002900111068198535
vn -0.738336053530656 0.00040001950936712573 0.6744328817911892
f 1/1/1 2/2/2 3/3/3
f 4/4/4 5/5/5 6/6/6
f 7/7/7 8/8/8 9/9/9
f 10/10/10 11/11/11 12/12/12
f 13/13/13 14/14/14 15/15/15
f 16/16/16 17/17/17 18/18/18
f 19/19/19 20/20/20 21/21/21
f 22/22/22 23/23/23 24/24/24
f 25/25/25 26/26/26 27/27/27
f 28/28/28 29/29/29 30/30/30
f 31/31/31 32/32/32 33/33/33
f 34/34/34 35/35/35 36/36/36
f 37/37/37 38/38/38 39/39/39
f 40/40/40 41/41/41 42/42/42
f 43/43/43 44/44/44 45/45/45
f 46/46/46 47/47/47 48/48/48
f 49/49/49 50/50/50 51/51/51
f 52/52/52 53/53/53 54/54/54
f 55/55/55 56/56/56 57/57/57
f 58/58/58 59/59/59 60/60/60
f 61/61/61 62/62/62 63/63/63
f 64/64/64 65/65/65 66/66/66
f 67/67/67 68/68/68 69/69/69
f 70/70/70 71/71/71 72/72/72
f 73/73/73 74/74/74 75/75/75
f 76/76/76 77/77/77 78/78/78
f 79/79/79 80/80/80 81/81/81
f 82/82/82 83/83/83 84/84/84
f 85/85/85 86/86/86 87/87/87
f 88/88/88 89/89/89 90/90/90
f 91/91/91 92/92/92 93/93/93
f 94/94/94 95/95/95 96/96/96
f 97/97/97 98/98/98 99/99/99
f 100/100/100 101/101/101 102/102/102
f 103/103/103 104/104/104 105/105/105
f 106/106/106 107/107/107 108/108/108
f 109/109/109 110/110/110 111/111/111
f 112/112/112 113/113/113 114/114/114
f 115/115/115 116/116/116 117/117/117
f 118/118/118 119/119/119 120/120/120
f 121/121/121 122/122/122 123/123/123
f 124/124/124 125/125/125 126/126/126
f 127/127/127 128/128/128 129/129/129
f 130/130/130 131/131/131 132/132/132
f 133/133/133 134/134/134 135/135/135
f 136/136/136 137/137/137 138/138/138
f 139/139/139 140/140/140 141/141/141
f 142/142/142 143/143/143 144/144/144
f 145/145/145 146/146/146 147/147/147
f 148/148/148 149/149/149 150/150/150
f 151/151/151 152/152/152 153/153/153
f 154/154/154 155/155/155 156/156/156
f 157/157/157 158/158/158 159/159/159
f 160/160/160 161/161/161 162/162/162
f 163/163/163 164/164/164 165/165/165
f 166/166/166 167/167/167 168/168/168
f 169/169/169 170/170/170 171/171/171
f 172/172/172 173/173/173 174/174/174
f 175/175/175 176/176/176 177/177/177
f 178/178/178 179/179/179 180/180/180
f 181/181/181 182/182/182 183/183/183
f 184/184/184 185/185/185 186/186/186
f 187/187/187 188/188/188 189/189/189
f 190/190/190 191/191/191 192/192/192
f 193/193/193 194/194/194 195/195/195
f 196/196/196 197/197/197 198/198/198
f 199/199/199 200/200/200 201/201/201
f 202/202/202 203/203/203 204/204/204
f 205/205/205 206/206/206 207/207/207
f 208/208/208 209/209/209 210/210/210
f 211/211/211 212/212/212 213/213/213
f 214/214/214 215/215/215 216/216/216
f 217/217/217 218/218/218 219/219/219
f 220/220/220 221/221/221 222/222/222
f 223/223/223 224/224/224 225/225/225
f 226/226/226 227/227/227 228/228/228
f 229/229/229 230/230/230 231/231/231
f 232/232/232 233/233/233 234/234/234
f 235/235/235 236/236/236 237/237/237
f 238/238/238 239/239/239 240/240/240
f 241/241/241 242/242/242 243/243/243
f 244/244/244 245/245/245 246/246/246
f 247/247/247 248/248/248 249/249/249
f 250/250/250 251/251/251 252/252/252
f 253/253/253 254/254/254 255/255/255
f 256/256/256 257/257/257 258/258/258
f 259/259/259 260/260/260 261/261/261
f 262/262/262 263/263/263 264/264/264
f 265/265/265 266/266/266 267/267/267
f 268/268/268 269/269/269 270/270/270
f 271/271/271 272/272/272 273/273/273
f 274/274/274 275/275/275 276/276/276
f 277/277/277 278/278/278 279/279/279
f 280/280/280 281/281/281 282/282/282
f 283/283/283 284/284/284 285/285/285
f 286/286/286 287/287/287 288/288/288
f 289/289/289 290/290/290 291/291/291
f 292/292/292 293/293/293 294/294/294
f 295/295/295 296/296/296 297/297/297
f 298/298/298 299/299/299 300/300/300
f 301/301/301 302/302/302 303/303/303
f 304/304/304 305/305/305 306/306/306
f 307/307/307 308/308/308 309/309/309
f 310/310/310 311/311/311 312/312/312
f 313/313/313 314/314/314 315/315/315
f 316/316/316 317/317/317 318/318/318
f 319/319/319 320/320/320 321/321/321
f 322/322/322 323/323/323 324/324/324
f 325/325/325 326/326/326 327/327/327
f 328/328/328 329/329/329 330/330/330
f 331/331/331 332/332/332 333/333/333
f 334/334/334 335/335/335 336/336/336
f 337/337/337 338/338/338 339/339/339
f 340/340/340 341/341/341 342/342/342
f 343/343/343 344/344/344 345/345/345
f 346/346/346 347/347/347 348/348/348
f 349/349/349 350/350/350 351/351/351
f 352/352/352 353/353/353 354/354/354
f 355/355/355 356/356/356 357/357/357
f 358/358/358 359/359/359 360/360/360
f 361/361/361 362/362/362 363/363/363
f 364/364/364 365/365/365 366/366/366
f 367/367/367 368/368/368 369/369/369
f 370/370/370 371/371/371 372/372/372
f 373/373/373 374/374/374 375/375/375
f 376/376/376 377/377/377 378/378/378
f 379/379/379 380/380/380 381/381/381
f 382/382/382 383/383/383 384/384/384
f 385/385/385 386/386/386 387/387/387
f 388/388/388 389/389/389 390/390/390
f 391/391/391 392/392/392 393/393/393
f 394/394/394 395/395/395 396/396/396
f 397/397/397 398/398/398 399/399/399
f 400/400/400 401/401/401 402/402/402
f 403/403/403 404/404/404 405/405/405
f 406/406/406 407/407/407 408/408/408
f 409/409/409 410/410/410 411/411/411
f 412/412/412 413/413/413 414/414/414
f 415/415/415 416/416/416 417/417/417
f 418/418/418 419/419/419 420/420/420
f 421/421/421 422/422/422 423/423/423
f 424/424/424 425/425/425 426/426/426
f 427/427/427 428/428/428 429/429/429
f 430/430/430 431/431/431 432/432/432
f 433/433/433 434/434/434 435/435/435
f 436/436/436 437/437/437 438/438/438
f 439/439/439 440/440/440 441/441/441
f 442/442/442 443/443/443 444/444/444
f 445/445/445 446/446/446 447/447/447
f 448/448/448 449/449/449 450/450/450
f 451/451/451 452/452/452 453/453/453
f 454/454/454 455/455/455 456/456/456
f 457/457/457 458/458/458 459/459/459
f 460/460/460 461/461/461 462/462/462
f 463/463/463 464/464/464 465/465/465
f 466/466/466 467/467/467 468/468/468
f 469/469/469 470/470/470 471/471/471
f 472/472/472 473/473/473 474/474/474
f 475/475/475 476/476/476 477/477/477
f 478/478/478 479/479/479 480/480/480
f 481/481/481 482/482/482 483/483/483
f 484/484/484 485/485/485 486/486/486
f 487/487/487 488/488/488 489/489/489
f 490/490/490 491/491/491 492/492/492
f 493/493/493 494/494/494 495/495/495
f 496/496/496 497/497/497 498/498/498
f 499/499/499 500/500/500 501/501/501
f 502/502/502 503/503/503 504/504/504
f 505/505/505 506/506/506 507/507/507
f 508/508/508 509/509/509 510/510/510
f 511/511/511 512/512/512 513/513/513
f 514/514/514 515/515/515 516/516/516
f 517/517/517 518/518/518 519/519/519
f 520/520/520 521/521/521 522/522/522
f 523/523/523 524/524/524 525/525/525
f 526/526/526 527/527/527 528/528/528
f 529/529/529 530/530/530 531/531/531
f 532/532/532 533/533/533 534/534/534
f 535/535/535 536/536/536 537/537/537
f 538/538/538 539/539/539 540/540/540
f 541/541/541 542/542/542 543/543/543
f 544/544/544 545/545/545 546/546/546
f 547/547/547 548/548/548 549/549/549
f 550/550/550 551/551/551 552/552/552
f 553/553/553 554/554/554 555/555/555
f 556/556/556 557/557/557 558/558/558
f 559/559/559 560/560/560 561/561/561
f 562/562/562 563/563/563 564/564/564
f 565/565/565 566/566/566 567/567/567
f 568/568/568 569/569/569 570/570/570
f 571/571/571 572/572/572 573/573/573
f 574/574/574 575/575/575 576/576/576
f 577/577/577 578/578/578 579/579/579
f 580/580/580 581/581/581 582/582/582
f 583/583/583 584/584/584 585/585/585
f 586/586/586 587/587/587 588/588/588
f 589/589/589 590/590/590 591/591/591
f 592/592/592 593/593/593 594/594/594
f 595/595/595 596/596/596 597/597/597
f 598/598/598 599/599/599 600/600/600
f 601/601/601 602/602/602 603/603/603
f 604/604/604 605/605/605 606/606/606
f 607/607/607 608/608/608 609/609/609
f 610/610/610 611/611/611 612/612/612
f 613/613/613 614/614/614 615/615/615
f 616/616/616 617/617/617 618/618/618
f 619/619/619 620/620/620 621/621/621
f 622/622/622 623/623/623 624/624/624
f 625/625/625 626/626/626 627/627/627
f 628/628/628 629/629/629 630/630/630
f 631/631/631 632/632/632 633/633/633
f 634/634/634 635/635/635 636/636/636
f 637/637/637 638/638/638 639/639/639
f 640/640/640 641/641/641 642/642/642
f 643/643/643 644/644/644 645/645/645
f 646/646/646 647/647/647 648/648/648
f 649/649/649 650/650/650 651/651/651
f 652/652/652 653/653/653 654/654/654
f 655/655/655 656/656/656 657/657/657
f 658/658/658 659/659/659 660/660/660
f 661/661/661 662/662/662 663/663/663
f 664/664/664 665/665/665 666/666/666
f 667/667/667 668/668/668 669/669/669
f 670/670/670 671/671/671 672/672/672
f 673/673/673 674/674/674 675/675/675
f 676/676/676 677/677/677 678/678/678
f 679/679/679 680/680/680 681/681/681
f 682/682/682 683/683/683 684/684/684
f 685/685/685 686/686/686 687/687/687
f 688/688/688 689/689/689 690/690/690
f 691/691/691 692/692/692 693/693/693
f 694/694/694 695/695/695 696/696/696
f 697/697/697 698/698/698 699/699/699
f 700/700/700 701/701/701 702/702/702
f 703/703/703 704/704/704 705/705/705
f 706/706/706 707/707/707 708/708/708
f 709/709/709 710/710/710 711/711/711
f 712/712/712 713/713/713 714/714/714
f 715/715/715 716/716/716 717/717/717
f 718/718/718 719/719/719 720/720/720
f 721/721/721 722/722/722 723/723/723
f 724/724/724 725/725/725 726/726/726
f 727/727/727 728/728/728 729/729/729
f 730/730/730 731/731/731 732/732/732
f 733/733/733 734/734/734 735/735/735
f 736/736/736 737/737/737 738/738/738
f 739/739/739 740/740/740 741/741/741
f 742/742/742 743/743/743 744/744/744
f 745/745/745 746/746/746 747/747/747
f 748/748/748 749/749/749 750/750/750
f 751/751/751 752/752/752 753/753/753
f 754/754/754 755/755/755 756/756/756
f 757/757/757 758/758/758 759/759/759
f 760/760/760 761/761/761 762/762/762
f 763/763/763 764/764/764 765/765/765
f 766/766/766 767/767/767 768/768/768
f 769/769/769 770/770/770 771/771/771
f 772/772/772 773/773/773 774/774/774
f 775/775/775 776/776/776 777/777/777
f 778/778/778 779/779/779 780/780/780
f 781/781/781 782/782/782 783/783/783
f 784/784/784 785/785/785 786/786/786
f 787/787/787 788/788/788 789/789/789
f 790/790/790 791/791/791 792/792/792
f 793/793/793 794/794/794 795/795/795
f 796/796/796 797/797/797 798/798/798
f 799/799/799 800/800/800 801/801/801
f 802/802/802 803/803/803 804/804/804
f 805/805/805 806/806/806 807/807/807
f 808/808/808 809/809/809 810/810/810
f 811/811/811 812/812/812 813/813/813
f 814/814/814 815/815/815 816/816/816
f 817/817/817 818/818/818 819/819/819
f 820/820/820 821/821/821 822/822/822
f 823/823/823 824/824/824 825/825/825
f 826/826/826 827/827/827 828/828/828
f 829/829/829 830/830/830 831/831/831
f 832/832/832 833/833/833 834/834/834
f 835/835/835 836/836/836 837/837/837
f 838/838/838 839/839/839 840/840/840
f 841/841/841 842/842/842 843/843/843
f 844/844/844 845/845/845 846/846/846
f 847/847/847 848/848/848 849/849/849
f 850/850/850 851/851/851 852/852/852
f 853/853/853 854/854/854 855/855/855
f 856/856/856 857/857/857 858/858/858
f 859/859/859 860/860/860 861/861/861
f 862/862/862 863/863/863 864/864/864
f 865/865/865 866/866/866 867/867/867
f 868/868/868 869/869/869 870/870/870
f 871/871/871 872/872/872 873/873/873
f 874/874/874 875/875/875 876/876/876
f 877/877/877 878/878/878 879/879/879
f 880/880/880 881/881/881 882/882/882
f 883/883/883 884/884/884 885/885/885
f 886/886/886 887/887/887 888/888/888
f 889/889/889 890/890/890 891/891/891
f 892/892/892 893/893/893 894/894/894
f 895/895/895 896/896/896 897/897/897
f 898/898/898 899/899/899 900/900/900
f 901/901/901 902/902/902 903/903/903
f 904/904/904 905/905/905 906/906/906
f 907/907/907 908/908/908 909/909/909
f 910/910/910 911/911/911 912/912/912
f 913/913/913 914/914/914 915/915/915
f 916/916/916 917/917/917 918/918/918
f 919/919/919 920/920/920 921/921/921
f 922/922/922 923/923/923 924/924/924
f 925/925/925 926/926/926 927/927/927
f 928/928/928 929/929/929 930/930/930
f 931/931/931 932/932/932 933/933/933
f 934/934/934 935/935/935 936/936/936
f 937/937/937 938/938/938 939/939/939
f 940/940/940 941/941/941 942/942/942
f 943/943/943 944/944/944 945/945/945
f 946/946/946 947/947/947 948/948/948
f 949/949/949 950/950/950 951/951/951
f 952/952/952 953/953/953 954/954/954
f 955/955/955 956/956/956 957/957/957
f 958/958/958 959/959/959 960/960/960
f 961/961/961 962/962/962 963/963/963
f 964/964/964 965/965/965 966/966/966
f 967/967/967 968/968/968 969/969/969
f 970/970/970 971/971/971 972/972/972
f 973/973/973 974/974/974 975/975/975
f 976/976/976 977/977/977 978/978/978
f 979/979/979 980/980/980 981/981/981
f 982/982/982 983/983/983 984/984/984
f 985/985/985 986/986/986 987/987/987
f 988/988/988 989/989/989 990/990/990
f 991/991/991 992/992/992 993/993/993
f 994/994/994 995/995/995 996/996/996
f 997/997/997 998/998/998 999/999/999
f 1000/1000/1000 1001/1001/1001 1002/1002/1002
f 1003/1003/1003 1004/1004/1004 1005/1005/1005
f 1006/1006/1006 1007/1007/1007 1008/1008/1008
f 1009/1009/1009 1010/1010/1010 1011/1011/1011
f 1012/1012/1012 1013/1013/1013 1014/1014/1014
f 1015/1015/1015 1016/1016/1016 1017/1017/1017
f 1018/1018/1018 1019/1019/1019 1020/1020/1020
f 1021/1021/1021 1022/1022/1022 1023/1023/1023
f 1024/1024/1024 1025/1025/1025 1026/1026/1026
f 1027/1027/1027 1028/1028/1028 1029/1029/1029
f 1030/1030/1030 1031/1031/1031 1032/1032/1032
f 1033/1033/1033 1034/1034/1034 1035/1035/1035
f 1036/1036/1036 1037/1037/1037 1038/1038/1038
f 1039/1039/1039 1040/1040/1040 1041/1041/1041
f 1042/1042/1042 1043/1043/1043 1044/1044/1044
f 1045/1045/1045 1046/1046/1046 1047/1047/1047
f 1048/1048/1048 1049/1049/1049 1050/1050/1050
f 1051/1051/1051 1052/1052/1052 1053/1053/1053
f 1054/1054/1054 1055/1055/1055 1056/1056/1056
f 1057/1057/1057 1058/1058/1058 1059/1059/1059
f 1060/1060/1060 1061/1061/1061 1062/1062/1062
f 1063/1063/1063 1064/1064/1064 1065/1065/1065
f 1066/1066/1066 1067/1067/1067 1068/1068/1068
f 1069/1069/1069 1070/1070/1070 1071/1071/1071
f 1072/1072/1072 1073/1073/1073 1074/1074/1074
f 1075/1075/1075 1076/1076/1076 1077/1077/1077
f 1078/1078/1078 1079/1079/1079 1080/1080/1080
f 1081/1081/1081 1082/1082/1082 1083/1083/1083
f 1084/1084/1084 1085/1085/1085 1086/1086/1086
f 1087/1087/1087 1088/1088/1088 1089/1089/1089
f 1090/1090/1090 1091/1091/1091 1092/1092/1092
f 1093/1093/1093 1094/1094/1094 1095/1095/1095
f 1096/1096/1096 1097/1097/1097 1098/1098/1098
f 1099/1099/1099 1100/1100/1100 1101/1101/1101
f 1102/1102/1102 1103/1103/1103 1104/1104/1104
f 1105/1105/1105 1106/1106/1106 1107/1107/1107
f 1108/1108/1108 1109/1109/1109 1110/1110/1110
f 1111/1111/1111 1112/1112/1112 1113/1113/1113
f 1114/1114/1114 1115/1115/1115 1116/1116/1116
f 1117/1117/1117 1118/1118/1118 1119/1119/1119
f 1120/1120/1120 1121/1121/1121 1122/1122/1122
f 1123/1123/1123 1124/1124/1124 1125/1125/1125
f 1126/1126/1126 1127/1127/1127 1128/1128/1128
f 1129/1129/1129 1130/1130/1130 1131/1131/1131
f 1132/1132/1132 1133/1133/1133 1134/1134/1134
f 1135/1135/1135 1136/1136/1136 1137/1137/1137
f 1138/1138/1138 1139/1139/1139 1140/1140/1140
f 1141/1141/1141 1142/1142/1142 1143/1143/1143
f 1144/1144/1144 1145/1145/1145 1146/1146/1146
