o sdf
v 1.0468933617208684 -0.4255361872273784 -0.05789383015999945
v 1.065840746731803 -0.48501217537702135 -0.0015170036837427753
v 1.065840746731803 -0.48501217537702135 -0.05789383015999945
v 1.065840746731803 -0.48501217537702135 -0.05789383015999945
v 1.113934786870545 -0.5720582025605541 -0.0015170036837427753
v 1.113934786870545 -0.5720582025605541 -0.09492883910957106
v 1.113934786870545 -0.5720582025605541 -0.0015170036837427753
v 1.065840746731803 -0.48501217537702135 -0.05789383015999945
v 1.065840746731803 -0.48501217537702135 -0.0015170036837427753
v 1.065840746731803 -0.48501217537702135 0.05477355904900214
v 1.113934786870545 -0.5720582025605541 -0.0015170036837427753
v 1.065840746731803 -0.48501217537702135 -0.0015170036837427753
v 1.113934786870545 -0.5720582025605541 -0.0015170036837427753
v 1.065840746731803 -0.48501217537702135 0.05477355904900214
v 1.113934786870545 -0.5720582025605541 0.0918076947950514
v 1.065840746731803 -0.48501217537702135 -0.0015170036837427753
v 1.0468933617208684 -0.4255361872273784 0.05477355904900214
v 1.065840746731803 -0.48501217537702135 0.05477355904900214
v 1.065840746731803 -0.48501217537702135 -0.0015170036837427753
v 1.0468933617208684 -0.4255361872273784 -0.05789383015999945
v 1.0468933617208684 -0.4255361872273784 -0.0015170036837427753
v 1.0468933617208684 -0.4255361872273784 0.05477355904900214
v 1.065840746731803 -0.48501217537702135 -0.0015170036837427753
v 1.0468933617208684 -0.4255361872273784 -0.0015170036837427753
v 1.0289601340920103 -0.2779631780940395 -0.05789383015999945
v 1.0468933617208684 -0.4255361872273784 -0.0015170036837427753
v 1.0468933617208684 -0.4255361872273784 -0.05789383015999945
v 1.0468933617208684 -0.4255361872273784 -0.0015170036837427753
v 1.0289601340920103 -0.2779631780940395 0.05477355904900214
v 1.0468933617208684 -0.4255361872273784 0.05477355904900214
v 1.0468933617208684 -0.4255361872273784 -0.0015170036837427753
v 1.0289601340920103 -0.2779631780940395 -0.05789383015999945
v 1.0289601340920103 -0.2779631780940395 -0.0015170036837427753
v 1.0289601340920103 -0.2779631780940395 0.05477355904900214
v 1.0468933617208684 -0.4255361872273784 -0.0015170036837427753
v 1.0289601340920103 -0.2779631780940395 -0.0015170036837427753
v 1.0236089254903071 -0.1283891739803653 -0.05789383015999945
v 1.0289601340920103 -0.2779631780940395 -0.0015170036837427753
v 1.0289601340920103 -0.2779631780940395 -0.05789383015999945
v 1.0289601340920103 -0.2779631780940395 -0.0015170036837427753
v 1.0236089254903071 -0.1283891739803653 0.05477355904900214
v 1.0289601340920103 -0.2779631780940395 0.05477355904900214
v 1.0289601340920103 -0.2779631780940395 -0.0015170036837427753
v 1.0236089254903071 -0.1283891739803653 -0.05789383015999945
v 1.0236089254903071 -0.1283891739803653 -0.0015170036837427753
v 1.0236089254903071 -0.1283891739803653 0.05477355904900214
v 1.0289601340920103 -0.2779631780940395 -0.0015170036837427753
v 1.0236089254903071 -0.1283891739803653 -0.0015170036837427753
v 1.0295042681555082 -0.07796717607558779 -0.05789383015999945
v 1.0236089254903071 -0.1283891739803653 -0.0015170036837427753
v 1.0236089254903071 -0.1283891739803653 -0.05789383015999945
v 1.0236089254903071 -0.1283891739803653 -0.0015170036837427753
v 1.0295042681555082 -0.07796717607558779 0.05477355904900214
v 1.0236089254903071 -0.1283891739803653 0.05477355904900214
v 1.0236089254903071 -0.1283891739803653 -0.0015170036837427753
v 1.0295042681555082 -0.07796717607558779 -0.05789383015999945
v 1.0295042681555082 -0.07796717607558779 -0.0015170036837427753
v 1.0295042681555082 -0.07796717607558779 -0.0015170036837427753
v 1.0295042681555082 -0.07796717607558779 0.05477355904900214
v 1.0236089254903071 -0.1283891739803653 -0.0015170036837427753
v 1.0353996108207095 -0.027547174460748947 -0.05789383015999945
v 1.0295042681555082 -0.07796717607558779 -0.0015170036837427753
v 1.0295042681555082 -0.07796717607558779 -0.05789383015999945
v 1.0295042681555082 -0.07796717607558779 -0.0015170036837427753
v 1.0353996108207095 -0.027547174460748947 0.05477355904900214
v 1.0295042681555082 -0.07796717607558779 0.05477355904900214
v 1.0295042681555082 -0.07796717607558779 -0.0015170036837427753
v 1.0353996108207095 -0.027547174460748947 -0.05789383015999945
v 1.0353996108207095 -0.027547174460748947 -0.0015170036837427753
v 1.0353996108207095 -0.027547174460748947 -0.0015170036837427753
v 1.0353996108207095 -0.027547174460748947 0.05477355904900214
v 1.0295042681555082 -0.07796717607558779 -0.0015170036837427753
v 1.0510571274719356 0.015403824065317595 -0.05789383015999945
v 1.0353996108207095 -0.027547174460748947 -0.0015170036837427753
v 1.0353996108207095 -0.027547174460748947 -0.05789383015999945
v 1.0353996108207095 -0.027547174460748947 -0.0015170036837427753
v 1.0510571274719356 0.015403824065317595 0.05477355904900214
v 1.0353996108207095 -0.027547174460748947 0.05477355904900214
v 1.0353996108207095 -0.027547174460748947 -0.0015170036837427753
v 1.0510571274719356 0.015403824065317595 -0.05789383015999945
v 1.0510571274719356 0.015403824065317595 -0.0015170036837427753
v 1.0510571274719356 0.015403824065317595 -0.0015170036837427753
v 1.0510571274719356 0.015403824065317595 0.05477355904900214
v 1.0353996108207095 -0.027547174460748947 -0.0015170036837427753
v 1.1076273137631025 0.17053782767473646 -0.05789383015999945
v 1.0510571274719356 0.015403824065317595 -0.0015170036837427753
v 1.0510571274719356 0.015403824065317595 -0.05789383015999945
v 1.0510571274719356 0.015403824065317595 -0.0015170036837427753
v 1.1076273137631025 0.17053782767473646 0.05477355904900214
v 1.0510571274719356 0.015403824065317595 0.05477355904900214
v 1.0510571274719356 0.015403824065317595 -0.0015170036837427753
v 1.1076273137631025 0.17053782767473646 -0.05789383015999945
v 1.1076273137631025 0.17053782767473646 -0.0015170036837427753
v 1.0510571274719356 0.015403824065317595 -0.0015170036837427753
v 1.1076273137631025 0.17053782767473646 -0.0015170036837427753
v 1.1076273137631025 0.17053782767473646 0.05477355904900214
v 0.8283138434606816 -0.09683517539084963 -0.05789383015999945
v 0.7614124817214976 0.03617182201563307 -0.05789383015999945
v 0.7614124817214976 0.03617182201563307 -0.0015170036837427753
v 0.8283138434606816 -0.09683517539084963 0.05477355904900214
v 0.7614124817214976 0.03617182201563307 -0.0015170036837427753
v 0.7614124817214976 0.03617182201563307 0.05477355904900214
v 0.7614124817214976 0.03617182201563307 -0.0015170036837427753
v 0.8283138434606816 -0.09683517539084963 0.05477355904900214
v 0.8283138434606816 -0.09683517539084963 -0.0015170036837427753
v 0.8283138434606816 -0.09683517539084963 -0.05789383015999945
v 0.7614124817214976 0.03617182201563307 -0.0015170036837427753
v 0.8283138434606816 -0.09683517539084963 -0.0015170036837427753
v 0.8707516807782418 -0.2776511775809627 0.05477355904900214
v 0.8283138434606816 -0.09683517539084963 -0.0015170036837427753
v 0.8283138434606816 -0.09683517539084963 0.05477355904900214
v 0.8283138434606816 -0.09683517539084963 -0.0015170036837427753
v 0.8707516807782418 -0.2776511775809627 -0.05789383015999945
v 0.8283138434606816 -0.09683517539084963 -0.05789383015999945
v 0.8707516807782418 -0.2776511775809627 -0.05789383015999945
v 0.8283138434606816 -0.09683517539084963 -0.0015170036837427753
v 0.8707516807782418 -0.2776511775809627 -0.0015170036837427753
v 0.8283138434606816 -0.09683517539084963 -0.0015170036837427753
v 0.8707516807782418 -0.2776511775809627 0.05477355904900214
v 0.8707516807782418 -0.2776511775809627 -0.0015170036837427753
v 0.8707516807782418 -0.2776511775809627 -0.05789383015999945
v 0.8707516807782418 -0.2776511775809627 -0.0015170036837427753
v 0.9171555241402654 -0.37262317710698656 -0.05789383015999945
v 0.9171555241402654 -0.37262317710698656 0.05477355904900214
v 0.8707516807782418 -0.2776511775809627 -0.0015170036837427753
v 0.8707516807782418 -0.2776511775809627 0.05477355904900214
v 0.9171555241402654 -0.37262317710698656 -0.05789383015999945
v 0.8707516807782418 -0.2776511775809627 -0.0015170036837427753
v 0.9171555241402654 -0.37262317710698656 -0.0015170036837427753
v 0.8707516807782418 -0.2776511775809627 -0.0015170036837427753
v 0.9171555241402654 -0.37262317710698656 0.05477355904900214
v 0.9171555241402654 -0.37262317710698656 -0.0015170036837427753
v 0.24359092709866537 0.2911078316610951 -0.028180954110189338
v 0.24359092709866537 0.2995878142756123 -0.0015170036837427753
v 0.24359092709866537 0.285027830068459 -0.0015170036837427753
v 0.24359092709866537 0.285027830068459 -0.0015170036837427753
v 0.24359092709866537 0.2995878142756123 -0.0015170036837427753
v 0.24359092709866537 0.2911078316610951 0.025059809795669682
v 0.24359092709866537 0.2995878142756123 -0.0015170036837427753
v 0.24359092709866537 0.2911078316610951 -0.028180954110189338
v 0.24359092709866537 0.3045578283709187 -0.02330127858405971
v 0.24359092709866537 0.2911078316610951 0.025059809795669682
v 0.24359092709866537 0.2995878142756123 -0.0015170036837427753
v 0.24359092709866537 0.3045578283709187 0.020180132646485174
v 0.24359092709866537 0.2911078316610951 -0.028180954110189338
v 0.24359092709866537 0.3187078220289845 -0.04177434057027867
v 0.24359092709866537 0.3045578283709187 -0.02330127858405971
v 0.24359092709866537 0.3187078220289845 0.03865406945928136
v 0.24359092709866537 0.2911078316610951 0.025059809795669682
v 0.24359092709866537 0.3045578283709187 0.020180132646485174
v 0.24359092709866537 0.3187078220289845 -0.04177434057027867
v 0.24359092709866537 0.2911078316610951 -0.028180954110189338
v 0.24359092709866537 0.308417825166573 -0.050749460722285825
v 0.24359092709866537 0.2911078316610951 0.025059809795669682
v 0.24359092709866537 0.3187078220289845 0.03865406945928136
v 0.24359092709866537 0.308417825166573 0.047628319653875914
v 0.24359092709866537 0.3343278152388234 -0.06582331019370703
v 0.24359092709866537 0.3187078220289845 -0.04177434057027867
v 0.24359092709866537 0.308417825166573 -0.050749460722285825
v 0.24359092709866537 0.33989783949076124 0.05102666545737081
v 0.24359092709866537 0.308417825166573 0.047628319653875914
v 0.24359092709866537 0.3187078220289845 0.03865406945928136
v 0.24359092709866537 0.3187078220289845 -0.04177434057027867
v 0.24359092709866537 0.3343278152388234 -0.06582331019370703
v 0.24359092709866537 0.33989783949076124 -0.05414780652578072
v 0.24359092709866537 0.308417825166573 0.047628319653875914
v 0.24359092709866537 0.33989783949076124 0.05102666545737081
v 0.24359092709866537 0.3343278152388234 0.06270303583659997
v 0.24359092709866537 0.3343278152388234 -0.06582331019370703
v 0.24359092709866537 0.3648778182905812 -0.05841752504572646
v 0.24359092709866537 0.33989783949076124 -0.05414780652578072
v 0.24359092709866537 0.3648778182905812 0.05538351930129578
v 0.24359092709866537 0.3343278152388234 0.06270303583659997
v 0.24359092709866537 0.33989783949076124 0.05102666545737081
v 0.24359092709866537 0.3648778182905812 -0.07114041199288729
v 0.24359092709866537 0.3648778182905812 -0.05841752504572646
v 0.24359092709866537 0.3343278152388234 -0.06582331019370703
v 0.24359092709866537 0.3343278152388234 0.06270303583659997
v 0.24359092709866537 0.3648778182905812 0.05538351930129578
v 0.24359092709866537 0.3648778182905812 0.06801926767836763
v 0.24359092709866537 0.39543783492266127 -0.06582331019370703
v 0.24359092709866537 0.3648778182905812 -0.05841752504572646
v 0.24359092709866537 0.3648778182905812 -0.07114041199288729
v 0.24359092709866537 0.3648778182905812 0.06801926767836763
v 0.24359092709866537 0.3648778182905812 0.05538351930129578
v 0.24359092709866537 0.39543783492266127 0.06270303583659997
v 0.24359092709866537 0.3648778182905812 -0.05841752504572646
v 0.24359092709866537 0.39543783492266127 -0.06582331019370703
v 0.24359092709866537 0.3898678106707234 -0.05414780652578072
v 0.24359092709866537 0.3898678106707234 0.05102666545737081
v 0.24359092709866537 0.39543783492266127 0.06270303583659997
v 0.24359092709866537 0.3648778182905812 0.05538351930129578
v 0.24359092709866537 0.3898678106707234 -0.05414780652578072
v 0.24359092709866537 0.39543783492266127 -0.06582331019370703
v 0.24359092709866537 0.41104781455217787 -0.04177434057027867
v 0.24359092709866537 0.39543783492266127 0.06270303583659997
v 0.24359092709866537 0.3898678106707234 0.05102666545737081
v 0.24359092709866537 0.42134782499491163 0.047628319653875914
v 0.24359092709866537 0.42134782499491163 -0.050749460722285825
v 0.24359092709866537 0.41104781455217787 -0.04177434057027867
v 0.24359092709866537 0.39543783492266127 -0.06582331019370703
v 0.24359092709866537 0.431727824870934 -0.037243212832285474
v 0.24359092709866537 0.41104781455217787 -0.04177434057027867
v 0.24359092709866537 0.42134782499491163 -0.050749460722285825
v 0.24359092709866537 0.41104781455217787 -0.04177434057027867
v 0.24359092709866537 0.431727824870934 -0.037243212832285474
v 0.24359092709866537 0.42520782179056593 -0.02330127858405971
v 0.24359092709866537 0.42134782499491163 0.047628319653875914
v 0.24359092709866537 0.3898678106707234 0.05102666545737081
v 0.24359092709866537 0.41104781455217787 0.03865406945928136
v 0.24359092709866537 0.41104781455217787 0.03865406945928136
v 0.24359092709866537 0.431727824870934 0.03412206851776582
v 0.24359092709866537 0.42134782499491163 0.047628319653875914
v 0.24359092709866537 0.431727824870934 0.03412206851776582
v 0.24359092709866537 0.41104781455217787 0.03865406945928136
v 0.24359092709866537 0.42520782179056593 0.020180132646485174
v -1.0970740702925095 0.4225378317278523 -0.050749460722285825
v -1.0970740702925095 0.4263978285235066 -0.02330127858405971
v -1.0970740702925095 0.4122478348654408 -0.04177434057027867
v -1.0970740702925095 0.4263978285235066 -0.02330127858405971
v -1.0970740702925095 0.4225378317278523 -0.050749460722285825
v -1.0970740702925095 0.4398478252333302 -0.028180954110189338
v -1.0970740702925095 0.4122478348654408 -0.04177434057027867
v -1.0970740702925095 0.3966378254336018 -0.06582331019370703
v -1.0970740702925095 0.4225378317278523 -0.050749460722285825
v -1.0970740702925095 0.4398478252333302 -0.028180954110189338
v -1.0970740702925095 0.4313678128164906 -0.0015170036837427753
v -1.0970740702925095 0.4263978285235066 -0.02330127858405971
v -1.0970740702925095 0.3966378254336018 -0.06582331019370703
v -1.0970740702925095 0.4122478348654408 -0.04177434057027867
v -1.0970740702925095 0.39106783098398634 -0.05414780652578072
v -1.0970740702925095 0.4459278268259663 -0.0015170036837427753
v -1.0970740702925095 0.4313678128164906 -0.0015170036837427753
v -1.0970740702925095 0.4398478252333302 -0.028180954110189338
v -1.0970740702925095 0.36607783860384413 -0.05841752504572646
v -1.0970740702925095 0.3966378254336018 -0.06582331019370703
v -1.0970740702925095 0.39106783098398634 -0.05414780652578072
v -1.0970740702925095 0.4398478252333302 0.025059809795669682
v -1.0970740702925095 0.4313678128164906 -0.0015170036837427753
v -1.0970740702925095 0.4459278268259663 -0.0015170036837427753
v -1.0970740702925095 0.3966378254336018 -0.06582331019370703
v -1.0970740702925095 0.36607783860384413 -0.05841752504572646
v -1.0970740702925095 0.36607783860384413 -0.07114041199288729
v -1.0970740702925095 0.4313678128164906 -0.0015170036837427753
v -1.0970740702925095 0.4398478252333302 0.025059809795669682
v -1.0970740702925095 0.4263978285235066 0.020180132646485174
v -1.0970740702925095 0.36607783860384413 -0.07114041199288729
v -1.0970740702925095 0.36607783860384413 -0.05841752504572646
v -1.0970740702925095 0.33551782197176405 -0.06582331019370703
v -1.0970740702925095 0.4225378317278523 0.047628319653875914
v -1.0970740702925095 0.4263978285235066 0.020180132646485174
v -1.0970740702925095 0.4398478252333302 0.025059809795669682
v -1.0970740702925095 0.33551782197176405 -0.06582331019370703
v -1.0970740702925095 0.36607783860384413 -0.05841752504572646
v -1.0970740702925095 0.34108781642137953 -0.05414780652578072
v -1.0970740702925095 0.4263978285235066 0.020180132646485174
v -1.0970740702925095 0.4225378317278523 0.047628319653875914
v -1.0970740702925095 0.4122478348654408 0.03865406945928136
v -1.0970740702925095 0.31990781253992506 -0.04177434057027867
v -1.0970740702925095 0.33551782197176405 -0.06582331019370703
v -1.0970740702925095 0.34108781642137953 -0.05414780652578072
v -1.0970740702925095 0.3966378254336018 0.06270303583659997
v -1.0970740702925095 0.4122478348654408 0.03865406945928136
v -1.0970740702925095 0.4225378317278523 0.047628319653875914
v -1.0970740702925095 0.33551782197176405 -0.06582331019370703
v -1.0970740702925095 0.31990781253992506 -0.04177434057027867
v -1.0970740702925095 0.30961781567751356 -0.050749460722285825
v -1.0970740702925095 0.31990781253992506 -0.04177434057027867
v -1.0970740702925095 0.29922783202349135 -0.037243212832285474
v -1.0970740702925095 0.30961781567751356 -0.050749460722285825
v -1.0970740702925095 0.29922783202349135 -0.037243212832285474
v -1.0970740702925095 0.31990781253992506 -0.04177434057027867
v -1.0970740702925095 0.30575781888185927 -0.02330127858405971
v -1.0970740702925095 0.4122478348654408 0.03865406945928136
v -1.0970740702925095 0.3966378254336018 0.06270303583659997
v -1.0970740702925095 0.39106783098398634 0.05102666545737081
v -1.0970740702925095 0.3966378254336018 0.06270303583659997
v -1.0970740702925095 0.36607783860384413 0.05538351930129578
v -1.0970740702925095 0.39106783098398634 0.05102666545737081
v -1.0970740702925095 0.36607783860384413 0.06801926767836763
v -1.0970740702925095 0.36607783860384413 0.05538351930129578
v -1.0970740702925095 0.3966378254336018 0.06270303583659997
v -1.0970740702925095 0.33551782197176405 0.06270303583659997
v -1.0970740702925095 0.36607783860384413 0.05538351930129578
v -1.0970740702925095 0.36607783860384413 0.06801926767836763
v -1.0970740702925095 0.36607783860384413 0.05538351930129578
v -1.0970740702925095 0.33551782197176405 0.06270303583659997
v -1.0970740702925095 0.34108781642137953 0.05102666545737081
v -1.0970740702925095 0.34108781642137953 0.05102666545737081
v -1.0970740702925095 0.33551782197176405 0.06270303583659997
v -1.0970740702925095 0.31990781253992506 0.03865406945928136
v -1.0970740702925095 0.30961781567751356 0.047628319653875914
v -1.0970740702925095 0.31990781253992506 0.03865406945928136
v -1.0970740702925095 0.33551782197176405 0.06270303583659997
v -1.0970740702925095 0.29922783202349135 0.03412206851776582
v -1.0970740702925095 0.31990781253992506 0.03865406945928136
v -1.0970740702925095 0.30961781567751356 0.047628319653875914
v -1.0970740702925095 0.31990781253992506 0.03865406945928136
v -1.0970740702925095 0.29922783202349135 0.03412206851776582
v -1.0970740702925095 0.30575781888185927 0.020180132646485174
v 1.1076273137631025 0.17053782767473646 -0.05789383015999945
v 1.044782581552223 0.23182782358347365 -0.0015170036837427753
v 1.1076273137631025 0.17053782767473646 -0.0015170036837427753
v 1.044782581552223 0.23182782358347365 -0.0015170036837427753
v 1.1076273137631025 0.17053782767473646 0.05477355904900214
v 1.1076273137631025 0.17053782767473646 -0.0015170036837427753
v 1.044782581552223 0.23182782358347365 -0.0015170036837427753
v 1.1076273137631025 0.17053782767473646 -0.05789383015999945
v 1.044782581552223 0.23182782358347365 -0.05789383015999945
v 1.1076273137631025 0.17053782767473646 0.05477355904900214
v 1.044782581552223 0.23182782358347365 -0.0015170036837427753
v 1.044782581552223 0.23182782358347365 0.05477355904900214
v 0.830078249272433 0.2716378254336018 -0.028790914362482982
v 1.044782581552223 0.23182782358347365 -0.0015170036837427753
v 1.044782581552223 0.23182782358347365 -0.05789383015999945
v 1.044782581552223 0.23182782358347365 -0.0015170036837427753
v 0.830078249272433 0.2716378254336018 0.025669770047963322
v 1.044782581552223 0.23182782358347365 0.05477355904900214
v 1.044782581552223 0.23182782358347365 -0.0015170036837427753
v 0.830078249272433 0.2716378254336018 -0.028790914362482982
v 0.830078249272433 0.2716378254336018 -0.0015170036837427753
v 0.830078249272433 0.2716378254336018 0.025669770047963322
v 1.044782581552223 0.23182782358347365 -0.0015170036837427753
v 0.830078249272433 0.2716378254336018 -0.0015170036837427753
v 0.6713586873730087 0.0878978279870648 -0.0015170036837427753
v 0.7614124817214976 0.03617182201563307 -0.05789383015999945
v 0.6713586873730087 0.0878978279870648 -0.05789383015999945
v 0.7614124817214976 0.03617182201563307 -0.05789383015999945
v 0.6713586873730087 0.0878978279870648 -0.0015170036837427753
v 0.7614124817214976 0.03617182201563307 -0.0015170036837427753
v 0.6713586873730087 0.0878978279870648 -0.05789383015999945
v 0.5430226633786791 0.12079782611547896 -0.0015170036837427753
v 0.6713586873730087 0.0878978279870648 -0.0015170036837427753
v 0.6713586873730087 0.0878978279870648 -0.05789383015999945
v 0.5430226633786791 0.12079782611547896 -0.05789383015999945
v 0.5430226633786791 0.12079782611547896 -0.0015170036837427753
v 0.6713586873730087 0.0878978279870648 -0.0015170036837427753
v 0.7614124817214976 0.03617182201563307 0.05477355904900214
v 0.7614124817214976 0.03617182201563307 -0.0015170036837427753
v 0.7614124817214976 0.03617182201563307 0.05477355904900214
v 0.6713586873730087 0.0878978279870648 -0.0015170036837427753
v 0.6713586873730087 0.0878978279870648 0.05477355904900214
v 0.5430226633786791 0.12079782611547896 -0.0015170036837427753
v 0.6713586873730087 0.0878978279870648 0.05477355904900214
v 0.6713586873730087 0.0878978279870648 -0.0015170036837427753
v 0.6713586873730087 0.0878978279870648 0.05477355904900214
v 0.5430226633786791 0.12079782611547896 -0.0015170036837427753
v 0.5430226633786791 0.12079782611547896 0.05477355904900214
v 0.4451441897442513 0.17762782997309157 -0.0015170036837427753
v 0.5430226633786791 0.12079782611547896 0.05477355904900214
v 0.5430226633786791 0.12079782611547896 -0.0015170036837427753
v 0.5430226633786791 0.12079782611547896 -0.05789383015999945
v 0.4451441897442513 0.17762782997309157 -0.0015170036837427753
v 0.5430226633786791 0.12079782611547896 -0.0015170036837427753
v 0.5430226633786791 0.12079782611547896 0.05477355904900214
v 0.4451441897442513 0.17762782997309157 -0.0015170036837427753
v 0.4451441897442513 0.17762782997309157 0.05477355904900214
v 0.4451441897442513 0.17762782997309157 -0.0015170036837427753
v 0.5430226633786791 0.12079782611547896 -0.05789383015999945
v 0.4451441897442513 0.17762782997309157 -0.05789383015999945
v 0.2962775727498622 0.22062781280695387 -0.0015170036837427753
v 0.4451441897442513 0.17762782997309157 0.05477355904900214
v 0.4451441897442513 0.17762782997309157 -0.0015170036837427753
v 0.4451441897442513 0.17762782997309157 -0.05789383015999945
v 0.2962775727498622 0.22062781280695387 -0.0015170036837427753
v 0.4451441897442513 0.17762782997309157 -0.0015170036837427753
v 0.4451441897442513 0.17762782997309157 0.05477355904900214
v 0.2962775727498622 0.22062781280695387 -0.0015170036837427753
v 0.2962775727498622 0.22062781280695387 0.0918068248376388
v 0.4451441897442513 0.17762782997309157 -0.05789383015999945
v 0.2962775727498622 0.22062781280695387 -0.09492883910957106
v 0.2962775727498622 0.22062781280695387 -0.0015170036837427753
v 0.9171555241402654 -0.37262317710698656 -0.05789383015999945
v 0.9171555241402654 -0.37262317710698656 -0.0015170036837427753
v 0.978961329860687 -0.43393418365300707 -0.0015170036837427753
v 0.978961329860687 -0.43393418365300707 -0.0015170036837427753
v 0.9171555241402654 -0.37262317710698656 -0.0015170036837427753
v 0.9171555241402654 -0.37262317710698656 0.05477355904900214
v 0.978961329860687 -0.43393418365300707 -0.05789383015999945
v 0.9171555241402654 -0.37262317710698656 -0.05789383015999945
v 0.978961329860687 -0.43393418365300707 -0.0015170036837427753
v 0.978961329860687 -0.43393418365300707 -0.0015170036837427753
v 0.9171555241402654 -0.37262317710698656 0.05477355904900214
v 0.978961329860687 -0.43393418365300707 0.05477355904900214
v 0.24359092709866537 0.431727824870934 0.03412206851776582
v 0.22235136751623386 0.42134782499491163 0.0532922293263674
v 0.24359092709866537 0.42134782499491163 0.047628319653875914
v 0.24359092709866537 0.431727824870934 -0.037243212832285474
v 0.24359092709866537 0.42134782499491163 -0.050749460722285825
v 0.22235136751623386 0.42134782499491163 -0.05641337039477731
v -1.1276141843470173 0.42930781668840834 -0.05667391614763166
v -1.1276141843470173 0.4486878199022908 -0.03140502601961602
v -1.0970740702925095 0.4225378317278523 -0.050749460722285825
v -1.0970740702925095 0.4225378317278523 -0.050749460722285825
v -1.1276141843470173 0.4486878199022908 -0.03140502601961602
v -1.0970740702925095 0.4398478252333302 -0.028180954110189338
v -1.1581542984015252 0.4225378317278523 -0.050749460722285825
v -1.1276141843470173 0.4486878199022908 -0.03140502601961602
v -1.1276141843470173 0.42930781668840834 -0.05667391614763166
v -1.1276141843470173 0.4486878199022908 -0.03140502601961602
v -1.1581542984015252 0.4225378317278523 -0.050749460722285825
v -1.1581542984015252 0.4398478252333302 -0.028180954110189338
v -1.1276141843470173 0.4486878199022908 -0.03140502601961602
v -1.1276141843470173 0.4554978293818135 -0.0015170036837427753
v -1.0970740702925095 0.4398478252333302 -0.028180954110189338
v -1.0970740702925095 0.4398478252333302 -0.028180954110189338
v -1.1276141843470173 0.4554978293818135 -0.0015170036837427753
v -1.0970740702925095 0.4459278268259663 -0.0015170036837427753
v -1.1581542984015252 0.4398478252333302 -0.028180954110189338
v -1.1276141843470173 0.4554978293818135 -0.0015170036837427753
v -1.1276141843470173 0.4486878199022908 -0.03140502601961602
v -1.1276141843470173 0.4554978293818135 -0.0015170036837427753
v -1.1581542984015252 0.4398478252333302 -0.028180954110189338
v -1.1581542984015252 0.4459278268259663 -0.0015170036837427753
v -1.1276141843470173 0.4554978293818135 -0.0015170036837427753
v -1.0970740702925095 0.4398478252333302 0.025059809795669682
v -1.0970740702925095 0.4459278268259663 -0.0015170036837427753
v -1.0970740702925095 0.4398478252333302 0.025059809795669682
v -1.1276141843470173 0.4554978293818135 -0.0015170036837427753
v -1.1276141843470173 0.4486878199022908 0.02828388332815123
v -1.1581542984015252 0.4459278268259663 -0.0015170036837427753
v -1.1581542984015252 0.4398478252333302 0.025059809795669682
v -1.1276141843470173 0.4554978293818135 -0.0015170036837427753
v -1.1276141843470173 0.4554978293818135 -0.0015170036837427753
v -1.1581542984015252 0.4398478252333302 0.025059809795669682
v -1.1276141843470173 0.4486878199022908 0.02828388332815123
v 0.22235136751623386 0.431727824870934 -0.037243212832285474
v 0.24359092709866537 0.431727824870934 -0.037243212832285474
v 0.22235136751623386 0.42134782499491163 -0.05641337039477731
v 0.22235136751623386 0.42134782499491163 -0.05641337039477731
v 0.2011200643032629 0.431727824870934 -0.037243212832285474
v 0.22235136751623386 0.431727824870934 -0.037243212832285474
v 0.2011200643032629 0.431727824870934 0.03412206851776582
v 0.22235136751623386 0.42134782499491163 0.0532922293263674
v 0.22235136751623386 0.431727824870934 0.03412206851776582
v 0.2011200643032629 0.431727824870934 -0.037243212832285474
v 0.2011200643032629 0.42520782179056593 -0.02330127858405971
v 0.22235136751623386 0.431727824870934 -0.037243212832285474
v 0.22235136751623386 0.431727824870934 -0.037243212832285474
v 0.2011200643032629 0.42520782179056593 -0.02330127858405971
v 0.22235136751623386 0.42520782179056593 -0.02330127858405971
v 0.22235136751623386 0.431727824870934 -0.037243212832285474
v 0.22235136751623386 0.42520782179056593 -0.02330127858405971
v 0.24359092709866537 0.431727824870934 -0.037243212832285474
v 0.24359092709866537 0.42520782179056593 0.020180132646485174
v 0.22235136751623386 0.42520782179056593 0.020180132646485174
v 0.24359092709866537 0.431727824870934 0.03412206851776582
v 0.22235136751623386 0.42520782179056593 0.020180132646485174
v 0.22235136751623386 0.431727824870934 0.03412206851776582
v 0.24359092709866537 0.431727824870934 0.03412206851776582
v 0.22235136751623386 0.42520782179056593 0.020180132646485174
v 0.2011200643032629 0.42520782179056593 0.020180132646485174
v 0.22235136751623386 0.431727824870934 0.03412206851776582
v 0.2011200643032629 0.42520782179056593 0.020180132646485174
v 0.2011200643032629 0.431727824870934 0.03412206851776582
v 0.22235136751623386 0.431727824870934 0.03412206851776582
v 0.24359092709866537 0.431727824870934 -0.037243212832285474
v 0.22235136751623386 0.42520782179056593 -0.02330127858405971
v 0.24359092709866537 0.42520782179056593 -0.02330127858405971
v 0.2011200643032629 0.42134782499491163 0.047628319653875914
v 0.22235136751623386 0.42134782499491163 0.0532922293263674
v 0.2011200643032629 0.431727824870934 0.03412206851776582
v 0.2011200643032629 0.42134782499491163 -0.050749460722285825
v 0.2011200643032629 0.431727824870934 -0.037243212832285474
v 0.22235136751623386 0.42134782499491163 -0.05641337039477731
v -1.1581542984015252 0.4398478252333302 0.025059809795669682
v -1.1581542984015252 0.4225378317278523 0.047628319653875914
v -1.1276141843470173 0.4486878199022908 0.02828388332815123
v -1.1276141843470173 0.4486878199022908 0.02828388332815123
v -1.1581542984015252 0.4225378317278523 0.047628319653875914
v -1.1276141843470173 0.42930781668840834 0.05355364179052461
v -1.0970740702925095 0.4225378317278523 0.047628319653875914
v -1.1276141843470173 0.4486878199022908 0.02828388332815123
v -1.1276141843470173 0.42930781668840834 0.05355364179052461
v -1.1276141843470173 0.4486878199022908 0.02828388332815123
v -1.0970740702925095 0.4225378317278523 0.047628319653875914
v -1.0970740702925095 0.4398478252333302 0.025059809795669682
v 0.24359092709866537 0.3045578283709187 0.020180132646485174
v 0.22235136751623386 0.3187078220289845 0.03865406945928136
v 0.24359092709866537 0.3187078220289845 0.03865406945928136
v 0.22235136751623386 0.3045578283709187 0.020180132646485174
v 0.2011200643032629 0.3187078220289845 0.03865406945928136
v 0.22235136751623386 0.3187078220289845 0.03865406945928136
v 0.22235136751623386 0.3045578283709187 0.020180132646485174
v 0.22235136751623386 0.3187078220289845 0.03865406945928136
v 0.24359092709866537 0.3045578283709187 0.020180132646485174
v 0.2011200643032629 0.3045578283709187 0.020180132646485174
v 0.2011200643032629 0.3187078220289845 0.03865406945928136
v 0.22235136751623386 0.3045578283709187 0.020180132646485174
v 0.24359092709866537 0.2995878142756123 -0.0015170036837427753
v 0.22235136751623386 0.3045578283709187 0.020180132646485174
v 0.24359092709866537 0.3045578283709187 0.020180132646485174
v 0.22235136751623386 0.2995878142756123 -0.0015170036837427753
v 0.2011200643032629 0.3045578283709187 0.020180132646485174
v 0.22235136751623386 0.3045578283709187 0.020180132646485174
v 0.22235136751623386 0.2995878142756123 -0.0015170036837427753
v 0.22235136751623386 0.3045578283709187 0.020180132646485174
v 0.24359092709866537 0.2995878142756123 -0.0015170036837427753
v 0.2011200643032629 0.2995878142756123 -0.0015170036837427753
v 0.2011200643032629 0.3045578283709187 0.020180132646485174
v 0.22235136751623386 0.2995878142756123 -0.0015170036837427753
v 0.24359092709866537 0.3045578283709187 -0.02330127858405971
v 0.22235136751623386 0.2995878142756123 -0.0015170036837427753
v 0.24359092709866537 0.2995878142756123 -0.0015170036837427753
v 0.22235136751623386 0.3045578283709187 -0.02330127858405971
v 0.2011200643032629 0.2995878142756123 -0.0015170036837427753
v 0.22235136751623386 0.2995878142756123 -0.0015170036837427753
v 0.22235136751623386 0.3045578283709187 -0.02330127858405971
v 0.22235136751623386 0.2995878142756123 -0.0015170036837427753
v 0.24359092709866537 0.3045578283709187 -0.02330127858405971
v 0.2011200643032629 0.3045578283709187 -0.02330127858405971
v 0.2011200643032629 0.2995878142756123 -0.0015170036837427753
v 0.22235136751623386 0.3045578283709187 -0.02330127858405971
v 0.24359092709866537 0.3187078220289845 -0.04177434057027867
v 0.22235136751623386 0.3045578283709187 -0.02330127858405971
v 0.24359092709866537 0.3045578283709187 -0.02330127858405971
v 0.22235136751623386 0.3187078220289845 -0.04177434057027867
v 0.2011200643032629 0.3045578283709187 -0.02330127858405971
v 0.22235136751623386 0.3045578283709187 -0.02330127858405971
v 0.22235136751623386 0.3187078220289845 -0.04177434057027867
v 0.22235136751623386 0.3045578283709187 -0.02330127858405971
v 0.24359092709866537 0.3187078220289845 -0.04177434057027867
v 0.2011200643032629 0.3187078220289845 -0.04177434057027867
v 0.2011200643032629 0.3045578283709187 -0.02330127858405971
v 0.22235136751623386 0.3187078220289845 -0.04177434057027867
v 0.22235136751623386 0.42134782499491163 0.0532922293263674
v 0.24359092709866537 0.431727824870934 0.03412206851776582
v 0.22235136751623386 0.431727824870934 0.03412206851776582
v -1.1581542984015252 0.31990781253992506 0.03865406945928136
v -1.1276141843470173 0.31990781253992506 0.03865406945928136
v -1.1581542984015252 0.30575781888185927 0.020180132646485174
v -1.1276141843470173 0.30575781888185927 0.020180132646485174
v -1.1581542984015252 0.30575781888185927 0.020180132646485174
v -1.1276141843470173 0.31990781253992506 0.03865406945928136
v -1.1276141843470173 0.31990781253992506 0.03865406945928136
v -1.0970740702925095 0.31990781253992506 0.03865406945928136
v -1.1276141843470173 0.30575781888185927 0.020180132646485174
v -1.0970740702925095 0.30575781888185927 0.020180132646485174
v -1.1276141843470173 0.30575781888185927 0.020180132646485174
v -1.0970740702925095 0.31990781253992506 0.03865406945928136
v -1.1276141843470173 0.30575781888185927 -0.02330127858405971
v -1.0970740702925095 0.30575781888185927 -0.02330127858405971
v -1.1276141843470173 0.31990781253992506 -0.04177434057027867
v -1.0970740702925095 0.31990781253992506 -0.04177434057027867
v -1.1276141843470173 0.31990781253992506 -0.04177434057027867
v -1.0970740702925095 0.30575781888185927 -0.02330127858405971
v -1.1276141843470173 0.31990781253992506 -0.04177434057027867
v -1.1581542984015252 0.31990781253992506 -0.04177434057027867
v -1.1276141843470173 0.30575781888185927 -0.02330127858405971
v -1.1581542984015252 0.30575781888185927 -0.02330127858405971
v -1.1276141843470173 0.30575781888185927 -0.02330127858405971
v -1.1581542984015252 0.31990781253992506 -0.04177434057027867
v -1.1276141843470173 0.4002978188437123 0.0704591086875422
v -1.0970740702925095 0.4225378317278523 0.047628319653875914
v -1.1276141843470173 0.42930781668840834 0.05355364179052461
v -1.1276141843470173 0.4002978188437123 0.0704591086875422
v -1.0970740702925095 0.3966378254336018 0.06270303583659997
v -1.0970740702925095 0.4225378317278523 0.047628319653875914
v -1.1581542984015252 0.4225378317278523 0.047628319653875914
v -1.1276141843470173 0.4002978188437123 0.0704591086875422
v -1.1276141843470173 0.42930781668840834 0.05355364179052461
v -1.1276141843470173 0.4002978188437123 0.0704591086875422
v -1.1581542984015252 0.4225378317278523 0.047628319653875914
v -1.1581542984015252 0.3966378254336018 0.06270303583659997
v -1.1581542984015252 0.3966378254336018 0.06270303583659997
v -1.1276141843470173 0.36607783860384413 0.07638355762066855
v -1.1276141843470173 0.4002978188437123 0.0704591086875422
v -1.1276141843470173 0.36607783860384413 0.07638355762066855
v -1.1581542984015252 0.3966378254336018 0.06270303583659997
v -1.1581542984015252 0.36607783860384413 0.06801926767836763
v -1.1276141843470173 0.36607783860384413 0.07638355762066855
v -1.0970740702925095 0.3966378254336018 0.06270303583659997
v -1.1276141843470173 0.4002978188437123 0.0704591086875422
v -1.1276141843470173 0.36607783860384413 0.07638355762066855
v -1.0970740702925095 0.36607783860384413 0.06801926767836763
v -1.0970740702925095 0.3966378254336018 0.06270303583659997
v 1.0148608105962458 -0.568867148693214 0.0918076947950514
v 1.113934786870545 -0.5720582025605541 0.0918076947950514
v 1.065840746731803 -0.48501217537702135 0.05477355904900214
v 0.978961329860687 -0.43393418365300707 0.05477355904900214
v 1.0148608105962458 -0.568867148693214 0.0918076947950514
v 1.065840746731803 -0.48501217537702135 0.05477355904900214
v 1.0148608105962458 -0.568867148693214 0.0918076947950514
v 0.978961329860687 -0.43393418365300707 0.05477355904900214
v 0.9423281134343742 -0.5320201831418376 0.0918076947950514
v 1.065840746731803 -0.48501217537702135 0.05477355904900214
v 1.0468933617208684 -0.4255361872273784 0.05477355904900214
v 0.978961329860687 -0.43393418365300707 0.05477355904900214
v 0.8661674299253601 -0.45647916370214037 0.0918068248376388
v 0.9423281134343742 -0.5320201831418376 0.0918076947950514
v 0.978961329860687 -0.43393418365300707 0.05477355904900214
v 1.0468933617208684 -0.4255361872273784 0.05477355904900214
v 0.9648703610244957 -0.32408717447103075 0.05477355904900214
v 0.978961329860687 -0.43393418365300707 0.05477355904900214
v 0.9171555241402654 -0.37262317710698656 0.05477355904900214
v 0.8661674299253601 -0.45647916370214037 0.0918068248376388
v 0.978961329860687 -0.43393418365300707 0.05477355904900214
v 1.0468933617208684 -0.4255361872273784 0.05477355904900214
v 1.0289601340920103 -0.2779631780940395 0.05477355904900214
v 0.9648703610244957 -0.32408717447103075 0.05477355904900214
v 0.8197718429327974 -0.3615071790772777 0.0918068248376388
v 0.8661674299253601 -0.45647916370214037 0.0918068248376388
v 0.9171555241402654 -0.37262317710698656 0.05477355904900214
v 0.9535992372294348 -0.1283891739803653 0.05477355904900214
v 0.9648703610244957 -0.32408717447103075 0.05477355904900214
v 1.0289601340920103 -0.2779631780940395 0.05477355904900214
v 0.9171555241402654 -0.37262317710698656 0.05477355904900214
v 0.8707516807782418 -0.2776511775809627 0.05477355904900214
v 0.8197718429327974 -0.3615071790772777 0.0918068248376388
v 1.0289601340920103 -0.2779631780940395 0.05477355904900214
v 1.0236089254903071 -0.1283891739803653 0.05477355904900214
v 0.9535992372294348 -0.1283891739803653 0.05477355904900214
v 0.7773339073251246 -0.18069216781438402 0.0918068248376388
v 0.8197718429327974 -0.3615071790772777 0.0918068248376388
v 0.8707516807782418 -0.2776511775809627 0.05477355904900214
v 0.9535992372294348 -0.1283891739803653 0.05477355904900214
v 1.0236089254903071 -0.1283891739803653 0.05477355904900214
v 0.9606241298689353 -0.06758717619956545 0.05477355904900214
v 0.8707516807782418 -0.2776511775809627 0.05477355904900214
v 0.8283138434606816 -0.09683517539084963 0.05477355904900214
v 0.7773339073251246 -0.18069216781438402 0.0918068248376388
v 1.0236089254903071 -0.1283891739803653 0.05477355904900214
v 1.0295042681555082 -0.07796717607558779 0.05477355904900214
v 0.9606241298689353 -0.06758717619956545 0.05477355904900214
v 0.7104326438760531 -0.04768417482406906 0.0918068248376388
v 0.7773339073251246 -0.18069216781438402 0.0918068248376388
v 0.8283138434606816 -0.09683517539084963 0.05477355904900214
v 1.0353996108207095 -0.027547174460748947 0.05477355904900214
v 0.9606241298689353 -0.06758717619956545 0.05477355904900214
v 1.0295042681555082 -0.07796717607558779 0.05477355904900214
v 0.8283138434606816 -0.09683517539084963 0.05477355904900214
v 0.7614124817214976 0.03617182201563307 0.05477355904900214
v 0.7104326438760531 -0.04768417482406906 0.0918068248376388
v 0.9606241298689353 -0.06758717619956545 0.05477355904900214
v 1.0353996108207095 -0.027547174460748947 0.05477355904900214
v 0.9676490225084358 -0.006786174933920419 0.05477355904900214
v 0.6713586873730087 0.0878978279870648 0.05477355904900214
v 0.7104326438760531 -0.04768417482406906 0.0918068248376388
v 0.7614124817214976 0.03617182201563307 0.05477355904900214
v 0.9676490225084358 -0.006786174933920419 0.05477355904900214
v 1.0353996108207095 -0.027547174460748947 0.05477355904900214
v 0.9843702347585015 0.04495182460962721 0.05477355904900214
v 0.7104326438760531 -0.04768417482406906 0.0918068248376388
v 0.6713586873730087 0.0878978279870648 0.05477355904900214
v 0.6203788495275643 0.0040418264907498 0.0918068248376388
v 1.0353996108207095 -0.027547174460748947 0.05477355904900214
v 1.0510571274719356 0.015403824065317595 0.05477355904900214
v 0.9843702347585015 0.04495182460962721 0.05477355904900214
v 1.1076273137631025 0.17053782767473646 0.05477355904900214
v 0.9843702347585015 0.04495182460962721 0.05477355904900214
v 1.0510571274719356 0.015403824065317595 0.05477355904900214
v 0.9843702347585015 0.04495182460962721 0.05477355904900214
v 1.1076273137631025 0.17053782767473646 0.05477355904900214
v 1.044782581552223 0.23182782358347365 0.05477355904900214
v 0.5430226633786791 0.12079782611547896 0.05477355904900214
v 0.6203788495275643 0.0040418264907498 0.0918068248376388
v 0.6713586873730087 0.0878978279870648 0.05477355904900214
v 0.6203788495275643 0.0040418264907498 0.0918068248376388
v 0.5430226633786791 0.12079782611547896 0.05477355904900214
v 0.49204272724312204 0.03694282299696394 0.0918068248376388
v 0.4451441897442513 0.17762782997309157 0.05477355904900214
v 0.49204272724312204 0.03694282299696394 0.0918068248376388
v 0.5430226633786791 0.12079782611547896 0.05477355904900214
v 0.49204272724312204 0.03694282299696394 0.0918068248376388
v 0.4451441897442513 0.17762782997309157 0.05477355904900214
v 0.3941560463842899 0.09376983172117659 0.0918068248376388
v 0.33953175859783846 0.14443783289610335 0.0918068248376388
v 0.3941560463842899 0.09376983172117659 0.0918068248376388
v 0.4451441897442513 0.17762782997309157 0.05477355904900214
v 0.2962775727498622 0.22062781280695387 0.0918068248376388
v 0.33953175859783846 0.14443783289610335 0.0918068248376388
v 0.4451441897442513 0.17762782997309157 0.05477355904900214
v 0.22235136751623386 0.3187078220289845 -0.04177434057027867
v 0.24359092709866537 0.3187078220289845 -0.04177434057027867
v 0.24359092709866537 0.33989783949076124 -0.05414780652578072
v 0.2011200643032629 0.3187078220289845 -0.04177434057027867
v 0.22235136751623386 0.3187078220289845 -0.04177434057027867
v 0.22235136751623386 0.33989783949076124 -0.05414780652578072
v 0.22235136751623386 0.3187078220289845 -0.04177434057027867
v 0.24359092709866537 0.33989783949076124 -0.05414780652578072
v 0.22235136751623386 0.33989783949076124 -0.05414780652578072
v 0.22235136751623386 0.33989783949076124 -0.05414780652578072
v 0.24359092709866537 0.33989783949076124 -0.05414780652578072
v 0.24359092709866537 0.3648778182905812 -0.05841752504572646
v 0.2011200643032629 0.3187078220289845 -0.04177434057027867
v 0.22235136751623386 0.33989783949076124 -0.05414780652578072
v 0.2011200643032629 0.33989783949076124 -0.05414780652578072
v 0.22235136751623386 0.33989783949076124 -0.05414780652578072
v 0.24359092709866537 0.3648778182905812 -0.05841752504572646
v 0.22235136751623386 0.3648778182905812 -0.05841752504572646
v 0.2011200643032629 0.33989783949076124 -0.05414780652578072
v 0.22235136751623386 0.33989783949076124 -0.05414780652578072
v 0.22235136751623386 0.3648778182905812 -0.05841752504572646
v 0.2011200643032629 0.33989783949076124 -0.05414780652578072
v 0.22235136751623386 0.3648778182905812 -0.05841752504572646
v 0.2011200643032629 0.3648778182905812 -0.05841752504572646
v 0.22235136751623386 0.39909782833277174 0.0704591086875422
v 0.2011200643032629 0.42134782499491163 0.047628319653875914
v 0.2011200643032629 0.39543783492266127 0.06270303583659997
v 0.2011200643032629 0.42134782499491163 0.047628319653875914
v 0.22235136751623386 0.39909782833277174 0.0704591086875422
v 0.22235136751623386 0.42134782499491163 0.0532922293263674
v 0.22235136751623386 0.39909782833277174 0.0704591086875422
v 0.24359092709866537 0.42134782499491163 0.047628319653875914
v 0.22235136751623386 0.42134782499491163 0.0532922293263674
v 0.22235136751623386 0.39909782833277174 0.0704591086875422
v 0.24359092709866537 0.39543783492266127 0.06270303583659997
v 0.24359092709866537 0.42134782499491163 0.047628319653875914
v 0.22235136751623386 0.3648778182905812 0.07638355762066855
v 0.24359092709866537 0.39543783492266127 0.06270303583659997
v 0.22235136751623386 0.39909782833277174 0.0704591086875422
v 0.22235136751623386 0.3648778182905812 0.07638355762066855
v 0.24359092709866537 0.3648778182905812 0.06801926767836763
v 0.24359092709866537 0.39543783492266127 0.06270303583659997
v 0.2011200643032629 0.39543783492266127 0.06270303583659997
v 0.22235136751623386 0.3648778182905812 0.07638355762066855
v 0.22235136751623386 0.39909782833277174 0.0704591086875422
v 0.22235136751623386 0.3648778182905812 0.07638355762066855
v 0.2011200643032629 0.39543783492266127 0.06270303583659997
v 0.2011200643032629 0.3648778182905812 0.06801926767836763
v 0.22235136751623386 0.3648778182905812 0.07638355762066855
v 0.24359092709866537 0.3343278152388234 0.06270303583659997
v 0.24359092709866537 0.3648778182905812 0.06801926767836763
v 0.24359092709866537 0.3343278152388234 0.06270303583659997
v 0.22235136751623386 0.3648778182905812 0.07638355762066855
v 0.22235136751623386 0.3306678218287129 0.0704591086875422
v 0.2011200643032629 0.3343278152388234 0.06270303583659997
v 0.22235136751623386 0.3648778182905812 0.07638355762066855
v 0.2011200643032629 0.3648778182905812 0.06801926767836763
v 0.2011200643032629 0.3343278152388234 0.06270303583659997
v 0.22235136751623386 0.3306678218287129 0.0704591086875422
v 0.22235136751623386 0.3648778182905812 0.07638355762066855
v 0.22235136751623386 0.3306678218287129 0.0704591086875422
v 0.24359092709866537 0.308417825166573 0.047628319653875914
v 0.24359092709866537 0.3343278152388234 0.06270303583659997
v 0.24359092709866537 0.308417825166573 0.047628319653875914
v 0.22235136751623386 0.3306678218287129 0.0704591086875422
v 0.22235136751623386 0.30165782398401686 0.05355364179052461
v 0.2011200643032629 0.308417825166573 0.047628319653875914
v 0.22235136751623386 0.30165782398401686 0.05355364179052461
v 0.22235136751623386 0.3306678218287129 0.0704591086875422
v 0.2011200643032629 0.308417825166573 0.047628319653875914
v 0.22235136751623386 0.3306678218287129 0.0704591086875422
v 0.2011200643032629 0.3343278152388234 0.06270303583659997
v -1.1581542984015252 0.33551782197176405 0.06270303583659997
v -1.1276141843470173 0.3318578285616536 0.0704591086875422
v -1.1276141843470173 0.36607783860384413 0.07638355762066855
v -1.1581542984015252 0.33551782197176405 0.06270303583659997
v -1.1276141843470173 0.36607783860384413 0.07638355762066855
v -1.1581542984015252 0.36607783860384413 0.06801926767836763
v -1.0970740702925095 0.33551782197176405 0.06270303583659997
v -1.1276141843470173 0.36607783860384413 0.07638355762066855
v -1.1276141843470173 0.3318578285616536 0.0704591086875422
v -1.1276141843470173 0.36607783860384413 0.07638355762066855
v -1.0970740702925095 0.33551782197176405 0.06270303583659997
v -1.0970740702925095 0.36607783860384413 0.06801926767836763
v -1.1276141843470173 0.3318578285616536 0.0704591086875422
v -1.0970740702925095 0.30961781567751356 0.047628319653875914
v -1.0970740702925095 0.33551782197176405 0.06270303583659997
v -1.0970740702925095 0.30961781567751356 0.047628319653875914
v -1.1276141843470173 0.3318578285616536 0.0704591086875422
v -1.1276141843470173 0.3042878193300862 0.0532922293263674
v -1.1581542984015252 0.30961781567751356 0.047628319653875914
v -1.1276141843470173 0.3042878193300862 0.0532922293263674
v -1.1276141843470173 0.3318578285616536 0.0704591086875422
v -1.1581542984015252 0.30961781567751356 0.047628319653875914
v -1.1276141843470173 0.3318578285616536 0.0704591086875422
v -1.1581542984015252 0.33551782197176405 0.06270303583659997
v 0.9535992372294348 -0.1283891739803653 0.05477355904900214
v 0.8777684153383942 -0.05502717369378618 0.025669770047963322
v 0.9202639489520659 -0.236328171427856 0.04022166454848273
v 0.9202639489520659 -0.236328171427856 0.04022166454848273
v 0.9648703610244957 -0.32408717447103075 0.05477355904900214
v 0.9535992372294348 -0.1283891739803653 0.05477355904900214
v 0.8777684153383942 -0.05502717369378618 0.025669770047963322
v 0.9535992372294348 -0.1283891739803653 0.05477355904900214
v 0.9606241298689353 -0.06758717619956545 0.05477355904900214
v 0.9606241298689353 -0.06758717619956545 0.05477355904900214
v 0.8187329164423394 0.06211282885490843 0.025669770047963322
v 0.8777684153383942 -0.05502717369378618 0.025669770047963322
v 0.9676490225084358 -0.006786174933920419 0.05477355904900214
v 0.8187329164423394 0.06211282885490843 0.025669770047963322
v 0.9606241298689353 -0.06758717619956545 0.05477355904900214
v 0.9843702347585015 0.04495182460962721 0.05477355904900214
v 0.8187329164423394 0.06211282885490843 0.025669770047963322
v 0.9676490225084358 -0.006786174933920419 0.05477355904900214
v 0.9843702347585015 0.04495182460962721 0.05477355904900214
v 0.8068104240709053 0.10900083011805006 0.025669770047963322
v 0.8187329164423394 0.06211282885490843 0.025669770047963322
v 0.9843702347585015 0.04495182460962721 0.05477355904900214
v 0.830078249272433 0.2716378254336018 0.025669770047963322
v 0.8068104240709053 0.10900083011805006 0.025669770047963322
v 0.830078249272433 0.2716378254336018 0.025669770047963322
v 0.9843702347585015 0.04495182460962721 0.05477355904900214
v 1.044782581552223 0.23182782358347365 0.05477355904900214
v 0.2011200643032629 0.3648778182905812 -0.05841752504572646
v 0.22235136751623386 0.3648778182905812 -0.05841752504572646
v 0.22235136751623386 0.3898678106707234 -0.05414780652578072
v 0.2011200643032629 0.3648778182905812 -0.05841752504572646
v 0.22235136751623386 0.3898678106707234 -0.05414780652578072
v 0.2011200643032629 0.3898678106707234 -0.05414780652578072
v 0.22235136751623386 0.3898678106707234 -0.05414780652578072
v 0.2011200643032629 0.41104781455217787 -0.04177434057027867
v 0.2011200643032629 0.3898678106707234 -0.05414780652578072
v 0.22235136751623386 0.3648778182905812 -0.05841752504572646
v 0.24359092709866537 0.3898678106707234 -0.05414780652578072
v 0.22235136751623386 0.3898678106707234 -0.05414780652578072
v 0.22235136751623386 0.3648778182905812 -0.05841752504572646
v 0.24359092709866537 0.3648778182905812 -0.05841752504572646
v 0.24359092709866537 0.3898678106707234 -0.05414780652578072
v 0.2011200643032629 0.41104781455217787 -0.04177434057027867
v 0.22235136751623386 0.3898678106707234 -0.05414780652578072
v 0.22235136751623386 0.41104781455217787 -0.04177434057027867
v 0.24359092709866537 0.3898678106707234 -0.05414780652578072
v 0.22235136751623386 0.41104781455217787 -0.04177434057027867
v 0.22235136751623386 0.3898678106707234 -0.05414780652578072
v 0.22235136751623386 0.41104781455217787 -0.04177434057027867
v 0.24359092709866537 0.3898678106707234 -0.05414780652578072
v 0.24359092709866537 0.41104781455217787 -0.04177434057027867
v -1.1276141843470173 0.31990781253992506 -0.04177434057027867
v -1.1581542984015252 0.34108781642137953 -0.05414780652578072
v -1.1581542984015252 0.31990781253992506 -0.04177434057027867
v -1.0970740702925095 0.31990781253992506 -0.04177434057027867
v -1.1276141843470173 0.34108781642137953 -0.05414780652578072
v -1.1276141843470173 0.31990781253992506 -0.04177434057027867
v -1.1581542984015252 0.34108781642137953 -0.05414780652578072
v -1.1276141843470173 0.31990781253992506 -0.04177434057027867
v -1.1276141843470173 0.34108781642137953 -0.05414780652578072
v -1.1276141843470173 0.34108781642137953 -0.05414780652578072
v -1.0970740702925095 0.31990781253992506 -0.04177434057027867
v -1.0970740702925095 0.34108781642137953 -0.05414780652578072
v -1.1276141843470173 0.34108781642137953 -0.05414780652578072
v -1.1581542984015252 0.36607783860384413 -0.05841752504572646
v -1.1581542984015252 0.34108781642137953 -0.05414780652578072
v -1.0970740702925095 0.34108781642137953 -0.05414780652578072
v -1.1276141843470173 0.36607783860384413 -0.05841752504572646
v -1.1276141843470173 0.34108781642137953 -0.05414780652578072
v -1.1581542984015252 0.36607783860384413 -0.05841752504572646
v -1.1276141843470173 0.34108781642137953 -0.05414780652578072
v -1.1276141843470173 0.36607783860384413 -0.05841752504572646
v -1.1276141843470173 0.36607783860384413 -0.05841752504572646
v -1.0970740702925095 0.34108781642137953 -0.05414780652578072
v -1.0970740702925095 0.36607783860384413 -0.05841752504572646
v -1.1276141843470173 0.36607783860384413 -0.05841752504572646
v -1.1581542984015252 0.39106783098398634 -0.05414780652578072
v -1.1581542984015252 0.36607783860384413 -0.05841752504572646
v -1.0970740702925095 0.36607783860384413 -0.05841752504572646
v -1.1276141843470173 0.39106783098398634 -0.05414780652578072
v -1.1276141843470173 0.36607783860384413 -0.05841752504572646
v -1.1581542984015252 0.39106783098398634 -0.05414780652578072
v -1.1276141843470173 0.36607783860384413 -0.05841752504572646
v -1.1276141843470173 0.39106783098398634 -0.05414780652578072
v -1.1276141843470173 0.39106783098398634 -0.05414780652578072
v -1.0970740702925095 0.36607783860384413 -0.05841752504572646
v -1.0970740702925095 0.39106783098398634 -0.05414780652578072
v -1.1276141843470173 0.39106783098398634 -0.05414780652578072
v -1.1581542984015252 0.4122478348654408 -0.04177434057027867
v -1.1581542984015252 0.39106783098398634 -0.05414780652578072
v -1.0970740702925095 0.39106783098398634 -0.05414780652578072
v -1.1276141843470173 0.4122478348654408 -0.04177434057027867
v -1.1276141843470173 0.39106783098398634 -0.05414780652578072
v -1.1581542984015252 0.4122478348654408 -0.04177434057027867
v -1.1276141843470173 0.39106783098398634 -0.05414780652578072
v -1.1276141843470173 0.4122478348654408 -0.04177434057027867
v -1.1276141843470173 0.4122478348654408 -0.04177434057027867
v -1.0970740702925095 0.39106783098398634 -0.05414780652578072
v -1.0970740702925095 0.4122478348654408 -0.04177434057027867
v -1.1581542984015252 0.30575781888185927 -0.02330127858405971
v -1.1581542984015252 0.31990781253992506 -0.04177434057027867
v -1.1581542984015252 0.29922783202349135 -0.037243212832285474
v -1.1581542984015252 0.31990781253992506 -0.04177434057027867
v -1.1581542984015252 0.30961781567751356 -0.050749460722285825
v -1.1581542984015252 0.29922783202349135 -0.037243212832285474
v -1.1581542984015252 0.31990781253992506 -0.04177434057027867
v -1.1581542984015252 0.33551782197176405 -0.06582331019370703
v -1.1581542984015252 0.30961781567751356 -0.050749460722285825
v -1.1581542984015252 0.33551782197176405 -0.06582331019370703
v -1.1581542984015252 0.31990781253992506 -0.04177434057027867
v -1.1581542984015252 0.34108781642137953 -0.05414780652578072
v -1.1581542984015252 0.36607783860384413 -0.05841752504572646
v -1.1581542984015252 0.33551782197176405 -0.06582331019370703
v -1.1581542984015252 0.34108781642137953 -0.05414780652578072
v -1.1581542984015252 0.33551782197176405 -0.06582331019370703
v -1.1581542984015252 0.36607783860384413 -0.05841752504572646
v -1.1581542984015252 0.36607783860384413 -0.07114041199288729
v -1.1581542984015252 0.36607783860384413 -0.07114041199288729
v -1.1581542984015252 0.36607783860384413 -0.05841752504572646
v -1.1581542984015252 0.3966378254336018 -0.06582331019370703
v -1.1581542984015252 0.39106783098398634 -0.05414780652578072
v -1.1581542984015252 0.3966378254336018 -0.06582331019370703
v -1.1581542984015252 0.36607783860384413 -0.05841752504572646
v -1.1581542984015252 0.4122478348654408 -0.04177434057027867
v -1.1581542984015252 0.3966378254336018 -0.06582331019370703
v -1.1581542984015252 0.39106783098398634 -0.05414780652578072
v -1.1581542984015252 0.3966378254336018 -0.06582331019370703
v -1.1581542984015252 0.4122478348654408 -0.04177434057027867
v -1.1581542984015252 0.4225378317278523 -0.050749460722285825
v -1.1581542984015252 0.4263978285235066 -0.02330127858405971
v -1.1581542984015252 0.4225378317278523 -0.050749460722285825
v -1.1581542984015252 0.4122478348654408 -0.04177434057027867
v -1.1581542984015252 0.4225378317278523 -0.050749460722285825
v -1.1581542984015252 0.4263978285235066 -0.02330127858405971
v -1.1581542984015252 0.4398478252333302 -0.028180954110189338
v -1.1581542984015252 0.4313678128164906 -0.0015170036837427753
v -1.1581542984015252 0.4398478252333302 -0.028180954110189338
v -1.1581542984015252 0.4263978285235066 -0.02330127858405971
v -1.1581542984015252 0.4398478252333302 -0.028180954110189338
v -1.1581542984015252 0.4313678128164906 -0.0015170036837427753
v -1.1581542984015252 0.4459278268259663 -0.0015170036837427753
v -1.1581542984015252 0.4398478252333302 0.025059809795669682
v -1.1581542984015252 0.4459278268259663 -0.0015170036837427753
v -1.1581542984015252 0.4313678128164906 -0.0015170036837427753
v -1.1581542984015252 0.4263978285235066 0.020180132646485174
v -1.1581542984015252 0.4398478252333302 0.025059809795669682
v -1.1581542984015252 0.4313678128164906 -0.0015170036837427753
v -1.1581542984015252 0.4398478252333302 0.025059809795669682
v -1.1581542984015252 0.4263978285235066 0.020180132646485174
v -1.1581542984015252 0.4225378317278523 0.047628319653875914
v -1.1581542984015252 0.4122478348654408 0.03865406945928136
v -1.1581542984015252 0.4225378317278523 0.047628319653875914
v -1.1581542984015252 0.4263978285235066 0.020180132646485174
v -1.1581542984015252 0.4225378317278523 0.047628319653875914
v -1.1581542984015252 0.4122478348654408 0.03865406945928136
v -1.1581542984015252 0.3966378254336018 0.06270303583659997
v -1.1581542984015252 0.3966378254336018 0.06270303583659997
v -1.1581542984015252 0.4122478348654408 0.03865406945928136
v -1.1581542984015252 0.39106783098398634 0.05102666545737081
v -1.1581542984015252 0.36607783860384413 0.05538351930129578
v -1.1581542984015252 0.3966378254336018 0.06270303583659997
v -1.1581542984015252 0.39106783098398634 0.05102666545737081
v -1.1581542984015252 0.3966378254336018 0.06270303583659997
v -1.1581542984015252 0.36607783860384413 0.05538351930129578
v -1.1581542984015252 0.36607783860384413 0.06801926767836763
v -1.1581542984015252 0.36607783860384413 0.05538351930129578
v -1.1581542984015252 0.33551782197176405 0.06270303583659997
v -1.1581542984015252 0.36607783860384413 0.06801926767836763
v -1.1581542984015252 0.33551782197176405 0.06270303583659997
v -1.1581542984015252 0.36607783860384413 0.05538351930129578
v -1.1581542984015252 0.34108781642137953 0.05102666545737081
v -1.1581542984015252 0.31990781253992506 0.03865406945928136
v -1.1581542984015252 0.33551782197176405 0.06270303583659997
v -1.1581542984015252 0.34108781642137953 0.05102666545737081
v -1.1581542984015252 0.33551782197176405 0.06270303583659997
v -1.1581542984015252 0.31990781253992506 0.03865406945928136
v -1.1581542984015252 0.30961781567751356 0.047628319653875914
v -1.1581542984015252 0.31990781253992506 0.03865406945928136
v -1.1581542984015252 0.29922783202349135 0.03412206851776582
v -1.1581542984015252 0.30961781567751356 0.047628319653875914
v -1.1581542984015252 0.29922783202349135 0.03412206851776582
v -1.1581542984015252 0.31990781253992506 0.03865406945928136
v -1.1581542984015252 0.30575781888185927 0.020180132646485174
v 0.2011200643032629 0.431727824870934 0.03412206851776582
v 0.2011200643032629 0.41104781455217787 0.03865406945928136
v 0.2011200643032629 0.42134782499491163 0.047628319653875914
v 0.2011200643032629 0.41104781455217787 0.03865406945928136
v 0.2011200643032629 0.431727824870934 0.03412206851776582
v 0.2011200643032629 0.42520782179056593 0.020180132646485174
v 0.2011200643032629 0.3898678106707234 0.05102666545737081
v 0.2011200643032629 0.42134782499491163 0.047628319653875914
v 0.2011200643032629 0.41104781455217787 0.03865406945928136
v 0.2011200643032629 0.42134782499491163 0.047628319653875914
v 0.2011200643032629 0.3898678106707234 0.05102666545737081
v 0.2011200643032629 0.39543783492266127 0.06270303583659997
v 0.2011200643032629 0.3648778182905812 0.05538351930129578
v 0.2011200643032629 0.39543783492266127 0.06270303583659997
v 0.2011200643032629 0.3898678106707234 0.05102666545737081
v 0.2011200643032629 0.39543783492266127 0.06270303583659997
v 0.2011200643032629 0.3648778182905812 0.05538351930129578
v 0.2011200643032629 0.3648778182905812 0.06801926767836763
v 0.2011200643032629 0.3648778182905812 0.06801926767836763
v 0.2011200643032629 0.3648778182905812 0.05538351930129578
v 0.2011200643032629 0.3343278152388234 0.06270303583659997
v 0.2011200643032629 0.33989783949076124 0.05102666545737081
v 0.2011200643032629 0.3343278152388234 0.06270303583659997
v 0.2011200643032629 0.3648778182905812 0.05538351930129578
v 0.2011200643032629 0.3343278152388234 0.06270303583659997
v 0.2011200643032629 0.33989783949076124 0.05102666545737081
v 0.2011200643032629 0.308417825166573 0.047628319653875914
v 0.2011200643032629 0.3187078220289845 0.03865406945928136
v 0.2011200643032629 0.308417825166573 0.047628319653875914
v 0.2011200643032629 0.33989783949076124 0.05102666545737081
v 0.2011200643032629 0.308417825166573 0.047628319653875914
v 0.2011200643032629 0.3187078220289845 0.03865406945928136
v 0.2011200643032629 0.2911078316610951 0.025059809795669682
v 0.2011200643032629 0.2911078316610951 0.025059809795669682
v 0.2011200643032629 0.3187078220289845 0.03865406945928136
v 0.2011200643032629 0.3045578283709187 0.020180132646485174
v 0.2011200643032629 0.2995878142756123 -0.0015170036837427753
v 0.2011200643032629 0.2911078316610951 0.025059809795669682
v 0.2011200643032629 0.3045578283709187 0.020180132646485174
v 0.2011200643032629 0.2911078316610951 0.025059809795669682
v 0.2011200643032629 0.2995878142756123 -0.0015170036837427753
v 0.2011200643032629 0.285027830068459 -0.0015170036837427753
v 0.2011200643032629 0.2995878142756123 -0.0015170036837427753
v 0.2011200643032629 0.2911078316610951 -0.028180954110189338
v 0.2011200643032629 0.285027830068459 -0.0015170036837427753
v 0.2011200643032629 0.3045578283709187 -0.02330127858405971
v 0.2011200643032629 0.2911078316610951 -0.028180954110189338
v 0.2011200643032629 0.2995878142756123 -0.0015170036837427753
v 0.2011200643032629 0.3187078220289845 -0.04177434057027867
v 0.2011200643032629 0.2911078316610951 -0.028180954110189338
v 0.2011200643032629 0.3045578283709187 -0.02330127858405971
v 0.2011200643032629 0.2911078316610951 -0.028180954110189338
v 0.2011200643032629 0.3187078220289845 -0.04177434057027867
v 0.2011200643032629 0.308417825166573 -0.050749460722285825
v 0.2011200643032629 0.308417825166573 -0.050749460722285825
v 0.2011200643032629 0.3187078220289845 -0.04177434057027867
v 0.2011200643032629 0.3343278152388234 -0.06582331019370703
v 0.2011200643032629 0.3343278152388234 -0.06582331019370703
v 0.2011200643032629 0.3187078220289845 -0.04177434057027867
v 0.2011200643032629 0.33989783949076124 -0.05414780652578072
v 0.2011200643032629 0.3648778182905812 -0.05841752504572646
v 0.2011200643032629 0.3343278152388234 -0.06582331019370703
v 0.2011200643032629 0.33989783949076124 -0.05414780652578072
v 0.2011200643032629 0.3343278152388234 -0.06582331019370703
v 0.2011200643032629 0.3648778182905812 -0.05841752504572646
v 0.2011200643032629 0.3648778182905812 -0.07114041199288729
v 0.2011200643032629 0.3648778182905812 -0.05841752504572646
v 0.2011200643032629 0.39543783492266127 -0.06582331019370703
v 0.2011200643032629 0.3648778182905812 -0.07114041199288729
v 0.2011200643032629 0.39543783492266127 -0.06582331019370703
v 0.2011200643032629 0.3648778182905812 -0.05841752504572646
v 0.2011200643032629 0.3898678106707234 -0.05414780652578072
v 0.2011200643032629 0.41104781455217787 -0.04177434057027867
v 0.2011200643032629 0.39543783492266127 -0.06582331019370703
v 0.2011200643032629 0.3898678106707234 -0.05414780652578072
v 0.2011200643032629 0.39543783492266127 -0.06582331019370703
v 0.2011200643032629 0.41104781455217787 -0.04177434057027867
v 0.2011200643032629 0.42134782499491163 -0.050749460722285825
v 0.2011200643032629 0.41104781455217787 -0.04177434057027867
v 0.2011200643032629 0.431727824870934 -0.037243212832285474
v 0.2011200643032629 0.42134782499491163 -0.050749460722285825
v 0.2011200643032629 0.431727824870934 -0.037243212832285474
v 0.2011200643032629 0.41104781455217787 -0.04177434057027867
v 0.2011200643032629 0.42520782179056593 -0.02330127858405971
v 0.2962775727498622 0.22062781280695387 -0.09492883910957106
v 0.33953175859783846 0.14443783289610335 -0.09492883910957106
v 0.2962775727498622 0.22062781280695387 -0.0015170036837427753
v 0.33953175859783846 0.14443783289610335 -0.09492883910957106
v 0.33953175859783846 0.14443783289610335 -0.0015170036837427753
v 0.2962775727498622 0.22062781280695387 -0.0015170036837427753
v 0.2962775727498622 0.22062781280695387 -0.0015170036837427753
v 0.33953175859783846 0.14443783289610335 -0.0015170036837427753
v 0.33953175859783846 0.14443783289610335 0.0918068248376388
v 0.2962775727498622 0.22062781280695387 -0.0015170036837427753
v 0.33953175859783846 0.14443783289610335 0.0918068248376388
v 0.2962775727498622 0.22062781280695387 0.0918068248376388
v 0.7104326438760531 -0.04768417482406906 -0.09492883910957106
v 0.7773339073251246 -0.18069216781438402 -0.09492883910957106
v 0.7104326438760531 -0.04768417482406906 -0.0015170036837427753
v 0.7104326438760531 -0.04768417482406906 -0.0015170036837427753
v 0.7773339073251246 -0.18069216781438402 0.0918068248376388
v 0.7104326438760531 -0.04768417482406906 0.0918068248376388
v 0.7104326438760531 -0.04768417482406906 -0.0015170036837427753
v 0.7773339073251246 -0.18069216781438402 -0.0015170036837427753
v 0.7773339073251246 -0.18069216781438402 0.0918068248376388
v 0.7773339073251246 -0.18069216781438402 -0.09492883910957106
v 0.7773339073251246 -0.18069216781438402 -0.0015170036837427753
v 0.7104326438760531 -0.04768417482406906 -0.0015170036837427753
v 0.7773339073251246 -0.18069216781438402 -0.0015170036837427753
v 0.8197718429327974 -0.3615071790772777 0.0918068248376388
v 0.7773339073251246 -0.18069216781438402 0.0918068248376388
v 0.7773339073251246 -0.18069216781438402 -0.09492883910957106
v 0.8197718429327974 -0.3615071790772777 -0.09492883910957106
v 0.7773339073251246 -0.18069216781438402 -0.0015170036837427753
v 0.7773339073251246 -0.18069216781438402 -0.0015170036837427753
v 0.8197718429327974 -0.3615071790772777 -0.0015170036837427753
v 0.8197718429327974 -0.3615071790772777 0.0918068248376388
v 0.8197718429327974 -0.3615071790772777 -0.09492883910957106
v 0.8197718429327974 -0.3615071790772777 -0.0015170036837427753
v 0.7773339073251246 -0.18069216781438402 -0.0015170036837427753
v 0.8197718429327974 -0.3615071790772777 -0.0015170036837427753
v 0.8661674299253601 -0.45647916370214037 0.0918068248376388
v 0.8197718429327974 -0.3615071790772777 0.0918068248376388
v 0.8197718429327974 -0.3615071790772777 -0.09492883910957106
v 0.8661674299253601 -0.45647916370214037 -0.09492883910957106
v 0.8197718429327974 -0.3615071790772777 -0.0015170036837427753
v 0.8197718429327974 -0.3615071790772777 -0.0015170036837427753
v 0.8661674299253601 -0.45647916370214037 -0.0015170036837427753
v 0.8661674299253601 -0.45647916370214037 0.0918068248376388
v 0.8661674299253601 -0.45647916370214037 -0.09492883910957106
v 0.8661674299253601 -0.45647916370214037 -0.0015170036837427753
v 0.8197718429327974 -0.3615071790772777 -0.0015170036837427753
v 0.9648703610244957 -0.32408717447103075 -0.05789383015999945
v 0.978961329860687 -0.43393418365300707 -0.05789383015999945
v 0.9648703610244957 -0.32408717447103075 -0.0015170036837427753
v 0.978961329860687 -0.43393418365300707 -0.05789383015999945
v 0.978961329860687 -0.43393418365300707 -0.0015170036837427753
v 0.9648703610244957 -0.32408717447103075 -0.0015170036837427753
v 0.9648703610244957 -0.32408717447103075 -0.0015170036837427753
v 0.978961329860687 -0.43393418365300707 -0.0015170036837427753
v 0.978961329860687 -0.43393418365300707 0.05477355904900214
v 0.9648703610244957 -0.32408717447103075 -0.0015170036837427753
v 0.978961329860687 -0.43393418365300707 0.05477355904900214
v 0.9648703610244957 -0.32408717447103075 0.05477355904900214
v 0.9648703610244957 -0.32408717447103075 -0.0015170036837427753
v 0.9202639489520659 -0.236328171427856 -0.04334280886300239
v 0.9648703610244957 -0.32408717447103075 -0.05789383015999945
v 0.9202639489520659 -0.236328171427856 0.04022166454848273
v 0.9648703610244957 -0.32408717447103075 -0.0015170036837427753
v 0.9648703610244957 -0.32408717447103075 0.05477355904900214
v 0.9202639489520659 -0.236328171427856 -0.04334280886300239
v 0.9648703610244957 -0.32408717447103075 -0.0015170036837427753
v 0.9202639489520659 -0.236328171427856 -0.0015170036837427753
v 0.9648703610244957 -0.32408717447103075 -0.0015170036837427753
v 0.9202639489520659 -0.236328171427856 0.04022166454848273
v 0.9202639489520659 -0.236328171427856 -0.0015170036837427753
v 0.9202639489520659 -0.236328171427856 -0.0015170036837427753
v 0.8777684153383942 -0.05502717369378618 -0.028790914362482982
v 0.9202639489520659 -0.236328171427856 -0.04334280886300239
v 0.8777684153383942 -0.05502717369378618 0.025669770047963322
v 0.9202639489520659 -0.236328171427856 -0.0015170036837427753
v 0.9202639489520659 -0.236328171427856 0.04022166454848273
v 0.8777684153383942 -0.05502717369378618 -0.028790914362482982
v 0.9202639489520659 -0.236328171427856 -0.0015170036837427753
v 0.8777684153383942 -0.05502717369378618 -0.0015170036837427753
v 0.9202639489520659 -0.236328171427856 -0.0015170036837427753
v 0.8777684153383942 -0.05502717369378618 0.025669770047963322
v 0.8777684153383942 -0.05502717369378618 -0.0015170036837427753
v 0.8777684153383942 -0.05502717369378618 -0.0015170036837427753
v 0.8187329164423394 0.06211282885490843 -0.0015170036837427753
v 0.8777684153383942 -0.05502717369378618 -0.028790914362482982
v 0.8187329164423394 0.06211282885490843 -0.0015170036837427753
v 0.8777684153383942 -0.05502717369378618 -0.0015170036837427753
v 0.8777684153383942 -0.05502717369378618 0.025669770047963322
v 0.8187329164423394 0.06211282885490843 -0.028790914362482982
v 0.8777684153383942 -0.05502717369378618 -0.028790914362482982
v 0.8187329164423394 0.06211282885490843 -0.0015170036837427753
v 0.8187329164423394 0.06211282885490843 -0.0015170036837427753
v 0.8777684153383942 -0.05502717369378618 0.025669770047963322
v 0.8187329164423394 0.06211282885490843 0.025669770047963322
v 0.8187329164423394 0.06211282885490843 -0.028790914362482982
v 0.8187329164423394 0.06211282885490843 -0.0015170036837427753
v 0.8068104240709053 0.10900083011805006 -0.0015170036837427753
v 0.8068104240709053 0.10900083011805006 -0.0015170036837427753
v 0.8187329164423394 0.06211282885490843 -0.0015170036837427753
v 0.8187329164423394 0.06211282885490843 0.025669770047963322
v 0.8068104240709053 0.10900083011805006 -0.028790914362482982
v 0.8187329164423394 0.06211282885490843 -0.028790914362482982
v 0.8068104240709053 0.10900083011805006 -0.0015170036837427753
v 0.8068104240709053 0.10900083011805006 -0.0015170036837427753
v 0.8187329164423394 0.06211282885490843 0.025669770047963322
v 0.8068104240709053 0.10900083011805006 0.025669770047963322
v 0.8068104240709053 0.10900083011805006 -0.0015170036837427753
v 0.830078249272433 0.2716378254336018 -0.0015170036837427753
v 0.8068104240709053 0.10900083011805006 -0.028790914362482982
v 0.830078249272433 0.2716378254336018 -0.0015170036837427753
v 0.8068104240709053 0.10900083011805006 -0.0015170036837427753
v 0.8068104240709053 0.10900083011805006 0.025669770047963322
v 0.830078249272433 0.2716378254336018 -0.028790914362482982
v 0.8068104240709053 0.10900083011805006 -0.028790914362482982
v 0.830078249272433 0.2716378254336018 -0.0015170036837427753
v 0.830078249272433 0.2716378254336018 -0.0015170036837427753
v 0.8068104240709053 0.10900083011805006 0.025669770047963322
v 0.830078249272433 0.2716378254336018 0.025669770047963322
v -1.1581542984015252 0.30961781567751356 -0.050749460722285825
v -1.1276141843470173 0.3042878193300862 -0.05641337039477731
v -1.1581542984015252 0.29922783202349135 -0.037243212832285474
v -1.1581542984015252 0.30961781567751356 0.047628319653875914
v -1.1581542984015252 0.29922783202349135 0.03412206851776582
v -1.1276141843470173 0.3042878193300862 0.0532922293263674
v 0.24359092709866537 0.42520782179056593 0.020180132646485174
v 0.22235136751623386 0.41104781455217787 0.03865406945928136
v 0.22235136751623386 0.42520782179056593 0.020180132646485174
v 0.22235136751623386 0.41104781455217787 0.03865406945928136
v 0.24359092709866537 0.42520782179056593 0.020180132646485174
v 0.24359092709866537 0.41104781455217787 0.03865406945928136
v 0.2011200643032629 0.41104781455217787 0.03865406945928136
v 0.22235136751623386 0.42520782179056593 0.020180132646485174
v 0.22235136751623386 0.41104781455217787 0.03865406945928136
v 0.22235136751623386 0.42520782179056593 0.020180132646485174
v 0.2011200643032629 0.41104781455217787 0.03865406945928136
v 0.2011200643032629 0.42520782179056593 0.020180132646485174
v -1.1276141843470173 0.3042878193300862 -0.05641337039477731
v -1.0970740702925095 0.29922783202349135 -0.037243212832285474
v -1.1276141843470173 0.29922783202349135 -0.037243212832285474
v 0.22235136751623386 0.28226783699213454 -0.03140502601961602
v 0.24359092709866537 0.308417825166573 -0.050749460722285825
v 0.24359092709866537 0.2911078316610951 -0.028180954110189338
v 0.24359092709866537 0.308417825166573 -0.050749460722285825
v 0.22235136751623386 0.28226783699213454 -0.03140502601961602
v 0.22235136751623386 0.30165782398401686 -0.05667391614763166
v 0.2011200643032629 0.308417825166573 -0.050749460722285825
v 0.22235136751623386 0.30165782398401686 -0.05667391614763166
v 0.22235136751623386 0.28226783699213454 -0.03140502601961602
v 0.2011200643032629 0.308417825166573 -0.050749460722285825
v 0.22235136751623386 0.28226783699213454 -0.03140502601961602
v 0.2011200643032629 0.2911078316610951 -0.028180954110189338
v 0.22235136751623386 0.28226783699213454 0.02828388332815123
v 0.24359092709866537 0.308417825166573 0.047628319653875914
v 0.22235136751623386 0.30165782398401686 0.05355364179052461
v 0.22235136751623386 0.28226783699213454 0.02828388332815123
v 0.24359092709866537 0.2911078316610951 0.025059809795669682
v 0.24359092709866537 0.308417825166573 0.047628319653875914
v 0.2011200643032629 0.308417825166573 0.047628319653875914
v 0.22235136751623386 0.28226783699213454 0.02828388332815123
v 0.22235136751623386 0.30165782398401686 0.05355364179052461
v 0.22235136751623386 0.28226783699213454 0.02828388332815123
v 0.2011200643032629 0.308417825166573 0.047628319653875914
v 0.2011200643032629 0.2911078316610951 0.025059809795669682
v 0.2011200643032629 0.2911078316610951 0.025059809795669682
v 0.22235136751623386 0.2754678112906117 -0.0015170036837427753
v 0.22235136751623386 0.28226783699213454 0.02828388332815123
v 0.22235136751623386 0.2754678112906117 -0.0015170036837427753
v 0.2011200643032629 0.2911078316610951 0.025059809795669682
v 0.2011200643032629 0.285027830068459 -0.0015170036837427753
v 0.22235136751623386 0.2754678112906117 -0.0015170036837427753
v 0.24359092709866537 0.2911078316610951 0.025059809795669682
v 0.22235136751623386 0.28226783699213454 0.02828388332815123
v 0.22235136751623386 0.2754678112906117 -0.0015170036837427753
v 0.24359092709866537 0.285027830068459 -0.0015170036837427753
v 0.24359092709866537 0.2911078316610951 0.025059809795669682
v 0.22235136751623386 0.2754678112906117 -0.0015170036837427753
v 0.24359092709866537 0.2911078316610951 -0.028180954110189338
v 0.24359092709866537 0.285027830068459 -0.0015170036837427753
v 0.24359092709866537 0.2911078316610951 -0.028180954110189338
v 0.22235136751623386 0.2754678112906117 -0.0015170036837427753
v 0.22235136751623386 0.28226783699213454 -0.03140502601961602
v 0.2011200643032629 0.2911078316610951 -0.028180954110189338
v 0.22235136751623386 0.2754678112906117 -0.0015170036837427753
v 0.2011200643032629 0.285027830068459 -0.0015170036837427753
v 0.2011200643032629 0.2911078316610951 -0.028180954110189338
v 0.22235136751623386 0.28226783699213454 -0.03140502601961602
v 0.22235136751623386 0.2754678112906117 -0.0015170036837427753
v -1.1276141843470173 0.29922783202349135 0.03412206851776582
v -1.0970740702925095 0.29922783202349135 0.03412206851776582
v -1.1276141843470173 0.3042878193300862 0.0532922293263674
v -1.1276141843470173 0.3042878193300862 0.0532922293263674
v -1.1581542984015252 0.29922783202349135 0.03412206851776582
v -1.1276141843470173 0.29922783202349135 0.03412206851776582
v -1.1581542984015252 0.29922783202349135 -0.037243212832285474
v -1.1276141843470173 0.3042878193300862 -0.05641337039477731
v -1.1276141843470173 0.29922783202349135 -0.037243212832285474
v -1.1581542984015252 0.30575781888185927 0.020180132646485174
v -1.1276141843470173 0.30575781888185927 0.020180132646485174
v -1.1276141843470173 0.29922783202349135 0.03412206851776582
v -1.1581542984015252 0.30575781888185927 0.020180132646485174
v -1.1276141843470173 0.29922783202349135 0.03412206851776582
v -1.1581542984015252 0.29922783202349135 0.03412206851776582
v -1.0970740702925095 0.29922783202349135 -0.037243212832285474
v -1.1276141843470173 0.30575781888185927 -0.02330127858405971
v -1.1276141843470173 0.29922783202349135 -0.037243212832285474
v -1.1276141843470173 0.30575781888185927 -0.02330127858405971
v -1.0970740702925095 0.29922783202349135 -0.037243212832285474
v -1.0970740702925095 0.30575781888185927 -0.02330127858405971
v -1.1276141843470173 0.29922783202349135 -0.037243212832285474
v -1.1581542984015252 0.30575781888185927 -0.02330127858405971
v -1.1581542984015252 0.29922783202349135 -0.037243212832285474
v -1.1581542984015252 0.30575781888185927 -0.02330127858405971
v -1.1276141843470173 0.29922783202349135 -0.037243212832285474
v -1.1276141843470173 0.30575781888185927 -0.02330127858405971
v -1.1276141843470173 0.30575781888185927 0.020180132646485174
v -1.0970740702925095 0.30575781888185927 0.020180132646485174
v -1.0970740702925095 0.29922783202349135 0.03412206851776582
v -1.1276141843470173 0.30575781888185927 0.020180132646485174
v -1.0970740702925095 0.29922783202349135 0.03412206851776582
v -1.1276141843470173 0.29922783202349135 0.03412206851776582
v 0.22235136751623386 0.41104781455217787 -0.04177434057027867
v 0.2011200643032629 0.42520782179056593 -0.02330127858405971
v 0.2011200643032629 0.41104781455217787 -0.04177434057027867
v 0.2011200643032629 0.42520782179056593 -0.02330127858405971
v 0.22235136751623386 0.41104781455217787 -0.04177434057027867
v 0.22235136751623386 0.42520782179056593 -0.02330127858405971
v 0.24359092709866537 0.41104781455217787 -0.04177434057027867
v 0.22235136751623386 0.42520782179056593 -0.02330127858405971
v 0.22235136751623386 0.41104781455217787 -0.04177434057027867
v 0.22235136751623386 0.42520782179056593 -0.02330127858405971
v 0.24359092709866537 0.41104781455217787 -0.04177434057027867
v 0.24359092709866537 0.42520782179056593 -0.02330127858405971
v -1.1276141843470173 0.4122478348654408 -0.04177434057027867
v -1.0970740702925095 0.4122478348654408 -0.04177434057027867
v -1.0970740702925095 0.4263978285235066 -0.02330127858405971
v -1.1581542984015252 0.4122478348654408 -0.04177434057027867
v -1.1276141843470173 0.4122478348654408 -0.04177434057027867
v -1.1276141843470173 0.4263978285235066 -0.02330127858405971
v -1.1276141843470173 0.4122478348654408 -0.04177434057027867
v -1.0970740702925095 0.4263978285235066 -0.02330127858405971
v -1.1276141843470173 0.4263978285235066 -0.02330127858405971
v -1.1581542984015252 0.4122478348654408 -0.04177434057027867
v -1.1276141843470173 0.4263978285235066 -0.02330127858405971
v -1.1581542984015252 0.4263978285235066 -0.02330127858405971
v -1.1276141843470173 0.4263978285235066 -0.02330127858405971
v -1.0970740702925095 0.4263978285235066 -0.02330127858405971
v -1.0970740702925095 0.4313678128164906 -0.0015170036837427753
v -1.1581542984015252 0.4263978285235066 -0.02330127858405971
v -1.1276141843470173 0.4263978285235066 -0.02330127858405971
v -1.1276141843470173 0.4313678128164906 -0.0015170036837427753
v -1.1276141843470173 0.4263978285235066 -0.02330127858405971
v -1.0970740702925095 0.4313678128164906 -0.0015170036837427753
v -1.1276141843470173 0.4313678128164906 -0.0015170036837427753
v -1.1581542984015252 0.4263978285235066 -0.02330127858405971
v -1.1276141843470173 0.4313678128164906 -0.0015170036837427753
v -1.1581542984015252 0.4313678128164906 -0.0015170036837427753
v -1.1276141843470173 0.4313678128164906 -0.0015170036837427753
v -1.0970740702925095 0.4313678128164906 -0.0015170036837427753
v -1.0970740702925095 0.4263978285235066 0.020180132646485174
v -1.1581542984015252 0.4313678128164906 -0.0015170036837427753
v -1.1276141843470173 0.4313678128164906 -0.0015170036837427753
v -1.1276141843470173 0.4263978285235066 0.020180132646485174
v -1.1276141843470173 0.4313678128164906 -0.0015170036837427753
v -1.0970740702925095 0.4263978285235066 0.020180132646485174
v -1.1276141843470173 0.4263978285235066 0.020180132646485174
v -1.1581542984015252 0.4313678128164906 -0.0015170036837427753
v -1.1276141843470173 0.4263978285235066 0.020180132646485174
v -1.1581542984015252 0.4263978285235066 0.020180132646485174
v -1.1276141843470173 0.4263978285235066 0.020180132646485174
v -1.0970740702925095 0.4263978285235066 0.020180132646485174
v -1.0970740702925095 0.4122478348654408 0.03865406945928136
v -1.1581542984015252 0.4263978285235066 0.020180132646485174
v -1.1276141843470173 0.4263978285235066 0.020180132646485174
v -1.1276141843470173 0.4122478348654408 0.03865406945928136
v -1.1276141843470173 0.4263978285235066 0.020180132646485174
v -1.0970740702925095 0.4122478348654408 0.03865406945928136
v -1.1276141843470173 0.4122478348654408 0.03865406945928136
v -1.1581542984015252 0.4263978285235066 0.020180132646485174
v -1.1276141843470173 0.4122478348654408 0.03865406945928136
v -1.1581542984015252 0.4122478348654408 0.03865406945928136
v 0.33953175859783846 0.14443783289610335 -0.09492883910957106
v 0.3941560463842899 0.09376983172117659 -0.09492883910957106
v 0.33953175859783846 0.14443783289610335 -0.0015170036837427753
v 0.33953175859783846 0.14443783289610335 -0.0015170036837427753
v 0.3941560463842899 0.09376983172117659 0.0918068248376388
v 0.33953175859783846 0.14443783289610335 0.0918068248376388
v 0.3941560463842899 0.09376983172117659 -0.09492883910957106
v 0.3941560463842899 0.09376983172117659 -0.0015170036837427753
v 0.33953175859783846 0.14443783289610335 -0.0015170036837427753
v 0.33953175859783846 0.14443783289610335 -0.0015170036837427753
v 0.3941560463842899 0.09376983172117659 -0.0015170036837427753
v 0.3941560463842899 0.09376983172117659 0.0918068248376388
v 0.3941560463842899 0.09376983172117659 -0.09492883910957106
v 0.49204272724312204 0.03694282299696394 -0.09492883910957106
v 0.3941560463842899 0.09376983172117659 -0.0015170036837427753
v 0.3941560463842899 0.09376983172117659 -0.0015170036837427753
v 0.49204272724312204 0.03694282299696394 0.0918068248376388
v 0.3941560463842899 0.09376983172117659 0.0918068248376388
v 0.49204272724312204 0.03694282299696394 -0.09492883910957106
v 0.49204272724312204 0.03694282299696394 -0.0015170036837427753
v 0.3941560463842899 0.09376983172117659 -0.0015170036837427753
v 0.3941560463842899 0.09376983172117659 -0.0015170036837427753
v 0.49204272724312204 0.03694282299696394 -0.0015170036837427753
v 0.49204272724312204 0.03694282299696394 0.0918068248376388
v 0.6203788495275643 0.0040418264907498 -0.09492883910957106
v 0.7104326438760531 -0.04768417482406906 -0.09492883910957106
v 0.6203788495275643 0.0040418264907498 -0.0015170036837427753
v 0.7104326438760531 -0.04768417482406906 -0.09492883910957106
v 0.7104326438760531 -0.04768417482406906 -0.0015170036837427753
v 0.6203788495275643 0.0040418264907498 -0.0015170036837427753
v 0.6203788495275643 0.0040418264907498 -0.09492883910957106
v 0.6203788495275643 0.0040418264907498 -0.0015170036837427753
v 0.49204272724312204 0.03694282299696394 -0.0015170036837427753
v 0.49204272724312204 0.03694282299696394 -0.09492883910957106
v 0.6203788495275643 0.0040418264907498 -0.09492883910957106
v 0.49204272724312204 0.03694282299696394 -0.0015170036837427753
v 0.6203788495275643 0.0040418264907498 -0.0015170036837427753
v 0.7104326438760531 -0.04768417482406906 -0.0015170036837427753
v 0.7104326438760531 -0.04768417482406906 0.0918068248376388
v 0.6203788495275643 0.0040418264907498 -0.0015170036837427753
v 0.7104326438760531 -0.04768417482406906 0.0918068248376388
v 0.6203788495275643 0.0040418264907498 0.0918068248376388
v 0.49204272724312204 0.03694282299696394 -0.0015170036837427753
v 0.6203788495275643 0.0040418264907498 -0.0015170036837427753
v 0.6203788495275643 0.0040418264907498 0.0918068248376388
v 0.49204272724312204 0.03694282299696394 -0.0015170036837427753
v 0.6203788495275643 0.0040418264907498 0.0918068248376388
v 0.49204272724312204 0.03694282299696394 0.0918068248376388
v 0.9423281134343742 -0.5320201831418376 -0.0015170036837427753
v 0.8661674299253601 -0.45647916370214037 0.0918068248376388
v 0.8661674299253601 -0.45647916370214037 -0.0015170036837427753
v 0.8661674299253601 -0.45647916370214037 -0.09492883910957106
v 0.9423281134343742 -0.5320201831418376 -0.0015170036837427753
v 0.8661674299253601 -0.45647916370214037 -0.0015170036837427753
v 0.8661674299253601 -0.45647916370214037 0.0918068248376388
v 0.9423281134343742 -0.5320201831418376 -0.0015170036837427753
v 0.9423281134343742 -0.5320201831418376 0.0918076947950514
v 0.9423281134343742 -0.5320201831418376 -0.0015170036837427753
v 0.8661674299253601 -0.45647916370214037 -0.09492883910957106
v 0.9423281134343742 -0.5320201831418376 -0.09492883910957106
v 1.0148608105962458 -0.568867148693214 -0.0015170036837427753
v 0.9423281134343742 -0.5320201831418376 0.0918076947950514
v 0.9423281134343742 -0.5320201831418376 -0.0015170036837427753
v 0.9423281134343742 -0.5320201831418376 -0.09492883910957106
v 1.0148608105962458 -0.568867148693214 -0.0015170036837427753
v 0.9423281134343742 -0.5320201831418376 -0.0015170036837427753
v 0.9423281134343742 -0.5320201831418376 0.0918076947950514
v 1.0148608105962458 -0.568867148693214 -0.0015170036837427753
v 1.0148608105962458 -0.568867148693214 0.0918076947950514
v 1.0148608105962458 -0.568867148693214 -0.0015170036837427753
v 0.9423281134343742 -0.5320201831418376 -0.09492883910957106
v 1.0148608105962458 -0.568867148693214 -0.09492883910957106
v 1.113934786870545 -0.5720582025605541 -0.0015170036837427753
v 1.0148608105962458 -0.568867148693214 0.0918076947950514
v 1.0148608105962458 -0.568867148693214 -0.0015170036837427753
v 1.0148608105962458 -0.568867148693214 -0.09492883910957106
v 1.113934786870545 -0.5720582025605541 -0.0015170036837427753
v 1.0148608105962458 -0.568867148693214 -0.0015170036837427753
v 1.0148608105962458 -0.568867148693214 0.0918076947950514
v 1.113934786870545 -0.5720582025605541 -0.0015170036837427753
v 1.113934786870545 -0.5720582025605541 0.0918076947950514
v 1.113934786870545 -0.5720582025605541 -0.09492883910957106
v 1.113934786870545 -0.5720582025605541 -0.0015170036837427753
v 1.0148608105962458 -0.568867148693214 -0.09492883910957106
v -1.0970740702925095 0.29922783202349135 -0.037243212832285474
v -1.1276141843470173 0.3042878193300862 -0.05641337039477731
v -1.0970740702925095 0.30961781567751356 -0.050749460722285825
v -1.0970740702925095 0.29922783202349135 0.03412206851776582
v -1.0970740702925095 0.30961781567751356 0.047628319653875914
v -1.1276141843470173 0.3042878193300862 0.0532922293263674
v 1.0148608105962458 -0.568867148693214 -0.09492883910957106
v 1.065840746731803 -0.48501217537702135 -0.05789383015999945
v 1.113934786870545 -0.5720582025605541 -0.09492883910957106
v 1.0148608105962458 -0.568867148693214 -0.09492883910957106
v 0.978961329860687 -0.43393418365300707 -0.05789383015999945
v 1.065840746731803 -0.48501217537702135 -0.05789383015999945
v 0.978961329860687 -0.43393418365300707 -0.05789383015999945
v 1.0148608105962458 -0.568867148693214 -0.09492883910957106
v 0.9423281134343742 -0.5320201831418376 -0.09492883910957106
v 1.065840746731803 -0.48501217537702135 -0.05789383015999945
v 0.978961329860687 -0.43393418365300707 -0.05789383015999945
v 1.0468933617208684 -0.4255361872273784 -0.05789383015999945
v 0.978961329860687 -0.43393418365300707 -0.05789383015999945
v 0.9423281134343742 -0.5320201831418376 -0.09492883910957106
v 0.8661674299253601 -0.45647916370214037 -0.09492883910957106
v 0.9648703610244957 -0.32408717447103075 -0.05789383015999945
v 1.0468933617208684 -0.4255361872273784 -0.05789383015999945
v 0.978961329860687 -0.43393418365300707 -0.05789383015999945
v 0.8661674299253601 -0.45647916370214037 -0.09492883910957106
v 0.9171555241402654 -0.37262317710698656 -0.05789383015999945
v 0.978961329860687 -0.43393418365300707 -0.05789383015999945
v 1.0468933617208684 -0.4255361872273784 -0.05789383015999945
v 0.9648703610244957 -0.32408717447103075 -0.05789383015999945
v 1.0289601340920103 -0.2779631780940395 -0.05789383015999945
v 0.8661674299253601 -0.45647916370214037 -0.09492883910957106
v 0.8197718429327974 -0.3615071790772777 -0.09492883910957106
v 0.9171555241402654 -0.37262317710698656 -0.05789383015999945
v 0.9535992372294348 -0.1283891739803653 -0.05789383015999945
v 1.0289601340920103 -0.2779631780940395 -0.05789383015999945
v 0.9648703610244957 -0.32408717447103075 -0.05789383015999945
v 0.8197718429327974 -0.3615071790772777 -0.09492883910957106
v 0.8707516807782418 -0.2776511775809627 -0.05789383015999945
v 0.9171555241402654 -0.37262317710698656 -0.05789383015999945
v 0.9535992372294348 -0.1283891739803653 -0.05789383015999945
v 1.0236089254903071 -0.1283891739803653 -0.05789383015999945
v 1.0289601340920103 -0.2779631780940395 -0.05789383015999945
v 0.8197718429327974 -0.3615071790772777 -0.09492883910957106
v 0.7773339073251246 -0.18069216781438402 -0.09492883910957106
v 0.8707516807782418 -0.2776511775809627 -0.05789383015999945
v 0.9606241298689353 -0.06758717619956545 -0.05789383015999945
v 1.0236089254903071 -0.1283891739803653 -0.05789383015999945
v 0.9535992372294348 -0.1283891739803653 -0.05789383015999945
v 0.8283138434606816 -0.09683517539084963 -0.05789383015999945
v 0.8707516807782418 -0.2776511775809627 -0.05789383015999945
v 0.7773339073251246 -0.18069216781438402 -0.09492883910957106
v 0.9606241298689353 -0.06758717619956545 -0.05789383015999945
v 1.0295042681555082 -0.07796717607558779 -0.05789383015999945
v 1.0236089254903071 -0.1283891739803653 -0.05789383015999945
v 0.7773339073251246 -0.18069216781438402 -0.09492883910957106
v 0.7104326438760531 -0.04768417482406906 -0.09492883910957106
v 0.8283138434606816 -0.09683517539084963 -0.05789383015999945
v 0.9606241298689353 -0.06758717619956545 -0.05789383015999945
v 1.0353996108207095 -0.027547174460748947 -0.05789383015999945
v 1.0295042681555082 -0.07796717607558779 -0.05789383015999945
v 0.7104326438760531 -0.04768417482406906 -0.09492883910957106
v 0.7614124817214976 0.03617182201563307 -0.05789383015999945
v 0.8283138434606816 -0.09683517539084963 -0.05789383015999945
v 1.0353996108207095 -0.027547174460748947 -0.05789383015999945
v 0.9606241298689353 -0.06758717619956545 -0.05789383015999945
v 0.9676490225084358 -0.006786174933920419 -0.05789383015999945
v 0.7104326438760531 -0.04768417482406906 -0.09492883910957106
v 0.6713586873730087 0.0878978279870648 -0.05789383015999945
v 0.7614124817214976 0.03617182201563307 -0.05789383015999945
v 1.0353996108207095 -0.027547174460748947 -0.05789383015999945
v 0.9676490225084358 -0.006786174933920419 -0.05789383015999945
v 0.9843702347585015 0.04495182460962721 -0.05789383015999945
v 0.6713586873730087 0.0878978279870648 -0.05789383015999945
v 0.7104326438760531 -0.04768417482406906 -0.09492883910957106
v 0.6203788495275643 0.0040418264907498 -0.09492883910957106
v 0.9843702347585015 0.04495182460962721 -0.05789383015999945
v 1.0510571274719356 0.015403824065317595 -0.05789383015999945
v 1.0353996108207095 -0.027547174460748947 -0.05789383015999945
v 0.9843702347585015 0.04495182460962721 -0.05789383015999945
v 1.1076273137631025 0.17053782767473646 -0.05789383015999945
v 1.0510571274719356 0.015403824065317595 -0.05789383015999945
v 1.1076273137631025 0.17053782767473646 -0.05789383015999945
v 0.9843702347585015 0.04495182460962721 -0.05789383015999945
v 1.044782581552223 0.23182782358347365 -0.05789383015999945
v 0.6203788495275643 0.0040418264907498 -0.09492883910957106
v 0.5430226633786791 0.12079782611547896 -0.05789383015999945
v 0.6713586873730087 0.0878978279870648 -0.05789383015999945
v 0.5430226633786791 0.12079782611547896 -0.05789383015999945
v 0.6203788495275643 0.0040418264907498 -0.09492883910957106
v 0.49204272724312204 0.03694282299696394 -0.09492883910957106
v 0.49204272724312204 0.03694282299696394 -0.09492883910957106
v 0.4451441897442513 0.17762782997309157 -0.05789383015999945
v 0.5430226633786791 0.12079782611547896 -0.05789383015999945
v 0.4451441897442513 0.17762782997309157 -0.05789383015999945
v 0.49204272724312204 0.03694282299696394 -0.09492883910957106
v 0.3941560463842899 0.09376983172117659 -0.09492883910957106
v 0.33953175859783846 0.14443783289610335 -0.09492883910957106
v 0.4451441897442513 0.17762782997309157 -0.05789383015999945
v 0.3941560463842899 0.09376983172117659 -0.09492883910957106
v 0.2962775727498622 0.22062781280695387 -0.09492883910957106
v 0.4451441897442513 0.17762782997309157 -0.05789383015999945
v 0.33953175859783846 0.14443783289610335 -0.09492883910957106
v 0.2011200643032629 0.39543783492266127 -0.06582331019370703
v 0.22235136751623386 0.39909782833277174 -0.07358025300206186
v 0.22235136751623386 0.3648778182905812 -0.0795047019351882
v 0.2011200643032629 0.39543783492266127 -0.06582331019370703
v 0.22235136751623386 0.3648778182905812 -0.0795047019351882
v 0.2011200643032629 0.3648778182905812 -0.07114041199288729
v 0.24359092709866537 0.39543783492266127 -0.06582331019370703
v 0.22235136751623386 0.3648778182905812 -0.0795047019351882
v 0.22235136751623386 0.39909782833277174 -0.07358025300206186
v 0.22235136751623386 0.3648778182905812 -0.0795047019351882
v 0.24359092709866537 0.39543783492266127 -0.06582331019370703
v 0.24359092709866537 0.3648778182905812 -0.07114041199288729
v 0.22235136751623386 0.39909782833277174 -0.07358025300206186
v 0.24359092709866537 0.42134782499491163 -0.050749460722285825
v 0.24359092709866537 0.39543783492266127 -0.06582331019370703
v 0.24359092709866537 0.42134782499491163 -0.050749460722285825
v 0.22235136751623386 0.39909782833277174 -0.07358025300206186
v 0.22235136751623386 0.42134782499491163 -0.05641337039477731
v 0.2011200643032629 0.42134782499491163 -0.050749460722285825
v 0.22235136751623386 0.42134782499491163 -0.05641337039477731
v 0.22235136751623386 0.39909782833277174 -0.07358025300206186
v 0.2011200643032629 0.42134782499491163 -0.050749460722285825
v 0.22235136751623386 0.39909782833277174 -0.07358025300206186
v 0.2011200643032629 0.39543783492266127 -0.06582331019370703
v 0.22235136751623386 0.41104781455217787 0.03865406945928136
v 0.2011200643032629 0.3898678106707234 0.05102666545737081
v 0.2011200643032629 0.41104781455217787 0.03865406945928136
v 0.24359092709866537 0.41104781455217787 0.03865406945928136
v 0.22235136751623386 0.3898678106707234 0.05102666545737081
v 0.22235136751623386 0.41104781455217787 0.03865406945928136
v 0.2011200643032629 0.3898678106707234 0.05102666545737081
v 0.22235136751623386 0.41104781455217787 0.03865406945928136
v 0.22235136751623386 0.3898678106707234 0.05102666545737081
v 0.22235136751623386 0.3898678106707234 0.05102666545737081
v 0.24359092709866537 0.41104781455217787 0.03865406945928136
v 0.24359092709866537 0.3898678106707234 0.05102666545737081
v 0.22235136751623386 0.3898678106707234 0.05102666545737081
v 0.2011200643032629 0.3648778182905812 0.05538351930129578
v 0.2011200643032629 0.3898678106707234 0.05102666545737081
v 0.24359092709866537 0.3898678106707234 0.05102666545737081
v 0.22235136751623386 0.3648778182905812 0.05538351930129578
v 0.22235136751623386 0.3898678106707234 0.05102666545737081
v 0.2011200643032629 0.3648778182905812 0.05538351930129578
v 0.22235136751623386 0.3898678106707234 0.05102666545737081
v 0.22235136751623386 0.3648778182905812 0.05538351930129578
v 0.22235136751623386 0.3648778182905812 0.05538351930129578
v 0.24359092709866537 0.3898678106707234 0.05102666545737081
v 0.24359092709866537 0.3648778182905812 0.05538351930129578
v 0.22235136751623386 0.3648778182905812 0.05538351930129578
v 0.2011200643032629 0.33989783949076124 0.05102666545737081
v 0.2011200643032629 0.3648778182905812 0.05538351930129578
v 0.24359092709866537 0.3648778182905812 0.05538351930129578
v 0.22235136751623386 0.33989783949076124 0.05102666545737081
v 0.22235136751623386 0.3648778182905812 0.05538351930129578
v 0.2011200643032629 0.33989783949076124 0.05102666545737081
v 0.22235136751623386 0.3648778182905812 0.05538351930129578
v 0.22235136751623386 0.33989783949076124 0.05102666545737081
v 0.22235136751623386 0.33989783949076124 0.05102666545737081
v 0.24359092709866537 0.3648778182905812 0.05538351930129578
v 0.24359092709866537 0.33989783949076124 0.05102666545737081
v 0.22235136751623386 0.33989783949076124 0.05102666545737081
v 0.2011200643032629 0.3187078220289845 0.03865406945928136
v 0.2011200643032629 0.33989783949076124 0.05102666545737081
v 0.24359092709866537 0.33989783949076124 0.05102666545737081
v 0.22235136751623386 0.3187078220289845 0.03865406945928136
v 0.22235136751623386 0.33989783949076124 0.05102666545737081
v 0.2011200643032629 0.3187078220289845 0.03865406945928136
v 0.22235136751623386 0.33989783949076124 0.05102666545737081
v 0.22235136751623386 0.3187078220289845 0.03865406945928136
v 0.22235136751623386 0.3187078220289845 0.03865406945928136
v 0.24359092709866537 0.33989783949076124 0.05102666545737081
v 0.24359092709866537 0.3187078220289845 0.03865406945928136
v -1.1276141843470173 0.3318578285616536 -0.07358025300206186
v -1.1581542984015252 0.30961781567751356 -0.050749460722285825
v -1.1581542984015252 0.33551782197176405 -0.06582331019370703
v -1.1581542984015252 0.30961781567751356 -0.050749460722285825
v -1.1276141843470173 0.3318578285616536 -0.07358025300206186
v -1.1276141843470173 0.3042878193300862 -0.05641337039477731
v -1.1276141843470173 0.3318578285616536 -0.07358025300206186
v -1.0970740702925095 0.30961781567751356 -0.050749460722285825
v -1.1276141843470173 0.3042878193300862 -0.05641337039477731
v -1.1276141843470173 0.3318578285616536 -0.07358025300206186
v -1.0970740702925095 0.33551782197176405 -0.06582331019370703
v -1.0970740702925095 0.30961781567751356 -0.050749460722285825
v -1.1276141843470173 0.36607783860384413 -0.0795047019351882
v -1.0970740702925095 0.33551782197176405 -0.06582331019370703
v -1.1276141843470173 0.3318578285616536 -0.07358025300206186
v -1.1276141843470173 0.36607783860384413 -0.0795047019351882
v -1.0970740702925095 0.36607783860384413 -0.07114041199288729
v -1.0970740702925095 0.33551782197176405 -0.06582331019370703
v -1.1581542984015252 0.33551782197176405 -0.06582331019370703
v -1.1276141843470173 0.36607783860384413 -0.0795047019351882
v -1.1276141843470173 0.3318578285616536 -0.07358025300206186
v -1.1276141843470173 0.36607783860384413 -0.0795047019351882
v -1.1581542984015252 0.33551782197176405 -0.06582331019370703
v -1.1581542984015252 0.36607783860384413 -0.07114041199288729
v -1.1276141843470173 0.36607783860384413 -0.0795047019351882
v -1.0970740702925095 0.3966378254336018 -0.06582331019370703
v -1.0970740702925095 0.36607783860384413 -0.07114041199288729
v -1.0970740702925095 0.3966378254336018 -0.06582331019370703
v -1.1276141843470173 0.36607783860384413 -0.0795047019351882
v -1.1276141843470173 0.4002978188437123 -0.07358025300206186
v -1.1581542984015252 0.3966378254336018 -0.06582331019370703
v -1.1276141843470173 0.36607783860384413 -0.0795047019351882
v -1.1581542984015252 0.36607783860384413 -0.07114041199288729
v -1.1581542984015252 0.3966378254336018 -0.06582331019370703
v -1.1276141843470173 0.4002978188437123 -0.07358025300206186
v -1.1276141843470173 0.36607783860384413 -0.0795047019351882
v -1.1276141843470173 0.4002978188437123 -0.07358025300206186
v -1.0970740702925095 0.4225378317278523 -0.050749460722285825
v -1.0970740702925095 0.3966378254336018 -0.06582331019370703
v -1.0970740702925095 0.4225378317278523 -0.050749460722285825
v -1.1276141843470173 0.4002978188437123 -0.07358025300206186
v -1.1276141843470173 0.42930781668840834 -0.05667391614763166
v -1.1581542984015252 0.4225378317278523 -0.050749460722285825
v -1.1276141843470173 0.42930781668840834 -0.05667391614763166
v -1.1276141843470173 0.4002978188437123 -0.07358025300206186
v -1.1581542984015252 0.4225378317278523 -0.050749460722285825
v -1.1276141843470173 0.4002978188437123 -0.07358025300206186
v -1.1581542984015252 0.3966378254336018 -0.06582331019370703
v -1.1581542984015252 0.36607783860384413 0.05538351930129578
v -1.1276141843470173 0.36607783860384413 0.05538351930129578
v -1.1276141843470173 0.34108781642137953 0.05102666545737081
v -1.1581542984015252 0.36607783860384413 0.05538351930129578
v -1.1276141843470173 0.34108781642137953 0.05102666545737081
v -1.1581542984015252 0.34108781642137953 0.05102666545737081
v -1.1276141843470173 0.34108781642137953 0.05102666545737081
v -1.1581542984015252 0.31990781253992506 0.03865406945928136
v -1.1581542984015252 0.34108781642137953 0.05102666545737081
v -1.1276141843470173 0.36607783860384413 0.05538351930129578
v -1.0970740702925095 0.34108781642137953 0.05102666545737081
v -1.1276141843470173 0.34108781642137953 0.05102666545737081
v -1.1276141843470173 0.36607783860384413 0.05538351930129578
v -1.0970740702925095 0.36607783860384413 0.05538351930129578
v -1.0970740702925095 0.34108781642137953 0.05102666545737081
v -1.1581542984015252 0.31990781253992506 0.03865406945928136
v -1.1276141843470173 0.34108781642137953 0.05102666545737081
v -1.1276141843470173 0.31990781253992506 0.03865406945928136
v -1.0970740702925095 0.34108781642137953 0.05102666545737081
v -1.1276141843470173 0.31990781253992506 0.03865406945928136
v -1.1276141843470173 0.34108781642137953 0.05102666545737081
v -1.1276141843470173 0.31990781253992506 0.03865406945928136
v -1.0970740702925095 0.34108781642137953 0.05102666545737081
v -1.0970740702925095 0.31990781253992506 0.03865406945928136
v 0.22235136751623386 0.3306678218287129 -0.07358025300206186
v 0.24359092709866537 0.308417825166573 -0.050749460722285825
v 0.22235136751623386 0.30165782398401686 -0.05667391614763166
v 0.22235136751623386 0.3306678218287129 -0.07358025300206186
v 0.24359092709866537 0.3343278152388234 -0.06582331019370703
v 0.24359092709866537 0.308417825166573 -0.050749460722285825
v 0.2011200643032629 0.308417825166573 -0.050749460722285825
v 0.22235136751623386 0.3306678218287129 -0.07358025300206186
v 0.22235136751623386 0.30165782398401686 -0.05667391614763166
v 0.22235136751623386 0.3306678218287129 -0.07358025300206186
v 0.2011200643032629 0.308417825166573 -0.050749460722285825
v 0.2011200643032629 0.3343278152388234 -0.06582331019370703
v 0.2011200643032629 0.3343278152388234 -0.06582331019370703
v 0.22235136751623386 0.3648778182905812 -0.0795047019351882
v 0.22235136751623386 0.3306678218287129 -0.07358025300206186
v 0.22235136751623386 0.3648778182905812 -0.0795047019351882
v 0.2011200643032629 0.3343278152388234 -0.06582331019370703
v 0.2011200643032629 0.3648778182905812 -0.07114041199288729
v 0.22235136751623386 0.3648778182905812 -0.0795047019351882
v 0.24359092709866537 0.3343278152388234 -0.06582331019370703
v 0.22235136751623386 0.3306678218287129 -0.07358025300206186
v 0.22235136751623386 0.3648778182905812 -0.0795047019351882
v 0.24359092709866537 0.3648778182905812 -0.07114041199288729
v 0.24359092709866537 0.3343278152388234 -0.06582331019370703
v 0.9535992372294348 -0.1283891739803653 -0.05789383015999945
v 0.9202639489520659 -0.236328171427856 -0.04334280886300239
v 0.8777684153383942 -0.05502717369378618 -0.028790914362482982
v 0.9202639489520659 -0.236328171427856 -0.04334280886300239
v 0.9535992372294348 -0.1283891739803653 -0.05789383015999945
v 0.9648703610244957 -0.32408717447103075 -0.05789383015999945
v 0.8777684153383942 -0.05502717369378618 -0.028790914362482982
v 0.9606241298689353 -0.06758717619956545 -0.05789383015999945
v 0.9535992372294348 -0.1283891739803653 -0.05789383015999945
v 0.9606241298689353 -0.06758717619956545 -0.05789383015999945
v 0.8777684153383942 -0.05502717369378618 -0.028790914362482982
v 0.8187329164423394 0.06211282885490843 -0.028790914362482982
v 0.9676490225084358 -0.006786174933920419 -0.05789383015999945
v 0.9606241298689353 -0.06758717619956545 -0.05789383015999945
v 0.8187329164423394 0.06211282885490843 -0.028790914362482982
v 0.9676490225084358 -0.006786174933920419 -0.05789383015999945
v 0.8187329164423394 0.06211282885490843 -0.028790914362482982
v 0.9843702347585015 0.04495182460962721 -0.05789383015999945
v 0.8068104240709053 0.10900083011805006 -0.028790914362482982
v 0.9843702347585015 0.04495182460962721 -0.05789383015999945
v 0.8187329164423394 0.06211282885490843 -0.028790914362482982
v 0.830078249272433 0.2716378254336018 -0.028790914362482982
v 0.9843702347585015 0.04495182460962721 -0.05789383015999945
v 0.8068104240709053 0.10900083011805006 -0.028790914362482982
v 0.9843702347585015 0.04495182460962721 -0.05789383015999945
v 0.830078249272433 0.2716378254336018 -0.028790914362482982
v 1.044782581552223 0.23182782358347365 -0.05789383015999945
v -1.1276141843470173 0.4122478348654408 0.03865406945928136
v -1.0970740702925095 0.4122478348654408 0.03865406945928136
v -1.0970740702925095 0.39106783098398634 0.05102666545737081
v -1.1581542984015252 0.4122478348654408 0.03865406945928136
v -1.1276141843470173 0.4122478348654408 0.03865406945928136
v -1.1276141843470173 0.39106783098398634 0.05102666545737081
v -1.1276141843470173 0.4122478348654408 0.03865406945928136
v -1.0970740702925095 0.39106783098398634 0.05102666545737081
v -1.1276141843470173 0.39106783098398634 0.05102666545737081
v -1.1276141843470173 0.39106783098398634 0.05102666545737081
v -1.0970740702925095 0.39106783098398634 0.05102666545737081
v -1.0970740702925095 0.36607783860384413 0.05538351930129578
v -1.1581542984015252 0.4122478348654408 0.03865406945928136
v -1.1276141843470173 0.39106783098398634 0.05102666545737081
v -1.1581542984015252 0.39106783098398634 0.05102666545737081
v -1.1276141843470173 0.39106783098398634 0.05102666545737081
v -1.0970740702925095 0.36607783860384413 0.05538351930129578
v -1.1276141843470173 0.36607783860384413 0.05538351930129578
v -1.1581542984015252 0.39106783098398634 0.05102666545737081
v -1.1276141843470173 0.39106783098398634 0.05102666545737081
v -1.1276141843470173 0.36607783860384413 0.05538351930129578
v -1.1581542984015252 0.39106783098398634 0.05102666545737081
v -1.1276141843470173 0.36607783860384413 0.05538351930129578
v -1.1581542984015252 0.36607783860384413 0.05538351930129578
v -1.104816284173955 0.27399781173883864 -0.0015170036837427753
v -1.1144383947494878 0.3416178209227223 -0.0015170036837427753
v -1.1144383947494878 0.2912178320330281 0.013470577175002055
v -1.104816284173955 0.27399781173883864 -0.0015170036837427753
v -1.1144383947494878 0.2912178320330281 -0.01659172067799428
v -1.1144383947494878 0.3416178209227223 -0.0015170036837427753
v -1.1144383947494878 0.20637783235727736 -0.0015170036837427753
v -1.104816284173955 0.27399781173883864 -0.0015170036837427753
v -1.1144383947494878 0.2567678374689717 0.013470577175002055
v -1.1144383947494878 0.2567678374689717 -0.01659172067799428
v -1.104816284173955 0.27399781173883864 -0.0015170036837427753
v -1.1144383947494878 0.20637783235727736 -0.0015170036837427753
v -1.1144383947494878 0.27399781173883864 -0.06050794830935198
v -1.1144383947494878 0.2912178320330281 -0.01659172067799428
v -1.104816284173955 0.27399781173883864 -0.0015170036837427753
v -1.1144383947494878 0.2912178320330281 0.013470577175002055
v -1.1144383947494878 0.27399781173883864 0.05738767395224492
v -1.104816284173955 0.27399781173883864 -0.0015170036837427753
v -1.104816284173955 0.27399781173883864 -0.0015170036837427753
v -1.1144383947494878 0.2567678374689717 -0.01659172067799428
v -1.1144383947494878 0.27399781173883864 -0.06050794830935198
v -1.1144383947494878 0.2567678374689717 0.013470577175002055
v -1.104816284173955 0.27399781173883864 -0.0015170036837427753
v -1.1144383947494878 0.27399781173883864 0.05738767395224492
v -1.1144383947494878 0.2912178320330281 -0.01659172067799428
v -1.1144383947494878 0.27399781173883864 -0.06050794830935198
v -1.1276389534553992 0.27399781173883864 -0.06050794830935198
v -1.1276389534553992 0.27399781173883864 -0.06050794830935198
v -1.1276389534553992 0.2912178320330281 -0.01659172067799428
v -1.1144383947494878 0.2912178320330281 -0.01659172067799428
v -1.140839413871198 0.27399781173883864 -0.06050794830935198
v -1.140839413871198 0.2912178320330281 -0.01659172067799428
v -1.1276389534553992 0.27399781173883864 -0.06050794830935198
v -1.1276389534553992 0.27399781173883864 -0.06050794830935198
v -1.140839413871198 0.2912178320330281 -0.01659172067799428
v -1.1276389534553992 0.2912178320330281 -0.01659172067799428
v -1.1276389534553992 0.2912178320330281 0.013470577175002055
v -1.1144383947494878 0.27399781173883864 0.05738767395224492
v -1.1144383947494878 0.2912178320330281 0.013470577175002055
v -1.1144383947494878 0.27399781173883864 0.05738767395224492
v -1.1276389534553992 0.2912178320330281 0.013470577175002055
v -1.1276389534553992 0.27399781173883864 0.05738767395224492
v -1.140839413871198 0.2912178320330281 0.013470577175002055
v -1.140839413871198 0.27399781173883864 0.05738767395224492
v -1.1276389534553992 0.2912178320330281 0.013470577175002055
v -1.1276389534553992 0.2912178320330281 0.013470577175002055
v -1.140839413871198 0.27399781173883864 0.05738767395224492
v -1.1276389534553992 0.27399781173883864 0.05738767395224492
v -1.1144383947494878 0.2912178320330281 0.013470577175002055
v -1.1276389534553992 0.3416178209227223 -0.0015170036837427753
v -1.1276389534553992 0.2912178320330281 0.013470577175002055
v -1.1276389534553992 0.3416178209227223 -0.0015170036837427753
v -1.1144383947494878 0.2912178320330281 0.013470577175002055
v -1.1144383947494878 0.3416178209227223 -0.0015170036837427753
v -1.1144383947494878 0.20637783235727736 -0.0015170036837427753
v -1.1276389534553992 0.2567678374689717 0.013470577175002055
v -1.1276389534553992 0.20637783235727736 -0.0015170036837427753
v -1.1276389534553992 0.2567678374689717 0.013470577175002055
v -1.1144383947494878 0.20637783235727736 -0.0015170036837427753
v -1.1144383947494878 0.2567678374689717 0.013470577175002055
v -1.1276389534553992 0.2912178320330281 0.013470577175002055
v -1.1276389534553992 0.3416178209227223 -0.0015170036837427753
v -1.140839413871198 0.2912178320330281 0.013470577175002055
v -1.140839413871198 0.2912178320330281 0.013470577175002055
v -1.1276389534553992 0.3416178209227223 -0.0015170036837427753
v -1.140839413871198 0.3416178209227223 -0.0015170036837427753
v -1.1276389534553992 0.20637783235727736 -0.0015170036837427753
v -1.1276389534553992 0.2567678374689717 0.013470577175002055
v -1.140839413871198 0.20637783235727736 -0.0015170036837427753
v -1.140839413871198 0.20637783235727736 -0.0015170036837427753
v -1.1276389534553992 0.2567678374689717 0.013470577175002055
v -1.140839413871198 0.2567678374689717 0.013470577175002055
v -1.1504532680772699 0.27399781173883864 -0.0015170036837427753
v -1.140839413871198 0.2912178320330281 0.013470577175002055
v -1.140839413871198 0.3416178209227223 -0.0015170036837427753
v -1.1504532680772699 0.27399781173883864 -0.0015170036837427753
v -1.140839413871198 0.3416178209227223 -0.0015170036837427753
v -1.140839413871198 0.2912178320330281 -0.01659172067799428
v -1.140839413871198 0.20637783235727736 -0.0015170036837427753
v -1.140839413871198 0.2567678374689717 0.013470577175002055
v -1.1504532680772699 0.27399781173883864 -0.0015170036837427753
v -1.140839413871198 0.2567678374689717 -0.01659172067799428
v -1.140839413871198 0.20637783235727736 -0.0015170036837427753
v -1.1504532680772699 0.27399781173883864 -0.0015170036837427753
v -1.140839413871198 0.27399781173883864 -0.06050794830935198
v -1.1504532680772699 0.27399781173883864 -0.0015170036837427753
v -1.140839413871198 0.2912178320330281 -0.01659172067799428
v -1.140839413871198 0.2912178320330281 0.013470577175002055
v -1.1504532680772699 0.27399781173883864 -0.0015170036837427753
v -1.140839413871198 0.27399781173883864 0.05738767395224492
v -1.1504532680772699 0.27399781173883864 -0.0015170036837427753
v -1.140839413871198 0.27399781173883864 -0.06050794830935198
v -1.140839413871198 0.2567678374689717 -0.01659172067799428
v -1.140839413871198 0.2567678374689717 0.013470577175002055
v -1.140839413871198 0.27399781173883864 0.05738767395224492
v -1.1504532680772699 0.27399781173883864 -0.0015170036837427753
v -1.1276389534553992 0.2567678374689717 -0.01659172067799428
v -1.1144383947494878 0.27399781173883864 -0.06050794830935198
v -1.1144383947494878 0.2567678374689717 -0.01659172067799428
v -1.1144383947494878 0.27399781173883864 -0.06050794830935198
v -1.1276389534553992 0.2567678374689717 -0.01659172067799428
v -1.1276389534553992 0.27399781173883864 -0.06050794830935198
v -1.140839413871198 0.27399781173883864 -0.06050794830935198
v -1.1276389534553992 0.2567678374689717 -0.01659172067799428
v -1.140839413871198 0.2567678374689717 -0.01659172067799428
v -1.1276389534553992 0.27399781173883864 -0.06050794830935198
v -1.1276389534553992 0.2567678374689717 -0.01659172067799428
v -1.140839413871198 0.27399781173883864 -0.06050794830935198
v -1.1276389534553992 0.27399781173883864 0.05738767395224492
v -1.1276389534553992 0.2567678374689717 0.013470577175002055
v -1.1144383947494878 0.2567678374689717 0.013470577175002055
v -1.1144383947494878 0.2567678374689717 0.013470577175002055
v -1.1144383947494878 0.27399781173883864 0.05738767395224492
v -1.1276389534553992 0.27399781173883864 0.05738767395224492
v -1.1276389534553992 0.27399781173883864 0.05738767395224492
v -1.140839413871198 0.2567678374689717 0.013470577175002055
v -1.1276389534553992 0.2567678374689717 0.013470577175002055
v -1.140839413871198 0.2567678374689717 0.013470577175002055
v -1.1276389534553992 0.27399781173883864 0.05738767395224492
v -1.140839413871198 0.27399781173883864 0.05738767395224492
v -1.1276389534553992 0.2912178320330281 -0.01659172067799428
v -1.1144383947494878 0.3416178209227223 -0.0015170036837427753
v -1.1144383947494878 0.2912178320330281 -0.01659172067799428
v -1.1144383947494878 0.3416178209227223 -0.0015170036837427753
v -1.1276389534553992 0.2912178320330281 -0.01659172067799428
v -1.1276389534553992 0.3416178209227223 -0.0015170036837427753
v -1.1144383947494878 0.2567678374689717 -0.01659172067799428
v -1.1276389534553992 0.20637783235727736 -0.0015170036837427753
v -1.1276389534553992 0.2567678374689717 -0.01659172067799428
v -1.1276389534553992 0.20637783235727736 -0.0015170036837427753
v -1.1144383947494878 0.2567678374689717 -0.01659172067799428
v -1.1144383947494878 0.20637783235727736 -0.0015170036837427753
v -1.140839413871198 0.3416178209227223 -0.0015170036837427753
v -1.1276389534553992 0.2912178320330281 -0.01659172067799428
v -1.140839413871198 0.2912178320330281 -0.01659172067799428
v -1.1276389534553992 0.3416178209227223 -0.0015170036837427753
v -1.1276389534553992 0.2912178320330281 -0.01659172067799428
v -1.140839413871198 0.3416178209227223 -0.0015170036837427753
v -1.1276389534553992 0.2567678374689717 -0.01659172067799428
v -1.1276389534553992 0.20637783235727736 -0.0015170036837427753
v -1.140839413871198 0.2567678374689717 -0.01659172067799428
v -1.140839413871198 0.2567678374689717 -0.01659172067799428
v -1.1276389534553992 0.20637783235727736 -0.0015170036837427753
v -1.140839413871198 0.20637783235727736 -0.0015170036837427753
v -0.40400138000623553 0.16022781855284163 0.19201448597068146
v -0.4145139744296325 0.23408782309709975 0.19201448597068146
v -0.4145139744296325 0.179037822548737 0.20839626447419154
v -0.40400138000623553 0.16022781855284163 0.19201448597068146
v -0.4145139744296325 0.179037822548737 0.17563270746717138
v -0.4145139744296325 0.23408782309709975 0.19201448597068146
v -0.4145139744296325 0.0863608253639836 0.19201448597068146
v -0.40400138000623553 0.16022781855284163 0.19201448597068146
v -0.4145139744296325 0.14140783077894636 0.20839626447419154
v -0.4145139744296325 0.14140783077894636 0.17563270746717138
v -0.40400138000623553 0.16022781855284163 0.19201448597068146
v -0.4145139744296325 0.0863608253639836 0.19201448597068146
v -0.4145139744296325 0.16022781855284163 0.12770731193788692
v -0.4145139744296325 0.179037822548737 0.17563270746717138
v -0.40400138000623553 0.16022781855284163 0.19201448597068146
v -0.4145139744296325 0.179037822548737 0.20839626447419154
v -0.4145139744296325 0.16022781855284163 0.256408785589126
v -0.40400138000623553 0.16022781855284163 0.19201448597068146
v -0.40400138000623553 0.16022781855284163 0.19201448597068146
v -0.4145139744296325 0.14140783077894636 0.17563270746717138
v -0.4145139744296325 0.16022781855284163 0.12770731193788692
v -0.4145139744296325 0.14140783077894636 0.20839626447419154
v -0.40400138000623553 0.16022781855284163 0.19201448597068146
v -0.4145139744296325 0.16022781855284163 0.256408785589126
v -0.4145139744296325 0.179037822548737 0.17563270746717138
v -0.4145139744296325 0.16022781855284163 0.12770731193788692
v -0.4289265362280722 0.16022781855284163 0.12770731193788692
v -0.4289265362280722 0.16022781855284163 0.12770731193788692
v -0.4289265362280722 0.179037822548737 0.17563270746717138
v -0.4145139744296325 0.179037822548737 0.17563270746717138
v -0.44334734210970844 0.16022781855284163 0.12770731193788692
v -0.44334734210970844 0.179037822548737 0.17563270746717138
v -0.4289265362280722 0.16022781855284163 0.12770731193788692
v -0.4289265362280722 0.16022781855284163 0.12770731193788692
v -0.44334734210970844 0.179037822548737 0.17563270746717138
v -0.4289265362280722 0.179037822548737 0.17563270746717138
v -0.4289265362280722 0.179037822548737 0.20839626447419154
v -0.4145139744296325 0.16022781855284163 0.256408785589126
v -0.4145139744296325 0.179037822548737 0.20839626447419154
v -0.4145139744296325 0.16022781855284163 0.256408785589126
v -0.4289265362280722 0.179037822548737 0.20839626447419154
v -0.4289265362280722 0.16022781855284163 0.256408785589126
v -0.44334734210970844 0.179037822548737 0.20839626447419154
v -0.44334734210970844 0.16022781855284163 0.256408785589126
v -0.4289265362280722 0.179037822548737 0.20839626447419154
v -0.4289265362280722 0.179037822548737 0.20839626447419154
v -0.44334734210970844 0.16022781855284163 0.256408785589126
v -0.4289265362280722 0.16022781855284163 0.256408785589126
v -0.4145139744296325 0.179037822548737 0.20839626447419154
v -0.4289265362280722 0.23408782309709975 0.19201448597068146
v -0.4289265362280722 0.179037822548737 0.20839626447419154
v -0.4289265362280722 0.23408782309709975 0.19201448597068146
v -0.4145139744296325 0.179037822548737 0.20839626447419154
v -0.4145139744296325 0.23408782309709975 0.19201448597068146
v -0.4145139744296325 0.0863608253639836 0.19201448597068146
v -0.4289265362280722 0.14140783077894636 0.20839626447419154
v -0.4289265362280722 0.0863608253639836 0.19201448597068146
v -0.4289265362280722 0.14140783077894636 0.20839626447419154
v -0.4145139744296325 0.0863608253639836 0.19201448597068146
v -0.4145139744296325 0.14140783077894636 0.20839626447419154
v -0.4289265362280722 0.179037822548737 0.20839626447419154
v -0.4289265362280722 0.23408782309709975 0.19201448597068146
v -0.44334734210970844 0.179037822548737 0.20839626447419154
v -0.44334734210970844 0.179037822548737 0.20839626447419154
v -0.4289265362280722 0.23408782309709975 0.19201448597068146
v -0.44334734210970844 0.23408782309709975 0.19201448597068146
v -0.4289265362280722 0.0863608253639836 0.19201448597068146
v -0.4289265362280722 0.14140783077894636 0.20839626447419154
v -0.44334734210970844 0.0863608253639836 0.19201448597068146
v -0.44334734210970844 0.0863608253639836 0.19201448597068146
v -0.4289265362280722 0.14140783077894636 0.20839626447419154
v -0.44334734210970844 0.14140783077894636 0.20839626447419154
v -0.4538516924499089 0.16022781855284163 0.19201448597068146
v -0.44334734210970844 0.179037822548737 0.20839626447419154
v -0.44334734210970844 0.23408782309709975 0.19201448597068146
v -0.4538516924499089 0.16022781855284163 0.19201448597068146
v -0.44334734210970844 0.23408782309709975 0.19201448597068146
v -0.44334734210970844 0.179037822548737 0.17563270746717138
v -0.44334734210970844 0.0863608253639836 0.19201448597068146
v -0.44334734210970844 0.14140783077894636 0.20839626447419154
v -0.4538516924499089 0.16022781855284163 0.19201448597068146
v -0.44334734210970844 0.14140783077894636 0.17563270746717138
v -0.44334734210970844 0.0863608253639836 0.19201448597068146
v -0.4538516924499089 0.16022781855284163 0.19201448597068146
v -0.44334734210970844 0.16022781855284163 0.12770731193788692
v -0.4538516924499089 0.16022781855284163 0.19201448597068146
v -0.44334734210970844 0.179037822548737 0.17563270746717138
v -0.44334734210970844 0.179037822548737 0.20839626447419154
v -0.4538516924499089 0.16022781855284163 0.19201448597068146
v -0.44334734210970844 0.16022781855284163 0.256408785589126
v -0.4538516924499089 0.16022781855284163 0.19201448597068146
v -0.44334734210970844 0.16022781855284163 0.12770731193788692
v -0.44334734210970844 0.14140783077894636 0.17563270746717138
v -0.44334734210970844 0.14140783077894636 0.20839626447419154
v -0.44334734210970844 0.16022781855284163 0.256408785589126
v -0.4538516924499089 0.16022781855284163 0.19201448597068146
v -0.4289265362280722 0.14140783077894636 0.17563270746717138
v -0.4145139744296325 0.16022781855284163 0.12770731193788692
v -0.4145139744296325 0.14140783077894636 0.17563270746717138
v -0.4145139744296325 0.16022781855284163 0.12770731193788692
v -0.4289265362280722 0.14140783077894636 0.17563270746717138
v -0.4289265362280722 0.16022781855284163 0.12770731193788692
v -0.44334734210970844 0.16022781855284163 0.12770731193788692
v -0.4289265362280722 0.14140783077894636 0.17563270746717138
v -0.44334734210970844 0.14140783077894636 0.17563270746717138
v -0.4289265362280722 0.16022781855284163 0.12770731193788692
v -0.4289265362280722 0.14140783077894636 0.17563270746717138
v -0.44334734210970844 0.16022781855284163 0.12770731193788692
v -0.4289265362280722 0.16022781855284163 0.256408785589126
v -0.4289265362280722 0.14140783077894636 0.20839626447419154
v -0.4145139744296325 0.14140783077894636 0.20839626447419154
v -0.4145139744296325 0.14140783077894636 0.20839626447419154
v -0.4145139744296325 0.16022781855284163 0.256408785589126
v -0.4289265362280722 0.16022781855284163 0.256408785589126
v -0.4289265362280722 0.16022781855284163 0.256408785589126
v -0.44334734210970844 0.14140783077894636 0.20839626447419154
v -0.4289265362280722 0.14140783077894636 0.20839626447419154
v -0.44334734210970844 0.14140783077894636 0.20839626447419154
v -0.4289265362280722 0.16022781855284163 0.256408785589126
v -0.44334734210970844 0.16022781855284163 0.256408785589126
v -0.4289265362280722 0.179037822548737 0.17563270746717138
v -0.4145139744296325 0.23408782309709975 0.19201448597068146
v -0.4145139744296325 0.179037822548737 0.17563270746717138
v -0.4145139744296325 0.23408782309709975 0.19201448597068146
v -0.4289265362280722 0.179037822548737 0.17563270746717138
v -0.4289265362280722 0.23408782309709975 0.19201448597068146
v -0.4145139744296325 0.14140783077894636 0.17563270746717138
v -0.4289265362280722 0.0863608253639836 0.19201448597068146
v -0.4289265362280722 0.14140783077894636 0.17563270746717138
v -0.4289265362280722 0.0863608253639836 0.19201448597068146
v -0.4145139744296325 0.14140783077894636 0.17563270746717138
v -0.4145139744296325 0.0863608253639836 0.19201448597068146
v -0.44334734210970844 0.23408782309709975 0.19201448597068146
v -0.4289265362280722 0.179037822548737 0.17563270746717138
v -0.44334734210970844 0.179037822548737 0.17563270746717138
v -0.4289265362280722 0.23408782309709975 0.19201448597068146
v -0.4289265362280722 0.179037822548737 0.17563270746717138
v -0.44334734210970844 0.23408782309709975 0.19201448597068146
v -0.4289265362280722 0.14140783077894636 0.17563270746717138
v -0.4289265362280722 0.0863608253639836 0.19201448597068146
v -0.44334734210970844 0.14140783077894636 0.17563270746717138
v -0.44334734210970844 0.14140783077894636 0.17563270746717138
v -0.4289265362280722 0.0863608253639836 0.19201448597068146
v -0.44334734210970844 0.0863608253639836 0.19201448597068146
v 0.21718165160749492 0.07020282572924086 -0.09083165781497808
v 0.23877574362616882 0.07295182919918486 -0.0015170036837427753
v 0.2326990557031724 0.051383828882564986 -0.0015170036837427753
v 0.23877574362616882 0.07295182919918486 -0.0015170036837427753
v 0.21718165160749492 0.07020282572924086 0.08771138345787102
v 0.2326990557031724 0.051383828882564986 -0.0015170036837427753
v 0.23877574362616882 0.07295182919918486 -0.0015170036837427753
v 0.21718165160749492 0.07020282572924086 -0.09083165781497808
v 0.23877574362616882 0.14683782881914564 -0.0817702658041848
v 0.21718165160749492 0.07020282572924086 0.08771138345787102
v 0.23877574362616882 0.07295182919918486 -0.0015170036837427753
v 0.23877574362616882 0.14683782881914564 0.07873626005975412
v 0.23877574362616882 0.015075827155699217 -0.0015170036837427753
v 0.21718165160749492 0.017823824797262633 -0.09083165781497808
v 0.2326990557031724 0.036642825369228804 -0.0015170036837427753
v 0.21718165160749492 0.017823824797262633 -0.09083165781497808
v 0.23877574362616882 0.015075827155699217 -0.0015170036837427753
v 0.23877574362616882 -0.05881317504824213 -0.09083165781497808
v 0.21718165160749492 0.017823824797262633 0.08771138345787102
v 0.23877574362616882 0.015075827155699217 -0.0015170036837427753
v 0.2326990557031724 0.036642825369228804 -0.0015170036837427753
v 0.23877574362616882 0.015075827155699217 -0.0015170036837427753
v 0.21718165160749492 0.017823824797262633 0.08771138345787102
v 0.23877574362616882 -0.05881317504824213 0.08771138345787102
v 0.2626372902530143 0.04401382631479689 -0.0015170036837427753
v 0.260369884789899 0.017823824797262633 -0.0902216943165747
v 0.24485243154916514 0.036642825369228804 -0.0015170036837427753
v 0.260369884789899 0.017823824797262633 -0.0902216943165747
v 0.2626372902530143 0.04401382631479689 -0.0015170036837427753
v 0.3235608930675603 0.04401382631479689 -0.07959184050527719
v 0.260369884789899 0.017823824797262633 0.08710141995946763
v 0.2626372902530143 0.04401382631479689 -0.0015170036837427753
v 0.24485243154916514 0.036642825369228804 -0.0015170036837427753
v 0.2626372902530143 0.04401382631479689 -0.0015170036837427753
v 0.260369884789899 0.017823824797262633 0.08710141995946763
v 0.3235608930675603 0.04401382631479689 0.07647069619075753
v 0.21718165160749492 0.017823824797262633 -0.09083165781497808
v 0.2149142461443796 0.04401382631479689 -0.0015170036837427753
v 0.2326990557031724 0.036642825369228804 -0.0015170036837427753
v 0.2149142461443796 0.04401382631479689 -0.0015170036837427753
v 0.21718165160749492 0.017823824797262633 -0.09083165781497808
v 0.15399064332983353 0.04401382631479689 -0.09083165781497808
v 0.2149142461443796 0.04401382631479689 -0.0015170036837427753
v 0.21718165160749492 0.017823824797262633 0.08771138345787102
v 0.2326990557031724 0.036642825369228804 -0.0015170036837427753
v 0.21718165160749492 0.017823824797262633 0.08771138345787102
v 0.2149142461443796 0.04401382631479689 -0.0015170036837427753
v 0.15399064332983353 0.04401382631479689 0.08771138345787102
v 0.2710473854497545 0.08315182304798552 0.08762424488778205
v 0.23877574362616882 0.14683782881914564 0.07873626005975412
v 0.260369884789899 0.07020282572924086 0.08213460586324901
v 0.260369884789899 0.07020282572924086 0.08213460586324901
v 0.3235608930675603 0.04401382631479689 0.07647069619075753
v 0.2710473854497545 0.08315182304798552 0.08762424488778205
v 0.23877574362616882 0.14683782881914564 0.07873626005975412
v 0.2710473854497545 0.08315182304798552 0.08762424488778205
v 0.23877574362616882 0.19768783277689406 0.08204834374279213
v 0.3654793162849478 0.04401382631479689 0.07856198941179565
v 0.2710473854497545 0.08315182304798552 0.08762424488778205
v 0.3235608930675603 0.04401382631479689 0.07647069619075753
v 0.23877574362616882 0.19768783277689406 0.08204834374279213
v 0.2065041509476394 0.08315182304798552 0.09651222971580996
v 0.23877574362616882 0.14683782881914564 0.07873626005975412
v 0.2710473854497545 0.004874823753227675 0.09555459487890224
v 0.3654793162849478 0.04401382631479689 0.07856198941179565
v 0.3235608930675603 0.04401382631479689 0.07647069619075753
v 0.21718165160749492 0.07020282572924086 0.08771138345787102
v 0.23877574362616882 0.14683782881914564 0.07873626005975412
v 0.2065041509476394 0.08315182304798552 0.09651222971580996
v 0.3235608930675603 0.04401382631479689 0.07647069619075753
v 0.260369884789899 0.017823824797262633 0.08710141995946763
v 0.2710473854497545 0.004874823753227675 0.09555459487890224
v 0.2065041509476394 0.08315182304798552 0.09651222971580996
v 0.15399064332983353 0.04401382631479689 0.08771138345787102
v 0.21718165160749492 0.07020282572924086 0.08771138345787102
v 0.23877574362616882 -0.05881317504824213 0.08771138345787102
v 0.2710473854497545 0.004874823753227675 0.09555459487890224
v 0.260369884789899 0.017823824797262633 0.08710141995946763
v 0.2065041509476394 0.08315182304798552 0.09651222971580996
v 0.11207222011244611 0.04401382631479689 0.09651222971580996
v 0.15399064332983353 0.04401382631479689 0.08771138345787102
v 0.23877574362616882 -0.10965617173493913 0.09651222971580996
v 0.2710473854497545 0.004874823753227675 0.09555459487890224
v 0.23877574362616882 -0.05881317504824213 0.08771138345787102
v 0.2065041509476394 0.004874823753227675 0.09651222971580996
v 0.15399064332983353 0.04401382631479689 0.08771138345787102
v 0.11207222011244611 0.04401382631479689 0.09651222971580996
v 0.2065041509476394 0.004874823753227675 0.09651222971580996
v 0.23877574362616882 -0.10965617173493913 0.09651222971580996
v 0.23877574362616882 -0.05881317504824213 0.08771138345787102
v 0.15399064332983353 0.04401382631479689 0.08771138345787102
v 0.2065041509476394 0.004874823753227675 0.09651222971580996
v 0.21718165160749492 0.017823824797262633 0.08771138345787102
v 0.23877574362616882 -0.05881317504824213 0.08771138345787102
v 0.21718165160749492 0.017823824797262633 0.08771138345787102
v 0.2065041509476394 0.004874823753227675 0.09651222971580996
v 0.260369884789899 0.017823824797262633 -0.0902216943165747
v 0.23877574362616882 0.015075827155699217 -0.0015170036837427753
v 0.24485243154916514 0.036642825369228804 -0.0015170036837427753
v 0.260369884789899 0.017823824797262633 0.08710141995946763
v 0.24485243154916514 0.036642825369228804 -0.0015170036837427753
v 0.23877574362616882 0.015075827155699217 -0.0015170036837427753
v 0.260369884789899 0.017823824797262633 -0.0902216943165747
v 0.23877574362616882 -0.05881317504824213 -0.09083165781497808
v 0.23877574362616882 0.015075827155699217 -0.0015170036837427753
v 0.260369884789899 0.017823824797262633 0.08710141995946763
v 0.23877574362616882 0.015075827155699217 -0.0015170036837427753
v 0.23877574362616882 -0.05881317504824213 0.08771138345787102
v 0.23877574362616882 0.07295182919918486 -0.0015170036837427753
v 0.260369884789899 0.07020282572924086 -0.08525575017776868
v 0.24485243154916514 0.051383828882564986 -0.0015170036837427753
v 0.260369884789899 0.07020282572924086 0.08213460586324901
v 0.23877574362616882 0.07295182919918486 -0.0015170036837427753
v 0.24485243154916514 0.051383828882564986 -0.0015170036837427753
v 0.260369884789899 0.07020282572924086 -0.08525575017776868
v 0.23877574362616882 0.07295182919918486 -0.0015170036837427753
v 0.23877574362616882 0.14683782881914564 -0.0817702658041848
v 0.23877574362616882 0.07295182919918486 -0.0015170036837427753
v 0.260369884789899 0.07020282572924086 0.08213460586324901
v 0.23877574362616882 0.14683782881914564 0.07873626005975412
v 0.2626372902530143 0.04401382631479689 -0.0015170036837427753
v 0.260369884789899 0.07020282572924086 -0.08525575017776868
v 0.3235608930675603 0.04401382631479689 -0.07959184050527719
v 0.260369884789899 0.07020282572924086 -0.08525575017776868
v 0.2626372902530143 0.04401382631479689 -0.0015170036837427753
v 0.24485243154916514 0.051383828882564986 -0.0015170036837427753
v 0.2626372902530143 0.04401382631479689 -0.0015170036837427753
v 0.260369884789899 0.07020282572924086 0.08213460586324901
v 0.24485243154916514 0.051383828882564986 -0.0015170036837427753
v 0.260369884789899 0.07020282572924086 0.08213460586324901
v 0.2626372902530143 0.04401382631479689 -0.0015170036837427753
v 0.3235608930675603 0.04401382631479689 0.07647069619075753
v 0.2149142461443796 0.04401382631479689 -0.0015170036837427753
v 0.15399064332983353 0.04401382631479689 -0.09083165781497808
v 0.21718165160749492 0.07020282572924086 -0.09083165781497808
v 0.21718165160749492 0.07020282572924086 -0.09083165781497808
v 0.2326990557031724 0.051383828882564986 -0.0015170036837427753
v 0.2149142461443796 0.04401382631479689 -0.0015170036837427753
v 0.2326990557031724 0.051383828882564986 -0.0015170036837427753
v 0.21718165160749492 0.07020282572924086 0.08771138345787102
v 0.2149142461443796 0.04401382631479689 -0.0015170036837427753
v 0.15399064332983353 0.04401382631479689 0.08771138345787102
v 0.2149142461443796 0.04401382631479689 -0.0015170036837427753
v 0.21718165160749492 0.07020282572924086 0.08771138345787102
v 0.23877574362616882 0.19768783277689406 -0.0851694880573118
v 0.2710473854497545 0.08315182304798552 -0.0907453892023017
v 0.23877574362616882 0.14683782881914564 -0.0817702658041848
v 0.23877574362616882 0.14683782881914564 -0.0817702658041848
v 0.2065041509476394 0.08315182304798552 -0.09963337403032962
v 0.23877574362616882 0.19768783277689406 -0.0851694880573118
v 0.260369884789899 0.07020282572924086 -0.08525575017776868
v 0.23877574362616882 0.14683782881914564 -0.0817702658041848
v 0.2710473854497545 0.08315182304798552 -0.0907453892023017
v 0.2065041509476394 0.08315182304798552 -0.09963337403032962
v 0.23877574362616882 0.14683782881914564 -0.0817702658041848
v 0.21718165160749492 0.07020282572924086 -0.09083165781497808
v 0.2710473854497545 0.08315182304798552 -0.0907453892023017
v 0.3235608930675603 0.04401382631479689 -0.07959184050527719
v 0.260369884789899 0.07020282572924086 -0.08525575017776868
v 0.2065041509476394 0.08315182304798552 -0.09963337403032962
v 0.21718165160749492 0.07020282572924086 -0.09083165781497808
v 0.15399064332983353 0.04401382631479689 -0.09083165781497808
v 0.3235608930675603 0.04401382631479689 -0.07959184050527719
v 0.2710473854497545 0.08315182304798552 -0.0907453892023017
v 0.3654793162849478 0.04401382631479689 -0.08168225727668321
v 0.11207222011244611 0.04401382631479689 -0.09963337403032962
v 0.2065041509476394 0.08315182304798552 -0.09963337403032962
v 0.15399064332983353 0.04401382631479689 -0.09083165781497808
v 0.3654793162849478 0.04401382631479689 -0.08168225727668321
v 0.2710473854497545 0.004874823753227675 -0.0986748627437898
v 0.3235608930675603 0.04401382631479689 -0.07959184050527719
v 0.2065041509476394 0.004874823753227675 -0.09963337403032962
v 0.11207222011244611 0.04401382631479689 -0.09963337403032962
v 0.15399064332983353 0.04401382631479689 -0.09083165781497808
v 0.260369884789899 0.017823824797262633 -0.0902216943165747
v 0.3235608930675603 0.04401382631479689 -0.07959184050527719
v 0.2710473854497545 0.004874823753227675 -0.0986748627437898
v 0.2065041509476394 0.004874823753227675 -0.09963337403032962
v 0.15399064332983353 0.04401382631479689 -0.09083165781497808
v 0.21718165160749492 0.017823824797262633 -0.09083165781497808
v 0.23877574362616882 -0.05881317504824213 -0.09083165781497808
v 0.260369884789899 0.017823824797262633 -0.0902216943165747
v 0.2710473854497545 0.004874823753227675 -0.0986748627437898
v 0.23877574362616882 -0.05881317504824213 -0.09083165781497808
v 0.2065041509476394 0.004874823753227675 -0.09963337403032962
v 0.21718165160749492 0.017823824797262633 -0.09083165781497808
v 0.2710473854497545 0.004874823753227675 -0.0986748627437898
v 0.23877574362616882 -0.10965617173493913 -0.09963337403032962
v 0.23877574362616882 -0.05881317504824213 -0.09083165781497808
v 0.2065041509476394 0.004874823753227675 -0.09963337403032962
v 0.23877574362616882 -0.05881317504824213 -0.09083165781497808
v 0.23877574362616882 -0.10965617173493913 -0.09963337403032962
v 0.4487060759906525 -0.5476381795960765 -0.05301415463386982
v 0.3002599932431341 -0.2682631778079372 -0.05301415463386982
v 0.3002599932431341 -0.2682631778079372 -0.0015170036837427753
v 0.4487060759906525 -0.5476381795960765 -0.05301415463386982
v 0.3002599932431341 -0.2682631778079372 -0.0015170036837427753
v 0.4487060759906525 -0.5476381795960765 -0.0015170036837427753
v 0.3002599932431341 -0.2682631778079372 0.049981018846851744
v 0.4487060759906525 -0.5476381795960765 0.04989388352287251
v 0.3002599932431341 -0.2682631778079372 -0.0015170036837427753
v 0.4487060759906525 -0.5476381795960765 -0.0015170036837427753
v 0.3002599932431341 -0.2682631778079372 -0.0015170036837427753
v 0.4487060759906525 -0.5476381795960765 0.04989388352287251
v 0.44345389467742014 -0.611482145126472 -0.05301415463386982
v 0.4487060759906525 -0.5476381795960765 -0.0015170036837427753
v 0.44345389467742014 -0.611482145126472 -0.0015170036837427753
v 0.4487060759906525 -0.5476381795960765 -0.0015170036837427753
v 0.44345389467742014 -0.611482145126472 -0.05301415463386982
v 0.4487060759906525 -0.5476381795960765 -0.05301415463386982
v 0.4487060759906525 -0.5476381795960765 -0.0015170036837427753
v 0.44345389467742014 -0.611482145126472 0.04989388352287251
v 0.44345389467742014 -0.611482145126472 -0.0015170036837427753
v 0.44345389467742014 -0.611482145126472 0.04989388352287251
v 0.4487060759906525 -0.5476381795960765 -0.0015170036837427753
v 0.4487060759906525 -0.5476381795960765 0.04989388352287251
v 0.3497887741558794 -0.6320941465455394 -0.05545399564304439
v 0.3616618266006625 -0.6590941565591197 -0.040380149417732915
v 0.33674488988949414 -0.6712361591416698 -0.06617272793925608
v 0.3616618266006625 -0.6590941565591197 -0.040380149417732915
v 0.34416554766748353 -0.6975551860886913 -0.052927892513412934
v 0.33674488988949414 -0.6712361591416698 -0.06617272793925608
v 0.33674488988949414 -0.6712361591416698 0.06305245358214902
v 0.34416554766748353 -0.6975551860886913 0.049806744952783526
v 0.3616618266006625 -0.6590941565591197 0.037259005103213255
v 0.3616618266006625 -0.6590941565591197 0.037259005103213255
v 0.3497887741558794 -0.6320941465455394 0.05233372128593732
v 0.33674488988949414 -0.6712361591416698 0.06305245358214902
v 0.3616618266006625 -0.6590941565591197 -0.040380149417732915
v 0.34416554766748353 -0.6975551860886913 -0.0015170036837427753
v 0.34416554766748353 -0.6975551860886913 -0.052927892513412934
v 0.34416554766748353 -0.6975551860886913 -0.0015170036837427753
v 0.3616618266006625 -0.6590941565591197 -0.040380149417732915
v 0.3616618266006625 -0.6590941565591197 -0.0015170036837427753
v 0.3616618266006625 -0.6590941565591197 -0.0015170036837427753
v 0.3616618266006625 -0.6590941565591197 0.037259005103213255
v 0.34416554766748353 -0.6975551860886913 -0.0015170036837427753
v 0.34416554766748353 -0.6975551860886913 -0.0015170036837427753
v 0.3616618266006625 -0.6590941565591197 0.037259005103213255
v 0.34416554766748353 -0.6975551860886913 0.049806744952783526
v 0.4487060759906525 -0.5476381795960765 0.04989388352287251
v 0.2828874124166951 -0.29000917249501756 0.06305158362473642
v 0.4276314472172076 -0.558970155056129 0.06305245358214902
v 0.2828874124166951 -0.29000917249501756 0.06305158362473642
v 0.4487060759906525 -0.5476381795960765 0.04989388352287251
v 0.3002599932431341 -0.2682631778079372 0.049981018846851744
v 0.44345389467742014 -0.611482145126472 0.04989388352287251
v 0.4276314472172076 -0.558970155056129 0.06305245358214902
v 0.4237562120917544 -0.5952901857453685 0.06305245358214902
v 0.4276314472172076 -0.558970155056129 0.06305245358214902
v 0.44345389467742014 -0.611482145126472 0.04989388352287251
v 0.4487060759906525 -0.5476381795960765 0.04989388352287251
v 0.15090693848135844 -0.6952222006875377 0.06305245358214902
v 0.13609864840322194 -0.6432051675874095 0.06305245358214902
v 0.12949424086553601 -0.7075851576882701 0.049806744952783526
v 0.16298615443737474 -0.7340411561089855 0.049806744952783526
v 0.15090693848135844 -0.6952222006875377 0.06305245358214902
v 0.12949424086553601 -0.7075851576882701 0.049806744952783526
v 0.15090693848135844 -0.6952222006875377 0.06305245358214902
v 0.16298615443737474 -0.7340411561089855 0.049806744952783526
v 0.16472588943085686 -0.7061381953317027 0.06305245358214902
v 0.4237562120917544 -0.5952901857453685 0.06305245358214902
v 0.3975777709300863 -0.6510831730920177 0.04989388352287251
v 0.44345389467742014 -0.611482145126472 0.04989388352287251
v 0.3975777709300863 -0.6510831730920177 0.04989388352287251
v 0.4237562120917544 -0.5952901857453685 0.06305245358214902
v 0.3836929164600721 -0.6298261898118358 0.06305245358214902
v 0.2639730037385468 -0.6914571540910106 0.06305245358214902
v 0.24603977610968852 -0.7057541626054149 0.037259005103213255
v 0.275912008848902 -0.7178991454202037 0.049806744952783526
v 0.24603977610968852 -0.7057541626054149 0.037259005103213255
v 0.2639730037385468 -0.6914571540910106 0.06305245358214902
v 0.23761321731908358 -0.6774821894723277 0.052683142277596115
v 0.22014165834923005 -0.6993061917382579 0.06305245358214902
v 0.16472588943085686 -0.7061381953317027 0.06305245358214902
v 0.22197211511666604 -0.7268201726037364 0.049806744952783526
v 0.16298615443737474 -0.7340411561089855 0.049806744952783526
v 0.22197211511666604 -0.7268201726037364 0.049806744952783526
v 0.16472588943085686 -0.7061381953317027 0.06305245358214902
v 0.33674488988949414 -0.6712361591416698 0.06305245358214902
v 0.275912008848902 -0.7178991454202037 0.049806744952783526
v 0.34416554766748353 -0.6975551860886913 0.049806744952783526
v 0.275912008848902 -0.7178991454202037 0.049806744952783526
v 0.33674488988949414 -0.6712361591416698 0.06305245358214902
v 0.2639730037385468 -0.6914571540910106 0.06305245358214902
v 0.23761321731908358 -0.6774821894723277 0.052683142277596115
v 0.2639730037385468 -0.6914571540910106 0.06305245358214902
v 0.19250385474034587 -0.5262101607877117 0.06305245358214902
v 0.33674488988949414 -0.6712361591416698 0.06305245358214902
v 0.3497887741558794 -0.6320941465455394 0.05233372128593732
v 0.2576572251165874 -0.4225531833726268 0.06305245358214902
v 0.4276314472172076 -0.558970155056129 0.06305245358214902
v 0.3836929164600721 -0.6298261898118358 0.06305245358214902
v 0.4237562120917544 -0.5952901857453685 0.06305245358214902
v 0.3836929164600721 -0.6298261898118358 0.06305245358214902
v 0.4276314472172076 -0.558970155056129 0.06305245358214902
v 0.2576572251165874 -0.4225531833726268 0.06305245358214902
v 0.4276314472172076 -0.558970155056129 0.06305245358214902
v 0.2828874124166951 -0.29000917249501756 0.06305158362473642
v 0.2576572251165874 -0.4225531833726268 0.06305245358214902
v 0.2576572251165874 -0.4225531833726268 0.06305245358214902
v 0.2828874124166951 -0.29000917249501756 0.06305158362473642
v 0.22902172771949192 -0.3574221747475963 0.06305158362473642
v 0.33674488988949414 -0.6712361591416698 0.06305245358214902
v 0.2576572251165874 -0.4225531833726268 0.06305245358214902
v 0.19250385474034587 -0.5262101607877117 0.06305245358214902
v 0.33674488988949414 -0.6712361591416698 0.06305245358214902
v 0.19250385474034587 -0.5262101607877117 0.06305245358214902
v 0.2639730037385468 -0.6914571540910106 0.06305245358214902
v 0.2576572251165874 -0.4225531833726268 0.06305245358214902
v 0.1767967998723563 -0.47354117208303026 0.06305245358214902
v 0.19250385474034587 -0.5262101607877117 0.06305245358214902
v 0.1767967998723563 -0.47354117208303026 0.06305245358214902
v 0.2576572251165874 -0.4225531833726268 0.06305245358214902
v 0.22902172771949192 -0.3574221747475963 0.06305158362473642
v 0.22014165834923005 -0.6993061917382579 0.06305245358214902
v 0.19250385474034587 -0.5262101607877117 0.06305245358214902
v 0.14158992041541724 -0.5870111601907115 0.06305245358214902
v 0.1767967998723563 -0.47354117208303026 0.06305245358214902
v 0.14158992041541724 -0.5870111601907115 0.06305245358214902
v 0.19250385474034587 -0.5262101607877117 0.06305245358214902
v 0.13609864840322194 -0.6432051675874095 0.06305245358214902
v 0.22014165834923005 -0.6993061917382579 0.06305245358214902
v 0.14158992041541724 -0.5870111601907115 0.06305245358214902
v 0.13609864840322194 -0.6432051675874095 0.06305245358214902
v 0.16472588943085686 -0.7061381953317027 0.06305245358214902
v 0.22014165834923005 -0.6993061917382579 0.06305245358214902
v 0.16472588943085686 -0.7061381953317027 0.06305245358214902
v 0.13609864840322194 -0.6432051675874095 0.06305245358214902
v 0.15090693848135844 -0.6952222006875377 0.06305245358214902
v 0.22014165834923005 -0.6993061917382579 0.06305245358214902
v 0.23761321731908358 -0.6774821894723277 0.052683142277596115
v 0.19250385474034587 -0.5262101607877117 0.06305245358214902
v 0.3836929164600721 -0.6298261898118358 0.06305245358214902
v 0.3616618266006625 -0.6590941565591197 0.037259005103213255
v 0.3975777709300863 -0.6510831730920177 0.04989388352287251
v 0.3616618266006625 -0.6590941565591197 0.037259005103213255
v 0.3836929164600721 -0.6298261898118358 0.06305245358214902
v 0.3497887741558794 -0.6320941465455394 0.05233372128593732
v 0.3497887741558794 -0.6320941465455394 0.05233372128593732
v 0.3836929164600721 -0.6298261898118358 0.06305245358214902
v 0.2576572251165874 -0.4225531833726268 0.06305245358214902
v 0.23761321731908358 -0.6774821894723277 0.052683142277596115
v 0.22014165834923005 -0.6993061917382579 0.06305245358214902
v 0.24603977610968852 -0.7057541626054149 0.037259005103213255
v 0.22197211511666604 -0.7268201726037364 0.049806744952783526
v 0.24603977610968852 -0.7057541626054149 0.037259005103213255
v 0.22014165834923005 -0.6993061917382579 0.06305245358214902
v 0.12949424086553601 -0.7075851576882701 -0.052927892513412934
v 0.12949424086553601 -0.7075851576882701 -0.0015170036837427753
v 0.13609864840322194 -0.6432051675874095 -0.06617272793925608
v 0.13609864840322194 -0.6432051675874095 -0.06617272793925608
v 0.12949424086553601 -0.7075851576882701 -0.0015170036837427753
v 0.13609864840322194 -0.6432051675874095 -0.0015170036837427753
v 0.12949424086553601 -0.7075851576882701 0.049806744952783526
v 0.13609864840322194 -0.6432051675874095 0.06305245358214902
v 0.12949424086553601 -0.7075851576882701 -0.0015170036837427753
v 0.13609864840322194 -0.6432051675874095 0.06305245358214902
v 0.13609864840322194 -0.6432051675874095 -0.0015170036837427753
v 0.12949424086553601 -0.7075851576882701 -0.0015170036837427753
v 0.16298615443737474 -0.7340411561089855 -0.052927892513412934
v 0.12949424086553601 -0.7075851576882701 -0.0015170036837427753
v 0.12949424086553601 -0.7075851576882701 -0.052927892513412934
v 0.12949424086553601 -0.7075851576882701 -0.0015170036837427753
v 0.16298615443737474 -0.7340411561089855 -0.052927892513412934
v 0.16298615443737474 -0.7340411561089855 -0.0015170036837427753
v 0.22197211511666604 -0.7268201726037364 -0.052927892513412934
v 0.16298615443737474 -0.7340411561089855 -0.0015170036837427753
v 0.16298615443737474 -0.7340411561089855 -0.052927892513412934
v 0.16298615443737474 -0.7340411561089855 -0.0015170036837427753
v 0.22197211511666604 -0.7268201726037364 -0.052927892513412934
v 0.22197211511666604 -0.7268201726037364 -0.0015170036837427753
v 0.16298615443737474 -0.7340411561089855 -0.0015170036837427753
v 0.16298615443737474 -0.7340411561089855 0.049806744952783526
v 0.12949424086553601 -0.7075851576882701 -0.0015170036837427753
v 0.12949424086553601 -0.7075851576882701 -0.0015170036837427753
v 0.16298615443737474 -0.7340411561089855 0.049806744952783526
v 0.12949424086553601 -0.7075851576882701 0.049806744952783526
v 0.16298615443737474 -0.7340411561089855 -0.0015170036837427753
v 0.22197211511666604 -0.7268201726037364 0.049806744952783526
v 0.16298615443737474 -0.7340411561089855 0.049806744952783526
v 0.22197211511666604 -0.7268201726037364 -0.0015170036837427753
v 0.22197211511666604 -0.7268201726037364 0.049806744952783526
v 0.16298615443737474 -0.7340411561089855 -0.0015170036837427753
v 0.3975777709300863 -0.6510831730920177 -0.052927892513412934
v 0.44345389467742014 -0.611482145126472 -0.0015170036837427753
v 0.3975777709300863 -0.6510831730920177 -0.0015170036837427753
v 0.44345389467742014 -0.611482145126472 -0.0015170036837427753
v 0.3975777709300863 -0.6510831730920177 -0.052927892513412934
v 0.44345389467742014 -0.611482145126472 -0.05301415463386982
v 0.44345389467742014 -0.611482145126472 -0.0015170036837427753
v 0.3975777709300863 -0.6510831730920177 0.04989388352287251
v 0.3975777709300863 -0.6510831730920177 -0.0015170036837427753
v 0.3975777709300863 -0.6510831730920177 0.04989388352287251
v 0.44345389467742014 -0.611482145126472 -0.0015170036837427753
v 0.44345389467742014 -0.611482145126472 0.04989388352287251
v 0.24603977610968852 -0.7057541626054149 -0.04029301084764393
v 0.275912008848902 -0.7178991454202037 -0.0015170036837427753
v 0.24603977610968852 -0.7057541626054149 -0.0015170036837427753
v 0.275912008848902 -0.7178991454202037 -0.0015170036837427753
v 0.24603977610968852 -0.7057541626054149 -0.04029301084764393
v 0.275912008848902 -0.7178991454202037 -0.052927892513412934
v 0.275912008848902 -0.7178991454202037 -0.0015170036837427753
v 0.24603977610968852 -0.7057541626054149 0.037259005103213255
v 0.24603977610968852 -0.7057541626054149 -0.0015170036837427753
v 0.24603977610968852 -0.7057541626054149 0.037259005103213255
v 0.275912008848902 -0.7178991454202037 -0.0015170036837427753
v 0.275912008848902 -0.7178991454202037 0.049806744952783526
v 0.275912008848902 -0.7178991454202037 -0.052927892513412934
v 0.34416554766748353 -0.6975551860886913 -0.0015170036837427753
v 0.275912008848902 -0.7178991454202037 -0.0015170036837427753
v 0.34416554766748353 -0.6975551860886913 -0.0015170036837427753
v 0.275912008848902 -0.7178991454202037 -0.052927892513412934
v 0.34416554766748353 -0.6975551860886913 -0.052927892513412934
v 0.34416554766748353 -0.6975551860886913 -0.0015170036837427753
v 0.275912008848902 -0.7178991454202037 0.049806744952783526
v 0.275912008848902 -0.7178991454202037 -0.0015170036837427753
v 0.275912008848902 -0.7178991454202037 0.049806744952783526
v 0.34416554766748353 -0.6975551860886913 -0.0015170036837427753
v 0.34416554766748353 -0.6975551860886913 0.049806744952783526
v 0.3616618266006625 -0.6590941565591197 -0.040380149417732915
v 0.3975777709300863 -0.6510831730920177 -0.0015170036837427753
v 0.3616618266006625 -0.6590941565591197 -0.0015170036837427753
v 0.3975777709300863 -0.6510831730920177 -0.0015170036837427753
v 0.3616618266006625 -0.6590941565591197 -0.040380149417732915
v 0.3975777709300863 -0.6510831730920177 -0.052927892513412934
v 0.3975777709300863 -0.6510831730920177 -0.0015170036837427753
v 0.3616618266006625 -0.6590941565591197 0.037259005103213255
v 0.3616618266006625 -0.6590941565591197 -0.0015170036837427753
v 0.3616618266006625 -0.6590941565591197 0.037259005103213255
v 0.3975777709300863 -0.6510831730920177 -0.0015170036837427753
v 0.3975777709300863 -0.6510831730920177 0.04989388352287251
v 0.24603977610968852 -0.7057541626054149 -0.04029301084764393
v 0.22197211511666604 -0.7268201726037364 -0.0015170036837427753
v 0.22197211511666604 -0.7268201726037364 -0.052927892513412934
v 0.22197211511666604 -0.7268201726037364 -0.0015170036837427753
v 0.24603977610968852 -0.7057541626054149 -0.04029301084764393
v 0.24603977610968852 -0.7057541626054149 -0.0015170036837427753
v 0.24603977610968852 -0.7057541626054149 0.037259005103213255
v 0.22197211511666604 -0.7268201726037364 -0.0015170036837427753
v 0.24603977610968852 -0.7057541626054149 -0.0015170036837427753
v 0.22197211511666604 -0.7268201726037364 0.049806744952783526
v 0.22197211511666604 -0.7268201726037364 -0.0015170036837427753
v 0.24603977610968852 -0.7057541626054149 0.037259005103213255
v 0.2828874124166951 -0.29000917249501756 -0.06617272793925608
v 0.4487060759906525 -0.5476381795960765 -0.05301415463386982
v 0.4276314472172076 -0.558970155056129 -0.06617272793925608
v 0.4487060759906525 -0.5476381795960765 -0.05301415463386982
v 0.2828874124166951 -0.29000917249501756 -0.06617272793925608
v 0.3002599932431341 -0.2682631778079372 -0.05301415463386982
v 0.44345389467742014 -0.611482145126472 -0.05301415463386982
v 0.4276314472172076 -0.558970155056129 -0.06617272793925608
v 0.4487060759906525 -0.5476381795960765 -0.05301415463386982
v 0.4276314472172076 -0.558970155056129 -0.06617272793925608
v 0.44345389467742014 -0.611482145126472 -0.05301415463386982
v 0.4237562120917544 -0.5952901857453685 -0.06617272793925608
v 0.15090693848135844 -0.6952222006875377 -0.06617272793925608
v 0.12949424086553601 -0.7075851576882701 -0.052927892513412934
v 0.13609864840322194 -0.6432051675874095 -0.06617272793925608
v 0.16472588943085686 -0.7061381953317027 -0.06617272793925608
v 0.16298615443737474 -0.7340411561089855 -0.052927892513412934
v 0.15090693848135844 -0.6952222006875377 -0.06617272793925608
v 0.16298615443737474 -0.7340411561089855 -0.052927892513412934
v 0.12949424086553601 -0.7075851576882701 -0.052927892513412934
v 0.15090693848135844 -0.6952222006875377 -0.06617272793925608
v 0.3975777709300863 -0.6510831730920177 -0.052927892513412934
v 0.4237562120917544 -0.5952901857453685 -0.06617272793925608
v 0.44345389467742014 -0.611482145126472 -0.05301415463386982
v 0.4237562120917544 -0.5952901857453685 -0.06617272793925608
v 0.3975777709300863 -0.6510831730920177 -0.052927892513412934
v 0.3836929164600721 -0.6298261898118358 -0.06617272793925608
v 0.2639730037385468 -0.6914571540910106 -0.06617272793925608
v 0.24603977610968852 -0.7057541626054149 -0.04029301084764393
v 0.23761321731908358 -0.6774821894723277 -0.055803413388593424
v 0.24603977610968852 -0.7057541626054149 -0.04029301084764393
v 0.2639730037385468 -0.6914571540910106 -0.06617272793925608
v 0.275912008848902 -0.7178991454202037 -0.052927892513412934
v 0.16472588943085686 -0.7061381953317027 -0.06617272793925608
v 0.22014165834923005 -0.6993061917382579 -0.06617272793925608
v 0.22197211511666604 -0.7268201726037364 -0.052927892513412934
v 0.16472588943085686 -0.7061381953317027 -0.06617272793925608
v 0.22197211511666604 -0.7268201726037364 -0.052927892513412934
v 0.16298615443737474 -0.7340411561089855 -0.052927892513412934
v 0.33674488988949414 -0.6712361591416698 -0.06617272793925608
v 0.275912008848902 -0.7178991454202037 -0.052927892513412934
v 0.2639730037385468 -0.6914571540910106 -0.06617272793925608
v 0.275912008848902 -0.7178991454202037 -0.052927892513412934
v 0.33674488988949414 -0.6712361591416698 -0.06617272793925608
v 0.34416554766748353 -0.6975551860886913 -0.052927892513412934
v 0.23761321731908358 -0.6774821894723277 -0.055803413388593424
v 0.19250385474034587 -0.5262101607877117 -0.06617272793925608
v 0.2639730037385468 -0.6914571540910106 -0.06617272793925608
v 0.33674488988949414 -0.6712361591416698 -0.06617272793925608
v 0.2576572251165874 -0.4225531833726268 -0.06617272793925608
v 0.3497887741558794 -0.6320941465455394 -0.05545399564304439
v 0.2828874124166951 -0.29000917249501756 -0.06617272793925608
v 0.2576572251165874 -0.4225531833726268 -0.06617272793925608
v 0.22902172771949192 -0.3574221747475963 -0.06617272793925608
v 0.3836929164600721 -0.6298261898118358 -0.06617272793925608
v 0.4276314472172076 -0.558970155056129 -0.06617272793925608
v 0.4237562120917544 -0.5952901857453685 -0.06617272793925608
v 0.4276314472172076 -0.558970155056129 -0.06617272793925608
v 0.3836929164600721 -0.6298261898118358 -0.06617272793925608
v 0.2576572251165874 -0.4225531833726268 -0.06617272793925608
v 0.4276314472172076 -0.558970155056129 -0.06617272793925608
v 0.2576572251165874 -0.4225531833726268 -0.06617272793925608
v 0.2828874124166951 -0.29000917249501756 -0.06617272793925608
v 0.1767967998723563 -0.47354117208303026 -0.06617272793925608
v 0.2576572251165874 -0.4225531833726268 -0.06617272793925608
v 0.19250385474034587 -0.5262101607877117 -0.06617272793925608
v 0.2576572251165874 -0.4225531833726268 -0.06617272793925608
v 0.1767967998723563 -0.47354117208303026 -0.06617272793925608
v 0.22902172771949192 -0.3574221747475963 -0.06617272793925608
v 0.19250385474034587 -0.5262101607877117 -0.06617272793925608
v 0.2576572251165874 -0.4225531833726268 -0.06617272793925608
v 0.33674488988949414 -0.6712361591416698 -0.06617272793925608
v 0.19250385474034587 -0.5262101607877117 -0.06617272793925608
v 0.33674488988949414 -0.6712361591416698 -0.06617272793925608
v 0.2639730037385468 -0.6914571540910106 -0.06617272793925608
v 0.22014165834923005 -0.6993061917382579 -0.06617272793925608
v 0.13609864840322194 -0.6432051675874095 -0.06617272793925608
v 0.14158992041541724 -0.5870111601907115 -0.06617272793925608
v 0.16472588943085686 -0.7061381953317027 -0.06617272793925608
v 0.13609864840322194 -0.6432051675874095 -0.06617272793925608
v 0.22014165834923005 -0.6993061917382579 -0.06617272793925608
v 0.13609864840322194 -0.6432051675874095 -0.06617272793925608
v 0.16472588943085686 -0.7061381953317027 -0.06617272793925608
v 0.15090693848135844 -0.6952222006875377 -0.06617272793925608
v 0.14158992041541724 -0.5870111601907115 -0.06617272793925608
v 0.19250385474034587 -0.5262101607877117 -0.06617272793925608
v 0.22014165834923005 -0.6993061917382579 -0.06617272793925608
v 0.19250385474034587 -0.5262101607877117 -0.06617272793925608
v 0.14158992041541724 -0.5870111601907115 -0.06617272793925608
v 0.1767967998723563 -0.47354117208303026 -0.06617272793925608
v 0.22014165834923005 -0.6993061917382579 -0.06617272793925608
v 0.19250385474034587 -0.5262101607877117 -0.06617272793925608
v 0.23761321731908358 -0.6774821894723277 -0.055803413388593424
v 0.3836929164600721 -0.6298261898118358 -0.06617272793925608
v 0.3616618266006625 -0.6590941565591197 -0.040380149417732915
v 0.3497887741558794 -0.6320941465455394 -0.05545399564304439
v 0.3616618266006625 -0.6590941565591197 -0.040380149417732915
v 0.3836929164600721 -0.6298261898118358 -0.06617272793925608
v 0.3975777709300863 -0.6510831730920177 -0.052927892513412934
v 0.3497887741558794 -0.6320941465455394 -0.05545399564304439
v 0.2576572251165874 -0.4225531833726268 -0.06617272793925608
v 0.3836929164600721 -0.6298261898118358 -0.06617272793925608
v 0.22014165834923005 -0.6993061917382579 -0.06617272793925608
v 0.24603977610968852 -0.7057541626054149 -0.04029301084764393
v 0.22197211511666604 -0.7268201726037364 -0.052927892513412934
v 0.24603977610968852 -0.7057541626054149 -0.04029301084764393
v 0.22014165834923005 -0.6993061917382579 -0.06617272793925608
v 0.23761321731908358 -0.6774821894723277 -0.055803413388593424
v 0.17635154566216 -0.4740351753789287 -0.001167583503611425
v 0.14114466620522098 -0.5875061767655712 -0.07941669340768662
v 0.17635154566216 -0.4740351753789287 -0.07941669340768662
v 0.14114466620522098 -0.5875061767655712 -0.001167583503611425
v 0.1356533941930257 -0.643699170883308 -0.07941669340768662
v 0.14114466620522098 -0.5875061767655712 -0.07941669340768662
v 0.14114466620522098 -0.5875061767655712 -0.07941669340768662
v 0.17635154566216 -0.4740351753789287 -0.001167583503611425
v 0.14114466620522098 -0.5875061767655712 -0.001167583503611425
v 0.17635154566216 -0.4740351753789287 -0.001167583503611425
v 0.14114466620522098 -0.5875061767655712 0.077168661724443
v 0.14114466620522098 -0.5875061767655712 -0.001167583503611425
v 0.17635154566216 -0.4740351753789287 -0.07941669340768662
v 0.22857647350929566 -0.35791716152013353 -0.001167583503611425
v 0.17635154566216 -0.4740351753789287 -0.001167583503611425
v 0.22857647350929566 -0.35791716152013353 -0.001167583503611425
v 0.17635154566216 -0.4740351753789287 -0.07941669340768662
v 0.22857647350929566 -0.35791716152013353 -0.07941669340768662
v 0.14114466620522098 -0.5875061767655712 0.077168661724443
v 0.17635154566216 -0.4740351753789287 -0.001167583503611425
v 0.17635154566216 -0.4740351753789287 0.077168661724443
v 0.22857647350929566 -0.35791716152013353 -0.001167583503611425
v 0.17635154566216 -0.4740351753789287 0.077168661724443
v 0.17635154566216 -0.4740351753789287 -0.001167583503611425
v 0.17635154566216 -0.4740351753789287 0.077168661724443
v 0.22857647350929566 -0.35791716152013353 -0.001167583503611425
v 0.22857647350929566 -0.35791716152013353 0.077168661724443
v 0.1356533941930257 -0.643699170883308 0.077168661724443
v 0.14114466620522098 -0.5875061767655712 -0.001167583503611425
v 0.14114466620522098 -0.5875061767655712 0.077168661724443
v 0.14114466620522098 -0.5875061767655712 -0.001167583503611425
v 0.1356533941930257 -0.643699170883308 0.077168661724443
v 0.1356533941930257 -0.643699170883308 -0.001167583503611425
v 0.30356632519670745 -0.2640621679383617 -0.001167583503611425
v 0.22857647350929566 -0.35791716152013353 -0.07941669340768662
v 0.30356632519670745 -0.2640621679383617 -0.07941669340768662
v 0.22857647350929566 -0.35791716152013353 -0.07941669340768662
v 0.30356632519670745 -0.2640621679383617 -0.001167583503611425
v 0.22857647350929566 -0.35791716152013353 -0.001167583503611425
v 0.30356632519670745 -0.2640621679383617 -0.001167583503611425
v 0.22857647350929566 -0.35791716152013353 0.077168661724443
v 0.22857647350929566 -0.35791716152013353 -0.001167583503611425
v 0.22857647350929566 -0.35791716152013353 0.077168661724443
v 0.30356632519670745 -0.2640621679383617 -0.001167583503611425
v 0.30356632519670745 -0.2640621679383617 0.077168661724443
v 0.1356533941930257 -0.643699170883308 -0.07941669340768662
v 0.14114466620522098 -0.5875061767655712 -0.001167583503611425
v 0.1356533941930257 -0.643699170883308 -0.001167583503611425
v -0.4190405658451948 -0.08360117473782114 -0.10747484553653562
v -0.30849754557990666 -0.08360117473782114 -0.001167583503611425
v -0.30849754557990666 -0.08360117473782114 -0.10747484553653562
v -0.30849754557990666 -0.08360117473782114 -0.001167583503611425
v -0.4190405658451948 -0.08360117473782114 -0.10747484553653562
v -0.4190405658451948 -0.08360117473782114 -0.001167583503611425
v -0.11274066051026305 -0.08360117473782114 -0.10747484553653562
v -0.30849754557990666 -0.08360117473782114 -0.10747484553653562
v -0.30849754557990666 -0.08360117473782114 -0.001167583503611425
v -0.11274066051026305 -0.08360117473782114 -0.10747484553653562
v -0.30849754557990666 -0.08360117473782114 -0.001167583503611425
v -0.11274066051026305 -0.08360117473782114 -0.001167583503611425
v -0.11274066051026305 -0.08360117473782114 -0.10747484553653562
v -0.11274066051026305 -0.08360117473782114 -0.001167583503611425
v -0.023090912242252126 -0.08360117473782114 -0.001167583503611425
v -0.023090912242252126 -0.08360117473782114 -0.10747484553653562
v -0.11274066051026305 -0.08360117473782114 -0.10747484553653562
v -0.023090912242252126 -0.08360117473782114 -0.001167583503611425
v -0.023090912242252126 -0.08360117473782114 -0.10747484553653562
v -0.023090912242252126 -0.08360117473782114 -0.001167583503611425
v 0.044799837770626516 -0.08360117473782114 -0.001167583503611425
v 0.044799837770626516 -0.08360117473782114 -0.10747484553653562
v -0.023090912242252126 -0.08360117473782114 -0.10747484553653562
v 0.044799837770626516 -0.08360117473782114 -0.001167583503611425
v 0.044799837770626516 -0.08360117473782114 -0.10747484553653562
v 0.044799837770626516 -0.08360117473782114 -0.001167583503611425
v 0.13183585536368403 -0.08360117473782114 -0.001167583503611425
v 0.13183585536368403 -0.08360117473782114 -0.10747484553653562
v 0.044799837770626516 -0.08360117473782114 -0.10747484553653562
v 0.13183585536368403 -0.08360117473782114 -0.001167583503611425
v -0.4190405658451948 -0.08360117473782114 -0.001167583503611425
v -0.4190405658451948 -0.08360117473782114 0.1052259374036599
v -0.30849754557990666 -0.08360117473782114 -0.001167583503611425
v -0.30849754557990666 -0.08360117473782114 -0.001167583503611425
v -0.4190405658451948 -0.08360117473782114 0.1052259374036599
v -0.30849754557990666 -0.08360117473782114 0.1052259374036599
v -0.30849754557990666 -0.08360117473782114 0.1052259374036599
v -0.11274066051026305 -0.08360117473782114 0.1052259374036599
v -0.30849754557990666 -0.08360117473782114 -0.001167583503611425
v -0.11274066051026305 -0.08360117473782114 -0.001167583503611425
v -0.30849754557990666 -0.08360117473782114 -0.001167583503611425
v -0.11274066051026305 -0.08360117473782114 0.1052259374036599
v -0.023090912242252126 -0.08360117473782114 -0.001167583503611425
v -0.11274066051026305 -0.08360117473782114 -0.001167583503611425
v -0.11274066051026305 -0.08360117473782114 0.1052259374036599
v -0.023090912242252126 -0.08360117473782114 -0.001167583503611425
v -0.11274066051026305 -0.08360117473782114 0.1052259374036599
v -0.023090912242252126 -0.08360117473782114 0.1052259374036599
v 0.044799837770626516 -0.08360117473782114 -0.001167583503611425
v -0.023090912242252126 -0.08360117473782114 -0.001167583503611425
v -0.023090912242252126 -0.08360117473782114 0.1052259374036599
v 0.044799837770626516 -0.08360117473782114 -0.001167583503611425
v -0.023090912242252126 -0.08360117473782114 0.1052259374036599
v 0.044799837770626516 -0.08360117473782114 0.1052259374036599
v 0.13183585536368403 -0.08360117473782114 -0.001167583503611425
v 0.044799837770626516 -0.08360117473782114 -0.001167583503611425
v 0.044799837770626516 -0.08360117473782114 0.1052259374036599
v 0.13183585536368403 -0.08360117473782114 -0.001167583503611425
v 0.044799837770626516 -0.08360117473782114 0.1052259374036599
v 0.13183585536368403 -0.08360117473782114 0.1052259374036599
v -0.30849754557990666 -0.08360117473782114 0.1052259374036599
v -0.4190405658451948 -0.08360117473782114 0.1052259374036599
v -0.33672076893904945 -0.19221617453874162 0.1052259374036599
v -0.4190405658451948 -0.08360117473782114 0.1052259374036599
v -0.4190405658451948 -0.22584916823686174 0.077168661724443
v -0.33672076893904945 -0.19221617453874162 0.1052259374036599
v -0.4190405658451948 -0.22584916823686174 0.077168661724443
v -0.36773911046497365 -0.2815861719209056 0.077168661724443
v -0.33672076893904945 -0.19221617453874162 0.1052259374036599
v -0.33672076893904945 -0.19221617453874162 0.1052259374036599
v -0.11274066051026305 -0.24415818029225878 0.1052259374036599
v -0.30849754557990666 -0.08360117473782114 0.1052259374036599
v -0.11274066051026305 -0.24415818029225878 0.1052259374036599
v -0.11274066051026305 -0.08360117473782114 0.1052259374036599
v -0.30849754557990666 -0.08360117473782114 0.1052259374036599
v 0.015949994210421647 -0.3182271736222606 0.1052259374036599
v 0.044799837770626516 -0.08360117473782114 0.1052259374036599
v -0.023090912242252126 -0.08360117473782114 0.1052259374036599
v -0.023090912242252126 -0.08360117473782114 0.1052259374036599
v -0.11274066051026305 -0.24415818029225878 0.1052259374036599
v 0.015949994210421647 -0.3182271736222606 0.1052259374036599
v -0.11274066051026305 -0.24415818029225878 0.1052259374036599
v -0.023090912242252126 -0.08360117473782114 0.1052259374036599
v -0.11274066051026305 -0.08360117473782114 0.1052259374036599
v 0.044799837770626516 -0.08360117473782114 0.1052259374036599
v 0.1665562970532365 -0.2728211747962337 0.1052259374036599
v 0.13183585536368403 -0.08360117473782114 0.1052259374036599
v 0.1665562970532365 -0.2728211747962337 0.1052259374036599
v 0.23664024349419777 -0.1875111775952678 0.1052259374036599
v 0.13183585536368403 -0.08360117473782114 0.1052259374036599
v 0.015949994210421647 -0.3182271736222606 0.1052259374036599
v 0.1665562970532365 -0.2728211747962337 0.1052259374036599
v 0.044799837770626516 -0.08360117473782114 0.1052259374036599
v 0.015949994210421647 -0.3182271736222606 0.1052259374036599
v 0.11634322037638828 -0.3678911643582683 0.1052259374036599
v 0.1665562970532365 -0.2728211747962337 0.1052259374036599
v 0.11634322037638828 -0.3678911643582683 0.1052259374036599
v 0.015949994210421647 -0.3182271736222606 0.1052259374036599
v 0.06367303831905635 -0.3750911670285564 0.1052259374036599
v 0.11634322037638828 -0.3678911643582683 0.1052259374036599
v 0.06367303831905635 -0.3750911670285564 0.1052259374036599
v 0.09151698086664567 -0.3877871649819713 0.1052259374036599
v -0.11274066051026305 -0.24415818029225878 0.1052259374036599
v -0.11274066051026305 -0.36536118560613207 0.077168661724443
v 0.015949994210421647 -0.3182271736222606 0.1052259374036599
v -0.11274066051026305 -0.36536118560613207 0.077168661724443
v -0.023090912242252126 -0.4202541726189952 0.077168661724443
v 0.015949994210421647 -0.3182271736222606 0.1052259374036599
v 0.015949994210421647 -0.3182271736222606 0.1052259374036599
v -0.023090912242252126 -0.4202541726189952 0.077168661724443
v 0.06367303831905635 -0.3750911670285564 0.1052259374036599
v -0.023090912242252126 -0.4202541726189952 0.077168661724443
v 0.044799837770626516 -0.5089261847096782 0.077168661724443
v 0.06367303831905635 -0.3750911670285564 0.1052259374036599
v 0.044799837770626516 -0.5089261847096782 0.077168661724443
v 0.09151698086664567 -0.3877871649819713 0.1052259374036599
v 0.06367303831905635 -0.3750911670285564 0.1052259374036599
v 0.09244869741675671 -0.6507881897050243 0.077168661724443
v 0.09151698086664567 -0.3877871649819713 0.1052259374036599
v 0.044799837770626516 -0.5089261847096782 0.077168661724443
v 0.11291319031607505 -0.6324262040215831 0.08178605807511258
v 0.09151698086664567 -0.3877871649819713 0.1052259374036599
v 0.09244869741675671 -0.6507881897050243 0.077168661724443
v 0.11291319031607505 -0.6324262040215831 0.08178605807511258
v 0.09244869741675671 -0.6507881897050243 0.077168661724443
v 0.11518064492424673 -0.6623561995583873 0.077168661724443
v 0.1356533941930257 -0.643699170883308 0.077168661724443
v 0.11291319031607505 -0.6324262040215831 0.08178605807511258
v 0.11518064492424673 -0.6623561995583873 0.077168661724443
v 0.11291319031607505 -0.6324262040215831 0.08178605807511258
v 0.1356533941930257 -0.643699170883308 0.077168661724443
v 0.09151698086664567 -0.3877871649819713 0.1052259374036599
v 0.1356533941930257 -0.643699170883308 0.077168661724443
v 0.14114466620522098 -0.5875061767655712 0.077168661724443
v 0.09151698086664567 -0.3877871649819713 0.1052259374036599
v 0.09151698086664567 -0.3877871649819713 0.1052259374036599
v 0.14114466620522098 -0.5875061767655712 0.077168661724443
v 0.17635154566216 -0.4740351753789287 0.077168661724443
v 0.17635154566216 -0.4740351753789287 0.077168661724443
v 0.11634322037638828 -0.3678911643582683 0.1052259374036599
v 0.09151698086664567 -0.3877871649819713 0.1052259374036599
v 0.22857647350929566 -0.35791716152013353 0.077168661724443
v 0.11634322037638828 -0.3678911643582683 0.1052259374036599
v 0.17635154566216 -0.4740351753789287 0.077168661724443
v 0.11634322037638828 -0.3678911643582683 0.1052259374036599
v 0.22857647350929566 -0.35791716152013353 0.077168661724443
v 0.1665562970532365 -0.2728211747962337 0.1052259374036599
v 0.30356632519670745 -0.2640621679383617 0.077168661724443
v 0.1665562970532365 -0.2728211747962337 0.1052259374036599
v 0.22857647350929566 -0.35791716152013353 0.077168661724443
v 0.1665562970532365 -0.2728211747962337 0.1052259374036599
v 0.30356632519670745 -0.2640621679383617 0.077168661724443
v 0.23664024349419777 -0.1875111775952678 0.1052259374036599
v -0.36773911046497365 -0.2815861719209056 0.077168661724443
v -0.11274066051026305 -0.36536118560613207 0.077168661724443
v -0.11274066051026305 -0.24415818029225878 0.1052259374036599
v -0.36773911046497365 -0.2815861719209056 0.077168661724443
v -0.11274066051026305 -0.24415818029225878 0.1052259374036599
v -0.33672076893904945 -0.19221617453874162 0.1052259374036599
v -0.11274066051026305 -0.36536118560613207 -0.001167583503611425
v -0.023090912242252126 -0.08360117473782114 -0.001167583503611425
v -0.11274066051026305 -0.08360117473782114 -0.001167583503611425
v -0.023090912242252126 -0.08360117473782114 -0.001167583503611425
v -0.11274066051026305 -0.36536118560613207 -0.001167583503611425
v -0.023090912242252126 -0.4202541726189952 -0.001167583503611425
v -0.023090912242252126 -0.4202541726189952 -0.001167583503611425
v 0.044799837770626516 -0.08360117473782114 -0.001167583503611425
v -0.023090912242252126 -0.08360117473782114 -0.001167583503611425
v 0.044799837770626516 -0.08360117473782114 -0.001167583503611425
v -0.023090912242252126 -0.4202541726189952 -0.001167583503611425
v 0.044799837770626516 -0.5089261847096782 -0.001167583503611425
v 0.044799837770626516 -0.5089261847096782 -0.001167583503611425
v 0.13183585536368403 -0.08360117473782114 -0.001167583503611425
v 0.044799837770626516 -0.08360117473782114 -0.001167583503611425
v 0.13183585536368403 -0.08360117473782114 -0.001167583503611425
v 0.044799837770626516 -0.5089261847096782 -0.001167583503611425
v 0.12641053601706087 -0.6429721730309825 -0.001167583503611425
v 0.12641053601706087 -0.6429721730309825 -0.001167583503611425
v 0.044799837770626516 -0.5089261847096782 -0.001167583503611425
v 0.09244869741675671 -0.6507881897050243 -0.001167583503611425
v 0.11598863879508964 -0.6622241752702098 -0.001167583503611425
v 0.12641053601706087 -0.6429721730309825 -0.001167583503611425
v 0.09244869741675671 -0.6507881897050243 -0.001167583503611425
v 0.12641053601706087 -0.6429721730309825 -0.001167583503611425
v 0.11598863879508964 -0.6622241752702098 -0.001167583503611425
v 0.1356533941930257 -0.643699170883308 -0.001167583503611425
v -0.4190405658451948 -0.22584916823686174 0.077168661724443
v -0.4190405658451948 -0.08360117473782114 -0.001167583503611425
v -0.4189251363941795 -0.26353717022718004 -0.001167583503611425
v -0.4190405658451948 -0.08360117473782114 -0.001167583503611425
v -0.4190405658451948 -0.22584916823686174 0.077168661724443
v -0.4190405658451948 -0.08360117473782114 0.1052259374036599
v 0.044799837770626516 -0.5089261847096782 -0.07941669340768662
v -0.023090912242252126 -0.4202541726189952 -0.001167583503611425
v -0.023090912242252126 -0.4202541726189952 -0.07941669340768662
v -0.023090912242252126 -0.4202541726189952 -0.001167583503611425
v 0.044799837770626516 -0.5089261847096782 -0.07941669340768662
v 0.044799837770626516 -0.5089261847096782 -0.001167583503611425
v 0.09244869741675671 -0.6507881897050243 -0.07941669340768662
v 0.044799837770626516 -0.5089261847096782 -0.001167583503611425
v 0.044799837770626516 -0.5089261847096782 -0.07941669340768662
v 0.044799837770626516 -0.5089261847096782 -0.001167583503611425
v 0.09244869741675671 -0.6507881897050243 -0.07941669340768662
v 0.09244869741675671 -0.6507881897050243 -0.001167583503611425
v -0.4190405658451948 -0.08360117473782114 -0.001167583503611425
v -0.4190405658451948 -0.22584916823686174 -0.07941669340768662
v -0.4189251363941795 -0.26353717022718004 -0.001167583503611425
v -0.4190405658451948 -0.22584916823686174 -0.07941669340768662
v -0.4190405658451948 -0.08360117473782114 -0.001167583503611425
v -0.4190405658451948 -0.08360117473782114 -0.10747484553653562
v -0.023090912242252126 -0.4202541726189952 -0.001167583503611425
v 0.044799837770626516 -0.5089261847096782 0.077168661724443
v -0.023090912242252126 -0.4202541726189952 0.077168661724443
v 0.044799837770626516 -0.5089261847096782 -0.001167583503611425
v 0.044799837770626516 -0.5089261847096782 0.077168661724443
v -0.023090912242252126 -0.4202541726189952 -0.001167583503611425
v 0.044799837770626516 -0.5089261847096782 -0.001167583503611425
v 0.09244869741675671 -0.6507881897050243 0.077168661724443
v 0.044799837770626516 -0.5089261847096782 0.077168661724443
v 0.09244869741675671 -0.6507881897050243 -0.001167583503611425
v 0.09244869741675671 -0.6507881897050243 0.077168661724443
v 0.044799837770626516 -0.5089261847096782 -0.001167583503611425
v 0.1356533941930257 -0.643699170883308 -0.07941669340768662
v 0.11598863879508964 -0.6622241752702098 -0.001167583503611425
v 0.11518064492424673 -0.6623561995583873 -0.07941669340768662
v 0.11598863879508964 -0.6622241752702098 -0.001167583503611425
v 0.1356533941930257 -0.643699170883308 -0.07941669340768662
v 0.1356533941930257 -0.643699170883308 -0.001167583503611425
v 0.1356533941930257 -0.643699170883308 -0.001167583503611425
v 0.1356533941930257 -0.643699170883308 0.077168661724443
v 0.11598863879508964 -0.6622241752702098 -0.001167583503611425
v 0.11598863879508964 -0.6622241752702098 -0.001167583503611425
v 0.1356533941930257 -0.643699170883308 0.077168661724443
v 0.11518064492424673 -0.6623561995583873 0.077168661724443
v 0.11518064492424673 -0.6623561995583873 -0.07941669340768662
v 0.09244869741675671 -0.6507881897050243 -0.001167583503611425
v 0.09244869741675671 -0.6507881897050243 -0.07941669340768662
v 0.09244869741675671 -0.6507881897050243 -0.001167583503611425
v 0.11518064492424673 -0.6623561995583873 -0.07941669340768662
v 0.11598863879508964 -0.6622241752702098 -0.001167583503611425
v 0.11598863879508964 -0.6622241752702098 -0.001167583503611425
v 0.11518064492424673 -0.6623561995583873 0.077168661724443
v 0.09244869741675671 -0.6507881897050243 -0.001167583503611425
v 0.09244869741675671 -0.6507881897050243 -0.001167583503611425
v 0.11518064492424673 -0.6623561995583873 0.077168661724443
v 0.09244869741675671 -0.6507881897050243 0.077168661724443
v -0.4189251363941795 -0.26353717022718004 -0.001167583503611425
v -0.36773911046497365 -0.2815861719209056 -0.001167583503611425
v -0.36773911046497365 -0.2815861719209056 0.077168661724443
v -0.4189251363941795 -0.26353717022718004 -0.001167583503611425
v -0.36773911046497365 -0.2815861719209056 0.077168661724443
v -0.4190405658451948 -0.22584916823686174 0.077168661724443
v -0.36773911046497365 -0.2815861719209056 -0.07941669340768662
v -0.11274066051026305 -0.36536118560613207 -0.07941669340768662
v -0.11274066051026305 -0.36536118560613207 -0.001167583503611425
v -0.36773911046497365 -0.2815861719209056 -0.07941669340768662
v -0.11274066051026305 -0.36536118560613207 -0.001167583503611425
v -0.36773911046497365 -0.2815861719209056 -0.001167583503611425
v -0.023090912242252126 -0.4202541726189952 -0.07941669340768662
v -0.11274066051026305 -0.36536118560613207 -0.001167583503611425
v -0.11274066051026305 -0.36536118560613207 -0.07941669340768662
v -0.11274066051026305 -0.36536118560613207 -0.001167583503611425
v -0.023090912242252126 -0.4202541726189952 -0.07941669340768662
v -0.023090912242252126 -0.4202541726189952 -0.001167583503611425
v -0.36773911046497365 -0.2815861719209056 -0.07941669340768662
v -0.36773911046497365 -0.2815861719209056 -0.001167583503611425
v -0.4189251363941795 -0.26353717022718004 -0.001167583503611425
v -0.4190405658451948 -0.22584916823686174 -0.07941669340768662
v -0.36773911046497365 -0.2815861719209056 -0.07941669340768662
v -0.4189251363941795 -0.26353717022718004 -0.001167583503611425
v -0.023090912242252126 -0.4202541726189952 -0.001167583503611425
v -0.023090912242252126 -0.4202541726189952 0.077168661724443
v -0.11274066051026305 -0.36536118560613207 -0.001167583503611425
v -0.11274066051026305 -0.36536118560613207 -0.001167583503611425
v -0.023090912242252126 -0.4202541726189952 0.077168661724443
v -0.11274066051026305 -0.36536118560613207 0.077168661724443
v -0.11274066051026305 -0.36536118560613207 0.077168661724443
v -0.36773911046497365 -0.2815861719209056 0.077168661724443
v -0.11274066051026305 -0.36536118560613207 -0.001167583503611425
v -0.36773911046497365 -0.2815861719209056 -0.001167583503611425
v -0.11274066051026305 -0.36536118560613207 -0.001167583503611425
v -0.36773911046497365 -0.2815861719209056 0.077168661724443
v -0.30849754557990666 -0.08360117473782114 -0.10747484553653562
v -0.33672076893904945 -0.19221617453874162 -0.10747484553653562
v -0.4190405658451948 -0.08360117473782114 -0.10747484553653562
v -0.4190405658451948 -0.08360117473782114 -0.10747484553653562
v -0.33672076893904945 -0.19221617453874162 -0.10747484553653562
v -0.4190405658451948 -0.22584916823686174 -0.07941669340768662
v -0.4190405658451948 -0.22584916823686174 -0.07941669340768662
v -0.33672076893904945 -0.19221617453874162 -0.10747484553653562
v -0.36773911046497365 -0.2815861719209056 -0.07941669340768662
v -0.30849754557990666 -0.08360117473782114 -0.10747484553653562
v -0.11274066051026305 -0.08360117473782114 -0.10747484553653562
v -0.11274066051026305 -0.24415818029225878 -0.10747484553653562
v -0.11274066051026305 -0.24415818029225878 -0.10747484553653562
v -0.33672076893904945 -0.19221617453874162 -0.10747484553653562
v -0.30849754557990666 -0.08360117473782114 -0.10747484553653562
v 0.015949994210421647 -0.3182271736222606 -0.10747484553653562
v -0.023090912242252126 -0.08360117473782114 -0.10747484553653562
v 0.044799837770626516 -0.08360117473782114 -0.10747484553653562
v -0.11274066051026305 -0.24415818029225878 -0.10747484553653562
v -0.023090912242252126 -0.08360117473782114 -0.10747484553653562
v 0.015949994210421647 -0.3182271736222606 -0.10747484553653562
v -0.023090912242252126 -0.08360117473782114 -0.10747484553653562
v -0.11274066051026305 -0.24415818029225878 -0.10747484553653562
v -0.11274066051026305 -0.08360117473782114 -0.10747484553653562
v 0.1665562970532365 -0.2728211747962337 -0.10747484553653562
v 0.044799837770626516 -0.08360117473782114 -0.10747484553653562
v 0.13183585536368403 -0.08360117473782114 -0.10747484553653562
v 0.1665562970532365 -0.2728211747962337 -0.10747484553653562
v 0.13183585536368403 -0.08360117473782114 -0.10747484553653562
v 0.23664024349419777 -0.1875111775952678 -0.10747484553653562
v 0.1665562970532365 -0.2728211747962337 -0.10747484553653562
v 0.015949994210421647 -0.3182271736222606 -0.10747484553653562
v 0.044799837770626516 -0.08360117473782114 -0.10747484553653562
v 0.11634322037638828 -0.3678911643582683 -0.10747484553653562
v 0.015949994210421647 -0.3182271736222606 -0.10747484553653562
v 0.1665562970532365 -0.2728211747962337 -0.10747484553653562
v 0.015949994210421647 -0.3182271736222606 -0.10747484553653562
v 0.11634322037638828 -0.3678911643582683 -0.10747484553653562
v 0.06367303831905635 -0.3750911670285564 -0.10747484553653562
v 0.06367303831905635 -0.3750911670285564 -0.10747484553653562
v 0.11634322037638828 -0.3678911643582683 -0.10747484553653562
v 0.09151698086664567 -0.3877871649819713 -0.10747484553653562
v 0.015949994210421647 -0.3182271736222606 -0.10747484553653562
v -0.11274066051026305 -0.36536118560613207 -0.07941669340768662
v -0.11274066051026305 -0.24415818029225878 -0.10747484553653562
v 0.015949994210421647 -0.3182271736222606 -0.10747484553653562
v -0.023090912242252126 -0.4202541726189952 -0.07941669340768662
v -0.11274066051026305 -0.36536118560613207 -0.07941669340768662
v -0.023090912242252126 -0.4202541726189952 -0.07941669340768662
v 0.015949994210421647 -0.3182271736222606 -0.10747484553653562
v 0.06367303831905635 -0.3750911670285564 -0.10747484553653562
v 0.06367303831905635 -0.3750911670285564 -0.10747484553653562
v 0.044799837770626516 -0.5089261847096782 -0.07941669340768662
v -0.023090912242252126 -0.4202541726189952 -0.07941669340768662
v 0.09151698086664567 -0.3877871649819713 -0.10747484553653562
v 0.044799837770626516 -0.5089261847096782 -0.07941669340768662
v 0.06367303831905635 -0.3750911670285564 -0.10747484553653562
v 0.09151698086664567 -0.3877871649819713 -0.10747484553653562
v 0.09244869741675671 -0.6507881897050243 -0.07941669340768662
v 0.044799837770626516 -0.5089261847096782 -0.07941669340768662
v 0.11291319031607505 -0.6324262040215831 -0.08403582967318139
v 0.09244869741675671 -0.6507881897050243 -0.07941669340768662
v 0.09151698086664567 -0.3877871649819713 -0.10747484553653562
v 0.11291319031607505 -0.6324262040215831 -0.08403582967318139
v 0.11518064492424673 -0.6623561995583873 -0.07941669340768662
v 0.09244869741675671 -0.6507881897050243 -0.07941669340768662
v 0.1356533941930257 -0.643699170883308 -0.07941669340768662
v 0.11518064492424673 -0.6623561995583873 -0.07941669340768662
v 0.11291319031607505 -0.6324262040215831 -0.08403582967318139
v 0.11291319031607505 -0.6324262040215831 -0.08403582967318139
v 0.09151698086664567 -0.3877871649819713 -0.10747484553653562
v 0.1356533941930257 -0.643699170883308 -0.07941669340768662
v 0.1356533941930257 -0.643699170883308 -0.07941669340768662
v 0.09151698086664567 -0.3877871649819713 -0.10747484553653562
v 0.14114466620522098 -0.5875061767655712 -0.07941669340768662
v 0.14114466620522098 -0.5875061767655712 -0.07941669340768662
v 0.09151698086664567 -0.3877871649819713 -0.10747484553653562
v 0.17635154566216 -0.4740351753789287 -0.07941669340768662
v 0.11634322037638828 -0.3678911643582683 -0.10747484553653562
v 0.17635154566216 -0.4740351753789287 -0.07941669340768662
v 0.09151698086664567 -0.3877871649819713 -0.10747484553653562
v 0.11634322037638828 -0.3678911643582683 -0.10747484553653562
v 0.22857647350929566 -0.35791716152013353 -0.07941669340768662
v 0.17635154566216 -0.4740351753789287 -0.07941669340768662
v 0.22857647350929566 -0.35791716152013353 -0.07941669340768662
v 0.11634322037638828 -0.3678911643582683 -0.10747484553653562
v 0.1665562970532365 -0.2728211747962337 -0.10747484553653562
v 0.1665562970532365 -0.2728211747962337 -0.10747484553653562
v 0.30356632519670745 -0.2640621679383617 -0.07941669340768662
v 0.22857647350929566 -0.35791716152013353 -0.07941669340768662
v 0.30356632519670745 -0.2640621679383617 -0.07941669340768662
v 0.1665562970532365 -0.2728211747962337 -0.10747484553653562
v 0.23664024349419777 -0.1875111775952678 -0.10747484553653562
v -0.36773911046497365 -0.2815861719209056 -0.07941669340768662
v -0.11274066051026305 -0.24415818029225878 -0.10747484553653562
v -0.11274066051026305 -0.36536118560613207 -0.07941669340768662
v -0.11274066051026305 -0.24415818029225878 -0.10747484553653562
v -0.36773911046497365 -0.2815861719209056 -0.07941669340768662
v -0.33672076893904945 -0.19221617453874162 -0.10747484553653562
v 0.33122889791397336 -0.2765541689950328 -0.10503500452736106
v 0.33581319791191133 -0.2702031748849254 -0.07994038829341363
v 0.32652089980929555 -0.28335318141759447 -0.08002665690609001
v 0.33122889791397336 -0.2765541689950328 -0.10503500452736106
v 0.32977774269116156 -0.2543741779881816 -0.10285831914327864
v 0.33581319791191133 -0.2702031748849254 -0.07994038829341363
v 0.33581319791191133 -0.2702031748849254 -0.07994038829341363
v 0.32977774269116156 -0.2543741779881816 -0.10285831914327864
v 0.33292740020520883 -0.250042172010551 -0.09431888210338717
v 0.32977774269116156 -0.2543741779881816 -0.10285831914327864
v 0.2981904949217915 -0.20113717191995195 -0.1025951635181865
v 0.33292740020520883 -0.250042172010551 -0.09431888210338717
v 0.2981904949217915 -0.20113717191995195 0.09973629837912688
v 0.32977774269116156 -0.2543741779881816 0.09999771408939384
v 0.33292740020520883 -0.250042172010551 0.09145827704950237
v 0.33581319791191133 -0.2702031748849254 0.07708065319694142
v 0.33292740020520883 -0.250042172010551 0.09145827704950237
v 0.32977774269116156 -0.2543741779881816 0.09999771408939384
v 0.32977774269116156 -0.2543741779881816 0.09999771408939384
v 0.33122889791397336 -0.2765541689950328 0.10217613938830145
v 0.33581319791191133 -0.2702031748849254 0.07708065319694142
v 0.33122889791397336 -0.2765541689950328 0.10217613938830145
v 0.32652089980929555 -0.28335318141759447 0.077168661724443
v 0.33581319791191133 -0.2702031748849254 0.07708065319694142
v -0.7824300224264098 -0.18919317596734575 -0.1502600262790556
v -0.7008110923830428 -0.15569817447246126 -0.018682140695510056
v -0.736017971839982 -0.2589181678849559 -0.015981762048755514
v -0.7008110923830428 -0.15569817447246126 -0.018682140695510056
v -0.7824300224264098 -0.18919317596734575 -0.1502600262790556
v -0.724697358973214 -0.11652917587340883 -0.092489004592616
v 0.33581319791191133 -0.2702031748849254 -0.07994038829341363
v 0.32652089980929555 -0.28335318141759447 0.077168661724443
v 0.32652089980929555 -0.28335318141759447 -0.08002665690609001
v 0.32652089980929555 -0.28335318141759447 0.077168661724443
v 0.33581319791191133 -0.2702031748849254 -0.07994038829341363
v 0.33581319791191133 -0.2702031748849254 0.07708065319694142
v 0.33292740020520883 -0.250042172010551 -0.09431888210338717
v 0.33581319791191133 -0.2702031748849254 0.07708065319694142
v 0.33581319791191133 -0.2702031748849254 -0.07994038829341363
v 0.33292740020520883 -0.250042172010551 -0.09431888210338717
v 0.33292740020520883 -0.250042172010551 0.09145827704950237
v 0.33581319791191133 -0.2702031748849254 0.07708065319694142
v -0.9536492853836647 -0.19540816717923692 0.11184835836269123
v -0.8763260755675656 -0.06039017425061277 0.07525077568617025
v -0.9047224331206417 -0.0599181743818622 0.16613477212517908
v -0.8763260755675656 -0.06039017425061277 0.07525077568617025
v -0.9536492853836647 -0.19540816717923692 0.11184835836269123
v -0.8986292816037805 -0.12891517751992754 0.04780346350535673
v -1.1513437764976624 0.08175082332312056 0.1266616620812581
v -1.0446924680058478 0.0402928275507588 0.022010011780311225
v -1.0946582467593289 0.14050783044516035 0.01774029407189292
v -1.0446924680058478 0.0402928275507588 0.022010011780311225
v -1.1513437764976624 0.08175082332312056 0.1266616620812581
v -1.071522277743889 0.009938826922764266 0.07812630305357023
v -1.0946582467593289 0.14050783044516035 0.01774029407189292
v -1.0248463673501167 0.02065782449065634 -0.025305429988899106
v -1.0434392199248088 0.095958827201714 -0.08943920657725753
v -1.0248463673501167 0.02065782449065634 -0.025305429988899106
v -1.0946582467593289 0.14050783044516035 0.01774029407189292
v -1.0446924680058478 0.0402928275507588 0.022010011780311225
v -1.2656795534297547 -0.004284174974570787 0.004233173384133945
v -1.3258940422267598 0.10721681839643904 0.025757778575464907
v -1.2805126126162731 0.00603382489501425 0.030810858038250157
v -1.3258940422267598 0.10721681839643904 0.025757778575464907
v -1.2656795534297547 -0.004284174974570787 0.004233173384133945
v -1.268796234611016 0.07464082366644331 -0.057458150293993523
v -1.5274885375745924 -0.03896417454958967 0.040657350906708155
v -1.4986222058479943 0.0494568256181378 -0.007267181157383213
v -1.5304402879468668 -0.03716817437813691 0.04701835940158227
v -1.5984217597336994 -0.09831917458356432 -0.010230713806175035
v -1.56169772324332 -0.05223617502630762 0.07002255237190418
v -1.5984959687687321 -0.10229017757953218 -0.009620753553881395
v -1.9481242198416164 -0.019421174052665746 -0.021296253975697964
v -1.8925517764837172 0.024833826486458266 0.011552689513674424
v -1.8925517764837172 0.004490824554552519 -0.044562729367589676
v -1.8925517764837172 0.024833826486458266 0.011552689513674424
v -1.9481242198416164 -0.019421174052665746 -0.021296253975697964
v -1.9481242198416164 -0.010077174614677942 0.004496327386171223
v -1.9481242198416164 -0.03169217447427175 0.023578480073034945
v -1.8925517764837172 0.024833826486458266 0.011552689513674424
v -1.9481242198416164 -0.010077174614677942 0.004496327386171223
v -1.8925517764837172 0.024833826486458266 0.011552689513674424
v -1.9481242198416164 -0.03169217447427175 0.023578480073034945
v -1.8925517764837172 -0.022225174914608514 0.053117955432299184
v 0.18284051146256658 -0.10350417518199495 -0.11130887769825594
v 0.04614380762561954 0.025168826941837752 -0.09405572647829501
v 0.18905736108616777 -0.08877017521441988 -0.09405572647829501
v 0.04614380762561954 0.025168826941837752 -0.09405572647829501
v 0.18284051146256658 -0.10350417518199495 -0.11130887769825594
v 0.03983623622806448 -0.0022671742844682097 -0.12507740800982609
v 0.03983623622806448 -0.0022671742844682097 -0.12507740800982609
v -0.1255619053852861 0.16160782999216505 -0.09484083058206948
v 0.04614380762561954 0.025168826941837752 -0.09405572647829501
v -0.1255619053852861 0.16160782999216505 -0.09484083058206948
v 0.03983623622806448 -0.0022671742844682097 -0.12507740800982609
v -0.13245486812111412 0.11953782862841078 -0.14224253771784642
v -0.13245486812111412 0.11953782862841078 -0.14224253771784642
v -0.3374628347168484 0.1603778285425801 -0.13649236592489805
v -0.1255619053852861 0.16160782999216505 -0.09484083058206948
v -0.3374628347168484 0.2224578244131703 -0.0014289951562411907
v -0.1255619053852861 0.16160782999216505 -0.09484083058206948
v -0.3374628347168484 0.1603778285425801 -0.13649236592489805
v -0.1255619053852861 0.16160782999216505 -0.09484083058206948
v -0.3374628347168484 0.2224578244131703 -0.0014289951562411907
v -0.1255701494684826 0.16160782999216505 0.0911968678314549
v -0.1255701494684826 0.16160782999216505 0.0911968678314549
v -0.3374628347168484 0.2224578244131703 -0.0014289951562411907
v -0.3374628347168484 0.14698782390772291 0.1491430366154851
v -0.1255701494684826 0.16160782999216505 0.0911968678314549
v -0.3374628347168484 0.14698782390772291 0.1491430366154851
v -0.13245486812111412 0.11953782862841078 0.13929654699313684
v 0.03983623622806448 -0.0022671742844682097 0.12221767291335388
v -0.1255619053852861 0.16160782999216505 0.09189483336514039
v -0.13245486812111412 0.11953782862841078 0.13929654699313684
v -0.1255619053852861 0.16160782999216505 0.09189483336514039
v 0.03983623622806448 -0.0022671742844682097 0.12221767291335388
v 0.04614380762561954 0.025168826941837752 0.0911968678314549
v 0.18284051146256658 -0.10350417518199495 0.10836374394651994
v 0.04614380762561954 0.025168826941837752 0.0911968678314549
v 0.03983623622806448 -0.0022671742844682097 0.12221767291335388
v 0.04614380762561954 0.025168826941837752 0.0911968678314549
v 0.18284051146256658 -0.10350417518199495 0.10836374394651994
v 0.18905736108616777 -0.08877017521441988 0.0911968678314549
v -1.466729914714089 0.13101783222376295 -0.006482947011021353
v -1.5603538025333834 0.06672882861315199 0.04431710917436025
v -1.5347112882108092 0.08122182465015837 0.0810889624988397
v -1.5603538025333834 0.06672882861315199 0.04431710917436025
v -1.466729914714089 0.13101783222376295 -0.006482947011021353
v -1.5625470481065222 0.05109382248341032 -0.048832444641425665
v -1.7615607399671311 0.0680408237022061 0.05015529274091996
v -1.681335170560352 0.10285682803808638 -0.004043107624901664
v -1.8081541849564104 0.03799682683168837 -0.0002970843964466485
v -1.8081541849564104 0.03799682683168837 -0.0002970843964466485
v -1.681335170560352 0.10285682803808638 -0.004043107624901664
v -1.7730627472367506 0.02694582394181677 -0.036370970158422035
v -1.2414140835850722 0.16095782643972822 -0.005698712864659493
v -1.338195836142818 0.08120582825361677 -0.02486974363067368
v -1.2999959736113575 0.10039682513891646 0.10653386643574878
v -1.2999959736113575 0.10039682513891646 0.10653386643574878
v -1.338195836142818 0.08120582825361677 -0.02486974363067368
v -1.3688431847102007 0.047230823103775466 0.03804410920698772
v -1.59365606533291 0.07874682373224684 -0.0755826612459663
v -1.7032013787558313 0.005960824106325591 -0.10233462425755163
v -1.681335170560352 0.10285682803808638 -0.004043107624901664
v -1.681335170560352 0.10285682803808638 -0.004043107624901664
v -1.7032013787558313 0.005960824106325591 -0.10233462425755163
v -1.7730627472367506 0.02694582394181677 -0.036370970158422035
v -1.3957307398894099 0.09111382639824339 -0.10834795816781166
v -1.5121360151428451 0.0016248246174950243 -0.1115702804240839
v -1.466729914714089 0.13101783222376295 -0.006482947011021353
v -1.466729914714089 0.13101783222376295 -0.006482947011021353
v -1.5121360151428451 0.0016248246174950243 -0.1115702804240839
v -1.5625470481065222 0.05109382248341032 -0.048832444641425665
v -1.181298474641369 0.10935282534777113 -0.12978281288799726
v -1.315571123148203 0.08071082657991835 -0.07619262474436969
v -1.2414140835850722 0.16095782643972822 -0.005698712864659493
v -1.2414140835850722 0.16095782643972822 -0.005698712864659493
v -1.315571123148203 0.08071082657991835 -0.07619262474436969
v -1.338195836142818 0.08120582825361677 -0.02486974363067368
v -1.8925517764837172 0.024833826486458266 0.011552689513674424
v -1.8081541849564104 0.03799682683168837 -0.0002970843964466485
v -1.8925517764837172 0.004490824554552519 -0.044562729367589676
v -1.0946582467593289 0.14050783044516035 0.01774029407189292
v -0.991799707988474 0.1227978301685948 0.1446119088774919
v -0.9368374005047013 0.19605782455622145 0.004843133027782008
v -0.991799707988474 0.1227978301685948 0.1446119088774919
v -1.0946582467593289 0.14050783044516035 0.01774029407189292
v -1.132256229786123 0.06458282298265883 0.11507242702600816
v -1.8081541849564104 0.03799682683168837 -0.0002970843964466485
v -1.7160226359171185 -0.016229174892912424 -0.08621426146430851
v -1.8013849448998505 -0.002065174143324411 -0.06669642282498309
v -1.0504228798620625 0.11530782109915205 -0.09484083058206948
v -0.9368374005047013 0.19605782455622145 0.004843133027782008
v -0.8832437828392472 0.13390782303034254 -0.13989070523617345
v -0.9368374005047013 0.19605782455622145 0.004843133027782008
v -1.0504228798620625 0.11530782109915205 -0.09484083058206948
v -1.0946582467593289 0.14050783044516035 0.01774029407189292
v -0.8292213745574616 0.1957278234404225 0.012947754275506243
v -0.7282922215524011 0.14060783213793226 0.1480102481887673
v -0.6788129788564194 0.22181781953989455 -0.004306261626938942
v -0.7282922215524011 0.14060783213793226 0.1480102481887673
v -0.8292213745574616 0.1957278234404225 0.012947754275506243
v -0.8705792001174861 0.13370781964479872 0.12918951161793424
v -1.8081541849564104 0.03799682683168837 -0.0002970843964466485
v -1.8013849448998505 -0.002065174143324411 -0.06669642282498309
v -1.8925517764837172 0.004490824554552519 -0.044562729367589676
v -1.8081541849564104 0.03799682683168837 -0.0002970843964466485
v -1.8925517764837172 0.024833826486458266 0.011552689513674424
v -1.8925517764837172 -0.022225174914608514 0.053117955432299184
v -1.8925517764837172 -0.022225174914608514 0.053117955432299184
v -1.7907156514643994 0.0010078271371025682 0.07124247287649146
v -1.8081541849564104 0.03799682683168837 -0.0002970843964466485
v -1.7907156514643994 0.0010078271371025682 0.07124247287649146
v -1.7748024822302326 -0.0039761735606294035 0.06697275435654572
v -1.8081541849564104 0.03799682683168837 -0.0002970843964466485
v -0.8832437828392472 0.13390782303034254 -0.13989070523617345
v -0.8197641947909156 0.12823782688795515 0.0175660201778247
v -0.7838894340186822 0.08491082317053267 -0.08342587266699751
v -0.8197641947909156 0.12823782688795515 0.0175660201778247
v -0.8832437828392472 0.13390782303034254 -0.13989070523617345
v -0.9368374005047013 0.19605782455622145 0.004843133027782008
v -0.6788129788564194 0.22181781953989455 -0.004306261626938942
v -0.7282922215524011 0.14060783213793226 0.1480102481887673
v -0.48530702260187064 0.14060783213793226 0.1480102481887673
v -0.3374628347168484 0.2224578244131703 -0.0014289951562411907
v -0.48530702260187064 0.14060783213793226 0.1480102481887673
v -0.3374628347168484 0.14698782390772291 0.1491430366154851
v -0.48530702260187064 0.22181781953989455 -0.004306261626938942
v -0.6788129788564194 0.22181781953989455 -0.004306261626938942
v -0.48530702260187064 0.14060783213793226 0.1480102481887673
v -0.48530702260187064 0.14060783213793226 0.1480102481887673
v -0.3374628347168484 0.2224578244131703 -0.0014289951562411907
v -0.48530702260187064 0.22181781953989455 -0.004306261626938942
v -0.6274537903212944 0.15134782916723677 -0.14503180296478954
v -0.6788129788564194 0.22181781953989455 -0.004306261626938942
v -0.48530702260187064 0.22181781953989455 -0.004306261626938942
v -0.3374628347168484 0.1603778285425801 -0.13649236592489805
v -0.48530702260187064 0.22181781953989455 -0.004306261626938942
v -0.3374628347168484 0.2224578244131703 -0.0014289951562411907
v -0.48530702260187064 0.15134782916723677 -0.14503180296478954
v -0.6274537903212944 0.15134782916723677 -0.14503180296478954
v -0.48530702260187064 0.22181781953989455 -0.004306261626938942
v -0.48530702260187064 0.22181781953989455 -0.004306261626938942
v -0.3374628347168484 0.1603778285425801 -0.13649236592489805
v -0.48530702260187064 0.15134782916723677 -0.14503180296478954
v -0.9368374005047013 0.19605782455622145 0.004843133027782008
v -0.8600336047887749 0.0729258266729016 0.12308991558721732
v -0.8197641947909156 0.12823782688795515 0.0175660201778247
v -0.8600336047887749 0.0729258266729016 0.12308991558721732
v -0.9368374005047013 0.19605782455622145 0.004843133027782008
v -0.991799707988474 0.1227978301685948 0.1446119088774919
v -0.7920933657041891 0.14800782329260298 -0.12185333285428968
v -0.6788129788564194 0.22181781953989455 -0.004306261626938942
v -0.6274537903212944 0.15134782916723677 -0.14503180296478954
v -0.6788129788564194 0.22181781953989455 -0.004306261626938942
v -0.7920933657041891 0.14800782329260298 -0.12185333285428968
v -0.8292213745574616 0.1957278234404225 0.012947754275506243
v -1.3258940422267598 0.10721681839643904 0.025757778575464907
v -1.466729914714089 0.13101783222376295 -0.006482947011021353
v -1.393001518332121 0.058012826506485426 0.11237117679878614
v -1.393001518332121 0.058012826506485426 0.11237117679878614
v -1.466729914714089 0.13101783222376295 -0.006482947011021353
v -1.5347112882108092 0.08122182465015837 0.0810889624988397
v -1.56051873334237 0.0667748284977574 0.04440424449833949
v -1.681335170560352 0.10285682803808638 -0.004043107624901664
v -1.643267213360036 0.03094382411657759 0.10025912330744129
v -1.7615607399671311 0.0680408237022061 0.05015529274091996
v -1.643267213360036 0.03094382411657759 0.10025912330744129
v -1.681335170560352 0.10285682803808638 -0.004043107624901664
v -1.0946582467593289 0.14050783044516035 0.01774029407189292
v -1.2414140835850722 0.16095782643972822 -0.005698712864659493
v -1.1513437764976624 0.08175082332312056 0.1266616620812581
v -1.1513437764976624 0.08175082332312056 0.1266616620812581
v -1.2414140835850722 0.16095782643972822 -0.005698712864659493
v -1.2999959736113575 0.10039682513891646 0.10653386643574878
v -1.181298474641369 0.10935282534777113 -0.12978281288799726
v -1.0946582467593289 0.14050783044516035 0.01774029407189292
v -1.0434392199248088 0.095958827201714 -0.08943920657725753
v -1.0946582467593289 0.14050783044516035 0.01774029407189292
v -1.181298474641369 0.10935282534777113 -0.12978281288799726
v -1.2414140835850722 0.16095782643972822 -0.005698712864659493
v -1.4986222058479943 0.0494568256181378 -0.007267181157383213
v -1.59365606533291 0.07874682373224684 -0.0755826612459663
v -1.56051873334237 0.0667748284977574 0.04440424449833949
v -1.56051873334237 0.0667748284977574 0.04440424449833949
v -1.59365606533291 0.07874682373224684 -0.0755826612459663
v -1.681335170560352 0.10285682803808638 -0.004043107624901664
v -1.268796234611016 0.07464082366644331 -0.057458150293993523
v -1.3957307398894099 0.09111382639824339 -0.10834795816781166
v -1.3258940422267598 0.10721681839643904 0.025757778575464907
v -1.3258940422267598 0.10721681839643904 0.025757778575464907
v -1.3957307398894099 0.09111382639824339 -0.10834795816781166
v -1.466729914714089 0.13101783222376295 -0.006482947011021353
v -1.4622032618672065 0.012545826051821196 -0.024695469736605462
v -1.5121360151428451 0.0016248246174950243 -0.1115702804240839
v -1.4986222058479943 0.0494568256181378 -0.007267181157383213
v -1.59365606533291 0.07874682373224684 -0.0755826612459663
v -1.4986222058479943 0.0494568256181378 -0.007267181157383213
v -1.5121360151428451 0.0016248246174950243 -0.1115702804240839
v -1.6908913284703124 -0.13277317755998186 -0.05188224265678412
v -1.6841220884137527 -0.07742317565859369 0.026628278088393402
v -1.6754234134463422 -0.08109417357624582 0.02784819696992581
v -0.3374628347168484 0.14698782390772291 0.1491430366154851
v -0.15027269087148526 -0.003601174663315332 0.1637820696860935
v -0.13245486812111412 0.11953782862841078 0.13929654699313684
v -0.15027269087148526 -0.003601174663315332 0.1637820696860935
v -0.3374628347168484 0.14698782390772291 0.1491430366154851
v -0.3374628347168484 -0.007002174716005838 0.20064106158066192
v -0.13245486812111412 0.11953782862841078 0.13929654699313684
v -0.15027269087148526 -0.003601174663315332 0.1637820696860935
v 0.03983623622806448 -0.0022671742844682097 0.12221767291335388
v -0.15027269087148526 -0.003601174663315332 0.1637820696860935
v 0.02339537195173652 -0.07615117528618387 0.13859945141686397
v 0.03983623622806448 -0.0022671742844682097 0.12221767291335388
v 0.18284051146256658 -0.10350417518199495 0.10836374394651994
v 0.03983623622806448 -0.0022671742844682097 0.12221767291335388
v 0.02339537195173652 -0.07615117528618387 0.13859945141686397
v 0.02339537195173652 -0.07615117528618387 0.13859945141686397
v 0.1663996226137105 -0.1432531716781955 0.11794794790118865
v 0.18284051146256658 -0.10350417518199495 0.10836374394651994
v 0.2852455396537644 -0.21943317526162676 0.10487738961552347
v 0.18284051146256658 -0.10350417518199495 0.10836374394651994
v 0.1663996226137105 -0.1432531716781955 0.11794794790118865
v 0.303055118320939 -0.1943771707373958 0.0911968678314549
v 0.18905736108616777 -0.08877017521441988 0.0911968678314549
v 0.18284051146256658 -0.10350417518199495 0.10836374394651994
v 0.18284051146256658 -0.10350417518199495 0.10836374394651994
v 0.2981904949217915 -0.20113717191995195 0.09973629837912688
v 0.303055118320939 -0.1943771707373958 0.0911968678314549
v 0.18284051146256658 -0.10350417518199495 0.10836374394651994
v 0.2852455396537644 -0.21943317526162676 0.10487738961552347
v 0.2981904949217915 -0.20113717191995195 0.09973629837912688
v 0.33292740020520883 -0.250042172010551 0.09145827704950237
v 0.303055118320939 -0.1943771707373958 0.0911968678314549
v 0.2981904949217915 -0.20113717191995195 0.09973629837912688
v 0.32977774269116156 -0.2543741779881816 0.09999771408939384
v 0.2981904949217915 -0.20113717191995195 0.09973629837912688
v 0.2852455396537644 -0.21943317526162676 0.10487738961552347
v 0.2852455396537644 -0.21943317526162676 0.10487738961552347
v 0.3214501128989148 -0.26612118058980516 0.1052259374036599
v 0.32977774269116156 -0.2543741779881816 0.09999771408939384
v 0.3214501128989148 -0.26612118058980516 0.1052259374036599
v 0.33122889791397336 -0.2765541689950328 0.10217613938830145
v 0.32977774269116156 -0.2543741779881816 0.09999771408939384
v 0.3130400177021746 -0.2780951725798946 0.10104422741121576
v 0.33122889791397336 -0.2765541689950328 0.10217613938830145
v 0.3214501128989148 -0.26612118058980516 0.1052259374036599
v 0.27213575186686334 -0.23807417028726152 0.10069480966566671
v 0.3130400177021746 -0.2780951725798946 0.10104422741121576
v 0.3214501128989148 -0.26612118058980516 0.1052259374036599
v 0.3214501128989148 -0.26612118058980516 0.1052259374036599
v 0.2852455396537644 -0.21943317526162676 0.10487738961552347
v 0.27213575186686334 -0.23807417028726152 0.10069480966566671
v 0.1663996226137105 -0.1432531716781955 0.11794794790118865
v 0.27213575186686334 -0.23807417028726152 0.10069480966566671
v 0.2852455396537644 -0.21943317526162676 0.10487738961552347
v 0.27213575186686334 -0.23807417028726152 0.10069480966566671
v 0.1663996226137105 -0.1432531716781955 0.11794794790118865
v 0.1497855957314635 -0.18370717936338 0.11019362145729113
v 0.02339537195173652 -0.07615117528618387 0.13859945141686397
v 0.1497855957314635 -0.18370717936338 0.11019362145729113
v 0.1663996226137105 -0.1432531716781955 0.11794794790118865
v 0.1497855957314635 -0.18370717936338 0.11019362145729113
v 0.02339537195173652 -0.07615117528618387 0.13859945141686397
v 0.006863810473982823 -0.15129417353452257 0.12526747092871232
v -0.1681399781210355 -0.12240317636312059 0.14374053616104104
v 0.006863810473982823 -0.15129417353452257 0.12526747092871232
v 0.02339537195173652 -0.07615117528618387 0.13859945141686397
v -0.1681399781210355 -0.12240317636312059 0.14374053616104104
v 0.02339537195173652 -0.07615117528618387 0.13859945141686397
v -0.15027269087148526 -0.003601174663315332 0.1637820696860935
v -0.3374628347168484 -0.007002174716005838 0.20064106158066192
v -0.1681399781210355 -0.12240317636312059 0.14374053616104104
v -0.15027269087148526 -0.003601174663315332 0.1637820696860935
v -0.1681399781210355 -0.12240317636312059 0.14374053616104104
v -0.3374628347168484 -0.007002174716005838 0.20064106158066192
v -0.3374628347168484 -0.18188516968072466 0.13964508828905378
v -1.8148658270069713 -0.08711917498291544 0.09137113847941337
v -1.734417630495094 -0.03854917441637329 0.11655375674864289
v -1.7907156514643994 0.0010078271371025682 0.07124247287649146
v -1.9481242198416164 -0.059360174323926485 0.0175660201778247
v -1.8925517764837172 -0.022225174914608514 0.053117955432299184
v -1.9481242198416164 -0.03169217447427175 0.023578480073034945
v -1.8925517764837172 -0.022225174914608514 0.053117955432299184
v -1.9481242198416164 -0.059360174323926485 0.0175660201778247
v -1.8925517764837172 -0.08246417516053728 0.04004739065441451
v -1.5979682491540426 -0.018127174909720933 0.10444170325729805
v -1.6238416469511754 -0.10084317797006181 0.08135037171688717
v -1.5442674461207695 -0.15064417743266634 0.10017198473735231
v -1.5442674461207695 -0.15064417743266634 0.10017198473735231
v -1.4673070742554297 -0.05102717490078024 0.14400193888686902
v -1.5979682491540426 -0.018127174909720933 0.10444170325729805
v -1.6238416469511754 -0.10084317797006181 0.08135037171688717
v -1.6177732153976396 -0.18140217834294847 0.017217471578160826
v -1.5442674461207695 -0.15064417743266634 0.10017198473735231
v -1.7615607399671311 0.0680408237022061 0.05015529274091996
v -1.7907156514643994 0.0010078271371025682 0.07124247287649146
v -1.734417630495094 -0.03854917441637329 0.11655375674864289
v -1.734417630495094 -0.03854917441637329 0.11655375674864289
v -1.643267213360036 0.03094382411657759 0.10025912330744129
v -1.7615607399671311 0.0680408237022061 0.05015529274091996
v -1.4052126887643377 -0.12404817515195421 0.10226414791580303
v -1.2768187718936712 -0.18144317143739275 0.11507330347564025
v -1.3552386536413963 -0.021603174369345224 0.1446119088774919
v -1.2768187718936712 -0.18144317143739275 0.11507330347564025
v -1.2125312391195533 -0.05229717479229978 0.16848747456426463
v -1.3552386536413963 -0.021603174369345224 0.1446119088774919
v -1.3552386536413963 -0.021603174369345224 0.1446119088774919
v -1.2125312391195533 -0.05229717479229978 0.16848747456426463
v -1.2999959736113575 0.10039682513891646 0.10653386643574878
v -1.2125312391195533 -0.05229717479229978 0.16848747456426463
v -1.1513437764976624 0.08175082332312056 0.1266616620812581
v -1.2999959736113575 0.10039682513891646 0.10653386643574878
v -1.1611555869905632 -0.06105817468048147 0.13694384455405126
v -1.1788414184059417 -0.1649601774770122 0.07751633955516685
v -1.1027797130403423 -0.1909451799947124 0.13642101313351734
v -1.1027797130403423 -0.1909451799947124 0.13642101313351734
v -1.0474051276791594 -0.039264174505631244 0.19715557071485854
v -1.1611555869905632 -0.06105817468048147 0.13694384455405126
v -1.1611555869905632 -0.06105817468048147 0.13694384455405126
v -1.0474051276791594 -0.039264174505631244 0.19715557071485854
v -1.132256229786123 0.06458282298265883 0.11507242702600816
v -1.0474051276791594 -0.039264174505631244 0.19715557071485854
v -0.991799707988474 0.1227978301685948 0.1446119088774919
v -1.132256229786123 0.06458282298265883 0.11507242702600816
v -1.5979682491540426 -0.018127174909720933 0.10444170325729805
v -1.4673070742554297 -0.05102717490078024 0.14400193888686902
v -1.5347112882108092 0.08122182465015837 0.0810889624988397
v -1.4673070742554297 -0.05102717490078024 0.14400193888686902
v -1.393001518332121 0.058012826506485426 0.11237117679878614
v -1.5347112882108092 0.08122182465015837 0.0810889624988397
v -1.8419182147050546 -0.08868717574657015 0.04431710917436025
v -1.7907156514643994 0.0010078271371025682 0.07124247287649146
v -1.8925517764837172 -0.022225174914608514 0.053117955432299184
v -0.48530702260187064 -0.22221617573083452 0.13999364256940972
v -0.7789011125127947 -0.038104174520383394 0.2042136780321153
v -0.8302273247151335 -0.22221617573083452 0.15550491831388155
v -0.7789011125127947 -0.038104174520383394 0.2042136780321153
v -0.48530702260187064 -0.22221617573083452 0.13999364256940972
v -0.48530702260187064 -0.01972717405439428 0.2042136780321153
v -0.3374628347168484 -0.18188516968072466 0.13964508828905378
v -0.48530702260187064 -0.01972717405439428 0.2042136780321153
v -0.48530702260187064 -0.22221617573083452 0.13999364256940972
v -0.48530702260187064 -0.01972717405439428 0.2042136780321153
v -0.3374628347168484 -0.18188516968072466 0.13964508828905378
v -0.3374628347168484 -0.007002174716005838 0.20064106158066192
v -0.915902884286805 -0.02582317437187842 0.18304023902219665
v -0.7789011125127947 -0.038104174520383394 0.2042136780321153
v -0.8705792001174861 0.13370781964479872 0.12918951161793424
v -0.7789011125127947 -0.038104174520383394 0.2042136780321153
v -0.7282922215524011 0.14060783213793226 0.1480102481887673
v -0.8705792001174861 0.13370781964479872 0.12918951161793424
v -0.915902884286805 -0.02582317437187842 0.18304023902219665
v -0.9536492853836647 -0.19540816717923692 0.11184835836269123
v -0.8302273247151335 -0.22221617573083452 0.15550491831388155
v -0.8302273247151335 -0.22221617573083452 0.15550491831388155
v -0.7789011125127947 -0.038104174520383394 0.2042136780321153
v -0.915902884286805 -0.02582317437187842 0.18304023902219665
v -1.8925517764837172 -0.08246417516053728 0.04004739065441451
v -1.8419182147050546 -0.08868717574657015 0.04431710917436025
v -1.8925517764837172 -0.022225174914608514 0.053117955432299184
v -0.48530702260187064 -0.01972717405439428 0.2042136780321153
v -0.7282922215524011 0.14060783213793226 0.1480102481887673
v -0.7789011125127947 -0.038104174520383394 0.2042136780321153
v -0.7282922215524011 0.14060783213793226 0.1480102481887673
v -0.48530702260187064 -0.01972717405439428 0.2042136780321153
v -0.48530702260187064 0.14060783213793226 0.1480102481887673
v -0.3374628347168484 -0.007002174716005838 0.20064106158066192
v -0.48530702260187064 0.14060783213793226 0.1480102481887673
v -0.48530702260187064 -0.01972717405439428 0.2042136780321153
v -0.48530702260187064 0.14060783213793226 0.1480102481887673
v -0.3374628347168484 -0.007002174716005838 0.20064106158066192
v -0.3374628347168484 0.14698782390772291 0.1491430366154851
v -1.0474051276791594 -0.039264174505631244 0.19715557071485854
v -0.9047224331206417 -0.0599181743818622 0.16613477212517908
v -0.991799707988474 0.1227978301685948 0.1446119088774919
v -0.9047224331206417 -0.0599181743818622 0.16613477212517908
v -0.8600336047887749 0.0729258266729016 0.12308991558721732
v -0.991799707988474 0.1227978301685948 0.1446119088774919
v -1.1027797130403423 -0.1909451799947124 0.13642101313351734
v -0.9536492853836647 -0.19540816717923692 0.11184835836269123
v -1.0474051276791594 -0.039264174505631244 0.19715557071485854
v -0.9536492853836647 -0.19540816717923692 0.11184835836269123
v -0.9047224331206417 -0.0599181743818622 0.16613477212517908
v -1.0474051276791594 -0.039264174505631244 0.19715557071485854
v 0.26647129267622083 -0.24620416932881883 -0.07959184050527719
v 0.33292740020520883 -0.250042172010551 -0.09431888210338717
v 0.303055118320939 -0.1943771707373958 -0.09405572647829501
v 0.33292740020520883 -0.250042172010551 -0.09431888210338717
v 0.26647129267622083 -0.24620416932881883 -0.07959184050527719
v 0.3094286423840662 -0.28332317047895006 -0.07994038829341363
v 0.33292740020520883 -0.250042172010551 -0.09431888210338717
v 0.3094286423840662 -0.28332317047895006 -0.07994038829341363
v 0.32652089980929555 -0.28335318141759447 -0.08002665690609001
v 0.33292740020520883 -0.250042172010551 -0.09431888210338717
v 0.32652089980929555 -0.28335318141759447 -0.08002665690609001
v 0.33581319791191133 -0.2702031748849254 -0.07994038829341363
v -1.734417630495094 -0.03854917441637329 0.11655375674864289
v -1.8148658270069713 -0.08711917498291544 0.09137113847941337
v -1.7105231075354626 -0.15302917533696703 0.054513019788367284
v -1.7105231075354626 -0.15302917533696703 0.054513019788367284
v -1.6241796666484967 -0.10110417180837206 0.08143838024438875
v -1.734417630495094 -0.03854917441637329 0.11655375674864289
v -1.4673070742554297 -0.05102717490078024 0.14400193888686902
v -1.5442674461207695 -0.15064417743266634 0.10017198473735231
v -1.4316631478126987 -0.1682991700726848 0.03020089940901139
v -1.2768187718936712 -0.18144317143739275 0.11507330347564025
v -1.149266021806859 -0.15998517149270586 0.06610138164009488
v -1.2125312391195533 -0.05229717479229978 0.16848747456426463
v -1.149266021806859 -0.15998517149270586 0.06610138164009488
v -1.1062096939555992 -0.07042817571342996 0.10322178275271077
v -1.2125312391195533 -0.05229717479229978 0.16848747456426463
v -1.1513437764976624 0.08175082332312056 0.1266616620812581
v -1.2125312391195533 -0.05229717479229978 0.16848747456426463
v -1.1062096939555992 -0.07042817571342996 0.10322178275271077
v -1.1513437764976624 0.08175082332312056 0.1266616620812581
v -1.1062096939555992 -0.07042817571342996 0.10322178275271077
v -1.071522277743889 0.009938826922764266 0.07812630305357023
v -1.643267213360036 0.03094382411657759 0.10025912330744129
v -1.6241796666484967 -0.10110417180837206 0.08143838024438875
v -1.56169772324332 -0.05223617502630762 0.07002255237190418
v -1.643267213360036 0.03094382411657759 0.10025912330744129
v -1.734417630495094 -0.03854917441637329 0.11655375674864289
v -1.6241796666484967 -0.10110417180837206 0.08143838024438875
v -1.393001518332121 0.058012826506485426 0.11237117679878614
v -1.4673070742554297 -0.05102717490078024 0.14400193888686902
v -1.3723061419582439 -0.10396317565024904 0.10200186224812348
v -1.393001518332121 0.058012826506485426 0.11237117679878614
v -1.3723061419582439 -0.10396317565024904 0.10200186224812348
v -1.308381299699716 -0.016486175220022714 0.07028396158995164
v -1.3258940422267598 0.10721681839643904 0.025757778575464907
v -1.308381299699716 -0.016486175220022714 0.07028396158995164
v -1.2805126126162731 0.00603382489501425 0.030810858038250157
v -1.308381299699716 -0.016486175220022714 0.07028396158995164
v -1.3258940422267598 0.10721681839643904 0.025757778575464907
v -1.393001518332121 0.058012826506485426 0.11237117679878614
v -1.56051873334237 0.0667748284977574 0.04440424449833949
v -1.56169772324332 -0.05223617502630762 0.07002255237190418
v -1.5304402879468668 -0.03716817437813691 0.04701835940158227
v -1.56169772324332 -0.05223617502630762 0.07002255237190418
v -1.56051873334237 0.0667748284977574 0.04440424449833949
v -1.643267213360036 0.03094382411657759 0.10025912330744129
v -1.5304402879468668 -0.03716817437813691 0.04701835940158227
v -1.4986222058479943 0.0494568256181378 -0.007267181157383213
v -1.56051873334237 0.0667748284977574 0.04440424449833949
v -1.9481242198416164 -0.019421174052665746 -0.021296253975697964
v -1.9481242198416164 -0.04940917515338472 -0.0261759295018276
v -1.9658595894737583 -0.03973517459959797 -0.0014289951562411907
v -1.9481242198416164 -0.059360174323926485 0.0175660201778247
v -1.9481242198416164 -0.03169217447427175 0.023578480073034945
v -1.9658595894737583 -0.03973517459959797 -0.0014289951562411907
v -1.8419182147050546 -0.08868717574657015 0.04431710917436025
v -1.8148658270069713 -0.08711917498291544 0.09137113847941337
v -1.7907156514643994 0.0010078271371025682 0.07124247287649146
v -1.7907156514643994 0.0010078271371025682 0.07124247287649146
v -1.7615607399671311 0.0680408237022061 0.05015529274091996
v -1.8081541849564104 0.03799682683168837 -0.0002970843964466485
v -1.7730627472367506 0.02694582394181677 -0.036370970158422035
v -1.7419949135675532 -0.0689501742380958 -0.04735024496137833
v -1.8081541849564104 0.03799682683168837 -0.0002970843964466485
v -1.5979682491540426 -0.018127174909720933 0.10444170325729805
v -1.5347112882108092 0.08122182465015837 0.0810889624988397
v -1.5603538025333834 0.06672882861315199 0.04431710917436025
v -1.5979682491540426 -0.018127174909720933 0.10444170325729805
v -1.5603538025333834 0.06672882861315199 0.04431710917436025
v -1.6064855788636576 0.0027718265992302538 0.015561867149930434
v -1.9481242198416164 -0.04940917515338472 -0.0261759295018276
v -1.9481242198416164 -0.06844917484701685 -0.007006640273693486
v -1.9658595894737583 -0.03973517459959797 -0.0014289951562411907
v -1.9481242198416164 -0.06844917484701685 -0.007006640273693486
v -1.9481242198416164 -0.059360174323926485 0.0175660201778247
v -1.9658595894737583 -0.03973517459959797 -0.0014289951562411907
v -1.9481242198416164 -0.010077174614677942 0.004496327386171223
v -1.9481242198416164 -0.019421174052665746 -0.021296253975697964
v -1.9658595894737583 -0.03973517459959797 -0.0014289951562411907
v -1.9481242198416164 -0.03169217447427175 0.023578480073034945
v -1.9481242198416164 -0.010077174614677942 0.004496327386171223
v -1.9658595894737583 -0.03973517459959797 -0.0014289951562411907
v -1.5168110860597932 -0.04755617478073648 -0.028703775792394
v -1.5625470481065222 0.05109382248341032 -0.048832444641425665
v -1.5164235281457084 -0.050263173739920175 -0.03593528380019661
v -1.5625470481065222 0.05109382248341032 -0.048832444641425665
v -1.5121360151428451 0.0016248246174950243 -0.1115702804240839
v -1.5164235281457084 -0.050263173739920175 -0.03593528380019661
v -1.6058753938444748 -0.00254517407299093 0.013035762803007826
v -1.5979682491540426 -0.018127174909720933 0.10444170325729805
v -1.6064855788636576 0.0027718265992302538 0.015561867149930434
v -1.5979682491540426 -0.018127174909720933 0.10444170325729805
v -1.6058753938444748 -0.00254517407299093 0.013035762803007826
v -1.6238416469511754 -0.10084317797006181 0.08135037171688717
v -1.4064824004392418 -0.17126716845811418 -0.10189893789932622
v -1.5047071501404514 -0.07596917622865251 -0.04700256713065449
v -1.4422994157703075 -0.09905217760385088 -0.1361429416871295
v -1.5047071501404514 -0.07596917622865251 -0.04700256713065449
v -1.4064824004392418 -0.17126716845811418 -0.10189893789932622
v -1.4490769121963278 -0.15475417100966982 -0.032711211890769934
v -1.6177732153976396 -0.18140217834294847 0.017217471578160826
v -1.6238416469511754 -0.10084317797006181 0.08135037171688717
v -1.6732137534243947 -0.08632517405928186 0.04118017258891281
v -1.2819720242085455 -0.027858174267719304 -0.04212288835841511
v -1.2571540656407916 -0.058856174211512124 -0.14834213374856334
v -1.2697279265885988 -0.06552617424310259 -0.057458150293993523
v -1.2571540656407916 -0.058856174211512124 -0.14834213374856334
v -1.2819720242085455 -0.027858174267719304 -0.04212288835841511
v -1.315571123148203 0.08071082657991835 -0.07619262474436969
v -1.4052126887643377 -0.12404817515195421 0.10226414791580303
v -1.4120561378559304 -0.05236117527962736 0.022619972032604865
v -1.4316631478126987 -0.1682991700726848 0.03020089940901139
v -1.4120561378559304 -0.05236117527962736 0.022619972032604865
v -1.4052126887643377 -0.12404817515195421 0.10226414791580303
v -1.406045402598506 -0.04519417402477077 0.04048394697005254
v -1.2087219075146156 -0.18398417704881243 -0.10939272508258889
v -1.2697279265885988 -0.06552617424310259 -0.057458150293993523
v -1.2571540656407916 -0.058856174211512124 -0.14834213374856334
v -1.2697279265885988 -0.06552617424310259 -0.057458150293993523
v -1.2087219075146156 -0.18398417704881243 -0.10939272508258889
v -1.2513330303007357 -0.12045617574037126 -0.039944463059507496
v -1.2819720242085455 -0.027858174267719304 -0.04212288835841511
v -1.338195836142818 0.08120582825361677 -0.02486974363067368
v -1.315571123148203 0.08071082657991835 -0.07619262474436969
v -1.338195836142818 0.08120582825361677 -0.02486974363067368
v -1.2819720242085455 -0.027858174267719304 -0.04212288835841511
v -1.2882301556794495 -0.019009174640784776 -0.020600026733782816
v -1.4422994157703075 -0.09905217760385088 -0.1361429416871295
v -1.5047071501404514 -0.07596917622865251 -0.04700256713065449
v -1.5121360151428451 0.0016248246174950243 -0.1115702804240839
v -1.5164235281457084 -0.050263173739920175 -0.03593528380019661
v -1.5121360151428451 0.0016248246174950243 -0.1115702804240839
v -1.5047071501404514 -0.07596917622865251 -0.04700256713065449
v -1.6177732153976396 -0.18140217834294847 0.017217471578160826
v -1.6841220884137527 -0.07742317565859369 0.026628278088393402
v -1.6908913284703124 -0.13277317755998186 -0.05188224265678412
v -1.6841220884137527 -0.07742317565859369 0.026628278088393402
v -1.6177732153976396 -0.18140217834294847 0.017217471578160826
v -1.6732137534243947 -0.08632517405928186 0.04118017258891281
v -1.2087219075146156 -0.18398417704881243 -0.10939272508258889
v -1.2007323957098026 -0.1971581744510036 -0.025479703882967324
v -1.2513330303007357 -0.12045617574037126 -0.039944463059507496
v -1.3552386536413963 -0.021603174369345224 0.1446119088774919
v -1.406045402598506 -0.04519417402477077 0.04048394697005254
v -1.4052126887643377 -0.12404817515195421 0.10226414791580303
v -1.406045402598506 -0.04519417402477077 0.04048394697005254
v -1.3552386536413963 -0.021603174369345224 0.1446119088774919
v -1.3916328285138024 -0.009042175348411119 0.055557793195364004
v -1.1788414184059417 -0.1649601774770122 0.07751633955516685
v -1.2007323957098026 -0.1971581744510036 -0.025479703882967324
v -1.156917513914351 -0.2457481788951259 0.006936166011483941
v -1.3916328285138024 -0.009042175348411119 0.055557793195364004
v -1.2999959736113575 0.10039682513891646 0.10653386643574878
v -1.3688431847102007 0.047230823103775466 0.03804410920698772
v -1.2999959736113575 0.10039682513891646 0.10653386643574878
v -1.3916328285138024 -0.009042175348411119 0.055557793195364004
v -1.3552386536413963 -0.021603174369345224 0.1446119088774919
v -1.0946582467593289 0.14050783044516035 0.01774029407189292
v -1.1205150826724841 0.027969824288477385 0.03115940744944147
v -1.132256229786123 0.06458282298265883 0.11507242702600816
v -1.1205150826724841 0.027969824288477385 0.03115940744944147
v -1.0946582467593289 0.14050783044516035 0.01774029407189292
v -1.1033156398794361 0.05509282476126143 -0.02051201820628123
v -1.1033156398794361 0.05509282476126143 -0.02051201820628123
v -1.0504228798620625 0.11530782109915205 -0.09484083058206948
v -1.0817132914913017 0.026915824179043257 -0.08621426146430851
v -1.0504228798620625 0.11530782109915205 -0.09484083058206948
v -1.1033156398794361 0.05509282476126143 -0.02051201820628123
v -1.0946582467593289 0.14050783044516035 0.01774029407189292
v -0.7920933657041891 0.14800782329260298 -0.12185333285428968
v -0.882039974684859 0.09648983008085676 0.009462270307686083
v -0.8292213745574616 0.1957278234404225 0.012947754275506243
v -0.882039974684859 0.09648983008085676 0.009462270307686083
v -0.7920933657041891 0.14800782329260298 -0.12185333285428968
v -0.8605448116645432 0.0695788247030873 -0.08978600795834928
v -0.9108238901520199 0.053125826780189955 0.08370307415597274
v -0.9258877836680406 -0.02148617417694143 0.09302674534222607
v -0.915902884286805 -0.02582317437187842 0.18304023902219665
v -0.915902884286805 -0.02582317437187842 0.18304023902219665
v -0.8705792001174861 0.13370781964479872 0.12918951161793424
v -0.9108238901520199 0.053125826780189955 0.08370307415597274
v -0.882039974684859 0.09648983008085676 0.009462270307686083
v -0.8705792001174861 0.13370781964479872 0.12918951161793424
v -0.8292213745574616 0.1957278234404225 0.012947754275506243
v -0.8705792001174861 0.13370781964479872 0.12918951161793424
v -0.882039974684859 0.09648983008085676 0.009462270307686083
v -0.9108238901520199 0.053125826780189955 0.08370307415597274
v -0.943078970091628 -0.0915481726187568 0.06549142463391097
v -0.915902884286805 -0.02582317437187842 0.18304023902219665
v -0.9258877836680406 -0.02148617417694143 0.09302674534222607
v -0.915902884286805 -0.02582317437187842 0.18304023902219665
v -0.943078970091628 -0.0915481726187568 0.06549142463391097
v -0.9536492853836647 -0.19540816717923692 0.11184835836269123
v -1.9481242198416164 -0.04940917515338472 -0.0261759295018276
v -1.8925517764837172 -0.1022501754123073 -0.013541922662635823
v -1.9481242198416164 -0.06844917484701685 -0.007006640273693486
v -1.8925517764837172 -0.1022501754123073 -0.013541922662635823
v -1.9481242198416164 -0.04940917515338472 -0.0261759295018276
v -1.8925517764837172 -0.06079617501379064 -0.05519345638240953
v -1.9481242198416164 -0.06844917484701685 -0.007006640273693486
v -1.8925517764837172 -0.1022501754123073 -0.013541922662635823
v -1.9481242198416164 -0.059360174323926485 0.0175660201778247
v -0.00016933853497819173 -0.18397317999185137 -0.07959184050527719
v -0.1681399781210355 -0.12240317636312059 -0.14660027125751326
v 0.006863810473982823 -0.15129417353452257 -0.12821347463786092
v -0.1681399781210355 -0.12240317636312059 -0.14660027125751326
v -0.00016933853497819173 -0.18397317999185137 -0.07959184050527719
v -0.17570904168282628 -0.17201318019212297 -0.07959184050527719
v -0.17570904168282628 -0.17201318019212297 -0.07959184050527719
v -0.3374628347168484 -0.1742241697865825 -0.14503180296478954
v -0.1681399781210355 -0.12240317636312059 -0.14660027125751326
v 0.006863810473982823 -0.15129417353452257 -0.12821347463786092
v 0.1426535668692006 -0.20132117145837358 -0.07959184050527719
v -0.00016933853497819173 -0.18397317999185137 -0.07959184050527719
v -0.3374628347168484 -0.1742241697865825 -0.14503180296478954
v -0.17570904168282628 -0.17201318019212297 -0.07959184050527719
v -0.3374628347168484 -0.24372717910588793 -0.0014289951562411907
v 0.1426535668692006 -0.20132117145837358 -0.07959184050527719
v 0.006863810473982823 -0.15129417353452257 -0.12821347463786092
v 0.1497855957314635 -0.18370717936338 -0.11305248010413123
v 0.1497855957314635 -0.18370717936338 -0.11305248010413123
v 0.26647129267622083 -0.24620416932881883 -0.07959184050527719
v 0.1426535668692006 -0.20132117145837358 -0.07959184050527719
v -0.48530702260187064 -0.27906017177880815 -0.0014289951562411907
v -0.3374628347168484 -0.1742241697865825 -0.14503180296478954
v -0.3374628347168484 -0.24372717910588793 -0.0014289951562411907
v 0.26647129267622083 -0.24620416932881883 -0.07959184050527719
v 0.1497855957314635 -0.18370717936338 -0.11305248010413123
v 0.27213575186686334 -0.23807417028726152 -0.10355454476213892
v 0.27213575186686334 -0.23807417028726152 -0.10355454476213892
v 0.3094286423840662 -0.28332317047895006 -0.07994038829341363
v 0.26647129267622083 -0.24620416932881883 -0.07959184050527719
v -0.3374628347168484 -0.1742241697865825 -0.14503180296478954
v -0.48530702260187064 -0.27906017177880815 -0.0014289951562411907
v -0.48530702260187064 -0.20725117796243242 -0.15383177277309637
v -0.48530702260187064 -0.27906017177880815 -0.0014289951562411907
v -0.5401868892536783 -0.20725117796243242 -0.15383177277309637
v -0.48530702260187064 -0.20725117796243242 -0.15383177277309637
v 0.3094286423840662 -0.28332317047895006 -0.07994038829341363
v 0.27213575186686334 -0.23807417028726152 -0.10355454476213892
v 0.3130400177021746 -0.2780951725798946 -0.10390308605805586
v 0.3130400177021746 -0.2780951725798946 -0.10390308605805586
v 0.32652089980929555 -0.28335318141759447 -0.08002665690609001
v 0.3094286423840662 -0.28332317047895006 -0.07994038829341363
v 0.32652089980929555 -0.28335318141759447 -0.08002665690609001
v 0.3130400177021746 -0.2780951725798946 -0.10390308605805586
v 0.33122889791397336 -0.2765541689950328 -0.10503500452736106
v 0.3130400177021746 -0.2780951725798946 0.10104422741121576
v 0.32652089980929555 -0.28335318141759447 0.077168661724443
v 0.33122889791397336 -0.2765541689950328 0.10217613938830145
v 0.32652089980929555 -0.28335318141759447 0.077168661724443
v 0.3130400177021746 -0.2780951725798946 0.10104422741121576
v 0.3094286423840662 -0.28332317047895006 0.07699352111907193
v 0.27213575186686334 -0.23807417028726152 0.10069480966566671
v 0.3094286423840662 -0.28332317047895006 0.07699352111907193
v 0.3130400177021746 -0.2780951725798946 0.10104422741121576
v 0.3094286423840662 -0.28332317047895006 0.07699352111907193
v 0.27213575186686334 -0.23807417028726152 0.10069480966566671
v 0.26647129267622083 -0.24620416932881883 0.07664497333093549
v 0.1497855957314635 -0.18370717936338 0.11019362145729113
v 0.26647129267622083 -0.24620416932881883 0.07664497333093549
v 0.27213575186686334 -0.23807417028726152 0.10069480966566671
v 0.26647129267622083 -0.24620416932881883 0.07664497333093549
v 0.1497855957314635 -0.18370717936338 0.11019362145729113
v 0.1426535668692006 -0.20132117145837358 0.07664497333093549
v 0.006863810473982823 -0.15129417353452257 0.12526747092871232
v 0.1426535668692006 -0.20132117145837358 0.07664497333093549
v 0.1497855957314635 -0.18370717936338 0.11019362145729113
v 0.1426535668692006 -0.20132117145837358 0.07664497333093549
v 0.006863810473982823 -0.15129417353452257 0.12526747092871232
v -0.00016933853497819173 -0.18397317999185137 0.07664497333093549
v -0.1681399781210355 -0.12240317636312059 0.14374053616104104
v -0.00016933853497819173 -0.18397317999185137 0.07664497333093549
v 0.006863810473982823 -0.15129417353452257 0.12526747092871232
v -0.00016933853497819173 -0.18397317999185137 0.07664497333093549
v -0.1681399781210355 -0.12240317636312059 0.14374053616104104
v -0.17570904168282628 -0.17201318019212297 0.07664497333093549
v -0.3374628347168484 -0.18188516968072466 0.13964508828905378
v -0.17570904168282628 -0.17201318019212297 0.07681924397889396
v -0.1681399781210355 -0.12240317636312059 0.14374053616104104
v -0.3374628347168484 -0.24372717910588793 -0.0014289951562411907
v -0.17570904168282628 -0.17201318019212297 0.07681924397889396
v -0.3374628347168484 -0.18188516968072466 0.13964508828905378
v -1.8925517764837172 -0.08246417516053728 0.04004739065441451
v -1.9481242198416164 -0.059360174323926485 0.0175660201778247
v -1.8925517764837172 -0.1022501754123073 -0.013541922662635823
v -1.8046912277083673 -0.1321031766492229 0.0038863677425231597
v -1.7105231075354626 -0.15302917533696703 0.054513019788367284
v -1.8148658270069713 -0.08711917498291544 0.09137113847941337
v -1.8046912277083673 -0.1321031766492229 0.0038863677425231597
v -1.8148658270069713 -0.08711917498291544 0.09137113847941337
v -1.8419182147050546 -0.08868717574657015 0.04431710917436025
v -1.4316631478126987 -0.1682991700726848 0.03020089940901139
v -1.3422772347795042 -0.22785017066777757 0.0006622952244509052
v -1.4052126887643377 -0.12404817515195421 0.10226414791580303
v -1.3422772347795042 -0.22785017066777757 0.0006622952244509052
v -1.2768187718936712 -0.18144317143739275 0.11507330347564025
v -1.4052126887643377 -0.12404817515195421 0.10226414791580303
v -1.8925517764837172 -0.1022501754123073 -0.013541922662635823
v -1.8046912277083673 -0.1321031766492229 0.0038863677425231597
v -1.8419182147050546 -0.08868717574657015 0.04431710917436025
v -1.3422772347795042 -0.22785017066777757 0.0006622952244509052
v -1.4490769121963278 -0.15475417100966982 -0.032711211890769934
v -1.4064824004392418 -0.17126716845811418 -0.10189893789932622
v -1.4490769121963278 -0.15475417100966982 -0.032711211890769934
v -1.3422772347795042 -0.22785017066777757 0.0006622952244509052
v -1.4316631478126987 -0.1682991700726848 0.03020089940901139
v -1.6177732153976396 -0.18140217834294847 0.017217471578160826
v -1.6908913284703124 -0.13277317755998186 -0.05188224265678412
v -1.5614998652466037 -0.14217217438996843 -0.10398935467073224
v -1.5614998652466037 -0.14217217438996843 -0.10398935467073224
v -1.4808620671074706 -0.18892017179311327 -0.02539169535546574
v -1.6177732153976396 -0.18140217834294847 0.017217471578160826
v -1.2087219075146156 -0.18398417704881243 -0.10939272508258889
v -1.156917513914351 -0.2457481788951259 0.006936166011483941
v -1.2007323957098026 -0.1971581744510036 -0.025479703882967324
v -1.156917513914351 -0.2457481788951259 0.006936166011483941
v -1.1027797130403423 -0.1909451799947124 0.13642101313351734
v -1.1788414184059417 -0.1649601774770122 0.07751633955516685
v -1.7031354260902591 -0.13446917557300142 -0.05824325439776799
v -1.8046912277083673 -0.1321031766492229 0.0038863677425231597
v -1.7984661217153055 -0.09182517402947954 -0.0671312392257959
v -1.8046912277083673 -0.1321031766492229 0.0038863677425231597
v -1.8925517764837172 -0.1022501754123073 -0.013541922662635823
v -1.7984661217153055 -0.09182517402947954 -0.0671312392257959
v -0.48530702260187064 -0.27906017177880815 -0.0014289951562411907
v -0.3374628347168484 -0.18188516968072466 0.13964508828905378
v -0.48530702260187064 -0.22221617573083452 0.13999364256940972
v -0.3374628347168484 -0.18188516968072466 0.13964508828905378
v -0.48530702260187064 -0.27906017177880815 -0.0014289951562411907
v -0.3374628347168484 -0.24372717910588793 -0.0014289951562411907
v -1.8925517764837172 -0.06079617501379064 -0.05519345638240953
v -1.7984661217153055 -0.09182517402947954 -0.0671312392257959
v -1.8925517764837172 -0.1022501754123073 -0.013541922662635823
v -0.6945612418541275 -0.2135271745282512 -0.14938952352001736
v -0.5401868892536783 -0.20725117796243242 -0.15383177277309637
v -0.6512905924122865 -0.280953170593391 -0.01572034958459831
v -0.5401868892536783 -0.20725117796243242 -0.15383177277309637
v -0.48530702260187064 -0.27906017177880815 -0.0014289951562411907
v -0.6512905924122865 -0.280953170593391 -0.01572034958459831
v -0.6512905924122865 -0.280953170593391 -0.01572034958459831
v -0.48530702260187064 -0.22221617573083452 0.13999364256940972
v -0.8302273247151335 -0.22221617573083452 0.15550491831388155
v -1.8925517764837172 -0.1022501754123073 -0.013541922662635823
v -1.8419182147050546 -0.08868717574657015 0.04431710917436025
v -1.8925517764837172 -0.08246417516053728 0.04004739065441451
v -0.48530702260187064 -0.22221617573083452 0.13999364256940972
v -0.6512905924122865 -0.280953170593391 -0.01572034958459831
v -0.48530702260187064 -0.27906017177880815 -0.0014289951562411907
v -0.736017971839982 -0.2589181678849559 -0.015981762048755514
v -0.8302273247151335 -0.22221617573083452 0.15550491831388155
v -0.8970049392025214 -0.27212417298139147 -0.03689466504414904
v -1.0024936722421944 -0.1974991726237636 -0.011190091804017716
v -1.0352023119065157 -0.1329791712123256 -0.09292381450120932
v -0.9502110480989472 -0.16083017164052538 -0.15391978130059797
v -0.9502110480989472 -0.16083017164052538 -0.15391978130059797
v -0.8970049392025214 -0.27212417298139147 -0.03689466504414904
v -1.0024936722421944 -0.1974991726237636 -0.011190091804017716
v -0.9502110480989472 -0.16083017164052538 -0.15391978130059797
v -0.7824300224264098 -0.18919317596734575 -0.1502600262790556
v -0.8970049392025214 -0.27212417298139147 -0.03689466504414904
v -0.7824300224264098 -0.18919317596734575 -0.1502600262790556
v -0.736017971839982 -0.2589181678849559 -0.015981762048755514
v -0.8970049392025214 -0.27212417298139147 -0.03689466504414904
v -1.2087219075146156 -0.18398417704881243 -0.10939272508258889
v -1.062617488410302 -0.18251417749703935 -0.13997697384884983
v -1.156917513914351 -0.2457481788951259 0.006936166011483941
v -1.062617488410302 -0.18251417749703935 -0.13997697384884983
v -1.0064760927354663 -0.24899017983258775 -0.014761841544168229
v -1.156917513914351 -0.2457481788951259 0.006936166011483941
v -0.9536492853836647 -0.19540816717923692 0.11184835836269123
v -1.0024936722421944 -0.1974991726237636 -0.011190091804017716
v -0.8970049392025214 -0.27212417298139147 -0.03689466504414904
v -0.8970049392025214 -0.27212417298139147 -0.03689466504414904
v -0.8302273247151335 -0.22221617573083452 0.15550491831388155
v -0.9536492853836647 -0.19540816717923692 0.11184835836269123
v 0.3094286423840662 -0.28332317047895006 0.07699352111907193
v 0.32652089980929555 -0.28335318141759447 -0.08002665690609001
v 0.32652089980929555 -0.28335318141759447 0.077168661724443
v 0.32652089980929555 -0.28335318141759447 -0.08002665690609001
v 0.3094286423840662 -0.28332317047895006 0.07699352111907193
v 0.3094286423840662 -0.28332317047895006 -0.07994038829341363
v 0.3094286423840662 -0.28332317047895006 0.07699352111907193
v 0.26647129267622083 -0.24620416932881883 -0.07959184050527719
v 0.3094286423840662 -0.28332317047895006 -0.07994038829341363
v 0.26647129267622083 -0.24620416932881883 -0.07959184050527719
v 0.3094286423840662 -0.28332317047895006 0.07699352111907193
v 0.26647129267622083 -0.24620416932881883 0.07664497333093549
v -0.8302273247151335 -0.22221617573083452 0.15550491831388155
v -0.736017971839982 -0.2589181678849559 -0.015981762048755514
v -0.6512905924122865 -0.280953170593391 -0.01572034958459831
v -0.736017971839982 -0.2589181678849559 -0.015981762048755514
v -0.7824300224264098 -0.18919317596734575 -0.1502600262790556
v -0.6945612418541275 -0.2135271745282512 -0.14938952352001736
v -0.6945612418541275 -0.2135271745282512 -0.14938952352001736
v -0.6512905924122865 -0.280953170593391 -0.01572034958459831
v -0.736017971839982 -0.2589181678849559 -0.015981762048755514
v -1.156917513914351 -0.2457481788951259 0.006936166011483941
v -1.0064760927354663 -0.24899017983258775 -0.014761841544168229
v -1.1027797130403423 -0.1909451799947124 0.13642101313351734
v -1.0064760927354663 -0.24899017983258775 -0.014761841544168229
v -0.9536492853836647 -0.19540816717923692 0.11184835836269123
v -1.1027797130403423 -0.1909451799947124 0.13642101313351734
v -1.0064760927354663 -0.24899017983258775 -0.014761841544168229
v -0.8986292816037805 -0.12891517751992754 0.04780346350535673
v -0.9536492853836647 -0.19540816717923692 0.11184835836269123
v -0.8986292816037805 -0.12891517751992754 0.04780346350535673
v -1.0064760927354663 -0.24899017983258775 -0.014761841544168229
v -0.9260527144770272 -0.15892017060102037 -0.02312613148646914
v -1.4064824004392418 -0.17126716845811418 -0.10189893789932622
v -1.2406554804958239 -0.16176317804635576 -0.08969974583789239
v -1.3422772347795042 -0.22785017066777757 0.0006622952244509052
v -1.2406554804958239 -0.16176317804635576 -0.08969974583789239
v -1.2007323957098026 -0.1971581744510036 -0.025479703882967324
v -1.3422772347795042 -0.22785017066777757 0.0006622952244509052
v -1.3422772347795042 -0.22785017066777757 0.0006622952244509052
v -1.2007323957098026 -0.1971581744510036 -0.025479703882967324
v -1.2768187718936712 -0.18144317143739275 0.11507330347564025
v -1.2007323957098026 -0.1971581744510036 -0.025479703882967324
v -1.149266021806859 -0.15998517149270586 0.06610138164009488
v -1.2768187718936712 -0.18144317143739275 0.11507330347564025
v -1.0064760927354663 -0.24899017983258775 -0.014761841544168229
v -1.062617488410302 -0.18251417749703935 -0.13997697384884983
v -0.9591240938019951 -0.11751617663682512 -0.10102843514028798
v -0.9591240938019951 -0.11751617663682512 -0.10102843514028798
v -0.9260527144770272 -0.15892017060102037 -0.02312613148646914
v -1.0064760927354663 -0.24899017983258775 -0.014761841544168229
v -1.5442674461207695 -0.15064417743266634 0.10017198473735231
v -1.6177732153976396 -0.18140217834294847 0.017217471578160826
v -1.4808620671074706 -0.18892017179311327 -0.02539169535546574
v -1.5442674461207695 -0.15064417743266634 0.10017198473735231
v -1.4808620671074706 -0.18892017179311327 -0.02539169535546574
v -1.4316631478126987 -0.1682991700726848 0.03020089940901139
v -1.4316631478126987 -0.1682991700726848 0.03020089940901139
v -1.3723061419582439 -0.10396317565024904 0.10200186224812348
v -1.4673070742554297 -0.05102717490078024 0.14400193888686902
v -1.7105231075354626 -0.15302917533696703 0.054513019788367284
v -1.8046912277083673 -0.1321031766492229 0.0038863677425231597
v -1.7031354260902591 -0.13446917557300142 -0.05824325439776799
v -1.7105231075354626 -0.15302917533696703 0.054513019788367284
v -1.7031354260902591 -0.13446917557300142 -0.05824325439776799
v -1.6331257378293869 -0.12477517300427965 -0.021645671721247005
v -1.6241796666484967 -0.10110417180837206 0.08143838024438875
v -1.6331257378293869 -0.12477517300427965 -0.021645671721247005
v -1.5984959687687321 -0.10229017757953218 -0.009620753553881395
v -1.6331257378293869 -0.12477517300427965 -0.021645671721247005
v -1.6241796666484967 -0.10110417180837206 0.08143838024438875
v -1.7105231075354626 -0.15302917533696703 0.054513019788367284
v -1.4316631478126987 -0.1682991700726848 0.03020089940901139
v -1.4808620671074706 -0.18892017179311327 -0.02539169535546574
v -1.3993915551341694 -0.10135817700208238 -0.04412791296677685
v -1.4316631478126987 -0.1682991700726848 0.03020089940901139
v -1.3993915551341694 -0.10135817700208238 -0.04412791296677685
v -1.3725535381717238 -0.08899217271388582 -0.010405859280710729
v -1.5984959687687321 -0.10229017757953218 -0.009620753553881395
v -1.56169772324332 -0.05223617502630762 0.07002255237190418
v -1.6241796666484967 -0.10110417180837206 0.08143838024438875
v -1.7730627472367506 0.02694582394181677 -0.036370970158422035
v -1.7032013787558313 0.005960824106325591 -0.10233462425755163
v -1.7419949135675532 -0.0689501742380958 -0.04735024496137833
v 0.02339537195173652 -0.07615117528618387 -0.14154631209898616
v -0.1681399781210355 -0.12240317636312059 -0.14660027125751326
v -0.15027269087148526 -0.003601174663315332 -0.16672893036821568
v -0.1681399781210355 -0.12240317636312059 -0.14660027125751326
v -0.3374628347168484 0.009237824146141493 -0.19958049590273744
v -0.15027269087148526 -0.003601174663315332 -0.16672893036821568
v -0.3374628347168484 0.009237824146141493 -0.19958049590273744
v -0.1681399781210355 -0.12240317636312059 -0.14660027125751326
v -0.3374628347168484 -0.1742241697865825 -0.14503180296478954
v -0.3374628347168484 -0.1742241697865825 -0.14503180296478954
v -0.48530702260187064 -0.011754173647175348 -0.20899042271722815
v -0.3374628347168484 0.009237824146141493 -0.19958049590273744
v -0.1681399781210355 -0.12240317636312059 -0.14660027125751326
v 0.02339537195173652 -0.07615117528618387 -0.14154631209898616
v 0.006863810473982823 -0.15129417353452257 -0.12821347463786092
v 0.02339537195173652 -0.07615117528618387 -0.14154631209898616
v 0.1497855957314635 -0.18370717936338 -0.11305248010413123
v 0.006863810473982823 -0.15129417353452257 -0.12821347463786092
v 0.1497855957314635 -0.18370717936338 -0.11305248010413123
v 0.02339537195173652 -0.07615117528618387 -0.14154631209898616
v 0.1663996226137105 -0.1432531716781955 -0.12080768299766084
v 0.1663996226137105 -0.1432531716781955 -0.12080768299766084
v 0.27213575186686334 -0.23807417028726152 -0.10355454476213892
v 0.1497855957314635 -0.18370717936338 -0.11305248010413123
v 0.27213575186686334 -0.23807417028726152 -0.10355454476213892
v 0.1663996226137105 -0.1432531716781955 -0.12080768299766084
v 0.2852455396537644 -0.21943317526162676 -0.10782425678986517
v -0.48530702260187064 -0.011754173647175348 -0.20899042271722815
v -0.3374628347168484 -0.1742241697865825 -0.14503180296478954
v -0.48530702260187064 -0.20725117796243242 -0.15383177277309637
v -0.5401868892536783 -0.20725117796243242 -0.15383177277309637
v -0.48530702260187064 -0.011754173647175348 -0.20899042271722815
v -0.48530702260187064 -0.20725117796243242 -0.15383177277309637
v -0.48530702260187064 -0.011754173647175348 -0.20899042271722815
v -0.5401868892536783 -0.20725117796243242 -0.15383177277309637
v -0.5638505287387512 -0.024408174540410554 -0.20899042271722815
v 0.27213575186686334 -0.23807417028726152 -0.10355454476213892
v 0.2852455396537644 -0.21943317526162676 -0.10782425678986517
v 0.3214501128989148 -0.26612118058980516 -0.10808480254271952
v 0.3130400177021746 -0.2780951725798946 -0.10390308605805586
v 0.27213575186686334 -0.23807417028726152 -0.10355454476213892
v 0.3214501128989148 -0.26612118058980516 -0.10808480254271952
v 0.3130400177021746 -0.2780951725798946 -0.10390308605805586
v 0.3214501128989148 -0.26612118058980516 -0.10808480254271952
v 0.33122889791397336 -0.2765541689950328 -0.10503500452736106
v 0.3214501128989148 -0.26612118058980516 -0.10808480254271952
v 0.32977774269116156 -0.2543741779881816 -0.10285831914327864
v 0.33122889791397336 -0.2765541689950328 -0.10503500452736106
v 0.3214501128989148 -0.26612118058980516 -0.10808480254271952
v 0.2852455396537644 -0.21943317526162676 -0.10782425678986517
v 0.32977774269116156 -0.2543741779881816 -0.10285831914327864
v 0.2981904949217915 -0.20113717191995195 -0.1025951635181865
v 0.32977774269116156 -0.2543741779881816 -0.10285831914327864
v 0.2852455396537644 -0.21943317526162676 -0.10782425678986517
v 0.303055118320939 -0.1943771707373958 -0.09405572647829501
v 0.33292740020520883 -0.250042172010551 -0.09431888210338717
v 0.2981904949217915 -0.20113717191995195 -0.1025951635181865
v 0.2852455396537644 -0.21943317526162676 -0.10782425678986517
v 0.18284051146256658 -0.10350417518199495 -0.11130887769825594
v 0.2981904949217915 -0.20113717191995195 -0.1025951635181865
v 0.2981904949217915 -0.20113717191995195 -0.1025951635181865
v 0.18284051146256658 -0.10350417518199495 -0.11130887769825594
v 0.303055118320939 -0.1943771707373958 -0.09405572647829501
v 0.18284051146256658 -0.10350417518199495 -0.11130887769825594
v 0.2852455396537644 -0.21943317526162676 -0.10782425678986517
v 0.1663996226137105 -0.1432531716781955 -0.12080768299766084
v 0.18905736108616777 -0.08877017521441988 -0.09405572647829501
v 0.303055118320939 -0.1943771707373958 -0.09405572647829501
v 0.18284051146256658 -0.10350417518199495 -0.11130887769825594
v 0.1663996226137105 -0.1432531716781955 -0.12080768299766084
v 0.02339537195173652 -0.07615117528618387 -0.14154631209898616
v 0.18284051146256658 -0.10350417518199495 -0.11130887769825594
v 0.18284051146256658 -0.10350417518199495 -0.11130887769825594
v 0.02339537195173652 -0.07615117528618387 -0.14154631209898616
v 0.03983623622806448 -0.0022671742844682097 -0.12507740800982609
v -0.15027269087148526 -0.003601174663315332 -0.16672893036821568
v 0.03983623622806448 -0.0022671742844682097 -0.12507740800982609
v 0.02339537195173652 -0.07615117528618387 -0.14154631209898616
v 0.03983623622806448 -0.0022671742844682097 -0.12507740800982609
v -0.15027269087148526 -0.003601174663315332 -0.16672893036821568
v -0.13245486812111412 0.11953782862841078 -0.14224253771784642
v -0.3374628347168484 0.009237824146141493 -0.19958049590273744
v -0.13245486812111412 0.11953782862841078 -0.14224253771784642
v -0.15027269087148526 -0.003601174663315332 -0.16672893036821568
v -0.13245486812111412 0.11953782862841078 -0.14224253771784642
v -0.3374628347168484 0.009237824146141493 -0.19958049590273744
v -0.3374628347168484 0.1603778285425801 -0.13649236592489805
v -1.7419949135675532 -0.0689501742380958 -0.04735024496137833
v -1.6437124675702321 -0.05065517486215643 -0.12873716303136845
v -1.6908913284703124 -0.13277317755998186 -0.05188224265678412
v -1.6437124675702321 -0.05065517486215643 -0.12873716303136845
v -1.7419949135675532 -0.0689501742380958 -0.04735024496137833
v -1.7032013787558313 0.005960824106325591 -0.10233462425755163
v -1.9481242198416164 -0.019421174052665746 -0.021296253975697964
v -1.8925517764837172 -0.06079617501379064 -0.05519345638240953
v -1.9481242198416164 -0.04940917515338472 -0.0261759295018276
v -1.8925517764837172 -0.06079617501379064 -0.05519345638240953
v -1.9481242198416164 -0.019421174052665746 -0.021296253975697964
v -1.8925517764837172 0.004490824554552519 -0.044562729367589676
v -1.6437124675702321 -0.05065517486215643 -0.12873716303136845
v -1.5614998652466037 -0.14217217438996843 -0.10398935467073224
v -1.6908913284703124 -0.13277317755998186 -0.05188224265678412
v -1.4422994157703075 -0.09905217760385088 -0.1361429416871295
v -1.5121360151428451 0.0016248246174950243 -0.1115702804240839
v -1.3957307398894099 0.09111382639824339 -0.10834795816781166
v -1.4422994157703075 -0.09905217760385088 -0.1361429416871295
v -1.3957307398894099 0.09111382639824339 -0.10834795816781166
v -1.3257703932650762 -0.02430317443938068 -0.15731900355372494
v -1.2571540656407916 -0.058856174211512124 -0.14834213374856334
v -1.315571123148203 0.08071082657991835 -0.07619262474436969
v -1.181298474641369 0.10935282534777113 -0.12978281288799726
v -1.181298474641369 0.10935282534777113 -0.12978281288799726
v -1.1212489166533506 -0.03299017446258179 -0.18764183660971895
v -1.2571540656407916 -0.058856174211512124 -0.14834213374856334
v -1.7984661217153055 -0.09182517402947954 -0.0671312392257959
v -1.8013849448998505 -0.002065174143324411 -0.06669642282498309
v -1.7160226359171185 -0.016229174892912424 -0.08621426146430851
v -1.7984661217153055 -0.09182517402947954 -0.0671312392257959
v -1.8925517764837172 -0.06079617501379064 -0.05519345638240953
v -1.8013849448998505 -0.002065174143324411 -0.06669642282498309
v -1.0817132914913017 0.026915824179043257 -0.08621426146430851
v -1.001157958756662 -0.00440817498744539 -0.1733522277768791
v -1.0626916974453344 -0.03740217429728321 -0.11165828895158549
v -1.001157958756662 -0.00440817498744539 -0.1733522277768791
v -1.0817132914913017 0.026915824179043257 -0.08621426146430851
v -1.0504228798620625 0.11530782109915205 -0.09484083058206948
v -1.8925517764837172 0.004490824554552519 -0.044562729367589676
v -1.8013849448998505 -0.002065174143324411 -0.06669642282498309
v -1.8925517764837172 -0.06079617501379064 -0.05519345638240953
v -1.2571540656407916 -0.058856174211512124 -0.14834213374856334
v -1.1212489166533506 -0.03299017446258179 -0.18764183660971895
v -1.2087219075146156 -0.18398417704881243 -0.10939272508258889
v -1.1212489166533506 -0.03299017446258179 -0.18764183660971895
v -1.062617488410302 -0.18251417749703935 -0.13997697384884983
v -1.2087219075146156 -0.18398417704881243 -0.10939272508258889
v -1.0504228798620625 0.11530782109915205 -0.09484083058206948
v -0.8832437828392472 0.13390782303034254 -0.13989070523617345
v -1.001157958756662 -0.00440817498744539 -0.1733522277768791
v -0.8832437828392472 0.13390782303034254 -0.13989070523617345
v -0.8316207344967775 -0.02671817443476132 -0.20350078369269514
v -1.001157958756662 -0.00440817498744539 -0.1733522277768791
v -1.0352023119065157 -0.1329791712123256 -0.09292381450120932
v -1.0626916974453344 -0.03740217429728321 -0.11165828895158549
v -1.001157958756662 -0.00440817498744539 -0.1733522277768791
v -1.001157958756662 -0.00440817498744539 -0.1733522277768791
v -0.9502110480989472 -0.16083017164052538 -0.15391978130059797
v -1.0352023119065157 -0.1329791712123256 -0.09292381450120932
v -0.7920933657041891 0.14800782329260298 -0.12185333285428968
v -0.6274537903212944 0.15134782916723677 -0.14503180296478954
v -0.7436942330558556 -0.03363917439852915 -0.20568009193345435
v -0.6274537903212944 0.15134782916723677 -0.14503180296478954
v -0.5638505287387512 -0.024408174540410554 -0.20899042271722815
v -0.7436942330558556 -0.03363917439852915 -0.20568009193345435
v -0.7436942330558556 -0.03363917439852915 -0.20568009193345435
v -0.5638505287387512 -0.024408174540410554 -0.20899042271722815
v -0.6945612418541275 -0.2135271745282512 -0.14938952352001736
v -0.5638505287387512 -0.024408174540410554 -0.20899042271722815
v -0.5401868892536783 -0.20725117796243242 -0.15383177277309637
v -0.6945612418541275 -0.2135271745282512 -0.14938952352001736
v -0.8316207344967775 -0.02671817443476132 -0.20350078369269514
v -0.8832437828392472 0.13390782303034254 -0.13989070523617345
v -0.7838894340186822 0.08491082317053267 -0.08342587266699751
v -0.7838894340186822 0.08491082317053267 -0.08342587266699751
v -0.7522856735103909 -0.01887617432654909 -0.1244674510036422
v -0.8316207344967775 -0.02671817443476132 -0.20350078369269514
v -0.48530702260187064 0.15134782916723677 -0.14503180296478954
v -0.5638505287387512 -0.024408174540410554 -0.20899042271722815
v -0.6274537903212944 0.15134782916723677 -0.14503180296478954
v -0.3374628347168484 0.009237824146141493 -0.19958049590273744
v -0.48530702260187064 0.15134782916723677 -0.14503180296478954
v -0.3374628347168484 0.1603778285425801 -0.13649236592489805
v -0.5638505287387512 -0.024408174540410554 -0.20899042271722815
v -0.48530702260187064 0.15134782916723677 -0.14503180296478954
v -0.48530702260187064 -0.011754173647175348 -0.20899042271722815
v -0.48530702260187064 0.15134782916723677 -0.14503180296478954
v -0.3374628347168484 0.009237824146141493 -0.19958049590273744
v -0.48530702260187064 -0.011754173647175348 -0.20899042271722815
v -1.001157958756662 -0.00440817498744539 -0.1733522277768791
v -0.8316207344967775 -0.02671817443476132 -0.20350078369269514
v -0.9502110480989472 -0.16083017164052538 -0.15391978130059797
v -0.8316207344967775 -0.02671817443476132 -0.20350078369269514
v -0.7824300224264098 -0.18919317596734575 -0.1502600262790556
v -0.9502110480989472 -0.16083017164052538 -0.15391978130059797
v -0.8316207344967775 -0.02671817443476132 -0.20350078369269514
v -0.724697358973214 -0.11652917587340883 -0.092489004592616
v -0.7824300224264098 -0.18919317596734575 -0.1502600262790556
v -0.724697358973214 -0.11652917587340883 -0.092489004592616
v -0.8316207344967775 -0.02671817443476132 -0.20350078369269514
v -0.7522856735103909 -0.01887617432654909 -0.1244674510036422
v -1.6437124675702321 -0.05065517486215643 -0.12873716303136845
v -1.7032013787558313 0.005960824106325591 -0.10233462425755163
v -1.59365606533291 0.07874682373224684 -0.0755826612459663
v -1.59365606533291 0.07874682373224684 -0.0755826612459663
v -1.5121360151428451 0.0016248246174950243 -0.1115702804240839
v -1.6437124675702321 -0.05065517486215643 -0.12873716303136845
v -0.7824300224264098 -0.18919317596734575 -0.1502600262790556
v -0.8342921614678425 -0.015986174206743753 -0.14302677186420829
v -0.7436942330558556 -0.03363917439852915 -0.20568009193345435
v -0.7436942330558556 -0.03363917439852915 -0.20568009193345435
v -0.6945612418541275 -0.2135271745282512 -0.14938952352001736
v -0.7824300224264098 -0.18919317596734575 -0.1502600262790556
v -0.7920933657041891 0.14800782329260298 -0.12185333285428968
v -0.7436942330558556 -0.03363917439852915 -0.20568009193345435
v -0.8342921614678425 -0.015986174206743753 -0.14302677186420829
v -0.7920933657041891 0.14800782329260298 -0.12185333285428968
v -0.8342921614678425 -0.015986174206743753 -0.14302677186420829
v -0.8605448116645432 0.0695788247030873 -0.08978600795834928
v -1.181298474641369 0.10935282534777113 -0.12978281288799726
v -1.0434392199248088 0.095958827201714 -0.08943920657725753
v -1.1212489166533506 -0.03299017446258179 -0.18764183660971895
v -1.0434392199248088 0.095958827201714 -0.08943920657725753
v -0.9982062083843873 -0.01394317471564821 -0.1340525249157235
v -1.1212489166533506 -0.03299017446258179 -0.18764183660971895
v -1.4422994157703075 -0.09905217760385088 -0.1361429416871295
v -1.3257703932650762 -0.02430317443938068 -0.15731900355372494
v -1.4064824004392418 -0.17126716845811418 -0.10189893789932622
v -1.3257703932650762 -0.02430317443938068 -0.15731900355372494
v -1.2406554804958239 -0.16176317804635576 -0.08969974583789239
v -1.4064824004392418 -0.17126716845811418 -0.10189893789932622
v 0.26647129267622083 -0.24620416932881883 0.07664497333093549
v 0.33292740020520883 -0.250042172010551 0.09145827704950237
v 0.3094286423840662 -0.28332317047895006 0.07699352111907193
v 0.33292740020520883 -0.250042172010551 0.09145827704950237
v 0.26647129267622083 -0.24620416932881883 0.07664497333093549
v 0.303055118320939 -0.1943771707373958 0.0911968678314549
v 0.33292740020520883 -0.250042172010551 0.09145827704950237
v 0.32652089980929555 -0.28335318141759447 0.077168661724443
v 0.3094286423840662 -0.28332317047895006 0.07699352111907193
v 0.32652089980929555 -0.28335318141759447 0.077168661724443
v 0.33292740020520883 -0.250042172010551 0.09145827704950237
v 0.33581319791191133 -0.2702031748849254 0.07708065319694142
v -1.062617488410302 -0.18251417749703935 -0.13997697384884983
v -1.1212489166533506 -0.03299017446258179 -0.18764183660971895
v -0.9982062083843873 -0.01394317471564821 -0.1340525249157235
v -1.062617488410302 -0.18251417749703935 -0.13997697384884983
v -0.9982062083843873 -0.01394317471564821 -0.1340525249157235
v -0.9591240938019951 -0.11751617663682512 -0.10102843514028798
v -1.7031354260902591 -0.13446917557300142 -0.05824325439776799
v -1.7160226359171185 -0.016229174892912424 -0.08621426146430851
v -1.6677719213388504 -0.0317971744588863 -0.06739264844384336
v -1.7160226359171185 -0.016229174892912424 -0.08621426146430851
v -1.7031354260902591 -0.13446917557300142 -0.05824325439776799
v -1.7984661217153055 -0.09182517402947954 -0.0671312392257959
v -1.5614998652466037 -0.14217217438996843 -0.10398935467073224
v -1.6437124675702321 -0.05065517486215643 -0.12873716303136845
v -1.5121360151428451 0.0016248246174950243 -0.1115702804240839
v -1.5614998652466037 -0.14217217438996843 -0.10398935467073224
v -1.5121360151428451 0.0016248246174950243 -0.1115702804240839
v -1.4459603293051793 -0.07310017370761446 -0.09144161482116198
v -1.3957307398894099 0.09111382639824339 -0.10834795816781166
v -1.268796234611016 0.07464082366644331 -0.057458150293993523
v -1.3257703932650762 -0.02430317443938068 -0.15731900355372494
v -1.268796234611016 0.07464082366644331 -0.057458150293993523
v -1.2230356017460178 -0.0034991743522982954 -0.09065912058962532
v -1.3257703932650762 -0.02430317443938068 -0.15731900355372494
v -1.2007323957098026 -0.1971581744510036 -0.025479703882967324
v -1.2406554804958239 -0.16176317804635576 -0.08969974583789239
v -1.176730638237296 -0.142795177038322 -0.04639260687836085
v -1.2406554804958239 -0.16176317804635576 -0.08969974583789239
v -1.3257703932650762 -0.02430317443938068 -0.15731900355372494
v -1.2230356017460178 -0.0034991743522982954 -0.09065912058962532
v -1.2230356017460178 -0.0034991743522982954 -0.09065912058962532
v -1.176730638237296 -0.142795177038322 -0.04639260687836085
v -1.2406554804958239 -0.16176317804635576 -0.08969974583789239
v -1.4808620671074706 -0.18892017179311327 -0.02539169535546574
v -1.4459603293051793 -0.07310017370761446 -0.09144161482116198
v -1.3993915551341694 -0.10135817700208238 -0.04412791296677685
v -1.4808620671074706 -0.18892017179311327 -0.02539169535546574
v -1.5614998652466037 -0.14217217438996843 -0.10398935467073224
v -1.4459603293051793 -0.07310017370761446 -0.09144161482116198
v -1.660070891014595 -0.030611174508492267 -0.060857366054901024
v -1.6331257378293869 -0.12477517300427965 -0.021645671721247005
v -1.6677719213388504 -0.0317971744588863 -0.06739264844384336
v -1.6677719213388504 -0.0317971744588863 -0.06739264844384336
v -1.6331257378293869 -0.12477517300427965 -0.021645671721247005
v -1.7031354260902591 -0.13446917557300142 -0.05824325439776799
v 0.2956674368757356 0.2202678305548329 -0.001167583503611425
v 0.2733477672456558 0.28452783650576063 -0.04796020521367197
v 0.2733477672456558 0.28452783650576063 -0.001167583503611425
v 0.2733477672456558 0.28452783650576063 0.045711300326906006
v 0.2956674368757356 0.2202678305548329 -0.001167583503611425
v 0.2733477672456558 0.28452783650576063 -0.001167583503611425
v 0.2733477672456558 0.28452783650576063 -0.04796020521367197
v 0.2956674368757356 0.2202678305548329 -0.001167583503611425
v 0.2956674368757356 0.2202678305548329 -0.0683511532381637
v 0.2956674368757356 0.2202678305548329 -0.001167583503611425
v 0.2733477672456558 0.28452783650576063 0.045711300326906006
v 0.2956674368757356 0.2202678305548329 0.06610138164009488
v 0.2382315604176144 0.01467182687341162 -0.001167583503611425
v 0.2111874290889918 0.01080282605110594 -0.09449141283652043
v 0.23215487249461797 0.036238825086941207 -0.001167583503611425
v 0.2111874290889918 0.01080282605110594 0.09224251119586421
v 0.2382315604176144 0.01467182687341162 -0.001167583503611425
v 0.23215487249461797 0.036238825086941207 -0.001167583503611425
v 0.2111874290889918 0.01080282605110594 -0.09449141283652043
v 0.2382315604176144 0.01467182687341162 -0.001167583503611425
v 0.2382315604176144 -0.0851961726802688 -0.09449141283652043
v 0.2382315604176144 0.01467182687341162 -0.001167583503611425
v 0.2111874290889918 0.01080282605110594 0.09224251119586421
v 0.2382315604176144 -0.0851961726802688 0.09224251119586421
v 0.2111874290889918 0.07641482925831267 -0.09449141283652043
v 0.2382315604176144 0.07254682308851668 -0.001167583503611425
v 0.23215487249461797 0.05097982860027739 -0.001167583503611425
v 0.2382315604176144 0.07254682308851668 -0.001167583503611425
v 0.2111874290889918 0.07641482925831267 0.09224251119586421
v 0.23215487249461797 0.05097982860027739 -0.001167583503611425
v 0.2382315604176144 0.07254682308851668 -0.001167583503611425
v 0.2111874290889918 0.07641482925831267 -0.09449141283652043
v 0.2382315604176144 0.17241783267675825 -0.08246649142304507
v 0.2111874290889918 0.07641482925831267 0.09224251119586421
v 0.2382315604176144 0.07254682308851668 -0.001167583503611425
v 0.2382315604176144 0.17241783267675825 0.08021845973980146
v 0.20232387245765115 0.3262578231733937 -0.0289651882565512
v 0.20027078858511704 0.3196178359430928 -0.0011684550840788998
v 0.23528806641480038 0.32686781710802504 -0.02539169535546574
v 0.23528806641480038 0.32686781710802504 -0.02539169535546574
v 0.20027078858511704 0.3196178359430928 -0.0011684550840788998
v 0.2420078665447094 0.3196178359430928 -0.0011684550840788998
v 0.20027078858511704 0.3196178359430928 -0.0011684550840788998
v 0.23528806641480038 0.32686781710802504 0.023142793714809522
v 0.2420078665447094 0.3196178359430928 -0.0011684550840788998
v 0.23528806641480038 0.32686781710802504 0.023142793714809522
v 0.20027078858511704 0.3196178359430928 -0.0011684550840788998
v 0.20232387245765115 0.3262578231733937 0.02671541503542751
v 0.053943742375704984 0.17814782089411207 -0.09449141283652043
v 0.053943742375704984 0.23291781372248122 -0.001167583503611425
v 0.15246527907198903 0.25483783907114455 -0.001167583503611425
v 0.15246527907198903 0.25483783907114455 -0.001167583503611425
v 0.15246527907198903 0.2202678305548329 -0.09449141283652043
v 0.053943742375704984 0.17814782089411207 -0.09449141283652043
v 0.053943742375704984 0.17814782089411207 -0.09449141283652043
v -0.126081356344251 0.1613178235930104 -0.09449141283652043
v 0.053943742375704984 0.23291781372248122 -0.001167583503611425
v -0.3379822826042473 0.22216781801401564 -0.001167583503611425
v 0.053943742375704984 0.23291781372248122 -0.001167583503611425
v -0.126081356344251 0.1613178235930104 -0.09449141283652043
v 0.053943742375704984 0.23291781372248122 -0.001167583503611425
v -0.3379822826042473 0.22216781801401564 -0.001167583503611425
v -0.126081356344251 0.1613178235930104 0.09224251119586421
v 0.053943742375704984 0.23291781372248122 -0.001167583503611425
v -0.126081356344251 0.1613178235930104 0.09224251119586421
v 0.053943742375704984 0.17814782089411207 0.09224251119586421
v 0.053943742375704984 0.17814782089411207 0.09224251119586421
v 0.15246527907198903 0.25483783907114455 -0.001167583503611425
v 0.053943742375704984 0.23291781372248122 -0.001167583503611425
v 0.15246527907198903 0.25483783907114455 -0.001167583503611425
v 0.053943742375704984 0.17814782089411207 0.09224251119586421
v 0.15246527907198903 0.2202678305548329 0.09224251119586421
v 0.18909859378841443 0.28452783650576063 -0.0683511532381637
v 0.15246527907198903 0.25483783907114455 -0.001167583503611425
v 0.18909859378841443 0.28452783650576063 -0.001167583503611425
v 0.18909859378841443 0.28452783650576063 -0.001167583503611425
v 0.15246527907198903 0.25483783907114455 -0.001167583503611425
v 0.18909859378841443 0.28452783650576063 0.06610138164009488
v 0.2420078665447094 0.3196178359430928 -0.0374183566837663
v 0.2733477672456558 0.28452783650576063 -0.001167583503611425
v 0.2733477672456558 0.28452783650576063 -0.04796020521367197
v 0.23528806641480038 0.32686781710802504 -0.02539169535546574
v 0.2420078665447094 0.3196178359430928 -0.0374183566837663
v 0.2231181778298864 0.3399878127020497 -0.03567474453956176
v 0.2420078665447094 0.3196178359430928 -0.0374183566837663
v 0.23528806641480038 0.32686781710802504 -0.02539169535546574
v 0.2420078665447094 0.3196178359430928 -0.0011684550840788998
v 0.2733477672456558 0.28452783650576063 -0.001167583503611425
v 0.2420078665447094 0.3196178359430928 -0.0374183566837663
v 0.2420078665447094 0.3196178359430928 -0.0011684550840788998
v 0.2420078665447094 0.3196178359430928 0.03516771188217513
v 0.2733477672456558 0.28452783650576063 -0.001167583503611425
v 0.2420078665447094 0.3196178359430928 -0.0011684550840788998
v 0.2420078665447094 0.3196178359430928 0.03516771188217513
v 0.2420078665447094 0.3196178359430928 -0.0011684550840788998
v 0.23528806641480038 0.32686781710802504 0.023142793714809522
v 0.23528806641480038 0.32686781710802504 0.023142793714809522
v 0.2231181778298864 0.3399878127020497 0.033424971318438065
v 0.2420078665447094 0.3196178359430928 0.03516771188217513
v 0.2733477672456558 0.28452783650576063 -0.001167583503611425
v 0.2420078665447094 0.3196178359430928 0.03516771188217513
v 0.2733477672456558 0.28452783650576063 0.045711300326906006
v 0.26209310704445987 0.0436088276547093 -0.001167583503611425
v 0.344437663844289 0.0436088276547093 -0.0795047019351882
v 0.2652839972607538 0.01080282605110594 -0.09370891860498377
v 0.2652839972607538 0.01080282605110594 -0.09370891860498377
v 0.24430829748566707 0.036238825086941207 -0.001167583503611425
v 0.26209310704445987 0.0436088276547093 -0.001167583503611425
v 0.24430829748566707 0.036238825086941207 -0.001167583503611425
v 0.2652839972607538 0.01080282605110594 0.09145827704950237
v 0.26209310704445987 0.0436088276547093 -0.001167583503611425
v 0.344437663844289 0.0436088276547093 0.077168661724443
v 0.26209310704445987 0.0436088276547093 -0.001167583503611425
v 0.2652839972607538 0.01080282605110594 0.09145827704950237
v 0.21437006293582517 0.0436088276547093 -0.001167583503611425
v 0.2111874290889918 0.01080282605110594 -0.09449141283652043
v 0.13203376250545668 0.0436088276547093 -0.09449141283652043
v 0.2111874290889918 0.01080282605110594 -0.09449141283652043
v 0.21437006293582517 0.0436088276547093 -0.001167583503611425
v 0.23215487249461797 0.036238825086941207 -0.001167583503611425
v 0.21437006293582517 0.0436088276547093 -0.001167583503611425
v 0.2111874290889918 0.01080282605110594 0.09224251119586421
v 0.23215487249461797 0.036238825086941207 -0.001167583503611425
v 0.2111874290889918 0.01080282605110594 0.09224251119586421
v 0.21437006293582517 0.0436088276547093 -0.001167583503611425
v 0.13203376250545668 0.0436088276547093 0.09224251119586421
v 0.20232387245765115 0.3262578231733937 -0.0289651882565512
v 0.2231181778298864 0.3399878127020497 -0.03567474453956176
v 0.20657835998267216 0.3399878127020497 -0.039683050595350294
v 0.2231181778298864 0.3399878127020497 -0.03567474453956176
v 0.20232387245765115 0.3262578231733937 -0.0289651882565512
v 0.23528806641480038 0.32686781710802504 -0.02539169535546574
v 0.3935459105101634 -0.21853918009580187 0.06165739247219067
v 0.3041682047013734 -0.24060517721952013 0.07838858222903029
v 0.3045062735437508 -0.2649311738568645 0.06165739247219067
v 0.3041682047013734 -0.24060517721952013 0.07838858222903029
v 0.29250131576782357 -0.254766167934547 0.07838858222903029
v 0.3045062735437508 -0.2649311738568645 0.06165739247219067
v 0.2733477672456558 0.28452783650576063 0.045711300326906006
v 0.2420078665447094 0.3196178359430928 0.03516771188217513
v 0.23122318051703517 0.28452783650576063 0.05590634098350044
v 0.2733477672456558 0.28452783650576063 0.045711300326906006
v 0.22406638254639044 0.2202678305548329 0.07917194641797955
v 0.2956674368757356 0.2202678305548329 0.06610138164009488
v 0.22406638254639044 0.2202678305548329 0.07917194641797955
v 0.2733477672456558 0.28452783650576063 0.045711300326906006
v 0.23122318051703517 0.28452783650576063 0.05590634098350044
v 0.18909859378841443 0.28452783650576063 0.06610138164009488
v 0.22406638254639044 0.2202678305548329 0.07917194641797955
v 0.23122318051703517 0.28452783650576063 0.05590634098350044
v 0.22406638254639044 0.2202678305548329 0.07917194641797955
v 0.18909859378841443 0.28452783650576063 0.06610138164009488
v 0.15246527907198903 0.2202678305548329 0.09224251119586421
v 0.23122318051703517 0.28452783650576063 0.05590634098350044
v 0.20027078858511704 0.3196178359430928 0.04527561721479033
v 0.18909859378841443 0.28452783650576063 0.06610138164009488
v 0.23122318051703517 0.28452783650576063 0.05590634098350044
v 0.2420078665447094 0.3196178359430928 0.03516771188217513
v 0.2211393521374414 0.3196178359430928 0.04022166454848273
v 0.20027078858511704 0.3196178359430928 0.04527561721479033
v 0.23122318051703517 0.28452783650576063 0.05590634098350044
v 0.2211393521374414 0.3196178359430928 0.04022166454848273
v 0.2420078665447094 0.3196178359430928 0.03516771188217513
v 0.2231181778298864 0.3399878127020497 0.033424971318438065
v 0.2211393521374414 0.3196178359430928 0.04022166454848273
v 0.20027078858511704 0.3196178359430928 0.04527561721479033
v 0.2211393521374414 0.3196178359430928 0.04022166454848273
v 0.20657835998267216 0.3399878127020497 0.037434148954694074
v 0.2211393521374414 0.3196178359430928 0.04022166454848273
v 0.2231181778298864 0.3399878127020497 0.033424971318438065
v 0.20657835998267216 0.3399878127020497 0.037434148954694074
v 0.49142433499953486 -0.16104416721643022 0.09224251119586421
v 0.3935459105101634 -0.19948017769635729 0.07995618056434141
v 0.4834017977168794 -0.19462317400754503 0.08265830074897602
v 0.3935459105101634 -0.19948017769635729 0.07995618056434141
v 0.49142433499953486 -0.16104416721643022 0.09224251119586421
v 0.3935459105101634 -0.11997617208541445 0.09224251119586421
v 0.30050738945661404 -0.045240174840698755 0.09224251119586421
v 0.3041682047013734 -0.24060517721952013 0.07838858222903029
v 0.3935459105101634 -0.11997617208541445 0.09224251119586421
v 0.3935459105101634 -0.11997617208541445 0.09224251119586421
v 0.3041682047013734 -0.24060517721952013 0.07838858222903029
v 0.3935459105101634 -0.19948017769635729 0.07995618056434141
v 0.4834017977168794 -0.19462317400754503 0.08265830074897602
v 0.6197604081389209 -0.22820717268765978 0.09224251119586421
v 0.5688877065162389 -0.1827671694117885 0.09224251119586421
v 0.4834017977168794 -0.19462317400754503 0.08265830074897602
v 0.5688877065162389 -0.1827671694117885 0.09224251119586421
v 0.49142433499953486 -0.16104416721643022 0.09224251119586421
v 0.2382315604176144 -0.0851961726802688 0.09224251119586421
v 0.30050738945661404 -0.045240174840698755 0.09224251119586421
v 0.2652839972607538 0.01080282605110594 0.09145827704950237
v 0.30050738945661404 -0.045240174840698755 0.09224251119586421
v 0.2382315604176144 -0.0851961726802688 0.09224251119586421
v 0.3041682047013734 -0.24060517721952013 0.07838858222903029
v 0.053943742375704984 0.17814782089411207 0.09224251119586421
v 0.053943742375704984 -0.13616617196382097 0.09224251119586421
v 0.13203376250545668 0.0436088276547093 0.09224251119586421
v 0.13203376250545668 0.0436088276547093 0.09224251119586421
v 0.15246527907198903 0.2202678305548329 0.09224251119586421
v 0.053943742375704984 0.17814782089411207 0.09224251119586421
v 0.053943742375704984 -0.13616617196382097 0.09224251119586421
v 0.15246527907198903 -0.13616617196382097 0.09224251119586421
v 0.13203376250545668 0.0436088276547093 0.09224251119586421
v -0.126081356344251 0.1613178235930104 0.09224251119586421
v 0.053943742375704984 -0.13616617196382097 0.09224251119586421
v 0.053943742375704984 0.17814782089411207 0.09224251119586421
v 0.053943742375704984 -0.13616617196382097 0.09224251119586421
v -0.126081356344251 0.1613178235930104 0.09224251119586421
v -0.16062862314162032 -0.13616617196382097 0.09224251119586421
v 0.13203376250545668 0.0436088276547093 0.09224251119586421
v 0.2111874290889918 0.07641482925831267 0.09224251119586421
v 0.15246527907198903 0.2202678305548329 0.09224251119586421
v 0.2111874290889918 0.01080282605110594 0.09224251119586421
v 0.15246527907198903 -0.13616617196382097 0.09224251119586421
v 0.2382315604176144 -0.0851961726802688 0.09224251119586421
v 0.15246527907198903 -0.13616617196382097 0.09224251119586421
v 0.2111874290889918 0.01080282605110594 0.09224251119586421
v 0.13203376250545668 0.0436088276547093 0.09224251119586421
v 0.15246527907198903 -0.13616617196382097 0.09224251119586421
v 0.29250131576782357 -0.254766167934547 0.07838858222903029
v 0.2382315604176144 -0.0851961726802688 0.09224251119586421
v 0.2382315604176144 -0.0851961726802688 0.09224251119586421
v 0.29250131576782357 -0.254766167934547 0.07838858222903029
v 0.3041682047013734 -0.24060517721952013 0.07838858222903029
v 0.5688877065162389 -0.1827671694117885 0.09224251119586421
v 0.6197604081389209 0.003675824169506514 0.06610138164009488
v 0.49142433499953486 -0.16104416721643022 0.09224251119586421
v 0.49142433499953486 -0.16104416721643022 0.09224251119586421
v 0.6197604081389209 0.003675824169506514 0.06610138164009488
v 0.49142433499953486 0.03657782650410124 0.06610138164009488
v 0.6197604081389209 0.003675824169506514 0.06610138164009488
v 0.5688877065162389 -0.1827671694117885 0.09224251119586421
v 0.6197604081389209 -0.22820717268765978 0.09224251119586421
v 0.6197604081389209 0.003675824169506514 0.06610138164009488
v 0.6197604081389209 -0.22820717268765978 0.09224251119586421
v 0.7098142024874095 -0.048049174110899484 0.06610138164009488
v 0.6799419697481961 -0.30702516609014086 0.09224251119586421
v 0.7098142024874095 -0.048049174110899484 0.06610138164009488
v 0.6197604081389209 -0.22820717268765978 0.09224251119586421
v 0.6799419697481961 -0.30702516609014086 0.09224251119586421
v 0.7534724098433354 -0.35242515974820665 0.09224251119586421
v 0.7098142024874095 -0.048049174110899484 0.06610138164009488
v 0.7534724098433354 -0.35242515974820665 0.09224251119586421
v 0.7767155642265937 -0.18105717175782732 0.06610138164009488
v 0.7098142024874095 -0.048049174110899484 0.06610138164009488
v 0.7767155642265937 -0.18105717175782732 0.06610138164009488
v 0.7534724098433354 -0.35242515974820665 0.09224251119586421
v 0.819153401544154 -0.3618721681195598 0.09224251119586421
v 0.344437663844289 0.0436088276547093 0.077168661724443
v 0.3389133663542513 0.14407782084166 0.06610138164009488
v 0.2956674368757356 0.2202678305548329 0.06610138164009488
v 0.344437663844289 0.0436088276547093 0.077168661724443
v 0.2652839972607538 0.01080282605110594 0.09145827704950237
v 0.30050738945661404 -0.045240174840698755 0.09224251119586421
v 0.2956674368757356 0.2202678305548329 0.06610138164009488
v 0.2652839972607538 0.07641482925831267 0.08483585609047103
v 0.344437663844289 0.0436088276547093 0.077168661724443
v 0.2652839972607538 0.07641482925831267 0.08483585609047103
v 0.2956674368757356 0.2202678305548329 0.06610138164009488
v 0.2382315604176144 0.17241783267675825 0.08021845973980146
v 0.30050738945661404 -0.045240174840698755 0.09224251119586421
v 0.3935459105101634 -0.11997617208541445 0.09224251119586421
v 0.344437663844289 0.0436088276547093 0.077168661724443
v 0.3935459105101634 -0.11997617208541445 0.09224251119586421
v 0.3935459105101634 0.09340482777773329 0.06610138164009488
v 0.344437663844289 0.0436088276547093 0.077168661724443
v 0.3389133663542513 0.14407782084166 0.06610138164009488
v 0.344437663844289 0.0436088276547093 0.077168661724443
v 0.3935459105101634 0.09340482777773329 0.06610138164009488
v 0.49142433499953486 -0.16104416721643022 0.09224251119586421
v 0.49142433499953486 0.03657782650410124 0.06610138164009488
v 0.3935459105101634 -0.11997617208541445 0.09224251119586421
v 0.3935459105101634 0.09340482777773329 0.06610138164009488
v 0.3935459105101634 -0.11997617208541445 0.09224251119586421
v 0.49142433499953486 0.03657782650410124 0.06610138164009488
v 0.22406638254639044 0.2202678305548329 0.07917194641797955
v 0.15246527907198903 0.2202678305548329 0.09224251119586421
v 0.2111874290889918 0.07641482925831267 0.09224251119586421
v 0.22406638254639044 0.2202678305548329 0.07917194641797955
v 0.2111874290889918 0.07641482925831267 0.09224251119586421
v 0.2382315604176144 0.17241783267675825 0.08021845973980146
v 0.2382315604176144 0.17241783267675825 0.08021845973980146
v 0.2956674368757356 0.2202678305548329 0.06610138164009488
v 0.22406638254639044 0.2202678305548329 0.07917194641797955
v 0.15246527907198903 0.2202678305548329 -0.09449141283652043
v 0.15246527907198903 0.25483783907114455 -0.001167583503611425
v 0.18909859378841443 0.28452783650576063 -0.0683511532381637
v 0.15246527907198903 0.25483783907114455 -0.001167583503611425
v 0.15246527907198903 0.2202678305548329 0.09224251119586421
v 0.18909859378841443 0.28452783650576063 0.06610138164009488
v 0.18909859378841443 0.28452783650576063 -0.0683511532381637
v 0.18909859378841443 0.28452783650576063 -0.001167583503611425
v 0.20027078858511704 0.3196178359430928 -0.04752451885544655
v 0.18909859378841443 0.28452783650576063 -0.001167583503611425
v 0.18909859378841443 0.28452783650576063 0.06610138164009488
v 0.20027078858511704 0.3196178359430928 0.04527561721479033
v 0.20027078858511704 0.3196178359430928 -0.04752451885544655
v 0.18909859378841443 0.28452783650576063 -0.001167583503611425
v 0.20027078858511704 0.3196178359430928 -0.0011684550840788998
v 0.20027078858511704 0.3196178359430928 -0.0011684550840788998
v 0.18909859378841443 0.28452783650576063 -0.001167583503611425
v 0.20027078858511704 0.3196178359430928 0.04527561721479033
v 0.20027078858511704 0.3196178359430928 -0.0011684550840788998
v 0.20232387245765115 0.3262578231733937 -0.0289651882565512
v 0.20027078858511704 0.3196178359430928 -0.04752451885544655
v 0.20027078858511704 0.3196178359430928 -0.04752451885544655
v 0.20232387245765115 0.3262578231733937 -0.0289651882565512
v 0.20657835998267216 0.3399878127020497 -0.039683050595350294
v 0.20027078858511704 0.3196178359430928 -0.0011684550840788998
v 0.20027078858511704 0.3196178359430928 0.04527561721479033
v 0.20232387245765115 0.3262578231733937 0.02671541503542751
v 0.20027078858511704 0.3196178359430928 0.04527561721479033
v 0.20657835998267216 0.3399878127020497 0.037434148954694074
v 0.20232387245765115 0.3262578231733937 0.02671541503542751
v 0.6799419697481961 -0.30702516609014086 -0.09449141283652043
v 0.6799419697481961 -0.34311217242063097 -0.001167583503611425
v 0.5826654247634906 -0.22159817987264208 -0.001167583503611425
v 0.5826654247634906 -0.22159817987264208 -0.001167583503611425
v 0.6799419697481961 -0.34311217242063097 -0.001167583503611425
v 0.6799419697481961 -0.30702516609014086 0.09224251119586421
v 0.6197604081389209 -0.22820717268765978 -0.09449141283652043
v 0.6799419697481961 -0.30702516609014086 -0.09449141283652043
v 0.5826654247634906 -0.22159817987264208 -0.001167583503611425
v 0.5826654247634906 -0.22159817987264208 -0.001167583503611425
v 0.6799419697481961 -0.30702516609014086 0.09224251119586421
v 0.6197604081389209 -0.22820717268765978 0.09224251119586421
v 0.2382315604176144 0.01467182687341162 -0.001167583503611425
v 0.24430829748566707 0.036238825086941207 -0.001167583503611425
v 0.2652839972607538 0.01080282605110594 -0.09370891860498377
v 0.2652839972607538 0.01080282605110594 0.09145827704950237
v 0.24430829748566707 0.036238825086941207 -0.001167583503611425
v 0.2382315604176144 0.01467182687341162 -0.001167583503611425
v 0.2382315604176144 -0.0851961726802688 -0.09449141283652043
v 0.2382315604176144 0.01467182687341162 -0.001167583503611425
v 0.2652839972607538 0.01080282605110594 -0.09370891860498377
v 0.2382315604176144 0.01467182687341162 -0.001167583503611425
v 0.2382315604176144 -0.0851961726802688 0.09224251119586421
v 0.2652839972607538 0.01080282605110594 0.09145827704950237
v 0.2652839972607538 0.07641482925831267 -0.08708562768853985
v 0.2382315604176144 0.07254682308851668 -0.001167583503611425
v 0.2382315604176144 0.17241783267675825 -0.08246649142304507
v 0.2382315604176144 0.07254682308851668 -0.001167583503611425
v 0.2652839972607538 0.07641482925831267 -0.08708562768853985
v 0.24430829748566707 0.05097982860027739 -0.001167583503611425
v 0.2652839972607538 0.07641482925831267 0.08483585609047103
v 0.2382315604176144 0.07254682308851668 -0.001167583503611425
v 0.24430829748566707 0.05097982860027739 -0.001167583503611425
v 0.2382315604176144 0.07254682308851668 -0.001167583503611425
v 0.2652839972607538 0.07641482925831267 0.08483585609047103
v 0.2382315604176144 0.17241783267675825 0.08021845973980146
v 0.3935459105101634 -0.21853918009580187 -0.06390716407025948
v 0.49142433499953486 -0.2053431736785274 -0.06390716407025948
v 0.3935459105101634 -0.21853918009580187 -0.001167583503611425
v 0.49142433499953486 -0.2053431736785274 -0.06390716407025948
v 0.49142433499953486 -0.2053431736785274 -0.001167583503611425
v 0.3935459105101634 -0.21853918009580187 -0.001167583503611425
v 0.3935459105101634 -0.21853918009580187 -0.001167583503611425
v 0.49142433499953486 -0.2053431736785274 -0.001167583503611425
v 0.49142433499953486 -0.2053431736785274 0.06165739247219067
v 0.3935459105101634 -0.21853918009580187 -0.06390716407025948
v 0.3935459105101634 -0.21853918009580187 -0.001167583503611425
v 0.3045062735437508 -0.2649311738568645 -0.001167583503611425
v 0.3935459105101634 -0.21853918009580187 -0.001167583503611425
v 0.49142433499953486 -0.2053431736785274 0.06165739247219067
v 0.3935459105101634 -0.21853918009580187 0.06165739247219067
v 0.3045062735437508 -0.2649311738568645 -0.001167583503611425
v 0.3935459105101634 -0.21853918009580187 -0.001167583503611425
v 0.3935459105101634 -0.21853918009580187 0.06165739247219067
v 0.3045062735437508 -0.2649311738568645 -0.001167583503611425
v 0.3935459105101634 -0.21853918009580187 0.06165739247219067
v 0.3045062735437508 -0.2649311738568645 0.06165739247219067
v 0.3045062735437508 -0.2649311738568645 -0.06390716407025948
v 0.3935459105101634 -0.21853918009580187 -0.06390716407025948
v 0.3045062735437508 -0.2649311738568645 -0.001167583503611425
v 0.3041682047013734 -0.24060517721952013 -0.08072462243977549
v 0.3935459105101634 -0.19948017769635729 -0.08220595216241022
v 0.3935459105101634 -0.21853918009580187 -0.06390716407025948
v 0.4834017977168794 -0.19462317400754503 -0.08490633243221964
v 0.3935459105101634 -0.21853918009580187 -0.06390716407025948
v 0.3935459105101634 -0.19948017769635729 -0.08220595216241022
v 0.3935459105101634 -0.21853918009580187 -0.06390716407025948
v 0.4834017977168794 -0.19462317400754503 -0.08490633243221964
v 0.49142433499953486 -0.2053431736785274 -0.06390716407025948
v 0.3935459105101634 -0.19948017769635729 0.07995618056434141
v 0.3041682047013734 -0.24060517721952013 0.07838858222903029
v 0.3935459105101634 -0.21853918009580187 0.06165739247219067
v 0.3935459105101634 -0.21853918009580187 0.06165739247219067
v 0.4834017977168794 -0.19462317400754503 0.08265830074897602
v 0.3935459105101634 -0.19948017769635729 0.07995618056434141
v 0.4834017977168794 -0.19462317400754503 0.08265830074897602
v 0.3935459105101634 -0.21853918009580187 0.06165739247219067
v 0.49142433499953486 -0.2053431736785274 0.06165739247219067
v 0.3045062735437508 -0.2649311738568645 -0.001167583503611425
v 0.15246527907198903 -0.13616617196382097 -0.001167583503611425
v 0.29250131576782357 -0.254766167934547 -0.0806366139122739
v 0.15246527907198903 -0.13616617196382097 -0.09449141283652043
v 0.29250131576782357 -0.254766167934547 -0.0806366139122739
v 0.15246527907198903 -0.13616617196382097 -0.001167583503611425
v 0.3045062735437508 -0.2649311738568645 -0.001167583503611425
v 0.29250131576782357 -0.254766167934547 -0.0806366139122739
v 0.3045062735437508 -0.2649311738568645 -0.06390716407025948
v 0.15246527907198903 -0.13616617196382097 -0.001167583503611425
v 0.3045062735437508 -0.2649311738568645 -0.001167583503611425
v 0.29250131576782357 -0.254766167934547 0.07838858222903029
v 0.29250131576782357 -0.254766167934547 0.07838858222903029
v 0.3045062735437508 -0.2649311738568645 -0.001167583503611425
v 0.3045062735437508 -0.2649311738568645 0.06165739247219067
v 0.15246527907198903 -0.13616617196382097 -0.001167583503611425
v 0.29250131576782357 -0.254766167934547 0.07838858222903029
v 0.15246527907198903 -0.13616617196382097 0.09224251119586421
v 0.49142433499953486 -0.2053431736785274 -0.06390716407025948
v 0.4834017977168794 -0.19462317400754503 -0.08490633243221964
v 0.6197604081389209 -0.22820717268765978 -0.09449141283652043
v 0.49142433499953486 -0.2053431736785274 0.06165739247219067
v 0.6197604081389209 -0.22820717268765978 0.09224251119586421
v 0.4834017977168794 -0.19462317400754503 0.08265830074897602
v 0.053943742375704984 -0.13616617196382097 -0.09449141283652043
v 0.15246527907198903 -0.13616617196382097 -0.09449141283652043
v 0.053943742375704984 -0.13616617196382097 -0.001167583503611425
v 0.15246527907198903 -0.13616617196382097 -0.09449141283652043
v 0.15246527907198903 -0.13616617196382097 -0.001167583503611425
v 0.053943742375704984 -0.13616617196382097 -0.001167583503611425
v 0.053943742375704984 -0.13616617196382097 -0.001167583503611425
v 0.15246527907198903 -0.13616617196382097 -0.001167583503611425
v 0.15246527907198903 -0.13616617196382097 0.09224251119586421
v 0.053943742375704984 -0.13616617196382097 -0.001167583503611425
v 0.15246527907198903 -0.13616617196382097 0.09224251119586421
v 0.053943742375704984 -0.13616617196382097 0.09224251119586421
v 0.053943742375704984 -0.13616617196382097 -0.001167583503611425
v -0.16062862314162032 -0.13616617196382097 -0.001167583503611425
v 0.053943742375704984 -0.13616617196382097 -0.09449141283652043
v -0.16062862314162032 -0.13616617196382097 -0.001167583503611425
v 0.053943742375704984 -0.13616617196382097 -0.001167583503611425
v 0.053943742375704984 -0.13616617196382097 0.09224251119586421
v -0.16062862314162032 -0.13616617196382097 -0.09449141283652043
v 0.053943742375704984 -0.13616617196382097 -0.09449141283652043
v -0.16062862314162032 -0.13616617196382097 -0.001167583503611425
v -0.16062862314162032 -0.13616617196382097 -0.001167583503611425
v 0.053943742375704984 -0.13616617196382097 0.09224251119586421
v -0.16062862314162032 -0.13616617196382097 0.09224251119586421
v 0.7534724098433354 -0.38851317935765795 -0.001167583503611425
v 0.6799419697481961 -0.30702516609014086 -0.09449141283652043
v 0.7534724098433354 -0.35242515974820665 -0.09449141283652043
v 0.7534724098433354 -0.35242515974820665 -0.09449141283652043
v 0.819153401544154 -0.3618721681195598 -0.09449141283652043
v 0.7534724098433354 -0.38851317935765795 -0.001167583503611425
v 0.819153401544154 -0.3618721681195598 -0.09449141283652043
v 0.819153401544154 -0.3979601877290111 -0.001167583503611425
v 0.7534724098433354 -0.38851317935765795 -0.001167583503611425
v 0.7534724098433354 -0.38851317935765795 -0.001167583503611425
v 0.819153401544154 -0.3979601877290111 -0.001167583503611425
v 0.819153401544154 -0.3618721681195598 0.09224251119586421
v 0.7534724098433354 -0.38851317935765795 -0.001167583503611425
v 0.819153401544154 -0.3618721681195598 0.09224251119586421
v 0.7534724098433354 -0.35242515974820665 0.09224251119586421
v 0.6799419697481961 -0.30702516609014086 0.09224251119586421
v 0.7534724098433354 -0.38851317935765795 -0.001167583503611425
v 0.7534724098433354 -0.35242515974820665 0.09224251119586421
v 0.6799419697481961 -0.30702516609014086 -0.09449141283652043
v 0.7534724098433354 -0.38851317935765795 -0.001167583503611425
v 0.6799419697481961 -0.34311217242063097 -0.001167583503611425
v 0.7534724098433354 -0.38851317935765795 -0.001167583503611425
v 0.6799419697481961 -0.30702516609014086 0.09224251119586421
v 0.6799419697481961 -0.34311217242063097 -0.001167583503611425
v 0.5826654247634906 -0.22159817987264208 -0.001167583503611425
v 0.49142433499953486 -0.2053431736785274 -0.06390716407025948
v 0.6197604081389209 -0.22820717268765978 -0.09449141283652043
v 0.49142433499953486 -0.2053431736785274 0.06165739247219067
v 0.5826654247634906 -0.22159817987264208 -0.001167583503611425
v 0.6197604081389209 -0.22820717268765978 0.09224251119586421
v 0.49142433499953486 -0.2053431736785274 -0.06390716407025948
v 0.5826654247634906 -0.22159817987264208 -0.001167583503611425
v 0.49142433499953486 -0.2053431736785274 -0.001167583503611425
v 0.5826654247634906 -0.22159817987264208 -0.001167583503611425
v 0.49142433499953486 -0.2053431736785274 0.06165739247219067
v 0.49142433499953486 -0.2053431736785274 -0.001167583503611425
v 0.2652839972607538 0.07641482925831267 -0.08708562768853985
v 0.26209310704445987 0.0436088276547093 -0.001167583503611425
v 0.24430829748566707 0.05097982860027739 -0.001167583503611425
v 0.26209310704445987 0.0436088276547093 -0.001167583503611425
v 0.2652839972607538 0.07641482925831267 -0.08708562768853985
v 0.344437663844289 0.0436088276547093 -0.0795047019351882
v 0.26209310704445987 0.0436088276547093 -0.001167583503611425
v 0.2652839972607538 0.07641482925831267 0.08483585609047103
v 0.24430829748566707 0.05097982860027739 -0.001167583503611425
v 0.2652839972607538 0.07641482925831267 0.08483585609047103
v 0.26209310704445987 0.0436088276547093 -0.001167583503611425
v 0.344437663844289 0.0436088276547093 0.077168661724443
v 0.21437006293582517 0.0436088276547093 -0.001167583503611425
v 0.13203376250545668 0.0436088276547093 -0.09449141283652043
v 0.2111874290889918 0.07641482925831267 -0.09449141283652043
v 0.2111874290889918 0.07641482925831267 -0.09449141283652043
v 0.23215487249461797 0.05097982860027739 -0.001167583503611425
v 0.21437006293582517 0.0436088276547093 -0.001167583503611425
v 0.23215487249461797 0.05097982860027739 -0.001167583503611425
v 0.2111874290889918 0.07641482925831267 0.09224251119586421
v 0.21437006293582517 0.0436088276547093 -0.001167583503611425
v 0.13203376250545668 0.0436088276547093 0.09224251119586421
v 0.21437006293582517 0.0436088276547093 -0.001167583503611425
v 0.2111874290889918 0.07641482925831267 0.09224251119586421
v 0.20232387245765115 0.3262578231733937 0.02671541503542751
v 0.2231181778298864 0.3399878127020497 0.033424971318438065
v 0.23528806641480038 0.32686781710802504 0.023142793714809522
v 0.2231181778298864 0.3399878127020497 0.033424971318438065
v 0.20232387245765115 0.3262578231733937 0.02671541503542751
v 0.20657835998267216 0.3399878127020497 0.037434148954694074
v 0.3935459105101634 -0.21853918009580187 -0.06390716407025948
v 0.3045062735437508 -0.2649311738568645 -0.06390716407025948
v 0.3041682047013734 -0.24060517721952013 -0.08072462243977549
v 0.3041682047013734 -0.24060517721952013 -0.08072462243977549
v 0.3045062735437508 -0.2649311738568645 -0.06390716407025948
v 0.29250131576782357 -0.254766167934547 -0.0806366139122739
v 0.2420078665447094 0.3196178359430928 -0.0374183566837663
v 0.23122318051703517 0.28452783650576063 -0.05815698578509161
v 0.2211393521374414 0.3196178359430928 -0.04247056618913895
v 0.2211393521374414 0.3196178359430928 -0.04247056618913895
v 0.2231181778298864 0.3399878127020497 -0.03567474453956176
v 0.2420078665447094 0.3196178359430928 -0.0374183566837663
v 0.20657835998267216 0.3399878127020497 -0.039683050595350294
v 0.2231181778298864 0.3399878127020497 -0.03567474453956176
v 0.2211393521374414 0.3196178359430928 -0.04247056618913895
v 0.20027078858511704 0.3196178359430928 -0.04752451885544655
v 0.20657835998267216 0.3399878127020497 -0.039683050595350294
v 0.2211393521374414 0.3196178359430928 -0.04247056618913895
v 0.23122318051703517 0.28452783650576063 -0.05815698578509161
v 0.20027078858511704 0.3196178359430928 -0.04752451885544655
v 0.2211393521374414 0.3196178359430928 -0.04247056618913895
v 0.23122318051703517 0.28452783650576063 -0.05815698578509161
v 0.2420078665447094 0.3196178359430928 -0.0374183566837663
v 0.2733477672456558 0.28452783650576063 -0.04796020521367197
v 0.20027078858511704 0.3196178359430928 -0.04752451885544655
v 0.23122318051703517 0.28452783650576063 -0.05815698578509161
v 0.18909859378841443 0.28452783650576063 -0.0683511532381637
v 0.2733477672456558 0.28452783650576063 -0.04796020521367197
v 0.22406638254639044 0.2202678305548329 -0.08142171801604836
v 0.23122318051703517 0.28452783650576063 -0.05815698578509161
v 0.22406638254639044 0.2202678305548329 -0.08142171801604836
v 0.18909859378841443 0.28452783650576063 -0.0683511532381637
v 0.23122318051703517 0.28452783650576063 -0.05815698578509161
v 0.22406638254639044 0.2202678305548329 -0.08142171801604836
v 0.2733477672456558 0.28452783650576063 -0.04796020521367197
v 0.2956674368757356 0.2202678305548329 -0.0683511532381637
v 0.18909859378841443 0.28452783650576063 -0.0683511532381637
v 0.22406638254639044 0.2202678305548329 -0.08142171801604836
v 0.15246527907198903 0.2202678305548329 -0.09449141283652043
v 0.49142433499953486 -0.16104416721643022 -0.09449141283652043
v 0.3935459105101634 -0.19948017769635729 -0.08220595216241022
v 0.3935459105101634 -0.11997617208541445 -0.09449141283652043
v 0.3935459105101634 -0.19948017769635729 -0.08220595216241022
v 0.49142433499953486 -0.16104416721643022 -0.09449141283652043
v 0.4834017977168794 -0.19462317400754503 -0.08490633243221964
v 0.3041682047013734 -0.24060517721952013 -0.08072462243977549
v 0.3935459105101634 -0.11997617208541445 -0.09449141283652043
v 0.3935459105101634 -0.19948017769635729 -0.08220595216241022
v 0.3935459105101634 -0.11997617208541445 -0.09449141283652043
v 0.3041682047013734 -0.24060517721952013 -0.08072462243977549
v 0.30050738945661404 -0.045240174840698755 -0.09449141283652043
v 0.4834017977168794 -0.19462317400754503 -0.08490633243221964
v 0.5688877065162389 -0.1827671694117885 -0.09449141283652043
v 0.6197604081389209 -0.22820717268765978 -0.09449141283652043
v 0.5688877065162389 -0.1827671694117885 -0.09449141283652043
v 0.4834017977168794 -0.19462317400754503 -0.08490633243221964
v 0.49142433499953486 -0.16104416721643022 -0.09449141283652043
v 0.2382315604176144 -0.0851961726802688 -0.09449141283652043
v 0.30050738945661404 -0.045240174840698755 -0.09449141283652043
v 0.3041682047013734 -0.24060517721952013 -0.08072462243977549
v 0.30050738945661404 -0.045240174840698755 -0.09449141283652043
v 0.2382315604176144 -0.0851961726802688 -0.09449141283652043
v 0.2652839972607538 0.01080282605110594 -0.09370891860498377
v 0.053943742375704984 -0.13616617196382097 -0.09449141283652043
v 0.053943742375704984 0.17814782089411207 -0.09449141283652043
v 0.13203376250545668 0.0436088276547093 -0.09449141283652043
v 0.053943742375704984 0.17814782089411207 -0.09449141283652043
v 0.15246527907198903 0.2202678305548329 -0.09449141283652043
v 0.13203376250545668 0.0436088276547093 -0.09449141283652043
v 0.13203376250545668 0.0436088276547093 -0.09449141283652043
v 0.15246527907198903 -0.13616617196382097 -0.09449141283652043
v 0.053943742375704984 -0.13616617196382097 -0.09449141283652043
v 0.053943742375704984 -0.13616617196382097 -0.09449141283652043
v -0.126081356344251 0.1613178235930104 -0.09449141283652043
v 0.053943742375704984 0.17814782089411207 -0.09449141283652043
v -0.126081356344251 0.1613178235930104 -0.09449141283652043
v 0.053943742375704984 -0.13616617196382097 -0.09449141283652043
v -0.16062862314162032 -0.13616617196382097 -0.09449141283652043
v 0.13203376250545668 0.0436088276547093 -0.09449141283652043
v 0.15246527907198903 0.2202678305548329 -0.09449141283652043
v 0.2111874290889918 0.07641482925831267 -0.09449141283652043
v 0.15246527907198903 -0.13616617196382097 -0.09449141283652043
v 0.2111874290889918 0.01080282605110594 -0.09449141283652043
v 0.2382315604176144 -0.0851961726802688 -0.09449141283652043
v 0.2111874290889918 0.01080282605110594 -0.09449141283652043
v 0.15246527907198903 -0.13616617196382097 -0.09449141283652043
v 0.13203376250545668 0.0436088276547093 -0.09449141283652043
v 0.29250131576782357 -0.254766167934547 -0.0806366139122739
v 0.15246527907198903 -0.13616617196382097 -0.09449141283652043
v 0.2382315604176144 -0.0851961726802688 -0.09449141283652043
v 0.29250131576782357 -0.254766167934547 -0.0806366139122739
v 0.2382315604176144 -0.0851961726802688 -0.09449141283652043
v 0.3041682047013734 -0.24060517721952013 -0.08072462243977549
v 0.6197604081389209 0.003675824169506514 -0.0683511532381637
v 0.49142433499953486 -0.16104416721643022 -0.09449141283652043
v 0.49142433499953486 0.03657782650410124 -0.0683511532381637
v 0.49142433499953486 -0.16104416721643022 -0.09449141283652043
v 0.6197604081389209 0.003675824169506514 -0.0683511532381637
v 0.5688877065162389 -0.1827671694117885 -0.09449141283652043
v 0.6197604081389209 0.003675824169506514 -0.0683511532381637
v 0.6197604081389209 -0.22820717268765978 -0.09449141283652043
v 0.5688877065162389 -0.1827671694117885 -0.09449141283652043
v 0.7098142024874095 -0.048049174110899484 -0.0683511532381637
v 0.6197604081389209 -0.22820717268765978 -0.09449141283652043
v 0.6197604081389209 0.003675824169506514 -0.0683511532381637
v 0.7098142024874095 -0.048049174110899484 -0.0683511532381637
v 0.6799419697481961 -0.30702516609014086 -0.09449141283652043
v 0.6197604081389209 -0.22820717268765978 -0.09449141283652043
v 0.6799419697481961 -0.30702516609014086 -0.09449141283652043
v 0.7098142024874095 -0.048049174110899484 -0.0683511532381637
v 0.7534724098433354 -0.35242515974820665 -0.09449141283652043
v 0.7534724098433354 -0.35242515974820665 -0.09449141283652043
v 0.7098142024874095 -0.048049174110899484 -0.0683511532381637
v 0.7767155642265937 -0.18105717175782732 -0.0683511532381637
v 0.7767155642265937 -0.18105717175782732 -0.0683511532381637
v 0.819153401544154 -0.3618721681195598 -0.09449141283652043
v 0.7534724098433354 -0.35242515974820665 -0.09449141283652043
v 0.344437663844289 0.0436088276547093 -0.0795047019351882
v 0.2956674368757356 0.2202678305548329 -0.0683511532381637
v 0.3389133663542513 0.14407782084166 -0.0683511532381637
v 0.344437663844289 0.0436088276547093 -0.0795047019351882
v 0.30050738945661404 -0.045240174840698755 -0.09449141283652043
v 0.2652839972607538 0.01080282605110594 -0.09370891860498377
v 0.2956674368757356 0.2202678305548329 -0.0683511532381637
v 0.2652839972607538 0.07641482925831267 -0.08708562768853985
v 0.2382315604176144 0.17241783267675825 -0.08246649142304507
v 0.2652839972607538 0.07641482925831267 -0.08708562768853985
v 0.2956674368757356 0.2202678305548329 -0.0683511532381637
v 0.344437663844289 0.0436088276547093 -0.0795047019351882
v 0.3935459105101634 0.09340482777773329 -0.0683511532381637
v 0.344437663844289 0.0436088276547093 -0.0795047019351882
v 0.3389133663542513 0.14407782084166 -0.0683511532381637
v 0.3935459105101634 0.09340482777773329 -0.0683511532381637
v 0.3935459105101634 -0.11997617208541445 -0.09449141283652043
v 0.344437663844289 0.0436088276547093 -0.0795047019351882
v 0.344437663844289 0.0436088276547093 -0.0795047019351882
v 0.3935459105101634 -0.11997617208541445 -0.09449141283652043
v 0.30050738945661404 -0.045240174840698755 -0.09449141283652043
v 0.49142433499953486 0.03657782650410124 -0.0683511532381637
v 0.3935459105101634 -0.11997617208541445 -0.09449141283652043
v 0.3935459105101634 0.09340482777773329 -0.0683511532381637
v 0.3935459105101634 -0.11997617208541445 -0.09449141283652043
v 0.49142433499953486 0.03657782650410124 -0.0683511532381637
v 0.49142433499953486 -0.16104416721643022 -0.09449141283652043
v 0.22406638254639044 0.2202678305548329 -0.08142171801604836
v 0.2111874290889918 0.07641482925831267 -0.09449141283652043
v 0.15246527907198903 0.2202678305548329 -0.09449141283652043
v 0.2111874290889918 0.07641482925831267 -0.09449141283652043
v 0.22406638254639044 0.2202678305548329 -0.08142171801604836
v 0.2382315604176144 0.17241783267675825 -0.08246649142304507
v 0.22406638254639044 0.2202678305548329 -0.08142171801604836
v 0.2956674368757356 0.2202678305548329 -0.0683511532381637
v 0.2382315604176144 0.17241783267675825 -0.08246649142304507
vt 16.008100509643555 -39.0458984375
vt 16 -39.05329895019531
vt 16.008100509643555 -39.05329895019531
vt 16.008100509643555 -39.05329895019531
vt 16 -39.06420135498047
vt 16.013399124145508 -39.06420135498047
vt 16 -39.06420135498047
vt 16.008100509643555 -39.05329895019531
vt 16 -39.05329895019531
vt 15.991900444030762 -39.05329895019531
vt 16 -39.06420135498047
vt 16 -39.05329895019531
vt 16 -39.06420135498047
vt 15.991900444030762 -39.05329895019531
vt 15.986599922180176 -39.06420135498047
vt 16 -39.05329895019531
vt 15.991900444030762 -39.0458984375
vt 15.991900444030762 -39.05329895019531
vt 16 -39.05329895019531
vt 16.008100509643555 -39.0458984375
vt 16 -39.0458984375
vt 15.991900444030762 -39.0458984375
vt 16 -39.05329895019531
vt 16 -39.0458984375
vt 16.008100509643555 -39.02750015258789
vt 16 -39.0458984375
vt 16.008100509643555 -39.0458984375
vt 16 -39.0458984375
vt 15.991900444030762 -39.02750015258789
vt 15.991900444030762 -39.0458984375
vt 16 -39.0458984375
vt 16.008100509643555 -39.02750015258789
vt 16 -39.02750015258789
vt 15.991900444030762 -39.02750015258789
vt 16 -39.0458984375
vt 16 -39.02750015258789
vt 16.008100509643555 -39.0088005065918
vt 16 -39.02750015258789
vt 16.008100509643555 -39.02750015258789
vt 16 -39.02750015258789
vt 15.991900444030762 -39.0088005065918
vt 15.991900444030762 -39.02750015258789
vt 16 -39.02750015258789
vt 16.008100509643555 -39.0088005065918
vt 16 -39.0088005065918
vt 15.991900444030762 -39.0088005065918
vt 16 -39.02750015258789
vt 16 -39.0088005065918
vt 16.008100509643555 -39.002498626708984
vt 16 -39.0088005065918
vt 16.008100509643555 -39.0088005065918
vt 16 -39.0088005065918
vt 15.991900444030762 -39.002498626708984
vt 15.991900444030762 -39.0088005065918
vt 16 -39.0088005065918
vt 16.008100509643555 -39.002498626708984
vt 16 -39.002498626708984
vt 16 -39.002498626708984
vt 15.991900444030762 -39.002498626708984
vt 16 -39.0088005065918
vt 16.008100509643555 -38.99620056152344
vt 16 -39.002498626708984
vt 16.008100509643555 -39.002498626708984
vt 16 -39.002498626708984
vt 15.991900444030762 -38.99620056152344
vt 15.991900444030762 -39.002498626708984
vt 16 -39.002498626708984
vt 16.008100509643555 -38.99620056152344
vt 16 -38.99620056152344
vt 16 -38.99620056152344
vt 15.991900444030762 -38.99620056152344
vt 16 -39.002498626708984
vt 16.008100509643555 -38.99079895019531
vt 16 -38.99620056152344
vt 16.008100509643555 -38.99620056152344
vt 16 -38.99620056152344
vt 15.991900444030762 -38.99079895019531
vt 15.991900444030762 -38.99620056152344
vt 16 -38.99620056152344
vt 16.008100509643555 -38.99079895019531
vt 16 -38.99079895019531
vt 16 -38.99079895019531
vt 15.991900444030762 -38.99079895019531
vt 16 -38.99620056152344
vt 16.008100509643555 -38.97140121459961
vt 16 -38.99079895019531
vt 16.008100509643555 -38.99079895019531
vt 16 -38.99079895019531
vt 15.991900444030762 -38.97140121459961
vt 15.991900444030762 -38.99079895019531
vt 16 -38.99079895019531
vt 16.008100509643555 -38.97140121459961
vt 16 -38.97140121459961
vt 16 -38.99079895019531
vt 16 -38.97140121459961
vt 15.991900444030762 -38.97140121459961
vt 16.008100509643555 -39.004798889160156
vt 16.008100509643555 -38.98820114135742
vt 16 -38.98820114135742
vt 15.991900444030762 -39.004798889160156
vt 16 -38.98820114135742
vt 15.991900444030762 -38.98820114135742
vt 16 -38.98820114135742
vt 15.991900444030762 -39.004798889160156
vt 16 -39.004798889160156
vt 16.008100509643555 -39.004798889160156
vt 16 -38.98820114135742
vt 16 -39.004798889160156
vt 15.991900444030762 -39.027400970458984
vt 16 -39.004798889160156
vt 15.991900444030762 -39.004798889160156
vt 16 -39.004798889160156
vt 16.008100509643555 -39.027400970458984
vt 16.008100509643555 -39.004798889160156
vt 16.008100509643555 -39.027400970458984
vt 16 -39.004798889160156
vt 16 -39.027400970458984
vt 16 -39.004798889160156
vt 15.991900444030762 -39.027400970458984
vt 16 -39.027400970458984
vt 16.008100509643555 -39.027400970458984
vt 16 -39.027400970458984
vt 16.008100509643555 -39.03929901123047
vt 15.991900444030762 -39.03929901123047
vt 16 -39.027400970458984
vt 15.991900444030762 -39.027400970458984
vt 16.008100509643555 -39.03929901123047
vt 16 -39.027400970458984
vt 16 -39.03929901123047
vt 16 -39.027400970458984
vt 15.991900444030762 -39.03929901123047
vt 16 -39.03929901123047
vt 16.003799438476562 -38.956298828125
vt 16 -38.955299377441406
vt 16 -38.95709991455078
vt 16 -38.95709991455078
vt 16 -38.955299377441406
vt 15.996199607849121 -38.956298828125
vt 16 -38.955299377441406
vt 16.003799438476562 -38.956298828125
vt 16.00309944152832 -38.9546012878418
vt 15.996199607849121 -38.956298828125
vt 16 -38.955299377441406
vt 15.996899604797363 -38.9546012878418
vt 16.003799438476562 -38.956298828125
vt 16.005800247192383 -38.95289993286133
vt 16.00309944152832 -38.9546012878418
vt 15.994199752807617 -38.95289993286133
vt 15.996199607849121 -38.956298828125
vt 15.996899604797363 -38.9546012878418
vt 16.005800247192383 -38.95289993286133
vt 16.003799438476562 -38.956298828125
vt 16.007099151611328 -38.954200744628906
vt 15.996199607849121 -38.956298828125
vt 15.994199752807617 -38.95289993286133
vt 15.992899894714355 -38.954200744628906
vt 16.009199142456055 -38.95090103149414
vt 16.005800247192383 -38.95289993286133
vt 16.007099151611328 -38.954200744628906
vt 15.992500305175781 -38.950199127197266
vt 15.992899894714355 -38.954200744628906
vt 15.994199752807617 -38.95289993286133
vt 16.005800247192383 -38.95289993286133
vt 16.009199142456055 -38.95090103149414
vt 16.00749969482422 -38.950199127197266
vt 15.992899894714355 -38.954200744628906
vt 15.992500305175781 -38.950199127197266
vt 15.990799903869629 -38.95090103149414
vt 16.009199142456055 -38.95090103149414
vt 16.00819969177246 -38.94710159301758
vt 16.00749969482422 -38.950199127197266
vt 15.991800308227539 -38.94710159301758
vt 15.990799903869629 -38.95090103149414
vt 15.992500305175781 -38.950199127197266
vt 16.010000228881836 -38.94710159301758
vt 16.00819969177246 -38.94710159301758
vt 16.009199142456055 -38.95090103149414
vt 15.990799903869629 -38.95090103149414
vt 15.991800308227539 -38.94710159301758
vt 15.989999771118164 -38.94710159301758
vt 16.009199142456055 -38.94329833984375
vt 16.00819969177246 -38.94710159301758
vt 16.010000228881836 -38.94710159301758
vt 15.989999771118164 -38.94710159301758
vt 15.991800308227539 -38.94710159301758
vt 15.990799903869629 -38.94329833984375
vt 16.00819969177246 -38.94710159301758
vt 16.009199142456055 -38.94329833984375
vt 16.00749969482422 -38.944000244140625
vt 15.992500305175781 -38.944000244140625
vt 15.990799903869629 -38.94329833984375
vt 15.991800308227539 -38.94710159301758
vt 16.00749969482422 -38.944000244140625
vt 16.009199142456055 -38.94329833984375
vt 16.005800247192383 -38.94129943847656
vt 15.990799903869629 -38.94329833984375
vt 15.992500305175781 -38.944000244140625
vt 15.992899894714355 -38.939998626708984
vt 16.007099151611328 -38.939998626708984
vt 16.005800247192383 -38.94129943847656
vt 16.009199142456055 -38.94329833984375
vt 16.00510025024414 -38.93870162963867
vt 16.005800247192383 -38.94129943847656
vt 16.007099151611328 -38.939998626708984
vt 16.005800247192383 -38.94129943847656
vt 16.00510025024414 -38.93870162963867
vt 16.00309944152832 -38.93960189819336
vt 15.992899894714355 -38.939998626708984
vt 15.992500305175781 -38.944000244140625
vt 15.994199752807617 -38.94129943847656
vt 15.994199752807617 -38.94129943847656
vt 15.99489974975586 -38.93870162963867
vt 15.992899894714355 -38.939998626708984
vt 15.99489974975586 -38.93870162963867
vt 15.994199752807617 -38.94129943847656
vt 15.996899604797363 -38.93960189819336
vt 16.007099151611328 -38.93989944458008
vt 16.00309944152832 -38.93939971923828
vt 16.005800247192383 -38.941200256347656
vt 16.00309944152832 -38.93939971923828
vt 16.007099151611328 -38.93989944458008
vt 16.003799438476562 -38.93769836425781
vt 16.005800247192383 -38.941200256347656
vt 16.009199142456055 -38.94309997558594
vt 16.007099151611328 -38.93989944458008
vt 16.003799438476562 -38.93769836425781
vt 16 -38.93880081176758
vt 16.00309944152832 -38.93939971923828
vt 16.009199142456055 -38.94309997558594
vt 16.005800247192383 -38.941200256347656
vt 16.00749969482422 -38.94380187988281
vt 16 -38.9370002746582
vt 16 -38.93880081176758
vt 16.003799438476562 -38.93769836425781
vt 16.00819969177246 -38.946998596191406
vt 16.009199142456055 -38.94309997558594
vt 16.00749969482422 -38.94380187988281
vt 15.996199607849121 -38.93769836425781
vt 16 -38.93880081176758
vt 16 -38.9370002746582
vt 16.009199142456055 -38.94309997558594
vt 16.00819969177246 -38.946998596191406
vt 16.010000228881836 -38.946998596191406
vt 16 -38.93880081176758
vt 15.996199607849121 -38.93769836425781
vt 15.996899604797363 -38.93939971923828
vt 16.010000228881836 -38.946998596191406
vt 16.00819969177246 -38.946998596191406
vt 16.009199142456055 -38.950801849365234
vt 15.992899894714355 -38.93989944458008
vt 15.996899604797363 -38.93939971923828
vt 15.996199607849121 -38.93769836425781
vt 16.009199142456055 -38.950801849365234
vt 16.00819969177246 -38.946998596191406
vt 16.00749969482422 -38.95009994506836
vt 15.996899604797363 -38.93939971923828
vt 15.992899894714355 -38.93989944458008
vt 15.994199752807617 -38.941200256347656
vt 16.005800247192383 -38.952701568603516
vt 16.009199142456055 -38.950801849365234
vt 16.00749969482422 -38.95009994506836
vt 15.990799903869629 -38.94309997558594
vt 15.994199752807617 -38.941200256347656
vt 15.992899894714355 -38.93989944458008
vt 16.009199142456055 -38.950801849365234
vt 16.005800247192383 -38.952701568603516
vt 16.007099151611328 -38.95399856567383
vt 16.005800247192383 -38.952701568603516
vt 16.00510025024414 -38.955299377441406
vt 16.007099151611328 -38.95399856567383
vt 16.00510025024414 -38.955299377441406
vt 16.005800247192383 -38.952701568603516
vt 16.00309944152832 -38.954498291015625
vt 15.994199752807617 -38.941200256347656
vt 15.990799903869629 -38.94309997558594
vt 15.992500305175781 -38.94380187988281
vt 15.990799903869629 -38.94309997558594
vt 15.991800308227539 -38.946998596191406
vt 15.992500305175781 -38.94380187988281
vt 15.989999771118164 -38.946998596191406
vt 15.991800308227539 -38.946998596191406
vt 15.990799903869629 -38.94309997558594
vt 15.990799903869629 -38.950801849365234
vt 15.991800308227539 -38.946998596191406
vt 15.989999771118164 -38.946998596191406
vt 15.991800308227539 -38.946998596191406
vt 15.990799903869629 -38.950801849365234
vt 15.992500305175781 -38.95009994506836
vt 15.992500305175781 -38.95009994506836
vt 15.990799903869629 -38.950801849365234
vt 15.994199752807617 -38.952701568603516
vt 15.992899894714355 -38.95399856567383
vt 15.994199752807617 -38.952701568603516
vt 15.990799903869629 -38.950801849365234
vt 15.99489974975586 -38.955299377441406
vt 15.994199752807617 -38.952701568603516
vt 15.992899894714355 -38.95399856567383
vt 15.994199752807617 -38.952701568603516
vt 15.99489974975586 -38.955299377441406
vt 15.996899604797363 -38.954498291015625
vt 15.828700065612793 -39.00809860229492
vt 15.838299751281738 -39
vt 15.828700065612793 -39
vt 15.838299751281738 -39
vt 15.828700065612793 -38.99190139770508
vt 15.828700065612793 -39
vt 15.838299751281738 -39
vt 15.828700065612793 -39.00809860229492
vt 15.838299751281738 -39.00809860229492
vt 15.828700065612793 -38.99190139770508
vt 15.838299751281738 -39
vt 15.838299751281738 -38.99190139770508
vt 15.870800018310547 -39.00389862060547
vt 15.838299751281738 -39
vt 15.838299751281738 -39.00809860229492
vt 15.838299751281738 -39
vt 15.870800018310547 -38.99610137939453
vt 15.838299751281738 -38.99190139770508
vt 15.838299751281738 -39
vt 15.870800018310547 -39.00389862060547
vt 15.870800018310547 -39
vt 15.870800018310547 -38.99610137939453
vt 15.838299751281738 -39
vt 15.870800018310547 -39
vt 15.89490032196045 -39
vt 15.881199836730957 -39.00809860229492
vt 15.89490032196045 -39.00809860229492
vt 15.881199836730957 -39.00809860229492
vt 15.89490032196045 -39
vt 15.881199836730957 -39
vt 15.89490032196045 -39.00809860229492
vt 15.914299964904785 -39
vt 15.89490032196045 -39
vt 15.89490032196045 -39.00809860229492
vt 15.914299964904785 -39.00809860229492
vt 15.914299964904785 -39
vt 15.89490032196045 -39
vt 15.881199836730957 -38.99190139770508
vt 15.881199836730957 -39
vt 15.881199836730957 -38.99190139770508
vt 15.89490032196045 -39
vt 15.89490032196045 -38.99190139770508
vt 15.914299964904785 -39
vt 15.89490032196045 -38.99190139770508
vt 15.89490032196045 -39
vt 15.89490032196045 -38.99190139770508
vt 15.914299964904785 -39
vt 15.914299964904785 -38.99190139770508
vt 15.929200172424316 -39
vt 15.914299964904785 -38.99190139770508
vt 15.914299964904785 -39
vt 15.914299964904785 -39.00809860229492
vt 15.929200172424316 -39
vt 15.914299964904785 -39
vt 15.914299964904785 -38.99190139770508
vt 15.929200172424316 -39
vt 15.929200172424316 -38.99190139770508
vt 15.929200172424316 -39
vt 15.914299964904785 -39.00809860229492
vt 15.929200172424316 -39.00809860229492
vt 15.951700210571289 -39
vt 15.929200172424316 -38.99190139770508
vt 15.929200172424316 -39
vt 15.929200172424316 -39.00809860229492
vt 15.951700210571289 -39
vt 15.929200172424316 -39
vt 15.929200172424316 -38.99190139770508
vt 15.951700210571289 -39
vt 15.951700210571289 -38.98659896850586
vt 15.929200172424316 -39.00809860229492
vt 15.951700210571289 -39.01340103149414
vt 15.951700210571289 -39
vt 15.857600212097168 -39.00809860229492
vt 15.857600212097168 -39
vt 15.848199844360352 -39
vt 15.848199844360352 -39
vt 15.857600212097168 -39
vt 15.857600212097168 -38.99190139770508
vt 15.848199844360352 -39.00809860229492
vt 15.857600212097168 -39.00809860229492
vt 15.848199844360352 -39
vt 15.848199844360352 -39
vt 15.857600212097168 -38.99190139770508
vt 15.848199844360352 -38.99190139770508
vt 15.959699630737305 -38.99489974975586
vt 15.962900161743164 -38.99209976196289
vt 15.959699630737305 -38.99290084838867
vt 15.959699630737305 -39.00510025024414
vt 15.959699630737305 -39.00709915161133
vt 15.962900161743164 -39.00790023803711
vt 16.167600631713867 -39.00790023803711
vt 16.167600631713867 -39.00429916381836
vt 16.163000106811523 -39.00709915161133
vt 16.163000106811523 -39.00709915161133
vt 16.167600631713867 -39.00429916381836
vt 16.163000106811523 -39.00379943847656
vt 16.172199249267578 -39.00709915161133
vt 16.167600631713867 -39.00429916381836
vt 16.167600631713867 -39.00790023803711
vt 16.167600631713867 -39.00429916381836
vt 16.172199249267578 -39.00709915161133
vt 16.172199249267578 -39.00379943847656
vt 16.167600631713867 -39.00429916381836
vt 16.167600631713867 -39
vt 16.163000106811523 -39.00379943847656
vt 16.163000106811523 -39.00379943847656
vt 16.167600631713867 -39
vt 16.163000106811523 -39
vt 16.172199249267578 -39.00379943847656
vt 16.167600631713867 -39
vt 16.167600631713867 -39.00429916381836
vt 16.167600631713867 -39
vt 16.172199249267578 -39.00379943847656
vt 16.172199249267578 -39
vt 16.167600631713867 -39
vt 16.163000106811523 -38.99620056152344
vt 16.163000106811523 -39
vt 16.163000106811523 -38.99620056152344
vt 16.167600631713867 -39
vt 16.167600631713867 -38.99570083618164
vt 16.172199249267578 -39
vt 16.172199249267578 -38.99620056152344
vt 16.167600631713867 -39
vt 16.167600631713867 -39
vt 16.172199249267578 -38.99620056152344
vt 16.167600631713867 -38.99570083618164
vt 15.962900161743164 -39.00510025024414
vt 15.959699630737305 -39.00510025024414
vt 15.962900161743164 -39.00790023803711
vt 15.962900161743164 -39.00790023803711
vt 15.96619987487793 -39.00510025024414
vt 15.962900161743164 -39.00510025024414
vt 15.96619987487793 -38.99489974975586
vt 15.962900161743164 -38.99209976196289
vt 15.962900161743164 -38.99489974975586
vt 15.96619987487793 -39.00510025024414
vt 15.96619987487793 -39.00310134887695
vt 15.962900161743164 -39.00510025024414
vt 15.962900161743164 -39.00510025024414
vt 15.96619987487793 -39.00310134887695
vt 15.962900161743164 -39.00310134887695
vt 15.962900161743164 -39.00510025024414
vt 15.962900161743164 -39.00310134887695
vt 15.959699630737305 -39.00510025024414
vt 15.959699630737305 -38.99689865112305
vt 15.962900161743164 -38.99689865112305
vt 15.959699630737305 -38.99489974975586
vt 15.962900161743164 -38.99689865112305
vt 15.962900161743164 -38.99489974975586
vt 15.959699630737305 -38.99489974975586
vt 15.962900161743164 -38.99689865112305
vt 15.96619987487793 -38.99689865112305
vt 15.962900161743164 -38.99489974975586
vt 15.96619987487793 -38.99689865112305
vt 15.96619987487793 -38.99489974975586
vt 15.962900161743164 -38.99489974975586
vt 15.959699630737305 -39.00510025024414
vt 15.962900161743164 -39.00310134887695
vt 15.959699630737305 -39.00310134887695
vt 15.96619987487793 -38.99290084838867
vt 15.962900161743164 -38.99209976196289
vt 15.96619987487793 -38.99489974975586
vt 15.96619987487793 -39.00709915161133
vt 15.96619987487793 -39.00510025024414
vt 15.962900161743164 -39.00790023803711
vt 16.172199249267578 -38.99620056152344
vt 16.172199249267578 -38.99290084838867
vt 16.167600631713867 -38.99570083618164
vt 16.167600631713867 -38.99570083618164
vt 16.172199249267578 -38.99290084838867
vt 16.167600631713867 -38.99209976196289
vt 16.163000106811523 -38.99290084838867
vt 16.167600631713867 -38.99570083618164
vt 16.167600631713867 -38.99209976196289
vt 16.167600631713867 -38.99570083618164
vt 16.163000106811523 -38.99290084838867
vt 16.163000106811523 -38.99620056152344
vt 15.959699630737305 -38.99689865112305
vt 15.962900161743164 -38.99420166015625
vt 15.959699630737305 -38.99420166015625
vt 15.962900161743164 -38.99689865112305
vt 15.96619987487793 -38.99420166015625
vt 15.962900161743164 -38.99420166015625
vt 15.962900161743164 -38.99689865112305
vt 15.962900161743164 -38.99420166015625
vt 15.959699630737305 -38.99689865112305
vt 15.96619987487793 -38.99689865112305
vt 15.96619987487793 -38.99420166015625
vt 15.962900161743164 -38.99689865112305
vt 15.959699630737305 -39
vt 15.962900161743164 -38.99689865112305
vt 15.959699630737305 -38.99689865112305
vt 15.962900161743164 -39
vt 15.96619987487793 -38.99689865112305
vt 15.962900161743164 -38.99689865112305
vt 15.962900161743164 -39
vt 15.962900161743164 -38.99689865112305
vt 15.959699630737305 -39
vt 15.96619987487793 -39
vt 15.96619987487793 -38.99689865112305
vt 15.962900161743164 -39
vt 15.959699630737305 -39.00310134887695
vt 15.962900161743164 -39
vt 15.959699630737305 -39
vt 15.962900161743164 -39.00310134887695
vt 15.96619987487793 -39
vt 15.962900161743164 -39
vt 15.962900161743164 -39.00310134887695
vt 15.962900161743164 -39
vt 15.959699630737305 -39.00310134887695
vt 15.96619987487793 -39.00310134887695
vt 15.96619987487793 -39
vt 15.962900161743164 -39.00310134887695
vt 15.959699630737305 -39.00579833984375
vt 15.962900161743164 -39.00310134887695
vt 15.959699630737305 -39.00310134887695
vt 15.962900161743164 -39.00579833984375
vt 15.96619987487793 -39.00310134887695
vt 15.962900161743164 -39.00310134887695
vt 15.962900161743164 -39.00579833984375
vt 15.962900161743164 -39.00310134887695
vt 15.959699630737305 -39.00579833984375
vt 15.96619987487793 -39.00579833984375
vt 15.96619987487793 -39.00310134887695
vt 15.962900161743164 -39.00579833984375
vt 15.962900161743164 -38.99209976196289
vt 15.959699630737305 -38.99489974975586
vt 15.962900161743164 -38.99489974975586
vt 16.172199249267578 -38.99420166015625
vt 16.167600631713867 -38.99420166015625
vt 16.172199249267578 -38.99689865112305
vt 16.167600631713867 -38.99689865112305
vt 16.172199249267578 -38.99689865112305
vt 16.167600631713867 -38.99420166015625
vt 16.167600631713867 -38.99420166015625
vt 16.163000106811523 -38.99420166015625
vt 16.167600631713867 -38.99689865112305
vt 16.163000106811523 -38.99689865112305
vt 16.167600631713867 -38.99689865112305
vt 16.163000106811523 -38.99420166015625
vt 16.167600631713867 -39.00310134887695
vt 16.163000106811523 -39.00310134887695
vt 16.167600631713867 -39.00579833984375
vt 16.163000106811523 -39.00579833984375
vt 16.167600631713867 -39.00579833984375
vt 16.163000106811523 -39.00310134887695
vt 16.167600631713867 -39.00579833984375
vt 16.172199249267578 -39.00579833984375
vt 16.167600631713867 -39.00310134887695
vt 16.172199249267578 -39.00310134887695
vt 16.167600631713867 -39.00310134887695
vt 16.172199249267578 -39.00579833984375
vt 15.83240032196045 -38.94269943237305
vt 15.836999893188477 -38.93989944458008
vt 15.83240032196045 -38.9390983581543
vt 15.83240032196045 -38.94269943237305
vt 15.836999893188477 -38.94309997558594
vt 15.836999893188477 -38.93989944458008
vt 15.827799797058105 -38.93989944458008
vt 15.83240032196045 -38.94269943237305
vt 15.83240032196045 -38.9390983581543
vt 15.83240032196045 -38.94269943237305
vt 15.827799797058105 -38.93989944458008
vt 15.827799797058105 -38.94309997558594
vt 15.827799797058105 -38.94309997558594
vt 15.83240032196045 -38.946998596191406
vt 15.83240032196045 -38.94269943237305
vt 15.83240032196045 -38.946998596191406
vt 15.827799797058105 -38.94309997558594
vt 15.827799797058105 -38.946998596191406
vt 15.83240032196045 -38.946998596191406
vt 15.836999893188477 -38.94309997558594
vt 15.83240032196045 -38.94269943237305
vt 15.83240032196045 -38.946998596191406
vt 15.836999893188477 -38.946998596191406
vt 15.836999893188477 -38.94309997558594
vt 16.15719985961914 -39.06380081176758
vt 16.172199249267578 -39.06420135498047
vt 16.164899826049805 -39.05329895019531
vt 16.15180015563965 -39.047000885009766
vt 16.15719985961914 -39.06380081176758
vt 16.164899826049805 -39.05329895019531
vt 16.15719985961914 -39.06380081176758
vt 16.15180015563965 -39.047000885009766
vt 16.14620018005371 -39.059200286865234
vt 16.164899826049805 -39.05329895019531
vt 16.162099838256836 -39.0458984375
vt 16.15180015563965 -39.047000885009766
vt 16.134700775146484 -39.049800872802734
vt 16.14620018005371 -39.059200286865234
vt 16.15180015563965 -39.047000885009766
vt 16.162099838256836 -39.0458984375
vt 16.149599075317383 -39.033199310302734
vt 16.15180015563965 -39.047000885009766
vt 16.14240074157715 -39.03929901123047
vt 16.134700775146484 -39.049800872802734
vt 16.15180015563965 -39.047000885009766
vt 16.162099838256836 -39.0458984375
vt 16.159299850463867 -39.02750015258789
vt 16.149599075317383 -39.033199310302734
vt 16.127599716186523 -39.037899017333984
vt 16.134700775146484 -39.049800872802734
vt 16.14240074157715 -39.03929901123047
vt 16.147899627685547 -39.0088005065918
vt 16.149599075317383 -39.033199310302734
vt 16.159299850463867 -39.02750015258789
vt 16.14240074157715 -39.03929901123047
vt 16.135400772094727 -39.027400970458984
vt 16.127599716186523 -39.037899017333984
vt 16.159299850463867 -39.02750015258789
vt 16.15850067138672 -39.0088005065918
vt 16.147899627685547 -39.0088005065918
vt 16.121200561523438 -39.01530075073242
vt 16.127599716186523 -39.037899017333984
vt 16.135400772094727 -39.027400970458984
vt 16.147899627685547 -39.0088005065918
vt 16.15850067138672 -39.0088005065918
vt 16.14900016784668 -39.00120162963867
vt 16.135400772094727 -39.027400970458984
vt 16.1289005279541 -39.004798889160156
vt 16.121200561523438 -39.01530075073242
vt 16.15850067138672 -39.0088005065918
vt 16.159400939941406 -39.002498626708984
vt 16.14900016784668 -39.00120162963867
vt 16.111099243164062 -38.99869918823242
vt 16.121200561523438 -39.01530075073242
vt 16.1289005279541 -39.004798889160156
vt 16.16029930114746 -38.99620056152344
vt 16.14900016784668 -39.00120162963867
vt 16.159400939941406 -39.002498626708984
vt 16.1289005279541 -39.004798889160156
vt 16.118799209594727 -38.98820114135742
vt 16.111099243164062 -38.99869918823242
vt 16.14900016784668 -39.00120162963867
vt 16.16029930114746 -38.99620056152344
vt 16.150100708007812 -38.99359893798828
vt 16.105100631713867 -38.9817008972168
vt 16.111099243164062 -38.99869918823242
vt 16.118799209594727 -38.98820114135742
vt 16.150100708007812 -38.99359893798828
vt 16.16029930114746 -38.99620056152344
vt 16.152599334716797 -38.987098693847656
vt 16.111099243164062 -38.99869918823242
vt 16.105100631713867 -38.9817008972168
vt 16.097400665283203 -38.9921989440918
vt 16.16029930114746 -38.99620056152344
vt 16.162700653076172 -38.99079895019531
vt 16.152599334716797 -38.987098693847656
vt 16.171300888061523 -38.97140121459961
vt 16.152599334716797 -38.987098693847656
vt 16.162700653076172 -38.99079895019531
vt 16.152599334716797 -38.987098693847656
vt 16.171300888061523 -38.97140121459961
vt 16.161699295043945 -38.96369934082031
vt 16.0856990814209 -38.97760009765625
vt 16.097400665283203 -38.9921989440918
vt 16.105100631713867 -38.9817008972168
vt 16.097400665283203 -38.9921989440918
vt 16.0856990814209 -38.97760009765625
vt 16.077899932861328 -38.98809814453125
vt 16.07080078125 -38.97050094604492
vt 16.077899932861328 -38.98809814453125
vt 16.0856990814209 -38.97760009765625
vt 16.077899932861328 -38.98809814453125
vt 16.07080078125 -38.97050094604492
vt 16.063100814819336 -38.98099899291992
vt 16.054800033569336 -38.974700927734375
vt 16.063100814819336 -38.98099899291992
vt 16.07080078125 -38.97050094604492
vt 16.04829978942871 -38.9650993347168
vt 16.054800033569336 -38.974700927734375
vt 16.07080078125 -38.97050094604492
vt 16.037099838256836 -38.95289993286133
vt 16.040300369262695 -38.95289993286133
vt 16.040300369262695 -38.950199127197266
vt 16.03380012512207 -38.95289993286133
vt 16.037099838256836 -38.95289993286133
vt 16.037099838256836 -38.950199127197266
vt 16.037099838256836 -38.95289993286133
vt 16.040300369262695 -38.950199127197266
vt 16.037099838256836 -38.950199127197266
vt 16.037099838256836 -38.950199127197266
vt 16.040300369262695 -38.950199127197266
vt 16.040300369262695 -38.94710159301758
vt 16.03380012512207 -38.95289993286133
vt 16.037099838256836 -38.950199127197266
vt 16.03380012512207 -38.950199127197266
vt 16.037099838256836 -38.950199127197266
vt 16.040300369262695 -38.94710159301758
vt 16.037099838256836 -38.94710159301758
vt 16.03380012512207 -38.950199127197266
vt 16.037099838256836 -38.950199127197266
vt 16.037099838256836 -38.94710159301758
vt 16.03380012512207 -38.950199127197266
vt 16.037099838256836 -38.94710159301758
vt 16.03380012512207 -38.94710159301758
vt 16.037099838256836 -38.94279861450195
vt 16.03380012512207 -38.939998626708984
vt 16.03380012512207 -38.94329833984375
vt 16.03380012512207 -38.939998626708984
vt 16.037099838256836 -38.94279861450195
vt 16.037099838256836 -38.939998626708984
vt 16.037099838256836 -38.94279861450195
vt 16.040300369262695 -38.939998626708984
vt 16.037099838256836 -38.939998626708984
vt 16.037099838256836 -38.94279861450195
vt 16.040300369262695 -38.94329833984375
vt 16.040300369262695 -38.939998626708984
vt 16.037099838256836 -38.94710159301758
vt 16.040300369262695 -38.94329833984375
vt 16.037099838256836 -38.94279861450195
vt 16.037099838256836 -38.94710159301758
vt 16.040300369262695 -38.94710159301758
vt 16.040300369262695 -38.94329833984375
vt 16.03380012512207 -38.94329833984375
vt 16.037099838256836 -38.94710159301758
vt 16.037099838256836 -38.94279861450195
vt 16.037099838256836 -38.94710159301758
vt 16.03380012512207 -38.94329833984375
vt 16.03380012512207 -38.94710159301758
vt 16.037099838256836 -38.94710159301758
vt 16.040300369262695 -38.95090103149414
vt 16.040300369262695 -38.94710159301758
vt 16.040300369262695 -38.95090103149414
vt 16.037099838256836 -38.94710159301758
vt 16.037099838256836 -38.95140075683594
vt 16.03380012512207 -38.95090103149414
vt 16.037099838256836 -38.94710159301758
vt 16.03380012512207 -38.94710159301758
vt 16.03380012512207 -38.95090103149414
vt 16.037099838256836 -38.95140075683594
vt 16.037099838256836 -38.94710159301758
vt 16.037099838256836 -38.95140075683594
vt 16.040300369262695 -38.954200744628906
vt 16.040300369262695 -38.95090103149414
vt 16.040300369262695 -38.954200744628906
vt 16.037099838256836 -38.95140075683594
vt 16.037099838256836 -38.95500183105469
vt 16.03380012512207 -38.954200744628906
vt 16.037099838256836 -38.95500183105469
vt 16.037099838256836 -38.95140075683594
vt 16.03380012512207 -38.954200744628906
vt 16.037099838256836 -38.95140075683594
vt 16.03380012512207 -38.95090103149414
vt 15.827799797058105 -38.950801849365234
vt 15.83240032196045 -38.95119857788086
vt 15.83240032196045 -38.946998596191406
vt 15.827799797058105 -38.950801849365234
vt 15.83240032196045 -38.946998596191406
vt 15.827799797058105 -38.946998596191406
vt 15.836999893188477 -38.950801849365234
vt 15.83240032196045 -38.946998596191406
vt 15.83240032196045 -38.95119857788086
vt 15.83240032196045 -38.946998596191406
vt 15.836999893188477 -38.950801849365234
vt 15.836999893188477 -38.946998596191406
vt 15.83240032196045 -38.95119857788086
vt 15.836999893188477 -38.95399856567383
vt 15.836999893188477 -38.950801849365234
vt 15.836999893188477 -38.95399856567383
vt 15.83240032196045 -38.95119857788086
vt 15.83240032196045 -38.9547004699707
vt 15.827799797058105 -38.95399856567383
vt 15.83240032196045 -38.9547004699707
vt 15.83240032196045 -38.95119857788086
vt 15.827799797058105 -38.95399856567383
vt 15.83240032196045 -38.95119857788086
vt 15.827799797058105 -38.950801849365234
vt 16.147899627685547 -39.0088005065918
vt 16.13640022277832 -38.99959945678711
vt 16.142900466918945 -39.022300720214844
vt 16.142900466918945 -39.022300720214844
vt 16.149599075317383 -39.033199310302734
vt 16.147899627685547 -39.0088005065918
vt 16.13640022277832 -38.99959945678711
vt 16.147899627685547 -39.0088005065918
vt 16.14900016784668 -39.00120162963867
vt 16.14900016784668 -39.00120162963867
vt 16.127500534057617 -38.98500061035156
vt 16.13640022277832 -38.99959945678711
vt 16.150100708007812 -38.99359893798828
vt 16.127500534057617 -38.98500061035156
vt 16.14900016784668 -39.00120162963867
vt 16.152599334716797 -38.987098693847656
vt 16.127500534057617 -38.98500061035156
vt 16.150100708007812 -38.99359893798828
vt 16.152599334716797 -38.987098693847656
vt 16.125699996948242 -38.97909927368164
vt 16.127500534057617 -38.98500061035156
vt 16.152599334716797 -38.987098693847656
vt 16.129199981689453 -38.95880126953125
vt 16.125699996948242 -38.97909927368164
vt 16.129199981689453 -38.95880126953125
vt 16.152599334716797 -38.987098693847656
vt 16.161699295043945 -38.96369934082031
vt 16.03380012512207 -38.94710159301758
vt 16.037099838256836 -38.94710159301758
vt 16.037099838256836 -38.944000244140625
vt 16.03380012512207 -38.94710159301758
vt 16.037099838256836 -38.944000244140625
vt 16.03380012512207 -38.944000244140625
vt 16.037099838256836 -38.944000244140625
vt 16.03380012512207 -38.94129943847656
vt 16.03380012512207 -38.944000244140625
vt 16.037099838256836 -38.94710159301758
vt 16.040300369262695 -38.944000244140625
vt 16.037099838256836 -38.944000244140625
vt 16.037099838256836 -38.94710159301758
vt 16.040300369262695 -38.94710159301758
vt 16.040300369262695 -38.944000244140625
vt 16.03380012512207 -38.94129943847656
vt 16.037099838256836 -38.944000244140625
vt 16.037099838256836 -38.94129943847656
vt 16.040300369262695 -38.944000244140625
vt 16.037099838256836 -38.94129943847656
vt 16.037099838256836 -38.944000244140625
vt 16.037099838256836 -38.94129943847656
vt 16.040300369262695 -38.944000244140625
vt 16.040300369262695 -38.94129943847656
vt 15.83240032196045 -38.952701568603516
vt 15.827799797058105 -38.95009994506836
vt 15.827799797058105 -38.952701568603516
vt 15.836999893188477 -38.952701568603516
vt 15.83240032196045 -38.95009994506836
vt 15.83240032196045 -38.952701568603516
vt 15.827799797058105 -38.95009994506836
vt 15.83240032196045 -38.952701568603516
vt 15.83240032196045 -38.95009994506836
vt 15.83240032196045 -38.95009994506836
vt 15.836999893188477 -38.952701568603516
vt 15.836999893188477 -38.95009994506836
vt 15.83240032196045 -38.95009994506836
vt 15.827799797058105 -38.946998596191406
vt 15.827799797058105 -38.95009994506836
vt 15.836999893188477 -38.95009994506836
vt 15.83240032196045 -38.946998596191406
vt 15.83240032196045 -38.95009994506836
vt 15.827799797058105 -38.946998596191406
vt 15.83240032196045 -38.95009994506836
vt 15.83240032196045 -38.946998596191406
vt 15.83240032196045 -38.946998596191406
vt 15.836999893188477 -38.95009994506836
vt 15.836999893188477 -38.946998596191406
vt 15.83240032196045 -38.946998596191406
vt 15.827799797058105 -38.94380187988281
vt 15.827799797058105 -38.946998596191406
vt 15.836999893188477 -38.946998596191406
vt 15.83240032196045 -38.94380187988281
vt 15.83240032196045 -38.946998596191406
vt 15.827799797058105 -38.94380187988281
vt 15.83240032196045 -38.946998596191406
vt 15.83240032196045 -38.94380187988281
vt 15.83240032196045 -38.94380187988281
vt 15.836999893188477 -38.946998596191406
vt 15.836999893188477 -38.94380187988281
vt 15.83240032196045 -38.94380187988281
vt 15.827799797058105 -38.941200256347656
vt 15.827799797058105 -38.94380187988281
vt 15.836999893188477 -38.94380187988281
vt 15.83240032196045 -38.941200256347656
vt 15.83240032196045 -38.94380187988281
vt 15.827799797058105 -38.941200256347656
vt 15.83240032196045 -38.94380187988281
vt 15.83240032196045 -38.941200256347656
vt 15.83240032196045 -38.941200256347656
vt 15.836999893188477 -38.94380187988281
vt 15.836999893188477 -38.941200256347656
vt 15.996899604797363 -38.954498291015625
vt 15.994199752807617 -38.952701568603516
vt 15.99489974975586 -38.955299377441406
vt 15.994199752807617 -38.952701568603516
vt 15.992899894714355 -38.95399856567383
vt 15.99489974975586 -38.955299377441406
vt 15.994199752807617 -38.952701568603516
vt 15.990799903869629 -38.950801849365234
vt 15.992899894714355 -38.95399856567383
vt 15.990799903869629 -38.950801849365234
vt 15.994199752807617 -38.952701568603516
vt 15.992500305175781 -38.95009994506836
vt 15.991800308227539 -38.946998596191406
vt 15.990799903869629 -38.950801849365234
vt 15.992500305175781 -38.95009994506836
vt 15.990799903869629 -38.950801849365234
vt 15.991800308227539 -38.946998596191406
vt 15.989999771118164 -38.946998596191406
vt 15.989999771118164 -38.946998596191406
vt 15.991800308227539 -38.946998596191406
vt 15.990799903869629 -38.94309997558594
vt 15.992500305175781 -38.94380187988281
vt 15.990799903869629 -38.94309997558594
vt 15.991800308227539 -38.946998596191406
vt 15.994199752807617 -38.941200256347656
vt 15.990799903869629 -38.94309997558594
vt 15.992500305175781 -38.94380187988281
vt 15.990799903869629 -38.94309997558594
vt 15.994199752807617 -38.941200256347656
vt 15.992899894714355 -38.93989944458008
vt 15.996899604797363 -38.93939971923828
vt 15.992899894714355 -38.93989944458008
vt 15.994199752807617 -38.941200256347656
vt 15.992899894714355 -38.93989944458008
vt 15.996899604797363 -38.93939971923828
vt 15.996199607849121 -38.93769836425781
vt 16 -38.93880081176758
vt 15.996199607849121 -38.93769836425781
vt 15.996899604797363 -38.93939971923828
vt 15.996199607849121 -38.93769836425781
vt 16 -38.93880081176758
vt 16 -38.9370002746582
vt 16.003799438476562 -38.93769836425781
vt 16 -38.9370002746582
vt 16 -38.93880081176758
vt 16.00309944152832 -38.93939971923828
vt 16.003799438476562 -38.93769836425781
vt 16 -38.93880081176758
vt 16.003799438476562 -38.93769836425781
vt 16.00309944152832 -38.93939971923828
vt 16.007099151611328 -38.93989944458008
vt 16.005800247192383 -38.941200256347656
vt 16.007099151611328 -38.93989944458008
vt 16.00309944152832 -38.93939971923828
vt 16.007099151611328 -38.93989944458008
vt 16.005800247192383 -38.941200256347656
vt 16.009199142456055 -38.94309997558594
vt 16.009199142456055 -38.94309997558594
vt 16.005800247192383 -38.941200256347656
vt 16.00749969482422 -38.94380187988281
vt 16.00819969177246 -38.946998596191406
vt 16.009199142456055 -38.94309997558594
vt 16.00749969482422 -38.94380187988281
vt 16.009199142456055 -38.94309997558594
vt 16.00819969177246 -38.946998596191406
vt 16.010000228881836 -38.946998596191406
vt 16.00819969177246 -38.946998596191406
vt 16.009199142456055 -38.950801849365234
vt 16.010000228881836 -38.946998596191406
vt 16.009199142456055 -38.950801849365234
vt 16.00819969177246 -38.946998596191406
vt 16.00749969482422 -38.95009994506836
vt 16.005800247192383 -38.952701568603516
vt 16.009199142456055 -38.950801849365234
vt 16.00749969482422 -38.95009994506836
vt 16.009199142456055 -38.950801849365234
vt 16.005800247192383 -38.952701568603516
vt 16.007099151611328 -38.95399856567383
vt 16.005800247192383 -38.952701568603516
vt 16.00510025024414 -38.955299377441406
vt 16.007099151611328 -38.95399856567383
vt 16.00510025024414 -38.955299377441406
vt 16.005800247192383 -38.952701568603516
vt 16.00309944152832 -38.954498291015625
vt 16.00510025024414 -38.93870162963867
vt 16.005800247192383 -38.94129943847656
vt 16.007099151611328 -38.939998626708984
vt 16.005800247192383 -38.94129943847656
vt 16.00510025024414 -38.93870162963867
vt 16.00309944152832 -38.93960189819336
vt 16.00749969482422 -38.944000244140625
vt 16.007099151611328 -38.939998626708984
vt 16.005800247192383 -38.94129943847656
vt 16.007099151611328 -38.939998626708984
vt 16.00749969482422 -38.944000244140625
vt 16.009199142456055 -38.94329833984375
vt 16.00819969177246 -38.94710159301758
vt 16.009199142456055 -38.94329833984375
vt 16.00749969482422 -38.944000244140625
vt 16.009199142456055 -38.94329833984375
vt 16.00819969177246 -38.94710159301758
vt 16.010000228881836 -38.94710159301758
vt 16.010000228881836 -38.94710159301758
vt 16.00819969177246 -38.94710159301758
vt 16.009199142456055 -38.95090103149414
vt 16.00749969482422 -38.950199127197266
vt 16.009199142456055 -38.95090103149414
vt 16.00819969177246 -38.94710159301758
vt 16.009199142456055 -38.95090103149414
vt 16.00749969482422 -38.950199127197266
vt 16.007099151611328 -38.954200744628906
vt 16.005800247192383 -38.95289993286133
vt 16.007099151611328 -38.954200744628906
vt 16.00749969482422 -38.950199127197266
vt 16.007099151611328 -38.954200744628906
vt 16.005800247192383 -38.95289993286133
vt 16.003799438476562 -38.956298828125
vt 16.003799438476562 -38.956298828125
vt 16.005800247192383 -38.95289993286133
vt 16.00309944152832 -38.9546012878418
vt 16 -38.955299377441406
vt 16.003799438476562 -38.956298828125
vt 16.00309944152832 -38.9546012878418
vt 16.003799438476562 -38.956298828125
vt 16 -38.955299377441406
vt 16 -38.95709991455078
vt 16 -38.955299377441406
vt 15.996199607849121 -38.956298828125
vt 16 -38.95709991455078
vt 15.996899604797363 -38.9546012878418
vt 15.996199607849121 -38.956298828125
vt 16 -38.955299377441406
vt 15.994199752807617 -38.95289993286133
vt 15.996199607849121 -38.956298828125
vt 15.996899604797363 -38.9546012878418
vt 15.996199607849121 -38.956298828125
vt 15.994199752807617 -38.95289993286133
vt 15.992899894714355 -38.954200744628906
vt 15.992899894714355 -38.954200744628906
vt 15.994199752807617 -38.95289993286133
vt 15.990799903869629 -38.95090103149414
vt 15.990799903869629 -38.95090103149414
vt 15.994199752807617 -38.95289993286133
vt 15.992500305175781 -38.950199127197266
vt 15.991800308227539 -38.94710159301758
vt 15.990799903869629 -38.95090103149414
vt 15.992500305175781 -38.950199127197266
vt 15.990799903869629 -38.95090103149414
vt 15.991800308227539 -38.94710159301758
vt 15.989999771118164 -38.94710159301758
vt 15.991800308227539 -38.94710159301758
vt 15.990799903869629 -38.94329833984375
vt 15.989999771118164 -38.94710159301758
vt 15.990799903869629 -38.94329833984375
vt 15.991800308227539 -38.94710159301758
vt 15.992500305175781 -38.944000244140625
vt 15.994199752807617 -38.94129943847656
vt 15.990799903869629 -38.94329833984375
vt 15.992500305175781 -38.944000244140625
vt 15.990799903869629 -38.94329833984375
vt 15.994199752807617 -38.94129943847656
vt 15.992899894714355 -38.939998626708984
vt 15.994199752807617 -38.94129943847656
vt 15.99489974975586 -38.93870162963867
vt 15.992899894714355 -38.939998626708984
vt 15.99489974975586 -38.93870162963867
vt 15.994199752807617 -38.94129943847656
vt 15.996899604797363 -38.93960189819336
vt 15.986599922180176 -38.9650993347168
vt 15.986599922180176 -38.974700927734375
vt 16 -38.9650993347168
vt 15.986599922180176 -38.974700927734375
vt 16 -38.974700927734375
vt 16 -38.9650993347168
vt 16 -38.9650993347168
vt 16 -38.974700927734375
vt 16.013399124145508 -38.974700927734375
vt 16 -38.9650993347168
vt 16.013399124145508 -38.974700927734375
vt 16.013399124145508 -38.9650993347168
vt 15.986599922180176 -38.99869918823242
vt 15.986599922180176 -39.01530075073242
vt 16 -38.99869918823242
vt 16 -38.99869918823242
vt 16.013399124145508 -39.01530075073242
vt 16.013399124145508 -38.99869918823242
vt 16 -38.99869918823242
vt 16 -39.01530075073242
vt 16.013399124145508 -39.01530075073242
vt 15.986599922180176 -39.01530075073242
vt 16 -39.01530075073242
vt 16 -38.99869918823242
vt 16 -39.01530075073242
vt 16.013399124145508 -39.037899017333984
vt 16.013399124145508 -39.01530075073242
vt 15.986599922180176 -39.01530075073242
vt 15.986599922180176 -39.037899017333984
vt 16 -39.01530075073242
vt 16 -39.01530075073242
vt 16 -39.037899017333984
vt 16.013399124145508 -39.037899017333984
vt 15.986599922180176 -39.037899017333984
vt 16 -39.037899017333984
vt 16 -39.01530075073242
vt 16 -39.037899017333984
vt 16.013399124145508 -39.049800872802734
vt 16.013399124145508 -39.037899017333984
vt 15.986599922180176 -39.037899017333984
vt 15.986599922180176 -39.049800872802734
vt 16 -39.037899017333984
vt 16 -39.037899017333984
vt 16 -39.049800872802734
vt 16.013399124145508 -39.049800872802734
vt 15.986599922180176 -39.049800872802734
vt 16 -39.049800872802734
vt 16 -39.037899017333984
vt 15.991900444030762 -39.033199310302734
vt 15.991900444030762 -39.047000885009766
vt 16 -39.033199310302734
vt 15.991900444030762 -39.047000885009766
vt 16 -39.047000885009766
vt 16 -39.033199310302734
vt 16 -39.033199310302734
vt 16 -39.047000885009766
vt 16.008100509643555 -39.047000885009766
vt 16 -39.033199310302734
vt 16.008100509643555 -39.047000885009766
vt 16.008100509643555 -39.033199310302734
vt 16 -39.033199310302734
vt 15.994000434875488 -39.022300720214844
vt 15.991900444030762 -39.033199310302734
vt 16.006000518798828 -39.022300720214844
vt 16 -39.033199310302734
vt 16.008100509643555 -39.033199310302734
vt 15.994000434875488 -39.022300720214844
vt 16 -39.033199310302734
vt 16 -39.022300720214844
vt 16 -39.033199310302734
vt 16.006000518798828 -39.022300720214844
vt 16 -39.022300720214844
vt 16 -39.022300720214844
vt 15.996100425720215 -38.99959945678711
vt 15.994000434875488 -39.022300720214844
vt 16.0039005279541 -38.99959945678711
vt 16 -39.022300720214844
vt 16.006000518798828 -39.022300720214844
vt 15.996100425720215 -38.99959945678711
vt 16 -39.022300720214844
vt 16 -38.99959945678711
vt 16 -39.022300720214844
vt 16.0039005279541 -38.99959945678711
vt 16 -38.99959945678711
vt 16 -38.99959945678711
vt 16 -38.98500061035156
vt 15.996100425720215 -38.99959945678711
vt 16 -38.98500061035156
vt 16 -38.99959945678711
vt 16.0039005279541 -38.99959945678711
vt 15.996100425720215 -38.98500061035156
vt 15.996100425720215 -38.99959945678711
vt 16 -38.98500061035156
vt 16 -38.98500061035156
vt 16.0039005279541 -38.99959945678711
vt 16.0039005279541 -38.98500061035156
vt 15.996100425720215 -38.98500061035156
vt 16 -38.98500061035156
vt 16 -38.97909927368164
vt 16 -38.97909927368164
vt 16 -38.98500061035156
vt 16.0039005279541 -38.98500061035156
vt 15.996100425720215 -38.97909927368164
vt 15.996100425720215 -38.98500061035156
vt 16 -38.97909927368164
vt 16 -38.97909927368164
vt 16.0039005279541 -38.98500061035156
vt 16.0039005279541 -38.97909927368164
vt 16 -38.97909927368164
vt 16 -38.95880126953125
vt 15.996100425720215 -38.97909927368164
vt 16 -38.95880126953125
vt 16 -38.97909927368164
vt 16.0039005279541 -38.97909927368164
vt 15.996100425720215 -38.95880126953125
vt 15.996100425720215 -38.97909927368164
vt 16 -38.95880126953125
vt 16 -38.95880126953125
vt 16.0039005279541 -38.97909927368164
vt 16.0039005279541 -38.95880126953125
vt 15.827799797058105 -39.00709915161133
vt 15.83240032196045 -39.00790023803711
vt 15.827799797058105 -39.00510025024414
vt 15.827799797058105 -38.99290084838867
vt 15.827799797058105 -38.99489974975586
vt 15.83240032196045 -38.99209976196289
vt 16.040300369262695 -38.99689865112305
vt 16.037099838256836 -38.99420166015625
vt 16.037099838256836 -38.99689865112305
vt 16.037099838256836 -38.99420166015625
vt 16.040300369262695 -38.99689865112305
vt 16.040300369262695 -38.99420166015625
vt 16.03380012512207 -38.99420166015625
vt 16.037099838256836 -38.99689865112305
vt 16.037099838256836 -38.99420166015625
vt 16.037099838256836 -38.99689865112305
vt 16.03380012512207 -38.99420166015625
vt 16.03380012512207 -38.99689865112305
vt 15.83240032196045 -39.00790023803711
vt 15.836999893188477 -39.00510025024414
vt 15.83240032196045 -39.00510025024414
vt 16.037099838256836 -39.00429916381836
vt 16.040300369262695 -39.00709915161133
vt 16.040300369262695 -39.00379943847656
vt 16.040300369262695 -39.00709915161133
vt 16.037099838256836 -39.00429916381836
vt 16.037099838256836 -39.00790023803711
vt 16.03380012512207 -39.00709915161133
vt 16.037099838256836 -39.00790023803711
vt 16.037099838256836 -39.00429916381836
vt 16.03380012512207 -39.00709915161133
vt 16.037099838256836 -39.00429916381836
vt 16.03380012512207 -39.00379943847656
vt 16.037099838256836 -38.99570083618164
vt 16.040300369262695 -38.99290084838867
vt 16.037099838256836 -38.99209976196289
vt 16.037099838256836 -38.99570083618164
vt 16.040300369262695 -38.99620056152344
vt 16.040300369262695 -38.99290084838867
vt 16.03380012512207 -38.99290084838867
vt 16.037099838256836 -38.99570083618164
vt 16.037099838256836 -38.99209976196289
vt 16.037099838256836 -38.99570083618164
vt 16.03380012512207 -38.99290084838867
vt 16.03380012512207 -38.99620056152344
vt 16.03380012512207 -38.99620056152344
vt 16.037099838256836 -39
vt 16.037099838256836 -38.99570083618164
vt 16.037099838256836 -39
vt 16.03380012512207 -38.99620056152344
vt 16.03380012512207 -39
vt 16.037099838256836 -39
vt 16.040300369262695 -38.99620056152344
vt 16.037099838256836 -38.99570083618164
vt 16.037099838256836 -39
vt 16.040300369262695 -39
vt 16.040300369262695 -38.99620056152344
vt 16.037099838256836 -39
vt 16.040300369262695 -39.00379943847656
vt 16.040300369262695 -39
vt 16.040300369262695 -39.00379943847656
vt 16.037099838256836 -39
vt 16.037099838256836 -39.00429916381836
vt 16.03380012512207 -39.00379943847656
vt 16.037099838256836 -39
vt 16.03380012512207 -39
vt 16.03380012512207 -39.00379943847656
vt 16.037099838256836 -39.00429916381836
vt 16.037099838256836 -39
vt 15.83240032196045 -38.99489974975586
vt 15.836999893188477 -38.99489974975586
vt 15.83240032196045 -38.99209976196289
vt 15.83240032196045 -38.99209976196289
vt 15.827799797058105 -38.99489974975586
vt 15.83240032196045 -38.99489974975586
vt 15.827799797058105 -39.00510025024414
vt 15.83240032196045 -39.00790023803711
vt 15.83240032196045 -39.00510025024414
vt 15.827799797058105 -38.99689865112305
vt 15.83240032196045 -38.99689865112305
vt 15.83240032196045 -38.99489974975586
vt 15.827799797058105 -38.99689865112305
vt 15.83240032196045 -38.99489974975586
vt 15.827799797058105 -38.99489974975586
vt 15.836999893188477 -39.00510025024414
vt 15.83240032196045 -39.00310134887695
vt 15.83240032196045 -39.00510025024414
vt 15.83240032196045 -39.00310134887695
vt 15.836999893188477 -39.00510025024414
vt 15.836999893188477 -39.00310134887695
vt 15.83240032196045 -39.00510025024414
vt 15.827799797058105 -39.00310134887695
vt 15.827799797058105 -39.00510025024414
vt 15.827799797058105 -39.00310134887695
vt 15.83240032196045 -39.00510025024414
vt 15.83240032196045 -39.00310134887695
vt 15.83240032196045 -38.99689865112305
vt 15.836999893188477 -38.99689865112305
vt 15.836999893188477 -38.99489974975586
vt 15.83240032196045 -38.99689865112305
vt 15.836999893188477 -38.99489974975586
vt 15.83240032196045 -38.99489974975586
vt 16.037099838256836 -39.00579833984375
vt 16.03380012512207 -39.00310134887695
vt 16.03380012512207 -39.00579833984375
vt 16.03380012512207 -39.00310134887695
vt 16.037099838256836 -39.00579833984375
vt 16.037099838256836 -39.00310134887695
vt 16.040300369262695 -39.00579833984375
vt 16.037099838256836 -39.00310134887695
vt 16.037099838256836 -39.00579833984375
vt 16.037099838256836 -39.00310134887695
vt 16.040300369262695 -39.00579833984375
vt 16.040300369262695 -39.00310134887695
vt 15.83240032196045 -39.00579833984375
vt 15.836999893188477 -39.00579833984375
vt 15.836999893188477 -39.00310134887695
vt 15.827799797058105 -39.00579833984375
vt 15.83240032196045 -39.00579833984375
vt 15.83240032196045 -39.00310134887695
vt 15.83240032196045 -39.00579833984375
vt 15.836999893188477 -39.00310134887695
vt 15.83240032196045 -39.00310134887695
vt 15.827799797058105 -39.00579833984375
vt 15.83240032196045 -39.00310134887695
vt 15.827799797058105 -39.00310134887695
vt 15.83240032196045 -39.00310134887695
vt 15.836999893188477 -39.00310134887695
vt 15.836999893188477 -39
vt 15.827799797058105 -39.00310134887695
vt 15.83240032196045 -39.00310134887695
vt 15.83240032196045 -39
vt 15.83240032196045 -39.00310134887695
vt 15.836999893188477 -39
vt 15.83240032196045 -39
vt 15.827799797058105 -39.00310134887695
vt 15.83240032196045 -39
vt 15.827799797058105 -39
vt 15.83240032196045 -39
vt 15.836999893188477 -39
vt 15.836999893188477 -38.99689865112305
vt 15.827799797058105 -39
vt 15.83240032196045 -39
vt 15.83240032196045 -38.99689865112305
vt 15.83240032196045 -39
vt 15.836999893188477 -38.99689865112305
vt 15.83240032196045 -38.99689865112305
vt 15.827799797058105 -39
vt 15.83240032196045 -38.99689865112305
vt 15.827799797058105 -38.99689865112305
vt 15.83240032196045 -38.99689865112305
vt 15.836999893188477 -38.99689865112305
vt 15.836999893188477 -38.99420166015625
vt 15.827799797058105 -38.99689865112305
vt 15.83240032196045 -38.99689865112305
vt 15.83240032196045 -38.99420166015625
vt 15.83240032196045 -38.99689865112305
vt 15.836999893188477 -38.99420166015625
vt 15.83240032196045 -38.99420166015625
vt 15.827799797058105 -38.99689865112305
vt 15.83240032196045 -38.99420166015625
vt 15.827799797058105 -38.99420166015625
vt 16.054800033569336 -39.01340103149414
vt 16.063100814819336 -39.01340103149414
vt 16.054800033569336 -39
vt 16.054800033569336 -39
vt 16.063100814819336 -38.98659896850586
vt 16.054800033569336 -38.98659896850586
vt 16.063100814819336 -39.01340103149414
vt 16.063100814819336 -39
vt 16.054800033569336 -39
vt 16.054800033569336 -39
vt 16.063100814819336 -39
vt 16.063100814819336 -38.98659896850586
vt 16.063100814819336 -39.01340103149414
vt 16.077899932861328 -39.01340103149414
vt 16.063100814819336 -39
vt 16.063100814819336 -39
vt 16.077899932861328 -38.98659896850586
vt 16.063100814819336 -38.98659896850586
vt 16.077899932861328 -39.01340103149414
vt 16.077899932861328 -39
vt 16.063100814819336 -39
vt 16.063100814819336 -39
vt 16.077899932861328 -39
vt 16.077899932861328 -38.98659896850586
vt 16.097400665283203 -39.01340103149414
vt 16.111099243164062 -39.01340103149414
vt 16.097400665283203 -39
vt 16.111099243164062 -39.01340103149414
vt 16.111099243164062 -39
vt 16.097400665283203 -39
vt 16.097400665283203 -39.01340103149414
vt 16.097400665283203 -39
vt 16.077899932861328 -39
vt 16.077899932861328 -39.01340103149414
vt 16.097400665283203 -39.01340103149414
vt 16.077899932861328 -39
vt 16.097400665283203 -39
vt 16.111099243164062 -39
vt 16.111099243164062 -38.98659896850586
vt 16.097400665283203 -39
vt 16.111099243164062 -38.98659896850586
vt 16.097400665283203 -38.98659896850586
vt 16.077899932861328 -39
vt 16.097400665283203 -39
vt 16.097400665283203 -38.98659896850586
vt 16.077899932861328 -39
vt 16.097400665283203 -38.98659896850586
vt 16.077899932861328 -38.98659896850586
vt 16.14620018005371 -39
vt 16.134700775146484 -38.98659896850586
vt 16.134700775146484 -39
vt 16.134700775146484 -39.01340103149414
vt 16.14620018005371 -39
vt 16.134700775146484 -39
vt 16.134700775146484 -38.98659896850586
vt 16.14620018005371 -39
vt 16.14620018005371 -38.98659896850586
vt 16.14620018005371 -39
vt 16.134700775146484 -39.01340103149414
vt 16.14620018005371 -39.01340103149414
vt 16.15719985961914 -39
vt 16.14620018005371 -38.98659896850586
vt 16.14620018005371 -39
vt 16.14620018005371 -39.01340103149414
vt 16.15719985961914 -39
vt 16.14620018005371 -39
vt 16.14620018005371 -38.98659896850586
vt 16.15719985961914 -39
vt 16.15719985961914 -38.98659896850586
vt 16.15719985961914 -39
vt 16.14620018005371 -39.01340103149414
vt 16.15719985961914 -39.01340103149414
vt 16.172199249267578 -39
vt 16.15719985961914 -38.98659896850586
vt 16.15719985961914 -39
vt 16.15719985961914 -39.01340103149414
vt 16.172199249267578 -39
vt 16.15719985961914 -39
vt 16.15719985961914 -38.98659896850586
vt 16.172199249267578 -39
vt 16.172199249267578 -38.98659896850586
vt 16.172199249267578 -39.01340103149414
vt 16.172199249267578 -39
vt 16.15719985961914 -39.01340103149414
vt 15.836999893188477 -39.00510025024414
vt 15.83240032196045 -39.00790023803711
vt 15.836999893188477 -39.00709915161133
vt 15.836999893188477 -38.99489974975586
vt 15.836999893188477 -38.99290084838867
vt 15.83240032196045 -38.99209976196289
vt 15.84280014038086 -39.06380081176758
vt 15.835100173950195 -39.05329895019531
vt 15.827799797058105 -39.06420135498047
vt 15.84280014038086 -39.06380081176758
vt 15.848199844360352 -39.047000885009766
vt 15.835100173950195 -39.05329895019531
vt 15.848199844360352 -39.047000885009766
vt 15.84280014038086 -39.06380081176758
vt 15.853799819946289 -39.059200286865234
vt 15.835100173950195 -39.05329895019531
vt 15.848199844360352 -39.047000885009766
vt 15.837900161743164 -39.0458984375
vt 15.848199844360352 -39.047000885009766
vt 15.853799819946289 -39.059200286865234
vt 15.865300178527832 -39.049800872802734
vt 15.8503999710083 -39.033199310302734
vt 15.837900161743164 -39.0458984375
vt 15.848199844360352 -39.047000885009766
vt 15.865300178527832 -39.049800872802734
vt 15.857600212097168 -39.03929901123047
vt 15.848199844360352 -39.047000885009766
vt 15.837900161743164 -39.0458984375
vt 15.8503999710083 -39.033199310302734
vt 15.840700149536133 -39.02750015258789
vt 15.865300178527832 -39.049800872802734
vt 15.872400283813477 -39.037899017333984
vt 15.857600212097168 -39.03929901123047
vt 15.852100372314453 -39.0088005065918
vt 15.840700149536133 -39.02750015258789
vt 15.8503999710083 -39.033199310302734
vt 15.872400283813477 -39.037899017333984
vt 15.86460018157959 -39.027400970458984
vt 15.857600212097168 -39.03929901123047
vt 15.852100372314453 -39.0088005065918
vt 15.841500282287598 -39.0088005065918
vt 15.840700149536133 -39.02750015258789
vt 15.872400283813477 -39.037899017333984
vt 15.878800392150879 -39.01530075073242
vt 15.86460018157959 -39.027400970458984
vt 15.85099983215332 -39.00120162963867
vt 15.841500282287598 -39.0088005065918
vt 15.852100372314453 -39.0088005065918
vt 15.871100425720215 -39.004798889160156
vt 15.86460018157959 -39.027400970458984
vt 15.878800392150879 -39.01530075073242
vt 15.85099983215332 -39.00120162963867
vt 15.84060001373291 -39.002498626708984
vt 15.841500282287598 -39.0088005065918
vt 15.878800392150879 -39.01530075073242
vt 15.888899803161621 -38.99869918823242
vt 15.871100425720215 -39.004798889160156
vt 15.85099983215332 -39.00120162963867
vt 15.839699745178223 -38.99620056152344
vt 15.84060001373291 -39.002498626708984
vt 15.888899803161621 -38.99869918823242
vt 15.881199836730957 -38.98820114135742
vt 15.871100425720215 -39.004798889160156
vt 15.839699745178223 -38.99620056152344
vt 15.85099983215332 -39.00120162963867
vt 15.849900245666504 -38.99359893798828
vt 15.888899803161621 -38.99869918823242
vt 15.89490032196045 -38.9817008972168
vt 15.881199836730957 -38.98820114135742
vt 15.839699745178223 -38.99620056152344
vt 15.849900245666504 -38.99359893798828
vt 15.847399711608887 -38.987098693847656
vt 15.89490032196045 -38.9817008972168
vt 15.888899803161621 -38.99869918823242
vt 15.902600288391113 -38.9921989440918
vt 15.847399711608887 -38.987098693847656
vt 15.837300300598145 -38.99079895019531
vt 15.839699745178223 -38.99620056152344
vt 15.847399711608887 -38.987098693847656
vt 15.828700065612793 -38.97140121459961
vt 15.837300300598145 -38.99079895019531
vt 15.828700065612793 -38.97140121459961
vt 15.847399711608887 -38.987098693847656
vt 15.838299751281738 -38.96369934082031
vt 15.902600288391113 -38.9921989440918
vt 15.914299964904785 -38.97760009765625
vt 15.89490032196045 -38.9817008972168
vt 15.914299964904785 -38.97760009765625
vt 15.902600288391113 -38.9921989440918
vt 15.922100067138672 -38.98809814453125
vt 15.922100067138672 -38.98809814453125
vt 15.929200172424316 -38.97050094604492
vt 15.914299964904785 -38.97760009765625
vt 15.929200172424316 -38.97050094604492
vt 15.922100067138672 -38.98809814453125
vt 15.93690013885498 -38.98099899291992
vt 15.945199966430664 -38.974700927734375
vt 15.929200172424316 -38.97050094604492
vt 15.93690013885498 -38.98099899291992
vt 15.951700210571289 -38.9650993347168
vt 15.929200172424316 -38.97050094604492
vt 15.945199966430664 -38.974700927734375
vt 15.96619987487793 -38.94329833984375
vt 15.962900161743164 -38.94279861450195
vt 15.962900161743164 -38.94710159301758
vt 15.96619987487793 -38.94329833984375
vt 15.962900161743164 -38.94710159301758
vt 15.96619987487793 -38.94710159301758
vt 15.959699630737305 -38.94329833984375
vt 15.962900161743164 -38.94710159301758
vt 15.962900161743164 -38.94279861450195
vt 15.962900161743164 -38.94710159301758
vt 15.959699630737305 -38.94329833984375
vt 15.959699630737305 -38.94710159301758
vt 15.962900161743164 -38.94279861450195
vt 15.959699630737305 -38.939998626708984
vt 15.959699630737305 -38.94329833984375
vt 15.959699630737305 -38.939998626708984
vt 15.962900161743164 -38.94279861450195
vt 15.962900161743164 -38.939998626708984
vt 15.96619987487793 -38.939998626708984
vt 15.962900161743164 -38.939998626708984
vt 15.962900161743164 -38.94279861450195
vt 15.96619987487793 -38.939998626708984
vt 15.962900161743164 -38.94279861450195
vt 15.96619987487793 -38.94329833984375
vt 15.962900161743164 -38.94129943847656
vt 15.96619987487793 -38.944000244140625
vt 15.96619987487793 -38.94129943847656
vt 15.959699630737305 -38.94129943847656
vt 15.962900161743164 -38.944000244140625
vt 15.962900161743164 -38.94129943847656
vt 15.96619987487793 -38.944000244140625
vt 15.962900161743164 -38.94129943847656
vt 15.962900161743164 -38.944000244140625
vt 15.962900161743164 -38.944000244140625
vt 15.959699630737305 -38.94129943847656
vt 15.959699630737305 -38.944000244140625
vt 15.962900161743164 -38.944000244140625
vt 15.96619987487793 -38.94710159301758
vt 15.96619987487793 -38.944000244140625
vt 15.959699630737305 -38.944000244140625
vt 15.962900161743164 -38.94710159301758
vt 15.962900161743164 -38.944000244140625
vt 15.96619987487793 -38.94710159301758
vt 15.962900161743164 -38.944000244140625
vt 15.962900161743164 -38.94710159301758
vt 15.962900161743164 -38.94710159301758
vt 15.959699630737305 -38.944000244140625
vt 15.959699630737305 -38.94710159301758
vt 15.962900161743164 -38.94710159301758
vt 15.96619987487793 -38.950199127197266
vt 15.96619987487793 -38.94710159301758
vt 15.959699630737305 -38.94710159301758
vt 15.962900161743164 -38.950199127197266
vt 15.962900161743164 -38.94710159301758
vt 15.96619987487793 -38.950199127197266
vt 15.962900161743164 -38.94710159301758
vt 15.962900161743164 -38.950199127197266
vt 15.962900161743164 -38.950199127197266
vt 15.959699630737305 -38.94710159301758
vt 15.959699630737305 -38.950199127197266
vt 15.962900161743164 -38.950199127197266
vt 15.96619987487793 -38.95289993286133
vt 15.96619987487793 -38.950199127197266
vt 15.959699630737305 -38.950199127197266
vt 15.962900161743164 -38.95289993286133
vt 15.962900161743164 -38.950199127197266
vt 15.96619987487793 -38.95289993286133
vt 15.962900161743164 -38.950199127197266
vt 15.962900161743164 -38.95289993286133
vt 15.962900161743164 -38.95289993286133
vt 15.959699630737305 -38.950199127197266
vt 15.959699630737305 -38.95289993286133
vt 16.167600631713867 -38.95119857788086
vt 16.172199249267578 -38.95399856567383
vt 16.172199249267578 -38.950801849365234
vt 16.172199249267578 -38.95399856567383
vt 16.167600631713867 -38.95119857788086
vt 16.167600631713867 -38.9547004699707
vt 16.167600631713867 -38.95119857788086
vt 16.163000106811523 -38.95399856567383
vt 16.167600631713867 -38.9547004699707
vt 16.167600631713867 -38.95119857788086
vt 16.163000106811523 -38.950801849365234
vt 16.163000106811523 -38.95399856567383
vt 16.167600631713867 -38.946998596191406
vt 16.163000106811523 -38.950801849365234
vt 16.167600631713867 -38.95119857788086
vt 16.167600631713867 -38.946998596191406
vt 16.163000106811523 -38.946998596191406
vt 16.163000106811523 -38.950801849365234
vt 16.172199249267578 -38.950801849365234
vt 16.167600631713867 -38.946998596191406
vt 16.167600631713867 -38.95119857788086
vt 16.167600631713867 -38.946998596191406
vt 16.172199249267578 -38.950801849365234
vt 16.172199249267578 -38.946998596191406
vt 16.167600631713867 -38.946998596191406
vt 16.163000106811523 -38.94309997558594
vt 16.163000106811523 -38.946998596191406
vt 16.163000106811523 -38.94309997558594
vt 16.167600631713867 -38.946998596191406
vt 16.167600631713867 -38.94269943237305
vt 16.172199249267578 -38.94309997558594
vt 16.167600631713867 -38.946998596191406
vt 16.172199249267578 -38.946998596191406
vt 16.172199249267578 -38.94309997558594
vt 16.167600631713867 -38.94269943237305
vt 16.167600631713867 -38.946998596191406
vt 16.167600631713867 -38.94269943237305
vt 16.163000106811523 -38.93989944458008
vt 16.163000106811523 -38.94309997558594
vt 16.163000106811523 -38.93989944458008
vt 16.167600631713867 -38.94269943237305
vt 16.167600631713867 -38.9390983581543
vt 16.172199249267578 -38.93989944458008
vt 16.167600631713867 -38.9390983581543
vt 16.167600631713867 -38.94269943237305
vt 16.172199249267578 -38.93989944458008
vt 16.167600631713867 -38.94269943237305
vt 16.172199249267578 -38.94309997558594
vt 16.172199249267578 -38.946998596191406
vt 16.167600631713867 -38.946998596191406
vt 16.167600631713867 -38.95009994506836
vt 16.172199249267578 -38.946998596191406
vt 16.167600631713867 -38.95009994506836
vt 16.172199249267578 -38.95009994506836
vt 16.167600631713867 -38.95009994506836
vt 16.172199249267578 -38.952701568603516
vt 16.172199249267578 -38.95009994506836
vt 16.167600631713867 -38.946998596191406
vt 16.163000106811523 -38.95009994506836
vt 16.167600631713867 -38.95009994506836
vt 16.167600631713867 -38.946998596191406
vt 16.163000106811523 -38.946998596191406
vt 16.163000106811523 -38.95009994506836
vt 16.172199249267578 -38.952701568603516
vt 16.167600631713867 -38.95009994506836
vt 16.167600631713867 -38.952701568603516
vt 16.163000106811523 -38.95009994506836
vt 16.167600631713867 -38.952701568603516
vt 16.167600631713867 -38.95009994506836
vt 16.167600631713867 -38.952701568603516
vt 16.163000106811523 -38.95009994506836
vt 16.163000106811523 -38.952701568603516
vt 15.962900161743164 -38.95140075683594
vt 15.959699630737305 -38.954200744628906
vt 15.962900161743164 -38.95500183105469
vt 15.962900161743164 -38.95140075683594
vt 15.959699630737305 -38.95090103149414
vt 15.959699630737305 -38.954200744628906
vt 15.96619987487793 -38.954200744628906
vt 15.962900161743164 -38.95140075683594
vt 15.962900161743164 -38.95500183105469
vt 15.962900161743164 -38.95140075683594
vt 15.96619987487793 -38.954200744628906
vt 15.96619987487793 -38.95090103149414
vt 15.96619987487793 -38.95090103149414
vt 15.962900161743164 -38.94710159301758
vt 15.962900161743164 -38.95140075683594
vt 15.962900161743164 -38.94710159301758
vt 15.96619987487793 -38.95090103149414
vt 15.96619987487793 -38.94710159301758
vt 15.962900161743164 -38.94710159301758
vt 15.959699630737305 -38.95090103149414
vt 15.962900161743164 -38.95140075683594
vt 15.962900161743164 -38.94710159301758
vt 15.959699630737305 -38.94710159301758
vt 15.959699630737305 -38.95090103149414
vt 15.852100372314453 -39.0088005065918
vt 15.857099533081055 -39.022300720214844
vt 15.86359977722168 -38.99959945678711
vt 15.857099533081055 -39.022300720214844
vt 15.852100372314453 -39.0088005065918
vt 15.8503999710083 -39.033199310302734
vt 15.86359977722168 -38.99959945678711
vt 15.85099983215332 -39.00120162963867
vt 15.852100372314453 -39.0088005065918
vt 15.85099983215332 -39.00120162963867
vt 15.86359977722168 -38.99959945678711
vt 15.8725004196167 -38.98500061035156
vt 15.849900245666504 -38.99359893798828
vt 15.85099983215332 -39.00120162963867
vt 15.8725004196167 -38.98500061035156
vt 15.849900245666504 -38.99359893798828
vt 15.8725004196167 -38.98500061035156
vt 15.847399711608887 -38.987098693847656
vt 15.874300003051758 -38.97909927368164
vt 15.847399711608887 -38.987098693847656
vt 15.8725004196167 -38.98500061035156
vt 15.870800018310547 -38.95880126953125
vt 15.847399711608887 -38.987098693847656
vt 15.874300003051758 -38.97909927368164
vt 15.847399711608887 -38.987098693847656
vt 15.870800018310547 -38.95880126953125
vt 15.838299751281738 -38.96369934082031
vt 16.167600631713867 -38.941200256347656
vt 16.163000106811523 -38.941200256347656
vt 16.163000106811523 -38.94380187988281
vt 16.172199249267578 -38.941200256347656
vt 16.167600631713867 -38.941200256347656
vt 16.167600631713867 -38.94380187988281
vt 16.167600631713867 -38.941200256347656
vt 16.163000106811523 -38.94380187988281
vt 16.167600631713867 -38.94380187988281
vt 16.167600631713867 -38.94380187988281
vt 16.163000106811523 -38.94380187988281
vt 16.163000106811523 -38.946998596191406
vt 16.172199249267578 -38.941200256347656
vt 16.167600631713867 -38.94380187988281
vt 16.172199249267578 -38.94380187988281
vt 16.167600631713867 -38.94380187988281
vt 16.163000106811523 -38.946998596191406
vt 16.167600631713867 -38.946998596191406
vt 16.172199249267578 -38.94380187988281
vt 16.167600631713867 -38.94380187988281
vt 16.167600631713867 -38.946998596191406
vt 16.172199249267578 -38.94380187988281
vt 16.167600631713867 -38.946998596191406
vt 16.172199249267578 -38.946998596191406
vt 22 -29
vt 22 -28.991500854492188
vt 21.997800827026367 -28.997800827026367
vt 22 -29
vt 22.002199172973633 -28.997800827026367
vt 22 -28.991500854492188
vt 22 -29.008499145507812
vt 22 -29
vt 21.997800827026367 -29.002199172973633
vt 22.002199172973633 -29.002199172973633
vt 22 -29
vt 22 -29.008499145507812
vt 22.008499145507812 -29
vt 22.002199172973633 -28.997800827026367
vt 22 -29
vt 21.997800827026367 -28.997800827026367
vt 21.991500854492188 -29
vt 22 -29
vt 22 -29
vt 22.002199172973633 -29.002199172973633
vt 22.008499145507812 -29
vt 21.997800827026367 -29.002199172973633
vt 22 -29
vt 21.991500854492188 -29
vt 21.99799919128418 -29.002199172973633
vt 21.99799919128418 -29.008499145507812
vt 22 -29.008499145507812
vt 22 -29.008499145507812
vt 22 -29.002199172973633
vt 21.99799919128418 -29.002199172973633
vt 22.00200080871582 -29.008499145507812
vt 22.00200080871582 -29.002199172973633
vt 22 -29.008499145507812
vt 22 -29.008499145507812
vt 22.00200080871582 -29.002199172973633
vt 22 -29.002199172973633
vt 22 -28.997800827026367
vt 21.99799919128418 -28.991500854492188
vt 21.99799919128418 -28.997800827026367
vt 21.99799919128418 -28.991500854492188
vt 22 -28.997800827026367
vt 22 -28.991500854492188
vt 22.00200080871582 -28.997800827026367
vt 22.00200080871582 -28.991500854492188
vt 22 -28.997800827026367
vt 22 -28.997800827026367
vt 22.00200080871582 -28.991500854492188
vt 22 -28.991500854492188
vt 22.00200080871582 -28.997800827026367
vt 22 -28.991500854492188
vt 22 -28.997800827026367
vt 22 -28.991500854492188
vt 22.00200080871582 -28.997800827026367
vt 22.00200080871582 -28.991500854492188
vt 22.00200080871582 -29.008499145507812
vt 22 -29.002199172973633
vt 22 -29.008499145507812
vt 22 -29.002199172973633
vt 22.00200080871582 -29.008499145507812
vt 22.00200080871582 -29.002199172973633
vt 22 -28.997800827026367
vt 22 -28.991500854492188
vt 21.99799919128418 -28.997800827026367
vt 21.99799919128418 -28.997800827026367
vt 22 -28.991500854492188
vt 21.99799919128418 -28.991500854492188
vt 22 -29.008499145507812
vt 22 -29.002199172973633
vt 21.99799919128418 -29.008499145507812
vt 21.99799919128418 -29.008499145507812
vt 22 -29.002199172973633
vt 21.99799919128418 -29.002199172973633
vt 22 -29
vt 22.002199172973633 -28.997800827026367
vt 22 -28.991500854492188
vt 22 -29
vt 22 -28.991500854492188
vt 21.997800827026367 -28.997800827026367
vt 22 -29.008499145507812
vt 22.002199172973633 -29.002199172973633
vt 22 -29
vt 21.997800827026367 -29.002199172973633
vt 22 -29.008499145507812
vt 22 -29
vt 21.991500854492188 -29
vt 22 -29
vt 21.997800827026367 -28.997800827026367
vt 22.002199172973633 -28.997800827026367
vt 22 -29
vt 22.008499145507812 -29
vt 22 -29
vt 21.991500854492188 -29
vt 21.997800827026367 -29.002199172973633
vt 22.002199172973633 -29.002199172973633
vt 22.008499145507812 -29
vt 22 -29
vt 22 -29.002199172973633
vt 22.00200080871582 -29.008499145507812
vt 22.00200080871582 -29.002199172973633
vt 22.00200080871582 -29.008499145507812
vt 22 -29.002199172973633
vt 22 -29.008499145507812
vt 21.99799919128418 -29.008499145507812
vt 22 -29.002199172973633
vt 21.99799919128418 -29.002199172973633
vt 22 -29.008499145507812
vt 22 -29.002199172973633
vt 21.99799919128418 -29.008499145507812
vt 22 -28.991500854492188
vt 22 -28.997800827026367
vt 22.00200080871582 -28.997800827026367
vt 22.00200080871582 -28.997800827026367
vt 22.00200080871582 -28.991500854492188
vt 22 -28.991500854492188
vt 22 -28.991500854492188
vt 21.99799919128418 -28.997800827026367
vt 22 -28.997800827026367
vt 21.99799919128418 -28.997800827026367
vt 22 -28.991500854492188
vt 21.99799919128418 -28.991500854492188
vt 22 -28.997800827026367
vt 21.99799919128418 -28.991500854492188
vt 21.99799919128418 -28.997800827026367
vt 21.99799919128418 -28.991500854492188
vt 22 -28.997800827026367
vt 22 -28.991500854492188
vt 21.99799919128418 -29.002199172973633
vt 22 -29.008499145507812
vt 22 -29.002199172973633
vt 22 -29.008499145507812
vt 21.99799919128418 -29.002199172973633
vt 21.99799919128418 -29.008499145507812
vt 22.00200080871582 -28.991500854492188
vt 22 -28.997800827026367
vt 22.00200080871582 -28.997800827026367
vt 22 -28.991500854492188
vt 22 -28.997800827026367
vt 22.00200080871582 -28.991500854492188
vt 22 -29.002199172973633
vt 22 -29.008499145507812
vt 22.00200080871582 -29.002199172973633
vt 22.00200080871582 -29.002199172973633
vt 22 -29.008499145507812
vt 22.00200080871582 -29.008499145507812
vt 0 -55
vt 0 -54.99079895019531
vt -0.002351999981328845 -54.99769973754883
vt 0 -55
vt 0.002351999981328845 -54.99769973754883
vt 0 -54.99079895019531
vt 0 -55.00920104980469
vt 0 -55
vt -0.002351999981328845 -55.00230026245117
vt 0.002351999981328845 -55.00230026245117
vt 0 -55
vt 0 -55.00920104980469
vt 0.009232999756932259 -55
vt 0.002351999981328845 -54.99769973754883
vt 0 -55
vt -0.002351999981328845 -54.99769973754883
vt -0.009232999756932259 -55
vt 0 -55
vt 0 -55
vt 0.002351999981328845 -55.00230026245117
vt 0.009232999756932259 -55
vt -0.002351999981328845 -55.00230026245117
vt 0 -55
vt -0.009232999756932259 -55
vt -0.0021860001143068075 -55.00230026245117
vt -0.0021860001143068075 -55.00920104980469
vt 0 -55.00920104980469
vt 0 -55.00920104980469
vt 0 -55.00230026245117
vt -0.0021860001143068075 -55.00230026245117
vt 0.0021860001143068075 -55.00920104980469
vt 0.0021860001143068075 -55.00230026245117
vt 0 -55.00920104980469
vt 0 -55.00920104980469
vt 0.0021860001143068075 -55.00230026245117
vt 0 -55.00230026245117
vt 0 -54.99769973754883
vt -0.0021860001143068075 -54.99079895019531
vt -0.0021860001143068075 -54.99769973754883
vt -0.0021860001143068075 -54.99079895019531
vt 0 -54.99769973754883
vt 0 -54.99079895019531
vt 0.0021860001143068075 -54.99769973754883
vt 0.0021860001143068075 -54.99079895019531
vt 0 -54.99769973754883
vt 0 -54.99769973754883
vt 0.0021860001143068075 -54.99079895019531
vt 0 -54.99079895019531
vt 0.0021860001143068075 -54.99769973754883
vt 0 -54.99079895019531
vt 0 -54.99769973754883
vt 0 -54.99079895019531
vt 0.0021860001143068075 -54.99769973754883
vt 0.0021860001143068075 -54.99079895019531
vt 0.0021860001143068075 -55.00920104980469
vt 0 -55.00230026245117
vt 0 -55.00920104980469
vt 0 -55.00230026245117
vt 0.0021860001143068075 -55.00920104980469
vt 0.0021860001143068075 -55.00230026245117
vt 0 -54.99769973754883
vt 0 -54.99079895019531
vt -0.0021860001143068075 -54.99769973754883
vt -0.0021860001143068075 -54.99769973754883
vt 0 -54.99079895019531
vt -0.0021860001143068075 -54.99079895019531
vt 0 -55.00920104980469
vt 0 -55.00230026245117
vt -0.0021860001143068075 -55.00920104980469
vt -0.0021860001143068075 -55.00920104980469
vt 0 -55.00230026245117
vt -0.0021860001143068075 -55.00230026245117
vt 0 -55
vt 0.002351999981328845 -54.99769973754883
vt 0 -54.99079895019531
vt 0 -55
vt 0 -54.99079895019531
vt -0.002351999981328845 -54.99769973754883
vt 0 -55.00920104980469
vt 0.002351999981328845 -55.00230026245117
vt 0 -55
vt -0.002351999981328845 -55.00230026245117
vt 0 -55.00920104980469
vt 0 -55
vt -0.009232999756932259 -55
vt 0 -55
vt -0.002351999981328845 -54.99769973754883
vt 0.002351999981328845 -54.99769973754883
vt 0 -55
vt 0.009232999756932259 -55
vt 0 -55
vt -0.009232999756932259 -55
vt -0.002351999981328845 -55.00230026245117
vt 0.002351999981328845 -55.00230026245117
vt 0.009232999756932259 -55
vt 0 -55
vt 0 -55.00230026245117
vt 0.0021860001143068075 -55.00920104980469
vt 0.0021860001143068075 -55.00230026245117
vt 0.0021860001143068075 -55.00920104980469
vt 0 -55.00230026245117
vt 0 -55.00920104980469
vt -0.0021860001143068075 -55.00920104980469
vt 0 -55.00230026245117
vt -0.0021860001143068075 -55.00230026245117
vt 0 -55.00920104980469
vt 0 -55.00230026245117
vt -0.0021860001143068075 -55.00920104980469
vt 0 -54.99079895019531
vt 0 -54.99769973754883
vt 0.0021860001143068075 -54.99769973754883
vt 0.0021860001143068075 -54.99769973754883
vt 0.0021860001143068075 -54.99079895019531
vt 0 -54.99079895019531
vt 0 -54.99079895019531
vt -0.0021860001143068075 -54.99769973754883
vt 0 -54.99769973754883
vt -0.0021860001143068075 -54.99769973754883
vt 0 -54.99079895019531
vt -0.0021860001143068075 -54.99079895019531
vt 0 -54.99769973754883
vt -0.0021860001143068075 -54.99079895019531
vt -0.0021860001143068075 -54.99769973754883
vt -0.0021860001143068075 -54.99079895019531
vt 0 -54.99769973754883
vt 0 -54.99079895019531
vt -0.0021860001143068075 -55.00230026245117
vt 0 -55.00920104980469
vt 0 -55.00230026245117
vt 0 -55.00920104980469
vt -0.0021860001143068075 -55.00230026245117
vt -0.0021860001143068075 -55.00920104980469
vt 0.0021860001143068075 -54.99079895019531
vt 0 -54.99769973754883
vt 0.0021860001143068075 -54.99769973754883
vt 0 -54.99079895019531
vt 0 -54.99769973754883
vt 0.0021860001143068075 -54.99079895019531
vt 0 -55.00230026245117
vt 0 -55.00920104980469
vt 0.0021860001143068075 -55.00230026245117
vt 0.0021860001143068075 -55.00230026245117
vt 0 -55.00920104980469
vt 0.0021860001143068075 -55.00920104980469
vt -0.22777199745178223 0.9604290127754211
vt -0.24057400226593018 0.9607729911804199
vt -0.24057400226593018 0.9580770134925842
vt -0.24057400226593018 0.9607729911804199
vt -0.25337499380111694 0.9604290127754211
vt -0.24057400226593018 0.9580770134925842
vt -0.24057400226593018 0.9607729911804199
vt -0.22777199745178223 0.9604290127754211
vt -0.22905999422073364 0.9700090289115906
vt -0.25337499380111694 0.9604290127754211
vt -0.24057400226593018 0.9607729911804199
vt -0.2520869970321655 0.9700090289115906
vt -0.24057400226593018 0.9535380005836487
vt -0.22777199745178223 0.9538819789886475
vt -0.24057400226593018 0.9562339782714844
vt -0.22777199745178223 0.9538819789886475
vt -0.24057400226593018 0.9535380005836487
vt -0.22777199745178223 0.9443020224571228
vt -0.25337499380111694 0.9538819789886475
vt -0.24057400226593018 0.9535380005836487
vt -0.24057400226593018 0.9562339782714844
vt -0.24057400226593018 0.9535380005836487
vt -0.25337499380111694 0.9538819789886475
vt -0.25337499380111694 0.9443020224571228
vt -0.2441910058259964 0.9571549892425537
vt -0.24384699761867523 0.944441020488739
vt -0.24149499833583832 0.9571549892425537
vt -0.24384699761867523 0.944441020488739
vt -0.2441910058259964 0.9571549892425537
vt -0.25342699885368347 0.9459580183029175
vt -0.24384699761867523 0.9698699712753296
vt -0.2441910058259964 0.9571549892425537
vt -0.24149499833583832 0.9571549892425537
vt -0.2441910058259964 0.9571549892425537
vt -0.24384699761867523 0.9698699712753296
vt -0.25342699885368347 0.9683520197868347
vt -0.23729999363422394 0.9443539977073669
vt -0.23695600032806396 0.9571549892425537
vt -0.23965199291706085 0.9571549892425537
vt -0.23695600032806396 0.9571549892425537
vt -0.23729999363422394 0.9443539977073669
vt -0.2277200073003769 0.9443539977073669
vt -0.23695600032806396 0.9571549892425537
vt -0.23729999363422394 0.9699559807777405
vt -0.23965199291706085 0.9571549892425537
vt -0.23729999363422394 0.9699559807777405
vt -0.23695600032806396 0.9571549892425537
vt -0.2277200073003769 0.9699559807777405
vt -0.23568099737167358 0.9620479941368103
vt -0.24057400226593018 0.9700090289115906
vt -0.23729999363422394 0.9604290127754211
vt -0.23729999363422394 0.9604290127754211
vt -0.2277200073003769 0.9571549892425537
vt -0.23568099737167358 0.9620479941368103
vt -0.24057400226593018 0.9700090289115906
vt -0.23568099737167358 0.9620479941368103
vt -0.24057400226593018 0.976364016532898
vt -0.22136500477790833 0.9571549892425537
vt -0.23568099737167358 0.9620479941368103
vt -0.2277200073003769 0.9571549892425537
vt -0.24057400226593018 0.976364016532898
vt -0.24546599388122559 0.9620479941368103
vt -0.24057400226593018 0.9700090289115906
vt -0.23568099737167358 0.9522629976272583
vt -0.22136500477790833 0.9571549892425537
vt -0.2277200073003769 0.9571549892425537
vt -0.24384699761867523 0.9604290127754211
vt -0.24057400226593018 0.9700090289115906
vt -0.24546599388122559 0.9620479941368103
vt -0.2277200073003769 0.9571549892425537
vt -0.23729999363422394 0.9538819789886475
vt -0.23568099737167358 0.9522629976272583
vt -0.24546599388122559 0.9620479941368103
vt -0.25342699885368347 0.9571549892425537
vt -0.24384699761867523 0.9604290127754211
vt -0.24057400226593018 0.9443020224571228
vt -0.23568099737167358 0.9522629976272583
vt -0.23729999363422394 0.9538819789886475
vt -0.24546599388122559 0.9620479941368103
vt -0.25978198647499084 0.9571549892425537
vt -0.25342699885368347 0.9571549892425537
vt -0.24057400226593018 0.9379469752311707
vt -0.23568099737167358 0.9522629976272583
vt -0.24057400226593018 0.9443020224571228
vt -0.24546599388122559 0.9522629976272583
vt -0.25342699885368347 0.9571549892425537
vt -0.25978198647499084 0.9571549892425537
vt -0.24546599388122559 0.9522629976272583
vt -0.24057400226593018 0.9379469752311707
vt -0.24057400226593018 0.9443020224571228
vt -0.25342699885368347 0.9571549892425537
vt -0.24546599388122559 0.9522629976272583
vt -0.24384699761867523 0.9538819789886475
vt -0.24057400226593018 0.9443020224571228
vt -0.24384699761867523 0.9538819789886475
vt -0.24546599388122559 0.9522629976272583
vt -0.25328800082206726 0.9538819789886475
vt -0.24057400226593018 0.9535380005836487
vt -0.24057400226593018 0.9562339782714844
vt -0.2278590053319931 0.9538819789886475
vt -0.24057400226593018 0.9562339782714844
vt -0.24057400226593018 0.9535380005836487
vt -0.25328800082206726 0.9538819789886475
vt -0.25337499380111694 0.9443020224571228
vt -0.24057400226593018 0.9535380005836487
vt -0.2278590053319931 0.9538819789886475
vt -0.24057400226593018 0.9535380005836487
vt -0.22777199745178223 0.9443020224571228
vt -0.24057400226593018 0.9607729911804199
vt -0.25258299708366394 0.9604290127754211
vt -0.24057400226593018 0.9580770134925842
vt -0.22856399416923523 0.9604290127754211
vt -0.24057400226593018 0.9607729911804199
vt -0.24057400226593018 0.9580770134925842
vt -0.25258299708366394 0.9604290127754211
vt -0.24057400226593018 0.9607729911804199
vt -0.2520869970321655 0.9700090289115906
vt -0.24057400226593018 0.9607729911804199
vt -0.22856399416923523 0.9604290127754211
vt -0.22905999422073364 0.9700090289115906
vt -0.23695600032806396 0.9571549892425537
vt -0.23729999363422394 0.9451460242271423
vt -0.2277200073003769 0.9459580183029175
vt -0.23729999363422394 0.9451460242271423
vt -0.23695600032806396 0.9571549892425537
vt -0.23965199291706085 0.9571549892425537
vt -0.23695600032806396 0.9571549892425537
vt -0.23729999363422394 0.9691640138626099
vt -0.23965199291706085 0.9571549892425537
vt -0.23729999363422394 0.9691640138626099
vt -0.23695600032806396 0.9571549892425537
vt -0.2277200073003769 0.9683520197868347
vt -0.2441910058259964 0.9571549892425537
vt -0.25342699885368347 0.9443539977073669
vt -0.24384699761867523 0.9443539977073669
vt -0.24384699761867523 0.9443539977073669
vt -0.24149499833583832 0.9571549892425537
vt -0.2441910058259964 0.9571549892425537
vt -0.24149499833583832 0.9571549892425537
vt -0.24384699761867523 0.9699559807777405
vt -0.2441910058259964 0.9571549892425537
vt -0.25342699885368347 0.9699559807777405
vt -0.2441910058259964 0.9571549892425537
vt -0.24384699761867523 0.9699559807777405
vt -0.24057400226593018 0.976364016532898
vt -0.24546599388122559 0.9620479941368103
vt -0.24057400226593018 0.9700090289115906
vt -0.24057400226593018 0.9700090289115906
vt -0.23568099737167358 0.9620479941368103
vt -0.24057400226593018 0.976364016532898
vt -0.24384699761867523 0.9604290127754211
vt -0.24057400226593018 0.9700090289115906
vt -0.24546599388122559 0.9620479941368103
vt -0.23568099737167358 0.9620479941368103
vt -0.24057400226593018 0.9700090289115906
vt -0.23729999363422394 0.9604290127754211
vt -0.24546599388122559 0.9620479941368103
vt -0.25342699885368347 0.9571549892425537
vt -0.24384699761867523 0.9604290127754211
vt -0.23568099737167358 0.9620479941368103
vt -0.23729999363422394 0.9604290127754211
vt -0.2277200073003769 0.9571549892425537
vt -0.25342699885368347 0.9571549892425537
vt -0.24546599388122559 0.9620479941368103
vt -0.25978198647499084 0.9571549892425537
vt -0.22136500477790833 0.9571549892425537
vt -0.23568099737167358 0.9620479941368103
vt -0.2277200073003769 0.9571549892425537
vt -0.25978198647499084 0.9571549892425537
vt -0.24546599388122559 0.9522629976272583
vt -0.25342699885368347 0.9571549892425537
vt -0.23568099737167358 0.9522629976272583
vt -0.22136500477790833 0.9571549892425537
vt -0.2277200073003769 0.9571549892425537
vt -0.24384699761867523 0.9538819789886475
vt -0.25342699885368347 0.9571549892425537
vt -0.24546599388122559 0.9522629976272583
vt -0.23568099737167358 0.9522629976272583
vt -0.2277200073003769 0.9571549892425537
vt -0.23729999363422394 0.9538819789886475
vt -0.24057400226593018 0.9443020224571228
vt -0.24384699761867523 0.9538819789886475
vt -0.24546599388122559 0.9522629976272583
vt -0.24057400226593018 0.9443020224571228
vt -0.23568099737167358 0.9522629976272583
vt -0.23729999363422394 0.9538819789886475
vt -0.24546599388122559 0.9522629976272583
vt -0.24057400226593018 0.9379469752311707
vt -0.24057400226593018 0.9443020224571228
vt -0.23568099737167358 0.9522629976272583
vt -0.24057400226593018 0.9443020224571228
vt -0.24057400226593018 0.9379469752311707
vt 60.00740051269531 -47.00579833984375
vt 60.00740051269531 -46.97090148925781
vt 60 -46.97090148925781
vt 60.00740051269531 -47.00579833984375
vt 60 -46.97090148925781
vt 60 -47.00579833984375
vt 59.99259948730469 -46.97090148925781
vt 59.99259948730469 -47.00579833984375
vt 60 -46.97090148925781
vt 60 -47.00579833984375
vt 60 -46.97090148925781
vt 59.99259948730469 -47.00579833984375
vt 60.00740051269531 -47.01380157470703
vt 60 -47.00579833984375
vt 60 -47.01380157470703
vt 60 -47.00579833984375
vt 60.00740051269531 -47.01380157470703
vt 60.00740051269531 -47.00579833984375
vt 60 -47.00579833984375
vt 59.99259948730469 -47.01380157470703
vt 60 -47.01380157470703
vt 59.99259948730469 -47.01380157470703
vt 60 -47.00579833984375
vt 59.99259948730469 -47.00579833984375
vt 60.0077018737793 -47.01639938354492
vt 60.00559997558594 -47.01969909667969
vt 60.009300231933594 -47.02130126953125
vt 60.00559997558594 -47.01969909667969
vt 60.00740051269531 -47.024600982666016
vt 60.009300231933594 -47.02130126953125
vt 59.990699768066406 -47.02130126953125
vt 59.99259948730469 -47.024600982666016
vt 59.99440002441406 -47.01969909667969
vt 59.99440002441406 -47.01969909667969
vt 59.9922981262207 -47.01639938354492
vt 59.990699768066406 -47.02130126953125
vt 60.00559997558594 -47.01969909667969
vt 60 -47.024600982666016
vt 60.00740051269531 -47.024600982666016
vt 60 -47.024600982666016
vt 60.00559997558594 -47.01969909667969
vt 60 -47.01969909667969
vt 60 -47.01969909667969
vt 59.99440002441406 -47.01969909667969
vt 60 -47.024600982666016
vt 60 -47.024600982666016
vt 59.99440002441406 -47.01969909667969
vt 59.99259948730469 -47.024600982666016
vt 60.024200439453125 -47.00579833984375
vt 59.99909973144531 -46.97359848022461
vt 60.020999908447266 -47.007198333740234
vt 59.99909973144531 -46.97359848022461
vt 60.024200439453125 -47.00579833984375
vt 60.00170135498047 -46.97090148925781
vt 60.023399353027344 -47.01380157470703
vt 60.020999908447266 -47.007198333740234
vt 60.02040100097656 -47.01179885864258
vt 60.020999908447266 -47.007198333740234
vt 60.023399353027344 -47.01380157470703
vt 60.024200439453125 -47.00579833984375
vt 59.979000091552734 -47.02429962158203
vt 59.97679901123047 -47.017799377441406
vt 59.975799560546875 -47.02579879760742
vt 59.980899810791016 -47.02909851074219
vt 59.979000091552734 -47.02429962158203
vt 59.975799560546875 -47.02579879760742
vt 59.979000091552734 -47.02429962158203
vt 59.980899810791016 -47.02909851074219
vt 59.98109817504883 -47.02560043334961
vt 60.02040100097656 -47.01179885864258
vt 60.01639938354492 -47.018699645996094
vt 60.023399353027344 -47.01380157470703
vt 60.01639938354492 -47.018699645996094
vt 60.02040100097656 -47.01179885864258
vt 60.01430130004883 -47.0161018371582
vt 59.99620056152344 -47.023799896240234
vt 59.993499755859375 -47.02560043334961
vt 59.99800109863281 -47.027099609375
vt 59.993499755859375 -47.02560043334961
vt 59.99620056152344 -47.023799896240234
vt 59.9921989440918 -47.02199935913086
vt 59.989498138427734 -47.02479934692383
vt 59.98109817504883 -47.02560043334961
vt 59.98979949951172 -47.0281982421875
vt 59.980899810791016 -47.02909851074219
vt 59.98979949951172 -47.0281982421875
vt 59.98109817504883 -47.02560043334961
vt 60.007198333740234 -47.02130126953125
vt 59.99800109863281 -47.027099609375
vt 60.00830078125 -47.024600982666016
vt 59.99800109863281 -47.027099609375
vt 60.007198333740234 -47.02130126953125
vt 59.99620056152344 -47.023799896240234
vt 59.9921989440918 -47.02199935913086
vt 59.99620056152344 -47.023799896240234
vt 59.98540115356445 -47.00310134887695
vt 60.007198333740234 -47.02130126953125
vt 60.00920104980469 -47.01639938354492
vt 59.995201110839844 -46.99020004272461
vt 60.020999908447266 -47.007198333740234
vt 60.01430130004883 -47.0161018371582
vt 60.02040100097656 -47.01179885864258
vt 60.01430130004883 -47.0161018371582
vt 60.020999908447266 -47.007198333740234
vt 59.995201110839844 -46.99020004272461
vt 60.020999908447266 -47.007198333740234
vt 59.99909973144531 -46.97359848022461
vt 59.995201110839844 -46.99020004272461
vt 59.995201110839844 -46.99020004272461
vt 59.99909973144531 -46.97359848022461
vt 59.99089813232422 -46.981998443603516
vt 60.007198333740234 -47.02130126953125
vt 59.995201110839844 -46.99020004272461
vt 59.98540115356445 -47.00310134887695
vt 60.007198333740234 -47.02130126953125
vt 59.98540115356445 -47.00310134887695
vt 59.99620056152344 -47.023799896240234
vt 59.995201110839844 -46.99020004272461
vt 59.983001708984375 -46.996498107910156
vt 59.98540115356445 -47.00310134887695
vt 59.983001708984375 -46.996498107910156
vt 59.995201110839844 -46.99020004272461
vt 59.99089813232422 -46.981998443603516
vt 59.989498138427734 -47.02479934692383
vt 59.98540115356445 -47.00310134887695
vt 59.97760009765625 -47.01070022583008
vt 59.983001708984375 -46.996498107910156
vt 59.97760009765625 -47.01070022583008
vt 59.98540115356445 -47.00310134887695
vt 59.97679901123047 -47.017799377441406
vt 59.989498138427734 -47.02479934692383
vt 59.97760009765625 -47.01070022583008
vt 59.97679901123047 -47.017799377441406
vt 59.98109817504883 -47.02560043334961
vt 59.989498138427734 -47.02479934692383
vt 59.98109817504883 -47.02560043334961
vt 59.97679901123047 -47.017799377441406
vt 59.979000091552734 -47.02429962158203
vt 59.989498138427734 -47.02479934692383
vt 59.9921989440918 -47.02199935913086
vt 59.98540115356445 -47.00310134887695
vt 60.01430130004883 -47.0161018371582
vt 60.01100158691406 -47.01969909667969
vt 60.01639938354492 -47.018699645996094
vt 60.01100158691406 -47.01969909667969
vt 60.01430130004883 -47.0161018371582
vt 60.00920104980469 -47.01639938354492
vt 60.00920104980469 -47.01639938354492
vt 60.01430130004883 -47.0161018371582
vt 59.995201110839844 -46.99020004272461
vt 59.9921989440918 -47.02199935913086
vt 59.989498138427734 -47.02479934692383
vt 59.993499755859375 -47.02560043334961
vt 59.98979949951172 -47.0281982421875
vt 59.993499755859375 -47.02560043334961
vt 59.989498138427734 -47.02479934692383
vt 59.99259948730469 -47.02579879760742
vt 60 -47.02579879760742
vt 59.990699768066406 -47.017799377441406
vt 59.990699768066406 -47.017799377441406
vt 60 -47.02579879760742
vt 60 -47.017799377441406
vt 60.00740051269531 -47.02579879760742
vt 60.009300231933594 -47.017799377441406
vt 60 -47.02579879760742
vt 60.009300231933594 -47.017799377441406
vt 60 -47.017799377441406
vt 60 -47.02579879760742
vt 59.980899810791016 -47.00740051269531
vt 59.975799560546875 -47
vt 59.975799560546875 -47.00740051269531
vt 59.975799560546875 -47
vt 59.980899810791016 -47.00740051269531
vt 59.980899810791016 -47
vt 59.98979949951172 -47.00740051269531
vt 59.980899810791016 -47
vt 59.980899810791016 -47.00740051269531
vt 59.980899810791016 -47
vt 59.98979949951172 -47.00740051269531
vt 59.98979949951172 -47
vt 59.980899810791016 -47
vt 59.980899810791016 -46.99259948730469
vt 59.975799560546875 -47
vt 59.975799560546875 -47
vt 59.980899810791016 -46.99259948730469
vt 59.975799560546875 -46.99259948730469
vt 59.980899810791016 -47
vt 59.98979949951172 -46.99259948730469
vt 59.980899810791016 -46.99259948730469
vt 59.98979949951172 -47
vt 59.98979949951172 -46.99259948730469
vt 59.980899810791016 -47
vt 60.01639938354492 -47.00740051269531
vt 60.023399353027344 -47
vt 60.01639938354492 -47
vt 60.023399353027344 -47
vt 60.01639938354492 -47.00740051269531
vt 60.023399353027344 -47.00740051269531
vt 60.023399353027344 -47
vt 60.01639938354492 -46.99259948730469
vt 60.01639938354492 -47
vt 60.01639938354492 -46.99259948730469
vt 60.023399353027344 -47
vt 60.023399353027344 -46.99259948730469
vt 59.993499755859375 -47.00559997558594
vt 59.99800109863281 -47
vt 59.993499755859375 -47
vt 59.99800109863281 -47
vt 59.993499755859375 -47.00559997558594
vt 59.99800109863281 -47.00740051269531
vt 59.99800109863281 -47
vt 59.993499755859375 -46.99440002441406
vt 59.993499755859375 -47
vt 59.993499755859375 -46.99440002441406
vt 59.99800109863281 -47
vt 59.99800109863281 -46.99259948730469
vt 59.99800109863281 -47.00740051269531
vt 60.00830078125 -47
vt 59.99800109863281 -47
vt 60.00830078125 -47
vt 59.99800109863281 -47.00740051269531
vt 60.00830078125 -47.00740051269531
vt 60.00830078125 -47
vt 59.99800109863281 -46.99259948730469
vt 59.99800109863281 -47
vt 59.99800109863281 -46.99259948730469
vt 60.00830078125 -47
vt 60.00830078125 -46.99259948730469
vt 60.01100158691406 -47.00559997558594
vt 60.01639938354492 -47
vt 60.01100158691406 -47
vt 60.01639938354492 -47
vt 60.01100158691406 -47.00559997558594
vt 60.01639938354492 -47.00740051269531
vt 60.01639938354492 -47
vt 60.01100158691406 -46.99440002441406
vt 60.01100158691406 -47
vt 60.01100158691406 -46.99440002441406
vt 60.01639938354492 -47
vt 60.01639938354492 -46.99259948730469
vt 59.993499755859375 -47.00559997558594
vt 59.98979949951172 -47
vt 59.98979949951172 -47.00740051269531
vt 59.98979949951172 -47
vt 59.993499755859375 -47.00559997558594
vt 59.993499755859375 -47
vt 59.993499755859375 -46.99440002441406
vt 59.98979949951172 -47
vt 59.993499755859375 -47
vt 59.98979949951172 -46.99259948730469
vt 59.98979949951172 -47
vt 59.993499755859375 -46.99440002441406
vt 60.00090026855469 -46.97359848022461
vt 59.975799560546875 -47.00579833984375
vt 59.979000091552734 -47.007198333740234
vt 59.975799560546875 -47.00579833984375
vt 60.00090026855469 -46.97359848022461
vt 59.99829864501953 -46.97090148925781
vt 59.976600646972656 -47.01380157470703
vt 59.979000091552734 -47.007198333740234
vt 59.975799560546875 -47.00579833984375
vt 59.979000091552734 -47.007198333740234
vt 59.976600646972656 -47.01380157470703
vt 59.97959899902344 -47.01179885864258
vt 60.020999908447266 -47.02429962158203
vt 60.024200439453125 -47.02579879760742
vt 60.02320098876953 -47.017799377441406
vt 60.01890182495117 -47.02560043334961
vt 60.019100189208984 -47.02909851074219
vt 60.020999908447266 -47.02429962158203
vt 60.019100189208984 -47.02909851074219
vt 60.024200439453125 -47.02579879760742
vt 60.020999908447266 -47.02429962158203
vt 59.98360061645508 -47.018699645996094
vt 59.97959899902344 -47.01179885864258
vt 59.976600646972656 -47.01380157470703
vt 59.97959899902344 -47.01179885864258
vt 59.98360061645508 -47.018699645996094
vt 59.98569869995117 -47.0161018371582
vt 60.00379943847656 -47.023799896240234
vt 60.006500244140625 -47.02560043334961
vt 60.0078010559082 -47.02199935913086
vt 60.006500244140625 -47.02560043334961
vt 60.00379943847656 -47.023799896240234
vt 60.00199890136719 -47.027099609375
vt 60.01890182495117 -47.02560043334961
vt 60.010501861572266 -47.02479934692383
vt 60.01020050048828 -47.0281982421875
vt 60.01890182495117 -47.02560043334961
vt 60.01020050048828 -47.0281982421875
vt 60.019100189208984 -47.02909851074219
vt 59.992801666259766 -47.02130126953125
vt 60.00199890136719 -47.027099609375
vt 60.00379943847656 -47.023799896240234
vt 60.00199890136719 -47.027099609375
vt 59.992801666259766 -47.02130126953125
vt 59.99169921875 -47.024600982666016
vt 60.0078010559082 -47.02199935913086
vt 60.01459884643555 -47.00310134887695
vt 60.00379943847656 -47.023799896240234
vt 59.992801666259766 -47.02130126953125
vt 60.004798889160156 -46.99020004272461
vt 59.99079895019531 -47.01639938354492
vt 60.00090026855469 -46.97359848022461
vt 60.004798889160156 -46.99020004272461
vt 60.00910186767578 -46.981998443603516
vt 59.98569869995117 -47.0161018371582
vt 59.979000091552734 -47.007198333740234
vt 59.97959899902344 -47.01179885864258
vt 59.979000091552734 -47.007198333740234
vt 59.98569869995117 -47.0161018371582
vt 60.004798889160156 -46.99020004272461
vt 59.979000091552734 -47.007198333740234
vt 60.004798889160156 -46.99020004272461
vt 60.00090026855469 -46.97359848022461
vt 60.016998291015625 -46.996498107910156
vt 60.004798889160156 -46.99020004272461
vt 60.01459884643555 -47.00310134887695
vt 60.004798889160156 -46.99020004272461
vt 60.016998291015625 -46.996498107910156
vt 60.00910186767578 -46.981998443603516
vt 60.01459884643555 -47.00310134887695
vt 60.004798889160156 -46.99020004272461
vt 59.992801666259766 -47.02130126953125
vt 60.01459884643555 -47.00310134887695
vt 59.992801666259766 -47.02130126953125
vt 60.00379943847656 -47.023799896240234
vt 60.010501861572266 -47.02479934692383
vt 60.02320098876953 -47.017799377441406
vt 60.02239990234375 -47.01070022583008
vt 60.01890182495117 -47.02560043334961
vt 60.02320098876953 -47.017799377441406
vt 60.010501861572266 -47.02479934692383
vt 60.02320098876953 -47.017799377441406
vt 60.01890182495117 -47.02560043334961
vt 60.020999908447266 -47.02429962158203
vt 60.02239990234375 -47.01070022583008
vt 60.01459884643555 -47.00310134887695
vt 60.010501861572266 -47.02479934692383
vt 60.01459884643555 -47.00310134887695
vt 60.02239990234375 -47.01070022583008
vt 60.016998291015625 -46.996498107910156
vt 60.010501861572266 -47.02479934692383
vt 60.01459884643555 -47.00310134887695
vt 60.0078010559082 -47.02199935913086
vt 59.98569869995117 -47.0161018371582
vt 59.98899841308594 -47.01969909667969
vt 59.99079895019531 -47.01639938354492
vt 59.98899841308594 -47.01969909667969
vt 59.98569869995117 -47.0161018371582
vt 59.98360061645508 -47.018699645996094
vt 59.99079895019531 -47.01639938354492
vt 60.004798889160156 -46.99020004272461
vt 59.98569869995117 -47.0161018371582
vt 60.010501861572266 -47.02479934692383
vt 60.006500244140625 -47.02560043334961
vt 60.01020050048828 -47.0281982421875
vt 60.006500244140625 -47.02560043334961
vt 60.010501861572266 -47.02479934692383
vt 60.0078010559082 -47.02199935913086
vt 20 -33.01259994506836
vt 20.011199951171875 -33.026798248291016
vt 20.011199951171875 -33.01259994506836
vt 20 -33.026798248291016
vt 20.011199951171875 -33.03379821777344
vt 20.011199951171875 -33.026798248291016
vt 20.011199951171875 -33.026798248291016
vt 20 -33.01259994506836
vt 20 -33.026798248291016
vt 20 -33.01259994506836
vt 19.988800048828125 -33.026798248291016
vt 20 -33.026798248291016
vt 20.011199951171875 -33.01259994506836
vt 20 -32.99810028076172
vt 20 -33.01259994506836
vt 20 -32.99810028076172
vt 20.011199951171875 -33.01259994506836
vt 20.011199951171875 -32.99810028076172
vt 19.988800048828125 -33.026798248291016
vt 20 -33.01259994506836
vt 19.988800048828125 -33.01259994506836
vt 20 -32.99810028076172
vt 19.988800048828125 -33.01259994506836
vt 20 -33.01259994506836
vt 19.988800048828125 -33.01259994506836
vt 20 -32.99810028076172
vt 19.988800048828125 -32.99810028076172
vt 19.988800048828125 -33.03379821777344
vt 20 -33.026798248291016
vt 19.988800048828125 -33.026798248291016
vt 20 -33.026798248291016
vt 19.988800048828125 -33.03379821777344
vt 20 -33.03379821777344
vt 20 -32.98640060424805
vt 20.011199951171875 -32.99810028076172
vt 20.011199951171875 -32.98640060424805
vt 20.011199951171875 -32.99810028076172
vt 20 -32.98640060424805
vt 20 -32.99810028076172
vt 20 -32.98640060424805
vt 19.988800048828125 -32.99810028076172
vt 20 -32.99810028076172
vt 19.988800048828125 -32.99810028076172
vt 20 -32.98640060424805
vt 19.988800048828125 -32.98640060424805
vt 20.011199951171875 -33.03379821777344
vt 20 -33.026798248291016
vt 20 -33.03379821777344
vt 20.054800033569336 -33.01530075073242
vt 20.038000106811523 -33
vt 20.038000106811523 -33.01530075073242
vt 20.038000106811523 -33
vt 20.054800033569336 -33.01530075073242
vt 20.054800033569336 -33
vt 20.00830078125 -33.01530075073242
vt 20.038000106811523 -33.01530075073242
vt 20.038000106811523 -33
vt 20.00830078125 -33.01530075073242
vt 20.038000106811523 -33
vt 20.00830078125 -33
vt 20.00830078125 -33.01530075073242
vt 20.00830078125 -33
vt 19.994699478149414 -33
vt 19.994699478149414 -33.01530075073242
vt 20.00830078125 -33.01530075073242
vt 19.994699478149414 -33
vt 19.994699478149414 -33.01530075073242
vt 19.994699478149414 -33
vt 19.984500885009766 -33
vt 19.984500885009766 -33.01530075073242
vt 19.994699478149414 -33.01530075073242
vt 19.984500885009766 -33
vt 19.984500885009766 -33.01530075073242
vt 19.984500885009766 -33
vt 19.97130012512207 -33
vt 19.97130012512207 -33.01530075073242
vt 19.984500885009766 -33.01530075073242
vt 19.97130012512207 -33
vt 20.054800033569336 -33
vt 20.054800033569336 -32.98469924926758
vt 20.038000106811523 -33
vt 20.038000106811523 -33
vt 20.054800033569336 -32.98469924926758
vt 20.038000106811523 -32.98469924926758
vt 20.038000106811523 -32.98469924926758
vt 20.00830078125 -32.98469924926758
vt 20.038000106811523 -33
vt 20.00830078125 -33
vt 20.038000106811523 -33
vt 20.00830078125 -32.98469924926758
vt 19.994699478149414 -33
vt 20.00830078125 -33
vt 20.00830078125 -32.98469924926758
vt 19.994699478149414 -33
vt 20.00830078125 -32.98469924926758
vt 19.994699478149414 -32.98469924926758
vt 19.984500885009766 -33
vt 19.994699478149414 -33
vt 19.994699478149414 -32.98469924926758
vt 19.984500885009766 -33
vt 19.994699478149414 -32.98469924926758
vt 19.984500885009766 -32.98469924926758
vt 19.97130012512207 -33
vt 19.984500885009766 -33
vt 19.984500885009766 -32.98469924926758
vt 19.97130012512207 -33
vt 19.984500885009766 -32.98469924926758
vt 19.97130012512207 -32.98469924926758
vt 19.961999893188477 -32.96379852294922
vt 19.945199966430664 -32.96379852294922
vt 19.957700729370117 -32.97740173339844
vt 19.945199966430664 -32.96379852294922
vt 19.945199966430664 -32.98160171508789
vt 19.957700729370117 -32.97740173339844
vt 19.945199966430664 -32.98160171508789
vt 19.952999114990234 -32.98860168457031
vt 19.957700729370117 -32.97740173339844
vt 19.957700729370117 -32.97740173339844
vt 19.99169921875 -32.9838981628418
vt 19.961999893188477 -32.96379852294922
vt 19.99169921875 -32.9838981628418
vt 19.99169921875 -32.96379852294922
vt 19.961999893188477 -32.96379852294922
vt 20.011199951171875 -32.99319839477539
vt 20.015499114990234 -32.96379852294922
vt 20.005300521850586 -32.96379852294922
vt 20.005300521850586 -32.96379852294922
vt 19.99169921875 -32.9838981628418
vt 20.011199951171875 -32.99319839477539
vt 19.99169921875 -32.9838981628418
vt 20.005300521850586 -32.96379852294922
vt 19.99169921875 -32.96379852294922
vt 20.015499114990234 -32.96379852294922
vt 20.034000396728516 -32.98749923706055
vt 20.02869987487793 -32.96379852294922
vt 20.034000396728516 -32.98749923706055
vt 20.044599533081055 -32.97679901123047
vt 20.02869987487793 -32.96379852294922
vt 20.011199951171875 -32.99319839477539
vt 20.034000396728516 -32.98749923706055
vt 20.015499114990234 -32.96379852294922
vt 20.011199951171875 -32.99319839477539
vt 20.026399612426758 -32.9994010925293
vt 20.034000396728516 -32.98749923706055
vt 20.026399612426758 -32.9994010925293
vt 20.011199951171875 -32.99319839477539
vt 20.018400192260742 -33.000301361083984
vt 20.026399612426758 -32.9994010925293
vt 20.018400192260742 -33.000301361083984
vt 20.022600173950195 -33.00189971923828
vt 19.99169921875 -32.9838981628418
vt 19.99169921875 -32.999000549316406
vt 20.011199951171875 -32.99319839477539
vt 19.99169921875 -32.999000549316406
vt 20.005300521850586 -33.00590133666992
vt 20.011199951171875 -32.99319839477539
vt 20.011199951171875 -32.99319839477539
vt 20.005300521850586 -33.00590133666992
vt 20.018400192260742 -33.000301361083984
vt 20.005300521850586 -33.00590133666992
vt 20.015499114990234 -33.016998291015625
vt 20.018400192260742 -33.000301361083984
vt 20.015499114990234 -33.016998291015625
vt 20.022600173950195 -33.00189971923828
vt 20.018400192260742 -33.000301361083984
vt 20.02280044555664 -33.034698486328125
vt 20.022600173950195 -33.00189971923828
vt 20.015499114990234 -33.016998291015625
vt 20.02589988708496 -33.03239822387695
vt 20.022600173950195 -33.00189971923828
vt 20.02280044555664 -33.034698486328125
vt 20.02589988708496 -33.03239822387695
vt 20.02280044555664 -33.034698486328125
vt 20.026199340820312 -33.03620147705078
vt 20.029300689697266 -33.03379821777344
vt 20.02589988708496 -33.03239822387695
vt 20.026199340820312 -33.03620147705078
vt 20.02589988708496 -33.03239822387695
vt 20.029300689697266 -33.03379821777344
vt 20.022600173950195 -33.00189971923828
vt 20.029300689697266 -33.03379821777344
vt 20.03019905090332 -33.026798248291016
vt 20.022600173950195 -33.00189971923828
vt 20.022600173950195 -33.00189971923828
vt 20.03019905090332 -33.026798248291016
vt 20.035499572753906 -33.01259994506836
vt 20.035499572753906 -33.01259994506836
vt 20.026399612426758 -32.9994010925293
vt 20.022600173950195 -33.00189971923828
vt 20.043399810791016 -32.99810028076172
vt 20.026399612426758 -32.9994010925293
vt 20.035499572753906 -33.01259994506836
vt 20.026399612426758 -32.9994010925293
vt 20.043399810791016 -32.99810028076172
vt 20.034000396728516 -32.98749923706055
vt 20.054800033569336 -32.98640060424805
vt 20.034000396728516 -32.98749923706055
vt 20.043399810791016 -32.99810028076172
vt 20.034000396728516 -32.98749923706055
vt 20.054800033569336 -32.98640060424805
vt 20.044599533081055 -32.97679901123047
vt 19.952999114990234 -32.98860168457031
vt 19.99169921875 -32.999000549316406
vt 19.99169921875 -32.9838981628418
vt 19.952999114990234 -32.98860168457031
vt 19.99169921875 -32.9838981628418
vt 19.957700729370117 -32.97740173339844
vt 19.99169921875 -32.999000549316406
vt 20.005300521850586 -32.96379852294922
vt 19.99169921875 -32.96379852294922
vt 20.005300521850586 -32.96379852294922
vt 19.99169921875 -32.999000549316406
vt 20.005300521850586 -33.00590133666992
vt 20.005300521850586 -33.00590133666992
vt 20.015499114990234 -32.96379852294922
vt 20.005300521850586 -32.96379852294922
vt 20.015499114990234 -32.96379852294922
vt 20.005300521850586 -33.00590133666992
vt 20.015499114990234 -33.016998291015625
vt 20.015499114990234 -33.016998291015625
vt 20.02869987487793 -32.96379852294922
vt 20.015499114990234 -32.96379852294922
vt 20.02869987487793 -32.96379852294922
vt 20.015499114990234 -33.016998291015625
vt 20.02790069580078 -33.03369903564453
vt 20.02790069580078 -33.03369903564453
vt 20.015499114990234 -33.016998291015625
vt 20.02280044555664 -33.034698486328125
vt 20.02630043029785 -33.03620147705078
vt 20.02790069580078 -33.03369903564453
vt 20.02280044555664 -33.034698486328125
vt 20.02790069580078 -33.03369903564453
vt 20.02630043029785 -33.03620147705078
vt 20.029300689697266 -33.03379821777344
vt 20.011199951171875 -32.98160171508789
vt 20 -32.96379852294922
vt 20 -32.98630142211914
vt 20 -32.96379852294922
vt 20.011199951171875 -32.98160171508789
vt 20.015300750732422 -32.96379852294922
vt 19.988800048828125 -33.016998291015625
vt 20 -33.00590133666992
vt 19.988800048828125 -33.00590133666992
vt 20 -33.00590133666992
vt 19.988800048828125 -33.016998291015625
vt 20 -33.016998291015625
vt 19.988800048828125 -33.034698486328125
vt 20 -33.016998291015625
vt 19.988800048828125 -33.016998291015625
vt 20 -33.016998291015625
vt 19.988800048828125 -33.034698486328125
vt 20 -33.034698486328125
vt 20 -32.96379852294922
vt 19.988800048828125 -32.98160171508789
vt 20 -32.98630142211914
vt 19.988800048828125 -32.98160171508789
vt 20 -32.96379852294922
vt 19.984699249267578 -32.96379852294922
vt 20 -33.00590133666992
vt 20.011199951171875 -33.016998291015625
vt 20.011199951171875 -33.00590133666992
vt 20 -33.016998291015625
vt 20.011199951171875 -33.016998291015625
vt 20 -33.00590133666992
vt 20 -33.016998291015625
vt 20.011199951171875 -33.034698486328125
vt 20.011199951171875 -33.016998291015625
vt 20 -33.034698486328125
vt 20.011199951171875 -33.034698486328125
vt 20 -33.016998291015625
vt 20.029300689697266 -33.011199951171875
vt 20.02630043029785 -33
vt 20.026199340820312 -33.011199951171875
vt 20.02630043029785 -33
vt 20.029300689697266 -33.011199951171875
vt 20.029300689697266 -33
vt 20.029300689697266 -33
vt 20.029300689697266 -32.988800048828125
vt 20.02630043029785 -33
vt 20.02630043029785 -33
vt 20.029300689697266 -32.988800048828125
vt 20.026199340820312 -32.988800048828125
vt 20.026199340820312 -33.011199951171875
vt 20.02280044555664 -33
vt 20.02280044555664 -33.011199951171875
vt 20.02280044555664 -33
vt 20.026199340820312 -33.011199951171875
vt 20.02630043029785 -33
vt 20.02630043029785 -33
vt 20.026199340820312 -32.988800048828125
vt 20.02280044555664 -33
vt 20.02280044555664 -33
vt 20.026199340820312 -32.988800048828125
vt 20.02280044555664 -32.988800048828125
vt 19.945199966430664 -33
vt 19.952999114990234 -33
vt 19.952999114990234 -32.988800048828125
vt 19.945199966430664 -33
vt 19.952999114990234 -32.988800048828125
vt 19.945199966430664 -32.988800048828125
vt 19.952999114990234 -33.011199951171875
vt 19.99169921875 -33.011199951171875
vt 19.99169921875 -33
vt 19.952999114990234 -33.011199951171875
vt 19.99169921875 -33
vt 19.952999114990234 -33
vt 20.005300521850586 -33.011199951171875
vt 19.99169921875 -33
vt 19.99169921875 -33.011199951171875
vt 19.99169921875 -33
vt 20.005300521850586 -33.011199951171875
vt 20.005300521850586 -33
vt 19.952999114990234 -33.011199951171875
vt 19.952999114990234 -33
vt 19.945199966430664 -33
vt 19.945199966430664 -33.011199951171875
vt 19.952999114990234 -33.011199951171875
vt 19.945199966430664 -33
vt 20.005300521850586 -33
vt 20.005300521850586 -32.988800048828125
vt 19.99169921875 -33
vt 19.99169921875 -33
vt 20.005300521850586 -32.988800048828125
vt 19.99169921875 -32.988800048828125
vt 19.99169921875 -32.988800048828125
vt 19.952999114990234 -32.988800048828125
vt 19.99169921875 -33
vt 19.952999114990234 -33
vt 19.99169921875 -33
vt 19.952999114990234 -32.988800048828125
vt 20.038000106811523 -32.96379852294922
vt 20.042299270629883 -32.97740173339844
vt 20.054800033569336 -32.96379852294922
vt 20.054800033569336 -32.96379852294922
vt 20.042299270629883 -32.97740173339844
vt 20.054800033569336 -32.98160171508789
vt 20.054800033569336 -32.98160171508789
vt 20.042299270629883 -32.97740173339844
vt 20.047000885009766 -32.98860168457031
vt 20.038000106811523 -32.96379852294922
vt 20.00830078125 -32.96379852294922
vt 20.00830078125 -32.9838981628418
vt 20.00830078125 -32.9838981628418
vt 20.042299270629883 -32.97740173339844
vt 20.038000106811523 -32.96379852294922
vt 19.988800048828125 -32.99319839477539
vt 19.994699478149414 -32.96379852294922
vt 19.984500885009766 -32.96379852294922
vt 20.00830078125 -32.9838981628418
vt 19.994699478149414 -32.96379852294922
vt 19.988800048828125 -32.99319839477539
vt 19.994699478149414 -32.96379852294922
vt 20.00830078125 -32.9838981628418
vt 20.00830078125 -32.96379852294922
vt 19.965999603271484 -32.98749923706055
vt 19.984500885009766 -32.96379852294922
vt 19.97130012512207 -32.96379852294922
vt 19.965999603271484 -32.98749923706055
vt 19.97130012512207 -32.96379852294922
vt 19.955400466918945 -32.97679901123047
vt 19.965999603271484 -32.98749923706055
vt 19.988800048828125 -32.99319839477539
vt 19.984500885009766 -32.96379852294922
vt 19.973600387573242 -32.9994010925293
vt 19.988800048828125 -32.99319839477539
vt 19.965999603271484 -32.98749923706055
vt 19.988800048828125 -32.99319839477539
vt 19.973600387573242 -32.9994010925293
vt 19.981599807739258 -33.000301361083984
vt 19.981599807739258 -33.000301361083984
vt 19.973600387573242 -32.9994010925293
vt 19.977399826049805 -33.00189971923828
vt 19.988800048828125 -32.99319839477539
vt 20.00830078125 -32.999000549316406
vt 20.00830078125 -32.9838981628418
vt 19.988800048828125 -32.99319839477539
vt 19.994699478149414 -33.00590133666992
vt 20.00830078125 -32.999000549316406
vt 19.994699478149414 -33.00590133666992
vt 19.988800048828125 -32.99319839477539
vt 19.981599807739258 -33.000301361083984
vt 19.981599807739258 -33.000301361083984
vt 19.984500885009766 -33.016998291015625
vt 19.994699478149414 -33.00590133666992
vt 19.977399826049805 -33.00189971923828
vt 19.984500885009766 -33.016998291015625
vt 19.981599807739258 -33.000301361083984
vt 19.977399826049805 -33.00189971923828
vt 19.97719955444336 -33.034698486328125
vt 19.984500885009766 -33.016998291015625
vt 19.97410011291504 -33.03239822387695
vt 19.97719955444336 -33.034698486328125
vt 19.977399826049805 -33.00189971923828
vt 19.97410011291504 -33.03239822387695
vt 19.973800659179688 -33.03620147705078
vt 19.97719955444336 -33.034698486328125
vt 19.970699310302734 -33.03379821777344
vt 19.973800659179688 -33.03620147705078
vt 19.97410011291504 -33.03239822387695
vt 19.97410011291504 -33.03239822387695
vt 19.977399826049805 -33.00189971923828
vt 19.970699310302734 -33.03379821777344
vt 19.970699310302734 -33.03379821777344
vt 19.977399826049805 -33.00189971923828
vt 19.96980094909668 -33.026798248291016
vt 19.96980094909668 -33.026798248291016
vt 19.977399826049805 -33.00189971923828
vt 19.964500427246094 -33.01259994506836
vt 19.973600387573242 -32.9994010925293
vt 19.964500427246094 -33.01259994506836
vt 19.977399826049805 -33.00189971923828
vt 19.973600387573242 -32.9994010925293
vt 19.956600189208984 -32.99810028076172
vt 19.964500427246094 -33.01259994506836
vt 19.956600189208984 -32.99810028076172
vt 19.973600387573242 -32.9994010925293
vt 19.965999603271484 -32.98749923706055
vt 19.965999603271484 -32.98749923706055
vt 19.945199966430664 -32.98640060424805
vt 19.956600189208984 -32.99810028076172
vt 19.945199966430664 -32.98640060424805
vt 19.965999603271484 -32.98749923706055
vt 19.955400466918945 -32.97679901123047
vt 20.047000885009766 -32.98860168457031
vt 20.00830078125 -32.9838981628418
vt 20.00830078125 -32.999000549316406
vt 20.00830078125 -32.9838981628418
vt 20.047000885009766 -32.98860168457031
vt 20.042299270629883 -32.97740173339844
vt 62.01470184326172 -3.0307600498199463
vt 62.01110076904297 -3.0299699306488037
vt 62.01110076904297 -3.0316100120544434
vt 62.01470184326172 -3.0307600498199463
vt 62.014400482177734 -3.0279901027679443
vt 62.01110076904297 -3.0299699306488037
vt 62.01110076904297 -3.0299699306488037
vt 62.014400482177734 -3.0279901027679443
vt 62.01319885253906 -3.0274500846862793
vt 62.014400482177734 -3.0279901027679443
vt 62.014400482177734 -3.0213398933410645
vt 62.01319885253906 -3.0274500846862793
vt 61.98540115356445 -3.0213398933410645
vt 61.98529815673828 -3.0279901027679443
vt 61.98649978637695 -3.0274500846862793
vt 61.98860168457031 -3.0299699306488037
vt 61.98649978637695 -3.0274500846862793
vt 61.98529815673828 -3.0279901027679443
vt 61.98529815673828 -3.0279901027679443
vt 61.98500061035156 -3.0307600498199463
vt 61.98860168457031 -3.0299699306488037
vt 61.98500061035156 -3.0307600498199463
vt 61.98860168457031 -3.0316100120544434
vt 61.98860168457031 -3.0299699306488037
vt 62.02119827270508 -3.0198400020599365
vt 62.00230026245117 -3.015660047531128
vt 62.00189971923828 -3.028559923171997
vt 62.00230026245117 -3.015660047531128
vt 62.02119827270508 -3.0198400020599365
vt 62.012901306152344 -3.0107600688934326
vt 62.01110076904297 -3.0299699306488037
vt 61.98860168457031 -3.0316100120544434
vt 62.01110076904297 -3.0316100120544434
vt 61.98860168457031 -3.0316100120544434
vt 62.01110076904297 -3.0299699306488037
vt 61.98860168457031 -3.0299699306488037
vt 62.01319885253906 -3.0274500846862793
vt 61.98860168457031 -3.0299699306488037
vt 62.01110076904297 -3.0299699306488037
vt 62.01319885253906 -3.0274500846862793
vt 61.98649978637695 -3.0274500846862793
vt 61.98860168457031 -3.0299699306488037
vt 61.98360061645508 -3.020620107650757
vt 61.98889923095703 -3.003740072250366
vt 61.975799560546875 -3.0036799907684326
vt 61.98889923095703 -3.003740072250366
vt 61.98360061645508 -3.020620107650757
vt 61.992801666259766 -3.012310028076172
vt 61.98149871826172 -2.9859800338745117
vt 61.996498107910156 -2.9911599159240723
vt 61.997100830078125 -2.9786300659179688
vt 61.996498107910156 -2.9911599159240723
vt 61.98149871826172 -2.9859800338745117
vt 61.988399505615234 -2.99495005607605
vt 61.997100830078125 -2.9786300659179688
vt 62.003299713134766 -2.99360990524292
vt 62.01250076293945 -2.9842000007629395
vt 62.003299713134766 -2.99360990524292
vt 61.997100830078125 -2.9786300659179688
vt 61.996498107910156 -2.9911599159240723
vt 61.99909973144531 -2.996730089187622
vt 61.99599838256836 -2.982789993286133
vt 61.995201110839844 -2.9954400062561035
vt 61.99599838256836 -2.982789993286133
vt 61.99909973144531 -2.996730089187622
vt 62.00790023803711 -2.9868600368499756
vt 61.99380111694336 -3.0010600090026855
vt 62.000701904296875 -2.9900100231170654
vt 61.99290084838867 -3.000839948654175
vt 62.0010986328125 -3.0084800720214844
vt 61.989601135253906 -3.0027201175689697
vt 62.000999450683594 -3.0089800357818604
vt 62.17179870605469 -3.002700090408325
vt 62.16339874267578 -2.997999906539917
vt 62.16339874267578 -3.0060501098632812
vt 62.16339874267578 -2.997999906539917
vt 62.17179870605469 -3.002700090408325
vt 62.17179870605469 -2.9990100860595703
vt 62.17179870605469 -2.996269941329956
vt 62.16339874267578 -2.997999906539917
vt 62.17179870605469 -2.9990100860595703
vt 62.16339874267578 -2.997999906539917
vt 62.17179870605469 -2.996269941329956
vt 62.16339874267578 -2.992039918899536
vt 61.84870147705078 -3.015619993209839
vt 61.86940002441406 -3.0131499767303467
vt 61.847801208496094 -3.0131499767303467
vt 61.86940002441406 -3.0131499767303467
vt 61.84870147705078 -3.015619993209839
vt 61.870399475097656 -3.0176000595092773
vt 61.870399475097656 -3.0176000595092773
vt 61.89550018310547 -3.0132598876953125
vt 61.86940002441406 -3.0131499767303467
vt 61.89550018310547 -3.0132598876953125
vt 61.870399475097656 -3.0176000595092773
vt 61.89649963378906 -3.0200600624084473
vt 61.89649963378906 -3.0200600624084473
vt 61.9276008605957 -3.0192298889160156
vt 61.89550018310547 -3.0132598876953125
vt 61.9276008605957 -2.9998600482940674
vt 61.89550018310547 -3.0132598876953125
vt 61.9276008605957 -3.0192298889160156
vt 61.89550018310547 -3.0132598876953125
vt 61.9276008605957 -2.9998600482940674
vt 61.89550018310547 -2.9865798950195312
vt 61.89550018310547 -2.9865798950195312
vt 61.9276008605957 -2.9998600482940674
vt 61.9276008605957 -2.978260040283203
vt 61.89550018310547 -2.9865798950195312
vt 61.9276008605957 -2.978260040283203
vt 61.89649963378906 -2.9796700477600098
vt 61.870399475097656 -2.9821200370788574
vt 61.89550018310547 -2.9864699840545654
vt 61.89649963378906 -2.9796700477600098
vt 61.89550018310547 -2.9864699840545654
vt 61.870399475097656 -2.9821200370788574
vt 61.86940002441406 -2.9865798950195312
vt 61.84870147705078 -2.984110116958618
vt 61.86940002441406 -2.9865798950195312
vt 61.870399475097656 -2.9821200370788574
vt 61.86940002441406 -2.9865798950195312
vt 61.84870147705078 -2.984110116958618
vt 61.847801208496094 -2.9865798950195312
vt 62.09880065917969 -3.0005900859832764
vt 62.112998962402344 -2.993299961090088
vt 62.109100341796875 -2.9880199432373047
vt 62.112998962402344 -2.993299961090088
vt 62.09880065917969 -3.0005900859832764
vt 62.11330032348633 -3.006659984588623
vt 62.14350128173828 -2.992460012435913
vt 62.13130187988281 -3.000230073928833
vt 62.15060043334961 -2.9997000694274902
vt 62.15060043334961 -2.9997000694274902
vt 62.13130187988281 -3.000230073928833
vt 62.145198822021484 -3.0048699378967285
vt 62.06460189819336 -3.000469923019409
vt 62.07929992675781 -3.003230094909668
vt 62.07350158691406 -2.984369993209839
vt 62.07350158691406 -2.984369993209839
vt 62.07929992675781 -3.003230094909668
vt 62.08399963378906 -2.9941999912261963
vt 62.11800003051758 -3.010499954223633
vt 62.134700775146484 -3.0143399238586426
vt 62.13130187988281 -3.000230073928833
vt 62.13130187988281 -3.000230073928833
vt 62.134700775146484 -3.0143399238586426
vt 62.145198822021484 -3.0048699378967285
vt 62.0880012512207 -3.015199899673462
vt 62.1057014465332 -3.015660047531128
vt 62.09880065917969 -3.0005900859832764
vt 62.09880065917969 -3.0005900859832764
vt 62.1057014465332 -3.015660047531128
vt 62.11330032348633 -3.006659984588623
vt 62.05550003051758 -3.018280029296875
vt 62.07590103149414 -3.010580062866211
vt 62.06460189819336 -3.000469923019409
vt 62.06460189819336 -3.000469923019409
vt 62.07590103149414 -3.010580062866211
vt 62.07929992675781 -3.003230094909668
vt 62.16339874267578 -2.997999906539917
vt 62.15060043334961 -2.9997000694274902
vt 62.16339874267578 -3.0060501098632812
vt 62.04240036010742 -2.997109889984131
vt 62.026798248291016 -2.978909969329834
vt 62.01850128173828 -2.9989500045776367
vt 62.026798248291016 -2.978909969329834
vt 62.04240036010742 -2.997109889984131
vt 62.048099517822266 -2.983150005340576
vt 62.15060043334961 -2.9997000694274902
vt 62.136600494384766 -3.0120201110839844
vt 62.14950180053711 -3.009229898452759
vt 62.035701751708984 -3.0132598876953125
vt 62.01850128173828 -2.9989500045776367
vt 62.01029968261719 -3.0197300910949707
vt 62.01850128173828 -2.9989500045776367
vt 62.035701751708984 -3.0132598876953125
vt 62.04240036010742 -2.997109889984131
vt 62.002201080322266 -2.9977900981903076
vt 61.986900329589844 -2.9784300327301025
vt 61.979400634765625 -3.000269889831543
vt 61.986900329589844 -2.9784300327301025
vt 62.002201080322266 -2.9977900981903076
vt 62.008399963378906 -2.9811201095581055
vt 62.15060043334961 -2.9997000694274902
vt 62.14950180053711 -3.009229898452759
vt 62.16339874267578 -3.0060501098632812
vt 62.15060043334961 -2.9997000694274902
vt 62.16339874267578 -2.997999906539917
vt 62.16339874267578 -2.992039918899536
vt 62.16339874267578 -2.992039918899536
vt 62.14789962768555 -2.9894399642944336
vt 62.15060043334961 -2.9997000694274902
vt 62.14789962768555 -2.9894399642944336
vt 62.14550018310547 -2.9900400638580322
vt 62.15060043334961 -2.9997000694274902
vt 62.01029968261719 -3.0197300910949707
vt 62.000701904296875 -2.9971299171447754
vt 61.99530029296875 -3.011620044708252
vt 62.000701904296875 -2.9971299171447754
vt 62.01029968261719 -3.0197300910949707
vt 62.01850128173828 -2.9989500045776367
vt 61.979400634765625 -3.000269889831543
vt 61.986900329589844 -2.9784300327301025
vt 61.95000076293945 -2.9784300327301025
vt 61.9276008605957 -2.9998600482940674
vt 61.95000076293945 -2.9784300327301025
vt 61.9276008605957 -2.978260040283203
vt 61.95000076293945 -3.000269889831543
vt 61.979400634765625 -3.000269889831543
vt 61.95000076293945 -2.9784300327301025
vt 61.95000076293945 -2.9784300327301025
vt 61.9276008605957 -2.9998600482940674
vt 61.95000076293945 -3.000269889831543
vt 61.97159957885742 -3.0204598903656006
vt 61.979400634765625 -3.000269889831543
vt 61.95000076293945 -3.000269889831543
vt 61.9276008605957 -3.0192298889160156
vt 61.95000076293945 -3.000269889831543
vt 61.9276008605957 -2.9998600482940674
vt 61.95000076293945 -3.0204598903656006
vt 61.97159957885742 -3.0204598903656006
vt 61.95000076293945 -3.000269889831543
vt 61.95000076293945 -3.000269889831543
vt 61.9276008605957 -3.0192298889160156
vt 61.95000076293945 -3.0204598903656006
vt 62.01850128173828 -2.9989500045776367
vt 62.00680160522461 -2.9820001125335693
vt 62.000701904296875 -2.9971299171447754
vt 62.00680160522461 -2.9820001125335693
vt 62.01850128173828 -2.9989500045776367
vt 62.026798248291016 -2.978909969329834
vt 61.996498107910156 -3.0171399116516113
vt 61.979400634765625 -3.000269889831543
vt 61.97159957885742 -3.0204598903656006
vt 61.979400634765625 -3.000269889831543
vt 61.996498107910156 -3.0171399116516113
vt 62.002201080322266 -2.9977900981903076
vt 62.07740020751953 -2.995959997177124
vt 62.09880065917969 -3.0005900859832764
vt 62.08760070800781 -2.9835400581359863
vt 62.08760070800781 -2.9835400581359863
vt 62.09880065917969 -3.0005900859832764
vt 62.109100341796875 -2.9880199432373047
vt 62.112998962402344 -2.9932799339294434
vt 62.13130187988281 -3.000230073928833
vt 62.1255989074707 -2.9852800369262695
vt 62.14350128173828 -2.992460012435913
vt 62.1255989074707 -2.9852800369262695
vt 62.13130187988281 -3.000230073928833
vt 62.04240036010742 -2.997109889984131
vt 62.06460189819336 -3.000469923019409
vt 62.05099868774414 -2.981489896774292
vt 62.05099868774414 -2.981489896774292
vt 62.06460189819336 -3.000469923019409
vt 62.07350158691406 -2.984369993209839
vt 62.05550003051758 -3.018280029296875
vt 62.04240036010742 -2.997109889984131
vt 62.03459930419922 -3.0124800205230713
vt 62.04240036010742 -2.997109889984131
vt 62.05550003051758 -3.018280029296875
vt 62.06460189819336 -3.000469923019409
vt 62.103599548339844 -3.000699996948242
vt 62.11800003051758 -3.010499954223633
vt 62.112998962402344 -2.9932799339294434
vt 62.112998962402344 -2.9932799339294434
vt 62.11800003051758 -3.010499954223633
vt 62.13130187988281 -3.000230073928833
vt 62.06880187988281 -3.007889986038208
vt 62.0880012512207 -3.015199899673462
vt 62.07740020751953 -2.995959997177124
vt 62.07740020751953 -2.995959997177124
vt 62.0880012512207 -3.015199899673462
vt 62.09880065917969 -3.0005900859832764
vt 62.09809875488281 -3.003190040588379
vt 62.1057014465332 -3.015660047531128
vt 62.103599548339844 -3.000699996948242
vt 62.11800003051758 -3.010499954223633
vt 62.103599548339844 -3.000699996948242
vt 62.1057014465332 -3.015660047531128
vt 62.1328010559082 -3.0071001052856445
vt 62.13180160522461 -2.995840072631836
vt 62.130401611328125 -2.9956600666046143
vt 62.0723991394043 -2.9778199195861816
vt 62.100799560546875 -2.9966399669647217
vt 62.10350036621094 -2.981250047683716
vt 62.100799560546875 -2.9966399669647217
vt 62.0723991394043 -2.9778199195861816
vt 62.0723991394043 -2.997070074081421
vt 62.10350036621094 -2.981250047683716
vt 62.100799560546875 -2.9966399669647217
vt 62.129600524902344 -2.9964799880981445
vt 62.100799560546875 -2.9966399669647217
vt 62.12710189819336 -3.0057098865509033
vt 62.129600524902344 -2.9964799880981445
vt 62.15129852294922 -3.0091300010681152
vt 62.129600524902344 -2.9964799880981445
vt 62.12710189819336 -3.0057098865509033
vt 62.12710189819336 -3.0057098865509033
vt 62.148799896240234 -3.0141000747680664
vt 62.15129852294922 -3.0091300010681152
vt 62.16680145263672 -3.0236198902130127
vt 62.15129852294922 -3.0091300010681152
vt 62.148799896240234 -3.0141000747680664
vt 62.169498443603516 -3.0204899311065674
vt 62.152198791503906 -3.0072898864746094
vt 62.15129852294922 -3.0091300010681152
vt 62.15129852294922 -3.0091300010681152
vt 62.168800354003906 -3.0213398933410645
vt 62.169498443603516 -3.0204899311065674
vt 62.15129852294922 -3.0091300010681152
vt 62.16680145263672 -3.0236198902130127
vt 62.168800354003906 -3.0213398933410645
vt 62.17399978637695 -3.0274500846862793
vt 62.169498443603516 -3.0204899311065674
vt 62.168800354003906 -3.0213398933410645
vt 62.17359924316406 -3.0279901027679443
vt 62.168800354003906 -3.0213398933410645
vt 62.16680145263672 -3.0236198902130127
vt 62.16680145263672 -3.0236198902130127
vt 62.172298431396484 -3.0294599533081055
vt 62.17359924316406 -3.0279901027679443
vt 62.172298431396484 -3.0294599533081055
vt 62.17380142211914 -3.0307600498199463
vt 62.17359924316406 -3.0279901027679443
vt 62.17100143432617 -3.0309600830078125
vt 62.17380142211914 -3.0307600498199463
vt 62.172298431396484 -3.0294599533081055
vt 62.164798736572266 -3.0259499549865723
vt 62.17100143432617 -3.0309600830078125
vt 62.172298431396484 -3.0294599533081055
vt 62.172298431396484 -3.0294599533081055
vt 62.16680145263672 -3.0236198902130127
vt 62.164798736572266 -3.0259499549865723
vt 62.148799896240234 -3.0141000747680664
vt 62.164798736572266 -3.0259499549865723
vt 62.16680145263672 -3.0236198902130127
vt 62.164798736572266 -3.0259499549865723
vt 62.148799896240234 -3.0141000747680664
vt 62.14630126953125 -3.019160032272339
vt 62.12710189819336 -3.0057098865509033
vt 62.14630126953125 -3.019160032272339
vt 62.148799896240234 -3.0141000747680664
vt 62.14630126953125 -3.019160032272339
vt 62.12710189819336 -3.0057098865509033
vt 62.12459945678711 -3.0151100158691406
vt 62.09809875488281 -3.0114901065826416
vt 62.12459945678711 -3.0151100158691406
vt 62.12710189819336 -3.0057098865509033
vt 62.09809875488281 -3.0114901065826416
vt 62.12710189819336 -3.0057098865509033
vt 62.100799560546875 -2.9966399669647217
vt 62.0723991394043 -2.997070074081421
vt 62.09809875488281 -3.0114901065826416
vt 62.100799560546875 -2.9966399669647217
vt 62.09809875488281 -3.0114901065826416
vt 62.0723991394043 -2.997070074081421
vt 62.0723991394043 -3.018929958343506
vt 61.8484001159668 -3.007080078125
vt 61.860599517822266 -3.001009941101074
vt 61.85210037231445 -2.99606990814209
vt 61.82820129394531 -3.0036098957061768
vt 61.83660125732422 -2.9989700317382812
vt 61.82820129394531 -3.000159978866577
vt 61.83660125732422 -2.9989700317382812
vt 61.82820129394531 -3.0036098957061768
vt 61.83660125732422 -3.006500005722046
vt 61.88130187988281 -2.998460054397583
vt 61.87739944458008 -3.0088000297546387
vt 61.889400482177734 -3.0150198936462402
vt 61.889400482177734 -3.0150198936462402
vt 61.901100158691406 -3.0025699138641357
vt 61.88130187988281 -2.998460054397583
vt 61.87739944458008 -3.0088000297546387
vt 61.878299713134766 -3.0188701152801514
vt 61.889400482177734 -3.0150198936462402
vt 61.85649871826172 -2.987689971923828
vt 61.85210037231445 -2.99606990814209
vt 61.860599517822266 -3.001009941101074
vt 61.860599517822266 -3.001009941101074
vt 61.8744010925293 -2.9923300743103027
vt 61.85649871826172 -2.987689971923828
vt 61.910499572753906 -3.011699914932251
vt 61.93000030517578 -3.0188701152801514
vt 61.91809844970703 -2.998889923095703
vt 61.93000030517578 -3.0188701152801514
vt 61.939701080322266 -3.002729892730713
vt 61.91809844970703 -2.998889923095703
vt 61.91809844970703 -2.998889923095703
vt 61.939701080322266 -3.002729892730713
vt 61.92649841308594 -2.98363995552063
vt 61.939701080322266 -3.002729892730713
vt 61.94900131225586 -2.9859800338745117
vt 61.92649841308594 -2.98363995552063
vt 61.9474983215332 -3.0038299560546875
vt 61.944801330566406 -3.0168099403381348
vt 61.95640182495117 -3.0200600624084473
vt 61.95640182495117 -3.0200600624084473
vt 61.96480178833008 -3.0011000633239746
vt 61.9474983215332 -3.0038299560546875
vt 61.9474983215332 -3.0038299560546875
vt 61.96480178833008 -3.0011000633239746
vt 61.951900482177734 -2.9881200790405273
vt 61.96480178833008 -3.0011000633239746
vt 61.973201751708984 -2.980839967727661
vt 61.951900482177734 -2.9881200790405273
vt 61.88130187988281 -2.998460054397583
vt 61.901100158691406 -3.0025699138641357
vt 61.890899658203125 -2.9860401153564453
vt 61.901100158691406 -3.0025699138641357
vt 61.91239929199219 -2.9889400005340576
vt 61.890899658203125 -2.9860401153564453
vt 61.84429931640625 -3.007280111312866
vt 61.85210037231445 -2.99606990814209
vt 61.83660125732422 -2.9989700317382812
vt 62.04999923706055 -3.023969888687134
vt 62.00550079345703 -3.000960111618042
vt 61.99769973754883 -3.023969888687134
vt 62.00550079345703 -3.000960111618042
vt 62.04999923706055 -3.023969888687134
vt 62.04999923706055 -2.998660087585449
vt 62.0723991394043 -3.018929958343506
vt 62.04999923706055 -2.998660087585449
vt 62.04999923706055 -3.023969888687134
vt 62.04999923706055 -2.998660087585449
vt 62.0723991394043 -3.018929958343506
vt 62.0723991394043 -2.997070074081421
vt 61.98469924926758 -2.999419927597046
vt 62.00550079345703 -3.000960111618042
vt 61.991600036621094 -2.979480028152466
vt 62.00550079345703 -3.000960111618042
vt 62.013099670410156 -2.9786200523376465
vt 61.991600036621094 -2.979480028152466
vt 61.98469924926758 -2.999419927597046
vt 61.979000091552734 -3.020620107650757
vt 61.99769973754883 -3.023969888687134
vt 61.99769973754883 -3.023969888687134
vt 62.00550079345703 -3.000960111618042
vt 61.98469924926758 -2.999419927597046
vt 61.83660125732422 -3.006500005722046
vt 61.84429931640625 -3.007280111312866
vt 61.83660125732422 -2.9989700317382812
vt 62.04999923706055 -2.998660087585449
vt 62.013099670410156 -2.9786200523376465
vt 62.00550079345703 -3.000960111618042
vt 62.013099670410156 -2.9786200523376465
vt 62.04999923706055 -2.998660087585449
vt 62.04999923706055 -2.9786200523376465
vt 62.0723991394043 -2.997070074081421
vt 62.04999923706055 -2.9786200523376465
vt 62.04999923706055 -2.998660087585449
vt 62.04999923706055 -2.9786200523376465
vt 62.0723991394043 -2.997070074081421
vt 62.0723991394043 -2.9778199195861816
vt 61.96480178833008 -3.0011000633239746
vt 61.98640060424805 -3.0036799907684326
vt 61.973201751708984 -2.980839967727661
vt 61.98640060424805 -3.0036799907684326
vt 61.99319839477539 -2.9870800971984863
vt 61.973201751708984 -2.980839967727661
vt 61.95640182495117 -3.0200600624084473
vt 61.979000091552734 -3.020620107650757
vt 61.96480178833008 -3.0011000633239746
vt 61.979000091552734 -3.020620107650757
vt 61.98640060424805 -3.0036799907684326
vt 61.96480178833008 -3.0011000633239746
vt 62.16400146484375 -3.0269699096679688
vt 62.17399978637695 -3.0274500846862793
vt 62.169498443603516 -3.0204899311065674
vt 62.17399978637695 -3.0274500846862793
vt 62.16400146484375 -3.0269699096679688
vt 62.170501708984375 -3.0316100120544434
vt 62.17399978637695 -3.0274500846862793
vt 62.170501708984375 -3.0316100120544434
vt 62.173099517822266 -3.0316100120544434
vt 62.17399978637695 -3.0274500846862793
vt 62.173099517822266 -3.0316100120544434
vt 62.17449951171875 -3.0299699306488037
vt 61.860599517822266 -3.001009941101074
vt 61.8484001159668 -3.007080078125
vt 61.864200592041016 -3.015320062637329
vt 61.864200592041016 -3.015320062637329
vt 61.87730026245117 -3.0088300704956055
vt 61.860599517822266 -3.001009941101074
vt 61.901100158691406 -3.0025699138641357
vt 61.889400482177734 -3.0150198936462402
vt 61.90650177001953 -3.0172300338745117
vt 61.93000030517578 -3.0188701152801514
vt 61.94929885864258 -3.0161900520324707
vt 61.939701080322266 -3.002729892730713
vt 61.94929885864258 -3.0161900520324707
vt 61.95589828491211 -3.005000114440918
vt 61.939701080322266 -3.002729892730713
vt 61.94900131225586 -2.9859800338745117
vt 61.939701080322266 -3.002729892730713
vt 61.95589828491211 -3.005000114440918
vt 61.94900131225586 -2.9859800338745117
vt 61.95589828491211 -3.005000114440918
vt 61.96110153198242 -2.99495005607605
vt 61.8744010925293 -2.9923300743103027
vt 61.87730026245117 -3.0088300704956055
vt 61.88679885864258 -3.0027201175689697
vt 61.8744010925293 -2.9923300743103027
vt 61.860599517822266 -3.001009941101074
vt 61.87730026245117 -3.0088300704956055
vt 61.91239929199219 -2.9889400005340576
vt 61.901100158691406 -3.0025699138641357
vt 61.91550064086914 -3.009190082550049
vt 61.91239929199219 -2.9889400005340576
vt 61.91550064086914 -3.009190082550049
vt 61.925201416015625 -2.9982500076293945
vt 61.92259979248047 -2.982789993286133
vt 61.925201416015625 -2.9982500076293945
vt 61.92940139770508 -2.9954400062561035
vt 61.925201416015625 -2.9982500076293945
vt 61.92259979248047 -2.982789993286133
vt 61.91239929199219 -2.9889400005340576
vt 61.887001037597656 -2.9878499507904053
vt 61.88679885864258 -3.0027201175689697
vt 61.89149856567383 -3.000839948654175
vt 61.88679885864258 -3.0027201175689697
vt 61.887001037597656 -2.9878499507904053
vt 61.8744010925293 -2.9923300743103027
vt 61.89149856567383 -3.000839948654175
vt 61.896400451660156 -2.9900100231170654
vt 61.887001037597656 -2.9878499507904053
vt 61.99729919433594 -2.99862003326416
vt 61.99660110473633 -3.0023701190948486
vt 62.000099182128906 -3.001159906387329
vt 62.002899169921875 -3.0036098957061768
vt 62.003700256347656 -3.000159978866577
vt 62.000099182128906 -3.001159906387329
vt 62.00669860839844 -3.007280111312866
vt 62.01340103149414 -3.007080078125
vt 62.01060104370117 -2.99606990814209
vt 62.01060104370117 -2.99606990814209
vt 62.00749969482422 -2.987689971923828
vt 62.000301361083984 -2.9914400577545166
vt 61.99509811401367 -2.9928300380706787
vt 61.99359893798828 -3.004810094833374
vt 62.000301361083984 -2.9914400577545166
vt 62.01530075073242 -2.998460054397583
vt 62.012001037597656 -2.9860401153564453
vt 62.00669860839844 -2.9878499507904053
vt 62.01530075073242 -2.998460054397583
vt 62.00669860839844 -2.9878499507904053
vt 62.002601623535156 -2.995850086212158
vt 61.99660110473633 -3.0023701190948486
vt 61.999298095703125 -3.0047500133514404
vt 62.000099182128906 -3.001159906387329
vt 61.999298095703125 -3.0047500133514404
vt 62.002899169921875 -3.0036098957061768
vt 62.000099182128906 -3.001159906387329
vt 62.000999450683594 -2.997450113296509
vt 61.99729919433594 -2.99862003326416
vt 62.000099182128906 -3.001159906387329
vt 62.003700256347656 -3.000159978866577
vt 62.000999450683594 -2.997450113296509
vt 62.000099182128906 -3.001159906387329
vt 61.99620056152344 -3.0021400451660156
vt 61.99330139160156 -2.989809989929199
vt 61.995201110839844 -3.0024800300598145
vt 61.99330139160156 -2.989809989929199
vt 61.98429870605469 -2.995990037918091
vt 61.995201110839844 -3.0024800300598145
vt 62.002201080322266 -2.9965100288391113
vt 62.01530075073242 -2.998460054397583
vt 62.002601623535156 -2.995850086212158
vt 62.01530075073242 -2.998460054397583
vt 62.002201080322266 -2.9965100288391113
vt 62.012001037597656 -3.0088000297546387
vt 61.98569869995117 -3.0176000595092773
vt 61.99359893798828 -3.005690097808838
vt 61.98080062866211 -3.008579969406128
vt 61.99359893798828 -3.005690097808838
vt 61.98569869995117 -3.0176000595092773
vt 61.99570083618164 -3.0155398845672607
vt 62.00279998779297 -3.0188701152801514
vt 62.012001037597656 -3.0088000297546387
vt 62.00630187988281 -3.0069799423217773
vt 61.994300842285156 -2.9996800422668457
vt 61.97909927368164 -3.0035500526428223
vt 61.99209976196289 -3.004379987716675
vt 61.97909927368164 -3.0035500526428223
vt 61.994300842285156 -2.9996800422668457
vt 61.98939895629883 -2.9860999584198
vt 62.01499938964844 -3.011699914932251
vt 62.00360107421875 -3.002739906311035
vt 62.00469970703125 -3.0172300338745117
vt 62.00360107421875 -3.002739906311035
vt 62.01499938964844 -3.011699914932251
vt 62.00619888305664 -3.001840114593506
vt 61.98469924926758 -3.0191900730133057
vt 61.99209976196289 -3.004379987716675
vt 61.97909927368164 -3.0035500526428223
vt 61.99209976196289 -3.004379987716675
vt 61.98469924926758 -3.0191900730133057
vt 61.994598388671875 -3.0112500190734863
vt 61.994300842285156 -2.9996800422668457
vt 61.99679946899414 -2.9860401153564453
vt 61.98939895629883 -2.9860999584198
vt 61.99679946899414 -2.9860401153564453
vt 61.994300842285156 -2.9996800422668457
vt 61.997398376464844 -2.998569965362549
vt 61.98080062866211 -3.008579969406128
vt 61.99359893798828 -3.005690097808838
vt 61.98429870605469 -2.995990037918091
vt 61.995201110839844 -3.0024800300598145
vt 61.98429870605469 -2.995990037918091
vt 61.99359893798828 -3.005690097808838
vt 62.00279998779297 -3.0188701152801514
vt 62.00419998168945 -3.0058701038360596
vt 61.99290084838867 -3.0127899646759033
vt 62.00419998168945 -3.0058701038360596
vt 62.00279998779297 -3.0188701152801514
vt 62.00630187988281 -3.0069799423217773
vt 61.98469924926758 -3.0191900730133057
vt 61.996700286865234 -3.0208399295806885
vt 61.994598388671875 -3.0112500190734863
vt 62.02109909057617 -2.998889923095703
vt 62.00619888305664 -3.001840114593506
vt 62.01499938964844 -3.011699914932251
vt 62.00619888305664 -3.001840114593506
vt 62.02109909057617 -2.998889923095703
vt 62.00830078125 -2.9973199367523193
vt 62.01150131225586 -3.0168099403381348
vt 61.996700286865234 -3.0208399295806885
vt 62.00130081176758 -3.0269100666046143
vt 62.00830078125 -2.9973199367523193
vt 62.01559829711914 -2.98363995552063
vt 62.00579833984375 -2.9902899265289307
vt 62.01559829711914 -2.98363995552063
vt 62.00830078125 -2.9973199367523193
vt 62.02109909057617 -2.998889923095703
vt 62.002899169921875 -2.9786300659179688
vt 62.004798889160156 -2.9927000999450684
vt 62.01679992675781 -2.9881200790405273
vt 62.004798889160156 -2.9927000999450684
vt 62.002899169921875 -2.9786300659179688
vt 61.997398376464844 -2.9893100261688232
vt 61.997398376464844 -2.9893100261688232
vt 61.986698150634766 -2.9817800521850586
vt 61.987998962402344 -2.9928300380706787
vt 61.986698150634766 -2.9817800521850586
vt 61.997398376464844 -2.9893100261688232
vt 62.002899169921875 -2.9786300659179688
vt 61.9828987121582 -2.9776899814605713
vt 62.00170135498047 -2.9841299057006836
vt 62.002201080322266 -2.9717299938201904
vt 62.00170135498047 -2.9841299057006836
vt 61.9828987121582 -2.9776899814605713
vt 61.98749923706055 -2.987499952316284
vt 62.01240158081055 -2.9895501136779785
vt 62.01369857788086 -2.998879909515381
vt 62.0265998840332 -2.999419927597046
vt 62.0265998840332 -2.999419927597046
vt 62.01890182495117 -2.979480028152466
vt 62.01240158081055 -2.9895501136779785
vt 62.00170135498047 -2.9841299057006836
vt 62.01890182495117 -2.979480028152466
vt 62.002201080322266 -2.9717299938201904
vt 62.01890182495117 -2.979480028152466
vt 62.00170135498047 -2.9841299057006836
vt 62.01240158081055 -2.9895501136779785
vt 62.009700775146484 -3.0076398849487305
vt 62.0265998840332 -2.999419927597046
vt 62.01369857788086 -2.998879909515381
vt 62.0265998840332 -2.999419927597046
vt 62.009700775146484 -3.0076398849487305
vt 62.01639938354492 -3.020620107650757
vt 61.82820129394531 -3.0034101009368896
vt 61.83660125732422 -3.0016000270843506
vt 61.82820129394531 -3.000659942626953
vt 61.83660125732422 -3.0016000270843506
vt 61.82820129394531 -3.0034101009368896
vt 61.83660125732422 -3.007580041885376
vt 61.82820129394531 -3.000659942626953
vt 61.83660125732422 -3.0016000270843506
vt 61.82820129394531 -2.9971299171447754
vt 62.12350082397461 -3.0110700130462646
vt 62.09809875488281 -3.0206899642944336
vt 62.12459945678711 -3.0180399417877197
vt 62.09809875488281 -3.0206899642944336
vt 62.12350082397461 -3.0110700130462646
vt 62.096900939941406 -3.0110700130462646
vt 62.096900939941406 -3.0110700130462646
vt 62.0723991394043 -3.0204598903656006
vt 62.09809875488281 -3.0206899642944336
vt 62.12459945678711 -3.0180399417877197
vt 62.145198822021484 -3.0110700130462646
vt 62.12350082397461 -3.0110700130462646
vt 62.0723991394043 -3.0204598903656006
vt 62.096900939941406 -3.0110700130462646
vt 62.0723991394043 -2.9998600482940674
vt 62.145198822021484 -3.0110700130462646
vt 62.12459945678711 -3.0180399417877197
vt 62.14630126953125 -3.0158700942993164
vt 62.14630126953125 -3.0158700942993164
vt 62.16400146484375 -3.0110700130462646
vt 62.145198822021484 -3.0110700130462646
vt 62.04999923706055 -2.9998600482940674
vt 62.0723991394043 -3.0204598903656006
vt 62.0723991394043 -2.9998600482940674
vt 62.16400146484375 -3.0110700130462646
vt 62.14630126953125 -3.0158700942993164
vt 62.164798736572266 -3.014509916305542
vt 62.164798736572266 -3.014509916305542
vt 62.170501708984375 -3.011120080947876
vt 62.16400146484375 -3.0110700130462646
vt 62.0723991394043 -3.0204598903656006
vt 62.04999923706055 -2.9998600482940674
vt 62.04999923706055 -3.0217199325561523
vt 62.04999923706055 -2.9998600482940674
vt 62.04169845581055 -3.0217199325561523
vt 62.04999923706055 -3.0217199325561523
vt 62.170501708984375 -3.011120080947876
vt 62.164798736572266 -3.014509916305542
vt 62.17100143432617 -3.0145599842071533
vt 62.17100143432617 -3.0145599842071533
vt 62.173099517822266 -3.0111401081085205
vt 62.170501708984375 -3.011120080947876
vt 62.173099517822266 -3.0111401081085205
vt 62.17100143432617 -3.0145599842071533
vt 62.17380142211914 -3.0147299766540527
vt 62.17100143432617 -2.9851601123809814
vt 62.173099517822266 -2.9885900020599365
vt 62.17380142211914 -2.984999895095825
vt 62.173099517822266 -2.9885900020599365
vt 62.17100143432617 -2.9851601123809814
vt 62.170501708984375 -2.988610029220581
vt 62.164798736572266 -2.9852099418640137
vt 62.170501708984375 -2.988610029220581
vt 62.17100143432617 -2.9851601123809814
vt 62.170501708984375 -2.988610029220581
vt 62.164798736572266 -2.9852099418640137
vt 62.16400146484375 -2.9886600971221924
vt 62.14630126953125 -2.9838500022888184
vt 62.16400146484375 -2.9886600971221924
vt 62.164798736572266 -2.9852099418640137
vt 62.16400146484375 -2.9886600971221924
vt 62.14630126953125 -2.9838500022888184
vt 62.145198822021484 -2.9886600971221924
vt 62.12459945678711 -2.981679916381836
vt 62.145198822021484 -2.9886600971221924
vt 62.14630126953125 -2.9838500022888184
vt 62.145198822021484 -2.9886600971221924
vt 62.12459945678711 -2.981679916381836
vt 62.12350082397461 -2.9886600971221924
vt 62.09809875488281 -2.9790399074554443
vt 62.12350082397461 -2.9886600971221924
vt 62.12459945678711 -2.981679916381836
vt 62.12350082397461 -2.9886600971221924
vt 62.09809875488281 -2.9790399074554443
vt 62.096900939941406 -2.9886600971221924
vt 62.0723991394043 -2.9796199798583984
vt 62.096900939941406 -2.9886300563812256
vt 62.09809875488281 -2.9790399074554443
vt 62.0723991394043 -2.9998600482940674
vt 62.096900939941406 -2.9886300563812256
vt 62.0723991394043 -2.9796199798583984
vt 61.83660125732422 -2.993920087814331
vt 61.82820129394531 -2.9971299171447754
vt 61.83660125732422 -3.0016000270843506
vt 61.849998474121094 -2.9990999698638916
vt 61.864200592041016 -2.99183988571167
vt 61.8484001159668 -2.9865500926971436
vt 61.849998474121094 -2.9990999698638916
vt 61.8484001159668 -2.9865500926971436
vt 61.84429931640625 -2.993299961090088
vt 61.90650177001953 -2.9953200817108154
vt 61.920101165771484 -2.9995501041412354
vt 61.910499572753906 -2.984989881515503
vt 61.920101165771484 -2.9995501041412354
vt 61.93000030517578 -2.983150005340576
vt 61.910499572753906 -2.984989881515503
vt 61.83660125732422 -3.0016000270843506
vt 61.849998474121094 -2.9990999698638916
vt 61.84429931640625 -2.993299961090088
vt 61.920101165771484 -2.9995501041412354
vt 61.903900146484375 -3.004349946975708
vt 61.910301208496094 -3.014280080795288
vt 61.903900146484375 -3.004349946975708
vt 61.920101165771484 -2.9995501041412354
vt 61.90650177001953 -2.9953200817108154
vt 61.878299713134766 -2.9971799850463867
vt 61.8671989440918 -3.0071001052856445
vt 61.88679885864258 -3.014580011367798
vt 61.88679885864258 -3.014580011367798
vt 61.89910125732422 -3.0032999515533447
vt 61.878299713134766 -2.9971799850463867
vt 61.94029998779297 -3.015350103378296
vt 61.94820022583008 -2.998660087585449
vt 61.94150161743164 -3.003309965133667
vt 61.94820022583008 -2.998660087585449
vt 61.95640182495117 -2.9800899028778076
vt 61.944801330566406 -2.988539934158325
vt 61.86539840698242 -3.0080199241638184
vt 61.849998474121094 -2.9990999698638916
vt 61.85089874267578 -3.00927996635437
vt 61.849998474121094 -2.9990999698638916
vt 61.83660125732422 -3.0016000270843506
vt 61.85089874267578 -3.00927996635437
vt 62.04999923706055 -2.9998600482940674
vt 62.0723991394043 -2.9796199798583984
vt 62.04999923706055 -2.9795799255371094
vt 62.0723991394043 -2.9796199798583984
vt 62.04999923706055 -2.9998600482940674
vt 62.0723991394043 -2.9998600482940674
vt 61.83660125732422 -3.007580041885376
vt 61.85089874267578 -3.00927996635437
vt 61.83660125732422 -3.0016000270843506
vt 62.0182991027832 -3.0210800170898438
vt 62.04169845581055 -3.0217199325561523
vt 62.02479934692383 -3.0018999576568604
vt 62.04169845581055 -3.0217199325561523
vt 62.04999923706055 -2.9998600482940674
vt 62.02479934692383 -3.0018999576568604
vt 62.02479934692383 -3.0018999576568604
vt 62.04999923706055 -2.9795799255371094
vt 61.99769973754883 -2.9773499965667725
vt 61.83660125732422 -3.0016000270843506
vt 61.84429931640625 -2.993299961090088
vt 61.83660125732422 -2.993920087814331
vt 62.04999923706055 -2.9795799255371094
vt 62.02479934692383 -3.0018999576568604
vt 62.04999923706055 -2.9998600482940674
vt 62.012001037597656 -3.0019400119781494
vt 61.99769973754883 -2.9773499965667725
vt 61.98759841918945 -3.0049500465393066
vt 61.97159957885742 -3.0012600421905518
vt 61.96659851074219 -3.0129799842834473
vt 61.97949981689453 -3.0217299461364746
vt 61.97949981689453 -3.0217299461364746
vt 61.98759841918945 -3.0049500465393066
vt 61.97159957885742 -3.0012600421905518
vt 61.97949981689453 -3.0217299461364746
vt 62.00490188598633 -3.021209955215454
vt 61.98759841918945 -3.0049500465393066
vt 62.00490188598633 -3.021209955215454
vt 62.012001037597656 -3.0019400119781494
vt 61.98759841918945 -3.0049500465393066
vt 61.94029998779297 -3.015350103378296
vt 61.962501525878906 -3.0197300910949707
vt 61.94820022583008 -2.998660087585449
vt 61.962501525878906 -3.0197300910949707
vt 61.97100067138672 -3.00177001953125
vt 61.94820022583008 -2.998660087585449
vt 61.979000091552734 -2.983609914779663
vt 61.97159957885742 -3.0012600421905518
vt 61.98759841918945 -3.0049500465393066
vt 61.98759841918945 -3.0049500465393066
vt 61.99769973754883 -2.9773499965667725
vt 61.979000091552734 -2.983609914779663
vt 62.170501708984375 -2.988610029220581
vt 62.173099517822266 -3.0111401081085205
vt 62.173099517822266 -2.9885900020599365
vt 62.173099517822266 -3.0111401081085205
vt 62.170501708984375 -2.988610029220581
vt 62.170501708984375 -3.011120080947876
vt 62.170501708984375 -2.988610029220581
vt 62.16400146484375 -3.0110700130462646
vt 62.170501708984375 -3.011120080947876
vt 62.16400146484375 -3.0110700130462646
vt 62.170501708984375 -2.988610029220581
vt 62.16400146484375 -2.9886600971221924
vt 61.99769973754883 -2.9773499965667725
vt 62.012001037597656 -3.0019400119781494
vt 62.02479934692383 -3.0018999576568604
vt 62.012001037597656 -3.0019400119781494
vt 62.00490188598633 -3.021209955215454
vt 62.0182991027832 -3.0210800170898438
vt 62.0182991027832 -3.0210800170898438
vt 62.02479934692383 -3.0018999576568604
vt 62.012001037597656 -3.0019400119781494
vt 61.94820022583008 -2.998660087585449
vt 61.97100067138672 -3.00177001953125
vt 61.95640182495117 -2.9800899028778076
vt 61.97100067138672 -3.00177001953125
vt 61.979000091552734 -2.983609914779663
vt 61.95640182495117 -2.9800899028778076
vt 61.97100067138672 -3.00177001953125
vt 61.987300872802734 -2.9927899837493896
vt 61.979000091552734 -2.983609914779663
vt 61.987300872802734 -2.9927899837493896
vt 61.97100067138672 -3.00177001953125
vt 61.98320007324219 -3.002969980239868
vt 61.910301208496094 -3.014280080795288
vt 61.93550109863281 -3.0125200748443604
vt 61.920101165771484 -2.9995501041412354
vt 61.93550109863281 -3.0125200748443604
vt 61.94150161743164 -3.003309965133667
vt 61.920101165771484 -2.9995501041412354
vt 61.920101165771484 -2.9995501041412354
vt 61.94150161743164 -3.003309965133667
vt 61.93000030517578 -2.983150005340576
vt 61.94150161743164 -3.003309965133667
vt 61.94929885864258 -2.9901700019836426
vt 61.93000030517578 -2.983150005340576
vt 61.97100067138672 -3.00177001953125
vt 61.962501525878906 -3.0197300910949707
vt 61.97819900512695 -3.0141499042510986
vt 61.97819900512695 -3.0141499042510986
vt 61.98320007324219 -3.002969980239868
vt 61.97100067138672 -3.00177001953125
vt 61.889400482177734 -2.985290050506592
vt 61.878299713134766 -2.9971799850463867
vt 61.89910125732422 -3.0032999515533447
vt 61.889400482177734 -2.985290050506592
vt 61.89910125732422 -3.0032999515533447
vt 61.90650177001953 -2.9953200817108154
vt 61.90650177001953 -2.9953200817108154
vt 61.91550064086914 -2.9850199222564697
vt 61.901100158691406 -2.9790000915527344
vt 61.864200592041016 -2.99183988571167
vt 61.849998474121094 -2.9990999698638916
vt 61.86539840698242 -3.0080199241638184
vt 61.864200592041016 -2.99183988571167
vt 61.86539840698242 -3.0080199241638184
vt 61.875999450683594 -3.0027599334716797
vt 61.87730026245117 -2.9879798889160156
vt 61.875999450683594 -3.0027599334716797
vt 61.88119888305664 -3.001039981842041
vt 61.875999450683594 -3.0027599334716797
vt 61.87730026245117 -2.9879798889160156
vt 61.864200592041016 -2.99183988571167
vt 61.90650177001953 -2.9953200817108154
vt 61.89910125732422 -3.0032999515533447
vt 61.911399841308594 -3.0059800148010254
vt 61.90650177001953 -2.9953200817108154
vt 61.911399841308594 -3.0059800148010254
vt 61.91550064086914 -3.0011401176452637
vt 61.88119888305664 -3.001039981842041
vt 61.88679885864258 -2.989609956741333
vt 61.87730026245117 -2.9879798889160156
vt 62.145198822021484 -2.9928300380706787
vt 62.134700775146484 -2.995450019836426
vt 62.140499114990234 -3.004810094833374
vt 61.87289810180664 -3.0057098865509033
vt 61.90190124511719 -3.0114901065826416
vt 61.899200439453125 -2.9966399669647217
vt 61.90190124511719 -3.0114901065826416
vt 61.9276008605957 -2.995039939880371
vt 61.899200439453125 -2.9966399669647217
vt 61.9276008605957 -2.995039939880371
vt 61.90190124511719 -3.0114901065826416
vt 61.9276008605957 -3.017970085144043
vt 61.9276008605957 -3.017970085144043
vt 61.95000076293945 -2.997659921646118
vt 61.9276008605957 -2.995039939880371
vt 61.90190124511719 -3.0114901065826416
vt 61.87289810180664 -3.0057098865509033
vt 61.87540054321289 -3.0151100158691406
vt 61.87289810180664 -3.0057098865509033
vt 61.85369873046875 -3.019160032272339
vt 61.87540054321289 -3.0151100158691406
vt 61.85369873046875 -3.019160032272339
vt 61.87289810180664 -3.0057098865509033
vt 61.851200103759766 -3.0141000747680664
vt 61.851200103759766 -3.0141000747680664
vt 61.835201263427734 -3.0259499549865723
vt 61.85369873046875 -3.019160032272339
vt 61.835201263427734 -3.0259499549865723
vt 61.851200103759766 -3.0141000747680664
vt 61.83319854736328 -3.0236198902130127
vt 61.95000076293945 -2.997659921646118
vt 61.9276008605957 -3.017970085144043
vt 61.95000076293945 -3.0220999717712402
vt 61.95830154418945 -3.0220999717712402
vt 61.95000076293945 -2.997659921646118
vt 61.95000076293945 -3.0220999717712402
vt 61.95000076293945 -2.997659921646118
vt 61.95830154418945 -3.0220999717712402
vt 61.96189880371094 -2.999239921569824
vt 61.835201263427734 -3.0259499549865723
vt 61.83319854736328 -3.0236198902130127
vt 61.827701568603516 -3.0294599533081055
vt 61.82899856567383 -3.0309600830078125
vt 61.835201263427734 -3.0259499549865723
vt 61.827701568603516 -3.0294599533081055
vt 61.82899856567383 -3.0309600830078125
vt 61.827701568603516 -3.0294599533081055
vt 61.82619857788086 -3.0307600498199463
vt 61.827701568603516 -3.0294599533081055
vt 61.82640075683594 -3.0279901027679443
vt 61.82619857788086 -3.0307600498199463
vt 61.827701568603516 -3.0294599533081055
vt 61.83319854736328 -3.0236198902130127
vt 61.82640075683594 -3.0279901027679443
vt 61.831199645996094 -3.0213398933410645
vt 61.82640075683594 -3.0279901027679443
vt 61.83319854736328 -3.0236198902130127
vt 61.830501556396484 -3.0204899311065674
vt 61.82600021362305 -3.0274500846862793
vt 61.831199645996094 -3.0213398933410645
vt 61.83319854736328 -3.0236198902130127
vt 61.84870147705078 -3.0091300010681152
vt 61.831199645996094 -3.0213398933410645
vt 61.831199645996094 -3.0213398933410645
vt 61.84870147705078 -3.0091300010681152
vt 61.830501556396484 -3.0204899311065674
vt 61.84870147705078 -3.0091300010681152
vt 61.83319854736328 -3.0236198902130127
vt 61.851200103759766 -3.0141000747680664
vt 61.847801208496094 -3.0072898864746094
vt 61.830501556396484 -3.0204899311065674
vt 61.84870147705078 -3.0091300010681152
vt 61.851200103759766 -3.0141000747680664
vt 61.87289810180664 -3.0057098865509033
vt 61.84870147705078 -3.0091300010681152
vt 61.84870147705078 -3.0091300010681152
vt 61.87289810180664 -3.0057098865509033
vt 61.870399475097656 -2.9964799880981445
vt 61.899200439453125 -2.9966399669647217
vt 61.870399475097656 -2.9964799880981445
vt 61.87289810180664 -3.0057098865509033
vt 61.870399475097656 -2.9964799880981445
vt 61.899200439453125 -2.9966399669647217
vt 61.89649963378906 -2.981250047683716
vt 61.9276008605957 -2.995039939880371
vt 61.89649963378906 -2.981250047683716
vt 61.899200439453125 -2.9966399669647217
vt 61.89649963378906 -2.981250047683716
vt 61.9276008605957 -2.995039939880371
vt 61.9276008605957 -2.9761500358581543
vt 62.140499114990234 -3.004810094833374
vt 62.1255989074707 -3.002530097961426
vt 62.1328010559082 -3.0127899646759033
vt 62.1255989074707 -3.002530097961426
vt 62.140499114990234 -3.004810094833374
vt 62.134700775146484 -2.995450019836426
vt 62.17179870605469 -2.99862003326416
vt 62.16339874267578 -3.0037899017333984
vt 62.17179870605469 -3.0023701190948486
vt 62.16339874267578 -3.0037899017333984
vt 62.17179870605469 -2.99862003326416
vt 62.16339874267578 -2.9956300258636475
vt 62.1255989074707 -3.002530097961426
vt 62.11320114135742 -3.013969898223877
vt 62.1328010559082 -3.0127899646759033
vt 62.09510040283203 -3.008579969406128
vt 62.1057014465332 -2.995990037918091
vt 62.0880012512207 -2.984800100326538
vt 62.09510040283203 -3.008579969406128
vt 62.0880012512207 -2.984800100326538
vt 62.07740020751953 -2.999229907989502
vt 62.06700134277344 -3.0035500526428223
vt 62.07590103149414 -2.9860999584198
vt 62.05550003051758 -2.98252010345459
vt 62.05550003051758 -2.98252010345459
vt 62.0463981628418 -3.0003199577331543
vt 62.06700134277344 -3.0035500526428223
vt 62.14910125732422 -3.0076699256896973
vt 62.14950180053711 -2.9964499473571777
vt 62.136600494384766 -2.9982199668884277
vt 62.14910125732422 -3.0076699256896973
vt 62.16339874267578 -3.0037899017333984
vt 62.14950180053711 -2.9964499473571777
vt 62.040401458740234 -2.9928300380706787
vt 62.0281982421875 -2.9967401027679443
vt 62.037498474121094 -3.0008699893951416
vt 62.0281982421875 -2.9967401027679443
vt 62.040401458740234 -2.9928300380706787
vt 62.035701751708984 -2.9817800521850586
vt 62.16339874267578 -2.9956300258636475
vt 62.14950180053711 -2.9964499473571777
vt 62.16339874267578 -3.0037899017333984
vt 62.06700134277344 -3.0035500526428223
vt 62.0463981628418 -3.0003199577331543
vt 62.05970001220703 -3.0191900730133057
vt 62.0463981628418 -3.0003199577331543
vt 62.037498474121094 -3.019010066986084
vt 62.05970001220703 -3.0191900730133057
vt 62.035701751708984 -2.9817800521850586
vt 62.01029968261719 -2.9794600009918213
vt 62.0281982421875 -2.9967401027679443
vt 62.01029968261719 -2.9794600009918213
vt 62.002498626708984 -2.999530076980591
vt 62.0281982421875 -2.9967401027679443
vt 62.03340148925781 -3.01282000541687
vt 62.037498474121094 -3.0008699893951416
vt 62.0281982421875 -2.9967401027679443
vt 62.0281982421875 -2.9967401027679443
vt 62.02050018310547 -3.0162999629974365
vt 62.03340148925781 -3.01282000541687
vt 61.996498107910156 -2.9776899814605713
vt 61.97159957885742 -2.9772698879241943
vt 61.989200592041016 -3.0004000663757324
vt 61.97159957885742 -2.9772698879241943
vt 61.96189880371094 -2.999239921569824
vt 61.989200592041016 -3.0004000663757324
vt 61.989200592041016 -3.0004000663757324
vt 61.96189880371094 -2.999239921569824
vt 61.9817008972168 -3.0228800773620605
vt 61.96189880371094 -2.999239921569824
vt 61.95830154418945 -3.0220999717712402
vt 61.9817008972168 -3.0228800773620605
vt 62.002498626708984 -2.999530076980591
vt 62.01029968261719 -2.9794600009918213
vt 61.99530029296875 -2.9855799674987793
vt 61.99530029296875 -2.9855799674987793
vt 61.990501403808594 -2.9985499382019043
vt 62.002498626708984 -2.999530076980591
vt 61.95000076293945 -2.9772698879241943
vt 61.96189880371094 -2.999239921569824
vt 61.97159957885742 -2.9772698879241943
vt 61.9276008605957 -2.995039939880371
vt 61.95000076293945 -2.9772698879241943
vt 61.9276008605957 -2.9761500358581543
vt 61.96189880371094 -2.999239921569824
vt 61.95000076293945 -2.9772698879241943
vt 61.95000076293945 -2.997659921646118
vt 61.95000076293945 -2.9772698879241943
vt 61.9276008605957 -2.995039939880371
vt 61.95000076293945 -2.997659921646118
vt 62.0281982421875 -2.9967401027679443
vt 62.002498626708984 -2.999530076980591
vt 62.02050018310547 -3.0162999629974365
vt 62.002498626708984 -2.999530076980591
vt 61.99509811401367 -3.0198400020599365
vt 62.02050018310547 -3.0162999629974365
vt 62.002498626708984 -2.999530076980591
vt 61.98630142211914 -3.0107600688934326
vt 61.99509811401367 -3.0198400020599365
vt 61.98630142211914 -3.0107600688934326
vt 62.002498626708984 -2.999530076980591
vt 61.990501403808594 -2.9985499382019043
vt 62.1255989074707 -3.002530097961426
vt 62.134700775146484 -2.995450019836426
vt 62.11800003051758 -2.9863500595092773
vt 62.11800003051758 -2.9863500595092773
vt 62.1057014465332 -2.995990037918091
vt 62.1255989074707 -3.002530097961426
vt 61.99509811401367 -3.0198400020599365
vt 62.002899169921875 -2.998189926147461
vt 61.989200592041016 -3.0004000663757324
vt 61.989200592041016 -3.0004000663757324
vt 61.9817008972168 -3.0228800773620605
vt 61.99509811401367 -3.0198400020599365
vt 61.996498107910156 -2.9776899814605713
vt 61.989200592041016 -3.0004000663757324
vt 62.002899169921875 -2.998189926147461
vt 61.996498107910156 -2.9776899814605713
vt 62.002899169921875 -2.998189926147461
vt 62.006900787353516 -2.987499952316284
vt 62.05550003051758 -2.98252010345459
vt 62.03459930419922 -2.9842000007629395
vt 62.0463981628418 -3.0003199577331543
vt 62.03459930419922 -2.9842000007629395
vt 62.027801513671875 -2.9979400634765625
vt 62.0463981628418 -3.0003199577331543
vt 62.09510040283203 -3.008579969406128
vt 62.07740020751953 -2.999229907989502
vt 62.089698791503906 -3.0176000595092773
vt 62.07740020751953 -2.999229907989502
vt 62.06449890136719 -3.0164101123809814
vt 62.089698791503906 -3.0176000595092773
vt 61.83599853515625 -3.0269699096679688
vt 61.82600021362305 -3.0274500846862793
vt 61.829498291015625 -3.0316100120544434
vt 61.82600021362305 -3.0274500846862793
vt 61.83599853515625 -3.0269699096679688
vt 61.830501556396484 -3.0204899311065674
vt 61.82600021362305 -3.0274500846862793
vt 61.826900482177734 -3.0316100120544434
vt 61.829498291015625 -3.0316100120544434
vt 61.826900482177734 -3.0316100120544434
vt 61.82600021362305 -3.0274500846862793
vt 61.82550048828125 -3.0299699306488037
vt 62.037498474121094 -3.019010066986084
vt 62.0463981628418 -3.0003199577331543
vt 62.027801513671875 -2.9979400634765625
vt 62.037498474121094 -3.019010066986084
vt 62.027801513671875 -2.9979400634765625
vt 62.02180099487305 -3.0108799934387207
vt 62.13460159301758 -3.013000011444092
vt 62.136600494384766 -2.9982199668884277
vt 62.12929916381836 -3.0001699924468994
vt 62.136600494384766 -2.9982199668884277
vt 62.13460159301758 -3.013000011444092
vt 62.14910125732422 -3.0076699256896973
vt 62.11320114135742 -3.013969898223877
vt 62.1255989074707 -3.002530097961426
vt 62.1057014465332 -2.995990037918091
vt 62.11320114135742 -3.013969898223877
vt 62.1057014465332 -2.995990037918091
vt 62.095699310302734 -3.0053300857543945
vt 62.0880012512207 -2.984800100326538
vt 62.06880187988281 -2.9868600368499756
vt 62.07740020751953 -2.999229907989502
vt 62.06880187988281 -2.9868600368499756
vt 62.0619010925293 -2.9966299533843994
vt 62.07740020751953 -2.999229907989502
vt 62.05849838256836 -3.0208399295806885
vt 62.06449890136719 -3.0164101123809814
vt 62.0547981262207 -3.014039993286133
vt 62.06449890136719 -3.0164101123809814
vt 62.07740020751953 -2.999229907989502
vt 62.0619010925293 -2.9966299533843994
vt 62.0619010925293 -2.9966299533843994
vt 62.0547981262207 -3.014039993286133
vt 62.06449890136719 -3.0164101123809814
vt 62.10089874267578 -3.0198099613189697
vt 62.095699310302734 -3.0053300857543945
vt 62.088600158691406 -3.0088601112365723
vt 62.10089874267578 -3.0198099613189697
vt 62.11320114135742 -3.013969898223877
vt 62.095699310302734 -3.0053300857543945
vt 62.12810134887695 -3.0000200271606445
vt 62.124000549316406 -3.0117900371551514
vt 62.12929916381836 -3.0001699924468994
vt 62.12929916381836 -3.0001699924468994
vt 62.124000549316406 -3.0117900371551514
vt 62.13460159301758 -3.013000011444092
vt 0.7860190272331238 0.08489099889993668
vt 0.7927380204200745 0.09292300045490265
vt 0.7860190272331238 0.09292300045490265
vt 0.7792999744415283 0.09292300045490265
vt 0.7860190272331238 0.08489099889993668
vt 0.7860190272331238 0.09292300045490265
vt 0.7927380204200745 0.09292300045490265
vt 0.7860190272331238 0.08489099889993668
vt 0.7956680059432983 0.08489099889993668
vt 0.7860190272331238 0.08489099889993668
vt 0.7792999744415283 0.09292300045490265
vt 0.7763699889183044 0.08489099889993668
vt 0.7860190272331238 0.059192001819610596
vt 0.7994149923324585 0.05870800092816353
vt 0.7860190272331238 0.06188800185918808
vt 0.7726219892501831 0.05870800092816353
vt 0.7860190272331238 0.059192001819610596
vt 0.7860190272331238 0.06188800185918808
vt 0.7994149923324585 0.05870800092816353
vt 0.7860190272331238 0.059192001819610596
vt 0.7994149923324585 0.04670799896121025
vt 0.7860190272331238 0.059192001819610596
vt 0.7726219892501831 0.05870800092816353
vt 0.7726219892501831 0.04670799896121025
vt 0.7994149923324585 0.06690999865531921
vt 0.7860190272331238 0.06642600148916245
vt 0.7860190272331238 0.06373000144958496
vt 0.7860190272331238 0.06642600148916245
vt 0.7726219892501831 0.06690999865531921
vt 0.7860190272331238 0.06373000144958496
vt 0.7860190272331238 0.06642600148916245
vt 0.7994149923324585 0.06690999865531921
vt 0.797681987285614 0.07891000062227249
vt 0.7726219892501831 0.06690999865531921
vt 0.7860190272331238 0.06642600148916245
vt 0.7743549942970276 0.07891000062227249
vt 0.7918189764022827 0.04974199831485748
vt 0.7921310067176819 0.053734999150037766
vt 0.7868229746818542 0.05025799944996834
vt 0.7868229746818542 0.05025799944996834
vt 0.7921310067176819 0.053734999150037766
vt 0.7858030200004578 0.053734999150037766
vt 0.7921310067176819 0.053734999150037766
vt 0.7868229746818542 0.057211000472307205
vt 0.7858030200004578 0.053734999150037766
vt 0.7868229746818542 0.057211000472307205
vt 0.7921310067176819 0.053734999150037766
vt 0.7918189764022827 0.05772799998521805
vt 0.8143150210380554 0.040337998420000076
vt 0.8143150210380554 0.053734999150037766
vt 0.799377977848053 0.053734999150037766
vt 0.799377977848053 0.053734999150037766
vt 0.799377977848053 0.040337998420000076
vt 0.8143150210380554 0.040337998420000076
vt 0.8143150210380554 0.040337998420000076
vt 0.8416069746017456 0.040337998420000076
vt 0.8143150210380554 0.053734999150037766
vt 0.8737319707870483 0.053734999150037766
vt 0.8143150210380554 0.053734999150037766
vt 0.8416069746017456 0.040337998420000076
vt 0.8143150210380554 0.053734999150037766
vt 0.8737319707870483 0.053734999150037766
vt 0.8416069746017456 0.06713099777698517
vt 0.8143150210380554 0.053734999150037766
vt 0.8416069746017456 0.06713099777698517
vt 0.8143150210380554 0.06713099777698517
vt 0.8143150210380554 0.06713099777698517
vt 0.799377977848053 0.053734999150037766
vt 0.8143150210380554 0.053734999150037766
vt 0.799377977848053 0.053734999150037766
vt 0.8143150210380554 0.06713099777698517
vt 0.799377977848053 0.06713099777698517
vt 0.7938240170478821 0.04408600181341171
vt 0.799377977848053 0.053734999150037766
vt 0.7938240170478821 0.053734999150037766
vt 0.7938240170478821 0.053734999150037766
vt 0.799377977848053 0.053734999150037766
vt 0.7938240170478821 0.06338399648666382
vt 0.7858030200004578 0.04853000119328499
vt 0.7810530066490173 0.053734999150037766
vt 0.7810530066490173 0.0470150001347065
vt 0.7868229746818542 0.05025799944996834
vt 0.7858030200004578 0.04853000119328499
vt 0.7886670231819153 0.048778001219034195
vt 0.7858030200004578 0.04853000119328499
vt 0.7868229746818542 0.05025799944996834
vt 0.7858030200004578 0.053734999150037766
vt 0.7810530066490173 0.053734999150037766
vt 0.7858030200004578 0.04853000119328499
vt 0.7858030200004578 0.053734999150037766
vt 0.7858030200004578 0.05894000083208084
vt 0.7810530066490173 0.053734999150037766
vt 0.7858030200004578 0.053734999150037766
vt 0.7858030200004578 0.05894000083208084
vt 0.7858030200004578 0.053734999150037766
vt 0.7868229746818542 0.057211000472307205
vt 0.7868229746818542 0.057211000472307205
vt 0.7886670231819153 0.05869099870324135
vt 0.7858030200004578 0.05894000083208084
vt 0.7810530066490173 0.053734999150037766
vt 0.7858030200004578 0.05894000083208084
vt 0.7810530066490173 0.060453999787569046
vt 0.7827579975128174 0.053734999150037766
vt 0.7702749967575073 0.042497001588344574
vt 0.7822750210762024 0.04045499861240387
vt 0.7822750210762024 0.04045499861240387
vt 0.7854539752006531 0.053734999150037766
vt 0.7827579975128174 0.053734999150037766
vt 0.7854539752006531 0.053734999150037766
vt 0.7822750210762024 0.06701499968767166
vt 0.7827579975128174 0.053734999150037766
vt 0.7702749967575073 0.06497199833393097
vt 0.7827579975128174 0.053734999150037766
vt 0.7822750210762024 0.06701499968767166
vt 0.7899929881095886 0.053734999150037766
vt 0.7904769778251648 0.040337998420000076
vt 0.8024759888648987 0.040337998420000076
vt 0.7904769778251648 0.040337998420000076
vt 0.7899929881095886 0.053734999150037766
vt 0.7872970104217529 0.053734999150037766
vt 0.7899929881095886 0.053734999150037766
vt 0.7904769778251648 0.06713099777698517
vt 0.7872970104217529 0.053734999150037766
vt 0.7904769778251648 0.06713099777698517
vt 0.7899929881095886 0.053734999150037766
vt 0.8024759888648987 0.06713099777698517
vt 0.7802180051803589 0.09814000129699707
vt 0.7833700180053711 0.09985700249671936
vt 0.7808619737625122 0.09985700249671936
vt 0.7833700180053711 0.09985700249671936
vt 0.7802180051803589 0.09814000129699707
vt 0.7852150201797485 0.0982159972190857
vt 0.8092079758644104 0.03003999963402748
vt 0.7956579923629761 0.027281999588012695
vt 0.7957090139389038 0.024241000413894653
vt 0.7956579923629761 0.027281999588012695
vt 0.7938899993896484 0.025512000545859337
vt 0.7957090139389038 0.024241000413894653
vt 0.7909849882125854 0.09292300045490265
vt 0.786234974861145 0.09730999916791916
vt 0.7845990061759949 0.09292300045490265
vt 0.7909849882125854 0.09292300045490265
vt 0.7835140228271484 0.08489099889993668
vt 0.7943689823150635 0.08489099889993668
vt 0.7835140228271484 0.08489099889993668
vt 0.7909849882125854 0.09292300045490265
vt 0.7845990061759949 0.09292300045490265
vt 0.7782130241394043 0.09292300045490265
vt 0.7835140228271484 0.08489099889993668
vt 0.7845990061759949 0.09292300045490265
vt 0.7835140228271484 0.08489099889993668
vt 0.7782130241394043 0.09292300045490265
vt 0.7726590037345886 0.08489099889993668
vt 0.7845990061759949 0.09292300045490265
vt 0.7799069881439209 0.09730999916791916
vt 0.7782130241394043 0.09292300045490265
vt 0.7845990061759949 0.09292300045490265
vt 0.786234974861145 0.09730999916791916
vt 0.783070981502533 0.09730999916791916
vt 0.7799069881439209 0.09730999916791916
vt 0.7845990061759949 0.09292300045490265
vt 0.783070981502533 0.09730999916791916
vt 0.786234974861145 0.09730999916791916
vt 0.7833700180053711 0.09985700249671936
vt 0.783070981502533 0.09730999916791916
vt 0.7799069881439209 0.09730999916791916
vt 0.783070981502533 0.09730999916791916
vt 0.7808619737625122 0.09985700249671936
vt 0.783070981502533 0.09730999916791916
vt 0.7833700180053711 0.09985700249671936
vt 0.7808619737625122 0.09985700249671936
vt 0.8240470290184021 0.037227001041173935
vt 0.8092079758644104 0.032423000782728195
vt 0.8228300213813782 0.03302999958395958
vt 0.8092079758644104 0.032423000782728195
vt 0.8240470290184021 0.037227001041173935
vt 0.8092079758644104 0.042360998690128326
vt 0.7951020002365112 0.05170299857854843
vt 0.7956579923629761 0.027281999588012695
vt 0.8092079758644104 0.042360998690128326
vt 0.8092079758644104 0.042360998690128326
vt 0.7956579923629761 0.027281999588012695
vt 0.8092079758644104 0.032423000782728195
vt 0.8228300213813782 0.03302999958395958
vt 0.8435029983520508 0.028831999748945236
vt 0.8357899785041809 0.034511998295784
vt 0.8228300213813782 0.03302999958395958
vt 0.8357899785041809 0.034511998295784
vt 0.8240470290184021 0.037227001041173935
vt 0.7856619954109192 0.04670799896121025
vt 0.7951020002365112 0.05170299857854843
vt 0.7897629737854004 0.05870800092816353
vt 0.7951020002365112 0.05170299857854843
vt 0.7856619954109192 0.04670799896121025
vt 0.7956579923629761 0.027281999588012695
vt 0.7577229738235474 0.07962600141763687
vt 0.7577229738235474 0.04033700004220009
vt 0.7695609927177429 0.06280899792909622
vt 0.7695609927177429 0.06280899792909622
vt 0.7726590037345886 0.08489099889993668
vt 0.7577229738235474 0.07962600141763687
vt 0.7577229738235474 0.04033700004220009
vt 0.7726590037345886 0.04033700004220009
vt 0.7695609927177429 0.06280899792909622
vt 0.730430006980896 0.07752300053834915
vt 0.7577229738235474 0.04033700004220009
vt 0.7577229738235474 0.07962600141763687
vt 0.7577229738235474 0.04033700004220009
vt 0.730430006980896 0.07752300053834915
vt 0.7251930236816406 0.04033700004220009
vt 0.7695609927177429 0.06280899792909622
vt 0.781561017036438 0.06690999865531921
vt 0.7726590037345886 0.08489099889993668
vt 0.781561017036438 0.05870800092816353
vt 0.7726590037345886 0.04033700004220009
vt 0.7856619954109192 0.04670799896121025
vt 0.7726590037345886 0.04033700004220009
vt 0.781561017036438 0.05870800092816353
vt 0.7695609927177429 0.06280899792909622
vt 0.7726590037345886 0.04033700004220009
vt 0.7938899993896484 0.025512000545859337
vt 0.7856619954109192 0.04670799896121025
vt 0.7856619954109192 0.04670799896121025
vt 0.7938899993896484 0.025512000545859337
vt 0.7956579923629761 0.027281999588012695
vt 0.8357899785041809 0.034511998295784
vt 0.8435029983520508 0.0578170008957386
vt 0.8240470290184021 0.037227001041173935
vt 0.8240470290184021 0.037227001041173935
vt 0.8435029983520508 0.0578170008957386
vt 0.8240470290184021 0.06193000078201294
vt 0.8435029983520508 0.0578170008957386
vt 0.8357899785041809 0.034511998295784
vt 0.8435029983520508 0.028831999748945236
vt 0.8435029983520508 0.0578170008957386
vt 0.8435029983520508 0.028831999748945236
vt 0.857155978679657 0.05135200172662735
vt 0.8526269793510437 0.0189800001680851
vt 0.857155978679657 0.05135200172662735
vt 0.8435029983520508 0.028831999748945236
vt 0.8526269793510437 0.0189800001680851
vt 0.8637750148773193 0.0133050000295043
vt 0.857155978679657 0.05135200172662735
vt 0.8637750148773193 0.0133050000295043
vt 0.8672980070114136 0.03472600132226944
vt 0.857155978679657 0.05135200172662735
vt 0.8672980070114136 0.03472600132226944
vt 0.8637750148773193 0.0133050000295043
vt 0.8737319707870483 0.012124000117182732
vt 0.8017629981040955 0.06280899792909622
vt 0.8009260296821594 0.07536700367927551
vt 0.7943689823150635 0.08489099889993668
vt 0.8017629981040955 0.06280899792909622
vt 0.7897629737854004 0.05870800092816353
vt 0.7951020002365112 0.05170299857854843
vt 0.7943689823150635 0.08489099889993668
vt 0.7897629737854004 0.06690999865531921
vt 0.8017629981040955 0.06280899792909622
vt 0.7897629737854004 0.06690999865531921
vt 0.7943689823150635 0.08489099889993668
vt 0.7856619954109192 0.07891000062227249
vt 0.7951020002365112 0.05170299857854843
vt 0.8092079758644104 0.042360998690128326
vt 0.8017629981040955 0.06280899792909622
vt 0.8092079758644104 0.042360998690128326
vt 0.8092079758644104 0.06903400272130966
vt 0.8017629981040955 0.06280899792909622
vt 0.8009260296821594 0.07536700367927551
vt 0.8017629981040955 0.06280899792909622
vt 0.8092079758644104 0.06903400272130966
vt 0.8240470290184021 0.037227001041173935
vt 0.8240470290184021 0.06193000078201294
vt 0.8092079758644104 0.042360998690128326
vt 0.8092079758644104 0.06903400272130966
vt 0.8092079758644104 0.042360998690128326
vt 0.8240470290184021 0.06193000078201294
vt 0.7835140228271484 0.08489099889993668
vt 0.7726590037345886 0.08489099889993668
vt 0.781561017036438 0.06690999865531921
vt 0.7835140228271484 0.08489099889993668
vt 0.781561017036438 0.06690999865531921
vt 0.7856619954109192 0.07891000062227249
vt 0.7856619954109192 0.07891000062227249
vt 0.7943689823150635 0.08489099889993668
vt 0.7835140228271484 0.08489099889993668
vt 0.7726219892501831 0.08489099889993668
vt 0.7860190272331238 0.08921200037002563
vt 0.7763699889183044 0.09292300045490265
vt 0.7860190272331238 0.08921200037002563
vt 0.7994149923324585 0.08489099889993668
vt 0.7956680059432983 0.09292300045490265
vt 0.7763699889183044 0.09292300045490265
vt 0.7860190272331238 0.09292300045490265
vt 0.7793620228767395 0.09730999916791916
vt 0.7860190272331238 0.09292300045490265
vt 0.7956680059432983 0.09292300045490265
vt 0.7926750183105469 0.09730999916791916
vt 0.7793620228767395 0.09730999916791916
vt 0.7860190272331238 0.09292300045490265
vt 0.7860190272331238 0.09730999916791916
vt 0.7860190272331238 0.09730999916791916
vt 0.7860190272331238 0.09292300045490265
vt 0.7926750183105469 0.09730999916791916
vt 0.7860190272331238 0.09730999916791916
vt 0.7820259928703308 0.09814000129699707
vt 0.7793620228767395 0.09730999916791916
vt 0.7793620228767395 0.09730999916791916
vt 0.7820259928703308 0.09814000129699707
vt 0.7804870009422302 0.09985700249671936
vt 0.7860190272331238 0.09730999916791916
vt 0.7926750183105469 0.09730999916791916
vt 0.790012001991272 0.09814000129699707
vt 0.7926750183105469 0.09730999916791916
vt 0.7915509939193726 0.09985700249671936
vt 0.790012001991272 0.09814000129699707
vt 0.7726219892501831 0.0189800001680851
vt 0.7860190272331238 0.014468999579548836
vt 0.7860190272331238 0.0296580009162426
vt 0.7860190272331238 0.0296580009162426
vt 0.7860190272331238 0.014468999579548836
vt 0.7994149923324585 0.0189800001680851
vt 0.7726219892501831 0.028831999748945236
vt 0.7726219892501831 0.0189800001680851
vt 0.7860190272331238 0.0296580009162426
vt 0.7860190272331238 0.0296580009162426
vt 0.7994149923324585 0.0189800001680851
vt 0.7994149923324585 0.028831999748945236
vt 0.7860190272331238 0.059192001819610596
vt 0.7860190272331238 0.06188800185918808
vt 0.7727389931678772 0.05870800092816353
vt 0.7992990016937256 0.05870800092816353
vt 0.7860190272331238 0.06188800185918808
vt 0.7860190272331238 0.059192001819610596
vt 0.7726219892501831 0.04670799896121025
vt 0.7860190272331238 0.059192001819610596
vt 0.7727389931678772 0.05870800092816353
vt 0.7860190272331238 0.059192001819610596
vt 0.7994149923324585 0.04670799896121025
vt 0.7992990016937256 0.05870800092816353
vt 0.773688018321991 0.06690999865531921
vt 0.7860190272331238 0.06642600148916245
vt 0.7743549942970276 0.07891000062227249
vt 0.7860190272331238 0.06642600148916245
vt 0.773688018321991 0.06690999865531921
vt 0.7860190272331238 0.06373000144958496
vt 0.7983490228652954 0.06690999865531921
vt 0.7860190272331238 0.06642600148916245
vt 0.7860190272331238 0.06373000144958496
vt 0.7860190272331238 0.06642600148916245
vt 0.7983490228652954 0.06690999865531921
vt 0.797681987285614 0.07891000062227249
vt 0.8092079758644104 0.04473000019788742
vt 0.8240470290184021 0.04473000019788742
vt 0.8092079758644104 0.053734999150037766
vt 0.8240470290184021 0.04473000019788742
vt 0.8240470290184021 0.053734999150037766
vt 0.8092079758644104 0.053734999150037766
vt 0.8092079758644104 0.053734999150037766
vt 0.8240470290184021 0.053734999150037766
vt 0.8240470290184021 0.06273999810218811
vt 0.8092079758644104 0.04473000019788742
vt 0.8092079758644104 0.053734999150037766
vt 0.7957090139389038 0.053734999150037766
vt 0.8092079758644104 0.053734999150037766
vt 0.8240470290184021 0.06273999810218811
vt 0.8092079758644104 0.06273999810218811
vt 0.7957090139389038 0.053734999150037766
vt 0.8092079758644104 0.053734999150037766
vt 0.8092079758644104 0.06273999810218811
vt 0.7957090139389038 0.053734999150037766
vt 0.8092079758644104 0.06273999810218811
vt 0.7957090139389038 0.06273999810218811
vt 0.7957090139389038 0.04473000019788742
vt 0.8092079758644104 0.04473000019788742
vt 0.7957090139389038 0.053734999150037766
vt 0.7956579923629761 0.042323000729084015
vt 0.8092079758644104 0.04210200160741806
vt 0.8092079758644104 0.04473000019788742
vt 0.8228300213813782 0.04171999916434288
vt 0.8092079758644104 0.04473000019788742
vt 0.8092079758644104 0.04210200160741806
vt 0.8092079758644104 0.04473000019788742
vt 0.8228300213813782 0.04171999916434288
vt 0.8240470290184021 0.04473000019788742
vt 0.8092079758644104 0.06536699831485748
vt 0.7956579923629761 0.06514699757099152
vt 0.8092079758644104 0.06273999810218811
vt 0.8092079758644104 0.06273999810218811
vt 0.8228300213813782 0.06575000286102295
vt 0.8092079758644104 0.06536699831485748
vt 0.8228300213813782 0.06575000286102295
vt 0.8092079758644104 0.06273999810218811
vt 0.8240470290184021 0.06273999810218811
vt 0.7957090139389038 0.053734999150037766
vt 0.7726590037345886 0.053734999150037766
vt 0.7938899993896484 0.04233299940824509
vt 0.7726590037345886 0.040337998420000076
vt 0.7938899993896484 0.04233299940824509
vt 0.7726590037345886 0.053734999150037766
vt 0.7957090139389038 0.053734999150037766
vt 0.7938899993896484 0.04233299940824509
vt 0.7957090139389038 0.04473000019788742
vt 0.7726590037345886 0.053734999150037766
vt 0.7957090139389038 0.053734999150037766
vt 0.7938899993896484 0.06513600051403046
vt 0.7938899993896484 0.06513600051403046
vt 0.7957090139389038 0.053734999150037766
vt 0.7957090139389038 0.06273999810218811
vt 0.7726590037345886 0.053734999150037766
vt 0.7938899993896484 0.06513600051403046
vt 0.7726590037345886 0.06713099777698517
vt 0.8240470290184021 0.04473000019788742
vt 0.8228300213813782 0.04171999916434288
vt 0.8435029983520508 0.040337998420000076
vt 0.8240470290184021 0.06273999810218811
vt 0.8435029983520508 0.06713099777698517
vt 0.8228300213813782 0.06575000286102295
vt 0.7577229738235474 0.040337998420000076
vt 0.7726590037345886 0.040337998420000076
vt 0.7577229738235474 0.053734999150037766
vt 0.7726590037345886 0.040337998420000076
vt 0.7726590037345886 0.053734999150037766
vt 0.7577229738235474 0.053734999150037766
vt 0.7577229738235474 0.053734999150037766
vt 0.7726590037345886 0.053734999150037766
vt 0.7726590037345886 0.06713099777698517
vt 0.7577229738235474 0.053734999150037766
vt 0.7726590037345886 0.06713099777698517
vt 0.7577229738235474 0.06713099777698517
vt 0.7577229738235474 0.053734999150037766
vt 0.7251930236816406 0.053734999150037766
vt 0.7577229738235474 0.040337998420000076
vt 0.7251930236816406 0.053734999150037766
vt 0.7577229738235474 0.053734999150037766
vt 0.7577229738235474 0.06713099777698517
vt 0.7251930236816406 0.040337998420000076
vt 0.7577229738235474 0.040337998420000076
vt 0.7251930236816406 0.053734999150037766
vt 0.7251930236816406 0.053734999150037766
vt 0.7577229738235474 0.06713099777698517
vt 0.7251930236816406 0.06713099777698517
vt 0.8637750148773193 0.053734999150037766
vt 0.8526269793510437 0.040337998420000076
vt 0.8637750148773193 0.040337998420000076
vt 0.8637750148773193 0.040337998420000076
vt 0.8737319707870483 0.040337998420000076
vt 0.8637750148773193 0.053734999150037766
vt 0.8737319707870483 0.040337998420000076
vt 0.8737319707870483 0.053734999150037766
vt 0.8637750148773193 0.053734999150037766
vt 0.8637750148773193 0.053734999150037766
vt 0.8737319707870483 0.053734999150037766
vt 0.8737319707870483 0.06713099777698517
vt 0.8637750148773193 0.053734999150037766
vt 0.8737319707870483 0.06713099777698517
vt 0.8637750148773193 0.06713099777698517
vt 0.8526269793510437 0.06713099777698517
vt 0.8637750148773193 0.053734999150037766
vt 0.8637750148773193 0.06713099777698517
vt 0.8526269793510437 0.040337998420000076
vt 0.8637750148773193 0.053734999150037766
vt 0.8526269793510437 0.053734999150037766
vt 0.8637750148773193 0.053734999150037766
vt 0.8526269793510437 0.06713099777698517
vt 0.8526269793510437 0.053734999150037766
vt 0.8378790020942688 0.053734999150037766
vt 0.8240470290184021 0.04473000019788742
vt 0.8435029983520508 0.040337998420000076
vt 0.8240470290184021 0.06273999810218811
vt 0.8378790020942688 0.053734999150037766
vt 0.8435029983520508 0.06713099777698517
vt 0.8240470290184021 0.04473000019788742
vt 0.8378790020942688 0.053734999150037766
vt 0.8240470290184021 0.053734999150037766
vt 0.8378790020942688 0.053734999150037766
vt 0.8240470290184021 0.06273999810218811
vt 0.8240470290184021 0.053734999150037766
vt 0.7897629737854004 0.04140400141477585
vt 0.7892789840698242 0.053734999150037766
vt 0.7865830063819885 0.053734999150037766
vt 0.7892789840698242 0.053734999150037766
vt 0.7897629737854004 0.04140400141477585
vt 0.8017629981040955 0.042497001588344574
vt 0.7892789840698242 0.053734999150037766
vt 0.7897629737854004 0.0660649985074997
vt 0.7865830063819885 0.053734999150037766
vt 0.7897629737854004 0.0660649985074997
vt 0.7892789840698242 0.053734999150037766
vt 0.8017629981040955 0.06497199833393097
vt 0.7820450067520142 0.053734999150037766
vt 0.7695609927177429 0.040337998420000076
vt 0.781561017036438 0.040337998420000076
vt 0.781561017036438 0.040337998420000076
vt 0.7847409844398499 0.053734999150037766
vt 0.7820450067520142 0.053734999150037766
vt 0.7847409844398499 0.053734999150037766
vt 0.781561017036438 0.06713099777698517
vt 0.7820450067520142 0.053734999150037766
vt 0.7695609927177429 0.06713099777698517
vt 0.7820450067520142 0.053734999150037766
vt 0.781561017036438 0.06713099777698517
vt 0.7918189764022827 0.09814000129699707
vt 0.7886670231819153 0.09985700249671936
vt 0.7868229746818542 0.0982159972190857
vt 0.7886670231819153 0.09985700249671936
vt 0.7918189764022827 0.09814000129699707
vt 0.7911750078201294 0.09985700249671936
vt 0.7628300189971924 0.03003999963402748
vt 0.7763280272483826 0.024241000413894653
vt 0.7763789892196655 0.027281999588012695
vt 0.7763789892196655 0.027281999588012695
vt 0.7763280272483826 0.024241000413894653
vt 0.7781479954719543 0.025512000545859337
vt 0.7858030200004578 0.09730999916791916
vt 0.7874389886856079 0.09292300045490265
vt 0.7889670133590698 0.09730999916791916
vt 0.7889670133590698 0.09730999916791916
vt 0.7886670231819153 0.09985700249671936
vt 0.7858030200004578 0.09730999916791916
vt 0.7911750078201294 0.09985700249671936
vt 0.7886670231819153 0.09985700249671936
vt 0.7889670133590698 0.09730999916791916
vt 0.7921310067176819 0.09730999916791916
vt 0.7911750078201294 0.09985700249671936
vt 0.7889670133590698 0.09730999916791916
vt 0.7874389886856079 0.09292300045490265
vt 0.7921310067176819 0.09730999916791916
vt 0.7889670133590698 0.09730999916791916
vt 0.7874389886856079 0.09292300045490265
vt 0.7858030200004578 0.09730999916791916
vt 0.7810530066490173 0.09292300045490265
vt 0.7921310067176819 0.09730999916791916
vt 0.7874389886856079 0.09292300045490265
vt 0.7938240170478821 0.09292300045490265
vt 0.7810530066490173 0.09292300045490265
vt 0.7885239720344543 0.08489099889993668
vt 0.7874389886856079 0.09292300045490265
vt 0.7885239720344543 0.08489099889993668
vt 0.7938240170478821 0.09292300045490265
vt 0.7874389886856079 0.09292300045490265
vt 0.7885239720344543 0.08489099889993668
vt 0.7810530066490173 0.09292300045490265
vt 0.7776690125465393 0.08489099889993668
vt 0.7938240170478821 0.09292300045490265
vt 0.7885239720344543 0.08489099889993668
vt 0.799377977848053 0.08489099889993668
vt 0.7479910254478455 0.037227001041173935
vt 0.7628300189971924 0.032423000782728195
vt 0.7628300189971924 0.042360998690128326
vt 0.7628300189971924 0.032423000782728195
vt 0.7479910254478455 0.037227001041173935
vt 0.7492070198059082 0.03302999958395958
vt 0.7763789892196655 0.027281999588012695
vt 0.7628300189971924 0.042360998690128326
vt 0.7628300189971924 0.032423000782728195
vt 0.7628300189971924 0.042360998690128326
vt 0.7763789892196655 0.027281999588012695
vt 0.7769349813461304 0.05170299857854843
vt 0.7492070198059082 0.03302999958395958
vt 0.7362470030784607 0.034511998295784
vt 0.728534996509552 0.028831999748945236
vt 0.7362470030784607 0.034511998295784
vt 0.7492070198059082 0.03302999958395958
vt 0.7479910254478455 0.037227001041173935
vt 0.7863759994506836 0.04670799896121025
vt 0.7769349813461304 0.05170299857854843
vt 0.7763789892196655 0.027281999588012695
vt 0.7769349813461304 0.05170299857854843
vt 0.7863759994506836 0.04670799896121025
vt 0.7822750210762024 0.05870800092816353
vt 0.8143150210380554 0.04033700004220009
vt 0.8143150210380554 0.07962600141763687
vt 0.8024759888648987 0.06280899792909622
vt 0.8143150210380554 0.07962600141763687
vt 0.799377977848053 0.08489099889993668
vt 0.8024759888648987 0.06280899792909622
vt 0.8024759888648987 0.06280899792909622
vt 0.799377977848053 0.04033700004220009
vt 0.8143150210380554 0.04033700004220009
vt 0.8143150210380554 0.04033700004220009
vt 0.8416069746017456 0.07752300053834915
vt 0.8143150210380554 0.07962600141763687
vt 0.8416069746017456 0.07752300053834915
vt 0.8143150210380554 0.04033700004220009
vt 0.8468449711799622 0.04033700004220009
vt 0.8024759888648987 0.06280899792909622
vt 0.799377977848053 0.08489099889993668
vt 0.7904769778251648 0.06690999865531921
vt 0.799377977848053 0.04033700004220009
vt 0.7904769778251648 0.05870800092816353
vt 0.7863759994506836 0.04670799896121025
vt 0.7904769778251648 0.05870800092816353
vt 0.799377977848053 0.04033700004220009
vt 0.8024759888648987 0.06280899792909622
vt 0.7781479954719543 0.025512000545859337
vt 0.799377977848053 0.04033700004220009
vt 0.7863759994506836 0.04670799896121025
vt 0.7781479954719543 0.025512000545859337
vt 0.7863759994506836 0.04670799896121025
vt 0.7763789892196655 0.027281999588012695
vt 0.728534996509552 0.0578170008957386
vt 0.7479910254478455 0.037227001041173935
vt 0.7479910254478455 0.06193000078201294
vt 0.7479910254478455 0.037227001041173935
vt 0.728534996509552 0.0578170008957386
vt 0.7362470030784607 0.034511998295784
vt 0.728534996509552 0.0578170008957386
vt 0.728534996509552 0.028831999748945236
vt 0.7362470030784607 0.034511998295784
vt 0.7148820161819458 0.05135200172662735
vt 0.728534996509552 0.028831999748945236
vt 0.728534996509552 0.0578170008957386
vt 0.7148820161819458 0.05135200172662735
vt 0.7194110155105591 0.0189800001680851
vt 0.728534996509552 0.028831999748945236
vt 0.7194110155105591 0.0189800001680851
vt 0.7148820161819458 0.05135200172662735
vt 0.7082629799842834 0.0133050000295043
vt 0.7082629799842834 0.0133050000295043
vt 0.7148820161819458 0.05135200172662735
vt 0.704738974571228 0.03472600132226944
vt 0.704738974571228 0.03472600132226944
vt 0.6983060240745544 0.012124000117182732
vt 0.7082629799842834 0.0133050000295043
vt 0.7702749967575073 0.06280899792909622
vt 0.7776690125465393 0.08489099889993668
vt 0.7711120247840881 0.07536700367927551
vt 0.7702749967575073 0.06280899792909622
vt 0.7769349813461304 0.05170299857854843
vt 0.7822750210762024 0.05870800092816353
vt 0.7776690125465393 0.08489099889993668
vt 0.7822750210762024 0.06690999865531921
vt 0.7863759994506836 0.07891000062227249
vt 0.7822750210762024 0.06690999865531921
vt 0.7776690125465393 0.08489099889993668
vt 0.7702749967575073 0.06280899792909622
vt 0.7628300189971924 0.06903400272130966
vt 0.7702749967575073 0.06280899792909622
vt 0.7711120247840881 0.07536700367927551
vt 0.7628300189971924 0.06903400272130966
vt 0.7628300189971924 0.042360998690128326
vt 0.7702749967575073 0.06280899792909622
vt 0.7702749967575073 0.06280899792909622
vt 0.7628300189971924 0.042360998690128326
vt 0.7769349813461304 0.05170299857854843
vt 0.7479910254478455 0.06193000078201294
vt 0.7628300189971924 0.042360998690128326
vt 0.7628300189971924 0.06903400272130966
vt 0.7628300189971924 0.042360998690128326
vt 0.7479910254478455 0.06193000078201294
vt 0.7479910254478455 0.037227001041173935
vt 0.7885239720344543 0.08489099889993668
vt 0.7904769778251648 0.06690999865531921
vt 0.799377977848053 0.08489099889993668
vt 0.7904769778251648 0.06690999865531921
vt 0.7885239720344543 0.08489099889993668
vt 0.7863759994506836 0.07891000062227249
vt 0.7885239720344543 0.08489099889993668
vt 0.7776690125465393 0.08489099889993668
vt 0.7863759994506836 0.07891000062227249
vn 0.9777552548000881 0.20974904460048147 0
vn 0.9185218908528323 0.39537012535614996 0
vn 0.9147807358183023 0.40395074622498844 0
vn 0.9147807358183023 0.40395074622498844 0
vn 0.8752693276082472 0.4836358176853809 0
vn 0.8752693276082472 0.4836358176853809 0
vn 0.8752693276082472 0.4836358176853809 0
vn 0.9147807358183023 0.40395074622498844 0
vn 0.9185218908528323 0.39537012535614996 0
vn 0.9147807358183023 0.40395074622498844 0
vn 0.8752693276082472 0.4836358176853809 0
vn 0.9185218908528323 0.39537012535614996 0
vn 0.8752693276082472 0.4836358176853809 0
vn 0.9147807358183023 0.40395074622498844 0
vn 0.8752693276082472 0.4836358176853809 0
vn 0.9185218908528323 0.39537012535614996 0
vn 0.9777552548000881 0.20974904460048147 0
vn 0.9147807358183023 0.40395074622498844 0
vn 0.9185218908528323 0.39537012535614996 0
vn 0.9777552548000881 0.20974904460048147 0
vn 0.9777552548000881 0.20974904460048147 0
vn 0.9777552548000881 0.20974904460048147 0
vn 0.9185218908528323 0.39537012535614996 0
vn 0.9777552548000881 0.20974904460048147 0
vn 0.9969381163994965 0.07819457826361005 0
vn 0.9777552548000881 0.20974904460048147 0
vn 0.9777552548000881 0.20974904460048147 0
vn 0.9777552548000881 0.20974904460048147 0
vn 0.9969381163994965 0.07819457826361005 0
vn 0.9777552548000881 0.20974904460048147 0
vn 0.9777552548000881 0.20974904460048147 0
vn 0.9969381163994965 0.07819457826361005 0
vn 0.9969381163994965 0.07819457826361005 0
vn 0.9969381163994965 0.07819457826361005 0
vn 0.9777552548000881 0.20974904460048147 0
vn 0.9969381163994965 0.07819457826361005 0
vn 0.9992387074742795 -0.03901288870528997 0
vn 0.9969381163994965 0.07819457826361005 0
vn 0.9969381163994965 0.07819457826361005 0
vn 0.9969381163994965 0.07819457826361005 0
vn 0.9992387074742795 -0.03901288870528997 0
vn 0.9969381163994965 0.07819457826361005 0
vn 0.9969381163994965 0.07819457826361005 0
vn 0.9992387074742795 -0.03901288870528997 0
vn 0.9992387074742795 -0.03901288870528997 0
vn 0.9992387074742795 -0.03901288870528997 0
vn 0.9969381163994965 0.07819457826361005 0
vn 0.9992387074742795 -0.03901288870528997 0
vn 0.9931260924023051 -0.1170494108901371 0
vn 0.9992387074742795 -0.03901288870528997 0
vn 0.9992387074742795 -0.03901288870528997 0
vn 0.9992387074742795 -0.03901288870528997 0
vn 0.9931260924023051 -0.1170494108901371 0
vn 0.9992387074742795 -0.03901288870528997 0
vn 0.9992387074742795 -0.03901288870528997 0
vn 0.9931260924023051 -0.1170494108901371 0
vn 0.993137077770803 -0.11695616596344995 0
vn 0.993137077770803 -0.11695616596344995 0
vn 0.9931260924023051 -0.1170494108901371 0
vn 0.9992387074742795 -0.03901288870528997 0
vn 0.9731558955073681 -0.23014691620626254 0
vn 0.993137077770803 -0.11695616596344995 0
vn 0.9931260924023051 -0.1170494108901371 0
vn 0.993137077770803 -0.11695616596344995 0
vn 0.973179951229593 -0.23004517496519433 0
vn 0.9931260924023051 -0.1170494108901371 0
vn 0.993137077770803 -0.11695616596344995 0
vn 0.9731558955073681 -0.23014691620626254 0
vn 0.9731558955073681 -0.23014691620626254 0
vn 0.9731558955073681 -0.23014691620626254 0
vn 0.973179951229593 -0.23004517496519433 0
vn 0.993137077770803 -0.11695616596344995 0
vn 0.9401243254254923 -0.3408317073619511 0
vn 0.9731558955073681 -0.23014691620626254 0
vn 0.9731558955073681 -0.23014691620626254 0
vn 0.9731558955073681 -0.23014691620626254 0
vn 0.9401243254254923 -0.3408317073619511 0
vn 0.973179951229593 -0.23004517496519433 0
vn 0.9731558955073681 -0.23014691620626254 0
vn 0.9401243254254923 -0.3408317073619511 0
vn 0.9401243254254923 -0.3408317073619511 0
vn 0.9401243254254923 -0.3408317073619511 0
vn 0.9401243254254923 -0.3408317073619511 0
vn 0.9731558955073681 -0.23014691620626254 0
vn 0.9401633794603362 -0.3407239644077294 0
vn 0.9401243254254923 -0.3408317073619511 0
vn 0.9401243254254923 -0.3408317073619511 0
vn 0.9401243254254923 -0.3408317073619511 0
vn 0.9401243254254923 -0.3408317073619511 0
vn 0.9401243254254923 -0.3408317073619511 0
vn 0.9401243254254923 -0.3408317073619511 0
vn 0.9401633794603362 -0.3407239644077294 0
vn 0.9401243254254923 -0.3408317073619511 0
vn 0.9401243254254923 -0.3408317073619511 0
vn 0.9401243254254923 -0.3408317073619511 0
vn 0.9401243254254923 -0.3408317073619511 0
vn 0.94015146082894 0.3407568498228762 0
vn 0.7389427777798336 0.6737681880046158 0
vn 0.7389427777798336 0.6737681880046158 0
vn 0.9401633794603362 0.3407239644077294 0
vn 0.7389427777798336 0.6737681880046158 0
vn 0.7389427777798336 0.6737681880046158 0
vn 0.7389427777798336 0.6737681880046158 0
vn 0.9401633794603362 0.3407239644077294 0
vn 0.9401243254254923 0.3408317073619511 0
vn 0.94015146082894 0.3407568498228762 0
vn 0.7389427777798336 0.6737681880046158 0
vn 0.9401243254254923 0.3408317073619511 0
vn 0.9431492967451071 0.3323693789283392 0
vn 0.9401243254254923 0.3408317073619511 0
vn 0.9401633794603362 0.3407239644077294 0
vn 0.9401243254254923 0.3408317073619511 0
vn 0.9431492967451071 0.3323693789283392 0
vn 0.94015146082894 0.3407568498228762 0
vn 0.9431492967451071 0.3323693789283392 0
vn 0.9401243254254923 0.3408317073619511 0
vn 0.9431492967451071 0.3323693789283392 0
vn 0.9401243254254923 0.3408317073619511 0
vn 0.9431492967451071 0.3323693789283392 0
vn 0.9431492967451071 0.3323693789283392 0
vn 0.9431492967451071 0.3323693789283392 0
vn 0.9431492967451071 0.3323693789283392 0
vn 0.8143047581329073 0.5804375598478337 0
vn 0.8143047581329073 0.5804375598478337 0
vn 0.9431492967451071 0.3323693789283392 0
vn 0.9431492967451071 0.3323693789283392 0
vn 0.8143047581329073 0.5804375598478337 0
vn 0.9431492967451071 0.3323693789283392 0
vn 0.8143047581329073 0.5804375598478337 0
vn 0.9431492967451071 0.3323693789283392 0
vn 0.8143047581329073 0.5804375598478337 0
vn 0.8143047581329073 0.5804375598478337 0
vn 1 0 0
vn 1 0 0
vn 1 0 0
vn 1 0 0
vn 1 0 0
vn 1 0 0
vn 1 0 0
vn 1 0 0
vn 1 0 0
vn 1 0 0
vn 1 0 0
vn 1 0 0
vn 1 0 0
vn 1 0 0
vn 1 0 0
vn 1 0 0
vn 1 0 0
vn 1 0 0
vn 1 0 0
vn 1 0 0
vn 1 0 0
vn 1 0 0
vn 1 0 0
vn 1 0 0
vn 1 0 0
vn 1 0 0
vn 1 0 0
vn 1 0 0
vn 1 0 0
vn 1 0 0
vn 1 0 0
vn 1 0 0
vn 1 0 0
vn 1 0 0
vn 1 0 0
vn 1 0 0
vn 1 0 0
vn 1 0 0
vn 1 0 0
vn 1 0 0
vn 1 0 0
vn 1 0 0
vn 1 0 0
vn 1 0 0
vn 1 0 0
vn 1 0 0
vn 1 0 0
vn 1 0 0
vn 1 0 0
vn 1 0 0
vn 1 0 0
vn 1 0 0
vn 1 0 0
vn 1 0 0
vn 1 0 0
vn 1 0 0
vn 1 0 0
vn 1 0 0
vn 1 0 0
vn 1 0 0
vn 1 0 0
vn 1 0 0
vn 1 0 0
vn 1 0 0
vn 1 0 0
vn 1 0 0
vn 1 0 0
vn 1 0 0
vn 1 0 0
vn 1 0 0
vn 1 0 0
vn 1 0 0
vn 1 0 0
vn 1 0 0
vn 1 0 0
vn 1 0 0
vn 1 0 0
vn 1 0 0
vn 1 0 0
vn 1 0 0
vn 1 0 0
vn 1 0 0
vn 1 0 0
vn 1 0 0
vn 1 0 0
vn 1 0 0
vn 1 0 0
vn 1 0 0
vn 1 0 0
vn 1 0 0
vn 1 0 0
vn 1 0 0
vn 1 0 0
vn 1 0 0
vn 1 0 0
vn 1 0 0
vn 1 0 0
vn 1 0 0
vn 1 0 0
vn 1 0 0
vn 1 0 0
vn 1 0 0
vn 1 0 0
vn 1 0 0
vn 1 0 0
vn 1 0 0
vn 1 0 0
vn 1 0 0
vn 1 0 0
vn 1 0 0
vn 1 0 0
vn 1 0 0
vn 1 0 0
vn 1 0 0
vn 1 0 0
vn 1 0 0
vn 1 0 0
vn 1 0 0
vn 1 0 0
vn 1 0 0
vn 1 0 0
vn 1 0 0
vn 1 0 0
vn 1 0 0
vn 1 0 0
vn 1 0 0
vn 1 0 0
vn 1 0 0
vn 1 0 0
vn 1 0 0
vn 1 0 0
vn 1 0 0
vn 1 0 0
vn 1 0 0
vn 1 0 0
vn 1 0 0
vn 1 0 0
vn 1 0 0
vn 1 0 0
vn 1 0 0
vn 1 0 0
vn 1 0 0
vn 1 0 0
vn 1 0 0
vn 1 0 0
vn 1 0 0
vn 1 0 0
vn 1 0 0
vn 1 0 0
vn 1 0 0
vn 1 0 0
vn 1 0 0
vn 1 0 0
vn 1 0 0
vn 1 0 0
vn 1 0 0
vn 1 0 0
vn 1 0 0
vn 1 0 0
vn 1 0 0
vn 1 0 0
vn 1 0 0
vn 1 0 0
vn 1 0 0
vn 1 0 0
vn 1 0 0
vn 1 0 0
vn 1 0 0
vn 0.6999380453671641 0.7142035652722505 0
vn 0.47077359903422406 0.8822540555034949 0
vn 0.6999380453671641 0.7142035652722505 0
vn 0.47077359903422406 0.8822540555034949 0
vn 0.6999380453671641 0.7142035652722505 0
vn 0.6999380453671641 0.7142035652722505 0
vn 0.47077359903422406 0.8822540555034949 0
vn 0.6999380453671641 0.7142035652722505 0
vn 0.4776955568155608 0.8785254435693205 0
vn 0.6999380453671641 0.7142035652722505 0
vn 0.47077359903422406 0.8822540555034949 0
vn 0.4776955568155608 0.8785254435693205 0
vn 0.1798977221118111 0.9836853204043363 0
vn 0.47077359903422406 0.8822540555034949 0
vn 0.4776955568155608 0.8785254435693205 0
vn 0.47077359903422406 0.8822540555034949 0
vn 0.1798977221118111 0.9836853204043363 0
vn 0.4776955568155608 0.8785254435693205 0
vn 0.47077359903422406 0.8822540555034949 0
vn 0.1798977221118111 0.9836853204043363 0
vn 0.1798977221118111 0.9836853204043363 0
vn 0.1798977221118111 0.9836853204043363 0
vn 0.47077359903422406 0.8822540555034949 0
vn 0.1798977221118111 0.9836853204043363 0
vn 0.3827983738186103 0.9238319138251436 0
vn 0.7388975437792146 0.6738177942122362 0
vn 0.3827983738186103 0.9238319138251436 0
vn 0.7388975437792146 0.6738177942122362 0
vn 0.3827983738186103 0.9238319138251436 0
vn 0.7388975437792146 0.6738177942122362 0
vn 0.3827983738186103 0.9238319138251436 0
vn 0.3827983738186103 0.9238319138251436 0
vn 0.3827983738186103 0.9238319138251436 0
vn 0.3827983738186103 0.9238319138251436 0
vn 0.3827983738186103 0.9238319138251436 0
vn 0.3827983738186103 0.9238319138251436 0
vn 0.3827983738186103 0.9238319138251436 0
vn 0.7388975437792146 0.6738177942122362 0
vn 0.7388975437792146 0.6738177942122362 0
vn 0.7388975437792146 0.6738177942122362 0
vn 0.3827983738186103 0.9238319138251436 0
vn 0.3827983738186103 0.9238319138251436 0
vn 0.3827983738186103 0.9238319138251436 0
vn 0.3827983738186103 0.9238319138251436 0
vn 0.3827983738186103 0.9238319138251436 0
vn 0.3827983738186103 0.9238319138251436 0
vn 0.3827983738186103 0.9238319138251436 0
vn 0.3827983738186103 0.9238319138251436 0
vn 0.3907786867698347 0.9204846647100883 0
vn 0.3827983738186103 0.9238319138251436 0
vn 0.3827983738186103 0.9238319138251436 0
vn 0.3827983738186103 0.9238319138251436 0
vn 0.3907786867698347 0.9204846647100883 0
vn 0.3827983738186103 0.9238319138251436 0
vn 0.3827983738186103 0.9238319138251436 0
vn 0.3907786867698347 0.9204846647100883 0
vn 0.3827983738186103 0.9238319138251436 0
vn 0.3907786867698347 0.9204846647100883 0
vn 0.3827983738186103 0.9238319138251436 0
vn 0.3827983738186103 0.9238319138251436 0
vn 0.27296950376748597 0.9620226868493968 0
vn 0.3827983738186103 0.9238319138251436 0
vn 0.3907786867698347 0.9204846647100883 0
vn 0.3827983738186103 0.9238319138251436 0
vn 0.27296950376748597 0.9620226868493968 0
vn 0.3907786867698347 0.9204846647100883 0
vn 0.3827983738186103 0.9238319138251436 0
vn 0.27296950376748597 0.9620226868493968 0
vn 0.27296950376748597 0.9620226868493968 0
vn 0.3827983738186103 0.9238319138251436 0
vn 0.27296950376748597 0.9620226868493968 0
vn 0.27296950376748597 0.9620226868493968 0
vn 0.8142265209486109 0.5805473043464427 0
vn 0.8142265209486109 0.5805473043464427 0
vn 0.703609561175903 0.7105867895069914 0
vn 0.703609561175903 0.7105867895069914 0
vn 0.8142265209486109 0.5805473043464427 0
vn 0.8142265209486109 0.5805473043464427 0
vn 0.703609561175903 0.7105867895069914 0
vn 0.8142265209486109 0.5805473043464427 0
vn 0.703609561175903 0.7105867895069914 0
vn 0.703609561175903 0.7105867895069914 0
vn 0.8142265209486109 0.5805473043464427 0
vn 0.7035637166778427 0.7106321809307965 0
vn 0.09192365217541364 0.8257458514488448 0.5565014204705644
vn 0 0.7451077631092267 0.666944091625651
vn 0.22204067713478232 0.6811818997862945 0.697631103880168
vn 0.09191635979518831 0.8257764142966264 -0.5564572727473401
vn 0.22204067713478232 0.6811818997862945 -0.697631103880168
vn 0 0.7451077631092267 -0.666944091625651
vn 0 0.7019436811581805 -0.7122324539657697
vn 0 0.9378865757369025 -0.3469420283743487
vn 0.28296060700486586 0.6342859600612135 -0.7194543875414635
vn 0.28296060700486586 0.6342859600612135 -0.7194543875414635
vn 0 0.9378865757369025 -0.3469420283743487
vn 0.2952044545766088 0.8747924609470122 -0.38417766758154626
vn -0.28296060700486586 0.6342859600612135 -0.7194543875414635
vn 0 0.9378865757369025 -0.3469420283743487
vn 0 0.7019436811581805 -0.7122324539657697
vn 0 0.9378865757369025 -0.3469420283743487
vn -0.28296060700486586 0.6342859600612135 -0.7194543875414635
vn -0.2952044545766088 0.8747924609470122 -0.38417766758154626
vn 0 0.9379233747019204 -0.3468425337062351
vn 0 0.9999999934148781 -0.00011476168301248658
vn 0.29519206468955117 0.8748524795393736 -0.3840504966643445
vn 0.29519206468955117 0.8748524795393736 -0.3840504966643445
vn 0 0.9999999934148781 -0.00011476168301248658
vn 0.30092507119548384 0.9536477869349843 0
vn -0.29519206468955117 0.8748524795393736 -0.3840504966643445
vn 0 0.9999999934148781 -0.00011476168301248658
vn 0 0.9379233747019204 -0.3468425337062351
vn 0 0.9999999934148781 -0.00011476168301248658
vn -0.29519206468955117 0.8748524795393736 -0.3840504966643445
vn -0.30092507119548384 0.9536477869349843 0
vn 0 0.9999999934148781 0.00011476168301248658
vn 0.29519206468955117 0.8748524795393736 0.3840504966643445
vn 0.30092506927138685 0.9536477808374171 0.00011308351173440781
vn 0.29519206468955117 0.8748524795393736 0.3840504966643445
vn 0 0.9999999934148781 0.00011476168301248658
vn 0 0.9378865757369025 0.3469420283743487
vn -0.30092506927138685 0.9536477808374171 0.00011308351173440781
vn -0.29519206468955117 0.8748524795393736 0.3840504966643445
vn 0 0.9999999934148781 0.00011476168301248658
vn 0 0.9999999934148781 0.00011476168301248658
vn -0.29519206468955117 0.8748524795393736 0.3840504966643445
vn 0 0.9378865757369025 0.3469420283743487
vn 0 0.8802938262582177 -0.4744288982046381
vn 0.09180647502709599 0.8258359142629557 -0.5563871079172911
vn 0 0.7451077631092267 -0.666944091625651
vn 0 0.7451077631092267 -0.666944091625651
vn -0.09180647502709599 0.8258359142629557 -0.5563871079172911
vn 0 0.8803404282911829 -0.47434241884539163
vn -0.09180647502709599 0.8258359142629557 0.5563871079172911
vn 0 0.7451077631092267 0.666944091625651
vn 0 0.8802719308413431 0.4744695224910169
vn 0 0.9060668441589711 0.4231345813282139
vn 0 0.906127386578452 0.42300491639282956
vn 0 0.9061704080367592 0.4229127470276738
vn 0 0.9061704080367592 0.4229127470276738
vn 0 0.906127386578452 0.42300491639282956
vn 0 0.906127386578452 0.42300491639282956
vn 0 0.906127386578452 0.42300491639282956
vn 0 0.906127386578452 0.42300491639282956
vn 0 0.906127386578452 0.42300491639282956
vn 0 0.906127386578452 -0.42300491639282956
vn 0 0.9061704080367592 -0.4229127470276738
vn 0 0.906127386578452 -0.42300491639282956
vn 0 0.9061704080367592 -0.4229127470276738
vn 0 0.906127386578452 -0.42300491639282956
vn 0 0.906127386578452 -0.42300491639282956
vn 0 0.906127386578452 -0.42300491639282956
vn 0 0.906127386578452 -0.42300491639282956
vn 0 0.906127386578452 -0.42300491639282956
vn 0 0.906084359831887 -0.42309707262995755
vn 0 0.906084359831887 -0.42309707262995755
vn 0 0.906084359831887 -0.42309707262995755
vn 0 0.9061704080367592 0.4229127470276738
vn 0 0.9061704080367592 0.4229127470276738
vn 0 0.9061704080367592 0.4229127470276738
vn -0.22204067713478232 0.6811818997862945 0.697631103880168
vn 0 0.7451077631092267 0.666944091625651
vn -0.09192365217541364 0.8257458514488448 0.5565014204705644
vn -0.22204067713478232 0.6811818997862945 -0.697631103880168
vn -0.09192365217541364 0.8257458514488448 -0.5565014204705644
vn 0 0.7451077631092267 -0.666944091625651
vn -0.2952044545766088 0.8747924609470122 0.38417766758154626
vn -0.28296060700486586 0.6342859600612135 0.7194543875414635
vn 0 0.9378865757369025 0.3469420283743487
vn 0 0.9378865757369025 0.3469420283743487
vn -0.28296060700486586 0.6342859600612135 0.7194543875414635
vn 0 0.7019436811581805 0.7122324539657697
vn 0.28296060700486586 0.6342859600612135 0.7194543875414635
vn 0 0.9378865757369025 0.3469420283743487
vn 0 0.7019436811581805 0.7122324539657697
vn 0 0.9378865757369025 0.3469420283743487
vn 0.28296060700486586 0.6342859600612135 0.7194543875414635
vn 0.2952044545766088 0.8747924609470122 0.38417766758154626
vn 0 0.9279153591540843 -0.37279094174342087
vn 0 0.6816322715537397 -0.7316949134553885
vn 0 0.6816322715537397 -0.7316949134553885
vn 0 0.9279290229613631 -0.372756929306445
vn 0 0.6816322715537397 -0.7316949134553885
vn 0 0.6816322715537397 -0.7316949134553885
vn 0 0.9279290229613631 -0.372756929306445
vn 0 0.6816322715537397 -0.7316949134553885
vn 0 0.9279153591540843 -0.37279094174342087
vn 0 0.9279290229613631 -0.372756929306445
vn 0 0.6816322715537397 -0.7316949134553885
vn 0 0.9279290229613631 -0.372756929306445
vn 0 1 0
vn 0 0.9279290229613631 -0.372756929306445
vn 0 0.9279153591540843 -0.37279094174342087
vn 0 1 0
vn 0 0.9279290229613631 -0.372756929306445
vn 0 0.9279290229613631 -0.372756929306445
vn 0 1 0
vn 0 0.9279290229613631 -0.372756929306445
vn 0 1 0
vn 0 1 0
vn 0 0.9279290229613631 -0.372756929306445
vn 0 1 0
vn 0 0.9279290229613631 0.372756929306445
vn 0 1 0
vn 0 1 0
vn 0 0.9279153591540843 0.37279094174342087
vn 0 1 0
vn 0 1 0
vn 0 0.9279153591540843 0.37279094174342087
vn 0 1 0
vn 0 0.9279290229613631 0.372756929306445
vn 0 0.9279290229613631 0.372756929306445
vn 0 1 0
vn 0 0.9279153591540843 0.37279094174342087
vn 0 0.6816322715537397 0.7316949134553885
vn 0 0.9279153591540843 0.37279094174342087
vn 0 0.9279290229613631 0.372756929306445
vn 0 0.6816322715537397 0.7316949134553885
vn 0 0.9279290229613631 0.372756929306445
vn 0 0.9279153591540843 0.37279094174342087
vn 0 0.6816322715537397 0.7316949134553885
vn 0 0.9279153591540843 0.37279094174342087
vn 0 0.6816322715537397 0.7316949134553885
vn 0 0.6816322715537397 0.7316949134553885
vn 0 0.9279290229613631 0.372756929306445
vn 0 0.6816322715537397 0.7316949134553885
vn 0 0.7451077631092267 0.666944091625651
vn 0.09192199884715176 0.8258270755295211 0.5563811530329752
vn 0 0.8802938262582177 0.4744288982046381
vn 0 0.6816322715537397 -0.7316949134553885
vn 0 0.6816322715537397 -0.7316949134553885
vn 0 0.792821384972402 -0.6094540602296801
vn 0 0.792821384972402 -0.6094540602296801
vn 0 0.792821384972402 -0.6094540602296801
vn 0 0.6816322715537397 -0.7316949134553885
vn 0 0.6816322715537397 -0.7316949134553885
vn 0 0.6816322715537397 -0.7316949134553885
vn 0 0.792821384972402 -0.6094540602296801
vn 0 0.792821384972402 -0.6094540602296801
vn 0 0.792821384972402 -0.6094540602296801
vn 0 0.6816322715537397 -0.7316949134553885
vn 0 0.792821384972402 0.6094540602296801
vn 0 0.792821384972402 0.6094540602296801
vn 0 0.6816322715537397 0.7316949134553885
vn 0 0.6816322715537397 0.7316949134553885
vn 0 0.6816322715537397 0.7316949134553885
vn 0 0.792821384972402 0.6094540602296801
vn 0 0.6816322715537397 0.7316949134553885
vn 0 0.6816322715537397 0.7316949134553885
vn 0 0.792821384972402 0.6094540602296801
vn 0 0.792856832307126 0.6094079450285418
vn 0 0.792821384972402 0.6094540602296801
vn 0 0.6816322715537397 0.7316949134553885
vn 0 0.36387933699040365 0.9314460951184583
vn 0.2829556149213193 0.634182631722236 0.7195474338821292
vn 0 0.7018961690809311 0.712279276568898
vn 0 0.36387933699040365 0.9314460951184583
vn 0.26889682193157133 0.3256807845218947 0.9064361674979128
vn 0.2829556149213193 0.634182631722236 0.7195474338821292
vn -0.2829556149213193 0.634182631722236 0.7195474338821292
vn 0 0.36387933699040365 0.9314460951184583
vn 0 0.7018961690809311 0.712279276568898
vn 0 0.36387933699040365 0.9314460951184583
vn -0.2829556149213193 0.634182631722236 0.7195474338821292
vn -0.26889682193157133 0.3256807845218947 0.9064361674979128
vn -0.2689045495576378 0.32560189276363327 0.9064622168937564
vn 0 0 1
vn 0 0.36380217434905754 0.9314762358422772
vn 0 0 1
vn -0.2689045495576378 0.32560189276363327 0.9064622168937564
vn -0.2651228535881953 0 0.9642146402670166
vn 0 0 1
vn 0.2689045495576378 0.32560189276363327 0.9064622168937564
vn 0 0.36380217434905754 0.9314762358422772
vn 0 0 1
vn 0.2651228535881953 0 0.9642146402670166
vn 0.2689045495576378 0.32560189276363327 0.9064622168937564
vn 0.10994815891095505 0.33461395506426583 0.935919282539013
vn 0.017006843657975158 0.3993268379757423 0.9166508843289731
vn 0.07544549673351938 0.2696185409007793 0.9600071975902926
vn 0.13312871089284103 0.17151627740902872 0.9761449241376814
vn 0.10994815891095505 0.33461395506426583 0.935919282539013
vn 0.07544549673351938 0.2696185409007793 0.9600071975902926
vn 0.10994815891095505 0.33461395506426583 0.935919282539013
vn 0.13312871089284103 0.17151627740902872 0.9761449241376814
vn 0.20951115994072284 0.2833308901732787 0.9358571902453442
vn 0.07544549673351938 0.2696185409007793 0.9600071975902926
vn 0 0 1
vn 0.13312871089284103 0.17151627740902872 0.9761449241376814
vn 0.30118098240122854 0.22760568729985137 0.9260052197199502
vn 0.20951115994072284 0.2833308901732787 0.9358571902453442
vn 0.13312871089284103 0.17151627740902872 0.9761449241376814
vn 0 0 1
vn 0 0 1
vn 0.13312871089284103 0.17151627740902872 0.9761449241376814
vn 0.31725096510613654 0.213384102421457 0.9240232951462934
vn 0.30118098240122854 0.22760568729985137 0.9260052197199502
vn 0.13312871089284103 0.17151627740902872 0.9761449241376814
vn 0 0 1
vn 0 0 1
vn 0 0 1
vn 0.3985698431439375 0.15746021093723706 0.9035199843433558
vn 0.30118098240122854 0.22760568729985137 0.9260052197199502
vn 0.31725096510613654 0.213384102421457 0.9240232951462934
vn 0 0 1
vn 0 0 1
vn 0 0 1
vn 0.31725096510613654 0.213384102421457 0.9240232951462934
vn 0.43014516805362685 0.1363951882445775 0.8923964853269222
vn 0.3985698431439375 0.15746021093723706 0.9035199843433558
vn 0 0 1
vn 0 0 1
vn 0 0 1
vn 0.43014516805362685 0.1363951882445775 0.8923964853269222
vn 0.3985698431439375 0.15746021093723706 0.9035199843433558
vn 0.43014516805362685 0.1363951882445775 0.8923964853269222
vn 0 0 1
vn 0 0 1
vn 0 0 1
vn 0.43014516805362685 0.1363951882445775 0.8923964853269222
vn 0.3985698431439375 0.15746021093723706 0.9035199843433558
vn 0.43014516805362685 0.1363951882445775 0.8923964853269222
vn 0 0 1
vn 0 0 1
vn 0 0 1
vn 0.27717114464796944 0.24237221290240538 0.9297482815188881
vn 0.43014516805362685 0.1363951882445775 0.8923964853269222
vn 0.3985698431439375 0.15746021093723706 0.9035199843433558
vn 0 0 1
vn 0 0 1
vn 0 0 1
vn 0.3985698431439375 0.15746021093723706 0.9035199843433558
vn 0.26695909990313327 0.24763737599282062 0.931347716478813
vn 0.27717114464796944 0.24237221290240538 0.9297482815188881
vn 0 0 1
vn 0 0 1
vn 0 0 1
vn 0.14341715119410908 0.3269574686072993 0.934093322139321
vn 0.27717114464796944 0.24237221290240538 0.9297482815188881
vn 0.26695909990313327 0.24763737599282062 0.931347716478813
vn 0 0 1
vn 0 0 1
vn 0 0 1
vn 0.27717114464796944 0.24237221290240538 0.9297482815188881
vn 0.14341715119410908 0.3269574686072993 0.934093322139321
vn 0.12657641290127467 0.3339130244313292 0.9340666484850899
vn 0 0 1
vn 0 0 1
vn 0 0 1
vn 0 0 1
vn 0 0 1
vn 0 0 1
vn 0 0 1
vn 0 0 1
vn 0 0 1
vn 0.12657266745317985 0.333991750483857 0.9340390090689552
vn 0.12657641290127467 0.3339130244313292 0.9340666484850899
vn 0.14341715119410908 0.3269574686072993 0.934093322139321
vn 0.12657641290127467 0.3339130244313292 0.9340666484850899
vn 0.12657266745317985 0.333991750483857 0.9340390090689552
vn 0.14341715119410908 0.3269574686072993 0.934093322139321
vn 0.21034338834764604 0.27052537423138584 0.9394528625084921
vn 0.14341715119410908 0.3269574686072993 0.934093322139321
vn 0.12657266745317985 0.333991750483857 0.9340390090689552
vn 0.14341715119410908 0.3269574686072993 0.934093322139321
vn 0.21034338834764604 0.27052537423138584 0.9394528625084921
vn 0.20961325543116902 0.2833245498312388 0.9358362477541
vn 0.266241211515778 0.19210224023216418 0.9445699267859392
vn 0.20961325543116902 0.2833245498312388 0.9358362477541
vn 0.21034338834764604 0.27052537423138584 0.9394528625084921
vn 0.2831587306626885 0.15802731827383432 0.9459643227567703
vn 0.266241211515778 0.19210224023216418 0.9445699267859392
vn 0.21034338834764604 0.27052537423138584 0.9394528625084921
vn 0 0.6815288564541286 0.7317912392344745
vn 0 0.6815288564541286 0.7317912392344745
vn 0 0.3489772128445622 0.937131210084928
vn 0 0.6815288564541286 0.7317912392344745
vn 0 0.6815288564541286 0.7317912392344745
vn 0 0.3489772128445622 0.937131210084928
vn 0 0.6815288564541286 0.7317912392344745
vn 0 0.3489772128445622 0.937131210084928
vn 0 0.3489772128445622 0.937131210084928
vn 0 0.3489772128445622 0.937131210084928
vn 0 0.3489772128445622 0.937131210084928
vn 0 0 1
vn 0 0.6815288564541286 0.7317912392344745
vn 0 0.3489772128445622 0.937131210084928
vn 0 0.34889921231241 0.9371602529171731
vn 0 0.3489772128445622 0.937131210084928
vn 0 0 1
vn 0 0 1
vn 0 0.34889921231241 0.9371602529171731
vn 0 0.3489772128445622 0.937131210084928
vn 0 0 1
vn 0 0.34889921231241 0.9371602529171731
vn 0 0 1
vn 0 0 1
vn 0 0.40834568781195796 0.9128273655217501
vn -0.22213149353335152 0.6811140561113599 0.6976684328161721
vn -0.33722938241842526 0.34068358725460784 0.877616679997036
vn -0.22213149353335152 0.6811140561113599 0.6976684328161721
vn 0 0.40834568781195796 0.9128273655217501
vn 0 0.7450538638157272 0.6670043028446337
vn 0 0.40834568781195796 0.9128273655217501
vn 0.22213149353335152 0.6811140561113599 0.6976684328161721
vn 0 0.7450538638157272 0.6670043028446337
vn 0 0.40834568781195796 0.9128273655217501
vn 0.33722938241842526 0.34068358725460784 0.877616679997036
vn 0.22213149353335152 0.6811140561113599 0.6976684328161721
vn 0 0.00008713709252463546 0.9999999962035634
vn 0.33723951805310454 0.34060559513017463 0.877643057301389
vn 0 0.40823294339433497 0.9128777924386142
vn 0 0.00008713709252463546 0.9999999962035634
vn 0.3639711011301288 0 0.9314102412697217
vn 0.33723951805310454 0.34060559513017463 0.877643057301389
vn -0.33723951805310454 0.34060559513017463 0.877643057301389
vn 0 0.00008713709252463546 0.9999999962035634
vn 0 0.40823294339433497 0.9128777924386142
vn 0 0.00008713709252463546 0.9999999962035634
vn -0.33723951805310454 0.34060559513017463 0.877643057301389
vn -0.3639711011301288 0 0.9314102412697217
vn 0 -0.00008713709252463546 0.9999999962035634
vn 0.36994788632440556 -0.31188098627412136 0.8751393099414435
vn 0.3639711011301288 0 0.9314102412697217
vn 0.36994788632440556 -0.31188098627412136 0.8751393099414435
vn 0 -0.00008713709252463546 0.9999999962035634
vn 0 -0.37261362454683233 0.9279865768436912
vn -0.36994788632440556 -0.31188098627412136 0.8751393099414435
vn 0 -0.00008713709252463546 0.9999999962035634
vn -0.3639711011301288 0 0.9314102412697217
vn -0.36994788632440556 -0.31188098627412136 0.8751393099414435
vn 0 -0.37261362454683233 0.9279865768436912
vn 0 -0.00008713709252463546 0.9999999962035634
vn 0 -0.37269028434528306 0.9279557920260167
vn 0.38292709067967395 -0.6027655774659203 0.7000289292920518
vn 0.36993774708474786 -0.31196030445800577 0.8751153248140096
vn 0.38292709067967395 -0.6027655774659203 0.7000289292920518
vn 0 -0.37269028434528306 0.9279557920260167
vn 0 -0.7098970158443731 0.7043054925919959
vn -0.38292709067967395 -0.6027655774659203 0.7000289292920518
vn 0 -0.7098970158443731 0.7043054925919959
vn 0 -0.37269028434528306 0.9279557920260167
vn -0.38292709067967395 -0.6027655774659203 0.7000289292920518
vn 0 -0.37269028434528306 0.9279557920260167
vn -0.36993774708474786 -0.31196030445800577 0.8751153248140096
vn -0.262360291097125 -0.3349080915186086 0.9049882031776961
vn 0 -0.37261362454683233 0.9279865768436912
vn 0 -0.00008713709252463546 0.9999999962035634
vn -0.262360291097125 -0.3349080915186086 0.9049882031776961
vn 0 -0.00008713709252463546 0.9999999962035634
vn -0.2651228535881953 0 0.9642146402670166
vn 0.262360291097125 -0.3349080915186086 0.9049882031776961
vn 0 -0.00008713709252463546 0.9999999962035634
vn 0 -0.37261362454683233 0.9279865768436912
vn 0 -0.00008713709252463546 0.9999999962035634
vn 0.262360291097125 -0.3349080915186086 0.9049882031776961
vn 0.2651228535881953 0 0.9642146402670166
vn 0 -0.37269028434528306 0.9279557920260167
vn 0.2558047359270386 -0.6473558924894532 0.7179793071784741
vn 0.2623525270027922 -0.33498653246161453 0.9049614216333163
vn 0.2558047359270386 -0.6473558924894532 0.7179793071784741
vn 0 -0.37269028434528306 0.9279557920260167
vn 0 -0.8654252617344347 0.5010380388272784
vn -0.2559095406782128 -0.6473373179169593 0.7179587062094475
vn 0 -0.8654252617344347 0.5010380388272784
vn 0 -0.37269028434528306 0.9279557920260167
vn -0.2559095406782128 -0.6473373179169593 0.7179587062094475
vn 0 -0.37269028434528306 0.9279557920260167
vn -0.2623525270027922 -0.33498653246161453 0.9049614216333163
vn -0.35411967052913706 0 0.9352001170574858
vn -0.34741221916941534 -0.10913106848567149 0.9313405176749039
vn -0.34688180059918183 -0.020435472754767023 0.9376861990380144
vn -0.34688180059918183 -0.020435472754767023 0.9376861990380144
vn -0.34688180059918183 -0.020435472754767023 0.9376861990380144
vn -0.35411967052913706 0 0.9352001170574858
vn -0.34741221916941534 -0.10913106848567149 0.9313405176749039
vn -0.35411967052913706 0 0.9352001170574858
vn -0.2825577409314502 -0.006767951583060115 0.9592264163747186
vn -0.2825577409314502 -0.006767951583060115 0.9592264163747186
vn -0.19881440505828216 -0.0136532441895317 0.9799420499521502
vn -0.34741221916941534 -0.10913106848567149 0.9313405176749039
vn -0.17483228012713953 0.013745353168592944 0.9845022798814719
vn -0.19881440505828216 -0.0136532441895317 0.9799420499521502
vn -0.2825577409314502 -0.006767951583060115 0.9592264163747186
vn -0.15738547576369907 0.020452884779056064 0.987325423314344
vn -0.19881440505828216 -0.0136532441895317 0.9799420499521502
vn -0.17483228012713953 0.013745353168592944 0.9845022798814719
vn -0.15738547576369907 0.020452884779056064 0.987325423314344
vn -0.14927179911626695 0.02733113953142245 0.98841840270227
vn -0.19881440505828216 -0.0136532441895317 0.9799420499521502
vn -0.15738547576369907 0.020452884779056064 0.987325423314344
vn -0.14106486389485545 0.03421406477190774 0.9894089659721653
vn -0.14927179911626695 0.02733113953142245 0.98841840270227
vn -0.14106486389485545 0.03421406477190774 0.9894089659721653
vn -0.15738547576369907 0.020452884779056064 0.987325423314344
vn -0.14106486389485545 0.03421406477190774 0.9894089659721653
vn 0 0 1
vn 0 0 1
vn 0 -0.3490105485441492 0.9371187955669825
vn 0 0 1
vn 0 -0.3490105485441492 0.9371187955669825
vn 0 -0.3490105485441492 0.9371187955669825
vn 0 -0.3490105485441492 0.9371187955669825
vn 0 -0.6815288564541286 0.7317912392344745
vn 0 -0.3490105485441492 0.9371187955669825
vn 0 0 1
vn 0 -0.3490105485441492 0.9371187955669825
vn 0 -0.3490105485441492 0.9371187955669825
vn 0 0 1
vn 0 0 1
vn 0 -0.3490105485441492 0.9371187955669825
vn 0 -0.6815288564541286 0.7317912392344745
vn 0 -0.3490105485441492 0.9371187955669825
vn 0 -0.6815288564541286 0.7317912392344745
vn 0 -0.3490105485441492 0.9371187955669825
vn 0 -0.6815288564541286 0.7317912392344745
vn 0 -0.3490105485441492 0.9371187955669825
vn 0 -0.6815288564541286 0.7317912392344745
vn 0 -0.3490105485441492 0.9371187955669825
vn 0 -0.6815288564541286 0.7317912392344745
vn 0 0.6815288564541286 0.7317912392344745
vn 0 0.3489772128445622 0.937131210084928
vn 0 0.6815288564541286 0.7317912392344745
vn 0 0.6815288564541286 0.7317912392344745
vn 0 0.3489772128445622 0.937131210084928
vn 0 0.6815288564541286 0.7317912392344745
vn 0 0.3489772128445622 0.937131210084928
vn 0 0.6815288564541286 0.7317912392344745
vn 0 0.3489772128445622 0.937131210084928
vn 0 0.3489772128445622 0.937131210084928
vn 0 0.6815288564541286 0.7317912392344745
vn 0 0.3489772128445622 0.937131210084928
vn 0 0.3489772128445622 0.937131210084928
vn 0 0 1
vn 0 0.3489772128445622 0.937131210084928
vn 0 0.3489772128445622 0.937131210084928
vn 0 0 1
vn 0 0.3489772128445622 0.937131210084928
vn 0 0 1
vn 0 0.3489772128445622 0.937131210084928
vn 0 0 1
vn 0 0 1
vn 0 0.3489772128445622 0.937131210084928
vn 0 0 1
vn 0 0 1
vn 0 -0.3489772128445622 0.937131210084928
vn 0 0 1
vn 0 0 1
vn 0 -0.3489772128445622 0.937131210084928
vn 0 0 1
vn 0 -0.3489772128445622 0.937131210084928
vn 0 0 1
vn 0 -0.3489772128445622 0.937131210084928
vn 0 -0.3489772128445622 0.937131210084928
vn 0 0 1
vn 0 -0.3489772128445622 0.937131210084928
vn 0 -0.3489772128445622 0.937131210084928
vn 0 -0.6815288564541286 0.7317912392344745
vn 0 -0.3489772128445622 0.937131210084928
vn 0 -0.3489772128445622 0.937131210084928
vn 0 -0.6815288564541286 0.7317912392344745
vn 0 -0.3489772128445622 0.937131210084928
vn 0 -0.6815288564541286 0.7317912392344745
vn 0 -0.3489772128445622 0.937131210084928
vn 0 -0.6815288564541286 0.7317912392344745
vn 0 -0.6815288564541286 0.7317912392344745
vn 0 -0.3489772128445622 0.937131210084928
vn 0 -0.6815288564541286 0.7317912392344745
vn -1 0 0
vn -1 0 0
vn -1 0 0
vn -1 0 0
vn -1 0 0
vn -1 0 0
vn -1 0 0
vn -1 0 0
vn -1 0 0
vn -1 0 0
vn -1 0 0
vn -1 0 0
vn -1 0 0
vn -1 0 0
vn -1 0 0
vn -1 0 0
vn -1 0 0
vn -1 0 0
vn -1 0 0
vn -1 0 0
vn -1 0 0
vn -1 0 0
vn -1 0 0
vn -1 0 0
vn -1 0 0
vn -1 0 0
vn -1 0 0
vn -1 0 0
vn -1 0 0
vn -1 0 0
vn -1 0 0
vn -1 0 0
vn -1 0 0
vn -1 0 0
vn -1 0 0
vn -1 0 0
vn -1 0 0
vn -1 0 0
vn -1 0 0
vn -1 0 0
vn -1 0 0
vn -1 0 0
vn -1 0 0
vn -1 0 0
vn -1 0 0
vn -1 0 0
vn -1 0 0
vn -1 0 0
vn -1 0 0
vn -1 0 0
vn -1 0 0
vn -1 0 0
vn -1 0 0
vn -1 0 0
vn -1 0 0
vn -1 0 0
vn -1 0 0
vn -1 0 0
vn -1 0 0
vn -1 0 0
vn -1 0 0
vn -1 0 0
vn -1 0 0
vn -1 0 0
vn -1 0 0
vn -1 0 0
vn -1 0 0
vn -1 0 0
vn -1 0 0
vn -1 0 0
vn -1 0 0
vn -1 0 0
vn -1 0 0
vn -1 0 0
vn -1 0 0
vn -1 0 0
vn -1 0 0
vn -1 0 0
vn -1 0 0
vn -1 0 0
vn -1 0 0
vn -1 0 0
vn -1 0 0
vn -1 0 0
vn -1 0 0
vn -1 0 0
vn -1 0 0
vn -1 0 0
vn -1 0 0
vn -1 0 0
vn -1 0 0
vn -1 0 0
vn -1 0 0
vn -1 0 0
vn -1 0 0
vn -1 0 0
vn -1 0 0
vn -1 0 0
vn -1 0 0
vn -1 0 0
vn -1 0 0
vn -1 0 0
vn -1 0 0
vn -1 0 0
vn -1 0 0
vn -1 0 0
vn -1 0 0
vn -1 0 0
vn -1 0 0
vn -1 0 0
vn -1 0 0
vn -1 0 0
vn -1 0 0
vn -1 0 0
vn -1 0 0
vn -1 0 0
vn -1 0 0
vn -1 0 0
vn -1 0 0
vn -1 0 0
vn -1 0 0
vn -1 0 0
vn -1 0 0
vn -1 0 0
vn -1 0 0
vn -1 0 0
vn -1 0 0
vn -1 0 0
vn -1 0 0
vn -1 0 0
vn -1 0 0
vn -1 0 0
vn -1 0 0
vn -1 0 0
vn -1 0 0
vn -1 0 0
vn -1 0 0
vn -1 0 0
vn -1 0 0
vn -1 0 0
vn -1 0 0
vn -1 0 0
vn -1 0 0
vn -1 0 0
vn -1 0 0
vn -1 0 0
vn -1 0 0
vn -1 0 0
vn -1 0 0
vn -1 0 0
vn -1 0 0
vn -1 0 0
vn -1 0 0
vn -1 0 0
vn -1 0 0
vn -1 0 0
vn -1 0 0
vn -1 0 0
vn -1 0 0
vn -1 0 0
vn -1 0 0
vn -1 0 0
vn -1 0 0
vn -1 0 0
vn -1 0 0
vn -1 0 0
vn -1 0 0
vn -1 0 0
vn -0.870504175528151 -0.49216103095232405 0
vn -0.7852241726284158 -0.6192115944651068 0
vn -0.870529743807794 -0.4921158046089726 0
vn -0.7852241726284158 -0.6192115944651068 0
vn -0.7852241726284158 -0.6192115944651068 0
vn -0.870529743807794 -0.4921158046089726 0
vn -0.870529743807794 -0.4921158046089726 0
vn -0.7852241726284158 -0.6192115944651068 0
vn -0.7852241726284158 -0.6192115944651068 0
vn -0.870529743807794 -0.4921158046089726 0
vn -0.7852241726284158 -0.6192115944651068 0
vn -0.870529743807794 -0.4921158046089726 0
vn -0.7389427777798336 -0.6737681880046158 0
vn -0.9401243254254923 -0.3408317073619511 0
vn -0.7389427777798336 -0.6737681880046158 0
vn -0.7389427777798336 -0.6737681880046158 0
vn -0.9401633794603362 -0.3407239644077294 0
vn -0.7389427777798336 -0.6737681880046158 0
vn -0.7389427777798336 -0.6737681880046158 0
vn -0.94015146082894 -0.3407568498228762 0
vn -0.9401633794603362 -0.3407239644077294 0
vn -0.9401243254254923 -0.3408317073619511 0
vn -0.94015146082894 -0.3407568498228762 0
vn -0.7389427777798336 -0.6737681880046158 0
vn -0.94015146082894 -0.3407568498228762 0
vn -0.9431492967451071 -0.3323693789283392 0
vn -0.9401633794603362 -0.3407239644077294 0
vn -0.9401243254254923 -0.3408317073619511 0
vn -0.9431492967451071 -0.3323693789283392 0
vn -0.94015146082894 -0.3407568498228762 0
vn -0.94015146082894 -0.3407568498228762 0
vn -0.9431606280456456 -0.3323372228693968 0
vn -0.9431492967451071 -0.3323693789283392 0
vn -0.9431492967451071 -0.3323693789283392 0
vn -0.9431606280456456 -0.3323372228693968 0
vn -0.94015146082894 -0.3407568498228762 0
vn -0.9431606280456456 -0.3323372228693968 0
vn -0.8143047581329073 -0.5804375598478337 0
vn -0.9431492967451071 -0.3323693789283392 0
vn -0.9431492967451071 -0.3323693789283392 0
vn -0.8143047581329073 -0.5804375598478337 0
vn -0.9431606280456456 -0.3323372228693968 0
vn -0.9431606280456456 -0.3323372228693968 0
vn -0.8143047581329073 -0.5804375598478337 0
vn -0.8143047581329073 -0.5804375598478337 0
vn -0.8143047581329073 -0.5804375598478337 0
vn -0.8143047581329073 -0.5804375598478337 0
vn -0.9431606280456456 -0.3323372228693968 0
vn -0.9590035349180985 -0.2833941072333567 0
vn -0.9914191669217567 -0.13072121273982173 0
vn -0.956533221497039 -0.29162338070274235 0
vn -0.9914191669217567 -0.13072121273982173 0
vn -0.9914084343177972 -0.13080258546196163 0
vn -0.956533221497039 -0.29162338070274235 0
vn -0.956533221497039 -0.29162338070274235 0
vn -0.9914084343177972 -0.13080258546196163 0
vn -0.9914084343177972 -0.13080258546196163 0
vn -0.956533221497039 -0.29162338070274235 0
vn -0.9914084343177972 -0.13080258546196163 0
vn -0.959026356752749 -0.2833168668709098 0
vn -0.956533221497039 -0.29162338070274235 0
vn -0.9379671812810109 -0.34672404998753004 0
vn -0.9590035349180985 -0.2833941072333567 0
vn -0.9379671812810109 -0.34672404998753004 0
vn -0.956533221497039 -0.29162338070274235 0
vn -0.959026356752749 -0.2833168668709098 0
vn -0.9379671812810109 -0.34672404998753004 0
vn -0.956533221497039 -0.29162338070274235 0
vn -0.9399918452532335 -0.34119690921434415 0
vn -0.956533221497039 -0.29162338070274235 0
vn -0.9379671812810109 -0.34672404998753004 0
vn -0.9399918452532335 -0.34119690921434415 0
vn -0.9399918452532335 -0.34119690921434415 0
vn -0.9410622940782221 -0.33823329029566856 0
vn -0.9379671812810109 -0.34672404998753004 0
vn -0.9410622940782221 -0.33823329029566856 0
vn -0.9399918452532335 -0.34119690921434415 0
vn -0.9379671812810109 -0.34672404998753004 0
vn -0.9410622940782221 -0.33823329029566856 0
vn -0.9399918452532335 -0.34119690921434415 0
vn -0.94015146082894 -0.3407568498228762 0
vn -0.9399918452532335 -0.34119690921434415 0
vn -0.9410622940782221 -0.33823329029566856 0
vn -0.94015146082894 -0.3407568498228762 0
vn -0.94015146082894 -0.3407568498228762 0
vn -0.9379671812810109 -0.34672404998753004 0
vn -0.9410622940782221 -0.33823329029566856 0
vn -0.9379671812810109 -0.34672404998753004 0
vn -0.94015146082894 -0.3407568498228762 0
vn -0.9410622940782221 -0.33823329029566856 0
vn -0.9379947384625773 -0.34664949245097837 0
vn -0.9410622940782221 -0.33823329029566856 0
vn -0.9379671812810109 -0.34672404998753004 0
vn -0.9379671812810109 -0.34672404998753004 0
vn -0.9410622940782221 -0.33823329029566856 0
vn -0.9379947384625773 -0.34664949245097837 0
vn -0.9379947384625773 -0.34664949245097837 0
vn -0.9379671812810109 -0.34672404998753004 0
vn -0.9986482132885736 -0.05197832332366893 0
vn -0.9986482132885736 -0.05197832332366893 0
vn -0.9379671812810109 -0.34672404998753004 0
vn -0.9379947384625773 -0.34664949245097837 0
vn -0.9986524926781811 -0.051896039036285785 0
vn -0.9379947384625773 -0.34664949245097837 0
vn -0.9986482132885736 -0.05197832332366893 0
vn -0.9986482132885736 -0.05197832332366893 0
vn -0.9379947384625773 -0.34664949245097837 0
vn -0.9986524926781811 -0.051896039036285785 0
vn -0.9986482132885736 -0.05197832332366893 0
vn -0.9896392359688838 0.14357639997897947 0
vn -0.9986524926781811 -0.051896039036285785 0
vn -0.9896392359688838 0.14357639997897947 0
vn -0.9986482132885736 -0.05197832332366893 0
vn -0.9986524926781811 -0.051896039036285785 0
vn -0.9896392359688838 0.14357639997897947 0
vn -0.9986524926781811 -0.051896039036285785 0
vn -0.9896392359688838 0.14357639997897947 0
vn -0.9896392359688838 0.14357639997897947 0
vn -0.9986524926781811 -0.051896039036285785 0
vn -0.9896392359688838 0.14357639997897947 0
vn -0.2558088999630829 -0.6474589133188303 -0.7178849227165011
vn 0 -0.8654252617344347 -0.5010380388272784
vn -0.1833747653122464 -0.8392272445209518 -0.5119290258428889
vn -0.2558088999630829 -0.6474589133188303 0.7178849227165011
vn -0.1833747653122464 -0.8392272445209518 0.5119290258428889
vn 0 -0.8654252617344347 0.5010380388272784
vn 0 -0.792821384972402 -0.6094540602296801
vn 0 -0.6816322715537397 -0.7316949134553885
vn 0 -0.792856832307126 -0.6094079450285418
vn 0 -0.6816322715537397 -0.7316949134553885
vn 0 -0.792821384972402 -0.6094540602296801
vn 0 -0.6816322715537397 -0.7316949134553885
vn 0 -0.6816322715537397 -0.7316949134553885
vn 0 -0.792856832307126 -0.6094079450285418
vn 0 -0.6816322715537397 -0.7316949134553885
vn 0 -0.792856832307126 -0.6094079450285418
vn 0 -0.6816322715537397 -0.7316949134553885
vn 0 -0.792856832307126 -0.6094079450285418
vn 0 -0.8654978186085761 -0.5009126929753291
vn 0.1833599528728198 -0.8392557042253017 -0.5118876738189444
vn 0 -0.9680117172209783 -0.2509049926224921
vn 0 -0.9407773713267176 -0.33902498078989923
vn 0.38292709067967395 -0.6027655774659203 -0.7000289292920518
vn 0.4009216286896872 -0.833873363403175 -0.379364022352522
vn 0.38292709067967395 -0.6027655774659203 -0.7000289292920518
vn 0 -0.9407773713267176 -0.33902498078989923
vn 0 -0.7098970158443731 -0.7043054925919959
vn -0.38292709067967395 -0.6027655774659203 -0.7000289292920518
vn 0 -0.7098970158443731 -0.7043054925919959
vn 0 -0.9407773713267176 -0.33902498078989923
vn -0.38292709067967395 -0.6027655774659203 -0.7000289292920518
vn 0 -0.9407773713267176 -0.33902498078989923
vn -0.4009216286896872 -0.833873363403175 -0.379364022352522
vn 0 -0.9407299373367953 0.3391565788810662
vn 0.3829552086611771 -0.6028098379838372 0.6999754334183266
vn 0 -0.7098970158443731 0.7043054925919959
vn 0 -0.9407299373367953 0.3391565788810662
vn 0.4009216286896872 -0.833873363403175 0.379364022352522
vn 0.3829552086611771 -0.6028098379838372 0.6999754334183266
vn -0.38292709067967395 -0.6027655774659203 0.7000289292920518
vn 0 -0.9407299373367953 0.3391565788810662
vn 0 -0.7098970158443731 0.7043054925919959
vn 0 -0.9407299373367953 0.3391565788810662
vn -0.38292709067967395 -0.6027655774659203 0.7000289292920518
vn -0.4009216286896872 -0.833873363403175 0.379364022352522
vn -0.40093831587650586 -0.8339080709360253 0.37927008330458684
vn 0 -0.9999999934148781 0.00011476168301248658
vn 0 -0.9407773713267176 0.33902498078989923
vn 0 -0.9999999934148781 0.00011476168301248658
vn -0.40093831587650586 -0.8339080709360253 0.37927008330458684
vn -0.4091950985552796 -0.9124469142467057 0
vn 0 -0.9999999934148781 0.00011476168301248658
vn 0.40093831587650586 -0.8339080709360253 0.37927008330458684
vn 0 -0.9407773713267176 0.33902498078989923
vn 0 -0.9999999934148781 0.00011476168301248658
vn 0.4091950960049495 -0.9124469085598321 0.00011164723618663787
vn 0.40093831587650586 -0.8339080709360253 0.37927008330458684
vn 0 -1 0
vn 0.40093831587650586 -0.8339080709360253 -0.37927008330458684
vn 0.4091950985552796 -0.9124469142467057 0
vn 0.40093831587650586 -0.8339080709360253 -0.37927008330458684
vn 0 -1 0
vn 0 -0.9407773713267176 -0.33902498078989923
vn -0.4009216286896872 -0.833873363403175 -0.379364022352522
vn 0 -1 0
vn -0.4091950985552796 -0.9124469142467057 0
vn -0.4009216286896872 -0.833873363403175 -0.379364022352522
vn 0 -0.9407773713267176 -0.33902498078989923
vn 0 -1 0
vn 0 -0.9680117172209783 0.2509049926224921
vn 0.1833599528728198 -0.8392557042253017 0.5118876738189444
vn 0 -0.8654978186085761 0.5009126929753291
vn 0 -0.8654978186085761 0.5009126929753291
vn -0.1833599528728198 -0.8392557042253017 0.5118876738189444
vn 0 -0.9680117172209783 0.2509049926224921
vn -0.1833599528728198 -0.8392557042253017 -0.5118876738189444
vn -0.00011756103814336987 -0.8654978126277274 -0.5009126895138727
vn 0 -0.9680117172209783 -0.2509049926224921
vn 0 -0.906127386578452 -0.42300491639282956
vn 0 -0.906084359831887 -0.42309707262995755
vn 0 -0.906084359831887 -0.42309707262995755
vn 0 -0.906127386578452 -0.42300491639282956
vn 0 -0.906084359831887 -0.42309707262995755
vn 0 -0.906127386578452 -0.42300491639282956
vn 0 -0.906084359831887 0.42309707262995755
vn 0 -0.906127386578452 0.42300491639282956
vn 0 -0.906127386578452 0.42300491639282956
vn 0 -0.906127386578452 0.42300491639282956
vn 0 -0.906084359831887 0.42309707262995755
vn 0 -0.906127386578452 0.42300491639282956
vn 0 -0.906127386578452 0.42300491639282956
vn 0 -0.906127386578452 0.42300491639282956
vn 0 -0.906127386578452 0.42300491639282956
vn 0 -0.906127386578452 0.42300491639282956
vn 0 -0.906127386578452 0.42300491639282956
vn 0 -0.906127386578452 0.42300491639282956
vn 0 -0.906127386578452 -0.42300491639282956
vn 0 -0.906127386578452 -0.42300491639282956
vn 0 -0.906127386578452 -0.42300491639282956
vn 0 -0.906127386578452 -0.42300491639282956
vn 0 -0.906127386578452 -0.42300491639282956
vn 0 -0.906127386578452 -0.42300491639282956
vn 0 -0.6816322715537397 0.7316949134553885
vn 0 -0.792856832307126 0.6094079450285418
vn 0 -0.6816322715537397 0.7316949134553885
vn 0 -0.792856832307126 0.6094079450285418
vn 0 -0.6816322715537397 0.7316949134553885
vn 0 -0.792909752610634 0.6093390880412509
vn 0 -0.6816322715537397 0.7316949134553885
vn 0 -0.792909752610634 0.6093390880412509
vn 0 -0.6816322715537397 0.7316949134553885
vn 0 -0.792909752610634 0.6093390880412509
vn 0 -0.6816322715537397 0.7316949134553885
vn 0 -0.792856832307126 0.6094079450285418
vn 0 -0.6816322715537397 0.7316949134553885
vn 0 -0.6816322715537397 0.7316949134553885
vn 0 -0.9279290229613631 0.372756929306445
vn 0 -0.6816322715537397 0.7316949134553885
vn 0 -0.6816322715537397 0.7316949134553885
vn 0 -0.9279290229613631 0.372756929306445
vn 0 -0.6816322715537397 0.7316949134553885
vn 0 -0.9279290229613631 0.372756929306445
vn 0 -0.9279290229613631 0.372756929306445
vn 0 -0.6816322715537397 0.7316949134553885
vn 0 -0.9279290229613631 0.372756929306445
vn 0 -0.9279290229613631 0.372756929306445
vn 0 -0.9279290229613631 0.372756929306445
vn 0 -0.9279290229613631 0.372756929306445
vn 0 -1 0
vn 0 -0.9279290229613631 0.372756929306445
vn 0 -0.9279290229613631 0.372756929306445
vn 0 -0.999999894638064 -0.00045904668670677235
vn 0 -0.9279290229613631 0.372756929306445
vn 0 -1 0
vn 0 -0.999999894638064 -0.00045904668670677235
vn 0 -0.9279290229613631 0.372756929306445
vn 0 -0.999999894638064 -0.00045904668670677235
vn 0 -1 0
vn 0 -0.999999894638064 -0.00045904668670677235
vn 0 -1 0
vn 0 -0.9279153591540843 -0.37279094174342087
vn 0 -1 0
vn 0 -0.999999894638064 -0.00045904668670677235
vn 0 -0.9279153591540843 -0.37279094174342087
vn 0 -0.999999894638064 -0.00045904668670677235
vn 0 -0.9279153591540843 -0.37279094174342087
vn 0 -0.9279153591540843 -0.37279094174342087
vn 0 -1 0
vn 0 -0.9279153591540843 -0.37279094174342087
vn 0 -0.9279680378603723 -0.37265979218258927
vn 0 -0.9279153591540843 -0.37279094174342087
vn 0 -0.9279153591540843 -0.37279094174342087
vn 0 -0.6816322715537397 -0.7316949134553885
vn 0 -0.9279680378603723 -0.37265979218258927
vn 0 -0.9279153591540843 -0.37279094174342087
vn 0 -0.6816322715537397 -0.7316949134553885
vn 0 -0.9279153591540843 -0.37279094174342087
vn 0 -0.6816322715537397 -0.7316949134553885
vn 0 -0.6816322715537397 -0.7316949134553885
vn 0 -0.9279680378603723 -0.37265979218258927
vn 0 -0.6816322715537397 -0.7316949134553885
vn 0 -0.6816322715537397 -0.7316949134553885
vn -0.7851389569829637 -0.619319641403132 0
vn -0.5954811870295256 -0.8033692525196039 0
vn -0.7851389569829637 -0.619319641403132 0
vn -0.7851389569829637 -0.619319641403132 0
vn -0.5955262099543673 -0.8033358782336233 0
vn -0.785182500909477 -0.6192644348463257 0
vn -0.5954811870295256 -0.8033692525196039 0
vn -0.5954811870295256 -0.8033692525196039 0
vn -0.7851389569829637 -0.619319641403132 0
vn -0.7851389569829637 -0.619319641403132 0
vn -0.5954811870295256 -0.8033692525196039 0
vn -0.5955262099543673 -0.8033358782336233 0
vn -0.5954811870295256 -0.8033692525196039 0
vn -0.3827983738186103 -0.9238319138251436 0
vn -0.5954811870295256 -0.8033692525196039 0
vn -0.5954811870295256 -0.8033692525196039 0
vn -0.3827983738186103 -0.9238319138251436 0
vn -0.5955262099543673 -0.8033358782336233 0
vn -0.3827983738186103 -0.9238319138251436 0
vn -0.3827983738186103 -0.9238319138251436 0
vn -0.5954811870295256 -0.8033692525196039 0
vn -0.5954811870295256 -0.8033692525196039 0
vn -0.3827983738186103 -0.9238319138251436 0
vn -0.3827983738186103 -0.9238319138251436 0
vn -0.3827983738186103 -0.9238319138251436 0
vn -0.7388975437792146 -0.6738177942122362 0
vn -0.3827983738186103 -0.9238319138251436 0
vn -0.7388975437792146 -0.6738177942122362 0
vn -0.7388975437792146 -0.6738177942122362 0
vn -0.3827983738186103 -0.9238319138251436 0
vn -0.3827983738186103 -0.9238319138251436 0
vn -0.3827983738186103 -0.9238319138251436 0
vn -0.3827983738186103 -0.9238319138251436 0
vn -0.3827983738186103 -0.9238319138251436 0
vn -0.3827983738186103 -0.9238319138251436 0
vn -0.3827983738186103 -0.9238319138251436 0
vn -0.3827983738186103 -0.9238319138251436 0
vn -0.7388975437792146 -0.6738177942122362 0
vn -0.7388975437792146 -0.6738177942122362 0
vn -0.3827983738186103 -0.9238319138251436 0
vn -0.7388975437792146 -0.6738177942122362 0
vn -0.3827983738186103 -0.9238319138251436 0
vn -0.3827983738186103 -0.9238319138251436 0
vn -0.3827983738186103 -0.9238319138251436 0
vn -0.3827983738186103 -0.9238319138251436 0
vn -0.3827983738186103 -0.9238319138251436 0
vn -0.3827983738186103 -0.9238319138251436 0
vn -0.3827983738186103 -0.9238319138251436 0
vn -0.5860455184491499 -0.8102781314497306 0
vn -0.8142265209486109 -0.5805473043464427 0
vn -0.8142265209486109 -0.5805473043464427 0
vn -0.8142265209486109 -0.5805473043464427 0
vn -0.5860455184491499 -0.8102781314497306 0
vn -0.8142265209486109 -0.5805473043464427 0
vn -0.8142265209486109 -0.5805473043464427 0
vn -0.5860455184491499 -0.8102781314497306 0
vn -0.5860455184491499 -0.8102781314497306 0
vn -0.5860455184491499 -0.8102781314497306 0
vn -0.8142265209486109 -0.5805473043464427 0
vn -0.5860455184491499 -0.8102781314497306 0
vn -0.25526832226052054 -0.9668702517144163 0
vn -0.5860455184491499 -0.8102781314497306 0
vn -0.5860455184491499 -0.8102781314497306 0
vn -0.5860455184491499 -0.8102781314497306 0
vn -0.25526832226052054 -0.9668702517144163 0
vn -0.5860455184491499 -0.8102781314497306 0
vn -0.5860455184491499 -0.8102781314497306 0
vn -0.25526832226052054 -0.9668702517144163 0
vn -0.25538051202421197 -0.9668406249626934 0
vn -0.25526832226052054 -0.9668702517144163 0
vn -0.5860455184491499 -0.8102781314497306 0
vn -0.25538051202421197 -0.9668406249626934 0
vn -0.028619672180326655 -0.9995903732851227 0
vn -0.25538051202421197 -0.9668406249626934 0
vn -0.25526832226052054 -0.9668702517144163 0
vn -0.25538051202421197 -0.9668406249626934 0
vn -0.028619672180326655 -0.9995903732851227 0
vn -0.25526832226052054 -0.9668702517144163 0
vn -0.25538051202421197 -0.9668406249626934 0
vn -0.028619672180326655 -0.9995903732851227 0
vn -0.02874084180525082 -0.9995868966789858 0
vn -0.028619672180326655 -0.9995903732851227 0
vn -0.028619672180326655 -0.9995903732851227 0
vn -0.25538051202421197 -0.9668406249626934 0
vn 0.1833747653122464 -0.8392272445209518 -0.5119290258428889
vn 0 -0.8654252617344347 -0.5010380388272784
vn 0.2558088999630829 -0.6474589133188303 -0.7178849227165011
vn 0.1833747653122464 -0.8392272445209518 0.5119290258428889
vn 0.2558088999630829 -0.6474589133188303 0.7178849227165011
vn 0 -0.8654252617344347 0.5010380388272784
vn 0.10994815891095505 0.33461395506426583 -0.935919282539013
vn 0.07544549673351938 0.2696185409007793 -0.9600071975902926
vn 0.017006237139557075 0.3994018966015345 -0.9166181936277779
vn 0.10994815891095505 0.33461395506426583 -0.935919282539013
vn 0.13312871089284103 0.17151627740902872 -0.9761449241376814
vn 0.07544549673351938 0.2696185409007793 -0.9600071975902926
vn 0.13312871089284103 0.17151627740902872 -0.9761449241376814
vn 0.10994815891095505 0.33461395506426583 -0.935919282539013
vn 0.20951115994072284 0.2833308901732787 -0.9358571902453442
vn 0.07544549673351938 0.2696185409007793 -0.9600071975902926
vn 0.13312871089284103 0.17151627740902872 -0.9761449241376814
vn 0 0 -1
vn 0.13312871089284103 0.17151627740902872 -0.9761449241376814
vn 0.20951115994072284 0.2833308901732787 -0.9358571902453442
vn 0.30118697646226744 0.22752276107221772 -0.9260236489440171
vn 0 0 -1
vn 0 0 -1
vn 0.13312871089284103 0.17151627740902872 -0.9761449241376814
vn 0.30118697646226744 0.22752276107221772 -0.9260236489440171
vn 0.31712636005590195 0.2133715232475926 -0.9240689718980378
vn 0.13312871089284103 0.17151627740902872 -0.9761449241376814
vn 0 0 -1
vn 0 0 -1
vn 0 0 -1
vn 0.30118697646226744 0.22752276107221772 -0.9260236489440171
vn 0.3985698431439375 0.15746021093723706 -0.9035199843433558
vn 0.31712636005590195 0.2133715232475926 -0.9240689718980378
vn 0 0 -1
vn 0 0 -1
vn 0 0 -1
vn 0.3985698431439375 0.15746021093723706 -0.9035199843433558
vn 0.4301833025746619 0.13640728036035957 -0.8923762547550483
vn 0.31712636005590195 0.2133715232475926 -0.9240689718980378
vn 0 0 -1
vn 0 0 -1
vn 0 0 -1
vn 0.3985698431439375 0.15746021093723706 -0.9035199843433558
vn 0.4301833025746619 0.13640728036035957 -0.8923762547550483
vn 0.4301833025746619 0.13640728036035957 -0.8923762547550483
vn 0 0 -1
vn 0 0 -1
vn 0 0 -1
vn 0.3985698431439375 0.15746021093723706 -0.9035199843433558
vn 0.4301833025746619 0.13640728036035957 -0.8923762547550483
vn 0.4301833025746619 0.13640728036035957 -0.8923762547550483
vn 0 0 -1
vn 0 0 -1
vn 0 0 -1
vn 0.4301833025746619 0.13640728036035957 -0.8923762547550483
vn 0.27717114464796944 0.24237221290240538 -0.9297482815188881
vn 0.3985698431439375 0.15746021093723706 -0.9035199843433558
vn 0 0 -1
vn 0 0 -1
vn 0 0 -1
vn 0.27717114464796944 0.24237221290240538 -0.9297482815188881
vn 0.26695909990313327 0.24763737599282062 -0.931347716478813
vn 0.3985698431439375 0.15746021093723706 -0.9035199843433558
vn 0 0 -1
vn 0 0 -1
vn 0 0 -1
vn 0.27717114464796944 0.24237221290240538 -0.9297482815188881
vn 0.14341715119410908 0.3269574686072993 -0.934093322139321
vn 0.26695909990313327 0.24763737599282062 -0.931347716478813
vn 0 0 -1
vn 0 0 -1
vn 0 0 -1
vn 0.14341715119410908 0.3269574686072993 -0.934093322139321
vn 0.27717114464796944 0.24237221290240538 -0.9297482815188881
vn 0.12657641290127467 0.3339130244313292 -0.9340666484850899
vn 0 0 -1
vn 0 0 -1
vn 0 0 -1
vn 0 0 -1
vn 0 0 -1
vn 0 0 -1
vn 0 0 -1
vn 0 0 -1
vn 0 0 -1
vn 0.12657641290127467 0.3339130244313292 -0.9340666484850899
vn 0.12657641290127467 0.3339130244313292 -0.9340666484850899
vn 0.14341715119410908 0.3269574686072993 -0.934093322139321
vn 0.12657641290127467 0.3339130244313292 -0.9340666484850899
vn 0.12657641290127467 0.3339130244313292 -0.9340666484850899
vn 0.14341715119410908 0.3269574686072993 -0.934093322139321
vn 0.14341715119410908 0.3269574686072993 -0.934093322139321
vn 0.21034338834764604 0.27052537423138584 -0.9394528625084921
vn 0.12657641290127467 0.3339130244313292 -0.9340666484850899
vn 0.21034338834764604 0.27052537423138584 -0.9394528625084921
vn 0.14341715119410908 0.3269574686072993 -0.934093322139321
vn 0.20951115994072284 0.2833308901732787 -0.9358571902453442
vn 0.26624567667574156 0.1920181398563167 -0.9445857682696667
vn 0.21034338834764604 0.27052537423138584 -0.9394528625084921
vn 0.20951115994072284 0.2833308901732787 -0.9358571902453442
vn 0.2831587306626885 0.15802731827383432 -0.9459643227567703
vn 0.21034338834764604 0.27052537423138584 -0.9394528625084921
vn 0.26624567667574156 0.1920181398563167 -0.9445857682696667
vn -0.33723951805310454 0.34060559513017463 -0.877643057301389
vn 0 0.40823294339433497 -0.9128777924386142
vn 0 0 -1
vn -0.33723951805310454 0.34060559513017463 -0.877643057301389
vn 0 0 -1
vn -0.3639711011301288 0 -0.9314102412697217
vn 0.33723951805310454 0.34060559513017463 -0.877643057301389
vn 0 0 -1
vn 0 0.40823294339433497 -0.9128777924386142
vn 0 0 -1
vn 0.33723951805310454 0.34060559513017463 -0.877643057301389
vn 0.3639711011301288 0 -0.9314102412697217
vn 0 0.40834568781195796 -0.9128273655217501
vn 0.22213149353335152 0.6811140561113599 -0.6976684328161721
vn 0.337324186598104 0.3406712957847012 -0.8775850166019816
vn 0.22213149353335152 0.6811140561113599 -0.6976684328161721
vn 0 0.40834568781195796 -0.9128273655217501
vn 0 0.7450538638157272 -0.6670043028446337
vn -0.22202413079568892 0.6811311385165867 -0.6976859304067391
vn 0 0.7450538638157272 -0.6670043028446337
vn 0 0.40834568781195796 -0.9128273655217501
vn -0.22202413079568892 0.6811311385165867 -0.6976859304067391
vn 0 0.40834568781195796 -0.9128273655217501
vn -0.33722938241842526 0.34068358725460784 -0.877616679997036
vn 0 -0.6815288564541286 -0.7317912392344745
vn 0 -0.3490105485441492 -0.9371187955669825
vn 0 -0.6815288564541286 -0.7317912392344745
vn 0 -0.6815288564541286 -0.7317912392344745
vn 0 -0.3490105485441492 -0.9371187955669825
vn 0 -0.6815288564541286 -0.7317912392344745
vn 0 -0.3490105485441492 -0.9371187955669825
vn 0 -0.6815288564541286 -0.7317912392344745
vn 0 -0.3490105485441492 -0.9371187955669825
vn 0 -0.3490105485441492 -0.9371187955669825
vn 0 -0.6815288564541286 -0.7317912392344745
vn 0 -0.3489772128445622 -0.937131210084928
vn 0 -0.3490105485441492 -0.9371187955669825
vn 0 0 -1
vn 0 -0.3490105485441492 -0.9371187955669825
vn 0 -0.3489772128445622 -0.937131210084928
vn 0 0 -1
vn 0 -0.3490105485441492 -0.9371187955669825
vn 0 0 -1
vn 0 -0.3490105485441492 -0.9371187955669825
vn 0 0 -1
vn 0 0 -1
vn 0 -0.3489772128445622 -0.937131210084928
vn 0 0 -1
vn 0 0 -1
vn 0 0.3490105485441492 -0.9371187955669825
vn 0 0 -1
vn 0 0 -1
vn 0 0.3489772128445622 -0.937131210084928
vn 0 0 -1
vn 0 0.3490105485441492 -0.9371187955669825
vn 0 0 -1
vn 0 0.3489772128445622 -0.937131210084928
vn 0 0.3489772128445622 -0.937131210084928
vn 0 0 -1
vn 0 0.3489772128445622 -0.937131210084928
vn 0 0.3489772128445622 -0.937131210084928
vn 0 0.6815788423468121 -0.7317446833870267
vn 0 0.3490105485441492 -0.9371187955669825
vn 0 0.3489772128445622 -0.937131210084928
vn 0 0.6815288564541286 -0.7317912392344745
vn 0 0.3489772128445622 -0.937131210084928
vn 0 0.6815788423468121 -0.7317446833870267
vn 0 0.3489772128445622 -0.937131210084928
vn 0 0.6815288564541286 -0.7317912392344745
vn 0 0.6815288564541286 -0.7317912392344745
vn 0 0.3489772128445622 -0.937131210084928
vn 0 0.6815288564541286 -0.7317912392344745
vn 0 -0.37269028434528306 -0.9279557920260167
vn -0.2558047359270386 -0.6473558924894532 -0.7179793071784741
vn -0.2623525270027922 -0.33498653246161453 -0.9049614216333163
vn -0.2558047359270386 -0.6473558924894532 -0.7179793071784741
vn 0 -0.37269028434528306 -0.9279557920260167
vn 0 -0.8654252617344347 -0.5010380388272784
vn 0 -0.37269028434528306 -0.9279557920260167
vn 0.2558047359270386 -0.6473558924894532 -0.7179793071784741
vn 0 -0.8654252617344347 -0.5010380388272784
vn 0 -0.37269028434528306 -0.9279557920260167
vn 0.2623525270027922 -0.33498653246161453 -0.9049614216333163
vn 0.2558047359270386 -0.6473558924894532 -0.7179793071784741
vn 0 -0.00008713709252463546 -0.9999999962035634
vn 0.262360291097125 -0.3349080915186086 -0.9049882031776961
vn 0 -0.37261362454683233 -0.9279865768436912
vn 0 -0.00008713709252463546 -0.9999999962035634
vn 0.2651228535881953 0 -0.9642146402670166
vn 0.262360291097125 -0.3349080915186086 -0.9049882031776961
vn -0.262360291097125 -0.3349080915186086 -0.9049882031776961
vn 0 -0.00008713709252463546 -0.9999999962035634
vn 0 -0.37261362454683233 -0.9279865768436912
vn 0 -0.00008713709252463546 -0.9999999962035634
vn -0.262360291097125 -0.3349080915186086 -0.9049882031776961
vn -0.2651228535881953 0 -0.9642146402670166
vn 0 0.00008713709252463546 -0.9999999962035634
vn 0.2689045495576378 0.32560189276363327 -0.9064622168937564
vn 0.2651228535881953 0 -0.9642146402670166
vn 0.2689045495576378 0.32560189276363327 -0.9064622168937564
vn 0 0.00008713709252463546 -0.9999999962035634
vn 0 0.36380217434905754 -0.9314762358422772
vn -0.2689045495576378 0.32560189276363327 -0.9064622168937564
vn 0 0.00008713709252463546 -0.9999999962035634
vn -0.2651228535881953 0 -0.9642146402670166
vn -0.2689045495576378 0.32560189276363327 -0.9064622168937564
vn 0 0.36380217434905754 -0.9314762358422772
vn 0 0.00008713709252463546 -0.9999999962035634
vn 0 0.36387933699040365 -0.9314460951184583
vn 0.2829556149213193 0.634182631722236 -0.7195474338821292
vn 0.26889682193157133 0.3256807845218947 -0.9064361674979128
vn 0.2829556149213193 0.634182631722236 -0.7195474338821292
vn 0 0.36387933699040365 -0.9314460951184583
vn 0 0.7018961690809311 -0.712279276568898
vn -0.2829556149213193 0.634182631722236 -0.7195474338821292
vn 0 0.7018961690809311 -0.712279276568898
vn 0 0.36387933699040365 -0.9314460951184583
vn -0.2829556149213193 0.634182631722236 -0.7195474338821292
vn 0 0.36387933699040365 -0.9314460951184583
vn -0.26889682193157133 0.3256807845218947 -0.9064361674979128
vn 0 0 -1
vn 0 0 -1
vn 0 0.3489772128445622 -0.937131210084928
vn 0 0 -1
vn 0 0.3489772128445622 -0.937131210084928
vn 0 0.34889921231241 -0.9371602529171731
vn 0 0.3489772128445622 -0.937131210084928
vn 0 0.6815288564541286 -0.7317912392344745
vn 0 0.34889921231241 -0.9371602529171731
vn 0 0 -1
vn 0 0.3489772128445622 -0.937131210084928
vn 0 0.3489772128445622 -0.937131210084928
vn 0 0 -1
vn 0 0 -1
vn 0 0.3489772128445622 -0.937131210084928
vn 0 0.6815288564541286 -0.7317912392344745
vn 0 0.3489772128445622 -0.937131210084928
vn 0 0.6815288564541286 -0.7317912392344745
vn 0 0.3489772128445622 -0.937131210084928
vn 0 0.6815288564541286 -0.7317912392344745
vn 0 0.3489772128445622 -0.937131210084928
vn 0 0.6815288564541286 -0.7317912392344745
vn 0 0.3489772128445622 -0.937131210084928
vn 0 0.6815288564541286 -0.7317912392344745
vn 0 -0.37269028434528306 -0.9279557920260167
vn 0.38292709067967395 -0.6027655774659203 -0.7000289292920518
vn 0 -0.7097965997875294 -0.7044066914290791
vn 0 -0.37269028434528306 -0.9279557920260167
vn 0.36993774708474786 -0.31196030445800577 -0.8751153248140096
vn 0.38292709067967395 -0.6027655774659203 -0.7000289292920518
vn -0.38292709067967395 -0.6027655774659203 -0.7000289292920518
vn 0 -0.37269028434528306 -0.9279557920260167
vn 0 -0.7097965997875294 -0.7044066914290791
vn 0 -0.37269028434528306 -0.9279557920260167
vn -0.38292709067967395 -0.6027655774659203 -0.7000289292920518
vn -0.36993774708474786 -0.31196030445800577 -0.8751153248140096
vn -0.36994788632440556 -0.31188098627412136 -0.8751393099414435
vn 0 0 -1
vn 0 -0.37261362454683233 -0.9279865768436912
vn 0 0 -1
vn -0.36994788632440556 -0.31188098627412136 -0.8751393099414435
vn -0.3639711011301288 0 -0.9314102412697217
vn 0 0 -1
vn 0.36994788632440556 -0.31188098627412136 -0.8751393099414435
vn 0 -0.37261362454683233 -0.9279865768436912
vn 0 0 -1
vn 0.3639711011301288 0 -0.9314102412697217
vn 0.36994788632440556 -0.31188098627412136 -0.8751393099414435
vn -0.35411967052913706 0 -0.9352001170574858
vn -0.34688180059918183 -0.020435472754767023 -0.9376861990380144
vn -0.34741221916941534 -0.10913106848567149 -0.9313405176749039
vn -0.34688180059918183 -0.020435472754767023 -0.9376861990380144
vn -0.35411967052913706 0 -0.9352001170574858
vn -0.34688180059918183 -0.020435472754767023 -0.9376861990380144
vn -0.34741221916941534 -0.10913106848567149 -0.9313405176749039
vn -0.282557573937387 -0.006854715996857832 -0.959225849463629
vn -0.35411967052913706 0 -0.9352001170574858
vn -0.282557573937387 -0.006854715996857832 -0.959225849463629
vn -0.34741221916941534 -0.10913106848567149 -0.9313405176749039
vn -0.19881440505828216 -0.0136532441895317 -0.9799420499521502
vn -0.17483228012713953 0.013745353168592944 -0.9845022798814719
vn -0.282557573937387 -0.006854715996857832 -0.959225849463629
vn -0.19881440505828216 -0.0136532441895317 -0.9799420499521502
vn -0.17483228012713953 0.013745353168592944 -0.9845022798814719
vn -0.19881440505828216 -0.0136532441895317 -0.9799420499521502
vn -0.15738519500371984 0.020539883166400322 -0.9873236620243393
vn -0.14927179911626695 0.02733113953142245 -0.98841840270227
vn -0.15738519500371984 0.020539883166400322 -0.9873236620243393
vn -0.19881440505828216 -0.0136532441895317 -0.9799420499521502
vn -0.14106486389485545 0.03421406477190774 -0.9894089659721653
vn -0.15738519500371984 0.020539883166400322 -0.9873236620243393
vn -0.14927179911626695 0.02733113953142245 -0.98841840270227
vn -0.15738519500371984 0.020539883166400322 -0.9873236620243393
vn -0.14106486389485545 0.03421406477190774 -0.9894089659721653
vn -0.14106486389485545 0.03421406477190774 -0.9894089659721653
vn 0 -0.6815288564541286 -0.7317912392344745
vn 0 -0.6815288564541286 -0.7317912392344745
vn 0 -0.3490105485441492 -0.9371187955669825
vn 0 -0.6815288564541286 -0.7317912392344745
vn 0 -0.6815288564541286 -0.7317912392344745
vn 0 -0.3489772128445622 -0.937131210084928
vn 0 -0.6815288564541286 -0.7317912392344745
vn 0 -0.3490105485441492 -0.9371187955669825
vn 0 -0.3489772128445622 -0.937131210084928
vn 0 -0.3489772128445622 -0.937131210084928
vn 0 -0.3490105485441492 -0.9371187955669825
vn 0 0 -1
vn 0 -0.6815288564541286 -0.7317912392344745
vn 0 -0.3489772128445622 -0.937131210084928
vn 0 -0.3490105485441492 -0.9371187955669825
vn 0 -0.3489772128445622 -0.937131210084928
vn 0 0 -1
vn 0 -0.00008713709252463546 -0.9999999962035634
vn 0 -0.3490105485441492 -0.9371187955669825
vn 0 -0.3489772128445622 -0.937131210084928
vn 0 -0.00008713709252463546 -0.9999999962035634
vn 0 -0.3490105485441492 -0.9371187955669825
vn 0 -0.00008713709252463546 -0.9999999962035634
vn 0 -0.00008713709252463546 -0.9999999962035634
vn 0.9896392359688838 0.14357639997897947 0
vn 0.9896392359688838 0.14357639997897947 0
vn 0.8938896043666205 0.12504038690800687 0.43049538539592086
vn 0.9896392359688838 0.14357639997897947 0
vn 0.8938896043666205 0.12504038690800687 -0.43049538539592086
vn 0.9896392359688838 0.14357639997897947 0
vn 0.9896392359688838 -0.14357639997897947 0
vn 0.989627460740136 -0.1436575405226987 0
vn 0.8938896043666205 -0.12504038690800687 0.43049538539592086
vn 0.8939265453955222 -0.12504555434761472 -0.43041717063231233
vn 0.989627460740136 -0.1436575405226987 0
vn 0.9896392359688838 -0.14357639997897947 0
vn 0.9864058972790206 0 -0.1643271304841975
vn 0.9121577383933941 0.3827874038208252 -0.146431088793197
vn 0.986421254666967 0 -0.1642349181545958
vn 0.9121577383933941 0.3827874038208252 0.146431088793197
vn 0.986421254666967 0 0.1642349181545958
vn 0.9864058972790206 0 0.1643271304841975
vn 0.986421254666967 0 -0.1642349181545958
vn 0.9121875419220843 -0.38271454557259543 -0.14643587323230475
vn 0.986421254666967 0 -0.1642349181545958
vn 0.9121577383933941 -0.3827874038208252 0.146431088793197
vn 0.986421254666967 0 0.1642349181545958
vn 0.9864058972790206 0 0.1643271304841975
vn 0 0.6569535889835384 -0.7539310193390695
vn 0 0.9309977785252592 -0.36502484351209885
vn 0 0.9309977785252592 -0.36502484351209885
vn 0 0.9309977785252592 -0.36502484351209885
vn 0 0.6569535889835384 -0.7539310193390695
vn 0 0.6569535889835384 -0.7539310193390695
vn 0 0.9309977785252592 -0.36502484351209885
vn 0 0.6569535889835384 -0.7539310193390695
vn 0 0.9309977785252592 -0.36502484351209885
vn 0 0.9309977785252592 -0.36502484351209885
vn 0 0.6569535889835384 -0.7539310193390695
vn 0 0.6569535889835384 -0.7539310193390695
vn 0 0.6569535889835384 0.7539310193390695
vn 0 0.9309977785252592 0.36502484351209885
vn 0 0.6569535889835384 0.7539310193390695
vn 0 0.9309977785252592 0.36502484351209885
vn 0 0.6569535889835384 0.7539310193390695
vn 0 0.9309977785252592 0.36502484351209885
vn 0 0.6569535889835384 0.7539310193390695
vn 0 0.9309977785252592 0.36502484351209885
vn 0 0.6569535889835384 0.7539310193390695
vn 0 0.6569535889835384 0.7539310193390695
vn 0 0.9309977785252592 0.36502484351209885
vn 0 0.9309977785252592 0.36502484351209885
vn 0 0.6569535889835384 0.7539310193390695
vn 0 0.2850546407421432 0.9585112684738597
vn 0 0.6569535889835384 0.7539310193390695
vn 0 0.2850546407421432 0.9585112684738597
vn 0 0.6569535889835384 0.7539310193390695
vn 0 0.2853255313047866 0.9584306658207682
vn 0 -0.2851357081462128 0.958487155855496
vn 0 -0.6569535889835384 0.7539310193390695
vn 0 -0.2851357081462128 0.958487155855496
vn 0 -0.6569535889835384 0.7539310193390695
vn 0 -0.2851357081462128 0.958487155855496
vn 0 -0.6569535889835384 0.7539310193390695
vn 0 0.6569535889835384 0.7539310193390695
vn 0 0.2850546407421432 0.9585112684738597
vn 0 0.6569535889835384 0.7539310193390695
vn 0 0.6569535889835384 0.7539310193390695
vn 0 0.2850546407421432 0.9585112684738597
vn 0 0.2853255313047866 0.9584306658207682
vn 0 -0.2850546407421432 0.9585112684738597
vn 0 -0.6569535889835384 0.7539310193390695
vn 0 -0.28540658681729564 0.9584065318022938
vn 0 -0.28540658681729564 0.9584065318022938
vn 0 -0.6569535889835384 0.7539310193390695
vn 0 -0.6569535889835384 0.7539310193390695
vn -0.9896392359688838 0.14357639997897947 0
vn -0.8938896043666205 0.12504038690800687 0.43049538539592086
vn -0.9896392359688838 0.14357639997897947 0
vn -0.9896392359688838 0.14357639997897947 0
vn -0.9896392359688838 0.14357639997897947 0
vn -0.8938896043666205 0.12504038690800687 -0.43049538539592086
vn -0.9896392359688838 -0.14357639997897947 0
vn -0.8938896043666205 -0.12504038690800687 0.43049538539592086
vn -0.9896392359688838 -0.14357639997897947 0
vn -0.8938896043666205 -0.12504038690800687 -0.43049538539592086
vn -0.9896392359688838 -0.14357639997897947 0
vn -0.9896392359688838 -0.14357639997897947 0
vn -0.9864058972790206 0 -0.1643271304841975
vn -0.986421254666967 0 -0.1642349181545958
vn -0.9121577383933941 0.3827874038208252 -0.146431088793197
vn -0.9121577383933941 0.3827874038208252 0.146431088793197
vn -0.986421254666967 0 0.1642349181545958
vn -0.986421254666967 0 0.1642349181545958
vn -0.9864058972790206 0 -0.1643271304841975
vn -0.9864058972790206 0 -0.1643271304841975
vn -0.9121577383933941 -0.3827874038208252 -0.146431088793197
vn -0.9121875419220843 -0.38271454557259543 0.14643587323230475
vn -0.986421254666967 0 0.1642349181545958
vn -0.986421254666967 0 0.1642349181545958
vn 0 -0.6569535889835384 -0.7539310193390695
vn 0 -0.9309078978818351 -0.36525400156770776
vn 0 -0.6569535889835384 -0.7539310193390695
vn 0 -0.9309078978818351 -0.36525400156770776
vn 0 -0.6569535889835384 -0.7539310193390695
vn 0 -0.9309078978818351 -0.36525400156770776
vn 0 -0.9309078978818351 -0.36525400156770776
vn 0 -0.6569535889835384 -0.7539310193390695
vn 0 -0.6569535889835384 -0.7539310193390695
vn 0 -0.9309078978818351 -0.36525400156770776
vn 0 -0.6569535889835384 -0.7539310193390695
vn 0 -0.9309078978818351 -0.36525400156770776
vn 0 -0.9309078978818351 0.36525400156770776
vn 0 -0.6569535889835384 0.7539310193390695
vn 0 -0.6569535889835384 0.7539310193390695
vn 0 -0.6569535889835384 0.7539310193390695
vn 0 -0.9309078978818351 0.36525400156770776
vn 0 -0.9309078978818351 0.36525400156770776
vn 0 -0.9309078978818351 0.36525400156770776
vn 0 -0.6569535889835384 0.7539310193390695
vn 0 -0.6569535889835384 0.7539310193390695
vn 0 -0.6569535889835384 0.7539310193390695
vn 0 -0.9309078978818351 0.36525400156770776
vn 0 -0.9309078978818351 0.36525400156770776
vn 0 0.6569535889835384 -0.7539310193390695
vn 0 0.2853255313047866 -0.9584306658207682
vn 0 0.6569535889835384 -0.7539310193390695
vn 0 0.2853255313047866 -0.9584306658207682
vn 0 0.6569535889835384 -0.7539310193390695
vn 0 0.2853255313047866 -0.9584306658207682
vn 0 -0.6569535889835384 -0.7539310193390695
vn 0 -0.28540658681729564 -0.9584065318022938
vn 0 -0.6569535889835384 -0.7539310193390695
vn 0 -0.28540658681729564 -0.9584065318022938
vn 0 -0.6569535889835384 -0.7539310193390695
vn 0 -0.2853255313047866 -0.9584306658207682
vn 0 0.2853255313047866 -0.9584306658207682
vn 0 0.6569535889835384 -0.7539310193390695
vn 0 0.6569535889835384 -0.7539310193390695
vn 0 0.2853255313047866 -0.9584306658207682
vn 0 0.6569535889835384 -0.7539310193390695
vn 0 0.2853255313047866 -0.9584306658207682
vn 0 -0.6569535889835384 -0.7539310193390695
vn 0 -0.2853255313047866 -0.9584306658207682
vn 0 -0.6569535889835384 -0.7539310193390695
vn 0 -0.6569535889835384 -0.7539310193390695
vn 0 -0.2853255313047866 -0.9584306658207682
vn 0 -0.2853255313047866 -0.9584306658207682
vn 0.9896392359688838 0.14357639997897947 0
vn 0.9896392359688838 0.14357639997897947 0
vn 0.8938896043666205 0.12504038690800687 0.43049538539592086
vn 0.9896392359688838 0.14357639997897947 0
vn 0.8938896043666205 0.12504038690800687 -0.43049538539592086
vn 0.9896392359688838 0.14357639997897947 0
vn 0.989627460740136 -0.1436575405226987 0
vn 0.989627460740136 -0.1436575405226987 0
vn 0.8939265453955222 -0.12504555434761472 0.43041717063231233
vn 0.8938896043666205 -0.12504038690800687 -0.43049538539592086
vn 0.989627460740136 -0.1436575405226987 0
vn 0.989627460740136 -0.1436575405226987 0
vn 0.986421254666967 0 -0.1642349181545958
vn 0.9121577383933941 0.3827874038208252 -0.146431088793197
vn 0.986421254666967 0 -0.1642349181545958
vn 0.9121577383933941 0.3827874038208252 0.146431088793197
vn 0.986421254666967 0 0.1642349181545958
vn 0.986421254666967 0 0.1642349181545958
vn 0.986421254666967 0 -0.1642349181545958
vn 0.9121577383933941 -0.3827874038208252 -0.146431088793197
vn 0.986421254666967 0 -0.1642349181545958
vn 0.9121875419220843 -0.38271454557259543 0.14643587323230475
vn 0.986421254666967 0 0.1642349181545958
vn 0.9864058972790206 0 0.1643271304841975
vn 0 0.6569535889835384 -0.7539310193390695
vn 0 0.9308695090175908 -0.3653518265745354
vn 0 0.9308695090175908 -0.3653518265745354
vn 0 0.9308695090175908 -0.3653518265745354
vn 0 0.6569535889835384 -0.7539310193390695
vn 0 0.6569535889835384 -0.7539310193390695
vn 0 0.9310875933052629 -0.3647956874649332
vn 0 0.6569535889835384 -0.7539310193390695
vn 0 0.9308695090175908 -0.3653518265745354
vn 0 0.9308695090175908 -0.3653518265745354
vn 0 0.6569535889835384 -0.7539310193390695
vn 0 0.6569535889835384 -0.7539310193390695
vn 0 0.6569535889835384 0.7539310193390695
vn 0 0.9310875933052629 0.3647956874649332
vn 0 0.6569535889835384 0.7539310193390695
vn 0 0.9310875933052629 0.3647956874649332
vn 0 0.6569535889835384 0.7539310193390695
vn 0 0.9310875933052629 0.3647956874649332
vn 0 0.6569535889835384 0.7539310193390695
vn 0 0.9309594103876927 0.3651226865186543
vn 0 0.6569535889835384 0.7539310193390695
vn 0 0.6569535889835384 0.7539310193390695
vn 0 0.9309594103876927 0.3651226865186543
vn 0 0.9310875933052629 0.3647956874649332
vn 0 0.6569535889835384 0.7539310193390695
vn 0 0.2852444455072883 0.958454801389841
vn 0 0.6569535889835384 0.7539310193390695
vn 0 0.2852444455072883 0.958454801389841
vn 0 0.6569535889835384 0.7539310193390695
vn 0 0.2852444455072883 0.958454801389841
vn 0 -0.2852444455072883 0.958454801389841
vn 0 -0.6569535889835384 0.7539310193390695
vn 0 -0.2852444455072883 0.958454801389841
vn 0 -0.6569535889835384 0.7539310193390695
vn 0 -0.2852444455072883 0.958454801389841
vn 0 -0.6569535889835384 0.7539310193390695
vn 0 0.6569535889835384 0.7539310193390695
vn 0 0.2852444455072883 0.958454801389841
vn 0 0.6569535889835384 0.7539310193390695
vn 0 0.6569535889835384 0.7539310193390695
vn 0 0.2852444455072883 0.958454801389841
vn 0 0.2852444455072883 0.958454801389841
vn 0 -0.2852444455072883 0.958454801389841
vn 0 -0.6569535889835384 0.7539310193390695
vn 0 -0.2852444455072883 0.958454801389841
vn 0 -0.2852444455072883 0.958454801389841
vn 0 -0.6569535889835384 0.7539310193390695
vn 0 -0.6569535889835384 0.7539310193390695
vn -0.9896392359688838 0.14357639997897947 0
vn -0.8938896043666205 0.12504038690800687 0.43049538539592086
vn -0.9896392359688838 0.14357639997897947 0
vn -0.9896392359688838 0.14357639997897947 0
vn -0.9896392359688838 0.14357639997897947 0
vn -0.8938896043666205 0.12504038690800687 -0.43049538539592086
vn -0.9896392359688838 -0.14357639997897947 0
vn -0.8938896043666205 -0.12504038690800687 0.43049538539592086
vn -0.9896392359688838 -0.14357639997897947 0
vn -0.8938896043666205 -0.12504038690800687 -0.43049538539592086
vn -0.9896392359688838 -0.14357639997897947 0
vn -0.9896392359688838 -0.14357639997897947 0
vn -0.9864058972790206 0 -0.1643271304841975
vn -0.986421254666967 0 -0.1642349181545958
vn -0.9121577383933941 0.3827874038208252 -0.146431088793197
vn -0.9121577383933941 0.3827874038208252 0.146431088793197
vn -0.9864058972790206 0 0.1643271304841975
vn -0.9864058972790206 0 0.1643271304841975
vn -0.986421254666967 0 -0.1642349181545958
vn -0.986421254666967 0 -0.1642349181545958
vn -0.9121577383933941 -0.3827874038208252 -0.146431088793197
vn -0.9121577383933941 -0.3827874038208252 0.146431088793197
vn -0.9864058972790206 0 0.1643271304841975
vn -0.9864058972790206 0 0.1643271304841975
vn 0 -0.6569535889835384 -0.7539310193390695
vn 0 -0.9308179591917911 -0.3654831416714448
vn 0 -0.6569535889835384 -0.7539310193390695
vn 0 -0.9308179591917911 -0.3654831416714448
vn 0 -0.6569535889835384 -0.7539310193390695
vn 0 -0.9308179591917911 -0.3654831416714448
vn 0 -0.9309594103876927 -0.3651226865186543
vn 0 -0.6569535889835384 -0.7539310193390695
vn 0 -0.6569535889835384 -0.7539310193390695
vn 0 -0.9309977785252592 -0.36502484351209885
vn 0 -0.6569535889835384 -0.7539310193390695
vn 0 -0.9309594103876927 -0.3651226865186543
vn 0 -0.9310361509735434 0.36492695924029656
vn 0 -0.6569535889835384 0.7539310193390695
vn 0 -0.6569535889835384 0.7539310193390695
vn 0 -0.6569535889835384 0.7539310193390695
vn 0 -0.9310361509735434 0.36492695924029656
vn 0 -0.9310361509735434 0.36492695924029656
vn 0 -0.9310361509735434 0.36492695924029656
vn 0 -0.6569535889835384 0.7539310193390695
vn 0 -0.6569535889835384 0.7539310193390695
vn 0 -0.6569535889835384 0.7539310193390695
vn 0 -0.9310361509735434 0.36492695924029656
vn 0 -0.9310361509735434 0.36492695924029656
vn 0 0.6569535889835384 -0.7539310193390695
vn 0 0.2852444455072883 -0.958454801389841
vn 0 0.6569535889835384 -0.7539310193390695
vn 0 0.2852444455072883 -0.958454801389841
vn 0 0.6569535889835384 -0.7539310193390695
vn 0 0.2852444455072883 -0.958454801389841
vn 0 -0.6569535889835384 -0.7539310193390695
vn 0 -0.2852444455072883 -0.958454801389841
vn 0 -0.6569535889835384 -0.7539310193390695
vn 0 -0.2852444455072883 -0.958454801389841
vn 0 -0.6569535889835384 -0.7539310193390695
vn 0 -0.2852444455072883 -0.958454801389841
vn 0 0.2852444455072883 -0.958454801389841
vn 0 0.6569535889835384 -0.7539310193390695
vn 0 0.6569535889835384 -0.7539310193390695
vn 0 0.2852444455072883 -0.958454801389841
vn 0 0.6569535889835384 -0.7539310193390695
vn 0 0.2852444455072883 -0.958454801389841
vn 0 -0.6569535889835384 -0.7539310193390695
vn 0 -0.2852444455072883 -0.958454801389841
vn 0 -0.6569535889835384 -0.7539310193390695
vn 0 -0.6569535889835384 -0.7539310193390695
vn 0 -0.2852444455072883 -0.958454801389841
vn 0 -0.2852444455072883 -0.958454801389841
vn 0.7413069458612703 -0.618320243507081 -0.2610442270711607
vn 0.9680727722083965 -0.25066931944047305 0
vn 0.7784718036165094 -0.6276795766743241 0
vn 0.9680727722083965 -0.25066931944047305 0
vn 0.7413069458612703 -0.618320243507081 0.2610442270711607
vn 0.7784718036165094 -0.6276795766743241 0
vn 0.9680727722083965 -0.25066931944047305 0
vn 0.7413069458612703 -0.618320243507081 -0.2610442270711607
vn 0.9445258232909132 -0.24419587776641966 -0.21963456562779593
vn 0.7413069458612703 -0.618320243507081 0.2610442270711607
vn 0.9680727722083965 -0.25066931944047305 0
vn 0.9445258232909132 -0.24419587776641966 0.21963456562779593
vn 0.9625177444976797 0.27121869821984895 0.00009624463624881304
vn 0.7452051555184622 0.6143446949587151 -0.2593258027362249
vn 0.7715560968495523 0.6361612919804884 0
vn 0.7452051555184622 0.6143446949587151 -0.2593258027362249
vn 0.9625177444976797 0.27121869821984895 0.00009624463624881304
vn 0.9388608731744832 0.26470223310476176 -0.22016582071565832
vn 0.7451567240219313 0.6143945543523771 0.25934684927148666
vn 0.9625177444976797 0.27121869821984895 0.00009624463624881304
vn 0.7715560968495523 0.6361612919804884 0
vn 0.9625177444976797 0.27121869821984895 0.00009624463624881304
vn 0.7451567240219313 0.6143945543523771 0.25934684927148666
vn 0.9388608731744832 0.26470223310476176 0.22016582071565832
vn -0.35590763917733825 0.9345211353282566 0
vn -0.7505367608281432 0.6047661738880792 -0.2663690026380173
vn -0.7645622893678997 0.644549847317115 0
vn -0.7505367608281432 0.6047661738880792 -0.2663690026380173
vn -0.35590763917733825 0.9345211353282566 0
vn -0.3437201725562638 0.9038159364129855 -0.25489840341557757
vn -0.7505573078367468 0.6047827302200626 0.2662735001467889
vn -0.35590763917733825 0.9345211353282566 0
vn -0.7645622893678997 0.644549847317115 0
vn -0.35590763917733825 0.9345211353282566 0
vn -0.7505573078367468 0.6047827302200626 0.2662735001467889
vn -0.3437201725562638 0.9038159364129855 0.25489840341557757
vn 0.745115612490786 0.6144504515166094 -0.25933254067608974
vn 0.3828994044519421 0.923790037573053 0.00011203180474132117
vn 0.7715560968495523 0.6361612919804884 0
vn 0.3828994044519421 0.923790037573053 0.00011203180474132117
vn 0.745115612490786 0.6144504515166094 -0.25933254067608974
vn 0.3705111957649141 0.8933968908574462 -0.25409338680709836
vn 0.3828994044519421 0.923790037573053 0.00011203180474132117
vn 0.745115612490786 0.6144504515166094 0.25933254067608974
vn 0.7715560968495523 0.6361612919804884 0
vn 0.745115612490786 0.6144504515166094 0.25933254067608974
vn 0.3828994044519421 0.923790037573053 0.00011203180474132117
vn 0.37040972699382 0.8934358167555462 0.25410445782534785
vn -0.22497356291711118 -0.19922519746436976 0.9537799624041509
vn 0.10813155462900628 -0.06858849242592248 0.9917677074800597
vn -0.22464163365395784 -0.20578154864804193 0.9524652700572838
vn -0.22464163365395784 -0.20578154864804193 0.9524652700572838
vn -0.05848445778420148 0.07568935324171797 0.9954148331241295
vn -0.22497356291711118 -0.19922519746436976 0.9537799624041509
vn 0.10813155462900628 -0.06858849242592248 0.9917677074800597
vn -0.22497356291711118 -0.19922519746436976 0.9537799624041509
vn 0.14188683729064264 -0.06881656023167676 0.9874879272383732
vn -0.05831760105495757 0.10297452176241279 0.9929729630130908
vn -0.22497356291711118 -0.19922519746436976 0.9537799624041509
vn -0.05848445778420148 0.07568935324171797 0.9954148331241295
vn 0.14188683729064264 -0.06881656023167676 0.9874879272383732
vn 0.39137870818120707 -0.260920016808183 0.8824644194590664
vn 0.10813155462900628 -0.06858849242592248 0.9917677074800597
vn -0.29417428419417607 0.3257249693985265 0.8985347710740934
vn -0.05831760105495757 0.10297452176241279 0.9929729630130908
vn -0.05848445778420148 0.07568935324171797 0.9954148331241295
vn 0.3990658187176444 -0.2536087627130534 0.8811521252351211
vn 0.10813155462900628 -0.06858849242592248 0.9917677074800597
vn 0.39137870818120707 -0.260920016808183 0.8824644194590664
vn -0.05848445778420148 0.07568935324171797 0.9954148331241295
vn -0.2857872165362746 0.3326632666642642 0.8986995147860654
vn -0.29417428419417607 0.3257249693985265 0.8985347710740934
vn 0.39137870818120707 -0.260920016808183 0.8824644194590664
vn 0.20677607623876484 0 0.9783882942346053
vn 0.3990658187176444 -0.2536087627130534 0.8811521252351211
vn 0.008387405457485638 0.1716634697958827 0.9851199442541654
vn -0.29417428419417607 0.3257249693985265 0.8985347710740934
vn -0.2857872165362746 0.3326632666642642 0.8986995147860654
vn 0.39137870818120707 -0.260920016808183 0.8824644194590664
vn 0.20687701043883716 0 0.9783669570012519
vn 0.20677607623876484 0 0.9783882942346053
vn 0.016668561890827282 0.1716626509547827 0.9850147680678032
vn -0.29417428419417607 0.3257249693985265 0.8985347710740934
vn 0.008387405457485638 0.1716634697958827 0.9851199442541654
vn 0.3616940571800909 0.2982229803599339 0.8833122115004658
vn 0.20677607623876484 0 0.9783882942346053
vn 0.20687701043883716 0 0.9783669570012519
vn 0.3616940571800909 0.2982229803599339 0.8833122115004658
vn 0.016668561890827282 0.1716626509547827 0.9850147680678032
vn 0.008387405457485638 0.1716634697958827 0.9851199442541654
vn 0.20677607623876484 0 0.9783882942346053
vn 0.3616940571800909 0.2982229803599339 0.8833122115004658
vn 0.3616110087888881 0.29815450553087064 0.8833693277187774
vn 0.008387405457485638 0.1716634697958827 0.9851199442541654
vn 0.3616110087888881 0.29815450553087064 0.8833693277187774
vn 0.3616940571800909 0.2982229803599339 0.8833122115004658
vn -0.7505573078367468 0.6047827302200626 -0.2662735001467889
vn -0.9625396365638365 0.2711410113641197 0
vn -0.7645622893678997 0.644549847317115 0
vn -0.7505573078367468 0.6047827302200626 0.2662735001467889
vn -0.7645622893678997 0.644549847317115 0
vn -0.9625396365638365 0.2711410113641197 0
vn -0.7505573078367468 0.6047827302200626 -0.2662735001467889
vn -0.9388608731744832 0.26470223310476176 -0.22016582071565832
vn -0.9625396365638365 0.2711410113641197 0
vn -0.7505573078367468 0.6047827302200626 0.2662735001467889
vn -0.9625396365638365 0.2711410113641197 0
vn -0.9388608731744832 0.26470223310476176 0.22016582071565832
vn -0.9647995623650961 -0.2629863199105976 0
vn -0.7451470910640766 -0.6073030534805508 -0.2755699800630402
vn -0.7715560968495523 -0.6361612919804884 0
vn -0.7451470910640766 -0.6073030534805508 0.2755699800630402
vn -0.9647995623650961 -0.2629863199105976 0
vn -0.7715560968495523 -0.6361612919804884 0
vn -0.7451470910640766 -0.6073030534805508 -0.2755699800630402
vn -0.9647995623650961 -0.2629863199105976 0
vn -0.9372442200552773 -0.2575913345191596 -0.23498931114757798
vn -0.9647995623650961 -0.2629863199105976 0
vn -0.7451470910640766 -0.6073030534805508 0.2755699800630402
vn -0.9372442200552773 -0.2575913345191596 0.23498931114757798
vn -0.3641049277739624 -0.9313579341857338 0
vn -0.7451470910640766 -0.6073030534805508 -0.2755699800630402
vn -0.3527078615233067 -0.895251909537774 -0.2722520576389189
vn -0.7451470910640766 -0.6073030534805508 -0.2755699800630402
vn -0.3641049277739624 -0.9313579341857338 0
vn -0.7715560968495523 -0.6361612919804884 0
vn -0.3641049277739624 -0.9313579341857338 0
vn -0.7451470910640766 -0.6073030534805508 0.2755699800630402
vn -0.7715560968495523 -0.6361612919804884 0
vn -0.7451470910640766 -0.6073030534805508 0.2755699800630402
vn -0.3641049277739624 -0.9313579341857338 0
vn -0.3527385008820284 -0.8952326451208555 0.27227570788708944
vn 0.38279837141611733 -0.923831908027053 0.00011203688254291694
vn 0.37040972699382 -0.8934358167555462 -0.25410445782534785
vn 0.7413069458612703 -0.618320243507081 -0.2610442270711607
vn 0.7413069458612703 -0.618320243507081 -0.2610442270711607
vn 0.7784289210059206 -0.6277327575820447 0
vn 0.38279837141611733 -0.923831908027053 0.00011203688254291694
vn 0.7784289210059206 -0.6277327575820447 0
vn 0.7413269048199705 -0.6183368911700666 0.2609480967705637
vn 0.38279837141611733 -0.923831908027053 0.00011203688254291694
vn 0.3705111957649141 -0.8933968908574462 0.25409338680709836
vn 0.38279837141611733 -0.923831908027053 0.00011203688254291694
vn 0.7413269048199705 -0.6183368911700666 0.2609480967705637
vn 0.14188683729064264 -0.06881656023167676 -0.9874879272383732
vn -0.22497356291711118 -0.19922519746436976 -0.9537799624041509
vn 0.10813155462900628 -0.06858849242592248 -0.9917677074800597
vn 0.10813155462900628 -0.06858849242592248 -0.9917677074800597
vn 0.39137870818120707 -0.260920016808183 -0.8824644194590664
vn 0.14188683729064264 -0.06881656023167676 -0.9874879272383732
vn -0.22464163365395784 -0.20578154864804193 -0.9524652700572838
vn 0.10813155462900628 -0.06858849242592248 -0.9917677074800597
vn -0.22497356291711118 -0.19922519746436976 -0.9537799624041509
vn 0.39137870818120707 -0.260920016808183 -0.8824644194590664
vn 0.10813155462900628 -0.06858849242592248 -0.9917677074800597
vn 0.3990658187176444 -0.2536087627130534 -0.8811521252351211
vn -0.22497356291711118 -0.19922519746436976 -0.9537799624041509
vn -0.05837905825138646 0.07568982098667311 -0.9954209845872684
vn -0.22464163365395784 -0.20578154864804193 -0.9524652700572838
vn 0.39137870818120707 -0.260920016808183 -0.8824644194590664
vn 0.3990658187176444 -0.2536087627130534 -0.8811521252351211
vn 0.20677607623876484 0 -0.9783882942346053
vn -0.05837905825138646 0.07568982098667311 -0.9954209845872684
vn -0.22497356291711118 -0.19922519746436976 -0.9537799624041509
vn -0.05831760105495757 0.10297452176241279 -0.9929729630130908
vn 0.20677607623876484 0 -0.9783882942346053
vn 0.39137870818120707 -0.260920016808183 -0.8824644194590664
vn 0.20677607623876484 0 -0.9783882942346053
vn -0.05831760105495757 0.10297452176241279 -0.9929729630130908
vn -0.2940849978618194 0.32565635859839726 -0.8985888660210775
vn -0.05837905825138646 0.07568982098667311 -0.9954209845872684
vn 0.3616940571800909 0.2982229803599339 -0.8833122115004658
vn 0.20677607623876484 0 -0.9783882942346053
vn 0.20677607623876484 0 -0.9783882942346053
vn -0.2857872165362746 0.3326632666642642 -0.8986995147860654
vn -0.05837905825138646 0.07568982098667311 -0.9954209845872684
vn -0.2940849978618194 0.32565635859839726 -0.8985888660210775
vn 0.3616940571800909 0.2982229803599339 -0.8833122115004658
vn 0.20677607623876484 0 -0.9783882942346053
vn 0.3616940571800909 0.2982229803599339 -0.8833122115004658
vn 0.008387405457485638 0.1716634697958827 -0.9851199442541654
vn -0.2857872165362746 0.3326632666642642 -0.8986995147860654
vn -0.2940849978618194 0.32565635859839726 -0.8985888660210775
vn 0.008387405457485638 0.1716634697958827 -0.9851199442541654
vn 0.3616940571800909 0.2982229803599339 -0.8833122115004658
vn 0.3616940571800909 0.2982229803599339 -0.8833122115004658
vn -0.2940849978618194 0.32565635859839726 -0.8985888660210775
vn 0.016668561890827282 0.1716626509547827 -0.9850147680678032
vn 0.008387405457485638 0.1716634697958827 -0.9851199442541654
vn 0.3616940571800909 0.2982229803599339 -0.8833122115004658
vn 0.008387405457485638 0.1716634697958827 -0.9851199442541654
vn 0.016668561890827282 0.1716626509547827 -0.9850147680678032
vn 0.9803645599040237 0.19719363499918025 0
vn 0.8830842796040013 0.4692144020767924 0
vn 0.8830842796040013 0.4692144020767924 0
vn 0.9803645599040237 0.19719363499918025 0
vn 0.8830842796040013 0.4692144020767924 0
vn 0.9803645599040237 0.19719363499918025 0
vn 0.8830842796040013 0.4692144020767924 0
vn 0.9803645599040237 0.19719363499918025 0
vn 0.8830842796040013 0.4692144020767924 0
vn 0.9803645599040237 0.19719363499918025 0
vn 0.8830842796040013 0.4692144020767924 0
vn 0.9803645599040237 0.19719363499918025 0
vn 0.9016297641416918 -0.43250869172052153 0
vn 0.9803806423255055 0.1971136630308242 0
vn 0.9016297641416918 -0.43250869172052153 0
vn 0.9803806423255055 0.1971136630308242 0
vn 0.9016297641416918 -0.43250869172052153 0
vn 0.9803806423255055 0.1971136630308242 0
vn 0.9803806423255055 0.1971136630308242 0
vn 0.9016297641416918 -0.43250869172052153 0
vn 0.9016297641416918 -0.43250869172052153 0
vn 0.9016297641416918 -0.43250869172052153 0
vn 0.9803806423255055 0.1971136630308242 0
vn 0.9803806423255055 0.1971136630308242 0
vn 0.5232716673468608 0.04716529952102709 -0.8508596809539913
vn 0.7349932690954845 -0.08660983770589359 -0.6725203568643046
vn 0.38016177939017004 -0.13625618681049415 -0.9148285484432388
vn 0.7349932690954845 -0.08660983770589359 -0.6725203568643046
vn 0.4244106036768078 -0.2881859613733194 -0.8583848153095576
vn 0.38016177939017004 -0.13625618681049415 -0.9148285484432388
vn 0.38016177939017004 -0.13625618681049415 0.9148285484432388
vn 0.42449758147145583 -0.2881729843903817 0.858346162333371
vn 0.7349986613019373 -0.08652572561739623 0.6725252907443283
vn 0.7349986613019373 -0.08652572561739623 0.6725252907443283
vn 0.5232716673468608 0.04716529952102709 0.8508596809539913
vn 0.38016177939017004 -0.13625618681049415 0.9148285484432388
vn 0.9108654606335589 -0.4127034196912049 0
vn 0.6789322128856655 -0.7342009604367006 0
vn 0.6430256937994147 -0.7658446037635714 0
vn 0.6789322128856655 -0.7342009604367006 0
vn 0.9108654606335589 -0.4127034196912049 0
vn 0.9108654606335589 -0.4127034196912049 0
vn 0.9108654606335589 -0.4127034196912049 0
vn 0.9108654606335589 -0.4127034196912049 0
vn 0.6789322128856655 -0.7342009604367006 0
vn 0.6789322128856655 -0.7342009604367006 0
vn 0.9108654606335589 -0.4127034196912049 0
vn 0.6430256937994147 -0.7658446037635714 0
vn 0.4712397372875469 0.10222605893085412 0.8760610383281688
vn 0.241610627333177 0.13048525173234207 0.9615601405216503
vn 0.3071840803380989 0.047966798445175006 0.9504404910533621
vn 0.241610627333177 0.13048525173234207 0.9615601405216503
vn 0.4712397372875469 0.10222605893085412 0.8760610383281688
vn 0.4162188873023127 0.21962105787917108 0.8823425801744232
vn 0.42378833337397825 -0.21231290912092984 0.8805263636693188
vn 0.3071853572832224 0.04788025677526086 0.950444441975392
vn 0.27463185335391177 -0.13036325016826739 0.9526713851737971
vn 0.3071853572832224 0.04788025677526086 0.950444441975392
vn 0.42378833337397825 -0.21231290912092984 0.8805263636693188
vn 0.4712397372875469 0.10222605893085412 0.8760610383281688
vn -0.23408918345668325 -0.17223421174899028 0.9568373061768585
vn -0.07470212835482683 -0.020560105128774153 0.9969939187860438
vn -0.38632497126215054 -0.26999094570704707 0.8819625308455643
vn -0.11129060077892536 -0.4234435186194484 0.8990606145958385
vn -0.23398558580409878 -0.17232318719053058 0.956846625532227
vn -0.3862256102517636 -0.27008310602961516 0.881977830686831
vn -0.23398558580409878 -0.17232318719053058 0.956846625532227
vn -0.11129060077892536 -0.4234435186194484 0.8990606145958385
vn -0.09242728394180942 -0.2564316147375151 0.9621330594809903
vn 0.27463185335391177 -0.13036325016826739 0.9526713851737971
vn 0.08609588116204979 -0.46826550953280827 0.8793832565093046
vn 0.4236940084207523 -0.21240540816441755 0.8805494476807437
vn 0.08609588116204979 -0.46826550953280827 0.8793832565093046
vn 0.27463185335391177 -0.13036325016826739 0.9526713851737971
vn -0.03369320382874087 -0.3127532556549532 0.9492366243950885
vn -0.2276253831528934 -0.3266746010484073 0.917316951753516
vn -0.5246078966231745 -0.5388433020963415 0.6591164165657835
vn -0.12902897273906033 -0.4893061906768604 0.8625143337702873
vn -0.5246078966231745 -0.5388433020963415 0.6591164165657835
vn -0.2276253831528934 -0.3266746010484073 0.917316951753516
vn -0.47549230182306773 -0.3164585147246443 0.8208295068802491
vn 0.3235974280484123 -0.1915883636655636 0.9265951669787644
vn -0.09242728394180942 -0.2564316147375151 0.9621330594809903
vn 0.35337037607452826 -0.3678474975035068 0.8601264999366977
vn -0.11118336560494937 -0.4234486329867559 0.8990714734849526
vn 0.35337037607452826 -0.3678474975035068 0.8601264999366977
vn -0.09242728394180942 -0.2564316147375151 0.9621330594809903
vn 0.3800717702202125 -0.13626163613900927 0.9148651354152667
vn -0.12891543832391444 -0.48920065331557555 0.8625911723159281
vn 0.42439990332624267 -0.2882661694612246 0.8583631734882553
vn -0.12891543832391444 -0.48920065331557555 0.8625911723159281
vn 0.3800717702202125 -0.13626163613900927 0.9148651354152667
vn -0.22752376220018128 -0.3266825685694465 0.9173393249104412
vn -0.4754662679638109 -0.3163537125437357 0.8208849837756573
vn -0.2276253831528934 -0.3266746010484073 0.917316951753516
vn -0.024940218889944243 -0.006883590788746197 0.9996652447992652
vn 0.38016177939017004 -0.13625618681049415 0.9148285484432388
vn 0.5231959829389656 0.04716787148367614 0.8509060790335375
vn 0.01669845979627179 0.006884083867301677 0.9998368721095158
vn 0.30709009179931673 0.04788180368140068 0.9504751487518771
vn -0.03369320382874087 -0.3127532556549532 0.9492366243950885
vn 0.2745342761464512 -0.1303670278709314 0.952698991951206
vn -0.03369320382874087 -0.3127532556549532 0.9492366243950885
vn 0.30709009179931673 0.04788180368140068 0.9504751487518771
vn -0.016592802706599623 -0.006884095977905548 0.9998386310404829
vn 0.30709009179931673 0.04788180368140068 0.9504751487518771
vn 0.24151114372883978 0.130488581825254 0.9615846803417895
vn -0.016592802706599623 -0.006884095977905548 0.9998386310404829
vn -0.016592802706599623 -0.006884095977905548 0.9998386310404829
vn 0.24151114372883978 0.130488581825254 0.9615846803417895
vn 0 0 1
vn 0.3800717702202125 -0.13626163613900927 0.9148651354152667
vn 0.016592802706599623 0.006884095977905548 0.9998386310404829
vn -0.024940218889944243 -0.006883590788746197 0.9996652447992652
vn 0.3800717702202125 -0.13626163613900927 0.9148651354152667
vn -0.024940218889944243 -0.006883590788746197 0.9996652447992652
vn -0.2276253831528934 -0.3266746010484073 0.917316951753516
vn 0.016592802706599623 0.006884095977905548 0.9998386310404829
vn 0 0 1
vn -0.024940218889944243 -0.006883590788746197 0.9996652447992652
vn 0 0 1
vn 0.016592802706599623 0.006884095977905548 0.9998386310404829
vn 0 0 1
vn 0.3235974280484123 -0.1915883636655636 0.9265951669787644
vn 0.024940218889944243 0.006883590788746197 0.9996652447992652
vn 0 0 1
vn 0 0 1
vn 0 0 1
vn 0.024940218889944243 0.006883590788746197 0.9996652447992652
vn -0.07459719540633866 -0.020473182635697636 0.9970035643016898
vn 0.3235974280484123 -0.1915883636655636 0.9265951669787644
vn 0 0 1
vn -0.07459719540633866 -0.020473182635697636 0.9970035643016898
vn -0.0924293690885013 -0.2563494095653478 0.9621547650692166
vn 0.3235974280484123 -0.1915883636655636 0.9265951669787644
vn -0.0924293690885013 -0.2563494095653478 0.9621547650692166
vn -0.07459719540633866 -0.020473182635697636 0.9970035643016898
vn -0.23398910494385727 -0.17223847969224654 0.9568610164913586
vn 0.32369205682594326 -0.19158180965438573 0.9265634692547193
vn 0.5415100426403605 -0.0608647210062079 0.838488139126888
vn 0.024940218889944243 0.006883590788746197 0.9996652447992652
vn -0.03369320382874087 -0.3127532556549532 0.9492366243950885
vn -0.18347005568651029 -0.5689226015036799 0.8016644012083075
vn 0.0859838008592013 -0.4683402516095914 0.8793544192827315
vn -0.18347005568651029 -0.5689226015036799 0.8016644012083075
vn -0.03369320382874087 -0.3127532556549532 0.9492366243950885
vn -0.25390416300587043 -0.3419267950497814 0.904775520687465
vn -0.2539118398093134 -0.3418486976342584 0.9048028766147966
vn -0.03380038644812495 -0.3127521231168247 0.9492331870314459
vn -0.01669845979627179 -0.006884083867301677 0.9998368721095158
vn 0.5415808032685483 -0.06094681267631962 0.8384364731782555
vn 0.32369205682594326 -0.19158180965438573 0.9265634692547193
vn 0.6504978790321295 -0.2511731167915046 0.7167737263432177
vn 0.35360041006029 -0.36777522246743655 0.8600628673208849
vn 0.6504978790321295 -0.2511731167915046 0.7167737263432177
vn 0.32369205682594326 -0.19158180965438573 0.9265634692547193
vn -0.9945693898622547 0.10407559151416058 0
vn -0.9945693898622547 0.10407559151416058 0
vn -0.9945693898622547 0.10407559151416058 0
vn -0.9945693898622547 0.10407559151416058 0
vn -0.9945693898622547 0.10407559151416058 0
vn -0.9945693898622547 0.10407559151416058 0
vn -0.9945693898622547 0.10407559151416058 0
vn -0.9945693898622547 0.10407559151416058 0
vn -0.9945693898622547 0.10407559151416058 0
vn -0.9945693898622547 0.10407559151416058 0
vn -0.9945693898622547 0.10407559151416058 0
vn -0.9945693898622547 0.10407559151416058 0
vn -0.28360537534520225 -0.9589410779997419 0
vn -0.6199114204773907 -0.7846717981179797 0
vn -0.6196104478592475 -0.7849094807069558 0
vn -0.6199114204773907 -0.7846717981179797 0
vn -0.28360537534520225 -0.9589410779997419 0
vn -0.28360537534520225 -0.9589410779997419 0
vn 0.3827983738186103 -0.9238319138251436 0
vn -0.28360537534520225 -0.9589410779997419 0
vn -0.28360537534520225 -0.9589410779997419 0
vn -0.28360537534520225 -0.9589410779997419 0
vn 0.3827983738186103 -0.9238319138251436 0
vn 0.4168581233289473 -0.9089715644697959 0
vn -0.28360537534520225 -0.9589410779997419 0
vn -0.28360537534520225 -0.9589410779997419 0
vn -0.6199114204773907 -0.7846717981179797 0
vn -0.6199114204773907 -0.7846717981179797 0
vn -0.28360537534520225 -0.9589410779997419 0
vn -0.6196104478592475 -0.7849094807069558 0
vn -0.28360537534520225 -0.9589410779997419 0
vn 0.3827983738186103 -0.9238319138251436 0
vn -0.28360537534520225 -0.9589410779997419 0
vn 0.4168581233289473 -0.9089715644697959 0
vn 0.3827983738186103 -0.9238319138251436 0
vn -0.28360537534520225 -0.9589410779997419 0
vn 0.4776955568155608 -0.8785254435693205 0
vn 0.9016102460890305 -0.43254937769840535 0
vn 0.45286234871941566 -0.8915804467978952 0
vn 0.9016102460890305 -0.43254937769840535 0
vn 0.4776955568155608 -0.8785254435693205 0
vn 0.9016102460890305 -0.43254937769840535 0
vn 0.9016102460890305 -0.43254937769840535 0
vn 0.4776955568155608 -0.8785254435693205 0
vn 0.45286234871941566 -0.8915804467978952 0
vn 0.4776955568155608 -0.8785254435693205 0
vn 0.9016102460890305 -0.43254937769840535 0
vn 0.9016102460890305 -0.43254937769840535 0
vn -0.37477246217512755 -0.9271168219783268 0
vn -0.04776920316982786 -0.9988583999889672 0
vn -0.37477246217512755 -0.9271168219783268 0
vn -0.04776920316982786 -0.9988583999889672 0
vn -0.37477246217512755 -0.9271168219783268 0
vn 0 -1 0
vn -0.04776920316982786 -0.9988583999889672 0
vn -0.37477246217512755 -0.9271168219783268 0
vn -0.37477246217512755 -0.9271168219783268 0
vn -0.37477246217512755 -0.9271168219783268 0
vn -0.04776920316982786 -0.9988583999889672 0
vn 0 -1 0
vn 0 -1 0
vn 0.6788258009820293 -0.7342993476240508 0
vn -0.047648235100999324 -0.9988641777998447 0
vn 0.6788258009820293 -0.7342993476240508 0
vn 0 -1 0
vn 0.6430256937994147 -0.7658446037635714 0
vn 0.6788861835030853 -0.7342435221700055 0
vn 0 -1 0
vn -0.04764823478744076 -0.9988641712266229 0.00011472311419065417
vn 0 -1 0
vn 0.6788861835030853 -0.7342435221700055 0
vn 0.6430256901255892 -0.7658445993880396 -0.00010689566492334677
vn 0.21773000859356395 -0.9760090385636019 0
vn 0.4527691622676096 -0.891627766163286 -0.00011093311360937656
vn 0.21773000859356395 -0.9760090385636019 0
vn 0.4527691622676096 -0.891627766163286 -0.00011093311360937656
vn 0.21773000859356395 -0.9760090385636019 0
vn 0.47760543926513377 -0.8785744387269406 0
vn 0.45276916505353343 -0.891627771649541 0
vn 0.21773000859356395 -0.9760090385636019 0
vn 0.21773000859356395 -0.9760090385636019 0
vn 0.21773000859356395 -0.9760090385636019 0
vn 0.45276916505353343 -0.891627771649541 0
vn 0.47760543926513377 -0.8785744387269406 0
vn 0.6569781486616973 -0.753909618045193 0
vn 0.41689495300406487 -0.9089546733252096 0
vn 0.3828994068548513 -0.9237900433703554 0
vn 0.41689495300406487 -0.9089546733252096 0
vn 0.6569781486616973 -0.753909618045193 0
vn 0.6569781486616973 -0.753909618045193 0
vn 0.6569781486616973 -0.753909618045193 0
vn 0.41689495300406487 -0.9089546733252096 0
vn 0.6569781486616973 -0.753909618045193 0
vn 0.3827983738186103 -0.9238319138251436 0
vn 0.41689495300406487 -0.9089546733252096 0
vn 0.6569781486616973 -0.753909618045193 0
vn 0.241610627333177 0.13048525173234207 -0.9615601405216503
vn 0.4712397372875469 0.10222605893085412 -0.8760610383281688
vn 0.3071840803380989 0.047966798445175006 -0.9504404910533621
vn 0.4712397372875469 0.10222605893085412 -0.8760610383281688
vn 0.241610627333177 0.13048525173234207 -0.9615601405216503
vn 0.4162188873023127 0.21962105787917108 -0.8823425801744232
vn 0.42378833337397825 -0.21231290912092984 -0.8805263636693188
vn 0.3071853572832224 0.04788025677526086 -0.950444441975392
vn 0.4712397372875469 0.10222605893085412 -0.8760610383281688
vn 0.3071853572832224 0.04788025677526086 -0.950444441975392
vn 0.42378833337397825 -0.21231290912092984 -0.8805263636693188
vn 0.27463185335391177 -0.13036325016826739 -0.9526713851737971
vn -0.23398910494385727 -0.17223847969224654 -0.9568610164913586
vn -0.38632497126215054 -0.26999094570704707 -0.8819625308455643
vn -0.07470226187873245 -0.020473021161571233 -0.9969957008306101
vn -0.09253310136965998 -0.2564290836587093 -0.9621235628571139
vn -0.11129060077892536 -0.4234435186194484 -0.8990606145958385
vn -0.23398558580409878 -0.17232318719053058 -0.956846625532227
vn -0.11129060077892536 -0.4234435186194484 -0.8990606145958385
vn -0.38623473405080255 -0.27000200747460795 -0.881998665629596
vn -0.23398558580409878 -0.17232318719053058 -0.956846625532227
vn 0.08609588116204979 -0.46826550953280827 -0.8793832565093046
vn 0.27463185335391177 -0.13036325016826739 -0.9526713851737971
vn 0.42378051033243186 -0.2123959190029173 -0.880510109341903
vn 0.27463185335391177 -0.13036325016826739 -0.9526713851737971
vn 0.08609588116204979 -0.46826550953280827 -0.8793832565093046
vn -0.03369320382874087 -0.3127532556549532 -0.9492366243950885
vn -0.2276253831528934 -0.3266746010484073 -0.917316951753516
vn -0.5246078966231745 -0.5388433020963415 -0.6591164165657835
vn -0.4754662679638109 -0.3163537125437357 -0.8208849837756573
vn -0.5246078966231745 -0.5388433020963415 -0.6591164165657835
vn -0.2276253831528934 -0.3266746010484073 -0.917316951753516
vn -0.12902897273906033 -0.4893061906768604 -0.8625143337702873
vn -0.09242728394180942 -0.2564316147375151 -0.9621330594809903
vn 0.3235974280484123 -0.1915883636655636 -0.9265951669787644
vn 0.3534642390599586 -0.3678335535491763 -0.8600938952167663
vn -0.09242728394180942 -0.2564316147375151 -0.9621330594809903
vn 0.3534642390599586 -0.3678335535491763 -0.8600938952167663
vn -0.11118336560494937 -0.4234486329867559 -0.8990714734849526
vn 0.3800672774963886 -0.13634674854778586 -0.9148543210462144
vn -0.12891543832391444 -0.48920065331557555 -0.8625911723159281
vn -0.22764656245250767 -0.32670499633717576 -0.9173008710188183
vn -0.12891543832391444 -0.48920065331557555 -0.8625911723159281
vn 0.3800672774963886 -0.13634674854778586 -0.9148543210462144
vn 0.42439990332624267 -0.2882661694612246 -0.8583631734882553
vn -0.4754662679638109 -0.3163537125437357 -0.8208849837756573
vn -0.024940218889944243 -0.006883590788746197 -0.9996652447992652
vn -0.2276253831528934 -0.3266746010484073 -0.917316951753516
vn 0.3800717702202125 -0.13626163613900927 -0.9148651354152667
vn 0.01669845979627179 0.006884083867301677 -0.9998368721095158
vn 0.5231520834531805 0.04716391379789255 -0.8509332892852771
vn 0.24151114372883978 0.130488581825254 -0.9615846803417895
vn -0.016592802706599623 -0.006884095977905548 -0.9998386310404829
vn 0 0 -1
vn -0.03369320382874087 -0.3127532556549532 -0.9492366243950885
vn 0.3070888151677185 0.04796834813440191 -0.9504711974468998
vn 0.27453738994160487 -0.13028147665956868 -0.952709797558235
vn 0.30709009179931673 0.04788180368140068 -0.9504751487518771
vn -0.03369320382874087 -0.3127532556549532 -0.9492366243950885
vn -0.016592802706599623 -0.006884095977905548 -0.9998386310404829
vn 0.30709009179931673 0.04788180368140068 -0.9504751487518771
vn -0.016592802706599623 -0.006884095977905548 -0.9998386310404829
vn 0.24151114372883978 0.130488581825254 -0.9615846803417895
vn 0 0 -1
vn 0.016592802706599623 0.006884095977905548 -0.9998386310404829
vn -0.024940218889944243 -0.006883590788746197 -0.9996652447992652
vn 0.016592802706599623 0.006884095977905548 -0.9998386310404829
vn 0 0 -1
vn 0 0 -1
vn -0.024940218889944243 -0.006883590788746197 -0.9996652447992652
vn 0.016592802706599623 0.006884095977905548 -0.9998386310404829
vn 0.3800717702202125 -0.13626163613900927 -0.9148651354152667
vn -0.024940218889944243 -0.006883590788746197 -0.9996652447992652
vn 0.3800717702202125 -0.13626163613900927 -0.9148651354152667
vn -0.2276253831528934 -0.3266746010484073 -0.917316951753516
vn 0.3235974280484123 -0.1915883636655636 -0.9265951669787644
vn -0.07459719540633866 -0.020473182635697636 -0.9970035643016898
vn 0 0 -1
vn -0.0924293690885013 -0.2563494095653478 -0.9621547650692166
vn -0.07459719540633866 -0.020473182635697636 -0.9970035643016898
vn 0.3235974280484123 -0.1915883636655636 -0.9265951669787644
vn -0.07459719540633866 -0.020473182635697636 -0.9970035643016898
vn -0.0924293690885013 -0.2563494095653478 -0.9621547650692166
vn -0.23398910494385727 -0.17223847969224654 -0.9568610164913586
vn 0 0 -1
vn 0.024940218889944243 0.006883590788746197 -0.9996652447992652
vn 0.3235974280484123 -0.1915883636655636 -0.9265951669787644
vn 0.024940218889944243 0.006883590788746197 -0.9996652447992652
vn 0 0 -1
vn 0 0 -1
vn 0.32369205682594326 -0.19158180965438573 -0.9265634692547193
vn 0.024940233754279787 0.0067964609226179255 -0.9996658405983516
vn 0.5415100426403605 -0.0608647210062079 -0.838488139126888
vn -0.03369227155686699 -0.3128330611533535 -0.9492103595551202
vn -0.18336298888308697 -0.5689341629635429 -0.801680692371242
vn -0.2538038041688318 -0.3419361062971444 -0.9048001592615781
vn -0.18336298888308697 -0.5689341629635429 -0.801680692371242
vn -0.03369227155686699 -0.3128330611533535 -0.9492103595551202
vn 0.08609224856865173 -0.4683358491325382 -0.8793461532034457
vn -0.2539118398093134 -0.3418486976342584 -0.9048028766147966
vn -0.01669845979627179 -0.006884083867301677 -0.9998368721095158
vn -0.03380038644812495 -0.3127521231168247 -0.9492331870314459
vn 0.32369205682594326 -0.19158180965438573 -0.9265634692547193
vn 0.6504838108069079 -0.2512537742777834 -0.7167582247796612
vn 0.35358890757020384 -0.3678516994367602 -0.8600348897950579
vn 0.6504838108069079 -0.2512537742777834 -0.7167582247796612
vn 0.32369205682594326 -0.19158180965438573 -0.9265634692547193
vn 0.5415836347368175 -0.06086128883538565 -0.8384408566539163
vn 0.9348025636206275 -0.3551678012549879 0
vn 0.9804167039108936 -0.1969342192014861 0
vn 0.9348025636206275 -0.3551678012549879 0
vn 0.9803645599040237 -0.19719363499918025 0
vn 0.9042855957122261 -0.42692805176912935 0
vn 0.9804167039108936 -0.1969342192014861 0
vn 0.9804167039108936 -0.1969342192014861 0
vn 0.9348025636206275 -0.3551678012549879 0
vn 0.9803645599040237 -0.19719363499918025 0
vn 0.9348025636206275 -0.3551678012549879 0
vn 0.9803645599040237 -0.19719363499918025 0
vn 0.9803645599040237 -0.19719363499918025 0
vn 0.9348025636206275 -0.3551678012549879 0
vn 0.8551314997076939 -0.518411147842782 0
vn 0.9348025636206275 -0.3551678012549879 0
vn 0.8551314997076939 -0.518411147842782 0
vn 0.9348025636206275 -0.3551678012549879 0
vn 0.8551702996841938 -0.5183471409567593 0
vn 0.9803645599040237 -0.19719363499918025 0
vn 0.9348025636206275 -0.3551678012549879 0
vn 0.9347743884552155 -0.35524194950509114 0
vn 0.8551314997076939 -0.518411147842782 0
vn 0.9347743884552155 -0.35524194950509114 0
vn 0.9348025636206275 -0.3551678012549879 0
vn 0.9347743884552155 -0.35524194950509114 0
vn 0.8551314997076939 -0.518411147842782 0
vn 0.8551314997076939 -0.518411147842782 0
vn 0.9042855957122261 -0.42692805176912935 0
vn 0.9803806423255055 -0.1971136630308242 0
vn 0.9803806423255055 -0.1971136630308242 0
vn 0.9803806423255055 -0.1971136630308242 0
vn 0.9042855957122261 -0.42692805176912935 0
vn 0.9042855913163965 -0.4269280496937862 0.0000986012932121323
vn 0.7818418121423992 -0.6234768486366511 0
vn 0.8551029672356806 -0.5184582099115941 0
vn 0.7819278150157208 -0.6233689855171979 0
vn 0.8551029672356806 -0.5184582099115941 0
vn 0.7818418121423992 -0.6234768486366511 0
vn 0.8551029672356806 -0.5184582099115941 0
vn 0.7818418121423992 -0.6234768486366511 0
vn 0.8551029672356806 -0.5184582099115941 0
vn 0.8551029672356806 -0.5184582099115941 0
vn 0.8551029672356806 -0.5184582099115941 0
vn 0.7818418121423992 -0.6234768486366511 0
vn 0.7818418121423992 -0.6234768486366511 0
vn 0.9042524186542953 -0.42699831774593333 0
vn 0.9803806423255055 -0.1971136630308242 0
vn 0.9042524186542953 -0.42699831774593333 0
vn 0 1 0
vn 0 1 0
vn 0 1 0
vn 0 1 0
vn 0 1 0
vn 0 1 0
vn 0 1 0
vn 0 1 0
vn 0 1 0
vn 0 1 0
vn 0 1 0
vn 0 1 0
vn 0 1 0
vn 0 1 0
vn 0 1 0
vn 0 1 0
vn 0 1 0
vn 0 1 0
vn 0 1 0
vn 0 1 0
vn 0 1 0
vn 0 1 0
vn 0 1 0
vn 0 1 0
vn 0 1 0
vn 0 1 0
vn 0 1 0
vn 0 1 0
vn 0 1 0
vn 0 1 0
vn 0 1 0
vn 0 1 0
vn 0 1 0
vn 0 1 0
vn 0 1 0
vn 0 1 0
vn 0 1 0
vn 0 1 0
vn 0 1 0
vn 0 1 0
vn 0 1 0
vn 0 1 0
vn 0 1 0
vn 0 1 0
vn 0 1 0
vn 0 1 0
vn 0 1 0
vn 0 1 0
vn 0 1 0
vn 0 1 0
vn 0 1 0
vn 0 1 0
vn 0 1 0
vn 0 1 0
vn 0 1 0
vn 0 1 0
vn 0 1 0
vn 0 1 0
vn 0 1 0
vn 0 1 0
vn 0 0 1
vn -0.1170583288655336 -0.08962879281416365 0.9890723063264304
vn -0.1000132298863211 -0.13740859063435673 0.985452298727638
vn -0.1170583288655336 -0.08962879281416365 0.9890723063264304
vn -0.24247144445009433 -0.19992188254307197 0.9493359992682882
vn -0.1000132298863211 -0.13740859063435673 0.985452298727638
vn -0.24247144445009433 -0.19992188254307197 0.9493359992682882
vn -0.15098541296544032 -0.23510889885006234 0.9601704071430063
vn -0.1000132298863211 -0.13740859063435673 0.985452298727638
vn -0.10001443003101985 -0.13732288251268623 0.9854641240166875
vn 0 0 1
vn 0 0 1
vn 0 0 1
vn 0 0 1
vn 0 0 1
vn 0 0 1
vn 0 0 1
vn 0 0 1
vn 0 0 1
vn 0 0 1
vn 0 0 1
vn 0 0 1
vn 0 0 1
vn 0 0 1
vn 0 0 1
vn 0 0 1
vn 0 0 1
vn 0 0 1
vn 0 0 1
vn 0 0 1
vn 0 0 1
vn 0 0 1
vn 0 0 1
vn 0 0 1
vn 0 0 1
vn 0 0 1
vn 0 0 1
vn 0 0 1
vn 0 0 1
vn 0 0 1
vn 0 0 1
vn 0 0 1
vn -0.09216909348734721 -0.23501347646795426 0.9676122798332847
vn -0.10893988061806618 -0.2280252449491065 0.9675415185286994
vn -0.16726666482064997 -0.19999755587451182 0.9654133003455037
vn -0.10893988061806618 -0.2280252449491065 0.9675415185286994
vn -0.18357796350598923 -0.19274747615456816 0.9639229957579797
vn -0.16726666482064997 -0.19999755587451182 0.9654133003455037
vn -0.16726666482064997 -0.19999755587451182 0.9654133003455037
vn -0.18357796350598923 -0.19274747615456816 0.9639229957579797
vn -0.23300942256632912 -0.1509578724047822 0.9606863847033158
vn -0.18357796350598923 -0.19274747615456816 0.9639229957579797
vn -0.24137375611656817 -0.13723795054649426 0.9606791632943734
vn -0.23300942256632912 -0.1509578724047822 0.9606863847033158
vn -0.24137375611656817 -0.13723795054649426 0.9606791632943734
vn -0.00836488040370573 -0.11000260015939452 0.9938960995667526
vn -0.2329870310282353 -0.15094336578563655 0.9606940947554281
vn -0.13297237654378055 -0.13015150684176155 0.9825369877735484
vn -0.00836488040370573 -0.11000260015939452 0.9938960995667526
vn -0.24137375611656817 -0.13723795054649426 0.9606791632943734
vn 0.01662769302301591 -0.11675177625941749 0.9930219245137558
vn -0.00836488040370573 -0.11000260015939452 0.9938960995667526
vn -0.13297237654378055 -0.13015150684176155 0.9825369877735484
vn 0.01662769302301591 -0.11675177625941749 0.9930219245137558
vn -0.13297237654378055 -0.13015150684176155 0.9825369877735484
vn 0.02503056995696049 -0.1515503732342132 0.9881325593968658
vn 0.18334604750726166 -0.10307575887304199 0.9776295897712034
vn 0.01662769302301591 -0.11675177625941749 0.9930219245137558
vn 0.02503056995696049 -0.1515503732342132 0.9881325593968658
vn 0.01662769302301591 -0.11675177625941749 0.9930219245137558
vn 0.18334604750726166 -0.10307575887304199 0.9776295897712034
vn -0.008259003285179197 -0.11000269697330406 0.9938969743003221
vn 0.18334604750726166 -0.10307575887304199 0.9776295897712034
vn 0.34657882193562417 -0.04764113837630584 0.9368102487269898
vn -0.008259003285179197 -0.11000269697330406 0.9938969743003221
vn -0.008259003285179197 -0.11000269697330406 0.9938969743003221
vn 0.34648639234199846 -0.04764287259709983 0.9368443502591683
vn 0.2324991117066681 -0.10951770853730436 0.966410903587262
vn 0.2324991117066681 -0.10951770853730436 0.966410903587262
vn 0.2324991117066681 -0.10951770853730436 0.966410903587262
vn -0.008259003285179197 -0.11000269697330406 0.9938969743003221
vn 0.2332459924294767 -0.14428009697072217 0.9616545952854941
vn 0.2324991117066681 -0.10951770853730436 0.966410903587262
vn 0.2324991117066681 -0.10951770853730436 0.966410903587262
vn 0.2324991117066681 -0.10951770853730436 0.966410903587262
vn 0.2332459924294767 -0.14428009697072217 0.9616545952854941
vn 0.22534837559736684 -0.14456236763415403 0.9634935554946051
vn 0.20873397964414944 -0.1652939205141251 0.9639025083393993
vn 0.22534837559736684 -0.14456236763415403 0.9634935554946051
vn 0.2332459924294767 -0.14428009697072217 0.9616545952854941
vn 0.22534837559736684 -0.14456236763415403 0.9634935554946051
vn 0.20873397964414944 -0.1652939205141251 0.9639025083393993
vn 0.20873397964414944 -0.1652939205141251 0.9639025083393993
vn -0.15098541296544032 -0.23510889885006234 0.9601704071430063
vn -0.10893988061806618 -0.2280252449491065 0.9675415185286994
vn -0.09216909348734721 -0.23501347646795426 0.9676122798332847
vn -0.15098541296544032 -0.23510889885006234 0.9601704071430063
vn -0.09216909348734721 -0.23501347646795426 0.9676122798332847
vn -0.1000132298863211 -0.13740859063435673 0.985452298727638
vn 0 0 1
vn 0 0 1
vn 0 0 1
vn 0 0 1
vn 0 0 1
vn 0 0 1
vn 0 0 1
vn 0 0 1
vn 0 0 1
vn 0 0 1
vn 0 0 1
vn 0 0 1
vn 0 0 1
vn 0 0 1
vn 0 0 1
vn 0 0 1
vn 0 0 1
vn 0 0 1
vn 0 0 1
vn 0 0 1
vn 0 0 1
vn 0 0 1
vn 0 0 1
vn 0 0 1
vn 0 0 1
vn 0 0 1
vn 0 0 1
vn -0.9497923606509712 -0.3052769884429031 0.06855969644249688
vn -1 0 0
vn -0.8655102937373003 -0.5008911373090685 0
vn -1 0 0
vn -0.9497923606509712 -0.3052769884429031 0.06855969644249688
vn -1 0 0
vn -0.885755677207899 -0.46415178583516836 0
vn -0.6741450769137198 -0.738598954286421 0
vn -0.6741450769137198 -0.738598954286421 0
vn -0.6741450769137198 -0.738598954286421 0
vn -0.885755677207899 -0.46415178583516836 0
vn -0.885755677207899 -0.46415178583516836 0
vn -0.7715560968495523 -0.6361612919804884 0
vn -0.885755677207899 -0.46415178583516836 0
vn -0.885755677207899 -0.46415178583516836 0
vn -0.885755677207899 -0.46415178583516836 0
vn -0.7715560968495523 -0.6361612919804884 0
vn -0.7715560968495523 -0.6361612919804884 0
vn -1 0 0
vn -0.9497923606509712 -0.3052769884429031 -0.06855969644249688
vn -0.8655102937373003 -0.5008911373090685 0
vn -0.9497923606509712 -0.3052769884429031 -0.06855969644249688
vn -1 0 0
vn -1 0 0
vn -0.6741450769137198 -0.738598954286421 0
vn -0.885755677207899 -0.46415178583516836 0
vn -0.6741450769137198 -0.738598954286421 0
vn -0.885733074250904 -0.4641949172255575 0
vn -0.885755677207899 -0.46415178583516836 0
vn -0.6741450769137198 -0.738598954286421 0
vn -0.885733074250904 -0.4641949172255575 0
vn -0.7715560968495523 -0.6361612919804884 0
vn -0.885755677207899 -0.46415178583516836 0
vn -0.7715560968495523 -0.6361612919804884 0
vn -0.7715560968495523 -0.6361612919804884 0
vn -0.885733074250904 -0.4641949172255575 0
vn 0.9042334141818834 -0.4270385611124297 0
vn 0.16148067198161395 -0.986875874959139 0
vn 0.15225311981305686 -0.9883415338369581 0
vn 0.16148067198161395 -0.986875874959139 0
vn 0.9042334141818834 -0.4270385611124297 0
vn 0.9042334141818834 -0.4270385611124297 0
vn 0.9042334141818834 -0.4270385611124297 0
vn 0.9042334141818834 -0.4270385611124297 0
vn 0.16148067198161395 -0.986875874959139 0
vn 0.16148067198161395 -0.986875874959139 0
vn 0.9042334141818834 -0.4270385611124297 0
vn 0.15225311981305686 -0.9883415338369581 0
vn 0.15225311981305686 -0.9883415338369581 0
vn -0.7715560968495523 -0.6361612919804884 0
vn -0.7715560968495523 -0.6361612919804884 0
vn -0.7715560968495523 -0.6361612919804884 0
vn 0.15225311981305686 -0.9883415338369581 0
vn 0.16148067198161395 -0.986875874959139 0
vn 0.16148067198161395 -0.986875874959139 0
vn 0.15225311981305686 -0.9883415338369581 0
vn -0.7715560968495523 -0.6361612919804884 0
vn -0.7715560968495523 -0.6361612919804884 0
vn 0.15225311981305686 -0.9883415338369581 0
vn -0.7715560968495523 -0.6361612919804884 0
vn -0.8655102937373003 -0.5008911373090685 0
vn -0.45286234871941566 -0.8915804467978952 0
vn -0.45084242907112654 -0.8874519671783881 0.09576069183363063
vn -0.8655102937373003 -0.5008911373090685 0
vn -0.45084242907112654 -0.8874519671783881 0.09576069183363063
vn -0.9497923606509712 -0.3052769884429031 0.06855969644249688
vn -0.45074908203022573 -0.8874988373494577 -0.09576574936933283
vn -0.4168581233289473 -0.9089715644697959 0
vn -0.41689495300406487 -0.9089546733252096 0
vn -0.45074908203022573 -0.8874988373494577 -0.09576574936933283
vn -0.41689495300406487 -0.9089546733252096 0
vn -0.45286234871941566 -0.8915804467978952 0
vn -0.674037888782681 -0.7386967743840406 0
vn -0.41689495300406487 -0.9089546733252096 0
vn -0.4168581233289473 -0.9089715644697959 0
vn -0.41689495300406487 -0.9089546733252096 0
vn -0.674037888782681 -0.7386967743840406 0
vn -0.674037888782681 -0.7386967743840406 0
vn -0.45084242907112654 -0.8874519671783881 -0.09576069183363063
vn -0.45286234871941566 -0.8915804467978952 0
vn -0.8655102937373003 -0.5008911373090685 0
vn -0.9497923606509712 -0.3052769884429031 -0.06855969644249688
vn -0.45084242907112654 -0.8874519671783881 -0.09576069183363063
vn -0.8655102937373003 -0.5008911373090685 0
vn -0.674037888782681 -0.7386967743840406 0
vn -0.674037888782681 -0.7386967743840406 0
vn -0.41699231436630424 -0.9089100119150593 0
vn -0.41699231436630424 -0.9089100119150593 0
vn -0.674037888782681 -0.7386967743840406 0
vn -0.41689495300406487 -0.9089546733252096 0
vn -0.4168581233289473 -0.9089715644697959 0
vn -0.45074908203022573 -0.8874988373494577 0.09576574936933283
vn -0.4168581233289473 -0.9089715644697959 0
vn -0.45286234871941566 -0.8915804467978952 0
vn -0.4168581233289473 -0.9089715644697959 0
vn -0.45074908203022573 -0.8874988373494577 0.09576574936933283
vn 0 0 -1
vn -0.1000132298863211 -0.13740859063435673 -0.985452298727638
vn -0.1170583288655336 -0.08962879281416365 -0.9890723063264304
vn -0.1170583288655336 -0.08962879281416365 -0.9890723063264304
vn -0.1000132298863211 -0.13740859063435673 -0.985452298727638
vn -0.24247144445009433 -0.19992188254307197 -0.9493359992682882
vn -0.24247144445009433 -0.19992188254307197 -0.9493359992682882
vn -0.1000132298863211 -0.13740859063435673 -0.985452298727638
vn -0.15098541296544032 -0.23510889885006234 -0.9601704071430063
vn 0 0 -1
vn 0 0 -1
vn 0 0 -1
vn 0 0 -1
vn -0.0999095388840733 -0.13732433690103343 -0.9854745610794139
vn 0 0 -1
vn 0 0 -1
vn 0 0 -1
vn 0 0 -1
vn 0 0 -1
vn 0 0 -1
vn 0 0 -1
vn 0 0 -1
vn 0 0 -1
vn 0 0 -1
vn 0 0 -1
vn 0 0 -1
vn 0 0 -1
vn 0 0 -1
vn 0 0 -1
vn 0 0 -1
vn 0 0 -1
vn 0 0 -1
vn 0 0 -1
vn 0 0 -1
vn 0 0 -1
vn 0 0 -1
vn 0 0 -1
vn 0 0 -1
vn 0 0 -1
vn 0 0 -1
vn 0 0 -1
vn 0 0 -1
vn -0.16726666482064997 -0.19999755587451182 -0.9654133003455037
vn -0.10893988061806618 -0.2280252449491065 -0.9675415185286994
vn -0.09216909348734721 -0.23501347646795426 -0.9676122798332847
vn -0.16726666482064997 -0.19999755587451182 -0.9654133003455037
vn -0.18369827158363392 -0.1927623682603494 -0.963897097412295
vn -0.10893988061806618 -0.2280252449491065 -0.9675415185286994
vn -0.18369827158363392 -0.1927623682603494 -0.963897097412295
vn -0.16726666482064997 -0.19999755587451182 -0.9654133003455037
vn -0.23300942256632912 -0.1509578724047822 -0.9606863847033158
vn -0.23300942256632912 -0.1509578724047822 -0.9606863847033158
vn -0.24137375611656817 -0.13723795054649426 -0.9606791632943734
vn -0.18369827158363392 -0.1927623682603494 -0.963897097412295
vn -0.00836488040370573 -0.11000260015939452 -0.9938960995667526
vn -0.24137375611656817 -0.13723795054649426 -0.9606791632943734
vn -0.2329870310282353 -0.15094336578563655 -0.9606940947554281
vn -0.00836488040370573 -0.11000260015939452 -0.9938960995667526
vn -0.13297237654378055 -0.13015150684176155 -0.9825369877735484
vn -0.24137375611656817 -0.13723795054649426 -0.9606791632943734
vn 0.01662769302301591 -0.11675177625941749 -0.9930219245137558
vn -0.13297237654378055 -0.13015150684176155 -0.9825369877735484
vn -0.00836488040370573 -0.11000260015939452 -0.9938960995667526
vn 0.01662769302301591 -0.11675177625941749 -0.9930219245137558
vn 0.02503056995696049 -0.1515503732342132 -0.9881325593968658
vn -0.13297237654378055 -0.13015150684176155 -0.9825369877735484
vn 0.18334604750726166 -0.10307575887304199 -0.9776295897712034
vn 0.02503056995696049 -0.1515503732342132 -0.9881325593968658
vn 0.01662769302301591 -0.11675177625941749 -0.9930219245137558
vn 0.01662769302301591 -0.11675177625941749 -0.9930219245137558
vn -0.008259003285179197 -0.11000269697330406 -0.9938969743003221
vn 0.18334604750726166 -0.10307575887304199 -0.9776295897712034
vn 0.18334604750726166 -0.10307575887304199 -0.9776295897712034
vn -0.008259003285179197 -0.11000269697330406 -0.9938969743003221
vn 0.34657882193562417 -0.04764113837630584 -0.9368102487269898
vn 0.34648639234199846 -0.04764287259709983 -0.9368443502591683
vn -0.008259003285179197 -0.11000269697330406 -0.9938969743003221
vn 0.2324991117066681 -0.10951770853730436 -0.966410903587262
vn 0.23249689410735708 -0.10960372159292985 -0.966401685865361
vn 0.2324991117066681 -0.10951770853730436 -0.966410903587262
vn -0.008259003285179197 -0.11000269697330406 -0.9938969743003221
vn 0.2324991117066681 -0.10951770853730436 -0.966410903587262
vn 0.2332459924294767 -0.14428009697072217 -0.9616545952854941
vn 0.2324991117066681 -0.10951770853730436 -0.966410903587262
vn 0.2332459924294767 -0.14428009697072217 -0.9616545952854941
vn 0.2324991117066681 -0.10951770853730436 -0.966410903587262
vn 0.2253512152483572 -0.1444769959029737 -0.9635056966312865
vn 0.2253512152483572 -0.1444769959029737 -0.9635056966312865
vn 0.20873397964414944 -0.1652939205141251 -0.9639025083393993
vn 0.2332459924294767 -0.14428009697072217 -0.9616545952854941
vn 0.20873397964414944 -0.1652939205141251 -0.9639025083393993
vn 0.2253512152483572 -0.1444769959029737 -0.9635056966312865
vn 0.20873397964414944 -0.1652939205141251 -0.9639025083393993
vn -0.15098541296544032 -0.23510889885006234 -0.9601704071430063
vn -0.09216909348734721 -0.23501347646795426 -0.9676122798332847
vn -0.10893988061806618 -0.2280252449491065 -0.9675415185286994
vn -0.09216909348734721 -0.23501347646795426 -0.9676122798332847
vn -0.15098541296544032 -0.23510889885006234 -0.9601704071430063
vn -0.1000132298863211 -0.13740859063435673 -0.985452298727638
vn 0.43091782278258395 -0.5471353873558229 -0.717602047036734
vn 0.9368507769298174 -0.33294804978018855 -0.10703372325377941
vn 0.361549126827126 -0.917331570619889 -0.16668838722175652
vn 0.43091782278258395 -0.5471353873558229 -0.717602047036734
vn 0.5997448630615867 0.18968299359538338 -0.7773843715768489
vn 0.9368507769298174 -0.33294804978018855 -0.10703372325377941
vn 0.9368507769298174 -0.33294804978018855 -0.10703372325377941
vn 0.5997448630615867 0.18968299359538338 -0.7773843715768489
vn 0.8638715708197269 0.2395940618690529 -0.44308079923028254
vn 0.5997448630615867 0.18968299359538338 -0.7773843715768489
vn 0.42663257006393424 0.3172996642902522 -0.8469389430188787
vn 0.8638715708197269 0.2395940618690529 -0.44308079923028254
vn 0.42663257006393424 0.3172996642902522 0.8469389430188787
vn 0.5997448630615867 0.18968299359538338 0.7773843715768489
vn 0.8638715708197269 0.2395940618690529 0.44308079923028254
vn 0.9368507769298174 -0.33294804978018855 0.10703372325377941
vn 0.8638715708197269 0.2395940618690529 0.44308079923028254
vn 0.5997448630615867 0.18968299359538338 0.7773843715768489
vn 0.5997448630615867 0.18968299359538338 0.7773843715768489
vn 0.4309391178706986 -0.5470720991571708 0.7176375094799541
vn 0.9368507769298174 -0.33294804978018855 0.10703372325377941
vn 0.4309391178706986 -0.5470720991571708 0.7176375094799541
vn 0.36151677161667395 -0.9173470325743011 0.16667347019541545
vn 0.9368507769298174 -0.33294804978018855 0.10703372325377941
vn 0.3107215323441289 -0.5124807993997679 -0.8005095624564963
vn 0.8417057657761893 -0.30692098434102094 -0.4442194426522299
vn -0.009407266459563884 -0.9765175940465123 -0.21523218127261984
vn 0.8417057657761893 -0.30692098434102094 -0.4442194426522299
vn 0.3107215323441289 -0.5124807993997679 -0.8005095624564963
vn 0.7921522707673178 -0.15996552308684972 -0.5889871062610224
vn 0.9830989730555413 -0.18307487314522497 0
vn 0.3907786867698347 -0.9204846647100883 0
vn 0.3907786867698347 -0.9204846647100883 0
vn 0.3907786867698347 -0.9204846647100883 0
vn 0.9830989730555413 -0.18307487314522497 0
vn 0.9830989551721646 -0.18307486981494286 0.00019073971806608697
vn 0.9896392359688838 0.14357639997897947 0
vn 0.9830989551721646 -0.18307486981494286 0.00019073971806608697
vn 0.9830989730555413 -0.18307487314522497 0
vn 0.9896392359688838 0.14357639997897947 0
vn 0.9896392359688838 0.14357639997897947 0
vn 0.9830989551721646 -0.18307486981494286 0.00019073971806608697
vn 0.401030642178023 -0.7275007180386031 0.556702011212102
vn 0.8636579187037978 -0.4136917746371167 0.2880175603289098
vn 0.3661094670074575 -0.17836997506723434 0.9133170370479408
vn 0.8636579187037978 -0.4136917746371167 0.2880175603289098
vn 0.401030642178023 -0.7275007180386031 0.556702011212102
vn 0.8228681449058965 -0.5538269834386528 0.12713649560362525
vn 0.26753927028232904 0.4981779330119885 0.8247675344705936
vn 0.8096905130405304 0.41553250993989005 0.4144080190768726
vn 0.43268011254969524 0.8654366137148853 0.2526012427635609
vn 0.8096905130405304 0.41553250993989005 0.4144080190768726
vn 0.26753927028232904 0.4981779330119885 0.8247675344705936
vn 0.6379821702324456 0.2024106286115783 0.7429728715710718
vn 0.43268011254969524 0.8654366137148853 0.2526012427635609
vn 0.874654701119718 0.42858124819464916 0.2264890008479297
vn 0.4312171393151809 0.7556055938627235 -0.49306385517921797
vn 0.874654701119718 0.42858124819464916 0.2264890008479297
vn 0.43268011254969524 0.8654366137148853 0.2526012427635609
vn 0.809694704165979 0.41562120884801973 0.4143108697599887
vn 0.8361237554496646 0.37174288010543943 0.403366206645602
vn 0.41995365667386997 0.8355900036408793 0.35415854085660653
vn 0.7472238219746802 0.35882967011754896 0.5593727091277179
vn 0.41995365667386997 0.8355900036408793 0.35415854085660653
vn 0.8361237554496646 0.37174288010543943 0.403366206645602
vn 0.48733420560915974 0.7961653670299496 -0.35864478301706126
vn 0.6857991370081566 0.18845591930320982 0.7029679296799035
vn 0.5606109841930745 0.8273741028361595 0.0341675044176887
vn 0.5915641175675876 0.18282205045204308 0.7852566412804111
vn 0.6557609393095883 -0.7379723735195316 0.15929333444232807
vn 0.5021861051160369 -0.1628611565031184 0.8492852050582607
vn 0.5664541015991716 -0.8080891491997397 0.1616220211701253
vn -0.6321544317034604 0.4725206300820652 -0.614088779106509
vn -0.34286699128661524 0.9090813321113416 0.2366714133408021
vn -0.3149089493672928 0.5985537477214529 -0.7365906357652064
vn -0.34286699128661524 0.9090813321113416 0.2366714133408021
vn -0.6321544317034604 0.4725206300820652 -0.614088779106509
vn -0.6628324984127828 0.7213763959961937 0.20067180755504951
vn -0.6137467052313745 0.1888970193900122 0.766572173955722
vn -0.34272331179447707 0.9091109986707275 0.2367655457378419
vn -0.6628324984127828 0.7213763959961937 0.20067180755504951
vn -0.34272331179447707 0.9091109986707275 0.2367655457378419
vn -0.6137467052313745 0.1888970193900122 0.766572173955722
vn -0.30118098240122854 0.22760568729985137 0.9260052197199502
vn 0.35440285033835955 0.3618400544488593 -0.8622472932218997
vn 0.4865878857170267 0.6018910894474433 -0.6332135073710948
vn 0.49169730322940136 0.5761083144453273 -0.6529417830280875
vn 0.4865878857170267 0.6018910894474433 -0.6332135073710948
vn 0.35440285033835955 0.3618400544488593 -0.8622472932218997
vn 0.35405248442534204 0.38235097999063006 -0.8534954987417612
vn 0.35405248442534204 0.38235097999063006 -0.8534954987417612
vn 0.23981248067688765 0.8671464539245616 -0.4365168972189456
vn 0.4865878857170267 0.6018910894474433 -0.6332135073710948
vn 0.23981248067688765 0.8671464539245616 -0.4365168972189456
vn 0.35405248442534204 0.38235097999063006 -0.8534954987417612
vn 0.2420244695035503 0.5345924381079951 -0.809712962276926
vn 0.2420244695035503 0.5345924381079951 -0.809712962276926
vn 0.05321863978772172 0.6725423373249907 -0.7381426561882081
vn 0.23981248067688765 0.8671464539245616 -0.4365168972189456
vn 0.07609237538574866 0.9969382841976132 0.018000219700692696
vn 0.23981248067688765 0.8671464539245616 -0.4365168972189456
vn 0.05321863978772172 0.6725423373249907 -0.7381426561882081
vn 0.23981248067688765 0.8671464539245616 -0.4365168972189456
vn 0.07609237538574866 0.9969382841976132 0.018000219700692696
vn 0.14037147846003092 0.917677542940384 0.37170388109064045
vn 0.14037147846003092 0.917677542940384 0.37170388109064045
vn 0.07609237538574866 0.9969382841976132 0.018000219700692696
vn 0.04426522684801896 0.6268319694149829 0.7778960546316117
vn 0.14037147846003092 0.917677542940384 0.37170388109064045
vn 0.04426522684801896 0.6268319694149829 0.7778960546316117
vn 0.25174221212271736 0.5370209149376962 0.8051300488461727
vn 0.35405248442534204 0.38235097999063006 0.8534954987417612
vn 0.48703086628078174 0.6095448178850904 0.6255046364969833
vn 0.2518364612117095 0.5368963966266409 0.805183616384295
vn 0.48703086628078174 0.6095448178850904 0.6255046364969833
vn 0.35405248442534204 0.38235097999063006 0.8534954987417612
vn 0.4865878857170267 0.6018910894474433 0.6332135073710948
vn 0.3544141825956983 0.3617632455979874 0.8622748641294335
vn 0.4865878857170267 0.6018910894474433 0.6332135073710948
vn 0.35405248442534204 0.38235097999063006 0.8534954987417612
vn 0.4865878857170267 0.6018910894474433 0.6332135073710948
vn 0.3544141825956983 0.3617632455979874 0.8622748641294335
vn 0.49169730322940136 0.5761083144453273 0.6529417830280875
vn -0.5185061644293701 0.7738889194841854 -0.36365821556558153
vn -0.7060054088576674 0.7043070651187243 0.07421536692334776
vn -0.7230991655168915 0.6823822971483242 0.10715408236437574
vn -0.7060054088576674 0.7043070651187243 0.07421536692334776
vn -0.5185061644293701 0.7738889194841854 -0.36365821556558153
vn -0.6568610950080072 0.541593287329688 -0.5246048160132577
vn -0.6400010091538952 0.7549609111743292 0.14294310364904722
vn -0.38903297020314825 0.775936236392133 -0.4965645025054935
vn -0.6691479304425844 0.6663702619950576 -0.3289250995485816
vn -0.6690868744018835 0.6664195568762086 -0.32894943185242914
vn -0.389061488545754 0.7758986407702004 -0.4966009035246691
vn -0.5919598556528952 0.3505983865057551 -0.7257164051301065
vn -0.5592998516829605 0.8032672173330634 -0.20480589216478978
vn -0.7852766533140105 0.5639118962369215 -0.25562462917807205
vn -0.7338518360718975 0.6335687416864524 0.24505536568651187
vn -0.7338518360718975 0.6335687416864524 0.24505536568651187
vn -0.7852766533140105 0.5639118962369215 -0.25562462917807205
vn -0.7338518360718975 0.6335687416864524 0.24505536568651187
vn -0.20019287768427002 0.5670370683331238 -0.7989942270509011
vn -0.3906213041645348 0.2672584669284638 -0.8809017587607856
vn -0.3890405398320465 0.7758568631104471 -0.49668258106320456
vn -0.3890405398320465 0.7758568631104471 -0.49668258106320456
vn -0.3906213041645348 0.2672584669284638 -0.8809017587607856
vn -0.5918911517934078 0.3506203352410838 -0.7257618376189968
vn -0.31681366256294263 0.46587222450601296 -0.8261913662386415
vn -0.5721407447553652 0.11456662113513205 -0.812114189946497
vn -0.518485835872427 0.7738585783888491 -0.3637517541588773
vn -0.518485835872427 0.7738585783888491 -0.3637517541588773
vn -0.5721407447553652 0.11456662113513205 -0.812114189946497
vn -0.6567995750290025 0.5416317793901557 -0.5246421006709003
vn -0.40764982868081184 0.44815240740648765 -0.7956010538657388
vn -0.6945765984485264 0.3681643186943912 -0.6180763571986632
vn -0.5592088149838909 0.8033008053577416 -0.20492271068848408
vn -0.5592088149838909 0.8033008053577416 -0.20492271068848408
vn -0.6945765984485264 0.3681643186943912 -0.6180763571986632
vn -0.7852169318873977 0.5639577251305027 -0.2557069692890092
vn -0.34286699128661524 0.9090813321113416 0.2366714133408021
vn -0.13350357902065127 0.9908834136243386 -0.018079131418691316
vn -0.3148089643195568 0.5985746648806116 -0.7366163767844913
vn -0.6332815679971618 0.7722617079259537 -0.05065876139766034
vn -0.39025448136899027 0.6947403123223039 0.6041831992084253
vn -0.3267165510294533 0.9391618571749748 -0.10597783405538647
vn -0.39025448136899027 0.6947403123223039 0.6041831992084253
vn -0.6332815679971618 0.7722617079259537 -0.05065876139766034
vn -0.5587393504418706 0.5529181896586299 0.6181357567819709
vn -0.13350357902065127 0.9908834136243386 -0.018079131418691316
vn -0.008245849954313458 0.0479405770354906 -0.9988161527688842
vn -0.11271014323648461 0.5080433716334356 -0.8539252637970971
vn -0.5013717002863508 0.5844192647880934 -0.6380286365803012
vn -0.3267126494372481 0.9391506418674863 -0.10608919161527426
vn -0.23643073332857642 0.5919690499687459 -0.7705018833311258
vn -0.3267126494372481 0.9391506418674863 -0.10608919161527426
vn -0.5013717002863508 0.5844192647880934 -0.6380286365803012
vn -0.6332815679971618 0.7722617079259537 -0.05065876139766034
vn -0.4424109458913871 0.8966427998967337 -0.017442601550059618
vn -0.0615573501458065 0.6306019938652216 0.7736613070176339
vn -0.0666546630830175 0.9977360125269968 -0.008944562371521657
vn -0.0615573501458065 0.6306019938652216 0.7736613070176339
vn -0.4424109458913871 0.8966427998967337 -0.017442601550059618
vn -0.4655948870359903 0.6519163886529362 0.5985201946230865
vn -0.13350357902065127 0.9908834136243386 -0.018079131418691316
vn -0.1128186014594192 0.5080370781613975 -0.8539146856554061
vn -0.3149089493672928 0.5985537477214529 -0.7365906357652064
vn -0.13350357902065127 0.9908834136243386 -0.018079131418691316
vn -0.34286699128661524 0.9090813321113416 0.2366714133408021
vn -0.30118697646226744 0.22752276107221772 0.9260236489440171
vn -0.30118697646226744 0.22752276107221772 0.9260236489440171
vn 0.05348549134084299 0.676692767769578 0.7343202300525136
vn -0.13350357902065127 0.9908834136243386 -0.018079131418691316
vn 0.05348549134084299 0.676692767769578 0.7343202300525136
vn 0.36604600611691335 0.8601861008257555 0.3550918097507178
vn -0.13350357902065127 0.9908834136243386 -0.018079131418691316
vn 0.587391647647341 0.6795094125838732 -0.4395884558130041
vn 0.47669955358838717 0.854075357144704 0.20811732250530965
vn 0.587391647647341 0.6795094125838732 -0.4395884558130041
vn 0.47669955358838717 0.854075357144704 0.20811732250530965
vn 0.587391647647341 0.6795094125838732 -0.4395884558130041
vn 0.475771674479706 0.8525288250225361 0.21641607211219438
vn -0.0666546630830175 0.9977360125269968 -0.008944562371521657
vn -0.0615573501458065 0.6306019938652216 0.7736613070176339
vn -0.01760972978952128 0.6317380927094167 0.7749818576177177
vn 0.07609237538574866 0.9969382841976132 0.018000219700692696
vn -0.01760972978952128 0.6317380927094167 0.7749818576177177
vn 0.04415337984200948 0.6268350749747554 0.7778999086193028
vn -0.009581488632928778 0.999912994938544 0.009066290785539569
vn -0.0666546630830175 0.9977360125269968 -0.008944562371521657
vn -0.01760972978952128 0.6317380927094167 0.7749818576177177
vn -0.01760972978952128 0.6317380927094167 0.7749818576177177
vn 0.07609237538574866 0.9969382841976132 0.018000219700692696
vn -0.009581488632928778 0.999912994938544 0.009066290785539569
vn -0.062030725165651925 0.6431163886296495 -0.7632519242107295
vn -0.0666546630830175 0.9977360125269968 -0.008944562371521657
vn -0.009581488632928778 0.999912994938544 0.009066290785539569
vn 0.05321863978772172 0.6725423373249907 -0.7381426561882081
vn -0.009581488632928778 0.999912994938544 0.009066290785539569
vn 0.07609237538574866 0.9969382841976132 0.018000219700692696
vn 0 0.6528277549582918 -0.757506384366572
vn -0.062030725165651925 0.6431163886296495 -0.7632519242107295
vn -0.009581488632928778 0.999912994938544 0.009066290785539569
vn -0.009581488632928778 0.999912994938544 0.009066290785539569
vn 0.05321863978772172 0.6725423373249907 -0.7381426561882081
vn 0 0.6528277549582918 -0.757506384366572
vn 0.475760360550452 0.852508551745814 0.2165207808252109
vn 0.31970737039264663 0.505842462326048 0.8011932355084757
vn 0.4765989170942844 0.8541030891004833 0.2082339679628832
vn 0.31970737039264663 0.505842462326048 0.8011932355084757
vn 0.475760360550452 0.852508551745814 0.2165207808252109
vn 0.3187753625656002 0.49721794079956216 0.8069427411955654
vn -0.36888218673802275 0.6228876252623333 -0.689881829447932
vn -0.06665459427678487 0.997734982584709 -0.009059226704727884
vn -0.06203576056464544 0.6431685941714576 -0.7632075234709608
vn -0.06665459427678487 0.997734982584709 -0.009059226704727884
vn -0.36888218673802275 0.6228876252623333 -0.689881829447932
vn -0.4423165192193677 0.8966893669906995 -0.017443507430601437
vn 0.419937339581624 0.8355575372033271 0.35425447470401605
vn 0.12332858602038521 0.9776022760551496 0.17053987721938624
vn -0.07090216157352085 0.6427825956086503 0.7627603937455122
vn -0.07090216157352085 0.6427825956086503 0.7627603937455122
vn 0.12332858602038521 0.9776022760551496 0.17053987721938624
vn -0.07953642811140225 0.6339626662507939 0.7692628253097015
vn 0.3920580819291742 0.7126234994018281 0.5817716119701182
vn 0.1495675431369398 0.932971631112954 0.3274041624329385
vn -0.12410299357077245 0.6724217878883965 0.7296899246664608
vn -0.10674894289373385 0.6899285074697946 0.7159632097891425
vn -0.12410299357077245 0.6724217878883965 0.7296899246664608
vn 0.1495675431369398 0.932971631112954 0.3274041624329385
vn 0.43268011254969524 0.8654366137148853 0.2526012427635609
vn 0.12332706938707921 0.9854808644348516 0.1166957573741753
vn 0.2675512919539374 0.4981101149608227 0.8248045947662361
vn 0.2675512919539374 0.4981101149608227 0.8248045947662361
vn 0.12332706938707921 0.9854808644348516 0.1166957573741753
vn -0.02656086813524136 0.6272424821610112 0.7783709840791833
vn 0.2518530674637435 0.7490559051493892 -0.6127685398010675
vn 0.43281091171624647 0.8653687960606498 0.2526095039856836
vn 0.4312171393151809 0.7556055938627235 -0.49306385517921797
vn 0.43281091171624647 0.8653687960606498 0.2526095039856836
vn 0.2518530674637435 0.7490559051493892 -0.6127685398010675
vn 0.12332706938707921 0.9854808644348516 0.1166957573741753
vn 0.5605321081905896 0.8274274510653864 0.03416970750315093
vn 0.41491039565781124 0.8894039789977465 -0.19185912987933298
vn 0.3920580819291742 0.7126234994018281 0.5817716119701182
vn 0.3920580819291742 0.7126234994018281 0.5817716119701182
vn 0.41491039565781124 0.8894039789977465 -0.19185912987933298
vn 0.1495675431369398 0.932971631112954 0.3274041624329385
vn 0.48733420560915974 0.7961653670299496 -0.35864478301706126
vn 0.30829851924073065 0.7999938829391995 -0.5147444125911761
vn 0.42003278853382797 0.8355168696681277 0.35423723273601493
vn 0.42003278853382797 0.8355168696681277 0.35423723273601493
vn 0.30829851924073065 0.7999938829391995 -0.5147444125911761
vn 0.12332858602038521 0.9776022760551496 0.17053987721938624
vn 0.5327386219009251 0.7393860950269889 -0.41170106049880867
vn 0.5327620713338136 0.7394186404139784 -0.41161225632438114
vn 0.5605321081905896 0.8274274510653864 0.03416970750315093
vn 0.41490155479551083 0.8893850276815345 -0.19196607086718165
vn 0.5605321081905896 0.8274274510653864 0.03416970750315093
vn 0.5327620713338136 0.7394186404139784 -0.41161225632438114
vn 0.3932721863345263 0.7369623509214308 -0.5497485614169622
vn 0.3932721863345263 0.7369623509214308 -0.5497485614169622
vn 0.3932721863345263 0.7369623509214308 -0.5497485614169622
vn 0.04415337984200948 0.6268350749747554 0.7778999086193028
vn 0.16701221618810266 0.2065566800994633 0.9640753381091265
vn 0.2518364612117095 0.5368963966266409 0.805183616384295
vn 0.16701221618810266 0.2065566800994633 0.9640753381091265
vn 0.04415337984200948 0.6268350749747554 0.7778999086193028
vn 0.050542361259957695 0.29135817138520786 0.9552779101839087
vn 0.2518364612117095 0.5368963966266409 0.805183616384295
vn 0.16701221618810266 0.2065566800994633 0.9640753381091265
vn 0.35406447180923406 0.3822753655160288 0.8535243960907238
vn 0.16701221618810266 0.2065566800994633 0.9640753381091265
vn 0.2089796667616818 0.1586030558866809 0.9649728335780147
vn 0.35406447180923406 0.3822753655160288 0.8535243960907238
vn 0.3544141825956983 0.3617632455979874 0.8622748641294335
vn 0.35406447180923406 0.3822753655160288 0.8535243960907238
vn 0.2089796667616818 0.1586030558866809 0.9649728335780147
vn 0.2089796667616818 0.1586030558866809 0.9649728335780147
vn 0.19962350222420974 0.15089147901346006 0.9681850127536944
vn 0.3544141825956983 0.3617632455979874 0.8622748641294335
vn 0.21698000770244416 0.15822073532271083 0.96326832978739
vn 0.3544141825956983 0.3617632455979874 0.8622748641294335
vn 0.19962350222420974 0.15089147901346006 0.9681850127536944
vn 0.5792308875843014 0.49868329881256235 0.6448306338518068
vn 0.49169730322940136 0.5761083144453273 0.6529417830280875
vn 0.3544141825956983 0.3617632455979874 0.8622748641294335
vn 0.3544141825956983 0.3617632455979874 0.8622748641294335
vn 0.426596199801793 0.3172726146161829 0.8469673962610839
vn 0.5792308875843014 0.49868329881256235 0.6448306338518068
vn 0.3544141825956983 0.3617632455979874 0.8622748641294335
vn 0.21698000770244416 0.15822073532271083 0.96326832978739
vn 0.426596199801793 0.3172726146161829 0.8469673962610839
vn 0.8638455653537892 0.23961527473230768 0.4431200281340858
vn 0.5792308875843014 0.49868329881256235 0.6448306338518068
vn 0.426596199801793 0.3172726146161829 0.8469673962610839
vn 0.5996780711895714 0.1896948592893162 0.77743300116059
vn 0.426596199801793 0.3172726146161829 0.8469673962610839
vn 0.21698000770244416 0.15822073532271083 0.96326832978739
vn 0.21698000770244416 0.15822073532271083 0.96326832978739
vn 0.09183007411400008 -0.04809544504779615 0.994612520358492
vn 0.5996780711895714 0.1896948592893162 0.77743300116059
vn 0.09183007411400008 -0.04809544504779615 0.994612520358492
vn 0.43082855937885345 -0.5471612288598963 0.7176359397745281
vn 0.5996780711895714 0.1896948592893162 0.77743300116059
vn -0.23217040537553651 -0.6994754686389754 0.6758927219907347
vn 0.43091782278258395 -0.5471353873558229 0.717602047036734
vn 0.09172490392707269 -0.04818284116038018 0.9946179949192973
vn -0.2834698578716858 -0.48166036115679733 0.8292455222480914
vn -0.23217040537553651 -0.6994754686389754 0.6758927219907347
vn 0.09172490392707269 -0.04818284116038018 0.9946179949192973
vn 0.09172490392707269 -0.04818284116038018 0.9946179949192973
vn -0.066901312457408 -0.17931794601686718 0.9815137740387387
vn -0.2834698578716858 -0.48166036115679733 0.8292455222480914
vn 0.03337607642587621 -0.19298462106653294 0.9806339651236953
vn -0.2834698578716858 -0.48166036115679733 0.8292455222480914
vn -0.066901312457408 -0.17931794601686718 0.9815137740387387
vn -0.2834698578716858 -0.48166036115679733 0.8292455222480914
vn 0.03337607642587621 -0.19298462106653294 0.9806339651236953
vn -0.0866369022334598 -0.5286633499266455 0.844398667464443
vn 0.06682083050733952 -0.18595632757767602 0.980283235011256
vn -0.0866369022334598 -0.5286633499266455 0.844398667464443
vn 0.03337607642587621 -0.19298462106653294 0.9806339651236953
vn -0.0866369022334598 -0.5286633499266455 0.844398667464443
vn 0.06682083050733952 -0.18595632757767602 0.980283235011256
vn -0.008701445613488904 -0.5217399883232167 0.8530601792539171
vn 0.1034526572769024 -0.4763551332602465 0.8731456549276075
vn -0.008701445613488904 -0.5217399883232167 0.8530601792539171
vn 0.06682083050733952 -0.18595632757767602 0.980283235011256
vn 0.1034526572769024 -0.4763551332602465 0.8731456549276075
vn 0.06682083050733952 -0.18595632757767602 0.980283235011256
vn 0.1087695035660407 -0.2345267486981814 0.9660053826139154
vn 0.10137191793250803 -0.29240772049888775 0.9509055995456801
vn 0.1034526572769024 -0.4763551332602465 0.8731456549276075
vn 0.1087695035660407 -0.2345267486981814 0.9660053826139154
vn 0.1034526572769024 -0.4763551332602465 0.8731456549276075
vn 0.10137191793250803 -0.29240772049888775 0.9509055995456801
vn 0.1756929759950512 -0.6300429980722677 0.7564243509870046
vn -0.6804069996953284 0.3352191688033417 0.6516704870042822
vn -0.3471653274179185 0.3979010762158884 0.8492060815756369
vn -0.3904641434299564 0.41986952788849824 0.8192968523350984
vn -0.6268238416091558 -0.49579906995591017 0.601061688864957
vn -0.30108453190129203 0.2276129573303874 0.9260347975670759
vn -0.6137467052313745 0.1888970193900122 0.766572173955722
vn -0.30108453190129203 0.2276129573303874 0.9260347975670759
vn -0.6268238416091558 -0.49579906995591017 0.601061688864957
vn -0.2890926146413832 -0.5996605311354226 0.7462122402897123
vn -0.5630058390459458 0.23893568067961402 0.7911600127018175
vn -0.571803873414506 -0.3074677290703216 0.7605944556256683
vn -0.43538600424532936 -0.32441839187188953 0.8397569495529902
vn -0.43538600424532936 -0.32441839187188953 0.8397569495529902
vn -0.2493653660793137 0.1301910292674714 0.9596182626953315
vn -0.5630058390459458 0.23893568067961402 0.7911600127018175
vn -0.5717885819184152 -0.30754647224559833 0.7605741153871955
vn -0.35298794898910274 -0.9115241638657101 0.2110052287441824
vn -0.4353736133898518 -0.32449687307885916 0.8397330505142137
vn -0.10686097301404747 0.6899201570121132 0.7159545442239136
vn -0.39044957201338193 0.4199427318213923 0.8192662776563875
vn -0.34707066061283304 0.39791594302412187 0.8492378105271783
vn -0.34707066061283304 0.39791594302412187 0.8492378105271783
vn -0.12410108106136714 0.6723183594801301 0.7297855473941277
vn -0.10686097301404747 0.6899201570121132 0.7159545442239136
vn -0.6102155726835043 -0.29919310464727683 0.7335669301338946
vn -0.3027264770077492 -0.5276238907380006 0.793706312209353
vn -0.43811769966712505 0.1636388523921522 0.8838977357286115
vn -0.3027264770077492 -0.5276238907380006 0.793706312209353
vn -0.15855076135685744 0.034379160208893554 0.9867521114324976
vn -0.43811769966712505 0.1636388523921522 0.8838977357286115
vn -0.43811769966712505 0.1636388523921522 0.8838977357286115
vn -0.15855076135685744 0.034379160208893554 0.9867521114324976
vn -0.02656240788164132 0.627186418410299 0.7784161066224098
vn -0.15855076135685744 0.034379160208893554 0.9867521114324976
vn 0.2675512919539374 0.4981101149608227 0.8248045947662361
vn -0.02656240788164132 0.627186418410299 0.7784161066224098
vn -0.4926821160330776 -0.006796222877587827 0.8701828221102549
vn -0.6461990897063024 -0.4566750570675092 0.6114528834792863
vn -0.5824154780958569 -0.3361481053074762 0.74013286791803
vn -0.5824154780958569 -0.3361481053074762 0.74013286791803
vn -0.4619813032614474 0.14959749249301882 0.8741818264392458
vn -0.4926821160330776 -0.006796222877587827 0.8701828221102549
vn -0.49264007148622285 -0.006709622246719998 0.8702072976799008
vn -0.4619753253239908 0.14968202962140142 0.874170514716786
vn -0.5587314855451413 0.5528205022740339 0.6182302316499936
vn -0.4619753253239908 0.14968202962140142 0.874170514716786
vn -0.39025452710680664 0.6946475167091698 0.6042898572725066
vn -0.5587314855451413 0.5528205022740339 0.6182302316499936
vn -0.5629341839406913 0.23894979189268178 0.7912067375253272
vn -0.24938645833879747 0.1302891344559834 0.9595994663608051
vn -0.07953459630993938 0.6338555569734132 0.769351272751101
vn -0.24938645833879747 0.1302891344559834 0.9595994663608051
vn -0.07090063383132572 0.6426761406211747 0.7628502332690137
vn -0.07953459630993938 0.6338555569734132 0.769351272751101
vn -0.13844865433133388 -0.5063119713579233 0.8511640016903301
vn 0.05348466075861252 0.6765890668216956 0.7344158397807627
vn -0.30118098240122854 0.22760568729985137 0.9260052197199502
vn 0.08960647277564046 -0.6872621768449133 0.7208615541940765
vn -0.10118344611992895 -0.27107328756060545 0.9572257743094786
vn -0.15028863024506847 -0.6411404042937126 0.7525638242708427
vn -0.10118344611992895 -0.27107328756060545 0.9572257743094786
vn 0.08960647277564046 -0.6872621768449133 0.7208615541940765
vn 0.050796930864245256 -0.2999843805759735 0.9525907007866613
vn 0.17568275432750552 -0.6300986801779939 0.7563803428631997
vn 0.050796930864245256 -0.2999843805759735 0.9525907007866613
vn 0.08960647277564046 -0.6872621768449133 0.7208615541940765
vn 0.050796930864245256 -0.2999843805759735 0.9525907007866613
vn 0.17568275432750552 -0.6300986801779939 0.7563803428631997
vn 0.10126596912272072 -0.2924108919588269 0.9509159130866828
vn -0.44619738403170683 0.3748621776605188 0.8126415213628179
vn -0.07595049580090889 0.32693016960186716 0.9419916063276205
vn -0.4656242769515758 0.6519575398085111 0.5984525035457331
vn -0.07595049580090889 0.32693016960186716 0.9419916063276205
vn -0.0615573501458065 0.6306019938652216 0.7736613070176339
vn -0.4656242769515758 0.6519575398085111 0.5984525035457331
vn -0.5737649102844802 -0.1419151184559699 0.8066312211164841
vn -0.5350285436103968 -0.5905119772309222 0.6041854535396928
vn -0.15028863024506847 -0.6411404042937126 0.7525638242708427
vn -0.15028863024506847 -0.6411404042937126 0.7525638242708427
vn -0.10118344611992895 -0.27107328756060545 0.9572257743094786
vn -0.5737649102844802 -0.1419151184559699 0.8066312211164841
vn -0.2891944451686436 -0.5996412644606338 0.7461882650106827
vn -0.13844865433133388 -0.5063119713579233 0.8511640016903301
vn -0.30108453190129203 0.2276129573303874 0.9260347975670759
vn -0.008484504448499337 0.321621442031553 0.9468303233472236
vn -0.0615573501458065 0.6306019938652216 0.7736613070176339
vn -0.07595049580090889 0.32693016960186716 0.9419916063276205
vn -0.0615573501458065 0.6306019938652216 0.7736613070176339
vn -0.008484504448499337 0.321621442031553 0.9468303233472236
vn -0.017610758189311074 0.6316825392319547 0.7750271161872129
vn 0.050435550857954294 0.29135974662548336 0.9552830749343301
vn -0.017610758189311074 0.6316825392319547 0.7750271161872129
vn -0.008484504448499337 0.321621442031553 0.9468303233472236
vn -0.017610758189311074 0.6316825392319547 0.7750271161872129
vn 0.050435550857954294 0.29135974662548336 0.9552830749343301
vn 0.04426157732977938 0.6267802892391783 0.7779379035588456
vn 0.19934786903758628 -0.10269592698282681 0.9745326950345541
vn 0.3661094670074575 -0.17836997506723434 0.9133170370479408
vn 0.31874877856697786 0.4971764757348005 0.8069787903891794
vn 0.3661094670074575 -0.17836997506723434 0.9133170370479408
vn 0.31972195202028864 0.5057753624457283 0.8012297773667854
vn 0.31874877856697786 0.4971764757348005 0.8069787903891794
vn 0.08989891784062196 -0.7112074553658037 0.6972102552338021
vn 0.40102730093238576 -0.7275881565545524 0.5565901349722555
vn 0.19934608505792062 -0.10278211290839809 0.9745239738652741
vn 0.40102730093238576 -0.7275881565545524 0.5565901349722555
vn 0.3661037864375525 -0.17845417491483023 0.9133028659823389
vn 0.19934608505792062 -0.10278211290839809 0.9745239738652741
vn 0.2243913838583552 0.1713065469339988 0.9593240192071092
vn 0.1420234066482891 0.22060554130391866 0.9649676404470876
vn 0.2243913838583552 0.1713065469339988 0.9593240192071092
vn 0.1420234066482891 0.22060554130391866 0.9649676404470876
vn 0.2243913838583552 0.1713065469339988 0.9593240192071092
vn 0.008472480120126084 0.3066636562252445 0.9517802367307168
vn 0.1420234066482891 0.22060554130391866 0.9649676404470876
vn 0.008472480120126084 0.3066636562252445 0.9517802367307168
vn -0.20533640924340327 0.42325852256152313 0.8824336700954142
vn 0.1420234066482891 0.22060554130391866 0.9649676404470876
vn -0.20533640924340327 0.42325852256152313 0.8824336700954142
vn -0.20544025061617915 0.42324909791348425 0.8824140210480471
vn 0.12666278977001189 -0.306503614652537 0.9434045112742503
vn -0.18638409222509075 -0.6659951337043208 0.7222959587645446
vn -0.17761537697376056 -0.6589183783538353 0.7309441487076977
vn -0.17761537697376056 -0.6589183783538353 0.7309441487076977
vn 0.3480673578528941 -0.5740661285392056 0.7411458658464699
vn 0.12666278977001189 -0.306503614652537 0.9434045112742503
vn 0.3356051678040054 -0.3112792790350894 0.8890862622865345
vn 0.12778470767565275 -0.8054069573687179 0.5787838124086678
vn 0.10209896325719792 -0.8646854573338965 0.49182808132219885
vn 0.33394631614702514 -0.7739157096511973 0.5380839453904152
vn 0.3422678879020835 -0.7649758762910547 0.5455864749091383
vn 0.4736208477445575 -0.2603680617167925 0.8413630399652502
vn 0.3422678879020835 -0.7649758762910547 0.5455864749091383
vn 0.47451683244558623 -0.2540453880880824 0.842789841251651
vn 0.4736208477445575 -0.2603680617167925 0.8413630399652502
vn 0.2675284491677344 0.4980675877026715 0.8248376852241587
vn 0.473631582793001 -0.2602868962758019 0.8413821102258513
vn 0.474497863977101 -0.2538612331240103 0.8428560086977642
vn 0.2675284491677344 0.4980675877026715 0.8248376852241587
vn 0.474497863977101 -0.2538612331240103 0.8428560086977642
vn 0.637957626818476 0.20223116557323298 0.7430428130700342
vn 0.37093506584903735 0.02716675878714928 0.9282613555139367
vn 0.3480673578528941 -0.5740661285392056 0.7411458658464699
vn 0.5021790407802423 -0.1629452184344012 0.8492732580214692
vn 0.37093506584903735 0.02716675878714928 0.9282613555139367
vn 0.12676822991817663 -0.3064994526876068 0.943391700931066
vn 0.3480673578528941 -0.5740661285392056 0.7411458658464699
vn 0.5429331056439373 0.15596538303295254 0.8251657058380539
vn 0.3356051678040054 -0.3112792790350894 0.8890862622865345
vn 0.2983704916670695 -0.4076458698291337 0.8630178993008198
vn 0.5429331056439373 0.15596538303295254 0.8251657058380539
vn 0.2983704916670695 -0.4076458698291337 0.8630178993008198
vn 0.5423085175185494 0.16257386042684283 0.8243004377851237
vn 0.41995365667386997 0.8355900036408793 0.35415854085660653
vn 0.5424188936195088 0.1626617761756337 0.8242104648789508
vn 0.7471775492214285 0.3588577599575103 0.5594164978419369
vn 0.5424188936195088 0.1626617761756337 0.8242104648789508
vn 0.41995365667386997 0.8355900036408793 0.35415854085660653
vn 0.5429700979817155 0.1560621380835434 0.8251230706715935
vn 0.39208247744034724 0.7126678418483765 0.5817008493026437
vn 0.5022573661842114 -0.1629366470048161 0.8492285835842591
vn 0.5915548151685567 0.18290516910375446 0.7852442930489987
vn 0.5022573661842114 -0.1629366470048161 0.8492285835842591
vn 0.39208247744034724 0.7126678418483765 0.5817008493026437
vn 0.37102466943111967 0.02725215371552495 0.9282230415107104
vn 0.5916006663427141 0.18291934600933926 0.785206447017835
vn 0.5606109841930745 0.8273741028361595 0.0341675044176887
vn 0.3920580819291742 0.7126234994018281 0.5817716119701182
vn -0.6321544317034604 0.4725206300820652 -0.614088779106509
vn -0.6158234850493205 -0.2301487423092624 -0.7535203989774756
vn -0.9999787866239157 -0.006513547586466235 0
vn -0.6267585344039927 -0.49583249874379465 0.6011022148863236
vn -0.6137467052313745 0.1888970193900122 0.766572173955722
vn -0.9999793202549482 -0.006431101185002584 0
vn -0.8231218984904076 0.3292038227367653 0.46270420715728067
vn -0.6804069996953284 0.3352191688033417 0.6516704870042822
vn -0.39044957201338193 0.4199427318213923 0.8192662776563875
vn -0.7689218681771407 0.4685818163756483 0.43496004644228414
vn -0.6400675323836671 0.7549064645092732 0.1429327948036868
vn -0.6691479304425844 0.6663702619950576 -0.3289250995485816
vn -0.5919598556528952 0.3505983865057551 -0.7257164051301065
vn -0.6264054373002579 -0.26497326711521274 -0.7330793925864802
vn -0.6691479304425844 0.6663702619950576 -0.3289250995485816
vn -0.5630174722921724 0.23885412471157488 0.791176360239612
vn -0.7230991655168915 0.6823822971483242 0.10715408236437574
vn -0.7059998973763195 0.7043015668956175 0.07431990159441834
vn -0.5630174722921724 0.23885412471157488 0.791176360239612
vn -0.7059998973763195 0.7043015668956175 0.07431990159441834
vn -0.912211165956577 0.3693780388963165 0.17728692305202165
vn -0.6158234850493205 -0.2301487423092624 -0.7535203989774756
vn -0.6549486180186875 -0.7368906801294266 -0.16743486283866532
vn -0.9999793202549482 -0.006431101185002584 0
vn -0.6548398938789942 -0.7369870964522971 -0.16743575797110974
vn -0.6267585344039927 -0.49583249874379465 0.6011022148863236
vn -0.9999793202549482 -0.006431101185002584 0
vn -0.6628324984127828 0.7213763959961937 0.20067180755504951
vn -0.6321544317034604 0.4725206300820652 -0.614088779106509
vn -0.9999787866239157 -0.006513547586466235 0
vn -0.6137467052313745 0.1888970193900122 0.766572173955722
vn -0.6628324984127828 0.7213763959961937 0.20067180755504951
vn -0.9999787866239157 -0.006513547586466235 0
vn -0.8504575004475478 -0.42886691137537 -0.30462306586970705
vn -0.6568575465763866 0.5415011520660958 -0.5247043603942523
vn -0.839847578304823 -0.42093948869402653 -0.3427331207711559
vn -0.6568575465763866 0.5415011520660958 -0.5247043603942523
vn -0.5721407447553652 0.11456662113513205 -0.812114189946497
vn -0.839847578304823 -0.42093948869402653 -0.3427331207711559
vn -0.9641189731454703 0.23649853935259033 0.12059455420961196
vn -0.5629016309006107 0.238849482684874 0.791260183852695
vn -0.912211165956577 0.3693780388963165 0.17728692305202165
vn -0.5629016309006107 0.238849482684874 0.791260183852695
vn -0.9641189731454703 0.23649853935259033 0.12059455420961196
vn -0.571803873414506 -0.3074677290703216 0.7605944556256683
vn -0.6852057620575422 -0.679325788467294 -0.2626966630287335
vn -0.7913787985403851 -0.47389005241777227 -0.38619660205685113
vn -0.3281775355594999 -0.3330992394521 -0.8839368766097077
vn -0.7913787985403851 -0.47389005241777227 -0.38619660205685113
vn -0.6852057620575422 -0.679325788467294 -0.2626966630287335
vn -0.6381863210146025 -0.7453200677573081 -0.192915049356157
vn -0.35298794898910274 -0.9115241638657101 0.2110052287441824
vn -0.571803873414506 -0.3074677290703216 0.7605944556256683
vn -0.674394370296029 -0.5349576197759985 0.5089327837314281
vn -0.9161701421896041 -0.34762585108676447 -0.19947064499941647
vn -0.565148619334101 -0.17555849306904486 -0.8060932040254932
vn -0.9227369985493548 -0.35368650129691837 -0.15317405233417636
vn -0.565148619334101 -0.17555849306904486 -0.8060932040254932
vn -0.9161701421896041 -0.34762585108676447 -0.19947064499941647
vn -0.6945765984485264 0.3681643186943912 -0.6180763571986632
vn -0.6102601066005655 -0.2992149399486098 0.7335209758441922
vn -0.9542967058241333 0.1770001735567001 0.24080850444721708
vn -0.6326491631738236 -0.6954456421400249 0.3407497544590595
vn -0.9542967058241333 0.1770001735567001 0.24080850444721708
vn -0.6102601066005655 -0.2992149399486098 0.7335209758441922
vn -0.9245858464460768 0.2187327598422479 0.3119246580881113
vn -0.4495036132394271 -0.6831607190529698 -0.5755327389712322
vn -0.9227092727737057 -0.353760819715445 -0.15316944986411504
vn -0.565148619334101 -0.17555849306904486 -0.8060932040254932
vn -0.9227092727737057 -0.353760819715445 -0.15316944986411504
vn -0.4495036132394271 -0.6831607190529698 -0.5755327389712322
vn -0.8730817400863818 -0.4730605211415969 -0.11807632474368426
vn -0.9161701421896041 -0.34762585108676447 -0.19947064499941647
vn -0.7852562174268783 0.5638972211032405 -0.2557197626787459
vn -0.6945765984485264 0.3681643186943912 -0.6180763571986632
vn -0.7852562174268783 0.5638972211032405 -0.2557197626787459
vn -0.9161701421896041 -0.34762585108676447 -0.19947064499941647
vn -0.8685220360194719 -0.398593531112616 -0.29460595700658737
vn -0.32818717159695443 -0.33302086091449284 -0.8839628310030695
vn -0.7913787985403851 -0.47389005241777227 -0.38619660205685113
vn -0.5721351174379695 0.11465131261535207 -0.8121062023589142
vn -0.8398495736540851 -0.4208541357056124 -0.3428330352993038
vn -0.5721351174379695 0.11465131261535207 -0.8121062023589142
vn -0.7913787985403851 -0.47389005241777227 -0.38619660205685113
vn -0.35298794898910274 -0.9115241638657101 0.2110052287441824
vn -0.756293246875076 -0.5196179281707041 0.3975144443347189
vn -0.5081824655280759 -0.7201796972783172 -0.4723259312783043
vn -0.756293246875076 -0.5196179281707041 0.3975144443347189
vn -0.35298794898910274 -0.9115241638657101 0.2110052287441824
vn -0.6744882323788164 -0.5349464930698026 0.5088200801214702
vn -0.4495036132394271 -0.6831607190529698 -0.5755327389712322
vn -0.7787642514071842 -0.6138093202390706 0.1294772532835724
vn -0.8730919996226276 -0.4730660800501621 -0.1179781509472643
vn -0.43812390790880845 0.16355455417122122 0.8839102607892767
vn -0.9245858464460768 0.2187327598422479 0.3119246580881113
vn -0.6102155726835043 -0.29919310464727683 0.7335669301338946
vn -0.9245858464460768 0.2187327598422479 0.3119246580881113
vn -0.43812390790880845 0.16355455417122122 0.8839102607892767
vn -0.8411623558443856 0.3702837987722257 0.39412662873387927
vn -0.6461990897063024 -0.4566750570675092 0.6114528834792863
vn -0.778753885832164 -0.6138011502613842 0.12957828999916157
vn -0.7247693583917452 -0.590512281314309 0.3549712984924115
vn -0.8411052112125242 0.3703902175311568 0.39414858927612206
vn -0.7338332221606169 0.6335526714229901 0.24515263528291878
vn -0.7338332221606169 0.6335526714229901 0.24515263528291878
vn -0.7338332221606169 0.6335526714229901 0.24515263528291878
vn -0.8411052112125242 0.3703902175311568 0.39414858927612206
vn -0.43812390790880845 0.16355455417122122 0.8839102607892767
vn -0.6332815679971618 0.7722617079259537 -0.05065876139766034
vn -0.9557276204165754 0.19698260995876715 -0.2185922389900939
vn -0.5587314855451413 0.5528205022740339 0.6182302316499936
vn -0.9557276204165754 0.19698260995876715 -0.2185922389900939
vn -0.6332815679971618 0.7722617079259537 -0.05065876139766034
vn -0.9096273635444241 0.2455413322871963 -0.33509329093529855
vn -0.9095979295216179 0.24553338697962962 -0.33517900066725126
vn -0.5013717002863508 0.5844192647880934 -0.6380286365803012
vn -0.7729194901870098 0.18112411064700273 -0.6081032134690504
vn -0.5013717002863508 0.5844192647880934 -0.6380286365803012
vn -0.9095979295216179 0.24553338697962962 -0.33517900066725126
vn -0.6332850002575537 0.7722658934311165 -0.05055193657843305
vn -0.36890327197967543 0.6228314594012992 -0.6899212629733465
vn -0.8489104946507587 0.4872490602652737 -0.20479093081094063
vn -0.4423165192193677 0.8966893669906995 -0.017443507430601437
vn -0.8489104946507587 0.4872490602652737 -0.20479093081094063
vn -0.36890327197967543 0.6228314594012992 -0.6899212629733465
vn -0.6945765984485264 0.3681643186943912 -0.6180763571986632
vn -0.9258570344007825 0.36829310711587326 0.08455139916952255
vn -0.9391393407677546 0.2912186093401225 0.18223342228118372
vn -0.44619738403170683 0.3748621776605188 0.8126415213628179
vn -0.44619738403170683 0.3748621776605188 0.8126415213628179
vn -0.4655369712894939 0.6519913755720481 0.5984835624662328
vn -0.9258570344007825 0.36829310711587326 0.08455139916952255
vn -0.8489573774237813 0.48721534392406074 -0.2046767694749324
vn -0.46562278163148113 0.651863541424325 0.5985560530038097
vn -0.4423165192193677 0.8966893669906995 -0.017443507430601437
vn -0.46562278163148113 0.651863541424325 0.5985560530038097
vn -0.8489573774237813 0.48721534392406074 -0.2046767694749324
vn -0.9258646732783162 0.36829614575557384 0.08445445989896526
vn -0.9770823152015293 0.17024729496487992 0.12777326746061013
vn -0.5737649102844802 -0.1419151184559699 0.8066312211164841
vn -0.9770684905643429 0.17032797437737762 0.1277714596097901
vn -0.5737649102844802 -0.1419151184559699 0.8066312211164841
vn -0.9770823152015293 0.17024729496487992 0.12777326746061013
vn -0.5349949342399973 -0.5904748825076498 0.6042514654224003
vn -0.6158234850493205 -0.2301487423092624 -0.7535203989774756
vn -0.39547643102804064 -0.856853425145685 -0.3307576156605186
vn -0.6548398938789942 -0.7369870964522971 -0.16743575797110974
vn -0.39547643102804064 -0.856853425145685 -0.3307576156605186
vn -0.6158234850493205 -0.2301487423092624 -0.7535203989774756
vn -0.35148527429097637 -0.24836738844823958 -0.9026470751694697
vn -0.6548398938789942 -0.7369870964522971 -0.16743575797110974
vn -0.39547643102804064 -0.856853425145685 -0.3307576156605186
vn -0.6268238416091558 -0.49579906995591017 0.601061688864957
vn -0.09192199884715176 -0.8258270755295211 -0.5563811530329752
vn 0.08648187069638306 -0.4915490527813875 -0.8665451025483757
vn -0.008702218964427414 -0.5217863585618586 -0.8530318091395249
vn 0.08648187069638306 -0.4915490527813875 -0.8665451025483757
vn -0.09192199884715176 -0.8258270755295211 -0.5563811530329752
vn 0.10154969677207694 -0.845397573162561 -0.5243954637259476
vn 0.10154969677207694 -0.845397573162561 -0.5243954637259476
vn 0.1758203460157058 -0.6088425824372007 -0.7735618370486731
vn 0.08648187069638306 -0.4915490527813875 -0.8665451025483757
vn -0.008702218964427414 -0.5217863585618586 -0.8530318091395249
vn -0.22038316367620692 -0.8403473419187378 -0.4952248035974958
vn -0.09192199884715176 -0.8258270755295211 -0.5563811530329752
vn 0.1758203460157058 -0.6088425824372007 -0.7735618370486731
vn 0.10154969677207694 -0.845397573162561 -0.5243954637259476
vn 0.23732446223083162 -0.9707615256417733 -0.03604386162030108
vn -0.22038316367620692 -0.8403473419187378 -0.4952248035974958
vn -0.008702218964427414 -0.5217863585618586 -0.8530318091395249
vn -0.0866369022334598 -0.5286633499266455 -0.844398667464443
vn -0.0866369022334598 -0.5286633499266455 -0.844398667464443
vn -0.4868453162915886 -0.7804088841694529 -0.3923564852456662
vn -0.22038316367620692 -0.8403473419187378 -0.4952248035974958
vn 0.11472871109859852 -0.9933556669622283 -0.009046643779914265
vn 0.1758203460157058 -0.6088425824372007 -0.7735618370486731
vn 0.23732446223083162 -0.9707615256417733 -0.03604386162030108
vn -0.4868453162915886 -0.7804088841694529 -0.3923564852456662
vn -0.0866369022334598 -0.5286633499266455 -0.844398667464443
vn -0.2834698578716858 -0.48166036115679733 -0.8292455222480914
vn -0.2834698578716858 -0.48166036115679733 -0.8292455222480914
vn -0.29886500919278536 -0.9086408766822403 -0.2916358405654669
vn -0.4868453162915886 -0.7804088841694529 -0.3923564852456662
vn 0.1758203460157058 -0.6088425824372007 -0.7735618370486731
vn 0.11472871109859852 -0.9933556669622283 -0.009046643779914265
vn 0.09726377272533983 -0.6413800630112101 -0.7610330960523135
vn 0.11472871109859852 -0.9933556669622283 -0.009046643779914265
vn 0.017583440311656956 -0.6233152163406874 -0.7817729617382329
vn 0.09726377272533983 -0.6413800630112101 -0.7610330960523135
vn -0.29886500919278536 -0.9086408766822403 -0.2916358405654669
vn -0.2834698578716858 -0.48166036115679733 -0.8292455222480914
vn -0.23215357842228143 -0.6994247729398624 -0.6759509619963207
vn -0.23215357842228143 -0.6994247729398624 -0.6759509619963207
vn 0.361549126827126 -0.917331570619889 -0.16668838722175652
vn -0.29886500919278536 -0.9086408766822403 -0.2916358405654669
vn 0.361549126827126 -0.917331570619889 -0.16668838722175652
vn -0.23215357842228143 -0.6994247729398624 -0.6759509619963207
vn 0.4308498520670882 -0.547097940226126 -0.7176714072429654
vn -0.23215357842228143 -0.6994247729398624 0.6759509619963207
vn 0.361549126827126 -0.917331570619889 0.16668838722175652
vn 0.43082855937885345 -0.5471612288598963 0.7176359397745281
vn 0.361549126827126 -0.917331570619889 0.16668838722175652
vn -0.23215357842228143 -0.6994247729398624 0.6759509619963207
vn -0.29886500919278536 -0.9086408766822403 0.2916358405654669
vn -0.28357014454634333 -0.4816454691091987 0.8292198835101254
vn -0.29886500919278536 -0.9086408766822403 0.2916358405654669
vn -0.23215357842228143 -0.6994247729398624 0.6759509619963207
vn -0.29886500919278536 -0.9086408766822403 0.2916358405654669
vn -0.28357014454634333 -0.4816454691091987 0.8292198835101254
vn -0.4868453162915886 -0.7804088841694529 0.3923564852456662
vn -0.0866369022334598 -0.5286633499266455 0.844398667464443
vn -0.4868453162915886 -0.7804088841694529 0.3923564852456662
vn -0.28357014454634333 -0.4816454691091987 0.8292198835101254
vn -0.4868453162915886 -0.7804088841694529 0.3923564852456662
vn -0.0866369022334598 -0.5286633499266455 0.844398667464443
vn -0.22027217382636516 -0.8403689406447735 0.49523753193532166
vn -0.008702218964427414 -0.5217863585618586 0.8530318091395249
vn -0.22027217382636516 -0.8403689406447735 0.49523753193532166
vn -0.0866369022334598 -0.5286633499266455 0.844398667464443
vn -0.22027217382636516 -0.8403689406447735 0.49523753193532166
vn -0.008702218964427414 -0.5217863585618586 0.8530318091395249
vn -0.09192199884715176 -0.8258270755295211 0.5563811530329752
vn 0.10346200661165905 -0.4763981829384388 0.8731210594647474
vn -0.09192199884715176 -0.8258270755295211 0.5563811530329752
vn -0.008702218964427414 -0.5217863585618586 0.8530318091395249
vn -0.09192199884715176 -0.8258270755295211 0.5563811530329752
vn 0.10346200661165905 -0.4763981829384388 0.8731210594647474
vn -0.0639376925338757 -0.8062655027109331 0.5880883527257874
vn 0.17569683638298653 -0.6301491864704682 0.7563349948770166
vn 0.2382377123619417 -0.8460980986834665 0.47682365693490053
vn 0.10356084486224092 -0.4763497412280131 0.8731357714831203
vn 0.23732543334507952 -0.9707654979265518 -0.035930303686223124
vn 0.2382377123619417 -0.8460980986834665 0.47682365693490053
vn 0.17569683638298653 -0.6301491864704682 0.7563349948770166
vn -0.2890926146413832 -0.5996605311354226 0.7462122402897123
vn -0.6268238416091558 -0.49579906995591017 0.601061688864957
vn -0.39547643102804064 -0.856853425145685 -0.3307576156605186
vn -0.4075735075389851 -0.8064472737369398 0.42840008244003186
vn -0.17761537697376056 -0.6589183783538353 0.7309441487076977
vn -0.18638409222509075 -0.6659951337043208 0.7222959587645446
vn -0.4075735075389851 -0.8064472737369398 0.42840008244003186
vn -0.18638409222509075 -0.6659951337043208 0.7222959587645446
vn -0.4105685036644541 -0.8122977385369643 0.4142534100842922
vn -0.6325192263135728 -0.695517058707342 0.3408451985737321
vn -0.48301667192650644 -0.8416632911639232 0.24144937139730746
vn -0.6103260868431363 -0.2991957409455711 0.7334739097737393
vn -0.48301667192650644 -0.8416632911639232 0.24144937139730746
vn -0.3027264770077492 -0.5276238907380006 0.793706312209353
vn -0.6103260868431363 -0.2991957409455711 0.7334739097737393
vn -0.3619715364065043 -0.7834359124409324 0.5051779665913375
vn -0.4075544652164186 -0.8064095955541449 0.42848911547477997
vn -0.4104540331915443 -0.8122994700452008 0.4143634366122096
vn -0.48301667192650644 -0.8416632911639232 0.24144937139730746
vn -0.6380885813931352 -0.7454301368985993 -0.19281305271954916
vn -0.6851233810992295 -0.6794451722256147 -0.26260276200082966
vn -0.6380885813931352 -0.7454301368985993 -0.19281305271954916
vn -0.48301667192650644 -0.8416632911639232 0.24144937139730746
vn -0.6325860322442964 -0.6954680648266529 0.3408211886248986
vn -0.35298794898910274 -0.9115241638657101 0.2110052287441824
vn -0.5080988711087469 -0.7202209385248344 -0.47235297912517077
vn -0.271031413339455 -0.7672913623627629 -0.5812107519882208
vn -0.271031413339455 -0.7672913623627629 -0.5812107519882208
vn -0.07621247109934365 -0.9967244168000119 -0.02705727635235492
vn -0.35298794898910274 -0.9115241638657101 0.2110052287441824
vn -0.4495036132394271 -0.6831607190529698 -0.5755327389712322
vn -0.7247693583917452 -0.590512281314309 0.3549712984924115
vn -0.778678714078212 -0.6139170198799946 0.12948109106417188
vn -0.7246913584132613 -0.5905372148109088 0.3550890493446917
vn -0.5824853299879849 -0.3361274078857607 0.7400872962136208
vn -0.6461730828737023 -0.45674479904466997 0.6114282750373421
vn 0.11555604875095465 -0.6892706310084135 -0.7152291918163928
vn -0.14127412343694729 -0.9236205149489722 -0.35632396272565975
vn -0.16285050223995426 -0.4381352565812441 -0.8840346208495921
vn -0.14127412343694729 -0.9236205149489722 -0.35632396272565975
vn -0.3953780809805636 -0.856892925587958 -0.3307728633933517
vn -0.16285050223995426 -0.4381352565812441 -0.8840346208495921
vn 0.11472871109859852 -0.9933556669622283 -0.009046643779914265
vn 0.17569683638298653 -0.6301491864704682 0.7563349948770166
vn 0.08971884590681968 -0.6872551961298554 0.7208542322007011
vn 0.17569683638298653 -0.6301491864704682 0.7563349948770166
vn 0.11472871109859852 -0.9933556669622283 -0.009046643779914265
vn 0.23732543334507952 -0.9707654979265518 -0.035930303686223124
vn -0.35148527429097637 -0.24836738844823958 -0.9026470751694697
vn -0.16284410540391012 -0.43820769267147375 -0.8839998955988305
vn -0.39547643102804064 -0.856853425145685 -0.3307576156605186
vn -0.14153546696730127 -0.6708763467929988 -0.7279372492900937
vn 0.017583440311656956 -0.6233152163406874 -0.7817729617382329
vn -0.08590603047159046 -0.9913347351087827 -0.09937603783314082
vn 0.017583440311656956 -0.6233152163406874 -0.7817729617382329
vn 0.11472871109859852 -0.9933556669622283 -0.009046643779914265
vn -0.08590603047159046 -0.9913347351087827 -0.09937603783314082
vn -0.08590700733037533 -0.9913460078219953 -0.09926267610200279
vn 0.08960647277564046 -0.6872621768449133 0.7208615541940765
vn -0.15017892127489862 -0.6411512156691543 0.7525765145489682
vn -0.3954908541023112 -0.8568846746958989 -0.3306593996739363
vn -0.13834096182007222 -0.5063196648867493 0.8511769353264145
vn -0.2890926146413832 -0.5996605311354226 0.7462122402897123
vn 0.08960072333845302 -0.6873114371379363 0.7208153014168127
vn -0.08590700733037533 -0.9913460078219953 -0.09926267610200279
vn 0.11472871109859852 -0.9933556669622283 -0.009046643779914265
vn -0.009528095337063438 -0.976540459587836 -0.21512309542962996
vn -0.15028863024506847 -0.6411404042937126 0.7525638242708427
vn -0.21683763638601178 -0.9562601583802748 -0.19633631589968123
vn -0.520911563189399 -0.8514559625488675 -0.06061259914868096
vn -0.6085954414340851 -0.5371995020798471 -0.583976269749735
vn -0.30071114891026374 -0.5241959647162545 -0.7967379716671377
vn -0.30071114891026374 -0.5241959647162545 -0.7967379716671377
vn -0.21683763638601178 -0.9562601583802748 -0.19633631589968123
vn -0.520911563189399 -0.8514559625488675 -0.06061259914868096
vn -0.3005970903892018 -0.5242788272656879 -0.7967264904159151
vn 0.31082042967433415 -0.5124633650856429 -0.8004823295627213
vn -0.21683763638601178 -0.9562601583802748 -0.19633631589968123
vn 0.31082042967433415 -0.5124633650856429 -0.8004823295627213
vn -0.009527861358888138 -0.9765164790180831 -0.21523193551155784
vn -0.21683763638601178 -0.9562601583802748 -0.19633631589968123
vn -0.4495310786137814 -0.683202461242221 -0.5754617331438309
vn -0.15086284251208845 -0.6659181678269522 -0.730611659164544
vn -0.02861527644647672 -0.9989369531216107 -0.036140415631321206
vn -0.15086284251208845 -0.6659181678269522 -0.730611659164544
vn 0.29030025370438706 -0.9419973447997441 -0.16842436014246956
vn -0.02861527644647672 -0.9989369531216107 -0.036140415631321206
vn -0.5350285436103968 -0.5905119772309222 0.6041854535396928
vn -0.5209150208590141 -0.8514616142825173 -0.06050339202774169
vn -0.2168424612437639 -0.9562814361405158 -0.1962273219885031
vn -0.2168424612437639 -0.9562814361405158 -0.1962273219885031
vn -0.15017892127489862 -0.6411512156691543 0.7525765145489682
vn -0.5350285436103968 -0.5905119772309222 0.6041854535396928
vn -0.3094061936152374 -0.950929969741479 0
vn 0.3906784800849254 -0.9205271995973462 0
vn 0.3906784800849254 -0.9205271995973462 0
vn 0.3906784800849254 -0.9205271995973462 0
vn -0.3094061936152374 -0.950929969741479 0
vn -0.3094061857143571 -0.9509299454588884 -0.00022598948668395326
vn -0.3094061936152374 -0.950929969741479 0
vn -0.6568681464378052 -0.7540054629744816 0
vn -0.3094061857143571 -0.9509299454588884 -0.00022598948668395326
vn -0.6568681464378052 -0.7540054629744816 0
vn -0.3094061936152374 -0.950929969741479 0
vn -0.6569781486616973 -0.753909618045193 0
vn -0.15028863024506847 -0.6411404042937126 0.7525638242708427
vn -0.009528095337063438 -0.976540459587836 -0.21512309542962996
vn -0.08590700733037533 -0.9913460078219953 -0.09926267610200279
vn -0.009527861358888138 -0.9765164790180831 -0.21523193551155784
vn -0.3535234476441194 -0.5117682404179645 -0.7830162450839165
vn -0.14153329831756864 -0.6707729924596907 -0.7280329100075228
vn -0.14153329831756864 -0.6707729924596907 -0.7280329100075228
vn -0.08590603047159046 -0.9913347351087827 -0.09937603783314082
vn -0.009527861358888138 -0.9765164790180831 -0.21523193551155784
vn -0.028615394912498225 -0.9989410886779032 -0.036025831357614314
vn 0.29041493747697034 -0.941982625245473 -0.1683089356685919
vn 0.08990566422010912 -0.7112608272584054 0.6971549376923537
vn 0.29041493747697034 -0.941982625245473 -0.1683089356685919
vn 0.40102730093238576 -0.7275881565545524 0.5565901349722555
vn 0.08990566422010912 -0.7112608272584054 0.6971549376923537
vn 0.2902788822934245 -0.9420263044258906 -0.1682991748767043
vn 0.8228441600794656 -0.5538829164110554 0.12704803473923856
vn 0.401030642178023 -0.7275007180386031 0.556702011212102
vn 0.8228441600794656 -0.5538829164110554 0.12704803473923856
vn 0.2902788822934245 -0.9420263044258906 -0.1682991748767043
vn 0.6926854916762504 -0.6425111507901353 -0.3276678664922256
vn 0.08777133414775218 -0.5861061467732785 -0.8054661865134399
vn 0.08974432423291312 -0.6953354921533478 -0.7130599621489341
vn 0.18009719674740032 -0.9687746335430977 -0.17041334785504614
vn 0.08974432423291312 -0.6953354921533478 -0.7130599621489341
vn 0.18028518186059833 -0.970229690488056 -0.1617145661248302
vn 0.18009719674740032 -0.9687746335430977 -0.17041334785504614
vn 0.18010068716460895 -0.9687934091138076 -0.17030288588418718
vn 0.180288498747849 -0.9702475407764567 -0.16160373398063788
vn 0.3339413716923528 -0.7739988528416157 0.5379674117194209
vn 0.180288498747849 -0.9702475407764567 -0.16160373398063788
vn 0.34228811757321564 -0.765021090028447 0.5455103815509577
vn 0.3339413716923528 -0.7739988528416157 0.5379674117194209
vn 0.29030576694558685 -0.9420152347550754 -0.16831476217930108
vn 0.5168785438406899 -0.3505606838691416 -0.7809889742130345
vn 0.5200698693553985 -0.35275341106167835 -0.7778768295643015
vn 0.5200698693553985 -0.35275341106167835 -0.7778768295643015
vn 0.6926618973865084 -0.6424892655414383 -0.32776064372182523
vn 0.29030576694558685 -0.9420152347550754 -0.16831476217930108
vn 0.12778470767565275 -0.8054069573687179 0.5787838124086678
vn -0.35298794898910274 -0.9115241638657101 0.2110052287441824
vn -0.07621270702242935 -0.99672750225698 -0.02694270834335101
vn 0.12778470767565275 -0.8054069573687179 0.5787838124086678
vn -0.07621270702242935 -0.99672750225698 -0.02694270834335101
vn 0.10210454656328621 -0.8647327428637821 0.49174377981870376
vn 0.10198269376665475 -0.8646958241699472 0.4918339779185172
vn 0.2983704916670695 -0.4076458698291337 0.8630178993008198
vn 0.3356051678040054 -0.3112792790350894 0.8890862622865345
vn 0.2464361736107096 -0.9691174431067584 -0.008977405100094465
vn -0.14116314815134887 -0.9236730946955075 -0.35623163775782785
vn 0.11556349023040342 -0.6892215867921908 -0.715275250533263
vn 0.2464361736107096 -0.9691174431067584 -0.008977405100094465
vn 0.11556349023040342 -0.6892215867921908 -0.715275250533263
vn 0.2464361736107096 -0.9691174431067584 -0.008977405100094465
vn 0.3480673578528941 -0.5740661285392056 0.7411458658464699
vn 0.2464361736107096 -0.9691174431067584 -0.008977405100094465
vn 0.5664541015991716 -0.8080891491997397 0.1616220211701253
vn 0.2464361736107096 -0.9691174431067584 -0.008977405100094465
vn 0.3480673578528941 -0.5740661285392056 0.7411458658464699
vn 0.2464361736107096 -0.9691174431067584 -0.008977405100094465
vn 0.6628701860686642 -0.6760824309367902 -0.32173850095985546
vn 0.538577533311613 -0.6231504429262462 -0.567113538978573
vn 0.547253121041842 -0.6230217937111097 -0.5588898514653443
vn 0.6628701860686642 -0.6760824309367902 -0.32173850095985546
vn 0.547253121041842 -0.6230217937111097 -0.5588898514653443
vn 0.6629099367530379 -0.6760099667120499 -0.32180885733624
vn 0.5664541015991716 -0.8080891491997397 0.1616220211701253
vn 0.5022573661842114 -0.1629366470048161 0.8492285835842591
vn 0.3480673578528941 -0.5740661285392056 0.7411458658464699
vn -0.5919598556528952 0.3505983865057551 -0.7257164051301065
vn -0.39065583612726074 0.26728209328811126 -0.8808792768065532
vn -0.6264054373002579 -0.26497326711521274 -0.7330793925864802
vn 0.06682083050733952 -0.18595632757767602 -0.980283235011256
vn 0.08637691524774598 -0.491485154834796 -0.8665918134215788
vn 0.09251388057061946 -0.22181559787217636 -0.9706899723610902
vn 0.08637691524774598 -0.491485154834796 -0.8665918134215788
vn 0.10879157240095402 -0.2624114532324572 -0.9588037458140002
vn 0.09251388057061946 -0.22181559787217636 -0.9706899723610902
vn 0.10879157240095402 -0.2624114532324572 -0.9588037458140002
vn 0.08637691524774598 -0.491485154834796 -0.8665918134215788
vn 0.17580598708068268 -0.60879285934611 -0.7736042330001655
vn 0.17580598708068268 -0.60879285934611 -0.7736042330001655
vn 0.0758182819424748 -0.2781805646786245 -0.9575318070739859
vn 0.10879157240095402 -0.2624114532324572 -0.9588037458140002
vn 0.08637691524774598 -0.491485154834796 -0.8665918134215788
vn 0.06682083050733952 -0.18595632757767602 -0.980283235011256
vn -0.00859130909604946 -0.5217404852041438 -0.8530609916688024
vn 0.06682083050733952 -0.18595632757767602 -0.980283235011256
vn -0.0866369022334598 -0.5286633499266455 -0.844398667464443
vn -0.00859130909604946 -0.5217404852041438 -0.8530609916688024
vn -0.0866369022334598 -0.5286633499266455 -0.844398667464443
vn 0.06682083050733952 -0.18595632757767602 -0.980283235011256
vn 0.03337607642587621 -0.19298462106653294 -0.9806339651236953
vn 0.03337607642587621 -0.19298462106653294 -0.9806339651236953
vn -0.2834698578716858 -0.48166036115679733 -0.8292455222480914
vn -0.0866369022334598 -0.5286633499266455 -0.844398667464443
vn -0.2834698578716858 -0.48166036115679733 -0.8292455222480914
vn 0.03337607642587621 -0.19298462106653294 -0.9806339651236953
vn -0.066901312457408 -0.17931794601686718 -0.9815137740387387
vn 0.0758182819424748 -0.2781805646786245 -0.9575318070739859
vn 0.17580598708068268 -0.60879285934611 -0.7736042330001655
vn 0.09715042921607071 -0.6412806586793419 -0.7611313361745939
vn 0.017584452573612266 -0.6232587363718747 -0.7818179676649931
vn 0.0758182819424748 -0.2781805646786245 -0.9575318070739859
vn 0.09715042921607071 -0.6412806586793419 -0.7611313361745939
vn 0.0758182819424748 -0.2781805646786245 -0.9575318070739859
vn 0.017584452573612266 -0.6232587363718747 -0.7818179676649931
vn 0.008455644892918368 -0.2853153310299473 -0.9583964023037213
vn -0.2834698578716858 -0.48166036115679733 -0.8292455222480914
vn -0.066901312457408 -0.17931794601686718 -0.9815137740387387
vn 0.09172490392707269 -0.04818284116038018 -0.9946179949192973
vn -0.23215357842228143 -0.6994247729398624 -0.6759509619963207
vn -0.2834698578716858 -0.48166036115679733 -0.8292455222480914
vn 0.09172490392707269 -0.04818284116038018 -0.9946179949192973
vn -0.23215357842228143 -0.6994247729398624 -0.6759509619963207
vn 0.09172490392707269 -0.04818284116038018 -0.9946179949192973
vn 0.43094987705868093 -0.5471760865978629 -0.7175517637902897
vn 0.09183007411400008 -0.04809544504779615 -0.994612520358492
vn 0.5996780711895714 0.1896948592893162 -0.77743300116059
vn 0.43082855937885345 -0.5471612288598963 -0.7176359397745281
vn 0.09183007411400008 -0.04809544504779615 -0.994612520358492
vn 0.21698000770244416 0.15822073532271083 -0.96326832978739
vn 0.5996780711895714 0.1896948592893162 -0.77743300116059
vn 0.426596199801793 0.3172726146161829 -0.8469673962610839
vn 0.5996780711895714 0.1896948592893162 -0.77743300116059
vn 0.21698000770244416 0.15822073532271083 -0.96326832978739
vn 0.5792308875843014 0.49868329881256235 -0.6448306338518068
vn 0.8638280763580467 0.2396949013038882 -0.44311105694224756
vn 0.426596199801793 0.3172726146161829 -0.8469673962610839
vn 0.21698000770244416 0.15822073532271083 -0.96326832978739
vn 0.3544141825956983 0.3617632455979874 -0.8622748641294335
vn 0.426596199801793 0.3172726146161829 -0.8469673962610839
vn 0.426596199801793 0.3172726146161829 -0.8469673962610839
vn 0.3544141825956983 0.3617632455979874 -0.8622748641294335
vn 0.5792308875843014 0.49868329881256235 -0.6448306338518068
vn 0.3544141825956983 0.3617632455979874 -0.8622748641294335
vn 0.21698000770244416 0.15822073532271083 -0.96326832978739
vn 0.19962350222420974 0.15089147901346006 -0.9681850127536944
vn 0.49169730322940136 0.5761083144453273 -0.6529417830280875
vn 0.5792308875843014 0.49868329881256235 -0.6448306338518068
vn 0.3544141825956983 0.3617632455979874 -0.8622748641294335
vn 0.19962350222420974 0.15089147901346006 -0.9681850127536944
vn 0.20896235593303097 0.15850263534189654 -0.9649930820439031
vn 0.3544141825956983 0.3617632455979874 -0.8622748641294335
vn 0.3544141825956983 0.3617632455979874 -0.8622748641294335
vn 0.20896235593303097 0.15850263534189654 -0.9649930820439031
vn 0.35406447180923406 0.3822753655160288 -0.8535243960907238
vn 0.15940372549615092 0.22820583431140018 -0.9604751685932259
vn 0.35406447180923406 0.3822753655160288 -0.8535243960907238
vn 0.20896235593303097 0.15850263534189654 -0.9649930820439031
vn 0.35406447180923406 0.3822753655160288 -0.8535243960907238
vn 0.15940372549615092 0.22820583431140018 -0.9604751685932259
vn 0.24200405841679906 0.5345473533582871 -0.809748826937989
vn 0.05929038701687694 0.3422015978153059 -0.9377540810148685
vn 0.24200405841679906 0.5345473533582871 -0.809748826937989
vn 0.15940372549615092 0.22820583431140018 -0.9604751685932259
vn 0.24200405841679906 0.5345473533582871 -0.809748826937989
vn 0.05929038701687694 0.3422015978153059 -0.9377540810148685
vn 0.05321777166164928 0.6724382452915104 -0.7382375464907233
vn -0.6263274889370097 -0.2650708868132238 -0.7331107021220676
vn -0.48758304271644415 -0.4088240396927491 -0.771443893633669
vn -0.5080988711087469 -0.7202209385248344 -0.47235297912517077
vn -0.48758304271644415 -0.4088240396927491 -0.771443893633669
vn -0.6263274889370097 -0.2650708868132238 -0.7331107021220676
vn -0.39064670683676284 0.2673632663508978 -0.8808586914163764
vn -0.6321544317034604 0.4725206300820652 -0.614088779106509
vn -0.35148527429097637 -0.24836738844823958 -0.9026470751694697
vn -0.6157127716026339 -0.2301464133365451 -0.7536115785427708
vn -0.35148527429097637 -0.24836738844823958 -0.9026470751694697
vn -0.6321544317034604 0.4725206300820652 -0.614088779106509
vn -0.3149089493672928 0.5985537477214529 -0.7365906357652064
vn -0.4874837277868448 -0.40891898077166 -0.7714563385621434
vn -0.2710339927154535 -0.7672040374628877 -0.5813248142762906
vn -0.5080988711087469 -0.7202209385248344 -0.47235297912517077
vn -0.32820689475837245 -0.33312903895314966 -0.8839147456849092
vn -0.5721407447553652 0.11456662113513205 -0.812114189946497
vn -0.3167999615175407 0.46576242368805104 -0.8262585243510153
vn -0.32820689475837245 -0.33312903895314966 -0.8839147456849092
vn -0.3167999615175407 0.46576242368805104 -0.8262585243510153
vn -0.10005405710469319 -0.041204589375852245 -0.9941284461634011
vn -0.5651400747066226 -0.1756419392038644 -0.8060810164948055
vn -0.6945765984485264 0.3681643186943912 -0.6180763571986632
vn -0.40764982868081184 0.44815240740648765 -0.7956010538657388
vn -0.40764982868081184 0.44815240740648765 -0.7956010538657388
vn -0.28944942056630435 -0.06815023624983987 -0.9547641479616427
vn -0.5651400747066226 -0.1756419392038644 -0.8060810164948055
vn -0.16285050223995426 -0.4381352565812441 -0.8840346208495921
vn -0.1128186014594192 0.5080370781613975 -0.8539146856554061
vn -0.008351558475793035 0.04794053497704072 -0.9988152765036888
vn -0.16285050223995426 -0.4381352565812441 -0.8840346208495921
vn -0.3513923516219105 -0.24837664238909113 -0.9026807069707123
vn -0.1128186014594192 0.5080370781613975 -0.8539146856554061
vn -0.7728737229035276 0.1811133856509033 -0.6081645747520221
vn -0.3800605798432223 0.06810809811391766 -0.9224506721882415
vn -0.665723954893251 -0.11375387856447637 -0.7374765562326896
vn -0.3800605798432223 0.06810809811391766 -0.9224506721882415
vn -0.7728737229035276 0.1811133856509033 -0.6081645747520221
vn -0.5013717002863508 0.5844192647880934 -0.6380286365803012
vn -0.3149089493672928 0.5985537477214529 -0.7365906357652064
vn -0.11282379054151542 0.5079699047333351 -0.8539539613896352
vn -0.35148527429097637 -0.24836738844823958 -0.9026470751694697
vn -0.5651400747066226 -0.1756419392038644 -0.8060810164948055
vn -0.2894477070612165 -0.0682366428808911 -0.9547584958749255
vn -0.4495036132394271 -0.6831607190529698 -0.5755327389712322
vn -0.2894477070612165 -0.0682366428808911 -0.9547584958749255
vn -0.15085108850854326 -0.6658662849088319 -0.7306613714419957
vn -0.4495036132394271 -0.6831607190529698 -0.5755327389712322
vn -0.5013717002863508 0.5844192647880934 -0.6380286365803012
vn -0.23643073332857642 0.5919690499687459 -0.7705018833311258
vn -0.3800605798432223 0.06810809811391766 -0.9224506721882415
vn -0.23643073332857642 0.5919690499687459 -0.7705018833311258
vn -0.1492668398303373 -0.02045415422312252 -0.9885853721869857
vn -0.3800605798432223 0.06810809811391766 -0.9224506721882415
vn -0.6086246738630915 -0.5371358868932853 -0.584004319655608
vn -0.6657174948625016 -0.1138380481161283 -0.73746939993135
vn -0.3800605798432223 0.06810809811391766 -0.9224506721882415
vn -0.3800605798432223 0.06810809811391766 -0.9224506721882415
vn -0.30071114891026374 -0.5241959647162545 -0.7967379716671377
vn -0.6086246738630915 -0.5371358868932853 -0.584004319655608
vn -0.36888218673802275 0.6228876252623333 -0.689881829447932
vn -0.062030725165651925 0.6431163886296495 -0.7632519242107295
vn -0.23667443344082123 0.3346683594933189 -0.9121306385104696
vn -0.062030725165651925 0.6431163886296495 -0.7632519242107295
vn -0.05098333465976201 0.3572669944116837 -0.9326097760001301
vn -0.23667443344082123 0.3346683594933189 -0.9121306385104696
vn -0.18461563047816196 -0.269858361324268 -0.9450362605776202
vn 0.008455644892918368 -0.2853153310299473 -0.9583964023037213
vn -0.14142268921676013 -0.6707837037013193 -0.7280445356044093
vn 0.008455644892918368 -0.2853153310299473 -0.9583964023037213
vn 0.017584452573612266 -0.6232587363718747 -0.7818179676649931
vn -0.14142268921676013 -0.6707837037013193 -0.7280445356044093
vn 0.6793338530921411 0.229468429100238 -0.6970292361796989
vn 0.5874010912489229 0.6794285072817688 -0.4397008772932365
vn 0.5874010912489229 0.6794285072817688 -0.4397008772932365
vn 0.5874010912489229 0.6794285072817688 -0.4397008772932365
vn 0.6793338530921411 0.229468429100238 -0.6970292361796989
vn 0.6793338530921411 0.229468429100238 -0.6970292361796989
vn 0 0.6527218383233648 -0.7575976516435139
vn -0.05098333465976201 0.3572669944116837 -0.9326097760001301
vn -0.062030725165651925 0.6431163886296495 -0.7632519242107295
vn 0.05929038701687694 0.3422015978153059 -0.9377540810148685
vn 0 0.6527218383233648 -0.7575976516435139
vn 0.05321777166164928 0.6724382452915104 -0.7382375464907233
vn -0.05098333465976201 0.3572669944116837 -0.9326097760001301
vn 0 0.6527218383233648 -0.7575976516435139
vn 0 0.36387933699040365 -0.9314460951184583
vn 0 0.6527218383233648 -0.7575976516435139
vn 0.05929038701687694 0.3422015978153059 -0.9377540810148685
vn 0 0.36387933699040365 -0.9314460951184583
vn -0.3799707605259895 0.06811081526596356 -0.9224874730797741
vn -0.14926657352013933 -0.020541158005625042 -0.9885836084304376
vn -0.30071114891026374 -0.5241959647162545 -0.7967379716671377
vn -0.14926657352013933 -0.020541158005625042 -0.9885836084304376
vn 0.31082042967433415 -0.5124633650856429 -0.8004823295627213
vn -0.30071114891026374 -0.5241959647162545 -0.7967379716671377
vn 0.6793338530921411 0.229468429100238 -0.6970292361796989
vn 0.7921522707673178 -0.15996552308684972 -0.5889871062610224
vn 0.3107071632660656 -0.5125473302875939 -0.8004725435080297
vn 0.7921522707673178 -0.15996552308684972 -0.5889871062610224
vn 0.6793338530921411 0.229468429100238 -0.6970292361796989
vn 0.6793338530921411 0.229468429100238 -0.6970292361796989
vn 0.06670029562391533 0.15125959612588225 -0.9862411495894486
vn -0.3906213041645348 0.2672584669284638 -0.8809017587607856
vn -0.20019287768427002 0.5670370683331238 -0.7989942270509011
vn -0.20019287768427002 0.5670370683331238 -0.7989942270509011
vn 0.07513489228731014 0.13779290666608493 -0.9876071399263402
vn 0.06670029562391533 0.15125959612588225 -0.9862411495894486
vn -0.35342780213460345 -0.5117880133209554 -0.783046498044205
vn -0.36775497791458317 -0.22741521593110767 -0.9016865285574872
vn -0.18471870628380485 -0.26985304334370963 -0.9450176371618549
vn -0.18471870628380485 -0.26985304334370963 -0.9450176371618549
vn -0.14142268921676013 -0.6707837037013193 -0.7280445356044093
vn -0.35342780213460345 -0.5117880133209554 -0.783046498044205
vn -0.36890327197967543 0.6228314594012992 -0.6899212629733465
vn -0.2367756624597254 0.3346598636945514 -0.9121074834133872
vn -0.5620475221648276 0.24529304728559093 -0.7898948688159244
vn -0.36890327197967543 0.6228314594012992 -0.6899212629733465
vn -0.5620475221648276 0.24529304728559093 -0.7898948688159244
vn -0.6945338225089713 0.3681416450617379 -0.6181379284288533
vn 0.2518530674637435 0.7490559051493892 -0.6127685398010675
vn 0.4313098389606084 0.7555684852631925 -0.493039640285504
vn 0.3656217528395282 0.18505293916900914 -0.912182078071841
vn 0.4313098389606084 0.7555684852631925 -0.493039640285504
vn 0.3732613039982238 0.17787506840395811 -0.9105143925154795
vn 0.3656217528395282 0.18505293916900914 -0.912182078071841
vn -0.32818717159695443 -0.33302086091449284 -0.8839628310030695
vn -0.10005405710469319 -0.041204589375852245 -0.9941284461634011
vn 0.0877760534467294 -0.5860459180397678 -0.8055094949100493
vn -0.10005405710469319 -0.041204589375852245 -0.9941284461634011
vn 0.08973745330963255 -0.6952822565101838 -0.7131127353060023
vn 0.0877760534467294 -0.5860459180397678 -0.8055094949100493
vn 0.2243913838583552 0.1713065469339988 -0.9593240192071092
vn 0.14212764478223938 0.22060220692344568 -0.9649530552773844
vn 0.008467099326511 0.30028296254143 -0.9538125867466507
vn 0.14212764478223938 0.22060220692344568 -0.9649530552773844
vn 0.2243913838583552 0.1713065469339988 -0.9593240192071092
vn 0.2243913838583552 0.1713065469339988 -0.9593240192071092
vn 0.14212764478223938 0.22060220692344568 -0.9649530552773844
vn -0.20533640924340327 0.42325852256152313 -0.8824336700954142
vn 0.008467099326511 0.30028296254143 -0.9538125867466507
vn -0.20533640924340327 0.42325852256152313 -0.8824336700954142
vn 0.14212764478223938 0.22060220692344568 -0.9649530552773844
vn -0.20533640924340327 0.42325852256152313 -0.8824336700954142
vn 0.5168785438406899 -0.3505606838691416 -0.7809889742130345
vn 0.36562763818898847 0.18496891320635542 -0.912196761307341
vn 0.373267074967502 0.1777908777448479 -0.9105284699205849
vn 0.5168785438406899 -0.3505606838691416 -0.7809889742130345
vn 0.373267074967502 0.1777908777448479 -0.9105284699205849
vn 0.5200859402187247 -0.3526767016532254 -0.7779008670118622
vn 0.11555604875095465 -0.6892706310084135 -0.7152291918163928
vn -0.008245849954313458 0.0479405770354906 -0.9988161527688842
vn 0.28370741952289724 -0.22701073056072324 -0.9316524181892866
vn -0.008245849954313458 0.0479405770354906 -0.9988161527688842
vn 0.11555604875095465 -0.6892706310084135 -0.7152291918163928
vn -0.16285050223995426 -0.4381352565812441 -0.8840346208495921
vn 0.2870242555345086 -0.3202444775873891 -0.9028070399092162
vn 0.06670117738975685 0.15117417284709642 -0.9862541875190272
vn 0.07512835509968122 0.13769354737344322 -0.9876214949421329
vn 0.2870242555345086 -0.3202444775873891 -0.9028070399092162
vn 0.07512835509968122 0.13769354737344322 -0.9876214949421329
vn 0.29418273619354574 -0.3256461100787838 -0.8985605871148787
vn 0.3083046623161465 0.7999146363311356 -0.5148638749974153
vn 0.48733420560915974 0.7961653670299496 -0.35864478301706126
vn 0.48281209533257086 0.28827282532857357 -0.8269167181631135
vn 0.48733420560915974 0.7961653670299496 -0.35864478301706126
vn 0.4887098069292001 0.2663993381480288 -0.8307792229259926
vn 0.48281209533257086 0.28827282532857357 -0.8269167181631135
vn 0.5802323256130666 -0.5064852323974216 -0.6378112241698024
vn 0.5810525976965484 -0.19575171429169777 -0.7899741420210884
vn 0.5897902308747135 -0.2876658369802589 -0.754583229206162
vn 0.5810623914674274 -0.19566889040235513 -0.7899874572111037
vn 0.48277212723397267 0.2882489615587606 -0.8269483716207928
vn 0.48868057986994795 0.2662963668624134 -0.8308294264491661
vn 0.48868057986994795 0.2662963668624134 -0.8308294264491661
vn 0.5897459713819729 -0.2876442497389703 -0.7546260496635656
vn 0.5810623914674274 -0.19566889040235513 -0.7899874572111037
vn 0.5385456177070285 -0.6231135156095594 -0.5671844182567525
vn 0.29418273619354574 -0.3256461100787838 -0.8985605871148787
vn 0.5471757718486311 -0.6230594369192223 -0.5589236197976933
vn 0.5385456177070285 -0.6231135156095594 -0.5671844182567525
vn 0.28712236709679106 -0.3202346478970298 -0.9027793288500799
vn 0.29418273619354574 -0.3256461100787838 -0.8985605871148787
vn 0.4967063167260884 -0.22519224314836883 -0.8381952568168163
vn 0.4966966172540788 -0.2252745449965414 -0.8381788888924346
vn 0.28370741952289724 -0.22701073056072324 -0.9316524181892866
vn 0.28370741952289724 -0.22701073056072324 -0.9316524181892866
vn 0.4966966172540788 -0.2252745449965414 -0.8381788888924346
vn 0.11555604875095465 -0.6892706310084135 -0.7152291918163928
vn 0.9452332944244177 0.32639549493147435 0
vn 0.8829662012337618 0.46943656384949384 0
vn 0.8655102937373003 0.5008911373090685 0
vn 0.8829662012337618 0.46943656384949384 0
vn 0.9452332944244177 0.32639549493147435 0
vn 0.8655102937373003 0.5008911373090685 0
vn 0.8829662012337618 0.46943656384949384 0
vn 0.9452332944244177 0.32639549493147435 0
vn 0.9452332944244177 0.32639549493147435 0
vn 0.9452332944244177 0.32639549493147435 0
vn 0.8829662012337618 0.46943656384949384 0
vn 0.9452332944244177 0.32639549493147435 0
vn 0.9625177311239338 0.27121869445138863 -0.00019248926982307527
vn 0.7296967109991837 0.6016475073149091 -0.3249045812215183
vn 0.7715560968495523 0.6361612919804884 0
vn 0.729747565131259 0.6015997519864172 0.3248787921592915
vn 0.9625177311239338 0.27121869445138863 -0.00019248926982307527
vn 0.7715560968495523 0.6361612919804884 0
vn 0.7296967109991837 0.6016475073149091 -0.3249045812215183
vn 0.9625177311239338 0.27121869445138863 -0.00019248926982307527
vn 0.9241513181525719 0.2583948132757984 -0.2813831225020951
vn 0.9625177311239338 0.27121869445138863 -0.00019248926982307527
vn 0.729747565131259 0.6015997519864172 0.3248787921592915
vn 0.9241513181525719 0.2583948132757984 0.2813831225020951
vn 0.7277990207126209 -0.5999931558363863 -0.33213972722220975
vn 0.9696601334589315 -0.24445700149598315 0
vn 0.7819278150157208 -0.6233689855171979 0
vn 0.9696601334589315 -0.24445700149598315 0
vn 0.7277598629753421 -0.6000505427568582 0.33212185712372344
vn 0.7819278150157208 -0.6233689855171979 0
vn 0.9696601334589315 -0.24445700149598315 0
vn 0.7277990207126209 -0.5999931558363863 -0.33213972722220975
vn 0.9312767535545026 -0.23171471573800884 -0.2811261261417013
vn 0.7277598629753421 -0.6000505427568582 0.33212185712372344
vn 0.9696601334589315 -0.24445700149598315 0
vn 0.9313200501495134 -0.23164160727490096 0.28104293260747326
vn -0.0823140196592873 0.8288517392454006 0.5533797940993191
vn -0.019161126226217427 0.9998164087680012 0
vn -0.055924352426697334 0.8914064395086007 0.4497410659571284
vn -0.055924352426697334 0.8914064395086007 0.4497410659571284
vn -0.019161126226217427 0.9998164087680012 0
vn -0.019161126226217427 0.9998164087680012 0
vn -0.019161126226217427 0.9998164087680012 0
vn -0.055924352426697334 0.8914064395086007 -0.4497410659571284
vn -0.019161126226217427 0.9998164087680012 0
vn -0.055924352426697334 0.8914064395086007 -0.4497410659571284
vn -0.019161126226217427 0.9998164087680012 0
vn -0.0823140196592873 0.8288517392454006 -0.5533797940993191
vn -0.15704000608214141 0.8527864626061227 -0.4980900377295829
vn -0.13363098371020024 0.9910311600513094 0
vn -0.5954074712411325 0.8034238876149004 0
vn -0.5954074712411325 0.8034238876149004 0
vn -0.5338164553358598 0.8056335338539888 -0.25689414384643344
vn -0.15704000608214141 0.8527864626061227 -0.4980900377295829
vn -0.15704000608214141 0.8527864626061227 -0.4980900377295829
vn -0.03685004769431936 0.828719565212263 -0.5584496004290128
vn -0.13363098371020024 0.9910311600513094 0
vn -0.047648235100999324 0.9988641777998447 0
vn -0.13363098371020024 0.9910311600513094 0
vn -0.03685004769431936 0.828719565212263 -0.5584496004290128
vn -0.13363098371020024 0.9910311600513094 0
vn -0.047648235100999324 0.9988641777998447 0
vn -0.03685004769431936 0.828719565212263 0.5584496004290128
vn -0.13363098371020024 0.9910311600513094 0
vn -0.03685004769431936 0.828719565212263 0.5584496004290128
vn -0.15704000608214141 0.8527864626061227 0.4980900377295829
vn -0.15704000608214141 0.8527864626061227 0.4980900377295829
vn -0.5954074712411325 0.8034238876149004 0
vn -0.13363098371020024 0.9910311600513094 0
vn -0.5954074712411325 0.8034238876149004 0
vn -0.15704000608214141 0.8527864626061227 0.4980900377295829
vn -0.5338313239032122 0.8056559734328737 0.2567928544404468
vn -0.8464879124244103 0.525211503687182 -0.08724156414240243
vn -0.5954811870295256 0.8033692525196039 0
vn -0.8810970162197214 0.472935564330601 0
vn -0.8810970162197214 0.472935564330601 0
vn -0.5954811870295256 0.8033692525196039 0
vn -0.8464879124244103 0.525211503687182 0.08724156414240243
vn 0.7389427777798336 0.6737681880046158 0
vn 0.8655102937373003 0.5008911373090685 0
vn 0.8829302871814287 0.4695041085844933 0
vn 0.7313824059817513 0.681967577103446 0
vn 0.7389427777798336 0.6737681880046158 0
vn 0.7313824059817513 0.681967577103446 0
vn 0.7389427777798336 0.6737681880046158 0
vn 0.7313824059817513 0.681967577103446 0
vn 0.7428404462124224 0.6694684992372151 0
vn 0.8655102937373003 0.5008911373090685 0
vn 0.7389427777798336 0.6737681880046158 0
vn 0.7428404462124224 0.6694684992372151 0
vn 0.7389427777798336 0.6737681880046158 0
vn 0.8655102937373003 0.5008911373090685 0
vn 0.7428404462124224 0.6694684992372151 0
vn 0.7389427777798336 0.6737681880046158 0
vn 0.7428404462124224 0.6694684992372151 0
vn 0.7313824059817513 0.681967577103446 0
vn 0.7313824059817513 0.681967577103446 0
vn 0.7313370187324986 0.6820162498294751 0
vn 0.7389427777798336 0.6737681880046158 0
vn 0.8655102937373003 0.5008911373090685 0
vn 0.7389427777798336 0.6737681880046158 0
vn 0.8829302871814287 0.4695041085844933 0
vn -0.33694178673580794 0.941525481519901 0
vn -0.3250247747698116 0.8880574836099314 -0.3251350513098047
vn -0.7277087034603971 0.6000980362774083 -0.3321481443030899
vn -0.7277087034603971 0.6000980362774083 -0.3321481443030899
vn -0.7574010124490501 0.6529500029413842 0
vn -0.33694178673580794 0.941525481519901 0
vn -0.7574010124490501 0.6529500029413842 0
vn -0.7277087034603971 0.6000980362774083 0.3321481443030899
vn -0.33694178673580794 0.941525481519901 0
vn -0.3250247747698116 0.8880574836099314 0.3251350513098047
vn -0.33694178673580794 0.941525481519901 0
vn -0.7277087034603971 0.6000980362774083 0.3321481443030899
vn 0.38279836420863883 0.9238318906327818 0.00022407376086688478
vn 0.7296573344072477 0.6017047283521528 -0.3248870484097075
vn 0.3599558479037449 0.8752013823822837 -0.3231939477094762
vn 0.7296573344072477 0.6017047283521528 -0.3248870484097075
vn 0.38279836420863883 0.9238318906327818 0.00022407376086688478
vn 0.7715560968495523 0.6361612919804884 0
vn 0.38279836420863883 0.9238318906327818 0.00022407376086688478
vn 0.7296967109991837 0.6016475073149091 0.3249045812215183
vn 0.7715560968495523 0.6361612919804884 0
vn 0.7296967109991837 0.6016475073149091 0.3249045812215183
vn 0.38279836420863883 0.9238318906327818 0.00022407376086688478
vn 0.3599558479037449 0.8752013823822837 0.3231939477094762
vn -0.08230899647010068 0.8288011588083 0.553456292997111
vn -0.13190456584392785 0.5871625469781077 0.7986496910008206
vn -0.13190456584392785 0.5871625469781077 0.7986496910008206
vn -0.13190456584392785 0.5871625469781077 0.7986496910008206
vn -0.08230899647010068 0.8288011588083 0.553456292997111
vn -0.055924352426697334 0.8914064395086007 0.4497410659571284
vn 0.2687234684604822 -0.8787084971762589 0.39453653124749916
vn 0.18494553281640397 -0.29114281133846526 0.9386325230340099
vn -0.01880368806365119 -0.9470256420087911 0.3206070097378439
vn 0.18494553281640397 -0.29114281133846526 0.9386325230340099
vn 0.28437221110598376 -0.24831366699157187 0.9259982550393346
vn -0.018922726272412524 -0.9469890937920284 0.3207079460652198
vn 0.1952529810514936 0.3710220447809654 0.9078650316412987
vn 0.2132397094122954 0.4079269536863805 0.8877637223867112
vn 0.20383714352003596 0.38515781223685763 0.900057708480134
vn 0.1952529810514936 0.3710220447809654 0.9078650316412987
vn 0.18369827158363392 0.1927623682603494 0.963897097412295
vn 0.17578927269626582 0.1864905333308626 0.9666019928506707
vn 0.18369827158363392 0.1927623682603494 0.963897097412295
vn 0.1952529810514936 0.3710220447809654 0.9078650316412987
vn 0.20383714352003596 0.38515781223685763 0.900057708480134
vn 0.19535088685395927 0.3501525436786377 0.9160956430202861
vn 0.18369827158363392 0.1927623682603494 0.963897097412295
vn 0.20383714352003596 0.38515781223685763 0.900057708480134
vn 0.18369827158363392 0.1927623682603494 0.963897097412295
vn 0.19535088685395927 0.3501525436786377 0.9160956430202861
vn 0.18442904190037682 0.17277721253093833 0.9675401610960385
vn 0.20383714352003596 0.38515781223685763 0.900057708480134
vn 0.22101185317092276 0.39249810818208963 0.8928040075130907
vn 0.19535088685395927 0.3501525436786377 0.9160956430202861
vn 0.20383714352003596 0.38515781223685763 0.900057708480134
vn 0.2132397094122954 0.4079269536863805 0.8877637223867112
vn 0.21956778640220162 0.3690890450238679 0.9030854134675227
vn 0.22101185317092276 0.39249810818208963 0.8928040075130907
vn 0.20383714352003596 0.38515781223685763 0.900057708480134
vn 0.21956778640220162 0.3690890450238679 0.9030854134675227
vn 0.2132397094122954 0.4079269536863805 0.8877637223867112
vn 0.22663807670986452 0.29077983050597395 0.9295602575175913
vn 0.21956778640220162 0.3690890450238679 0.9030854134675227
vn 0.22101185317092276 0.39249810818208963 0.8928040075130907
vn 0.21956778640220162 0.3690890450238679 0.9030854134675227
vn 0.22663807670986452 0.29077983050597395 0.9295602575175913
vn 0.21956778640220162 0.3690890450238679 0.9030854134675227
vn 0.22663807670986452 0.29077983050597395 0.9295602575175913
vn 0.22663807670986452 0.29077983050597395 0.9295602575175913
vn -0.066901312457408 -0.17931794601686718 0.9815137740387387
vn -0.03349603095503252 -0.13800288510704706 0.9898652532604582
vn -0.066901312457408 -0.17931794601686718 0.9815137740387387
vn -0.03349603095503252 -0.13800288510704706 0.9898652532604582
vn -0.066901312457408 -0.17931794601686718 0.9815137740387387
vn -0.033272317401875064 -0.13026592014156038 0.9909206542122239
vn 0.016601483727082395 -0.06164053477893232 0.9979603374935433
vn 0.18495027928302535 -0.29106212141515375 0.9386566122232566
vn -0.033272695963085255 -0.13018003163787886 0.990931928573355
vn -0.033272695963085255 -0.13018003163787886 0.990931928573355
vn 0.18495027928302535 -0.29106212141515375 0.9386566122232566
vn -0.03349603095503252 -0.13800288510704706 0.9898652532604582
vn -0.066901312457408 -0.17931794601686718 0.9815137740387387
vn -0.08371724209773486 -0.16569813186341403 0.9826166864411189
vn -0.08371724209773486 -0.16569813186341403 0.9826166864411189
vn -0.066901312457408 -0.17931794601686718 0.9815137740387387
vn -0.08371724209773486 -0.16569813186341403 0.9826166864411189
vn -0.066901312457408 -0.17931794601686718 0.9815137740387387
vn 0.024947129144265747 -0.041138675392295695 0.9988419545325609
vn 0.016601483727082395 -0.06164053477893232 0.9979603374935433
vn 0.03319424907747842 -0.04793973587021047 0.9982985142495588
vn 0.016601483727082395 -0.06164053477893232 0.9979603374935433
vn 0.024947129144265747 -0.041138675392295695 0.9988419545325609
vn 0.18495027928302535 -0.29106212141515375 0.9386566122232566
vn 0 0 1
vn 0 0 1
vn 0 -0.006883667080439135 0.9999763072830904
vn 0 -0.006883667080439135 0.9999763072830904
vn 0 0 1
vn 0 0 1
vn 0 0 1
vn 0.008349370141923836 -0.020565458503294394 0.9997536446219051
vn 0 -0.006883667080439135 0.9999763072830904
vn 0 0 1
vn 0 0 1
vn 0 0 1
vn 0 0 1
vn 0 0 1
vn 0 0 1
vn 0 -0.006883667080439135 0.9999763072830904
vn 0 0 1
vn 0 0 1
vn 0.01659507572889161 -0.03425089060002572 0.9992754775109101
vn 0.008349370141923836 -0.020565458503294394 0.9997536446219051
vn 0.024947129144265747 -0.041138675392295695 0.9988419545325609
vn 0.008349370141923836 -0.020565458503294394 0.9997536446219051
vn 0.01659507572889161 -0.03425089060002572 0.9992754775109101
vn 0 -0.006883667080439135 0.9999763072830904
vn 0.008349370141923836 -0.020565458503294394 0.9997536446219051
vn 0.2843783965195225 -0.24823145825734091 0.9260183965367099
vn 0.024947129144265747 -0.041138675392295695 0.9988419545325609
vn 0.024947129144265747 -0.041138675392295695 0.9988419545325609
vn 0.2843783965195225 -0.24823145825734091 0.9260183965367099
vn 0.18494553281640397 -0.29114281133846526 0.9386325230340099
vn 0.06649324778078618 0.11654641008256487 0.990956902340576
vn 0.05824139725566589 0.11656014535611535 0.9914744939534597
vn 0.050224987678784694 0.13113598668646104 0.9900913107428195
vn 0.050224987678784694 0.13113598668646104 0.9900913107428195
vn 0.05824139725566589 0.11656014535611535 0.9914744939534597
vn 0.050224987678784694 0.13113598668646104 0.9900913107428195
vn 0.05824139725566589 0.11656014535611535 0.9914744939534597
vn 0.06649324778078618 0.11654641008256487 0.990956902340576
vn 0.09142003496899381 0.10277148760051528 0.9904950270156055
vn 0.05824139725566589 0.11656014535611535 0.9914744939534597
vn 0.09142003496899381 0.10277148760051528 0.9904950270156055
vn 0.09142003496899381 0.10277148760051528 0.9904950270156055
vn 0.06666275076664185 0.09614440418875803 0.9931325849066747
vn 0.09142003496899381 0.10277148760051528 0.9904950270156055
vn 0.09142003496899381 0.10277148760051528 0.9904950270156055
vn 0.06666275076664185 0.09614440418875803 0.9931325849066747
vn 0.11674120972060564 0.11685007726796807 0.986264441919833
vn 0.09142003496899381 0.10277148760051528 0.9904950270156055
vn 0.11674120972060564 0.11685007726796807 0.986264441919833
vn 0.14216847217303735 0.13101098407490855 0.9811341638999778
vn 0.09142003496899381 0.10277148760051528 0.9904950270156055
vn 0.14216847217303735 0.13101098407490855 0.9811341638999778
vn 0.11674120972060564 0.11685007726796807 0.986264441919833
vn 0.14216847217303735 0.13101098407490855 0.9811341638999778
vn 0.12504798090624908 0.10999528058519606 0.9860345028041636
vn 0.1830056610439884 0.11663350206661326 0.9761688144073905
vn 0.1757921397435535 0.18640609989736748 0.9666177577126521
vn 0.12504798090624908 0.10999528058519606 0.9860345028041636
vn 0.13335957195664702 0.10306857952347298 0.9856937112929925
vn 0.11681924702706645 0.11010434070636754 0.9870310520351653
vn 0.1757921397435535 0.18640609989736748 0.9666177577126521
vn 0.14157314954198377 0.09615581322167678 0.9852467218481069
vn 0.12504798090624908 0.10999528058519606 0.9860345028041636
vn 0.14157314954198377 0.09615581322167678 0.9852467218481069
vn 0.1757921397435535 0.18640609989736748 0.9666177577126521
vn 0.16618130204243398 0.08222903450559385 0.982660755670928
vn 0.11681924702706645 0.11010434070636754 0.9870310520351653
vn 0.0753000777939072 0.12417242238432863 0.9893993671937734
vn 0.12504798090624908 0.10999528058519606 0.9860345028041636
vn 0.0753000777939072 0.12417242238432863 0.9893993671937734
vn 0.08355662258259816 0.12407883111649563 0.9887480642162358
vn 0.12504798090624908 0.10999528058519606 0.9860345028041636
vn 0.1830056610439884 0.11663350206661326 0.9761688144073905
vn 0.12504798090624908 0.10999528058519606 0.9860345028041636
vn 0.08355662258259816 0.12407883111649563 0.9887480642162358
vn 0.050224987678784694 0.13113598668646104 0.9900913107428195
vn 0.050224987678784694 0.13113598668646104 0.9900913107428195
vn 0.0753000777939072 0.12417242238432863 0.9893993671937734
vn 0.08355662258259816 0.12407883111649563 0.9887480642162358
vn 0.0753000777939072 0.12417242238432863 0.9893993671937734
vn 0.050224987678784694 0.13113598668646104 0.9900913107428195
vn 0.1836805005304142 0.19274372034235007 0.9639042130800585
vn 0.18442904190037682 0.17277721253093833 0.9675401610960385
vn 0.18235706711426095 0.07513473960491987 0.9803574200147543
vn 0.1836805005304142 0.19274372034235007 0.9639042130800585
vn 0.18235706711426095 0.07513473960491987 0.9803574200147543
vn 0.16618130204243398 0.08222903450559385 0.982660755670928
vn 0.16618130204243398 0.08222903450559385 0.982660755670928
vn 0.17589495070940656 0.1864026224326155 0.9665997251526504
vn 0.1836805005304142 0.19274372034235007 0.9639042130800585
vn -0.5338164553358598 0.8056335338539888 -0.25689414384643344
vn -0.5954811870295256 0.8033692525196039 0
vn -0.8464879124244103 0.525211503687182 -0.08724156414240243
vn -0.5954811870295256 0.8033692525196039 0
vn -0.5338164553358598 0.8056335338539888 0.25689414384643344
vn -0.8464879124244103 0.525211503687182 0.08724156414240243
vn -0.8465180570677302 0.5251642208665842 -0.0872337101117937
vn -0.881133141587736 0.4728682552209724 0
vn -0.9546685258189105 0.29767096904257906 0
vn -0.881133141587736 0.4728682552209724 0
vn -0.8465180570677302 0.5251642208665842 0.0872337101117937
vn -0.9546685258189105 0.29767096904257906 0
vn -0.9546685258189105 0.29767096904257906 0
vn -0.881133141587736 0.4728682552209724 0
vn -0.9527625056951462 0.3037163277492776 0
vn -0.9527625056951462 0.3037163277492776 0
vn -0.881133141587736 0.4728682552209724 0
vn -0.9546685258189105 0.29767096904257906 0
vn -0.9527625056951462 0.3037163277492776 0
vn -0.9546775702907478 0.2976419607242131 0
vn -0.9546685258189105 0.29767096904257906 0
vn -0.9546685258189105 0.29767096904257906 0
vn -0.9546775702907478 0.2976419607242131 0
vn -0.9546775702907478 0.2976419607242131 0
vn -0.9527625056951462 0.3037163277492776 0
vn -0.9546685258189105 0.29767096904257906 0
vn -0.9546775702907478 0.2976419607242131 0
vn -0.9546685258189105 0.29767096904257906 0
vn -0.9546775702907478 0.2976419607242131 0
vn -0.9546775702907478 0.2976419607242131 0
vn -0.6563628935619836 -0.6999379726603524 -0.2815574299908562
vn -0.6569781486616973 -0.753909618045193 0
vn -0.45286234871941566 -0.8915804467978952 0
vn -0.45286234871941566 -0.8915804467978952 0
vn -0.6569781486616973 -0.753909618045193 0
vn -0.6564262825586187 -0.6998868046237393 0.2815368471085878
vn -0.6002941331064405 -0.7756444713549839 -0.1949938660943843
vn -0.6563628935619836 -0.6999379726603524 -0.2815574299908562
vn -0.45286234871941566 -0.8915804467978952 0
vn -0.45286234871941566 -0.8915804467978952 0
vn -0.6564262825586187 -0.6998868046237393 0.2815368471085878
vn -0.6002941331064405 -0.7756444713549839 0.1949938660943843
vn -0.962517748955595 0.2712186994760024 0
vn -0.757445702219854 0.6528981606565237 0
vn -0.7277990207126209 0.5999931558363863 -0.33213972722220975
vn -0.7277598629753421 0.6000505427568582 0.33212185712372344
vn -0.757445702219854 0.6528981606565237 0
vn -0.962517748955595 0.2712186994760024 0
vn -0.922553479698812 0.2645522056644746 -0.28090426763165266
vn -0.962517748955595 0.2712186994760024 0
vn -0.7277990207126209 0.5999931558363863 -0.33213972722220975
vn -0.962517748955595 0.2712186994760024 0
vn -0.922553479698812 0.2645522056644746 0.28090426763165266
vn -0.7277598629753421 0.6000505427568582 0.33212185712372344
vn -0.7206679965549474 -0.594203176735161 -0.3571557412380786
vn -0.9664498417324904 -0.25685541344352475 0
vn -0.9210837262474578 -0.24438186383120897 -0.30312088986488966
vn -0.9664498417324904 -0.25685541344352475 0
vn -0.7206679965549474 -0.594203176735161 -0.3571557412380786
vn -0.768096753743675 -0.6403338011447063 0
vn -0.7206679965549474 -0.594203176735161 0.3571557412380786
vn -0.9664498417324904 -0.25685541344352475 0
vn -0.768096753743675 -0.6403338011447063 0
vn -0.9664498417324904 -0.25685541344352475 0
vn -0.7206679965549474 -0.594203176735161 0.3571557412380786
vn -0.9210837262474578 -0.24438186383120897 0.30312088986488966
vn 0.2687234684604822 -0.8787084971762589 -0.39453653124749916
vn -0.07567674352048422 -0.9673980756744435 -0.24168987085005908
vn 0.30092507119548384 -0.9536477869349843 0
vn -0.07567674352048422 -0.9673980756744435 -0.24168987085005908
vn -0.019039897579051446 -0.9998187247197261 0
vn 0.30092507119548384 -0.9536477869349843 0
vn 0.30092507119548384 -0.9536477869349843 0
vn -0.019039897579051446 -0.9998187247197261 0
vn -0.07567674352048422 -0.9673980756744435 0.24168987085005908
vn 0.2687234684604822 -0.8787084971762589 -0.39453653124749916
vn 0.30092507119548384 -0.9536477869349843 0
vn -0.12413192663860534 -0.9922657228731566 0
vn 0.30092507119548384 -0.9536477869349843 0
vn -0.07567674352048422 -0.9673980756744435 0.24168987085005908
vn 0.2687234684604822 -0.8787084971762589 0.39453653124749916
vn -0.12413192663860534 -0.9922657228731566 0
vn 0.30092507119548384 -0.9536477869349843 0
vn 0.2687234684604822 -0.8787084971762589 0.39453653124749916
vn -0.12413192663860534 -0.9922657228731566 0
vn 0.2687234684604822 -0.8787084971762589 0.39453653124749916
vn -0.018803004857429147 -0.946991233130657 0.32070867057503943
vn -0.018803004857429147 -0.946991233130657 -0.32070867057503943
vn 0.2687234684604822 -0.8787084971762589 -0.39453653124749916
vn -0.12413192663860534 -0.9922657228731566 0
vn 0.18494553281640397 -0.29114281133846526 -0.9386325230340099
vn 0.17090731459527028 -0.7120806875092961 -0.6809785490704692
vn 0.2687116762803142 -0.8786699375038449 -0.3946304295890181
vn -0.05530019254032243 -0.850577187761239 -0.5229343518695109
vn 0.2687116762803142 -0.8786699375038449 -0.3946304295890181
vn 0.17090731459527028 -0.7120806875092961 -0.6809785490704692
vn 0.2687116762803142 -0.8786699375038449 -0.3946304295890181
vn -0.05530019254032243 -0.850577187761239 -0.5229343518695109
vn -0.07567466084775014 -0.9673714522561846 -0.24179706173843069
vn 0.17101770262253896 -0.7120668444945962 0.6809653106885969
vn 0.18494553281640397 -0.29114281133846526 0.9386325230340099
vn 0.2687116762803142 -0.8786699375038449 0.3946304295890181
vn 0.2687116762803142 -0.8786699375038449 0.3946304295890181
vn -0.05518338630090181 -0.8505826930012966 0.5229377364878416
vn 0.17090731459527028 -0.7120806875092961 0.6809785490704692
vn -0.05518338630090181 -0.8505826930012966 0.5229377364878416
vn 0.2687116762803142 -0.8786699375038449 0.3946304295890181
vn -0.07567466084775014 -0.9673714522561846 0.24179706173843069
vn -0.1242510480074086 -0.992250813589518 0
vn -0.3560439581729687 -0.9344692075443285 0
vn -0.6482134052385107 -0.7614587193466853 0
vn -0.34769935726938006 -0.9376060777077225 0
vn -0.6482134052385107 -0.7614587193466853 0
vn -0.3560439581729687 -0.9344692075443285 0
vn -0.12413192663860534 -0.9922657228731566 0
vn -0.6482134052385107 -0.7614587193466853 0
vn -0.018803004857429147 -0.946991233130657 -0.32070867057503943
vn -0.3560439581729687 -0.9344692075443285 0
vn -0.12413192663860534 -0.9922657228731566 0
vn -0.6482134052385107 -0.7614587193466853 0
vn -0.6482134052385107 -0.7614587193466853 0
vn -0.12413192663860534 -0.9922657228731566 0
vn -0.018803004857429147 -0.946991233130657 0.32070867057503943
vn -0.3560439581729687 -0.9344692075443285 0
vn -0.6482134052385107 -0.7614587193466853 0
vn -0.34769935726938006 -0.9376060777077225 0
vn -0.07567466084775014 -0.9673714522561846 -0.24179706173843069
vn -0.05530019254032243 -0.850577187761239 -0.5229343518695109
vn -0.6002215715985351 -0.7756972856794377 -0.195007143400793
vn -0.07579428174536687 -0.9673626379100029 0.2417948585692107
vn -0.6002215715985351 -0.7756972856794377 0.195007143400793
vn -0.05530019254032243 -0.850577187761239 0.5229343518695109
vn 0 -1 0
vn -0.34769935726938006 -0.9376060777077225 0
vn 0 -1 0
vn -0.34769935726938006 -0.9376060777077225 0
vn -0.35590763917733825 -0.9345211353282566 0
vn 0 -1 0
vn 0 -1 0
vn -0.35590763917733825 -0.9345211353282566 0
vn -0.34769935726938006 -0.9376060777077225 0
vn 0 -1 0
vn -0.34769935726938006 -0.9376060777077225 0
vn 0 -1 0
vn 0 -1 0
vn 0 -1 0
vn 0 -1 0
vn 0 -1 0
vn 0 -1 0
vn 0 -1 0
vn 0 -1 0
vn 0 -1 0
vn 0 -1 0
vn 0 -1 0
vn 0 -1 0
vn 0 -1 0
vn -0.33694178673580794 -0.941525481519901 0
vn -0.6563207300290558 -0.6999847837833738 -0.2815393432646153
vn -0.3336169350213544 -0.8785304262971184 -0.3418830658824161
vn -0.3336169350213544 -0.8785304262971184 -0.3418830658824161
vn -0.13101222444675892 -0.9259435427380721 -0.35420947574448136
vn -0.33694178673580794 -0.941525481519901 0
vn -0.13101222444675892 -0.9259435427380721 -0.35420947574448136
vn -0.14276744762802224 -0.9897562608530345 0
vn -0.33694178673580794 -0.941525481519901 0
vn -0.33694178673580794 -0.941525481519901 0
vn -0.14276744762802224 -0.9897562608530345 0
vn -0.13101222444675892 -0.9259435427380721 0.35420947574448136
vn -0.33694178673580794 -0.941525481519901 0
vn -0.13101222444675892 -0.9259435427380721 0.35420947574448136
vn -0.33351265660828827 -0.8785648112059665 0.3418964468851739
vn -0.6563207300290558 -0.6999847837833738 0.2815393432646153
vn -0.33694178673580794 -0.941525481519901 0
vn -0.33351265660828827 -0.8785648112059665 0.3418964468851739
vn -0.6563207300290558 -0.6999847837833738 -0.2815393432646153
vn -0.33694178673580794 -0.941525481519901 0
vn -0.6568681464378052 -0.7540054629744816 0
vn -0.33694178673580794 -0.941525481519901 0
vn -0.6563207300290558 -0.6999847837833738 0.2815393432646153
vn -0.6568681464378052 -0.7540054629744816 0
vn -0.45286234871941566 -0.8915804467978952 0
vn -0.07567674352048422 -0.9673980756744435 -0.24168987085005908
vn -0.6002941331064405 -0.7756444713549839 -0.1949938660943843
vn -0.07567674352048422 -0.9673980756744435 0.24168987085005908
vn -0.45286234871941566 -0.8915804467978952 0
vn -0.6002215715985351 -0.7756972856794377 0.195007143400793
vn -0.07567674352048422 -0.9673980756744435 -0.24168987085005908
vn -0.45286234871941566 -0.8915804467978952 0
vn -0.019161126226217427 -0.9998164087680012 0
vn -0.45286234871941566 -0.8915804467978952 0
vn -0.07567674352048422 -0.9673980756744435 0.24168987085005908
vn -0.019161126226217427 -0.9998164087680012 0
vn -0.7206679965549474 -0.594203176735161 -0.3571557412380786
vn -0.35590763917733825 -0.9345211353282566 0
vn -0.768051980585155 -0.6403875038749745 0
vn -0.35590763917733825 -0.9345211353282566 0
vn -0.7206679965549474 -0.594203176735161 -0.3571557412380786
vn -0.33252486592903957 -0.875901357583062 -0.34960552816427765
vn -0.35590763917733825 -0.9345211353282566 0
vn -0.7206679965549474 -0.594203176735161 0.3571557412380786
vn -0.768051980585155 -0.6403875038749745 0
vn -0.7206679965549474 -0.594203176735161 0.3571557412380786
vn -0.35590763917733825 -0.9345211353282566 0
vn -0.33252486592903957 -0.875901357583062 0.34960552816427765
vn 0.38289939724321465 -0.9237900201811468 -0.0002240636052642668
vn 0.3599558479037449 -0.8752013823822837 -0.3231939477094762
vn 0.7277087034603971 -0.6000980362774083 -0.3321481443030899
vn 0.7277087034603971 -0.6000980362774083 -0.3321481443030899
vn 0.7818840953704814 -0.6234238216548064 0
vn 0.38289939724321465 -0.9237900201811468 -0.0002240636052642668
vn 0.7818840953704814 -0.6234238216548064 0
vn 0.7277087034603971 -0.6000980362774083 0.3321481443030899
vn 0.38289939724321465 -0.9237900201811468 -0.0002240636052642668
vn 0.3599687469619596 -0.8752327453220627 0.32309463432041435
vn 0.38289939724321465 -0.9237900201811468 -0.0002240636052642668
vn 0.7277087034603971 -0.6000980362774083 0.3321481443030899
vn -0.08230899647010068 0.8288011588083 -0.553456292997111
vn -0.13190456584392785 0.5871625469781077 -0.7986496910008206
vn -0.055924352426697334 0.8914064395086007 -0.4497410659571284
vn -0.13190456584392785 0.5871625469781077 -0.7986496910008206
vn -0.08230899647010068 0.8288011588083 -0.553456292997111
vn -0.13190456584392785 0.5871625469781077 -0.7986496910008206
vn 0.2687116762803142 -0.8786699375038449 -0.3946304295890181
vn -0.01880368806365119 -0.9470256420087911 -0.3206070097378439
vn 0.18494553281640397 -0.29114281133846526 -0.9386325230340099
vn 0.18494553281640397 -0.29114281133846526 -0.9386325230340099
vn -0.01880368806365119 -0.9470256420087911 -0.3206070097378439
vn 0.2843783965195225 -0.24823145825734091 -0.9260183965367099
vn 0.2132397094122954 0.4079269536863805 -0.8877637223867112
vn 0.20383714352003596 0.38515781223685763 -0.900057708480134
vn 0.21956778640220162 0.3690890450238679 -0.9030854134675227
vn 0.21956778640220162 0.3690890450238679 -0.9030854134675227
vn 0.22676068486673606 0.290800095598473 -0.9295240159343318
vn 0.2132397094122954 0.4079269536863805 -0.8877637223867112
vn 0.22663807670986452 0.29077983050597395 -0.9295602575175913
vn 0.22676068486673606 0.290800095598473 -0.9295240159343318
vn 0.21956778640220162 0.3690890450238679 -0.9030854134675227
vn 0.22101185317092276 0.39249810818208963 -0.8928040075130907
vn 0.22663807670986452 0.29077983050597395 -0.9295602575175913
vn 0.21956778640220162 0.3690890450238679 -0.9030854134675227
vn 0.20383714352003596 0.38515781223685763 -0.900057708480134
vn 0.22101185317092276 0.39249810818208963 -0.8928040075130907
vn 0.21956778640220162 0.3690890450238679 -0.9030854134675227
vn 0.20383714352003596 0.38515781223685763 -0.900057708480134
vn 0.2132397094122954 0.4079269536863805 -0.8877637223867112
vn 0.1952529810514936 0.3710220447809654 -0.9078650316412987
vn 0.22101185317092276 0.39249810818208963 -0.8928040075130907
vn 0.20383714352003596 0.38515781223685763 -0.900057708480134
vn 0.19535088685395927 0.3501525436786377 -0.9160956430202861
vn 0.1952529810514936 0.3710220447809654 -0.9078650316412987
vn 0.1836951725235759 0.19284661622916413 -0.9638808360998239
vn 0.20383714352003596 0.38515781223685763 -0.900057708480134
vn 0.1836951725235759 0.19284661622916413 -0.9638808360998239
vn 0.19535088685395927 0.3501525436786377 -0.9160956430202861
vn 0.20383714352003596 0.38515781223685763 -0.900057708480134
vn 0.1836951725235759 0.19284661622916413 -0.9638808360998239
vn 0.1952529810514936 0.3710220447809654 -0.9078650316412987
vn 0.1757921397435535 0.18640609989736748 -0.9666177577126521
vn 0.19535088685395927 0.3501525436786377 -0.9160956430202861
vn 0.1836951725235759 0.19284661622916413 -0.9638808360998239
vn 0.18442904190037682 0.17277721253093833 -0.9675401610960385
vn -0.066901312457408 -0.17931794601686718 -0.9815137740387387
vn -0.03349603095503252 -0.13800288510704706 -0.9898652532604582
vn -0.033272695963085255 -0.13018003163787886 -0.990931928573355
vn -0.03349603095503252 -0.13800288510704706 -0.9898652532604582
vn -0.066901312457408 -0.17931794601686718 -0.9815137740387387
vn -0.066901312457408 -0.17931794601686718 -0.9815137740387387
vn 0.18495027928302535 -0.29106212141515375 -0.9386566122232566
vn -0.033272695963085255 -0.13018003163787886 -0.990931928573355
vn -0.03339015137114317 -0.13800337431508009 -0.9898687622453112
vn -0.033272695963085255 -0.13018003163787886 -0.990931928573355
vn 0.18495027928302535 -0.29106212141515375 -0.9386566122232566
vn 0.016601483727082395 -0.06164053477893232 -0.9979603374935433
vn -0.066901312457408 -0.17931794601686718 -0.9815137740387387
vn -0.08371724209773486 -0.16569813186341403 -0.9826166864411189
vn -0.08371724209773486 -0.16569813186341403 -0.9826166864411189
vn -0.08371724209773486 -0.16569813186341403 -0.9826166864411189
vn -0.066901312457408 -0.17931794601686718 -0.9815137740387387
vn -0.066901312457408 -0.17931794601686718 -0.9815137740387387
vn 0.024947129144265747 -0.041138675392295695 -0.9988419545325609
vn 0.01713013372975094 -0.06155313541655362 -0.997956797681539
vn 0.18495027928302535 -0.29106212141515375 -0.9386566122232566
vn 0.01713013372975094 -0.06155313541655362 -0.997956797681539
vn 0.024947129144265747 -0.041138675392295695 -0.9988419545325609
vn 0.03319424907747842 -0.04793973587021047 -0.9982985142495588
vn 0 0 -1
vn 0 0 -1
vn 0 -0.006883667080439135 -0.9999763072830904
vn 0 0 -1
vn 0 0 -1
vn 0 -0.006883667080439135 -0.9999763072830904
vn 0 -0.006883667080439135 -0.9999763072830904
vn 0.008349370141923836 -0.020565458503294394 -0.9997536446219051
vn 0 0 -1
vn 0 0 -1
vn 0 0 -1
vn 0 0 -1
vn 0 0 -1
vn 0 0 -1
vn 0 0 -1
vn 0 -0.006883667080439135 -0.9999763072830904
vn 0 0 -1
vn 0 0 -1
vn 0.008349370141923836 -0.020565458503294394 -0.9997536446219051
vn 0.01659507572889161 -0.03425089060002572 -0.9992754775109101
vn 0.024947129144265747 -0.041138675392295695 -0.9988419545325609
vn 0.01659507572889161 -0.03425089060002572 -0.9992754775109101
vn 0.008349370141923836 -0.020565458503294394 -0.9997536446219051
vn 0 -0.006883667080439135 -0.9999763072830904
vn 0.2843783965195225 -0.24823145825734091 -0.9260183965367099
vn 0.008349370141923836 -0.020565458503294394 -0.9997536446219051
vn 0.024947129144265747 -0.041138675392295695 -0.9988419545325609
vn 0.2843783965195225 -0.24823145825734091 -0.9260183965367099
vn 0.024947129144265747 -0.041138675392295695 -0.9988419545325609
vn 0.18494553281640397 -0.29114281133846526 -0.9386325230340099
vn 0.05824139725566589 0.11656014535611535 -0.9914744939534597
vn 0.050224987678784694 0.13113598668646104 -0.9900913107428195
vn 0.050224987678784694 0.13113598668646104 -0.9900913107428195
vn 0.050224987678784694 0.13113598668646104 -0.9900913107428195
vn 0.05824139725566589 0.11656014535611535 -0.9914744939534597
vn 0.06649324778078618 0.11654641008256487 -0.990956902340576
vn 0.05824139725566589 0.11656014535611535 -0.9914744939534597
vn 0.09142003496899381 0.10277148760051528 -0.9904950270156055
vn 0.06649324778078618 0.11654641008256487 -0.990956902340576
vn 0.09142003496899381 0.10277148760051528 -0.9904950270156055
vn 0.09142003496899381 0.10277148760051528 -0.9904950270156055
vn 0.05824139725566589 0.11656014535611535 -0.9914744939534597
vn 0.09142003496899381 0.10277148760051528 -0.9904950270156055
vn 0.06666275076664185 0.09614440418875803 -0.9931325849066747
vn 0.09142003496899381 0.10277148760051528 -0.9904950270156055
vn 0.06666275076664185 0.09614440418875803 -0.9931325849066747
vn 0.09142003496899381 0.10277148760051528 -0.9904950270156055
vn 0.11674120972060564 0.11685007726796807 -0.986264441919833
vn 0.11674120972060564 0.11685007726796807 -0.986264441919833
vn 0.09142003496899381 0.10277148760051528 -0.9904950270156055
vn 0.14216847217303735 0.13101098407490855 -0.9811341638999778
vn 0.14216847217303735 0.13101098407490855 -0.9811341638999778
vn 0.14216847217303735 0.13101098407490855 -0.9811341638999778
vn 0.11674120972060564 0.11685007726796807 -0.986264441919833
vn 0.12504798090624908 0.10999528058519606 -0.9860345028041636
vn 0.1757921397435535 0.18640609989736748 -0.9666177577126521
vn 0.1830056610439884 0.11663350206661326 -0.9761688144073905
vn 0.12504798090624908 0.10999528058519606 -0.9860345028041636
vn 0.11681924702706645 0.11010434070636754 -0.9870310520351653
vn 0.13335957195664702 0.10306857952347298 -0.9856937112929925
vn 0.1757921397435535 0.18640609989736748 -0.9666177577126521
vn 0.14167676032315837 0.09615437337419609 -0.9852319686578133
vn 0.16618130204243398 0.08222903450559385 -0.982660755670928
vn 0.14167676032315837 0.09615437337419609 -0.9852319686578133
vn 0.1757921397435535 0.18640609989736748 -0.9666177577126521
vn 0.12504918027035786 0.10990910465204519 -0.9860439600891521
vn 0.08355662258259816 0.12407883111649563 -0.9887480642162358
vn 0.12504798090624908 0.10999528058519606 -0.9860345028041636
vn 0.1830056610439884 0.11663350206661326 -0.9761688144073905
vn 0.08355662258259816 0.12407883111649563 -0.9887480642162358
vn 0.0753000777939072 0.12417242238432863 -0.9893993671937734
vn 0.12504798090624908 0.10999528058519606 -0.9860345028041636
vn 0.12504798090624908 0.10999528058519606 -0.9860345028041636
vn 0.0753000777939072 0.12417242238432863 -0.9893993671937734
vn 0.11681924702706645 0.11010434070636754 -0.9870310520351653
vn 0.050224987678784694 0.13113598668646104 -0.9900913107428195
vn 0.0753000777939072 0.12417242238432863 -0.9893993671937734
vn 0.08355662258259816 0.12407883111649563 -0.9887480642162358
vn 0.0753000777939072 0.12417242238432863 -0.9893993671937734
vn 0.050224987678784694 0.13113598668646104 -0.9900913107428195
vn 0.050224987678784694 0.13113598668646104 -0.9900913107428195
vn 0.1836805005304142 0.19274372034235007 -0.9639042130800585
vn 0.18235706711426095 0.07513473960491987 -0.9803574200147543
vn 0.18442904190037682 0.17277721253093833 -0.9675401610960385
vn 0.18235706711426095 0.07513473960491987 -0.9803574200147543
vn 0.1836805005304142 0.19274372034235007 -0.9639042130800585
vn 0.16618130204243398 0.08222903450559385 -0.982660755670928
vn 0.1836805005304142 0.19274372034235007 -0.9639042130800585
vn 0.1757921397435535 0.18640609989736748 -0.9666177577126521
vn 0.16618130204243398 0.08222903450559385 -0.982660755670928
f 1/1/1 2/2/2 3/3/3
f 4/4/4 5/5/5 6/6/6
f 7/7/7 8/8/8 9/9/9
f 10/10/10 11/11/11 12/12/12
f 13/13/13 14/14/14 15/15/15
f 16/16/16 17/17/17 18/18/18
f 19/19/19 20/20/20 21/21/21
f 22/22/22 23/23/23 24/24/24
f 25/25/25 26/26/26 27/27/27
f 28/28/28 29/29/29 30/30/30
f 31/31/31 32/32/32 33/33/33
f 34/34/34 35/35/35 36/36/36
f 37/37/37 38/38/38 39/39/39
f 40/40/40 41/41/41 42/42/42
f 43/43/43 44/44/44 45/45/45
f 46/46/46 47/47/47 48/48/48
f 49/49/49 50/50/50 51/51/51
f 52/52/52 53/53/53 54/54/54
f 55/55/55 56/56/56 57/57/57
f 58/58/58 59/59/59 60/60/60
f 61/61/61 62/62/62 63/63/63
f 64/64/64 65/65/65 66/66/66
f 67/67/67 68/68/68 69/69/69
f 70/70/70 71/71/71 72/72/72
f 73/73/73 74/74/74 75/75/75
f 76/76/76 77/77/77 78/78/78
f 79/79/79 80/80/80 81/81/81
f 82/82/82 83/83/83 84/84/84
f 85/85/85 86/86/86 87/87/87
f 88/88/88 89/89/89 90/90/90
f 91/91/91 92/92/92 93/93/93
f 94/94/94 95/95/95 96/96/96
f 97/97/97 98/98/98 99/99/99
f 100/100/100 101/101/101 102/102/102
f 103/103/103 104/104/104 105/105/105
f 106/106/106 107/107/107 108/108/108
f 109/109/109 110/110/110 111/111/111
f 112/112/112 113/113/113 114/114/114
f 115/115/115 116/116/116 117/117/117
f 118/118/118 119/119/119 120/120/120
f 121/121/121 122/122/122 123/123/123
f 124/124/124 125/125/125 126/126/126
f 127/127/127 128/128/128 129/129/129
f 130/130/130 131/131/131 132/132/132
f 133/133/133 134/134/134 135/135/135
f 136/136/136 137/137/137 138/138/138
f 139/139/139 140/140/140 141/141/141
f 142/142/142 143/143/143 144/144/144
f 145/145/145 146/146/146 147/147/147
f 148/148/148 149/149/149 150/150/150
f 151/151/151 152/152/152 153/153/153
f 154/154/154 155/155/155 156/156/156
f 157/157/157 158/158/158 159/159/159
f 160/160/160 161/161/161 162/162/162
f 163/163/163 164/164/164 165/165/165
f 166/166/166 167/167/167 168/168/168
f 169/169/169 170/170/170 171/171/171
f 172/172/172 173/173/173 174/174/174
f 175/175/175 176/176/176 177/177/177
f 178/178/178 179/179/179 180/180/180
f 181/181/181 182/182/182 183/183/183
f 184/184/184 185/185/185 186/186/186
f 187/187/187 188/188/188 189/189/189
f 190/190/190 191/191/191 192/192/192
f 193/193/193 194/194/194 195/195/195
f 196/196/196 197/197/197 198/198/198
f 199/199/199 200/200/200 201/201/201
f 202/202/202 203/203/203 204/204/204
f 205/205/205 206/206/206 207/207/207
f 208/208/208 209/209/209 210/210/210
f 211/211/211 212/212/212 213/213/213
f 214/214/214 215/215/215 216/216/216
f 217/217/217 218/218/218 219/219/219
f 220/220/220 221/221/221 222/222/222
f 223/223/223 224/224/224 225/225/225
f 226/226/226 227/227/227 228/228/228
f 229/229/229 230/230/230 231/231/231
f 232/232/232 233/233/233 234/234/234
f 235/235/235 236/236/236 237/237/237
f 238/238/238 239/239/239 240/240/240
f 241/241/241 242/242/242 243/243/243
f 244/244/244 245/245/245 246/246/246
f 247/247/247 248/248/248 249/249/249
f 250/250/250 251/251/251 252/252/252
f 253/253/253 254/254/254 255/255/255
f 256/256/256 257/257/257 258/258/258
f 259/259/259 260/260/260 261/261/261
f 262/262/262 263/263/263 264/264/264
f 265/265/265 266/266/266 267/267/267
f 268/268/268 269/269/269 270/270/270
f 271/271/271 272/272/272 273/273/273
f 274/274/274 275/275/275 276/276/276
f 277/277/277 278/278/278 279/279/279
f 280/280/280 281/281/281 282/282/282
f 283/283/283 284/284/284 285/285/285
f 286/286/286 287/287/287 288/288/288
f 289/289/289 290/290/290 291/291/291
f 292/292/292 293/293/293 294/294/294
f 295/295/295 296/296/296 297/297/297
f 298/298/298 299/299/299 300/300/300
f 301/301/301 302/302/302 303/303/303
f 304/304/304 305/305/305 306/306/306
f 307/307/307 308/308/308 309/309/309
f 310/310/310 311/311/311 312/312/312
f 313/313/313 314/314/314 315/315/315
f 316/316/316 317/317/317 318/318/318
f 319/319/319 320/320/320 321/321/321
f 322/322/322 323/323/323 324/324/324
f 325/325/325 326/326/326 327/327/327
f 328/328/328 329/329/329 330/330/330
f 331/331/331 332/332/332 333/333/333
f 334/334/334 335/335/335 336/336/336
f 337/337/337 338/338/338 339/339/339
f 340/340/340 341/341/341 342/342/342
f 343/343/343 344/344/344 345/345/345
f 346/346/346 347/347/347 348/348/348
f 349/349/349 350/350/350 351/351/351
f 352/352/352 353/353/353 354/354/354
f 355/355/355 356/356/356 357/357/357
f 358/358/358 359/359/359 360/360/360
f 361/361/361 362/362/362 363/363/363
f 364/364/364 365/365/365 366/366/366
f 367/367/367 368/368/368 369/369/369
f 370/370/370 371/371/371 372/372/372
f 373/373/373 374/374/374 375/375/375
f 376/376/376 377/377/377 378/378/378
f 379/379/379 380/380/380 381/381/381
f 382/382/382 383/383/383 384/384/384
f 385/385/385 386/386/386 387/387/387
f 388/388/388 389/389/389 390/390/390
f 391/391/391 392/392/392 393/393/393
f 394/394/394 395/395/395 396/396/396
f 397/397/397 398/398/398 399/399/399
f 400/400/400 401/401/401 402/402/402
f 403/403/403 404/404/404 405/405/405
f 406/406/406 407/407/407 408/408/408
f 409/409/409 410/410/410 411/411/411
f 412/412/412 413/413/413 414/414/414
f 415/415/415 416/416/416 417/417/417
f 418/418/418 419/419/419 420/420/420
f 421/421/421 422/422/422 423/423/423
f 424/424/424 425/425/425 426/426/426
f 427/427/427 428/428/428 429/429/429
f 430/430/430 431/431/431 432/432/432
f 433/433/433 434/434/434 435/435/435
f 436/436/436 437/437/437 438/438/438
f 439/439/439 440/440/440 441/441/441
f 442/442/442 443/443/443 444/444/444
f 445/445/445 446/446/446 447/447/447
f 448/448/448 449/449/449 450/450/450
f 451/451/451 452/452/452 453/453/453
f 454/454/454 455/455/455 456/456/456
f 457/457/457 458/458/458 459/459/459
f 460/460/460 461/461/461 462/462/462
f 463/463/463 464/464/464 465/465/465
f 466/466/466 467/467/467 468/468/468
f 469/469/469 470/470/470 471/471/471
f 472/472/472 473/473/473 474/474/474
f 475/475/475 476/476/476 477/477/477
f 478/478/478 479/479/479 480/480/480
f 481/481/481 482/482/482 483/483/483
f 484/484/484 485/485/485 486/486/486
f 487/487/487 488/488/488 489/489/489
f 490/490/490 491/491/491 492/492/492
f 493/493/493 494/494/494 495/495/495
f 496/496/496 497/497/497 498/498/498
f 499/499/499 500/500/500 501/501/501
f 502/502/502 503/503/503 504/504/504
f 505/505/505 506/506/506 507/507/507
f 508/508/508 509/509/509 510/510/510
f 511/511/511 512/512/512 513/513/513
f 514/514/514 515/515/515 516/516/516
f 517/517/517 518/518/518 519/519/519
f 520/520/520 521/521/521 522/522/522
f 523/523/523 524/524/524 525/525/525
f 526/526/526 527/527/527 528/528/528
f 529/529/529 530/530/530 531/531/531
f 532/532/532 533/533/533 534/534/534
f 535/535/535 536/536/536 537/537/537
f 538/538/538 539/539/539 540/540/540
f 541/541/541 542/542/542 543/543/543
f 544/544/544 545/545/545 546/546/546
f 547/547/547 548/548/548 549/549/549
f 550/550/550 551/551/551 552/552/552
f 553/553/553 554/554/554 555/555/555
f 556/556/556 557/557/557 558/558/558
f 559/559/559 560/560/560 561/561/561
f 562/562/562 563/563/563 564/564/564
f 565/565/565 566/566/566 567/567/567
f 568/568/568 569/569/569 570/570/570
f 571/571/571 572/572/572 573/573/573
f 574/574/574 575/575/575 576/576/576
f 577/577/577 578/578/578 579/579/579
f 580/580/580 581/581/581 582/582/582
f 583/583/583 584/584/584 585/585/585
f 586/586/586 587/587/587 588/588/588
f 589/589/589 590/590/590 591/591/591
f 592/592/592 593/593/593 594/594/594
f 595/595/595 596/596/596 597/597/597
f 598/598/598 599/599/599 600/600/600
f 601/601/601 602/602/602 603/603/603
f 604/604/604 605/605/605 606/606/606
f 607/607/607 608/608/608 609/609/609
f 610/610/610 611/611/611 612/612/612
f 613/613/613 614/614/614 615/615/615
f 616/616/616 617/617/617 618/618/618
f 619/619/619 620/620/620 621/621/621
f 622/622/622 623/623/623 624/624/624
f 625/625/625 626/626/626 627/627/627
f 628/628/628 629/629/629 630/630/630
f 631/631/631 632/632/632 633/633/633
f 634/634/634 635/635/635 636/636/636
f 637/637/637 638/638/638 639/639/639
f 640/640/640 641/641/641 642/642/642
f 643/643/643 644/644/644 645/645/645
f 646/646/646 647/647/647 648/648/648
f 649/649/649 650/650/650 651/651/651
f 652/652/652 653/653/653 654/654/654
f 655/655/655 656/656/656 657/657/657
f 658/658/658 659/659/659 660/660/660
f 661/661/661 662/662/662 663/663/663
f 664/664/664 665/665/665 666/666/666
f 667/667/667 668/668/668 669/669/669
f 670/670/670 671/671/671 672/672/672
f 673/673/673 674/674/674 675/675/675
f 676/676/676 677/677/677 678/678/678
f 679/679/679 680/680/680 681/681/681
f 682/682/682 683/683/683 684/684/684
f 685/685/685 686/686/686 687/687/687
f 688/688/688 689/689/689 690/690/690
f 691/691/691 692/692/692 693/693/693
f 694/694/694 695/695/695 696/696/696
f 697/697/697 698/698/698 699/699/699
f 700/700/700 701/701/701 702/702/702
f 703/703/703 704/704/704 705/705/705
f 706/706/706 707/707/707 708/708/708
f 709/709/709 710/710/710 711/711/711
f 712/712/712 713/713/713 714/714/714
f 715/715/715 716/716/716 717/717/717
f 718/718/718 719/719/719 720/720/720
f 721/721/721 722/722/722 723/723/723
f 724/724/724 725/725/725 726/726/726
f 727/727/727 728/728/728 729/729/729
f 730/730/730 731/731/731 732/732/732
f 733/733/733 734/734/734 735/735/735
f 736/736/736 737/737/737 738/738/738
f 739/739/739 740/740/740 741/741/741
f 742/742/742 743/743/743 744/744/744
f 745/745/745 746/746/746 747/747/747
f 748/748/748 749/749/749 750/750/750
f 751/751/751 752/752/752 753/753/753
f 754/754/754 755/755/755 756/756/756
f 757/757/757 758/758/758 759/759/759
f 760/760/760 761/761/761 762/762/762
f 763/763/763 764/764/764 765/765/765
f 766/766/766 767/767/767 768/768/768
f 769/769/769 770/770/770 771/771/771
f 772/772/772 773/773/773 774/774/774
f 775/775/775 776/776/776 777/777/777
f 778/778/778 779/779/779 780/780/780
f 781/781/781 782/782/782 783/783/783
f 784/784/784 785/785/785 786/786/786
f 787/787/787 788/788/788 789/789/789
f 790/790/790 791/791/791 792/792/792
f 793/793/793 794/794/794 795/795/795
f 796/796/796 797/797/797 798/798/798
f 799/799/799 800/800/800 801/801/801
f 802/802/802 803/803/803 804/804/804
f 805/805/805 806/806/806 807/807/807
f 808/808/808 809/809/809 810/810/810
f 811/811/811 812/812/812 813/813/813
f 814/814/814 815/815/815 816/816/816
f 817/817/817 818/818/818 819/819/819
f 820/820/820 821/821/821 822/822/822
f 823/823/823 824/824/824 825/825/825
f 826/826/826 827/827/827 828/828/828
f 829/829/829 830/830/830 831/831/831
f 832/832/832 833/833/833 834/834/834
f 835/835/835 836/836/836 837/837/837
f 838/838/838 839/839/839 840/840/840
f 841/841/841 842/842/842 843/843/843
f 844/844/844 845/845/845 846/846/846
f 847/847/847 848/848/848 849/849/849
f 850/850/850 851/851/851 852/852/852
f 853/853/853 854/854/854 855/855/855
f 856/856/856 857/857/857 858/858/858
f 859/859/859 860/860/860 861/861/861
f 862/862/862 863/863/863 864/864/864
f 865/865/865 866/866/866 867/867/867
f 868/868/868 869/869/869 870/870/870
f 871/871/871 872/872/872 873/873/873
f 874/874/874 875/875/875 876/876/876
f 877/877/877 878/878/878 879/879/879
f 880/880/880 881/881/881 882/882/882
f 883/883/883 884/884/884 885/885/885
f 886/886/886 887/887/887 888/888/888
f 889/889/889 890/890/890 891/891/891
f 892/892/892 893/893/893 894/894/894
f 895/895/895 896/896/896 897/897/897
f 898/898/898 899/899/899 900/900/900
f 901/901/901 902/902/902 903/903/903
f 904/904/904 905/905/905 906/906/906
f 907/907/907 908/908/908 909/909/909
f 910/910/910 911/911/911 912/912/912
f 913/913/913 914/914/914 915/915/915
f 916/916/916 917/917/917 918/918/918
f 919/919/919 920/920/920 921/921/921
f 922/922/922 923/923/923 924/924/924
f 925/925/925 926/926/926 927/927/927
f 928/928/928 929/929/929 930/930/930
f 931/931/931 932/932/932 933/933/933
f 934/934/934 935/935/935 936/936/936
f 937/937/937 938/938/938 939/939/939
f 940/940/940 941/941/941 942/942/942
f 943/943/943 944/944/944 945/945/945
f 946/946/946 947/947/947 948/948/948
f 949/949/949 950/950/950 951/951/951
f 952/952/952 953/953/953 954/954/954
f 955/955/955 956/956/956 957/957/957
f 958/958/958 959/959/959 960/960/960
f 961/961/961 962/962/962 963/963/963
f 964/964/964 965/965/965 966/966/966
f 967/967/967 968/968/968 969/969/969
f 970/970/970 971/971/971 972/972/972
f 973/973/973 974/974/974 975/975/975
f 976/976/976 977/977/977 978/978/978
f 979/979/979 980/980/980 981/981/981
f 982/982/982 983/983/983 984/984/984
f 985/985/985 986/986/986 987/987/987
f 988/988/988 989/989/989 990/990/990
f 991/991/991 992/992/992 993/993/993
f 994/994/994 995/995/995 996/996/996
f 997/997/997 998/998/998 999/999/999
f 1000/1000/1000 1001/1001/1001 1002/1002/1002
f 1003/1003/1003 1004/1004/1004 1005/1005/1005
f 1006/1006/1006 1007/1007/1007 1008/1008/1008
f 1009/1009/1009 1010/1010/1010 1011/1011/1011
f 1012/1012/1012 1013/1013/1013 1014/1014/1014
f 1015/1015/1015 1016/1016/1016 1017/1017/1017
f 1018/1018/1018 1019/1019/1019 1020/1020/1020
f 1021/1021/1021 1022/1022/1022 1023/1023/1023
f 1024/1024/1024 1025/1025/1025 1026/1026/1026
f 1027/1027/1027 1028/1028/1028 1029/1029/1029
f 1030/1030/1030 1031/1031/1031 1032/1032/1032
f 1033/1033/1033 1034/1034/1034 1035/1035/1035
f 1036/1036/1036 1037/1037/1037 1038/1038/1038
f 1039/1039/1039 1040/1040/1040 1041/1041/1041
f 1042/1042/1042 1043/1043/1043 1044/1044/1044
f 1045/1045/1045 1046/1046/1046 1047/1047/1047
f 1048/1048/1048 1049/1049/1049 1050/1050/1050
f 1051/1051/1051 1052/1052/1052 1053/1053/1053
f 1054/1054/1054 1055/1055/1055 1056/1056/1056
f 1057/1057/1057 1058/1058/1058 1059/1059/1059
f 1060/1060/1060 1061/1061/1061 1062/1062/1062
f 1063/1063/1063 1064/1064/1064 1065/1065/1065
f 1066/1066/1066 1067/1067/1067 1068/1068/1068
f 1069/1069/1069 1070/1070/1070 1071/1071/1071
f 1072/1072/1072 1073/1073/1073 1074/1074/1074
f 1075/1075/1075 1076/1076/1076 1077/1077/1077
f 1078/1078/1078 1079/1079/1079 1080/1080/1080
f 1081/1081/1081 1082/1082/1082 1083/1083/1083
f 1084/1084/1084 1085/1085/1085 1086/1086/1086
f 1087/1087/1087 1088/1088/1088 1089/1089/1089
f 1090/1090/1090 1091/1091/1091 1092/1092/1092
f 1093/1093/1093 1094/1094/1094 1095/1095/1095
f 1096/1096/1096 1097/1097/1097 1098/1098/1098
f 1099/1099/1099 1100/1100/1100 1101/1101/1101
f 1102/1102/1102 1103/1103/1103 1104/1104/1104
f 1105/1105/1105 1106/1106/1106 1107/1107/1107
f 1108/1108/1108 1109/1109/1109 1110/1110/1110
f 1111/1111/1111 1112/1112/1112 1113/1113/1113
f 1114/1114/1114 1115/1115/1115 1116/1116/1116
f 1117/1117/1117 1118/1118/1118 1119/1119/1119
f 1120/1120/1120 1121/1121/1121 1122/1122/1122
f 1123/1123/1123 1124/1124/1124 1125/1125/1125
f 1126/1126/1126 1127/1127/1127 1128/1128/1128
f 1129/1129/1129 1130/1130/1130 1131/1131/1131
f 1132/1132/1132 1133/1133/1133 1134/1134/1134
f 1135/1135/1135 1136/1136/1136 1137/1137/1137
f 1138/1138/1138 1139/1139/1139 1140/1140/1140
f 1141/1141/1141 1142/1142/1142 1143/1143/1143
f 1144/1144/1144 1145/1145/1145 1146/1146/1146
f 1147/1147/1147 1148/1148/1148 1149/1149/1149
f 1150/1150/1150 1151/1151/1151 1152/1152/1152
f 1153/1153/1153 1154/1154/1154 1155/1155/1155
f 1156/1156/1156 1157/1157/1157 1158/1158/1158
f 1159/1159/1159 1160/1160/1160 1161/1161/1161
f 1162/1162/1162 1163/1163/1163 1164/1164/1164
f 1165/1165/1165 1166/1166/1166 1167/1167/1167
f 1168/1168/1168 1169/1169/1169 1170/1170/1170
f 1171/1171/1171 1172/1172/1172 1173/1173/1173
f 1174/1174/1174 1175/1175/1175 1176/1176/1176
f 1177/1177/1177 1178/1178/1178 1179/1179/1179
f 1180/1180/1180 1181/1181/1181 1182/1182/1182
f 1183/1183/1183 1184/1184/1184 1185/1185/1185
f 1186/1186/1186 1187/1187/1187 1188/1188/1188
f 1189/1189/1189 1190/1190/1190 1191/1191/1191
f 1192/1192/1192 1193/1193/1193 1194/1194/1194
f 1195/1195/1195 1196/1196/1196 1197/1197/1197
f 1198/1198/1198 1199/1199/1199 1200/1200/1200
f 1201/1201/1201 1202/1202/1202 1203/1203/1203
f 1204/1204/1204 1205/1205/1205 1206/1206/1206
f 1207/1207/1207 1208/1208/1208 1209/1209/1209
f 1210/1210/1210 1211/1211/1211 1212/1212/1212
f 1213/1213/1213 1214/1214/1214 1215/1215/1215
f 1216/1216/1216 1217/1217/1217 1218/1218/1218
f 1219/1219/1219 1220/1220/1220 1221/1221/1221
f 1222/1222/1222 1223/1223/1223 1224/1224/1224
f 1225/1225/1225 1226/1226/1226 1227/1227/1227
f 1228/1228/1228 1229/1229/1229 1230/1230/1230
f 1231/1231/1231 1232/1232/1232 1233/1233/1233
f 1234/1234/1234 1235/1235/1235 1236/1236/1236
f 1237/1237/1237 1238/1238/1238 1239/1239/1239
f 1240/1240/1240 1241/1241/1241 1242/1242/1242
f 1243/1243/1243 1244/1244/1244 1245/1245/1245
f 1246/1246/1246 1247/1247/1247 1248/1248/1248
f 1249/1249/1249 1250/1250/1250 1251/1251/1251
f 1252/1252/1252 1253/1253/1253 1254/1254/1254
f 1255/1255/1255 1256/1256/1256 1257/1257/1257
f 1258/1258/1258 1259/1259/1259 1260/1260/1260
f 1261/1261/1261 1262/1262/1262 1263/1263/1263
f 1264/1264/1264 1265/1265/1265 1266/1266/1266
f 1267/1267/1267 1268/1268/1268 1269/1269/1269
f 1270/1270/1270 1271/1271/1271 1272/1272/1272
f 1273/1273/1273 1274/1274/1274 1275/1275/1275
f 1276/1276/1276 1277/1277/1277 1278/1278/1278
f 1279/1279/1279 1280/1280/1280 1281/1281/1281
f 1282/1282/1282 1283/1283/1283 1284/1284/1284
f 1285/1285/1285 1286/1286/1286 1287/1287/1287
f 1288/1288/1288 1289/1289/1289 1290/1290/1290
f 1291/1291/1291 1292/1292/1292 1293/1293/1293
f 1294/1294/1294 1295/1295/1295 1296/1296/1296
f 1297/1297/1297 1298/1298/1298 1299/1299/1299
f 1300/1300/1300 1301/1301/1301 1302/1302/1302
f 1303/1303/1303 1304/1304/1304 1305/1305/1305
f 1306/1306/1306 1307/1307/1307 1308/1308/1308
f 1309/1309/1309 1310/1310/1310 1311/1311/1311
f 1312/1312/1312 1313/1313/1313 1314/1314/1314
f 1315/1315/1315 1316/1316/1316 1317/1317/1317
f 1318/1318/1318 1319/1319/1319 1320/1320/1320
f 1321/1321/1321 1322/1322/1322 1323/1323/1323
f 1324/1324/1324 1325/1325/1325 1326/1326/1326
f 1327/1327/1327 1328/1328/1328 1329/1329/1329
f 1330/1330/1330 1331/1331/1331 1332/1332/1332
f 1333/1333/1333 1334/1334/1334 1335/1335/1335
f 1336/1336/1336 1337/1337/1337 1338/1338/1338
f 1339/1339/1339 1340/1340/1340 1341/1341/1341
f 1342/1342/1342 1343/1343/1343 1344/1344/1344
f 1345/1345/1345 1346/1346/1346 1347/1347/1347
f 1348/1348/1348 1349/1349/1349 1350/1350/1350
f 1351/1351/1351 1352/1352/1352 1353/1353/1353
f 1354/1354/1354 1355/1355/1355 1356/1356/1356
f 1357/1357/1357 1358/1358/1358 1359/1359/1359
f 1360/1360/1360 1361/1361/1361 1362/1362/1362
f 1363/1363/1363 1364/1364/1364 1365/1365/1365
f 1366/1366/1366 1367/1367/1367 1368/1368/1368
f 1369/1369/1369 1370/1370/1370 1371/1371/1371
f 1372/1372/1372 1373/1373/1373 1374/1374/1374
f 1375/1375/1375 1376/1376/1376 1377/1377/1377
f 1378/1378/1378 1379/1379/1379 1380/1380/1380
f 1381/1381/1381 1382/1382/1382 1383/1383/1383
f 1384/1384/1384 1385/1385/1385 1386/1386/1386
f 1387/1387/1387 1388/1388/1388 1389/1389/1389
f 1390/1390/1390 1391/1391/1391 1392/1392/1392
f 1393/1393/1393 1394/1394/1394 1395/1395/1395
f 1396/1396/1396 1397/1397/1397 1398/1398/1398
f 1399/1399/1399 1400/1400/1400 1401/1401/1401
f 1402/1402/1402 1403/1403/1403 1404/1404/1404
f 1405/1405/1405 1406/1406/1406 1407/1407/1407
f 1408/1408/1408 1409/1409/1409 1410/1410/1410
f 1411/1411/1411 1412/1412/1412 1413/1413/1413
f 1414/1414/1414 1415/1415/1415 1416/1416/1416
f 1417/1417/1417 1418/1418/1418 1419/1419/1419
f 1420/1420/1420 1421/1421/1421 1422/1422/1422
f 1423/1423/1423 1424/1424/1424 1425/1425/1425
f 1426/1426/1426 1427/1427/1427 1428/1428/1428
f 1429/1429/1429 1430/1430/1430 1431/1431/1431
f 1432/1432/1432 1433/1433/1433 1434/1434/1434
f 1435/1435/1435 1436/1436/1436 1437/1437/1437
f 1438/1438/1438 1439/1439/1439 1440/1440/1440
f 1441/1441/1441 1442/1442/1442 1443/1443/1443
f 1444/1444/1444 1445/1445/1445 1446/1446/1446
f 1447/1447/1447 1448/1448/1448 1449/1449/1449
f 1450/1450/1450 1451/1451/1451 1452/1452/1452
f 1453/1453/1453 1454/1454/1454 1455/1455/1455
f 1456/1456/1456 1457/1457/1457 1458/1458/1458
f 1459/1459/1459 1460/1460/1460 1461/1461/1461
f 1462/1462/1462 1463/1463/1463 1464/1464/1464
f 1465/1465/1465 1466/1466/1466 1467/1467/1467
f 1468/1468/1468 1469/1469/1469 1470/1470/1470
f 1471/1471/1471 1472/1472/1472 1473/1473/1473
f 1474/1474/1474 1475/1475/1475 1476/1476/1476
f 1477/1477/1477 1478/1478/1478 1479/1479/1479
f 1480/1480/1480 1481/1481/1481 1482/1482/1482
f 1483/1483/1483 1484/1484/1484 1485/1485/1485
f 1486/1486/1486 1487/1487/1487 1488/1488/1488
f 1489/1489/1489 1490/1490/1490 1491/1491/1491
f 1492/1492/1492 1493/1493/1493 1494/1494/1494
f 1495/1495/1495 1496/1496/1496 1497/1497/1497
f 1498/1498/1498 1499/1499/1499 1500/1500/1500
f 1501/1501/1501 1502/1502/1502 1503/1503/1503
f 1504/1504/1504 1505/1505/1505 1506/1506/1506
f 1507/1507/1507 1508/1508/1508 1509/1509/1509
f 1510/1510/1510 1511/1511/1511 1512/1512/1512
f 1513/1513/1513 1514/1514/1514 1515/1515/1515
f 1516/1516/1516 1517/1517/1517 1518/1518/1518
f 1519/1519/1519 1520/1520/1520 1521/1521/1521
f 1522/1522/1522 1523/1523/1523 1524/1524/1524
f 1525/1525/1525 1526/1526/1526 1527/1527/1527
f 1528/1528/1528 1529/1529/1529 1530/1530/1530
f 1531/1531/1531 1532/1532/1532 1533/1533/1533
f 1534/1534/1534 1535/1535/1535 1536/1536/1536
f 1537/1537/1537 1538/1538/1538 1539/1539/1539
f 1540/1540/1540 1541/1541/1541 1542/1542/1542
f 1543/1543/1543 1544/1544/1544 1545/1545/1545
f 1546/1546/1546 1547/1547/1547 1548/1548/1548
f 1549/1549/1549 1550/1550/1550 1551/1551/1551
f 1552/1552/1552 1553/1553/1553 1554/1554/1554
f 1555/1555/1555 1556/1556/1556 1557/1557/1557
f 1558/1558/1558 1559/1559/1559 1560/1560/1560
f 1561/1561/1561 1562/1562/1562 1563/1563/1563
f 1564/1564/1564 1565/1565/1565 1566/1566/1566
f 1567/1567/1567 1568/1568/1568 1569/1569/1569
f 1570/1570/1570 1571/1571/1571 1572/1572/1572
f 1573/1573/1573 1574/1574/1574 1575/1575/1575
f 1576/1576/1576 1577/1577/1577 1578/1578/1578
f 1579/1579/1579 1580/1580/1580 1581/1581/1581
f 1582/1582/1582 1583/1583/1583 1584/1584/1584
f 1585/1585/1585 1586/1586/1586 1587/1587/1587
f 1588/1588/1588 1589/1589/1589 1590/1590/1590
f 1591/1591/1591 1592/1592/1592 1593/1593/1593
f 1594/1594/1594 1595/1595/1595 1596/1596/1596
f 1597/1597/1597 1598/1598/1598 1599/1599/1599
f 1600/1600/1600 1601/1601/1601 1602/1602/1602
f 1603/1603/1603 1604/1604/1604 1605/1605/1605
f 1606/1606/1606 1607/1607/1607 1608/1608/1608
f 1609/1609/1609 1610/1610/1610 1611/1611/1611
f 1612/1612/1612 1613/1613/1613 1614/1614/1614
f 1615/1615/1615 1616/1616/1616 1617/1617/1617
f 1618/1618/1618 1619/1619/1619 1620/1620/1620
f 1621/1621/1621 1622/1622/1622 1623/1623/1623
f 1624/1624/1624 1625/1625/1625 1626/1626/1626
f 1627/1627/1627 1628/1628/1628 1629/1629/1629
f 1630/1630/1630 1631/1631/1631 1632/1632/1632
f 1633/1633/1633 1634/1634/1634 1635/1635/1635
f 1636/1636/1636 1637/1637/1637 1638/1638/1638
f 1639/1639/1639 1640/1640/1640 1641/1641/1641
f 1642/1642/1642 1643/1643/1643 1644/1644/1644
f 1645/1645/1645 1646/1646/1646 1647/1647/1647
f 1648/1648/1648 1649/1649/1649 1650/1650/1650
f 1651/1651/1651 1652/1652/1652 1653/1653/1653
f 1654/1654/1654 1655/1655/1655 1656/1656/1656
f 1657/1657/1657 1658/1658/1658 1659/1659/1659
f 1660/1660/1660 1661/1661/1661 1662/1662/1662
f 1663/1663/1663 1664/1664/1664 1665/1665/1665
f 1666/1666/1666 1667/1667/1667 1668/1668/1668
f 1669/1669/1669 1670/1670/1670 1671/1671/1671
f 1672/1672/1672 1673/1673/1673 1674/1674/1674
f 1675/1675/1675 1676/1676/1676 1677/1677/1677
f 1678/1678/1678 1679/1679/1679 1680/1680/1680
f 1681/1681/1681 1682/1682/1682 1683/1683/1683
f 1684/1684/1684 1685/1685/1685 1686/1686/1686
f 1687/1687/1687 1688/1688/1688 1689/1689/1689
f 1690/1690/1690 1691/1691/1691 1692/1692/1692
f 1693/1693/1693 1694/1694/1694 1695/1695/1695
f 1696/1696/1696 1697/1697/1697 1698/1698/1698
f 1699/1699/1699 1700/1700/1700 1701/1701/1701
f 1702/1702/1702 1703/1703/1703 1704/1704/1704
f 1705/1705/1705 1706/1706/1706 1707/1707/1707
f 1708/1708/1708 1709/1709/1709 1710/1710/1710
f 1711/1711/1711 1712/1712/1712 1713/1713/1713
f 1714/1714/1714 1715/1715/1715 1716/1716/1716
f 1717/1717/1717 1718/1718/1718 1719/1719/1719
f 1720/1720/1720 1721/1721/1721 1722/1722/1722
f 1723/1723/1723 1724/1724/1724 1725/1725/1725
f 1726/1726/1726 1727/1727/1727 1728/1728/1728
f 1729/1729/1729 1730/1730/1730 1731/1731/1731
f 1732/1732/1732 1733/1733/1733 1734/1734/1734
f 1735/1735/1735 1736/1736/1736 1737/1737/1737
f 1738/1738/1738 1739/1739/1739 1740/1740/1740
f 1741/1741/1741 1742/1742/1742 1743/1743/1743
f 1744/1744/1744 1745/1745/1745 1746/1746/1746
f 1747/1747/1747 1748/1748/1748 1749/1749/1749
f 1750/1750/1750 1751/1751/1751 1752/1752/1752
f 1753/1753/1753 1754/1754/1754 1755/1755/1755
f 1756/1756/1756 1757/1757/1757 1758/1758/1758
f 1759/1759/1759 1760/1760/1760 1761/1761/1761
f 1762/1762/1762 1763/1763/1763 1764/1764/1764
f 1765/1765/1765 1766/1766/1766 1767/1767/1767
f 1768/1768/1768 1769/1769/1769 1770/1770/1770
f 1771/1771/1771 1772/1772/1772 1773/1773/1773
f 1774/1774/1774 1775/1775/1775 1776/1776/1776
f 1777/1777/1777 1778/1778/1778 1779/1779/1779
f 1780/1780/1780 1781/1781/1781 1782/1782/1782
f 1783/1783/1783 1784/1784/1784 1785/1785/1785
f 1786/1786/1786 1787/1787/1787 1788/1788/1788
f 1789/1789/1789 1790/1790/1790 1791/1791/1791
f 1792/1792/1792 1793/1793/1793 1794/1794/1794
f 1795/1795/1795 1796/1796/1796 1797/1797/1797
f 1798/1798/1798 1799/1799/1799 1800/1800/1800
f 1801/1801/1801 1802/1802/1802 1803/1803/1803
f 1804/1804/1804 1805/1805/1805 1806/1806/1806
f 1807/1807/1807 1808/1808/1808 1809/1809/1809
f 1810/1810/1810 1811/1811/1811 1812/1812/1812
f 1813/1813/1813 1814/1814/1814 1815/1815/1815
f 1816/1816/1816 1817/1817/1817 1818/1818/1818
f 1819/1819/1819 1820/1820/1820 1821/1821/1821
f 1822/1822/1822 1823/1823/1823 1824/1824/1824
f 1825/1825/1825 1826/1826/1826 1827/1827/1827
f 1828/1828/1828 1829/1829/1829 1830/1830/1830
f 1831/1831/1831 1832/1832/1832 1833/1833/1833
f 1834/1834/1834 1835/1835/1835 1836/1836/1836
f 1837/1837/1837 1838/1838/1838 1839/1839/1839
f 1840/1840/1840 1841/1841/1841 1842/1842/1842
f 1843/1843/1843 1844/1844/1844 1845/1845/1845
f 1846/1846/1846 1847/1847/1847 1848/1848/1848
f 1849/1849/1849 1850/1850/1850 1851/1851/1851
f 1852/1852/1852 1853/1853/1853 1854/1854/1854
f 1855/1855/1855 1856/1856/1856 1857/1857/1857
f 1858/1858/1858 1859/1859/1859 1860/1860/1860
f 1861/1861/1861 1862/1862/1862 1863/1863/1863
f 1864/1864/1864 1865/1865/1865 1866/1866/1866
f 1867/1867/1867 1868/1868/1868 1869/1869/1869
f 1870/1870/1870 1871/1871/1871 1872/1872/1872
f 1873/1873/1873 1874/1874/1874 1875/1875/1875
f 1876/1876/1876 1877/1877/1877 1878/1878/1878
f 1879/1879/1879 1880/1880/1880 1881/1881/1881
f 1882/1882/1882 1883/1883/1883 1884/1884/1884
f 1885/1885/1885 1886/1886/1886 1887/1887/1887
f 1888/1888/1888 1889/1889/1889 1890/1890/1890
f 1891/1891/1891 1892/1892/1892 1893/1893/1893
f 1894/1894/1894 1895/1895/1895 1896/1896/1896
f 1897/1897/1897 1898/1898/1898 1899/1899/1899
f 1900/1900/1900 1901/1901/1901 1902/1902/1902
f 1903/1903/1903 1904/1904/1904 1905/1905/1905
f 1906/1906/1906 1907/1907/1907 1908/1908/1908
f 1909/1909/1909 1910/1910/1910 1911/1911/1911
f 1912/1912/1912 1913/1913/1913 1914/1914/1914
f 1915/1915/1915 1916/1916/1916 1917/1917/1917
f 1918/1918/1918 1919/1919/1919 1920/1920/1920
f 1921/1921/1921 1922/1922/1922 1923/1923/1923
f 1924/1924/1924 1925/1925/1925 1926/1926/1926
f 1927/1927/1927 1928/1928/1928 1929/1929/1929
f 1930/1930/1930 1931/1931/1931 1932/1932/1932
f 1933/1933/1933 1934/1934/1934 1935/1935/1935
f 1936/1936/1936 1937/1937/1937 1938/1938/1938
f 1939/1939/1939 1940/1940/1940 1941/1941/1941
f 1942/1942/1942 1943/1943/1943 1944/1944/1944
f 1945/1945/1945 1946/1946/1946 1947/1947/1947
f 1948/1948/1948 1949/1949/1949 1950/1950/1950
f 1951/1951/1951 1952/1952/1952 1953/1953/1953
f 1954/1954/1954 1955/1955/1955 1956/1956/1956
f 1957/1957/1957 1958/1958/1958 1959/1959/1959
f 1960/1960/1960 1961/1961/1961 1962/1962/1962
f 1963/1963/1963 1964/1964/1964 1965/1965/1965
f 1966/1966/1966 1967/1967/1967 1968/1968/1968
f 1969/1969/1969 1970/1970/1970 1971/1971/1971
f 1972/1972/1972 1973/1973/1973 1974/1974/1974
f 1975/1975/1975 1976/1976/1976 1977/1977/1977
f 1978/1978/1978 1979/1979/1979 1980/1980/1980
f 1981/1981/1981 1982/1982/1982 1983/1983/1983
f 1984/1984/1984 1985/1985/1985 1986/1986/1986
f 1987/1987/1987 1988/1988/1988 1989/1989/1989
f 1990/1990/1990 1991/1991/1991 1992/1992/1992
f 1993/1993/1993 1994/1994/1994 1995/1995/1995
f 1996/1996/1996 1997/1997/1997 1998/1998/1998
f 1999/1999/1999 2000/2000/2000 2001/2001/2001
f 2002/2002/2002 2003/2003/2003 2004/2004/2004
f 2005/2005/2005 2006/2006/2006 2007/2007/2007
f 2008/2008/2008 2009/2009/2009 2010/2010/2010
f 2011/2011/2011 2012/2012/2012 2013/2013/2013
f 2014/2014/2014 2015/2015/2015 2016/2016/2016
f 2017/2017/2017 2018/2018/2018 2019/2019/2019
f 2020/2020/2020 2021/2021/2021 2022/2022/2022
f 2023/2023/2023 2024/2024/2024 2025/2025/2025
f 2026/2026/2026 2027/2027/2027 2028/2028/2028
f 2029/2029/2029 2030/2030/2030 2031/2031/2031
f 2032/2032/2032 2033/2033/2033 2034/2034/2034
f 2035/2035/2035 2036/2036/2036 2037/2037/2037
f 2038/2038/2038 2039/2039/2039 2040/2040/2040
f 2041/2041/2041 2042/2042/2042 2043/2043/2043
f 2044/2044/2044 2045/2045/2045 2046/2046/2046
f 2047/2047/2047 2048/2048/2048 2049/2049/2049
f 2050/2050/2050 2051/2051/2051 2052/2052/2052
f 2053/2053/2053 2054/2054/2054 2055/2055/2055
f 2056/2056/2056 2057/2057/2057 2058/2058/2058
f 2059/2059/2059 2060/2060/2060 2061/2061/2061
f 2062/2062/2062 2063/2063/2063 2064/2064/2064
f 2065/2065/2065 2066/2066/2066 2067/2067/2067
f 2068/2068/2068 2069/2069/2069 2070/2070/2070
f 2071/2071/2071 2072/2072/2072 2073/2073/2073
f 2074/2074/2074 2075/2075/2075 2076/2076/2076
f 2077/2077/2077 2078/2078/2078 2079/2079/2079
f 2080/2080/2080 2081/2081/2081 2082/2082/2082
f 2083/2083/2083 2084/2084/2084 2085/2085/2085
f 2086/2086/2086 2087/2087/2087 2088/2088/2088
f 2089/2089/2089 2090/2090/2090 2091/2091/2091
f 2092/2092/2092 2093/2093/2093 2094/2094/2094
f 2095/2095/2095 2096/2096/2096 2097/2097/2097
f 2098/2098/2098 2099/2099/2099 2100/2100/2100
f 2101/2101/2101 2102/2102/2102 2103/2103/2103
f 2104/2104/2104 2105/2105/2105 2106/2106/2106
f 2107/2107/2107 2108/2108/2108 2109/2109/2109
f 2110/2110/2110 2111/2111/2111 2112/2112/2112
f 2113/2113/2113 2114/2114/2114 2115/2115/2115
f 2116/2116/2116 2117/2117/2117 2118/2118/2118
f 2119/2119/2119 2120/2120/2120 2121/2121/2121
f 2122/2122/2122 2123/2123/2123 2124/2124/2124
f 2125/2125/2125 2126/2126/2126 2127/2127/2127
f 2128/2128/2128 2129/2129/2129 2130/2130/2130
f 2131/2131/2131 2132/2132/2132 2133/2133/2133
f 2134/2134/2134 2135/2135/2135 2136/2136/2136
f 2137/2137/2137 2138/2138/2138 2139/2139/2139
f 2140/2140/2140 2141/2141/2141 2142/2142/2142
f 2143/2143/2143 2144/2144/2144 2145/2145/2145
f 2146/2146/2146 2147/2147/2147 2148/2148/2148
f 2149/2149/2149 2150/2150/2150 2151/2151/2151
f 2152/2152/2152 2153/2153/2153 2154/2154/2154
f 2155/2155/2155 2156/2156/2156 2157/2157/2157
f 2158/2158/2158 2159/2159/2159 2160/2160/2160
f 2161/2161/2161 2162/2162/2162 2163/2163/2163
f 2164/2164/2164 2165/2165/2165 2166/2166/2166
f 2167/2167/2167 2168/2168/2168 2169/2169/2169
f 2170/2170/2170 2171/2171/2171 2172/2172/2172
f 2173/2173/2173 2174/2174/2174 2175/2175/2175
f 2176/2176/2176 2177/2177/2177 2178/2178/2178
f 2179/2179/2179 2180/2180/2180 2181/2181/2181
f 2182/2182/2182 2183/2183/2183 2184/2184/2184
f 2185/2185/2185 2186/2186/2186 2187/2187/2187
f 2188/2188/2188 2189/2189/2189 2190/2190/2190
f 2191/2191/2191 2192/2192/2192 2193/2193/2193
f 2194/2194/2194 2195/2195/2195 2196/2196/2196
f 2197/2197/2197 2198/2198/2198 2199/2199/2199
f 2200/2200/2200 2201/2201/2201 2202/2202/2202
f 2203/2203/2203 2204/2204/2204 2205/2205/2205
f 2206/2206/2206 2207/2207/2207 2208/2208/2208
f 2209/2209/2209 2210/2210/2210 2211/2211/2211
f 2212/2212/2212 2213/2213/2213 2214/2214/2214
f 2215/2215/2215 2216/2216/2216 2217/2217/2217
f 2218/2218/2218 2219/2219/2219 2220/2220/2220
f 2221/2221/2221 2222/2222/2222 2223/2223/2223
f 2224/2224/2224 2225/2225/2225 2226/2226/2226
f 2227/2227/2227 2228/2228/2228 2229/2229/2229
f 2230/2230/2230 2231/2231/2231 2232/2232/2232
f 2233/2233/2233 2234/2234/2234 2235/2235/2235
f 2236/2236/2236 2237/2237/2237 2238/2238/2238
f 2239/2239/2239 2240/2240/2240 2241/2241/2241
f 2242/2242/2242 2243/2243/2243 2244/2244/2244
f 2245/2245/2245 2246/2246/2246 2247/2247/2247
f 2248/2248/2248 2249/2249/2249 2250/2250/2250
f 2251/2251/2251 2252/2252/2252 2253/2253/2253
f 2254/2254/2254 2255/2255/2255 2256/2256/2256
f 2257/2257/2257 2258/2258/2258 2259/2259/2259
f 2260/2260/2260 2261/2261/2261 2262/2262/2262
f 2263/2263/2263 2264/2264/2264 2265/2265/2265
f 2266/2266/2266 2267/2267/2267 2268/2268/2268
f 2269/2269/2269 2270/2270/2270 2271/2271/2271
f 2272/2272/2272 2273/2273/2273 2274/2274/2274
f 2275/2275/2275 2276/2276/2276 2277/2277/2277
f 2278/2278/2278 2279/2279/2279 2280/2280/2280
f 2281/2281/2281 2282/2282/2282 2283/2283/2283
f 2284/2284/2284 2285/2285/2285 2286/2286/2286
f 2287/2287/2287 2288/2288/2288 2289/2289/2289
f 2290/2290/2290 2291/2291/2291 2292/2292/2292
f 2293/2293/2293 2294/2294/2294 2295/2295/2295
f 2296/2296/2296 2297/2297/2297 2298/2298/2298
f 2299/2299/2299 2300/2300/2300 2301/2301/2301
f 2302/2302/2302 2303/2303/2303 2304/2304/2304
f 2305/2305/2305 2306/2306/2306 2307/2307/2307
f 2308/2308/2308 2309/2309/2309 2310/2310/2310
f 2311/2311/2311 2312/2312/2312 2313/2313/2313
f 2314/2314/2314 2315/2315/2315 2316/2316/2316
f 2317/2317/2317 2318/2318/2318 2319/2319/2319
f 2320/2320/2320 2321/2321/2321 2322/2322/2322
f 2323/2323/2323 2324/2324/2324 2325/2325/2325
f 2326/2326/2326 2327/2327/2327 2328/2328/2328
f 2329/2329/2329 2330/2330/2330 2331/2331/2331
f 2332/2332/2332 2333/2333/2333 2334/2334/2334
f 2335/2335/2335 2336/2336/2336 2337/2337/2337
f 2338/2338/2338 2339/2339/2339 2340/2340/2340
f 2341/2341/2341 2342/2342/2342 2343/2343/2343
f 2344/2344/2344 2345/2345/2345 2346/2346/2346
f 2347/2347/2347 2348/2348/2348 2349/2349/2349
f 2350/2350/2350 2351/2351/2351 2352/2352/2352
f 2353/2353/2353 2354/2354/2354 2355/2355/2355
f 2356/2356/2356 2357/2357/2357 2358/2358/2358
f 2359/2359/2359 2360/2360/2360 2361/2361/2361
f 2362/2362/2362 2363/2363/2363 2364/2364/2364
f 2365/2365/2365 2366/2366/2366 2367/2367/2367
f 2368/2368/2368 2369/2369/2369 2370/2370/2370
f 2371/2371/2371 2372/2372/2372 2373/2373/2373
f 2374/2374/2374 2375/2375/2375 2376/2376/2376
f 2377/2377/2377 2378/2378/2378 2379/2379/2379
f 2380/2380/2380 2381/2381/2381 2382/2382/2382
f 2383/2383/2383 2384/2384/2384 2385/2385/2385
f 2386/2386/2386 2387/2387/2387 2388/2388/2388
f 2389/2389/2389 2390/2390/2390 2391/2391/2391
f 2392/2392/2392 2393/2393/2393 2394/2394/2394
f 2395/2395/2395 2396/2396/2396 2397/2397/2397
f 2398/2398/2398 2399/2399/2399 2400/2400/2400
f 2401/2401/2401 2402/2402/2402 2403/2403/2403
f 2404/2404/2404 2405/2405/2405 2406/2406/2406
f 2407/2407/2407 2408/2408/2408 2409/2409/2409
f 2410/2410/2410 2411/2411/2411 2412/2412/2412
f 2413/2413/2413 2414/2414/2414 2415/2415/2415
f 2416/2416/2416 2417/2417/2417 2418/2418/2418
f 2419/2419/2419 2420/2420/2420 2421/2421/2421
f 2422/2422/2422 2423/2423/2423 2424/2424/2424
f 2425/2425/2425 2426/2426/2426 2427/2427/2427
f 2428/2428/2428 2429/2429/2429 2430/2430/2430
f 2431/2431/2431 2432/2432/2432 2433/2433/2433
f 2434/2434/2434 2435/2435/2435 2436/2436/2436
f 2437/2437/2437 2438/2438/2438 2439/2439/2439
f 2440/2440/2440 2441/2441/2441 2442/2442/2442
f 2443/2443/2443 2444/2444/2444 2445/2445/2445
f 2446/2446/2446 2447/2447/2447 2448/2448/2448
f 2449/2449/2449 2450/2450/2450 2451/2451/2451
f 2452/2452/2452 2453/2453/2453 2454/2454/2454
f 2455/2455/2455 2456/2456/2456 2457/2457/2457
f 2458/2458/2458 2459/2459/2459 2460/2460/2460
f 2461/2461/2461 2462/2462/2462 2463/2463/2463
f 2464/2464/2464 2465/2465/2465 2466/2466/2466
f 2467/2467/2467 2468/2468/2468 2469/2469/2469
f 2470/2470/2470 2471/2471/2471 2472/2472/2472
f 2473/2473/2473 2474/2474/2474 2475/2475/2475
f 2476/2476/2476 2477/2477/2477 2478/2478/2478
f 2479/2479/2479 2480/2480/2480 2481/2481/2481
f 2482/2482/2482 2483/2483/2483 2484/2484/2484
f 2485/2485/2485 2486/2486/2486 2487/2487/2487
f 2488/2488/2488 2489/2489/2489 2490/2490/2490
f 2491/2491/2491 2492/2492/2492 2493/2493/2493
f 2494/2494/2494 2495/2495/2495 2496/2496/2496
f 2497/2497/2497 2498/2498/2498 2499/2499/2499
f 2500/2500/2500 2501/2501/2501 2502/2502/2502
f 2503/2503/2503 2504/2504/2504 2505/2505/2505
f 2506/2506/2506 2507/2507/2507 2508/2508/2508
f 2509/2509/2509 2510/2510/2510 2511/2511/2511
f 2512/2512/2512 2513/2513/2513 2514/2514/2514
f 2515/2515/2515 2516/2516/2516 2517/2517/2517
f 2518/2518/2518 2519/2519/2519 2520/2520/2520
f 2521/2521/2521 2522/2522/2522 2523/2523/2523
f 2524/2524/2524 2525/2525/2525 2526/2526/2526
f 2527/2527/2527 2528/2528/2528 2529/2529/2529
f 2530/2530/2530 2531/2531/2531 2532/2532/2532
f 2533/2533/2533 2534/2534/2534 2535/2535/2535
f 2536/2536/2536 2537/2537/2537 2538/2538/2538
f 2539/2539/2539 2540/2540/2540 2541/2541/2541
f 2542/2542/2542 2543/2543/2543 2544/2544/2544
f 2545/2545/2545 2546/2546/2546 2547/2547/2547
f 2548/2548/2548 2549/2549/2549 2550/2550/2550
f 2551/2551/2551 2552/2552/2552 2553/2553/2553
f 2554/2554/2554 2555/2555/2555 2556/2556/2556
f 2557/2557/2557 2558/2558/2558 2559/2559/2559
f 2560/2560/2560 2561/2561/2561 2562/2562/2562
f 2563/2563/2563 2564/2564/2564 2565/2565/2565
f 2566/2566/2566 2567/2567/2567 2568/2568/2568
f 2569/2569/2569 2570/2570/2570 2571/2571/2571
f 2572/2572/2572 2573/2573/2573 2574/2574/2574
f 2575/2575/2575 2576/2576/2576 2577/2577/2577
f 2578/2578/2578 2579/2579/2579 2580/2580/2580
f 2581/2581/2581 2582/2582/2582 2583/2583/2583
f 2584/2584/2584 2585/2585/2585 2586/2586/2586
f 2587/2587/2587 2588/2588/2588 2589/2589/2589
f 2590/2590/2590 2591/2591/2591 2592/2592/2592
f 2593/2593/2593 2594/2594/2594 2595/2595/2595
f 2596/2596/2596 2597/2597/2597 2598/2598/2598
f 2599/2599/2599 2600/2600/2600 2601/2601/2601
f 2602/2602/2602 2603/2603/2603 2604/2604/2604
f 2605/2605/2605 2606/2606/2606 2607/2607/2607
f 2608/2608/2608 2609/2609/2609 2610/2610/2610
f 2611/2611/2611 2612/2612/2612 2613/2613/2613
f 2614/2614/2614 2615/2615/2615 2616/2616/2616
f 2617/2617/2617 2618/2618/2618 2619/2619/2619
f 2620/2620/2620 2621/2621/2621 2622/2622/2622
f 2623/2623/2623 2624/2624/2624 2625/2625/2625
f 2626/2626/2626 2627/2627/2627 2628/2628/2628
f 2629/2629/2629 2630/2630/2630 2631/2631/2631
f 2632/2632/2632 2633/2633/2633 2634/2634/2634
f 2635/2635/2635 2636/2636/2636 2637/2637/2637
f 2638/2638/2638 2639/2639/2639 2640/2640/2640
f 2641/2641/2641 2642/2642/2642 2643/2643/2643
f 2644/2644/2644 2645/2645/2645 2646/2646/2646
f 2647/2647/2647 2648/2648/2648 2649/2649/2649
f 2650/2650/2650 2651/2651/2651 2652/2652/2652
f 2653/2653/2653 2654/2654/2654 2655/2655/2655
f 2656/2656/2656 2657/2657/2657 2658/2658/2658
f 2659/2659/2659 2660/2660/2660 2661/2661/2661
f 2662/2662/2662 2663/2663/2663 2664/2664/2664
f 2665/2665/2665 2666/2666/2666 2667/2667/2667
f 2668/2668/2668 2669/2669/2669 2670/2670/2670
f 2671/2671/2671 2672/2672/2672 2673/2673/2673
f 2674/2674/2674 2675/2675/2675 2676/2676/2676
f 2677/2677/2677 2678/2678/2678 2679/2679/2679
f 2680/2680/2680 2681/2681/2681 2682/2682/2682
f 2683/2683/2683 2684/2684/2684 2685/2685/2685
f 2686/2686/2686 2687/2687/2687 2688/2688/2688
f 2689/2689/2689 2690/2690/2690 2691/2691/2691
f 2692/2692/2692 2693/2693/2693 2694/2694/2694
f 2695/2695/2695 2696/2696/2696 2697/2697/2697
f 2698/2698/2698 2699/2699/2699 2700/2700/2700
f 2701/2701/2701 2702/2702/2702 2703/2703/2703
f 2704/2704/2704 2705/2705/2705 2706/2706/2706
f 2707/2707/2707 2708/2708/2708 2709/2709/2709
f 2710/2710/2710 2711/2711/2711 2712/2712/2712
f 2713/2713/2713 2714/2714/2714 2715/2715/2715
f 2716/2716/2716 2717/2717/2717 2718/2718/2718
f 2719/2719/2719 2720/2720/2720 2721/2721/2721
f 2722/2722/2722 2723/2723/2723 2724/2724/2724
f 2725/2725/2725 2726/2726/2726 2727/2727/2727
f 2728/2728/2728 2729/2729/2729 2730/2730/2730
f 2731/2731/2731 2732/2732/2732 2733/2733/2733
f 2734/2734/2734 2735/2735/2735 2736/2736/2736
f 2737/2737/2737 2738/2738/2738 2739/2739/2739
f 2740/2740/2740 2741/2741/2741 2742/2742/2742
f 2743/2743/2743 2744/2744/2744 2745/2745/2745
f 2746/2746/2746 2747/2747/2747 2748/2748/2748
f 2749/2749/2749 2750/2750/2750 2751/2751/2751
f 2752/2752/2752 2753/2753/2753 2754/2754/2754
f 2755/2755/2755 2756/2756/2756 2757/2757/2757
f 2758/2758/2758 2759/2759/2759 2760/2760/2760
f 2761/2761/2761 2762/2762/2762 2763/2763/2763
f 2764/2764/2764 2765/2765/2765 2766/2766/2766
f 2767/2767/2767 2768/2768/2768 2769/2769/2769
f 2770/2770/2770 2771/2771/2771 2772/2772/2772
f 2773/2773/2773 2774/2774/2774 2775/2775/2775
f 2776/2776/2776 2777/2777/2777 2778/2778/2778
f 2779/2779/2779 2780/2780/2780 2781/2781/2781
f 2782/2782/2782 2783/2783/2783 2784/2784/2784
f 2785/2785/2785 2786/2786/2786 2787/2787/2787
f 2788/2788/2788 2789/2789/2789 2790/2790/2790
f 2791/2791/2791 2792/2792/2792 2793/2793/2793
f 2794/2794/2794 2795/2795/2795 2796/2796/2796
f 2797/2797/2797 2798/2798/2798 2799/2799/2799
f 2800/2800/2800 2801/2801/2801 2802/2802/2802
f 2803/2803/2803 2804/2804/2804 2805/2805/2805
f 2806/2806/2806 2807/2807/2807 2808/2808/2808
f 2809/2809/2809 2810/2810/2810 2811/2811/2811
f 2812/2812/2812 2813/2813/2813 2814/2814/2814
f 2815/2815/2815 2816/2816/2816 2817/2817/2817
f 2818/2818/2818 2819/2819/2819 2820/2820/2820
f 2821/2821/2821 2822/2822/2822 2823/2823/2823
f 2824/2824/2824 2825/2825/2825 2826/2826/2826
f 2827/2827/2827 2828/2828/2828 2829/2829/2829
f 2830/2830/2830 2831/2831/2831 2832/2832/2832
f 2833/2833/2833 2834/2834/2834 2835/2835/2835
f 2836/2836/2836 2837/2837/2837 2838/2838/2838
f 2839/2839/2839 2840/2840/2840 2841/2841/2841
f 2842/2842/2842 2843/2843/2843 2844/2844/2844
f 2845/2845/2845 2846/2846/2846 2847/2847/2847
f 2848/2848/2848 2849/2849/2849 2850/2850/2850
f 2851/2851/2851 2852/2852/2852 2853/2853/2853
f 2854/2854/2854 2855/2855/2855 2856/2856/2856
f 2857/2857/2857 2858/2858/2858 2859/2859/2859
f 2860/2860/2860 2861/2861/2861 2862/2862/2862
f 2863/2863/2863 2864/2864/2864 2865/2865/2865
f 2866/2866/2866 2867/2867/2867 2868/2868/2868
f 2869/2869/2869 2870/2870/2870 2871/2871/2871
f 2872/2872/2872 2873/2873/2873 2874/2874/2874
f 2875/2875/2875 2876/2876/2876 2877/2877/2877
f 2878/2878/2878 2879/2879/2879 2880/2880/2880
f 2881/2881/2881 2882/2882/2882 2883/2883/2883
f 2884/2884/2884 2885/2885/2885 2886/2886/2886
f 2887/2887/2887 2888/2888/2888 2889/2889/2889
f 2890/2890/2890 2891/2891/2891 2892/2892/2892
f 2893/2893/2893 2894/2894/2894 2895/2895/2895
f 2896/2896/2896 2897/2897/2897 2898/2898/2898
f 2899/2899/2899 2900/2900/2900 2901/2901/2901
f 2902/2902/2902 2903/2903/2903 2904/2904/2904
f 2905/2905/2905 2906/2906/2906 2907/2907/2907
f 2908/2908/2908 2909/2909/2909 2910/2910/2910
f 2911/2911/2911 2912/2912/2912 2913/2913/2913
f 2914/2914/2914 2915/2915/2915 2916/2916/2916
f 2917/2917/2917 2918/2918/2918 2919/2919/2919
f 2920/2920/2920 2921/2921/2921 2922/2922/2922
f 2923/2923/2923 2924/2924/2924 2925/2925/2925
f 2926/2926/2926 2927/2927/2927 2928/2928/2928
f 2929/2929/2929 2930/2930/2930 2931/2931/2931
f 2932/2932/2932 2933/2933/2933 2934/2934/2934
f 2935/2935/2935 2936/2936/2936 2937/2937/2937
f 2938/2938/2938 2939/2939/2939 2940/2940/2940
f 2941/2941/2941 2942/2942/2942 2943/2943/2943
f 2944/2944/2944 2945/2945/2945 2946/2946/2946
f 2947/2947/2947 2948/2948/2948 2949/2949/2949
f 2950/2950/2950 2951/2951/2951 2952/2952/2952
f 2953/2953/2953 2954/2954/2954 2955/2955/2955
f 2956/2956/2956 2957/2957/2957 2958/2958/2958
f 2959/2959/2959 2960/2960/2960 2961/2961/2961
f 2962/2962/2962 2963/2963/2963 2964/2964/2964
f 2965/2965/2965 2966/2966/2966 2967/2967/2967
f 2968/2968/2968 2969/2969/2969 2970/2970/2970
f 2971/2971/2971 2972/2972/2972 2973/2973/2973
f 2974/2974/2974 2975/2975/2975 2976/2976/2976
f 2977/2977/2977 2978/2978/2978 2979/2979/2979
f 2980/2980/2980 2981/2981/2981 2982/2982/2982
f 2983/2983/2983 2984/2984/2984 2985/2985/2985
f 2986/2986/2986 2987/2987/2987 2988/2988/2988
f 2989/2989/2989 2990/2990/2990 2991/2991/2991
f 2992/2992/2992 2993/2993/2993 2994/2994/2994
f 2995/2995/2995 2996/2996/2996 2997/2997/2997
f 2998/2998/2998 2999/2999/2999 3000/3000/3000
f 3001/3001/3001 3002/3002/3002 3003/3003/3003
f 3004/3004/3004 3005/3005/3005 3006/3006/3006
f 3007/3007/3007 3008/3008/3008 3009/3009/3009
f 3010/3010/3010 3011/3011/3011 3012/3012/3012
f 3013/3013/3013 3014/3014/3014 3015/3015/3015
f 3016/3016/3016 3017/3017/3017 3018/3018/3018
f 3019/3019/3019 3020/3020/3020 3021/3021/3021
f 3022/3022/3022 3023/3023/3023 3024/3024/3024
f 3025/3025/3025 3026/3026/3026 3027/3027/3027
f 3028/3028/3028 3029/3029/3029 3030/3030/3030
f 3031/3031/3031 3032/3032/3032 3033/3033/3033
f 3034/3034/3034 3035/3035/3035 3036/3036/3036
f 3037/3037/3037 3038/3038/3038 3039/3039/3039
f 3040/3040/3040 3041/3041/3041 3042/3042/3042
f 3043/3043/3043 3044/3044/3044 3045/3045/3045
f 3046/3046/3046 3047/3047/3047 3048/3048/3048
f 3049/3049/3049 3050/3050/3050 3051/3051/3051
f 3052/3052/3052 3053/3053/3053 3054/3054/3054
f 3055/3055/3055 3056/3056/3056 3057/3057/3057
f 3058/3058/3058 3059/3059/3059 3060/3060/3060
f 3061/3061/3061 3062/3062/3062 3063/3063/3063
f 3064/3064/3064 3065/3065/3065 3066/3066/3066
f 3067/3067/3067 3068/3068/3068 3069/3069/3069
f 3070/3070/3070 3071/3071/3071 3072/3072/3072
f 3073/3073/3073 3074/3074/3074 3075/3075/3075
f 3076/3076/3076 3077/3077/3077 3078/3078/3078
f 3079/3079/3079 3080/3080/3080 3081/3081/3081
f 3082/3082/3082 3083/3083/3083 3084/3084/3084
f 3085/3085/3085 3086/3086/3086 3087/3087/3087
f 3088/3088/3088 3089/3089/3089 3090/3090/3090
f 3091/3091/3091 3092/3092/3092 3093/3093/3093
f 3094/3094/3094 3095/3095/3095 3096/3096/3096
f 3097/3097/3097 3098/3098/3098 3099/3099/3099
f 3100/3100/3100 3101/3101/3101 3102/3102/3102
f 3103/3103/3103 3104/3104/3104 3105/3105/3105
f 3106/3106/3106 3107/3107/3107 3108/3108/3108
f 3109/3109/3109 3110/3110/3110 3111/3111/3111
f 3112/3112/3112 3113/3113/3113 3114/3114/3114
f 3115/3115/3115 3116/3116/3116 3117/3117/3117
f 3118/3118/3118 3119/3119/3119 3120/3120/3120
f 3121/3121/3121 3122/3122/3122 3123/3123/3123
f 3124/3124/3124 3125/3125/3125 3126/3126/3126
f 3127/3127/3127 3128/3128/3128 3129/3129/3129
f 3130/3130/3130 3131/3131/3131 3132/3132/3132
f 3133/3133/3133 3134/3134/3134 3135/3135/3135
f 3136/3136/3136 3137/3137/3137 3138/3138/3138
f 3139/3139/3139 3140/3140/3140 3141/3141/3141
f 3142/3142/3142 3143/3143/3143 3144/3144/3144
f 3145/3145/3145 3146/3146/3146 3147/3147/3147
f 3148/3148/3148 3149/3149/3149 3150/3150/3150
f 3151/3151/3151 3152/3152/3152 3153/3153/3153
f 3154/3154/3154 3155/3155/3155 3156/3156/3156
f 3157/3157/3157 3158/3158/3158 3159/3159/3159
f 3160/3160/3160 3161/3161/3161 3162/3162/3162
f 3163/3163/3163 3164/3164/3164 3165/3165/3165
f 3166/3166/3166 3167/3167/3167 3168/3168/3168
f 3169/3169/3169 3170/3170/3170 3171/3171/3171
f 3172/3172/3172 3173/3173/3173 3174/3174/3174
f 3175/3175/3175 3176/3176/3176 3177/3177/3177
f 3178/3178/3178 3179/3179/3179 3180/3180/3180
f 3181/3181/3181 3182/3182/3182 3183/3183/3183
f 3184/3184/3184 3185/3185/3185 3186/3186/3186
f 3187/3187/3187 3188/3188/3188 3189/3189/3189
f 3190/3190/3190 3191/3191/3191 3192/3192/3192
f 3193/3193/3193 3194/3194/3194 3195/3195/3195
f 3196/3196/3196 3197/3197/3197 3198/3198/3198
f 3199/3199/3199 3200/3200/3200 3201/3201/3201
f 3202/3202/3202 3203/3203/3203 3204/3204/3204
f 3205/3205/3205 3206/3206/3206 3207/3207/3207
f 3208/3208/3208 3209/3209/3209 3210/3210/3210
f 3211/3211/3211 3212/3212/3212 3213/3213/3213
f 3214/3214/3214 3215/3215/3215 3216/3216/3216
f 3217/3217/3217 3218/3218/3218 3219/3219/3219
f 3220/3220/3220 3221/3221/3221 3222/3222/3222
f 3223/3223/3223 3224/3224/3224 3225/3225/3225
f 3226/3226/3226 3227/3227/3227 3228/3228/3228
f 3229/3229/3229 3230/3230/3230 3231/3231/3231
f 3232/3232/3232 3233/3233/3233 3234/3234/3234
f 3235/3235/3235 3236/3236/3236 3237/3237/3237
f 3238/3238/3238 3239/3239/3239 3240/3240/3240
f 3241/3241/3241 3242/3242/3242 3243/3243/3243
f 3244/3244/3244 3245/3245/3245 3246/3246/3246
f 3247/3247/3247 3248/3248/3248 3249/3249/3249
f 3250/3250/3250 3251/3251/3251 3252/3252/3252
f 3253/3253/3253 3254/3254/3254 3255/3255/3255
f 3256/3256/3256 3257/3257/3257 3258/3258/3258
f 3259/3259/3259 3260/3260/3260 3261/3261/3261
f 3262/3262/3262 3263/3263/3263 3264/3264/3264
f 3265/3265/3265 3266/3266/3266 3267/3267/3267
f 3268/3268/3268 3269/3269/3269 3270/3270/3270
f 3271/3271/3271 3272/3272/3272 3273/3273/3273
f 3274/3274/3274 3275/3275/3275 3276/3276/3276
f 3277/3277/3277 3278/3278/3278 3279/3279/3279
f 3280/3280/3280 3281/3281/3281 3282/3282/3282
f 3283/3283/3283 3284/3284/3284 3285/3285/3285
f 3286/3286/3286 3287/3287/3287 3288/3288/3288
f 3289/3289/3289 3290/3290/3290 3291/3291/3291
f 3292/3292/3292 3293/3293/3293 3294/3294/3294
f 3295/3295/3295 3296/3296/3296 3297/3297/3297
f 3298/3298/3298 3299/3299/3299 3300/3300/3300
f 3301/3301/3301 3302/3302/3302 3303/3303/3303
f 3304/3304/3304 3305/3305/3305 3306/3306/3306
f 3307/3307/3307 3308/3308/3308 3309/3309/3309
f 3310/3310/3310 3311/3311/3311 3312/3312/3312
f 3313/3313/3313 3314/3314/3314 3315/3315/3315
f 3316/3316/3316 3317/3317/3317 3318/3318/3318
f 3319/3319/3319 3320/3320/3320 3321/3321/3321
f 3322/3322/3322 3323/3323/3323 3324/3324/3324
f 3325/3325/3325 3326/3326/3326 3327/3327/3327
f 3328/3328/3328 3329/3329/3329 3330/3330/3330
f 3331/3331/3331 3332/3332/3332 3333/3333/3333
f 3334/3334/3334 3335/3335/3335 3336/3336/3336
f 3337/3337/3337 3338/3338/3338 3339/3339/3339
f 3340/3340/3340 3341/3341/3341 3342/3342/3342
f 3343/3343/3343 3344/3344/3344 3345/3345/3345
f 3346/3346/3346 3347/3347/3347 3348/3348/3348
f 3349/3349/3349 3350/3350/3350 3351/3351/3351
f 3352/3352/3352 3353/3353/3353 3354/3354/3354
f 3355/3355/3355 3356/3356/3356 3357/3357/3357
f 3358/3358/3358 3359/3359/3359 3360/3360/3360
f 3361/3361/3361 3362/3362/3362 3363/3363/3363
f 3364/3364/3364 3365/3365/3365 3366/3366/3366
f 3367/3367/3367 3368/3368/3368 3369/3369/3369
f 3370/3370/3370 3371/3371/3371 3372/3372/3372
f 3373/3373/3373 3374/3374/3374 3375/3375/3375
f 3376/3376/3376 3377/3377/3377 3378/3378/3378
f 3379/3379/3379 3380/3380/3380 3381/3381/3381
f 3382/3382/3382 3383/3383/3383 3384/3384/3384
f 3385/3385/3385 3386/3386/3386 3387/3387/3387
f 3388/3388/3388 3389/3389/3389 3390/3390/3390
f 3391/3391/3391 3392/3392/3392 3393/3393/3393
f 3394/3394/3394 3395/3395/3395 3396/3396/3396
f 3397/3397/3397 3398/3398/3398 3399/3399/3399
f 3400/3400/3400 3401/3401/3401 3402/3402/3402
f 3403/3403/3403 3404/3404/3404 3405/3405/3405
f 3406/3406/3406 3407/3407/3407 3408/3408/3408
f 3409/3409/3409 3410/3410/3410 3411/3411/3411
f 3412/3412/3412 3413/3413/3413 3414/3414/3414
f 3415/3415/3415 3416/3416/3416 3417/3417/3417
f 3418/3418/3418 3419/3419/3419 3420/3420/3420
f 3421/3421/3421 3422/3422/3422 3423/3423/3423
f 3424/3424/3424 3425/3425/3425 3426/3426/3426
f 3427/3427/3427 3428/3428/3428 3429/3429/3429
f 3430/3430/3430 3431/3431/3431 3432/3432/3432
f 3433/3433/3433 3434/3434/3434 3435/3435/3435
f 3436/3436/3436 3437/3437/3437 3438/3438/3438
f 3439/3439/3439 3440/3440/3440 3441/3441/3441
f 3442/3442/3442 3443/3443/3443 3444/3444/3444
f 3445/3445/3445 3446/3446/3446 3447/3447/3447
f 3448/3448/3448 3449/3449/3449 3450/3450/3450
f 3451/3451/3451 3452/3452/3452 3453/3453/3453
f 3454/3454/3454 3455/3455/3455 3456/3456/3456
f 3457/3457/3457 3458/3458/3458 3459/3459/3459
f 3460/3460/3460 3461/3461/3461 3462/3462/3462
f 3463/3463/3463 3464/3464/3464 3465/3465/3465
f 3466/3466/3466 3467/3467/3467 3468/3468/3468
f 3469/3469/3469 3470/3470/3470 3471/3471/3471
f 3472/3472/3472 3473/3473/3473 3474/3474/3474
f 3475/3475/3475 3476/3476/3476 3477/3477/3477
f 3478/3478/3478 3479/3479/3479 3480/3480/3480
f 3481/3481/3481 3482/3482/3482 3483/3483/3483
f 3484/3484/3484 3485/3485/3485 3486/3486/3486
f 3487/3487/3487 3488/3488/3488 3489/3489/3489
f 3490/3490/3490 3491/3491/3491 3492/3492/3492
f 3493/3493/3493 3494/3494/3494 3495/3495/3495
f 3496/3496/3496 3497/3497/3497 3498/3498/3498
f 3499/3499/3499 3500/3500/3500 3501/3501/3501
f 3502/3502/3502 3503/3503/3503 3504/3504/3504
f 3505/3505/3505 3506/3506/3506 3507/3507/3507
f 3508/3508/3508 3509/3509/3509 3510/3510/3510
f 3511/3511/3511 3512/3512/3512 3513/3513/3513
f 3514/3514/3514 3515/3515/3515 3516/3516/3516
f 3517/3517/3517 3518/3518/3518 3519/3519/3519
f 3520/3520/3520 3521/3521/3521 3522/3522/3522
f 3523/3523/3523 3524/3524/3524 3525/3525/3525
f 3526/3526/3526 3527/3527/3527 3528/3528/3528
f 3529/3529/3529 3530/3530/3530 3531/3531/3531
f 3532/3532/3532 3533/3533/3533 3534/3534/3534
f 3535/3535/3535 3536/3536/3536 3537/3537/3537
f 3538/3538/3538 3539/3539/3539 3540/3540/3540
f 3541/3541/3541 3542/3542/3542 3543/3543/3543
f 3544/3544/3544 3545/3545/3545 3546/3546/3546
f 3547/3547/3547 3548/3548/3548 3549/3549/3549
f 3550/3550/3550 3551/3551/3551 3552/3552/3552
f 3553/3553/3553 3554/3554/3554 3555/3555/3555
f 3556/3556/3556 3557/3557/3557 3558/3558/3558
f 3559/3559/3559 3560/3560/3560 3561/3561/3561
f 3562/3562/3562 3563/3563/3563 3564/3564/3564
f 3565/3565/3565 3566/3566/3566 3567/3567/3567
f 3568/3568/3568 3569/3569/3569 3570/3570/3570
f 3571/3571/3571 3572/3572/3572 3573/3573/3573
f 3574/3574/3574 3575/3575/3575 3576/3576/3576
f 3577/3577/3577 3578/3578/3578 3579/3579/3579
f 3580/3580/3580 3581/3581/3581 3582/3582/3582
f 3583/3583/3583 3584/3584/3584 3585/3585/3585
f 3586/3586/3586 3587/3587/3587 3588/3588/3588
f 3589/3589/3589 3590/3590/3590 3591/3591/3591
f 3592/3592/3592 3593/3593/3593 3594/3594/3594
f 3595/3595/3595 3596/3596/3596 3597/3597/3597
f 3598/3598/3598 3599/3599/3599 3600/3600/3600
f 3601/3601/3601 3602/3602/3602 3603/3603/3603
f 3604/3604/3604 3605/3605/3605 3606/3606/3606
f 3607/3607/3607 3608/3608/3608 3609/3609/3609
f 3610/3610/3610 3611/3611/3611 3612/3612/3612
f 3613/3613/3613 3614/3614/3614 3615/3615/3615
f 3616/3616/3616 3617/3617/3617 3618/3618/3618
f 3619/3619/3619 3620/3620/3620 3621/3621/3621
f 3622/3622/3622 3623/3623/3623 3624/3624/3624
f 3625/3625/3625 3626/3626/3626 3627/3627/3627
f 3628/3628/3628 3629/3629/3629 3630/3630/3630
f 3631/3631/3631 3632/3632/3632 3633/3633/3633
f 3634/3634/3634 3635/3635/3635 3636/3636/3636
f 3637/3637/3637 3638/3638/3638 3639/3639/3639
f 3640/3640/3640 3641/3641/3641 3642/3642/3642
f 3643/3643/3643 3644/3644/3644 3645/3645/3645
f 3646/3646/3646 3647/3647/3647 3648/3648/3648
f 3649/3649/3649 3650/3650/3650 3651/3651/3651
f 3652/3652/3652 3653/3653/3653 3654/3654/3654
f 3655/3655/3655 3656/3656/3656 3657/3657/3657
f 3658/3658/3658 3659/3659/3659 3660/3660/3660
f 3661/3661/3661 3662/3662/3662 3663/3663/3663
f 3664/3664/3664 3665/3665/3665 3666/3666/3666
f 3667/3667/3667 3668/3668/3668 3669/3669/3669
f 3670/3670/3670 3671/3671/3671 3672/3672/3672
f 3673/3673/3673 3674/3674/3674 3675/3675/3675
f 3676/3676/3676 3677/3677/3677 3678/3678/3678
f 3679/3679/3679 3680/3680/3680 3681/3681/3681
f 3682/3682/3682 3683/3683/3683 3684/3684/3684
f 3685/3685/3685 3686/3686/3686 3687/3687/3687
f 3688/3688/3688 3689/3689/3689 3690/3690/3690
f 3691/3691/3691 3692/3692/3692 3693/3693/3693
f 3694/3694/3694 3695/3695/3695 3696/3696/3696
f 3697/3697/3697 3698/3698/3698 3699/3699/3699
f 3700/3700/3700 3701/3701/3701 3702/3702/3702
f 3703/3703/3703 3704/3704/3704 3705/3705/3705
f 3706/3706/3706 3707/3707/3707 3708/3708/3708
f 3709/3709/3709 3710/3710/3710 3711/3711/3711
f 3712/3712/3712 3713/3713/3713 3714/3714/3714
f 3715/3715/3715 3716/3716/3716 3717/3717/3717
f 3718/3718/3718 3719/3719/3719 3720/3720/3720
f 3721/3721/3721 3722/3722/3722 3723/3723/3723
f 3724/3724/3724 3725/3725/3725 3726/3726/3726
f 3727/3727/3727 3728/3728/3728 3729/3729/3729
f 3730/3730/3730 3731/3731/3731 3732/3732/3732
f 3733/3733/3733 3734/3734/3734 3735/3735/3735
f 3736/3736/3736 3737/3737/3737 3738/3738/3738
f 3739/3739/3739 3740/3740/3740 3741/3741/3741
f 3742/3742/3742 3743/3743/3743 3744/3744/3744
f 3745/3745/3745 3746/3746/3746 3747/3747/3747
f 3748/3748/3748 3749/3749/3749 3750/3750/3750
f 3751/3751/3751 3752/3752/3752 3753/3753/3753
f 3754/3754/3754 3755/3755/3755 3756/3756/3756
f 3757/3757/3757 3758/3758/3758 3759/3759/3759
f 3760/3760/3760 3761/3761/3761 3762/3762/3762
f 3763/3763/3763 3764/3764/3764 3765/3765/3765
f 3766/3766/3766 3767/3767/3767 3768/3768/3768
f 3769/3769/3769 3770/3770/3770 3771/3771/3771
f 3772/3772/3772 3773/3773/3773 3774/3774/3774
f 3775/3775/3775 3776/3776/3776 3777/3777/3777
f 3778/3778/3778 3779/3779/3779 3780/3780/3780
f 3781/3781/3781 3782/3782/3782 3783/3783/3783
f 3784/3784/3784 3785/3785/3785 3786/3786/3786
f 3787/3787/3787 3788/3788/3788 3789/3789/3789
f 3790/3790/3790 3791/3791/3791 3792/3792/3792
f 3793/3793/3793 3794/3794/3794 3795/3795/3795
f 3796/3796/3796 3797/3797/3797 3798/3798/3798
f 3799/3799/3799 3800/3800/3800 3801/3801/3801
f 3802/3802/3802 3803/3803/3803 3804/3804/3804
f 3805/3805/3805 3806/3806/3806 3807/3807/3807
f 3808/3808/3808 3809/3809/3809 3810/3810/3810
f 3811/3811/3811 3812/3812/3812 3813/3813/3813
f 3814/3814/3814 3815/3815/3815 3816/3816/3816
f 3817/3817/3817 3818/3818/3818 3819/3819/3819
f 3820/3820/3820 3821/3821/3821 3822/3822/3822
f 3823/3823/3823 3824/3824/3824 3825/3825/3825
f 3826/3826/3826 3827/3827/3827 3828/3828/3828
f 3829/3829/3829 3830/3830/3830 3831/3831/3831
f 3832/3832/3832 3833/3833/3833 3834/3834/3834
f 3835/3835/3835 3836/3836/3836 3837/3837/3837
f 3838/3838/3838 3839/3839/3839 3840/3840/3840
f 3841/3841/3841 3842/3842/3842 3843/3843/3843
f 3844/3844/3844 3845/3845/3845 3846/3846/3846
f 3847/3847/3847 3848/3848/3848 3849/3849/3849
f 3850/3850/3850 3851/3851/3851 3852/3852/3852
f 3853/3853/3853 3854/3854/3854 3855/3855/3855
f 3856/3856/3856 3857/3857/3857 3858/3858/3858
f 3859/3859/3859 3860/3860/3860 3861/3861/3861
f 3862/3862/3862 3863/3863/3863 3864/3864/3864
f 3865/3865/3865 3866/3866/3866 3867/3867/3867
f 3868/3868/3868 3869/3869/3869 3870/3870/3870
f 3871/3871/3871 3872/3872/3872 3873/3873/3873
f 3874/3874/3874 3875/3875/3875 3876/3876/3876
f 3877/3877/3877 3878/3878/3878 3879/3879/3879
f 3880/3880/3880 3881/3881/3881 3882/3882/3882
f 3883/3883/3883 3884/3884/3884 3885/3885/3885
f 3886/3886/3886 3887/3887/3887 3888/3888/3888
f 3889/3889/3889 3890/3890/3890 3891/3891/3891
f 3892/3892/3892 3893/3893/3893 3894/3894/3894
f 3895/3895/3895 3896/3896/3896 3897/3897/3897
f 3898/3898/3898 3899/3899/3899 3900/3900/3900
f 3901/3901/3901 3902/3902/3902 3903/3903/3903
f 3904/3904/3904 3905/3905/3905 3906/3906/3906
f 3907/3907/3907 3908/3908/3908 3909/3909/3909
f 3910/3910/3910 3911/3911/3911 3912/3912/3912
f 3913/3913/3913 3914/3914/3914 3915/3915/3915
f 3916/3916/3916 3917/3917/3917 3918/3918/3918
f 3919/3919/3919 3920/3920/3920 3921/3921/3921
f 3922/3922/3922 3923/3923/3923 3924/3924/3924
f 3925/3925/3925 3926/3926/3926 3927/3927/3927
f 3928/3928/3928 3929/3929/3929 3930/3930/3930
f 3931/3931/3931 3932/3932/3932 3933/3933/3933
f 3934/3934/3934 3935/3935/3935 3936/3936/3936
f 3937/3937/3937 3938/3938/3938 3939/3939/3939
f 3940/3940/3940 3941/3941/3941 3942/3942/3942
f 3943/3943/3943 3944/3944/3944 3945/3945/3945
f 3946/3946/3946 3947/3947/3947 3948/3948/3948
f 3949/3949/3949 3950/3950/3950 3951/3951/3951
f 3952/3952/3952 3953/3953/3953 3954/3954/3954
f 3955/3955/3955 3956/3956/3956 3957/3957/3957
f 3958/3958/3958 3959/3959/3959 3960/3960/3960
f 3961/3961/3961 3962/3962/3962 3963/3963/3963
f 3964/3964/3964 3965/3965/3965 3966/3966/3966
f 3967/3967/3967 3968/3968/3968 3969/3969/3969
f 3970/3970/3970 3971/3971/3971 3972/3972/3972
f 3973/3973/3973 3974/3974/3974 3975/3975/3975
f 3976/3976/3976 3977/3977/3977 3978/3978/3978
f 3979/3979/3979 3980/3980/3980 3981/3981/3981
f 3982/3982/3982 3983/3983/3983 3984/3984/3984
f 3985/3985/3985 3986/3986/3986 3987/3987/3987
f 3988/3988/3988 3989/3989/3989 3990/3990/3990
f 3991/3991/3991 3992/3992/3992 3993/3993/3993
f 3994/3994/3994 3995/3995/3995 3996/3996/3996
f 3997/3997/3997 3998/3998/3998 3999/3999/3999
f 4000/4000/4000 4001/4001/4001 4002/4002/4002
f 4003/4003/4003 4004/4004/4004 4005/4005/4005
f 4006/4006/4006 4007/4007/4007 4008/4008/4008
f 4009/4009/4009 4010/4010/4010 4011/4011/4011
f 4012/4012/4012 4013/4013/4013 4014/4014/4014
f 4015/4015/4015 4016/4016/4016 4017/4017/4017
f 4018/4018/4018 4019/4019/4019 4020/4020/4020
f 4021/4021/4021 4022/4022/4022 4023/4023/4023
f 4024/4024/4024 4025/4025/4025 4026/4026/4026
f 4027/4027/4027 4028/4028/4028 4029/4029/4029
f 4030/4030/4030 4031/4031/4031 4032/4032/4032
f 4033/4033/4033 4034/4034/4034 4035/4035/4035
f 4036/4036/4036 4037/4037/4037 4038/4038/4038
f 4039/4039/4039 4040/4040/4040 4041/4041/4041
f 4042/4042/4042 4043/4043/4043 4044/4044/4044
f 4045/4045/4045 4046/4046/4046 4047/4047/4047
f 4048/4048/4048 4049/4049/4049 4050/4050/4050
f 4051/4051/4051 4052/4052/4052 4053/4053/4053
f 4054/4054/4054 4055/4055/4055 4056/4056/4056
f 4057/4057/4057 4058/4058/4058 4059/4059/4059
f 4060/4060/4060 4061/4061/4061 4062/4062/4062
f 4063/4063/4063 4064/4064/4064 4065/4065/4065
f 4066/4066/4066 4067/4067/4067 4068/4068/4068
f 4069/4069/4069 4070/4070/4070 4071/4071/4071
f 4072/4072/4072 4073/4073/4073 4074/4074/4074
f 4075/4075/4075 4076/4076/4076 4077/4077/4077
f 4078/4078/4078 4079/4079/4079 4080/4080/4080
f 4081/4081/4081 4082/4082/4082 4083/4083/4083
f 4084/4084/4084 4085/4085/4085 4086/4086/4086
f 4087/4087/4087 4088/4088/4088 4089/4089/4089
f 4090/4090/4090 4091/4091/4091 4092/4092/4092
f 4093/4093/4093 4094/4094/4094 4095/4095/4095
f 4096/4096/4096 4097/4097/4097 4098/4098/4098
f 4099/4099/4099 4100/4100/4100 4101/4101/4101
f 4102/4102/4102 4103/4103/4103 4104/4104/4104
f 4105/4105/4105 4106/4106/4106 4107/4107/4107
f 4108/4108/4108 4109/4109/4109 4110/4110/4110
f 4111/4111/4111 4112/4112/4112 4113/4113/4113
f 4114/4114/4114 4115/4115/4115 4116/4116/4116
f 4117/4117/4117 4118/4118/4118 4119/4119/4119
f 4120/4120/4120 4121/4121/4121 4122/4122/4122
f 4123/4123/4123 4124/4124/4124 4125/4125/4125
f 4126/4126/4126 4127/4127/4127 4128/4128/4128
f 4129/4129/4129 4130/4130/4130 4131/4131/4131
f 4132/4132/4132 4133/4133/4133 4134/4134/4134
f 4135/4135/4135 4136/4136/4136 4137/4137/4137
f 4138/4138/4138 4139/4139/4139 4140/4140/4140
f 4141/4141/4141 4142/4142/4142 4143/4143/4143
f 4144/4144/4144 4145/4145/4145 4146/4146/4146
f 4147/4147/4147 4148/4148/4148 4149/4149/4149
f 4150/4150/4150 4151/4151/4151 4152/4152/4152
f 4153/4153/4153 4154/4154/4154 4155/4155/4155
f 4156/4156/4156 4157/4157/4157 4158/4158/4158
f 4159/4159/4159 4160/4160/4160 4161/4161/4161
f 4162/4162/4162 4163/4163/4163 4164/4164/4164
f 4165/4165/4165 4166/4166/4166 4167/4167/4167
f 4168/4168/4168 4169/4169/4169 4170/4170/4170
f 4171/4171/4171 4172/4172/4172 4173/4173/4173
f 4174/4174/4174 4175/4175/4175 4176/4176/4176
f 4177/4177/4177 4178/4178/4178 4179/4179/4179
f 4180/4180/4180 4181/4181/4181 4182/4182/4182
f 4183/4183/4183 4184/4184/4184 4185/4185/4185
f 4186/4186/4186 4187/4187/4187 4188/4188/4188
f 4189/4189/4189 4190/4190/4190 4191/4191/4191
f 4192/4192/4192 4193/4193/4193 4194/4194/4194
f 4195/4195/4195 4196/4196/4196 4197/4197/4197
f 4198/4198/4198 4199/4199/4199 4200/4200/4200
f 4201/4201/4201 4202/4202/4202 4203/4203/4203
f 4204/4204/4204 4205/4205/4205 4206/4206/4206
f 4207/4207/4207 4208/4208/4208 4209/4209/4209
f 4210/4210/4210 4211/4211/4211 4212/4212/4212
f 4213/4213/4213 4214/4214/4214 4215/4215/4215
f 4216/4216/4216 4217/4217/4217 4218/4218/4218
f 4219/4219/4219 4220/4220/4220 4221/4221/4221
f 4222/4222/4222 4223/4223/4223 4224/4224/4224
f 4225/4225/4225 4226/4226/4226 4227/4227/4227
f 4228/4228/4228 4229/4229/4229 4230/4230/4230
f 4231/4231/4231 4232/4232/4232 4233/4233/4233
f 4234/4234/4234 4235/4235/4235 4236/4236/4236
f 4237/4237/4237 4238/4238/4238 4239/4239/4239
f 4240/4240/4240 4241/4241/4241 4242/4242/4242
f 4243/4243/4243 4244/4244/4244 4245/4245/4245
f 4246/4246/4246 4247/4247/4247 4248/4248/4248
f 4249/4249/4249 4250/4250/4250 4251/4251/4251
f 4252/4252/4252 4253/4253/4253 4254/4254/4254
f 4255/4255/4255 4256/4256/4256 4257/4257/4257
f 4258/4258/4258 4259/4259/4259 4260/4260/4260
f 4261/4261/4261 4262/4262/4262 4263/4263/4263
f 4264/4264/4264 4265/4265/4265 4266/4266/4266
f 4267/4267/4267 4268/4268/4268 4269/4269/4269
f 4270/4270/4270 4271/4271/4271 4272/4272/4272
f 4273/4273/4273 4274/4274/4274 4275/4275/4275
f 4276/4276/4276 4277/4277/4277 4278/4278/4278
f 4279/4279/4279 4280/4280/4280 4281/4281/4281
f 4282/4282/4282 4283/4283/4283 4284/4284/4284
f 4285/4285/4285 4286/4286/4286 4287/4287/4287
f 4288/4288/4288 4289/4289/4289 4290/4290/4290
f 4291/4291/4291 4292/4292/4292 4293/4293/4293
f 4294/4294/4294 4295/4295/4295 4296/4296/4296
f 4297/4297/4297 4298/4298/4298 4299/4299/4299
f 4300/4300/4300 4301/4301/4301 4302/4302/4302
f 4303/4303/4303 4304/4304/4304 4305/4305/4305
f 4306/4306/4306 4307/4307/4307 4308/4308/4308
f 4309/4309/4309 4310/4310/4310 4311/4311/4311
f 4312/4312/4312 4313/4313/4313 4314/4314/4314
f 4315/4315/4315 4316/4316/4316 4317/4317/4317
f 4318/4318/4318 4319/4319/4319 4320/4320/4320
f 4321/4321/4321 4322/4322/4322 4323/4323/4323
f 4324/4324/4324 4325/4325/4325 4326/4326/4326
f 4327/4327/4327 4328/4328/4328 4329/4329/4329
f 4330/4330/4330 4331/4331/4331 4332/4332/4332
f 4333/4333/4333 4334/4334/4334 4335/4335/4335
f 4336/4336/4336 4337/4337/4337 4338/4338/4338
f 4339/4339/4339 4340/4340/4340 4341/4341/4341
f 4342/4342/4342 4343/4343/4343 4344/4344/4344
f 4345/4345/4345 4346/4346/4346 4347/4347/4347
f 4348/4348/4348 4349/4349/4349 4350/4350/4350
f 4351/4351/4351 4352/4352/4352 4353/4353/4353
f 4354/4354/4354 4355/4355/4355 4356/4356/4356
f 4357/4357/4357 4358/4358/4358 4359/4359/4359
f 4360/4360/4360 4361/4361/4361 4362/4362/4362
f 4363/4363/4363 4364/4364/4364 4365/4365/4365
f 4366/4366/4366 4367/4367/4367 4368/4368/4368
f 4369/4369/4369 4370/4370/4370 4371/4371/4371
f 4372/4372/4372 4373/4373/4373 4374/4374/4374
f 4375/4375/4375 4376/4376/4376 4377/4377/4377
f 4378/4378/4378 4379/4379/4379 4380/4380/4380
f 4381/4381/4381 4382/4382/4382 4383/4383/4383
f 4384/4384/4384 4385/4385/4385 4386/4386/4386
f 4387/4387/4387 4388/4388/4388 4389/4389/4389
f 4390/4390/4390 4391/4391/4391 4392/4392/4392
f 4393/4393/4393 4394/4394/4394 4395/4395/4395
f 4396/4396/4396 4397/4397/4397 4398/4398/4398
f 4399/4399/4399 4400/4400/4400 4401/4401/4401
f 4402/4402/4402 4403/4403/4403 4404/4404/4404
f 4405/4405/4405 4406/4406/4406 4407/4407/4407
f 4408/4408/4408 4409/4409/4409 4410/4410/4410
f 4411/4411/4411 4412/4412/4412 4413/4413/4413
f 4414/4414/4414 4415/4415/4415 4416/4416/4416
f 4417/4417/4417 4418/4418/4418 4419/4419/4419
f 4420/4420/4420 4421/4421/4421 4422/4422/4422
f 4423/4423/4423 4424/4424/4424 4425/4425/4425
f 4426/4426/4426 4427/4427/4427 4428/4428/4428
f 4429/4429/4429 4430/4430/4430 4431/4431/4431
f 4432/4432/4432 4433/4433/4433 4434/4434/4434
f 4435/4435/4435 4436/4436/4436 4437/4437/4437
f 4438/4438/4438 4439/4439/4439 4440/4440/4440
f 4441/4441/4441 4442/4442/4442 4443/4443/4443
f 4444/4444/4444 4445/4445/4445 4446/4446/4446
f 4447/4447/4447 4448/4448/4448 4449/4449/4449
f 4450/4450/4450 4451/4451/4451 4452/4452/4452
f 4453/4453/4453 4454/4454/4454 4455/4455/4455
f 4456/4456/4456 4457/4457/4457 4458/4458/4458
f 4459/4459/4459 4460/4460/4460 4461/4461/4461
f 4462/4462/4462 4463/4463/4463 4464/4464/4464
f 4465/4465/4465 4466/4466/4466 4467/4467/4467
f 4468/4468/4468 4469/4469/4469 4470/4470/4470
f 4471/4471/4471 4472/4472/4472 4473/4473/4473
f 4474/4474/4474 4475/4475/4475 4476/4476/4476
f 4477/4477/4477 4478/4478/4478 4479/4479/4479
f 4480/4480/4480 4481/4481/4481 4482/4482/4482
f 4483/4483/4483 4484/4484/4484 4485/4485/4485
f 4486/4486/4486 4487/4487/4487 4488/4488/4488
f 4489/4489/4489 4490/4490/4490 4491/4491/4491
f 4492/4492/4492 4493/4493/4493 4494/4494/4494
f 4495/4495/4495 4496/4496/4496 4497/4497/4497
f 4498/4498/4498 4499/4499/4499 4500/4500/4500
f 4501/4501/4501 4502/4502/4502 4503/4503/4503
f 4504/4504/4504 4505/4505/4505 4506/4506/4506
f 4507/4507/4507 4508/4508/4508 4509/4509/4509
f 4510/4510/4510 4511/4511/4511 4512/4512/4512
f 4513/4513/4513 4514/4514/4514 4515/4515/4515
f 4516/4516/4516 4517/4517/4517 4518/4518/4518
f 4519/4519/4519 4520/4520/4520 4521/4521/4521
f 4522/4522/4522 4523/4523/4523 4524/4524/4524
f 4525/4525/4525 4526/4526/4526 4527/4527/4527
f 4528/4528/4528 4529/4529/4529 4530/4530/4530
f 4531/4531/4531 4532/4532/4532 4533/4533/4533
f 4534/4534/4534 4535/4535/4535 4536/4536/4536
f 4537/4537/4537 4538/4538/4538 4539/4539/4539
f 4540/4540/4540 4541/4541/4541 4542/4542/4542
f 4543/4543/4543 4544/4544/4544 4545/4545/4545
f 4546/4546/4546 4547/4547/4547 4548/4548/4548
f 4549/4549/4549 4550/4550/4550 4551/4551/4551
f 4552/4552/4552 4553/4553/4553 4554/4554/4554
f 4555/4555/4555 4556/4556/4556 4557/4557/4557
f 4558/4558/4558 4559/4559/4559 4560/4560/4560
f 4561/4561/4561 4562/4562/4562 4563/4563/4563
f 4564/4564/4564 4565/4565/4565 4566/4566/4566
f 4567/4567/4567 4568/4568/4568 4569/4569/4569
f 4570/4570/4570 4571/4571/4571 4572/4572/4572
f 4573/4573/4573 4574/4574/4574 4575/4575/4575
f 4576/4576/4576 4577/4577/4577 4578/4578/4578
f 4579/4579/4579 4580/4580/4580 4581/4581/4581
f 4582/4582/4582 4583/4583/4583 4584/4584/4584
f 4585/4585/4585 4586/4586/4586 4587/4587/4587
f 4588/4588/4588 4589/4589/4589 4590/4590/4590
f 4591/4591/4591 4592/4592/4592 4593/4593/4593
f 4594/4594/4594 4595/4595/4595 4596/4596/4596
f 4597/4597/4597 4598/4598/4598 4599/4599/4599
f 4600/4600/4600 4601/4601/4601 4602/4602/4602
f 4603/4603/4603 4604/4604/4604 4605/4605/4605
f 4606/4606/4606 4607/4607/4607 4608/4608/4608
f 4609/4609/4609 4610/4610/4610 4611/4611/4611
f 4612/4612/4612 4613/4613/4613 4614/4614/4614
f 4615/4615/4615 4616/4616/4616 4617/4617/4617
f 4618/4618/4618 4619/4619/4619 4620/4620/4620
f 4621/4621/4621 4622/4622/4622 4623/4623/4623
f 4624/4624/4624 4625/4625/4625 4626/4626/4626
f 4627/4627/4627 4628/4628/4628 4629/4629/4629
f 4630/4630/4630 4631/4631/4631 4632/4632/4632
f 4633/4633/4633 4634/4634/4634 4635/4635/4635
f 4636/4636/4636 4637/4637/4637 4638/4638/4638
f 4639/4639/4639 4640/4640/4640 4641/4641/4641
f 4642/4642/4642 4643/4643/4643 4644/4644/4644
f 4645/4645/4645 4646/4646/4646 4647/4647/4647
f 4648/4648/4648 4649/4649/4649 4650/4650/4650
f 4651/4651/4651 4652/4652/4652 4653/4653/4653
f 4654/4654/4654 4655/4655/4655 4656/4656/4656
f 4657/4657/4657 4658/4658/4658 4659/4659/4659
f 4660/4660/4660 4661/4661/4661 4662/4662/4662
f 4663/4663/4663 4664/4664/4664 4665/4665/4665
f 4666/4666/4666 4667/4667/4667 4668/4668/4668
f 4669/4669/4669 4670/4670/4670 4671/4671/4671
f 4672/4672/4672 4673/4673/4673 4674/4674/4674
f 4675/4675/4675 4676/4676/4676 4677/4677/4677
f 4678/4678/4678 4679/4679/4679 4680/4680/4680
f 4681/4681/4681 4682/4682/4682 4683/4683/4683
f 4684/4684/4684 4685/4685/4685 4686/4686/4686
f 4687/4687/4687 4688/4688/4688 4689/4689/4689
f 4690/4690/4690 4691/4691/4691 4692/4692/4692
f 4693/4693/4693 4694/4694/4694 4695/4695/4695
f 4696/4696/4696 4697/4697/4697 4698/4698/4698
f 4699/4699/4699 4700/4700/4700 4701/4701/4701
f 4702/4702/4702 4703/4703/4703 4704/4704/4704
f 4705/4705/4705 4706/4706/4706 4707/4707/4707
f 4708/4708/4708 4709/4709/4709 4710/4710/4710
f 4711/4711/4711 4712/4712/4712 4713/4713/4713
f 4714/4714/4714 4715/4715/4715 4716/4716/4716
f 4717/4717/4717 4718/4718/4718 4719/4719/4719
f 4720/4720/4720 4721/4721/4721 4722/4722/4722
f 4723/4723/4723 4724/4724/4724 4725/4725/4725
f 4726/4726/4726 4727/4727/4727 4728/4728/4728
f 4729/4729/4729 4730/4730/4730 4731/4731/4731
f 4732/4732/4732 4733/4733/4733 4734/4734/4734
f 4735/4735/4735 4736/4736/4736 4737/4737/4737
f 4738/4738/4738 4739/4739/4739 4740/4740/4740
f 4741/4741/4741 4742/4742/4742 4743/4743/4743
f 4744/4744/4744 4745/4745/4745 4746/4746/4746
f 4747/4747/4747 4748/4748/4748 4749/4749/4749
f 4750/4750/4750 4751/4751/4751 4752/4752/4752
f 4753/4753/4753 4754/4754/4754 4755/4755/4755
f 4756/4756/4756 4757/4757/4757 4758/4758/4758
f 4759/4759/4759 4760/4760/4760 4761/4761/4761
f 4762/4762/4762 4763/4763/4763 4764/4764/4764
f 4765/4765/4765 4766/4766/4766 4767/4767/4767
f 4768/4768/4768 4769/4769/4769 4770/4770/4770
f 4771/4771/4771 4772/4772/4772 4773/4773/4773
f 4774/4774/4774 4775/4775/4775 4776/4776/4776
f 4777/4777/4777 4778/4778/4778 4779/4779/4779
f 4780/4780/4780 4781/4781/4781 4782/4782/4782
f 4783/4783/4783 4784/4784/4784 4785/4785/4785
f 4786/4786/4786 4787/4787/4787 4788/4788/4788
f 4789/4789/4789 4790/4790/4790 4791/4791/4791
f 4792/4792/4792 4793/4793/4793 4794/4794/4794
f 4795/4795/4795 4796/4796/4796 4797/4797/4797
f 4798/4798/4798 4799/4799/4799 4800/4800/4800
f 4801/4801/4801 4802/4802/4802 4803/4803/4803
f 4804/4804/4804 4805/4805/4805 4806/4806/4806
f 4807/4807/4807 4808/4808/4808 4809/4809/4809
f 4810/4810/4810 4811/4811/4811 4812/4812/4812
f 4813/4813/4813 4814/4814/4814 4815/4815/4815
f 4816/4816/4816 4817/4817/4817 4818/4818/4818
f 4819/4819/4819 4820/4820/4820 4821/4821/4821
f 4822/4822/4822 4823/4823/4823 4824/4824/4824
f 4825/4825/4825 4826/4826/4826 4827/4827/4827
f 4828/4828/4828 4829/4829/4829 4830/4830/4830
f 4831/4831/4831 4832/4832/4832 4833/4833/4833
f 4834/4834/4834 4835/4835/4835 4836/4836/4836
f 4837/4837/4837 4838/4838/4838 4839/4839/4839
f 4840/4840/4840 4841/4841/4841 4842/4842/4842
f 4843/4843/4843 4844/4844/4844 4845/4845/4845
f 4846/4846/4846 4847/4847/4847 4848/4848/4848
f 4849/4849/4849 4850/4850/4850 4851/4851/4851
f 4852/4852/4852 4853/4853/4853 4854/4854/4854
f 4855/4855/4855 4856/4856/4856 4857/4857/4857
f 4858/4858/4858 4859/4859/4859 4860/4860/4860
f 4861/4861/4861 4862/4862/4862 4863/4863/4863
