# Blender 5.2.0 LTS
# www.blender.org
mtllib Untitled.mtl
o ginger_aug
v -1.036016 0.084583 0.212067
v -1.042738 0.085405 0.176527
v -1.049459 0.086226 0.140988
v -1.031175 0.070336 0.179421
v -1.042564 0.074909 0.107879
v -1.030517 0.055342 0.146139
v -1.034000 0.058621 0.110618
v -1.037483 0.061899 0.075099
v -1.032755 0.040431 0.113382
v -1.033704 0.044050 0.077978
v -1.037483 0.026226 0.080979
v -1.034653 0.047669 0.042574
v -1.035894 0.029525 0.045597
v -1.034305 0.032828 0.010215
v -1.365976 0.052479 0.203434
v -1.364531 0.046391 0.208822
v -1.352515 0.051873 0.222032
v -1.367243 0.064202 0.199645
v -1.366072 0.076702 0.199482
v -1.064253 0.046345 0.283432
v -1.050243 0.047727 0.251287
v -1.036234 0.049109 0.219141
v -1.336756 0.092049 0.260530
v -1.348985 0.106918 0.265924
v -1.364910 0.084724 0.202665
v -1.115537 0.102914 0.276937
v -1.097278 0.105433 0.256951
v -1.083208 0.110089 0.263007
v -1.081475 0.105146 0.233163
v -1.062694 0.107582 0.269933
v -1.065528 0.104694 0.237687
v -1.068367 0.101810 0.205440
v -1.046351 0.097232 0.242640
v -1.052119 0.096299 0.208375
v -1.057888 0.095365 0.174111
v -1.036016 0.084583 0.212067
v -1.042738 0.085405 0.176527
v -1.049459 0.086226 0.140988
v -1.087365 0.086293 0.141397
v -1.095263 0.074229 0.109059
v -1.079181 0.084280 0.107197
v -1.103155 0.062165 0.076721
v -1.088628 0.074100 0.074351
v -1.070321 0.079869 0.072970
v -1.098075 0.063916 0.041505
v -1.080748 0.071913 0.039749
v -1.091179 0.063953 0.006527
v -1.411975 0.052047 0.236893
v -1.405981 0.048544 0.222342
v -1.414836 0.057787 0.218160
v -1.409598 0.053773 0.212928
v -1.414609 0.065929 0.210061
v -1.403930 0.056853 0.204463
v -1.403930 0.072718 0.201847
v -1.098628 0.045374 0.242382
v -1.101148 0.048084 0.212962
v -1.104279 0.051624 0.180941
v -1.106325 0.055475 0.146958
v -1.105985 0.059173 0.112017
v -1.095263 0.074229 0.109059
v -1.103155 0.062165 0.076721
v -1.411975 0.052047 0.236893
v -1.377896 0.035036 0.230984
v -1.380282 0.037730 0.213766
v -1.398854 0.047710 0.209581
v -1.375119 0.042552 0.205295
v -1.403930 0.056853 0.204463
v -1.389176 0.048117 0.202682
v -1.036234 0.049109 0.219141
v -1.041014 0.035949 0.185491
v -1.059137 0.027691 0.185644
v -1.049472 0.024524 0.151700
v -1.077566 0.026595 0.186252
v -1.068563 0.020959 0.152226
v -1.059560 0.015324 0.118201
v -1.087378 0.024591 0.152109
v -1.078850 0.016556 0.118420
v -1.070321 0.008522 0.084730
v -1.096172 0.024694 0.117519
v -1.088628 0.014436 0.084220
v -1.103155 0.026496 0.082601
v -1.081083 0.004181 0.050921
v -1.097165 0.014332 0.049657
v -1.091179 0.002168 0.016712
v -1.401806 0.048652 0.262184
v -1.384339 0.047196 0.288587
v -1.367156 0.037825 0.252345
v -1.375119 0.042552 0.205295
v -1.389176 0.048117 0.202682
v -1.390073 0.063775 0.197053
v -1.374940 0.055541 0.198311
v -1.365976 0.052479 0.203434
v -1.364531 0.046391 0.208822
v -1.367243 0.064202 0.199645
v -1.374940 0.071971 0.195602
v -1.364910 0.084724 0.202665
v -1.375119 0.086525 0.198046
v -1.389176 0.080412 0.197359
v -1.062694 0.107582 0.269944
v -1.055062 0.094726 0.277107
v -1.046351 0.097232 0.242651
v -1.036016 0.084583 0.212077
v -1.049472 0.024524 0.151710
v -1.032755 0.040431 0.113393
v -1.043478 0.025375 0.116349
v -1.037483 0.026222 0.080989
v -1.351575 0.048275 0.247724
v -1.336864 0.057616 0.265874
v -1.352515 0.051873 0.222042
v -1.057888 0.095361 0.174122
v -1.079181 0.084280 0.107207
v -1.049459 0.086222 0.140999
v -1.059890 0.083043 0.106990
v -1.070321 0.079869 0.072980
v -1.042564 0.074909 0.107890
v -1.052011 0.073955 0.073490
v -1.037483 0.061895 0.075110
v -1.061458 0.072996 0.039090
v -1.045372 0.062845 0.040355
v -1.053260 0.063796 0.005601
v -1.094266 0.036335 0.182546
v -1.087378 0.024591 0.152119
v -1.096172 0.024690 0.117529
v -1.104740 0.040983 0.114791
v -1.103155 0.026491 0.082611
v -1.105985 0.059168 0.112028
v -1.106934 0.044336 0.079732
v -1.103155 0.062165 0.076732
v -1.107888 0.029508 0.047437
v -1.106647 0.047652 0.044415
v -1.110134 0.033136 0.012099
v -1.049472 0.024524 0.151710
v -1.043478 0.025375 0.116349
v -1.059560 0.015320 0.118212
v -1.037483 0.026222 0.080989
v -1.052011 0.014290 0.083359
v -1.070321 0.008522 0.084741
v -1.044466 0.013261 0.048506
v -1.061789 0.005264 0.050263
v -1.053260 0.002011 0.015786
v -1.364531 0.046391 0.208832
v -1.375180 0.042577 0.205166
v 1.658409 0.222857 -0.068644
v 1.773572 0.060285 0.171465
v 1.773572 0.060285 -0.171547
v 1.658409 0.222857 0.068562
v 1.773572 -0.016025 0.137164
v 1.773572 -0.016025 -0.137245
v 1.687042 -0.603342 0.137163
v 1.687042 -0.603342 -0.137246
v 1.684321 -0.661240 0.137163
v 1.684321 -0.661240 -0.137246
v 1.676106 -0.718140 0.137163
v 1.676106 -0.718140 -0.137246
v 0.738645 0.166077 -0.080008
v 0.738645 0.084006 -0.026644
v 0.738645 0.084006 -0.129637
v 0.738645 0.166077 -0.026644
v 0.236514 0.318880 0.026016
v 0.236514 0.249736 -0.026099
v 0.236514 0.249736 0.026016
v 0.236514 0.329495 0.032041
v 0.236514 0.329495 -0.032123
v 0.236514 0.365111 -0.017505
v 0.236514 0.400216 -0.032123
v -0.028200 0.047607 -0.141869
v -0.028200 0.047607 0.141115
v -0.028200 -0.025911 -0.113571
v -0.028200 -0.025911 0.112817
v -0.028200 0.197305 -0.058474
v -0.028200 0.197305 0.057720
v 0.327776 0.256430 0.035845
v 0.327776 0.256430 -0.036599
v 0.368851 0.197305 0.057720
v 0.368851 0.197305 -0.058474
v 0.257179 0.313389 -0.032445
v 0.257179 0.313389 -0.019573
v 0.284562 0.274234 -0.019573
v 0.284562 0.274234 -0.032445
v 0.284562 0.251762 -0.032445
v 0.284562 0.251762 -0.019573
v 0.257179 0.313389 0.019491
v 0.257179 0.313389 0.032362
v 0.284562 0.274234 0.032362
v 0.284562 0.274234 0.019491
v 0.284562 0.251762 0.019491
v 0.284562 0.251762 0.032362
v -0.988293 0.274234 0.032361
v -0.988293 0.251762 0.019491
v -0.988293 0.274234 0.019491
v -0.988293 0.251762 0.032361
v -0.988293 0.274234 -0.019574
v -0.988293 0.251762 -0.032445
v -0.988293 0.274234 -0.032445
v -0.988293 0.251762 -0.019574
v -1.078066 -0.218142 0.039958
v -1.078066 -0.125668 0.039958
v -1.060644 -0.218142 -0.000042
v -1.060644 -0.125668 -0.000042
v -1.078066 -0.218142 -0.040041
v -1.078066 -0.125668 -0.040041
v -1.085946 0.355433 -0.006530
v -1.085946 0.355433 0.006447
v -1.077226 0.357898 -0.000042
v -1.077226 0.328802 -0.031309
v -1.077226 0.365044 -0.017253
v -1.077226 0.384807 -0.031309
v -1.077226 0.382296 -0.024383
v -1.077226 0.384807 -0.023345
v -1.077226 0.319199 -0.026098
v -1.077226 0.319199 0.026015
v -1.077226 0.249517 -0.026098
v -1.077226 0.249517 0.026015
v -1.077226 0.328802 0.031226
v -1.077226 0.365044 0.017170
v -1.077226 0.384807 0.031226
v -1.077226 0.382296 0.024300
v -1.077226 0.384807 0.023262
v -1.193155 0.006567 0.020044
v -1.193155 0.088633 0.118259
v -1.193155 0.006567 0.125317
v -1.193155 0.047607 0.141115
v -1.193155 0.088633 0.020044
v 1.658409 0.222857 -0.068644
v 1.562566 0.222857 -0.068644
v 1.562566 0.222857 0.068562
v 1.658409 0.222857 0.068562
v -1.202041 0.256430 -0.036600
v -1.325267 0.197305 -0.058475
v -1.325267 0.197305 0.057720
v -1.202041 0.256430 0.035845
v -0.028200 0.256430 0.035845
v -0.028200 0.256430 -0.036599
v 0.327776 0.256430 0.035845
v 0.327776 0.256430 -0.036599
v -1.108985 0.384807 -0.031309
v -1.077226 0.384807 -0.023345
v -1.077226 0.384807 -0.031309
v -1.108985 0.384807 -0.023345
v -1.108985 0.384807 0.031226
v -1.077226 0.384807 0.031226
v -1.108985 0.384807 0.023262
v -1.077226 0.384807 0.023262
v -1.108985 0.365044 0.017170
v -1.077226 0.365044 0.017170
v -1.077226 0.357898 -0.000042
v -1.108985 0.357898 -0.000042
v -1.108985 0.365044 -0.017253
v -1.077226 0.365044 -0.017253
v 0.120413 0.274234 -0.032445
v 0.120413 0.274234 -0.019573
v 0.175179 0.313389 -0.019573
v 0.175179 0.313389 -0.032445
v 0.257179 0.313389 -0.032445
v 0.257179 0.313389 -0.019573
v 0.120413 0.274234 0.019491
v 0.120413 0.274234 0.032362
v 0.175179 0.313389 0.032362
v 0.175179 0.313389 0.019491
v 0.257179 0.313389 0.019491
v 0.257179 0.313389 0.032362
v -0.988293 0.274234 0.032361
v -0.988293 0.274234 0.019491
v -1.043055 0.313389 0.019491
v -1.043055 0.313389 0.032362
v -1.125058 0.313389 0.032362
v -1.125058 0.313389 0.019491
v -0.988293 0.274234 -0.019574
v -0.988293 0.274234 -0.032445
v -1.043055 0.313389 -0.032445
v -1.043055 0.313389 -0.019574
v -1.125058 0.313389 -0.032444
v -1.125058 0.313389 -0.019574
v 0.738645 0.166077 -0.080008
v 0.262818 0.166077 -0.080008
v 0.262818 0.166077 -0.026644
v 0.738645 0.166077 -0.026644
v 0.206020 0.400216 0.032041
v 0.206021 0.400216 -0.032123
v 0.206020 0.413616 0.018672
v 0.236514 0.400216 -0.032123
v 0.206020 0.413616 -0.018754
v -1.193155 0.006567 0.020044
v -0.253720 0.006567 0.125317
v -0.253720 0.006567 0.020044
v -1.193155 0.006567 0.125317
v -1.346176 -0.025911 -0.126148
v -0.997548 -0.025911 0.125393
v -0.997548 -0.025911 -0.126148
v -1.346176 -0.025911 0.125393
v 1.676106 -0.718140 0.137163
v 1.580263 -0.718140 0.137163
v 1.588478 -0.661240 0.137163
v 1.684321 -0.661240 0.137163
v 1.591199 -0.603342 0.137163
v 1.687042 -0.603342 0.137163
v 1.677734 -0.016025 0.137163
v 1.562566 0.222857 0.068562
v 1.773572 -0.016025 0.137164
v 1.658409 0.222857 0.068562
v 1.773572 0.060285 0.171465
v 1.677734 0.060285 0.171465
v -1.108985 0.365044 -0.017253
v -1.077226 0.365044 -0.017253
v -1.108985 0.382296 -0.024383
v -1.077226 0.382296 -0.024383
v -1.108985 0.384807 -0.023345
v -1.077226 0.384807 -0.023345
v -0.997548 -0.025911 0.125393
v -1.277722 -0.132308 0.125393
v -0.997548 -0.132308 0.125393
v -1.346176 -0.025911 0.125393
v -1.325267 0.047607 0.141115
v -1.193155 0.006567 0.125317
v -1.193155 0.088633 0.118259
v -1.325267 -0.025911 0.112817
v -1.325267 0.197305 0.057720
v -0.253720 0.006567 0.125317
v -0.028200 -0.025911 0.112817
v -0.028200 0.047607 0.141115
v -0.253720 0.047607 0.141115
v -0.253720 0.088633 0.118259
v -0.028200 0.197305 0.057720
v -1.202041 0.256430 0.035845
v -0.028200 0.256430 0.035845
v 0.327776 0.256430 0.035845
v 0.368851 0.197305 0.057720
v 0.284562 0.251762 0.032362
v 0.257179 0.313389 0.032362
v 0.175179 0.313389 0.032362
v 0.284562 0.274234 0.032362
v 0.120413 0.251762 0.032362
v 0.120413 0.274234 0.032362
v -1.043055 0.313389 0.032362
v -1.152437 0.251762 0.032362
v -0.988293 0.251762 0.032361
v -0.988293 0.274234 0.032361
v -1.125058 0.313389 0.032362
v -1.152437 0.274234 0.032362
v -1.099590 0.355433 0.006447
v -1.085946 0.355433 0.006447
v -1.193155 0.006567 0.020044
v -0.253720 0.006567 0.020044
v -0.253720 0.088633 0.020044
v -1.193155 0.088633 0.020044
v 0.206020 0.400124 -0.017505
v 0.206020 0.382619 -0.024738
v 0.284562 0.251762 -0.019573
v 0.257179 0.313389 -0.019573
v 0.175179 0.313389 -0.019573
v 0.284562 0.274234 -0.019573
v 0.120413 0.251762 -0.019573
v 0.120413 0.274234 -0.019573
v -1.043055 0.313389 -0.019574
v -1.152437 0.251762 -0.019574
v -0.988293 0.251762 -0.019574
v -0.988293 0.274234 -0.019574
v -1.125058 0.313389 -0.019574
v -1.152437 0.274234 -0.019574
v 0.738645 0.166077 -0.026644
v 0.262818 0.166077 -0.026644
v 0.738645 0.084006 -0.026644
v 0.262818 0.084006 -0.026644
v -1.162193 -0.125668 0.039958
v -1.162193 -0.218142 0.039958
v -1.120130 -0.218142 0.056527
v -1.120130 -0.125668 0.056527
v -1.078066 -0.218142 0.039958
v -1.078066 -0.125668 0.039958
v 0.206020 0.249736 0.026016
v 0.236514 0.249736 0.026016
v 0.236514 0.318880 0.026016
v -1.108985 0.319199 0.026015
v -1.108985 0.249517 0.026015
v -1.077226 0.249517 0.026015
v -1.077226 0.319199 0.026015
v -1.077226 0.328802 0.031226
v -1.108985 0.328802 0.031226
v -1.077226 0.384807 0.031226
v -1.108985 0.384807 0.031226
v -1.277722 -0.132308 -0.126148
v -1.346176 -0.025911 0.125393
v -1.346176 -0.025911 -0.126148
v -1.277722 -0.132308 0.125393
v -1.099590 0.355433 -0.006530
v -1.099590 0.355433 0.006447
v -1.108985 0.319199 -0.026098
v -1.108985 0.357898 -0.000042
v -1.108985 0.328802 -0.031309
v -1.108985 0.365044 -0.017253
v -1.108985 0.384807 -0.031309
v -1.108985 0.382296 -0.024383
v -1.108985 0.384807 -0.023345
v -1.108985 0.319199 0.026015
v -1.108985 0.249517 -0.026098
v -1.108985 0.249517 0.026015
v -1.108985 0.328802 0.031226
v -1.108985 0.365044 0.017170
v -1.108985 0.384807 0.031226
v -1.108985 0.382296 0.024300
v -1.108985 0.384807 0.023262
v -1.325267 0.197305 -0.058475
v -1.325267 0.197305 0.057720
v -1.325267 0.047607 0.141115
v -1.325267 0.047607 -0.141869
v -1.325267 -0.025911 -0.113571
v -1.325267 -0.025911 0.112817
v 0.120413 0.274234 -0.032445
v 0.120413 0.251762 -0.032445
v 0.120413 0.251762 -0.019573
v 0.120413 0.274234 0.019491
v 0.120413 0.251762 0.019491
v 0.120413 0.251762 0.032362
v 0.120413 0.274234 0.032362
v -1.125058 0.313389 0.032362
v -1.125058 0.313389 0.019491
v -1.152437 0.274234 0.019491
v -1.152437 0.274234 0.032362
v -1.152437 0.251762 0.032362
v -1.152437 0.251762 0.019491
v -1.125058 0.313389 -0.032444
v -1.125058 0.313389 -0.019574
v -1.152437 0.274234 -0.032444
v -1.152437 0.274234 -0.019574
v -1.152437 0.251762 -0.019574
v -1.152437 0.251762 -0.032444
v -0.253720 0.006567 0.020044
v -0.253720 0.088633 0.118259
v -0.253720 0.088633 0.020044
v -0.253720 0.006567 0.125317
v -0.253720 0.047607 0.141115
v -1.162193 -0.125668 0.039958
v -1.162193 -0.218142 0.039958
v -1.179616 -0.125668 -0.000042
v -1.179616 -0.218142 -0.000042
v -1.162193 -0.125668 -0.040041
v -1.162193 -0.218142 -0.040041
v 0.206021 0.318880 -0.026099
v 0.206021 0.249736 -0.026099
v 0.206020 0.249736 0.026016
v 0.206021 0.329495 -0.032123
v 0.206020 0.365111 0.017423
v 0.206020 0.382619 0.024656
v 0.206020 0.400216 0.032041
v 0.206021 0.400216 -0.032123
v 0.206020 0.400124 0.017423
v 0.206020 0.413616 0.018672
v 0.206020 0.413616 -0.018754
v 0.262818 0.166077 -0.080008
v 0.262818 0.084006 -0.129638
v 0.262818 0.084006 -0.026644
v 0.262818 0.166077 -0.026644
v 1.562566 0.222857 -0.068644
v 1.677734 0.060285 0.171465
v 1.562566 0.222857 0.068562
v 1.677734 0.060285 -0.171547
v 1.677734 -0.016025 0.137163
v 1.677734 -0.016025 -0.137245
v 1.591199 -0.603342 0.137163
v 1.591199 -0.603342 -0.137246
v 1.588478 -0.661240 0.137163
v 1.588478 -0.661240 -0.137246
v 1.580263 -0.718140 0.137163
v 1.580263 -0.718140 -0.137246
v 1.676106 -0.718140 -0.137246
v 1.580263 -0.718140 -0.137246
v 1.676106 -0.718140 0.137163
v 1.580263 -0.718140 0.137163
v -1.277722 -0.132308 -0.126148
v -0.997548 -0.132308 -0.126148
v -1.277722 -0.132308 0.125393
v -0.997548 -0.132308 0.125393
v -0.028200 0.197305 -0.058474
v -0.028200 0.197305 0.057720
v 0.368851 0.197305 -0.058474
v 0.368851 0.197305 0.057720
v -0.028200 -0.025911 0.112817
v -1.325267 -0.025911 0.112817
v -0.028200 -0.025911 -0.113571
v -1.325267 -0.025911 -0.113571
v 0.262818 0.084006 -0.129638
v 0.738645 0.084006 -0.129637
v 0.738645 0.084006 -0.026644
v 0.262818 0.084006 -0.026644
v -1.193155 0.088633 0.020044
v -0.253720 0.088633 0.020044
v -0.253720 0.088633 0.118259
v -1.193155 0.088633 0.118259
v 0.206020 0.249736 0.026016
v 0.236514 0.249736 0.026016
v 0.206021 0.249736 -0.026099
v 0.236514 0.249736 -0.026099
v -1.108985 0.249517 0.026015
v -1.077226 0.249517 0.026015
v -1.108985 0.249517 -0.026098
v -1.077226 0.249517 -0.026098
v 1.588478 -0.661240 -0.137246
v 1.684321 -0.661240 -0.137246
v 1.676106 -0.718140 -0.137246
v 1.591199 -0.603342 -0.137246
v 1.580263 -0.718140 -0.137246
v 1.687042 -0.603342 -0.137246
v 1.677734 -0.016025 -0.137245
v 1.773572 -0.016025 -0.137245
v 1.677734 0.060285 -0.171547
v 1.773572 0.060285 -0.171547
v 1.658409 0.222857 -0.068644
v 1.562566 0.222857 -0.068644
v -1.077226 0.382296 0.024300
v -1.108985 0.365044 0.017170
v -1.108985 0.382296 0.024300
v -1.077226 0.384807 0.023262
v -1.108985 0.384807 0.023262
v -1.077226 0.365044 0.017170
v -0.997548 -0.132308 -0.126148
v -1.277722 -0.132308 -0.126148
v -0.997548 -0.025911 -0.126148
v -1.346176 -0.025911 -0.126148
v 0.327776 0.256430 -0.036599
v -0.028200 0.197305 -0.058474
v -0.028200 0.256430 -0.036599
v 0.368851 0.197305 -0.058474
v -1.202041 0.256430 -0.036600
v -1.325267 0.197305 -0.058475
v -1.325267 0.047607 -0.141869
v -0.028200 0.047607 -0.141869
v -1.325267 -0.025911 -0.113571
v -0.028200 -0.025911 -0.113571
v 0.738645 0.166077 -0.080008
v 0.262818 0.084006 -0.129638
v 0.262818 0.166077 -0.080008
v 0.738645 0.084006 -0.129637
v 0.257179 0.313389 -0.032445
v 0.284562 0.251762 -0.032445
v 0.175179 0.313389 -0.032445
v 0.284562 0.274234 -0.032445
v 0.120413 0.251762 -0.032445
v 0.120413 0.274234 -0.032445
v -0.988293 0.251762 -0.032445
v -1.043055 0.313389 -0.032445
v -0.988293 0.274234 -0.032445
v -1.152437 0.251762 -0.032444
v -1.125058 0.313389 -0.032444
v -1.152437 0.274234 -0.032444
v -1.099590 0.355433 -0.006530
v -1.085946 0.355433 -0.006530
v 0.206020 0.365111 0.017423
v 0.206020 0.400124 0.017423
v 0.257179 0.313389 0.019491
v 0.284562 0.251762 0.019491
v 0.175179 0.313389 0.019491
v 0.284562 0.274234 0.019491
v 0.120413 0.251762 0.019491
v 0.120413 0.274234 0.019491
v -0.988293 0.251762 0.019491
v -1.043055 0.313389 0.019491
v -0.988293 0.274234 0.019491
v -1.152437 0.251762 0.019491
v -1.125058 0.313389 0.019491
v -1.152437 0.274234 0.019491
v -1.162193 -0.125668 -0.040041
v -1.162193 -0.218142 -0.040041
v -1.120130 -0.125668 -0.056610
v -1.120130 -0.218142 -0.056610
v -1.078066 -0.218142 -0.040041
v -1.078066 -0.125668 -0.040041
v 0.206021 0.249736 -0.026099
v 0.236514 0.249736 -0.026099
v 0.236514 0.329495 -0.032123
v -1.108985 0.249517 -0.026098
v -1.077226 0.249517 -0.026098
v -1.077226 0.319199 -0.026098
v -1.108985 0.319199 -0.026098
v -1.108985 0.328802 -0.031309
v -1.077226 0.328802 -0.031309
v -1.108985 0.384807 -0.031309
v -1.077226 0.384807 -0.031309
v -0.866456 0.197388 0.128134
v -0.914240 0.131785 0.152446
v -0.907405 0.112695 0.123750
v -0.884375 0.184785 0.094317
v -0.913121 0.118020 0.097390
v -0.318347 0.168990 -0.083367
v 0.045058 0.221442 -0.051751
v 0.028030 0.192371 -0.064773
v 0.045908 0.224060 -0.085739
v 0.044479 0.136840 -0.077151
v 0.063140 0.138110 -0.101541
v 0.046240 0.150539 -0.128337
v 0.026188 0.224388 -0.119871
v -0.163130 0.204514 -0.107392
v -0.182754 0.186648 -0.072305
v -0.180986 0.228173 -0.133378
v -0.193164 0.152676 -0.109350
v -0.201988 0.150929 -0.078089
v -0.201010 0.161727 -0.131244
v -0.314045 0.180473 -0.126429
v -0.319057 0.219168 -0.147159
v -0.365703 0.134362 -0.210163
v -0.355670 0.108566 -0.193592
v -0.364168 0.099353 -0.162413
v -0.443979 0.081645 -0.208522
v -0.499808 0.032517 -0.230234
v -0.507636 0.048723 -0.250887
v -0.735716 0.202659 -0.133172
v -0.737740 0.165230 -0.070913
v -0.720679 0.175227 -0.108381
v -0.776077 0.106420 -0.110506
v -0.795132 0.108719 -0.132120
v -0.783952 0.106557 -0.077726
v 1.685840 0.225500 -0.092643
v 1.697534 0.206049 0.128687
v 1.702544 0.157631 0.177941
v 1.696685 0.213125 0.082082
v 1.723472 0.179626 0.109323
v 1.723476 0.173177 0.013368
v 1.731639 0.136321 0.155342
v 1.688849 0.154610 0.090774
v 1.691569 0.083488 0.214539
v 1.719427 0.070004 0.185903
v 1.650612 0.007298 0.227879
v 1.700655 0.085102 0.150291
v 1.669980 -0.000434 0.197498
v 1.625496 -0.034260 0.170424
v 1.138731 0.105582 -0.107933
v 1.111679 -0.017743 -0.124897
v 1.159833 0.115368 -0.141105
v 1.186254 0.154465 -0.128398
v 1.122253 -0.020632 -0.154277
v 1.095183 -0.026795 -0.182275
v 1.124260 0.037248 -0.185859
v 1.157090 0.179282 -0.155850
v 1.496585 0.121875 -0.090989
v 1.493690 0.116990 -0.129623
v 1.436006 -0.026712 -0.115850
v 1.435884 -0.013930 -0.173266
v 1.503859 0.158553 -0.159602
v 1.444600 -0.039548 -0.147216
v 1.165035 0.142019 -0.091808
v 0.964295 0.066219 0.171438
v 1.019032 0.111280 0.142632
v 0.954796 0.086592 0.193003
v 1.334935 0.096693 0.111529
v 1.355549 0.100905 0.154034
v 1.295235 0.004314 0.146639
v 1.302649 0.004924 0.175476
v 1.286341 0.026188 0.200854
v 0.041234 0.256455 0.115610
v 0.102646 0.316767 0.017435
v 0.071424 0.313522 -0.046497
v -0.028553 0.181170 0.153299
v 0.093609 0.257169 0.048235
v 0.116106 0.286684 0.004745
v 0.101749 0.283995 -0.030899
v 0.101556 0.259933 -0.004056
v 0.058072 0.290759 -0.073510
v 0.066671 0.218259 0.043574
v 0.031588 0.210511 0.106112
v -0.002157 0.184963 0.078588
v -0.033442 0.134952 0.122479
v -0.047653 0.146484 0.147176
v -0.174054 0.122082 0.164963
v -0.156172 0.099851 0.130215
v -0.047016 0.134105 0.094008
v -0.224650 0.054886 0.186802
v -0.234584 0.035634 0.121121
v -0.221037 0.035738 0.165686
v -0.237697 0.022499 0.140759
v 0.522467 0.105561 -0.147994
v 0.497970 0.106881 -0.176596
v 0.555223 0.177062 -0.157779
v 1.711648 0.188939 -0.096832
v 1.679223 0.198579 -0.136283
v 1.674821 0.146850 -0.130313
v 1.599232 0.109774 -0.173985
v 1.594277 0.084571 -0.149455
v -0.004823 0.233879 0.002351
v -0.600213 0.234763 0.008277
v -0.226970 0.251741 0.017557
v -0.239734 0.253853 0.024425
v -0.437227 0.274408 0.131742
v -0.731327 0.270798 0.130766
v -0.715233 0.299424 0.094713
v -0.571332 0.333799 0.029705
v -0.948815 0.274309 0.133637
v -0.762616 0.335413 0.031187
v -0.979111 0.303504 0.086084
v -0.988802 0.262602 0.132491
v -0.544823 0.330574 -0.003481
v -1.028284 0.293685 0.081372
v -0.965102 0.320834 0.032078
v -1.030422 0.302354 0.014539
v -0.798323 0.336027 0.000169
v -0.972124 0.316340 -0.016398
v -1.024340 0.277865 -0.056481
v -0.863826 0.315493 -0.053547
v -0.954536 0.276292 -0.101218
v -0.637775 0.289054 -0.074756
v -0.774301 0.260921 -0.109103
v -0.581728 0.258277 -0.116636
v -0.260856 0.308065 -0.069087
v -0.978641 0.247147 -0.117191
v -0.009993 0.265631 -0.110293
v -0.207014 0.270117 -0.115019
v -0.337702 0.265241 -0.118372
v -0.511872 0.184797 -0.195514
v 0.485689 0.214188 -0.135667
v 0.435790 0.199687 -0.133692
v 0.476225 0.235174 -0.097108
v 0.408087 0.239868 -0.057073
v 0.905715 0.222168 -0.136629
v 0.469144 0.251015 -0.039354
v 0.395223 0.252247 0.025307
v 0.978427 0.277741 -0.042316
v 0.626338 0.256821 0.021936
v 0.610830 0.241553 0.076483
v 0.837474 0.253069 0.080689
v 0.834561 0.217300 0.132029
v 0.865719 0.274321 0.021780
v 1.104639 0.259738 0.122547
v 1.065588 0.264145 -0.084850
v 1.127338 0.301885 0.076102
v 1.146267 0.315535 0.027315
v 1.215092 0.300835 -0.034629
v 1.258126 0.297362 0.078344
v 1.368857 0.298877 0.020751
v 1.322506 0.273865 -0.092538
v 1.332336 0.297673 -0.032524
v 1.183651 0.225791 -0.136334
v 1.613594 0.238336 -0.100537
v 1.685840 0.225500 -0.092643
v 1.620159 0.238515 0.092364
v 1.387042 0.230954 -0.135182
v 1.328461 0.250396 0.125240
v 1.628182 0.214005 0.142895
v 1.697534 0.206049 0.128687
v 1.702544 0.157631 0.177941
v 1.696685 0.213125 0.082082
v 0.049507 0.333305 0.012084
v -0.240558 0.343398 0.047680
v 0.037238 0.308588 0.062290
v -0.294097 0.271848 0.126663
v 0.024418 0.270922 0.113186
v 0.041234 0.256455 0.115610
v 0.102646 0.316767 0.017435
v -0.266985 0.347066 0.021879
v -0.049719 0.309903 -0.052216
v 0.058072 0.290759 -0.073510
v 0.597905 0.211511 0.127840
v 0.426856 0.205547 0.175008
v 0.610221 0.169596 0.175788
v 0.402767 0.242092 0.087715
v 0.393543 0.192628 0.152126
v 0.363718 0.218910 0.038214
v 0.449352 0.176398 0.200492
v 1.679223 0.198579 -0.136283
v 1.601121 0.218499 -0.136926
v -0.361072 0.186964 0.128312
v -0.004823 0.233879 0.002351
v -0.600213 0.234763 0.008277
v -0.239734 0.253853 0.024425
v -0.439151 0.224036 0.136144
v -0.334626 0.230082 0.154335
v -0.440026 0.253915 0.146959
v -0.437227 0.274408 0.131742
v -0.541245 0.226040 0.153300
v -0.515446 0.192998 0.131766
v -0.617501 0.149912 0.160566
v -0.606774 0.118958 0.123803
v -0.641515 0.123585 0.150511
v -0.690618 0.138807 0.152342
v -0.749185 0.200156 0.127792
v -0.746983 0.238253 0.147484
v -0.632773 0.228659 0.157325
v -0.731327 0.270798 0.130766
v -0.808659 0.214026 0.128449
v -0.881323 0.229485 0.152511
v -0.948815 0.274309 0.133637
v -0.866456 0.197388 0.128134
v -0.938001 0.235979 0.156480
v -0.988802 0.262602 0.132491
v -0.933992 0.175132 0.164045
v -0.914240 0.131785 0.152446
v -0.933574 0.123510 0.151735
v -0.958628 0.147331 0.153179
v -0.764936 0.239984 0.005101
v -0.934893 0.195152 -0.054170
v -0.879142 0.168550 -0.072133
v -0.806530 0.184063 -0.051343
v -0.474763 0.227451 0.006449
v -0.231974 0.247545 0.025086
v -0.279069 0.213623 -0.031828
v -0.147295 0.204244 -0.044706
v -0.318347 0.168990 -0.083367
v -0.245080 0.179427 -0.063988
v -0.092423 0.182801 -0.070421
v -0.636987 0.191591 -0.043947
v -0.022242 0.191433 -0.052805
v 0.045058 0.221442 -0.051751
v 0.028030 0.192371 -0.064773
v -0.002500 0.131362 -0.070215
v 0.044479 0.136840 -0.077151
v -0.056997 0.138023 -0.078166
v -0.182754 0.186648 -0.072305
v -0.201988 0.150929 -0.078089
v -0.223207 0.145273 -0.073856
v -0.277295 0.162022 -0.083188
v -0.382240 0.136155 -0.109301
v -0.465133 0.071540 -0.168226
v -0.526987 0.085816 -0.147875
v -0.508820 0.024346 -0.196687
v -0.532660 0.019465 -0.192601
v -0.566160 0.029575 -0.196073
v -0.586491 0.125050 -0.135482
v -0.597662 0.162948 -0.090657
v -0.737740 0.165230 -0.070913
v -0.783952 0.106557 -0.077726
v -0.808014 0.100785 -0.072351
v -0.834262 0.107105 -0.077810
v 0.562877 0.130167 -0.100907
v 0.791518 0.150726 -0.070953
v 0.834561 0.217300 0.132029
v 1.104639 0.259738 0.122547
v 1.328461 0.250396 0.125240
v 1.234635 0.198152 0.155605
v 1.628182 0.214005 0.142895
v 1.604652 0.156009 0.196414
v 1.702544 0.157631 0.177941
v 1.612727 0.089692 0.225831
v 1.691569 0.083488 0.214539
v 1.719427 0.070004 0.185903
v 1.650612 0.007298 0.227879
v 1.508613 0.093223 0.216392
v 1.594952 0.009115 0.239412
v 1.585905 -0.050437 0.226539
v 1.548918 -0.032862 0.229324
v 0.816916 0.134246 -0.096756
v 0.872519 0.083492 -0.120193
v 0.889180 0.127785 -0.088124
v 1.065292 0.142924 -0.076892
v 0.999537 0.055824 -0.115018
v 1.073477 0.065618 -0.102269
v 1.138731 0.105582 -0.107933
v 1.053721 -0.021217 -0.123981
v 1.080882 -0.027508 -0.118786
v 1.111679 -0.017743 -0.124897
v 1.466650 0.167405 -0.059680
v 1.496585 0.121875 -0.090989
v 1.595026 0.149896 -0.076916
v 1.436006 -0.026712 -0.115850
v 1.413820 -0.044415 -0.114881
v 1.412371 0.116069 -0.081662
v 1.387865 -0.023533 -0.116756
v 1.333385 0.128233 -0.090071
v 1.252815 0.154664 -0.086071
v 1.165035 0.142019 -0.091808
v 0.862075 0.070735 0.181446
v 0.913033 0.055956 0.174589
v 0.918122 0.083404 0.199507
v 0.964295 0.066219 0.171438
v 1.019032 0.111280 0.142632
v 0.954796 0.086592 0.193003
v 0.901718 0.176643 0.169811
v 0.996572 0.143360 0.171224
v 1.039846 0.198729 0.153794
v 1.080338 0.131275 0.162290
v 1.081300 0.097892 0.137039
v 1.163995 0.099017 0.172272
v 1.142623 0.063132 0.141436
v 1.355549 0.100905 0.154034
v 1.206955 0.010095 0.197947
v 1.251840 -0.014365 0.183170
v 1.249524 0.017722 0.208840
v 1.302649 0.004924 0.175476
v 1.286341 0.026188 0.200854
v 1.331134 0.130416 0.178920
v 1.415810 0.132976 0.189024
v -0.294097 0.271848 0.126663
v 0.024418 0.270922 0.113186
v 0.041234 0.256455 0.115610
v -0.090347 0.225588 0.154799
v -0.028553 0.181170 0.153299
v -0.247430 0.139197 0.174261
v -0.047653 0.146484 0.147176
v -0.174054 0.122082 0.164963
v -0.224650 0.054886 0.186802
v -0.221037 0.035738 0.165686
v -0.249306 0.051354 0.194083
v -0.249540 0.025176 0.172199
v -0.275900 0.053778 0.186077
v -0.313496 0.154199 0.158303
v -0.290655 0.039896 0.155357
v 0.426856 0.205547 0.175008
v 0.610221 0.169596 0.175788
v 0.393543 0.192628 0.152126
v 0.422607 0.168504 0.186856
v 0.449352 0.176398 0.200492
v 0.414946 0.145107 0.160207
v 0.475067 0.126921 0.201143
v 0.593373 0.124045 0.203943
v 0.573373 0.091767 0.195429
v 0.804679 0.103756 0.155558
v 0.819180 0.139459 0.178742
v 0.435804 0.150083 -0.093066
v 0.487861 0.137716 -0.083564
v 0.487034 0.099399 -0.104094
v 0.461209 0.089493 -0.121746
v 0.499398 0.083317 -0.122425
v 1.482558 0.061820 0.188619
v 1.416750 0.101847 0.167783
v 1.678587 0.162242 -0.082232
v 1.626345 0.105678 -0.111293
v 1.569854 0.074648 -0.117769
v 1.536485 0.082305 -0.123912
v 1.528783 0.104350 -0.109117
v -0.310526 0.116783 0.099799
v -0.361072 0.186964 0.128312
v -0.350542 0.180402 0.094682
v -0.690618 0.138807 0.152342
v -0.690535 0.124187 0.098064
v -0.724762 0.185046 0.092902
v -0.706243 0.126307 0.127881
v -0.749185 0.200156 0.127792
v -0.988802 0.262602 0.132491
v -0.958628 0.147331 0.153179
v -0.943848 0.193413 0.082228
v -0.958563 0.126432 0.098715
v -0.962551 0.123821 0.123026
v -0.997936 0.231808 0.119374
v -0.987540 0.207743 0.093290
v -0.955498 0.210116 0.067456
v -1.051240 0.265942 0.062129
v -1.031062 0.234369 0.051101
v -0.961506 0.225119 0.024802
v -1.028284 0.293685 0.081372
v -1.050208 0.267764 0.017210
v -1.030422 0.302354 0.014539
v -1.024340 0.277865 -0.056481
v -0.978641 0.247147 -0.117191
v -0.994409 0.223338 -0.099924
v -0.893408 0.179431 -0.108857
v -1.043012 0.245059 -0.039709
v -0.981884 0.201410 -0.074620
v -1.025759 0.236461 0.013058
v -1.018188 0.216250 -0.034027
v -0.879142 0.168550 -0.072133
v -0.092423 0.182801 -0.070421
v -0.056997 0.138023 -0.078166
v -0.070180 0.139911 -0.104098
v -0.054881 0.155187 -0.135149
v -0.116948 0.195782 -0.108322
v -0.222314 0.141388 -0.103413
v -0.224312 0.154029 -0.132507
v -0.243287 0.183341 -0.143915
v -0.547928 0.039917 -0.251591
v -0.566160 0.029575 -0.196073
v -0.575137 0.038593 -0.224558
v -0.574362 0.081861 -0.242601
v -0.602664 0.214403 -0.148348
v -0.604762 0.135159 -0.170401
v -0.586491 0.125050 -0.135482
v -0.625799 0.183005 -0.129446
v -0.597662 0.162948 -0.090657
v -0.832664 0.121834 -0.135587
v -0.834262 0.107105 -0.077810
v -0.837553 0.103196 -0.104883
v 0.435790 0.199687 -0.133692
v 0.408087 0.239868 -0.057073
v 0.395223 0.252247 0.025307
v 1.548918 -0.032862 0.229324
v 0.999537 0.055824 -0.115018
v 0.980743 0.051802 -0.153097
v 1.053721 -0.021217 -0.123981
v 1.049607 -0.029422 -0.152897
v 1.055123 -0.014544 -0.184264
v 0.999933 0.075345 -0.186802
v 1.503859 0.158553 -0.159602
v 1.413764 -0.069780 -0.150684
v 1.387865 -0.023533 -0.116756
v 1.385348 -0.040892 -0.147949
v 1.388452 -0.001484 -0.173995
v 1.314996 0.131378 -0.127218
v 1.333385 0.128233 -0.090071
v 1.333999 0.166263 -0.153954
v 1.163995 0.099017 0.172272
v 1.142623 0.063132 0.141436
v 1.167617 0.067987 0.103474
v 1.210943 -0.007389 0.144062
v 1.200616 -0.007136 0.177257
v 1.206955 0.010095 0.197947
v -0.275900 0.053778 0.186077
v -0.313496 0.154199 0.158303
v -0.290655 0.039896 0.155357
v -0.277614 0.033160 0.131949
v 0.402767 0.242092 0.087715
v 0.393543 0.192628 0.152126
v 0.363718 0.218910 0.038214
v 0.422607 0.168504 0.186856
v 0.414946 0.145107 0.160207
v 0.475067 0.126921 0.201143
v 0.389869 0.176394 0.084906
v 0.465110 0.108856 0.172790
v 0.394395 0.184843 -0.022518
v 0.379298 0.212864 -0.031803
v 0.435804 0.150083 -0.093066
v 0.461209 0.089493 -0.121746
v 0.454380 0.095506 -0.148809
v 0.418313 0.178199 -0.110404
v 0.460545 0.117488 -0.174141
v 1.534021 -0.045171 0.203145
v 1.549175 -0.044303 0.171749
v 1.482558 0.061820 0.188619
v 1.509071 0.061941 0.149657
v 1.548178 0.094435 -0.175518
v 1.542405 0.076071 -0.152030
v 1.513228 0.114982 -0.139123
v 1.536485 0.082305 -0.123912
v 1.528783 0.104350 -0.109117
v -0.066769 0.176261 0.073041
v -0.252883 0.178336 0.073705
v 0.022473 0.200584 0.047445
v -0.361072 0.186964 0.128312
v -0.350542 0.180402 0.094682
v -0.323947 0.210502 0.049791
v -0.267974 0.234730 0.023257
v -0.415085 0.199646 0.106158
v -0.004823 0.233879 0.002351
v 0.054141 0.239756 -0.002696
v -0.388184 0.200069 0.070898
v -0.600213 0.234763 0.008277
v -0.439151 0.224036 0.136144
v -0.486604 0.196384 0.106743
v -0.515446 0.192998 0.131766
v -0.511706 0.200551 0.072159
v -0.539604 0.178000 0.097770
v -0.606774 0.118958 0.123803
v -0.641515 0.123585 0.150511
v -0.709773 0.200115 0.065374
v -0.631332 0.174244 0.084081
v -0.611724 0.121124 0.098767
v -0.665886 0.107441 0.121801
v -0.690618 0.138807 0.152342
v -0.657919 0.115542 0.092726
v -0.690535 0.124187 0.098064
v -0.724762 0.185046 0.092902
v -0.706243 0.126307 0.127881
v -0.749185 0.200156 0.127792
v -0.808768 0.197451 0.096280
v -0.746983 0.238253 0.147484
v -0.808659 0.214026 0.128449
v -0.881323 0.229485 0.152511
v -0.866456 0.197388 0.128134
v -0.914240 0.131785 0.152446
v -0.933574 0.123510 0.151735
v -0.958628 0.147331 0.153179
v -0.933756 0.102972 0.121751
v -0.907405 0.112695 0.123750
v -0.884375 0.184785 0.094317
v -0.913121 0.118020 0.097390
v -0.943848 0.193413 0.082228
v -0.934932 0.114629 0.091965
v -0.958563 0.126432 0.098715
v -0.962551 0.123821 0.123026
v -0.987540 0.207743 0.093290
v -0.955498 0.210116 0.067456
v -1.031062 0.234369 0.051101
v -0.961506 0.225119 0.024802
v -0.994409 0.223338 -0.099924
v -0.893408 0.179431 -0.108857
v -1.043012 0.245059 -0.039709
v -0.981884 0.201410 -0.074620
v -1.025759 0.236461 0.013058
v -1.018188 0.216250 -0.034027
v -0.973996 0.224749 0.000480
v -0.764936 0.239984 0.005101
v -0.934893 0.195152 -0.054170
v -0.879142 0.168550 -0.072133
v -0.806530 0.184063 -0.051343
v -0.474763 0.227451 0.006449
v -0.231974 0.247545 0.025086
v -0.279069 0.213623 -0.031828
v -0.147295 0.204244 -0.044706
v -0.318347 0.168990 -0.083367
v -0.245080 0.179427 -0.063988
v -0.092423 0.182801 -0.070421
v -0.636987 0.191591 -0.043947
v -0.022242 0.191433 -0.052805
v 0.045058 0.221442 -0.051751
v -0.002500 0.131362 -0.070215
v 0.044479 0.136840 -0.077151
v 0.063140 0.138110 -0.101541
v 0.046240 0.150539 -0.128337
v 0.008290 0.124157 -0.102699
v -0.056997 0.138023 -0.078166
v 0.001975 0.140712 -0.132259
v -0.070180 0.139911 -0.104098
v -0.054881 0.155187 -0.135149
v -0.116948 0.195782 -0.108322
v -0.137896 0.193877 -0.074827
v -0.163130 0.204514 -0.107392
v -0.182754 0.186648 -0.072305
v -0.193164 0.152676 -0.109350
v -0.201988 0.150929 -0.078089
v -0.223207 0.145273 -0.073856
v -0.222314 0.141388 -0.103413
v -0.201010 0.161727 -0.131244
v -0.277295 0.162022 -0.083188
v -0.224312 0.154029 -0.132507
v -0.243287 0.183341 -0.143915
v -0.314045 0.180473 -0.126429
v -0.355670 0.108566 -0.193592
v -0.364168 0.099353 -0.162413
v -0.443979 0.081645 -0.208522
v -0.382240 0.136155 -0.109301
v -0.465133 0.071540 -0.168226
v -0.526987 0.085816 -0.147875
v -0.508820 0.024346 -0.196687
v -0.499808 0.032517 -0.230234
v -0.507636 0.048723 -0.250887
v -0.532864 0.020540 -0.227995
v -0.532660 0.019465 -0.192601
v -0.547928 0.039917 -0.251591
v -0.566160 0.029575 -0.196073
v -0.575137 0.038593 -0.224558
v -0.586491 0.125050 -0.135482
v -0.625799 0.183005 -0.129446
v -0.597662 0.162948 -0.090657
v -0.670653 0.177929 -0.079411
v -0.670901 0.192446 -0.113346
v -0.737740 0.165230 -0.070913
v -0.720679 0.175227 -0.108381
v -0.776077 0.106420 -0.110506
v -0.795132 0.108719 -0.132120
v -0.832664 0.121834 -0.135587
v -0.808206 0.092115 -0.102980
v -0.783952 0.106557 -0.077726
v -0.808014 0.100785 -0.072351
v -0.834262 0.107105 -0.077810
v -0.837553 0.103196 -0.104883
v 0.562877 0.130167 -0.100907
v 0.686359 0.142546 -0.105508
v 0.791518 0.150726 -0.070953
v 1.723472 0.179626 0.109323
v 1.723476 0.173177 0.013368
v 1.688849 0.154610 0.090774
v 1.650612 0.007298 0.227879
v 1.669980 -0.000434 0.197498
v 1.585905 -0.050437 0.226539
v 1.610930 -0.051329 0.198158
v 1.625496 -0.034260 0.170424
v 1.575009 -0.054604 0.166972
v 1.566493 -0.069149 0.197721
v 1.548918 -0.032862 0.229324
v 0.874796 0.104507 -0.175380
v 0.790138 0.149572 -0.131250
v 0.816916 0.134246 -0.096756
v 0.864975 0.083973 -0.151083
v 0.872519 0.083492 -0.120193
v 0.889180 0.127785 -0.088124
v 1.065292 0.142924 -0.076892
v 0.999537 0.055824 -0.115018
v 0.980743 0.051802 -0.153097
v 1.053721 -0.021217 -0.123981
v 1.080882 -0.027508 -0.118786
v 1.049607 -0.029422 -0.152897
v 1.079929 -0.043121 -0.152764
v 1.111679 -0.017743 -0.124897
v 1.186254 0.154465 -0.128398
v 1.122253 -0.020632 -0.154277
v 1.055123 -0.014544 -0.184264
v 1.095183 -0.026795 -0.182275
v 0.999933 0.075345 -0.186802
v 1.466650 0.167405 -0.059680
v 1.496585 0.121875 -0.090989
v 1.595026 0.149896 -0.076916
v 1.579697 0.157561 -0.052020
v 1.493690 0.116990 -0.129623
v 1.436006 -0.026712 -0.115850
v 1.285610 0.217715 0.010515
v 1.444600 -0.039548 -0.147216
v 1.413764 -0.069780 -0.150684
v 1.413820 -0.044415 -0.114881
v 1.387865 -0.023533 -0.116756
v 1.314996 0.131378 -0.127218
v 1.333385 0.128233 -0.090071
v 1.252815 0.154664 -0.086071
v 1.248200 0.165176 -0.123814
v 1.310460 0.191686 -0.044028
v 1.153869 0.222483 0.015884
v 1.155100 0.223010 0.038390
v 1.594242 0.154872 0.063240
v 1.428104 0.163441 0.073010
v 1.165035 0.142019 -0.091808
v 1.001083 0.187250 -0.023127
v 0.845184 0.160702 0.053977
v 0.916059 0.077711 0.115704
v 0.828118 0.093763 0.118720
v 0.889750 0.051918 0.144558
v 0.862075 0.070735 0.181446
v 0.913033 0.055956 0.174589
v 0.953930 0.060111 0.140061
v 0.998087 0.108209 0.104308
v 1.082597 0.100884 0.101365
v 0.964295 0.066219 0.171438
v 1.019032 0.111280 0.142632
v 1.081300 0.097892 0.137039
v 1.142623 0.063132 0.141436
v 1.167617 0.067987 0.103474
v 1.210943 -0.007389 0.144062
v 1.200616 -0.007136 0.177257
v 1.334935 0.096693 0.111529
v 1.420111 0.100171 0.127309
v 1.355549 0.100905 0.154034
v 1.206955 0.010095 0.197947
v 1.251840 -0.014365 0.183170
v 1.254347 -0.012373 0.149296
v 1.295235 0.004314 0.146639
v 1.302649 0.004924 0.175476
v 0.101556 0.259933 -0.004056
v 0.066671 0.218259 0.043574
v 0.031588 0.210511 0.106112
v -0.002157 0.184963 0.078588
v -0.033442 0.134952 0.122479
v -0.047653 0.146484 0.147176
v -0.174054 0.122082 0.164963
v -0.156172 0.099851 0.130215
v -0.047016 0.134105 0.094008
v -0.175051 0.102731 0.092575
v -0.224650 0.054886 0.186802
v -0.234584 0.035634 0.121121
v -0.221037 0.035738 0.165686
v -0.249306 0.051354 0.194083
v -0.237697 0.022499 0.140759
v -0.249540 0.025176 0.172199
v -0.275900 0.053778 0.186077
v -0.290655 0.039896 0.155357
v -0.277614 0.033160 0.131949
v 0.414946 0.145107 0.160207
v 0.475067 0.126921 0.201143
v 0.389869 0.176394 0.084906
v 0.465110 0.108856 0.172790
v 0.573373 0.091767 0.195429
v 0.564814 0.077088 0.164400
v 0.461051 0.118269 0.130457
v 0.804679 0.103756 0.155558
v 0.564170 0.095718 0.122647
v 0.451936 0.158241 0.053999
v 0.587082 0.147468 0.051751
v 0.394395 0.184843 -0.022518
v 0.468388 0.163192 0.013312
v 0.826037 0.175086 0.005279
v 0.435804 0.150083 -0.093066
v 0.469154 0.159690 -0.040658
v 0.613373 0.157764 -0.032770
v 0.487861 0.137716 -0.083564
v 0.487034 0.099399 -0.104094
v 0.461209 0.089493 -0.121746
v 0.499398 0.083317 -0.122425
v 0.454380 0.095506 -0.148809
v 0.487017 0.084467 -0.153397
v 0.522467 0.105561 -0.147994
v 0.460545 0.117488 -0.174141
v 0.497970 0.106881 -0.176596
v 0.586782 0.150340 -0.132552
v 1.534021 -0.045171 0.203145
v 1.549175 -0.044303 0.171749
v 1.482558 0.061820 0.188619
v 1.509071 0.061941 0.149657
v 1.416750 0.101847 0.167783
v 1.598126 0.145800 0.087408
v 1.688901 0.148887 0.015569
v 1.678587 0.162242 -0.082232
v 1.711648 0.188939 -0.096832
v 1.674821 0.146850 -0.130313
v 1.626345 0.105678 -0.111293
v 1.599232 0.109774 -0.173985
v 1.594277 0.084571 -0.149455
v 1.548178 0.094435 -0.175518
v 1.569854 0.074648 -0.117769
v 1.542405 0.076071 -0.152030
v 1.513228 0.114982 -0.139123
v 1.536485 0.082305 -0.123912
v 1.528783 0.104350 -0.109117
v -0.066769 0.176261 0.073041
v -0.251851 0.094356 0.089964
v -0.252883 0.178336 0.073705
v -0.310526 0.116783 0.099799
v 0.022473 0.200584 0.047445
v -0.350542 0.180402 0.094682
v -0.323947 0.210502 0.049791
v -0.267974 0.234730 0.023257
v -0.004823 0.233879 0.002351
v -0.600213 0.234763 0.008277
v -0.226970 0.251741 0.017557
v -0.511706 0.200551 0.072159
v -0.539604 0.178000 0.097770
v -0.709773 0.200115 0.065374
v -0.631332 0.174244 0.084081
v -0.611724 0.121124 0.098767
v -0.657919 0.115542 0.092726
v -0.690535 0.124187 0.098064
v -0.724762 0.185046 0.092902
v -0.808768 0.197451 0.096280
v -0.884375 0.184785 0.094317
v -0.913121 0.118020 0.097390
v -0.943848 0.193413 0.082228
v -0.934932 0.114629 0.091965
v -0.958563 0.126432 0.098715
v -0.987540 0.207743 0.093290
v -0.954536 0.276292 -0.101218
v -0.774301 0.260921 -0.109103
v -0.581728 0.258277 -0.116636
v -0.978641 0.247147 -0.117191
v -0.877949 0.209722 -0.132737
v -0.994409 0.223338 -0.099924
v -0.893408 0.179431 -0.108857
v 0.046240 0.150539 -0.128337
v 0.026188 0.224388 -0.119871
v 0.001975 0.140712 -0.132259
v -0.054881 0.155187 -0.135149
v -0.117384 0.234207 -0.127338
v -0.116948 0.195782 -0.108322
v -0.207014 0.270117 -0.115019
v -0.163130 0.204514 -0.107392
v -0.180986 0.228173 -0.133378
v -0.201010 0.161727 -0.131244
v -0.224312 0.154029 -0.132507
v -0.243287 0.183341 -0.143915
v -0.314045 0.180473 -0.126429
v -0.244739 0.231165 -0.140146
v -0.319057 0.219168 -0.147159
v -0.337702 0.265241 -0.118372
v -0.511872 0.184797 -0.195514
v -0.365703 0.134362 -0.210163
v -0.461006 0.116418 -0.230345
v -0.355670 0.108566 -0.193592
v -0.443979 0.081645 -0.208522
v -0.507636 0.048723 -0.250887
v -0.535794 0.080749 -0.253935
v -0.547928 0.039917 -0.251591
v -0.574362 0.081861 -0.242601
v -0.602664 0.214403 -0.148348
v -0.625799 0.183005 -0.129446
v -0.670809 0.224048 -0.129039
v -0.670901 0.192446 -0.113346
v -0.735716 0.202659 -0.133172
v -0.808097 0.208552 -0.137698
v -0.720679 0.175227 -0.108381
v -0.808141 0.150871 -0.145472
v -0.776077 0.106420 -0.110506
v -0.795132 0.108719 -0.132120
v -0.832664 0.121834 -0.135587
v 0.686359 0.142546 -0.105508
v 0.485689 0.214188 -0.135667
v 0.435790 0.199687 -0.133692
v 0.905715 0.222168 -0.136629
v 0.689820 0.190321 -0.147010
v 1.322506 0.273865 -0.092538
v 1.183651 0.225791 -0.136334
v 1.387042 0.230954 -0.135182
v 1.688849 0.154610 0.090774
v 1.700655 0.085102 0.150291
v 1.625496 -0.034260 0.170424
v 1.615344 0.088401 0.133279
v 1.575009 -0.054604 0.166972
v 0.908749 0.162367 -0.174324
v 0.874796 0.104507 -0.175380
v 0.816037 0.181017 -0.154928
v 0.790138 0.149572 -0.131250
v 0.864975 0.083973 -0.151083
v 1.159833 0.115368 -0.141105
v 1.186254 0.154465 -0.128398
v 1.055123 -0.014544 -0.184264
v 1.095183 -0.026795 -0.182275
v 1.124260 0.037248 -0.185859
v 1.157090 0.179282 -0.155850
v 1.247512 0.194209 -0.145637
v 1.072554 0.097373 -0.192114
v 1.079311 0.016079 -0.196181
v 0.999933 0.075345 -0.186802
v 1.493690 0.116990 -0.129623
v 1.435884 -0.013930 -0.173266
v 1.503859 0.158553 -0.159602
v 1.444600 -0.039548 -0.147216
v 1.414395 0.162151 -0.162127
v 1.412057 -0.028106 -0.179289
v 1.413764 -0.069780 -0.150684
v 1.385348 -0.040892 -0.147949
v 1.388452 -0.001484 -0.173995
v 1.314996 0.131378 -0.127218
v 1.333999 0.166263 -0.153954
v 1.248200 0.165176 -0.123814
v 1.155100 0.223010 0.038390
v 1.428104 0.163441 0.073010
v 1.189101 0.193890 0.057086
v 0.971792 0.159466 0.069306
v 1.232144 0.127129 0.078928
v 0.845184 0.160702 0.053977
v 0.916059 0.077711 0.115704
v 0.828118 0.093763 0.118720
v 0.889750 0.051918 0.144558
v 0.953930 0.060111 0.140061
v 0.998087 0.108209 0.104308
v 1.082597 0.100884 0.101365
v 1.167617 0.067987 0.103474
v 1.252279 0.024674 0.119030
v 1.210943 -0.007389 0.144062
v 1.334935 0.096693 0.111529
v 1.420111 0.100171 0.127309
v 1.254347 -0.012373 0.149296
v 1.295235 0.004314 0.146639
v -0.002157 0.184963 0.078588
v -0.047016 0.134105 0.094008
v -0.175051 0.102731 0.092575
v -0.234584 0.035634 0.121121
v -0.277614 0.033160 0.131949
v 0.587082 0.147468 0.051751
v 0.487017 0.084467 -0.153397
v 0.522467 0.105561 -0.147994
v 0.460545 0.117488 -0.174141
v 0.497970 0.106881 -0.176596
v 0.484400 0.153303 -0.175790
v 0.555223 0.177062 -0.157779
v 0.586782 0.150340 -0.132552
v 1.549175 -0.044303 0.171749
v 1.509071 0.061941 0.149657
v 1.598126 0.145800 0.087408
v 1.679223 0.198579 -0.136283
v 1.674821 0.146850 -0.130313
v 1.601121 0.218499 -0.136926
v 1.599232 0.109774 -0.173985
v 1.586750 0.153369 -0.175019
v 1.548178 0.094435 -0.175518
v 1.513228 0.114982 -0.139123
v 0.762846 -0.285037 -0.023370
v 0.817047 -0.160405 -0.019528
v 0.747813 -0.278859 0.133175
v 0.797413 -0.164819 0.136691
v 0.747813 -0.278859 -0.133169
v 0.797413 -0.164819 -0.136685
v 0.817047 -0.160405 0.029304
v 0.762846 -0.285037 0.033147
v 0.357955 -0.112969 0.042595
v 0.390011 -0.040365 0.055491
v 0.349064 -0.122788 0.134732
v 0.378397 -0.056359 0.146531
v 0.390011 -0.040365 -0.055485
v 0.349064 -0.122788 -0.134726
v 0.378397 -0.056359 -0.146526
v 0.357955 -0.112969 -0.042589
v -1.053330 -0.539709 0.061788
v -1.053330 -0.378918 0.061788
v -1.026351 -0.521704 -0.000037
v -1.026351 -0.360913 -0.000037
v -1.053330 -0.378918 -0.061862
v -1.053330 -0.539709 -0.061862
v -1.053330 -0.228176 0.061788
v -1.053330 -0.201302 0.061788
v -1.026351 -0.210171 -0.000037
v -1.026351 -0.201302 -0.000037
v -1.074684 -0.162906 0.041519
v -1.053330 -0.201302 -0.061862
v -1.053330 -0.228176 -0.061862
v -1.056551 -0.162906 -0.000037
v -1.074684 -0.162906 -0.041592
v -1.051906 -0.859559 -0.000037
v -1.026351 -0.804268 -0.000037
v -1.071397 -0.859559 0.044637
v -1.071397 -0.859559 -0.044710
v -1.053330 -0.804269 0.061788
v -1.053330 -0.690451 0.061788
v -1.026351 -0.672445 -0.000037
v -1.053330 -0.690451 -0.061862
v -1.053330 -0.804269 -0.061862
v 0.762911 -0.035730 -0.016352
v 0.632141 0.015955 -0.015704
v 0.747874 -0.050740 0.139596
v 0.628218 -0.003447 0.140189
v 0.747874 -0.050740 -0.139590
v 0.628218 -0.003447 -0.140183
v 0.632141 0.015955 0.025481
v 0.762911 -0.035730 0.026129
v 0.357992 0.032322 0.068001
v 0.280651 0.062513 0.072796
v 0.349098 0.010153 0.157978
v 0.278331 0.037775 0.162365
v 0.349098 0.010153 -0.157972
v 0.278331 0.037775 -0.162359
v 0.280651 0.062513 -0.072790
v 0.357992 0.032322 -0.067995
v -1.074684 -0.162906 0.041519
v -1.056551 -0.162906 -0.000037
v -1.074684 -0.162906 -0.041592
v -1.118458 -0.162906 -0.058806
v -1.118458 -0.162906 0.058731
v -1.162233 -0.162906 -0.041592
v -1.162233 -0.162906 0.041519
v -1.180365 -0.162906 -0.000037
v -1.419098 0.153398 -0.000037
v -1.227400 0.153398 -0.000037
v -1.406708 0.136537 -0.040581
v -1.406708 0.136537 0.040507
v -1.215014 0.136537 -0.040581
v -1.215014 0.136537 0.040507
v -2.130694 0.136537 -0.040581
v -1.994182 0.153398 -0.000037
v -1.981796 0.136537 -0.040581
v -2.130694 0.153398 -0.000036
v -2.130694 0.136537 0.040508
v -1.981796 0.136537 0.040508
v -1.598405 0.136537 -0.040581
v -1.790099 0.136537 -0.040581
v -1.610791 0.153398 -0.000037
v -1.598405 0.136537 0.040507
v -1.802489 0.153398 -0.000037
v -1.790099 0.136537 0.040507
v -1.053330 -0.539709 0.061788
v -1.118458 -0.422390 0.087397
v -1.118458 -0.583181 0.087397
v -1.183586 -0.465861 0.061788
v -1.053330 -0.378918 0.061788
v -1.183586 -0.626652 0.061788
v -1.118458 -0.201302 0.087397
v -1.053330 -0.228176 0.061788
v -1.053330 -0.201302 0.061788
v -1.118458 -0.271648 0.087397
v -1.183586 -0.201302 0.061788
v -1.183586 -0.315119 0.061788
v -1.074684 -0.162906 0.041519
v -1.118458 -0.162906 0.058731
v -1.162233 -0.162906 0.041519
v -1.406708 0.136537 0.040507
v -1.215014 0.136537 0.040507
v -1.376804 0.095821 0.057301
v -1.185106 0.095821 0.057301
v -1.346899 0.055110 0.040507
v -1.155202 0.055110 0.040507
v -1.071397 -0.859559 0.044637
v -1.053330 -0.804269 0.061788
v -1.118458 -0.804269 0.087397
v -1.053330 -0.690451 0.061788
v -1.118458 -0.733923 0.087397
v -1.183586 -0.777394 0.061788
v -1.183586 -0.804269 0.061788
v -1.118458 -0.859559 0.063140
v -1.165515 -0.859559 0.044637
v 0.508480 -0.278762 0.131701
v 0.628136 -0.326056 0.131107
v 0.557857 -0.249798 0.132821
v 0.614718 -0.272238 0.132540
v 0.597757 -0.211795 0.134136
v 0.614731 -0.218471 0.134053
v 0.628175 -0.164752 0.135648
v 0.658540 -0.211761 0.134512
v 0.684540 -0.177572 0.135635
v 0.698423 -0.249797 0.133688
v 0.740952 -0.177594 0.135983
v 0.747813 -0.278859 0.133175
v 0.797413 -0.164819 0.136691
v 0.677557 -0.135790 0.136769
v 0.614757 -0.110936 0.137081
v 0.717452 -0.097784 0.138084
v 0.614770 -0.057168 0.138595
v 0.628218 -0.003447 0.140189
v 0.747874 -0.050740 0.139596
v 0.571714 -0.177526 0.134940
v 0.578784 -0.135691 0.136162
v 0.515302 -0.177503 0.134593
v 0.538902 -0.097652 0.136986
v 0.458940 -0.164682 0.134607
v 0.508536 -0.050645 0.138122
v 0.207515 -0.122610 0.133877
v 0.278283 -0.150233 0.129489
v 0.236718 -0.105757 0.137007
v 0.270347 -0.118862 0.134926
v 0.260314 -0.083629 0.141024
v 0.270355 -0.087526 0.140405
v 0.278307 -0.056226 0.145928
v 0.296266 -0.083637 0.141247
v 0.311641 -0.063730 0.144825
v 0.319852 -0.105827 0.137515
v 0.345004 -0.063771 0.145026
v 0.349064 -0.122788 0.134732
v 0.378397 -0.056359 0.146531
v 0.307510 -0.039377 0.149058
v 0.270371 -0.024857 0.151364
v 0.270379 0.006476 0.156842
v 0.331107 -0.017250 0.153074
v 0.278331 0.037775 0.162365
v 0.349098 0.010153 0.157978
v 0.244914 -0.063642 0.144422
v 0.249095 -0.039265 0.148711
v 0.211550 -0.063601 0.144220
v 0.225508 -0.017079 0.152443
v 0.178216 -0.056098 0.145323
v 0.207549 0.010335 0.157124
v -2.130694 0.136537 0.040508
v -1.981796 0.136537 0.040508
v -2.130694 0.095821 0.057303
v -1.951892 0.095821 0.057301
v -2.130694 0.055110 0.040508
v -1.921983 0.055110 0.040508
v -1.538593 0.055110 0.040507
v -1.730290 0.055110 0.040507
v -1.568501 0.095821 0.057301
v -1.760194 0.095821 0.057301
v -1.598405 0.136537 0.040507
v -1.790099 0.136537 0.040507
v -1.183586 -0.465861 0.061788
v -1.183586 -0.626652 0.061788
v -1.210565 -0.483868 -0.000037
v -1.210565 -0.644659 -0.000037
v -1.183586 -0.626652 -0.061862
v -1.183586 -0.465861 -0.061862
v -1.183586 -0.201302 0.061788
v -1.183586 -0.315119 0.061788
v -1.162233 -0.162906 -0.041592
v -1.183586 -0.201302 -0.061862
v -1.183586 -0.315119 -0.061862
v -1.162233 -0.162906 0.041519
v -1.210565 -0.201302 -0.000037
v -1.180365 -0.162906 -0.000037
v -1.210565 -0.333126 -0.000037
v -1.183586 -0.777394 0.061788
v -1.183586 -0.777394 -0.061862
v -1.183586 -0.804269 0.061788
v -1.210565 -0.795401 -0.000037
v -1.183586 -0.804269 -0.061862
v -1.210565 -0.804269 -0.000037
v -1.165515 -0.859559 -0.044710
v -1.165515 -0.859559 0.044637
v -1.185010 -0.859559 -0.000037
v 0.207549 0.010335 0.157124
v 0.203295 0.032521 0.067067
v 0.171238 -0.040079 0.054171
v 0.178216 -0.056098 0.145323
v 0.178216 -0.056098 -0.145318
v 0.171238 -0.040079 -0.054165
v 0.207549 0.010335 -0.157118
v 0.203295 0.032521 -0.067061
v 0.501344 -0.035626 -0.017963
v 0.447141 -0.160255 -0.021805
v 0.508536 -0.050645 0.138122
v 0.458940 -0.164682 0.134607
v 0.508536 -0.050645 -0.138116
v 0.458940 -0.164682 -0.134600
v 0.447141 -0.160255 0.031582
v 0.501344 -0.035626 0.027739
v -1.346899 0.055110 -0.040581
v -1.346899 0.055110 0.040507
v -1.155202 0.055110 -0.040581
v -1.155202 0.055110 0.040507
v -1.334509 0.038244 -0.000037
v -1.142816 0.038244 -0.000037
v -1.051906 -0.859559 -0.000037
v -1.071397 -0.859559 0.044637
v -1.071397 -0.859559 -0.044710
v -1.118458 -0.859559 -0.063215
v -1.165515 -0.859559 -0.044710
v -1.118458 -0.859559 0.063140
v -1.165515 -0.859559 0.044637
v -1.185010 -0.859559 -0.000037
v -2.130694 0.055110 -0.040581
v -1.921983 0.055110 -0.040581
v -2.130694 0.038244 -0.000036
v -2.130694 0.055110 0.040508
v -1.909598 0.038244 -0.000037
v -1.921983 0.055110 0.040508
v 0.501279 -0.284932 -0.024981
v 0.632049 -0.336616 -0.025629
v 0.508480 -0.278762 0.131701
v 0.628136 -0.326056 0.131107
v 0.508480 -0.278762 -0.131695
v 0.628136 -0.326056 -0.131101
v 0.632049 -0.336616 0.035407
v 0.501279 -0.284932 0.034758
v -1.538593 0.055110 -0.040581
v -1.717900 0.038244 -0.000037
v -1.730290 0.055110 -0.040581
v -1.526207 0.038244 -0.000037
v -1.538593 0.055110 0.040507
v -1.730290 0.055110 0.040507
v 0.203258 -0.112766 0.041661
v 0.278283 -0.150233 0.129489
v 0.207515 -0.122610 0.133877
v 0.280598 -0.142957 0.036866
v 0.278283 -0.150233 -0.129484
v 0.203258 -0.112766 -0.041655
v 0.207515 -0.122610 -0.133872
v 0.280598 -0.142957 -0.036860
v -1.053330 -0.378918 -0.061862
v -1.183586 -0.626652 -0.061862
v -1.053330 -0.539709 -0.061862
v -1.183586 -0.465861 -0.061862
v -1.118458 -0.422390 -0.087472
v -1.118458 -0.583181 -0.087472
v -1.053330 -0.201302 -0.061862
v -1.053330 -0.228176 -0.061862
v -1.074684 -0.162906 -0.041592
v -1.118458 -0.201302 -0.087472
v -1.118458 -0.271648 -0.087472
v -1.118458 -0.162906 -0.058806
v -1.162233 -0.162906 -0.041592
v -1.183586 -0.201302 -0.061862
v -1.183586 -0.315119 -0.061862
v -1.406708 0.136537 -0.040581
v -1.215014 0.136537 -0.040581
v -1.376804 0.095821 -0.057375
v -1.185106 0.095821 -0.057375
v -1.346899 0.055110 -0.040581
v -1.155202 0.055110 -0.040581
v -1.071397 -0.859559 -0.044710
v -1.053330 -0.690451 -0.061862
v -1.053330 -0.804269 -0.061862
v -1.118458 -0.733923 -0.087472
v -1.118458 -0.804269 -0.087472
v -1.183586 -0.777394 -0.061862
v -1.118458 -0.859559 -0.063215
v -1.183586 -0.804269 -0.061862
v -1.165515 -0.859559 -0.044710
v 0.628136 -0.326056 -0.131101
v 0.557857 -0.249798 -0.132815
v 0.614718 -0.272238 -0.132534
v 0.508480 -0.278762 -0.131695
v 0.597757 -0.211795 -0.134131
v 0.614731 -0.218471 -0.134048
v 0.628175 -0.164752 -0.135643
v 0.684540 -0.177572 -0.135630
v 0.658540 -0.211761 -0.134507
v 0.698423 -0.249797 -0.133682
v 0.740952 -0.177594 -0.135977
v 0.747813 -0.278859 -0.133169
v 0.797413 -0.164819 -0.136685
v 0.614757 -0.110936 -0.137075
v 0.677557 -0.135790 -0.136763
v 0.717452 -0.097784 -0.138078
v 0.614770 -0.057168 -0.138588
v 0.628218 -0.003447 -0.140183
v 0.747874 -0.050740 -0.139590
v 0.571714 -0.177526 -0.134935
v 0.578784 -0.135691 -0.136156
v 0.515302 -0.177503 -0.134587
v 0.538902 -0.097652 -0.136980
v 0.458940 -0.164682 -0.134600
v 0.508536 -0.050645 -0.138116
v 0.278283 -0.150233 -0.129484
v 0.236718 -0.105757 -0.137001
v 0.270347 -0.118862 -0.134920
v 0.207515 -0.122610 -0.133872
v 0.260314 -0.083629 -0.141019
v 0.270355 -0.087526 -0.140399
v 0.278307 -0.056226 -0.145922
v 0.311641 -0.063730 -0.144819
v 0.296266 -0.083637 -0.141241
v 0.319852 -0.105827 -0.137509
v 0.345004 -0.063771 -0.145021
v 0.349064 -0.122788 -0.134726
v 0.378397 -0.056359 -0.146526
v 0.270371 -0.024857 -0.151357
v 0.307510 -0.039377 -0.149052
v 0.270379 0.006476 -0.156837
v 0.331107 -0.017250 -0.153069
v 0.278331 0.037775 -0.162359
v 0.349098 0.010153 -0.157972
v 0.244914 -0.063642 -0.144416
v 0.249095 -0.039265 -0.148705
v 0.211550 -0.063601 -0.144215
v 0.225508 -0.017079 -0.152437
v 0.178216 -0.056098 -0.145318
v 0.207549 0.010335 -0.157118
v -2.130694 0.136537 -0.040581
v -1.981796 0.136537 -0.040581
v -2.130694 0.095821 -0.057374
v -1.951892 0.095821 -0.057375
v -2.130694 0.055110 -0.040581
v -1.921983 0.055110 -0.040581
v -1.538593 0.055110 -0.040581
v -1.730290 0.055110 -0.040581
v -1.568501 0.095821 -0.057375
v -1.760194 0.095821 -0.057375
v -1.598405 0.136537 -0.040581
v -1.790099 0.136537 -0.040581
v 1.321422 -0.263312 0.128141
v 1.344360 -0.145570 0.132448
v 1.346472 -0.149377 0.225838
v 1.323690 -0.267397 0.228367
v 1.844081 -0.134255 -0.174279
v 1.783284 -0.445598 -0.162889
v 1.860263 -0.139056 -0.226857
v 1.799466 -0.450403 -0.215466
v 1.783563 -0.449576 -0.269728
v 1.844360 -0.138230 -0.281117
v 1.858448 -0.135666 0.150939
v 1.797786 -0.447034 0.139549
v 1.877716 -0.140974 0.202518
v 1.817055 -0.452342 0.191128
v 1.804377 -0.452121 0.246157
v 1.865039 -0.140749 0.257547
v 1.343272 -0.267158 -0.125136
v 1.366263 -0.149425 -0.129442
v 1.362854 -0.152254 -0.222834
v 1.339615 -0.270194 -0.225362
v 1.531583 -0.727131 -0.220867
v 1.472401 -0.757655 -0.193651
v 1.471226 -0.781239 -0.217243
v 1.425370 -0.844123 -0.189494
v 1.424195 -0.867707 -0.213085
v 1.532758 -0.703548 -0.197273
v 1.458065 -0.754603 0.184452
v 1.458335 -0.778433 0.207820
v 1.411060 -0.841147 0.181902
v 1.411330 -0.864977 0.205272
v 1.420163 -0.116331 0.114347
v 1.424539 -0.115161 0.250217
v 1.450098 -0.176455 0.114623
v 1.454778 -0.175201 0.259919
v 1.437016 -0.229005 0.116087
v 1.441996 -0.227669 0.270809
v 1.434312 -0.281304 0.262689
v 1.429632 -0.282559 0.117393
v 1.436903 -0.117489 -0.250912
v 1.470242 -0.180259 -0.117537
v 1.466345 -0.177485 -0.262833
v 1.440542 -0.120082 -0.115043
v 1.456937 -0.232763 -0.118844
v 1.452793 -0.229810 -0.273565
v 1.445440 -0.283511 -0.265603
v 1.449332 -0.286285 -0.120306
v 1.360403 -0.270914 0.147190
v 1.383350 -0.153172 0.151486
v 1.386607 -0.157681 0.207442
v 1.362723 -0.275608 0.208621
v 0.929237 0.028309 -0.167833
v 0.868440 -0.283035 -0.156442
v 0.855580 -0.282011 -0.190697
v 0.916376 0.029334 -0.202088
v 0.924796 0.026433 -0.240301
v 0.863999 -0.284911 -0.228911
v 1.396433 -0.248404 0.152392
v 1.398156 -0.227653 0.177971
v 1.611983 -0.410574 0.203882
v 1.613398 -0.395892 0.230577
v 1.654569 -0.534920 0.228290
v 1.655270 -0.546341 0.254717
v 1.695231 -0.670006 0.183029
v 1.695501 -0.693836 0.206399
v 1.063860 -0.779611 -0.179509
v 1.131849 -0.614617 -0.252577
v 1.134496 -0.610441 -0.225336
v 1.054626 -0.801756 -0.202878
v 1.206446 -0.442519 -0.203651
v 1.211718 -0.425283 -0.229819
v 1.357699 -0.305936 -0.149624
v 1.363916 -0.285982 -0.175204
v 1.301008 -0.231492 -0.149997
v 1.307225 -0.211538 -0.175577
v 0.944296 0.024549 0.194992
v 0.883634 -0.286819 0.183601
v 0.872811 -0.286185 0.218497
v 0.933473 0.025184 0.229887
v 0.944139 0.021910 0.267559
v 0.883481 -0.289459 0.256169
v 1.380917 -0.274621 -0.146441
v 1.403921 -0.156889 -0.150736
v 1.404230 -0.160850 -0.207066
v 1.380011 -0.278716 -0.208185
v 1.049385 -0.777486 0.191887
v 1.122227 -0.608615 0.235645
v 1.121200 -0.613080 0.262939
v 1.041592 -0.799896 0.215480
v 1.192401 -0.440288 0.211918
v 1.199167 -0.423311 0.237942
v 1.339915 -0.302755 0.151343
v 1.347586 -0.283050 0.176759
v 1.283163 -0.228467 0.155519
v 1.290834 -0.208763 0.180934
v 1.414221 -0.251695 -0.153125
v 1.414491 -0.230680 -0.178540
v 1.625805 -0.398801 -0.244282
v 1.625923 -0.413761 -0.217707
v 1.666650 -0.537930 -0.245632
v 1.665753 -0.549074 -0.272171
v 1.709519 -0.673569 -0.204010
v 1.708343 -0.697152 -0.227602
v 1.858448 -0.135666 0.150939
v 1.800115 -0.125332 0.150780
v 1.841317 -0.133342 0.170227
v 1.804917 -0.125195 0.123848
v 1.877716 -0.140974 0.202518
v 1.726606 -0.124548 0.125477
v 1.853707 -0.136794 0.204482
v 1.727229 -0.125668 0.152963
v 1.844752 -0.136612 0.242695
v 1.573002 -0.137936 0.155621
v 1.865039 -0.140749 0.257547
v 1.572379 -0.136815 0.128136
v 1.808574 -0.131441 0.276173
v 1.383350 -0.153172 0.151486
v 1.818679 -0.134147 0.301146
v 1.366480 -0.149463 0.131837
v 1.731587 -0.131752 0.289148
v 1.368592 -0.153270 0.225227
v 1.730934 -0.132342 0.316637
v 1.386607 -0.157681 0.207442
v 1.575601 -0.142617 0.270412
v 1.580464 -0.144194 0.243528
v 0.912376 0.032011 -0.148546
v 0.966276 0.023445 -0.121454
v 0.970704 0.021669 -0.148385
v 1.039598 -0.002787 -0.123084
v 0.929237 0.028309 -0.167833
v 1.038597 -0.003617 -0.150569
v 0.892393 0.033663 -0.200124
v 1.177887 -0.067909 -0.153227
v 0.916376 0.029334 -0.202088
v 1.178892 -0.067074 -0.125742
v 0.924796 0.026433 -0.240301
v 1.349123 -0.147106 -0.149091
v 0.904309 0.029525 -0.255153
v 1.366263 -0.149425 -0.129442
v 0.960508 0.018868 -0.273779
v 1.362854 -0.152254 -0.222834
v 0.950059 0.019806 -0.298752
v 1.344386 -0.150198 -0.205048
v 1.032236 -0.007800 -0.286754
v 1.173699 -0.071386 -0.268018
v 1.032624 -0.008576 -0.314244
v 1.168566 -0.071191 -0.241135
v 0.926316 0.028409 0.176673
v 0.984565 0.018220 0.173296
v 0.978549 0.020262 0.146663
v 1.051914 -0.005787 0.144104
v 0.944296 0.024549 0.194992
v 1.052536 -0.006908 0.171589
v 0.909402 0.029467 0.229250
v 1.191914 -0.070859 0.166142
v 0.933473 0.025184 0.229887
v 1.191291 -0.069739 0.138658
v 0.944139 0.021910 0.267559
v 1.328527 -0.143527 0.153130
v 0.924552 0.024790 0.283512
v 1.344360 -0.145570 0.132448
v 0.981788 0.014091 0.298998
v 1.346472 -0.149377 0.225838
v 0.972828 0.014739 0.324500
v 1.326742 -0.147118 0.209460
v 1.054230 -0.012523 0.307848
v 1.194508 -0.075536 0.280933
v 1.056241 -0.013581 0.335264
v 1.187347 -0.074980 0.254518
v 1.785883 -0.123801 -0.170901
v 1.844081 -0.134255 -0.174279
v 1.825849 -0.131690 -0.192597
v 1.792266 -0.123959 -0.144269
v 1.860263 -0.139056 -0.226857
v 1.713981 -0.123129 -0.141709
v 1.836184 -0.134807 -0.227493
v 1.712976 -0.123963 -0.169194
v 1.824995 -0.134209 -0.265165
v 1.558805 -0.135882 -0.163748
v 1.844360 -0.138230 -0.281117
v 1.559806 -0.135051 -0.136263
v 1.786915 -0.128607 -0.296604
v 1.403921 -0.156889 -0.150736
v 1.795522 -0.131072 -0.322105
v 1.388374 -0.153370 -0.130054
v 1.709279 -0.128623 -0.305455
v 1.384965 -0.156200 -0.223444
v 1.707003 -0.128922 -0.332871
v 1.404230 -0.160850 -0.207066
v 1.554613 -0.139359 -0.278539
v 1.561513 -0.141297 -0.252123
v 1.257826 -0.142613 0.119931
v 1.312606 -0.095456 0.253307
v 1.308231 -0.096631 0.117438
v 1.368905 -0.105217 0.262155
v 1.262501 -0.141355 0.265227
v 1.420163 -0.116331 0.114347
v 1.424539 -0.115161 0.250217
v 1.436903 -0.117489 -0.250912
v 1.440542 -0.120082 -0.115043
v 1.380682 -0.107305 -0.259762
v 1.328657 -0.100113 -0.111953
v 1.325018 -0.097519 -0.247823
v 1.278052 -0.145962 -0.112229
v 1.274160 -0.143188 -0.257525
v 1.315457 -0.298449 0.152019
v 1.317181 -0.277698 0.177598
v 1.396433 -0.248404 0.152392
v 1.398156 -0.227653 0.177971
v 1.611983 -0.410574 0.203882
v 1.613398 -0.395892 0.230577
v 1.301008 -0.231492 -0.149997
v 1.307225 -0.211538 -0.175577
v 1.038714 -0.308971 -0.201488
v 1.042928 -0.294785 -0.228182
v 1.283163 -0.228467 0.155519
v 1.290834 -0.208763 0.180934
v 1.024500 -0.307168 0.220101
v 1.030251 -0.293248 0.246676
v 1.333255 -0.301574 -0.148949
v 1.333524 -0.280558 -0.174365
v 1.414221 -0.251695 -0.153125
v 1.414491 -0.230680 -0.178540
v 1.625805 -0.398801 -0.244282
v 1.625923 -0.413761 -0.217707
v 0.924552 0.024790 0.283512
v 0.863895 -0.286578 0.272121
v 1.346472 -0.149377 0.225838
v 0.972828 0.014739 0.324500
v 1.323690 -0.267397 0.228367
v 0.912167 -0.296631 0.313108
v 1.194508 -0.075536 0.280933
v 1.056241 -0.013581 0.335264
v 1.153063 -0.288817 0.276554
v 1.000364 -0.300394 0.324773
v 1.731469 -0.435302 -0.132878
v 1.713981 -0.123129 -0.141709
v 1.657978 -0.409921 -0.131218
v 1.792266 -0.123959 -0.144269
v 1.559806 -0.135051 -0.136263
v 1.844081 -0.134255 -0.174279
v 1.518191 -0.348176 -0.128466
v 1.783284 -0.445598 -0.162889
v 1.365383 -0.271104 -0.125746
v 1.388374 -0.153370 -0.130054
v 1.804377 -0.452121 0.246157
v 1.865039 -0.140749 0.257547
v 1.368592 -0.153270 0.225227
v 1.818679 -0.134147 0.301146
v 1.345810 -0.271292 0.227757
v 1.758017 -0.445516 0.289756
v 1.575601 -0.142617 0.270412
v 1.730934 -0.132342 0.316637
v 1.534151 -0.355896 0.266033
v 1.675056 -0.419151 0.306146
v 0.905480 -0.287901 -0.110064
v 1.039598 -0.002787 -0.123084
v 0.966276 0.023445 -0.121454
v 0.912376 0.032011 -0.148546
v 0.983599 -0.289576 -0.112591
v 0.851579 -0.279334 -0.137155
v 1.178892 -0.067074 -0.125742
v 1.137277 -0.280201 -0.117945
v 1.343272 -0.267158 -0.125136
v 1.366263 -0.149425 -0.129442
v 1.349145 -0.211133 0.286843
v 1.271670 -0.307665 0.258847
v 1.327969 -0.317427 0.267696
v 1.242036 -0.247461 0.267997
v 1.383603 -0.327367 0.255756
v 1.255423 -0.194829 0.275960
v 1.434312 -0.281304 0.262689
v 1.262501 -0.141355 0.265227
v 1.441996 -0.227669 0.270809
v 1.312606 -0.095456 0.253307
v 1.454778 -0.175201 0.259919
v 1.368905 -0.105217 0.262155
v 1.424539 -0.115161 0.250217
v 1.398156 -0.227653 0.177971
v 1.406685 -0.459838 0.232213
v 1.613398 -0.395892 0.230577
v 1.317181 -0.277698 0.177598
v 1.655270 -0.546341 0.254717
v 1.409828 -0.663885 0.254971
v 1.609493 -0.696707 0.208042
v 1.695501 -0.693836 0.206399
v 1.518687 -0.724208 0.208785
v 1.458335 -0.778433 0.207820
v 1.411330 -0.864977 0.205272
v 1.199167 -0.423311 0.237942
v 1.290834 -0.208763 0.180934
v 1.030251 -0.293248 0.246676
v 1.347586 -0.283050 0.176759
v 0.936315 -0.419791 0.274565
v 1.121200 -0.613080 0.262939
v 0.840739 -0.543383 0.229996
v 0.919959 -0.575337 0.227079
v 0.994387 -0.631921 0.223261
v 1.030308 -0.703093 0.219637
v 1.041592 -0.799896 0.215480
v 1.007521 -0.633610 -0.206391
v 1.016755 -0.611466 -0.183021
v 0.933150 -0.576836 -0.205648
v 0.942389 -0.554691 -0.182279
v 0.853973 -0.544688 -0.204004
v 0.863212 -0.522543 -0.180635
v 1.270451 -0.199484 -0.113693
v 1.328657 -0.100113 -0.111953
v 1.278052 -0.145962 -0.112229
v 1.286846 -0.312167 -0.117493
v 1.257147 -0.251989 -0.114999
v 1.398731 -0.332132 -0.120583
v 1.456937 -0.232763 -0.118844
v 1.449332 -0.286285 -0.120306
v 1.440542 -0.120082 -0.115043
v 1.470242 -0.180259 -0.117537
v 1.414221 -0.251695 -0.153125
v 1.419053 -0.480459 -0.209523
v 1.625923 -0.413761 -0.217707
v 1.333255 -0.301574 -0.148949
v 1.666650 -0.537930 -0.245632
v 1.421069 -0.661580 -0.233251
v 1.425370 -0.844123 -0.189494
v 1.472401 -0.757655 -0.193651
v 1.532758 -0.703548 -0.197273
v 1.623542 -0.676244 -0.201093
v 1.709519 -0.673569 -0.204010
v 1.206446 -0.442519 -0.203651
v 1.301008 -0.231492 -0.149997
v 1.038714 -0.308971 -0.201488
v 1.357699 -0.305936 -0.149624
v 0.952088 -0.410415 -0.225896
v 1.134496 -0.610441 -0.225336
v 0.863212 -0.522543 -0.180635
v 0.942389 -0.554691 -0.182279
v 1.016755 -0.611466 -0.183021
v 1.052628 -0.682745 -0.182057
v 1.063860 -0.779611 -0.179509
v 1.739467 -0.436705 0.139391
v 1.727229 -0.125668 0.152963
v 1.671352 -0.412479 0.142470
v 1.800115 -0.125332 0.150780
v 1.573002 -0.137936 0.155621
v 1.841317 -0.133342 0.170227
v 1.531478 -0.351077 0.147824
v 1.780655 -0.444711 0.158837
v 1.360403 -0.270914 0.147190
v 1.383350 -0.153172 0.151486
v 0.924796 0.026433 -0.240301
v 0.863999 -0.284911 -0.228911
v 1.344386 -0.150198 -0.205048
v 0.960508 0.018868 -0.273779
v 1.322205 -0.268427 -0.206226
v 0.899707 -0.292477 -0.262383
v 1.168566 -0.071191 -0.241135
v 1.032236 -0.007800 -0.286754
v 1.126820 -0.284410 -0.236757
v 0.976215 -0.294590 -0.276262
v 0.923895 -0.293149 0.161908
v 1.052536 -0.006908 0.171589
v 0.984565 0.018220 0.173296
v 0.944296 0.024549 0.194992
v 0.996659 -0.293722 0.161097
v 0.883634 -0.286819 0.183601
v 1.191914 -0.070859 0.166142
v 1.150386 -0.283998 0.158345
v 1.305601 -0.261273 0.148836
v 1.328527 -0.143527 0.153130
v 1.764199 -0.445553 -0.253774
v 1.824995 -0.134209 -0.265165
v 1.404230 -0.160850 -0.207066
v 1.786915 -0.128607 -0.296604
v 1.380011 -0.278716 -0.208185
v 1.726127 -0.439954 -0.285210
v 1.561513 -0.141297 -0.252123
v 1.709279 -0.128623 -0.305455
v 1.519776 -0.354515 -0.247746
v 1.653302 -0.415417 -0.294964
v 0.926316 0.028409 0.176673
v 0.865654 -0.282962 0.165284
v 0.848740 -0.281901 0.217861
v 0.909402 0.029467 0.229250
v 0.924552 0.024790 0.283512
v 0.863895 -0.286578 0.272121
v 1.365383 -0.271104 -0.125746
v 1.388374 -0.153370 -0.130054
v 1.384965 -0.156200 -0.223444
v 1.361726 -0.274140 -0.225973
v 1.343542 -0.267206 0.127531
v 1.366480 -0.149463 0.131837
v 1.368592 -0.153270 0.225227
v 1.345810 -0.271292 0.227757
v 0.912376 0.032011 -0.148546
v 0.851579 -0.279334 -0.137155
v 0.831596 -0.277684 -0.188734
v 0.892393 0.033663 -0.200124
v 0.904309 0.029525 -0.255153
v 0.843512 -0.281822 -0.243763
v 1.038100 -0.680681 0.196046
v 0.994387 -0.631921 0.223261
v 1.002180 -0.609510 0.199668
v 1.030308 -0.703093 0.219637
v 1.049385 -0.777486 0.191887
v 1.041592 -0.799896 0.215480
v 1.007521 -0.633610 -0.206391
v 1.043394 -0.704891 -0.205427
v 1.052628 -0.682745 -0.182057
v 1.063860 -0.779611 -0.179509
v 1.054626 -0.801756 -0.202878
v 1.016755 -0.611466 -0.183021
v 1.257826 -0.142613 0.119931
v 1.262501 -0.141355 0.265227
v 1.250442 -0.196165 0.121238
v 1.255423 -0.194829 0.275960
v 1.242036 -0.247461 0.267997
v 1.237356 -0.248715 0.122701
v 1.271670 -0.307665 0.258847
v 1.267295 -0.308837 0.122978
v 1.278052 -0.145962 -0.112229
v 1.274160 -0.143188 -0.257525
v 1.270451 -0.199484 -0.113693
v 1.266306 -0.196531 -0.268415
v 1.286846 -0.312167 -0.117493
v 1.253255 -0.249215 -0.260295
v 1.283207 -0.309573 -0.253362
v 1.257147 -0.251989 -0.114999
v 1.841317 -0.133342 0.170227
v 1.780655 -0.444711 0.158837
v 1.853707 -0.136794 0.204482
v 1.793041 -0.448163 0.193092
v 1.784094 -0.447983 0.231306
v 1.844752 -0.136612 0.242695
v 1.326145 -0.264842 -0.144796
v 1.349123 -0.147106 -0.149091
v 1.344386 -0.150198 -0.205048
v 1.322205 -0.268427 -0.206226
v 1.411060 -0.841147 0.181902
v 1.409828 -0.663885 0.254971
v 1.408931 -0.659080 0.227730
v 1.411330 -0.864977 0.205272
v 1.405105 -0.477729 0.206045
v 1.406685 -0.459838 0.232213
v 1.315457 -0.298449 0.152019
v 1.317181 -0.277698 0.177598
v 1.038714 -0.308971 -0.201488
v 1.042928 -0.294785 -0.228182
v 0.952088 -0.410415 -0.225896
v 0.947130 -0.420834 -0.252322
v 0.863212 -0.522543 -0.180635
v 0.853973 -0.544688 -0.204004
v 1.305601 -0.261273 0.148836
v 1.328527 -0.143527 0.153130
v 1.326742 -0.147118 0.209460
v 1.304900 -0.265405 0.210578
v 1.825849 -0.131690 -0.192597
v 1.765052 -0.443037 -0.181208
v 1.836184 -0.134807 -0.227493
v 1.775392 -0.446154 -0.216103
v 1.764199 -0.445553 -0.253774
v 1.824995 -0.134209 -0.265165
v 1.024500 -0.307168 0.220101
v 1.030251 -0.293248 0.246676
v 0.939681 -0.409086 0.248027
v 0.936315 -0.419791 0.274565
v 0.848531 -0.520971 0.206405
v 0.840739 -0.543383 0.229996
v 1.425370 -0.844123 -0.189494
v 1.420342 -0.666100 -0.260544
v 1.424195 -0.867707 -0.213085
v 1.421069 -0.661580 -0.233251
v 1.419053 -0.480459 -0.209523
v 1.419140 -0.462298 -0.235549
v 1.333255 -0.301574 -0.148949
v 1.333524 -0.280558 -0.174365
v 1.531583 -0.727131 -0.220867
v 1.532758 -0.703548 -0.197273
v 1.622366 -0.699827 -0.224684
v 1.623542 -0.676244 -0.201093
v 1.708343 -0.697152 -0.227602
v 1.709519 -0.673569 -0.204010
v 1.271670 -0.307665 0.258847
v 1.267295 -0.308837 0.122978
v 1.434312 -0.281304 0.262689
v 1.327969 -0.317427 0.267696
v 1.429632 -0.282559 0.117393
v 1.379227 -0.328540 0.119887
v 1.383603 -0.327367 0.255756
v 1.670729 -0.411359 0.114986
v 1.744255 -0.436563 0.112458
v 1.739467 -0.436705 0.139391
v 1.797786 -0.447034 0.139549
v 1.671352 -0.412479 0.142470
v 1.780655 -0.444711 0.158837
v 1.530855 -0.349957 0.120339
v 1.817055 -0.452342 0.191128
v 1.531478 -0.351077 0.147824
v 1.793041 -0.448163 0.193092
v 1.360403 -0.270914 0.147190
v 1.784094 -0.447983 0.231306
v 1.343542 -0.267206 0.127531
v 1.804377 -0.452121 0.246157
v 1.345810 -0.271292 0.227757
v 1.747921 -0.442810 0.264778
v 1.362723 -0.275608 0.208621
v 1.758017 -0.445516 0.289756
v 1.534151 -0.355896 0.266033
v 1.675727 -0.418567 0.278657
v 1.539023 -0.357467 0.239152
v 1.675056 -0.419151 0.306146
v 0.909899 -0.289676 -0.136998
v 0.982597 -0.290408 -0.140075
v 0.983599 -0.289576 -0.112591
v 0.905480 -0.287901 -0.110064
v 1.137277 -0.280201 -0.117945
v 0.851579 -0.279334 -0.137155
v 1.136272 -0.281033 -0.145430
v 0.868440 -0.283035 -0.156442
v 1.326145 -0.264842 -0.144796
v 0.831596 -0.277684 -0.188734
v 1.343272 -0.267158 -0.125136
v 0.855580 -0.282011 -0.190697
v 1.339615 -0.270194 -0.225362
v 0.863999 -0.284911 -0.228911
v 1.322205 -0.268427 -0.206226
v 0.843512 -0.281822 -0.243763
v 1.131962 -0.284613 -0.263638
v 0.899707 -0.292477 -0.262383
v 1.126820 -0.284410 -0.236757
v 0.889263 -0.291542 -0.287361
v 0.976215 -0.294590 -0.276262
v 0.976625 -0.295365 -0.303751
v 0.996037 -0.292602 0.133613
v 0.923895 -0.293149 0.161908
v 0.917887 -0.291106 0.135272
v 0.865654 -0.282962 0.165284
v 0.996659 -0.293722 0.161097
v 0.883634 -0.286819 0.183601
v 1.149768 -0.282878 0.130860
v 0.848740 -0.281901 0.217861
v 1.150386 -0.283998 0.158345
v 0.872811 -0.286185 0.218497
v 1.305601 -0.261273 0.148836
v 0.883481 -0.289459 0.256169
v 1.321422 -0.263312 0.128141
v 0.863895 -0.286578 0.272121
v 1.323690 -0.267397 0.228367
v 0.921117 -0.297278 0.287603
v 1.304900 -0.265405 0.210578
v 0.912167 -0.296631 0.313108
v 1.153063 -0.288817 0.276554
v 0.998331 -0.299334 0.297358
v 1.145897 -0.288251 0.250140
v 1.000364 -0.300394 0.324773
v 1.725096 -0.435150 -0.159513
v 1.657978 -0.409921 -0.131218
v 1.656976 -0.410753 -0.158702
v 1.731469 -0.435302 -0.132878
v 1.518191 -0.348176 -0.128466
v 1.783284 -0.445598 -0.162889
v 1.517185 -0.349008 -0.155950
v 1.765052 -0.443037 -0.181208
v 1.380917 -0.274621 -0.146441
v 1.799466 -0.450403 -0.215466
v 1.365383 -0.271104 -0.125746
v 1.775392 -0.446154 -0.216103
v 1.361726 -0.274140 -0.225973
v 1.764199 -0.445553 -0.253774
v 1.380011 -0.278716 -0.208185
v 1.783563 -0.449576 -0.269728
v 1.512875 -0.352588 -0.274160
v 1.726127 -0.439954 -0.285210
v 1.519776 -0.354515 -0.247746
v 1.734725 -0.442417 -0.310714
v 1.653302 -0.415417 -0.294964
v 1.651003 -0.415710 -0.322378
v 1.445440 -0.283511 -0.265603
v 1.449332 -0.286285 -0.120306
v 1.395087 -0.329538 -0.256452
v 1.398731 -0.332132 -0.120583
v 1.338866 -0.319358 -0.265302
v 1.286846 -0.312167 -0.117493
v 1.283207 -0.309573 -0.253362
v 1.051914 -0.005787 0.144104
v 0.917887 -0.291106 0.135272
v 0.978549 0.020262 0.146663
v 0.926316 0.028409 0.176673
v 0.996037 -0.292602 0.133613
v 0.865654 -0.282962 0.165284
v 1.191291 -0.069739 0.138658
v 1.149768 -0.282878 0.130860
v 1.321422 -0.263312 0.128141
v 1.344360 -0.145570 0.132448
v 1.384965 -0.156200 -0.223444
v 1.783563 -0.449576 -0.269728
v 1.361726 -0.274140 -0.225973
v 1.844360 -0.138230 -0.281117
v 1.554613 -0.139359 -0.278539
v 1.795522 -0.131072 -0.322105
v 1.512875 -0.352588 -0.274160
v 1.734725 -0.442417 -0.310714
v 1.707003 -0.128922 -0.332871
v 1.651003 -0.415710 -0.322378
v 1.744255 -0.436563 0.112458
v 1.726606 -0.124548 0.125477
v 1.804917 -0.125195 0.123848
v 1.858448 -0.135666 0.150939
v 1.670729 -0.411359 0.114986
v 1.797786 -0.447034 0.139549
v 1.572379 -0.136815 0.128136
v 1.530855 -0.349957 0.120339
v 1.343542 -0.267206 0.127531
v 1.366480 -0.149463 0.131837
v 0.904309 0.029525 -0.255153
v 0.843512 -0.281822 -0.243763
v 1.362854 -0.152254 -0.222834
v 0.950059 0.019806 -0.298752
v 1.339615 -0.270194 -0.225362
v 0.889263 -0.291542 -0.287361
v 1.173699 -0.071386 -0.268018
v 1.032624 -0.008576 -0.314244
v 1.131962 -0.284613 -0.263638
v 0.976625 -0.295365 -0.303751
v 1.445440 -0.283511 -0.265603
v 1.359188 -0.212913 -0.284449
v 1.452793 -0.229810 -0.273565
v 1.466345 -0.177485 -0.262833
v 1.395087 -0.329538 -0.256452
v 1.436903 -0.117489 -0.250912
v 1.338866 -0.319358 -0.265302
v 1.380682 -0.107305 -0.259762
v 1.283207 -0.309573 -0.253362
v 1.325018 -0.097519 -0.247823
v 1.253255 -0.249215 -0.260295
v 1.274160 -0.143188 -0.257525
v 1.266306 -0.196531 -0.268415
v 0.994387 -0.631921 0.223261
v 1.002180 -0.609510 0.199668
v 0.919959 -0.575337 0.227079
v 0.927752 -0.552927 0.203487
v 0.840739 -0.543383 0.229996
v 0.848531 -0.520971 0.206405
v 1.042928 -0.294785 -0.228182
v 1.307225 -0.211538 -0.175577
v 1.211718 -0.425283 -0.229819
v 1.363916 -0.285982 -0.175204
v 0.947130 -0.420834 -0.252322
v 1.131849 -0.614617 -0.252577
v 0.933150 -0.576836 -0.205648
v 0.853973 -0.544688 -0.204004
v 1.007521 -0.633610 -0.206391
v 1.043394 -0.704891 -0.205427
v 1.054626 -0.801756 -0.202878
v 1.414491 -0.230680 -0.178540
v 1.419140 -0.462298 -0.235549
v 1.333524 -0.280558 -0.174365
v 1.625805 -0.398801 -0.244282
v 1.665753 -0.549074 -0.272171
v 1.420342 -0.666100 -0.260544
v 1.708343 -0.697152 -0.227602
v 1.622366 -0.699827 -0.224684
v 1.531583 -0.727131 -0.220867
v 1.471226 -0.781239 -0.217243
v 1.424195 -0.867707 -0.213085
v 1.458065 -0.754603 0.184452
v 1.518687 -0.724208 0.208785
v 1.458335 -0.778433 0.207820
v 1.518417 -0.700377 0.185416
v 1.609493 -0.696707 0.208042
v 1.609223 -0.672878 0.184673
v 1.695501 -0.693836 0.206399
v 1.695231 -0.670006 0.183029
v 1.250442 -0.196165 0.121238
v 1.267295 -0.308837 0.122978
v 1.237356 -0.248715 0.122701
v 1.308231 -0.096631 0.117438
v 1.257826 -0.142613 0.119931
v 1.420163 -0.116331 0.114347
v 1.437016 -0.229005 0.116087
v 1.450098 -0.176455 0.114623
v 1.379227 -0.328540 0.119887
v 1.429632 -0.282559 0.117393
v 1.024500 -0.307168 0.220101
v 1.283163 -0.228467 0.155519
v 1.192401 -0.440288 0.211918
v 1.339915 -0.302755 0.151343
v 0.939681 -0.409086 0.248027
v 1.122227 -0.608615 0.235645
v 1.049385 -0.777486 0.191887
v 1.038100 -0.680681 0.196046
v 1.002180 -0.609510 0.199668
v 0.927752 -0.552927 0.203487
v 0.848531 -0.520971 0.206405
v 1.396433 -0.248404 0.152392
v 1.405105 -0.477729 0.206045
v 1.315457 -0.298449 0.152019
v 1.611983 -0.410574 0.203882
v 1.654569 -0.534920 0.228290
v 1.408931 -0.659080 0.227730
v 1.695231 -0.670006 0.183029
v 1.609223 -0.672878 0.184673
v 1.411060 -0.841147 0.181902
v 1.386607 -0.157681 0.207442
v 1.784094 -0.447983 0.231306
v 1.362723 -0.275608 0.208621
v 1.844752 -0.136612 0.242695
v 1.580464 -0.144194 0.243528
v 1.808574 -0.131441 0.276173
v 1.539023 -0.357467 0.239152
v 1.747921 -0.442810 0.264778
v 1.675727 -0.418567 0.278657
v 1.731587 -0.131752 0.289148
v 1.038597 -0.003617 -0.150569
v 0.909899 -0.289676 -0.136998
v 0.970704 0.021669 -0.148385
v 0.929237 0.028309 -0.167833
v 0.982597 -0.290408 -0.140075
v 0.868440 -0.283035 -0.156442
v 1.177887 -0.067909 -0.153227
v 1.136272 -0.281033 -0.145430
v 1.326145 -0.264842 -0.144796
v 1.349123 -0.147106 -0.149091
v 0.944139 0.021910 0.267559
v 0.883481 -0.289459 0.256169
v 1.326742 -0.147118 0.209460
v 0.981788 0.014091 0.298998
v 1.304900 -0.265405 0.210578
v 0.921117 -0.297278 0.287603
v 1.187347 -0.074980 0.254518
v 1.054230 -0.012523 0.307848
v 1.145897 -0.288251 0.250140
v 0.998331 -0.299334 0.297358
v 1.725096 -0.435150 -0.159513
v 1.712976 -0.123963 -0.169194
v 1.785883 -0.123801 -0.170901
v 1.825849 -0.131690 -0.192597
v 1.656976 -0.410753 -0.158702
v 1.765052 -0.443037 -0.181208
v 1.558805 -0.135882 -0.163748
v 1.517185 -0.349008 -0.155950
v 1.380917 -0.274621 -0.146441
v 1.403921 -0.156889 -0.150736
v 0.817047 -0.160403 -0.019528
v 0.747870 -0.050740 0.139596
v 0.797413 -0.164819 0.136691
v 0.762907 -0.035730 -0.016352
v 0.747870 -0.050740 -0.139590
v 0.817047 -0.160403 0.029304
v 0.797413 -0.164819 -0.136685
v 0.762907 -0.035730 0.026129
v -1.053330 -0.378919 0.061788
v -1.053330 -0.378919 -0.061862
v -1.053330 -0.228177 0.061788
v -1.053330 -0.228177 -0.061862
v -1.026355 -0.360912 -0.000037
v -1.026355 -0.210170 -0.000037
v -1.053330 -0.539710 -0.061862
v -1.026355 -0.672445 -0.000037
v -1.053330 -0.690452 -0.061862
v -1.026355 -0.521703 -0.000037
v -1.053330 -0.539710 0.061788
v -1.053330 -0.690452 0.061788
v 0.349097 0.010153 0.157978
v 0.390010 -0.040361 0.055491
v 0.357990 0.032322 0.068001
v 0.378396 -0.056359 0.146531
v 0.349097 0.010153 -0.157972
v 0.390010 -0.040361 -0.055485
v 0.378396 -0.056359 -0.146526
v 0.357990 0.032322 -0.067995
v -1.610795 0.153403 -0.000037
v -1.419098 0.153403 -0.000037
v -1.598405 0.136537 -0.040581
v -1.598405 0.136537 0.040507
v -1.406712 0.136537 -0.040581
v -1.406712 0.136537 0.040507
v 0.280649 0.062513 0.072796
v 0.207547 0.010335 0.157124
v 0.278330 0.037775 0.162365
v 0.203294 0.032521 0.067067
v 0.207547 0.010335 -0.157118
v 0.280649 0.062513 -0.072790
v 0.278330 0.037775 -0.162359
v 0.203294 0.032521 -0.067061
v 0.632141 0.015955 -0.015704
v 0.508536 -0.050645 0.138122
v 0.628218 -0.003447 0.140189
v 0.501344 -0.035626 -0.017963
v 0.508536 -0.050645 -0.138116
v 0.632141 0.015955 0.025481
v 0.628214 -0.003447 -0.140183
v 0.501344 -0.035626 0.027739
v -1.981796 0.136537 0.040508
v -1.802489 0.153403 -0.000037
v -1.994186 0.153403 -0.000037
v -1.981796 0.136537 -0.040581
v -1.790103 0.136537 0.040507
v -1.790103 0.136537 -0.040581
v -1.183586 -0.465860 0.061788
v -1.183586 -0.315119 0.061788
v -1.118458 -0.422390 0.087397
v -1.118458 -0.271648 0.087397
v -1.053330 -0.378919 0.061788
v -1.053330 -0.228177 0.061788
v -1.053330 -0.539710 0.061788
v -1.053330 -0.690452 0.061788
v -1.118458 -0.583181 0.087397
v -1.118458 -0.733923 0.087397
v -1.183586 -0.626652 0.061788
v -1.183586 -0.777394 0.061788
v -1.598405 0.136537 0.040507
v -1.406712 0.136537 0.040507
v -1.568501 0.095821 0.057301
v -1.376804 0.095821 0.057301
v -1.538593 0.055110 0.040507
v -1.346899 0.055110 0.040507
v 0.557857 -0.249797 0.132821
v 0.571714 -0.177526 0.134940
v 0.515302 -0.177503 0.134593
v 0.597752 -0.211795 0.134136
v 0.508480 -0.278762 0.131701
v 0.458939 -0.164682 0.134607
v 0.628175 -0.164752 0.135648
v 0.614731 -0.218470 0.134053
v 0.658540 -0.211760 0.134512
v 0.614714 -0.272237 0.132540
v 0.698419 -0.249797 0.133688
v 0.628136 -0.326055 0.131107
v 0.747813 -0.278857 0.133175
v 0.684535 -0.177572 0.135635
v 0.677552 -0.135790 0.136769
v 0.740948 -0.177594 0.135983
v 0.717452 -0.097784 0.138084
v 0.797413 -0.164819 0.136691
v 0.747870 -0.050740 0.139596
v 0.578780 -0.135691 0.136162
v 0.614757 -0.110936 0.137081
v 0.538902 -0.097652 0.136986
v 0.614770 -0.057168 0.138595
v 0.508536 -0.050645 0.138122
v 0.628218 -0.003447 0.140189
v 0.236716 -0.105753 0.137007
v 0.244912 -0.063642 0.144422
v 0.211549 -0.063601 0.144220
v 0.260314 -0.083625 0.141024
v 0.207513 -0.122606 0.133877
v 0.178214 -0.056098 0.145323
v 0.278306 -0.056226 0.145928
v 0.270354 -0.087526 0.140405
v 0.296264 -0.083637 0.141247
v 0.270345 -0.118862 0.134926
v 0.319850 -0.105827 0.137515
v 0.278281 -0.150231 0.129489
v 0.349063 -0.122788 0.134732
v 0.311639 -0.063730 0.144825
v 0.307509 -0.039373 0.149058
v 0.345003 -0.063771 0.145026
v 0.331105 -0.017250 0.153074
v 0.378396 -0.056359 0.146531
v 0.349097 0.010153 0.157978
v 0.249093 -0.039265 0.148711
v 0.270369 -0.024857 0.151364
v 0.225507 -0.017075 0.152443
v 0.270378 0.006476 0.156842
v 0.207547 0.010335 0.157124
v 0.278330 0.037775 0.162365
v -1.981796 0.136537 0.040508
v -1.790103 0.136537 0.040507
v -1.951892 0.095821 0.057301
v -1.760194 0.095821 0.057301
v -1.921988 0.055110 0.040507
v -1.730290 0.055110 0.040507
v -1.183586 -0.465860 0.061788
v -1.210565 -0.333126 -0.000037
v -1.210565 -0.483867 -0.000037
v -1.183586 -0.465860 -0.061862
v -1.183586 -0.315119 0.061788
v -1.183586 -0.315119 -0.061862
v -1.183586 -0.626652 -0.061862
v -1.183586 -0.777394 -0.061862
v -1.210565 -0.644659 -0.000037
v -1.183586 -0.626652 0.061788
v -1.210565 -0.795400 -0.000037
v -1.183586 -0.777394 0.061788
v 0.171237 -0.040079 0.054171
v 0.207513 -0.122606 0.133877
v 0.178214 -0.056098 0.145323
v 0.203257 -0.112766 0.041661
v 0.207514 -0.122606 -0.133872
v 0.171237 -0.040079 -0.054165
v 0.178214 -0.056098 -0.145318
v 0.203257 -0.112766 -0.041655
v 0.447140 -0.160255 -0.021806
v 0.508480 -0.278762 0.131701
v 0.458939 -0.164682 0.134607
v 0.501279 -0.284930 -0.024981
v 0.508480 -0.278762 -0.131695
v 0.447140 -0.160255 0.031582
v 0.458939 -0.164682 -0.134600
v 0.501279 -0.284930 0.034758
v 0.632049 -0.336616 -0.025629
v 0.747813 -0.278857 0.133175
v 0.628136 -0.326055 0.131107
v 0.762846 -0.285036 -0.023370
v 0.747813 -0.278857 -0.133169
v 0.632049 -0.336616 0.035407
v 0.628136 -0.326055 -0.131101
v 0.762846 -0.285036 0.033147
v -1.538593 0.055110 -0.040581
v -1.538593 0.055110 0.040507
v -1.346899 0.055110 -0.040581
v -1.346899 0.055110 0.040507
v -1.526207 0.038244 -0.000037
v -1.334514 0.038244 -0.000037
v 0.280597 -0.142957 0.036866
v 0.357952 -0.112965 0.042595
v 0.278281 -0.150231 0.129489
v 0.349063 -0.122788 0.134732
v 0.278281 -0.150231 -0.129484
v 0.349063 -0.122788 -0.134726
v 0.357952 -0.112965 -0.042589
v 0.280597 -0.142957 -0.036860
v -1.921988 0.055110 0.040507
v -1.921988 0.055110 -0.040581
v -1.730290 0.055110 0.040507
v -1.730290 0.055110 -0.040581
v -1.909598 0.038244 -0.000037
v -1.717904 0.038244 -0.000037
v -1.183586 -0.465860 -0.061862
v -1.183586 -0.315119 -0.061862
v -1.118458 -0.422390 -0.087472
v -1.118458 -0.271648 -0.087472
v -1.053330 -0.378919 -0.061862
v -1.053330 -0.228177 -0.061862
v -1.053330 -0.539710 -0.061862
v -1.053330 -0.690452 -0.061862
v -1.118458 -0.583181 -0.087472
v -1.118458 -0.733923 -0.087472
v -1.183586 -0.626652 -0.061862
v -1.183586 -0.777394 -0.061862
v -1.598405 0.136537 -0.040581
v -1.406712 0.136537 -0.040581
v -1.568501 0.095821 -0.057375
v -1.376804 0.095821 -0.057375
v -1.538593 0.055110 -0.040581
v -1.346899 0.055110 -0.040581
v 0.515302 -0.177503 -0.134587
v 0.508480 -0.278762 -0.131695
v 0.458939 -0.164682 -0.134600
v 0.557857 -0.249797 -0.132815
v 0.571714 -0.177526 -0.134935
v 0.597752 -0.211795 -0.134131
v 0.628175 -0.164752 -0.135643
v 0.658540 -0.211760 -0.134507
v 0.614731 -0.218470 -0.134048
v 0.614714 -0.272237 -0.132534
v 0.698419 -0.249797 -0.133682
v 0.628136 -0.326055 -0.131101
v 0.747813 -0.278857 -0.133169
v 0.677552 -0.135790 -0.136763
v 0.684535 -0.177572 -0.135630
v 0.740948 -0.177594 -0.135977
v 0.717452 -0.097784 -0.138078
v 0.797413 -0.164819 -0.136685
v 0.747870 -0.050740 -0.139590
v 0.614757 -0.110936 -0.137075
v 0.578780 -0.135691 -0.136156
v 0.538902 -0.097652 -0.136980
v 0.614770 -0.057168 -0.138588
v 0.508536 -0.050645 -0.138116
v 0.628214 -0.003447 -0.140183
v 0.211549 -0.063601 -0.144215
v 0.207514 -0.122606 -0.133872
v 0.178214 -0.056098 -0.145318
v 0.236716 -0.105753 -0.137001
v 0.244912 -0.063642 -0.144416
v 0.260314 -0.083625 -0.141019
v 0.278306 -0.056226 -0.145922
v 0.296264 -0.083637 -0.141241
v 0.270354 -0.087526 -0.140399
v 0.270345 -0.118862 -0.134920
v 0.319850 -0.105827 -0.137509
v 0.278281 -0.150231 -0.129484
v 0.349063 -0.122788 -0.134726
v 0.307509 -0.039373 -0.149052
v 0.311639 -0.063730 -0.144819
v 0.345003 -0.063771 -0.145021
v 0.331105 -0.017250 -0.153069
v 0.378396 -0.056359 -0.146526
v 0.349097 0.010153 -0.157972
v 0.270369 -0.024857 -0.151357
v 0.249093 -0.039265 -0.148705
v 0.225507 -0.017075 -0.152437
v 0.270378 0.006476 -0.156837
v 0.207547 0.010335 -0.157118
v 0.278330 0.037775 -0.162359
v -1.981796 0.136537 -0.040581
v -1.790103 0.136537 -0.040581
v -1.951892 0.095821 -0.057375
v -1.760194 0.095821 -0.057375
v -1.921988 0.055110 -0.040581
v -1.730290 0.055110 -0.040581
v 1.734425 -0.025911 0.125392
v 1.734425 -0.025911 -0.126150
v 1.734425 0.047607 -0.157593
v 1.734425 0.047607 0.156835
v 1.647891 -0.591719 0.125392
v 1.647891 -0.591719 -0.126150
v 1.645170 -0.647496 0.125392
v 1.645170 -0.647496 -0.126150
v 1.636955 -0.702312 0.125392
v 1.636955 -0.702312 -0.126150
v 1.619262 0.204223 0.062506
v 1.734425 0.047607 -0.157593
v 1.619262 0.204223 -0.063264
v 1.734425 0.047607 0.156835
v 0.890508 -0.419612 0.125391
v 0.890508 -0.419612 -0.126150
v 0.916503 -0.330691 -0.126150
v 0.916503 -0.330691 0.125391
v 0.262817 0.166077 -0.086241
v 0.262817 0.084006 -0.014698
v 0.262817 0.084006 -0.135670
v 0.262817 0.166077 -0.014698
v -0.145946 -0.197567 0.125391
v -0.145946 -0.197567 -0.126150
v -0.136878 -0.251653 0.125391
v -0.136878 -0.251653 -0.126150
v -0.016263 -0.573241 0.125391
v -0.016263 -0.573241 -0.126150
v -0.016263 -0.644129 0.125391
v -0.016263 -0.644129 -0.126150
v -0.253721 0.088633 0.096025
v -0.253721 0.006567 0.012125
v -0.253721 0.088633 0.012125
v -0.253721 0.006567 0.102610
v -0.253721 0.047602 0.116126
v -0.682507 -0.187104 0.125391
v -0.682507 -0.187104 -0.126150
v -0.625790 -0.130055 -0.126150
v -0.682507 -0.252361 0.125391
v -0.625790 -0.130055 0.125391
v -0.682507 -0.252361 -0.126150
v -0.448010 -0.584204 0.125391
v -0.448010 -0.584204 -0.126150
v -2.081156 0.043199 -0.052559
v -2.081156 0.043199 0.052472
v -2.081156 0.021391 -0.000044
v -2.081156 0.148481 -0.052559
v -2.081156 0.095838 -0.074312
v -2.081156 0.148481 0.052472
v -2.081156 0.095838 0.074224
v -2.081156 0.170285 -0.000044
v -2.368174 0.058222 0.037484
v -2.115736 0.058222 0.037484
v -2.368174 0.042639 -0.000044
v -2.115736 0.042639 -0.000044
v -2.368174 0.058222 -0.037571
v -2.115736 0.058222 -0.037571
v -0.192497 0.204223 0.062506
v 1.619262 0.204223 0.062506
v -0.192496 0.204223 -0.063265
v 1.619262 0.204223 -0.063264
v -0.253721 0.088633 0.012125
v -1.193155 0.088633 0.012125
v -1.193155 0.088633 0.096024
v -0.253721 0.088633 0.096025
v 0.262817 0.084006 -0.014698
v 0.738640 0.084006 -0.014698
v 0.262817 0.084006 -0.135670
v 0.738640 0.084006 -0.135670
v -0.997548 -0.025911 0.125391
v -0.192497 -0.025911 0.125391
v -0.997548 -0.025911 -0.126150
v -0.192496 -0.025911 -0.126150
v -2.081156 0.148481 0.052472
v -2.368174 0.148481 0.052472
v -2.081156 0.170285 -0.000044
v -2.368174 0.170285 -0.000044
v -2.081156 0.148481 -0.052559
v -2.368174 0.148481 -0.052559
v -0.448010 -0.584204 0.125391
v -0.448010 -0.584204 -0.126150
v -0.304089 -0.582750 0.125391
v -0.304089 -0.582750 -0.126150
v -2.368174 0.058222 -0.037571
v -2.115736 0.133458 -0.037571
v -2.368174 0.133458 -0.037571
v -2.115736 0.058222 -0.037571
v -2.368174 0.095838 -0.053116
v -2.115736 0.095838 -0.053116
v -0.192497 0.047607 0.156835
v 1.734425 0.047607 0.156835
v 1.619262 0.204223 0.062506
v -0.192497 0.204223 0.062506
v -0.374826 -0.251653 0.125391
v -0.249677 -0.525695 0.125391
v -0.136878 -0.251653 0.125391
v -0.016263 -0.573241 0.125391
v -0.145946 -0.197567 0.125391
v -0.016263 -0.644129 0.125391
v -0.304089 -0.582750 0.125391
v -0.423448 -0.644129 0.125391
v -0.448010 -0.584204 0.125391
v -0.548006 -0.586304 0.125391
v -0.682507 -0.252361 0.125391
v -0.775607 -0.253898 0.125391
v -0.682507 -0.187104 0.125391
v -0.899246 -0.131595 0.125391
v -0.625790 -0.130055 0.125391
v -0.997548 -0.025911 0.125391
v -0.997548 -0.132308 0.125391
v -0.192497 -0.025911 0.125391
v -0.374826 -0.128519 0.125391
v -0.014024 -0.132308 0.125391
v 0.415401 -0.197567 0.125391
v 1.734425 0.047607 0.156835
v -0.192497 0.047607 0.156835
v 1.734425 -0.025911 0.125392
v 0.916503 -0.330691 0.125391
v 0.455123 -0.309980 0.125391
v 0.890508 -0.419612 0.125391
v 1.327247 -0.591719 0.125392
v 1.647891 -0.591719 0.125392
v 1.645170 -0.647496 0.125392
v 1.636955 -0.702312 0.125392
v 1.269741 -0.702312 0.125391
v 1.269741 -0.647496 0.125391
v -0.253721 0.088633 0.096025
v -1.193155 0.088633 0.096024
v -0.253721 0.047602 0.116126
v -1.193155 0.047602 0.116126
v -0.253721 0.006567 0.102610
v -1.193155 0.006567 0.102610
v -2.368174 0.043199 0.052472
v -2.081156 0.043199 0.052472
v -2.081156 0.095838 0.074224
v -2.368174 0.095838 0.074224
v -2.081156 0.148481 0.052472
v -2.368174 0.148481 0.052472
v -2.368174 0.170285 -0.000044
v -2.368174 0.133458 0.037484
v -2.368174 0.148481 0.052472
v -2.368174 0.149041 -0.000044
v -2.368174 0.095838 0.053029
v -2.368174 0.133458 -0.037571
v -2.368174 0.095838 0.074224
v -2.368174 0.148481 -0.052559
v -2.368174 0.043199 0.052472
v -2.368174 0.095838 -0.053116
v -2.368174 0.058222 0.037484
v -2.368174 0.095838 -0.074312
v -2.368174 0.021391 -0.000044
v -2.368174 0.043199 -0.052559
v -2.368174 0.042639 -0.000044
v -2.368174 0.058222 -0.037571
v -2.115736 0.133458 0.037484
v -2.115736 0.095838 0.053029
v -2.115736 0.149041 -0.000044
v -2.115736 0.058222 0.037484
v -2.115736 0.042639 -0.000044
v -2.115736 0.133458 -0.037571
v -2.115736 0.058222 -0.037571
v -2.115736 0.095838 -0.053116
v -1.193155 0.006567 0.012125
v -1.193155 0.088633 0.096024
v -1.193155 0.088633 0.012125
v -1.193155 0.006567 0.102610
v -1.193155 0.047602 0.116126
v 0.455123 -0.309980 -0.126150
v 0.415401 -0.197567 0.125391
v 0.415401 -0.197567 -0.126150
v 0.455123 -0.309980 0.125391
v -0.775607 -0.253898 -0.126150
v -0.548006 -0.586304 -0.126150
v -0.775607 -0.253898 0.125391
v -0.548006 -0.586304 0.125391
v -0.899246 -0.131595 0.125391
v -0.899246 -0.131595 -0.126150
v -0.192497 -0.025911 0.125391
v -0.192496 -0.025911 -0.126150
v -0.192496 0.204223 -0.063265
v -0.192496 0.047607 -0.157593
v -0.192497 0.204223 0.062506
v -0.192497 0.047607 0.156835
v -0.304089 -0.582750 0.125391
v -0.304089 -0.582750 -0.126150
v -0.249677 -0.525695 0.125391
v -0.249677 -0.525695 -0.126150
v -0.374826 -0.251653 0.125391
v -0.374825 -0.251653 -0.126150
v -0.374826 -0.128519 0.125391
v -0.374825 -0.128519 -0.126150
v 0.738640 0.166077 -0.086241
v 0.738640 0.084006 -0.014698
v 0.738640 0.166077 -0.014698
v 0.738640 0.084006 -0.135670
v 1.269741 -0.647496 -0.126150
v 1.327247 -0.591719 0.125392
v 1.327247 -0.591719 -0.126150
v 1.269741 -0.647496 0.125391
v 1.269741 -0.702312 -0.126150
v 1.269741 -0.702312 0.125391
v 1.636955 -0.702312 0.125392
v 1.636955 -0.702312 -0.126150
v 1.269741 -0.702312 -0.126150
v 1.269741 -0.702312 0.125391
v -2.115736 0.133458 0.037484
v -2.368174 0.133458 0.037484
v -2.115736 0.149041 -0.000044
v -2.368174 0.149041 -0.000044
v -2.115736 0.133458 -0.037571
v -2.368174 0.133458 -0.037571
v 0.415401 -0.197567 0.125391
v 0.415401 -0.197567 -0.126150
v -0.014024 -0.132308 0.125391
v -0.014024 -0.132308 -0.126150
v -0.145946 -0.197567 0.125391
v -0.145946 -0.197567 -0.126150
v -0.548006 -0.586304 -0.126150
v -0.548006 -0.586304 0.125391
v -0.899246 -0.131595 0.125391
v -0.423448 -0.644129 -0.126150
v -0.899246 -0.131595 -0.126150
v -0.997548 -0.132308 0.125391
v -0.997548 -0.132308 -0.126150
v -0.423448 -0.644129 0.125391
v -0.016263 -0.644129 -0.126150
v -0.016263 -0.644129 0.125391
v -2.368174 0.043199 0.052472
v -2.081156 0.043199 0.052472
v -2.368174 0.021391 -0.000044
v -2.081156 0.021391 -0.000044
v -2.368174 0.043199 -0.052559
v -2.081156 0.043199 -0.052559
v -0.625790 -0.130055 -0.126150
v -0.625790 -0.130055 0.125391
v -0.374825 -0.128519 -0.126150
v -0.374826 -0.128519 0.125391
v 0.455123 -0.309980 -0.126150
v 0.890508 -0.419612 -0.126150
v 0.455123 -0.309980 0.125391
v 0.890508 -0.419612 0.125391
v -1.193155 0.006567 0.012125
v -0.253721 0.006567 0.012125
v -0.253721 0.006567 0.102610
v -1.193155 0.006567 0.102610
v 0.738640 0.166077 -0.014698
v 0.262817 0.166077 -0.014698
v 0.738640 0.166077 -0.086241
v 0.262817 0.166077 -0.086241
v 0.916503 -0.330691 -0.126150
v 1.327247 -0.591719 -0.126150
v 0.916503 -0.330691 0.125391
v 1.327247 -0.591719 0.125392
v -2.115736 0.133458 0.037484
v -2.368174 0.095838 0.053029
v -2.368174 0.133458 0.037484
v -2.115736 0.095838 0.053029
v -2.368174 0.058222 0.037484
v -2.115736 0.058222 0.037484
v 0.262817 0.084006 -0.135670
v -0.192496 0.047607 -0.157593
v 0.262817 0.166077 -0.086241
v 0.738640 0.084006 -0.135670
v -0.192496 0.204223 -0.063265
v 1.734425 0.047607 -0.157593
v 0.738640 0.166077 -0.086241
v 1.619262 0.204223 -0.063264
v 1.734425 -0.025911 -0.126150
v -0.192496 -0.025911 -0.126150
v 1.734425 0.047607 -0.157593
v -0.192496 0.047607 -0.157593
v 0.415401 -0.197567 -0.126150
v 0.916503 -0.330691 -0.126150
v 0.455123 -0.309980 -0.126150
v 0.890508 -0.419612 -0.126150
v -0.014024 -0.132308 -0.126150
v 1.327247 -0.591719 -0.126150
v -0.145946 -0.197567 -0.126150
v 1.647891 -0.591719 -0.126150
v 1.645170 -0.647496 -0.126150
v 1.636955 -0.702312 -0.126150
v 1.269741 -0.702312 -0.126150
v 1.269741 -0.647496 -0.126150
v -0.374825 -0.128519 -0.126150
v -0.374825 -0.251653 -0.126150
v -0.625790 -0.130055 -0.126150
v -0.136878 -0.251653 -0.126150
v -0.997548 -0.025911 -0.126150
v -0.249677 -0.525695 -0.126150
v -0.016263 -0.573241 -0.126150
v -0.016263 -0.644129 -0.126150
v -0.304089 -0.582750 -0.126150
v -0.423448 -0.644129 -0.126150
v -0.448010 -0.584204 -0.126150
v -0.548006 -0.586304 -0.126150
v -0.682507 -0.252361 -0.126150
v -0.757296 -0.280001 -0.126150
v -0.775607 -0.253898 -0.126150
v -0.682507 -0.187104 -0.126150
v -0.899246 -0.131595 -0.126150
v -0.997548 -0.132308 -0.126150
v -2.368174 0.043199 -0.052559
v -2.081156 0.043199 -0.052559
v -2.368174 0.095838 -0.074312
v -2.081156 0.095838 -0.074312
v -2.081156 0.148481 -0.052559
v -2.368174 0.148481 -0.052559
v 0.262817 0.166077 -0.014698
v 0.738640 0.166077 -0.014698
v 0.738640 0.084006 -0.014698
v 0.262817 0.084006 -0.014698
v -0.253721 0.088633 0.012125
v -1.193155 0.006567 0.012125
v -1.193155 0.088633 0.012125
v -0.253721 0.006567 0.012125
v -0.954018 -0.060090 0.189055
v -0.954048 -0.053172 0.172163
v -0.955224 -0.062169 0.186982
v -0.953939 -0.059011 0.172769
v -0.954018 -0.076698 0.195919
v -0.953909 -0.064174 0.184981
v -0.955224 -0.076698 0.192987
v -0.953909 -0.076698 0.190156
v -0.953909 -0.089227 0.184981
v -0.955224 -0.091232 0.186982
v -0.953939 -0.094390 0.172769
v -0.954018 -0.093311 0.189055
v -0.954048 -0.100229 0.172163
v -0.947870 -0.060090 0.189055
v -0.950944 -0.059214 0.189929
v -0.947836 -0.053172 0.172163
v -0.954018 -0.060090 0.189055
v -0.950944 -0.088422 0.184180
v -0.953909 -0.089227 0.184981
v -0.947949 -0.094390 0.172769
v -0.947979 -0.089227 0.184981
v -0.947979 -0.064174 0.184981
v -0.953909 -0.064174 0.184981
v -0.950944 -0.064979 0.184180
v -0.953909 -0.076698 0.190156
v -0.950944 -0.076698 0.189024
v -0.947979 -0.076698 0.190156
v -0.947979 -0.089227 0.184981
v -0.947870 -0.060090 0.189055
v -0.947836 -0.053172 0.172163
v -0.946660 -0.056148 0.172442
v -0.946665 -0.062169 0.186982
v -0.947949 -0.059011 0.172769
v -0.947870 -0.076698 0.195919
v -0.947979 -0.064174 0.184981
v -0.947979 -0.076698 0.190156
v -0.947949 -0.094390 0.172769
v -0.947870 -0.093311 0.189055
v -0.947836 -0.100229 0.172163
v -0.946660 -0.097253 0.172442
v -0.946665 -0.091232 0.186982
v -0.946665 -0.076698 0.192987
v -0.947979 -0.089227 0.184981
v -0.947949 -0.059011 0.172769
v -0.947979 -0.064174 0.184981
v -0.953939 -0.059011 0.172769
v -0.950944 -0.060206 0.172900
v -0.954018 -0.093311 0.189055
v -0.954048 -0.100229 0.172163
v -0.950944 -0.101511 0.172069
v -0.950944 -0.094186 0.189929
v -0.947870 -0.093311 0.189055
v -0.947836 -0.100229 0.172163
v -0.947870 -0.060090 0.189055
v -0.950944 -0.059214 0.189929
v -0.954018 -0.060090 0.189055
v -0.950944 -0.076698 0.197154
v -0.947870 -0.076698 0.195919
v -0.954018 -0.076698 0.195919
v -0.954018 -0.093311 0.189055
v -0.950944 -0.094186 0.189929
v -0.947870 -0.093311 0.189055
v -0.976033 -0.052782 0.158773
v -0.976033 -0.100619 0.158773
v -0.977522 -0.051367 0.149016
v -0.977522 -0.102034 0.149016
v -0.988532 -0.076698 0.149016
v -0.925850 -0.052782 0.158773
v -0.924366 -0.051367 0.149016
v -0.950944 -0.040871 0.149016
v -0.977522 -0.051367 0.149016
v -0.925850 -0.052782 0.158773
v -0.915459 -0.076698 0.158773
v -0.913356 -0.076698 0.149016
v -0.925850 -0.100619 0.158773
v -0.924366 -0.051367 0.149016
v -0.924366 -0.102034 0.149016
v -0.925850 -0.100619 0.158773
v -0.924366 -0.102034 0.149016
v -0.950944 -0.112529 0.149016
v -0.977522 -0.102034 0.149016
v -0.970500 -0.095344 0.173695
v -0.978602 -0.076698 0.173695
v -0.970500 -0.058057 0.173695
v -0.976033 -0.100619 0.158683
v -0.976033 -0.052782 0.158683
v -0.977522 -0.051367 0.148926
v -0.980474 -0.048549 0.121125
v -0.992707 -0.076698 0.121125
v -0.977522 -0.102034 0.148926
v -0.980474 -0.104852 0.121125
v -0.970500 -0.058057 0.173695
v -0.950944 -0.050333 0.173695
v -0.931388 -0.058057 0.173695
v -0.925850 -0.052782 0.158683
v -0.924366 -0.051367 0.148927
v -0.950944 -0.036887 0.121125
v -0.921410 -0.048549 0.121125
v -0.980474 -0.048549 0.121125
v -0.931388 -0.095344 0.173695
v -0.931388 -0.058057 0.173695
v -0.925850 -0.100619 0.158683
v -0.925850 -0.052782 0.158683
v -0.915459 -0.076698 0.158683
v -0.923286 -0.076698 0.173695
v -0.924366 -0.051367 0.148927
v -0.921410 -0.048549 0.121125
v -0.909181 -0.076698 0.121125
v -0.913356 -0.076698 0.148927
v -0.924366 -0.102034 0.148927
v -0.921410 -0.104852 0.121125
v -0.970500 -0.095344 0.173695
v -0.950944 -0.103067 0.173695
v -0.931388 -0.095344 0.173695
v -0.925850 -0.100619 0.158683
v -0.924366 -0.102034 0.148927
v -0.921410 -0.104852 0.121125
v -0.980474 -0.104852 0.121125
v -0.950944 -0.116513 0.121125
v 0.735193 -0.929281 0.123957
v 0.700473 -1.000252 -0.124039
v 0.735193 -0.929281 -0.124039
v 0.700473 -1.000252 0.123957
v 0.722681 -0.866117 -0.104246
v 0.722681 -0.866117 0.104163
v 0.854452 -0.546357 -0.104246
v 0.854452 -0.546357 0.104163
v 0.898053 -0.239966 -0.104246
v 0.898053 -0.239966 0.104163
v 0.898053 -0.239966 -0.104246
v 0.497957 -0.137774 -0.104246
v 0.497957 -0.137774 0.104163
v 0.898053 -0.239966 0.104163
v 0.288482 -0.730713 -0.124040
v 0.288482 -0.730713 0.123957
v 0.347282 -0.699247 -0.104246
v 0.347282 -0.699247 0.104163
v 0.253765 -0.801685 0.123957
v 0.735193 -0.929281 0.123957
v 0.288482 -0.730713 0.123957
v 0.700473 -1.000252 0.123957
v 0.347282 -0.699247 0.104163
v 0.722681 -0.866117 0.104163
v 0.454358 -0.444163 0.104163
v 0.854452 -0.546357 0.104163
v 0.898053 -0.239966 0.104163
v 0.497957 -0.137774 0.104163
v 0.253765 -0.801685 -0.124040
v 0.253765 -0.801685 0.123957
v 0.288482 -0.730713 -0.124040
v 0.288482 -0.730713 0.123957
v 0.347282 -0.699247 -0.104246
v 0.347282 -0.699247 0.104163
v 0.454358 -0.444163 0.104163
v 0.454358 -0.444163 -0.104246
v 0.497957 -0.137774 0.104163
v 0.497957 -0.137774 -0.104246
v 0.253765 -0.801685 -0.124040
v 0.700473 -1.000252 -0.124039
v 0.700473 -1.000252 0.123957
v 0.253765 -0.801685 0.123957
v 0.700473 -1.000252 -0.124039
v 0.253765 -0.801685 -0.124040
v 0.735193 -0.929281 -0.124039
v 0.288482 -0.730713 -0.124040
v 0.347282 -0.699247 -0.104246
v 0.722681 -0.866117 -0.104246
v 0.454358 -0.444163 -0.104246
v 0.854452 -0.546357 -0.104246
v 0.898053 -0.239966 -0.104246
v 0.497957 -0.137774 -0.104246
v 0.872711 -0.436787 -0.110076
v 0.859711 -0.542726 0.109994
v 0.859711 -0.542726 -0.110076
v 0.872711 -0.436787 0.109994
v 0.887426 -0.316237 -0.104866
v 0.865497 -0.470345 0.104784
v 0.865497 -0.470345 -0.104866
v 0.887426 -0.316237 0.104784
v 0.791892 -0.703681 -0.106363
v 0.737295 -0.836172 0.106280
v 0.737295 -0.836172 -0.106363
v 0.791892 -0.703681 0.106280
v 0.859711 -0.542726 0.109994
v 0.450650 -0.437612 0.109994
v 0.402263 -0.565263 0.109994
v 0.872711 -0.436787 0.109994
v 0.791892 -0.703681 0.106280
v 0.396267 -0.566415 0.106280
v 0.351901 -0.672108 0.106280
v 0.737295 -0.836172 0.106280
v 0.463018 -0.367542 0.104784
v 0.865497 -0.470345 0.104784
v 0.887426 -0.316237 0.104784
v 0.484949 -0.213435 0.104784
v 0.396267 -0.566415 0.106280
v 0.396267 -0.566415 -0.106363
v 0.351901 -0.672108 -0.106363
v 0.351901 -0.672108 0.106280
v 0.450650 -0.437612 -0.110076
v 0.402263 -0.565263 -0.110076
v 0.450650 -0.437612 0.109994
v 0.402263 -0.565263 0.109994
v 0.484949 -0.213435 -0.104866
v 0.463019 -0.367542 -0.104866
v 0.484949 -0.213435 0.104784
v 0.463018 -0.367542 0.104784
v 0.450650 -0.437612 -0.110076
v 0.872711 -0.436787 -0.110076
v 0.859711 -0.542726 -0.110076
v 0.402263 -0.565263 -0.110076
v 0.791892 -0.703681 -0.106363
v 0.351901 -0.672108 -0.106363
v 0.396267 -0.566415 -0.106363
v 0.737295 -0.836172 -0.106363
v 0.887426 -0.316237 -0.104866
v 0.463019 -0.367542 -0.104866
v 0.484949 -0.213435 -0.104866
v 0.865497 -0.470345 -0.104866
v -0.546670 -0.587765 -0.205117
v -0.671819 -0.313723 0.046424
v -0.546670 -0.587765 0.046424
v -0.498022 -0.639108 -0.126151
v -0.623171 -0.365066 0.125390
v -0.623170 -0.365066 -0.126151
v -0.468548 -0.625648 -0.126151
v -0.593697 -0.351606 0.125390
v -0.593696 -0.351606 -0.126151
v -0.484503 -0.632934 -0.126151
v -0.609652 -0.358892 0.125390
v -0.609651 -0.358892 -0.126151
v -0.176690 -0.556284 0.130730
v -0.176690 -0.556284 -0.120811
v -0.473682 -0.618354 0.051763
v -0.473682 -0.618354 -0.199778
vn 0.7050 0.6518 -0.2795
vn 0.6284 0.7697 -0.1127
vn 0.7942 0.5938 -0.1292
vn 0.8859 0.4608 -0.0543
vn 0.8908 0.4523 -0.0441
vn 0.8885 0.4563 -0.0489
vn 0.9938 0.0575 -0.0950
vn 0.9946 0.0565 -0.0871
vn 0.9952 0.0521 -0.0828
vn 0.9778 0.1907 -0.0871
vn 0.9772 0.1983 -0.0762
vn 0.9781 0.1905 -0.0844
vn 0.9983 0.0553 -0.0195
vn 0.9973 0.0710 -0.0210
vn 0.9977 0.0660 -0.0159
vn 0.9753 -0.2143 -0.0540
vn 0.9760 -0.2131 -0.0449
vn 0.9750 -0.2175 -0.0448
vn 0.9773 0.2115 -0.0106
vn 0.9779 0.2089 -0.0085
vn 0.9792 0.2029 0.0038
vn 0.9780 -0.2071 0.0233
vn 0.9796 -0.1997 0.0240
vn 0.9793 -0.2000 0.0302
vn 0.9965 -0.0747 -0.0384
vn 0.9970 -0.0680 -0.0360
vn 0.9959 -0.0834 -0.0349
vn 0.9975 -0.0636 0.0296
vn 0.9975 -0.0619 0.0329
vn 0.9978 -0.0659 -0.0000
vn -0.2509 0.9585 -0.1350
vn -0.2152 0.9585 -0.1870
vn -0.2473 0.9523 -0.1785
vn 0.0752 0.9831 -0.1671
vn 0.0161 0.9850 -0.1720
vn 0.1012 0.9860 -0.1328
vn 0.1619 0.9811 -0.1057
vn 0.1226 0.9844 -0.1259
vn 0.1224 0.9910 -0.0535
vn 0.0527 0.9964 -0.0667
vn 0.0854 0.9895 -0.1165
vn 0.0471 0.9874 -0.1512
vn 0.3929 0.9177 -0.0580
vn 0.3891 0.9080 -0.1552
vn 0.3631 0.9267 -0.0974
vn 0.3592 0.9281 -0.0983
vn 0.3594 0.9185 -0.1649
vn 0.3030 0.9457 -0.1180
vn 0.3557 0.9285 -0.1062
vn 0.3668 0.9286 -0.0567
vn 0.4338 0.8976 -0.0781
vn 0.3258 0.9381 -0.1174
vn 0.3337 0.9406 -0.0632
vn 0.3508 0.9310 -0.1008
vn 0.6089 0.7885 -0.0870
vn 0.6008 0.7844 -0.1541
vn 0.6190 0.7715 -0.1470
vn 0.5723 0.8130 -0.1072
vn 0.5675 0.8097 -0.1498
vn 0.6511 0.7431 -0.1543
vn 0.6249 0.7766 -0.0802
vn 0.6233 0.7525 -0.2126
vn 0.6285 0.7726 -0.0898
vn 0.6168 0.7869 0.0186
vn 0.7173 0.6899 -0.0975
vn 0.5666 0.8179 -0.0997
vn -0.7084 0.6966 -0.1139
vn -0.5474 0.8215 -0.1594
vn -0.6045 0.7486 -0.2725
vn -0.5523 0.8261 -0.1117
vn -0.5375 0.8418 -0.0500
vn -0.6369 0.7701 -0.0357
vn -0.6623 0.7491 0.0129
vn -0.6797 0.7270 -0.0971
vn -0.6608 0.7361 -0.1466
vn -0.3103 0.9249 -0.2199
vn -0.3105 0.9296 -0.1988
vn -0.2740 0.9484 -0.1596
vn -0.6676 0.7387 -0.0925
vn -0.6354 0.7715 -0.0312
vn -0.6610 0.7497 -0.0332
vn -0.3084 0.9421 -0.1319
vn -0.3071 0.9445 -0.1164
vn -0.2585 0.9535 -0.1549
vn -0.4223 0.8822 -0.2083
vn -0.4371 0.8875 -0.1460
vn -0.4067 0.9016 -0.1471
vn -0.4334 0.8966 -0.0911
vn -0.4241 0.8977 -0.1195
vn -0.4126 0.9051 -0.1028
vn -0.6765 -0.7305 -0.0932
vn -0.5746 -0.8040 -0.1528
vn -0.5245 -0.8508 0.0312
vn -0.6108 -0.7915 -0.0237
vn -0.6621 -0.7357 -0.1424
vn -0.6306 -0.7361 -0.2460
vn -0.7695 -0.4216 -0.4798
vn -0.5973 -0.2785 -0.7521
vn -0.7174 -0.5357 -0.4454
vn -0.6378 -0.0769 -0.7664
vn -0.4721 -0.4222 -0.7739
vn -0.7078 -0.4913 -0.5076
vn -0.7161 0.6860 0.1288
vn -0.6680 0.7389 -0.0883
vn -0.8144 0.5798 -0.0258
vn 0.4605 -0.8738 0.1561
vn 0.4042 -0.8853 0.2298
vn 0.3934 -0.9013 0.1814
vn 0.1574 -0.9750 0.1571
vn 0.1856 -0.9799 0.0736
vn 0.1865 -0.9719 0.1438
vn 0.0923 -0.9822 0.1635
vn 0.0646 -0.9814 0.1809
vn 0.0085 -0.9904 0.1378
vn 0.1852 -0.9605 0.2077
vn 0.1826 -0.9529 0.2420
vn 0.1649 -0.9687 0.1855
vn -0.1873 -0.9791 0.0796
vn -0.1701 -0.9762 0.1346
vn -0.1890 -0.9756 0.1116
vn -0.0924 -0.9824 0.1625
vn -0.0617 -0.9874 0.1458
vn 0.0125 -0.9890 0.1476
vn -0.1609 -0.9720 0.1711
vn -0.1656 -0.9534 0.2523
vn -0.1874 -0.9651 0.1827
vn -0.0404 -0.9883 0.1473
vn -0.0612 -0.9674 0.2459
vn -0.0835 -0.9779 0.1919
vn -0.4247 -0.9021 0.0766
vn -0.4150 -0.9012 0.1247
vn -0.4452 -0.8782 0.1749
vn -0.3272 -0.9420 0.0750
vn -0.2560 -0.9551 0.1492
vn -0.3327 -0.9297 0.1582
vn -0.4070 -0.8975 0.1698
vn -0.4106 -0.8828 0.2283
vn -0.4916 -0.8538 0.1713
vn -0.6397 -0.7657 0.0670
vn -0.6440 -0.7594 0.0925
vn -0.6538 -0.7438 0.1387
vn -0.2921 -0.9418 0.1662
vn -0.3058 -0.9219 0.2378
vn -0.3250 -0.9256 0.1941
vn -0.6387 -0.7518 0.1641
vn -0.6400 -0.7494 0.1698
vn -0.6814 -0.7155 0.1540
vn -0.5486 -0.8320 0.0825
vn -0.5293 -0.8369 0.1396
vn -0.5526 -0.8209 0.1441
vn -0.5290 -0.8249 0.1993
vn -0.5323 -0.8297 0.1680
vn -0.5476 -0.8150 0.1893
vn 0.0456 -0.5872 -0.8082
vn -0.0383 -0.5398 -0.8409
vn -0.0976 -0.7059 -0.7016
vn -0.1815 -0.3638 -0.9136
vn 0.0420 -0.3625 -0.9311
vn -0.0540 -0.4551 -0.8888
vn 0.4272 -0.4456 -0.7868
vn 0.0341 -0.5478 -0.8359
vn 0.3781 -0.4850 -0.7886
vn 0.1796 -0.4634 -0.8677
vn 0.4927 -0.4403 -0.7506
vn 0.5300 -0.4386 -0.7257
vn 0.3936 -0.3085 -0.8660
vn 0.4516 -0.3368 -0.8262
vn 0.4790 -0.1896 -0.8571
vn 0.3427 -0.0752 -0.9364
vn 0.3637 -0.2241 -0.9042
vn 0.2613 -0.1550 -0.9527
vn -0.0449 -0.2324 -0.9716
vn -0.0674 -0.1127 -0.9913
vn 0.1252 -0.1807 -0.9755
vn -0.0263 -0.0303 -0.9992
vn -0.1885 0.0224 -0.9818
vn -0.0205 0.1244 -0.9920
vn -0.0664 0.2323 -0.9704
vn 0.0684 0.1996 -0.9775
vn -0.1361 0.1047 -0.9852
vn 0.9114 0.3927 0.1229
vn 0.9116 0.3919 0.1240
vn 0.9116 0.3923 0.1229
vn 0.9128 0.3919 -0.1151
vn 0.9123 0.3932 -0.1148
vn 0.9125 0.3927 -0.1148
vn 0.9166 -0.0000 0.3999
vn 0.7553 0.1476 0.6386
vn 0.4829 -0.0000 0.8757
vn 0.7554 0.1475 -0.6385
vn 0.9166 -0.0000 -0.3999
vn 0.4829 -0.0000 -0.8757
vn 0.7467 -0.0957 0.6582
vn 0.7468 -0.0957 -0.6581
vn 0.9120 0.3686 0.1799
vn 0.9121 0.3682 0.1805
vn 0.9121 0.3680 0.1804
vn 0.9122 0.3680 0.1804
vn 0.9120 0.3686 -0.1800
vn 0.9121 0.3681 -0.1805
vn 0.9122 0.3680 -0.1804
vn 0.9121 0.3681 -0.1804
vn -0.0000 0.9233 -0.3841
vn 0.0557 0.7244 -0.6871
vn 0.0557 0.7244 0.6871
vn -0.0000 0.9233 0.3841
vn -0.0000 0.6913 -0.7226
vn -0.1940 0.7445 -0.6388
vn -0.1941 0.7445 0.6388
vn -0.0000 0.6913 0.7226
vn -0.3646 0.8998 0.2397
vn -0.3644 0.9001 0.2387
vn -0.3645 0.8999 0.2395
vn -0.3644 0.8999 0.2395
vn -0.3646 0.9000 -0.2388
vn -0.3646 0.8998 -0.2397
vn -0.3644 0.8999 -0.2395
vn -0.3651 0.8997 -0.2393
vn -0.3624 0.9263 0.1032
vn -0.3628 0.9262 0.1027
vn -0.3623 0.9263 0.1032
vn -0.3616 0.9268 -0.1016
vn -0.3629 0.9260 -0.1039
vn -0.3623 0.9263 -0.1032
vn -0.0000 0.6914 0.7225
vn -0.4467 -0.0244 0.8944
vn -0.4630 0.0713 0.8835
vn -0.7399 -0.0000 0.6727
vn -0.4752 -0.0454 0.8787
vn -0.4036 0.0827 0.9112
vn -0.3803 -0.0912 0.9204
vn 0.4752 0.0454 0.8787
vn 0.4035 -0.0825 0.9113
vn 0.3803 0.0908 0.9204
vn 0.4467 0.0245 0.8943
vn 0.4630 -0.0713 0.8835
vn 0.7399 -0.0000 0.6727
vn 0.4468 0.0245 0.8943
vn 0.4031 -0.0817 0.9115
vn 0.3802 0.0903 0.9205
vn -0.4034 0.0822 0.9113
vn -0.3803 -0.0908 0.9204
vn -0.4474 -0.0247 0.8940
vn 0.0874 0.3172 0.9443
vn 0.2395 0.6053 0.7591
vn -0.0000 0.7208 0.6931
vn -0.0591 0.6848 0.7263
vn 0.0335 0.2821 0.9588
vn 0.0543 0.4674 0.8824
vn 0.0591 -0.6847 0.7264
vn -0.0335 -0.2821 0.9588
vn -0.0543 -0.4674 0.8824
vn -0.0874 -0.3172 0.9443
vn -0.2395 -0.6052 0.7592
vn -0.0000 -0.7209 0.6930
vn -0.0096 -0.0289 0.9995
vn -0.0061 -0.0316 0.9995
vn -0.0060 -0.0316 0.9995
vn -0.0091 -0.0300 0.9995
vn -0.0071 -0.0314 0.9995
vn -0.0075 -0.0314 0.9995
vn -0.0051 -0.0315 0.9995
vn -0.0087 -0.0305 0.9995
vn -0.0042 -0.0310 0.9995
vn -0.0089 -0.0304 0.9995
vn -0.0078 -0.0312 0.9995
vn -0.0054 -0.0312 0.9995
vn -0.0072 -0.0313 0.9995
vn -0.0053 -0.0313 0.9995
vn -0.0085 -0.0308 0.9995
vn -0.0075 -0.0313 0.9995
vn -0.0078 -0.0308 0.9995
vn -0.0074 -0.0311 0.9995
vn -0.0091 -0.0296 0.9995
vn -0.0077 -0.0312 0.9995
vn -0.0092 -0.0299 0.9995
vn -0.0063 -0.0315 0.9995
vn -0.0067 -0.1712 0.9852
vn -0.0058 -0.1734 0.9848
vn -0.0063 -0.1728 0.9849
vn -0.0074 -0.1718 0.9851
vn -0.0075 -0.1729 0.9849
vn -0.0074 -0.1729 0.9849
vn -0.0070 -0.1734 0.9848
vn -0.0069 -0.1724 0.9850
vn -0.0073 -0.1729 0.9849
vn -0.0070 -0.1735 0.9848
vn -0.0071 -0.1729 0.9849
vn -0.0075 -0.1726 0.9850
vn -0.0076 -0.1725 0.9850
vn -0.0060 -0.1733 0.9849
vn -0.0073 -0.1725 0.9850
vn -0.0066 -0.1735 0.9848
vn -0.0075 -0.1723 0.9850
vn -0.0077 -0.1725 0.9850
vn -0.0070 -0.1730 0.9849
vn -0.0074 -0.1723 0.9850
vn -0.0071 -0.1723 0.9850
vn -0.0070 -0.1732 0.9849
vn 0.2395 0.6052 0.7592
vn -0.0000 0.7209 0.6930
vn -0.0591 0.6847 0.7264
vn -0.7467 0.0957 0.6582
vn -0.9165 -0.0000 0.4000
vn -0.9165 -0.0000 -0.4000
vn -0.7467 0.0957 -0.6582
vn -0.7553 -0.1476 0.6385
vn -0.4829 -0.0000 0.8757
vn -0.4829 -0.0000 -0.8757
vn -0.7553 -0.1476 -0.6386
vn -0.9155 -0.4024 0.0001
vn -0.9156 -0.4021 -0.0003
vn -0.9155 -0.4024 -0.0002
vn -0.9156 -0.4021 0.0001
vn -0.9155 -0.4022 0.0004
vn -0.9155 -0.4024 -0.0001
vn -0.9155 -0.4023 -0.0001
vn -0.9152 -0.4030 0.0008
vn -0.9141 -0.4013 0.0587
vn -0.9141 -0.4015 0.0572
vn -0.9141 -0.4014 0.0575
vn -0.9141 -0.4014 -0.0576
vn -0.9141 -0.4014 -0.0575
vn -0.9140 -0.4016 -0.0575
vn 0.3646 -0.9284 0.0718
vn 0.3643 -0.9285 0.0716
vn 0.3633 -0.9289 0.0716
vn 0.3636 -0.9288 0.0716
vn 0.3632 -0.9295 -0.0642
vn 0.3640 -0.9292 -0.0636
vn 0.3635 -0.9294 -0.0637
vn 0.3635 -0.9294 -0.0638
vn 0.1940 -0.7445 -0.6388
vn -0.0000 -0.9233 -0.3841
vn -0.0000 -0.6913 -0.7226
vn -0.0000 -0.9233 0.3841
vn 0.1941 -0.7445 0.6388
vn -0.0000 -0.6913 0.7226
vn -0.0557 -0.7244 -0.6871
vn -0.0557 -0.7244 0.6871
vn 0.3636 -0.9294 -0.0633
vn 0.3634 -0.9294 -0.0638
vn 0.3637 -0.9293 -0.0637
vn 0.3636 -0.9294 0.0639
vn 0.3636 -0.9294 0.0637
vn 0.3639 -0.9293 0.0634
vn 0.3634 -0.9295 0.0637
vn -0.4630 0.0713 -0.8835
vn -0.4476 -0.0250 -0.8939
vn -0.7399 -0.0000 -0.6727
vn -0.4752 -0.0454 -0.8787
vn -0.3803 -0.0910 -0.9204
vn -0.4035 0.0821 -0.9113
vn 0.4034 -0.0819 -0.9114
vn 0.4752 0.0454 -0.8787
vn 0.3803 0.0907 -0.9204
vn 0.4470 0.0248 -0.8942
vn 0.7399 -0.0000 -0.6727
vn 0.4630 -0.0713 -0.8835
vn 0.4473 0.0249 -0.8941
vn 0.4035 -0.0823 -0.9113
vn 0.3803 0.0908 -0.9204
vn -0.4036 0.0825 -0.9112
vn -0.4629 0.0712 -0.8836
vn -0.4474 -0.0249 -0.8940
vn -0.0000 0.7208 -0.6931
vn 0.2396 0.6052 -0.7592
vn 0.0874 0.3172 -0.9443
vn 0.0335 0.2821 -0.9588
vn -0.0590 0.6848 -0.7264
vn 0.0543 0.4674 -0.8824
vn -0.0543 -0.4674 -0.8824
vn -0.0335 -0.2821 -0.9588
vn 0.0590 -0.6847 -0.7264
vn -0.2395 -0.6052 -0.7592
vn -0.0874 -0.3172 -0.9443
vn -0.0000 -0.7209 -0.6930
vn -0.0060 -0.0315 -0.9995
vn -0.0071 -0.0312 -0.9995
vn -0.0073 -0.0308 -0.9995
vn -0.0096 -0.0289 -0.9995
vn -0.0061 -0.0316 -0.9995
vn -0.0092 -0.0298 -0.9995
vn -0.0075 -0.0314 -0.9995
vn -0.0086 -0.0303 -0.9995
vn -0.0048 -0.0311 -0.9995
vn -0.0042 -0.0310 -0.9995
vn -0.0084 -0.0303 -0.9995
vn -0.0078 -0.0312 -0.9995
vn -0.0054 -0.0313 -0.9995
vn -0.0075 -0.0313 -0.9995
vn -0.0072 -0.0313 -0.9995
vn -0.0055 -0.0311 -0.9995
vn -0.0085 -0.0308 -0.9995
vn -0.0090 -0.0300 -0.9995
vn -0.0076 -0.0313 -0.9995
vn -0.0077 -0.0311 -0.9995
vn -0.0091 -0.0299 -0.9995
vn -0.0064 -0.0316 -0.9995
vn -0.0074 -0.0311 -0.9995
vn -0.0061 -0.1727 -0.9850
vn -0.0069 -0.1723 -0.9850
vn -0.0070 -0.1726 -0.9850
vn -0.0069 -0.1715 -0.9852
vn -0.0062 -0.1726 -0.9850
vn -0.0071 -0.1728 -0.9849
vn -0.0069 -0.1726 -0.9850
vn -0.0065 -0.1721 -0.9851
vn -0.0071 -0.1733 -0.9848
vn -0.0074 -0.1729 -0.9849
vn -0.0068 -0.1732 -0.9849
vn -0.0068 -0.1722 -0.9850
vn -0.0076 -0.1730 -0.9849
vn -0.0063 -0.1734 -0.9848
vn -0.0076 -0.1725 -0.9850
vn -0.0073 -0.1729 -0.9849
vn -0.0075 -0.1725 -0.9850
vn -0.0068 -0.1729 -0.9849
vn -0.0070 -0.1727 -0.9850
vn -0.0061 -0.1722 -0.9850
vn -0.0076 -0.1726 -0.9850
vn -0.0071 -0.1718 -0.9851
vn -0.0062 -0.1723 -0.9850
vn -0.0062 -0.1722 -0.9850
vn -0.8119 -0.2379 0.5331
vn -0.7298 0.5505 0.4054
vn -0.9121 0.1579 0.3784
vn -0.8921 -0.4164 -0.1753
vn -0.7477 -0.5092 -0.4263
vn -0.7140 -0.6961 -0.0753
vn -0.8934 -0.1694 -0.4162
vn -0.8934 -0.1752 -0.4137
vn -0.7037 -0.1125 -0.7015
vn -0.7167 -0.0673 0.6941
vn -0.9133 0.1519 0.3779
vn -0.9127 0.1561 0.3776
vn -0.8932 -0.1700 -0.4164
vn -0.8219 0.1410 -0.5519
vn -0.7180 -0.4327 -0.5452
vn -0.8219 -0.1411 -0.5519
vn -0.8925 0.1709 -0.4174
vn -0.7181 0.4328 -0.5450
vn -0.9135 -0.1518 0.3774
vn -0.7166 0.0673 0.6942
vn -0.9132 -0.1578 0.3756
vn -0.8932 0.1695 -0.4165
vn -0.7037 0.1124 -0.7016
vn -0.8921 0.1749 -0.4167
vn -0.7509 0.5079 -0.4222
vn -0.8930 0.4140 -0.1765
vn -0.7140 0.6961 -0.0753
vn -0.8119 0.2379 0.5331
vn -0.9126 -0.1534 0.3789
vn -0.7298 -0.5506 0.4053
vn 0.6876 0.5898 -0.4234
vn 0.5805 0.6543 -0.4847
vn 0.7257 0.4859 -0.4871
vn -0.5794 -0.4800 -0.6587
vn -0.3420 -0.7789 -0.5257
vn -0.7257 -0.4859 -0.4871
vn -0.6490 -0.5821 -0.4898
vn -0.3503 -0.6470 -0.6773
vn -0.3327 -0.3602 -0.8715
vn 0.3420 -0.7789 -0.5258
vn 0.5789 -0.4807 -0.6586
vn 0.7257 -0.4860 -0.4871
vn 0.3508 -0.6469 -0.6771
vn 0.6490 -0.5821 -0.4898
vn 0.3327 -0.3602 -0.8715
vn 0.8081 0.2149 0.5484
vn 0.9119 0.3801 0.1547
vn 0.6116 0.7298 0.3055
vn 0.9133 0.3743 0.1604
vn 0.7143 0.4481 0.5375
vn 0.9131 0.3779 0.1532
vn 0.8901 -0.4197 -0.1778
vn 0.7149 -0.6572 -0.2388
vn 0.8907 -0.4220 -0.1691
vn 0.8119 -0.2383 0.5329
vn 0.9121 0.1559 0.3791
vn 0.7298 0.5508 0.4050
vn 0.7518 -0.5070 -0.4215
vn 0.8926 -0.4151 -0.1759
vn 0.7140 -0.6961 -0.0752
vn 0.8082 -0.2149 0.5483
vn 0.6116 -0.7298 0.3055
vn 0.9119 -0.3800 0.1547
vn 0.7143 -0.4481 0.5375
vn 0.9133 -0.3743 0.1604
vn 0.9125 -0.3773 0.1580
vn 0.9134 -0.1516 0.3777
vn 0.8119 0.2383 0.5330
vn 0.7298 -0.5507 0.4051
vn 0.8904 0.4192 -0.1777
vn 0.8907 0.4220 -0.1691
vn 0.7149 0.6572 -0.2388
vn 0.7167 0.0675 0.6942
vn 0.9137 -0.1514 0.3771
vn 0.9129 -0.1572 0.3767
vn 0.9135 0.1518 0.3774
vn 0.7167 -0.0675 0.6941
vn 0.9129 0.1571 0.3767
vn 0.8935 -0.1702 -0.4156
vn 0.7037 -0.1123 -0.7016
vn 0.8929 -0.1751 -0.4147
vn 0.8219 0.1414 -0.5518
vn 0.8929 -0.1702 -0.4168
vn 0.7181 -0.4328 -0.5450
vn 0.7036 0.1124 -0.7016
vn 0.8934 0.1694 -0.4160
vn 0.8918 0.1741 -0.4176
vn 0.8936 0.4126 -0.1767
vn 0.7518 0.5070 -0.4216
vn 0.7141 0.6960 -0.0750
vn 0.8929 0.1701 -0.4168
vn 0.8218 -0.1414 -0.5519
vn 0.7182 0.4328 -0.5449
vn -0.3734 -0.5692 0.7325
vn -0.6104 -0.7306 0.3058
vn -0.3460 -0.8685 0.3549
vn -0.3476 -0.8683 0.3539
vn -0.1205 -0.7907 0.6003
vn -0.6750 -0.5444 0.4980
vn 0.3481 -0.8681 0.3540
vn 0.6749 -0.5444 0.4981
vn 0.1205 -0.7907 0.6002
vn 0.3729 -0.5694 0.7326
vn 0.3459 -0.8686 0.3547
vn 0.6104 -0.7307 0.3058
vn 0.3483 0.3580 0.8663
vn 0.6755 0.5047 0.5376
vn 0.1238 0.5995 0.7907
vn -0.3483 0.3580 0.8663
vn -0.1240 0.5996 0.7907
vn -0.6757 0.5045 0.5376
vn 0.3678 0.7390 0.5645
vn 0.3481 0.3581 0.8664
vn 0.5321 0.1467 0.8339
vn -0.3681 0.7389 0.5644
vn -0.5321 0.1467 0.8339
vn -0.3481 0.3581 0.8664
vn -0.3681 -0.7389 0.5644
vn -0.3481 -0.3580 0.8664
vn -0.5321 -0.1467 0.8339
vn -0.3482 -0.3579 0.8664
vn -0.6756 -0.5045 0.5376
vn -0.1236 -0.5995 0.7908
vn 0.3482 -0.3579 0.8664
vn 0.1237 -0.5996 0.7907
vn 0.6756 -0.5045 0.5376
vn 0.3681 -0.7390 0.5643
vn 0.5321 -0.1467 0.8339
vn 0.3481 -0.3580 0.8664
vn -0.9009 0.3886 0.1936
vn -0.6710 0.6995 0.2460
vn -0.6768 0.7080 0.2019
vn -0.6709 -0.6996 0.2460
vn -0.9009 -0.3885 0.1935
vn -0.6767 -0.7080 0.2019
vn 0.3584 0.9147 0.1869
vn 0.6666 0.7045 0.2434
vn 0.6748 0.7098 0.2019
vn 0.7741 0.6271 -0.0865
vn 0.8993 0.3930 0.1917
vn 0.9008 0.3895 0.1918
vn 0.7741 -0.6271 -0.0865
vn 0.9008 -0.3895 0.1917
vn 0.8994 -0.3927 0.1920
vn 0.6710 0.6995 0.2459
vn 0.9009 0.3886 0.1931
vn 0.6768 0.7080 0.2019
vn 0.9010 -0.3886 0.1930
vn 0.6710 -0.6995 0.2459
vn 0.6768 -0.7079 0.2019
vn 0.6666 -0.7046 0.2434
vn 0.3585 -0.9146 0.1869
vn 0.6748 -0.7099 0.2019
vn 0.7636 0.6048 0.2261
vn 0.7672 0.5927 0.2451
vn 0.7443 0.6111 0.2694
vn 0.8163 -0.5653 0.1190
vn 0.7402 -0.6147 0.2725
vn 0.6697 -0.7326 0.1212
vn 0.0656 0.9904 -0.1217
vn 0.0616 0.9918 -0.1119
vn 0.0653 0.9928 -0.1002
vn 0.4247 0.8801 -0.2122
vn 0.4221 0.8786 -0.2235
vn 0.4199 0.8842 -0.2045
vn 0.3181 0.9309 -0.1797
vn 0.3067 0.9343 -0.1820
vn 0.3041 0.9358 -0.1782
vn 0.4180 0.8968 -0.1452
vn 0.4271 0.8937 -0.1378
vn 0.4271 0.8929 -0.1426
vn 0.6419 0.7418 -0.1942
vn 0.6374 0.7425 -0.2059
vn 0.6409 0.7414 -0.1990
vn 0.3048 0.9457 -0.1129
vn 0.3096 0.9451 -0.1048
vn 0.3124 0.9421 -0.1218
vn 0.6448 0.7544 -0.1232
vn 0.6414 0.7581 -0.1179
vn 0.6438 0.7545 -0.1275
vn 0.5407 0.8241 -0.1688
vn 0.5350 0.8267 -0.1743
vn 0.5297 0.8314 -0.1679
vn 0.5329 0.8397 -0.1050
vn 0.5350 0.8338 -0.1366
vn 0.5388 0.8360 -0.1044
vn -0.8876 -0.4368 0.1460
vn -0.8832 -0.4431 0.1537
vn -0.8850 -0.4357 0.1643
vn -0.9787 -0.2017 0.0382
vn -0.9781 -0.2030 0.0454
vn -0.9809 -0.1900 0.0425
vn -0.9958 -0.0707 0.0574
vn -0.9964 -0.0587 0.0609
vn -0.9969 -0.0581 0.0529
vn -0.9786 0.1927 -0.0720
vn -0.9781 0.1988 -0.0624
vn -0.9779 0.2004 -0.0603
vn -0.9749 -0.1917 0.1135
vn -0.9751 -0.1851 0.1221
vn -0.9771 -0.1851 0.1050
vn -0.9775 0.2104 0.0135
vn -0.9777 0.2089 0.0198
vn -0.9773 0.2118 0.0083
vn -0.9977 0.0671 -0.0059
vn -0.9982 0.0602 0.0007
vn -0.9971 0.0755 -0.0021
vn -0.9950 0.0756 0.0645
vn -0.9967 0.0741 0.0330
vn -0.9946 0.0815 0.0640
vn 0.6063 -0.7913 -0.0794
vn 0.7145 -0.6950 0.0809
vn 0.5385 -0.8389 0.0792
vn 0.5450 -0.8269 0.1385
vn 0.5364 -0.8318 0.1428
vn 0.6653 -0.7237 0.1835
vn 0.6615 -0.7471 0.0650
vn 0.6797 -0.6917 0.2441
vn 0.6418 -0.7614 0.0915
vn 0.3038 -0.9480 0.0953
vn 0.3072 -0.9479 0.0841
vn 0.3091 -0.9463 0.0950
vn 0.6435 -0.7486 0.1598
vn 0.6409 -0.7491 0.1678
vn 0.6634 -0.7266 0.1786
vn 0.3094 -0.9371 0.1617
vn 0.3088 -0.9359 0.1698
vn 0.3065 -0.9377 0.1635
vn 0.4201 -0.8994 0.1206
vn 0.4261 -0.8971 0.1164
vn 0.4308 -0.8946 0.1191
vn 0.4294 -0.8842 0.1841
vn 0.4253 -0.8923 0.1517
vn 0.4246 -0.8866 0.1835
vn 0.9103 -0.4000 0.1064
vn 0.9102 -0.4005 0.1058
vn 0.9105 -0.3995 0.1064
vn 0.9104 -0.3999 0.1061
vn 0.9112 -0.4001 -0.0982
vn 0.9112 -0.4002 -0.0982
vn 0.9111 -0.4002 -0.0982
vn 0.9117 -0.4087 0.0412
vn 0.9116 -0.4091 0.0409
vn 0.9119 -0.4084 0.0416
vn 0.9117 -0.4087 0.0410
vn 0.9116 -0.4091 -0.0409
vn 0.9120 -0.4081 -0.0413
vn 0.9117 -0.4087 -0.0410
vn 0.9165 -0.0000 0.4000
vn 0.7697 0.1404 0.6228
vn 0.6007 -0.0000 0.7995
vn 0.7605 -0.0840 0.6439
vn 0.9165 -0.0000 -0.4000
vn 0.7605 -0.0840 -0.6439
vn 0.7697 0.1404 -0.6228
vn 0.6007 -0.0000 -0.7995
vn 0.7570 0.2661 0.5967
vn 0.7103 0.0135 0.7038
vn 0.9154 -0.0070 0.4024
vn 0.7399 0.5857 0.3310
vn 0.4037 0.8878 0.2212
vn 0.7083 0.3558 0.6097
vn 0.7104 0.0138 -0.7037
vn 0.9137 -0.0026 -0.4064
vn 0.7571 0.2664 -0.5965
vn 0.3744 0.7317 0.5696
vn 0.7385 0.5893 0.3277
vn 0.6441 0.7625 0.0616
vn 0.7386 0.5904 -0.3254
vn 0.3744 0.7317 -0.5696
vn 0.6441 0.7625 -0.0616
vn 0.4037 0.8877 -0.2212
vn 0.7388 0.5879 -0.3295
vn 0.7082 0.3561 -0.6097
vn 0.7630 -0.6450 0.0433
vn 0.8428 -0.3916 0.3693
vn 0.4144 -0.6434 0.6437
vn 0.4144 -0.6434 -0.6437
vn 0.8432 -0.3917 -0.3683
vn 0.7630 -0.6450 -0.0434
vn 0.8440 -0.3900 0.3683
vn 0.7584 -0.1327 0.6382
vn 0.5031 -0.8292 0.2436
vn 0.9160 0.0018 0.4012
vn 0.7679 0.1317 0.6269
vn 0.7425 -0.2635 0.6159
vn 0.7627 -0.1012 0.6388
vn 0.9165 0.0017 0.4000
vn 0.9161 0.0019 -0.4009
vn 0.7627 -0.1012 -0.6388
vn 0.7679 0.1317 -0.6269
vn 0.9156 0.0002 -0.4020
vn 0.7423 -0.2634 -0.6161
vn 0.8429 -0.3912 -0.3695
vn 0.5031 -0.8292 -0.2436
vn 0.7585 -0.1325 -0.6381
vn 0.3639 0.9226 0.1276
vn 0.3649 0.9222 0.1279
vn 0.3632 0.9230 0.1272
vn 0.3613 0.9251 -0.1172
vn 0.3620 0.9246 -0.1187
vn 0.3621 0.9245 -0.1192
vn 0.3616 0.9247 -0.1189
vn 0.3630 0.8964 0.2545
vn 0.3632 0.8963 0.2544
vn 0.3632 0.8963 0.2545
vn 0.3634 0.8962 -0.2545
vn 0.3630 0.8964 -0.2545
vn 0.3631 0.8963 -0.2544
vn -0.1127 0.8497 -0.5151
vn -0.1128 0.8497 0.5151
vn 0.4999 0.8661 -0.0000
vn 0.1027 0.8497 -0.5172
vn -0.4041 0.8278 0.3893
vn 0.4336 0.8497 0.3001
vn -0.1148 0.8278 0.5492
vn 0.4856 0.8497 -0.2055
vn -0.3159 0.8278 -0.4637
vn -0.4855 0.8497 -0.2056
vn 0.1146 0.8277 0.5493
vn 0.3160 0.8277 -0.4637
vn 0.4039 0.8278 0.3894
vn -0.1024 0.8497 -0.5172
vn -0.4336 0.8497 0.3001
vn 0.1127 0.8497 0.5151
vn 0.1130 0.8497 -0.5150
vn -0.4999 0.8661 -0.0000
vn -0.0000 0.9233 -0.3840
vn 0.0451 0.7724 -0.6336
vn 0.0451 0.7724 0.6335
vn -0.0000 0.9233 0.3840
vn -0.0000 0.6190 -0.7854
vn -0.1572 0.7886 -0.5945
vn -0.1571 0.7887 0.5944
vn -0.0000 0.6190 0.7854
vn -0.1637 0.7047 -0.6903
vn 0.0828 0.6947 -0.7146
vn 0.0828 0.6947 0.7145
vn -0.1637 0.7048 0.6903
vn -0.1571 0.7886 -0.5945
vn 0.0451 0.7724 -0.6335
vn 0.5858 0.0870 0.8058
vn 0.3673 -0.0031 0.9301
vn 0.3666 0.0037 0.9304
vn -0.5858 -0.0870 0.8058
vn -0.3673 0.0032 0.9301
vn -0.3664 -0.0029 0.9304
vn 0.3690 0.0009 0.9294
vn 0.5564 -0.1498 0.8173
vn 0.7548 -0.0000 0.6560
vn -0.3693 -0.0010 0.9293
vn -0.5564 0.1498 0.8173
vn -0.7548 -0.0000 0.6560
vn 0.3758 -0.0008 0.9267
vn 0.5847 -0.0905 0.8062
vn 0.5474 0.2089 0.8104
vn 0.5335 0.1805 0.8263
vn 0.3740 -0.0062 0.9274
vn 0.3666 0.0038 0.9304
vn -0.6068 0.1114 0.7870
vn -0.3680 0.0030 0.9298
vn -0.3691 -0.0101 0.9293
vn -0.3689 -0.0010 0.9295
vn -0.4581 0.2745 0.8455
vn 0.5436 0.3935 0.7414
vn 0.1992 0.8854 0.4200
vn 0.3079 0.5751 0.7580
vn 0.3019 0.5788 0.7575
vn 0.5647 0.7234 0.3972
vn 0.0711 0.7323 0.6773
vn -0.5647 0.7235 0.3972
vn -0.3056 0.5770 0.7574
vn -0.0711 0.7323 0.6772
vn -0.3100 0.5718 0.7596
vn -0.1991 0.8854 0.4200
vn -0.5437 0.3933 0.7414
vn 0.0043 0.3783 0.9257
vn 0.1801 0.5546 0.8124
vn -0.0000 0.7700 0.6380
vn -0.0444 0.6145 0.7877
vn 0.0016 0.3766 0.9264
vn 0.0027 0.3857 0.9226
vn 0.0444 -0.6145 0.7877
vn -0.0017 -0.3765 0.9264
vn -0.0027 -0.3857 0.9226
vn -0.0044 -0.3782 0.9257
vn -0.1800 -0.5546 0.8124
vn -0.0000 -0.7700 0.6380
vn 0.3440 -0.3809 0.8582
vn 0.2107 -0.8217 0.5295
vn 0.5757 -0.1687 0.8001
vn 0.3692 0.0011 0.9294
vn 0.4606 -0.2934 0.8377
vn 0.6204 -0.1211 0.7749
vn 0.3677 -0.0025 0.9300
vn 0.3711 0.0040 0.9286
vn -0.5335 -0.1805 0.8263
vn -0.3689 0.0061 0.9295
vn -0.3666 -0.0036 0.9304
vn -0.3722 0.0015 0.9282
vn -0.5847 0.0906 0.8062
vn -0.5565 -0.2242 0.8001
vn 0.6222 -0.6435 0.4459
vn 0.3404 -0.3838 0.8584
vn 0.0611 -0.6041 0.7946
vn -0.3446 -0.3799 0.8585
vn -0.5757 -0.1688 0.8001
vn -0.2107 -0.8217 0.5295
vn -0.6222 -0.6434 0.4459
vn -0.0611 -0.6041 0.7946
vn -0.3412 -0.3835 0.8582
vn -0.0073 -0.0310 0.9995
vn -0.0077 -0.0311 0.9995
vn -0.0041 -0.0308 0.9995
vn -0.0094 -0.0267 0.9996
vn -0.0053 -0.0312 0.9995
vn -0.0089 -0.0297 0.9995
vn -0.0073 -0.0308 0.9995
vn -0.0063 -0.0316 0.9995
vn -0.0072 -0.0314 0.9995
vn -0.0058 -0.0316 0.9995
vn -0.0071 -0.0313 0.9995
vn -0.0082 -0.0310 0.9995
vn -0.0081 -0.0312 0.9995
vn -0.0060 -0.0315 0.9995
vn -0.0085 -0.0302 0.9995
vn -0.0058 -0.0313 0.9995
vn -0.0074 -0.0312 0.9995
vn -0.0086 -0.0307 0.9995
vn -0.0079 -0.0311 0.9995
vn -0.0090 -0.0302 0.9995
vn -0.0076 -0.0310 0.9995
vn -0.0068 -0.0315 0.9995
vn -0.0073 -0.1727 0.9849
vn -0.0065 -0.1730 0.9849
vn -0.0063 -0.1715 0.9852
vn -0.0059 -0.1734 0.9848
vn -0.0074 -0.1726 0.9850
vn -0.0064 -0.1724 0.9850
vn -0.0072 -0.1732 0.9849
vn -0.0069 -0.1735 0.9848
vn -0.0076 -0.1724 0.9850
vn -0.0072 -0.1728 0.9849
vn -0.0070 -0.1723 0.9850
vn -0.0076 -0.1728 0.9849
vn -0.0062 -0.1722 0.9850
vn -0.0070 -0.1731 0.9849
vn -0.0075 -0.1720 0.9851
vn -0.0062 -0.1723 0.9850
vn -0.0068 -0.1731 0.9849
vn -0.0000 0.3813 0.9244
vn 0.1783 0.5560 0.8118
vn -0.0000 0.6894 0.7244
vn -0.0480 0.6138 0.7880
vn -0.0000 0.3813 0.9245
vn 0.0026 0.3856 0.9227
vn 0.0579 -0.6850 0.7262
vn -0.0016 -0.3765 0.9264
vn -0.0000 -0.3814 0.9244
vn -0.0043 -0.3782 0.9257
vn -0.1548 -0.6570 0.7378
vn 0.0016 0.3765 0.9264
vn -0.7697 -0.1404 0.6228
vn -0.6007 -0.0000 0.7995
vn -0.7605 0.0840 0.6439
vn -0.7605 0.0840 -0.6439
vn -0.6007 -0.0000 -0.7995
vn -0.7697 -0.1404 -0.6228
vn -0.7556 0.2443 -0.6078
vn -0.7679 -0.1317 -0.6269
vn -0.9144 -0.0054 -0.4047
vn -0.7399 0.5857 -0.3309
vn -0.4037 0.8878 -0.2211
vn -0.7103 0.3620 -0.6037
vn -0.7389 0.5878 0.3295
vn -0.7103 0.3620 0.6037
vn -0.4037 0.8878 0.2212
vn -0.3744 0.7317 -0.5696
vn -0.7385 0.5893 -0.3277
vn -0.6441 0.7625 -0.0616
vn -0.6441 0.7624 0.0616
vn -0.7386 0.5904 0.3254
vn -0.3744 0.7317 0.5696
vn -0.9161 -0.0073 -0.4008
vn -0.7627 0.1012 -0.6388
vn -0.9136 -0.0018 0.4066
vn -0.7679 -0.1317 0.6269
vn -0.7556 0.2443 0.6078
vn -0.7627 0.1012 0.6388
vn -0.9153 -0.0069 0.4027
vn -0.7457 -0.2846 0.6024
vn -0.7458 -0.2846 -0.6023
vn -0.6950 -0.0209 0.7187
vn -0.9162 0.0021 0.4007
vn -0.6950 -0.0209 -0.7187
vn -0.9157 0.0008 -0.4019
vn -0.5031 -0.8292 -0.2435
vn -0.8430 -0.3909 -0.3694
vn -0.7561 -0.1282 -0.6418
vn -0.8429 -0.3904 0.3702
vn -0.5031 -0.8292 0.2436
vn -0.7561 -0.1281 0.6418
vn -0.4144 -0.6434 0.6437
vn -0.8427 -0.3917 0.3692
vn -0.7630 -0.6450 0.0434
vn -0.8429 -0.3920 -0.3686
vn -0.4144 -0.6434 -0.6436
vn -0.7630 -0.6450 -0.0434
vn -0.9157 0.3769 0.1393
vn -0.9154 0.3775 0.1399
vn -0.9150 0.3782 0.1404
vn -0.9154 0.3775 -0.1398
vn -0.9150 0.3783 -0.1403
vn -0.9157 0.3769 -0.1393
vn -0.9154 0.3776 -0.1397
vn -0.9154 0.3941 0.0821
vn -0.9152 0.3945 0.0822
vn -0.9156 0.3936 0.0817
vn -0.9154 0.3940 0.0823
vn -0.9156 0.3951 -0.0744
vn -0.9159 0.3945 -0.0744
vn -0.9160 0.3943 -0.0740
vn -0.9160 0.3943 -0.0741
vn 0.1571 -0.7886 -0.5945
vn -0.0000 -0.6190 -0.7854
vn 0.1571 -0.7886 0.5945
vn -0.0000 -0.6190 0.7854
vn -0.0451 -0.7724 -0.6336
vn -0.0451 -0.7724 0.6336
vn -0.1439 -0.7722 0.6188
vn -0.1441 -0.7722 -0.6188
vn 0.6027 -0.7980 -0.0001
vn -0.1373 -0.7400 0.6584
vn -0.3789 -0.7399 -0.5558
vn 0.5824 -0.7723 -0.2538
vn 0.3786 -0.7399 -0.5560
vn 0.1376 -0.7400 0.6584
vn -0.5824 -0.7723 -0.2538
vn 0.1154 -0.7723 -0.6247
vn 0.5188 -0.7723 0.3666
vn -0.4843 -0.7399 0.4668
vn -0.1154 -0.7723 -0.6247
vn 0.4843 -0.7400 0.4667
vn -0.5189 -0.7722 0.3666
vn 0.1441 -0.7723 -0.6187
vn 0.1442 -0.7723 0.6187
vn -0.6027 -0.7980 0.0001
vn -0.0000 -0.6914 -0.7225
vn 0.1599 -0.7893 -0.5928
vn -0.0390 -0.7720 -0.6344
vn -0.0390 -0.7720 0.6344
vn 0.1599 -0.7893 0.5928
vn -0.3700 -0.9274 0.0555
vn -0.3697 -0.9275 0.0560
vn -0.3702 -0.9273 0.0555
vn -0.3702 -0.9273 0.0556
vn -0.3698 -0.9279 -0.0470
vn -0.3703 -0.9277 -0.0477
vn -0.3710 -0.9273 -0.0491
vn -0.3691 -0.9260 -0.0788
vn -0.3702 -0.9255 -0.0804
vn -0.3696 -0.9258 -0.0793
vn -0.3702 -0.9255 0.0803
vn -0.3690 -0.9261 0.0789
vn -0.3696 -0.9258 0.0793
vn -0.3693 -0.9259 0.0796
vn 0.7548 -0.0000 -0.6560
vn 0.5563 -0.1497 -0.8174
vn 0.3693 0.0010 -0.9293
vn -0.5563 0.1497 -0.8174
vn -0.3687 -0.0008 -0.9295
vn -0.7548 -0.0000 -0.6560
vn 0.3674 -0.0034 -0.9301
vn 0.5857 0.0870 -0.8058
vn 0.3666 0.0037 -0.9304
vn -0.3664 -0.0027 -0.9305
vn -0.3673 0.0030 -0.9301
vn -0.5857 -0.0870 -0.8058
vn 0.3758 -0.0010 -0.9267
vn 0.5474 0.2087 -0.8104
vn 0.5846 -0.0905 -0.8063
vn 0.3082 0.5748 -0.7581
vn 0.1991 0.8854 -0.4200
vn 0.5435 0.3934 -0.7415
vn 0.3736 -0.0068 -0.9276
vn 0.5334 0.1804 -0.8264
vn 0.5647 0.7235 -0.3972
vn 0.3023 0.5786 -0.7575
vn 0.0712 0.7323 -0.6772
vn -0.5647 0.7235 -0.3972
vn -0.0711 0.7323 -0.6773
vn -0.3053 0.5772 -0.7574
vn -0.6069 0.1115 -0.7869
vn -0.3700 -0.0098 -0.9290
vn -0.3680 0.0029 -0.9298
vn -0.3099 0.5722 -0.7593
vn -0.5438 0.3934 -0.7413
vn -0.1991 0.8854 -0.4200
vn -0.4580 0.2745 -0.8455
vn -0.3692 -0.0011 -0.9294
vn -0.0000 0.7700 -0.6380
vn 0.1801 0.5546 -0.8124
vn 0.0041 0.3784 -0.9256
vn 0.0016 0.3768 -0.9263
vn -0.0444 0.6145 -0.7877
vn 0.0027 0.3857 -0.9226
vn -0.0025 -0.3855 -0.9227
vn -0.0016 -0.3766 -0.9264
vn 0.0444 -0.6145 -0.7877
vn -0.1801 -0.5546 -0.8124
vn -0.0043 -0.3783 -0.9257
vn -0.0000 -0.7700 -0.6380
vn 0.3690 0.0010 -0.9294
vn 0.4606 -0.2933 -0.8378
vn 0.3679 -0.0028 -0.9299
vn 0.6203 -0.1211 -0.7750
vn 0.3659 0.0069 -0.9306
vn 0.5756 -0.1688 -0.8001
vn 0.2107 -0.8217 -0.5295
vn 0.3452 -0.3780 -0.8591
vn -0.5335 -0.1804 -0.8264
vn -0.3665 -0.0034 -0.9304
vn -0.3719 0.0025 -0.9283
vn 0.3426 -0.3825 -0.8581
vn 0.6222 -0.6435 -0.4459
vn 0.0611 -0.6041 -0.7946
vn -0.5846 0.0905 -0.8063
vn -0.3723 -0.0000 -0.9281
vn -0.5567 -0.2241 -0.7999
vn -0.3426 -0.3825 -0.8581
vn -0.2107 -0.8217 -0.5295
vn -0.5756 -0.1687 -0.8001
vn -0.6223 -0.6434 -0.4459
vn -0.3388 -0.3843 -0.8588
vn -0.0611 -0.6040 -0.7946
vn -0.0042 -0.0308 -0.9995
vn -0.0092 -0.0267 -0.9996
vn -0.0052 -0.0311 -0.9995
vn -0.0088 -0.0299 -0.9995
vn -0.0072 -0.0307 -0.9995
vn -0.0072 -0.0314 -0.9995
vn -0.0064 -0.0315 -0.9995
vn -0.0057 -0.0316 -0.9995
vn -0.0071 -0.0313 -0.9995
vn -0.0082 -0.0310 -0.9995
vn -0.0060 -0.0316 -0.9995
vn -0.0080 -0.0310 -0.9995
vn -0.0089 -0.0299 -0.9995
vn -0.0060 -0.0317 -0.9995
vn -0.0058 -0.0317 -0.9995
vn -0.0086 -0.0307 -0.9995
vn -0.0079 -0.0312 -0.9995
vn -0.0090 -0.0301 -0.9995
vn -0.0076 -0.0311 -0.9995
vn -0.0068 -0.0316 -0.9995
vn -0.0076 -0.1727 -0.9849
vn -0.0063 -0.1732 -0.9849
vn -0.0073 -0.1721 -0.9851
vn -0.0059 -0.1730 -0.9849
vn -0.0073 -0.1722 -0.9850
vn -0.0072 -0.1728 -0.9849
vn -0.0064 -0.1727 -0.9850
vn -0.0073 -0.1727 -0.9849
vn -0.0067 -0.1733 -0.9848
vn -0.0075 -0.1724 -0.9850
vn -0.0075 -0.1729 -0.9849
vn -0.0074 -0.1728 -0.9849
vn -0.0070 -0.1723 -0.9850
vn -0.0073 -0.1728 -0.9849
vn -0.0069 -0.1716 -0.9851
vn -0.0070 -0.1733 -0.9848
vn -0.0076 -0.1720 -0.9851
vn -0.0065 -0.1727 -0.9850
vn -0.0072 -0.1719 -0.9851
vn -0.0069 -0.1722 -0.9850
vn -0.0074 -0.1730 -0.9849
vn -0.0000 0.6894 -0.7244
vn 0.1783 0.5559 -0.8119
vn -0.0000 0.3813 -0.9245
vn 0.0027 0.3856 -0.9226
vn -0.0480 0.6138 -0.7880
vn -0.0000 -0.3813 -0.9244
vn -0.0016 -0.3765 -0.9264
vn 0.0579 -0.6850 -0.7262
vn -0.1548 -0.6571 -0.7377
vn -0.0042 -0.3782 -0.9257
vn -0.9086 0.3948 0.1365
vn -0.6785 0.6938 0.2413
vn -0.6837 0.7152 0.1452
vn -0.6785 -0.6938 0.2413
vn -0.9086 -0.3948 0.1365
vn -0.6837 -0.7152 0.1452
vn 0.3641 0.9220 0.1322
vn 0.6609 0.7122 0.2367
vn 0.6817 0.7171 0.1452
vn 0.8290 -0.3568 0.4306
vn 0.5955 -0.6145 0.5175
vn 0.6162 -0.6444 0.4528
vn 0.8290 0.3568 0.4307
vn 0.6162 0.6444 0.4528
vn 0.5955 0.6145 0.5175
vn 0.7332 -0.6388 0.2330
vn 0.8292 -0.3584 0.4289
vn 0.8276 -0.3619 0.4292
vn 0.7331 0.6389 0.2331
vn 0.8276 0.3619 0.4291
vn 0.8292 0.3584 0.4289
vn 0.6786 0.6937 0.2414
vn 0.9086 0.3947 0.1366
vn 0.6837 0.7152 0.1452
vn 0.9085 0.3949 0.1364
vn 0.7297 0.6810 -0.0622
vn 0.7297 -0.6809 -0.0623
vn 0.9086 -0.3948 0.1364
vn 0.9086 -0.3947 0.1366
vn 0.6786 -0.6937 0.2414
vn 0.6837 -0.7152 0.1452
vn 0.6608 -0.7122 0.2367
vn 0.3640 -0.9220 0.1322
vn 0.6817 -0.7171 0.1452
vn 0.8158 0.5784 0.0002
vn 0.8160 0.5780 -0.0000
vn 0.8158 0.5784 -0.0002
vn 1.0000 -0.0000 -0.0000
vn 1.0000 0.0003 -0.0011
vn 1.0000 -0.0000 -0.0012
vn 1.0000 -0.0000 0.0014
vn 0.9892 -0.1468 -0.0000
vn 0.9897 -0.1430 -0.0013
vn 0.9891 -0.1470 0.0006
vn 0.9893 -0.1458 0.0030
vn 0.9891 -0.1470 -0.0000
vn 0.9893 -0.1458 -0.0030
vn 0.9989 -0.0476 0.0029
vn 0.9988 -0.0499 -0.0000
vn 0.9991 -0.0432 -0.0000
vn 0.9989 -0.0462 -0.0037
vn 0.9897 -0.1429 0.0038
vn 0.9897 -0.1429 -0.0038
vn 0.9901 -0.1402 -0.0000
vn 0.9898 -0.1424 -0.0022
vn 0.9896 -0.1437 0.0037
vn 0.7800 -0.6182 -0.0973
vn 0.7800 -0.2924 0.5532
vn 0.7800 -0.6258 -0.0000
vn 0.8219 0.5697 -0.0005
vn 0.5168 0.8368 -0.1807
vn 0.4942 0.8693 -0.0000
vn 0.5156 0.8385 0.1762
vn 0.8220 0.5695 0.0003
vn 0.8221 0.5693 -0.0000
vn 0.8182 0.5749 -0.0000
vn 0.4558 0.8891 -0.0411
vn 0.4548 0.8906 -0.0000
vn 0.5507 0.7535 0.3591
vn 0.8183 0.5748 -0.0006
vn 0.8181 0.5750 -0.0000
vn 1.0000 -0.0012 -0.0022
vn 1.0000 -0.0000 0.0026
vn 0.4548 0.8906 -0.0002
vn 1.0000 -0.0012 -0.0020
vn 0.8856 0.4575 0.0801
vn 0.8856 0.4645 -0.0000
vn 0.8856 0.3551 -0.2994
vn 0.9168 -0.0000 0.3993
vn 0.7009 0.1427 0.6988
vn 0.6901 -0.0000 0.7237
vn 0.6967 -0.1124 0.7085
vn 0.6967 0.1124 -0.7085
vn 0.9168 -0.0000 -0.3993
vn 0.7009 -0.1427 -0.6988
vn 0.6901 -0.0000 -0.7237
vn -0.0000 0.9225 -0.3859
vn 0.2307 0.9226 0.3093
vn 0.1114 0.8338 -0.5407
vn -0.3300 0.8338 -0.4425
vn -0.0779 0.9226 0.3779
vn -0.0000 0.8338 0.5520
vn -0.4334 0.9012 -0.0001
vn -0.9009 0.4340 -0.0000
vn -0.8951 0.4368 0.0896
vn -0.4334 0.9012 0.0007
vn -0.7846 0.4898 -0.3802
vn -0.4336 0.9011 0.0001
vn -0.0000 1.0000 -0.0000
vn 0.0001 1.0000 0.0009
vn 0.0001 1.0000 -0.0009
vn 0.0009 1.0000 0.0001
vn 0.3020 0.8694 -0.3912
vn 0.4942 0.8694 -0.0000
vn 0.4931 0.8694 0.0329
vn -0.0000 0.9236 -0.3834
vn 0.3293 0.7795 -0.5328
vn -0.0000 0.7072 -0.7070
vn -0.0000 0.9236 0.3835
vn -0.0000 0.7072 0.7070
vn 0.3292 0.7796 0.5328
vn -0.8856 0.4645 -0.0000
vn -0.5834 0.8122 -0.0004
vn -0.8848 0.4650 -0.0283
vn -0.5816 0.8135 0.0023
vn -0.7408 0.5680 0.3586
vn -0.5816 0.8135 -0.0023
vn 0.0023 1.0000 -0.0004
vn 0.2670 0.8906 0.3682
vn 0.0023 1.0000 -0.0000
vn 0.4542 0.8906 -0.0236
vn 0.0024 1.0000 -0.0000
vn 0.5835 0.8121 0.0005
vn 0.8849 0.4650 0.0283
vn 0.7408 0.5680 -0.3586
vn 0.5816 0.8135 0.0023
vn 0.5816 0.8135 -0.0023
vn -0.0024 1.0000 0.0004
vn -0.2669 0.8906 -0.3682
vn -0.0024 1.0000 -0.0000
vn -0.4548 0.8906 -0.0000
vn -0.4542 0.8906 0.0236
vn 0.5835 0.8121 0.0004
vn 0.5816 0.8135 -0.0021
vn -0.2670 0.8906 0.3682
vn -0.0022 1.0000 -0.0003
vn -0.0023 1.0000 -0.0000
vn -0.0022 1.0000 -0.0000
vn -0.4542 0.8906 -0.0236
vn 0.1253 0.4019 -0.9071
vn -0.0000 0.3867 -0.9222
vn -0.0000 0.7037 -0.7105
vn 0.2576 -0.6242 0.7375
vn -0.0000 -0.0000 1.0000
vn -0.0000 -0.7379 0.6749
vn -0.2492 -0.6276 0.7375
vn -0.0002 -0.0049 1.0000
vn 0.0049 -0.4098 0.9122
vn -0.0000 -0.4100 0.9121
vn -0.0071 -0.4087 0.9126
vn -0.0000 0.9221 0.3870
vn -0.0000 0.5348 0.8450
vn 0.0672 0.8283 0.5562
vn 0.0036 -0.4069 0.9135
vn -0.0043 -0.4047 0.9144
vn 0.0024 0.5406 0.8413
vn -0.3523 0.6622 0.6613
vn -0.3285 0.5316 0.7807
vn -0.0000 0.3820 0.9242
vn -0.0000 0.7053 0.7089
vn -0.0000 -0.3820 0.9242
vn 0.0025 -0.3846 0.9231
vn -0.0000 -0.3855 0.9227
vn -0.0012 -0.3621 0.9322
vn -0.0000 -0.3592 0.9333
vn -0.0009 -0.3623 0.9321
vn -0.0000 0.4867 0.8736
vn -0.0019 -0.3618 0.9322
vn 0.0007 -0.3624 0.9320
vn 0.0027 -0.3573 0.9340
vn -0.0000 -0.3592 0.9332
vn -0.0000 0.4845 0.8748
vn -0.0021 0.4857 0.8741
vn -0.0000 0.3470 0.9379
vn -0.0016 0.3488 0.9372
vn 0.0008 0.3467 0.9380
vn -0.0003 0.3464 0.9381
vn 0.0001 0.3462 0.9382
vn -0.0000 0.3461 0.9382
vn -0.6643 0.1360 0.7350
vn -0.6881 -0.0000 0.7256
vn -0.3665 -0.0000 0.9304
vn -0.6722 -0.1118 0.7319
vn 0.3665 -0.0000 0.9304
vn 0.6722 0.1118 0.7319
vn 0.6643 -0.1360 0.7350
vn 0.6881 -0.0000 0.7256
vn 0.0011 -0.0024 1.0000
vn -0.0000 -0.7073 0.7069
vn 0.1004 -0.7001 0.7070
vn -0.4884 -0.5116 0.7069
vn -0.0025 -0.0000 1.0000
vn 0.0026 -0.0000 1.0000
vn 0.0015 -0.4765 0.8792
vn -0.0000 -0.4750 0.8800
vn -0.0011 -0.4773 0.8787
vn -0.0000 -0.4758 0.8796
vn -0.0015 -0.4769 0.8789
vn 0.0015 -0.4769 0.8789
vn -0.0000 0.0020 1.0000
vn 0.0010 0.0017 1.0000
vn -0.8417 -0.5400 0.0008
vn -0.8418 -0.5398 -0.0000
vn -0.8418 -0.5397 -0.0000
vn -1.0000 -0.0000 -0.0000
vn -0.9003 0.3741 -0.2224
vn -0.9003 0.4352 -0.0000
vn -0.9003 0.4003 0.1707
vn -0.8856 0.3551 0.2994
vn -0.8856 0.4575 -0.0801
vn -0.4548 0.8906 0.0002
vn -0.8181 0.5751 -0.0000
vn -0.4558 0.8891 0.0411
vn -0.5507 0.7535 -0.3592
vn -0.8182 0.5749 0.0006
vn -1.0000 -0.0012 0.0022
vn -1.0000 -0.0000 -0.0026
vn -0.8180 0.5752 -0.0000
vn -0.8181 0.5751 0.0007
vn -1.0000 -0.0013 0.0022
vn -0.9168 -0.0000 0.3993
vn -0.7010 -0.1426 0.6988
vn -0.6901 -0.0000 0.7237
vn -0.6968 0.1124 0.7084
vn -0.6968 -0.1124 -0.7084
vn -0.9168 -0.0000 -0.3993
vn -0.7010 0.1426 -0.6988
vn -0.6901 -0.0000 -0.7237
vn -0.8160 -0.5781 -0.0000
vn -1.0000 0.0012 -0.0008
vn -1.0000 0.0012 -0.0002
vn -0.9894 0.1451 0.0009
vn -0.9889 0.1484 -0.0006
vn -0.9894 0.1455 -0.0015
vn -0.9889 0.1485 -0.0000
vn -0.9989 0.0466 0.0029
vn -0.9989 0.0473 -0.0039
vn -0.9989 0.0469 -0.0028
vn -0.9989 0.0469 0.0038
vn -0.9902 0.1399 0.0024
vn -0.9901 0.1403 0.0004
vn -0.9903 0.1390 -0.0000
vn -0.9901 0.1402 -0.0000
vn -0.0000 -0.6731 -0.7396
vn -0.5423 -0.6731 0.5029
vn -0.0755 -0.7361 -0.6727
vn 0.4964 -0.7361 -0.4602
vn 0.0825 -0.6731 0.7350
vn -0.0000 -0.7361 0.6769
vn -0.0000 -1.0000 -0.0000
vn 0.7501 -0.6235 -0.2204
vn 0.7818 -0.6235 -0.0000
vn 0.7818 -0.6235 -0.0010
vn 0.4536 -0.7053 -0.5448
vn 0.1244 -0.7053 0.6979
vn -0.0000 -0.7052 0.7090
vn -0.0000 -0.7052 -0.7090
vn -0.4536 -0.7053 0.5448
vn -0.1244 -0.7053 -0.6979
vn 0.4471 -0.7053 -0.5502
vn 0.1286 -0.7053 0.6972
vn -0.1286 -0.7053 -0.6972
vn -0.4471 -0.7053 0.5502
vn -0.0000 -0.0000 -1.0000
vn -0.2492 -0.6276 -0.7375
vn 0.2575 -0.6242 -0.7376
vn -0.0000 -0.7379 -0.6749
vn -0.0007 -0.0049 -1.0000
vn 0.0004 -0.0049 -1.0000
vn -0.0000 -0.4100 -0.9121
vn 0.0047 -0.4097 -0.9122
vn -0.0051 -0.4053 -0.9142
vn -0.0000 0.5348 -0.8450
vn -0.3523 0.6622 -0.6613
vn 0.0024 0.5406 -0.8413
vn 0.0671 0.8283 -0.5562
vn -0.0000 0.9221 -0.3870
vn -0.0000 0.3819 -0.9242
vn -0.0000 0.7053 -0.7089
vn -0.0000 -0.3820 -0.9242
vn -0.0025 -0.3846 -0.9231
vn -0.0000 -0.3820 -0.9241
vn -0.0000 -0.3855 -0.9227
vn 0.3285 0.5316 -0.7807
vn -0.0000 0.3820 -0.9242
vn -0.0000 0.3470 -0.9379
vn -0.0023 0.3481 -0.9375
vn -0.0006 0.3464 -0.9381
vn 0.0025 0.3474 -0.9377
vn -0.0000 0.3462 -0.9382
vn 0.0006 0.3464 -0.9381
vn -0.0000 0.4867 -0.8736
vn -0.0017 0.4850 -0.8745
vn -0.0000 -0.3592 -0.9333
vn -0.0008 -0.3623 -0.9321
vn -0.0000 -0.3624 -0.9320
vn -0.0003 0.5171 -0.8559
vn -0.0001 0.5169 -0.8560
vn -0.0000 0.5170 -0.8560
vn -0.3665 -0.0000 -0.9304
vn -0.6643 -0.1360 -0.7350
vn -0.6881 -0.0000 -0.7256
vn -0.6722 0.1118 -0.7319
vn 0.6722 -0.1118 -0.7319
vn 0.3665 -0.0000 -0.9304
vn 0.6643 0.1360 -0.7350
vn 0.6881 -0.0000 -0.7256
vn -0.1004 -0.7001 -0.7070
vn -0.0011 -0.0023 -1.0000
vn -0.0000 -0.7073 -0.7069
vn -0.0025 -0.0000 -1.0000
vn 0.4884 -0.5116 -0.7069
vn 0.0024 -0.0000 -1.0000
vn 0.0019 -0.4775 -0.8786
vn -0.0013 -0.4765 -0.8792
vn -0.0000 -0.4749 -0.8800
vn 0.0015 -0.4769 -0.8789
vn -0.0018 -0.4769 -0.8789
vn -0.0000 -0.4750 -0.8800
vn -0.0010 0.0017 -1.0000
vn -0.0000 0.0020 -1.0000
vn 0.9023 -0.4301 -0.0278
vn 0.8971 -0.4419 -0.0003
vn 0.9032 -0.4284 0.0262
vn 0.8971 -0.4419 -0.0000
vn 0.9816 0.1902 0.0148
vn 0.9763 0.2155 -0.0201
vn 0.9750 0.2221 -0.0046
vn 0.9749 0.2227 0.0055
vn 0.9808 0.1943 0.0153
vn 0.9808 0.1943 -0.0159
vn 0.9222 -0.3867 0.0037
vn 0.9296 -0.3684 -0.0082
vn 0.9303 -0.3668 -0.0000
vn 0.9305 -0.3662 -0.0000
vn 0.9245 -0.3810 0.0072
vn 0.9245 -0.3810 -0.0072
vn 0.9901 -0.1405 0.0002
vn 0.9908 -0.1349 -0.0040
vn 0.9910 -0.1337 -0.0000
vn 0.9901 -0.1406 -0.0001
vn 0.9900 -0.1409 -0.0000
vn 0.2475 0.9689 -0.0000
vn -0.7499 0.6515 0.1147
vn -0.7727 0.6345 -0.0174
vn -0.7660 0.6429 -0.0000
vn -0.5163 0.7718 0.3712
vn -0.7597 0.6463 -0.0720
vn -0.7731 0.6343 -0.0000
vn -0.0090 0.0288 0.9995
vn -0.0229 -0.0469 0.9986
vn -0.0178 0.0244 0.9995
vn 0.1371 0.3497 0.9268
vn 0.1828 0.3029 0.9353
vn 0.1905 0.3000 0.9347
vn 0.1852 0.3097 0.9326
vn 0.1589 0.3448 0.9251
vn 0.1385 0.3009 0.9435
vn -0.0195 0.0113 0.9997
vn 0.0120 0.0423 0.9990
vn -0.0086 0.0208 0.9997
vn -0.8971 0.4418 -0.0000
vn -0.8979 0.4402 -0.0026
vn -0.7699 0.6363 0.0487
vn -0.7768 0.6222 -0.0974
vn -0.8971 0.4419 -0.0000
vn -0.7676 0.6409 -0.0000
vn -0.7969 0.5796 0.1703
vn -0.7748 0.6322 -0.0000
vn -0.9265 0.3763 -0.0000
vn -0.9256 0.3785 -0.0070
vn -0.9900 0.1409 0.0116
vn -0.9900 0.1409 -0.0116
vn -0.9900 0.1409 -0.0000
vn -0.9886 0.1504 0.0065
vn -0.4085 -0.9128 0.0008
vn -0.4085 -0.9128 -0.0000
vn -0.4085 -0.9128 -0.0006
vn -0.4086 -0.9127 -0.0000
vn -0.0136 0.0270 -0.9995
vn -0.0225 -0.0471 -0.9986
vn 0.1371 0.3498 -0.9267
vn 0.1906 0.3002 -0.9346
vn 0.1828 0.3029 -0.9353
vn 0.1852 0.3097 -0.9326
vn 0.1384 0.3009 -0.9436
vn 0.1589 0.3449 -0.9251
vn -0.0195 0.0113 -0.9997
vn 0.0120 0.0423 -0.9990
vn -0.0086 0.0208 -0.9997
vn 0.6435 -0.7139 0.2762
vn 0.2177 -0.4157 0.8831
vn 0.4081 -0.4044 0.8185
vn 0.5432 -0.8219 0.1716
vn 0.6836 -0.7116 -0.1622
vn 0.4060 -0.6884 -0.6011
vn 0.5091 -0.5580 -0.6553
vn 0.5195 -0.3769 -0.7669
vn 0.8253 -0.5599 0.0739
vn 0.8542 -0.5197 0.0173
vn 0.8192 -0.4858 0.3049
vn 0.4560 -0.8847 -0.0969
vn 0.7900 -0.5010 0.3534
vn 0.7363 -0.0152 0.6765
vn 0.2670 -0.0948 0.9590
vn 0.9836 -0.1602 0.0834
vn 0.3936 0.4617 0.7949
vn 0.4795 -0.5530 0.6814
vn 0.8701 0.2142 -0.4439
vn 0.9567 -0.2683 -0.1126
vn 0.5009 -0.1597 -0.8507
vn 0.8142 -0.4097 -0.4114
vn 0.4878 0.5713 -0.6600
vn 0.8186 0.2610 -0.5117
vn 0.7309 -0.6823 0.0123
vn 0.4644 -0.7827 0.4144
vn 0.3908 -0.9019 0.1841
vn 0.8663 -0.4919 -0.0869
vn 0.4135 -0.6993 0.5830
vn 0.4930 -0.6605 0.5663
vn 0.3945 -0.7719 -0.4986
vn 0.6569 -0.6766 -0.3326
vn 0.5077 -0.4111 -0.7571
vn 0.4065 -0.5057 -0.7609
vn 0.2400 0.0319 -0.9703
vn 0.2457 -0.2454 -0.9378
vn 0.4865 -0.3760 -0.7886
vn 0.2700 0.2296 -0.9351
vn 0.5404 0.0253 -0.8410
vn 0.4552 0.1797 -0.8721
vn 0.5115 -0.2903 -0.8088
vn 0.7807 -0.3724 -0.5019
vn 0.4898 -0.8504 -0.1923
vn 0.4809 -0.8118 0.3313
vn 0.7366 -0.6112 -0.2896
vn 0.5230 -0.8275 0.2043
vn 0.1277 -0.9063 0.4028
vn 0.4990 -0.8393 -0.2159
vn 0.3305 -0.3072 -0.8924
vn 0.5163 -0.6989 -0.4949
vn 0.5170 -0.7480 -0.4161
vn 0.4874 -0.8698 -0.0767
vn 0.4296 -0.7288 -0.5332
vn 0.3314 -0.8905 0.3117
vn 0.2111 -0.6326 -0.7451
vn 0.1858 -0.0147 -0.9825
vn 0.6185 -0.7529 -0.2248
vn 0.6967 -0.6683 -0.2605
vn 0.4068 -0.7213 0.5605
vn 0.4767 -0.6667 0.5729
vn 0.5664 0.8153 -0.1205
vn 0.6050 0.6778 0.4178
vn 0.6221 0.7716 0.1325
vn 0.7421 0.2804 0.6088
vn 0.7072 0.4566 0.5398
vn 0.5487 0.7501 0.3692
vn 0.9709 -0.2389 0.0145
vn 0.7320 0.5897 -0.3411
vn 0.7901 0.5362 0.2969
vn 0.5942 0.7989 0.0933
vn 0.7090 0.6878 -0.1555
vn 0.6494 0.1903 -0.7362
vn 0.7213 0.4511 0.5256
vn 0.5462 0.5417 0.6389
vn 0.7115 0.5765 0.4018
vn 0.6533 -0.4760 -0.5887
vn 0.5948 -0.7919 -0.1386
vn 0.5374 -0.5991 -0.5936
vn 0.6849 0.2279 0.6920
vn 0.5375 0.4825 0.6916
vn 0.5155 0.0293 0.8564
vn 0.6344 0.1752 0.7529
vn 0.7391 0.1467 0.6575
vn 0.4924 0.1751 0.8526
vn 0.7773 -0.2460 -0.5790
vn 0.5580 -0.4792 -0.6775
vn 0.7282 -0.4072 -0.5514
vn 0.4243 -0.7976 -0.4286
vn 0.7064 -0.3819 -0.5960
vn 0.6627 -0.5778 -0.4763
vn 0.7425 -0.4485 -0.4976
vn 0.5790 -0.3762 -0.7233
vn 0.5814 -0.4515 -0.6768
vn 0.6438 -0.5427 0.5394
vn 0.4493 -0.2874 0.8459
vn 0.6052 -0.4394 0.6638
vn 0.4627 -0.6261 -0.6276
vn 0.7604 -0.3103 -0.5706
vn 0.7729 -0.3882 -0.5019
vn 0.7970 -0.3423 0.4976
vn 0.6037 0.0404 0.7962
vn 0.5863 -0.6562 0.4750
vn 0.5342 -0.6690 -0.5168
vn 0.3322 -0.7910 0.5138
vn 0.7048 -0.5867 0.3987
vn 0.8557 -0.4840 0.1829
vn 0.8574 -0.3845 0.3421
vn 0.5811 -0.4595 0.6717
vn 0.6873 -0.1600 -0.7086
vn 0.8693 -0.3117 -0.3837
vn 0.8602 -0.4541 -0.2321
vn 0.2556 -0.6546 -0.7115
vn 0.7491 0.0724 -0.6585
vn 0.8202 -0.4295 -0.3778
vn 0.6355 -0.4489 -0.6281
vn 0.2390 0.1186 -0.9638
vn 0.8092 -0.0022 -0.5875
vn 0.6301 -0.6337 0.4488
vn 0.1886 -0.6450 0.7406
vn 0.6179 -0.7630 0.1897
vn 0.5962 -0.6737 -0.4368
vn -0.0387 0.1260 -0.9913
vn 0.6151 -0.3540 -0.7045
vn 0.4866 -0.1111 -0.8665
vn 0.4864 -0.7076 -0.5126
vn 0.7883 -0.4587 -0.4102
vn 0.5121 -0.8063 0.2960
vn 0.5259 -0.3374 0.7808
vn 0.8506 -0.4964 0.1735
vn 0.3453 -0.9290 0.1334
vn 0.1926 -0.9145 -0.3557
vn 0.3085 -0.8288 0.4668
vn 0.2617 -0.8584 0.4411
vn 0.3321 -0.2058 0.9205
vn 0.4935 -0.7727 0.3993
vn 0.3181 -0.9480 0.0087
vn 0.5058 -0.7983 -0.3270
vn 0.3229 -0.6643 -0.6742
vn 0.5587 -0.6507 -0.5143
vn 0.4054 -0.8554 0.3225
vn 0.7684 -0.6394 0.0262
vn 0.0048 -0.3222 0.9466
vn 0.4077 -0.2213 0.8859
vn 0.6708 -0.4936 0.5535
vn 0.8384 0.4061 0.3636
vn 0.4579 0.1087 0.8823
vn 0.7736 0.1966 0.6024
vn 0.7587 0.5154 -0.3984
vn 0.4625 0.5386 -0.7043
vn 0.7300 0.6732 -0.1182
vn 0.7474 0.4589 0.4804
vn 0.8345 0.1498 0.5303
vn 0.8297 0.1483 0.5382
vn 0.3939 0.7512 -0.5297
vn 0.7359 0.5811 -0.3476
vn 0.7309 0.6010 -0.3233
vn 0.8593 -0.5012 0.1018
vn 0.7721 -0.6269 0.1043
vn 0.8552 -0.5077 0.1047
vn 0.8774 -0.3777 -0.2959
vn 0.8685 -0.3706 -0.3293
vn 0.8925 -0.4138 -0.1794
vn 0.5220 0.7178 -0.4608
vn 0.6574 0.3721 -0.6552
vn 0.3192 0.3102 -0.8955
vn 0.5107 0.4047 -0.7586
vn 0.6778 -0.0040 -0.7353
vn 0.7148 0.0377 -0.6983
vn 0.9439 0.2584 -0.2058
vn 0.8534 -0.0317 -0.5204
vn 0.5341 -0.2425 -0.8099
vn 0.5121 -0.5061 -0.6940
vn 0.7178 -0.5364 -0.4438
vn 0.8249 -0.4090 -0.3902
vn 0.7272 -0.6849 -0.0447
vn 0.4943 -0.8693 -0.0036
vn 0.7573 -0.6530 0.0052
vn 0.7600 -0.6493 -0.0284
vn 0.8121 -0.5761 0.0929
vn 0.4978 -0.8635 0.0814
vn 0.8311 -0.4273 0.3559
vn 0.7247 -0.6866 -0.0576
vn 0.7482 -0.5622 0.3524
vn 0.5852 0.0433 0.8097
vn 0.7137 -0.1639 0.6810
vn 0.7579 -0.2808 0.5889
vn 0.5753 -0.4007 0.7131
vn 0.8204 0.1031 0.5624
vn 0.2406 -0.4083 0.8805
vn 0.4675 -0.8601 -0.2042
vn 0.6430 -0.6565 -0.3944
vn 0.6006 -0.7862 -0.1458
vn 0.5686 -0.6150 0.5463
vn 0.6318 -0.5882 0.5049
vn 0.4255 -0.1692 0.8890
vn 0.3552 -0.4977 0.7913
vn 0.6614 -0.5980 0.4528
vn 0.7878 0.0079 0.6159
vn 0.3470 -0.7439 -0.5711
vn 0.4109 -0.8071 -0.4240
vn 0.6760 -0.7285 -0.1109
vn 0.3566 -0.4178 0.8356
vn 0.4196 -0.8531 0.3101
vn 0.3395 -0.2849 0.8964
vn 0.5609 -0.8275 0.0247
vn 0.5232 -0.1933 0.8300
vn 0.6189 -0.7199 0.3142
vn 0.6177 -0.7209 0.3142
vn 0.2762 -0.9372 -0.2129
vn 0.2245 -0.7189 -0.6578
vn 0.2174 -0.4482 -0.8671
vn 0.2011 0.1425 -0.9691
vn 0.6202 -0.6729 -0.4031
vn 0.6037 0.7749 -0.1873
vn 0.6984 0.1647 0.6966
vn 0.8590 0.3654 -0.3587
vn 0.5528 0.7923 -0.2582
vn 0.9253 0.2290 -0.3022
vn 0.4662 0.5646 -0.6811
vn 0.6644 0.1777 -0.7259
vn 0.9524 -0.0883 -0.2919
vn 0.7503 -0.5274 -0.3986
vn 0.3525 -0.3698 -0.8596
vn 0.7494 -0.5280 -0.3995
vn 0.4254 -0.8340 -0.3515
vn -0.0000 -1.0000 -0.0079
vn -0.1721 0.6415 -0.7475
vn -0.7243 0.6878 0.0483
vn 0.6017 0.6511 -0.4626
vn -0.0150 -0.9979 0.0631
vn 0.1112 0.8547 0.5071
vn -0.0112 0.7835 0.6213
vn -0.1916 0.6969 0.6911
vn 0.1780 0.7736 0.6082
vn 0.1899 0.8207 0.5389
vn 0.0015 0.8643 0.5030
vn 0.0165 0.8716 0.4900
vn 0.0184 0.7777 0.6284
vn -0.1815 0.7562 0.6287
vn 0.1333 0.6463 0.7513
vn -0.0076 0.8726 0.4883
vn 0.0240 0.8696 0.4931
vn 0.0133 0.8749 0.4841
vn -0.0071 0.8510 0.5251
vn 0.0167 0.8448 0.5349
vn -0.0930 0.7377 0.6687
vn -0.0089 0.8624 0.5062
vn 0.0208 0.8706 0.4915
vn -0.0053 0.8704 0.4924
vn -0.6236 0.4367 0.6484
vn -0.0578 0.7126 0.6992
vn -0.2333 0.7387 0.6323
vn 0.0018 0.9960 -0.0889
vn 0.0226 0.9955 -0.0918
vn 0.0109 0.9940 -0.1091
vn -0.5801 0.6934 0.4275
vn -0.2341 0.3464 0.9084
vn -0.2266 0.7412 0.6319
vn -0.2137 0.9441 0.2510
vn -0.5416 0.7349 0.4082
vn -0.2276 0.9462 0.2299
vn -0.0822 0.9533 0.2906
vn -0.0654 0.9549 0.2897
vn -0.0518 0.9608 0.2722
vn -0.3053 0.9429 0.1335
vn -0.4523 0.8852 -0.1089
vn -0.3696 0.7748 0.5129
vn -0.0848 0.9918 0.0958
vn -0.0710 0.9923 0.1014
vn -0.0691 0.9925 0.1011
vn 0.0268 0.9995 -0.0188
vn 0.0153 0.9999 -0.0046
vn 0.0233 0.9997 -0.0045
vn -0.2588 0.9646 -0.0499
vn -0.5248 0.8505 -0.0366
vn -0.2615 0.9637 -0.0534
vn -0.1067 0.9913 -0.0766
vn -0.1027 0.9918 -0.0763
vn -0.1045 0.9913 -0.0798
vn -0.3846 0.8624 -0.3293
vn -0.4333 0.6329 -0.6416
vn -0.5388 0.8378 -0.0878
vn -0.0813 0.9613 -0.2633
vn -0.0809 0.9605 -0.2662
vn -0.0855 0.9602 -0.2659
vn 0.0085 0.9277 -0.3733
vn 0.0177 0.9281 -0.3720
vn 0.0145 0.9272 -0.3742
vn -0.1494 0.8824 -0.4461
vn -0.2056 0.7880 -0.5804
vn -0.1458 0.8814 -0.4493
vn -0.2751 0.8454 -0.4579
vn -0.1664 0.7950 -0.5833
vn -0.6074 0.6445 -0.4645
vn 0.0433 0.8324 -0.5525
vn 0.0472 0.8375 -0.5445
vn 0.0489 0.8354 -0.5475
vn 0.0312 0.7384 -0.6737
vn 0.2162 0.6786 -0.7020
vn -0.1327 0.6990 -0.7027
vn 0.0181 0.7296 -0.6836
vn -0.0078 0.5860 -0.8103
vn 0.0237 0.7288 -0.6843
vn 0.1130 0.7776 -0.6185
vn -0.0105 0.7959 -0.6053
vn 0.0982 0.7928 -0.6016
vn -0.2017 0.7560 -0.6227
vn -0.0568 0.8491 -0.5251
vn -0.1033 0.7898 -0.6046
vn -0.0487 0.8480 -0.5278
vn -0.2304 0.7377 -0.6346
vn -0.3998 0.1503 -0.9042
vn -0.6678 0.6524 -0.3583
vn 0.1792 0.7074 -0.6838
vn -0.1200 0.7266 -0.6765
vn -0.0113 0.7620 -0.6475
vn 0.0184 0.7010 -0.7129
vn -0.1223 0.7330 -0.6691
vn -0.0292 0.7737 -0.6329
vn 0.0864 0.7442 -0.6623
vn -0.0745 0.5820 -0.8098
vn -0.1351 0.7238 -0.6766
vn -0.0647 0.7720 -0.6323
vn -0.6953 0.5705 -0.4371
vn -0.2540 0.8076 -0.5322
vn -0.4540 0.4325 -0.7790
vn -0.5281 0.8157 -0.2359
vn -0.2657 0.8038 -0.5322
vn 0.1720 0.8532 -0.4925
vn -0.1580 0.7609 -0.6293
vn 0.0080 0.8746 -0.4848
vn -0.1056 0.9548 -0.2778
vn -0.1170 0.9585 -0.2600
vn -0.4738 0.8350 -0.2799
vn -0.1047 0.9945 0.0056
vn -0.1387 0.9773 -0.1600
vn -0.2603 0.8206 -0.5087
vn -0.0764 0.9593 -0.2719
vn -0.0532 0.9681 -0.2449
vn -0.0500 0.9585 -0.2808
vn -0.0385 0.9983 -0.0434
vn -0.0102 0.9992 -0.0374
vn -0.1132 0.9879 0.1062
vn -0.0766 0.9962 0.0405
vn -0.0408 0.9984 0.0393
vn -0.0639 0.9976 0.0254
vn -0.1607 0.9214 0.3539
vn -0.0117 0.9673 0.2533
vn -0.0241 0.9595 0.2807
vn -0.0678 0.9649 0.2538
vn -0.0385 0.9636 0.2645
vn -0.0407 0.9660 0.2552
vn -0.0396 0.8193 0.5720
vn 0.0244 0.7654 0.6431
vn -0.0576 0.8131 0.5793
vn -0.0864 0.9450 0.3154
vn -0.0511 0.9494 0.3099
vn -0.0803 0.9504 0.3006
vn -0.0964 0.9930 -0.0683
vn -0.0548 0.9955 -0.0775
vn -0.0690 0.9933 -0.0932
vn 0.0322 0.8460 0.5321
vn -0.0963 0.8161 0.5699
vn -0.1842 0.7533 0.6313
vn -0.0120 0.9287 -0.3707
vn -0.0278 0.9185 -0.3945
vn -0.0418 0.9270 -0.3727
vn -0.0022 0.8183 -0.5748
vn -0.0325 0.8167 -0.5762
vn -0.0064 0.6939 -0.7201
vn -0.1575 0.9505 0.2680
vn -0.1527 0.9460 0.2861
vn -0.1472 0.9549 0.2580
vn -0.1198 0.7630 0.6352
vn -0.1046 0.7653 0.6352
vn -0.0156 0.6971 0.7168
vn -0.1205 0.9733 -0.1953
vn -0.1464 0.9699 -0.1946
vn -0.1500 0.9738 -0.1707
vn -0.1277 0.9680 0.2162
vn -0.1463 0.9663 0.2120
vn -0.1534 0.9643 0.2161
vn -0.0864 0.8938 -0.4400
vn -0.0729 0.8983 -0.4333
vn -0.0489 0.8971 -0.4390
vn -0.0800 0.9431 -0.3228
vn -0.0956 0.9449 -0.3130
vn -0.0589 0.9495 -0.3083
vn 0.0290 0.9575 0.2871
vn 0.0300 0.9598 0.2791
vn 0.0238 0.9599 0.2793
vn -0.0593 0.6437 0.7630
vn 0.0094 0.7361 0.6768
vn 0.0141 0.7360 0.6769
vn 0.0768 0.9843 -0.1588
vn 0.0602 0.9857 -0.1574
vn 0.0655 0.9874 -0.1439
vn 0.0702 0.9811 0.1804
vn 0.0861 0.9800 0.1793
vn 0.0749 0.9818 0.1743
vn -0.0434 0.8693 -0.4924
vn -0.0419 0.8627 -0.5039
vn 0.0123 0.8551 -0.5183
vn 0.0410 0.9984 -0.0380
vn 0.0196 0.9988 -0.0457
vn 0.0233 0.9995 -0.0232
vn 0.0156 0.9239 -0.3822
vn 0.0503 0.9009 -0.4311
vn 0.0454 0.9260 -0.3747
vn -0.0442 0.7445 -0.6662
vn 0.0183 0.7475 -0.6640
vn -0.0706 0.5582 -0.8267
vn -0.0102 0.7885 -0.6150
vn 0.2225 0.7184 -0.6591
vn -0.1982 0.7591 -0.6201
vn 0.1088 0.9114 -0.3969
vn -0.0034 0.9334 -0.3589
vn 0.0443 0.9095 -0.4134
vn 0.1727 0.9734 -0.1506
vn 0.4205 0.8851 -0.1995
vn 0.1928 0.9717 -0.1368
vn 0.2637 0.9644 -0.0208
vn 0.2020 0.9746 -0.0967
vn 0.4380 0.8940 -0.0942
vn 0.1481 0.9412 0.3037
vn 0.1462 0.9440 0.2957
vn 0.1347 0.9453 0.2970
vn 0.2386 0.9711 0.0113
vn 0.2244 0.9745 0.0086
vn 0.4077 0.8968 -0.1718
vn 0.0197 0.7829 -0.6218
vn -0.0336 0.7621 -0.6466
vn 0.0416 0.5655 -0.8237
vn -0.1112 0.6735 0.7308
vn 0.1342 0.6360 0.7599
vn 0.0246 0.7199 0.6936
vn 0.0945 0.7756 0.6241
vn 0.1065 0.7742 0.6239
vn 0.0108 0.6919 0.7219
vn 0.0826 0.8988 0.4304
vn -0.0596 0.9288 0.3657
vn 0.1850 0.8813 0.4349
vn 0.3835 0.8099 0.4439
vn 0.1908 0.8924 0.4089
vn 0.1755 0.8499 0.4968
vn 0.1228 0.6953 0.7082
vn 0.4840 0.5017 0.7170
vn 0.3699 0.7663 0.5254
vn 0.3353 0.9322 0.1360
vn 0.4084 0.8537 0.3231
vn 0.5010 0.8642 -0.0458
vn 0.3243 0.9451 0.0412
vn 0.4776 0.8480 0.2299
vn 0.3484 0.9119 -0.2169
vn 0.0862 0.8848 0.4579
vn 0.0889 0.8851 0.4569
vn 0.0832 0.8865 0.4551
vn 0.0497 0.7213 0.6908
vn 0.0557 0.7201 0.6917
vn -0.0522 0.6841 0.7275
vn 0.0255 0.7979 0.6023
vn -0.0904 0.8041 0.5876
vn 0.1127 0.6991 0.7061
vn 0.4712 0.6451 0.6015
vn 0.3190 0.6697 0.6707
vn 0.7233 0.1733 0.6685
vn 0.0837 0.6469 0.7580
vn 0.0360 0.7269 0.6858
vn -0.1421 0.6769 0.7222
vn 0.5538 0.7439 0.3740
vn 0.2190 0.8528 0.4742
vn 0.2197 0.8550 0.4697
vn 0.3075 0.2230 0.9250
vn 0.5900 0.7217 0.3621
vn 0.3579 0.6806 0.6393
vn -0.0272 0.5908 -0.8063
vn -0.0122 0.9456 -0.3252
vn 0.3097 0.9295 -0.2004
vn 0.5658 0.8233 0.0452
vn 0.4547 0.4436 -0.7724
vn 0.0450 0.9945 0.0942
vn 0.0478 0.9943 0.0951
vn 0.0464 0.9947 0.0920
vn 0.0284 0.9244 -0.3803
vn 0.0307 0.9242 -0.3806
vn 0.0272 0.9244 -0.3805
vn -0.0402 0.9832 0.1782
vn -0.0395 0.9829 0.1801
vn -0.0194 0.9835 0.1796
vn -0.0562 0.8299 0.5550
vn -0.0383 0.8253 0.5634
vn -0.0629 0.7098 0.7016
vn 0.0234 0.9194 -0.3926
vn 0.0247 0.9205 -0.3901
vn 0.0246 0.9190 -0.3936
vn -0.0489 0.9898 -0.1335
vn -0.0483 0.9907 -0.1276
vn -0.0281 0.9901 -0.1375
vn -0.0208 0.9191 -0.3934
vn -0.0123 0.9187 -0.3948
vn -0.0194 0.9176 -0.3970
vn 0.0416 0.7937 -0.6069
vn 0.0114 0.6569 -0.7539
vn 0.0446 0.7931 -0.6074
vn -0.1615 0.7596 -0.6301
vn 0.0325 0.8055 -0.5918
vn 0.2829 0.6850 -0.6714
vn 0.1440 0.7620 0.6314
vn -0.1220 0.7655 0.6318
vn 0.2755 0.6249 0.7305
vn -0.1642 0.6193 0.7678
vn 0.0874 0.7627 0.6409
vn -0.0283 0.7470 0.6642
vn 0.0657 0.9273 0.3686
vn -0.0638 0.9713 0.2292
vn -0.0763 0.8196 0.5679
vn -0.1652 0.8641 0.4754
vn 0.0290 0.8613 0.5072
vn 0.0167 0.8595 0.5109
vn 0.0899 0.8592 0.5037
vn -0.0328 0.8595 0.5101
vn -0.0266 0.8668 0.4979
vn -0.5656 0.7791 0.2704
vn -0.8735 0.1622 0.4589
vn -0.4036 0.6436 0.6503
vn -0.0016 0.9877 0.1562
vn -0.1579 0.9810 0.1126
vn -0.1229 0.9463 0.2991
vn -0.6764 0.7362 0.0234
vn -0.9924 0.1222 0.0162
vn -0.5932 0.7105 0.3785
vn 0.3398 0.6433 0.6861
vn -0.0815 0.8149 0.5738
vn -0.1805 0.2424 0.9532
vn 0.4024 0.3577 -0.8427
vn 0.2952 0.7690 -0.5670
vn 0.3909 0.8523 -0.3475
vn 0.6955 0.4859 -0.5292
vn -0.0297 0.7525 -0.6579
vn 0.2101 0.7626 -0.6118
vn -0.1988 0.8077 -0.5550
vn -0.0533 0.8487 -0.5262
vn 0.2087 0.7129 -0.6695
vn -0.4084 -0.3991 0.8209
vn 0.2009 -0.7699 0.6057
vn -0.1324 -0.4589 0.8786
vn -0.3090 -0.5343 0.7868
vn -0.1497 -0.3404 0.9283
vn -0.1060 -0.3499 0.9308
vn 0.0691 0.5897 0.8046
vn -0.0267 0.6934 0.7200
vn 0.0825 0.6167 0.7829
vn 0.1493 -0.3675 0.9180
vn 0.1780 -0.3308 0.9268
vn 0.3548 -0.4918 0.7952
vn -0.0386 0.7197 0.6932
vn -0.0894 0.6108 0.7867
vn -0.1526 0.5937 0.7901
vn 0.4124 -0.3697 0.8326
vn 0.1587 -0.4784 0.8637
vn -0.1066 -0.7616 0.6392
vn 0.3907 -0.2758 0.8782
vn 0.6693 -0.4545 0.5878
vn 0.3585 -0.3122 0.8798
vn 0.7936 -0.4218 0.4385
vn 0.4551 -0.6279 0.6314
vn 0.2988 -0.8999 0.3177
vn 0.2002 -0.7413 0.6406
vn 0.6690 -0.6911 0.2734
vn 0.4067 -0.6489 0.6431
vn -0.0823 -0.3147 0.9456
vn -0.3959 -0.2824 0.8738
vn 0.0566 -0.5042 0.8617
vn -0.3878 -0.5653 0.7280
vn -0.6278 -0.3833 0.6774
vn -0.8190 -0.4608 0.3419
vn -0.1228 0.0033 0.9924
vn -0.3817 -0.1820 0.9062
vn -0.1265 0.0390 0.9912
vn -0.0730 -0.3400 0.9376
vn -0.1032 -0.0004 0.9947
vn -0.0430 -0.0457 0.9980
vn 0.0509 0.0333 0.9981
vn 0.0580 0.0697 0.9959
vn 0.0174 0.0445 0.9989
vn 0.1966 0.3882 0.9004
vn 0.0681 0.3136 0.9471
vn 0.0612 0.3384 0.9390
vn -0.0796 0.6287 0.7735
vn 0.0250 0.4815 0.8761
vn -0.0523 0.4765 0.8776
vn 0.1534 0.5539 0.8183
vn -0.1907 0.5689 0.8000
vn 0.0061 0.5249 0.8511
vn -0.1427 -0.4863 0.8621
vn 0.0450 -0.7870 0.6153
vn 0.2439 -0.6485 0.7211
vn 0.1657 0.5439 0.8226
vn 0.0794 0.4716 0.8782
vn -0.0026 0.5101 0.8601
vn -0.0183 0.4737 0.8805
vn 0.2139 0.4006 0.8909
vn -0.1998 0.4772 0.8558
vn 0.0454 -0.7861 0.6164
vn 0.2209 -0.5761 0.7870
vn -0.1666 -0.8089 0.5639
vn -0.0053 0.6933 0.7206
vn 0.1229 0.5611 0.8186
vn 0.0427 0.5477 0.8356
vn -0.0314 0.6387 0.7688
vn -0.3776 0.4694 0.7982
vn -0.1877 0.4885 0.8521
vn 0.0992 0.1519 0.9834
vn 0.0202 0.0834 0.9963
vn 0.1157 0.1161 0.9865
vn -0.5360 0.2228 0.8143
vn -0.3918 0.1162 0.9127
vn -0.3964 0.0559 0.9164
vn 0.6852 -0.2923 0.6672
vn 0.5480 -0.4663 0.6945
vn 0.9123 -0.2878 0.2914
vn 0.3503 -0.3633 0.8633
vn 0.2846 -0.1788 0.9418
vn 0.3380 -0.1247 0.9328
vn 0.3181 -0.2872 0.9035
vn 0.0661 -0.2584 0.9638
vn -0.1915 -0.5482 0.8141
vn -0.1778 -0.2532 0.9509
vn -0.5160 -0.2085 0.8308
vn 0.0031 -0.6001 0.7999
vn -0.4659 0.0588 0.8829
vn -0.5266 0.2390 0.8158
vn -0.5094 -0.3140 0.8012
vn -0.5846 -0.7886 0.1907
vn -0.0216 -0.8893 0.4567
vn -0.1177 -0.6646 0.7379
vn -0.1180 -0.6656 0.7369
vn -0.1774 -0.8576 0.4827
vn -0.1547 -0.9410 0.3010
vn -0.0000 -0.7023 0.7119
vn 0.2409 -0.9678 0.0730
vn -0.0062 -0.6705 0.7419
vn -0.0147 -0.9997 -0.0171
vn -0.0001 -0.7013 0.7129
vn 0.4988 -0.4653 0.7312
vn 0.0269 -0.8212 0.5700
vn 0.4365 -0.1536 0.8865
vn 0.1730 0.7686 0.6159
vn -0.0000 -1.0000 -0.0077
vn -0.6569 0.3911 0.6446
vn -0.1035 -0.2528 0.9620
vn -0.0367 -0.5971 0.8013
vn 0.0001 -0.8631 0.5050
vn 0.0151 -0.8104 0.5857
vn 0.4830 -0.4211 0.7677
vn 0.4594 -0.6429 0.6129
vn 0.6440 -0.7556 0.1196
vn 0.4148 0.1137 0.9028
vn 0.4342 -0.3674 0.8225
vn 0.1227 -0.6757 0.7269
vn 0.4804 -0.5520 0.6816
vn 0.0225 0.1708 0.9851
vn -0.3006 -0.4143 0.8591
vn -0.6025 -0.5440 0.5839
vn 0.2309 -0.6260 0.7449
vn -0.2148 -0.5802 0.7856
vn -0.4276 -0.4319 0.7941
vn -0.3327 -0.8096 0.4836
vn -0.0592 -0.7914 0.6084
vn 0.2246 -0.8028 0.5523
vn 0.3860 -0.7856 0.4836
vn 0.3670 -0.2792 0.8873
vn 0.7887 -0.2448 0.5640
vn 0.3763 -0.2831 0.8822
vn -0.0426 -0.6207 0.7829
vn -0.8386 -0.2327 0.4926
vn 0.1951 -0.7153 0.6711
vn -0.3044 -0.6126 0.7294
vn -0.0177 -0.9854 0.1695
vn -0.3071 -0.6854 0.6602
vn 0.1277 -0.9063 0.4029
vn 0.1276 -0.9058 0.4041
vn -0.0072 -0.8390 0.5440
vn 0.0823 -0.7561 0.6493
vn -0.0628 -0.9305 0.3608
vn 0.3004 -0.8125 0.4996
vn 0.1649 -0.6137 0.7721
vn 0.2569 -0.5948 0.7618
vn -0.1158 -0.7904 0.6015
vn 0.6154 -0.6981 0.3660
vn -0.6921 -0.5926 0.4120
vn 0.0314 -0.8243 0.5653
vn -0.2523 -0.5673 0.7839
vn -0.2170 -0.9203 0.3255
vn -0.2368 -0.5747 0.7834
vn -0.6193 -0.6256 0.4744
vn -0.0524 -0.6133 0.7881
vn 0.0822 -0.7561 0.6492
vn -0.2642 -0.8474 0.4605
vn 0.0424 -0.7709 0.6355
vn 0.3619 -0.8072 0.4664
vn 0.2364 -0.2826 0.9296
vn 0.2760 -0.2831 0.9185
vn -0.0661 -0.5894 0.8051
vn 0.6913 -0.4647 0.5534
vn 0.0813 -0.5809 0.8099
vn -0.2544 -0.2771 0.9266
vn -0.6884 -0.4430 0.5744
vn -0.2392 -0.2844 0.9284
vn -0.6414 0.0277 0.7667
vn -0.0894 -0.7588 0.6451
vn 0.0055 0.4915 0.8709
vn 0.1726 0.4589 0.8716
vn -0.2014 0.5100 0.8362
vn 0.2132 0.7643 0.6086
vn -0.0873 0.7436 0.6629
vn 0.0304 0.6733 0.7388
vn 0.0063 0.6711 0.7414
vn -0.0267 0.5450 0.8380
vn -0.0394 0.5442 0.8381
vn 0.4099 0.4487 0.7941
vn 0.0258 0.7967 0.6038
vn 0.1356 0.6485 0.7490
vn 0.1683 0.4333 0.8854
vn 0.4805 0.4164 0.7718
vn 0.1705 0.4149 0.8937
vn 0.3758 0.6026 0.7040
vn 0.1793 0.4232 0.8881
vn 0.1067 0.3316 0.9374
vn 0.1178 -0.2315 0.9657
vn 0.2182 0.0076 0.9759
vn 0.1652 0.0817 0.9829
vn 0.4163 -0.4423 0.7944
vn 0.9374 -0.3197 0.1383
vn 0.7139 -0.1457 0.6849
vn -0.0698 0.3893 0.9185
vn -0.0494 0.4050 0.9130
vn -0.0847 0.4090 0.9086
vn 0.2078 0.0985 0.9732
vn 0.2122 0.1211 0.9697
vn 0.4525 -0.0773 0.8884
vn -0.0621 0.1772 0.9822
vn -0.0831 0.1908 0.9781
vn -0.0979 0.1702 0.9805
vn 0.1922 -0.2419 0.9511
vn -0.0215 -0.6225 0.7823
vn 0.4843 -0.1249 0.8660
vn -0.0295 -0.2136 0.9765
vn -0.2852 -0.2304 0.9304
vn 0.2192 -0.5685 0.7929
vn -0.2422 0.0270 0.9699
vn -0.2227 0.0072 0.9749
vn -0.3015 -0.2285 0.9257
vn 0.0112 -0.8816 0.4718
vn -0.1715 -0.5471 0.8193
vn -0.2865 -0.9018 0.3235
vn -0.0075 -0.8892 0.4575
vn 0.0190 -0.5841 0.8114
vn -0.2362 -0.5878 0.7737
vn -0.5396 -0.6684 0.5120
vn 0.0976 -0.7331 0.6731
vn -0.1516 -0.5628 0.8125
vn -0.0085 -0.3206 0.9472
vn -0.0338 -0.3123 0.9494
vn -0.1835 -0.4773 0.8594
vn -0.2439 -0.7009 0.6703
vn -0.0925 -0.4659 0.8800
vn -0.0680 -0.4790 0.8752
vn 0.2529 -0.2763 0.9272
vn 0.6327 -0.1671 0.7562
vn 0.3662 -0.4524 0.8132
vn -0.1416 -0.2108 0.9672
vn -0.3773 0.0424 0.9251
vn -0.0096 -0.6882 0.7255
vn 0.1271 -0.5048 0.8538
vn -0.2268 -0.1901 0.9552
vn -0.6206 -0.4293 0.6562
vn 0.2385 -0.1539 0.9589
vn -0.0306 -0.5384 0.8421
vn 0.6794 -0.3638 0.6372
vn 0.3627 0.2182 0.9060
vn 0.1921 -0.1770 0.9653
vn 0.1855 -0.6945 0.6951
vn 0.3045 -0.6935 0.6530
vn 0.1216 -0.7142 0.6893
vn -0.2540 -0.5493 0.7961
vn 0.1119 -0.6571 0.7454
vn 0.1403 0.0217 0.9899
vn 0.1284 -0.2425 0.9616
vn 0.1992 -0.2283 0.9530
vn -0.0109 -0.5782 0.8158
vn 0.6278 -0.2889 0.7228
vn 0.1611 -0.4996 0.8511
vn 0.3441 -0.4070 0.8462
vn 0.0470 -0.7694 0.6371
vn -0.0054 -0.5760 0.8174
vn -0.2344 -0.2299 0.9446
vn -0.6352 -0.3026 0.7106
vn -0.1683 -0.2153 0.9619
vn -0.3068 0.1459 0.9405
vn -0.1119 -0.6514 0.7505
vn -0.4303 -0.4017 0.8084
vn -0.4960 -0.0899 0.8636
vn -0.1207 -0.2365 0.9641
vn -0.4219 -0.4345 0.7958
vn -0.0449 -0.9455 0.3225
vn -0.1911 -0.7154 0.6721
vn 0.3444 -0.5162 0.7842
vn 0.2544 -0.7724 0.5820
vn -0.5181 -0.5616 0.6452
vn 0.1291 -0.8273 0.5467
vn -0.0978 -0.6616 0.7435
vn 0.5613 -0.6820 0.4688
vn 0.1787 -0.6846 0.7067
vn -0.0365 -0.8557 0.5162
vn 0.1914 -0.6743 0.7132
vn 0.3733 -0.8591 0.3502
vn 0.2359 -0.6149 0.7525
vn 0.1519 0.2978 0.9425
vn 0.1451 0.3231 0.9352
vn 0.2120 0.2823 0.9356
vn 0.5901 -0.2428 0.7700
vn 0.9506 0.0463 0.3070
vn 0.6466 -0.2054 0.7347
vn 0.0857 0.2169 0.9724
vn 0.0817 0.2998 0.9505
vn 0.1174 0.2874 0.9506
vn 0.0528 0.2312 0.9715
vn 0.1010 0.2512 0.9626
vn 0.0762 0.2553 0.9639
vn -0.0452 0.6608 0.7492
vn -0.1432 0.6833 0.7159
vn -0.0394 0.6783 0.7337
vn 0.1329 0.5891 0.7971
vn -0.1745 0.4711 0.8646
vn -0.0661 0.5096 0.8579
vn -0.0568 0.6355 0.7700
vn 0.0149 0.4742 0.8803
vn -0.0120 0.4617 0.8870
vn 0.1378 0.1766 0.9746
vn 0.1414 0.2016 0.9692
vn 0.1244 0.2033 0.9712
vn 0.1068 -0.9602 0.2580
vn -0.0257 -0.6746 0.7378
vn -0.0131 -0.6778 0.7351
vn -0.0126 0.1271 0.9918
vn -0.0136 0.1177 0.9930
vn 0.0161 0.1121 0.9936
vn -0.4430 -0.7955 0.4134
vn 0.3446 -0.7976 0.4951
vn -0.0585 -0.6099 0.7903
vn -0.0341 0.1977 0.9797
vn -0.1430 0.2536 0.9567
vn -0.0449 0.1905 0.9807
vn -0.4902 -0.8170 0.3036
vn -0.4215 -0.5717 0.7039
vn -0.3054 -0.5820 0.7537
vn -0.7726 -0.3800 0.5086
vn -0.6544 -0.7267 0.2090
vn -0.3907 -0.5642 0.7274
vn -0.1879 0.0623 0.9802
vn -0.3532 -0.1191 0.9279
vn -0.2815 0.1507 0.9477
vn -0.0967 -0.6327 0.7684
vn -0.3567 -0.5925 0.7222
vn 0.2036 -0.8351 0.5110
vn -0.1559 0.2809 0.9470
vn -0.1516 0.2632 0.9528
vn -0.0677 0.3509 0.9340
vn 0.3201 -0.5357 0.7814
vn -0.0052 -0.8306 0.5569
vn 0.6669 -0.6756 0.3144
vn 0.2121 -0.8760 0.4331
vn 0.3579 -0.5178 0.7770
vn 0.3050 -0.5912 0.7466
vn 0.1947 0.1328 0.9718
vn 0.2545 0.0723 0.9644
vn 0.1661 0.0976 0.9813
vn 0.6101 -0.2005 0.7665
vn 0.9843 0.0183 0.1757
vn 0.6427 -0.1465 0.7520
vn -0.0681 0.2718 0.9599
vn -0.0311 0.2771 0.9603
vn -0.0297 0.2927 0.9557
vn -0.0653 -0.9909 0.1177
vn -0.0760 -0.6782 0.7310
vn -0.0359 -0.6858 0.7269
vn -0.1156 0.1965 0.9737
vn -0.1316 0.1643 0.9776
vn -0.1170 0.1617 0.9799
vn 0.2472 0.6953 0.6748
vn -0.0792 0.6530 0.7532
vn 0.0313 0.6276 0.7779
vn 0.1640 0.5839 0.7951
vn 0.1888 0.3693 0.9100
vn 0.5066 0.1139 0.8546
vn 0.0046 0.5467 0.8373
vn -0.0127 0.6412 0.7673
vn 0.0147 0.5504 0.8348
vn -0.1306 0.5301 0.8378
vn 0.0350 0.5304 0.8471
vn 0.1542 0.5462 0.8233
vn 0.2202 0.2701 0.9373
vn 0.2158 -0.0291 0.9760
vn 0.5867 0.2915 0.7555
vn -0.0015 0.2142 0.9768
vn 0.0097 0.2143 0.9767
vn 0.0021 0.2211 0.9752
vn 0.0829 0.0759 0.9937
vn 0.0848 0.0798 0.9932
vn 0.3567 -0.0245 0.9339
vn 0.4208 -0.0869 0.9030
vn -0.1352 -0.4479 0.8838
vn 0.3533 -0.4969 0.7927
vn 0.1931 -0.4192 0.8871
vn 0.3965 -0.0243 0.9177
vn 0.1137 -0.0721 0.9909
vn 0.0363 -0.3266 0.9445
vn 0.4479 0.3757 0.8113
vn 0.1707 0.1858 0.9676
vn 0.2502 0.2031 0.9467
vn 0.2672 0.2871 0.9199
vn 0.6299 -0.1187 0.7675
vn 0.6184 -0.7208 0.3131
vn 0.4295 -0.6305 0.6465
vn 0.0894 -0.8226 0.5616
vn -0.3385 0.2422 0.9093
vn -0.2638 0.2127 0.9408
vn -0.4649 -0.0041 0.8853
vn -0.1598 -0.8736 0.4596
vn -0.2957 -0.6725 0.6784
vn -0.5515 -0.4988 0.6686
vn -0.1088 -0.0972 0.9893
vn -0.1921 0.1927 0.9623
vn -0.1623 0.1823 0.9698
vn -0.2336 -0.0217 0.9721
vn -0.2304 0.0134 0.9730
vn -0.2424 -0.0133 0.9701
vn -0.6029 -0.1659 0.7804
vn -0.9027 0.0879 0.4211
vn -0.7395 -0.6472 0.1851
vn -0.6070 -0.1018 0.7881
vn -0.5875 -0.1296 0.7988
vn -0.8463 -0.3555 0.3967
vn -0.5416 0.3577 0.7608
vn -0.2349 0.5585 0.7956
vn -0.8726 0.1641 0.4601
vn -0.4263 0.7059 0.5657
vn -0.4467 0.2536 0.8580
vn -0.3754 0.1873 0.9077
vn -0.2665 -0.0496 0.9625
vn -0.4024 -0.2904 0.8682
vn -0.2121 -0.4589 0.8628
vn -0.7365 -0.6280 0.2515
vn -0.2994 -0.6684 0.6809
vn -0.6545 -0.5109 0.5573
vn -0.0175 0.5846 0.8111
vn 0.1448 0.4958 0.8563
vn 0.2607 0.5249 0.8103
vn -0.0446 0.0052 0.9990
vn -0.1050 0.1909 0.9760
vn -0.2217 -0.2498 0.9426
vn -0.3287 -0.1188 0.9369
vn 0.1227 -0.5779 0.8068
vn -0.0480 -0.2472 0.9678
vn -0.1713 -0.5394 0.8244
vn 0.6060 -0.1983 0.7704
vn 0.1835 -0.3703 0.9106
vn 0.0754 -0.6308 0.7723
vn 0.1505 -0.5768 0.8029
vn 0.4225 -0.7691 0.4796
vn 0.0784 0.5186 0.8514
vn -0.0228 0.5061 0.8622
vn 0.0014 0.6047 0.7965
vn -0.0113 0.1901 0.9817
vn -0.1121 0.2227 0.9684
vn -0.0370 0.2653 0.9635
vn 0.0131 0.7681 0.6402
vn -0.1305 0.6702 0.7306
vn -0.0303 0.6793 0.7333
vn -0.5032 -0.3777 0.7773
vn -0.7816 -0.4626 0.4185
vn -0.1821 -0.5841 0.7910
vn -0.2823 -0.1314 0.9503
vn -0.2097 -0.1858 0.9600
vn -0.4147 -0.5129 0.7517
vn -0.0283 0.2708 0.9622
vn 0.0520 0.3097 0.9494
vn -0.0324 0.3051 0.9518
vn 0.2193 -0.4863 0.8459
vn 0.0565 -0.9482 0.3127
vn 0.3712 -0.6445 0.6685
vn -0.3533 -0.3826 0.8537
vn -0.4360 -0.6823 0.5868
vn -0.7237 -0.5921 0.3545
vn -0.5268 -0.5904 0.6115
vn -0.6600 -0.7000 0.2728
vn -0.3098 -0.8767 0.3681
vn 0.3352 -0.9407 0.0524
vn 0.2167 -0.7009 0.6796
vn 0.2103 -0.9377 0.2765
vn -0.9799 -0.0017 0.1996
vn -0.5159 -0.3594 0.7776
vn -0.6458 -0.1506 0.7485
vn -0.4799 -0.3469 0.8058
vn -0.8391 -0.1826 0.5124
vn -0.2446 -0.8495 0.4675
vn -0.6321 -0.7105 0.3093
vn -0.4573 -0.5114 0.7275
vn -0.4305 -0.5222 0.7362
vn -0.0942 0.4156 0.9047
vn -0.0767 0.4195 0.9045
vn -0.0945 0.4377 0.8942
vn -0.0813 0.2873 0.9544
vn -0.0674 0.2874 0.9554
vn -0.0763 0.2967 0.9519
vn -0.6708 -0.6598 0.3388
vn 0.2367 -0.7671 0.5962
vn -0.1761 -0.5663 0.8052
vn 0.3865 -0.6107 0.6911
vn 0.0441 -0.9090 0.4144
vn 0.4707 -0.8754 0.1104
vn 0.2183 -0.7351 0.6419
vn -0.1211 -0.8570 0.5009
vn 0.6554 -0.5315 0.5367
vn -0.5482 -0.7508 0.3683
vn 0.2848 -0.6693 0.6862
vn -0.6007 -0.2852 0.7469
vn -0.2801 -0.6304 0.7240
vn -0.5296 -0.5003 0.6850
vn 0.1297 -0.8205 0.5568
vn -0.1809 -0.7385 0.6495
vn -0.1028 -0.7536 0.6492
vn 0.1965 -0.8949 0.4007
vn -0.3379 -0.7980 0.4990
vn -0.4323 -0.7878 -0.4387
vn -0.4473 -0.8605 -0.2438
vn -0.8409 -0.5239 -0.1355
vn -0.3437 -0.8159 -0.4650
vn -0.4460 -0.5869 -0.6757
vn -0.4557 -0.8732 -0.1728
vn -0.7219 -0.6591 -0.2107
vn -0.5318 -0.8214 0.2061
vn -0.0578 -0.2295 0.9716
vn -0.5955 -0.6104 0.5223
vn -0.3253 -0.4031 0.8554
vn -0.6355 -0.2760 0.7210
vn -0.8848 -0.3154 0.3431
vn -0.8022 -0.5649 0.1933
vn -0.8531 -0.5183 0.0598
vn -0.9193 -0.3449 -0.1894
vn -0.6560 -0.4172 -0.6290
vn -0.4569 -0.4302 0.7786
vn -0.7607 0.3776 0.5280
vn -0.7086 -0.0744 0.7017
vn -0.9268 -0.3671 -0.0795
vn -0.7985 -0.2994 -0.5222
vn -0.6351 -0.7257 -0.2645
vn -0.4851 0.2990 0.8217
vn -0.7309 -0.0628 0.6796
vn -0.7545 -0.0250 0.6558
vn -0.7023 -0.6411 0.3094
vn -0.3102 -0.8743 0.3734
vn -0.7295 -0.6325 0.2603
vn -0.3874 -0.5743 0.7212
vn -0.7012 -0.6064 0.3749
vn -0.7833 -0.6128 0.1047
vn -0.5040 -0.8144 -0.2877
vn -0.0965 -0.9800 -0.1741
vn -0.1735 -0.5616 -0.8090
vn -0.7197 0.1645 0.6745
vn -0.3425 0.2008 0.9178
vn -0.7272 0.4312 0.5341
vn -0.8430 -0.5372 -0.0262
vn -0.6734 -0.7345 -0.0838
vn -0.8364 -0.5453 -0.0551
vn -0.6687 0.7181 -0.1929
vn -0.7879 0.6093 0.0893
vn -0.6314 0.6991 0.3355
vn -0.6539 0.7495 -0.1032
vn -0.8643 0.5026 0.0169
vn -0.8652 0.5009 -0.0247
vn -0.8418 0.4828 -0.2414
vn -0.7291 0.6843 0.0087
vn -0.7079 0.4597 -0.5362
vn -0.7210 -0.4745 -0.5050
vn -0.9177 0.1961 -0.3455
vn -0.3895 -0.2412 -0.8889
vn -0.7390 0.1223 -0.6625
vn -0.7333 0.4152 -0.5384
vn -0.8902 0.3907 -0.2341
vn -0.8850 0.3729 -0.2788
vn -0.6923 0.5597 -0.4555
vn -0.5050 -0.8268 0.2477
vn -0.7639 -0.6308 0.1362
vn -0.7607 -0.6232 0.1816
vn -0.7783 -0.6119 -0.1408
vn -0.6072 -0.6666 -0.4323
vn -0.6646 -0.7454 0.0512
vn -0.5139 -0.8570 0.0373
vn -0.6262 -0.6237 0.4679
vn -0.7423 -0.6516 0.1564
vn -0.6453 -0.6666 -0.3731
vn -0.4010 -0.9126 -0.0795
vn -0.6729 -0.7395 -0.0182
vn -0.3243 -0.7385 0.5911
vn -0.7603 -0.6442 0.0834
vn -0.3634 -0.7465 0.5573
vn -0.4952 -0.7350 -0.4631
vn -0.2086 -0.4150 -0.8856
vn -0.2803 -0.4912 -0.8247
vn -0.6386 -0.7589 0.1272
vn -0.3482 -0.8906 0.2926
vn -0.4658 -0.8820 -0.0714
vn -0.0587 -0.9785 -0.1977
vn -0.0612 -0.3787 -0.9235
vn -0.1041 -0.7100 -0.6965
vn -0.2477 -0.4883 -0.8368
vn -0.7710 -0.4141 -0.4839
vn -0.7485 0.1448 -0.6472
vn -0.7487 0.0446 -0.6614
vn -0.8766 -0.3721 -0.3052
vn -0.9408 -0.1187 -0.3176
vn -0.8807 -0.4670 -0.0795
vn -0.5914 -0.6942 0.4103
vn -0.9097 -0.3804 0.1664
vn -0.4925 0.5227 -0.6959
vn -0.6635 -0.1207 -0.7384
vn -0.8605 0.1605 -0.4835
vn -0.8526 -0.3997 0.3365
vn -0.5908 -0.7928 0.1497
vn -0.7450 -0.2855 0.6029
vn -0.2920 0.2829 -0.9136
vn -0.7649 0.1978 -0.6130
vn -0.4266 0.1784 -0.8867
vn -0.5625 -0.7483 0.3516
vn -0.5223 -0.8499 0.0700
vn -0.7881 -0.5593 0.2571
vn -0.4449 -0.7973 0.4078
vn -0.6369 -0.7650 0.0955
vn -0.2629 -0.8477 0.4607
vn -0.4856 -0.6029 0.6331
vn -0.7471 -0.6571 -0.1006
vn -0.4854 -0.6524 0.5821
vn -0.3870 -0.3971 -0.8322
vn -0.3541 -0.4426 -0.8239
vn -0.5457 -0.7634 -0.3455
vn -0.6420 -0.7665 -0.0180
vn -0.3974 -0.8207 0.4106
vn -0.5496 -0.7895 -0.2732
vn -0.4948 -0.6217 0.6072
vn -0.3356 -0.7203 0.6070
vn -0.3245 -0.6015 0.7300
vn -0.5158 -0.5259 0.6763
vn -0.4965 -0.8101 0.3119
vn -0.6616 -0.7423 0.1059
vn -0.4585 -0.7796 -0.4266
vn -0.4575 -0.4646 -0.7581
vn -0.5859 -0.7544 -0.2959
vn -0.2633 -0.2445 -0.9332
vn -0.2440 -0.5720 -0.7831
vn -0.3845 -0.4302 -0.8167
vn -0.0150 -0.9860 -0.1661
vn -0.7317 -0.2815 0.6208
vn -0.8223 -0.5021 0.2677
vn -0.6263 -0.4300 0.6503
vn -0.6799 -0.6838 0.2649
vn -0.8471 -0.5303 0.0356
vn -0.6688 -0.5205 -0.5308
vn -0.6217 -0.5626 -0.5450
vn -0.5296 -0.0797 -0.8445
vn -0.6069 -0.5401 0.5831
vn -0.5581 -0.7002 0.4453
vn -0.4077 -0.5147 0.7542
vn -0.2330 0.0079 -0.9725
vn -0.3275 -0.3931 -0.8592
vn -0.4176 -0.2016 -0.8860
vn -0.4166 -0.6849 -0.5978
vn -0.2485 -0.6003 -0.7602
vn -0.2808 -0.8713 -0.4026
vn -0.5209 -0.8383 -0.1607
vn -0.3827 -0.7847 -0.4877
vn -0.6087 -0.7888 0.0848
vn -0.4750 -0.2875 0.8317
vn -0.5952 -0.5005 0.6287
vn -0.6345 -0.6412 0.4316
vn -0.4223 -0.4247 0.8008
vn -0.2930 -0.0236 0.9558
vn -0.5384 -0.1316 0.8324
vn -0.4473 -0.0478 0.8931
vn -0.7396 -0.6467 0.1864
vn -0.5166 -0.2630 0.8148
vn -0.8119 -0.5396 0.2230
vn -0.8802 0.0344 -0.4733
vn -0.4617 -0.7622 -0.4537
vn -0.5420 -0.8395 -0.0395
vn -0.7138 -0.4731 0.5164
vn -0.5500 -0.3551 -0.7559
vn -0.3767 0.8614 0.3406
vn -0.8287 0.5239 0.1968
vn -0.6232 0.4258 0.6560
vn -0.6521 -0.1212 0.7484
vn -0.9709 -0.0463 0.2349
vn -0.8060 -0.5208 0.2813
vn -0.9568 -0.0375 0.2884
vn -0.9633 -0.2379 -0.1241
vn -0.7396 -0.6365 0.2189
vn -0.8149 -0.2933 0.4999
vn -0.9354 -0.3536 -0.0032
vn -0.7843 -0.6195 -0.0333
vn -0.2789 -0.4574 0.8444
vn -0.7364 -0.6281 0.2515
vn -0.4478 -0.8678 0.2155
vn -0.8884 -0.4496 -0.0928
vn -0.6902 -0.6276 -0.3603
vn -0.6509 -0.7476 0.1320
vn -0.8436 -0.5185 -0.1394
vn -0.6505 -0.7262 -0.2225
vn -0.9028 -0.4297 -0.0178
vn -0.7527 0.6253 -0.2060
vn -0.8116 0.5784 -0.0825
vn -0.3670 0.9202 -0.1361
vn -0.8153 -0.5290 -0.2355
vn -0.5985 -0.5705 -0.5624
vn -0.7940 -0.6043 0.0656
vn -0.8835 -0.1695 0.4368
vn -0.8357 -0.4691 -0.2855
vn -0.4934 -0.7885 0.3672
vn -0.8742 -0.4605 0.1539
vn -0.6965 -0.7057 -0.1297
vn -0.6851 -0.5289 0.5008
vn -0.4988 -0.8229 -0.2720
vn -0.7933 -0.5895 -0.1519
vn -0.8022 -0.5824 -0.1312
vn -0.8912 -0.2132 -0.4004
vn -0.5638 -0.1515 -0.8119
vn -0.7480 -0.5883 -0.3073
vn -0.7802 0.3377 -0.5266
vn -0.7691 0.3392 -0.5417
vn -0.6213 0.6802 -0.3889
vn -0.7562 0.6230 -0.2001
vn -0.5764 0.7898 0.2096
vn -0.4831 0.7264 -0.4888
vn -0.7107 0.4591 -0.5331
vn -0.5083 -0.3424 -0.7902
vn -0.8113 0.0345 -0.5836
vn -0.8650 0.2404 -0.4405
vn -0.9262 0.3727 -0.0567
vn -0.5791 0.3137 -0.7525
vn -0.3791 -0.3181 0.8690
vn -0.2807 -0.0506 0.9585
vn -0.7087 -0.5010 0.4967
vn -0.7805 -0.5722 0.2516
vn -0.5391 -0.4512 -0.7112
vn -0.8204 -0.5387 -0.1917
vn -0.4459 -0.6265 -0.6392
vn -0.6367 -0.7710 0.0164
vn -0.3315 -0.5690 -0.7526
vn -0.6128 -0.5326 -0.5838
vn -0.3054 -0.2690 -0.9134
vn -0.5134 -0.8046 -0.2984
vn -0.0386 0.1249 -0.9914
vn -0.2392 -0.7150 -0.6569
vn -0.6490 -0.3472 -0.6769
vn -0.6640 -0.7476 -0.0109
vn -0.4931 -0.7695 -0.4058
vn -0.6691 -0.6532 0.3543
vn -0.7132 -0.5691 0.4092
vn -0.5597 -0.7866 0.2607
vn -0.3621 -0.7469 0.5577
vn -0.0817 -0.4555 -0.8865
vn -0.0212 -0.7090 -0.7049
vn -0.0133 -0.5272 -0.8496
vn 0.0340 -0.6726 -0.7392
vn -0.1453 -0.7802 -0.6084
vn -0.0821 -0.4542 -0.8871
vn -0.0365 -0.7107 -0.7025
vn -0.0229 -0.7105 -0.7033
vn -0.0456 -0.5501 -0.8338
vn -0.2411 -0.9641 0.1116
vn -0.4123 -0.8666 0.2811
vn -0.6815 -0.6550 0.3263
vn -0.0591 -0.8148 -0.5767
vn -0.2501 -0.7659 -0.5923
vn -0.0784 -0.8113 -0.5793
vn 0.0243 -0.7895 -0.6132
vn 0.0305 -0.8144 -0.5795
vn 0.0183 -0.8045 -0.5937
vn -0.0595 -0.8137 -0.5782
vn -0.1485 -0.6517 -0.7438
vn -0.0071 -0.8295 -0.5584
vn -0.5367 -0.8007 -0.2661
vn -0.2912 -0.9205 -0.2607
vn -0.3369 -0.9203 -0.1989
vn 0.0266 -0.7669 -0.6412
vn 0.0364 -0.7677 -0.6397
vn 0.2348 -0.7329 -0.6385
vn -0.0008 -0.8870 -0.4618
vn -0.0108 -0.8866 -0.4625
vn 0.0309 -0.8652 -0.5004
vn -0.3693 -0.8293 0.4193
vn -0.4418 -0.4439 0.7796
vn -0.6208 -0.5835 0.5236
vn 0.1006 -0.4551 0.8847
vn 0.0434 -0.7580 0.6508
vn 0.0120 -0.7576 0.6526
vn 0.3469 -0.8940 0.2835
vn 0.6543 -0.6671 0.3562
vn -0.0726 -0.8471 0.5265
vn 0.0467 -0.9870 -0.1535
vn 0.0919 -0.9878 -0.1258
vn 0.0168 -0.9872 -0.1588
vn 0.0066 -0.9991 -0.0411
vn 0.0500 -0.9987 -0.0113
vn -0.0610 -0.9981 -0.0043
vn 0.4427 -0.8581 0.2603
vn 0.2854 -0.9357 0.2074
vn 0.3114 -0.7039 0.6384
vn 0.4885 -0.7560 -0.4358
vn 0.3766 -0.8713 -0.3146
vn 0.3566 -0.8591 -0.3670
vn 0.9232 -0.3837 -0.0220
vn 0.4047 -0.9005 -0.1590
vn 0.6660 -0.7432 0.0643
vn 0.0335 -0.9901 0.1365
vn -0.0604 -0.9890 0.1351
vn -0.0424 -0.9941 0.0995
vn 0.0450 -0.4333 -0.9001
vn 0.0791 -0.8298 -0.5524
vn -0.0298 -0.7491 -0.6618
vn 0.2663 -0.8502 -0.4541
vn 0.4643 -0.8738 -0.1445
vn 0.4490 -0.8935 -0.0075
vn 0.0549 -0.7930 0.6067
vn 0.1728 -0.9109 0.3746
vn 0.4209 -0.8379 0.3476
vn 0.3388 -0.9356 0.0993
vn 0.2011 -0.9716 -0.1249
vn 0.3736 -0.7931 -0.4810
vn -0.2107 -0.7587 0.6164
vn 0.0197 -0.6684 0.7435
vn -0.4791 -0.4291 0.7657
vn 0.5514 -0.7942 -0.2553
vn 0.1496 -0.9604 -0.2350
vn -0.1513 -0.8126 -0.5629
vn 0.0622 -0.7819 -0.6203
vn -0.2958 -0.8941 -0.3362
vn -0.5969 -0.5553 -0.5791
vn -0.0023 -0.7481 -0.6636
vn -0.1154 -0.8446 -0.5228
vn 0.0450 -0.4332 -0.9002
vn -0.2769 -0.7198 -0.6366
vn -0.4452 -0.8795 -0.1683
vn -0.6724 -0.7393 -0.0372
vn -0.5147 -0.7670 0.3831
vn -0.2802 -0.7685 0.5753
vn -0.1604 -0.4566 0.8751
vn -0.2753 -0.8546 0.4404
vn -0.5446 -0.7608 0.3530
vn -0.0253 -0.9457 0.3241
vn -0.0460 -0.8295 -0.5566
vn -0.1622 -0.8468 -0.5065
vn -0.3143 -0.7309 -0.6059
vn -0.1203 -0.8513 0.5107
vn -0.4297 -0.5688 0.7013
vn -0.2977 -0.7527 0.5872
vn -0.1124 0.0797 0.9905
vn 0.2100 0.0406 0.9769
vn 0.0450 -0.7869 0.6154
vn 0.2221 -0.8178 0.5309
vn 0.3979 -0.7502 0.5281
vn 0.5023 -0.5717 0.6487
vn 0.3162 -0.7813 0.5381
vn 0.5519 -0.4080 0.7273
vn 0.1585 -0.6991 0.6972
vn -0.7380 -0.2696 0.6186
vn -0.6011 -0.6555 0.4572
vn -0.4037 -0.7001 0.5890
vn 0.1634 -0.4216 0.8919
vn 0.2463 -0.7774 0.5788
vn 0.4637 -0.8048 0.3705
vn 0.4332 -0.5750 -0.6940
vn 0.0583 -0.9486 0.3109
vn 0.5584 -0.7851 0.2682
vn 0.2988 -0.6423 -0.7058
vn 0.5732 -0.8165 -0.0697
vn 0.3551 -0.8984 -0.2586
vn 0.5125 -0.8549 -0.0807
vn -0.0054 -0.9998 0.0172
vn -0.0499 -0.9972 -0.0556
vn -0.0377 -0.7517 -0.6584
vn 0.6000 -0.5865 -0.5441
vn 0.2323 -0.9013 -0.3657
vn -0.1915 -0.7771 -0.5995
vn -0.4943 -0.8146 -0.3036
vn -0.7455 -0.4599 -0.4824
vn -0.5144 -0.6037 -0.6091
vn -0.5848 -0.7904 -0.1823
vn -0.7674 -0.6366 -0.0767
vn -0.4626 -0.6677 0.5832
vn -0.3966 -0.3275 0.8576
vn -0.5945 -0.7185 0.3611
vn -0.4904 -0.2920 -0.8211
vn -0.4195 -0.8559 -0.3025
vn -0.1743 -0.5626 -0.8081
vn -0.6788 -0.7214 -0.1367
vn -0.6107 -0.6046 -0.5114
vn -0.4617 -0.8445 -0.2715
vn -0.6935 -0.6922 -0.1998
vn -0.2379 -0.9327 -0.2710
vn -0.3976 -0.7954 -0.4574
vn -0.1736 -0.5358 -0.8263
vn 0.0115 -0.8812 -0.4725
vn -0.0455 -0.8767 -0.4789
vn -0.6668 -0.6860 -0.2912
vn -0.9406 -0.2138 -0.2637
vn -0.6027 -0.5283 -0.5980
vn -0.6545 -0.5409 -0.5283
vn -0.4436 -0.4437 -0.7787
vn -0.3672 -0.7854 -0.4983
vn -0.1820 -0.9807 -0.0708
vn -0.4424 -0.8308 0.3376
vn -0.4207 -0.8101 -0.4083
vn -0.1198 -0.9187 0.3764
vn -0.3680 -0.6598 0.6552
vn -0.2586 -0.9617 -0.0905
vn -0.2141 -0.9711 0.1052
vn -0.6053 -0.7818 0.1495
vn -0.1917 -0.9745 0.1169
vn -0.0633 -0.9466 0.3161
vn -0.0546 -0.9526 0.2993
vn -0.5188 -0.8058 0.2856
vn -0.5651 -0.8250 0.0078
vn 0.0720 -0.9964 -0.0455
vn 0.0764 -0.9968 -0.0221
vn -0.2575 -0.9158 0.3082
vn -0.2532 -0.9096 0.3294
vn -0.2958 -0.8887 0.3502
vn -0.5672 -0.7716 0.2879
vn 0.0535 -0.8634 0.5017
vn 0.1016 -0.8412 0.5311
vn -0.3365 -0.8705 0.3591
vn -0.2706 -0.8744 0.4028
vn -0.2167 -0.5053 0.8353
vn -0.2785 -0.9464 -0.1637
vn -0.6104 -0.6971 -0.3762
vn -0.5560 -0.7665 0.3213
vn -0.0183 -0.7442 -0.6677
vn 0.0123 -0.7423 -0.6700
vn 0.0394 -0.9975 -0.0589
vn -0.0342 -0.8462 -0.5317
vn 0.0222 -0.8538 -0.5201
vn -0.0078 -0.8558 -0.5172
vn 0.0402 -0.8526 -0.5210
vn 0.0143 -0.8646 -0.5023
vn -0.0474 -0.8534 -0.5191
vn -0.0434 -0.7880 0.6141
vn 0.5951 -0.6408 0.4850
vn -0.0004 -0.7032 0.7110
vn -0.1586 -0.8446 0.5113
vn 0.0367 -0.8618 0.5059
vn 0.5855 -0.5557 0.5903
vn -0.0132 -0.8262 0.5632
vn -0.0202 -0.8600 0.5099
vn -0.5112 -0.5009 0.6984
vn 0.0076 -0.8539 0.5204
vn -0.0524 -0.8481 0.5273
vn 0.0024 -0.3635 0.9316
vn -0.1045 -0.7139 0.6924
vn 0.2419 -0.8777 0.4137
vn 0.0491 -0.7810 0.6226
vn -0.0827 -0.7349 0.6731
vn -0.1853 -0.8690 0.4587
vn -0.0377 -0.5972 0.8012
vn -0.0426 -0.8166 0.5756
vn 0.0115 -0.7958 0.6055
vn -0.1112 -0.6532 0.7490
vn 0.0478 -0.7069 0.7057
vn 0.0577 -0.8286 0.5569
vn 0.2930 -0.7654 0.5730
vn 0.2047 -0.7972 0.5679
vn -0.0518 -0.6620 0.7477
vn 0.0318 -0.8087 0.5873
vn -0.0545 -0.8008 0.5964
vn 0.1254 -0.6928 0.7102
vn -0.2302 -0.5829 0.7793
vn 0.2929 -0.6033 0.7418
vn 0.1134 -0.8077 0.5786
vn 0.1592 -0.7961 0.5838
vn 0.3788 -0.8915 0.2483
vn 0.6350 -0.7074 0.3105
vn 0.6548 -0.7114 0.2553
vn 0.2558 -0.9562 0.1424
vn 0.7748 -0.6166 -0.1395
vn 0.2805 -0.6214 0.7315
vn 0.2365 -0.8189 -0.5229
vn 0.3659 -0.2411 -0.8989
vn 0.7151 -0.6968 -0.0552
vn 0.7334 -0.5959 0.3273
vn -0.2024 -0.7925 0.5753
vn 0.1487 -0.9492 0.2774
vn -0.6082 -0.7099 0.3551
vn -0.1578 -0.9715 0.1769
vn 0.1700 -0.8317 0.5285
vn 0.8045 -0.4233 -0.4166
vn 0.2385 -0.8184 -0.5228
vn -0.0455 -0.6828 -0.7292
vn -0.4912 -0.8627 -0.1207
vn -0.2136 -0.9765 0.0299
vn -0.2318 -0.7935 0.5627
vn -0.5571 -0.5483 -0.6237
vn 0.0920 -0.7504 -0.6546
vn -0.2051 -0.8642 -0.4594
vn -0.1765 -0.8453 -0.5044
vn -0.4276 -0.8624 -0.2709
vn -0.1566 -0.4855 -0.8601
vn -0.2112 -0.9582 -0.1928
vn -0.6333 -0.7478 -0.1992
vn -0.3771 -0.8704 -0.3165
vn -0.2182 -0.9509 0.2196
vn -0.2470 -0.9372 0.2463
vn -0.4581 -0.8506 0.2579
vn 0.1874 -0.8080 -0.5586
vn -0.3492 -0.7546 -0.5556
vn -0.1883 -0.9662 -0.1762
vn 0.1695 -0.9299 0.3263
vn 0.4923 -0.7547 0.4336
vn 0.1652 -0.9135 0.3717
vn 0.6373 -0.7245 -0.2625
vn 0.1193 -0.9110 -0.3948
vn 0.4027 -0.7298 -0.5525
vn -0.0374 -0.5961 0.8020
vn 0.0593 -0.7276 0.6834
vn 0.1212 -0.9257 0.3584
vn 0.4046 -0.9107 0.0834
vn 0.5884 -0.7873 -0.1845
vn 0.2438 -0.7775 0.5797
vn 0.2837 -0.9415 0.1818
vn 0.6299 -0.6378 0.4433
vn -0.0217 -0.8603 0.5093
vn 0.2865 -0.8420 -0.4572
vn 0.1425 -0.4898 -0.8601
vn 0.5305 -0.8108 -0.2473
vn -0.3511 -0.9259 0.1391
vn 0.0502 -0.8956 0.4420
vn -0.7848 -0.6062 0.1286
vn 0.6285 -0.4581 -0.6286
vn 0.3285 -0.8392 -0.4334
vn -0.1053 -0.7102 -0.6961
vn -0.4365 -0.0699 -0.8970
vn -0.4847 -0.6899 -0.5377
vn -0.8103 -0.5817 -0.0712
vn 0.3495 -0.9369 0.0095
vn 0.1282 -0.9056 0.4042
vn 0.3331 -0.9250 0.1826
vn 0.3874 -0.4839 -0.7847
vn -0.0043 -0.9750 0.2220
vn 0.5459 -0.6681 -0.5056
vn -0.2168 -0.8901 -0.4010
vn 0.6674 -0.5794 -0.4678
vn 0.4239 -0.9056 -0.0133
vn 0.0887 -0.8156 0.5718
vn 0.0953 -0.8954 0.4350
vn 0.1279 -0.9057 0.4041
vn 0.2634 -0.7174 0.6450
vn 0.3254 -0.8261 0.4602
vn 0.1223 -0.7487 0.6515
vn 0.4626 -0.8821 -0.0886
vn 0.3749 -0.9203 -0.1119
vn 0.1211 -0.7736 -0.6220
vn 0.0474 -0.6577 0.7517
vn -0.0516 -0.6141 0.7875
vn -0.0228 -0.6649 0.7466
vn 0.4053 -0.9061 0.1211
vn 0.9450 -0.3065 -0.1140
vn 0.6972 -0.7142 0.0615
vn 0.9575 -0.2695 0.1033
vn 0.4421 -0.8742 0.2007
vn 0.5579 -0.8262 -0.0784
vn 0.3324 -0.9330 -0.1378
vn 0.3569 -0.8917 -0.2785
vn 0.3799 -0.9071 0.1812
vn 0.2214 -0.7238 -0.6535
vn 0.1512 -0.3376 -0.9291
vn 0.3601 -0.6845 -0.6338
vn 0.1969 -0.9801 -0.0271
vn 0.4807 -0.8729 0.0833
vn -0.1093 -0.9555 0.2741
vn -0.1501 -0.5528 -0.8197
vn 0.4660 -0.3516 -0.8119
vn 0.1666 -0.7044 -0.6900
vn -0.6828 -0.7005 0.2075
vn -0.2873 -0.9575 -0.0244
vn -0.0098 -0.9525 0.3043
vn -0.2623 -0.6314 -0.7297
vn -0.3875 -0.8165 -0.4280
vn -0.7258 -0.6644 -0.1783
vn -0.4018 -0.9019 -0.1586
vn -0.4101 -0.8365 0.3633
vn -0.6965 -0.6256 -0.3514
vn -0.6182 -0.6264 0.4748
vn -0.0525 -0.6133 0.7881
vn -0.2653 -0.8467 0.4612
vn 0.0819 -0.7579 0.6472
vn -0.0332 -0.8917 0.4513
vn 0.0100 -0.7630 0.6463
vn -0.1031 -0.9189 -0.3808
vn -0.7212 -0.6220 -0.3050
vn -0.4099 -0.8257 -0.3876
vn -0.1289 -0.9041 0.4075
vn 0.0358 -0.8747 0.4833
vn -0.2934 -0.7988 0.5253
vn -0.5800 -0.4650 -0.6688
vn -0.2642 -0.8212 -0.5058
vn -0.4829 -0.6428 -0.5947
vn 0.4511 -0.8764 0.1685
vn 0.1685 -0.9316 0.3221
vn 0.1624 -0.9740 0.1580
vn 0.3824 -0.6250 -0.6806
vn 0.5424 -0.6784 -0.4955
vn 0.1783 -0.8481 -0.4989
vn 0.0087 -0.9782 -0.2077
vn 0.3242 -0.8729 -0.3646
vn 0.5216 -0.8012 -0.2933
vn -0.0455 -0.7219 0.6905
vn -0.0032 -0.5067 0.8621
vn 0.1184 -0.5324 0.8382
vn 0.2301 -0.7070 -0.6688
vn 0.5560 -0.7751 -0.3000
vn 0.3072 -0.8789 -0.3648
vn -0.4523 -0.4526 -0.7685
vn 0.0970 -0.7193 -0.6879
vn -0.2281 -0.7978 -0.5582
vn 0.4250 -0.8990 0.1059
vn 0.5648 -0.8165 -0.1200
vn 0.3145 -0.7815 0.5388
vn 0.2807 -0.9236 0.2612
vn 0.5576 -0.6539 0.5113
vn -0.0086 -0.8235 0.5672
vn -0.5815 -0.6463 0.4940
vn -0.2775 -0.9235 0.2649
vn 0.0209 -0.8267 0.5623
vn -0.1862 -0.4834 -0.8554
vn -0.2705 -0.8030 -0.5310
vn -0.4529 -0.7949 -0.4038
vn -0.3591 -0.9164 0.1769
vn -0.3021 -0.7344 0.6077
vn -0.4867 -0.8736 -0.0014
vn 0.2036 -0.9777 -0.0512
vn 0.1118 -0.9144 -0.3890
vn 0.0785 -0.9948 -0.0643
vn 0.5657 -0.5815 -0.5847
vn 0.9900 0.1388 -0.0247
vn 0.8149 -0.5759 -0.0653
vn 0.3472 -0.3575 0.8669
vn 0.5610 -0.6430 0.5213
vn 0.7138 -0.6497 0.2613
vn 0.5637 -0.6428 0.5188
vn 0.6747 -0.1997 0.7105
vn 0.3713 -0.7576 0.5368
vn 0.6475 -0.7520 -0.1235
vn 0.3980 -0.7799 -0.4831
vn 0.8174 -0.5278 -0.2308
vn 0.3711 -0.8646 -0.3388
vn 0.0540 -0.9167 -0.3959
vn 0.5751 -0.5685 -0.5883
vn 0.2479 -0.8139 0.5255
vn 0.3509 -0.8734 0.3377
vn 0.3463 -0.8762 0.3352
vn 0.1959 -0.7855 -0.5871
vn 0.3540 -0.8795 -0.3179
vn 0.3602 -0.8770 -0.3180
vn -0.2870 -0.7007 0.6532
vn -0.1118 -0.6285 0.7697
vn -0.4778 -0.3272 0.8152
vn 0.1321 -0.6279 -0.7670
vn -0.1132 -0.9078 -0.4038
vn -0.3565 -0.8864 -0.2953
vn -0.4137 -0.8080 0.4195
vn -0.1528 -0.8435 0.5149
vn -0.1012 -0.8814 0.4614
vn -0.9245 -0.3809 -0.0158
vn -0.4915 -0.8328 0.2548
vn -0.6562 -0.7513 0.0708
vn -0.5821 -0.8074 0.0964
vn -0.4894 -0.8672 0.0917
vn -0.3646 -0.8803 0.3036
vn -0.1177 -0.8964 0.4274
vn -0.0617 -0.8741 0.4818
vn -0.0746 -0.5720 0.8169
vn -0.1799 -0.9727 -0.1464
vn -0.1785 -0.7397 0.6488
vn -0.4061 -0.8667 0.2897
vn -0.4201 -0.6004 -0.6805
vn -0.3754 -0.6225 -0.6867
vn -0.2113 -0.2861 -0.9346
vn -0.3660 -0.8360 0.4088
vn -0.4155 -0.5460 0.7275
vn -0.3246 -0.9444 0.0520
vn -0.5073 -0.5857 0.6321
vn -0.2802 -0.8685 0.4090
vn 0.0004 -0.7716 0.6362
vn -0.3954 -0.8672 0.3027
vn -0.2787 -0.6861 0.6720
vn -0.4930 -0.8513 0.1795
vn 0.3478 -0.8548 0.3851
vn 0.6820 -0.5187 0.5155
vn 0.1053 -0.7527 0.6499
vn 0.4624 -0.8506 0.2504
vn 0.7161 -0.6977 -0.0209
vn 0.4199 -0.6062 0.6754
vn -0.2609 -0.5792 -0.7723
vn -0.3673 -0.8131 -0.4516
vn -0.4925 -0.7939 -0.3566
vn 0.3454 -0.7601 -0.5504
vn 0.7555 -0.6484 -0.0937
vn 0.4482 -0.8600 -0.2441
vn -0.4080 -0.5009 -0.7633
vn 0.0759 -0.7121 -0.6980
vn -0.2174 -0.8011 -0.5577
vn -0.5606 -0.3830 -0.7342
vn -0.2632 -0.2445 -0.9332
vn -0.2939 -0.5516 -0.7806
vn 0.1991 -0.9567 0.2123
vn -0.3636 -0.8462 0.3895
vn -0.1004 -0.9672 0.2332
vn -0.0013 -0.7775 0.6289
vn -0.1087 -0.9168 0.3843
vn -0.1004 -0.9186 0.3823
vn 0.4534 -0.5113 0.7301
vn 0.1269 -0.9902 0.0587
vn 0.8172 -0.5628 -0.1240
vn 0.3534 -0.9263 -0.1308
vn 0.6280 -0.3810 0.6786
vn 0.4113 -0.6720 0.6158
vn -0.5643 -0.4170 0.7125
vn -0.2501 -0.9665 -0.0581
vn -0.4273 -0.6613 0.6165
vn -0.2408 -0.9698 0.0384
vn -0.7557 -0.6465 -0.1044
vn -0.4077 -0.5135 0.7550
vn -0.6047 -0.5181 -0.6049
vn -0.4401 -0.8584 -0.2635
vn -0.6648 -0.6311 -0.3996
vn 0.3560 -0.6994 -0.6198
vn 0.4209 -0.7451 -0.5173
vn 0.1267 -0.9330 -0.3367
vn 0.0323 -0.7060 0.7075
vn -0.3372 -0.6700 0.6613
vn -0.0434 -0.7227 0.6898
vn -0.0997 -0.9149 0.3912
vn -0.3801 -0.8116 0.4436
vn -0.1002 -0.9174 0.3852
vn -0.0176 -0.9037 0.4278
vn -0.0209 -0.9060 0.4228
vn -0.0127 -0.9054 0.4243
vn 0.2316 -0.9141 -0.3330
vn -0.0329 -0.9991 0.0270
vn -0.0410 -0.9988 0.0263
vn -0.1159 -0.9161 -0.3838
vn -0.1239 -0.9133 -0.3880
vn 0.3318 -0.8618 -0.3836
vn 0.3642 -0.7456 -0.5580
vn -0.0807 -0.7417 -0.6659
vn -0.0145 -0.6282 -0.7779
vn 0.0726 -0.7989 0.5971
vn 0.2726 -0.7394 0.6156
vn 0.0948 -0.7489 0.6559
vn 0.0773 -0.9652 -0.2499
vn 0.3070 -0.8842 -0.3522
vn 0.5379 -0.7635 -0.3573
vn 0.1282 -0.6659 0.7349
vn 0.0771 -0.8046 0.5887
vn 0.3202 -0.7571 0.5694
vn 0.0583 -0.7379 0.6724
vn 0.1253 -0.5547 0.8225
vn 0.0521 -0.7367 0.6742
vn 0.0107 -0.7760 0.6306
vn -0.2288 -0.6880 0.6887
vn -0.0113 -0.7771 0.6292
vn -0.5096 -0.6771 0.5309
vn -0.8400 -0.5087 -0.1885
vn -0.4550 -0.8815 0.1261
vn 0.0325 -0.9058 0.4225
vn -0.6242 -0.5966 0.5044
vn -0.0824 -0.9723 0.2188
vn 0.1965 -0.6951 -0.6916
vn -0.0921 -0.7021 -0.7061
vn 0.0153 -0.6624 -0.7490
vn 0.1192 -0.9830 -0.1397
vn 0.1844 -0.9748 -0.1258
vn 0.0684 -0.9477 0.3116
vn 0.1244 -0.9919 -0.0269
vn 0.4805 -0.8269 0.2922
vn -0.0768 -0.9779 0.1947
vn 0.8778 -0.4269 0.2174
vn 0.5582 -0.8210 -0.1200
vn 0.5326 -0.3368 -0.7765
vn 0.4790 -0.8774 -0.0274
vn 0.9695 -0.2447 0.0105
vn 0.4909 -0.8253 0.2791
vn -0.5956 -0.7705 -0.2272
vn 0.4729 -0.8760 0.0950
vn -0.3334 -0.6922 0.6401
vn 0.1960 -0.8650 -0.4619
vn 0.2104 -0.9559 0.2049
vn -0.7682 -0.6396 -0.0273
vn -0.5108 -0.6179 -0.5978
vn -0.5328 -0.7142 0.4539
vn -0.7070 -0.6328 0.3156
vn -0.7334 -0.6796 0.0161
vn -0.6713 -0.4879 -0.5579
vn 0.3241 -0.6641 -0.6738
vn 0.5624 -0.8251 0.0538
vn 0.5443 -0.8107 0.2154
vn -0.1639 -0.8466 -0.5064
vn 0.1017 -0.9873 0.1220
vn -0.3707 -0.9131 0.1699
vn -0.4363 -0.7654 0.4731
vn 0.1030 -0.7591 0.6428
vn -0.4143 -0.3318 0.8475
vn -0.0398 -0.9769 0.2101
vn -0.4808 -0.8115 -0.3322
vn 0.1397 -0.9508 -0.2764
vn 0.5506 -0.7352 0.3955
vn 0.0568 -0.9907 -0.1236
vn 0.5167 -0.7094 -0.4794
vn 0.1735 -0.9373 -0.3023
vn 0.7546 -0.6355 0.1633
vn 0.1335 -0.9798 0.1491
vn 0.5573 -0.8303 0.0011
vn 0.7225 -0.5386 0.4334
vn 0.3854 -0.8900 0.2435
vn 0.1859 -0.9585 -0.2161
vn 0.3497 -0.8120 -0.4673
vn 0.7046 -0.4654 -0.5356
vn 0.7150 -0.5646 0.4123
vn 0.6607 -0.7182 0.2183
vn 0.7357 -0.6767 0.0292
vn 0.4934 -0.8442 -0.2096
vn 0.2992 -0.8281 -0.4740
vn 0.2951 -0.8417 -0.4522
vn 0.5004 -0.8151 -0.2919
vn 0.3615 -0.9150 -0.1792
vn 0.6340 -0.7583 -0.1517
vn 0.4262 -0.7266 0.5389
vn 0.5118 -0.7744 0.3720
vn 0.2877 -0.5204 0.8040
vn 0.2062 -0.6408 0.7395
vn 0.5453 -0.5203 0.6572
vn 0.4888 -0.8692 0.0746
vn 0.4357 -0.8925 -0.1167
vn 0.2672 -0.7752 -0.5724
vn 0.3727 -0.8593 -0.3502
vn 0.1467 -0.9306 -0.3352
vn 0.1232 -0.8376 -0.5322
vn -0.2473 -0.8670 -0.4326
vn 0.5972 -0.6820 -0.4221
vn 0.3698 -0.8825 -0.2906
vn 0.0907 -0.8232 -0.5604
vn 0.5816 -0.3158 -0.7497
vn 0.5016 -0.7037 -0.5032
vn 0.3419 -0.6530 -0.6758
vn 0.4870 -0.8527 -0.1891
vn -0.0225 -0.2823 0.9591
vn 0.4450 -0.2611 0.8566
vn 0.2262 -0.9022 0.3672
vn 0.3937 -0.9184 -0.0380
vn 0.6174 -0.7218 0.3127
vn -0.6974 -0.6648 0.2676
vn -0.2876 -0.8055 0.5181
vn -0.2087 -0.9582 0.1956
vn -0.5208 -0.8110 -0.2666
vn -0.0097 -0.9956 -0.0933
vn 0.2245 -0.7196 -0.6571
vn 0.0031 -0.9357 -0.3528
vn -0.4697 -0.6862 -0.5555
vn -0.3098 -0.8930 -0.3266
vn -0.1829 -0.9661 0.1820
vn -0.6449 -0.7442 0.1739
vn -0.3180 -0.7803 0.5386
vn -0.2128 -0.7884 0.5772
vn -0.1818 -0.4442 0.8773
vn 0.0304 -0.7501 0.6607
vn -0.5439 -0.5179 0.6603
vn -0.2791 -0.8335 0.4768
vn -0.5834 -0.8077 -0.0853
vn -0.4693 -0.8797 -0.0762
vn -0.8680 -0.4965 0.0011
vn -0.6074 -0.7800 -0.1508
vn -0.6184 -0.7240 0.3057
vn -0.7890 -0.5147 -0.3356
vn -0.2866 -0.9482 -0.1367
vn -0.3211 -0.9298 -0.1797
vn -0.3561 -0.9322 -0.0651
vn 0.6023 -0.7043 0.3758
vn -0.1105 -0.7567 0.6443
vn 0.1203 -0.9059 0.4061
vn -0.2268 -0.8868 -0.4026
vn -0.1768 -0.9052 -0.3865
vn -0.2274 -0.8971 -0.3789
vn 0.1259 -0.9364 0.3277
vn 0.4158 -0.9091 -0.0240
vn 0.2891 -0.6292 0.7215
vn 0.4124 -0.7579 -0.5055
vn -0.0041 -0.9116 -0.4110
vn 0.0036 -0.9144 -0.4048
vn -0.4880 -0.7163 -0.4988
vn -0.0500 -0.9586 0.2802
vn -0.8546 -0.5188 0.0203
vn -0.2224 -0.8760 -0.4280
vn -0.2399 -0.8703 -0.4302
vn -0.1851 -0.8673 -0.4621
vn -0.4302 -0.8210 -0.3753
vn -0.4467 -0.7923 -0.4155
vn -0.7577 -0.5997 -0.2574
vn -0.0847 -0.7860 -0.6124
vn -0.0708 -0.7949 -0.6026
vn -0.0845 -0.7969 -0.5982
vn -0.0110 -0.8124 -0.5830
vn 0.4361 -0.7041 -0.5604
vn -0.0082 -0.7962 -0.6049
vn -0.4273 -0.8522 0.3021
vn -0.4344 -0.7494 -0.4997
vn -0.3223 -0.9425 -0.0886
vn -0.0933 -0.9835 -0.1549
vn -0.0782 -0.9849 -0.1543
vn -0.0628 -0.9894 -0.1312
vn -0.1883 -0.9623 -0.1963
vn -0.5213 -0.7351 -0.4335
vn -0.2108 -0.9615 -0.1761
vn 0.0248 -0.8966 -0.4421
vn 0.0486 -0.9021 -0.4289
vn 0.0166 -0.9021 -0.4311
vn -0.1711 -0.8912 -0.4201
vn 0.0639 -0.9511 -0.3023
vn 0.0500 -0.9532 -0.2982
vn -0.7064 -0.7073 0.0251
vn -0.3084 -0.9493 0.0615
vn -0.3244 -0.9452 0.0364
vn -0.2374 -0.9189 0.3151
vn -0.5342 -0.6438 0.5479
vn -0.6414 -0.7469 0.1752
vn -0.0132 -0.9976 0.0675
vn -0.0227 -0.9976 0.0649
vn -0.0049 -0.9992 0.0387
vn 0.0352 -0.9707 0.2378
vn 0.0337 -0.9721 0.2323
vn 0.0654 -0.9718 0.2265
vn -0.0292 -0.9181 0.3952
vn -0.0918 -0.8742 0.4769
vn -0.0385 -0.9186 0.3933
vn -0.2846 -0.9055 -0.3146
vn 0.2735 -0.7966 -0.5392
vn 0.1722 -0.9254 -0.3376
vn -0.5262 -0.6036 0.5989
vn -0.4571 -0.7877 0.4130
vn -0.2766 -0.9005 0.3355
vn -0.0841 -0.8667 0.4917
vn 0.0203 -0.8886 0.4582
vn 0.1508 -0.7796 0.6078
vn 0.0743 -0.9968 0.0311
vn 0.0807 -0.9961 0.0357
vn 0.0720 -0.9968 0.0354
vn 0.1153 -0.9012 0.4178
vn 0.0192 -0.9354 0.3532
vn 0.0421 -0.9371 0.3465
vn 0.0634 -0.8987 0.4340
vn 0.0697 -0.8917 0.4472
vn 0.0545 -0.8992 0.4342
vn 0.1257 -0.9256 0.3570
vn 0.1249 -0.9253 0.3581
vn 0.1211 -0.9262 0.3571
vn -0.1798 -0.9366 -0.3009
vn 0.1464 -0.9891 0.0156
vn 0.1410 -0.9899 0.0174
vn 0.0489 -0.8314 0.5536
vn 0.0526 -0.8298 0.5556
vn 0.0458 -0.8293 0.5569
vn -0.4353 -0.7416 0.5104
vn -0.0263 -0.6917 0.7217
vn -0.0526 -0.5969 0.8006
vn -0.4273 -0.8813 0.2018
vn -0.2425 -0.9690 0.0462
vn -0.2475 -0.9540 0.1691
vn -0.3999 -0.9008 -0.1692
vn -0.3540 -0.9109 0.2120
vn -0.5582 -0.7693 -0.3108
vn 0.5066 -0.8474 -0.1589
vn 0.6473 -0.6829 -0.3386
vn 0.3720 -0.8841 -0.2828
vn 0.5406 -0.8203 -0.1867
vn 0.5759 -0.7654 -0.2871
vn 0.5599 -0.7634 -0.3220
vn -0.3160 -0.6123 -0.7247
vn -0.5688 -0.6965 -0.4374
vn -0.5085 -0.1990 -0.8377
vn 0.2173 -0.4482 -0.8671
vn 0.6720 -0.6258 -0.3959
vn 0.5683 -0.7148 -0.4075
vn 0.4029 -0.9074 -0.1191
vn 0.8144 -0.5389 -0.2153
vn 0.6077 -0.7746 -0.1752
vn -0.0993 -0.6405 -0.7615
vn 0.3960 -0.7896 -0.4688
vn 0.1700 -0.8365 -0.5210
vn -0.2564 -0.4095 0.8756
vn -0.5971 -0.6655 0.4478
vn -0.4271 -0.7000 0.5724
vn -0.1666 -0.6999 -0.6946
vn -0.3993 -0.7785 -0.4843
vn -0.5335 -0.4952 -0.6857
vn -0.4135 -0.6600 -0.6272
vn -0.6004 -0.7363 -0.3120
vn -0.7445 -0.6418 -0.1837
vn -0.7991 -0.5912 0.1096
vn -0.6936 -0.5473 -0.4683
vn -0.3314 -0.5679 -0.7534
vn -0.5817 -0.6255 -0.5200
vn -0.6013 -0.5556 0.5742
vn -0.7359 -0.5743 0.3585
vn 0.3838 -0.8534 0.3527
vn 0.2864 -0.8177 0.4994
vn 0.3518 -0.8549 -0.3814
vn -0.2637 -0.8787 -0.3980
vn 0.2682 -0.8026 -0.5328
vn 0.1064 -0.9261 -0.3620
vn -0.0699 -0.9388 -0.3373
vn -0.2570 -0.8301 -0.4948
vn 0.1027 -0.9378 -0.3317
vn -0.0258 -0.9966 0.0779
vn -0.2371 -0.9452 -0.2247
vn -0.0211 -0.9970 0.0749
vn 0.8938 -0.3309 -0.3027
vn 0.6135 -0.7314 -0.2978
vn 0.5780 -0.8135 0.0638
vn -0.0693 -0.9974 -0.0184
vn -0.0693 -0.9975 -0.0119
vn -0.0729 -0.9972 -0.0142
vn 0.5755 -0.8154 -0.0622
vn 0.9119 -0.3576 0.2014
vn 0.5603 -0.8103 -0.1720
vn 0.0082 -0.9908 -0.1350
vn -0.0838 -0.9938 -0.0734
vn 0.0038 -0.9904 -0.1380
vn -0.1941 -0.9810 0.0016
vn -0.2022 -0.9793 0.0041
vn -0.2033 -0.9791 0.0002
vn 0.7650 -0.0542 -0.6417
vn 0.6099 -0.6273 0.4843
vn 0.6355 -0.7660 -0.0968
vn 0.7318 -0.6722 0.1122
vn 0.3810 -0.8827 -0.2751
vn 0.9232 0.1198 0.3651
vn 0.1613 -0.9120 0.3772
vn 0.2965 -0.7309 0.6147
vn 0.0507 -0.9199 0.3889
vn 0.6480 -0.7575 0.0798
vn 0.3030 -0.9443 0.1285
vn 0.8197 -0.4810 -0.3111
vn 0.5619 -0.8262 -0.0415
vn 0.9428 -0.3182 -0.0997
vn 0.4958 -0.8044 0.3272
vn -0.3445 -0.6297 -0.6963
vn 0.3522 -0.3711 -0.8592
vn 0.3200 -0.6927 -0.6463
vn 0.7535 -0.5959 0.2776
vn 0.1394 -0.9562 0.2574
vn 0.4041 -0.9141 0.0343
vn 0.2209 -0.7428 -0.6320
vn -0.1192 -0.9203 -0.3727
vn -0.1123 -0.4004 -0.9094
vn 0.1771 -0.9478 -0.2653
vn 0.1971 -0.9587 0.2049
vn -0.1694 -0.9308 -0.3238
vn -0.3228 -0.9246 -0.2024
vn 0.1029 -0.9465 0.3058
vn -0.5474 -0.7518 0.3677
vn -0.6100 -0.7852 0.1066
vn 0.5659 -0.7007 -0.4345
vn -0.6724 -0.6413 -0.3696
vn 0.3406 -0.7918 0.5070
vn -0.3396 -0.6855 0.6440
vn 0.1876 -0.6446 0.7412
vn -0.2189 -0.2225 -0.9500
vn -0.0016 -0.1818 -0.9833
vn 0.1866 -0.3552 -0.9160
vn -0.5551 -0.2708 -0.7865
vn -0.3073 -0.4178 -0.8550
vn -0.2381 -0.1807 -0.9543
vn -0.4326 -0.7884 -0.4375
vn -0.4301 -0.3033 -0.8503
vn -0.2025 -0.5524 -0.8086
vn -0.0813 -0.4555 -0.8865
vn -0.0374 -0.7864 -0.6166
vn 0.1888 -0.8872 -0.4209
vn -0.3078 -0.1324 -0.9422
vn -0.1450 0.6283 -0.7643
vn 0.0002 -1.0000 -0.0065
vn 0.0553 -0.6054 -0.7940
vn -0.0148 -0.9980 0.0617
vn 0.7544 -0.1610 -0.6364
vn -0.0374 -0.8753 -0.4821
vn 0.0976 -0.9841 -0.1486
vn 0.0448 -0.4345 -0.8996
vn 0.3709 -0.8021 -0.4680
vn -0.0542 -0.7373 -0.6734
vn 0.3556 -0.3339 -0.8730
vn 0.1404 -0.4511 -0.8813
vn 0.6198 -0.4755 -0.6243
vn -0.3058 -0.5419 -0.7828
vn -0.7228 -0.2299 -0.6517
vn -0.3205 -0.2626 -0.9101
vn 0.1286 -0.5482 -0.8264
vn -0.3690 -0.8371 -0.4038
vn -0.3444 -0.2155 -0.9138
vn -0.1481 -0.7246 -0.6731
vn 0.2450 -0.7912 -0.5603
vn 0.4850 -0.4743 -0.7347
vn 0.0002 -0.9956 0.0936
vn 0.1073 -0.6919 -0.7140
vn 0.4627 -0.3576 -0.8112
vn 0.3727 0.2748 -0.8864
vn 0.3270 -0.4610 -0.8250
vn 0.6904 -0.3826 -0.6140
vn -0.1032 -0.4659 -0.8788
vn -0.3358 -0.5277 -0.7803
vn -0.0302 -0.5635 -0.8256
vn -0.7506 -0.3474 -0.5621
vn -0.5992 -0.3238 -0.7322
vn -0.2113 -0.6878 -0.6945
vn -0.7086 -0.6625 -0.2430
vn -0.0348 0.7371 -0.6749
vn 0.0157 0.4717 -0.8816
vn -0.2494 0.4157 -0.8746
vn 0.0103 0.4412 -0.8974
vn -0.3371 0.4953 -0.8006
vn 0.1896 0.4581 -0.8684
vn -0.2719 -0.1714 -0.9469
vn 0.1314 -0.6177 -0.7754
vn -0.6284 -0.4582 -0.6286
vn -0.1590 -0.8148 -0.5575
vn -0.5152 -0.2905 -0.8064
vn -0.3289 -0.4856 -0.8099
vn -0.5606 -0.3754 -0.7381
vn -0.2810 -0.5607 -0.7788
vn -0.8336 -0.4598 -0.3060
vn -0.1027 -0.4455 -0.8894
vn 0.2119 -0.7542 -0.6215
vn 0.2183 -0.7018 -0.6781
vn 0.1939 -0.7539 -0.6278
vn 0.1296 -0.6872 -0.7149
vn 0.5649 -0.5484 -0.6166
vn -0.1307 0.5245 -0.8413
vn 0.0417 0.4244 -0.9045
vn 0.1693 0.4408 -0.8815
vn 0.4995 -0.3473 -0.7936
vn -0.0663 -0.0576 -0.9961
vn 0.1352 -0.1773 -0.9748
vn 0.3062 -0.4673 -0.8294
vn -0.0687 -0.1059 -0.9920
vn -0.0177 0.0836 -0.9963
vn -0.0437 -0.1847 -0.9818
vn 0.1366 0.0742 -0.9878
vn 0.1045 0.6349 -0.7655
vn 0.0474 0.5524 -0.8322
vn 0.1356 0.4736 -0.8702
vn 0.0760 0.0526 -0.9957
vn 0.2292 -0.1851 -0.9556
vn 0.2813 0.0051 -0.9596
vn 0.1099 -0.5364 -0.8368
vn 0.5262 -0.7024 -0.4793
vn -0.1290 -0.6576 -0.7423
vn -0.1524 0.5519 -0.8199
vn 0.1759 0.6287 -0.7575
vn -0.0212 0.5557 -0.8311
vn -0.1156 0.6141 -0.7807
vn -0.0336 0.5256 -0.8501
vn 0.1894 0.5959 -0.7804
vn -0.1992 -0.7033 -0.6824
vn 0.3043 -0.2677 -0.9142
vn 0.4120 -0.3095 -0.8570
vn 0.1625 -0.8469 -0.5063
vn 0.2847 -0.4217 -0.8609
vn 0.9363 -0.1792 -0.3022
vn 0.3869 -0.3593 -0.8492
vn 0.6106 -0.2087 -0.7640
vn 0.2458 0.1235 -0.9614
vn 0.2281 0.1067 -0.9678
vn 0.2566 -0.1689 -0.9517
vn 0.0819 0.5116 -0.8553
vn 0.0227 0.4808 -0.8765
vn 0.0477 0.4824 -0.8747
vn 0.0320 -0.0668 -0.9973
vn 0.3063 -0.1513 -0.9398
vn -0.2855 -0.4053 -0.8685
vn -0.2820 0.0274 -0.9590
vn -0.1469 -0.4291 -0.8912
vn -0.6014 0.2317 -0.7646
vn -0.5761 0.2766 -0.7692
vn -0.1787 0.5287 -0.8298
vn -0.2289 0.5167 -0.8250
vn -0.2091 0.5077 -0.8358
vn -0.3024 0.1225 -0.9453
vn -0.1318 0.4726 -0.8714
vn -0.1942 0.5919 -0.7822
vn -0.1163 0.7296 -0.6739
vn -0.2282 0.7706 -0.5950
vn 0.0016 0.7485 -0.6631
vn -0.2600 0.6467 -0.7171
vn -0.1159 0.6236 -0.7731
vn -0.2858 -0.3256 -0.9013
vn -0.3807 -0.4135 -0.8271
vn -0.7181 -0.2966 -0.6295
vn -0.2248 0.4294 -0.8747
vn 0.1729 0.4623 -0.8697
vn -0.0341 0.4222 -0.9059
vn -0.3739 -0.4232 -0.8253
vn -0.5942 -0.6628 -0.4557
vn -0.6545 -0.4932 -0.5731
vn -0.2098 0.4548 -0.8656
vn -0.0710 0.3485 -0.9346
vn -0.0381 0.3694 -0.9285
vn 0.2262 -0.4362 -0.8709
vn 0.1922 -0.4489 -0.8727
vn 0.3246 -0.7030 -0.6328
vn 0.0803 0.6016 -0.7948
vn 0.0708 0.4481 -0.8912
vn 0.1227 0.4451 -0.8870
vn 0.0853 0.6219 -0.7785
vn -0.0694 0.5313 -0.8443
vn -0.0300 0.5066 -0.8617
vn 0.1545 -0.6365 -0.7556
vn 0.4844 -0.6287 -0.6084
vn -0.1214 -0.8061 -0.5792
vn 0.0966 0.1064 -0.9896
vn 0.0457 0.1295 -0.9905
vn 0.0746 0.1492 -0.9860
vn -0.0791 0.1450 -0.9863
vn -0.0486 0.1216 -0.9914
vn -0.0940 0.1086 -0.9896
vn 0.5173 -0.4215 -0.7448
vn 0.7593 -0.4463 -0.4736
vn 0.6184 -0.7534 -0.2234
vn 0.3171 -0.1956 -0.9280
vn 0.2823 -0.2200 -0.9338
vn 0.1723 -0.5688 -0.8042
vn -0.2507 -0.1236 -0.9601
vn -0.2753 -0.1140 -0.9546
vn -0.3053 -0.3479 -0.8864
vn -0.0169 -0.3227 -0.9464
vn 0.2171 -0.5923 -0.7759
vn -0.2704 -0.3373 -0.9017
vn -0.6031 -0.3039 -0.7375
vn -0.4465 -0.4919 -0.7474
vn -0.8720 -0.2836 -0.3990
vn -0.2225 0.3571 -0.9072
vn 0.2058 0.3673 -0.9071
vn -0.0234 0.3767 -0.9260
vn 0.0298 0.8481 -0.5291
vn 0.1752 0.7047 -0.6875
vn -0.2003 0.6697 -0.7151
vn 0.5236 -0.0381 -0.8511
vn -0.0043 -0.7274 -0.6862
vn 0.1796 -0.2738 -0.9449
vn 0.1306 -0.6318 -0.7640
vn 0.4636 -0.8109 -0.3571
vn 0.4160 -0.7721 -0.4805
vn 0.1740 -0.2743 -0.9458
vn 0.5761 -0.5054 -0.6423
vn -0.1185 -0.6341 -0.7641
vn -0.1831 0.1228 -0.9754
vn -0.2517 -0.0065 -0.9678
vn -0.1295 0.1035 -0.9862
vn 0.0456 0.6754 -0.7360
vn -0.0716 0.5323 -0.8435
vn -0.0180 0.5434 -0.8393
vn -0.0039 0.4496 -0.8932
vn 0.1843 0.4917 -0.8510
vn -0.0637 0.4791 -0.8754
vn 0.1815 0.5214 -0.8338
vn -0.0029 0.5347 -0.8450
vn -0.1580 0.6486 -0.7446
vn -0.0735 -0.5517 -0.8308
vn -0.1326 -0.5769 -0.8060
vn 0.0677 -0.8218 -0.5658
vn -0.4830 -0.3263 -0.8126
vn -0.8035 -0.2710 -0.5301
vn -0.5108 -0.2371 -0.8264
vn -0.1278 -0.6532 -0.7463
vn 0.2683 -0.6163 -0.7404
vn -0.3516 -0.8420 -0.4091
vn -0.8648 -0.2575 -0.4311
vn -0.4669 -0.5312 -0.7070
vn -0.4874 -0.7989 -0.3524
vn 0.6135 -0.2056 -0.7625
vn 0.9037 -0.1414 -0.4041
vn 0.9304 -0.3283 -0.1631
vn 0.2301 -0.6419 -0.7315
vn 0.1755 -0.6266 -0.7593
vn 0.0113 -0.9086 -0.4176
vn 0.0095 0.5304 -0.8477
vn 0.0304 0.3651 -0.9305
vn 0.0962 0.3824 -0.9190
vn 0.1714 0.4848 -0.8577
vn 0.0398 0.4145 -0.9092
vn 0.0590 0.3768 -0.9244
vn 0.2931 0.1370 -0.9462
vn 0.2413 0.0958 -0.9657
vn 0.3575 -0.2600 -0.8970
vn 0.0477 0.3648 -0.9299
vn 0.2133 0.4299 -0.8773
vn 0.0385 0.3825 -0.9231
vn 0.3140 -0.2090 -0.9261
vn 0.5520 0.1174 -0.8256
vn 0.2198 -0.6019 -0.7677
vn 0.2017 0.0478 -0.9783
vn 0.5648 -0.0173 -0.8251
vn 0.2129 0.0766 -0.9741
vn -0.0645 -0.3435 -0.9369
vn 0.2450 -0.6081 -0.7551
vn -0.3788 -0.3893 -0.8396
vn -0.1069 0.0508 -0.9930
vn -0.1162 -0.2624 -0.9580
vn -0.0852 0.0481 -0.9952
vn -0.0892 0.0649 -0.9939
vn -0.3925 0.0418 -0.9188
vn -0.0958 0.0267 -0.9950
vn -0.4796 0.0206 -0.8773
vn -0.2644 -0.1663 -0.9500
vn -0.2586 -0.5012 -0.8258
vn -0.0771 0.0592 -0.9953
vn 0.2232 -0.0362 -0.9741
vn -0.2207 0.0876 -0.9714
vn 0.1745 0.0351 -0.9840
vn -0.0823 -0.0892 -0.9926
vn 0.0394 0.0636 -0.9972
vn -0.1376 0.4371 -0.8888
vn 0.0944 0.2466 -0.9645
vn 0.0422 0.3869 -0.9212
vn 0.4807 -0.8692 -0.1157
vn 0.5024 -0.5314 -0.6821
vn 0.6155 -0.3858 -0.6873
vn 0.1968 0.0766 -0.9774
vn 0.3201 -0.0583 -0.9456
vn 0.2024 0.0967 -0.9745
vn 0.5391 -0.4713 -0.6981
vn 0.9051 -0.3938 -0.1605
vn 0.1675 -0.9060 -0.3886
vn -0.5622 -0.4930 -0.6640
vn -0.1895 -0.9190 -0.3457
vn -0.8782 -0.4385 -0.1909
vn -0.5403 -0.7992 -0.2633
vn -0.7398 -0.2435 -0.6272
vn -0.6187 -0.3999 -0.6762
vn -0.1199 0.0815 -0.9894
vn -0.1239 0.1028 -0.9870
vn -0.2741 -0.0554 -0.9601
vn -0.1007 0.0791 -0.9918
vn 0.0476 -0.0719 -0.9963
vn 0.0171 0.0647 -0.9978
vn -0.1402 0.4979 -0.8558
vn -0.0868 0.3391 -0.9367
vn 0.0038 0.4133 -0.9106
vn -0.3404 -0.5544 -0.7595
vn -0.6841 -0.6284 -0.3703
vn -0.6252 -0.4204 -0.6576
vn 0.0126 0.2811 -0.9596
vn 0.0815 0.4398 -0.8944
vn -0.1004 0.3361 -0.9365
vn -0.3708 -0.5768 -0.7279
vn -0.4202 -0.7745 -0.4728
vn -0.2512 -0.5923 -0.7656
vn -0.1763 0.3401 -0.9237
vn 0.1421 0.3949 -0.9077
vn -0.0063 0.2926 -0.9562
vn -0.3174 -0.6046 -0.7306
vn 0.1565 -0.6020 -0.7830
vn 0.4620 -0.6811 -0.5680
vn 0.4465 -0.6868 -0.5735
vn -0.0827 -0.5381 -0.8388
vn 0.0375 -0.5152 -0.8562
vn -0.0278 -0.4856 -0.8737
vn 0.0400 -0.5112 -0.8585
vn -0.0626 -0.8820 -0.4671
vn 0.0332 -0.2838 -0.9583
vn 0.0768 -0.3379 -0.9381
vn -0.0436 -0.2925 -0.9553
vn -0.0154 -0.3051 -0.9522
vn 0.0034 -0.3138 -0.9495
vn -0.0502 -0.3598 -0.9317
vn 0.0929 -0.6244 -0.7756
vn 0.3469 -0.5800 -0.7371
vn -0.4294 -0.6734 -0.6018
vn 0.0888 -0.5408 -0.8365
vn 0.1008 -0.5746 -0.8122
vn 0.3228 -0.6157 -0.7189
vn -0.1090 -0.6848 -0.7205
vn -0.3690 -0.8236 -0.4307
vn -0.0828 -0.8399 -0.5364
vn -0.1101 -0.6549 -0.7477
vn -0.1801 -0.9527 -0.2447
vn -0.5255 -0.5629 -0.6380
vn 0.0515 -0.5596 -0.8272
vn 0.0784 -0.5390 -0.8387
vn 0.3579 -0.6195 -0.6987
vn 0.3015 -0.8935 -0.3329
vn 0.1087 -0.6767 -0.7281
vn 0.4146 -0.4935 -0.7646
vn 0.2778 -0.7356 -0.6178
vn -0.2769 -0.7480 -0.6032
vn -0.0757 -0.5948 -0.8003
vn -0.0281 -0.5320 -0.8463
vn -0.0487 -0.5291 -0.8472
vn -0.1743 -0.8113 -0.5580
vn -0.4731 -0.1193 -0.8729
vn -0.1036 -0.3013 -0.9479
vn 0.0725 -0.5573 -0.8272
vn -0.0196 -0.3660 -0.9304
vn -0.3054 -0.4886 -0.8173
vn -0.0221 -0.3797 -0.9248
vn -0.1122 -0.5211 -0.8461
vn -0.1426 -0.8530 -0.5021
vn -0.4042 -0.3649 -0.8387
vn 0.1973 -0.3206 -0.9264
vn 0.2061 -0.3336 -0.9199
vn 0.4153 -0.1420 -0.8985
vn 0.0978 -0.5841 -0.8058
vn 0.0176 -0.6025 -0.7979
vn 0.2158 -0.7528 -0.6219
vn -0.0439 -0.7955 -0.6043
vn 0.1207 -0.6983 -0.7056
vn 0.3629 -0.8322 -0.4193
vn 0.0209 -0.6341 -0.7729
vn 0.2964 -0.8219 -0.4865
vn -0.4154 -0.6979 -0.5834
vn 0.3774 -0.7592 -0.5302
vn 0.3220 -0.4517 -0.8320
vn 0.3514 -0.1842 -0.9179
vn 0.5861 -0.5762 -0.5697
vn -0.0642 -0.8582 -0.5093
vn 0.2028 -0.6142 -0.7626
vn 0.0073 -0.8036 -0.5951
vn 0.3006 -0.4918 -0.8172
vn 0.4404 -0.8366 -0.3259
vn -0.2473 -0.5213 -0.8167
vn 0.0243 -0.5790 -0.8150
vn 0.5344 -0.5622 -0.6312
vn 0.1227 -0.7707 -0.6253
vn 0.0876 -0.4524 -0.8875
vn 0.4102 -0.2493 -0.8773
vn -0.5490 -0.6625 -0.5095
vn -0.1835 -0.5104 -0.8401
vn 0.2210 -0.5873 -0.7786
vn -0.1214 -0.4449 -0.8873
vn 0.1918 -0.6564 -0.7296
vn 0.0790 -0.3484 -0.9340
vn -0.3180 -0.4491 -0.8350
vn -0.2847 -0.8266 -0.4855
vn -0.5651 -0.1731 -0.8067
vn -0.0221 -0.8629 -0.5049
vn -0.1553 -0.8072 -0.5695
vn 0.3273 -0.8270 -0.4572
vn -0.4088 -0.4821 -0.7749
vn 0.0312 -0.5747 -0.8178
vn 0.0449 -0.9112 -0.4095
vn -0.0660 -0.0020 -0.9978
vn 0.1050 -0.2269 -0.9682
vn -0.2986 -0.0628 -0.9523
vn -0.4677 0.2728 -0.8407
vn -0.5160 0.0334 -0.8559
vn -0.6729 0.4020 -0.6210
vn 0.2200 0.0812 -0.9721
vn 0.1727 0.0584 -0.9832
vn 0.1182 -0.1840 -0.9758
vn 0.4103 -0.3598 -0.8380
vn 0.6456 -0.2620 -0.7174
vn 0.6198 -0.6746 -0.4010
vn -0.0827 0.6916 -0.7175
vn -0.0226 0.5648 -0.8249
vn 0.0279 0.5496 -0.8349
vn -0.0591 0.6860 -0.7252
vn -0.1902 0.5430 -0.8179
vn -0.4968 0.4748 -0.7265
vn 0.1643 -0.6232 -0.7646
vn 0.1042 -0.6068 -0.7880
vn 0.0863 -0.7913 -0.6053
vn -0.1894 0.5745 -0.7963
vn -0.0039 0.5314 -0.8471
vn 0.0573 0.5596 -0.8268
vn -0.1109 -0.7005 -0.7049
vn 0.1444 -0.6688 -0.7293
vn 0.4466 -0.7840 -0.4311
vn -0.2407 -0.1594 -0.9574
vn 0.0574 -0.5417 -0.8386
vn -0.6591 -0.3349 -0.6734
vn -0.0930 -0.2369 -0.9671
vn -0.0685 -0.7037 -0.7071
vn -0.3691 0.0345 -0.9287
vn -0.0076 -0.5128 -0.8585
vn -0.1143 -0.7879 -0.6051
vn -0.3745 -0.3223 -0.8694
vn -0.1272 -0.7781 -0.6151
vn -0.0158 -0.6250 -0.7805
vn -0.4195 -0.5586 -0.7155
vn 0.0025 -0.9363 -0.3511
vn 0.0892 -0.6036 -0.7923
vn 0.2875 -0.6893 -0.6650
vn -0.2500 -0.6506 -0.7171
vn -0.2983 -0.8066 -0.5102
vn 0.0204 -0.6991 -0.7147
vn 0.5709 0.1397 -0.8091
vn 0.7505 -0.5282 -0.3973
vn 0.2535 -0.3613 -0.8973
vn 0.0161 0.6637 -0.7478
vn 0.3736 0.5525 -0.7451
vn 0.1314 0.4804 -0.8671
vn 0.3536 0.0760 -0.9323
vn 0.4921 0.2967 -0.8184
vn 0.2756 -0.2860 -0.9178
vn 0.0328 -0.0165 -0.9993
vn 0.3641 -0.1670 -0.9163
vn -0.3745 -0.3266 -0.8678
vn 0.0423 0.6716 -0.7397
vn -0.1244 0.5235 -0.8429
vn -0.2386 0.5847 -0.7754
vn -0.2010 0.2635 -0.9435
vn -0.1771 0.1220 -0.9766
vn -0.1373 -0.4026 -0.9050
vn -0.1742 0.2910 -0.9407
vn 0.2555 0.3535 -0.8999
vn -0.0798 0.2249 -0.9711
vn -0.0366 0.1268 -0.9913
vn 0.5318 -0.7988 -0.2813
vn 0.6689 -0.4566 0.5865
vn 0.4878 -0.3153 -0.8141
vn 0.5394 -0.0718 -0.8390
vn 0.6032 0.2709 -0.7502
vn 0.7696 0.0555 0.6361
vn 0.7087 -0.1455 0.6903
vn 0.7294 -0.2956 0.6169
vn 0.9367 -0.1764 0.3024
vn 0.7541 -0.1212 0.6455
vn 0.9372 -0.1757 0.3012
vn 0.7601 -0.0785 0.6451
vn 0.9362 -0.1709 0.3071
vn 0.8214 -0.1445 -0.5517
vn 0.9390 -0.1968 -0.2821
vn 0.9410 -0.1908 -0.2794
vn 0.7973 -0.3101 -0.5178
vn 0.8076 -0.1791 -0.5618
vn 0.9400 -0.1912 -0.2826
vn 0.9176 -0.1659 -0.3612
vn 0.6943 -0.2859 -0.6605
vn 0.7173 -0.1134 -0.6875
vn 0.7227 -0.0695 -0.6876
vn 0.9181 -0.1657 -0.3600
vn 0.9557 -0.1943 0.2210
vn 0.9555 -0.1955 0.2210
vn 0.8502 -0.1451 0.5060
vn 0.8393 -0.1793 0.5133
vn 0.8238 -0.3133 0.4725
vn 0.9555 -0.1951 0.2213
vn 0.5401 -0.3300 0.7742
vn 0.6132 -0.4566 -0.6446
vn 0.5934 -0.0878 0.8001
vn 0.7148 0.0692 -0.6958
vn 0.6529 0.2538 0.7137
vn 0.6495 -0.1282 -0.7495
vn 0.4489 -0.6799 0.5799
vn 0.5743 -0.5935 0.5639
vn 0.5696 -0.5894 0.5729
vn 0.8209 -0.4217 0.3850
vn 0.8132 -0.4317 0.3903
vn 0.8176 -0.4320 0.3808
vn 0.8139 -0.4339 0.3863
vn 0.8214 -0.4237 0.3819
vn 0.8214 -0.4227 0.3830
vn 0.5738 -0.5912 0.5668
vn 0.4500 -0.6095 0.6527
vn 0.3707 -0.6639 0.6495
vn 0.7954 -0.4213 -0.4357
vn 0.6284 -0.5372 -0.5626
vn 0.7189 -0.4625 -0.5190
vn 0.7286 -0.5190 -0.4470
vn 0.7944 -0.4207 -0.4380
vn 0.7944 -0.4206 -0.4382
vn 0.5877 0.8087 -0.0240
vn 0.6135 0.7712 0.1700
vn 0.8928 0.4492 -0.0328
vn 0.8940 0.4472 -0.0288
vn 0.5924 0.7893 -0.1617
vn 0.8945 0.4456 -0.0350
vn 0.9699 -0.2421 -0.0248
vn 0.9690 -0.2450 -0.0310
vn 0.9697 -0.2422 -0.0324
vn 0.9702 -0.2405 -0.0312
vn 0.8995 -0.4264 -0.0952
vn 0.9903 -0.1349 -0.0330
vn 0.9897 -0.1391 -0.0331
vn 0.9905 -0.1341 -0.0310
vn 0.9098 -0.3988 0.1150
vn 0.8844 -0.4662 -0.0247
vn 0.6010 0.7873 0.1376
vn 0.8964 0.4430 -0.0156
vn 0.8961 0.4438 -0.0070
vn 0.6015 0.7744 -0.1962
vn 0.5879 0.8089 -0.0000
vn 0.9702 -0.2403 -0.0319
vn 0.9686 -0.2476 -0.0226
vn 0.9691 -0.2448 -0.0307
vn 0.9670 -0.2530 -0.0312
vn 0.9693 -0.2434 -0.0352
vn 0.9693 -0.2434 -0.0346
vn 0.9903 -0.1357 -0.0286
vn 0.9896 -0.1401 -0.0338
vn 0.9034 -0.4271 0.0371
vn 0.9014 -0.3976 -0.1713
vn 0.9892 -0.1425 -0.0330
vn 0.8841 -0.4662 -0.0329
vn 0.6499 -0.1064 -0.7525
vn 0.6998 0.6282 0.3401
vn 0.5620 -0.1435 0.8146
vn 0.5668 -0.1514 0.8098
vn 0.5545 -0.7552 -0.3496
vn 0.6249 -0.1199 -0.7715
vn 0.9154 -0.1933 -0.3532
vn 0.7473 -0.5628 -0.3533
vn 0.6926 -0.1636 -0.7025
vn 0.9156 -0.1952 -0.3515
vn 0.9173 -0.1949 -0.3472
vn 0.7010 -0.1614 -0.6947
vn 0.9575 -0.1825 0.2235
vn 0.8459 -0.1475 0.5126
vn 0.9580 -0.1816 0.2220
vn 0.8454 -0.4658 0.2613
vn 0.9568 -0.1820 0.2266
vn 0.8460 -0.1466 0.5126
vn 0.8327 0.4827 -0.2713
vn 0.0527 0.7972 -0.6014
vn 0.1433 0.7911 -0.5947
vn 0.7966 0.5112 -0.3226
vn 0.9516 0.2542 -0.1728
vn 0.8342 0.4808 -0.2700
vn 0.9150 0.3584 -0.1854
vn 0.9499 0.3041 0.0720
vn 0.9667 0.2441 0.0765
vn 0.9657 0.2569 0.0388
vn 0.9577 0.2833 0.0501
vn 0.9680 0.2443 0.0581
vn 0.9691 0.1690 0.1795
vn 0.9631 0.2300 0.1400
vn 0.9612 0.2290 0.1538
vn 0.9238 -0.3815 -0.0334
vn 0.9222 -0.3855 -0.0299
vn 0.9209 -0.3881 -0.0363
vn 0.9239 -0.3826 0.0031
vn 0.9227 -0.3852 -0.0145
vn 0.9226 -0.3855 -0.0164
vn 0.9151 -0.4020 -0.0314
vn 0.9178 -0.3903 -0.0730
vn 0.9232 -0.3779 -0.0704
vn 0.9208 -0.3869 -0.0498
vn 0.7081 -0.6446 -0.2884
vn 0.7039 -0.6318 -0.3246
vn 0.7007 -0.6473 -0.3001
vn 0.7282 -0.6092 -0.3138
vn 0.7102 -0.6237 -0.3264
vn 0.6827 -0.6450 -0.3434
vn 0.6647 0.4846 0.5686
vn 0.5034 0.8395 0.2047
vn 0.6383 0.4961 0.5886
vn 0.6422 0.5099 0.5724
vn 0.1338 0.7951 0.5915
vn 0.2136 0.7300 0.6493
vn 0.7346 -0.1702 0.6568
vn 0.7672 -0.5677 0.2986
vn 0.9371 -0.1903 0.2926
vn 0.9350 -0.1942 0.2967
vn 0.9367 -0.1905 0.2939
vn 0.7380 -0.1698 0.6531
vn 0.8118 -0.1379 -0.5674
vn 0.9441 -0.1711 -0.2819
vn 0.9444 -0.1707 -0.2810
vn 0.9446 -0.1726 -0.2793
vn 0.8265 -0.4651 -0.3171
vn 0.8154 -0.1397 -0.5618
vn 0.6642 0.6409 -0.3848
vn 0.7058 -0.1213 0.6979
vn 0.5013 -0.1354 -0.8546
vn 0.5911 -0.7469 0.3045
vn 0.5027 -0.1430 -0.8525
vn 0.6822 -0.1287 0.7197
vn 0.9256 -0.3778 -0.0244
vn 0.9217 -0.3873 -0.0230
vn 0.9223 -0.3856 -0.0260
vn 0.9245 -0.3767 -0.0590
vn 0.9219 -0.3852 -0.0411
vn 0.9220 -0.3848 -0.0430
vn 0.9163 -0.3996 -0.0269
vn 0.9249 -0.3800 0.0114
vn 0.9211 -0.3891 0.0137
vn 0.9216 -0.3880 -0.0057
vn 0.7169 -0.6376 0.2821
vn 0.7236 -0.6485 0.2362
vn 0.7173 -0.6494 0.2523
vn 0.7287 -0.6278 0.2735
vn 0.7473 -0.6073 0.2697
vn 0.7036 -0.6484 0.2906
vn 0.4905 0.8407 -0.2294
vn 0.6276 0.4958 -0.6003
vn 0.5986 0.5085 -0.6190
vn 0.6106 0.5195 -0.5977
vn 0.1801 0.7350 -0.6537
vn 0.0960 0.8016 -0.5901
vn 0.0822 0.7918 0.6052
vn 0.8221 0.5054 0.2622
vn 0.1799 0.7863 0.5911
vn 0.9624 0.2438 0.1198
vn 0.8156 0.5045 0.2834
vn 0.8473 0.4796 0.2282
vn 0.9266 0.3509 0.1355
vn 0.9625 0.2406 -0.1257
vn 0.9447 0.3053 -0.1197
vn 0.9614 0.2580 -0.0954
vn 0.9652 0.2378 -0.1089
vn 0.9524 0.2871 -0.1022
vn 0.9588 0.1632 -0.2324
vn 0.9505 0.2283 -0.2109
vn 0.9531 0.2295 -0.1972
vn 0.1712 0.9845 0.0384
vn 0.1681 0.9850 0.0378
vn 0.1721 0.9843 0.0391
vn 0.1780 0.9829 0.0473
vn 0.1708 0.9846 0.0374
vn 0.0040 1.0000 0.0018
vn 0.0117 0.9999 0.0121
vn -0.0016 0.9999 0.0129
vn 0.1754 0.9837 0.0397
vn 0.0030 0.9991 0.0417
vn -0.0037 0.9994 0.0343
vn 0.0051 0.9994 0.0346
vn 0.1771 0.9835 0.0383
vn -0.0724 0.9966 0.0402
vn -0.1210 0.9911 0.0552
vn -0.0847 0.9958 0.0338
vn 0.1710 0.9846 0.0373
vn -0.0731 0.9963 0.0460
vn -0.0498 0.9964 0.0679
vn -0.1008 0.9916 0.0809
vn 0.1697 0.9854 0.0150
vn -0.1048 0.9919 0.0723
vn -0.0344 0.9985 0.0418
vn -0.0450 0.9966 0.0691
vn 0.1731 0.9841 0.0395
vn 0.1826 0.9831 0.0162
vn 0.1771 0.9840 0.0206
vn -0.0937 0.9678 0.2336
vn -0.0763 0.9808 0.1793
vn -0.0183 0.9788 0.2039
vn 0.0068 0.9952 0.0980
vn 0.0006 0.9957 0.0930
vn 0.0333 0.9933 0.1105
vn 0.1597 0.9815 0.1055
vn 0.1306 0.9912 0.0215
vn 0.1974 0.9802 -0.0152
vn 0.0086 0.9997 0.0224
vn 0.0228 0.9996 0.0143
vn 0.0276 0.9995 0.0182
vn 0.2861 0.9523 0.1059
vn 0.2526 0.9604 0.1179
vn 0.2355 0.9713 0.0340
vn -0.0619 0.9978 0.0219
vn -0.0749 0.9971 0.0157
vn -0.0642 0.9978 0.0178
vn -0.0077 0.9704 -0.2415
vn 0.0146 0.9842 -0.1762
vn -0.0675 0.9719 -0.2253
vn -0.0558 0.9964 -0.0636
vn -0.0665 0.9930 -0.0980
vn -0.0522 0.9958 -0.0746
vn 0.0064 0.9986 -0.0521
vn -0.0608 0.9951 -0.0779
vn -0.0282 0.9967 -0.0761
vn 0.1760 0.9836 -0.0397
vn 0.1704 0.9843 -0.0466
vn 0.1798 0.9829 -0.0397
vn 0.3371 0.9415 0.0013
vn 0.3323 0.9431 -0.0109
vn 0.3453 0.9384 -0.0132
vn 0.1712 0.9845 -0.0375
vn 0.3418 0.9389 -0.0396
vn 0.3438 0.9384 -0.0340
vn 0.3379 0.9405 -0.0351
vn 0.1745 0.9838 -0.0400
vn 0.4109 0.9106 -0.0445
vn 0.4574 0.8878 -0.0510
vn 0.4234 0.9054 -0.0322
vn 0.1719 0.9844 -0.0383
vn 0.4402 0.8944 -0.0794
vn 0.4159 0.9080 -0.0506
vn 0.3919 0.9174 -0.0693
vn 0.1711 0.9846 -0.0368
vn 0.3765 0.9255 -0.0423
vn 0.3888 0.9185 -0.0724
vn 0.4420 0.8941 -0.0720
vn 0.1738 0.9840 -0.0399
vn 0.3541 0.9124 -0.2053
vn 0.4220 0.8756 -0.2352
vn 0.4038 0.8973 -0.1784
vn 0.1744 0.9846 -0.0131
vn 0.1870 0.9766 -0.1061
vn 0.2189 0.9755 -0.0206
vn 0.1443 0.9895 0.0118
vn 0.1709 0.9846 -0.0370
vn 0.1621 0.9866 -0.0171
vn 0.1714 0.9850 -0.0211
vn 0.0593 0.9925 -0.1068
vn 0.0934 0.9886 -0.1183
vn 0.1117 0.9931 -0.0360
vn 0.3351 0.9359 -0.1085
vn 0.3419 0.9351 -0.0934
vn 0.3114 0.9433 -0.1151
vn 0.3419 0.9078 0.2429
vn 0.3247 0.9286 0.1798
vn 0.3987 0.8887 0.2262
vn 0.3358 0.9417 -0.0224
vn 0.3285 0.9443 -0.0204
vn 0.3174 0.9481 -0.0187
vn 0.4026 0.9151 -0.0223
vn 0.4144 0.9100 -0.0151
vn 0.4104 0.9118 -0.0123
vn 0.3409 0.9386 0.0531
vn 0.4002 0.9130 0.0792
vn 0.3701 0.9259 0.0752
vn 0.3923 0.9168 0.0746
vn 0.3952 0.9156 0.0744
vn 0.4040 0.9094 0.0992
vn 0.1777 0.9834 0.0368
vn 0.1773 0.9834 0.0379
vn 0.1720 0.9840 0.0456
vn 0.3309 0.9436 -0.0059
vn 0.3427 0.9394 0.0010
vn 0.3333 0.9428 0.0001
vn 0.1775 0.9835 0.0349
vn 0.1743 0.9839 0.0399
vn 0.1712 0.9845 0.0376
vn 0.3430 0.9389 0.0297
vn 0.3440 0.9384 0.0316
vn 0.3402 0.9399 0.0277
vn 0.1746 0.9838 0.0398
vn 0.4615 0.8859 0.0465
vn 0.4158 0.9089 0.0317
vn 0.4201 0.9072 0.0200
vn 0.1714 0.9845 0.0372
vn 0.4207 0.9067 0.0308
vn 0.4387 0.8956 0.0741
vn 0.3880 0.9199 0.0570
vn 0.1712 0.9845 0.0374
vn 0.4214 0.9064 0.0274
vn 0.4949 0.8670 0.0587
vn 0.4321 0.9002 0.0549
vn 0.1739 0.9840 0.0398
vn 0.4761 0.8427 0.2512
vn 0.4000 0.8900 0.2188
vn 0.4624 0.8655 0.1927
vn 0.1769 0.9842 0.0102
vn 0.1937 0.9744 0.1140
vn 0.1477 0.9888 -0.0199
vn 0.2254 0.9741 0.0161
vn 0.1708 0.9846 0.0376
vn 0.1721 0.9847 0.0257
vn 0.1618 0.9867 0.0133
vn 0.1097 0.9857 0.1280
vn 0.0693 0.9903 0.1201
vn 0.1252 0.9913 0.0395
vn 0.3391 0.9351 0.1030
vn 0.3110 0.9445 0.1054
vn 0.3414 0.9359 0.0867
vn 0.3299 0.9197 -0.2128
vn 0.3457 0.8940 -0.2850
vn 0.4105 0.8704 -0.2720
vn 0.3310 0.9436 0.0119
vn 0.3301 0.9439 0.0129
vn 0.3168 0.9484 0.0122
vn 0.3996 0.9167 0.0086
vn 0.4092 0.9124 -0.0066
vn 0.4107 0.9118 0.0018
vn 0.4337 0.8943 -0.1105
vn 0.3727 0.9250 -0.0734
vn 0.4016 0.9106 -0.0972
vn 0.3862 0.9174 -0.0958
vn 0.3830 0.9192 -0.0912
vn 0.3902 0.9128 -0.1210
vn 0.1789 0.9830 -0.0402
vn 0.1725 0.9842 -0.0392
vn 0.1720 0.9843 -0.0390
vn 0.1710 0.9846 -0.0352
vn 0.1803 0.9829 -0.0377
vn 0.1762 0.9832 -0.0468
vn 0.1710 0.9846 -0.0373
vn 0.0134 0.9999 0.0088
vn 0.0107 0.9999 0.0053
vn 0.0005 1.0000 -0.0007
vn 0.1753 0.9837 -0.0400
vn -0.0018 0.9996 -0.0286
vn -0.0077 0.9996 -0.0265
vn 0.0023 0.9996 -0.0274
vn 0.1779 0.9834 -0.0373
vn -0.1285 0.9909 -0.0389
vn -0.0762 0.9967 -0.0279
vn -0.0808 0.9965 -0.0221
vn 0.1710 0.9846 -0.0370
vn -0.0778 0.9966 -0.0279
vn -0.1070 0.9918 -0.0703
vn -0.0477 0.9972 -0.0580
vn 0.1673 0.9858 -0.0124
vn -0.0819 0.9963 -0.0271
vn -0.1648 0.9847 -0.0570
vn -0.0971 0.9935 -0.0590
vn 0.1828 0.9831 -0.0127
vn 0.1733 0.9841 -0.0397
vn 0.1764 0.9840 -0.0251
vn -0.1545 0.9561 -0.2489
vn -0.0678 0.9738 -0.2172
vn -0.1382 0.9715 -0.1927
vn 0.0012 0.9963 -0.0863
vn -0.0007 0.9957 -0.0929
vn 0.0339 0.9943 -0.1008
vn 0.1539 0.9817 -0.1121
vn 0.1966 0.9803 0.0214
vn 0.1240 0.9921 -0.0165
vn 0.0147 0.9998 -0.0130
vn 0.0262 0.9996 -0.0118
vn 0.0188 0.9998 -0.0045
vn 0.2377 0.9630 -0.1269
vn 0.2757 0.9538 -0.1194
vn 0.2234 0.9739 -0.0389
vn -0.0576 0.9983 -0.0088
vn -0.0616 0.9981 0.0020
vn -0.0717 0.9974 -0.0041
vn -0.0169 0.9588 0.2835
vn -0.0831 0.9593 0.2700
vn 0.0069 0.9775 0.2106
vn -0.0431 0.9955 0.0848
vn -0.0414 0.9950 0.0908
vn -0.0584 0.9915 0.1164
vn -0.0291 0.9969 0.0727
vn -0.0660 0.9924 0.1035
vn -0.0974 0.9891 0.1104
vn -0.8646 0.4867 0.1250
vn -0.6736 0.7390 0.0130
vn -0.6728 0.7395 0.0219
vn 0.1716 0.9850 -0.0150
vn 0.1761 0.9843 -0.0083
vn 0.1752 0.9844 -0.0141
vn -0.6744 0.7382 0.0134
vn -0.8669 0.4892 -0.0958
vn -0.9041 0.4267 0.0246
vn 0.1794 0.9837 -0.0148
vn 0.1728 0.9848 -0.0155
vn 0.5776 0.8120 0.0836
vn 0.5487 0.8131 -0.1943
vn 0.1741 0.9846 -0.0151
vn 0.5877 0.8087 -0.0241
vn 0.1778 0.9839 0.0173
vn 0.5585 0.8118 0.1705
vn 0.5719 0.8134 -0.1062
vn 0.1736 0.9847 0.0167
vn 0.1783 0.9839 0.0119
vn 0.1830 0.9830 0.0126
vn -0.6710 0.7405 0.0393
vn -0.8702 0.4878 -0.0693
vn -0.6719 0.7401 0.0291
vn -0.8992 0.4363 0.0329
vn -0.8592 0.4881 0.1534
vn -0.6734 0.7383 0.0386
vn -0.1744 0.9632 -0.2045
vn -0.9891 0.1317 -0.0660
vn -0.8595 0.4548 -0.2331
vn 0.0506 0.7605 -0.6474
vn -0.6391 0.1975 -0.7433
vn 0.8326 0.4831 -0.2709
vn 0.1432 0.7911 -0.5947
vn 0.8040 0.5124 -0.3017
vn -0.4208 0.8720 0.2500
vn 0.2259 0.7661 0.6018
vn 0.1355 0.7985 0.5866
vn -0.0770 0.6671 0.7409
vn -0.5642 0.7700 0.2979
vn -0.6034 0.7523 0.2644
vn -0.4391 0.8718 -0.2170
vn 0.0982 0.8046 -0.5857
vn 0.1949 0.7706 -0.6068
vn -0.1222 0.6766 -0.7261
vn -0.6189 0.7527 -0.2243
vn -0.5860 0.7684 -0.2572
vn -0.1652 0.9595 0.2280
vn -0.8375 0.4625 0.2911
vn -0.9823 0.1400 0.1242
vn -0.5986 0.2023 0.7750
vn 0.0828 0.7549 0.6506
vn 0.1799 0.7864 0.5910
vn 0.8220 0.5058 0.2618
vn 0.0809 0.7918 0.6054
vn 0.8458 0.4816 0.2294
vn -0.8183 0.0133 0.5747
vn -0.6309 0.0886 0.7708
vn -0.8140 0.1382 0.5642
vn -0.6291 0.0901 0.7721
vn -0.8078 0.1730 0.5635
vn -0.6308 0.1064 0.7686
vn 0.3290 -0.0493 0.9430
vn 0.6580 -0.2961 0.6923
vn 0.7326 -0.1456 0.6649
vn -0.1218 -0.0048 0.9925
vn -0.1400 -0.0152 0.9900
vn -0.1251 -0.0077 0.9921
vn 0.6821 0.0872 0.7261
vn 0.2798 -0.0842 0.9564
vn 0.2888 -0.0710 0.9548
vn 0.3358 -0.0923 0.9374
vn 0.3328 -0.0739 0.9401
vn 0.3221 -0.0847 0.9429
vn -0.1308 -0.0044 0.9914
vn 0.3015 -0.0859 0.9496
vn 0.3051 -0.1040 0.9466
vn 0.3122 -0.0935 0.9454
vn 0.0294 0.0325 0.9990
vn 0.0298 0.0304 0.9991
vn 0.0315 0.0330 0.9990
vn 0.0310 0.0274 0.9991
vn 0.0330 0.0344 0.9989
vn 0.0286 0.0360 0.9989
vn 0.0300 0.0287 0.9991
vn 0.4916 -0.0598 0.8688
vn 0.7421 -0.1623 0.6504
vn 0.4848 -0.0676 0.8720
vn 0.0313 0.0329 0.9990
vn 0.7505 0.0336 0.6600
vn 0.4930 -0.0606 0.8679
vn 0.7489 -0.1214 0.6515
vn -0.4059 0.3854 0.8287
vn -0.5266 -0.0770 0.8466
vn 0.0307 0.0325 0.9990
vn -0.5305 0.1352 0.8368
vn 0.6628 -0.1685 0.7296
vn 0.7972 -0.2992 0.5243
vn 0.8379 -0.1791 0.5157
vn 0.8464 -0.1430 0.5130
vn 0.6607 -0.1680 0.7316
vn 0.6642 -0.1501 0.7323
vn -0.6612 -0.0171 0.7500
vn -0.2263 0.0574 0.9724
vn -0.6753 0.1288 0.7262
vn 0.1741 -0.0712 0.9822
vn 0.1687 -0.0641 0.9836
vn 0.1600 -0.0673 0.9848
vn -0.1950 0.0058 0.9808
vn -0.5170 0.3480 0.7821
vn -0.1992 0.0257 0.9796
vn -0.2832 0.0469 0.9579
vn -0.2898 0.0348 0.9565
vn -0.2760 0.0346 0.9605
vn 0.1658 -0.0701 0.9837
vn 0.1719 -0.0721 0.9825
vn 0.1731 -0.0694 0.9825
vn -0.2677 0.0147 0.9634
vn -0.2567 0.0216 0.9662
vn -0.2669 0.0182 0.9636
vn 0.0405 0.0348 0.9986
vn 0.0306 0.0280 0.9991
vn 0.0372 0.0324 0.9988
vn -0.7125 0.1184 0.6916
vn -0.4294 0.1256 0.8943
vn -0.4287 0.1131 0.8963
vn 0.0335 0.0330 0.9989
vn -0.4311 0.1257 0.8935
vn -0.6462 0.3063 0.6990
vn -0.6991 0.1612 0.6966
vn 0.0304 0.0282 0.9991
vn 0.0315 0.0329 0.9990
vn 0.5614 0.2327 0.7941
vn 0.0348 0.0278 0.9990
vn 0.5204 -0.2665 0.8113
vn 0.5945 -0.0883 0.7992
vn -0.1794 -0.1428 0.9734
vn -0.1648 -0.1331 0.9773
vn -0.1761 -0.1443 0.9737
vn -0.1047 -0.1847 0.9772
vn -0.1068 -0.2003 0.9739
vn -0.1146 -0.1823 0.9765
vn 0.1596 -0.1934 0.9680
vn 0.1692 -0.2105 0.9628
vn 0.1656 -0.2087 0.9639
vn -0.1540 -0.1174 0.9811
vn -0.1374 -0.1143 0.9839
vn -0.1314 -0.1164 0.9845
vn 0.0821 -0.2381 0.9678
vn 0.0895 -0.2196 0.9715
vn 0.0973 -0.2193 0.9708
vn -0.0762 0.2084 0.9751
vn -0.0801 0.2081 0.9748
vn -0.0984 0.2151 0.9716
vn 0.1595 -0.1755 0.9715
vn 0.1362 -0.1715 0.9757
vn 0.1413 -0.1697 0.9753
vn -0.0217 0.2755 0.9611
vn -0.0287 0.2580 0.9657
vn -0.0379 0.2573 0.9656
vn 0.2136 0.1569 0.9642
vn 0.1980 0.1532 0.9682
vn 0.1909 0.1563 0.9691
vn -0.1084 0.2482 0.9626
vn -0.1040 0.2483 0.9631
vn -0.0995 0.2316 0.9677
vn 0.1642 0.2235 0.9608
vn 0.1665 0.2382 0.9568
vn 0.1748 0.2209 0.9595
vn 0.2387 0.1810 0.9541
vn 0.2251 0.1720 0.9590
vn 0.2334 0.1834 0.9549
vn -0.0388 0.2261 0.9733
vn -0.0657 0.2240 0.9724
vn -0.0796 0.2265 0.9708
vn -0.1429 0.2171 0.9656
vn -0.1253 0.2040 0.9709
vn -0.0827 0.2206 0.9718
vn -0.0406 0.1509 0.9877
vn -0.0254 0.1277 0.9915
vn -0.0443 0.1314 0.9903
vn -0.0278 0.1063 0.9939
vn -0.0511 0.1138 0.9922
vn -0.0686 0.0889 0.9937
vn 0.1358 -0.3376 0.9314
vn 0.1743 -0.2742 0.9458
vn 0.1814 -0.3224 0.9290
vn 0.1710 -0.3225 0.9310
vn 0.0338 -0.2817 0.9589
vn 0.0947 -0.2964 0.9504
vn 0.0733 -0.4229 0.9032
vn 0.1156 -0.4208 0.8997
vn 0.1657 -0.3781 0.9108
vn 0.2062 -0.1232 0.9707
vn 0.1757 -0.2799 0.9438
vn 0.2242 -0.2606 0.9390
vn 0.3569 -0.1953 0.9135
vn 0.1740 -0.3220 0.9306
vn 0.2322 -0.3301 0.9149
vn 0.1866 0.1745 0.9668
vn 0.1709 0.1870 0.9674
vn 0.2068 0.1713 0.9633
vn 0.2412 0.1385 0.9605
vn 0.2563 0.1418 0.9561
vn 0.2103 0.1655 0.9635
vn 0.1119 0.1130 0.9873
vn 0.1409 0.1125 0.9836
vn 0.1384 0.0926 0.9860
vn 0.1410 0.0741 0.9872
vn 0.1206 0.0932 0.9883
vn 0.1448 0.0447 0.9885
vn -0.0595 -0.2662 0.9621
vn -0.2248 -0.2454 0.9430
vn -0.1795 -0.2595 0.9489
vn -0.1660 -0.2610 0.9510
vn -0.1488 -0.2493 0.9569
vn -0.1624 -0.1722 0.9716
vn -0.2480 -0.2651 0.9318
vn -0.2375 -0.2810 0.9298
vn -0.2186 -0.2997 0.9286
vn -0.2442 -0.1705 0.9546
vn -0.2569 -0.1916 0.9472
vn -0.1791 -0.0498 0.9826
vn -0.2270 -0.2440 0.9428
vn -0.3462 -0.0583 0.9363
vn -0.2856 -0.2289 0.9306
vn -0.4235 -0.5670 0.7066
vn -0.6025 -0.4497 0.6593
vn -0.5447 -0.5275 0.6520
vn -0.5320 -0.4822 0.6960
vn -0.4237 -0.5687 0.7050
vn -0.4257 -0.5648 0.7069
vn -0.2474 -0.6520 0.7167
vn -0.2522 -0.6513 0.7157
vn -0.2518 -0.6524 0.7148
vn -0.2471 -0.6521 0.7167
vn 0.0222 -0.0305 0.9993
vn 0.0228 -0.0307 0.9993
vn 0.0224 -0.0309 0.9993
vn 0.0213 -0.0312 0.9993
vn 0.0224 -0.0313 0.9993
vn 0.0223 -0.0309 0.9993
vn 0.1031 -0.2549 0.9615
vn 0.1128 -0.2361 0.9652
vn 0.1410 -0.2229 0.9646
vn 0.1911 -0.2323 0.9537
vn 0.1693 -0.2323 0.9578
vn 0.1350 -0.2361 0.9623
vn 0.0980 -0.1866 0.9775
vn 0.0705 -0.1603 0.9845
vn 0.0972 -0.1581 0.9826
vn 0.0744 -0.1319 0.9885
vn 0.1138 -0.1265 0.9854
vn 0.1423 -0.0844 0.9862
vn -0.3004 0.1660 0.9393
vn -0.1360 0.3215 0.9371
vn -0.3361 0.3541 0.8727
vn -0.0559 0.3375 0.9397
vn -0.1724 0.2888 0.9417
vn -0.1602 0.2488 0.9552
vn -0.1793 0.3610 0.9152
vn -0.0969 0.3873 0.9169
vn -0.1408 0.3640 0.9207
vn -0.0756 0.2880 0.9546
vn -0.0765 0.3064 0.9488
vn -0.1612 0.3143 0.9355
vn -0.1333 0.3221 0.9373
vn 0.0226 0.2616 0.9649
vn 0.0669 0.3886 0.9190
vn -0.1366 -0.1853 0.9731
vn -0.1370 -0.2092 0.9682
vn -0.1550 -0.1641 0.9742
vn -0.1877 -0.1655 0.9682
vn -0.2067 -0.1522 0.9665
vn -0.1576 -0.1811 0.9708
vn -0.0757 -0.1361 0.9878
vn -0.1060 -0.1469 0.9835
vn -0.0906 -0.1219 0.9884
vn -0.0986 -0.0873 0.9913
vn -0.0697 -0.1006 0.9925
vn -0.1067 -0.0396 0.9935
vn 0.1221 0.2507 0.9603
vn 0.2848 0.2450 0.9268
vn 0.1231 0.3767 0.9181
vn 0.2175 0.2474 0.9442
vn 0.2186 0.2391 0.9461
vn 0.3086 0.2266 0.9238
vn 0.2777 0.3132 0.9082
vn 0.3364 0.2680 0.9028
vn 0.3029 0.2849 0.9095
vn 0.2900 0.1628 0.9431
vn 0.3191 0.1985 0.9267
vn 0.2167 0.2890 0.9325
vn 0.2870 0.2437 0.9264
vn 0.3894 0.0349 0.9204
vn 0.4908 0.1991 0.8482
vn 0.0282 -0.0402 0.9988
vn 0.0223 -0.0359 0.9991
vn 0.0237 -0.0352 0.9991
vn 0.0268 -0.0448 0.9986
vn 0.0302 -0.0409 0.9987
vn 0.0330 -0.0490 0.9983
vn 0.0241 -0.0411 0.9989
vn -0.4179 0.0512 0.9071
vn -0.7077 0.1125 0.6975
vn -0.4125 0.0512 0.9095
vn 0.0175 -0.0391 0.9991
vn 0.0213 -0.0438 0.9988
vn 0.0240 -0.0424 0.9988
vn -0.5102 -0.2889 0.8101
vn -0.4167 0.0499 0.9077
vn -0.7036 0.1123 0.7016
vn -0.0179 -0.0287 0.9994
vn -0.0204 -0.0364 0.9991
vn 0.5557 -0.2073 0.8051
vn 0.4551 0.3440 0.8213
vn -0.0225 -0.0344 0.9992
vn 0.5631 -0.1436 0.8138
vn 0.7260 0.1680 0.6668
vn 0.6631 -0.1029 0.7415
vn 0.8447 -0.1462 0.5149
vn 0.6662 -0.1105 0.7375
vn 0.8453 -0.1426 0.5149
vn 0.6598 -0.1032 0.7443
vn -0.1859 0.0238 0.9823
vn -0.4157 0.4447 0.7934
vn -0.6504 0.1293 0.7485
vn 0.1805 0.0126 0.9835
vn 0.1786 -0.0055 0.9839
vn 0.1775 -0.0061 0.9841
vn -0.6247 0.0762 0.7771
vn -0.1558 0.0475 0.9866
vn -0.1560 0.0601 0.9859
vn 0.1756 0.0043 0.9844
vn -0.2586 0.0658 0.9637
vn -0.2538 0.0723 0.9646
vn -0.2664 0.0704 0.9613
vn -0.2766 0.0933 0.9564
vn -0.2817 0.0864 0.9556
vn -0.2721 0.0887 0.9582
vn 0.0079 -0.0310 0.9995
vn 0.0104 -0.0385 0.9992
vn 0.0117 -0.0432 0.9990
vn 0.7365 -0.1680 0.6552
vn 0.4515 -0.1151 0.8848
vn 0.4520 -0.1224 0.8836
vn 0.0200 -0.0404 0.9990
vn 0.4492 -0.1246 0.8847
vn 0.4022 -0.4680 0.7869
vn 0.7333 -0.1670 0.6591
vn 0.0172 -0.0426 0.9989
vn 0.0190 -0.0438 0.9989
vn 0.0687 -0.0536 0.9962
vn 0.0652 -0.0480 0.9967
vn -0.5261 -0.0082 0.8504
vn 0.0711 -0.0525 0.9961
vn -0.1786 0.4928 0.8516
vn -0.5115 0.0651 0.8568
vn -0.6031 0.1495 0.7835
vn -0.5712 0.4202 0.7051
vn -0.8031 0.1739 0.5698
vn -0.8061 0.1781 0.5643
vn -0.6149 0.1324 0.7774
vn -0.6098 0.1488 0.7785
vn 0.5891 0.2668 0.7627
vn 0.2772 -0.0668 0.9585
vn 0.7064 -0.1372 0.6944
vn -0.1104 0.0492 0.9927
vn -0.1116 0.0668 0.9915
vn -0.1135 0.0415 0.9927
vn 0.2521 -0.0329 0.9671
vn 0.6648 -0.1712 0.7271
vn 0.2581 -0.0194 0.9659
vn -0.1144 0.0668 0.9912
vn -0.1147 0.0489 0.9922
vn -0.1141 0.0598 0.9917
vn 0.3427 -0.0377 0.9387
vn 0.3402 -0.0319 0.9398
vn 0.3330 -0.0350 0.9423
vn 0.3147 -0.0431 0.9482
vn 0.3139 -0.0475 0.9483
vn 0.3259 -0.0455 0.9443
vn -0.7216 0.3413 -0.6023
vn -0.7420 0.1704 -0.6484
vn -0.9328 0.1899 -0.3062
vn -0.7511 0.1269 -0.6479
vn -0.9317 0.1935 -0.3074
vn -0.9336 0.1881 -0.3051
vn -0.9452 0.1755 0.2755
vn -0.8230 0.1032 0.5586
vn -0.9434 0.1725 0.2833
vn -0.7978 0.2769 0.5356
vn -0.9447 0.1766 0.2764
vn -0.8182 0.1377 0.5583
vn -0.7914 -0.1750 -0.5858
vn -0.5734 -0.1066 0.8123
vn -0.5306 0.1349 0.8368
vn -0.4604 0.4787 0.7475
vn -0.6923 0.3380 -0.6376
vn -0.7054 0.1368 -0.6954
vn -0.6255 -0.0973 -0.7742
vn -0.7385 -0.1908 0.6466
vn -0.5847 0.1434 -0.7985
vn -0.6352 0.3352 0.6958
vn -0.5109 0.4843 -0.7103
vn -0.6501 0.1204 0.7502
vn -0.6903 0.3291 0.6444
vn -0.9137 0.1879 0.3603
vn -0.7010 0.1615 0.6946
vn -0.9122 0.1897 0.3631
vn -0.7180 0.1190 0.6858
vn -0.9124 0.1898 0.3625
vn -0.8534 0.1111 -0.5093
vn -0.9596 0.1783 -0.2176
vn -0.9588 0.1763 -0.2226
vn -0.9592 0.1803 -0.2176
vn -0.8263 0.2852 -0.4857
vn -0.8496 0.1473 -0.5064
vn -0.7454 -0.3409 -0.5729
vn -0.6320 -0.4036 -0.6616
vn -0.5788 -0.4856 -0.6551
vn -0.6582 -0.4722 -0.5863
vn -0.7467 -0.3433 -0.5697
vn -0.7423 -0.3428 -0.5758
vn -0.9170 -0.0902 -0.3886
vn -0.9159 -0.0927 -0.3907
vn -0.9179 -0.0951 -0.3852
vn -0.9165 -0.0936 -0.3889
vn -0.9171 -0.0904 -0.3882
vn -0.9174 -0.0905 -0.3876
vn -0.6262 -0.4758 0.6176
vn -0.7082 -0.3410 0.6182
vn -0.7161 -0.3451 0.6067
vn -0.8905 -0.1018 0.4434
vn -0.8931 -0.0897 0.4409
vn -0.8950 -0.0987 0.4351
vn -0.8930 -0.0898 0.4410
vn -0.5956 -0.4101 0.6907
vn -0.7143 -0.3417 0.6107
vn -0.5416 -0.4942 0.6800
vn -0.9896 0.1398 0.0325
vn -0.9054 0.3921 0.1627
vn -0.8809 0.4726 0.0246
vn -0.9086 0.4153 -0.0437
vn -0.9899 0.1377 0.0333
vn -0.9904 0.1342 0.0320
vn -0.9701 0.2406 0.0318
vn -0.9698 0.2423 0.0291
vn -0.9695 0.2430 0.0323
vn -0.9697 0.2424 0.0306
vn -0.8944 -0.4460 0.0341
vn -0.5967 -0.7943 -0.1140
vn -0.8947 -0.4454 0.0327
vn -0.5877 -0.8087 0.0241
vn -0.5947 -0.7740 0.2172
vn -0.8941 -0.4467 0.0327
vn -0.9091 0.4021 -0.1089
vn -0.9903 0.1362 0.0269
vn -0.8807 0.4725 0.0328
vn -0.9894 0.1410 0.0338
vn -0.9903 0.1356 0.0293
vn -0.8997 0.4241 0.1030
vn -0.9678 0.2498 0.0300
vn -0.9700 0.2410 0.0323
vn -0.9701 0.2405 0.0326
vn -0.9692 0.2439 0.0347
vn -0.9685 0.2463 0.0353
vn -0.9682 0.2481 0.0309
vn -0.8958 -0.4442 0.0123
vn -0.6068 -0.7710 -0.1934
vn -0.5967 -0.8025 -0.0000
vn -0.5884 -0.7964 0.1398
vn -0.8965 -0.4428 0.0122
vn -0.8962 -0.4432 0.0208
vn -0.7499 0.5429 0.3780
vn -0.9215 0.1665 0.3508
vn -0.7095 0.1133 0.6956
vn -0.9215 0.1669 0.3507
vn -0.7053 0.1142 0.6996
vn -0.9217 0.1668 0.3501
vn -0.9549 0.1943 -0.2245
vn -0.8394 0.1792 -0.5132
vn -0.9549 0.1942 -0.2247
vn -0.8406 0.4831 -0.2449
vn -0.8386 0.1834 -0.5129
vn -0.6439 0.1430 0.7516
vn -0.4088 0.8463 -0.3415
vn -0.5712 0.0799 -0.8169
vn -0.5792 0.0712 -0.8121
vn -0.7986 -0.4911 0.3479
vn -0.6242 0.1278 0.7707
vn -0.9994 -0.0062 0.0346
vn -0.9993 -0.0174 0.0321
vn -0.9993 -0.0180 0.0338
vn -1.0000 -0.0053 0.0024
vn -0.9998 -0.0160 0.0147
vn -0.9997 -0.0165 0.0166
vn -0.9990 -0.0307 0.0317
vn -0.9976 -0.0102 0.0678
vn -0.9987 -0.0155 0.0486
vn -0.9971 -0.0192 0.0730
vn -0.8361 0.2307 0.4977
vn -0.8877 -0.3449 0.3051
vn -0.8949 -0.3381 0.2912
vn -0.8893 -0.3170 0.3297
vn -0.8661 0.4092 -0.2872
vn -0.9899 0.1111 -0.0882
vn -0.5580 0.7663 0.3186
vn -0.7915 0.5864 0.1722
vn -0.6041 0.7517 0.2645
vn -0.7203 0.6698 0.1805
vn -0.7709 0.6331 -0.0700
vn -0.8077 0.5849 -0.0740
vn -0.8099 0.5838 -0.0573
vn -0.8051 0.5918 -0.0404
vn -0.7845 0.6181 -0.0505
vn -0.8103 0.5662 -0.1510
vn -0.8378 0.5164 -0.1774
vn -0.8116 0.5676 -0.1382
vn -0.3698 0.8450 0.3863
vn -0.6998 0.1518 -0.6981
vn -0.5106 0.0640 0.8574
vn -0.8285 -0.4703 -0.3041
vn -0.5154 0.0549 0.8552
vn -0.6816 0.1366 -0.7189
vn -0.9423 0.1723 -0.2872
vn -0.7674 0.5504 -0.3288
vn -0.7463 0.1238 -0.6540
vn -0.7434 0.1218 -0.6577
vn -0.9416 0.1660 -0.2931
vn -0.9390 0.1741 -0.2967
vn -0.9409 0.1869 0.2824
vn -0.8076 0.1798 0.5617
vn -0.9405 0.1911 0.2809
vn -0.8259 0.4813 0.2937
vn -0.9414 0.1872 0.2805
vn -0.8040 0.1784 0.5673
vn -0.8049 0.5811 -0.1201
vn -0.5808 0.7648 -0.2788
vn -0.6196 0.7521 -0.2244
vn -0.7349 0.6660 -0.1279
vn -0.8050 0.5804 0.1225
vn -0.7656 0.6323 0.1189
vn -0.7991 0.5938 0.0941
vn -0.8083 0.5789 0.1076
vn -0.7783 0.6195 0.1021
vn -0.8297 0.5085 0.2302
vn -0.7993 0.5639 0.2077
vn -0.8013 0.5658 0.1945
vn -0.9990 -0.0081 0.0433
vn -0.9980 -0.0060 0.0632
vn -0.9991 -0.0082 0.0414
vn -0.9994 -0.0097 0.0327
vn -0.9997 -0.0046 0.0252
vn -0.9996 -0.0204 0.0217
vn -0.9992 -0.0309 0.0268
vn -0.9997 -0.0093 0.0241
vn -0.9996 -0.0066 0.0272
vn -0.9999 -0.0014 -0.0135
vn -0.9997 -0.0197 -0.0137
vn -0.9999 -0.0145 0.0050
vn -0.8583 0.2389 -0.4542
vn -0.9101 -0.3384 -0.2393
vn -0.9043 -0.3392 -0.2592
vn -0.9071 -0.3164 -0.2774
vn -0.9820 0.1195 0.1461
vn -0.8414 0.4169 0.3439
vn 0.2354 -0.6931 0.6813
vn 0.3607 -0.6959 0.6210
vn 0.4395 -0.6462 0.6239
vn 0.3668 -0.6505 0.6651
vn 0.2366 -0.6918 0.6822
vn 0.2379 -0.6937 0.6799
vn 0.0460 -0.7095 0.7032
vn 0.0470 -0.7074 0.7053
vn 0.0475 -0.7072 0.7054
vn 0.0469 -0.7070 0.7057
vn 0.0444 -0.7093 0.7035
vn 0.0452 -0.7092 0.7036
vn -0.5584 -0.8163 -0.1477
vn -0.1718 -0.9850 0.0147
vn -0.5827 -0.8123 0.0242
vn -0.1740 -0.9846 0.0142
vn -0.1729 -0.9848 0.0145
vn -0.5716 -0.8100 0.1309
vn 0.6760 -0.7366 -0.0219
vn 0.8625 -0.4850 -0.1445
vn 0.8994 -0.4364 -0.0246
vn -0.1740 -0.9846 0.0154
vn -0.1734 -0.9847 0.0154
vn -0.1803 -0.9835 0.0150
vn 0.8745 -0.4786 0.0785
vn 0.6733 -0.7390 -0.0228
vn 0.6737 -0.7389 -0.0138
vn -0.3316 -0.9415 -0.0602
vn -0.3381 -0.9394 -0.0569
vn -0.3188 -0.9457 -0.0638
vn -0.1710 -0.9846 -0.0372
vn -0.1722 -0.9846 -0.0294
vn -0.1716 -0.9849 -0.0220
vn -0.3419 -0.9391 -0.0338
vn -0.3341 -0.9418 -0.0376
vn -0.3297 -0.9433 -0.0384
vn -0.1769 -0.9838 -0.0296
vn -0.1736 -0.9840 -0.0396
vn -0.1708 -0.9846 -0.0372
vn -0.3685 -0.9293 -0.0263
vn -0.4006 -0.9156 -0.0346
vn -0.4090 -0.9118 -0.0356
vn -0.1745 -0.9839 -0.0399
vn -0.3791 -0.9254 -0.0015
vn -0.4120 -0.9107 -0.0287
vn -0.4251 -0.9051 0.0081
vn -0.1712 -0.9845 -0.0381
vn -0.3642 -0.9308 -0.0311
vn -0.4446 -0.8957 0.0022
vn -0.3915 -0.9202 -0.0022
vn -0.1715 -0.9845 -0.0379
vn -0.4265 -0.8884 0.1699
vn -0.3665 -0.9239 0.1104
vn -0.4575 -0.8813 0.1183
vn -0.1756 -0.9837 -0.0390
vn -0.1435 -0.9895 -0.0165
vn -0.1866 -0.9752 -0.1186
vn -0.2377 -0.9709 -0.0292
vn -0.1676 -0.9844 -0.0533
vn -0.2924 -0.9558 -0.0296
vn -0.3157 -0.9488 0.0043
vn -0.3567 -0.9337 -0.0317
vn -0.1747 -0.9835 -0.0461
vn -0.3401 -0.9347 -0.1037
vn -0.4043 -0.9041 -0.1385
vn -0.3954 -0.9133 -0.0979
vn -0.3067 -0.9515 0.0237
vn -0.2996 -0.9534 0.0345
vn -0.3228 -0.9463 0.0201
vn -0.4276 -0.9029 -0.0435
vn -0.3668 -0.9302 -0.0129
vn -0.3943 -0.9183 -0.0343
vn -0.4103 -0.9117 -0.0208
vn -0.3851 -0.9223 -0.0329
vn -0.4123 -0.9099 -0.0458
vn -0.3811 -0.9242 -0.0252
vn -0.4071 -0.9131 -0.0233
vn -0.3951 -0.9184 -0.0199
vn -0.3022 -0.9530 -0.0225
vn -0.3172 -0.9480 -0.0267
vn -0.3149 -0.9490 -0.0178
vn -0.0145 -0.9994 0.0330
vn -0.0175 -0.9992 0.0368
vn -0.0094 -0.9992 0.0376
vn -0.0246 -0.9979 0.0592
vn -0.0156 -0.9975 0.0685
vn -0.0106 -0.9984 0.0562
vn 0.0674 -0.9970 0.0371
vn 0.0250 -0.9993 0.0262
vn 0.0549 -0.9981 0.0289
vn -0.1736 -0.9840 0.0400
vn -0.1721 -0.9846 0.0305
vn -0.1787 -0.9836 0.0261
vn 0.0725 -0.9970 0.0288
vn 0.0854 -0.9963 -0.0085
vn 0.0360 -0.9993 0.0016
vn -0.1688 -0.9851 0.0342
vn -0.1710 -0.9846 0.0375
vn -0.1776 -0.9833 0.0384
vn 0.0205 -0.9993 0.0308
vn 0.1071 -0.9942 -0.0024
vn 0.0489 -0.9988 0.0029
vn -0.1711 -0.9846 0.0369
vn 0.0932 -0.9813 -0.1685
vn 0.0251 -0.9936 -0.1097
vn 0.1185 -0.9851 -0.1245
vn -0.1755 -0.9837 0.0399
vn -0.2028 -0.9791 0.0126
vn -0.1592 -0.9813 0.1086
vn -0.1111 -0.9934 0.0293
vn -0.1725 -0.9842 0.0394
vn -0.0507 -0.9983 0.0270
vn -0.0304 -0.9995 -0.0039
vn 0.0135 -0.9994 0.0312
vn -0.1711 -0.9845 0.0377
vn 0.0674 -0.9882 0.1375
vn 0.0597 -0.9934 0.0982
vn -0.0038 -0.9947 0.1028
vn -0.1766 -0.9828 0.0532
vn 0.0886 -0.9951 0.0436
vn 0.0224 -0.9997 0.0128
vn 0.0518 -0.9981 0.0325
vn -0.1736 -0.9837 0.0470
vn 0.0700 -0.9973 0.0209
vn 0.0425 -0.9986 0.0323
vn 0.0709 -0.9964 0.0462
vn -0.0219 -0.9996 -0.0199
vn -0.0398 -0.9989 -0.0240
vn -0.0478 -0.9984 -0.0308
vn 0.0383 -0.9990 0.0249
vn 0.0679 -0.9974 0.0245
vn 0.0583 -0.9982 0.0165
vn -0.0277 -0.9993 0.0264
vn -0.0270 -0.9994 0.0217
vn -0.0430 -0.9988 0.0213
vn -0.0217 -0.9969 -0.0755
vn -0.0234 -0.9972 -0.0704
vn -0.0071 -0.9976 -0.0682
vn -0.1722 -0.9845 -0.0338
vn -0.1718 -0.9844 -0.0386
vn -0.1748 -0.9844 -0.0221
vn -0.0108 -0.9991 -0.0420
vn -0.0111 -0.9990 -0.0431
vn -0.0151 -0.9989 -0.0438
vn -0.1772 -0.9834 -0.0379
vn 0.0218 -0.9990 -0.0379
vn 0.0651 -0.9967 -0.0490
vn 0.0591 -0.9975 -0.0400
vn -0.1707 -0.9846 -0.0372
vn 0.0697 -0.9966 -0.0431
vn 0.0354 -0.9993 -0.0115
vn 0.0918 -0.9958 -0.0017
vn -0.1755 -0.9837 -0.0396
vn 0.1679 -0.9857 -0.0121
vn 0.0736 -0.9963 -0.0442
vn 0.1027 -0.9946 -0.0133
vn -0.1725 -0.9842 -0.0392
vn 0.1545 -0.9704 0.1855
vn 0.1843 -0.9753 0.1217
vn 0.0773 -0.9889 0.1267
vn -0.1723 -0.9843 -0.0389
vn -0.1980 -0.9802 -0.0030
vn -0.1059 -0.9938 -0.0348
vn -0.1680 -0.9773 -0.1292
vn -0.1775 -0.9828 -0.0501
vn -0.0333 -0.9994 0.0011
vn -0.0501 -0.9984 -0.0270
vn 0.0086 -0.9991 -0.0422
vn -0.1715 -0.9846 -0.0350
vn -0.1841 -0.9818 -0.0464
vn -0.1754 -0.9833 -0.0476
vn 0.0966 -0.9763 -0.1939
vn 0.0271 -0.9883 -0.1499
vn 0.0966 -0.9835 -0.1529
vn -0.0397 -0.9991 0.0157
vn -0.0188 -0.9998 0.0091
vn -0.0392 -0.9989 0.0250
vn 0.0742 -0.9964 -0.0412
vn 0.1393 -0.9869 -0.0811
vn 0.0969 -0.9930 -0.0682
vn 0.0734 -0.9965 -0.0408
vn 0.0735 -0.9948 -0.0703
vn 0.0392 -0.9978 -0.0529
vn -0.0263 -0.9990 -0.0356
vn -0.0445 -0.9986 -0.0269
vn -0.0252 -0.9993 -0.0264
vn 0.0351 -0.9987 -0.0370
vn 0.0555 -0.9980 -0.0287
vn 0.0707 -0.9968 -0.0363
vn -0.3380 -0.9401 0.0449
vn -0.3394 -0.9398 0.0405
vn -0.3326 -0.9420 0.0449
vn -0.3257 -0.9429 0.0694
vn -0.3209 -0.9441 0.0749
vn -0.3361 -0.9393 0.0684
vn -0.3650 -0.9302 0.0383
vn -0.4065 -0.9125 0.0469
vn -0.4035 -0.9139 0.0454
vn -0.1724 -0.9842 0.0393
vn -0.1739 -0.9845 0.0231
vn -0.1722 -0.9845 0.0324
vn -0.4084 -0.9118 0.0430
vn -0.3771 -0.9261 0.0123
vn -0.4270 -0.9043 -0.0014
vn -0.1709 -0.9846 0.0369
vn -0.4135 -0.9094 0.0447
vn -0.4382 -0.8987 0.0173
vn -0.4988 -0.8667 0.0111
vn -0.1745 -0.9839 0.0400
vn -0.4147 -0.9010 -0.1272
vn -0.4815 -0.8562 -0.1874
vn -0.5061 -0.8527 -0.1295
vn -0.1713 -0.9845 0.0381
vn -0.1480 -0.9890 0.0051
vn -0.2432 -0.9694 0.0343
vn -0.1790 -0.9763 0.1216
vn -0.1715 -0.9844 0.0380
vn -0.3129 -0.9498 -0.0021
vn -0.2934 -0.9556 0.0279
vn -0.3510 -0.9354 0.0438
vn -0.1743 -0.9839 0.0400
vn -0.4296 -0.8814 0.1964
vn -0.3684 -0.9172 0.1517
vn -0.4285 -0.8906 0.1526
vn -0.1669 -0.9847 0.0501
vn -0.4162 -0.9083 0.0419
vn -0.4717 -0.8777 0.0845
vn -0.4361 -0.8971 0.0703
vn -0.1784 -0.9833 0.0368
vn -0.1613 -0.9859 0.0447
vn -0.1730 -0.9838 0.0469
vn -0.3788 -0.9240 0.0526
vn -0.4139 -0.9094 0.0415
vn -0.4142 -0.9075 0.0694
vn -0.3061 -0.9519 -0.0160
vn -0.3260 -0.9453 -0.0093
vn -0.3084 -0.9508 -0.0283
vn -0.3760 -0.9259 0.0366
vn -0.3927 -0.9191 0.0324
vn -0.4120 -0.9104 0.0372
vn -0.3186 -0.9472 0.0359
vn -0.3024 -0.9528 0.0258
vn -0.3164 -0.9483 0.0228
vn 0.8992 -0.4363 -0.0329
vn 0.8695 -0.4860 0.0882
vn 0.6731 -0.7390 -0.0289
vn 0.6715 -0.7405 -0.0286
vn 0.8680 -0.4776 -0.1360
vn 0.6693 -0.7420 -0.0383
vn -0.1796 -0.9836 -0.0136
vn -0.1825 -0.9831 -0.0151
vn -0.1725 -0.9849 -0.0152
vn -0.5861 -0.8028 -0.1095
vn -0.1740 -0.9847 -0.0110
vn -0.5575 -0.8120 0.1730
vn -0.5828 -0.8126 -0.0000
vn -0.0226 0.0403 -0.9989
vn -0.0138 0.0481 -0.9987
vn -0.0146 0.0401 -0.9991
vn -0.4752 0.1342 -0.8696
vn -0.7463 0.1279 -0.6532
vn -0.4793 0.1194 -0.8695
vn -0.0107 0.0379 -0.9992
vn -0.0206 0.0383 -0.9991
vn -0.0225 0.0413 -0.9989
vn -0.6792 0.3138 -0.6635
vn -0.4772 0.1350 -0.8683
vn -0.7402 0.1700 -0.6506
vn -0.0218 0.0387 -0.9990
vn -0.0227 0.0406 -0.9989
vn 0.5166 0.2075 -0.8307
vn -0.0189 0.0389 -0.9991
vn 0.5395 -0.0718 -0.8389
vn 0.4528 -0.2729 -0.8488
vn -0.3262 0.0773 -0.9421
vn -0.7188 -0.0145 -0.6950
vn -0.7334 0.1376 -0.6657
vn 0.7657 -0.2991 -0.5695
vn 0.6214 -0.1648 -0.7660
vn 0.8060 -0.1790 -0.5642
vn -0.2918 0.0252 -0.9561
vn -0.2938 0.0407 -0.9550
vn -0.5934 0.3358 -0.7315
vn 0.6189 -0.1645 -0.7681
vn 0.8177 -0.1413 -0.5581
vn 0.6208 -0.1413 -0.7711
vn -0.3369 0.0451 -0.9405
vn -0.3364 0.0557 -0.9401
vn -0.3285 0.0401 -0.9437
vn 0.1105 -0.0568 -0.9923
vn 0.1208 -0.0581 -0.9910
vn 0.1040 -0.0583 -0.9929
vn -0.3161 0.0268 -0.9483
vn -0.3204 0.0327 -0.9467
vn -0.3122 0.0339 -0.9494
vn 0.1242 -0.0569 -0.9906
vn -0.0212 0.0417 -0.9989
vn -0.0213 0.0384 -0.9990
vn -0.0271 0.0432 -0.9987
vn 0.7050 -0.1546 -0.6922
vn 0.4428 -0.0524 -0.8951
vn 0.4391 -0.0596 -0.8965
vn -0.0225 0.0397 -0.9990
vn 0.4427 -0.0532 -0.8951
vn 0.7132 0.0408 -0.6998
vn 0.7114 -0.1123 -0.6937
vn -0.0208 0.0383 -0.9991
vn -0.0226 0.0396 -0.9990
vn -0.4353 0.4268 -0.7927
vn -0.0226 0.0402 -0.9989
vn -0.5867 -0.0424 -0.8087
vn -0.5857 0.1435 -0.7977
vn -0.6752 0.0947 -0.7315
vn -0.8515 0.0213 -0.5239
vn -0.8447 0.1462 -0.5149
vn -0.8392 0.1831 -0.5120
vn -0.6731 0.0950 -0.7334
vn -0.6700 0.1187 -0.7328
vn 0.6077 -0.2624 -0.7495
vn 0.2268 -0.0269 -0.9736
vn 0.6745 -0.1367 -0.7255
vn -0.1932 0.0001 -0.9812
vn -0.1757 0.0116 -0.9844
vn -0.1743 0.0001 -0.9847
vn 0.1846 -0.0620 -0.9809
vn 0.6073 0.1386 -0.7823
vn 0.1968 -0.0521 -0.9791
vn 0.2815 -0.0617 -0.9576
vn 0.2848 -0.0821 -0.9551
vn 0.2750 -0.0742 -0.9586
vn -0.1704 -0.0028 -0.9854
vn -0.1879 -0.0082 -0.9822
vn -0.1807 0.0068 -0.9835
vn 0.2540 -0.0939 -0.9626
vn 0.2475 -0.0745 -0.9660
vn 0.2617 -0.0870 -0.9612
vn 0.1056 -0.1679 -0.9801
vn 0.0869 -0.1582 -0.9836
vn 0.0837 -0.1627 -0.9831
vn 0.1439 0.1632 -0.9760
vn 0.1621 0.1634 -0.9732
vn 0.1380 0.1657 -0.9765
vn 0.0361 -0.2113 -0.9768
vn 0.0287 -0.2250 -0.9739
vn 0.0463 -0.2113 -0.9763
vn 0.1138 0.2471 -0.9623
vn 0.1130 0.2310 -0.9664
vn 0.1214 0.2295 -0.9657
vn 0.1174 -0.1984 -0.9731
vn 0.1084 -0.1849 -0.9768
vn 0.1123 -0.2014 -0.9731
vn 0.1719 0.1807 -0.9684
vn 0.1858 0.1876 -0.9645
vn 0.1771 0.1947 -0.9647
vn -0.2193 -0.1242 -0.9677
vn -0.2297 -0.1296 -0.9646
vn -0.2258 -0.1348 -0.9648
vn -0.1596 0.2554 -0.9536
vn -0.1514 0.2480 -0.9569
vn -0.1525 0.2640 -0.9524
vn -0.1568 -0.1892 -0.9693
vn -0.1566 -0.1770 -0.9717
vn -0.1691 -0.1744 -0.9700
vn -0.0745 0.2718 -0.9595
vn -0.0718 0.2835 -0.9563
vn -0.0875 0.2761 -0.9571
vn -0.1870 -0.1042 -0.9768
vn -0.2050 -0.1100 -0.9726
vn -0.1861 -0.1056 -0.9768
vn -0.1407 0.2287 -0.9633
vn -0.1296 0.2170 -0.9675
vn -0.1269 0.2181 -0.9676
vn -0.4597 -0.5634 -0.6865
vn -0.5813 -0.5203 -0.6256
vn -0.6366 -0.4440 -0.6305
vn -0.5707 -0.4748 -0.6700
vn -0.4595 -0.5621 -0.6877
vn -0.4616 -0.5628 -0.6857
vn -0.2876 -0.6481 -0.7052
vn -0.2878 -0.6463 -0.7067
vn -0.2867 -0.6433 -0.7099
vn -0.2888 -0.6450 -0.7075
vn -0.2854 -0.6485 -0.7057
vn -0.2864 -0.6485 -0.7053
vn 0.1505 0.1828 -0.9716
vn 0.1179 0.1950 -0.9737
vn 0.1321 0.1837 -0.9741
vn 0.2031 0.1538 -0.9670
vn 0.1900 0.1457 -0.9709
vn 0.1578 0.1733 -0.9721
vn 0.0867 0.1197 -0.9890
vn 0.0675 0.1192 -0.9906
vn 0.0868 0.1078 -0.9904
vn 0.0701 0.0944 -0.9931
vn 0.0896 0.0814 -0.9926
vn 0.0878 0.0601 -0.9943
vn -0.2487 -0.2670 -0.9310
vn -0.2541 -0.1905 -0.9482
vn -0.2705 -0.2353 -0.9335
vn -0.1204 -0.2581 -0.9586
vn -0.1908 -0.2420 -0.9513
vn -0.2694 -0.2371 -0.9334
vn -0.2129 -0.3663 -0.9058
vn -0.2558 -0.3553 -0.8991
vn -0.2840 -0.2919 -0.9133
vn -0.2993 -0.1658 -0.9396
vn -0.2300 -0.0334 -0.9726
vn -0.2607 -0.1942 -0.9457
vn -0.3973 -0.0547 -0.9161
vn -0.2716 -0.2356 -0.9331
vn -0.3309 -0.2226 -0.9170
vn -0.1736 0.2199 -0.9600
vn -0.1892 0.2269 -0.9554
vn -0.1350 0.2361 -0.9623
vn -0.1150 0.2309 -0.9662
vn -0.0923 0.2422 -0.9658
vn -0.1329 0.2367 -0.9625
vn -0.0740 0.1350 -0.9881
vn -0.0949 0.1573 -0.9830
vn -0.0969 0.1397 -0.9854
vn -0.1078 0.1236 -0.9865
vn -0.0756 0.1178 -0.9902
vn -0.1216 0.0916 -0.9883
vn -0.0189 -0.2669 -0.9635
vn 0.1189 -0.3154 -0.9415
vn 0.0705 -0.3150 -0.9465
vn 0.0687 -0.3021 -0.9508
vn 0.0711 -0.2913 -0.9540
vn 0.0998 -0.2322 -0.9675
vn 0.0961 -0.3633 -0.9267
vn 0.1543 -0.3485 -0.9245
vn 0.1212 -0.3482 -0.9296
vn 0.1651 -0.2490 -0.9543
vn 0.1696 -0.2784 -0.9454
vn 0.1519 -0.1115 -0.9821
vn 0.1216 -0.3150 -0.9413
vn 0.3008 -0.1808 -0.9364
vn 0.1810 -0.3232 -0.9289
vn 0.6230 -0.5657 -0.5402
vn 0.5374 -0.5873 -0.6052
vn 0.7152 -0.4855 -0.5028
vn 0.6192 -0.5153 -0.5925
vn 0.5360 -0.5870 -0.6067
vn 0.2006 -0.6861 -0.6993
vn 0.2002 -0.6844 -0.7011
vn 0.2016 -0.6846 -0.7005
vn 0.2024 -0.6832 -0.7017
vn 0.0078 -0.6998 -0.7143
vn 0.0070 -0.6988 -0.7153
vn 0.0111 -0.6990 -0.7150
vn 0.0075 -0.6983 -0.7157
vn -0.0276 -0.0209 -0.9994
vn -0.0285 -0.0227 -0.9993
vn -0.0299 -0.0235 -0.9993
vn -0.0314 -0.0237 -0.9992
vn -0.0299 -0.0236 -0.9993
vn -0.0317 -0.0235 -0.9992
vn -0.0322 -0.0235 -0.9992
vn -0.0313 -0.0237 -0.9992
vn -0.2058 -0.1567 -0.9660
vn -0.1825 -0.1952 -0.9636
vn -0.1896 -0.1748 -0.9662
vn -0.2571 -0.1410 -0.9560
vn -0.2405 -0.1492 -0.9591
vn -0.2103 -0.1654 -0.9635
vn -0.1596 -0.1371 -0.9776
vn -0.1253 -0.1255 -0.9842
vn -0.1446 -0.1134 -0.9830
vn -0.1200 -0.0921 -0.9885
vn -0.1517 -0.0791 -0.9853
vn -0.1580 -0.0276 -0.9871
vn 0.3373 0.0444 -0.9403
vn 0.2335 0.2509 -0.9394
vn 0.4390 0.2115 -0.8732
vn 0.2364 0.1734 -0.9561
vn 0.1620 0.2937 -0.9421
vn 0.2641 0.2102 -0.9413
vn 0.2513 0.2909 -0.9232
vn 0.2881 0.2753 -0.9172
vn 0.2265 0.3249 -0.9182
vn 0.1674 0.2464 -0.9546
vn 0.1696 0.2543 -0.9521
vn 0.2555 0.2355 -0.9377
vn 0.0689 0.2582 -0.9636
vn 0.0746 0.3845 -0.9201
vn 0.2315 0.2525 -0.9395
vn 0.1178 -0.2157 -0.9693
vn 0.1438 -0.2201 -0.9648
vn 0.0827 -0.2207 -0.9718
vn 0.0646 -0.2275 -0.9716
vn 0.0463 -0.2419 -0.9692
vn 0.0880 -0.2144 -0.9728
vn 0.0211 -0.1503 -0.9884
vn 0.0467 -0.1798 -0.9826
vn 0.0460 -0.1500 -0.9876
vn 0.0586 -0.1182 -0.9913
vn 0.0241 -0.1201 -0.9925
vn 0.0878 -0.0722 -0.9935
vn -0.0303 0.2739 -0.9613
vn -0.1791 0.3313 -0.9264
vn 0.0149 0.3943 -0.9189
vn 0.1820 -0.0456 -0.9822
vn 0.5521 0.2553 -0.7938
vn 0.6514 -0.1197 -0.7492
vn -0.6106 0.4274 -0.6667
vn -0.6455 0.1569 -0.7474
vn -0.8379 0.1791 -0.5157
vn 0.1657 -0.0011 -0.9862
vn 0.6080 -0.1586 -0.7779
vn 0.1608 -0.0122 -0.9869
vn -0.6568 0.1386 -0.7412
vn -0.8380 0.1784 -0.5158
vn -0.6518 0.1556 -0.7423
vn 0.2616 -0.0351 -0.9645
vn 0.2604 -0.0281 -0.9651
vn 0.2745 -0.0337 -0.9610
vn -0.1661 0.0778 -0.9830
vn -0.1682 0.0620 -0.9838
vn -0.1659 0.0507 -0.9848
vn 0.2898 -0.0168 -0.9569
vn 0.2902 -0.0259 -0.9566
vn 0.2843 -0.0205 -0.9585
vn -0.1623 0.0721 -0.9841
vn -0.0442 -0.0298 -0.9986
vn -0.0405 -0.0185 -0.9990
vn -0.0410 -0.0342 -0.9986
vn 0.4078 -0.1027 -0.9073
vn 0.6991 -0.1614 -0.6966
vn 0.4017 -0.1149 -0.9085
vn -0.0373 -0.0198 -0.9991
vn -0.0405 -0.0326 -0.9986
vn -0.0347 -0.0315 -0.9989
vn 0.3587 -0.4597 -0.8124
vn 0.3985 -0.1096 -0.9106
vn 0.6911 -0.1612 -0.7045
vn -0.0307 -0.0301 -0.9991
vn -0.0340 -0.0323 -0.9989
vn -0.0316 -0.0283 -0.9991
vn -0.0336 -0.0278 -0.9990
vn -0.5904 0.0070 -0.8071
vn 0.0087 -0.0369 -0.9993
vn 0.0065 -0.0356 -0.9993
vn 0.0053 -0.0360 -0.9993
vn -0.5723 0.0801 -0.8161
vn -0.2925 0.4865 -0.8233
vn 0.6150 -0.0938 -0.7829
vn 0.6909 0.1738 -0.7018
vn 0.8110 -0.1335 -0.5696
vn 0.8139 -0.1383 -0.5643
vn 0.6223 -0.1078 -0.7753
vn 0.6117 -0.0977 -0.7850
vn -0.4470 0.4684 -0.7621
vn -0.2822 0.0467 -0.9582
vn -0.7064 0.1369 -0.6944
vn 0.1215 0.0038 -0.9926
vn 0.1204 0.0303 -0.9923
vn 0.1251 -0.0030 -0.9921
vn -0.2449 0.0683 -0.9671
vn -0.6819 0.0849 -0.7265
vn -0.2463 0.0781 -0.9660
vn 0.1264 0.0309 -0.9915
vn 0.1239 0.0029 -0.9923
vn 0.1250 0.0134 -0.9921
vn -0.3291 0.0934 -0.9397
vn -0.3299 0.0986 -0.9389
vn -0.3222 0.0948 -0.9419
vn -0.3079 0.0800 -0.9480
vn -0.3055 0.0760 -0.9492
vn -0.3188 0.0817 -0.9443
vn -0.0234 -0.0320 -0.9992
vn -0.0274 -0.0372 -0.9989
vn -0.0247 -0.0382 -0.9990
vn -0.7450 0.1209 -0.6560
vn -0.4672 0.0590 -0.8822
vn -0.4618 0.0577 -0.8851
vn -0.0338 -0.0296 -0.9990
vn -0.4673 0.0590 -0.8821
vn -0.5535 -0.2803 -0.7843
vn -0.7418 0.1207 -0.6597
vn -0.0340 -0.0276 -0.9990
vn -0.0309 -0.0285 -0.9991
vn -0.0790 -0.0186 -0.9967
vn -0.0823 -0.0184 -0.9964
vn 0.4913 -0.1991 -0.8479
vn -0.0783 -0.0199 -0.9967
vn 0.3530 0.3932 -0.8490
vn 0.5026 -0.1347 -0.8540
vn 0.9923 -0.1236 0.0011
vn 0.9923 -0.1240 0.0001
vn 0.9923 -0.1240 -0.0000
vn 0.9923 -0.1239 -0.0000
vn 0.9901 -0.1405 -0.0000
vn 0.9256 -0.3786 0.0001
vn 0.9255 -0.3788 -0.0012
vn 0.9256 -0.3785 -0.0000
vn -0.9223 0.3864 -0.0008
vn -0.9226 0.3858 -0.0000
vn -0.9225 0.3860 -0.0002
vn -0.9351 0.3544 -0.0000
vn -0.9901 0.1404 -0.0000
vn -0.9901 0.1406 -0.0001
vn -0.9901 0.1406 -0.0000
vn -0.9901 0.1400 -0.0000
vn 1.0000 0.0002 -0.0010
vn 1.0000 0.0010 -0.0002
vn 1.0000 0.0008 0.0002
vn 0.9885 -0.1513 -0.0008
vn 0.9885 -0.1512 -0.0000
vn 0.9886 -0.1506 -0.0000
vn 0.9885 -0.1515 0.0001
vn 0.9988 -0.0487 -0.0000
vn 0.9988 -0.0487 0.0006
vn 0.9988 -0.0488 0.0003
vn 0.9890 -0.1482 -0.0000
vn 0.6360 -0.7656 -0.0967
vn 0.6449 -0.7062 0.2921
vn 0.6350 -0.7725 0.0002
vn 0.8054 0.5928 0.0002
vn 0.8056 0.5924 -0.0000
vn 0.8052 0.5929 -0.0000
vn 0.9598 -0.2806 -0.0000
vn 0.8039 0.0041 0.5947
vn 0.8832 -0.4689 -0.0000
vn 0.9856 0.1694 -0.0000
vn 0.9861 0.1662 -0.0038
vn 0.9856 0.1692 -0.0000
vn 0.9363 0.3512 0.0040
vn 0.9363 0.3512 -0.0041
vn 0.9353 0.3538 -0.0000
vn 0.9374 0.3481 0.0024
vn 0.9355 0.3533 -0.0017
vn 1.0000 -0.0000 0.0029
vn 1.0000 -0.0000 -0.0028
vn 1.0000 -0.0008 0.0028
vn 0.7092 -0.7050 -0.0057
vn 0.7092 -0.7050 0.0056
vn 0.3878 -0.9217 0.0004
vn 1.0000 -0.0014 0.0054
vn 1.0000 -0.0057 -0.0000
vn 1.0000 0.0026 -0.0000
vn 0.5746 -0.7339 0.3623
vn 0.3878 -0.9217 -0.0000
vn 0.7104 -0.7038 -0.0054
vn 1.0000 0.0006 -0.0025
vn 1.0000 -0.0056 -0.0000
vn 0.8167 0.5771 0.0026
vn 0.8167 0.5771 -0.0025
vn 0.4488 0.8936 -0.0000
vn 0.8179 0.5754 0.0013
vn 0.4895 0.8360 -0.2478
vn -0.0000 0.7073 -0.7069
vn -0.6814 0.6628 -0.3105
vn -0.0000 0.9235 -0.3835
vn -0.4866 0.8564 0.1728
vn -0.5726 0.5331 -0.6228
vn -0.0000 0.9235 0.3835
vn -0.6868 0.6905 0.2268
vn -0.0000 0.7073 0.7069
vn -0.6107 0.5587 0.5612
vn 0.3768 0.8304 0.4105
vn -0.4476 0.8702 -0.2060
vn -0.7676 0.6409 -0.0010
vn -0.7325 0.6408 -0.2297
vn -0.1689 0.7224 0.6705
vn 0.0497 0.7085 0.7040
vn -0.0496 0.7085 -0.7040
vn -0.0000 0.9236 -0.3835
vn 0.1689 0.7224 -0.6705
vn 0.0002 0.7073 -0.7069
vn -0.3916 0.9201 -0.0003
vn 0.2184 0.8913 0.3974
vn 0.4488 0.8936 0.0004
vn -0.1992 0.9221 -0.3318
vn -0.3916 0.9201 -0.0000
vn -0.6812 0.3094 0.6635
vn -0.0000 0.3819 0.9242
vn 0.3762 -0.4091 0.8313
vn -0.4466 0.2062 0.8706
vn -0.6107 -0.5597 0.5601
vn -0.6856 -0.2261 0.6920
vn -0.0000 -0.3819 0.9242
vn -0.5727 0.6217 0.5343
vn -0.4857 -0.1729 0.8569
vn 0.0007 0.5166 0.8562
vn -0.0000 0.5168 0.8561
vn 0.0004 0.5169 0.8561
vn -0.0000 0.5170 0.8560
vn -0.0000 -0.3932 0.9194
vn 0.0004 -0.3926 0.9197
vn -0.0000 -0.3922 0.9199
vn -0.0014 -0.3935 0.9193
vn -0.0000 -0.3929 0.9196
vn -0.0010 -0.0009 1.0000
vn 0.0002 -0.0014 1.0000
vn -0.0000 0.4399 0.8980
vn -0.0000 0.4400 0.8980
vn -0.0008 0.4410 0.8975
vn -0.0000 0.4413 0.8973
vn -0.0011 -0.3128 0.9498
vn 0.0009 -0.3129 0.9498
vn -0.0000 -0.3128 0.9498
vn -0.1686 -0.6689 0.7240
vn -0.0000 -0.7053 0.7089
vn 0.0496 -0.7023 0.7102
vn -0.0497 0.7022 0.7102
vn 0.1686 0.6689 0.7239
vn -0.6098 -0.7776 0.1535
vn -0.6098 0.7773 0.1550
vn -0.6093 0.0017 -0.7929
vn -0.6098 -0.7773 -0.1551
vn -0.6102 0.5603 0.5601
vn -0.6098 0.4399 -0.6593
vn -0.6102 0.7769 0.1550
vn -0.6098 -0.3040 -0.7320
vn -0.6102 -0.6585 0.4405
vn -0.6098 -0.3022 0.7327
vn -0.6102 0.7772 -0.1535
vn -0.6102 -0.6593 -0.4392
vn -0.6102 0.5610 -0.5594
vn -0.6098 -0.7776 0.1536
vn -0.6098 0.4398 0.6593
vn -0.6098 0.7776 -0.1535
vn -0.6098 -0.7773 -0.1550
vn -0.6093 -0.0016 0.7929
vn -0.9414 -0.3372 0.0013
vn -0.7276 -0.4952 -0.4746
vn -0.6275 -0.7786 -0.0000
vn -0.6275 -0.7786 -0.0005
vn -0.9415 -0.3370 -0.0016
vn -0.9414 -0.3374 -0.0000
vn -0.8244 -0.5660 -0.0000
vn -0.6784 -0.7157 0.1659
vn -0.8247 -0.5656 -0.0005
vn -0.6481 -0.7600 -0.0491
vn -0.6456 -0.7637 -0.0000
vn -0.3720 -0.9282 -0.0000
vn -0.7033 -0.7109 0.0012
vn -0.7033 -0.7109 -0.0012
vn -0.7038 -0.7104 0.0011
vn -0.4911 -0.8104 -0.3194
vn -0.7659 0.5535 0.3270
vn -0.7659 0.4162 -0.4901
vn -0.7659 0.6202 -0.1696
vn -0.7659 0.6035 -0.2217
vn -0.7659 0.6200 0.1702
vn -0.7257 0.6880 -0.0094
vn -0.5847 0.7193 0.3752
vn -0.3942 0.9190 -0.0000
vn -0.3942 0.9190 0.0004
vn -0.7236 0.6901 -0.0099
vn -0.7236 0.6901 0.0106
vn 0.0470 0.6870 -0.7251
vn 0.2338 0.6641 -0.7102
vn -0.2051 -0.0637 -0.9767
vn 0.0497 0.6860 -0.7259
vn -0.1749 0.3830 0.9070
vn -0.4172 0.9088 -0.0000
vn -0.4154 0.9096 0.0020
vn -0.1771 0.3879 0.9045
vn -1.0000 -0.0000 0.0020
vn -1.0000 -0.0000 -0.0020
vn -1.0000 0.0009 0.0018
vn -0.6944 0.7196 -0.0000
vn -0.6967 0.7173 -0.0021
vn -0.6980 0.7161 -0.0000
vn -0.6957 0.7184 0.0024
vn -1.0000 -0.0000 -0.0025
vn -1.0000 -0.0000 0.0025
vn -1.0000 -0.0005 -0.0025
vn 0.6371 -0.7708 -0.0000
vn 0.6243 -0.7708 0.1268
vn 0.5083 -0.7708 -0.3839
vn 0.3768 -0.8304 -0.4105
vn -0.4476 -0.8702 0.2060
vn -0.6107 -0.5586 -0.5612
vn -0.6868 -0.6905 -0.2268
vn -0.0000 -0.9235 -0.3835
vn -0.0000 -0.9235 0.3835
vn -0.5726 -0.5331 0.6228
vn -0.4866 -0.8564 -0.1727
vn -0.6814 -0.6628 0.3105
vn -0.5603 -0.7888 0.2527
vn -0.1477 -0.9890 -0.0015
vn -0.1502 -0.9886 0.0034
vn -0.1502 -0.9886 -0.0030
vn 0.4419 -0.8971 0.0029
vn 0.4405 -0.8977 -0.0000
vn 0.8845 -0.4665 -0.0001
vn 0.6245 -0.5951 -0.5058
vn 0.8845 -0.4665 -0.0000
vn 0.4403 -0.8978 -0.0000
vn -0.6285 -0.7724 0.0913
vn -0.6434 -0.7655 -0.0000
vn -0.4232 -0.9060 0.0042
vn -0.1299 -0.9275 0.3505
vn -0.3696 -0.9292 -0.0000
vn 0.0073 -1.0000 -0.0000
vn -0.3696 -0.9292 0.0004
vn -0.4211 -0.9070 0.0048
vn -0.4211 -0.9070 -0.0047
vn -0.6304 -0.7716 -0.0855
vn 0.0048 -1.0000 -0.0000
vn 0.0040 -1.0000 -0.0025
vn 0.0047 -1.0000 -0.0000
vn 0.1689 -0.7224 0.6706
vn -0.0000 -0.7072 0.7070
vn -0.0496 -0.7085 0.7039
vn 0.0496 -0.7085 -0.7040
vn -0.1689 -0.7223 -0.6706
vn -0.0002 -0.7072 -0.7070
vn 0.3852 -0.9228 -0.0000
vn 0.0073 -1.0000 0.0007
vn 0.2738 -0.9235 -0.2687
vn 0.0075 -1.0000 -0.0004
vn 0.0076 -1.0000 -0.0000
vn -0.2407 -0.9706 -0.0000
vn -0.2409 -0.9706 0.0009
vn -0.2410 -0.9705 -0.0008
vn -0.2406 -0.9706 -0.0000
vn -0.5327 -0.8463 -0.0000
vn -0.5328 -0.8462 0.0012
vn -0.5328 -0.8462 -0.0010
vn -0.6811 -0.3094 -0.6636
vn -0.0000 -0.3819 -0.9242
vn -0.5725 -0.6217 -0.5345
vn -0.4857 0.1728 -0.8569
vn -0.6856 0.2262 -0.6920
vn 0.3762 0.4092 -0.8313
vn -0.4465 -0.2062 -0.8707
vn -0.6107 0.5598 -0.5601
vn -0.0009 0.5158 -0.8567
vn 0.0011 0.5164 -0.8564
vn -0.0002 0.5166 -0.8562
vn -0.0001 0.5168 -0.8561
vn -0.0002 0.5168 -0.8561
vn -0.0000 0.5167 -0.8562
vn -0.0002 0.5152 -0.8571
vn 0.0003 0.5165 -0.8563
vn -0.0014 -0.3935 -0.9193
vn -0.0000 -0.3932 -0.9194
vn 0.0003 -0.3925 -0.9198
vn -0.0000 -0.3922 -0.9199
vn -0.0008 -0.0012 -1.0000
vn 0.1686 -0.6689 -0.7240
vn -0.0000 -0.7053 -0.7089
vn -0.0496 -0.7022 -0.7102
vn 0.0496 0.7023 -0.7102
vn -0.1686 0.6689 -0.7240
vn -0.0000 0.7052 -0.7090
vn -0.9088 -0.4172 -0.0000
vn -0.9130 -0.4080 0.0068
vn -0.9137 -0.4064 -0.0000
vn -0.2345 -0.1071 0.9662
vn -0.1894 -0.2881 0.9387
vn 0.1764 -0.3863 -0.9053
vn 0.4172 -0.9088 -0.0000
vn 0.4154 -0.9096 0.0020
vn 0.1756 -0.3846 -0.9062
vn 0.2628 -0.5756 0.7744
vn 0.2759 -0.5786 0.7676
vn -0.2696 0.5904 -0.7608
vn -0.2759 0.5786 -0.7676
vn -0.9140 -0.4057 -0.0000
vn -0.9090 -0.4168 -0.0013
vn -0.9088 -0.4173 -0.0000
vn 0.8917 -0.0766 -0.4460
vn 0.1952 -0.9808 -0.0025
vn 0.2046 -0.9788 -0.0099
vn 0.0238 -0.6544 -0.7558
vn 0.3956 0.9184 0.0007
vn 0.3865 0.9222 -0.0099
vn -0.3865 -0.9222 -0.0099
vn -0.3956 -0.9184 -0.0007
vt 22.007500 -56.993698
vt 21.996799 -56.993999
vt 22.006701 -56.998299
vt 22.027399 -57.001801
vt 22.038200 -57.000801
vt 22.028299 -56.996899
vt 22.016701 -57.002800
vt 22.026600 -57.007301
vt 22.037300 -57.006199
vt 22.036400 -57.011600
vt 22.048000 -57.005100
vt 22.047100 -57.010601
vt 22.057699 -57.009602
vt 21.959400 -56.990398
vt 21.963900 -56.983200
vt 21.959900 -56.981400
vt 21.954800 -56.989101
vt 21.954000 -56.979301
vt 21.955601 -56.998798
vt 21.949301 -56.987598
vt 21.951000 -56.997898
vt 21.952600 -57.008301
vt 21.946400 -56.996799
vt 21.948299 -57.007500
vt 21.950199 -57.018299
vt 21.961100 -57.018101
vt 21.958700 -57.028500
vt 21.963400 -57.027901
vt 21.961500 -57.038399
vt 21.965599 -57.037701
vt 21.956200 -57.038799
vt 21.964199 -57.048302
vt 21.959200 -57.048801
vt 21.962200 -57.058899
vt 22.004999 -57.001999
vt 22.006300 -57.004799
vt 22.010700 -57.003799
vt 22.003500 -57.003300
vt 22.002600 -56.999599
vt 22.000900 -57.002300
vt 21.972099 -56.997101
vt 21.962299 -57.000702
vt 21.973000 -57.001598
vt 22.047001 -57.004799
vt 22.049801 -57.014999
vt 22.052200 -57.004799
vt 22.044300 -57.014900
vt 22.041700 -57.004601
vt 22.046900 -57.025101
vt 22.038900 -57.014900
vt 22.041300 -57.025101
vt 22.043800 -57.035198
vt 22.036400 -57.025299
vt 22.038500 -57.035400
vt 22.034401 -57.035900
vt 22.040701 -57.045502
vt 22.036100 -57.045799
vt 22.037800 -57.055801
vt 22.047800 -57.005001
vt 22.043699 -57.002701
vt 22.043699 -57.006599
vt 22.048000 -57.000198
vt 22.041100 -57.003601
vt 22.040701 -57.005501
vt 22.041500 -57.000099
vt 22.043699 -56.997799
vt 22.047800 -56.995201
vt 22.043699 -56.993401
vt 20.005899 -34.951599
vt 19.957899 -34.918598
vt 19.958700 -34.952999
vt 20.004900 -34.914101
vt 20.042101 -34.918598
vt 19.991199 -34.951599
vt 20.041300 -34.952999
vt 19.992100 -34.914101
vt 20.000000 -35.012001
vt 19.981300 -34.972000
vt 19.981300 -35.017399
vt 20.018700 -34.972000
vt 20.018700 -35.017399
vt 20.000000 -34.966599
vt 20.018700 -35.065899
vt 20.000000 -35.105900
vt 20.018700 -35.111301
vt 20.000000 -35.060501
vt 19.981300 -35.065899
vt 19.981300 -35.111301
vt 19.952299 -34.900299
vt 19.983200 -34.915501
vt 19.979500 -34.893600
vt 19.955799 -34.920300
vt 20.047701 -34.900299
vt 20.016800 -34.915501
vt 20.044201 -34.920300
vt 20.020500 -34.893600
vt 20.293501 -35.000000
vt 20.238501 -35.000000
vt 20.289900 -35.012299
vt 20.289900 -34.987801
vt 20.234900 -35.012299
vt 20.234900 -34.987801
vt 19.750401 -34.978001
vt 19.771400 -34.952599
vt 19.751101 -34.951000
vt 19.772600 -34.979801
vt 19.771400 -35.047401
vt 19.750401 -35.021999
vt 19.751101 -35.049000
vt 19.772600 -35.020199
vt 19.649500 -35.004700
vt 19.684999 -34.958302
vt 19.650600 -34.957699
vt 19.687099 -35.005402
vt 19.684999 -35.041698
vt 19.649500 -34.992298
vt 19.650600 -35.042301
vt 19.687099 -34.991600
vt 20.400000 -34.987801
vt 20.348499 -35.000000
vt 20.403601 -35.000000
vt 20.400000 -35.012299
vt 20.344999 -34.987801
vt 20.344999 -35.012299
vt 19.847900 -35.030499
vt 19.829201 -34.998199
vt 19.829201 -35.043598
vt 19.847900 -34.985100
vt 19.866600 -35.017399
vt 19.866600 -34.972000
vt 19.847900 -35.078999
vt 19.866600 -35.111301
vt 19.866600 -35.065899
vt 19.847900 -35.124401
vt 19.829201 -35.092098
vt 19.829201 -35.137501
vt 19.718599 -34.874500
vt 19.765100 -34.862202
vt 19.710100 -34.862202
vt 19.773701 -34.874500
vt 19.727200 -34.886700
vt 19.782301 -34.886700
vt 20.329201 -34.978600
vt 20.333099 -34.956799
vt 20.316900 -34.956799
vt 20.340599 -34.967098
vt 20.315001 -34.987301
vt 20.300800 -34.952900
vt 20.349400 -34.952900
vt 20.345501 -34.969101
vt 20.358101 -34.967098
vt 20.345501 -34.985298
vt 20.369499 -34.978600
vt 20.349300 -35.001499
vt 20.383699 -34.987301
vt 20.365499 -34.956799
vt 20.363501 -34.944199
vt 20.381701 -34.956799
vt 20.375000 -34.932800
vt 20.397900 -34.952999
vt 20.383699 -34.918598
vt 20.335199 -34.944199
vt 20.345501 -34.936699
vt 20.323700 -34.932701
vt 20.345501 -34.920502
vt 20.315001 -34.918598
vt 20.349400 -34.904400
vt 20.237000 -34.935200
vt 20.239300 -34.922501
vt 20.229700 -34.922501
vt 20.243700 -34.928501
vt 20.228600 -34.940201
vt 20.220200 -34.920200
vt 20.248899 -34.920200
vt 20.246599 -34.929699
vt 20.254101 -34.928501
vt 20.246599 -34.939098
vt 20.260799 -34.935200
vt 20.248899 -34.948601
vt 20.269199 -34.940300
vt 20.258499 -34.922501
vt 20.257299 -34.915199
vt 20.268101 -34.922501
vt 20.264099 -34.908501
vt 20.277599 -34.920300
vt 20.269199 -34.900299
vt 20.240499 -34.915100
vt 20.246599 -34.910801
vt 20.233700 -34.908501
vt 20.246599 -34.901402
vt 20.228600 -34.900200
vt 20.248899 -34.891899
vt 19.608601 -34.874500
vt 19.655001 -34.862202
vt 19.600000 -34.862202
vt 19.663601 -34.874500
vt 19.617100 -34.886700
vt 19.672199 -34.886700
vt 20.018700 -35.043598
vt 20.000000 -35.003700
vt 20.000000 -35.049099
vt 19.981300 -35.043598
vt 20.018700 -34.998199
vt 19.981300 -34.998199
vt 19.981300 -35.092098
vt 19.981300 -35.137501
vt 20.000000 -35.097500
vt 20.000000 -35.142899
vt 20.018700 -35.137501
vt 20.018700 -35.092098
vt 20.016399 -34.915401
vt 20.040400 -34.940201
vt 20.043900 -34.920200
vt 20.012600 -34.937302
vt 19.959600 -34.940201
vt 19.983601 -34.915401
vt 19.956100 -34.920200
vt 19.987400 -34.937302
vt 19.993401 -34.951599
vt 20.039801 -34.987301
vt 20.040600 -34.952900
vt 19.992500 -34.989101
vt 19.960199 -34.987301
vt 20.009501 -34.951599
vt 19.959400 -34.952900
vt 20.010500 -34.989101
vt 20.350500 -35.007702
vt 20.383699 -34.959801
vt 20.349300 -34.960400
vt 20.388000 -35.007099
vt 20.383699 -35.040199
vt 20.350500 -34.989300
vt 20.349300 -35.039600
vt 20.388000 -34.990002
vt 19.782301 -35.012299
vt 19.730801 -35.000000
vt 19.727200 -35.012299
vt 19.782301 -34.987801
vt 19.727200 -34.987801
vt 19.785801 -35.000000
vt 20.249599 -34.988899
vt 20.271799 -34.987099
vt 20.248899 -34.960899
vt 20.269199 -34.959301
vt 20.248899 -35.039101
vt 20.269199 -35.040699
vt 20.271799 -35.012901
vt 20.249599 -35.011101
vt 19.620701 -35.000000
vt 19.672199 -34.987801
vt 19.617100 -34.987801
vt 19.672199 -35.012299
vt 19.617100 -35.012299
vt 19.675699 -35.000000
vt 20.170799 -34.998199
vt 20.152100 -35.030499
vt 20.170799 -35.043598
vt 20.152100 -34.985100
vt 20.133400 -35.017399
vt 20.133400 -34.972000
vt 20.152100 -35.078999
vt 20.133400 -35.065899
vt 20.133400 -35.111301
vt 20.152100 -35.124401
vt 20.170799 -35.092098
vt 20.170799 -35.137501
vt 20.289900 -34.862202
vt 20.234900 -34.862202
vt 20.281401 -34.874500
vt 20.226299 -34.874500
vt 20.272800 -34.886700
vt 20.217699 -34.886700
vt 19.683100 -34.956799
vt 19.684999 -34.987301
vt 19.699200 -34.952900
vt 19.670799 -34.978600
vt 19.666901 -34.956799
vt 19.659401 -34.967098
vt 19.650600 -34.952900
vt 19.641899 -34.967098
vt 19.654499 -34.969101
vt 19.654499 -34.985298
vt 19.630501 -34.978600
vt 19.650700 -35.001499
vt 19.616301 -34.987301
vt 19.636499 -34.944199
vt 19.634501 -34.956799
vt 19.618299 -34.956799
vt 19.625000 -34.932800
vt 19.602100 -34.952999
vt 19.616301 -34.918598
vt 19.654499 -34.936699
vt 19.664801 -34.944199
vt 19.676300 -34.932701
vt 19.654499 -34.920502
vt 19.684999 -34.918598
vt 19.650600 -34.904400
vt 19.770300 -34.922501
vt 19.771400 -34.940201
vt 19.779800 -34.920200
vt 19.763000 -34.935200
vt 19.760700 -34.922501
vt 19.756300 -34.928501
vt 19.751101 -34.920200
vt 19.745899 -34.928501
vt 19.753401 -34.929699
vt 19.753401 -34.939098
vt 19.739201 -34.935200
vt 19.751101 -34.948601
vt 19.730801 -34.940300
vt 19.742701 -34.915199
vt 19.741501 -34.922501
vt 19.731899 -34.922501
vt 19.735901 -34.908501
vt 19.722401 -34.920300
vt 19.730801 -34.900299
vt 19.753401 -34.910801
vt 19.759501 -34.915100
vt 19.766300 -34.908501
vt 19.753401 -34.901402
vt 19.771400 -34.900200
vt 19.751101 -34.891899
vt 20.400000 -34.862202
vt 20.344999 -34.862202
vt 20.391399 -34.874500
vt 20.336399 -34.874500
vt 20.382900 -34.886700
vt 20.327801 -34.886700
vt 10.003400 -19.000000
vt 10.001300 -18.995001
vt 10.000700 -18.995600
vt 9.996420 -18.994699
vt 10.000100 -18.996201
vt 10.002500 -19.000000
vt 10.001700 -19.000000
vt 10.000100 -19.003799
vt 10.000700 -19.004400
vt 9.996420 -19.005301
vt 10.001300 -19.004999
vt 10.000900 -18.996401
vt 10.000000 -18.999901
vt 10.000900 -19.000099
vt 10.000000 -18.996500
vt 10.000900 -19.000000
vt 10.000900 -18.996201
vt 10.000000 -19.000000
vt 9.999150 -19.000000
vt 9.999150 -18.996201
vt 9.998660 -18.995001
vt 10.003700 -18.993799
vt 10.003800 -18.992901
vt 9.999280 -18.995600
vt 10.003600 -18.994699
vt 9.996590 -19.000000
vt 9.999890 -18.996201
vt 9.998660 -19.004999
vt 10.003800 -19.007099
vt 10.003700 -19.006201
vt 9.999280 -19.004400
vt 10.003600 -19.005301
vt 9.997470 -19.000000
vt 9.998330 -19.000000
vt 9.999890 -19.003799
vt 10.000900 -19.001301
vt 10.000000 -18.996201
vt 10.000000 -19.001600
vt 9.999120 -19.001301
vt 9.999110 -18.996201
vt 10.000900 -18.995001
vt 10.000000 -18.994699
vt 9.999120 -18.995001
vt 9.999120 -19.000000
vt 9.999120 -19.004999
vt 10.000000 -19.005301
vt 10.000900 -19.004999
vt 47.998501 -7.000000
vt 48.001499 -6.992800
vt 47.998501 -6.992370
vt 48.001499 -7.007200
vt 47.998501 -7.007630
vt 48.000000 -6.998530
vt 48.007198 -7.001470
vt 48.007599 -6.998530
vt 47.998501 -6.992800
vt 48.001499 -7.000000
vt 47.998501 -7.007200
vt 48.001499 -6.992370
vt 48.001499 -7.007630
vt 47.992802 -7.001470
vt 47.992401 -6.998530
vt 49.977001 -16.990900
vt 49.987400 -16.990101
vt 49.979198 -16.987000
vt 50.026501 -17.007200
vt 50.025600 -17.011801
vt 50.036201 -17.011499
vt 49.958698 -17.028299
vt 49.953201 -17.028400
vt 49.956200 -17.038700
vt 49.950199 -17.018101
vt 49.948200 -17.028099
vt 49.950901 -17.038500
vt 49.946800 -17.038000
vt 49.953701 -17.048901
vt 49.949001 -17.048500
vt 49.951302 -17.059000
vt 49.974800 -17.011999
vt 49.973999 -17.007099
vt 49.964298 -17.011400
vt 49.963402 -17.006100
vt 49.973099 -17.001600
vt 49.962502 -17.000700
vt 49.953602 -17.010500
vt 49.952702 -17.005100
vt 49.943001 -17.009399
vt 50.051498 -17.025600
vt 50.049801 -17.014900
vt 50.046902 -17.025000
vt 50.049099 -17.035500
vt 50.053200 -17.036200
vt 50.043800 -17.035101
vt 50.051201 -17.046000
vt 50.046200 -17.045500
vt 50.048698 -17.055901
vt 38.007099 -52.979500
vt 38.005901 -52.942001
vt 37.959801 -52.977600
vt 37.958698 -52.943298
vt 38.040199 -52.977600
vt 38.041302 -52.943298
vt 37.991199 -52.942001
vt 37.990002 -52.979500
vt 37.987099 -52.927700
vt 37.983200 -52.905800
vt 37.959301 -52.930599
vt 37.955799 -52.910599
vt 38.016800 -52.905800
vt 38.040699 -52.930599
vt 38.044201 -52.910599
vt 38.012901 -52.927700
vt 38.000000 -53.050800
vt 37.981300 -53.007801
vt 37.981300 -53.056198
vt 38.000000 -53.002399
vt 38.018700 -53.007801
vt 38.018700 -53.056198
vt 38.000000 -52.957001
vt 37.981300 -52.954300
vt 37.981300 -52.962399
vt 38.000000 -52.954300
vt 37.987499 -52.942699
vt 38.018700 -52.954300
vt 38.018700 -52.962399
vt 38.000000 -52.942699
vt 38.012600 -52.942699
vt 38.000000 -53.152599
vt 38.000000 -53.135899
vt 37.986500 -53.152599
vt 38.013500 -53.152599
vt 37.981300 -53.135899
vt 37.981300 -53.101601
vt 38.000000 -53.096199
vt 38.018700 -53.101601
vt 38.018700 -53.135899
vt 37.592400 -53.004902
vt 37.629902 -53.004700
vt 37.596699 -52.957901
vt 37.631001 -52.957699
vt 37.596699 -53.042099
vt 37.631001 -53.042301
vt 37.629902 -52.992298
vt 37.592400 -52.992100
vt 37.708599 -52.979500
vt 37.730801 -52.978001
vt 37.711201 -52.952301
vt 37.731499 -52.951000
vt 37.711201 -53.047699
vt 37.731499 -53.049000
vt 37.730801 -53.021999
vt 37.708599 -53.020500
vt 38.119999 -53.012600
vt 38.119999 -52.987499
vt 38.114799 -53.000000
vt 38.132500 -52.982300
vt 38.132500 -53.017799
vt 38.145100 -53.012600
vt 38.145100 -52.987499
vt 38.150299 -53.000000
vt 38.218899 -53.000000
vt 38.163799 -53.000000
vt 38.215302 -53.012299
vt 38.215302 -52.987801
vt 38.160301 -53.012299
vt 38.160301 -52.987801
vt 38.423199 -53.012299
vt 38.383999 -53.000000
vt 38.380402 -53.012299
vt 38.423199 -53.000000
vt 38.423199 -52.987801
vt 38.380402 -52.987801
vt 38.270401 -53.012299
vt 38.325401 -53.012299
vt 38.273899 -53.000000
vt 38.328899 -53.000000
vt 38.325401 -52.987801
vt 38.270401 -52.987801
vt 37.886200 -53.056198
vt 37.867500 -53.020901
vt 37.867500 -53.069302
vt 37.848801 -53.034000
vt 37.886200 -53.007801
vt 37.848801 -53.082401
vt 37.867500 -52.954300
vt 37.886200 -52.962399
vt 37.886200 -52.954300
vt 37.867500 -52.975498
vt 37.848801 -52.954300
vt 37.848801 -52.988602
vt 37.880001 -52.942699
vt 37.867500 -52.942699
vt 37.854900 -52.942699
vt 37.793301 -52.864799
vt 37.839699 -52.852501
vt 37.784698 -52.852501
vt 37.848301 -52.864799
vt 37.801899 -52.877102
vt 37.856899 -52.877102
vt 37.867500 -53.135899
vt 37.881001 -53.152599
vt 37.886200 -53.135899
vt 37.867500 -53.114700
vt 37.886200 -53.101601
vt 37.848801 -53.127800
vt 37.848801 -53.135899
vt 37.867500 -53.152599
vt 37.853901 -53.152599
vt 38.334599 -52.977600
vt 38.368900 -52.991901
vt 38.348801 -52.968899
vt 38.365101 -52.975700
vt 38.360199 -52.957401
vt 38.365101 -52.959499
vt 38.368999 -52.943298
vt 38.377701 -52.957401
vt 38.385101 -52.947102
vt 38.389099 -52.968899
vt 38.401299 -52.947102
vt 38.403301 -52.977600
vt 38.417500 -52.943298
vt 38.383099 -52.934601
vt 38.365101 -52.927101
vt 38.394600 -52.923100
vt 38.365101 -52.910900
vt 38.368999 -52.894699
vt 38.403301 -52.908901
vt 38.352699 -52.947102
vt 38.354801 -52.934502
vt 38.336498 -52.947102
vt 38.343300 -52.923100
vt 38.320400 -52.943298
vt 38.334599 -52.908901
vt 38.248199 -52.930599
vt 38.268501 -52.938900
vt 38.256599 -52.925499
vt 38.266201 -52.929501
vt 38.263302 -52.918800
vt 38.266201 -52.919998
vt 38.268501 -52.910599
vt 38.273701 -52.918800
vt 38.278099 -52.912800
vt 38.280399 -52.925499
vt 38.287701 -52.912899
vt 38.288799 -52.930599
vt 38.297199 -52.910599
vt 38.276901 -52.905499
vt 38.266201 -52.901100
vt 38.266201 -52.891701
vt 38.283699 -52.898800
vt 38.268501 -52.882301
vt 38.288799 -52.890598
vt 38.258900 -52.912800
vt 38.260101 -52.905499
vt 38.249298 -52.912800
vt 38.253300 -52.898800
vt 38.239799 -52.910500
vt 38.248199 -52.890499
vt 37.576801 -52.864799
vt 37.619598 -52.852501
vt 37.576801 -52.852501
vt 37.628201 -52.864799
vt 37.576801 -52.877102
vt 37.636700 -52.877102
vt 37.738201 -52.864799
vt 37.691799 -52.877102
vt 37.746799 -52.877102
vt 37.683201 -52.864799
vt 37.729599 -52.852501
vt 37.674599 -52.852501
vt 38.000000 -53.039398
vt 38.018700 -53.082401
vt 38.018700 -53.034000
vt 38.000000 -53.087799
vt 37.981300 -53.082401
vt 37.981300 -53.034000
vt 37.981300 -52.988602
vt 37.987400 -52.942699
vt 38.012501 -52.942699
vt 38.000000 -52.993999
vt 38.018700 -52.988602
vt 38.000000 -53.133202
vt 38.018700 -53.127800
vt 37.981300 -53.127800
vt 38.047401 -52.890499
vt 38.020199 -52.883900
vt 38.016399 -52.905701
vt 38.043900 -52.910500
vt 37.956100 -52.910500
vt 37.983601 -52.905701
vt 37.952599 -52.890499
vt 37.979801 -52.883900
vt 37.994598 -52.904400
vt 37.993401 -52.941898
vt 38.041698 -52.908901
vt 38.040600 -52.943298
vt 37.958302 -52.908901
vt 37.959400 -52.943298
vt 38.009499 -52.941898
vt 38.008400 -52.904400
vt 37.856899 -53.012299
vt 37.805401 -53.000000
vt 37.801899 -53.012299
vt 37.856899 -52.987801
vt 37.801899 -52.987801
vt 37.860500 -53.000000
vt 37.881001 -52.986500
vt 37.881001 -53.013500
vt 37.886600 -53.000000
vt 37.867500 -52.980900
vt 37.867500 -53.019100
vt 37.853901 -53.013500
vt 37.853901 -52.986500
vt 37.848301 -53.000000
vt 37.576801 -53.012299
vt 37.636700 -53.012299
vt 37.576801 -53.000000
vt 37.640301 -53.000000
vt 37.636700 -52.987801
vt 37.576801 -52.987801
vt 38.332500 -53.007500
vt 38.370098 -53.007702
vt 38.334599 -52.960201
vt 38.368900 -52.960400
vt 38.334599 -53.039799
vt 38.368900 -53.039600
vt 38.370098 -52.989300
vt 38.332500 -52.989498
vt 37.746799 -53.012299
vt 37.695301 -53.000000
vt 37.691799 -53.012299
vt 37.750401 -53.000000
vt 37.746799 -52.987801
vt 37.691799 -52.987801
vt 38.247002 -52.987400
vt 38.268501 -52.960899
vt 38.248199 -52.959599
vt 38.269199 -52.988899
vt 38.268501 -53.039101
vt 38.247002 -53.012600
vt 38.248199 -53.040401
vt 38.269199 -53.011101
vt 38.113800 -53.007801
vt 38.113800 -53.056198
vt 38.132500 -53.020901
vt 38.151199 -53.034000
vt 38.132500 -53.069302
vt 38.151199 -53.082401
vt 38.132500 -52.954300
vt 38.113800 -52.954300
vt 38.113800 -52.962399
vt 38.119999 -52.942699
vt 38.132500 -52.975498
vt 38.132500 -52.942699
vt 38.145100 -52.942699
vt 38.151199 -52.954300
vt 38.151199 -52.988602
vt 38.215302 -52.852501
vt 38.160301 -52.852501
vt 38.206699 -52.864799
vt 38.151699 -52.864799
vt 38.198101 -52.877102
vt 38.143101 -52.877102
vt 38.132500 -53.114700
vt 38.113800 -53.101601
vt 38.113800 -53.135899
vt 38.132500 -53.135899
vt 38.118999 -53.152599
vt 38.151199 -53.127800
vt 38.132500 -53.152599
vt 38.151199 -53.135899
vt 38.146099 -53.152599
vt 37.631100 -52.991901
vt 37.651199 -52.968899
vt 37.634899 -52.975700
vt 37.665401 -52.977600
vt 37.639801 -52.957401
vt 37.634899 -52.959499
vt 37.631001 -52.943298
vt 37.614899 -52.947102
vt 37.622299 -52.957401
vt 37.610901 -52.968899
vt 37.598701 -52.947102
vt 37.596699 -52.977600
vt 37.582500 -52.943298
vt 37.634899 -52.927101
vt 37.616901 -52.934601
vt 37.605400 -52.923100
vt 37.634899 -52.910900
vt 37.631001 -52.894699
vt 37.596699 -52.908901
vt 37.647301 -52.947102
vt 37.645199 -52.934502
vt 37.663502 -52.947102
vt 37.656700 -52.923100
vt 37.679600 -52.943298
vt 37.665401 -52.908901
vt 37.731499 -52.938900
vt 37.743401 -52.925499
vt 37.733799 -52.929501
vt 37.751801 -52.930599
vt 37.736698 -52.918800
vt 37.733799 -52.919998
vt 37.731499 -52.910599
vt 37.721901 -52.912800
vt 37.726299 -52.918800
vt 37.719601 -52.925499
vt 37.712299 -52.912899
vt 37.711201 -52.930599
vt 37.702801 -52.910599
vt 37.733799 -52.901100
vt 37.723099 -52.905499
vt 37.733799 -52.891701
vt 37.716301 -52.898800
vt 37.731499 -52.882301
vt 37.711201 -52.890598
vt 37.741100 -52.912800
vt 37.739899 -52.905499
vt 37.750702 -52.912800
vt 37.746700 -52.898800
vt 37.760201 -52.910500
vt 37.751801 -52.890499
vt 38.423199 -52.852501
vt 38.380402 -52.852501
vt 38.423199 -52.864799
vt 38.371799 -52.864799
vt 38.423199 -52.877102
vt 38.363300 -52.877102
vt 38.308201 -52.877102
vt 38.261799 -52.864799
vt 38.253201 -52.877102
vt 38.316799 -52.864799
vt 38.270401 -52.852501
vt 38.325401 -52.852501
vt 53.992100 -55.000000
vt 54.000500 -54.992401
vt 53.992100 -54.991501
vt 54.000500 -55.007599
vt 53.992100 -55.008499
vt 54.000000 -54.992100
vt 54.007599 -55.000500
vt 54.008499 -54.992100
vt 53.996601 -55.000000
vt 53.992100 -55.005600
vt 53.996601 -55.007198
vt 53.996601 -54.992802
vt 53.992100 -54.994400
vt 53.999500 -54.992401
vt 54.007900 -55.000000
vt 54.007900 -54.991501
vt 53.999500 -55.000000
vt 53.999500 -55.007599
vt 54.007900 -55.008499
vt 53.992401 -55.000500
vt 53.991501 -54.992100
vt 26.020700 -22.886999
vt 25.948200 -22.936001
vt 26.051800 -22.936001
vt 25.979300 -22.886999
vt 25.958599 -22.959000
vt 26.041401 -22.959000
vt 25.958599 -23.135900
vt 26.041401 -23.135900
vt 25.958599 -23.153299
vt 26.041401 -23.153299
vt 25.958599 -23.170401
vt 26.041401 -23.170401
vt 26.024099 -22.904100
vt 26.007999 -22.928801
vt 26.039101 -22.928801
vt 26.007999 -22.904100
vt 26.007900 -22.878901
vt 25.992100 -22.858101
vt 25.992100 -22.878901
vt 26.042801 -22.939800
vt 25.957399 -22.939800
vt 26.034300 -22.961901
vt 25.965900 -22.961901
vt 26.017599 -22.894699
vt 25.982599 -22.894699
vt 26.011000 -22.876900
vt 25.989201 -22.876900
vt 26.005899 -22.871500
vt 26.009800 -22.859699
vt 26.005899 -22.859699
vt 26.009800 -22.871500
vt 26.009800 -22.878300
vt 26.005899 -22.878300
vt 25.990200 -22.871500
vt 25.994101 -22.859699
vt 25.990200 -22.859699
vt 25.994101 -22.871500
vt 25.994101 -22.878300
vt 25.990200 -22.878300
vt 26.000000 -23.019800
vt 25.987900 -22.992001
vt 25.987900 -23.019800
vt 26.000000 -22.992001
vt 26.012100 -23.019800
vt 26.012100 -22.992001
vt 26.000000 -22.846300
vt 26.009399 -22.855101
vt 26.005199 -22.844200
vt 26.009399 -22.838200
vt 26.007299 -22.839001
vt 26.007000 -22.838200
vt 26.007900 -22.858000
vt 25.992100 -22.858000
vt 26.007900 -22.879000
vt 25.992100 -22.879000
vt 25.990601 -22.855101
vt 25.994801 -22.844200
vt 25.990601 -22.838200
vt 25.992701 -22.839001
vt 25.993000 -22.838200
vt 25.993900 -22.952200
vt 25.964300 -22.927401
vt 25.962200 -22.952200
vt 25.993900 -22.927401
vt 25.612700 -23.020700
vt 25.612700 -22.979300
vt 25.585199 -23.020700
vt 25.585199 -22.979300
vt 26.406500 -23.011000
vt 26.441900 -23.017599
vt 26.441900 -22.982599
vt 26.406500 -22.989201
vt 26.069500 -22.989201
vt 26.069500 -23.011000
vt 25.967199 -22.989201
vt 25.967199 -23.011000
vt 26.379801 -23.009399
vt 26.370701 -23.007000
vt 26.370701 -23.009399
vt 26.379801 -23.007000
vt 26.379801 -22.990601
vt 26.370701 -22.990601
vt 26.379801 -22.993000
vt 26.370701 -22.993000
vt 26.370701 -23.000000
vt 26.379801 -22.994801
vt 26.370701 -22.994801
vt 26.379801 -23.000000
vt 26.379801 -23.005199
vt 26.370701 -23.005199
vt 26.026800 -23.005899
vt 26.011101 -23.005899
vt 26.026800 -23.009800
vt 26.011101 -23.009800
vt 25.987499 -23.009800
vt 25.987499 -23.005899
vt 26.026800 -22.990200
vt 26.011101 -22.990200
vt 26.026800 -22.994101
vt 26.011101 -22.994101
vt 25.987499 -22.994101
vt 25.987499 -22.990200
vt 26.360800 -22.994101
vt 26.345100 -22.990200
vt 26.345100 -22.994101
vt 26.360800 -22.990200
vt 26.384399 -22.990200
vt 26.384399 -22.994101
vt 26.360800 -23.009800
vt 26.345100 -23.005899
vt 26.345100 -23.009800
vt 26.360800 -23.005899
vt 26.384399 -23.009800
vt 26.384399 -23.005899
vt 25.849300 -23.024099
vt 25.985901 -23.024099
vt 25.985901 -23.007999
vt 25.849300 -23.007999
vt 25.993401 -23.009701
vt 26.002199 -23.009701
vt 26.002199 -23.005600
vt 26.403900 -22.993900
vt 26.134199 -22.962200
vt 26.134199 -22.993900
vt 26.403900 -22.962200
vt 26.447901 -23.038099
vt 26.347799 -22.962099
vt 26.347799 -23.038099
vt 26.447901 -22.962099
vt 26.419901 -23.170401
vt 26.394699 -23.153299
vt 26.392401 -23.170401
vt 26.422300 -23.153299
vt 26.395500 -23.135900
vt 26.423000 -23.135900
vt 26.420401 -22.959000
vt 26.447901 -22.959000
vt 26.447901 -22.936001
vt 26.387300 -22.886999
vt 26.420401 -22.936001
vt 26.414801 -22.886999
vt 25.629299 -22.844200
vt 25.620199 -22.839001
vt 25.620199 -22.844200
vt 25.629299 -22.839001
vt 25.620199 -22.838200
vt 25.629299 -22.838200
vt 25.652201 -22.961901
vt 25.571800 -22.993999
vt 25.652201 -22.993999
vt 25.552099 -22.961901
vt 25.596100 -22.952200
vt 25.558100 -22.939800
vt 25.558100 -22.961901
vt 25.596100 -22.927401
vt 25.558100 -22.894699
vt 25.865801 -22.952200
vt 25.930500 -22.961901
vt 25.930500 -22.939800
vt 25.865801 -22.939800
vt 25.865801 -22.927401
vt 25.930500 -22.894699
vt 25.593500 -22.876900
vt 25.930500 -22.876900
vt 26.032801 -22.876900
vt 26.044500 -22.894699
vt 26.020300 -22.878300
vt 26.012501 -22.859699
vt 25.988899 -22.859699
vt 26.020300 -22.871500
vt 25.973200 -22.878300
vt 25.973200 -22.871500
vt 25.639200 -22.859699
vt 25.607700 -22.878300
vt 25.654900 -22.878300
vt 25.654900 -22.871500
vt 25.615601 -22.859699
vt 25.607700 -22.871500
vt 26.150700 -22.904100
vt 26.014099 -22.904100
vt 26.150700 -22.928801
vt 26.014099 -22.928801
vt 25.604900 -22.992001
vt 25.604900 -23.019800
vt 25.617001 -23.019800
vt 25.617001 -22.992001
vt 25.629101 -23.019800
vt 25.629101 -22.992001
vt 25.620199 -22.858000
vt 25.620199 -22.879000
vt 25.629299 -22.879000
vt 25.629299 -22.858000
vt 25.629299 -22.855101
vt 25.620199 -22.855101
vt 25.961901 -22.993999
vt 26.037901 -22.961901
vt 25.961901 -22.961901
vt 26.037901 -22.993999
vt 25.982401 -22.894699
vt 26.042601 -22.939800
vt 26.017401 -22.894699
vt 25.957199 -22.939800
vt 25.965700 -22.961901
vt 26.034100 -22.961901
vt 26.006100 -22.952200
vt 26.035700 -22.927401
vt 26.006100 -22.927401
vt 26.037800 -22.952200
vt 25.975901 -22.904100
vt 25.960899 -22.928801
vt 25.992001 -22.928801
vt 25.992001 -22.904100
vt 26.419901 -23.041401
vt 26.419901 -22.958599
vt 26.392401 -23.041401
vt 26.392401 -22.958599
vt 25.571800 -23.038099
vt 25.652201 -23.038099
vt 25.571800 -22.962099
vt 25.652201 -22.962099
vt 26.044500 -23.017599
vt 25.930500 -22.982599
vt 25.930500 -23.017599
vt 26.044500 -22.982599
vt 25.930500 -22.965900
vt 25.558100 -22.965900
vt 25.930500 -23.034300
vt 25.558100 -23.034300
vt 26.014099 -23.039101
vt 26.150700 -23.039101
vt 26.150700 -23.007999
vt 26.014099 -23.007999
vt 25.596100 -22.993900
vt 25.865801 -22.993900
vt 25.865801 -22.964300
vt 25.596100 -22.964300
vt 25.997801 -23.007900
vt 26.006599 -22.992100
vt 25.997801 -22.992100
vt 26.006599 -23.007900
vt 25.620199 -23.007900
vt 25.629299 -22.992100
vt 25.620199 -22.992100
vt 25.629299 -23.007900
vt 25.605301 -23.153299
vt 25.577700 -23.153299
vt 25.580099 -23.170401
vt 25.604500 -23.135900
vt 25.607599 -23.170401
vt 25.577000 -23.135900
vt 25.579599 -22.959000
vt 25.552099 -22.959000
vt 25.579599 -22.936001
vt 25.552099 -22.936001
vt 25.585199 -22.886999
vt 25.612700 -22.886999
vt 26.370701 -22.839001
vt 26.379801 -22.844200
vt 26.379801 -22.839001
vt 26.370701 -22.838200
vt 26.379801 -22.838200
vt 26.370701 -22.844200
vt 26.347799 -22.993999
vt 26.428200 -22.993999
vt 26.347799 -22.961901
vt 26.447901 -22.961901
vt 25.967199 -22.876900
vt 26.069500 -22.894699
vt 26.069500 -22.876900
vt 25.955500 -22.894699
vt 26.406500 -22.876900
vt 26.441900 -22.894699
vt 26.441900 -22.939800
vt 26.069500 -22.939800
vt 26.441900 -22.961901
vt 26.069500 -22.961901
vt 25.849300 -22.904100
vt 25.985901 -22.928801
vt 25.985901 -22.904100
vt 25.849300 -22.928801
vt 25.987499 -22.859699
vt 25.979700 -22.878300
vt 26.011101 -22.859699
vt 25.979700 -22.871500
vt 26.026800 -22.878300
vt 26.026800 -22.871500
vt 26.345100 -22.878300
vt 26.360800 -22.859699
vt 26.345100 -22.871500
vt 26.392300 -22.878300
vt 26.384399 -22.859699
vt 26.392300 -22.871500
vt 26.382999 -22.992001
vt 26.395100 -23.019800
vt 26.395100 -22.992001
vt 26.382999 -23.019800
vt 26.370899 -22.992001
vt 26.370899 -23.019800
vt 26.379801 -22.879000
vt 26.370701 -22.858000
vt 26.370701 -22.879000
vt 26.379801 -22.858000
vt 26.379801 -22.855101
vt 26.370701 -22.855101
vt 35.962601 -41.108501
vt 36.037399 -41.129902
vt 36.037399 -41.108501
vt 35.962601 -41.129902
vt 36.031502 -41.089500
vt 35.968498 -41.089500
vt 36.031502 -40.993198
vt 35.968498 -40.993198
vt 36.031502 -40.900902
vt 35.968498 -40.900902
vt 35.907501 -41.031502
vt 36.022400 -41.031502
vt 36.022400 -40.968498
vt 35.907501 -40.968498
vt 36.082500 -40.962601
vt 36.065601 -41.031502
vt 36.082500 -41.037399
vt 36.065601 -40.968498
vt 35.907501 -41.070099
vt 36.045700 -41.108501
vt 35.917500 -41.048698
vt 36.035801 -41.129902
vt 35.934399 -41.039200
vt 36.042099 -41.089500
vt 35.965099 -40.962399
vt 36.080002 -40.993198
vt 36.092499 -40.900902
vt 35.977600 -40.870098
vt 35.962601 -41.070099
vt 36.037399 -41.070099
vt 35.962601 -41.048698
vt 36.037399 -41.048698
vt 35.968498 -41.039200
vt 36.031502 -41.039200
vt 36.031502 -40.962399
vt 35.968498 -40.962399
vt 36.031502 -40.870098
vt 35.968498 -40.870098
vt 35.907501 -41.037399
vt 36.035801 -41.037399
vt 36.035801 -40.962601
vt 35.907501 -40.962601
vt 35.964199 -41.129902
vt 36.092499 -41.070099
vt 35.954300 -41.108501
vt 36.082500 -41.048698
vt 36.065601 -41.039200
vt 35.957901 -41.089500
vt 36.034901 -40.962399
vt 35.919998 -40.993198
vt 35.907501 -40.900902
vt 36.022400 -40.870098
vt 43.960400 -35.007801
vt 43.959099 -34.982300
vt 43.951801 -35.002102
vt 43.969299 -34.986099
vt 43.968399 -35.006199
vt 44.023701 -34.974300
vt 44.013401 -34.975101
vt 44.017399 -34.983799
vt 44.028500 -35.000198
vt 44.021099 -35.000500
vt 44.036598 -34.996399
vt 44.034000 -34.974201
vt 44.030800 -34.995800
vt 44.030201 -34.980202
vt 44.019600 -34.985500
vt 44.021400 -34.996300
vt 44.037399 -34.993000
vt 44.038101 -34.973000
vt 44.061298 -35.001301
vt 44.042198 -34.975700
vt 44.035999 -34.987400
vt 44.056301 -35.009102
vt 44.046799 -35.011799
vt 44.022999 -34.990898
vt 44.073601 -35.027100
vt 44.060799 -35.017200
vt 44.067299 -35.032001
vt 44.031200 -35.009701
vt 44.030499 -34.988998
vt 44.019199 -34.992001
vt 44.037701 -35.008999
vt 44.037998 -34.980701
vt 44.021301 -35.009701
vt 43.973000 -34.977600
vt 43.959000 -34.979698
vt 43.964802 -34.987701
vt 43.944099 -34.994301
vt 43.993801 -34.989601
vt 44.025799 -34.973801
vt 43.950901 -35.000702
vt 43.970402 -34.995201
vt 43.932999 -35.016602
vt 43.941700 -35.020699
vt 43.952400 -35.016102
vt 43.938202 -35.041901
vt 43.929001 -35.039600
vt 43.946400 -35.052101
vt 44.040401 -35.007000
vt 44.030399 -35.009998
vt 44.035500 -35.047100
vt 44.036598 -34.995201
vt 44.044399 -35.048000
vt 44.053902 -35.030499
vt 44.052799 -35.049801
vt 44.044899 -34.987801
vt 44.036900 -35.006500
vt 44.025299 -35.005100
vt 44.032799 -35.049801
vt 44.050098 -35.046001
vt 44.046001 -34.993999
vt 44.042301 -35.053699
vt 44.025501 -34.999001
vt 43.954700 -35.008202
vt 43.939499 -35.015701
vt 43.945999 -35.021801
vt 43.951302 -35.011398
vt 43.953499 -35.040501
vt 43.964100 -35.012600
vt 43.944801 -35.040298
vt 43.937199 -35.033901
vt 43.992500 -34.946400
vt 43.962898 -34.964500
vt 43.983200 -34.964298
vt 43.996399 -34.955399
vt 44.011799 -34.947300
vt 44.007099 -34.956200
vt 43.999001 -34.963501
vt 44.020000 -34.954201
vt 43.984600 -34.976002
vt 43.965801 -34.978401
vt 43.951500 -34.987202
vt 43.974098 -34.986000
vt 43.960800 -35.001099
vt 43.953400 -34.997601
vt 43.969398 -35.001400
vt 43.941399 -35.025200
vt 43.958500 -35.011700
vt 43.948002 -35.005001
vt 43.947800 -35.030998
vt 43.955299 -35.035000
vt 43.961201 -35.030998
vt 44.051102 -35.009602
vt 44.045399 -34.988400
vt 44.042500 -35.009998
vt 44.027000 -34.984901
vt 44.039001 -34.981899
vt 44.037201 -34.997501
vt 44.050301 -35.008701
vt 44.042900 -35.016300
vt 44.099098 -34.997101
vt 44.162800 -34.992500
vt 44.166500 -34.990398
vt 44.270000 -34.995300
vt 44.303001 -34.969200
vt 44.307701 -34.958302
vt 44.223202 -34.958000
vt 44.261700 -34.988800
vt 44.370098 -34.957500
vt 44.316601 -34.988400
vt 44.378799 -34.971802
vt 44.381599 -34.957802
vt 44.254101 -34.998901
vt 44.392899 -34.973202
vt 44.374802 -34.988098
vt 44.393501 -34.993401
vt 44.326900 -34.997799
vt 44.376801 -35.002800
vt 44.391800 -35.014900
vt 44.345699 -35.014000
vt 44.371700 -35.028400
vt 44.280800 -35.020401
vt 44.320000 -35.030800
vt 44.264702 -35.033001
vt 44.172600 -35.018700
vt 44.378700 -35.033199
vt 44.157101 -35.032501
vt 44.194599 -35.033501
vt 44.244701 -35.056801
vt 43.958199 -35.038799
vt 43.972599 -35.038200
vt 43.960899 -35.027100
vt 43.980499 -35.014999
vt 43.837601 -35.039101
vt 43.963001 -35.009701
vt 43.984200 -34.990200
vt 43.816700 -35.010601
vt 43.917801 -34.991199
vt 43.922298 -34.974701
vt 43.857201 -34.973400
vt 43.858101 -34.957901
vt 43.849098 -34.991199
vt 43.780499 -34.960800
vt 43.791698 -35.023399
vt 43.773998 -34.974800
vt 43.768600 -34.989601
vt 43.748798 -35.008301
vt 43.736401 -34.974201
vt 43.704601 -34.991501
vt 43.717999 -35.025700
vt 43.715099 -35.007599
vt 43.757801 -35.039001
vt 43.634399 -35.028198
vt 43.613602 -35.025799
vt 43.632500 -34.969898
vt 43.699402 -35.038601
vt 43.716202 -34.959999
vt 43.630199 -34.954700
vt 43.610298 -34.959000
vt 43.608799 -34.944099
vt 43.610500 -34.973000
vt 44.083500 -34.994202
vt 44.166698 -34.983398
vt 44.087002 -34.979000
vt 44.182098 -34.959599
vt 44.090698 -34.963600
vt 44.085800 -34.962898
vt 44.068199 -34.992500
vt 44.100498 -35.031101
vt 44.112000 -35.013599
vt 44.081001 -35.020000
vt 44.174301 -34.991199
vt 43.925999 -34.959202
vt 43.975101 -34.945000
vt 43.922501 -34.944698
vt 43.981998 -34.971298
vt 43.984699 -34.951900
vt 43.993198 -34.986301
vt 43.968700 -34.937302
vt 43.615501 -35.039001
vt 43.638000 -35.039200
vt 43.776199 -34.974300
vt 43.798599 -34.985401
vt 43.806198 -34.972500
vt 43.776001 -34.965302
vt 43.776798 -34.959099
vt 43.746899 -34.973701
vt 43.754299 -34.983601
vt 43.724998 -34.996601
vt 43.728100 -35.005901
vt 43.718102 -35.004501
vt 43.703999 -35.000000
vt 43.687801 -34.970001
vt 43.687199 -34.981499
vt 43.720600 -34.972900
vt 43.692299 -34.960201
vt 43.670101 -34.977299
vt 43.649300 -34.972599
vt 43.629902 -34.959099
vt 43.653500 -34.982300
vt 43.632999 -34.970699
vt 43.618401 -34.962700
vt 43.634102 -34.988998
vt 43.639801 -35.002102
vt 43.634300 -35.004601
vt 43.627102 -34.997398
vt 43.682701 -34.969501
vt 43.633900 -34.983002
vt 43.670700 -34.986301
vt 43.649899 -34.991001
vt 43.765999 -34.973301
vt 43.730000 -34.971001
vt 43.835701 -34.967201
vt 43.833500 -34.965302
vt 43.900902 -34.971298
vt 43.832001 -34.987701
vt 43.860001 -34.980202
vt 43.822201 -34.977402
vt 43.895901 -34.984100
vt 43.910400 -34.983799
vt 43.915298 -34.975101
vt 43.901600 -35.002201
vt 43.915100 -35.000500
vt 43.886002 -35.000198
vt 43.875801 -34.986698
vt 43.844299 -34.996300
vt 43.849800 -34.985500
vt 43.838200 -34.998001
vt 43.822701 -34.993000
vt 43.810902 -34.990898
vt 43.719398 -34.984100
vt 43.792599 -35.000801
vt 43.756199 -35.034401
vt 43.768799 -35.020199
vt 43.750999 -35.015900
vt 43.749401 -35.035900
vt 43.739799 -35.032902
vt 43.733898 -35.004101
vt 43.730701 -34.992699
vt 43.677200 -35.009701
vt 43.690498 -34.992001
vt 43.670300 -35.011398
vt 43.662800 -35.009499
vt 44.256802 -34.982101
vt 44.283798 -34.966301
vt 44.219501 -34.963501
vt 44.369801 -34.977299
vt 44.363098 -34.994801
vt 44.391201 -34.994301
vt 44.365398 -35.014702
vt 44.388000 -35.016602
vt 44.376301 -35.039600
vt 44.396000 -35.020699
vt 44.335499 -35.013699
vt 44.360298 -35.039001
vt 44.357700 -35.056999
vt 44.347099 -35.051701
vt 44.152802 -35.016602
vt 44.157600 -35.003300
vt 44.136902 -35.001301
vt 44.129601 -34.996399
vt 44.208199 -34.998699
vt 44.189301 -35.024899
vt 44.210499 -35.021999
vt 44.229301 -35.009998
vt 44.204899 -35.048100
vt 44.212700 -35.049999
vt 44.221500 -35.047100
vt 44.323399 -34.991299
vt 44.332001 -35.005100
vt 44.360298 -34.996601
vt 44.314602 -35.049801
vt 44.307800 -35.006802
vt 44.308300 -35.055099
vt 44.300800 -35.048901
vt 44.285198 -35.003101
vt 44.262001 -34.995201
vt 44.236801 -34.999001
vt 44.149799 -35.020500
vt 44.164501 -35.024899
vt 44.165901 -35.016602
vt 44.179199 -35.021801
vt 44.176498 -35.015701
vt 44.161201 -34.988602
vt 44.194901 -35.008202
vt 44.188499 -34.998600
vt 44.200901 -34.981899
vt 44.141899 -34.976299
vt 44.212502 -35.002201
vt 44.212799 -35.012299
vt 44.236500 -35.011902
vt 44.230400 -35.022701
vt 44.248901 -35.038700
vt 44.261101 -35.036400
vt 44.261799 -35.046101
vt 44.271702 -35.033901
vt 44.276299 -35.040298
vt 44.284500 -35.002499
vt 44.291500 -35.011398
vt 44.308800 -35.001701
vt 43.909302 -34.960201
vt 43.817902 -34.959900
vt 43.876400 -34.973801
vt 43.914200 -34.964500
vt 43.894100 -34.987202
vt 43.831299 -34.999802
vt 43.852299 -35.005001
vt 43.888599 -34.997601
vt 43.837799 -35.025200
vt 43.830700 -35.026299
vt 43.838902 -35.030998
vt 43.830700 -35.034199
vt 43.823101 -35.025600
vt 43.812302 -34.995300
vt 43.818901 -35.029701
vt 44.023701 -34.991001
vt 44.024899 -34.979801
vt 44.015301 -34.983700
vt 44.031300 -34.988602
vt 44.038700 -35.003502
vt 44.021500 -34.998100
vt 44.072701 -35.004398
vt 44.077499 -34.990700
vt 44.066898 -35.014099
vt 44.133400 -35.010502
vt 44.137501 -34.999802
vt 44.042198 -35.011799
vt 44.063900 -35.002602
vt 44.042400 -35.000301
vt 44.034698 -35.014801
vt 44.027500 -34.996601
vt 44.045700 -35.016701
vt 44.327999 -35.023102
vt 44.309101 -35.011101
vt 44.369301 -35.009899
vt 44.384300 -34.992901
vt 44.353100 -35.019299
vt 44.343498 -35.016998
vt 44.341301 -35.010300
vt 44.040901 -34.985401
vt 44.030800 -34.987400
vt 44.032299 -35.006599
vt 44.040798 -35.003700
vt 44.030201 -34.986000
vt 44.031799 -35.004398
vt 44.040798 -34.981499
vt 44.048199 -35.000000
vt 44.048401 -34.997398
vt 44.038200 -34.971901
vt 44.039299 -35.004501
vt 44.032001 -35.003700
vt 44.042198 -34.962700
vt 44.030399 -34.979198
vt 44.021000 -34.961700
vt 44.017601 -34.971199
vt 44.022598 -34.978500
vt 44.009701 -34.973999
vt 44.027000 -34.983501
vt 44.026798 -34.953300
vt 44.007401 -34.961102
vt 44.006599 -34.950699
vt 43.985100 -34.958099
vt 43.972000 -34.974499
vt 43.966801 -34.967300
vt 43.990200 -34.967899
vt 44.006100 -34.970501
vt 43.991901 -34.976601
vt 43.979698 -34.981098
vt 43.980900 -34.986698
vt 43.970798 -34.999599
vt 43.978600 -35.000198
vt 43.969501 -34.982800
vt 43.961399 -34.994999
vt 43.971001 -34.999199
vt 43.958698 -34.986500
vt 43.962200 -34.995399
vt 43.926201 -35.029701
vt 43.934399 -35.030102
vt 43.928902 -35.017101
vt 43.950699 -35.000999
vt 43.943001 -35.032902
vt 43.957401 -34.977200
vt 43.961300 -35.004101
vt 43.963100 -34.986599
vt 43.974800 -34.992699
vt 43.980400 -34.991001
vt 43.970501 -35.010700
vt 43.978699 -35.009499
vt 43.969299 -34.987701
vt 43.961300 -35.005100
vt 43.956001 -35.026199
vt 43.964802 -35.048100
vt 43.967499 -35.024899
vt 43.956001 -35.050598
vt 43.946602 -35.046101
vt 43.945801 -35.019100
vt 43.956699 -35.062801
vt 43.966900 -35.048901
vt 43.957500 -35.054100
vt 43.963799 -35.002201
vt 43.949699 -35.042198
vt 43.974998 -35.003101
vt 43.955700 -34.991699
vt 44.044899 -35.022701
vt 44.033401 -35.021301
vt 44.045700 -35.043999
vt 44.055698 -35.043900
vt 44.062000 -35.038700
vt 44.054199 -35.011902
vt 44.049999 -34.995300
vt 44.049099 -35.029701
vt 44.058399 -35.025600
vt 44.042000 -35.031799
vt 44.028702 -34.968800
vt 44.013699 -34.975800
vt 44.048100 -34.983700
vt 44.058601 -34.991001
vt 44.050598 -34.998100
vt 44.027802 -34.988602
vt 44.062901 -35.003502
vt 44.054401 -35.008999
vt 43.995399 -34.986099
vt 43.992599 -34.977600
vt 44.009800 -34.965801
vt 43.974098 -34.996601
vt 43.957298 -35.013000
vt 43.965401 -35.014801
vt 43.968899 -34.988098
vt 43.949600 -35.006401
vt 43.985001 -34.969501
vt 43.961800 -34.981602
vt 44.071400 -35.051701
vt 44.059101 -35.023102
vt 44.063499 -35.055401
vt 44.054100 -35.055099
vt 44.047401 -35.023102
vt 43.960201 -35.007099
vt 43.949200 -35.013302
vt 43.956299 -35.018799
vt 43.953999 -34.993999
vt 43.964802 -35.016998
vt 43.969200 -35.010300
vt 43.829700 -34.975601
vt 43.908798 -34.983501
vt 43.883099 -34.975800
vt 43.801701 -34.969200
vt 43.809299 -34.982800
vt 43.825401 -34.990799
vt 43.783100 -34.965801
vt 43.798599 -34.959099
vt 43.900902 -34.997101
vt 43.917900 -34.998600
vt 43.790901 -34.976398
vt 43.730000 -34.995300
vt 43.776199 -34.956699
vt 43.762600 -34.965599
vt 43.754299 -34.958000
vt 43.755402 -34.976002
vt 43.747398 -34.968300
vt 43.728100 -34.960400
vt 43.698502 -34.978100
vt 43.721100 -34.972401
vt 43.726700 -34.967999
vt 43.718102 -34.952400
vt 43.711102 -34.960999
vt 43.703999 -34.951801
vt 43.713402 -34.969799
vt 43.704102 -34.968201
vt 43.694199 -34.969799
vt 43.699501 -34.959202
vt 43.687199 -34.959202
vt 43.670101 -34.968700
vt 43.670101 -34.959000
vt 43.687801 -34.953300
vt 43.649300 -34.951801
vt 43.653500 -34.959099
vt 43.634201 -34.960999
vt 43.639801 -34.951801
vt 43.634300 -34.952000
vt 43.627102 -34.951599
vt 43.641800 -34.960400
vt 43.648399 -34.969299
vt 43.640099 -34.968399
vt 43.631302 -34.973000
vt 43.633900 -34.970001
vt 43.627102 -34.967999
vt 43.625900 -34.960701
vt 43.618801 -34.969601
vt 43.627998 -34.977402
vt 43.606300 -34.982399
vt 43.626202 -34.990299
vt 43.620399 -35.020302
vt 43.602798 -35.009800
vt 43.616798 -35.028000
vt 43.645802 -35.030701
vt 43.607800 -34.993900
vt 43.622700 -34.997700
vt 43.610001 -35.008099
vt 43.682701 -34.996300
vt 43.633900 -35.014198
vt 43.649899 -35.019600
vt 43.765999 -34.995899
vt 43.822201 -35.007401
vt 43.835701 -34.990200
vt 43.860001 -35.011299
vt 43.810902 -35.022999
vt 43.832001 -35.017101
vt 43.875801 -35.019100
vt 43.719398 -35.011101
vt 43.670700 -35.013302
vt 43.895901 -35.013802
vt 43.915298 -35.013401
vt 43.904701 -35.028801
vt 43.920399 -35.028500
vt 43.915100 -35.021099
vt 43.915600 -35.036598
vt 43.901600 -35.019001
vt 43.886002 -35.021400
vt 43.902901 -35.037701
vt 43.882198 -35.029202
vt 43.886600 -35.038601
vt 43.862701 -35.020401
vt 43.868698 -35.030499
vt 43.855499 -35.030201
vt 43.849800 -35.019600
vt 43.838501 -35.028999
vt 43.846901 -35.030800
vt 43.844299 -35.021400
vt 43.838200 -35.020100
vt 43.844601 -35.037399
vt 43.822701 -35.022900
vt 43.837898 -35.037800
vt 43.832500 -35.041302
vt 43.812099 -35.035999
vt 43.774799 -35.060799
vt 43.800201 -35.056301
vt 43.797798 -35.046799
vt 43.792599 -35.030800
vt 43.768799 -35.048599
vt 43.750999 -35.042500
vt 43.756199 -35.057201
vt 43.758801 -35.067299
vt 43.749298 -35.066601
vt 43.756599 -35.073601
vt 43.749401 -35.056000
vt 43.744999 -35.073799
vt 43.739799 -35.056999
vt 43.737202 -35.065601
vt 43.733898 -35.038700
vt 43.730701 -35.025200
vt 43.709801 -35.021801
vt 43.722599 -35.036900
vt 43.709702 -35.032001
vt 43.690498 -35.019199
vt 43.695400 -35.030499
vt 43.674000 -35.037701
vt 43.679501 -35.031200
vt 43.670300 -35.028900
vt 43.663200 -35.038700
vt 43.677200 -35.021301
vt 43.670300 -35.019699
vt 43.662800 -35.021301
vt 43.661800 -35.029499
vt 44.063900 -35.028301
vt 44.099400 -35.029701
vt 44.129601 -35.019199
vt 44.397202 -34.993801
vt 44.397202 -34.964802
vt 44.387199 -34.970402
vt 44.376301 -34.929001
vt 44.364899 -34.938000
vt 44.381802 -34.938202
vt 44.357700 -34.929401
vt 44.368999 -34.946400
vt 44.354500 -34.947399
vt 44.352100 -34.938099
vt 44.347099 -34.928600
vt 44.129200 -35.037399
vt 44.136902 -35.027000
vt 44.150700 -35.043400
vt 44.152802 -35.034100
vt 44.157600 -35.024399
vt 44.189301 -35.032501
vt 44.183899 -35.043999
vt 44.153500 -35.050800
vt 44.204899 -35.035198
vt 44.212399 -35.043900
vt 44.212700 -35.033699
vt 44.203701 -35.043999
vt 44.221500 -35.035500
vt 44.224499 -35.044399
vt 44.205299 -35.053398
vt 44.216801 -35.052799
vt 44.189400 -35.054199
vt 44.323399 -35.015800
vt 44.360298 -35.021000
vt 44.355900 -35.013500
vt 44.271500 -34.994598
vt 44.314602 -35.032799
vt 44.308201 -35.043301
vt 44.317101 -35.042301
vt 44.308300 -35.032501
vt 44.300800 -35.033100
vt 44.262001 -35.023800
vt 44.279900 -35.036201
vt 44.285198 -35.025002
vt 44.260700 -35.035198
vt 44.242901 -35.036598
vt 44.278599 -35.011101
vt 44.233601 -34.993000
vt 44.234001 -34.986198
vt 44.360100 -34.978699
vt 44.312401 -34.975800
vt 44.236801 -35.025501
vt 44.208199 -35.021000
vt 44.189800 -35.004799
vt 44.149799 -34.943001
vt 44.140099 -34.962002
vt 44.157799 -34.954201
vt 44.164501 -34.945099
vt 44.176201 -34.955502
vt 44.165298 -34.962898
vt 44.179199 -34.945999
vt 44.194901 -34.954700
vt 44.188900 -34.966301
vt 44.213200 -34.967201
vt 44.212799 -34.956402
vt 44.230400 -34.955101
vt 44.237598 -34.966599
vt 44.285599 -34.964100
vt 44.310101 -34.959400
vt 44.291500 -34.951302
vt 44.250000 -34.954300
vt 44.261799 -34.942501
vt 44.247002 -34.944302
vt 44.248901 -34.938000
vt 44.262501 -34.952702
vt 44.276299 -34.944801
vt 44.274200 -34.953499
vt 43.931499 -34.999001
vt 43.921501 -34.984600
vt 43.911400 -34.965801
vt 43.901699 -34.974098
vt 43.857498 -34.958500
vt 43.892700 -34.960800
vt 43.888599 -34.953400
vt 43.852299 -34.948002
vt 43.888802 -34.969398
vt 43.852100 -34.969898
vt 43.834999 -34.961201
vt 43.838902 -34.947800
vt 43.830700 -34.939201
vt 43.837799 -34.941399
vt 43.830700 -34.945801
vt 43.834099 -34.955299
vt 43.818901 -34.950901
vt 43.823101 -34.941601
vt 43.822601 -34.958000
vt 44.035900 -34.945599
vt 44.064499 -34.948200
vt 44.038700 -34.937099
vt 44.066898 -34.938801
vt 44.034698 -34.958401
vt 44.021500 -34.949402
vt 44.014301 -34.972198
vt 44.133400 -34.950802
vt 44.064301 -34.960800
vt 44.032101 -34.981499
vt 44.070900 -34.982201
vt 44.015598 -35.004601
vt 44.036800 -34.993801
vt 44.139500 -34.996201
vt 44.145000 -34.981499
vt 44.036999 -35.010101
vt 44.027500 -35.025902
vt 44.078400 -35.007702
vt 44.042400 -35.022999
vt 44.034698 -35.034599
vt 44.045700 -35.034801
vt 44.042198 -35.029202
vt 44.042198 -35.044102
vt 44.032799 -35.042702
vt 44.052299 -35.042500
vt 44.034599 -35.050400
vt 44.045300 -35.051102
vt 44.070801 -35.037800
vt 44.342800 -34.936501
vt 44.347099 -34.945900
vt 44.327999 -34.940899
vt 44.335602 -34.952599
vt 44.309101 -34.947102
vt 44.361198 -34.971401
vt 44.387199 -34.993099
vt 44.384300 -35.022598
vt 44.393799 -35.027000
vt 44.383202 -35.037201
vt 44.369301 -35.031399
vt 44.360100 -35.042900
vt 44.346802 -35.050800
vt 44.361500 -35.050301
vt 44.353100 -35.033401
vt 44.345200 -35.043701
vt 44.343498 -35.035198
vt 44.341301 -35.030800
vt 44.331200 -35.036900
vt 44.336800 -35.039799
vt 44.332001 -35.025299
vt 44.116901 -34.988701
vt 44.169998 -35.013302
vt 44.170300 -34.987999
vt 44.186798 -35.006599
vt 44.198299 -34.987400
vt 44.190701 -34.978401
vt 44.091202 -34.981300
vt 44.174599 -34.971100
vt 44.162800 -34.965900
vt 44.099098 -34.971298
vt 44.270000 -34.971001
vt 44.301498 -34.981499
vt 44.244598 -34.981400
vt 44.278900 -34.989300
vt 44.252602 -34.988098
vt 44.273300 -35.005299
vt 44.286598 -35.007000
vt 44.295898 -35.004398
vt 44.305801 -34.986000
vt 44.351601 -34.986099
vt 44.368698 -34.983501
vt 44.329899 -34.982300
vt 44.359901 -35.006199
vt 44.366100 -35.007198
vt 44.372898 -35.003700
vt 44.381199 -34.979198
vt 44.371700 -34.958500
vt 44.349800 -34.978600
vt 44.378700 -34.967300
vt 44.320000 -34.963200
vt 44.354198 -34.987701
vt 44.383202 -34.974499
vt 44.131401 -34.971199
vt 44.113400 -34.994999
vt 44.131302 -34.982800
vt 44.144501 -34.980202
vt 44.149601 -34.973000
vt 44.157101 -34.960400
vt 44.155399 -34.993000
vt 44.162102 -34.995399
vt 44.167500 -34.986500
vt 44.167900 -34.972099
vt 44.189301 -34.975700
vt 44.187901 -34.987400
vt 44.194599 -34.961899
vt 44.225201 -35.017200
vt 44.202702 -35.001301
vt 44.199799 -35.009102
vt 44.230000 -35.006699
vt 44.243401 -35.027100
vt 44.251499 -35.017399
vt 44.244701 -34.986099
vt 44.255001 -35.029701
vt 44.262600 -35.017101
vt 44.270699 -34.977200
vt 44.264702 -34.964001
vt 44.290298 -34.974300
vt 44.277401 -34.986599
vt 44.290298 -34.983799
vt 44.308899 -34.980701
vt 44.329700 -34.978901
vt 44.304600 -34.988998
vt 44.329700 -34.996300
vt 44.320499 -35.009701
vt 44.326000 -35.008999
vt 44.336800 -35.005100
vt 43.958199 -34.977200
vt 43.837601 -34.974800
vt 43.899601 -34.984402
vt 43.717999 -34.959301
vt 43.699402 -34.972198
vt 43.757801 -34.973801
vt 43.609402 -35.016102
vt 43.631001 -35.052101
vt 43.633900 -35.015099
vt 43.612801 -34.995201
vt 43.645500 -35.058201
vt 43.836800 -34.992901
vt 43.846500 -35.010300
vt 43.863400 -34.987202
vt 43.870800 -34.996700
vt 43.900600 -34.998798
vt 43.849300 -35.016499
vt 43.765400 -34.987801
vt 43.757099 -34.995201
vt 43.764702 -35.007000
vt 43.739498 -34.983299
vt 43.789700 -35.012402
vt 43.774899 -35.030499
vt 43.787800 -35.036900
vt 43.783199 -35.049801
vt 43.794701 -35.046101
vt 43.810600 -35.019100
vt 43.665901 -34.993999
vt 43.685398 -35.046001
vt 43.691601 -34.992901
vt 43.682899 -35.053699
vt 43.692200 -35.050201
vt 43.691799 -35.062801
vt 43.699902 -35.054100
vt 43.699001 -35.042198
vt 43.714699 -34.991699
vt 43.720100 -35.002201
vt 43.739300 -34.992001
vt 43.765999 -34.974602
vt 43.687599 -34.992500
vt 43.756302 -34.983398
vt 43.818699 -34.993698
vt 43.743900 -35.003502
vt 43.855000 -34.993401
vt 43.834702 -35.018398
vt 43.859901 -35.013500
vt 43.842201 -35.026100
vt 43.811100 -35.009201
vt 43.823799 -35.023701
vt 43.786800 -35.011398
vt 43.762402 -35.021301
vt 43.738098 -35.034302
vt 43.750000 -35.043999
vt 43.714401 -35.012600
vt 43.689899 -35.011600
vt 43.737499 -35.045502
vt 43.725800 -35.040501
vt 44.111198 -35.001400
vt 44.098301 -34.986000
vt 44.147900 -35.010799
vt 44.165001 -35.030998
vt 44.177399 -35.031799
vt 43.929100 -34.997299
vt 43.965401 -35.006401
vt 43.954700 -35.009602
vt 43.957802 -35.016300
vt 43.958599 -34.995602
vt 43.972599 -34.981602
vt 43.938301 -34.988400
vt 43.929199 -34.996498
vt 43.947701 -35.009998
vt 43.652901 -35.055099
vt 43.664398 -35.023102
vt 43.638802 -34.997799
vt 43.615501 -34.981899
vt 43.616798 -34.997501
vt 43.638500 -35.008701
vt 43.638000 -34.975899
vt 43.642101 -34.995602
vt 43.653198 -35.013302
vt 43.663200 -35.007099
vt 43.668800 -35.006500
vt 11.932200 -2.919380
vt 11.961700 -2.953700
vt 11.960400 -2.918240
vt 11.931400 -2.954930
vt 12.049500 -3.008610
vt 12.068900 -2.916280
vt 12.053000 -2.914830
vt 12.065400 -3.010050
vt 12.081800 -3.009810
vt 12.085200 -2.916030
vt 11.939200 -2.916850
vt 11.958200 -3.009040
vt 11.954800 -2.915250
vt 11.942700 -3.010640
vt 11.926000 -3.010570
vt 11.922600 -2.916790
vt 12.038100 -2.954860
vt 12.067600 -2.920250
vt 12.039400 -2.919400
vt 12.068400 -2.955770
vt 12.067000 -3.093410
vt 12.058800 -3.102600
vt 12.066000 -3.109700
vt 12.057600 -3.128640
vt 12.064700 -3.135750
vt 12.059900 -3.086300
vt 11.945400 -3.127750
vt 11.944700 -3.101680
vt 11.937600 -3.108860
vt 11.938400 -3.134930
vt 11.965800 -2.909430
vt 11.924800 -2.909080
vt 11.965800 -2.927540
vt 11.921900 -2.927160
vt 11.965300 -2.943370
vt 11.918600 -2.942970
vt 11.921000 -2.959120
vt 11.964900 -2.959500
vt 12.076100 -2.909780
vt 12.035800 -2.928690
vt 12.079700 -2.927850
vt 12.035100 -2.910560
vt 12.036200 -2.944500
vt 12.083000 -2.943610
vt 12.080600 -2.959790
vt 12.036700 -2.960620
vt 11.937700 -2.921880
vt 11.955900 -2.955990
vt 11.954600 -2.920530
vt 11.937400 -2.957410
vt 12.057900 -2.959330
vt 12.051000 -2.865860
vt 12.047600 -2.959640
vt 12.061400 -2.865560
vt 12.072900 -2.866430
vt 12.069500 -2.960210
vt 11.938800 -2.998060
vt 11.954300 -2.949210
vt 11.946600 -2.942960
vt 11.930700 -2.993640
vt 11.931400 -3.035510
vt 11.923500 -3.038950
vt 11.945100 -3.076200
vt 11.938000 -3.083380
vt 12.054600 -3.109210
vt 12.076600 -3.059520
vt 12.068400 -3.058260
vt 12.061600 -3.115880
vt 12.061900 -3.007680
vt 12.069800 -3.002490
vt 12.045500 -2.966540
vt 12.053300 -2.960530
vt 12.045700 -2.944120
vt 12.053400 -2.938110
vt 11.944900 -2.960780
vt 11.941500 -2.867000
vt 11.934400 -2.960590
vt 11.931000 -2.866810
vt 11.919600 -2.867790
vt 11.923000 -2.961580
vt 12.044600 -2.957110
vt 12.062900 -2.922840
vt 12.045900 -2.921650
vt 12.063200 -2.958340
vt 11.942400 -3.108570
vt 11.929200 -3.057710
vt 11.921000 -3.059050
vt 11.935300 -3.115320
vt 11.936400 -3.007010
vt 11.928500 -3.001890
vt 11.954700 -2.965580
vt 11.947000 -2.959650
vt 11.953400 -2.943210
vt 11.945700 -2.937270
vt 12.046600 -2.950200
vt 12.074100 -2.994510
vt 12.054300 -2.943870
vt 12.074500 -3.036420
vt 12.066100 -2.999020
vt 12.082500 -3.039770
vt 12.062000 -3.077270
vt 12.069100 -3.084380
vt 11.855300 -2.954790
vt 11.872100 -2.954840
vt 11.860300 -2.948960
vt 11.870700 -2.962970
vt 11.849800 -2.939210
vt 11.893200 -2.962480
vt 11.856700 -2.938620
vt 11.893000 -2.954180
vt 11.859300 -2.927080
vt 11.937300 -2.953370
vt 11.853500 -2.922600
vt 11.937500 -2.961670
vt 11.869700 -2.916980
vt 11.991800 -2.954620
vt 11.866800 -2.909440
vt 11.996600 -2.960560
vt 11.891800 -2.913060
vt 11.996000 -2.932360
vt 11.892000 -2.904760
vt 11.990800 -2.937730
vt 11.936600 -2.918720
vt 11.935200 -2.926830
vt 12.127000 -3.045210
vt 12.111500 -3.037030
vt 12.110200 -3.045160
vt 12.090500 -3.037520
vt 12.122100 -3.051040
vt 12.090700 -3.045820
vt 12.132700 -3.060790
vt 12.050800 -3.046630
vt 12.125800 -3.061380
vt 12.050500 -3.038330
vt 12.123400 -3.072920
vt 12.001600 -3.045380
vt 12.129300 -3.077400
vt 11.996700 -3.039440
vt 12.113200 -3.083020
vt 11.997600 -3.067640
vt 12.116200 -3.090560
vt 12.002900 -3.062270
vt 12.092600 -3.086940
vt 12.052000 -3.081280
vt 12.092500 -3.095240
vt 12.053400 -3.073170
vt 12.123000 -2.947020
vt 12.106300 -2.948040
vt 12.108000 -2.956080
vt 12.086900 -2.956850
vt 12.117800 -2.941490
vt 12.086700 -2.948550
vt 12.127800 -2.931140
vt 12.046700 -2.950200
vt 12.120900 -2.930950
vt 12.046900 -2.958500
vt 12.117900 -2.919580
vt 12.007500 -2.954130
vt 12.123500 -2.914760
vt 12.003000 -2.960370
vt 12.107100 -2.910080
vt 12.002300 -2.932170
vt 12.109600 -2.902380
vt 12.008000 -2.937120
vt 12.086300 -2.907410
vt 12.046000 -2.915540
vt 12.085700 -2.899130
vt 12.048000 -2.923510
vt 11.876200 -3.051960
vt 11.859500 -3.052980
vt 11.864700 -3.058510
vt 11.874400 -3.043920
vt 11.854800 -3.068860
vt 11.896800 -3.043150
vt 11.861700 -3.069050
vt 11.897100 -3.051450
vt 11.865000 -3.080420
vt 11.941400 -3.049800
vt 11.859400 -3.085240
vt 11.941100 -3.041500
vt 11.875900 -3.089920
vt 11.985900 -3.045870
vt 11.873400 -3.097620
vt 11.990300 -3.039630
vt 11.898200 -3.092590
vt 11.991300 -3.067830
vt 11.898800 -3.100870
vt 11.985800 -3.062880
vt 11.942600 -3.084460
vt 11.940600 -3.076490
vt 12.027800 -2.964150
vt 12.012100 -2.923880
vt 12.013300 -2.964900
vt 11.995900 -2.921210
vt 12.026500 -2.920280
vt 11.981200 -2.965840
vt 11.979900 -2.924810
vt 11.992500 -3.078790
vt 11.975300 -3.035100
vt 11.976400 -3.076120
vt 12.007500 -3.034160
vt 12.008500 -3.075190
vt 12.022000 -3.034250
vt 12.023100 -3.078120
vt 11.988000 -2.954350
vt 12.011300 -2.954460
vt 12.010800 -2.946740
vt 11.987500 -2.946630
vt 11.926100 -2.938800
vt 11.925700 -2.930740
vt 12.090700 -3.061200
vt 12.015400 -3.045650
vt 12.013600 -3.053370
vt 12.089500 -3.069260
vt 12.094800 -2.933910
vt 12.018300 -2.945730
vt 12.020500 -2.953410
vt 12.093100 -2.925880
vt 11.982900 -3.046590
vt 12.006100 -3.053010
vt 12.006100 -3.045330
vt 11.982800 -3.054270
vt 11.922100 -3.074120
vt 11.922100 -3.066090
vt 11.859100 -2.960710
vt 11.890400 -2.869950
vt 11.876500 -2.866920
vt 11.872900 -2.963740
vt 11.954000 -2.897140
vt 11.991100 -2.954930
vt 11.997700 -2.919380
vt 11.914300 -2.878480
vt 11.942100 -2.961380
vt 11.898300 -2.964870
vt 12.108200 -3.005510
vt 12.103200 -2.911480
vt 12.087100 -2.997860
vt 12.125600 -2.911730
vt 12.058900 -2.915070
vt 12.140500 -2.914830
vt 12.047000 -2.979260
vt 12.123100 -3.008610
vt 12.003100 -2.956050
vt 12.009700 -2.920590
vt 12.133200 -2.914800
vt 12.129100 -3.010570
vt 12.146500 -2.916790
vt 12.115800 -3.008580
vt 11.997500 -2.956100
vt 12.063400 -2.917350
vt 12.004000 -2.920560
vt 12.108000 -2.914250
vt 12.051500 -2.981590
vt 12.092000 -3.000640
vt 11.871000 -2.961110
vt 11.909500 -2.875230
vt 11.888500 -2.867330
vt 11.873000 -2.864750
vt 11.893500 -2.961610
vt 11.855600 -2.958530
vt 11.949500 -2.894590
vt 11.937600 -2.958790
vt 11.996700 -2.954860
vt 12.003300 -2.919400
vt 11.998400 -2.937980
vt 11.976200 -2.967060
vt 11.992300 -2.970000
vt 11.967700 -2.948930
vt 12.008300 -2.973000
vt 11.971500 -2.933070
vt 12.022900 -2.959120
vt 11.973500 -2.916970
vt 12.025100 -2.942970
vt 11.987900 -2.903140
vt 12.028700 -2.927160
vt 12.004100 -2.906080
vt 12.020100 -2.909080
vt 12.012500 -2.942960
vt 12.014900 -3.012900
vt 12.074300 -2.993640
vt 11.989200 -2.958030
vt 12.086300 -3.038950
vt 12.015800 -3.074360
vt 12.073200 -3.084240
vt 12.097900 -3.083380
vt 12.047100 -3.092530
vt 12.029800 -3.108860
vt 12.016300 -3.134930
vt 11.955400 -3.001890
vt 11.981700 -2.937270
vt 11.906900 -2.962720
vt 11.998000 -2.959650
vt 11.879900 -3.000830
vt 11.933000 -3.059050
vt 11.852400 -3.038060
vt 11.875200 -3.047690
vt 11.896600 -3.064730
vt 11.906900 -3.086170
vt 11.910100 -3.115320
vt 11.879000 -3.048140
vt 11.900300 -3.065240
vt 11.903000 -3.058570
vt 11.881600 -3.041470
vt 11.856200 -3.038450
vt 11.858900 -3.031780
vt 11.975800 -2.934480
vt 11.992500 -2.904550
vt 11.978000 -2.918360
vt 11.980500 -2.968420
vt 11.972000 -2.950290
vt 12.012700 -2.974430
vt 12.029400 -2.944500
vt 12.027200 -2.960620
vt 12.024700 -2.910560
vt 12.033200 -2.928690
vt 12.017100 -2.950200
vt 12.018500 -3.019110
vt 12.077900 -2.999020
vt 11.993900 -2.965230
vt 12.089600 -3.036420
vt 12.019100 -3.073660
vt 12.020300 -3.128640
vt 12.033800 -3.102600
vt 12.051100 -3.086300
vt 12.077200 -3.078080
vt 12.101900 -3.077270
vt 11.957400 -3.007680
vt 11.984600 -2.944120
vt 11.909300 -2.967450
vt 12.000900 -2.966540
vt 11.884400 -2.998010
vt 11.936800 -3.058260
vt 11.913300 -3.080040
vt 11.916500 -3.109210
vt 12.110500 -3.005930
vt 12.107000 -2.912240
vt 12.090900 -2.998630
vt 12.127900 -2.912140
vt 12.062700 -2.915940
vt 12.139700 -2.914550
vt 12.050800 -2.980140
vt 12.122300 -3.008340
vt 12.001600 -2.955990
vt 12.008200 -2.920530
vt 11.859100 -2.960210
vt 11.886800 -2.868710
vt 11.876600 -2.866430
vt 11.869400 -2.962490
vt 11.946600 -2.895830
vt 11.990700 -2.955240
vt 11.997100 -2.919630
vt 11.907400 -2.876740
vt 11.934600 -2.960060
vt 11.891300 -2.963120
vt 11.876300 -2.962690
vt 11.913300 -2.876470
vt 11.893700 -2.868900
vt 11.882200 -2.867000
vt 11.897200 -2.962860
vt 11.864800 -2.960780
vt 11.953300 -2.895730
vt 11.941300 -2.959930
vt 11.985900 -2.953090
vt 11.992500 -2.917620
vt 12.124100 -2.913130
vt 12.117600 -3.008590
vt 12.135000 -2.914810
vt 12.106700 -3.006910
vt 12.007300 -2.958340
vt 12.059400 -2.916950
vt 12.014200 -2.922840
vt 12.101800 -2.913130
vt 12.047400 -2.981170
vt 12.085700 -2.999520
vt 12.053000 -2.865830
vt 12.049500 -2.959620
vt 12.065400 -2.959300
vt 12.068900 -2.865510
vt 12.085200 -2.866920
vt 12.081800 -2.960710
vt 11.932200 -2.921440
vt 11.961700 -2.956050
vt 11.960400 -2.920590
vt 11.931400 -2.956960
vt 12.038100 -2.954870
vt 12.067600 -2.920560
vt 12.039400 -2.919410
vt 12.068400 -2.956100
vt 11.954800 -2.864750
vt 11.942700 -2.958030
vt 11.958200 -2.958530
vt 11.939200 -2.864250
vt 11.922600 -2.865500
vt 11.926000 -2.959280
vt 12.058800 -3.079420
vt 12.067000 -3.064730
vt 12.059900 -3.057980
vt 12.066000 -3.086170
vt 12.057600 -3.108570
vt 12.064700 -3.115320
vt 11.937300 -3.065240
vt 11.937600 -3.086710
vt 11.944700 -3.080040
vt 11.945400 -3.109210
vt 11.938400 -3.115880
vt 11.944400 -3.058570
vt 12.036200 -2.933480
vt 12.079700 -2.916970
vt 12.035800 -2.917350
vt 12.083000 -2.933070
vt 12.080600 -2.948930
vt 12.036700 -2.949300
vt 12.077800 -2.967060
vt 12.036800 -2.967410
vt 11.921900 -2.917520
vt 11.965300 -2.934480
vt 11.965800 -2.918360
vt 11.918600 -2.933590
vt 11.921000 -2.949460
vt 11.964900 -2.950290
vt 11.923100 -2.967640
vt 11.964200 -2.968420
vt 12.047600 -3.008340
vt 12.061400 -2.915590
vt 12.051000 -2.914550
vt 12.057900 -3.009380
vt 12.069500 -3.009330
vt 12.072900 -2.915540
vt 11.937700 -2.919630
vt 11.955900 -2.954160
vt 11.954600 -2.918700
vt 11.937400 -2.955240
vt 12.054600 -3.127750
vt 12.076600 -3.074360
vt 12.068400 -3.072910
vt 12.061600 -3.134930
vt 12.061900 -3.018280
vt 12.069800 -3.012900
vt 12.045500 -2.964290
vt 12.053300 -2.958030
vt 11.930700 -2.963180
vt 11.931400 -2.998010
vt 11.938800 -2.967450
vt 11.923500 -3.001150
vt 11.945100 -3.031780
vt 11.938000 -3.038450
vt 12.044600 -2.953090
vt 12.062900 -2.918700
vt 12.045900 -2.917620
vt 12.063200 -2.954330
vt 11.931000 -2.915000
vt 11.944900 -3.007840
vt 11.941500 -2.914060
vt 11.934400 -3.008770
vt 11.923000 -3.008590
vt 11.919600 -2.914810
vt 12.074500 -2.997610
vt 12.074100 -2.962720
vt 12.066100 -2.966910
vt 12.082500 -3.000830
vt 12.062000 -3.031310
vt 12.069100 -3.038060
vt 11.942400 -3.128640
vt 11.921000 -3.075020
vt 11.935300 -3.135750
vt 11.929200 -3.073660
vt 11.936400 -3.019110
vt 11.928500 -3.013640
vt 11.954700 -2.965230
vt 11.947000 -2.958900
vt 12.076900 -3.068200
vt 12.051100 -3.059920
vt 12.050800 -3.067050
vt 12.077200 -3.061080
vt 12.101600 -3.069080
vt 12.101900 -3.061960
vt 11.974900 -2.963230
vt 11.992300 -2.919540
vt 11.976200 -2.922210
vt 12.007100 -2.964160
vt 12.008300 -2.923140
vt 12.021500 -2.964920
vt 12.022900 -2.921050
vt 12.090800 -2.965640
vt 12.111900 -2.966410
vt 12.110500 -2.958270
vt 12.127200 -2.958230
vt 12.090900 -2.957350
vt 12.122300 -2.952400
vt 12.050600 -2.964030
vt 12.132800 -2.942650
vt 12.050800 -2.955730
vt 12.125900 -2.942060
vt 12.001600 -2.955920
vt 12.123300 -2.930520
vt 11.996800 -2.961860
vt 12.129100 -2.926040
vt 11.997500 -2.931590
vt 12.112900 -2.920420
vt 12.002300 -2.937370
vt 12.115800 -2.912870
vt 12.051500 -2.920040
vt 12.092200 -2.916230
vt 12.052900 -2.928150
vt 12.092000 -2.907930
vt 11.872300 -3.041730
vt 11.893200 -3.042650
vt 11.893500 -3.034360
vt 11.871000 -3.033590
vt 11.937600 -3.035970
vt 11.855600 -3.041770
vt 11.937300 -3.044270
vt 11.860400 -3.047600
vt 11.991800 -3.044080
vt 11.849800 -3.057350
vt 11.996700 -3.038140
vt 11.856700 -3.057940
vt 11.995700 -3.068410
vt 11.859100 -3.069480
vt 11.990700 -3.062630
vt 11.853200 -3.073960
vt 11.936100 -3.079960
vt 11.869400 -3.079580
vt 11.934600 -3.071850
vt 11.866400 -3.087120
vt 11.891300 -3.083770
vt 11.891500 -3.092070
vt 11.897000 -2.960020
vt 11.876300 -2.951480
vt 11.874600 -2.959520
vt 11.859600 -2.950460
vt 11.897200 -2.951720
vt 11.864800 -2.944930
vt 11.941200 -2.960850
vt 11.854700 -2.934580
vt 11.941300 -2.952550
vt 11.861600 -2.934390
vt 11.985900 -2.955420
vt 11.864700 -2.923020
vt 11.990500 -2.961670
vt 11.859100 -2.918200
vt 11.991100 -2.931410
vt 11.875500 -2.913520
vt 11.985700 -2.936780
vt 11.872900 -2.905820
vt 11.942100 -2.916860
vt 11.897700 -2.910580
vt 11.940100 -2.924840
vt 11.898300 -2.902300
vt 12.106400 -3.048520
vt 12.087100 -3.039980
vt 12.086800 -3.048280
vt 12.108200 -3.040480
vt 12.047000 -3.039150
vt 12.123100 -3.049540
vt 12.046700 -3.047450
vt 12.117800 -3.055070
vt 12.007500 -3.044580
vt 12.127700 -3.065420
vt 12.003100 -3.038330
vt 12.120800 -3.065610
vt 12.002000 -3.068590
vt 12.117600 -3.076980
vt 12.007300 -3.063220
vt 12.123100 -3.081800
vt 12.045400 -3.083140
vt 12.106700 -3.086480
vt 12.047400 -3.075160
vt 12.109100 -3.094180
vt 12.085700 -3.089420
vt 12.085100 -3.097700
vt 12.026100 -3.080560
vt 12.027200 -3.036690
vt 12.011600 -3.077790
vt 12.012700 -3.036770
vt 11.995500 -3.080460
vt 11.980500 -3.035840
vt 11.979500 -3.076860
vt 12.086900 -2.876130
vt 12.125400 -2.962070
vt 12.108000 -2.868290
vt 12.123000 -2.865830
vt 12.103000 -2.962520
vt 12.140400 -2.959620
vt 12.046900 -2.895400
vt 12.058800 -2.959590
vt 12.009500 -2.953700
vt 12.003000 -2.918240
vt 11.942600 -2.916370
vt 11.998000 -2.956960
vt 11.991300 -2.921440
vt 11.876900 -3.009810
vt 11.873400 -2.913870
vt 11.859400 -2.916030
vt 11.954600 -2.980590
vt 11.890900 -3.007650
vt 11.898800 -2.913220
vt 11.914900 -2.999600
vt 11.888100 -3.005890
vt 11.893200 -2.911910
vt 11.870700 -2.912100
vt 11.855300 -2.915250
vt 11.909200 -2.998290
vt 11.872800 -3.009040
vt 11.937500 -2.915600
vt 11.949400 -2.979800
vt 12.003200 -2.954870
vt 11.996600 -2.919410
vt 12.116200 -2.868430
vt 12.146800 -2.959280
vt 12.129300 -2.865500
vt 12.133600 -2.962200
vt 12.004300 -2.955770
vt 12.052000 -2.895890
vt 11.997600 -2.920250
vt 12.092500 -2.876970
vt 12.063900 -2.960120
vt 12.108500 -2.963360
vt 11.973900 -2.959790
vt 11.998700 -2.938520
vt 11.971800 -2.943610
vt 11.967900 -2.927850
vt 11.988400 -2.973650
vt 11.976400 -2.909780
vt 12.004500 -2.970580
vt 11.992500 -2.906710
vt 12.020500 -2.967640
vt 12.008500 -2.903760
vt 12.029100 -2.949460
vt 12.023100 -2.917520
vt 12.025400 -2.933590
vt 12.124800 -3.047690
vt 12.101200 -3.057980
vt 12.103400 -3.064730
vt 12.122600 -3.040940
vt 12.147600 -3.038060
vt 12.145300 -3.031310
vt 12.089500 -2.963180
vt 12.013600 -2.938110
vt 12.041000 -3.002490
vt 11.997300 -2.960530
vt 12.117000 -3.001150
vt 12.064000 -3.059520
vt 12.121000 -3.048140
vt 12.143800 -3.038450
vt 12.099700 -3.065240
vt 12.089400 -3.086710
vt 12.086100 -3.115880
vt 11.982800 -2.943870
vt 11.981500 -3.013640
vt 12.006100 -2.958900
vt 11.922100 -2.994510
vt 11.910700 -3.039770
vt 11.981100 -3.075020
vt 11.898400 -3.084380
vt 11.923100 -3.085180
vt 11.949200 -3.093410
vt 11.966500 -3.109700
vt 11.980000 -3.135750
vt 11.970300 -3.101680
vt 11.952900 -3.092530
vt 11.970200 -3.108860
vt 11.953000 -3.085350
vt 11.926800 -3.084240
vt 11.926900 -3.077060
vt 11.902100 -3.083380
vt 11.902200 -3.076200
vt 12.029900 -2.933480
vt 12.025100 -2.967410
vt 12.033700 -2.949300
vt 12.013300 -2.903500
vt 12.027800 -2.917350
vt 11.981200 -2.909430
vt 11.976400 -2.943370
vt 11.972600 -2.927540
vt 11.992900 -2.973350
vt 11.978500 -2.959500
vt 12.094800 -2.966910
vt 12.020500 -2.943210
vt 12.046600 -3.007010
vt 12.004200 -2.965580
vt 12.119200 -2.997610
vt 12.066700 -3.057710
vt 12.087700 -3.108570
vt 12.090900 -3.079420
vt 11.988000 -2.949210
vt 11.985500 -3.018280
vt 12.011300 -2.964290
vt 11.926100 -2.998060
vt 11.913900 -3.035510
vt 11.984400 -3.072910
vt 11.935200 -2.917820
vt 11.997700 -2.957410
vt 11.990800 -2.921880
vt 11.876700 -3.009330
vt 11.869700 -2.913980
vt 11.859300 -2.915540
vt 11.947100 -2.982060
vt 11.887100 -3.007770
vt 11.907800 -3.000470
vt 11.891800 -2.914070
vt 12.090700 -2.875480
vt 12.127700 -2.961640
vt 12.110200 -2.867860
vt 12.122100 -2.865860
vt 12.106800 -2.961860
vt 12.139600 -2.959640
vt 12.050800 -2.894840
vt 12.062700 -2.959040
vt 12.008200 -2.954160
vt 12.001600 -2.918700
vt 12.107100 -2.870150
vt 12.135300 -2.961580
vt 12.117900 -2.867790
vt 12.124500 -2.963930
vt 12.014300 -2.954330
vt 12.048000 -2.896980
vt 12.008000 -2.918700
vt 12.086300 -2.878160
vt 12.059900 -2.961210
vt 12.102300 -2.964550
vt 11.893600 -3.005460
vt 11.897100 -2.911730
vt 11.876200 -2.911680
vt 11.864700 -2.914060
vt 11.913200 -2.998110
vt 11.882200 -3.007840
vt 11.941400 -2.915320
vt 11.953300 -2.979510
vt 11.992500 -2.957110
vt 11.985900 -2.921650
vt 16.033199 -50.973499
vt 15.966800 -51.005402
vt 16.033199 -51.005402
vt 15.966800 -50.973499
vt 16.031700 -50.937199
vt 15.968400 -50.983601
vt 16.031700 -50.983601
vt 15.968400 -50.937199
vt 16.032101 -51.053902
vt 15.967900 -51.093800
vt 16.032101 -51.093800
vt 15.967900 -51.053902
vt 16.068899 -51.005402
vt 15.951500 -50.973701
vt 15.937600 -51.012199
vt 16.072701 -50.973499
vt 16.049500 -51.053902
vt 15.935900 -51.012501
vt 15.923100 -51.044399
vt 16.033800 -51.093800
vt 15.955000 -50.952599
vt 16.070601 -50.983601
vt 16.076900 -50.937199
vt 15.961300 -50.906200
vt 16.032101 -51.012501
vt 15.967900 -51.012501
vt 15.967900 -51.044399
vt 16.032101 -51.044399
vt 15.966800 -50.973701
vt 15.966800 -51.012199
vt 16.033199 -50.973701
vt 16.033199 -51.012199
vt 15.968400 -50.906200
vt 15.968400 -50.952599
vt 16.031700 -50.906200
vt 16.031700 -50.952599
vt 16.048500 -50.973701
vt 15.927300 -50.973499
vt 15.931100 -51.005402
vt 16.062401 -51.012199
vt 15.950500 -51.053902
vt 16.076900 -51.044399
vt 16.064100 -51.012501
vt 15.966200 -51.093800
vt 15.923100 -50.937199
vt 16.045000 -50.952599
vt 16.038700 -50.906200
vt 15.929400 -50.983601
vt 45.962002 -58.932800
vt 46.037998 -58.932800
vt 46.047501 -58.910599
vt 45.952499 -58.910599
vt 45.962002 -59.103199
vt 46.037998 -59.103199
vt 45.962002 -59.119999
vt 46.037998 -59.119999
vt 45.962002 -59.136501
vt 46.037998 -59.136501
vt 45.980999 -58.863499
vt 46.019001 -58.863499
vt 45.962002 -59.051399
vt 46.037998 -59.051399
vt 46.037998 -59.024601
vt 45.962002 -59.024601
vt 46.025902 -58.875000
vt 46.004299 -58.899700
vt 46.040798 -58.899700
vt 46.004299 -58.875000
vt 46.037998 -58.984501
vt 45.962002 -58.984501
vt 45.962002 -59.000801
vt 46.037998 -59.000801
vt 45.962002 -59.097599
vt 46.037998 -59.097599
vt 45.962002 -59.118999
vt 46.037998 -59.118999
vt 45.970901 -58.898300
vt 45.996201 -58.923000
vt 45.996201 -58.898300
vt 45.968899 -58.923000
vt 45.964802 -58.910599
vt 45.962002 -58.981300
vt 46.037998 -58.981300
vt 46.037998 -58.964199
vt 45.962002 -59.000999
vt 45.962002 -58.964199
vt 46.037998 -59.000999
vt 45.962002 -59.101002
vt 46.037998 -59.101002
vt 46.015800 -58.911999
vt 45.984001 -58.911999
vt 45.999901 -58.918499
vt 46.015800 -58.880299
vt 46.022301 -58.896099
vt 45.984001 -58.880299
vt 45.977501 -58.896099
vt 45.999901 -58.873699
vt 46.589001 -58.988602
vt 46.516499 -58.988602
vt 46.589001 -58.999901
vt 46.516499 -58.999901
vt 46.589001 -59.011200
vt 46.516499 -59.011200
vt 45.964298 -58.980999
vt 45.444099 -58.980999
vt 45.964298 -59.019001
vt 45.444099 -59.019001
vt 45.981899 -58.996201
vt 46.251598 -58.996201
vt 46.251598 -58.970901
vt 45.981899 -58.970901
vt 45.833599 -59.004299
vt 45.696899 -59.004299
vt 45.833599 -59.040798
vt 45.696899 -59.040798
vt 46.195400 -58.962002
vt 45.964298 -58.962002
vt 46.195400 -59.037998
vt 45.964298 -59.037998
vt 46.506599 -58.999901
vt 46.589001 -58.984001
vt 46.506599 -58.984001
vt 46.506599 -59.015800
vt 46.589001 -59.015800
vt 45.996300 -58.962002
vt 46.037701 -59.037998
vt 46.037701 -58.962002
vt 45.996300 -59.037998
vt 45.483501 -58.907501
vt 45.410999 -58.896099
vt 45.410999 -58.907501
vt 45.410999 -58.884800
vt 45.483501 -58.896099
vt 45.483501 -58.884800
vt 46.035702 -58.910599
vt 46.589001 -58.910599
vt 46.555901 -58.863499
vt 46.035702 -58.863499
vt 45.983398 -59.000801
vt 46.019299 -59.083302
vt 46.051701 -59.000801
vt 46.086300 -59.097599
vt 46.049099 -58.984501
vt 46.086300 -59.118999
vt 46.003700 -59.100498
vt 45.969398 -59.118999
vt 45.962299 -59.101002
vt 45.933601 -59.101601
vt 45.895000 -59.000999
vt 45.868301 -59.001499
vt 45.895000 -58.981300
vt 45.832802 -58.964600
vt 45.911301 -58.964199
vt 45.804600 -58.932800
vt 45.804600 -58.964802
vt 46.035702 -58.932800
vt 45.983398 -58.963699
vt 46.087002 -58.964802
vt 46.210300 -58.984501
vt 46.589001 -58.932800
vt 46.354099 -59.024601
vt 46.221699 -59.018398
vt 46.346699 -59.051399
vt 46.472099 -59.103199
vt 46.564098 -59.103199
vt 46.563400 -59.119999
vt 46.561001 -59.136501
vt 46.455601 -59.136501
vt 46.455601 -59.119999
vt 46.018101 -58.898300
vt 45.748402 -58.898300
vt 46.018101 -58.910599
vt 45.748402 -58.910599
vt 46.018101 -58.923000
vt 45.748402 -58.923000
vt 45.410999 -58.911999
vt 45.493401 -58.911999
vt 45.493401 -58.896099
vt 45.493401 -58.880299
vt 45.410999 -58.880299
vt 46.000099 -58.873699
vt 46.011398 -58.884800
vt 46.015999 -58.880299
vt 46.000099 -58.880100
vt 46.016102 -58.896099
vt 45.988800 -58.884800
vt 46.022499 -58.896099
vt 45.984200 -58.880299
vt 46.015999 -58.911999
vt 45.984100 -58.896099
vt 46.011398 -58.907501
vt 45.977699 -58.896099
vt 46.000099 -58.918499
vt 45.984200 -58.911999
vt 46.000099 -58.912102
vt 45.988800 -58.907501
vt 46.003799 -58.923000
vt 46.029099 -58.898300
vt 46.003799 -58.898300
vt 46.031101 -58.923000
vt 46.035198 -58.910599
vt 45.962002 -59.018398
vt 46.037998 -59.018398
vt 45.962002 -59.001499
vt 45.962002 -59.101601
vt 46.037998 -59.001499
vt 46.037998 -59.101601
vt 46.037998 -58.964600
vt 45.962002 -58.964600
vt 46.037998 -59.083302
vt 45.962002 -59.100498
vt 46.037998 -59.100498
vt 45.962002 -59.083302
vt 46.037998 -58.963699
vt 45.962002 -58.963699
vt 45.974098 -58.875000
vt 45.995701 -58.899700
vt 45.995701 -58.875000
vt 45.959202 -58.899700
vt 46.455601 -59.037998
vt 46.561001 -59.037998
vt 46.561001 -58.962002
vt 46.455601 -58.962002
vt 45.410999 -58.988602
vt 45.483501 -58.999901
vt 45.483501 -58.988602
vt 45.410999 -58.999901
vt 45.483501 -59.011200
vt 45.410999 -59.011200
vt 46.210300 -59.037998
vt 46.210300 -58.962002
vt 46.087002 -58.962002
vt 46.087002 -59.037998
vt 46.049099 -58.962002
vt 46.049099 -59.037998
vt 45.933601 -58.962002
vt 45.933601 -59.037998
vt 45.969398 -59.037998
vt 45.832802 -59.037998
vt 45.832802 -58.962002
vt 45.804600 -58.962002
vt 45.804600 -59.037998
vt 45.969398 -58.962002
vt 46.086300 -59.037998
vt 46.086300 -58.962002
vt 45.493401 -58.984001
vt 45.410999 -58.984001
vt 45.493401 -58.999901
vt 45.410999 -59.015800
vt 45.493401 -59.015800
vt 45.911301 -59.037998
vt 45.983398 -59.037998
vt 45.911301 -58.962002
vt 45.983398 -58.962002
vt 46.221699 -59.037998
vt 46.346699 -59.037998
vt 46.221699 -58.962002
vt 46.346699 -58.962002
vt 45.748402 -58.996201
vt 46.018101 -58.996201
vt 46.018101 -58.968899
vt 45.748402 -58.968899
vt 46.303101 -59.004299
vt 46.166401 -59.004299
vt 46.303101 -59.025902
vt 46.166401 -59.025902
vt 46.354099 -59.037998
vt 46.472099 -59.037998
vt 46.354099 -58.962002
vt 46.472099 -58.962002
vt 46.516499 -58.884800
vt 46.589001 -58.896099
vt 46.589001 -58.884800
vt 46.516499 -58.896099
vt 46.589001 -58.907501
vt 46.516499 -58.907501
vt 45.833599 -58.899700
vt 45.964298 -58.910599
vt 45.833599 -58.875000
vt 45.696899 -58.899700
vt 45.964298 -58.863499
vt 45.410999 -58.910599
vt 45.696899 -58.875000
vt 45.444099 -58.863499
vt 45.410999 -58.932800
vt 45.964298 -58.932800
vt 45.789700 -58.984501
vt 45.645901 -59.024601
vt 45.778301 -59.018398
vt 45.653301 -59.051399
vt 45.912998 -58.964802
vt 45.527901 -59.103199
vt 45.950901 -58.984501
vt 45.435902 -59.103199
vt 45.436600 -59.119999
vt 45.438999 -59.136501
vt 45.544399 -59.136501
vt 45.544399 -59.119999
vt 46.016602 -58.963699
vt 46.016602 -59.000801
vt 46.088699 -58.964199
vt 45.948299 -59.000801
vt 46.195400 -58.932800
vt 45.980701 -59.083302
vt 45.913700 -59.097599
vt 45.913700 -59.118999
vt 45.996300 -59.100498
vt 46.030602 -59.118999
vt 46.037701 -59.101002
vt 46.066399 -59.101601
vt 46.105000 -59.000999
vt 46.126499 -59.009300
vt 46.131699 -59.001499
vt 46.105000 -58.981300
vt 46.167198 -58.964600
vt 46.195400 -58.964802
vt 46.506599 -58.911999
vt 46.589001 -58.911999
vt 46.506599 -58.896099
vt 46.589001 -58.880299
vt 46.506599 -58.880299
vt 45.981899 -58.898300
vt 46.251598 -58.923000
vt 46.251598 -58.898300
vt 45.981899 -58.923000
vt 0.000000 0.000000
s 1
usemtl Material.002
f 2/1/1 1/2/2 4/3/3
f 7/4/4 8/5/5 5/6/6
f 6/7/7 9/8/8 7/4/9
f 7/4/10 10/9/11 8/5/12
f 7/4/13 9/8/14 10/9/15
f 9/8/16 11/10/17 10/9/18
f 8/5/19 10/9/20 12/11/21
f 10/9/22 11/10/23 13/12/24
f 10/9/25 13/12/26 12/11/27
f 12/11/28 13/12/29 14/13/30
f 29/14/31 27/15/32 28/16/33
f 28/16/34 31/17/35 29/14/36
f 28/16/37 30/18/38 31/17/39
f 32/19/40 29/14/41 31/17/42
f 31/17/43 30/18/44 33/20/45
f 32/19/46 31/17/47 34/21/48
f 33/20/49 34/21/50 31/17/51
f 34/21/52 35/22/53 32/19/54
f 34/21/55 33/20/56 36/23/57
f 35/22/58 34/21/59 37/24/60
f 36/23/61 37/24/62 34/21/63
f 37/24/64 38/25/65 35/22/66
f 39/26/67 41/27/68 40/28/69
f 41/27/70 43/29/71 40/28/72
f 40/28/73 43/29/74 42/30/75
f 41/27/76 44/31/77 43/29/78
f 43/29/79 45/32/80 42/30/81
f 44/31/82 46/33/83 43/29/84
f 43/29/85 46/33/86 45/32/87
f 46/33/88 47/34/89 45/32/90
f 50/35/91 49/36/92 48/37/93
f 49/36/94 50/35/95 51/38/96
f 50/35/97 52/39/98 51/38/99
f 52/39/100 53/40/101 51/38/102
f 60/41/103 61/42/104 59/43/105
f 71/44/106 72/45/107 70/46/108
f 72/45/109 71/44/110 74/47/111
f 73/48/112 74/47/113 71/44/114
f 74/47/115 75/49/116 72/45/117
f 73/48/118 76/50/119 74/47/120
f 75/49/121 74/47/122 77/51/123
f 76/50/124 77/51/125 74/47/126
f 77/51/127 78/52/128 75/49/129
f 76/50/130 79/53/131 77/51/132
f 77/51/133 80/54/134 78/52/135
f 79/53/136 80/54/137 77/51/138
f 79/53/139 81/55/140 80/54/141
f 80/54/142 82/56/143 78/52/144
f 81/55/145 83/57/146 80/54/147
f 80/54/148 83/57/149 82/56/150
f 83/57/151 84/58/152 82/56/153
f 89/59/154 91/60/155 88/61/156
f 91/60/157 89/59/158 90/62/159
f 92/63/160 88/61/161 91/60/162
f 88/61/163 92/63/164 93/64/165
f 94/65/166 92/63/167 91/60/168
f 91/60/169 95/66/170 94/65/171
f 95/66/172 91/60/173 90/62/174
f 98/67/175 95/66/176 90/62/177
f 95/66/178 98/67/179 97/68/180
f 2523/69/181 2524/70/182 2525/71/183
f 2524/70/182 2523/69/181 2526/72/183
f 2527/73/184 2528/74/185 2529/75/186
f 2528/74/185 2527/73/184 2530/76/186
f 2535/77/187 2533/78/188 2531/79/189
f 2534/80/190 2535/77/191 2532/81/192
f 2533/78/193 2535/77/187 2536/82/187
f 2535/77/191 2534/80/194 2536/82/191
f 2537/83/190 2538/84/191 2539/85/192
f 2538/84/191 2537/83/194 2540/86/191
f 2541/87/193 2538/84/187 2540/86/187
f 2538/84/187 2541/87/188 2542/88/189
f 2543/89/195 2544/90/196 2545/91/197
f 2544/90/196 2543/89/195 2546/92/198
f 2547/93/199 2548/94/200 2549/95/201
f 2548/94/200 2547/93/199 2550/96/202
f 2551/97/203 2552/98/203 2553/99/204
f 2554/100/205 2552/98/206 2551/97/206
f 2555/101/207 2553/99/208 2552/98/203
f 2552/98/206 2554/100/209 2556/102/210
f 2557/103/211 2558/104/212 2559/105/213
f 2558/104/212 2557/103/211 2560/106/214
f 2561/107/215 2562/108/216 2563/109/217
f 2562/108/216 2561/107/215 2564/110/218
f 2565/111/219 2566/112/220 2567/113/221
f 2566/112/220 2565/111/219 2568/114/221
f 2569/115/222 2570/116/223 2571/117/224
f 2570/116/223 2569/115/222 2572/118/224
f 2573/119/205 2574/120/206 2575/121/206
f 2575/121/203 2574/120/203 2576/122/204
f 2574/120/206 2573/119/209 2577/123/225
f 2578/124/207 2576/122/208 2574/120/203
f 2581/125/226 2580/126/227 2579/127/228
f 2580/126/229 2581/125/230 2582/128/231
f 2583/129/232 2582/128/233 2581/125/234
f 2582/128/235 2583/129/236 2584/130/237
f 2587/131/238 2586/132/236 2585/133/237
f 2586/132/232 2587/131/239 2588/134/240
f 2589/135/229 2588/134/241 2587/131/242
f 2588/134/243 2589/135/227 2590/136/228
f 2593/137/244 2592/138/245 2591/139/246
f 2592/138/247 2593/137/248 2594/140/249
f 2595/141/250 2594/140/251 2593/137/252
f 2594/140/253 2595/141/254 2596/142/255
f 2597/143/256 2598/144/257 2599/145/258
f 2598/144/257 2597/143/256 2600/146/259
f 2597/143/256 2599/145/258 2601/147/260
f 2601/147/260 2599/145/258 2602/148/261
f 2600/146/259 2603/149/261 2598/144/257
f 2604/150/262 2605/151/263 2603/149/261
f 2605/151/263 2604/150/262 2606/152/264
f 2605/151/263 2606/152/264 2607/153/265
f 2608/154/266 2607/153/265 2606/152/264
f 2607/153/265 2608/154/266 2609/155/261
f 2610/156/261 2611/157/267 2603/149/261
f 2611/157/267 2610/156/261 2612/158/268
f 2613/159/269 2611/157/267 2612/158/268
f 2614/160/270 2613/159/269 2612/158/268
f 2613/159/269 2614/160/270 2615/161/271
f 2616/162/272 2603/149/273 2617/163/274
f 2617/163/274 2618/164/275 2616/162/272
f 2618/164/275 2617/163/274 2619/165/276
f 2619/165/276 2620/166/277 2618/164/275
f 2619/165/276 2621/167/261 2620/166/277
f 2622/168/278 2623/169/279 2624/170/280
f 2623/169/279 2622/168/278 2625/171/281
f 2622/168/278 2624/170/280 2626/172/282
f 2626/172/282 2624/170/280 2627/173/283
f 2625/171/281 2628/174/282 2623/169/279
f 2629/175/284 2630/176/285 2628/174/286
f 2630/176/285 2629/175/284 2631/177/287
f 2630/176/285 2631/177/287 2632/178/288
f 2633/179/289 2632/178/288 2631/177/287
f 2632/178/288 2633/179/289 2634/180/282
f 2635/181/290 2636/182/291 2628/174/282
f 2636/182/291 2635/181/290 2637/183/292
f 2638/184/293 2636/182/291 2637/183/292
f 2639/185/294 2638/184/293 2637/183/292
f 2638/184/293 2639/185/294 2640/186/283
f 2641/187/295 2628/174/283 2642/188/296
f 2642/188/296 2643/189/297 2641/187/295
f 2643/189/297 2642/188/296 2644/190/298
f 2644/190/298 2645/191/299 2643/189/297
f 2645/191/299 2644/190/298 2646/192/283
f 2649/193/244 2648/194/300 2647/195/301
f 2648/194/302 2649/193/248 2650/196/249
f 2651/197/250 2650/196/251 2649/193/252
f 2650/196/253 2651/197/254 2652/198/255
f 2653/199/303 2654/200/304 2655/201/304
f 2655/201/305 2654/200/305 2656/202/306
f 2654/200/304 2653/199/307 2657/203/308
f 2658/204/309 2656/202/310 2654/200/305
f 2659/205/309 2660/206/310 2661/207/305
f 2663/208/305 2661/207/305 2660/206/306
f 2664/209/303 2661/207/304 2663/208/304
f 2661/207/304 2664/209/307 2662/210/308
f 2665/211/311 2666/212/312 2667/213/313
f 2666/212/312 2665/211/311 2668/214/314
f 2669/215/315 2670/216/316 2671/217/317
f 2670/216/316 2669/215/315 2672/218/318
f 2673/219/319 2674/220/320 2675/221/321
f 2674/220/320 2673/219/319 2676/222/321
f 2677/223/322 2678/224/323 2679/225/324
f 2678/224/323 2677/223/322 2680/226/324
f 2681/227/325 2682/228/326 2683/229/327
f 2682/228/326 2681/227/325 2684/230/328
f 2685/231/329 2686/232/330 2687/233/331
f 2686/232/330 2685/231/329 2688/234/332
f 2691/235/333 2693/236/334 2689/237/335
f 2693/236/336 2692/238/337 2690/239/338
f 2693/236/334 2691/235/339 2694/240/334
f 2692/238/340 2693/236/336 2694/240/336
f 2695/241/331 2696/242/341 2697/243/342
f 2696/242/341 2698/244/343 2697/243/342
f 2699/245/344 2700/246/345 2701/247/346
f 2699/245/344 2701/247/346 2702/248/347
f 2707/249/336 2705/250/337 2703/251/338
f 2706/252/333 2707/249/334 2704/253/335
f 2705/250/340 2707/249/336 2708/254/336
f 2707/249/334 2706/252/339 2708/254/334
f 2710/255/348 2711/256/349 2709/257/350
f 2710/255/351 2712/258/352 2711/256/353
f 2712/258/354 2713/259/355 2711/256/356
f 2712/258/357 2714/260/358 2713/259/359
f 2717/261/360 2715/262/358 2716/263/359
f 2717/261/361 2716/263/355 2718/264/362
f 2719/265/351 2717/261/352 2718/264/363
f 2719/265/364 2718/264/365 2720/266/350
f 2721/267/366 2722/268/367 2723/269/368
f 2723/269/369 2722/268/370 2724/270/371
f 2723/269/372 2724/270/373 2725/271/374
f 2725/271/375 2724/270/376 2726/272/377
f 2727/273/378 2728/274/379 2729/275/380
f 2727/273/378 2730/276/381 2728/274/379
f 2731/277/382 2730/276/381 2727/273/378
f 2730/276/381 2731/277/382 2732/278/383
f 2731/277/382 2733/279/384 2732/278/383
f 2734/280/385 2735/281/386 2733/279/384
f 2735/281/386 2734/280/385 2736/282/387
f 2736/282/387 2734/280/385 2737/283/388
f 2737/283/388 2738/284/389 2736/282/387
f 2738/284/389 2737/283/388 2739/285/384
f 2740/286/390 2741/287/391 2733/279/391
f 2740/286/390 2742/288/392 2741/287/391
f 2742/288/392 2740/286/390 2743/289/393
f 2743/289/393 2744/290/394 2742/288/392
f 2744/290/394 2743/289/393 2745/291/380
f 2746/292/395 2733/279/384 2747/293/396
f 2748/294/397 2746/292/395 2747/293/396
f 2746/292/395 2748/294/397 2749/295/398
f 2749/295/398 2748/294/397 2750/296/399
f 2749/295/398 2750/296/399 2751/297/400
f 2752/298/401 2753/299/402 2754/300/403
f 2752/298/401 2755/301/404 2753/299/402
f 2756/302/405 2755/301/404 2752/298/401
f 2755/301/404 2756/302/405 2757/303/406
f 2756/302/405 2758/304/407 2757/303/406
f 2759/305/408 2760/306/409 2758/304/410
f 2760/306/409 2759/305/408 2761/307/411
f 2761/307/411 2759/305/408 2762/308/405
f 2762/308/405 2763/309/412 2761/307/411
f 2763/309/412 2762/308/405 2764/310/413
f 2765/311/414 2766/312/415 2758/304/416
f 2765/311/414 2767/313/417 2766/312/415
f 2767/313/417 2765/311/414 2768/314/418
f 2768/314/418 2769/315/419 2767/313/417
f 2769/315/419 2768/314/418 2770/316/420
f 2771/317/421 2758/304/410 2772/318/417
f 2773/319/422 2771/317/421 2772/318/417
f 2771/317/421 2773/319/422 2774/320/416
f 2774/320/416 2773/319/422 2775/321/423
f 2774/320/416 2775/321/423 2776/322/424
f 2777/323/366 2778/324/367 2779/325/368
f 2779/325/369 2778/324/370 2780/326/371
f 2779/325/372 2780/326/373 2781/327/374
f 2781/327/375 2780/326/376 2782/328/377
f 3102/329/425 3098/330/426 3100/331/427
f 3100/331/428 3101/332/429 3103/333/430
f 3104/334/431 3100/331/432 3103/333/433
f 3102/329/434 3100/331/435 3104/334/436
f 3104/334/437 3103/333/438 3105/335/439
f 3106/336/440 3104/334/441 3105/335/442
f 3107/337/443 3102/329/444 3104/334/445
f 3104/334/446 3106/336/447 3107/337/448
f 3108/338/449 3107/337/450 3106/336/451
f 3102/329/452 3107/337/453 3109/339/454
f 3117/340/455 3115/341/456 3118/342/457
f 3121/343/458 3122/344/459 3120/345/460
f 3122/344/461 3121/343/462 3123/346/463
f 3124/347/464 3121/343/465 3119/348/466
f 3121/343/467 3124/347/468 3123/346/469
f 3126/349/470 3128/350/471 3127/351/472
f 3128/350/473 3126/349/474 3129/352/475
f 3129/352/476 3130/353/477 3128/350/478
f 3131/354/479 3129/352/480 3126/349/481
f 3130/353/482 3129/352/483 3132/355/484
f 3135/356/485 3136/357/486 3137/358/487
f 3135/356/488 3137/358/489 3138/359/490
f 3138/359/491 3131/354/492 3135/356/493
f 3138/359/494 3137/358/495 3134/360/496
f 3131/354/497 3138/359/498 3139/361/499
f 3129/352/500 3131/354/501 3139/361/502
f 3139/361/503 3132/355/504 3129/352/505
f 3132/355/506 3139/361/507 3133/362/508
f 3140/363/509 3139/361/510 3138/359/511
f 3138/359/512 3134/360/513 3140/363/514
f 3139/361/515 3140/363/516 3133/362/517
f 3145/364/518 3146/345/519 3147/365/520
f 3147/365/521 3148/366/522 3145/364/523
f 3147/365/524 3149/367/525 3148/366/526
f 3149/367/527 3147/365/528 3150/368/529
f 3154/346/530 3151/369/531 3152/370/532
f 3154/346/533 3152/370/534 3153/371/535
f 3151/369/536 3154/346/537 3155/344/538
f 3153/371/539 3156/372/540 3154/346/541
f 3157/373/542 3154/346/543 3156/372/544
f 3154/346/545 3157/373/546 3158/374/547
f 3154/346/548 3158/374/549 3159/375/550
f 3159/375/551 3155/344/552 3154/346/553
f 3164/376/554 3160/377/555 3162/378/556
f 3161/379/557 3164/376/558 3163/380/559
f 3167/381/560 3165/382/561 3166/383/562
f 3169/384/563 3170/376/564 3171/385/565
f 3172/386/566 3171/385/567 3170/376/568
f 3169/384/569 3171/385/570 3173/387/571
f 3171/385/572 3172/386/573 3174/388/574
f 3175/389/575 3177/381/576 3176/390/577
s 0
f 2968/3050/5870 2970/3050/5870 3318/3050/5870 3319/3050/5870
f 2968/3050/5871 3319/3050/5871 3331/3050/5871 3329/3050/5871
f 2971/3050/1374 2969/3050/1374 3320/3050/1374 3322/3050/1374
f 3322/3050/1254 3320/3050/1254 3323/3050/1254 3325/3050/1254
f 3325/3050/1374 3323/3050/1374 3326/3050/1374 3328/3050/1374
s 1
usemtl Meshpart2Mtl.001
f 100/391/578 101/392/579 99/393/580
f 104/394/581 105/395/582 106/396/583
f 111/397/584 113/398/585 114/399/586
f 113/398/587 112/400/588 115/401/589
f 114/399/590 113/398/591 116/402/592
f 115/401/593 116/402/594 113/398/595
f 116/402/596 115/401/597 117/403/598
f 116/402/599 118/404/600 114/399/601
f 117/403/602 119/405/603 116/402/604
f 118/404/605 116/402/606 119/405/607
f 119/405/608 120/406/609 118/404/610
f 123/407/611 124/408/612 125/409/613
f 124/408/614 127/410/615 125/409/616
f 126/411/617 127/410/618 124/408/619
f 126/411/620 128/412/621 127/410/622
f 127/410/623 129/413/624 125/409/625
f 128/412/626 130/414/627 127/410/628
f 127/410/629 130/414/630 129/413/631
f 130/414/632 131/415/633 129/413/634
f 133/416/635 132/417/636 134/418/637
f 134/418/638 136/419/639 133/416/640
f 135/420/641 133/416/642 136/419/643
f 136/419/644 134/418/645 137/421/646
f 136/419/647 138/422/648 135/420/649
f 137/421/650 139/423/651 136/419/652
f 138/422/653 136/419/654 139/423/655
f 139/423/656 140/424/657 138/422/658
f 1435/425/659 1436/426/660 1437/427/661
f 1436/426/660 1438/428/662 1437/427/661
f 1439/429/663 1440/430/664 1441/431/665
f 1439/429/663 1441/431/665 1442/432/664
f 1443/433/666 1444/434/667 1445/435/668
f 1444/434/667 1446/436/669 1445/435/668
f 1447/437/670 1448/438/671 1449/439/672
f 1448/438/671 1447/437/670 1450/440/672
f 1453/441/673 1452/442/674 1451/443/675
f 1452/442/676 1453/441/673 1454/444/673
f 1453/441/677 1455/445/678 1454/444/677
f 1455/445/679 1453/441/677 1456/446/680
f 1459/447/673 1458/448/681 1457/449/675
f 1458/448/682 1459/447/673 1460/450/683
f 1460/450/684 1461/451/685 1458/448/686
f 1459/447/677 1462/452/687 1460/450/688
f 1462/452/689 1459/447/677 1463/453/680
f 1461/451/690 1460/450/691 1464/454/692
f 1460/450/693 1465/455/694 1464/454/695
f 1465/455/696 1460/450/697 1462/452/698
f 1466/456/699 1467/457/700 1468/458/701
f 1469/459/702 1467/457/703 1466/456/704
f 1467/457/705 1470/460/706 1468/458/707
f 1467/457/708 1471/461/709 1470/460/710
f 1471/461/711 1467/457/712 1472/462/673
f 1467/457/713 1473/463/714 1472/462/677
f 1473/463/715 1467/457/716 1474/464/717
f 1467/457/718 1469/459/719 1474/464/720
f 1475/465/721 1476/466/722 1477/467/723
f 1476/466/722 1478/468/721 1477/467/723
f 1479/469/724 1480/470/725 1481/471/726
f 1479/469/724 1481/471/726 1482/472/727
f 1483/473/728 1484/474/729 1485/475/730
f 1484/474/729 1486/476/728 1485/475/730
f 1487/477/731 1488/478/732 1489/479/733
f 1487/477/731 1489/479/733 1490/480/732
f 1493/481/734 1491/482/735 1492/483/736
f 1493/481/737 1495/484/738 1491/482/739
f 1495/484/740 1493/481/741 1494/485/742
f 1496/486/743 1495/484/744 1494/485/745
f 1495/484/746 1496/486/747 1497/487/748
f 1497/487/749 1496/486/750 1498/488/751
f 1499/489/752 1500/490/752 1501/491/753
f 1502/492/754 1500/490/755 1499/489/755
f 1503/493/756 1501/491/757 1500/490/752
f 1500/490/755 1502/492/758 1504/494/759
f 1505/495/760 1506/496/752 1507/497/756
f 1506/496/752 1505/495/761 1508/498/752
f 1509/499/762 1506/496/755 1508/498/755
f 1506/496/755 1509/499/763 1510/500/759
f 1511/501/756 1512/502/764 1513/503/752
f 1515/504/752 1513/503/752 1512/502/765
f 1516/505/754 1513/503/755 1515/504/755
f 1513/503/755 1516/505/758 1514/506/759
f 1517/507/766 1518/508/767 1519/509/768
f 1520/510/769 1519/509/770 1518/508/771
f 1518/508/772 1517/507/773 1521/511/774
f 1519/509/775 1520/510/776 1522/512/777
f 1523/513/778 1524/514/779 1525/515/780
f 1524/514/781 1523/513/782 1526/516/783
f 1527/517/784 1526/516/785 1523/513/786
f 1526/516/787 1527/517/788 1528/518/777
f 1525/515/789 1529/519/790 1523/513/791
f 1523/513/792 1529/519/793 1530/520/794
f 1531/521/795 1523/513/796 1530/520/797
f 1523/513/798 1531/521/799 1527/517/800
f 1534/522/801 1533/523/802 1532/524/803
f 1533/523/804 1534/522/805 1535/525/806
f 1536/526/807 1535/525/808 1534/522/809
f 1535/525/810 1536/526/811 1537/527/812
f 1540/528/813 1538/529/814 1539/530/815
f 1542/531/816 1539/530/817 1541/532/774
f 1539/530/818 1542/531/819 1540/528/820
f 1543/533/821 1540/528/822 1542/531/823
f 1540/528/824 1543/533/825 1544/534/826
f 1538/529/827 1540/528/828 1545/535/829
f 1540/528/830 1544/534/831 1546/536/832
f 1546/536/833 1545/535/834 1540/528/835
f 1547/537/836 1548/538/837 1549/539/838
f 1549/539/838 1548/538/837 1550/540/839
f 1550/540/839 1551/541/840 1549/539/838
f 1551/541/840 1550/540/839 1552/542/841
f 1552/542/841 1553/543/842 1551/541/840
f 1554/544/843 1555/545/844 1553/543/271
f 1555/545/844 1554/544/843 1556/546/845
f 1556/546/845 1557/547/846 1555/545/844
f 1558/548/847 1557/547/846 1556/546/845
f 1557/547/846 1558/548/847 1559/549/261
f 1560/550/848 1561/551/849 1553/543/261
f 1561/551/849 1560/550/848 1562/552/850
f 1561/551/849 1562/552/850 1563/553/258
f 1563/553/258 1562/552/850 1564/554/851
f 1564/554/851 1562/552/850 1565/555/852
f 1566/556/853 1553/543/261 1567/557/854
f 1567/557/854 1568/558/855 1566/556/853
f 1568/558/855 1567/557/854 1569/559/856
f 1569/559/856 1570/560/857 1568/558/855
f 1571/561/273 1570/560/857 1569/559/856
f 1572/562/282 1573/563/858 1574/564/859
f 1574/564/859 1573/563/858 1575/565/860
f 1575/565/860 1576/566/861 1574/564/859
f 1576/566/861 1575/565/860 1577/567/862
f 1577/567/862 1578/568/863 1576/566/861
f 1579/569/286 1580/570/864 1578/568/283
f 1580/570/864 1579/569/286 1581/571/288
f 1581/571/288 1582/572/865 1580/570/864
f 1583/573/866 1582/572/865 1581/571/288
f 1582/572/865 1583/573/866 1584/574/867
f 1585/575/868 1586/576/869 1578/568/286
f 1585/575/868 1587/577/867 1586/576/869
f 1587/577/867 1585/575/868 1588/578/870
f 1587/577/867 1588/578/870 1589/579/871
f 1589/579/871 1588/578/870 1590/580/870
f 1591/581/872 1578/568/282 1592/582/873
f 1592/582/873 1593/583/873 1591/581/872
f 1593/583/873 1592/582/873 1594/584/873
f 1594/584/873 1595/585/874 1593/583/873
f 1596/586/283 1595/585/874 1594/584/873
f 1599/587/875 1598/588/876 1597/589/877
f 1598/588/878 1599/587/879 1600/590/880
f 1601/591/881 1600/590/882 1599/587/883
f 1600/590/884 1601/591/885 1602/592/812
f 1605/593/810 1604/594/811 1603/595/812
f 1604/594/807 1605/593/808 1606/596/809
f 1607/597/804 1606/596/886 1605/593/806
f 1606/596/801 1607/597/802 1608/598/803
f 1611/599/304 1610/600/887 1609/601/888
f 1610/600/889 1611/599/304 1612/602/304
f 1612/602/305 1611/599/305 1613/603/890
f 1614/604/891 1613/603/892 1611/599/305
f 1618/448/893 1619/605/894 1621/450/895
f 1621/450/896 1617/606/897 1618/448/898
f 1621/450/899 1615/452/900 1620/607/901
f 1617/606/902 1621/450/903 1622/454/904
f 1622/454/905 1621/450/906 1620/607/907
f 1623/608/305 1621/450/908 1619/605/909
f 1621/450/910 1616/609/911 1615/452/912
f 1616/609/913 1621/450/914 1623/608/304
f 1627/610/304 1626/464/915 1624/611/888
f 1627/610/305 1625/612/891 1628/460/916
f 1626/464/917 1627/610/304 1629/457/918
f 1628/460/919 1629/457/920 1627/610/305
f 1630/458/921 1629/457/922 1628/460/923
f 1629/457/924 1631/459/925 1626/464/926
f 1631/459/927 1629/457/928 1632/456/929
f 1629/457/930 1630/458/931 1632/456/932
f 1633/613/933 1634/614/934 1635/615/935
f 1635/615/935 1636/616/934 1633/613/933
f 1637/617/936 1638/618/937 1639/619/938
f 1638/618/937 1640/620/939 1639/619/938
f 1641/621/940 1642/622/941 1643/623/942
f 1642/622/941 1644/624/943 1643/623/942
f 1645/625/944 1646/626/945 1647/627/946
f 1645/625/944 1647/627/946 1648/628/947
f 1651/629/948 1653/630/334 1649/631/949
f 1653/630/336 1652/632/950 1650/633/951
f 1653/630/334 1651/629/952 1654/634/334
f 1652/632/953 1653/630/336 1654/634/336
f 1656/635/954 1657/636/955 1655/637/956
f 1660/638/957 1658/639/958 1657/636/959
f 1658/639/960 1660/638/961 1659/640/962
f 1657/636/963 1656/635/964 1660/638/965
f 1659/640/966 1660/638/967 1661/641/968
f 1659/640/969 1661/641/970 1662/642/971
f 1663/643/972 1664/644/973 1665/645/334
f 1667/646/334 1665/645/334 1664/644/974
f 1668/647/975 1665/645/336 1667/646/336
f 1665/645/336 1668/647/976 1666/648/338
f 1669/649/977 1670/650/978 1671/651/979
f 1670/650/978 1672/652/980 1671/651/979
f 1673/653/981 1674/654/982 1675/655/983
f 1673/653/981 1675/655/983 1676/656/982
f 1677/657/948 1678/658/334 1679/659/949
f 1678/658/334 1677/657/952 1680/660/334
f 1681/661/953 1678/658/336 1680/660/336
f 1678/658/336 1681/661/950 1682/662/951
f 1683/663/984 1684/664/985 1685/665/986
f 1684/664/985 1683/663/984 1686/666/986
f 1687/667/987 1688/668/988 1689/669/989
f 1688/668/988 1687/667/987 1690/670/990
f 1691/671/991 1693/672/992 1695/673/993
f 1694/674/994 1696/675/995 1692/676/996
f 1695/673/997 1693/672/998 1696/675/999
f 1695/673/1000 1696/675/1001 1694/674/1002
f 1700/677/1003 1697/678/1004 1698/679/1005
f 1700/677/1006 1699/680/1007 1697/678/1008
f 1700/677/1009 1698/679/1010 1701/681/999
f 1699/680/1011 1700/677/1012 1702/682/1013
f 1703/683/1014 1702/682/1015 1700/677/1016
f 1704/684/1017 1700/677/1018 1701/681/1019
f 1700/677/1020 1704/684/1021 1703/683/1022
f 1704/684/1023 1701/681/1024 1705/685/996
f 1706/686/1025 1707/687/1026 1708/688/1027
f 1708/688/1028 1707/687/1029 1709/689/1030
f 1708/688/1031 1709/689/1032 1710/690/1033
f 1710/690/1034 1709/689/1035 1711/691/1036
f 1715/692/1037 1713/693/991 1714/694/1038
f 1715/692/1039 1714/694/1040 1716/695/1041
f 1714/694/1042 1712/696/1043 1716/695/1044
f 1717/697/1045 1715/692/1046 1716/695/1047
f 1716/695/1048 1712/696/1049 1718/698/1050
f 1717/697/1051 1716/695/1052 1719/699/1053
f 1716/695/1054 1720/700/1055 1719/699/1056
f 1720/700/1057 1716/695/1058 1718/698/1059
f 1721/701/397 1722/702/1060 1723/703/1061
f 1722/702/1060 1721/701/397 1724/704/391
f 1725/705/1062 1723/703/1061 1722/702/1060
f 1723/703/1061 1725/705/1062 1726/706/1063
f 1725/705/1062 1727/707/380 1726/706/1063
f 1727/707/1064 1728/708/1065 1729/709/1066
f 1728/708/1065 1730/710/1067 1729/709/1066
f 1730/710/1067 1728/708/1065 1731/711/1068
f 1731/711/1068 1732/712/1069 1730/710/1067
f 1732/712/1069 1731/711/1068 1733/713/384
f 1727/707/391 1734/714/1070 1735/715/1071
f 1734/714/1070 1736/716/1072 1735/715/1071
f 1737/717/1073 1736/716/1072 1734/714/1070
f 1736/716/1072 1737/717/1073 1738/718/1074
f 1736/716/1072 1738/718/1074 1739/719/384
f 1740/720/1075 1741/721/1076 1727/707/391
f 1742/722/1077 1741/721/1076 1740/720/1075
f 1741/721/1076 1742/722/1077 1743/723/1078
f 1743/723/1078 1742/722/1077 1744/724/1079
f 1743/723/1078 1744/724/1079 1745/725/380
f 1746/726/1080 1747/727/1081 1748/728/1082
f 1747/727/1081 1746/726/1080 1749/729/410
f 1750/730/1083 1748/728/1082 1747/727/1081
f 1748/728/1082 1750/730/1083 1751/731/1084
f 1750/730/1083 1752/732/410 1751/731/1084
f 1752/732/1085 1753/733/1086 1754/734/1087
f 1753/733/1086 1755/735/410 1754/734/1087
f 1755/735/410 1753/733/1086 1756/736/1088
f 1756/736/1088 1757/737/1089 1755/735/410
f 1757/737/1089 1756/736/1088 1758/738/423
f 1752/732/1090 1759/739/1091 1760/740/1092
f 1761/741/1093 1760/740/1092 1759/739/1091
f 1760/740/1092 1761/741/1093 1762/742/1094
f 1762/742/1094 1761/741/1093 1763/743/1095
f 1762/742/1094 1763/743/1095 1764/744/1090
f 1765/745/1096 1766/746/1097 1752/732/419
f 1767/747/1098 1766/746/1097 1765/745/1096
f 1766/746/1097 1767/747/1098 1768/748/1099
f 1768/748/1099 1767/747/1098 1769/749/1100
f 1768/748/1099 1769/749/1100 1770/750/1090
f 1771/751/1101 1772/752/1102 1773/753/1103
f 1774/754/1104 1773/753/1103 1772/752/1105
f 1773/753/1106 1774/754/1107 1775/755/1108
f 1776/756/1036 1775/755/1109 1774/754/1110
f 1778/757/1034 1779/758/1035 1777/759/1036
f 1780/760/1031 1779/758/1032 1778/757/1033
f 1780/760/1028 1781/761/1029 1779/758/1030
f 1782/762/1025 1781/761/1026 1780/760/1027
f 3186/763/1111 3184/764/1112 3185/765/1113
f 3187/766/1114 3186/763/1115 3188/767/1116
f 3194/768/1117 3193/769/1118 3195/770/1119
f 3201/771/1120 3197/772/1121 3199/773/1122
f 3201/771/1123 3200/774/1124 3198/775/1125
f 3197/772/1126 3201/771/1127 3202/763/1128
f 3198/775/1129 3202/763/1130 3201/771/1131
f 3203/776/1132 3205/777/1133 3204/778/1134
f 3205/777/1135 3203/776/1136 3206/779/1135
f 3207/780/1137 3205/777/1138 3206/779/1138
f 3205/777/1139 3207/780/1140 3208/781/1141
f 3213/782/1142 3216/768/1143 3214/783/1144
usemtl Meshpart3Mtl.001
f 143/784/1145 144/785/1146 145/786/1146
f 144/785/1146 143/784/1147 146/787/1146
f 145/786/1148 144/785/1148 147/788/1149
f 147/788/1150 148/789/1151 145/786/1148
f 147/788/1152 149/790/1153 148/789/1154
f 150/791/1155 148/789/1156 149/790/1157
f 150/791/1158 149/790/1159 151/792/1160
f 151/792/1161 152/793/1160 150/791/1159
f 152/793/1162 151/792/1163 153/794/1164
f 153/794/1165 154/795/1164 152/793/1166
f 155/796/1148 156/797/1148 157/798/1148
f 156/797/1148 155/796/1148 158/799/1148
f 160/800/1148 159/801/1148 161/802/1148
f 166/803/1148 167/804/1148 168/805/1148
f 168/805/1148 167/804/1148 169/806/1148
f 170/807/1167 167/804/1148 166/803/1148
f 167/804/1148 170/807/1168 171/808/1169
f 174/808/1170 173/809/1171 172/810/1172
f 173/809/1173 174/808/1174 175/807/1175
f 178/811/1176 176/812/1177 177/813/1178
f 176/812/1179 178/811/1180 179/814/1181
f 178/811/1182 180/815/1148 179/814/1183
f 180/815/1148 178/811/1182 181/816/1148
f 184/817/1176 182/818/1177 183/819/1184
f 182/818/1179 184/817/1180 185/820/1181
f 184/817/1185 186/821/1148 185/820/1183
f 186/821/1148 184/817/1185 187/822/1148
f 188/817/1186 189/821/1148 190/820/1187
f 189/821/1148 188/817/1188 191/822/1148
f 192/811/1186 193/815/1148 194/814/1187
f 193/815/1148 192/811/1188 195/816/1148
f 198/823/1189 197/824/1190 196/825/1191
f 197/824/1192 198/823/1189 199/826/1189
f 200/827/1193 199/826/1194 198/823/1194
f 199/826/1194 200/827/1195 201/828/1196
f 204/829/1148 205/830/1148 206/831/1148
f 207/832/1148 206/831/1148 205/830/1148
f 206/831/1148 207/832/1148 208/833/1148
f 207/832/1148 209/834/1148 208/833/1148
f 205/830/1148 204/829/1148 210/835/1148
f 210/835/1148 204/829/1148 211/836/1148
f 210/835/1148 211/836/1148 212/837/1148
f 212/837/1148 211/836/1148 213/838/1148
f 211/836/1148 204/829/1148 214/839/1148
f 214/839/1148 204/829/1148 215/840/1148
f 215/840/1148 216/841/1148 214/839/1148
f 216/841/1148 215/840/1148 217/842/1148
f 218/843/1148 216/841/1148 217/842/1148
f 219/844/1148 220/845/1148 221/846/1148
f 221/846/1148 220/845/1148 222/804/1148
f 220/845/1148 219/844/1148 223/847/1148
f 225/848/1197 226/849/1198 224/850/1199
f 224/850/1200 226/849/1201 227/851/1202
f 228/852/1203 229/853/1204 230/854/1205
f 228/852/1206 230/854/1207 231/855/1208
f 232/856/1209 228/852/1210 231/855/1211
f 228/852/1212 232/856/1209 233/857/1209
f 232/856/1209 234/858/1213 233/857/1209
f 235/859/1214 233/857/1209 234/858/1215
f 236/860/1209 237/861/1209 238/862/1209
f 237/861/1209 236/860/1209 239/863/1209
f 240/864/1209 241/865/1209 242/866/1209
f 243/867/1209 242/866/1209 241/865/1209
f 246/868/1216 244/869/1217 245/870/1218
f 244/869/1218 246/868/1216 247/871/1216
f 247/871/1219 246/868/1219 248/872/1220
f 249/873/1220 248/872/1221 246/868/1219
f 251/874/1222 252/875/1223 250/876/1224
f 253/877/1225 250/876/1226 252/875/1227
f 252/875/1228 254/878/1229 253/877/1230
f 254/878/1231 252/875/1230 255/879/1178
f 257/880/1222 258/881/1223 256/882/1224
f 259/883/1225 256/882/1226 258/881/1227
f 258/881/1228 260/884/1229 259/883/1232
f 260/884/1231 258/881/1230 261/885/1178
f 264/886/1233 262/887/1234 263/888/1187
f 262/887/1235 264/886/1236 265/889/1237
f 264/886/1238 266/890/1239 265/889/1240
f 264/886/1240 267/891/1241 266/890/1242
f 270/892/1243 268/893/1234 269/894/1187
f 268/893/1235 270/892/1236 271/895/1244
f 272/896/1245 271/895/1246 270/892/1247
f 271/895/1248 272/896/1249 273/897/1241
f 274/898/1209 275/899/1209 276/900/1209
f 274/898/1209 276/900/1209 277/901/1209
f 281/902/1250 279/903/1251 282/904/1252
f 283/905/1209 284/906/1209 285/907/1209
f 284/906/1209 283/905/1209 286/908/1209
f 287/909/1209 288/910/1209 289/911/1209
f 288/910/1209 287/909/1209 290/912/1209
f 291/913/1253 293/914/1254 292/915/1255
f 293/914/1254 291/913/1256 294/916/1254
f 294/916/1254 295/917/1254 293/914/1254
f 295/917/1254 294/916/1254 296/918/1254
f 296/918/1254 297/919/1257 295/917/1254
f 297/919/1257 296/918/1254 299/920/1254
f 297/919/1258 299/920/1259 301/921/1260
f 298/922/1261 302/923/1262 300/924/1263
f 297/919/1264 301/921/1265 302/923/1259
f 301/921/1266 300/924/1267 302/923/1262
f 304/925/1268 305/926/1269 303/927/1270
f 305/926/1269 304/925/1270 306/928/1269
f 306/928/1271 307/929/1272 305/926/1271
f 307/929/1272 306/928/1271 308/930/1273
f 309/931/1254 310/932/1254 311/933/1254
f 310/932/1254 309/931/1254 312/934/1254
f 314/935/1274 313/936/1275 316/937/1276
f 313/936/1277 315/938/1277 317/939/1277
f 316/937/1276 318/940/1278 314/935/1274
f 318/940/1278 316/937/1276 319/941/1279
f 320/942/1275 318/940/1278 319/941/1279
f 318/940/1280 320/942/1281 321/943/1281
f 320/942/1277 322/944/1277 321/943/1277
f 322/944/1277 317/939/1277 315/938/1277
f 320/942/1277 323/945/1282 322/944/1277
f 317/939/1277 322/944/1277 323/945/1283
f 317/939/1284 323/945/1285 324/946/1286
f 325/947/1287 324/946/1286 323/945/1285
f 323/945/1285 326/948/1288 325/947/1287
f 326/948/1288 323/945/1285 327/949/1289
f 328/950/1254 329/951/1254 330/952/1254
f 329/951/1254 328/950/1254 331/953/1254
f 330/952/1254 332/954/1254 328/950/1254
f 332/954/1254 330/952/1254 333/955/1254
f 334/956/1254 335/957/1254 336/958/1254
f 334/956/1254 336/958/1254 337/959/1254
f 338/960/1254 335/957/1254 334/956/1254
f 335/957/1254 338/960/1254 339/961/1254
f 342/935/1254 343/940/1254 344/944/1254
f 342/935/1254 344/944/1254 345/938/1254
f 348/950/1254 349/951/1254 350/952/1254
f 349/951/1254 348/950/1254 351/953/1254
f 350/952/1254 352/954/1254 348/950/1254
f 352/954/1254 350/952/1254 353/955/1254
f 354/956/1254 355/957/1254 356/958/1254
f 354/956/1254 356/958/1254 357/959/1254
f 358/960/1254 355/957/1254 354/956/1254
f 355/957/1254 358/960/1254 359/961/1254
f 360/962/1254 361/963/1254 362/964/1254
f 363/965/1254 362/964/1254 361/963/1254
f 364/966/1290 365/967/1291 366/968/1292
f 366/968/1292 367/969/1292 364/966/1293
f 367/969/1294 366/968/1294 368/970/1295
f 368/970/1296 369/971/1297 367/969/1294
f 373/972/1298 374/973/1299 375/974/1300
f 375/974/1301 376/975/1302 373/972/1303
f 373/972/1304 376/975/1305 377/976/1306
f 373/972/1307 377/976/1308 378/977/1309
f 377/976/1310 379/930/1254 378/977/1311
f 378/977/1310 379/930/1254 380/929/1254
f 381/978/1312 382/979/1313 383/980/1313
f 382/979/1313 381/978/1312 384/981/1314
f 387/836/1315 388/829/1315 389/839/1315
f 389/839/1315 388/829/1315 390/840/1315
f 391/841/1315 389/839/1315 390/840/1315
f 391/841/1315 390/840/1315 392/842/1315
f 391/841/1315 392/842/1315 393/843/1315
f 388/829/1315 387/836/1315 394/835/1315
f 395/838/1315 394/835/1315 387/836/1315
f 394/835/1315 395/838/1315 396/837/1315
f 397/830/1315 388/829/1315 394/835/1315
f 388/829/1315 397/830/1315 398/831/1315
f 398/831/1315 397/830/1315 399/832/1315
f 398/831/1315 399/832/1315 400/833/1315
f 399/832/1315 401/834/1315 400/833/1315
f 402/982/1316 404/983/1315 403/984/1317
f 402/982/1318 405/985/1315 404/983/1315
f 406/986/1315 404/983/1315 405/985/1315
f 404/983/1315 406/986/1315 407/987/1315
f 408/817/1319 409/822/1315 410/821/1315
f 411/811/1319 412/816/1315 413/815/1315
f 411/811/1320 413/815/1315 414/814/1222
f 416/813/1321 417/811/1322 415/812/1323
f 418/814/1322 415/812/1324 417/811/1325
f 417/811/1326 419/815/1315 418/814/1327
f 417/811/1326 420/816/1315 419/815/1315
f 421/819/1241 423/817/1328 422/818/1323
f 424/820/1322 422/818/1324 423/817/1329
f 423/817/1330 425/821/1315 424/820/1327
f 423/817/1330 426/822/1315 425/821/1315
f 427/988/1315 428/989/1315 429/990/1315
f 428/989/1315 427/988/1315 430/991/1315
f 431/983/1315 428/989/1315 430/991/1315
f 434/826/1331 433/827/1332 432/828/1333
f 434/826/1331 435/823/1331 433/827/1334
f 436/824/1335 435/823/1336 434/826/1336
f 436/824/1337 437/825/1338 435/823/1336
f 438/801/1315 439/802/1315 440/800/1315
f 449/992/1315 450/993/1315 451/994/1315
f 449/992/1315 451/994/1315 452/995/1315
f 453/787/1339 454/786/1339 455/784/1339
f 454/786/1339 453/787/1339 456/785/1339
f 454/786/1315 456/785/1315 457/789/1340
f 457/789/1340 456/785/1315 458/788/1341
f 458/788/1342 459/791/1343 457/789/1344
f 458/788/1342 460/790/1345 459/791/1343
f 460/790/1346 461/793/1347 459/791/1348
f 461/793/1347 460/790/1346 462/792/1349
f 462/792/1350 463/795/1351 461/793/1352
f 464/794/1353 463/795/1351 462/792/1350
f 465/996/1354 467/997/1355 466/998/1356
f 466/998/1357 467/997/1358 468/999/1359
f 469/1000/1360 470/1001/1360 471/1002/1360
f 470/1001/1360 472/1003/1360 471/1002/1360
f 475/1004/1360 474/1005/1361 473/1006/1362
f 474/1005/1363 475/1004/1360 476/1007/1360
f 477/1008/1360 478/1009/1360 479/1010/1360
f 480/1011/1360 479/1010/1360 478/1009/1360
f 481/1012/1360 482/1013/1360 483/1014/1360
f 481/1012/1360 483/1014/1360 484/1015/1360
f 485/1016/1360 486/1017/1360 487/1018/1360
f 485/1016/1360 487/1018/1360 488/1019/1360
f 491/1020/1364 490/1021/1365 489/1022/1366
f 492/1023/1367 490/1021/1368 491/1020/1369
f 495/1024/1370 494/1025/1371 493/1026/1366
f 495/1024/1372 496/1027/1367 494/1025/1373
f 497/1028/1374 498/1029/1374 499/1030/1375
f 500/1031/1374 498/1029/1374 497/1028/1374
f 497/1028/1374 499/1030/1376 501/1032/1377
f 500/1031/1374 502/1033/1374 498/1029/1374
f 502/1033/1374 500/1031/1374 503/1034/1378
f 504/1035/1374 502/1033/1374 503/1034/1379
f 505/1036/1380 504/1035/1380 503/1034/1381
f 505/1036/1380 506/1037/1382 504/1035/1380
f 505/1036/1383 507/1038/1384 506/1037/1385
f 507/1038/1386 505/1036/1383 508/1039/1387
f 509/1040/1388 510/1041/1389 511/1042/1388
f 511/1042/1390 512/1043/1391 509/1040/1392
f 512/1043/1391 511/1042/1390 513/1044/1393
f 510/1041/1394 509/1040/1395 514/1045/1389
f 515/1046/1374 516/1047/1374 517/1048/1374
f 518/1049/1374 517/1048/1374 516/1047/1374
f 519/1050/1396 520/1051/1397 521/1052/1398
f 520/1051/1399 519/1050/1400 522/1053/1400
f 520/1051/1397 523/1054/1401 521/1052/1398
f 523/1054/1401 520/1051/1397 524/1055/1396
f 524/1055/1402 520/1051/1403 525/1056/1402
f 526/1057/1402 525/1056/1402 520/1051/1403
f 525/1056/1404 526/1057/1404 527/1058/1405
f 528/1059/1406 527/1058/1405 526/1057/1404
f 529/1060/1407 530/1061/1408 531/1062/1409
f 530/1061/1408 529/1060/1407 532/1063/1409
f 533/1064/1374 534/1065/1374 535/1066/1374
f 534/1065/1374 533/1064/1374 536/1067/1374
f 535/1066/1374 534/1065/1374 537/1068/1374
f 535/1066/1374 537/1068/1374 538/1069/1374
f 539/1070/1374 540/1071/1374 541/1072/1374
f 540/1071/1374 539/1070/1374 542/1073/1374
f 540/1071/1374 542/1073/1374 543/1074/1374
f 543/1074/1374 542/1073/1374 544/1075/1374
f 549/1064/1374 550/1065/1374 551/1066/1374
f 550/1065/1374 549/1064/1374 552/1067/1374
f 551/1066/1374 550/1065/1374 553/1068/1374
f 551/1066/1374 553/1068/1374 554/1069/1374
f 555/1070/1374 556/1071/1374 557/1072/1374
f 556/1071/1374 555/1070/1374 558/1073/1374
f 556/1071/1374 558/1073/1374 559/1074/1374
f 559/1074/1374 558/1073/1374 560/1075/1374
f 563/1076/1410 562/1077/1411 561/1078/1412
f 562/1077/1413 563/1076/1410 564/1079/1410
f 566/1080/1414 564/1079/1415 563/1076/1415
f 564/1079/1415 566/1080/1416 565/1081/1417
f 570/1082/1418 572/1083/1419 571/1084/1420
f 572/1083/1421 570/1082/1422 573/1085/1423
f 574/1086/1424 572/1083/1425 573/1085/1426
f 574/1086/1427 575/1087/1428 572/1083/1429
f 576/1044/1374 575/1087/1430 574/1086/1431
f 577/1043/1374 575/1087/1431 576/1044/1374
f 3217/1088/1432 3218/1089/1433 3219/1090/1434
f 3218/1089/1433 3217/1088/1432 3220/1091/1435
f 3221/1092/1436 3217/1088/1437 3219/1090/1438
f 3217/1088/1439 3221/1092/1440 3222/1093/1441
f 3223/1094/1442 3222/1093/1443 3221/1092/1444
f 3222/1093/1445 3223/1094/1446 3224/1095/1447
f 3225/1096/1448 3224/1095/1449 3223/1094/1450
f 3224/1095/1450 3225/1096/1451 3226/1097/1452
f 3227/1098/1453 3228/1099/1453 3229/1100/1453
f 3227/1098/1453 3229/1100/1453 3230/1101/1453
f 3232/1102/1454 3233/1103/1455 3231/1104/1456
f 3233/1103/1457 3232/1102/1458 3234/1105/1459
f 3235/1106/1254 3236/1107/1460 3237/1108/1461
f 3236/1107/1462 3235/1106/1254 3238/1109/1254
f 3236/1107/1463 3239/1110/1464 3237/1108/1465
f 3239/1110/1466 3236/1107/1467 3240/1111/1468
f 3240/1111/1469 3241/1112/1254 3239/1110/1470
f 3241/1112/1254 3240/1111/1471 3242/1113/1254
f 3241/1112/1254 3242/1113/1254 3243/1114/1254
f 3241/1112/1254 3243/1114/1254 3244/1115/1254
f 3245/1116/1472 3246/1117/1473 3247/1118/1474
f 3247/1118/1475 3246/1117/1476 3248/1119/1477
f 3249/1120/1478 3250/1121/1479 3251/1122/1480
f 3252/1123/1480 3249/1120/1479 3251/1122/1481
f 3252/1123/1482 3251/1122/1483 3253/1124/1484
f 3254/1125/1484 3252/1123/1485 3253/1124/1484
f 3255/1126/1486 3256/1127/1487 3257/1128/1488
f 3255/1126/1486 3257/1128/1488 3258/1129/1489
f 3259/1130/1374 3260/1131/1374 3261/1132/1490
f 3261/1132/1490 3260/1131/1374 3262/1133/1491
f 3261/1132/1492 3262/1133/1493 3263/1134/1494
f 3263/1134/1495 3264/1135/1496 3261/1132/1497
f 3264/1135/1498 3263/1134/1499 3265/1136/1374
f 3265/1136/1374 3266/1137/1374 3264/1135/1500
f 3265/1136/1374 3267/1138/1374 3266/1137/1374
f 3267/1138/1374 3265/1136/1374 3268/1139/1374
usemtl Meshpart4Mtl.001
f 580/1140/1501 578/1141/1502 579/1142/1503
f 578/1141/1504 580/1140/1505 581/1143/1506
f 582/1144/1507 581/1143/1508 580/1140/1509
f 586/1145/1510 584/1146/1511 585/1147/1512
f 588/1148/1513 586/1145/1514 585/1147/1515
f 588/1148/1516 585/1147/1517 587/1149/1518
f 586/1145/1519 588/1148/1520 589/1150/1521
f 589/1150/1522 590/1151/1523 586/1145/1524
f 594/1152/1525 591/1153/1526 592/1154/1527
f 594/1152/1528 592/1154/1529 595/1155/1530
f 591/1153/1531 594/1152/1532 596/1156/1533
f 596/1156/1534 593/1157/1535 591/1153/1536
f 599/1158/1537 598/1159/1538 597/1160/1539
f 599/1158/1540 597/1160/1541 600/1161/1542
f 597/1160/1543 601/1162/1544 600/1161/1545
f 597/1160/1546 583/1163/1547 601/1162/1548
f 604/1164/1549 602/1165/1550 603/1166/1551
f 608/1167/1552 607/1168/1553 606/1169/1554
f 609/1170/1555 605/1171/1556 608/1167/1557
f 608/1167/1558 606/1169/1559 610/1172/1560
f 614/1173/1561 612/1174/1562 615/1175/1563
f 613/1176/1564 615/1175/1565 612/1174/1566
f 616/1177/1567 611/1178/1568 614/1173/1569
f 614/1173/1570 615/1175/1571 616/1177/1572
f 615/1175/1573 613/1176/1574 617/1179/1575
f 617/1179/1576 618/1180/1577 615/1175/1578
f 617/1179/1579 613/1176/1580 619/1181/1581
f 620/1182/1582 617/1179/1583 619/1181/1584
f 620/1182/1585 622/1183/1586 617/1179/1587
f 618/1180/1588 617/1179/1589 622/1183/1590
f 623/1184/1591 622/1183/1592 620/1182/1593
f 620/1182/1594 621/1185/1595 623/1184/1596
f 624/1186/1597 622/1183/1598 623/1184/1599
f 627/1187/1600 625/1188/1601 626/1189/1602
f 628/1190/1603 625/1188/1604 627/1187/1605
f 629/1191/1606 627/1187/1607 626/1189/1608
f 631/1192/1609 627/1187/1610 629/1191/1611
f 630/1193/1612 631/1192/1613 629/1191/1614
f 631/1192/1615 632/1194/1616 627/1187/1617
f 634/1195/1618 633/1196/1619 635/1197/1620
f 636/1198/1621 637/1199/1622 634/1195/1623
f 636/1198/1624 634/1195/1625 638/1200/1626
f 634/1195/1627 635/1197/1628 638/1200/1629
f 625/1188/1630 628/1190/1631 639/1201/1632
f 641/1202/1633 642/1203/1634 640/1204/1635
f 644/1205/1636 645/1206/1637 643/1207/1638
f 645/1206/1639 644/1205/1640 646/1208/1641
f 644/1205/1642 647/1209/1643 646/1208/1644
f 649/1210/1645 648/1211/1646 652/1212/1647
f 653/1213/1648 650/1214/1649 649/1210/1650
f 649/1210/1651 652/1212/1652 653/1213/1653
f 650/1214/1654 653/1213/1655 654/1215/1656
f 652/1212/1657 655/1216/1658 653/1213/1659
f 654/1215/1660 653/1213/1661 655/1216/1662
f 650/1214/1663 654/1215/1664 656/1217/1665
f 656/1217/1666 654/1215/1667 586/1145/1668
f 656/1217/1669 586/1145/1670 590/1151/1671
f 584/1146/1672 654/1215/1673 655/1216/1674
f 654/1215/1675 584/1146/1676 586/1145/1677
f 655/1216/1678 652/1212/1679 657/1218/1680
f 658/1219/1681 657/1218/1682 652/1212/1683
f 648/1211/1684 658/1219/1685 652/1212/1686
f 658/1219/1687 648/1211/1688 651/1220/1689
f 659/1221/1690 658/1219/1691 660/1222/1692
f 660/1222/1693 658/1219/1694 651/1220/1695
f 661/1223/1696 660/1222/1697 651/1220/1698
f 664/1224/1699 659/1221/1700 660/1222/1701
f 665/1225/1702 663/1226/1703 662/1227/1704
f 663/1226/1705 665/1225/1706 667/1228/1707
f 667/1228/1708 668/1229/1709 666/1230/1710
f 670/1231/1711 671/1232/1712 669/1233/1713
f 611/1178/1714 616/1177/1715 672/1234/1716
f 611/1178/1717 672/1234/1718 673/1235/1719
f 673/1235/1720 672/1234/1721 674/1236/1722
f 675/1237/1723 674/1236/1724 676/1238/1725
f 677/1239/1726 679/1240/1727 680/1241/1728
f 679/1240/1729 678/1242/1730 680/1241/1731
f 683/1243/1732 682/1244/1733 681/1245/1734
f 681/1245/1735 684/1246/1736 683/1243/1737
f 683/1243/1738 685/1247/1739 682/1244/1740
f 684/1246/1741 686/1248/1742 683/1243/1743
f 683/1243/1744 687/1249/1745 685/1247/1746
f 686/1248/1747 687/1249/1748 683/1243/1749
f 688/1250/1750 685/1247/1751 687/1249/1752
f 689/1251/1753 686/1248/1754 684/1246/1755
f 690/1252/1756 688/1250/1757 687/1249/1758
f 691/1253/1759 690/1252/1760 687/1249/1761
f 686/1248/1762 691/1253/1763 687/1249/1764
f 691/1253/1765 692/1254/1766 690/1252/1767
f 686/1248/1768 693/1255/1769 691/1253/1770
f 686/1248/1771 689/1251/1772 693/1255/1773
f 694/1256/1774 692/1254/1775 691/1253/1776
f 693/1255/1777 694/1256/1778 691/1253/1779
f 694/1256/1780 695/1257/1781 692/1254/1782
f 696/1258/1783 694/1256/1784 693/1255/1785
f 689/1251/1786 696/1258/1787 693/1255/1788
f 696/1258/1789 697/1259/1790 694/1256/1791
f 694/1256/1792 697/1259/1793 695/1257/1794
f 689/1251/1795 698/1260/1796 696/1258/1797
f 696/1258/1798 699/1261/1799 697/1259/1800
f 698/1260/1801 699/1261/1802 696/1258/1803
f 689/1251/1795 700/1262/1804 698/1260/1796
f 698/1260/1805 700/1262/1806 699/1261/1807
f 701/1263/1808 700/1262/1809 689/1251/1810
f 697/1259/1811 702/1264/1812 695/1257/1813
f 704/1265/1814 705/1266/1815 701/1263/1816
f 705/1266/1817 700/1262/1818 701/1263/1819
f 705/1266/1820 706/1267/1821 700/1262/1822
f 707/1268/1823 708/1269/1824 709/1270/1825
f 708/1269/1826 710/1271/1827 709/1270/1828
f 711/1272/1829 707/1268/1830 709/1270/1831
f 712/1273/1832 709/1270/1833 710/1271/1834
f 713/1274/1835 712/1273/1836 710/1271/1837
f 714/1275/1838 709/1270/1839 712/1273/1840
f 715/1276/1841 712/1273/1842 713/1274/1843
f 714/1275/1844 712/1273/1845 715/1276/1846
f 713/1274/1847 716/1277/1848 715/1276/1849
f 717/1278/1850 715/1276/1851 716/1277/1852
f 716/1277/1853 718/1279/1854 717/1278/1855
f 719/1280/1856 715/1276/1857 717/1278/1858
f 714/1275/1859 715/1276/1860 719/1280/1861
f 720/1281/1862 717/1278/1863 718/1279/1864
f 709/1270/1865 714/1275/1866 721/1282/1867
f 709/1270/1868 721/1282/1869 711/1272/1870
f 722/1283/1871 719/1280/1872 717/1278/1873
f 722/1283/1874 717/1278/1875 720/1281/1876
f 719/1280/1877 723/1284/1878 714/1275/1879
f 719/1280/1880 722/1283/1881 723/1284/1882
f 724/1285/1883 721/1282/1884 714/1275/1885
f 723/1284/1886 724/1285/1887 714/1275/1888
f 723/1284/1889 722/1283/1890 725/1286/1891
f 720/1281/1892 725/1286/1893 722/1283/1894
f 723/1284/1895 726/1287/1896 724/1285/1897
f 726/1287/1898 723/1284/1899 725/1286/1900
f 721/1282/1901 724/1285/1902 727/1288/1903
f 724/1285/1904 726/1287/1905 728/1289/1906
f 728/1289/1907 727/1288/1908 724/1285/1909
f 721/1282/1910 727/1288/1911 729/1290/1912
f 721/1282/1913 729/1290/1914 711/1272/1915
f 728/1289/1916 730/1291/1917 727/1288/1918
f 726/1287/1919 731/1292/1920 728/1289/1921
f 730/1291/1922 728/1289/1923 731/1292/1924
f 726/1287/1925 725/1286/1926 732/1293/1927
f 726/1287/1928 732/1293/1929 731/1292/1930
f 727/1288/1931 730/1291/1932 733/1294/1933
f 720/1281/1934 734/1295/1935 725/1286/1936
f 732/1293/1937 725/1286/1938 734/1295/1939
f 732/1293/1940 734/1295/1941 735/1296/1942
f 736/1297/1943 732/1293/1944 735/1296/1945
f 735/1296/1946 737/1298/1947 736/1297/1948
f 732/1293/1949 736/1297/1950 738/1299/1951
f 732/1293/1952 738/1299/1953 731/1292/1954
f 739/1300/1955 740/1301/1956 741/1302/1957
f 741/1302/1958 740/1301/1959 742/1303/1960
f 741/1302/1961 742/1303/1962 743/1304/1963
f 741/1302/1964 743/1304/1965 744/1305/1966
f 742/1303/1967 740/1301/1968 681/1245/1969
f 745/1306/1970 739/1300/1971 741/1302/1972
f 744/1305/1973 745/1306/1974 741/1302/1975
f 703/1307/1976 747/1308/1977 739/1300/1978 745/1306/1979 748/1309/1980
f 739/1300/1981 746/1310/1982 740/1301/1983
f 747/1308/1984 746/1310/1985 739/1300/1986
f 740/1301/1987 746/1310/1988 684/1246/1989
f 740/1301/1990 684/1246/1991 681/1245/1992
f 747/1308/1993 701/1263/1994 746/1310/1995
f 746/1310/1996 689/1251/1997 684/1246/1998
f 701/1263/1999 689/1251/2000 746/1310/2001
f 747/1308/2002 704/1265/2003 701/1263/2004
f 704/1265/2005 747/1308/2006 703/1307/2007
f 749/1311/2008 750/1312/2009 751/1313/2010
f 751/1313/2011 718/1279/2012 749/1311/2013
f 749/1311/2014 752/1314/2015 750/1312/2016
f 752/1314/2017 749/1311/2018 716/1277/2019
f 718/1279/2020 716/1277/2021 749/1311/2022
f 752/1314/2023 753/1315/2024 750/1312/2025
f 716/1277/2026 713/1274/2027 752/1314/2028
f 713/1274/2029 754/1316/2030 752/1314/2031
f 751/1313/2032 750/1312/2033 755/1317/2034
f 756/1318/2035 730/1291/2036 731/1292/2037
f 756/1318/2038 757/1319/2039 730/1291/2040
f 733/1294/2041 730/1291/2042 757/1319/2043
f 762/1320/2044 758/1321/2045 763/1322/2046
f 762/1320/2047 763/1322/2048 764/1323/2049
f 763/1322/2050 765/1324/2051 764/1323/2052
f 764/1323/2053 766/1325/2054 762/1320/2055
f 765/1324/2056 766/1325/2057 764/1323/2058
f 762/1320/2059 766/1325/2060 767/1326/2061
f 768/1327/2062 767/1326/2063 766/1325/2064
f 767/1326/2065 768/1327/2066 769/1328/2067
f 770/1329/2068 769/1328/2069 768/1327/2070
f 768/1327/2071 771/1330/2072 770/1329/2073
f 771/1330/2074 773/1331/2075 772/1332/2076
f 774/1333/2077 771/1330/2078 768/1327/2079
f 771/1330/2080 774/1333/2081 773/1331/2082
f 774/1333/2083 768/1327/2084 766/1325/2085
f 765/1324/2086 774/1333/2087 766/1325/2088
f 775/1334/2089 773/1331/2090 774/1333/2091
f 765/1324/2092 775/1334/2093 774/1333/2094
f 773/1331/2095 776/1335/2096 772/1332/2097
f 775/1334/2098 777/1336/2099 773/1331/2100
f 777/1336/2101 775/1334/2102 778/1337/2103
f 776/1335/2104 777/1336/2105 779/1338/2106
f 778/1337/2107 780/1339/2108 777/1336/2109
f 778/1337/2110 781/1340/2111 780/1339/2112
f 782/1341/2113 777/1336/2114 780/1339/2115
f 781/1340/2116 782/1341/2117 780/1339/2118
f 777/1336/2119 783/1342/2120 779/1338/2121
f 783/1342/2122 777/1336/2123 782/1341/2124
f 783/1342/2125 782/1341/2126 784/1343/2127
f 782/1341/2128 785/1344/2129 784/1343/2130
f 782/1341/2131 781/1340/2132 785/1344/2133
f 786/1345/2134 787/1346/2135 789/1347/2136
f 789/1347/2137 787/1346/2138 788/1348/2139
f 790/1349/2140 786/1345/2141 789/1347/2142
f 760/1350/2143 790/1349/2144 791/1351/2145
f 760/1350/2146 791/1351/2147 761/1352/2148
f 759/1353/2149 761/1352/2150 791/1351/2151
f 795/1354/2152 793/1355/2153 792/1356/2154
f 798/1357/2155 800/1358/2156 799/1359/2157
f 800/1358/2158 798/1357/2159 801/1360/2160
f 802/1361/2161 800/1358/2162 801/1360/2163
f 803/1362/2164 801/1360/2165 798/1357/2166
f 798/1357/2167 796/1363/2168 803/1362/2169
f 805/1364/2170 804/1365/2171 795/1354/2172
f 805/1364/2173 795/1354/2174 806/1366/2175
f 807/1367/2176 806/1366/2177 795/1354/2178
f 807/1367/2179 795/1354/2180 794/1368/2181
f 794/1368/2182 797/1369/2183 808/1370/2184
f 811/1371/2185 809/1372/2186 810/1373/2187
f 810/1373/2188 812/1374/2189 811/1371/2190
f 813/1375/2191 812/1374/2192 810/1373/2193
f 813/1375/2194 810/1373/2195 814/1376/2196
f 810/1373/2197 808/1370/2198 815/1377/2199
f 817/1378/2200 816/1379/2201 789/1347/2202
f 789/1347/2203 818/1380/2204 817/1378/2205
f 818/1380/2206 789/1347/2207 819/1381/2208
f 789/1347/2209 788/1348/2210 819/1381/2211
f 825/1382/2212 824/1383/2213 823/1384/2214
f 826/1385/2215 824/1383/2216 827/1386/2217
f 824/1383/2218 825/1382/2219 827/1386/2220
f 828/1387/2221 826/1385/2222 827/1386/2223
f 829/1388/2224 828/1387/2225 827/1386/2226
f 828/1387/2227 829/1388/2228 830/1389/2229
f 832/1390/2230 830/1389/2231 829/1388/2232
f 832/1390/2233 831/1391/2234 830/1389/2235
f 827/1386/2236 833/1392/2237 829/1388/2238
f 829/1388/2239 834/1393/2240 832/1390/2241
f 833/1392/2242 834/1393/2243 829/1388/2244
f 834/1393/2245 835/1394/2246 832/1390/2247
f 834/1393/2248 836/1395/2249 835/1394/2250
f 834/1393/2251 833/1392/2252 836/1395/2253
f 838/1396/2254 839/1397/2255 837/1398/2256
f 821/1399/2257 839/1397/2258 840/1400/2259
f 838/1396/2260 841/1401/2261 839/1397/2262
f 839/1397/2263 842/1402/2264 840/1400/2265
f 841/1401/2266 842/1402/2267 839/1397/2268
f 842/1402/2269 843/1403/2270 840/1400/2271
f 842/1402/2272 841/1401/2273 844/1404/2274
f 845/1405/2275 842/1402/2276 844/1404/2277
f 842/1402/2278 845/1405/2279 846/1406/2280
f 843/1403/2281 842/1402/2282 846/1406/2283
f 847/1407/2284 848/1408/2285 849/1409/2286
f 850/1410/2287 848/1408/2288 852/1411/2289
f 852/1411/2290 851/1412/2291 850/1410/2292
f 852/1411/2293 848/1408/2294 847/1407/2295
f 851/1412/2296 852/1411/2297 853/1413/2298
f 852/1411/2299 854/1414/2300 853/1413/2301
f 847/1407/2302 854/1414/2303 852/1411/2304
f 847/1407/2305 855/1415/2306 854/1414/2307
f 840/1400/2308 843/1403/2309 856/1416/1632
f 857/1417/2310 858/1418/2311 859/1419/2312
f 860/1420/2313 859/1419/2314 858/1418/2315
f 859/1419/2316 860/1420/2317 862/1421/2318
f 863/1422/2319 859/1419/2320 862/1421/2321
f 862/1421/2322 861/1423/2323 864/1424/2324
f 862/1421/2325 864/1424/2326 863/1422/2327
f 865/1425/2328 863/1422/2329 864/1424/2330
f 865/1425/2331 822/1426/2332 863/1422/2333
f 823/1384/2334 822/1426/2335 865/1425/2336
f 823/1384/2337 865/1425/2338 825/1382/2339
f 865/1425/2340 864/1424/2341 866/1427/2342
f 861/1423/2343 866/1427/2344 864/1424/2345
f 866/1427/2346 825/1382/2347 865/1425/2348
f 861/1423/2349 867/1428/2350 866/1427/2351
f 866/1427/2352 868/1429/2353 825/1382/2354
f 867/1428/2355 868/1429/2356 866/1427/2357
f 867/1428/2358 869/1430/2359 868/1429/2360
f 868/1429/2361 871/1431/2362 873/1432/2363
f 873/1432/2364 871/1431/2365 872/1433/2366
f 873/1432/2367 825/1382/2368 868/1429/2369
f 875/1434/2370 872/1433/2371 874/1435/2372
f 872/1433/2373 875/1434/2374 873/1432/2375
f 873/1432/2376 875/1434/2377 876/1436/2378
f 875/1434/2379 870/1437/2380 876/1436/2381
f 876/1436/2382 825/1382/2383 873/1432/2384
f 870/1437/2385 877/1438/2386 876/1436/2387
f 876/1436/2388 877/1438/2389 825/1382/2390
f 879/1439/2391 878/1440/2392 881/1441/2393
f 879/1439/2394 881/1441/2395 880/1442/2396
f 881/1441/2397 878/1440/2398 763/1322/2399
f 765/1324/2400 763/1322/2401 878/1440/2402
f 881/1441/2403 882/1443/2404 880/1442/2405
f 881/1441/2406 763/1322/2407 883/1444/2408
f 881/1441/2409 883/1444/2410 882/1443/2411
f 882/1443/2412 885/1445/2413 884/1446/2414
f 885/1445/2415 882/1443/2416 883/1444/2417
f 886/1447/2418 885/1445/2419 883/1444/2420
f 883/1444/2421 888/1448/2422 886/1447/2423
f 887/1449/2424 888/1448/2425 889/1450/2426
f 888/1448/2427 883/1444/2428 890/1451/2429
f 889/1450/2430 888/1448/2431 890/1451/2432
f 890/1451/2433 883/1444/2434 891/1452/2435
f 763/1322/2436 891/1452/2437 883/1444/2438
f 891/1452/2439 758/1321/2440 892/1453/2441
f 891/1452/2442 763/1322/2443 758/1321/2444
f 896/1454/2445 893/1455/2446 895/1456/2447
f 893/1455/2448 896/1454/2449 897/1457/2450
f 897/1457/2451 896/1454/2452 899/1458/2453
f 898/1459/2454 899/1458/2455 896/1454/2456
f 897/1457/2457 900/1460/2458 894/1461/2459
f 900/1460/2460 897/1457/2461 899/1458/2462
f 899/1458/2463 901/1462/2464 900/1460/2465
f 901/1462/2466 902/1463/2467 900/1460/2468
f 903/1464/2469 900/1460/2470 902/1463/2471
f 900/1460/2472 903/1464/2473 894/1461/2474
f 863/1422/2475 894/1461/2476 903/1464/2477
f 822/1426/2478 894/1461/2479 863/1422/2480
f 903/1464/2481 902/1463/2482 857/1417/2483
f 859/1419/2484 903/1464/2485 857/1417/2486
f 863/1422/2487 903/1464/2488 859/1419/2489
f 906/1465/2490 820/1466/2491 905/1467/2492
f 906/1465/2493 905/1467/2494 907/1468/2495
f 905/1467/2496 904/1469/2497 907/1468/2498
f 820/1466/2499 906/1465/2500 908/1470/2501
f 909/1471/2502 836/1395/2503 833/1392/2504
f 833/1392/2505 910/1472/2506 909/1471/2507
f 910/1472/2508 833/1392/2509 877/1438/2510
f 827/1386/2511 877/1438/2512 833/1392/2513
f 827/1386/2514 825/1382/2515 877/1438/2516
f 870/1437/2517 910/1472/2518 877/1438/2519
f 849/1409/2520 912/1473/2521 911/1474/2522
f 849/1409/2523 913/1475/2524 912/1473/2525
f 914/1476/2526 913/1475/2527 915/1477/2528
f 849/1409/2529 915/1477/2530 913/1475/2531
f 849/1409/2532 848/1408/2533 915/1477/2534
f 917/1478/2535 918/1479/2536 916/1480/2537
f 922/1481/2538 921/1482/2539 920/1483/2540
f 921/1482/2541 922/1481/2542 923/1484/2543
f 923/1484/2544 922/1481/2545 919/1485/2546
f 925/1486/2547 929/1487/2548 928/1488/2549
f 928/1488/2550 929/1487/2551 927/1489/2552
f 925/1486/2553 924/1490/2554 929/1487/2555
f 929/1487/2556 930/1491/2557 927/1489/2558
f 924/1490/2559 932/1492/2560 929/1487/2561
f 932/1492/2562 930/1491/2563 929/1487/2564
f 930/1491/2565 932/1492/2566 933/1493/2567
f 931/1494/2568 934/1495/2569 926/1496/2570
f 932/1492/2571 924/1490/2572 935/1497/2573
f 936/1498/2574 933/1493/2575 932/1492/2576
f 937/1499/2577 932/1492/2578 935/1497/2579
f 937/1499/2580 936/1498/2581 932/1492/2582
f 936/1498/2583 937/1499/2584 938/1500/2585
f 940/1501/2586 938/1500/2587 939/1502/1812
f 940/1501/2588 942/1503/2589 938/1500/2590
f 942/1503/2591 936/1498/2592 938/1500/2593
f 944/1504/2594 936/1498/2595 942/1503/2596
f 936/1498/2597 944/1504/2598 933/1493/2599
f 945/1505/2600 944/1504/2601 942/1503/2602
f 942/1503/2603 943/1506/2604 945/1505/2605
f 947/1507/2606 949/1508/2607 948/1509/2608
f 949/1508/2609 951/1510/2610 950/1511/2611
f 949/1508/2612 947/1507/2613 951/1510/2614
f 952/1512/2615 954/1513/2616 953/1514/2617
f 955/1515/2618 957/1516/2619 958/1517/2620
f 958/1517/2621 957/1516/2622 960/1518/2623
f 957/1516/2624 956/1519/2625 960/1518/2626
f 959/1520/2627 958/1517/2628 960/1518/2629
f 960/1518/2630 956/1519/2631 961/1521/2632
f 959/1520/2633 960/1518/2634 962/1522/2635
f 961/1521/2636 962/1522/2637 960/1518/2638
f 962/1522/2639 961/1521/2640 963/1523/2641
f 946/1524/2642 966/1525/2643 965/1526/2644
f 941/1527/2645 964/1528/2646 966/1525/2647
f 966/1525/2648 946/1524/2649 941/1527/2650
f 972/1529/2651 973/1530/2652 971/1531/2653
f 973/1530/2654 972/1529/2655 974/1532/2656
f 972/1529/2657 975/1533/2658 974/1532/2659
f 976/1534/2660 975/1533/2661 972/1529/2662
f 978/1535/2663 979/1536/2664 980/1537/2665
f 979/1536/2666 982/1538/2667 980/1537/2668
f 980/1537/2669 982/1538/2670 981/1539/2671
f 982/1538/2672 979/1536/2673 983/1540/2674
f 984/1541/2675 981/1539/2676 982/1538/2677
f 986/1542/2678 987/1543/2679 988/1544/2680
f 986/1542/2681 988/1544/2682 989/1545/2683
f 990/1546/2684 986/1542/2685 989/1545/2686
f 990/1546/2687 985/1547/2688 986/1542/2689
f 992/1548/2690 993/1549/2691 991/1550/2692
f 993/1549/2693 916/1480/2694 994/1551/2695
f 993/1549/2696 917/1478/2697 916/1480/2698
f 995/1552/2699 997/1553/2700 996/1554/2701
f 998/1555/2702 996/1554/2703 999/1556/2704
f 996/1554/2705 1001/1557/2706 999/1556/2707
f 996/1554/2708 997/1553/2709 1001/1557/2710
f 1000/1558/2711 999/1556/2712 1002/1559/2713
f 997/1553/2714 1003/1560/2715 1001/1557/2716
f 1004/1561/2717 1003/1560/2718 997/1553/2719
f 1004/1561/2720 997/1553/2721 969/1562/2722
f 1004/1561/2723 1005/1563/2724 1003/1560/2725
f 1005/1563/2726 1007/1564/2727 1006/1565/2728
f 1008/1566/2729 1007/1564/2730 1005/1563/2731
f 1005/1563/2732 1004/1561/2733 1008/1566/2734
f 1008/1566/2735 1009/1567/2736 1007/1564/2737
f 1008/1566/2738 1004/1561/2739 968/1568/2740
f 1004/1561/2741 969/1562/2742 968/1568/2743
f 967/1569/2744 1009/1567/2745 1008/1566/2746
f 1008/1566/2747 968/1568/2748 967/1569/2749
f 970/1570/2750 1012/1571/2751 1010/1572/2752
f 1012/1571/2753 1011/1573/2754 1010/1572/2755
f 1011/1573/2756 1012/1571/2757 1013/1574/2758
f 1016/1575/2759 1014/1576/2760 1015/1577/2761
f 977/1578/2762 1014/1576/2763 1016/1575/2764
f 1016/1575/2765 1015/1577/2766 1017/1579/2767
f 1016/1575/2768 1017/1579/2769 1018/1580/2770
f 1020/1581/2771 1021/1582/2772 1019/1583/2773
f 1023/1584/2774 1024/1585/2775 1020/1581/2776
f 1021/1582/2777 1024/1585/2778 1025/1586/2779
f 1026/1587/2780 1023/1584/2781 1022/1588/2782
f 1021/1582/2783 1025/1586/2784 1027/1589/2785
f 1021/1582/2786 1027/1589/2787 1028/1590/2788
f 1024/1585/2789 1023/1584/2790 1029/1591/2791
f 1023/1584/2792 1026/1587/2793 1029/1591/2794
f 1024/1585/2795 1030/1592/2796 1025/1586/2797
f 1030/1592/2798 1024/1585/2799 1029/1591/2800
f 1026/1587/2801 1022/1588/2802 1031/1593/2803
f 1031/1593/2804 1032/1594/2805 1026/1587/2806
f 1032/1594/2807 1031/1593/2808 1033/1595/2809
f 1032/1594/2810 1034/1596/2811 1026/1587/2812
f 1026/1587/2813 1034/1596/2814 1029/1591/2815
f 1035/1597/2816 1032/1594/2817 1033/1595/2818
f 1035/1597/2819 1034/1596/2820 1032/1594/2821
f 1033/1595/2822 1036/1598/2823 1035/1597/2824
f 1038/1599/2825 1029/1591/2826 1034/1596/2827
f 1039/1600/2828 1034/1596/2829 1035/1597/2830
f 1040/1601/2831 1035/1597/2832 1036/1598/2833
f 1037/1602/2834 1041/1603/2835 1036/1598/2836
f 1036/1598/2837 1041/1603/2838 1040/1601/2839
f 1041/1603/2840 1037/1602/2841 1042/1604/2842
f 1040/1601/2843 1041/1603/2844 1043/1605/2845
f 1043/1605/2846 1041/1603/2847 1044/1606/2848
f 1045/1607/2849 1038/1599/2850 1039/1600/2851
f 1044/1606/2852 1041/1603/2853 1046/1608/2854
f 1046/1608/2855 1041/1603/2856 1042/1604/2857
f 1045/1607/2858 1047/1609/2859 1048/1610/2860
f 1048/1610/2861 1038/1599/2862 1045/1607/2863
f 1048/1610/2864 1047/1609/2865 1050/1611/2866
f 1049/1612/2867 1051/1613/2868 1050/1611/2869
f 1048/1610/2870 1050/1611/2871 1052/1614/2872
f 1056/1615/2873 1053/1616/2874 1054/1617/2875
f 1055/1618/2876 1056/1615/2877 1054/1617/2878
f 1053/1616/2879 1056/1615/2880 1057/1619/2881
f 1058/1620/2882 1048/1610/2883 1052/1614/2884
f 1059/1621/2885 1057/1619/2886 1056/1615/2887
f 1060/1622/2888 1038/1599/2889 1048/1610/2890
f 1061/1623/2891 1059/1621/2892 1056/1615/2893
f 1061/1623/2894 1056/1615/2895 1062/1624/2896
f 1062/1624/2897 1056/1615/2898 1063/1625/2899
f 1056/1615/2900 1055/1618/2901 1063/1625/2902
f 1064/1626/2903 1065/1627/2904 1060/1622/2905
f 1064/1626/2906 1066/1628/2907 1065/1627/2908
f 1066/1628/2909 1067/1629/2910 1065/1627/2911
f 1060/1622/2912 1067/1629/2913 1038/1599/2914
f 1071/1630/2915 1070/1631/2916 1068/1632/2917
f 1068/1632/2918 1069/1633/2919 1071/1630/2920
f 1067/1629/2921 1066/1628/2922 1072/1634/2923
f 1074/1635/2924 1072/1634/2925 1073/1636/2926
f 1067/1629/2927 1072/1634/2928 1074/1635/2929
f 1071/1630/2930 1074/1635/2931 1073/1636/2932
f 1075/1637/2933 1067/1629/2934 1074/1635/2935
f 1074/1635/2936 1071/1630/2937 1076/1638/2938
f 1075/1637/2939 1074/1635/2940 1076/1638/2941
f 1076/1638/2942 1071/1630/2943 1077/1639/2944
f 1071/1630/2945 1069/1633/2946 1077/1639/2947
f 1030/1592/2948 1067/1629/2949 1075/1637/2950
f 1038/1599/2951 1067/1629/2952 1030/1592/2953
f 1038/1599/2954 1030/1592/2955 1029/1591/2956
f 1030/1592/2957 1075/1637/2958 1079/1640/2959
f 1079/1640/2960 1081/1641/2961 1080/1642/2962
f 1082/1643/2963 1027/1589/2964 1080/1642/2965
f 1081/1641/2966 1082/1643/2967 1080/1642/2968
f 1079/1640/2969 1083/1644/2970 1081/1641/2971
f 1081/1641/2972 1083/1644/2973 1084/1645/2974
f 1027/1589/2975 1082/1643/2976 1085/1646/2977
f 1079/1640/2978 1086/1647/2979 1083/1644/2980
f 1079/1640/2981 1078/1648/2982 1086/1647/2983
f 1027/1589/2984 1085/1646/2985 1087/1649/2986
f 1087/1649/2987 1028/1590/2988 1027/1589/2989
f 1028/1590/2990 1087/1649/2991 1088/1650/2992
f 1093/1651/2993 1091/1652/2994 1090/1653/2995
f 1093/1651/2996 1092/1654/2997 1091/1652/2998
f 1090/1653/2999 1089/1655/3000 1093/1651/3001
f 1094/1656/3002 1093/1651/3003 1089/1655/3004
f 1092/1654/3005 1093/1651/3006 1095/1657/3007
f 1096/1658/3008 1093/1651/3009 1094/1656/3010
f 1097/1659/3011 1095/1657/3012 1093/1651/3013
f 1093/1651/3014 1096/1658/3015 1097/1659/3016
f 1099/1660/3017 1098/1661/3018 1085/1646/3019
f 1082/1643/3020 1099/1660/3021 1085/1646/3022
f 1100/1662/3023 1098/1661/3024 1099/1660/3025
f 1082/1643/3026 1101/1663/3027 1099/1660/3028
f 1100/1662/3029 1099/1660/3030 1101/1663/3031
f 1084/1645/3032 1101/1663/3033 1082/1643/3034
f 1105/1664/3035 1102/1665/3036 1103/1666/3037
f 1105/1664/3038 1103/1666/3039 1104/1667/3040
f 1105/1664/3041 1106/1668/3042 1102/1665/3043
f 1105/1664/3044 1104/1667/3045 1107/1669/3046
f 1106/1668/3047 1105/1664/3048 1108/1670/3049
f 1109/1671/3050 1105/1664/3051 1107/1669/3052
f 1107/1669/3053 1083/1644/3054 1110/1672/3055
f 1109/1671/3056 1107/1669/3057 1110/1672/3058
f 1113/1673/3059 1111/1674/3060 1112/1675/3061
f 1114/1676/3062 1112/1675/3063 1083/1644/3064
f 1115/1677/3065 1112/1675/3066 1114/1676/3067
f 1112/1675/3068 1115/1677/3069 1113/1673/3070
f 1114/1676/3071 1116/1678/3072 1115/1677/3073
f 1117/1679/3074 1113/1673/3075 1115/1677/3076
f 1113/1673/3077 1117/1679/3078 1118/1680/3079
f 1120/1681/3080 1118/1680/3081 1117/1679/3082
f 1120/1681/3083 1119/1682/3084 1118/1680/3085
f 1120/1681/3086 1117/1679/3087 1121/1683/3088
f 1122/1684/3089 1119/1682/3090 1120/1681/3091
f 1123/1685/3092 1120/1681/3093 1121/1683/3094
f 1122/1684/3095 1120/1681/3096 1124/1686/3097
f 1120/1681/3098 1123/1685/3099 1124/1686/3100
f 1125/1687/3101 1116/1678/3102 1127/1688/3103
f 1114/1676/3104 1086/1647/3105 1127/1688/3106
f 1128/1689/3107 1126/1690/3108 1127/1688/3109
f 1086/1647/3110 1128/1689/3111 1127/1688/3112
f 1126/1690/3113 1128/1689/3114 1129/1691/3115
f 1130/1692/3116 1128/1689/3117 1086/1647/3118
f 1131/1693/3119 1129/1691/3120 1128/1689/3121
f 1128/1689/3122 1130/1692/3123 1131/1693/3124
f 1086/1647/3125 1078/1648/3126 1130/1692/3127
f 1133/1694/3128 1132/1695/3129 1135/1696/3130
f 1134/1697/3131 1133/1694/3132 1135/1696/3133
f 1135/1696/3134 1132/1695/3135 1136/1698/3136
f 1135/1696/3137 1136/1698/3138 1137/1699/3139
f 1138/1700/3140 1135/1696/3141 1137/1699/3142
f 1134/1697/3143 1135/1696/3144 1139/1701/3145
f 1135/1696/3146 1138/1700/3147 1139/1701/3148
f 1140/1702/3149 1141/1703/3150 1142/1704/3151
f 1144/1705/3152 1143/1706/3153 1145/1707/3154
f 1146/1708/3155 1149/1709/3156 1147/1710/3157
f 1149/1709/3158 1146/1708/3159 1148/1711/3160
f 1149/1709/3161 1150/1712/3162 1147/1710/3163
f 1149/1709/3164 1151/1713/3165 1150/1712/3166
f 1148/1711/3167 1152/1714/3168 1149/1709/3169
f 1151/1713/3170 1149/1709/3171 1152/1714/3172
f 1152/1714/3173 1148/1711/3174 1153/1715/3175
f 1155/1716/3176 1156/1717/3177 1141/1703/3178
f 1141/1703/3179 1156/1717/3180 1142/1704/3181
f 1155/1716/3182 1157/1718/3183 1156/1717/3184
f 1156/1717/3185 1157/1718/3186 1158/1719/3187
f 1142/1704/3188 1156/1717/3189 1159/1720/3190
f 1157/1718/3191 1161/1721/3192 1158/1719/3193
f 1162/1722/3194 1157/1718/3195 1154/1723/3196
f 1162/1722/3197 1161/1721/3198 1157/1718/3199
f 1163/1724/3200 1166/1725/3201 1164/1726/3202
f 1166/1725/3203 1163/1724/3204 1165/1727/3205
f 1166/1725/3206 1167/1728/3207 1164/1726/3208
f 1166/1725/3209 1169/1729/3210 1167/1728/3211
f 1170/1730/3212 1166/1725/3213 1165/1727/3214
f 1171/1731/3215 1169/1729/3216 1166/1725/3217
f 1170/1730/3218 1171/1731/3219 1166/1725/3220
f 1154/1723/3221 1172/1732/3222 1162/1722/3223
f 1173/1733/3224 1175/1734/3225 1176/1735/3226
f 1173/1733/3227 1176/1735/3228 1179/1736/3229
f 1178/1737/3230 1181/1738/3231 1180/1739/3232
f 1181/1738/3233 1178/1737/3234 1182/1740/3235
f 1183/1741/3236 1181/1738/3237 1182/1740/3238
f 1186/1742/3239 1184/1743/3240 1185/1744/3241
f 1184/1743/3242 1186/1742/3243 1187/1745/3244
f 1168/1746/3245 1187/1745/3246 1186/1742/3247
f 1186/1742/3248 1173/1733/3249 1188/1747/3250
f 1188/1747/3251 1173/1733/3252 1179/1736/3253
f 1188/1747/3254 1179/1736/3255 1189/1748/3256
f 1190/1749/3257 1189/1748/3258 1179/1736/3259
f 1179/1736/3260 1191/1750/3261 1190/1749/3262
f 1190/1749/3263 1191/1750/3264 1192/1751/3265
f 1188/1747/3266 1193/1752/3267 1186/1742/3268
f 1186/1742/3269 1193/1752/3270 1168/1746/3271
f 1193/1752/3272 1188/1747/3273 1160/1753/3274
f 1194/1754/3275 1160/1753/3276 1188/1747/3277
f 1142/1704/3278 1160/1753/3279 1194/1754/3280
f 1199/1755/3281 1197/1756/3282 1198/1757/3283
f 1200/1758/3284 1199/1755/3285 1198/1757/3286
f 1201/1759/3287 1198/1757/3288 1196/1760/3289
f 1198/1757/3290 1201/1759/3291 1200/1758/3292
f 1201/1759/3293 1204/1761/3294 1200/1758/3295
f 1205/1762/3296 1201/1759/3297 1202/1763/3298
f 1201/1759/3299 1205/1762/3300 1204/1761/3301
f 1202/1763/3302 1203/1764/3303 1205/1762/3304
f 1203/1764/3305 1206/1765/3306 1205/1762/3307
f 1203/1764/3308 1207/1766/3309 1206/1765/3310
f 1207/1766/3311 1203/1764/3312 1208/1767/2679
f 1211/1768/3313 1212/1769/3314 1213/1770/3315
f 1209/1771/3316 1215/1772/3317 1210/1773/3318
f 1210/1773/3319 1215/1772/3320 1214/1774/3321
f 1215/1772/3322 1209/1771/3323 1216/1775/3324
f 1218/1776/3325 1216/1775/3326 1217/1777/3327
f 1216/1775/3328 1218/1776/3329 1215/1772/3330
f 1088/1650/3331 1219/1778/3332 1028/1590/3333
f 1220/1779/3334 1028/1590/3335 1219/1778/3336
f 1221/1780/3337 1222/1781/3338 1220/1779/3339
f 1220/1779/3340 1021/1582/3341 1028/1590/3342
f 1222/1781/3343 1021/1582/3344 1220/1779/3345
f 1226/1782/3346 1223/1783/3347 1224/1784/3348
f 1226/1782/3349 1224/1784/3350 1225/1785/1704
f 1223/1783/3351 1226/1782/3352 1227/1786/3353
f 1019/1583/3354 1021/1582/3355 1222/1781/3356
f 1228/1787/3357 1227/1786/3358 1226/1782/3359
f 1230/1788/3360 1228/1787/3361 1226/1782/3362
f 1231/1789/2424 1230/1788/3363 1226/1782/3364
f 1232/1790/3365 1231/1789/2424 1229/1791/3366
f 1234/1792/3367 1233/1793/3368 1231/1789/3369
f 1236/1794/3370 1234/1792/3371 1235/1795/2692
f 1234/1792/3372 1237/1796/3373 1233/1793/3374
f 1230/1788/3375 1233/1793/3376 1237/1796/3377
f 1237/1796/3378 1234/1792/3379 1236/1794/3380
f 1241/1797/3381 1243/1798/3382 1239/1799/3383
f 1242/1800/3384 1239/1799/3385 1243/1798/3386
f 1244/1801/3387 1241/1797/3388 1238/1802/3389
f 1244/1801/3390 1238/1802/3391 1240/1803/3392
f 1244/1801/3393 1243/1798/3394 1241/1797/3395
f 1245/1804/3396 1242/1800/3397 1243/1798/3398
f 1243/1798/3399 1244/1801/3400 1246/1805/3401
f 1243/1798/3402 1197/1756/3403 1245/1804/3404
f 1197/1756/3405 1243/1798/3406 1246/1805/3407
f 1197/1756/3408 1199/1755/3409 1245/1804/3410
f 1247/1806/3411 1246/1805/3412 1244/1801/3413
f 1247/1806/3414 1244/1801/3415 1240/1803/3416
f 1246/1805/3417 1247/1806/3418 1248/1807/3419
f 1248/1807/3420 1197/1756/3421 1246/1805/3422
f 1240/1803/3423 1249/1808/3424 1247/1806/3425
f 1248/1807/3426 1247/1806/3427 1250/1809/3428
f 1247/1806/3429 1249/1808/3430 1250/1809/3431
f 1248/1807/3432 1250/1809/3433 1251/1810/3434
f 1195/1811/3435 1248/1807/3436 1251/1810/3437
f 1249/1808/3438 1253/1812/3439 1250/1809/3440
f 1253/1812/3441 1249/1808/3442 1252/1813/3443
f 1253/1812/3444 1254/1814/3445 1250/1809/3446
f 1254/1814/3447 1251/1810/3448 1250/1809/3449
f 1253/1812/3450 1140/1702/3451 1254/1814/3452
f 1190/1749/3453 1195/1811/3454 1251/1810/3455
f 1252/1813/3456 1255/1815/3457 1253/1812/3458
f 1140/1702/3459 1253/1812/3460 1255/1815/3461
f 1251/1810/3462 1254/1814/3463 1194/1754/3464
f 1140/1702/3465 1142/1704/3466 1254/1814/3467
f 1254/1814/3468 1142/1704/3469 1194/1754/3470
f 1251/1810/3471 1194/1754/3472 1189/1748/3473
f 1190/1749/3474 1251/1810/3475 1189/1748/3476
f 1189/1748/3477 1194/1754/3478 1188/1747/3479
f 1257/1816/3480 1258/1817/3481 1256/1818/3482
f 1257/1816/3483 1260/1819/3484 1258/1817/3485
f 1260/1819/3486 1257/1816/3487 1259/1820/3488
f 1260/1819/3489 1261/1821/3490 1258/1817/3491
f 1140/1702/3492 1258/1817/3493 1261/1821/3494
f 1260/1819/3495 1259/1820/3496 1262/1822/3497
f 1263/1823/3498 1261/1821/3499 1260/1819/3500
f 1261/1821/3501 1264/1824/3502 1140/1702/3503
f 1264/1824/3504 1141/1703/3505 1140/1702/3506
f 1153/1715/3507 1265/1825/3508 1152/1714/3509
f 1151/1713/3510 1152/1714/3511 1266/1826/3512
f 1266/1826/3513 1152/1714/3514 1265/1825/3515
f 1267/1827/3516 1212/1769/3517 1268/1828/3518
f 1212/1769/3519 1267/1827/3520 1269/1829/3521
f 1269/1829/3522 1213/1770/3523 1212/1769/3524
f 1145/1707/3525 1270/1830/3526 1191/1750/3527
f 1191/1750/3528 1270/1830/3529 1192/1751/3530
f 1271/1831/3531 1145/1707/3532 1191/1750/3533
f 1144/1705/3534 1145/1707/3535 1271/1831/3536
f 1191/1750/3537 1176/1735/3538 1271/1831/3539
f 1272/1832/3540 1144/1705/3541 1271/1831/3542
f 1176/1735/3543 1272/1832/3544 1271/1831/3545
f 1179/1736/3546 1176/1735/3547 1191/1750/3548
f 1273/1833/3549 1144/1705/3550 1272/1832/3551
f 1272/1832/3552 1274/1834/3553 1273/1833/3554
f 1176/1735/3555 1175/1734/3556 1272/1832/3557
f 1272/1832/3558 1275/1835/3559 1274/1834/3560
f 1277/1836/3561 1274/1834/3562 1275/1835/3563
f 1278/1837/3564 1276/1838/3565 1277/1836/3566
f 1275/1835/3567 1279/1839/3568 1277/1836/3569
f 1277/1836/3570 1280/1840/3571 1278/1837/3572
f 1277/1836/3573 1279/1839/3574 1280/1840/3575
f 1280/1840/3576 1279/1839/3577 1282/1841/3578
f 1283/1842/3579 1177/1843/3580 1281/1844/3581
f 1177/1843/3582 1283/1842/3583 1174/1845/3584
f 1284/1846/3585 1285/1847/3586 1286/1848/3587
f 1287/1849/3588 1286/1848/3589 1285/1847/3590
f 1289/1850/3591 1286/1848/3592 1287/1849/3593
f 1286/1848/3594 1290/1851/3595 1288/1852/3596
f 1291/1853/3597 1294/1854/3598 1292/1855/3599
f 1291/1853/3600 1293/1856/3601 1294/1854/3602
f 1297/1857/3603 1295/1858/3604 1298/1859/3605
f 1296/1860/3606 1299/1861/3607 1298/1859/3608
f 1298/1859/3609 1299/1861/3610 1300/1862/3611
f 1301/1863/3612 1298/1859/3613 1300/1862/3614
f 1302/1864/3615 1298/1859/3616 1301/1863/3617
f 1304/1865/3618 1306/1866/3619 1303/1867/3620
f 1305/1868/3621 1306/1866/3622 1304/1865/3623
f 1306/1866/3624 1305/1868/3625 1307/1869/3626
f 1306/1866/3627 1307/1869/3628 1308/1870/3629
f 1306/1866/3630 1308/1870/3631 1309/1871/3632
f 1310/1872/3633 1314/1873/3634 1313/1874/3635
f 1314/1873/3636 1310/1872/3637 1311/1875/3638
f 1313/1874/3639 1316/1876/3640 1315/1877/3641
f 1316/1876/3642 1313/1874/3643 1314/1873/3644
f 1321/1878/3645 1320/1879/3646 1322/1880/3647
f 1321/1878/3648 1322/1880/3649 1324/1881/3650
f 1325/1882/3651 1321/1878/3652 1324/1881/3653
f 1323/1883/3654 1321/1878/3655 1325/1882/3656
f 1326/1884/3657 1327/1885/3049 1328/1886/3658
f 1325/1882/3659 1326/1884/3660 1328/1886/3661
f 1325/1882/3662 1328/1886/3663 1330/1887/3664
f 1323/1883/3665 1325/1882/3666 1330/1887/3667
f 1330/1887/3668 1328/1886/3669 1331/1888/3670
f 1328/1886/3671 1329/1889/3672 1331/1888/3673
f 1332/1890/3674 1323/1883/3675 1330/1887/3676
f 1332/1890/3677 1330/1887/3678 1331/1888/3679
f 1337/1891/3680 1334/1892/3681 1336/1893/3060
f 1334/1892/3682 1337/1891/3683 1335/1894/3684
f 1337/1891/3685 1338/1895/3686 1335/1894/3687
f 1339/1896/3688 1335/1894/3689 1338/1895/3690
f 1333/1897/3691 1335/1894/3692 1339/1896/3693
f 1339/1896/3694 1338/1895/3695 1340/1898/3696
f 1339/1896/3697 1340/1898/3698 1341/1899/3699
f 1341/1899/3700 1333/1897/3701 1339/1896/3702
f 1333/1897/3703 1341/1899/3704 1342/1900/3705
f 1333/1897/3706 1342/1900/3707 1312/1901/3708
f 1312/1901/3709 1342/1900/3710 1344/1902/3711
f 1344/1902/3712 1342/1900/3713 1343/1903/3714
f 1311/1875/3715 1312/1901/3716 1344/1902/3717
f 1344/1902/3718 1343/1903/3719 1345/1904/3720
f 1311/1875/3721 1344/1902/3722 1346/1905/3723
f 1346/1905/3724 1344/1902/3725 1345/1904/3726
f 1311/1875/3727 1346/1905/3728 1347/1906/3729
f 1311/1875/3730 1347/1906/3731 1314/1873/3732
f 1346/1905/3733 1345/1904/3734 1348/1907/3735
f 1347/1906/3736 1346/1905/3737 1349/1908/3738
f 1349/1908/3739 1314/1873/3740 1347/1906/3741
f 1346/1905/3742 1348/1907/3743 1350/1909/3744
f 1349/1908/3745 1346/1905/3746 1351/1910/3747
f 1314/1873/3748 1349/1908/3749 1352/1911/3750
f 1349/1908/3751 1351/1910/3752 1352/1911/3753
f 1314/1873/3754 1352/1911/3755 1316/1876/3756
f 1354/1912/3757 1356/1913/3758 1357/1914/3759
f 1358/1915/3760 1360/1916/3761 1359/1917/3762
f 1362/1918/3763 1363/1919/3764 1364/1920/3765
f 1364/1920/3766 1361/1921/3767 1362/1918/3768
f 1364/1920/3769 1363/1919/3770 1365/1922/3771
f 1366/1923/3772 1367/1924/3773 1368/1925/3774
f 1356/1913/3775 1366/1923/3776 1368/1925/3777
f 1357/1914/3778 1356/1913/3779 1368/1925/3780
f 1359/1917/3781 1366/1923/3782 1356/1913/3783
f 1357/1914/3784 1368/1925/3785 1369/1926/3786
f 1367/1924/3787 1369/1926/3788 1368/1925/3789
f 1357/1914/3790 1369/1926/3791 1353/1927/3792
f 1369/1926/3793 1367/1924/3794 1370/1928/3795
f 1376/1929/3796 1372/1930/3797 1371/1931/3798
f 1376/1929/3799 1377/1932/3800 1372/1930/3801
f 1359/1917/3802 1377/1932/3803 1376/1929/3804
f 1359/1917/3805 1376/1929/3806 1378/1933/3807
f 1378/1933/3808 1376/1929/3809 1375/1934/3810
f 1366/1923/3811 1359/1917/3812 1378/1933/3813
f 1379/1935/3814 1375/1934/3815 1374/1936/3816
f 1378/1933/3817 1375/1934/3818 1379/1935/3819
f 1379/1935/3820 1374/1936/3821 1373/1937/3822
f 1378/1933/3823 1380/1938/3824 1366/1923/3825
f 1379/1935/3826 1380/1938/3827 1378/1933/3828
f 1380/1938/3829 1379/1935/3830 1373/1937/3831
f 1366/1923/3832 1380/1938/3833 1367/1924/3834
f 1383/1939/3835 1382/1940/3836 1385/1941/3837
f 1360/1916/3838 1383/1939/3839 1385/1941/3840
f 1384/1942/3841 1386/1943/3842 1382/1940/3843
f 1385/1941/3844 1382/1940/3845 1386/1943/3846
f 1386/1943/3847 1384/1942/3848 1387/1944/3849
f 1386/1943/3850 1387/1944/3851 1388/1945/3852
f 1388/1945/3853 1389/1946/3854 1386/1943/3855
f 1385/1941/3856 1386/1943/3857 1389/1946/3858
f 1385/1941/3859 1389/1946/3860 1391/1947/3861
f 1360/1916/3862 1385/1941/3863 1391/1947/3864
f 1391/1947/3865 1390/1948/3866 1392/1949/3867
f 1377/1932/3868 1360/1916/3869 1391/1947/3870
f 1391/1947/3871 1392/1949/3872 1377/1932/3873
f 1359/1917/3874 1360/1916/3875 1377/1932/3876
f 1372/1930/3877 1377/1932/3878 1392/1949/3879
f 1393/1950/3880 1394/1951/3881 1395/1952/3882
f 1395/1952/3883 1396/1953/3884 1393/1950/3885
f 1397/1954/3886 1395/1952/3887 1394/1951/3888
f 1397/1954/3889 1396/1953/3890 1395/1952/3891
f 1396/1953/3892 1398/1955/3893 1393/1950/3894
f 1396/1953/3895 1399/1956/3896 1398/1955/3897
f 1399/1956/3898 1400/1957/3899 1398/1955/3900
f 1399/1956/3901 1401/1958/3902 1400/1957/3903
f 1399/1956/3904 1396/1953/3905 1403/1959/3906
f 1402/1960/3907 1399/1956/3908 1403/1959/3909
f 1404/1961/3910 1403/1959/3911 1396/1953/3912
f 1396/1953/3913 1397/1954/3914 1404/1961/3915
f 1404/1961/3916 1397/1954/3917 1405/1962/3918
f 1406/1963/3919 1405/1962/3920 1397/1954/3921
f 1406/1963/3922 1407/1964/3923 1405/1962/3924
f 1406/1963/3925 1397/1954/3926 1408/1965/3927
f 1397/1954/3928 1394/1951/3929 1408/1965/3930
f 1408/1965/3931 1394/1951/3932 1409/1966/3933
f 1406/1963/3934 1410/1967/3935 1407/1964/3936
f 1411/1968/3937 1406/1963/3938 1408/1965/3939
f 1411/1968/3940 1410/1967/3941 1406/1963/3942
f 1413/1969/3943 1284/1846/3944 1412/1970/3945
f 1414/1971/3946 1284/1846/3947 1413/1969/3948
f 1415/1972/3949 1285/1847/3950 1414/1971/3951
f 1416/1973/3952 1285/1847/3953 1415/1972/3954
f 1284/1846/3955 1414/1971/3956 1285/1847/3957
f 1285/1847/3958 1416/1973/3959 1287/1849/3960
f 1417/1974/3961 1398/1955/3962 1400/1957/3963
f 1420/1975/3964 1421/1976/3965 1418/1977/3966
f 1422/1978/3967 1421/1976/3968 1420/1975/3969
f 1422/1978/3970 1420/1975/3971 1355/1979/3972
f 1422/1978/3973 1423/1980/3974 1421/1976/3975
f 1423/1980/3976 1424/1981/3977 1419/1982/3978
f 1354/1912/3979 1423/1980/3980 1422/1978/3981
f 1354/1912/3982 1422/1978/3983 1355/1979/3984
f 1423/1980/3985 1357/1914/3986 1424/1981/3987
f 1354/1912/3988 1357/1914/3989 1423/1980/3990
f 1424/1981/3991 1357/1914/3992 1353/1927/3993
f 1364/1920/3994 1365/1922/3995 1425/1983/3996
f 1364/1920/3997 1425/1983/3998 1426/1984/3999
f 1364/1920/4000 1426/1984/4001 1409/1966/4002
f 1427/1985/4003 1364/1920/4004 1409/1966/4005
f 1361/1921/4006 1364/1920/4007 1427/1985/4008
f 1427/1985/4009 1409/1966/4010 1394/1951/4011
f 1428/1986/4012 1429/1987/4013 1431/1988/4014
f 1430/1989/4015 1428/1986/4016 1432/1990/4017
f 1432/1990/4018 1428/1986/4019 1431/1988/4020
f 1432/1990/4021 1431/1988/4022 1433/1991/4023
f 1430/1989/4024 1432/1990/4025 1383/1939/4026
f 1383/1939/4027 1432/1990/4028 1433/1991/4029
f 1360/1916/4030 1430/1989/4031 1383/1939/4032
f 1383/1939/4033 1434/1992/3581 1381/1993/4034
usemtl Meshpart6Mtl.001
f 1785/1994/4035 1783/1995/4036 1784/1996/4037
f 1783/1995/4038 1785/1994/4039 1786/1997/4040
f 1788/1998/4041 1789/1999/4042 1787/2000/4043
f 1789/1999/4044 1788/1998/4045 1790/2001/4046
f 1791/2002/4047 1789/1999/4048 1790/2001/4049
f 1791/2002/4050 1792/2003/4051 1789/1999/4052
f 1795/2004/4053 1794/2005/4054 1793/2006/4055
f 1794/2005/4056 1795/2004/4057 1796/2007/4057
f 1796/2007/4058 1795/2004/4059 1797/2008/4060
f 1798/2009/4061 1797/2008/4062 1795/2004/4063
f 1799/2010/4064 1801/2011/4065 1800/2012/4066
f 1801/2011/4067 1799/2010/4068 1802/2013/4069
f 1803/2014/4070 1804/2015/4071 1805/2016/4072
f 1806/2017/4073 1805/2016/4074 1804/2015/4075
f 1805/2016/4076 1806/2017/4077 1807/2018/4078
f 1804/2015/4079 1803/2014/4080 1808/2019/4081
f 1811/2020/4082 1809/2021/4083 1810/2022/4084
f 1810/2022/4085 1812/2023/4086 1811/2020/4087
f 1813/2024/4088 1814/2025/4089 1815/2026/4090
f 1815/2026/4091 1814/2025/4092 1816/2027/4093
f 1815/2026/4094 1816/2027/4095 1817/2028/4096
f 1817/2028/4096 1816/2027/4095 1818/2029/4097
f 1819/2030/4098 1817/2028/4099 1818/2029/4100
f 1817/2028/4101 1819/2030/4102 1820/2031/4103
f 1821/2032/4104 1822/2033/4105 1823/2034/4106
f 1822/2033/4105 1821/2032/4107 1824/2035/4108
f 1825/2036/4109 1823/2034/4110 1822/2033/4111
f 1823/2034/4112 1825/2036/4113 1826/2037/4114
f 1826/2037/4115 1825/2036/4116 1827/2038/4117
f 1827/2038/4118 1825/2036/4119 1828/2039/4120
f 1831/2040/4121 1829/2041/4122 1830/2042/4123
f 1829/2041/4124 1831/2040/4125 1832/2043/4126
f 1835/2044/4127 1833/2045/4128 1834/2046/4129
f 1835/2044/4130 1836/2047/4131 1833/2045/4132
f 1835/2044/4133 1837/2048/4134 1836/2047/4135
f 1837/2048/4136 1835/2044/4137 1838/2049/4138
f 1841/2050/4139 1839/2051/4140 1840/2052/4141
f 1842/2053/4142 1843/2054/4143 1841/2050/4144
f 1842/2053/4145 1844/2055/4146 1843/2054/4147
f 1845/2056/4148 1843/2054/4149 1844/2055/4150
f 1844/2055/4151 1846/2057/4152 1845/2056/4153
f 1847/2058/4154 1848/2059/4155 1849/2060/4156
f 1848/2059/4157 1847/2058/4158 1850/2061/4159
f 1848/2059/4155 1851/2062/4160 1849/2060/4156
f 1851/2062/4161 1848/2059/4162 1852/2063/4163
f 1852/2063/4164 1853/2064/4165 1851/2062/4166
f 1853/2064/4167 1852/2063/4168 1854/2065/4169
f 1854/2065/4170 1855/2066/4171 1853/2064/4172
f 1854/2065/4173 1856/2067/4174 1855/2066/4175
f 1858/2068/4176 1857/2069/4177 1859/2070/4178
f 1860/2071/4179 1859/2070/4180 1857/2069/4181
f 1861/2072/4182 1859/2070/4183 1860/2071/4184
f 1859/2070/4185 1861/2072/4186 1862/2073/4187
f 1863/2074/4188 1865/2075/4189 1864/2076/4190
f 1865/2075/4191 1863/2074/4192 1866/2077/4193
f 1867/2078/4194 1868/2079/4195 1869/2080/4196
f 1869/2080/4197 1870/2081/4198 1867/2078/4199
f 1871/2082/4200 1869/2080/4196 1868/2079/4195
f 1869/2080/4201 1871/2082/4202 1872/2083/4203
f 1873/2084/4204 1872/2083/4205 1871/2082/4206
f 1872/2083/4207 1873/2084/4208 1874/2085/4209
f 1875/2086/4210 1874/2085/4211 1873/2084/4212
f 1874/2085/4213 1875/2086/4214 1876/2087/4215
f 1877/2088/4216 1879/2089/4217 1878/2090/4218
f 1881/2091/4219 1879/2089/4220 1880/2092/4221
f 1879/2089/4222 1881/2091/4223 1882/2093/4224
f 1883/2094/4225 1882/2093/4226 1881/2091/4227
f 1882/2093/4228 1883/2094/4229 1884/2095/4230
f 1885/2096/4231 1886/2097/4232 1887/2098/4233
f 1885/2096/4231 1888/2099/4234 1886/2097/4232
f 1887/2098/4233 1889/2100/4235 1885/2096/4231
f 1890/2101/4236 1886/2097/4237 1888/2099/4238
f 1887/2098/4233 1891/2102/4239 1889/2100/4235
f 1886/2097/4240 1890/2101/4241 1892/2103/4242
f 1893/2104/4243 1889/2100/4235 1891/2102/4239
f 1890/2101/4244 1894/2105/4245 1892/2103/4246
f 1889/2100/4235 1893/2104/4243 1895/2106/4247
f 1890/2101/4248 1896/2107/4249 1894/2105/4250
f 1897/2108/4251 1895/2106/4247 1893/2104/4243
f 1896/2107/4252 1898/2109/4253 1894/2105/4254
f 1895/2106/4255 1897/2108/4256 1899/2110/4257
f 1896/2107/4258 1900/2111/4259 1898/2109/4260
f 1901/2112/4261 1899/2110/4262 1897/2108/4263
f 1902/2113/4264 1898/2109/4265 1900/2111/4266
f 1899/2110/4267 1901/2112/4268 1903/2114/4269
f 1898/2109/4270 1902/2113/4271 1904/2115/4272
f 1905/2116/4273 1903/2114/4274 1901/2112/4275
f 1905/2116/4276 1904/2115/4277 1902/2113/4278
f 1901/2112/4279 1906/2117/4280 1905/2116/4281
f 1904/2115/4282 1905/2116/4283 1906/2117/4284
f 1907/2118/4285 1908/2119/4286 1909/2120/4287
f 1910/2121/4288 1909/2120/4289 1908/2119/4290
f 1909/2120/4287 1911/2122/4291 1907/2118/4285
f 1909/2120/4292 1910/2121/4293 1912/2123/4294
f 1913/2124/4295 1907/2118/4285 1911/2122/4291
f 1910/2121/4296 1914/2125/4297 1912/2123/4298
f 1913/2124/4295 1911/2122/4291 1915/2126/4299
f 1914/2125/4300 1910/2121/4301 1916/2127/4302
f 1917/2128/4303 1913/2124/4295 1915/2126/4299
f 1918/2129/4304 1914/2125/4305 1916/2127/4306
f 1913/2124/4295 1917/2128/4303 1919/2130/4307
f 1918/2129/4308 1916/2127/4309 1920/2131/4310
f 1921/2132/4311 1919/2130/4307 1917/2128/4303
f 1922/2133/4312 1918/2129/4313 1920/2131/4314
f 1919/2130/4315 1921/2132/4316 1923/2134/4317
f 1918/2129/4318 1922/2133/4319 1924/2135/4320
f 1925/2136/4321 1923/2134/4322 1921/2132/4323
f 1926/2137/4324 1924/2135/4325 1922/2133/4326
f 1923/2134/4327 1925/2136/4328 1927/2138/4329
f 1926/2137/4330 1927/2138/4331 1925/2136/4332
f 1924/2135/4333 1926/2137/4334 1928/2139/4335
f 1926/2137/4336 1925/2136/4337 1928/2139/4338
f 1929/2140/4339 1930/2141/4340 1931/2142/4341
f 1932/2143/4342 1931/2142/4343 1930/2141/4344
f 1930/2141/4345 1929/2140/4346 1933/2144/4347
f 1932/2143/4348 1930/2141/4349 1934/2145/4350
f 1935/2146/4351 1933/2144/4347 1929/2140/4346
f 1936/2147/4352 1932/2143/4353 1934/2145/4354
f 1933/2144/4347 1935/2146/4351 1937/2148/4355
f 1932/2143/4356 1936/2147/4357 1938/2149/4358
f 1935/2146/4351 1939/2150/4359 1937/2148/4355
f 1940/2151/4360 1938/2149/4361 1936/2147/4362
f 1935/2146/4351 1941/2152/4363 1939/2150/4359
f 1938/2149/4364 1940/2151/4365 1942/2153/4366
f 1943/2154/4367 1939/2150/4359 1941/2152/4363
f 1944/2155/4368 1942/2153/4369 1940/2151/4370
f 1941/2152/4371 1945/2156/4372 1943/2154/4373
f 1944/2155/4374 1940/2151/4375 1946/2157/4376
f 1947/2158/4377 1943/2154/4378 1945/2156/4379
f 1946/2157/4380 1948/2159/4381 1944/2155/4382
f 1947/2158/4383 1945/2156/4384 1949/2160/4385
f 1948/2159/4386 1947/2158/4387 1949/2160/4388
f 1948/2159/4389 1946/2157/4390 1950/2161/4391
f 1947/2158/4392 1948/2159/4393 1950/2161/4394
f 1951/2162/4395 1952/2163/4396 1953/2164/4397
f 1952/2163/4398 1951/2162/4399 1954/2165/4400
f 1955/2166/4401 1953/2164/4397 1952/2163/4396
f 1951/2162/4402 1956/2167/4403 1954/2165/4404
f 1953/2164/4397 1955/2166/4401 1957/2168/4405
f 1956/2167/4406 1951/2162/4407 1958/2169/4408
f 1959/2170/4409 1957/2168/4405 1955/2166/4401
f 1960/2171/4410 1956/2167/4411 1958/2169/4412
f 1959/2170/4409 1955/2166/4401 1961/2172/4413
f 1956/2167/4414 1960/2171/4415 1962/2173/4416
f 1961/2172/4413 1963/2174/4417 1959/2170/4409
f 1964/2175/4418 1962/2173/4419 1960/2171/4420
f 1963/2174/4421 1961/2172/4422 1965/2176/4423
f 1962/2173/4424 1964/2175/4425 1966/2177/4426
f 1965/2176/4427 1967/2178/4428 1963/2174/4429
f 1968/2179/4430 1966/2177/4431 1964/2175/4432
f 1965/2176/4433 1969/2180/4434 1967/2178/4435
f 1968/2179/4436 1964/2175/4437 1970/2181/4438
f 1971/2182/4439 1967/2178/4440 1969/2180/4441
f 1971/2182/4442 1968/2179/4443 1970/2181/4444
f 1967/2178/4445 1971/2182/4446 1972/2183/4447
f 1970/2181/4448 1972/2183/4449 1971/2182/4450
f 1973/2184/4451 1974/2185/4452 1975/2186/4453
f 1976/2187/4454 1975/2186/4455 1974/2185/4456
f 1974/2185/4457 1973/2184/4458 1977/2188/4459
f 1975/2186/4460 1976/2187/4461 1978/2189/4462
f 1978/2189/4463 1976/2187/4464 1979/2190/4465
f 1982/2191/4466 1981/2192/4467 1980/2193/4108
f 1981/2192/4468 1982/2191/4469 1983/2194/4470
f 1984/2195/4471 1983/2194/4470 1982/2191/4469
f 1984/2195/4472 1985/2196/4473 1983/2194/4474
f 1986/2197/4475 1985/2196/4476 1984/2195/4477
f 1989/2198/4478 1987/2199/4479 1988/2200/4480
f 1989/2198/4481 1988/2200/4482 1990/2201/4141
f 1991/2202/4483 1990/2201/4484 1992/2203/4485
f 1995/2204/4486 1993/2205/4487 1994/2206/4488
f 1994/2206/4489 1996/2207/4490 1995/2204/4491
f 1999/2208/4492 1998/2209/4493 1997/2210/4494
f 1998/2209/4495 1999/2208/4496 2000/2211/4497
f 2003/2212/4498 2002/2213/4499 2001/2214/4500
f 2002/2213/4501 2003/2212/4502 2004/2215/4503
f 2005/2216/4504 2003/2212/4505 2006/2217/4506
f 2008/2218/4507 2010/2219/4508 2007/2220/4509
f 2010/2219/4510 2008/2218/4511 2012/2221/4512
f 2013/2222/4513 2011/2223/4514 2009/2224/4515
f 2012/2221/4516 2014/2225/4517 2010/2219/4518
f 2011/2223/4519 2013/2222/4520 2015/2226/4521
f 2014/2225/4522 2015/2226/4523 2013/2222/4524
f 2014/2225/4517 2012/2221/4516 2016/2227/4525
f 2015/2226/4526 2014/2225/4527 2016/2227/4528
f 2017/2228/4529 2018/2229/4530 2019/2230/4531
f 2018/2229/4532 2017/2228/4533 2020/2231/4534
f 2021/2232/4535 2019/2230/4531 2018/2229/4530
f 2017/2228/4536 2022/2233/4537 2020/2231/4538
f 2019/2230/4531 2021/2232/4535 2023/2234/4539
f 2022/2233/4540 2017/2228/4541 2024/2235/4542
f 2023/2234/4539 2021/2232/4535 2025/2236/4543
f 2025/2236/4544 2021/2232/4545 2026/2237/4546
f 2030/2238/4547 2027/2239/4548 2028/2240/4549
f 2027/2239/4550 2030/2238/4551 2032/2241/4552
f 2031/2242/4553 2033/2243/4554 2029/2244/4555
f 2034/2245/4556 2032/2241/4557 2030/2238/4558
f 2033/2243/4559 2031/2242/4560 2035/2246/4561
f 2035/2246/4562 2034/2245/4563 2033/2243/4564
f 2032/2241/4565 2034/2245/4566 2036/2247/4567
f 2034/2245/4568 2035/2246/4569 2036/2247/4570
f 2037/2248/4571 2038/2249/4572 2039/2250/4573
f 2040/2251/4574 2037/2248/4575 2039/2250/4576
f 2038/2249/4572 2037/2248/4571 2041/2252/4577
f 2037/2248/4578 2040/2251/4579 2042/2253/4580
f 2041/2252/4577 2043/2254/4581 2038/2249/4572
f 2043/2254/4581 2041/2252/4577 2044/2255/4582
f 2044/2255/4582 2045/2256/4583 2043/2254/4581
f 2043/2254/4584 2045/2256/4585 2046/2257/4586
f 2047/2258/4587 2048/2259/4588 2049/2260/4589
f 2048/2259/4590 2047/2258/4591 2050/2261/4592
f 2051/2262/4593 2047/2258/4594 2049/2260/4595
f 2050/2261/4596 2047/2258/4597 2052/2263/4598
f 2047/2258/4599 2051/2262/4600 2053/2264/4601
f 2052/2263/4602 2047/2258/4603 2054/2265/4604
f 2053/2264/4605 2055/2266/4606 2047/2258/4607
f 2047/2258/4608 2056/2267/4609 2054/2265/4610
f 2057/2268/4611 2047/2258/4612 2055/2266/4613
f 2047/2258/4614 2058/2269/4615 2056/2267/4616
f 2059/2270/4617 2047/2258/4618 2057/2268/4619
f 2047/2258/4620 2059/2270/4621 2058/2269/4622
f 2060/2271/4623 2061/2272/4624 2062/2273/4625
f 2061/2272/4626 2060/2271/4627 2063/2274/4628
f 2061/2272/4629 2064/2275/4630 2062/2273/4631
f 2064/2275/4632 2061/2272/4633 2065/2276/4634
f 2065/2276/4635 2066/2277/4636 2064/2275/4637
f 2067/2278/4638 2064/2275/4639 2066/2277/4640
f 2066/2277/4641 2065/2276/4642 2068/2279/4643
f 2069/2280/4644 2068/2279/4645 2065/2276/4646
f 2065/2276/4647 2070/2281/4648 2069/2280/4649
f 2071/2282/4650 2072/2283/4651 2073/2284/4652
f 2072/2283/4653 2071/2282/4654 2074/2285/4655
f 2075/2286/4656 2071/2282/4657 2073/2284/4658
f 2071/2282/4659 2075/2286/4660 2076/2287/4661
f 2075/2286/4662 2077/2288/4663 2078/2289/4664
f 2079/2290/4665 2075/2286/4666 2078/2289/4667
f 2075/2286/4668 2079/2290/4669 2076/2287/4670
f 2076/2287/4671 2079/2290/4672 2080/2291/4673
f 2081/2292/4674 2076/2287/4675 2080/2291/4676
f 2084/2293/4677 2082/2294/4678 2083/2295/4679
f 2083/2295/4680 2085/2296/4681 2084/2293/4682
f 2086/2297/4683 2084/2293/4684 2085/2296/4685
f 2085/2296/4685 2087/2298/4686 2086/2297/4683
f 2088/2299/4687 2089/2300/4687 2090/2301/4687
f 2091/2302/4688 2088/2299/4687 2092/2303/4689
f 2088/2299/4687 2091/2302/4688 2093/2304/4687
f 2089/2300/4687 2088/2299/4687 2094/2305/4690
f 2094/2305/4690 2088/2299/4687 2093/2304/4687
f 2094/2305/4690 2093/2304/4687 2095/2306/4691
f 2094/2305/4690 2096/2307/4687 2089/2300/4687
f 2096/2307/4687 2094/2305/4690 2097/2308/4692
f 2098/2309/4693 2099/2310/4694 2100/2311/4695
f 2099/2310/4696 2098/2309/4697 2101/2312/4698
f 2099/2310/4699 2102/2313/4700 2100/2311/4701
f 2102/2313/4702 2099/2310/4703 2103/2314/4704
f 2103/2314/4705 2104/2315/4706 2105/2316/4707
f 2105/2316/4708 2106/2317/4709 2103/2314/4710
f 2102/2313/4711 2103/2314/4712 2106/2317/4713
f 2102/2313/4714 2106/2317/4715 2107/2318/4716
f 2108/2319/4717 2102/2313/4718 2107/2318/4719
f 2109/2320/4720 2110/2321/4721 2111/2322/4722
f 2110/2321/4723 2109/2320/4724 2112/2323/4725
f 2113/2324/4726 2109/2320/4727 2111/2322/4728
f 2109/2320/4729 2113/2324/4730 2114/2325/4731
f 2113/2324/4732 2115/2298/4733 2116/2296/4734
f 2117/2295/4735 2113/2324/4736 2116/2296/4737
f 2114/2325/4738 2113/2324/4739 2117/2295/4740
f 2114/2325/4741 2117/2295/4742 2118/2326/4743
f 2119/2327/4744 2114/2325/4745 2118/2326/4746
f 2120/2328/4747 2121/2329/4748 2122/2330/4749
f 2121/2329/4750 2120/2328/4751 2123/2331/4752
f 2124/2332/4753 2122/2330/4749 2121/2329/4748
f 2120/2328/4754 2125/2333/4755 2123/2331/4756
f 2122/2330/4757 2124/2332/4758 2126/2334/4759
f 2125/2333/4760 2120/2328/4761 2127/2335/4762
f 2126/2334/4763 2124/2332/4764 2128/2336/4765
f 2128/2336/4766 2124/2332/4767 2129/2337/4768
f 2131/2338/4769 2133/2339/4770 2130/2340/4771
f 2133/2339/4772 2131/2338/4773 2135/2341/4774
f 2136/2342/4775 2134/2343/4776 2132/2344/4777
f 2135/2341/4778 2137/2345/4779 2133/2339/4780
f 2134/2343/4781 2136/2342/4782 2138/2346/4783
f 2137/2345/4779 2135/2341/4778 2139/2347/4784
f 2136/2342/4785 2139/2347/4786 2138/2346/4787
f 2139/2347/4788 2136/2342/4789 2137/2345/4790
f 2140/2348/4791 2141/2349/4792 2142/2350/4793
f 2143/2351/4794 2140/2348/4795 2142/2350/4796
f 2141/2349/4792 2140/2348/4791 2144/2352/4797
f 2140/2348/4798 2143/2351/4799 2145/2353/4800
f 2144/2352/4797 2146/2354/4801 2141/2349/4792
f 2146/2354/4801 2144/2352/4797 2147/2355/4802
f 2146/2354/4803 2147/2355/4804 2148/2356/4805
f 2146/2354/4806 2148/2356/4807 2149/2357/4808
f 2153/2358/4809 2150/2359/4810 2151/2360/4811
f 2150/2359/4812 2153/2358/4813 2155/2361/4814
f 2154/2362/4815 2156/2363/4816 2152/2364/4817
f 2157/2365/4818 2155/2361/4819 2153/2358/4820
f 2156/2363/4821 2154/2362/4822 2158/2366/4823
f 2155/2361/4824 2157/2365/4825 2159/2367/4826
f 2156/2363/4827 2159/2367/4828 2157/2365/4829
f 2159/2367/4830 2156/2363/4831 2158/2366/4832
f 2160/2368/4833 2161/2369/4834 2162/2370/4835
f 2160/2368/4836 2162/2370/4837 2163/2371/4838
f 2162/2370/4839 2164/2372/4840 2163/2371/4841
f 2164/2372/4842 2162/2370/4843 2165/2373/4844
f 2168/2374/4845 2166/2375/4846 2167/2376/4847
f 2166/2375/4848 2168/2374/4849 2169/2377/4850
f 2170/2378/4851 2172/2379/4852 2171/2380/4853
f 2172/2379/4854 2170/2378/4855 2173/2381/4856
f 2174/2382/4857 2176/2383/4858 2175/2384/4859
f 2176/2383/4860 2174/2382/4861 2177/2385/4862
f 2178/2386/4863 2176/2383/4864 2177/2385/4865
f 2176/2383/4866 2178/2386/4867 2179/2387/4868
f 2180/2388/4869 2181/2389/4870 2182/2390/4871
f 2181/2389/4872 2180/2388/4873 2183/2391/4874
f 2184/2392/4875 2183/2391/4876 2180/2388/4877
f 2183/2391/4878 2184/2392/4879 2185/2393/4880
f 2186/2394/4881 2187/2395/4882 2188/2396/4883
f 2187/2395/4884 2189/2397/4885 2188/2396/4886
f 2187/2395/4884 2190/2398/4887 2189/2397/4885
f 2186/2394/4888 2188/2396/4889 2191/2399/4890
f 2194/2400/4891 2193/2401/4892 2192/2402/4893
f 2193/2401/4894 2194/2400/4895 2195/2403/4896
f 2194/2400/4897 2196/2404/4898 2195/2403/4899
f 2197/2405/4900 2196/2404/4898 2194/2400/4897
f 2197/2405/4901 2198/2406/4902 2196/2404/4903
f 2199/2407/4904 2198/2406/4905 2197/2405/4906
f 2201/2408/4907 2202/2409/4908 2200/2410/4909
f 2203/2411/4910 2202/2409/4911 2201/2408/4912
f 2205/2412/4913 2202/2409/4914 2203/2411/4915
f 2202/2409/4916 2205/2412/4917 2207/2413/4918
f 2207/2413/4919 2206/2414/4920 2204/2415/4921
f 2206/2414/4922 2207/2413/4923 2205/2412/4924
f 2209/2416/4925 2210/2417/4926 2208/2418/4927
f 2210/2417/4928 2209/2416/4929 2211/2419/4930
f 2210/2417/4931 2211/2419/4931 2212/2420/4932
f 2210/2417/4933 2212/2420/4934 2213/2421/4935
f 2216/2422/4936 2214/2423/4937 2215/2424/4938
f 2214/2423/4939 2216/2422/4940 2217/2425/4941
f 2218/2426/4942 2219/2427/4943 2220/2428/4944
f 2219/2427/4945 2218/2426/4946 2221/2429/4947
f 2222/2430/4948 2220/2428/4944 2219/2427/4943
f 2219/2427/4949 2223/2431/4950 2222/2430/4951
f 2224/2432/4952 2222/2430/4953 2223/2431/4954
f 2223/2431/4955 2225/2433/4956 2224/2432/4957
f 2227/2434/4958 2228/2435/4959 2226/2436/4960
f 2227/2434/4961 2229/2437/4962 2228/2435/4963
f 2229/2437/4964 2230/2438/4965 2228/2435/4966
f 2230/2438/4967 2229/2437/4968 2231/2439/4969
f 2232/2440/4970 2234/2441/4971 2233/2442/4972
f 2234/2441/4973 2232/2440/4974 2235/2443/4975
f 2238/2444/4976 2237/2445/4977 2236/2446/4978
f 2237/2445/4979 2238/2444/4980 2239/2447/4981
f 2238/2444/4982 2240/2448/4983 2239/2447/4984
f 2240/2448/4985 2238/2444/4986 2241/2449/4987
f 2244/2450/4988 2243/2451/4989 2242/2452/4990
f 2243/2451/4991 2244/2450/4992 2245/2453/4993
f 2246/2454/4994 2245/2453/4995 2244/2450/4996
f 2245/2453/4997 2246/2454/4998 2247/2455/4999
f 2248/2456/5000 2249/2457/5001 2250/2458/5002
f 2249/2457/5003 2248/2456/5004 2251/2459/5005
f 2252/2460/5006 2249/2457/5007 2251/2459/5008
f 2249/2457/5009 2252/2460/5010 2253/2461/5011
f 2254/2462/5012 2253/2461/5013 2252/2460/5014
f 2253/2461/5015 2254/2462/5016 2255/2463/5017
f 2258/2464/5018 2257/2465/5019 2256/2466/5020
f 2257/2465/5021 2258/2464/5022 2259/2467/5023
f 2260/2468/5024 2259/2467/5025 2258/2464/5026
f 2259/2467/5027 2260/2468/5028 2261/2469/5029
f 2263/2470/5030 2265/2471/5031 2262/2472/5032
f 2267/2473/5033 2265/2471/5034 2263/2470/5035
f 2268/2474/5036 2266/2475/5037 2264/2476/5038
f 2265/2471/5039 2267/2473/5040 2268/2474/5041
f 2266/2475/5042 2268/2474/5043 2267/2473/5044
f 2269/2477/5045 2270/2478/5046 2271/2479/5047
f 2272/2480/5048 2271/2479/5049 2270/2478/5050
f 2269/2477/5051 2271/2479/5052 2273/2481/5053
f 2271/2479/5054 2272/2480/5055 2274/2482/5056
f 2275/2483/5057 2269/2477/5058 2273/2481/5059
f 2276/2484/5060 2274/2482/5056 2272/2480/5055
f 2275/2483/5061 2273/2481/5062 2277/2485/5063
f 2274/2482/5056 2276/2484/5060 2278/2486/5064
f 2279/2487/5065 2275/2483/5066 2277/2485/5067
f 2276/2484/5060 2280/2488/5068 2278/2486/5064
f 2275/2483/5069 2279/2487/5070 2281/2489/5071
f 2276/2484/5060 2282/2490/5072 2280/2488/5068
f 2283/2491/5073 2281/2489/5074 2279/2487/5075
f 2282/2490/5072 2284/2492/5076 2280/2488/5068
f 2283/2491/5077 2279/2487/5078 2285/2493/5079
f 2282/2490/5072 2286/2494/5080 2284/2492/5076
f 2285/2493/5081 2287/2495/5082 2283/2491/5083
f 2288/2496/5084 2284/2492/5085 2286/2494/5086
f 2287/2495/5087 2285/2493/5088 2289/2497/5089
f 2288/2496/5090 2287/2495/5091 2289/2497/5092
f 2287/2495/5093 2288/2496/5094 2290/2498/5095
f 2288/2496/5096 2286/2494/5097 2290/2498/5098
f 2291/2499/5099 2292/2500/5100 2293/2501/5101
f 2291/2499/5102 2293/2501/5103 2294/2502/5104
f 2292/2500/5105 2295/2503/5106 2293/2501/5107
f 2296/2504/5108 2291/2499/5109 2294/2502/5110
f 2292/2500/5111 2297/2505/5112 2295/2503/5113
f 2291/2499/5114 2296/2504/5115 2298/2506/5116
f 2299/2507/5117 2295/2503/5118 2297/2505/5119
f 2300/2508/5120 2298/2506/5116 2296/2504/5115
f 2295/2503/5121 2299/2507/5122 2301/2509/5123
f 2298/2506/5116 2300/2508/5120 2302/2510/5124
f 2303/2511/5125 2301/2509/5126 2299/2507/5127
f 2304/2512/5128 2302/2510/5124 2300/2508/5120
f 2303/2511/5129 2299/2507/5130 2305/2513/5131
f 2304/2512/5128 2300/2508/5120 2306/2514/5132
f 2307/2515/5133 2303/2511/5134 2305/2513/5135
f 2306/2514/5132 2308/2516/5136 2304/2512/5128
f 2307/2515/5137 2305/2513/5138 2309/2517/5139
f 2308/2516/5136 2306/2514/5132 2310/2518/5140
f 2311/2519/5141 2307/2515/5142 2309/2517/5143
f 2310/2518/5144 2311/2519/5145 2308/2516/5146
f 2307/2515/5147 2311/2519/5148 2312/2520/5149
f 2310/2518/5150 2312/2520/5151 2311/2519/5152
f 2313/2521/5153 2314/2522/5154 2315/2523/5155
f 2314/2522/5156 2316/2524/5157 2315/2523/5158
f 2314/2522/5159 2313/2521/5160 2317/2525/5161
f 2316/2524/5157 2314/2522/5156 2318/2526/5162
f 2319/2527/5163 2317/2525/5164 2313/2521/5165
f 2318/2526/5162 2320/2528/5166 2316/2524/5157
f 2317/2525/5167 2319/2527/5168 2321/2529/5169
f 2318/2526/5162 2322/2530/5170 2320/2528/5166
f 2319/2527/5171 2323/2531/5172 2321/2529/5173
f 2324/2532/5174 2320/2528/5166 2322/2530/5170
f 2319/2527/5175 2325/2533/5176 2323/2531/5177
f 2320/2528/5166 2324/2532/5174 2326/2534/5178
f 2327/2535/5179 2323/2531/5180 2325/2533/5181
f 2328/2536/5182 2326/2534/5178 2324/2532/5174
f 2323/2531/5183 2327/2535/5184 2329/2537/5185
f 2326/2534/5186 2328/2536/5187 2330/2538/5188
f 2331/2539/5189 2329/2537/5190 2327/2535/5191
f 2332/2540/5192 2330/2538/5193 2328/2536/5194
f 2329/2537/5195 2331/2539/5196 2333/2541/5197
f 2332/2540/5198 2333/2541/5199 2331/2539/5200
f 2330/2538/5201 2332/2540/5202 2334/2542/5203
f 2331/2539/5204 2334/2542/5205 2332/2540/5206
f 2335/2543/5207 2336/2544/5208 2337/2545/5209
f 2336/2544/5210 2335/2543/5211 2338/2546/5212
f 2339/2547/5213 2337/2545/5214 2336/2544/5215
f 2340/2548/5216 2338/2546/5217 2335/2543/5218
f 2337/2545/5219 2339/2547/5220 2341/2549/5221
f 2335/2543/5218 2342/2550/5222 2340/2548/5216
f 2343/2551/5223 2341/2549/5224 2339/2547/5225
f 2344/2552/5226 2340/2548/5216 2342/2550/5222
f 2343/2551/5227 2339/2547/5228 2345/2553/5229
f 2344/2552/5226 2342/2550/5222 2346/2554/5230
f 2347/2555/5231 2343/2551/5232 2345/2553/5233
f 2348/2556/5234 2344/2552/5226 2346/2554/5230
f 2343/2551/5235 2347/2555/5236 2349/2557/5237
f 2344/2552/5226 2348/2556/5234 2350/2558/5238
f 2351/2559/5239 2349/2557/5240 2347/2555/5241
f 2352/2560/5242 2350/2558/5238 2348/2556/5234
f 2349/2557/5243 2351/2559/5244 2353/2561/5245
f 2350/2558/5246 2352/2560/5247 2354/2562/5248
f 2351/2559/5249 2355/2563/5250 2353/2561/5251
f 2355/2563/5252 2354/2562/5253 2352/2560/5254
f 2351/2559/5255 2356/2564/5256 2355/2563/5257
f 2354/2562/5258 2355/2563/5259 2356/2564/5260
f 2357/2565/5261 2358/2566/5262 2359/2567/5263
f 2359/2567/5264 2358/2566/5265 2360/2568/5266
f 2359/2567/5267 2360/2568/5268 2361/2569/5269
f 2362/2570/5270 2361/2569/5269 2360/2568/5268
f 2361/2569/5271 2362/2570/5272 2363/2571/5273
f 2364/2572/5274 2365/2573/5275 2366/2574/5276
f 2365/2573/5277 2367/2575/5278 2366/2574/5279
f 2365/2573/5280 2364/2572/5281 2368/2576/5282
f 2367/2575/5283 2365/2573/5284 2369/2577/5285
f 2370/2578/5286 2368/2576/5282 2364/2572/5281
f 2368/2576/5282 2370/2578/5286 2371/2579/5287
f 2372/2580/5288 2371/2579/5287 2370/2578/5286
f 2370/2578/5289 2373/2581/5290 2372/2580/5291
f 2378/2582/5292 2376/2583/5293 2374/2584/5294
f 2375/2585/5295 2379/2586/5296 2377/2587/5297
f 2378/2582/5298 2380/2588/5299 2376/2583/5300
f 2379/2586/5301 2375/2585/5302 2381/2589/5303
f 2382/2590/5304 2380/2588/5305 2378/2582/5306
f 2381/2589/5307 2382/2590/5308 2379/2586/5309
f 2382/2590/5310 2383/2591/5311 2380/2588/5312
f 2382/2590/5308 2381/2589/5307 2383/2591/5313
f 2384/2592/5314 2385/2593/5315 2386/2594/5316
f 2387/2595/5317 2384/2592/5318 2386/2594/5319
f 2385/2593/5315 2384/2592/5314 2388/2596/5320
f 2384/2592/5321 2387/2595/5322 2389/2597/5323
f 2388/2596/5320 2390/2598/5324 2385/2593/5315
f 2390/2598/5324 2388/2596/5320 2391/2599/5325
f 2390/2598/5324 2391/2599/5325 2392/2600/5326
f 2390/2598/5327 2392/2600/5328 2393/2601/5329
f 2397/2602/5330 2395/2603/5331 2394/2604/5332
f 2395/2603/5333 2397/2602/5334 2399/2605/5335
f 2398/2606/5336 2400/2607/5337 2396/2608/5338
f 2401/2609/5339 2399/2605/5340 2397/2602/5341
f 2400/2607/5342 2398/2606/5343 2402/2610/5344
f 2402/2610/5345 2401/2609/5346 2400/2607/5347
f 2399/2605/5348 2401/2609/5349 2403/2611/5350
f 2401/2609/5351 2402/2610/5352 2403/2611/5353
f 2404/2612/5354 2405/2613/5355 2406/2614/5356
f 2405/2613/5357 2407/2615/5358 2406/2614/5359
f 2408/2616/5360 2405/2613/5361 2404/2612/5362
f 2405/2613/5363 2409/2617/5364 2407/2615/5365
f 2405/2613/5366 2408/2616/5367 2410/2618/5368
f 2409/2617/5369 2405/2613/5370 2411/2619/5371
f 2412/2620/5372 2405/2613/5373 2410/2618/5374
f 2405/2613/5375 2413/2621/5376 2411/2619/5377
f 2405/2613/5378 2412/2620/5379 2414/2622/5380
f 2413/2621/5381 2405/2613/5382 2415/2623/5383
f 2405/2613/5384 2414/2622/5385 2416/2624/5386
f 2415/2623/5387 2405/2613/5388 2416/2624/5389
f 2419/2625/5390 2418/2626/5391 2417/2627/5392
f 2418/2626/5393 2419/2625/5394 2420/2628/5395
f 2421/2629/5396 2420/2628/5397 2419/2625/5398
f 2420/2628/5399 2421/2629/5400 2422/2630/5401
f 2423/2631/5402 2424/2632/5403 2425/2633/5404
f 2425/2633/5405 2424/2632/5406 2426/2634/5407
f 2425/2633/5408 2427/2635/5409 2423/2631/5410
f 2427/2635/5411 2425/2633/5412 2428/2636/5413
f 2428/2636/5414 2429/2637/5415 2427/2635/5416
f 2427/2635/5417 2429/2637/5418 2430/2638/5419
f 2429/2637/5420 2428/2636/5421 2431/2639/5422
f 2428/2636/5423 2432/2640/5424 2431/2639/5425
f 2428/2636/5426 2433/2641/5427 2432/2640/5428
f 2434/2642/5429 2435/2643/5430 2436/2644/5431
f 2435/2643/5432 2434/2642/5433 2437/2645/5434
f 2438/2646/5435 2435/2643/5436 2437/2645/5437
f 2435/2643/5438 2438/2646/5439 2439/2647/5440
f 2438/2646/5441 2440/2648/5442 2441/2649/5443
f 2442/2650/5444 2438/2646/5445 2441/2649/5446
f 2439/2647/5447 2438/2646/5448 2442/2650/5449
f 2439/2647/5450 2442/2650/5451 2443/2651/5452
f 2444/2652/5453 2439/2647/5454 2443/2651/5455
f 2445/2653/5456 2446/2654/5457 2447/2655/5458
f 2445/2653/5459 2448/2656/5460 2446/2654/5457
f 2448/2656/5461 2449/2657/5462 2446/2654/5463
f 2448/2656/5461 2450/2658/5464 2449/2657/5462
f 2450/2658/5465 2451/2659/5466 2449/2657/5467
f 2450/2658/5465 2452/2660/5468 2451/2659/5466
f 2453/2661/5469 2454/2662/5470 2455/2663/5471
f 2456/2664/5472 2453/2661/5469 2457/2665/5473
f 2453/2661/5469 2456/2664/5472 2458/2666/5474
f 2453/2661/5469 2459/2667/5475 2454/2662/5470
f 2458/2666/5474 2459/2667/5475 2453/2661/5469
f 2459/2667/5475 2458/2666/5474 2460/2668/5471
f 2459/2667/5475 2461/2669/5476 2454/2662/5470
f 2461/2669/5476 2459/2667/5475 2462/2670/5471
f 2463/2671/5477 2464/2672/5478 2465/2673/5479
f 2465/2673/5480 2464/2672/5481 2466/2674/5482
f 2465/2673/5483 2467/2675/5484 2463/2671/5485
f 2467/2675/5486 2465/2673/5487 2468/2676/5488
f 2468/2676/5489 2469/2677/5490 2470/2678/5491
f 2468/2676/5492 2470/2678/5493 2471/2626/5494
f 2471/2626/5495 2467/2675/5496 2468/2676/5497
f 2467/2675/5498 2471/2626/5499 2472/2628/5500
f 2467/2675/5501 2472/2628/5502 2473/2630/5503
f 2474/2679/5504 2475/2680/5505 2476/2681/5506
f 2475/2680/5507 2474/2679/5508 2477/2682/5509
f 2478/2683/5510 2475/2680/5511 2477/2682/5512
f 2475/2680/5513 2478/2683/5514 2479/2684/5515
f 2478/2683/5516 2480/2660/5517 2481/2658/5518
f 2487/2685/5519 2485/2686/5520 2483/2687/5521
f 2484/2688/5522 2488/2689/5523 2486/2690/5524
f 2489/2691/5525 2485/2686/5526 2487/2685/5527
f 2488/2689/5528 2484/2688/5529 2490/2692/5530
f 2487/2685/5531 2491/2693/5532 2489/2691/5533
f 2490/2692/5534 2492/2694/5535 2488/2689/5536
f 2491/2693/5537 2487/2685/5538 2492/2694/5539
f 2492/2694/5535 2490/2692/5534 2491/2693/5540
f 2493/2695/5541 2494/2696/5542 2495/2697/5543
f 2494/2696/5544 2496/2698/5545 2495/2697/5546
f 2494/2696/5547 2493/2695/5548 2497/2699/5549
f 2496/2698/5550 2494/2696/5551 2498/2700/5552
f 2499/2701/5553 2497/2699/5549 2493/2695/5548
f 2497/2699/5554 2499/2701/5555 2500/2702/5556
f 2501/2703/5557 2500/2702/5558 2499/2701/5559
f 2499/2701/5560 2502/2704/5561 2501/2703/5562
f 2506/2705/5563 2504/2706/5564 2503/2707/5565
f 2504/2706/5566 2506/2705/5567 2508/2708/5568
f 2507/2709/5569 2509/2710/5570 2505/2711/5571
f 2510/2712/5572 2508/2708/5573 2506/2705/5574
f 2509/2710/5575 2507/2709/5576 2511/2713/5577
f 2508/2708/5578 2510/2712/5579 2512/2714/5580
f 2509/2710/5581 2512/2714/5582 2510/2712/5583
f 2512/2714/5584 2509/2710/5585 2511/2713/5586
f 2513/2715/5587 2514/2716/5588 2515/2717/5589
f 2516/2718/5590 2513/2715/5591 2515/2717/5592
f 2514/2716/5588 2513/2715/5587 2517/2719/5593
f 2513/2715/5594 2516/2718/5595 2518/2720/5596
f 2517/2719/5593 2519/2721/5597 2514/2716/5588
f 2519/2721/5597 2517/2719/5593 2520/2722/5598
f 2519/2721/5599 2520/2722/5600 2521/2723/5601
f 2519/2721/5602 2521/2723/5603 2522/2724/5604
f 3269/2725/5605 3270/2726/5606 3271/2727/5607
f 3270/2726/5606 3269/2725/5605 3272/2728/5608
f 3273/2729/5609 3274/2730/1452 3275/2731/1452
f 3274/2730/1452 3273/2729/5609 3276/2732/1452
f 3277/2733/5610 3278/2734/5611 3279/2735/5612
f 3278/2734/5611 3277/2733/5610 3280/2736/5612
f 3281/2737/1254 3282/2738/1254 3283/2739/1254
f 3282/2738/1254 3281/2737/1254 3284/2740/1254
f 3285/2741/1254 3286/2742/1254 3287/2743/1254
f 3287/2743/1254 3288/2744/1254 3285/2741/1254
f 3289/2745/1254 3290/2746/1254 3291/2747/1254
f 3289/2745/1254 3291/2747/1254 3292/2748/1254
f 3293/2749/5613 3294/2750/5614 3295/2751/5615
f 3295/2751/5615 3296/2752/5614 3293/2749/5613
f 3297/2753/5616 3298/2754/5616 3299/2755/5616
f 3298/2754/5616 3300/2756/5616 3299/2755/5616
f 3301/2757/5617 3302/2758/5618 3303/2759/5619
f 3302/2758/5618 3304/2760/5620 3303/2759/5619
f 3305/2761/1374 3306/2762/1374 3307/2763/1374
f 3307/2763/1374 3308/2764/1374 3305/2761/1374
f 3309/2765/1374 3310/2766/1374 3311/2767/1374
f 3310/2766/1374 3309/2765/1374 3312/2768/1374
f 3313/2769/1374 3314/2770/1374 3315/2771/1374
f 3314/2770/1374 3313/2769/1374 3316/2772/1374
usemtl Meshpart8Mtl.001
f 2783/2773/5621 2784/2774/5622 2785/2775/1148
f 2785/2775/1148 2786/2776/1148 2783/2773/5623
f 2783/2773/5624 2787/2777/5625 2784/2774/5625
f 2788/2778/5626 2784/2774/5627 2787/2777/5625
f 2788/2778/5628 2787/2777/5628 2789/2779/5628
f 2789/2779/5628 2790/2780/5629 2788/2778/5630
f 2790/2780/5631 2789/2779/5631 2791/2781/5632
f 2791/2781/5633 2792/2782/5634 2790/2780/5631
f 2793/2783/5635 2794/2775/5636 2795/2784/5637
f 2796/2776/5636 2794/2775/5636 2793/2783/5635
f 2797/2785/5638 2798/2786/5638 2799/2787/5638
f 2799/2787/5638 2800/2788/5638 2797/2785/5638
f 2801/2789/1148 2802/2790/1148 2803/2791/1148
f 2802/2790/1148 2801/2789/1148 2804/2792/1148
f 2806/2793/5639 2805/2794/5640 2807/2795/5641
f 2807/2795/5642 2808/2796/5643 2806/2793/5640
f 2808/2796/5644 2807/2795/5645 2809/2797/5646
f 2810/2798/5646 2808/2796/5647 2809/2797/5648
f 2810/2798/5649 2809/2797/5650 2811/2799/1148
f 2811/2799/1148 2812/2800/1148 2810/2798/5651
f 2813/2801/1148 2814/2802/1148 2815/2803/1148
f 2813/2801/1148 2816/2804/1148 2814/2802/1148
f 2816/2804/1148 2813/2801/1148 2817/2805/1148
f 2818/2806/5652 2819/2807/5653 2820/2808/5654
f 2819/2807/5655 2818/2806/5656 2821/2809/5657
f 2820/2808/5658 2822/2810/5659 2818/2806/5660
f 2821/2809/5661 2823/2811/5657 2819/2807/5662
f 2823/2811/5663 2821/2809/5664 2824/2812/5665
f 2825/2813/5665 2823/2811/5666 2824/2812/5667
f 2826/2814/1148 2827/2815/1148 2828/2816/1148
f 2827/2815/1148 2826/2814/1148 2829/2817/1148
f 2829/2817/1148 2826/2814/1148 2830/2818/1148
f 2829/2817/1148 2831/2819/1148 2827/2815/1148
f 2827/2815/1148 2831/2819/1148 2832/2820/1148
f 2831/2819/1148 2829/2817/1148 2833/2821/1148
f 2834/2822/5668 2835/2823/5669 2836/2824/5670
f 2837/2825/5671 2836/2824/5670 2835/2823/5672
f 2836/2824/5673 2837/2825/5674 2838/2826/5675
f 2839/2827/5676 2838/2826/5677 2837/2825/5678
f 2840/2828/1209 2841/2829/1209 2842/2830/1209
f 2843/2831/1209 2842/2830/1209 2841/2829/1209
f 2844/2832/1209 2845/2833/1209 2846/2834/1209
f 2844/2832/1209 2846/2834/1209 2847/2835/1209
f 2848/2836/1209 2849/2837/1209 2850/2838/1209
f 2851/2839/1209 2850/2838/1209 2849/2837/1209
f 2852/2840/1209 2853/2841/5679 2854/2842/1209
f 2855/2843/1477 2854/2842/1209 2853/2841/5680
f 2858/2844/1219 2857/2845/5681 2856/2846/5675
f 2857/2845/5682 2858/2844/1219 2859/2824/1219
f 2860/2847/5683 2859/2824/5684 2858/2844/5684
f 2859/2824/5684 2860/2847/5685 2861/2848/5686
f 2864/2849/5687 2863/2850/5688 2862/2851/5665
f 2863/2850/5689 2864/2849/5690 2865/2852/5691
f 2869/2853/5692 2870/2854/5693 2866/2855/1270
f 2868/2856/5694 2871/2857/5695 2867/2858/5696
f 2871/2857/5697 2868/2856/1366 2870/2854/5698
f 2870/2854/5693 2869/2853/5699 2871/2857/5700
f 2872/2859/5701 2873/2860/5702 2874/2861/5703
f 2872/2859/5701 2874/2861/5703 2875/2862/5704
f 2876/2863/1254 2877/2864/1254 2878/2865/1254
f 2877/2864/1254 2879/2866/1254 2878/2865/1254
f 2880/2867/1254 2876/2863/1254 2878/2865/1254
f 2879/2866/1254 2877/2864/1254 2881/2868/1254
f 2881/2868/1254 2877/2864/1254 2882/2869/1254
f 2881/2868/1254 2882/2869/1254 2883/2870/1254
f 2883/2870/1254 2882/2869/1254 2884/2871/1254
f 2884/2871/1254 2885/2872/1254 2883/2870/1254
f 2884/2871/1254 2886/2873/1254 2885/2872/1254
f 2885/2872/1254 2886/2873/1254 2887/2874/1254
f 2888/2875/1254 2887/2874/1254 2886/2873/1254
f 2887/2874/1254 2888/2875/1254 2889/2876/1254
f 2890/2877/1254 2889/2876/1254 2888/2875/1254
f 2889/2876/1254 2890/2877/1254 2891/2878/1254
f 2891/2878/1254 2892/2879/1254 2889/2876/1254
f 2893/2880/1254 2891/2878/1254 2890/2877/1254
f 2893/2880/1254 2890/2877/1254 2894/2881/1254
f 2876/2863/1254 2880/2867/1254 2894/2881/1254
f 2894/2881/1254 2880/2867/1254 2893/2880/1254
f 2893/2880/1254 2880/2867/1254 2895/2882/1254
f 2896/2883/1254 2893/2880/1254 2895/2882/1254
f 2893/2880/5705 2897/2860/5706 2898/2859/5707
f 2893/2880/5705 2899/2884/5708 2897/2860/5709
f 2893/2880/1254 2896/2883/1254 2899/2884/5710
f 2899/2884/5710 2896/2883/1254 2900/2885/1254
f 2901/2886/1254 2900/2885/1254 2896/2883/1254
f 2900/2885/1254 2901/2886/1254 2902/2887/1254
f 2903/2888/1254 2899/2884/5710 2900/2885/1254
f 2899/2884/5711 2903/2888/1254 2904/2889/1254
f 2904/2889/1254 2903/2888/1254 2905/2890/1254
f 2905/2890/1254 2903/2888/1254 2906/2891/1254
f 2903/2888/1254 2907/2892/1254 2906/2891/1254
f 2907/2892/1254 2903/2888/1254 2908/2893/1254
f 2909/2894/5712 2910/2895/5713 2911/2896/5714
f 2912/2897/5715 2911/2896/5714 2910/2895/5713
f 2911/2896/5716 2912/2897/5717 2913/2898/5718
f 2914/2899/5718 2913/2898/5718 2912/2897/5717
f 2915/2900/5719 2916/2901/5720 2917/2902/5698
f 2915/2900/5721 2917/2902/5698 2918/2854/5698
f 2918/2854/5693 2917/2902/5693 2919/2903/5722
f 2918/2854/5693 2919/2903/5723 2920/2904/1270
f 2921/2905/1315 2922/2906/1315 2923/2907/1315
f 2922/2906/1315 2921/2905/1315 2924/2908/1315
f 2925/2909/1315 2923/2907/1315 2922/2906/1315
f 2921/2905/1315 2926/2910/1315 2924/2908/1315
f 2923/2907/1315 2925/2909/1315 2927/2911/1315
f 2921/2905/1315 2928/2912/1315 2926/2910/1315
f 2925/2909/1315 2929/2913/1315 2927/2911/1315
f 2930/2914/1315 2926/2910/1315 2928/2912/1315
f 2929/2913/1315 2925/2909/1315 2931/2915/1315
f 2928/2912/1315 2932/2916/1315 2930/2914/1315
f 2933/2917/1315 2929/2913/1315 2931/2915/1315
f 2934/2918/1315 2930/2914/1315 2932/2916/1315
f 2933/2917/1315 2931/2915/1315 2935/2919/1315
f 2930/2914/1315 2934/2918/1315 2936/2920/1315
f 2933/2917/1315 2936/2920/1315 2934/2918/1315
f 2936/2920/1315 2933/2917/1315 2935/2919/1315
f 2937/2906/5724 2940/2915/5725 2938/2909/5726
f 2937/2906/5727 2941/2919/5728 2940/2915/5729
f 2941/2919/5730 2937/2906/5731 2939/2908/5732
f 2942/2910/5733 2941/2919/5734 2939/2908/5735
f 2941/2919/5736 2942/2910/5737 2943/2920/5738
f 2943/2920/5739 2942/2910/5740 2944/2914/5741
f 2945/2921/1315 2946/2922/1315 2947/2923/1315
f 2946/2922/1315 2945/2921/1315 2948/2924/1315
f 2946/2922/1315 2948/2924/1315 2949/2925/1315
f 2950/2926/5742 2951/2793/5743 2952/2794/5744
f 2951/2793/5745 2950/2926/5746 2953/2927/5747
f 2954/2928/5748 2955/2929/5749 2956/2930/5750
f 2955/2929/5751 2957/2931/5752 2956/2930/5748
f 2958/2932/5753 2954/2928/5754 2956/2930/5755
f 2954/2928/5756 2958/2932/5757 2959/2933/5753
f 2962/2783/1315 2961/2773/5758 2960/2774/5759
f 2961/2773/5760 2962/2783/1315 2963/2776/1315
f 2962/2783/1315 2960/2774/5761 2964/2784/1315
f 2964/2784/1315 2960/2774/5762 2965/2775/1315
f 2968/2934/5763 2967/2935/5764 2966/2936/5765
f 2967/2935/5766 2968/2934/5767 2969/2937/5768
f 2970/2796/5769 2969/2937/5770 3317/2937/5771 3318/2796/5772
f 2970/2796/5773 2971/2795/5774 3322/2795/5775 3321/2796/5776
f 2972/2938/1315 2971/2795/5777 2970/2796/5778
f 2971/2795/5779 2972/2938/1315 2973/2939/1315
f 2974/2940/1315 2975/2941/1315 2976/2942/1315
f 2975/2941/1315 2974/2940/1315 2977/2943/1315
f 2978/2779/5780 2979/2778/5781 2980/2777/5782
f 2979/2778/5782 2978/2779/5783 2981/2780/5780
f 2982/2781/1315 2981/2780/5784 2978/2779/5785
f 2981/2780/5786 2982/2781/1315 2983/2782/1315
f 2986/2944/1360 2985/2945/5787 2984/2946/5788
f 2986/2944/1360 2984/2946/5789 2987/2947/1360
f 2989/2948/5790 2990/2949/5791 2988/2950/5792
f 2990/2949/5793 2989/2948/1420 2991/2951/5794
f 2991/2951/5795 2992/2952/5796 2990/2949/5797
f 2992/2952/5798 2991/2951/5795 2993/2953/1299
f 2995/2954/5799 2994/2955/5744 2996/2956/5800
f 2997/2957/5801 2995/2954/5744 2996/2956/5802
f 2997/2957/5803 2996/2956/5804 2998/2958/5805
f 2998/2958/5806 2999/2959/5807 2997/2957/5808
f 3001/2960/5809 3000/2961/5810 3003/2962/5811
f 3004/2963/5812 3002/2964/5813 3005/2965/5814
f 3005/2965/5814 3006/2966/5814 3004/2963/5815
f 3003/2962/5816 3007/2967/5817 3001/2960/5818
f 3003/2962/5819 3008/2968/1360 3007/2967/5820
f 3008/2968/1360 3009/2969/1360 3007/2967/5821
f 3012/2951/5795 3011/2970/5822 3010/2971/5823
f 3012/2951/5795 3013/2972/5795 3011/2970/5824
f 3014/2973/5825 3013/2972/5794 3012/2951/5794
f 3014/2973/5826 3015/2974/5827 3013/2972/5794
f 3016/2975/5828 3018/2976/5829 3017/2977/5830
f 3018/2976/5831 3019/2978/5832 3017/2977/5828
f 3020/2979/5833 3021/2980/5834 3022/2981/5835
f 3021/2980/5834 3023/2982/5836 3022/2981/5835
f 3024/2983/1360 3025/2984/1360 3026/2985/1360
f 3024/2983/1360 3026/2985/1360 3027/2986/1360
f 3028/2987/1360 3029/2988/1360 3030/2989/1360
f 3031/2990/1360 3030/2989/1360 3029/2988/1360
f 3032/2991/5837 3033/2992/5838 3034/2993/5839
f 3033/2992/5838 3035/2994/5837 3034/2993/5839
f 3036/2995/5840 3037/2996/5841 3038/2997/1367
f 3037/2996/5841 3036/2995/5842 3039/2998/5843
f 3039/2998/5844 3040/2999/1389 3037/2996/1388
f 3040/2999/5845 3039/2998/5846 3041/3000/5847
f 3042/3001/5848 3043/3002/5849 3044/3003/5850
f 3045/3004/5851 3043/3002/5849 3042/3001/5848
f 3046/3005/5852 3044/3003/5850 3043/3002/5849
f 3043/3002/5849 3045/3004/5851 3047/3006/5853
f 3046/3005/5852 3048/3007/5854 3044/3003/5850
f 3045/3004/5851 3049/3008/5855 3047/3006/5853
f 3048/3007/5854 3046/3005/5852 3049/3008/5855
f 3049/3008/5855 3045/3004/5851 3048/3007/5854
f 3050/3009/5856 3051/3010/5857 3052/3006/5858
f 3053/3002/5859 3052/3006/5858 3051/3010/5857
f 3050/3009/5860 3054/3011/1374 3051/3010/1374
f 3054/3011/1374 3050/3009/5860 3055/3012/1374
f 3055/3012/1374 3056/3013/1374 3054/3011/1374
f 3055/3012/1374 3057/3014/1374 3056/3013/1374
f 3051/3010/1374 3054/3011/1374 3058/3015/1374
f 3059/3016/1374 3055/3012/1374 3050/3009/5860
f 3060/3017/1374 3051/3010/1374 3058/3015/1374
f 3050/3009/5860 3061/3018/1374 3059/3016/1374
f 3062/3019/1374 3059/3016/1374 3061/3018/1374
f 3063/3020/1374 3059/3016/1374 3062/3019/1374
f 3064/3021/1374 3059/3016/1374 3063/3020/1374
f 3059/3016/1374 3064/3021/1374 3065/3022/1374
f 3060/3017/1374 3066/3023/1374 3051/3010/1374
f 3067/3024/1374 3066/3023/1374 3060/3017/1374
f 3068/3025/1374 3051/3010/1374 3066/3023/1374
f 3069/3026/1374 3067/3024/1374 3060/3017/1374
f 3051/3010/1374 3068/3025/1374 3070/3027/1374
f 3067/3024/1374 3069/3026/1374 3071/3028/1374
f 3069/3026/1374 3072/3029/1374 3071/3028/1374
f 3073/3030/1374 3071/3028/1374 3072/3029/1374
f 3071/3028/1374 3073/3030/1374 3074/3031/1374
f 3075/3032/1374 3074/3031/1374 3073/3030/1374
f 3074/3031/1374 3075/3032/1374 3076/3033/1374
f 3076/3033/1374 3075/3032/1374 3077/3034/1374
f 3078/3035/1374 3076/3033/1374 3077/3034/1374
f 3078/3035/1374 3077/3034/1374 3079/3036/1374
f 3080/3037/1374 3078/3035/1374 3079/3036/1374
f 3078/3035/1374 3080/3037/1374 3081/3038/1374
f 3082/3039/1374 3081/3038/1374 3080/3037/1374
f 3082/3039/1374 3068/3025/1374 3081/3038/1374
f 3070/3027/1374 3068/3025/1374 3082/3039/1374
f 3070/3027/1374 3082/3039/1374 3083/3040/1374
f 3086/2996/5841 3085/3041/5861 3084/3042/5862
f 3086/2996/5841 3087/3043/5841 3085/3041/5863
f 3089/3044/5864 3087/3043/1388 3086/2996/1388
f 3089/3044/5865 3088/3045/5866 3087/3043/1388
f 3090/3003/1374 3091/3007/1374 3092/3004/1374
f 3090/3003/1374 3092/3004/1374 3093/3001/1374
f 3094/3046/1374 3095/3047/1374 3096/3048/1374
f 3095/3047/1374 3094/3046/1374 3097/3049/1374
f 3318/2796/5867 3317/2937/5868 3319/2934/5869
f 3321/2796/5872 3322/2795/5873 3325/2795/5874 3324/2796/5875
f 2969/2937/5876 2970/2796/5773 3321/2796/5776 3320/2937/5877
f 3324/2796/5773 3325/2795/5774 3328/2795/5775 3327/2796/5776
f 3320/2937/5878 3321/2796/5872 3324/2796/5875 3323/2937/5879
f 3326/2937/5880 3327/2796/5881 3328/2795/5882
f 3323/2937/5876 3324/2796/5773 3327/2796/5776 3326/2937/5877
f 3330/2937/5883 3329/2934/5884 3331/2934/5885 3332/2937/5886
f 3317/2937/5771 2969/2937/5770 3330/2937/5883 3332/2937/5886
f 2969/2937/5770 2968/2934/5887 3329/2934/5888 3330/2937/5883
f 3319/2934/5889 3317/2937/5771 3332/2937/5886 3331/2934/5890
l 16 17
l 26 27
l 58 59
l 69 70
l 96 97
l 3098 3099
l 3124 3125
l 3167 3168
l 3177 3178
l 121 122
l 3179 3180
l 3179 3182
l 3189 3190
l 3191 3192
l 3209 3210
l 3211 3212
l 340 341
l 370 371
l 385 386
l 443 444
l 443 446
l 2 3
l 23 24
l 52 54
l 57 58
l 65 67
l 65 68
l 3109 3110
l 3112 3114
l 3115 3116
l 3143 3144
l 110 112
l 122 123
l 141 142
l 3180 3181
l 3215 3216
l 162 163
l 280 282
l 346 347
l 371 372
l 446 447
l 545 546
l 547 548
l 567 568
l 1317 1318
l 1317 1319
l 1331 1334
l 3 5
l 20 21
l 56 57
l 63 64
l 63 87
l 103 105
l 107 109
l 107 108
l 159 162
l 163 164
l 163 165
l 202 203
l 278 280
l 442 443
l 444 447
l 447 448
l 1332 1333
l 1318 1323
l 4 6
l 15 16
l 15 18
l 18 19
l 21 22
l 19 25
l 55 56
l 64 66
l 66 68
l 85 86
l 62 85
l 3111 3112
l 3111 3113
l 3141 3142
l 3141 3144
l 101 102
l 3181 3183
l 3190 3191
l 3194 3196
l 3210 3211
l 438 441
l 441 445
l 445 448
l 568 569
l 1319 1320
l 2479 2482
